dataset,num_and_cat,model_score,instance_certainty_clf,lux_conf_ablation,lux_conf_pure,lux_conf_proba,lux_conf_shap
yeast,knn-nosuite,0.5929919137466307,0.8,0.9259259259259259,0.0,0.0,0.973404255319149
yeast,knn-nosuite,0.5929919137466307,1.0,0.9318181818181819,0.0,0.0,1.0
yeast,knn-nosuite,0.5929919137466307,0.6,0.8837209302325582,0.0,0.0,0.9937888198757763
yeast,knn-nosuite,0.5929919137466307,0.6,1.0,0.0,0.0,0.9939024390243902
yeast,knn-nosuite,0.5929919137466307,0.6,1.0,0.0,0.0,0.9915966386554622
yeast,knn-nosuite,0.5929919137466307,0.4,0.875,0.0,0.0,0.9960629921259843
yeast,knn-nosuite,0.5929919137466307,0.6,0.8367346938775511,0.0,0.0,0.9185185185185185
yeast,knn-nosuite,0.5929919137466307,0.4,0.9285714285714286,0.0,0.0,0.855595667870036
yeast,knn-nosuite,0.5929919137466307,0.4,1.0,0.0,0.0,0.967741935483871
yeast,knn-nosuite,0.5929919137466307,0.8,1.0,0.0,0.0,0.9896907216494846
yeast,knn-nosuite,0.5929919137466307,0.6,1.0,0.0,0.0,0.9955752212389382
yeast,knn-nosuite,0.5929919137466307,0.6,0.8666666666666668,0.0,0.0,0.9840425531914894
yeast,knn-nosuite,0.5929919137466307,0.6,0.962962962962963,0.0,0.0,1.0
yeast,knn-nosuite,0.5929919137466307,0.6,0.9830508474576272,0.0,0.0,1.0
yeast,knn-nosuite,0.5929919137466307,0.6,1.0,0.0,0.0,0.9924812030075187
yeast,knn-nosuite,0.5929919137466307,0.8,0.8985507246376813,0.0,0.0,0.986111111111111
yeast,knn-nosuite,0.5929919137466307,0.8,0.8947368421052632,0.0,0.0,0.975609756097561
yeast,knn-nosuite,0.5929919137466307,0.6,0.9565217391304348,0.0,0.0,1.0
yeast,knn-nosuite,0.5929919137466307,0.6,1.0,0.0,0.0,0.8648648648648649
yeast,knn-nosuite,0.5929919137466307,0.8,1.0,0.0,0.0,1.0
yeast,knn-nosuite,0.5929919137466307,0.6,0.8,0.0,0.0,0.9947643979057592
yeast,knn-nosuite,0.5929919137466307,0.8,0.9230769230769231,0.0,0.0,0.9380952380952381
yeast,knn-nosuite,0.5929919137466307,0.6,1.0,0.0,0.0,0.9948186528497409
yeast,knn-nosuite,0.5929919137466307,0.6,0.967741935483871,0.0,0.0,0.8854166666666666
yeast,knn-nosuite,0.5929919137466307,0.4,1.0,0.0,0.0,0.959409594095941
yeast,knn-nosuite,0.5929919137466307,0.6,0.8,0.0,0.0,1.0
yeast,knn-nosuite,0.5929919137466307,0.6,0.875,0.0,0.0,0.9226190476190477
yeast,knn-nosuite,0.5929919137466307,0.8,0.8333333333333334,0.0,0.0,0.9565217391304348
yeast,knn-nosuite,0.5929919137466307,0.8,0.8333333333333334,0.0,0.0,0.988795518207283
yeast,knn-nosuite,0.5929919137466307,0.6,0.7142857142857143,0.0,0.0,0.9429657794676805
yeast,knn-nosuite,0.5929919137466307,1.0,1.0,0.0,0.0,0.96875
yeast,knn-nosuite,0.5929919137466307,0.8,1.0,0.0,0.0,0.9815950920245399
yeast,knn-nosuite,0.5929919137466307,0.6,0.9268292682926831,0.0,0.0,0.9542483660130718
yeast,knn-nosuite,0.5929919137466307,0.8,0.9423076923076923,0.0,0.0,1.0
yeast,knn-nosuite,0.5929919137466307,0.8,0.9487179487179487,0.0,0.0,0.9952153110047848
yeast,knn-nosuite,0.5929919137466307,0.6,0.8,0.0,0.0,1.0
yeast,knn-nosuite,0.5929919137466307,1.0,0.96,0.0,0.0,0.9876543209876543
yeast,knn-nosuite,0.5929919137466307,1.0,1.0,0.0,0.0,1.0
yeast,knn-nosuite,0.5929919137466307,0.6,0.8,0.0,0.0,0.994475138121547
yeast,knn-nosuite,0.5929919137466307,0.6,0.8333333333333334,0.0,0.0,1.0
yeast,knn-nosuite,0.5929919137466307,0.6,0.82,0.0,0.0,0.9716494845360824
yeast,knn-nosuite,0.5929919137466307,0.6,0.9230769230769231,0.0,0.0,0.8804347826086957
yeast,knn-nosuite,0.5929919137466307,0.6,1.0,0.0,0.0,0.8828125
yeast,knn-nosuite,0.5929919137466307,0.6,0.9512195121951219,0.0,0.0,0.9343065693430657
yeast,knn-nosuite,0.5929919137466307,0.6,0.9696969696969697,0.0,0.0,1.0
yeast,knn-nosuite,0.5929919137466307,0.4,0.96875,0.0,0.0,0.9864864864864865
yeast,knn-nosuite,0.5929919137466307,0.6,0.6666666666666666,0.0,0.0,0.9548022598870055
yeast,knn-nosuite,0.5929919137466307,1.0,1.0,0.0,0.0,0.9789915966386553
yeast,knn-nosuite,0.5929919137466307,1.0,1.0,0.0,0.0,0.990990990990991
yeast,knn-nosuite,0.5929919137466307,0.8,0.9259259259259259,0.0,0.0,0.973404255319149
yeast,knn-nosuite,0.5929919137466307,1.0,0.9318181818181819,0.0,0.0,1.0
yeast,knn-nosuite,0.5929919137466307,0.6,0.8837209302325582,0.0,0.0,0.9937888198757763
yeast,knn-nosuite,0.5929919137466307,0.6,1.0,0.0,0.0,0.9939024390243902
yeast,knn-nosuite,0.5929919137466307,0.6,1.0,0.0,0.0,0.9915966386554622
yeast,knn-nosuite,0.5929919137466307,0.4,0.875,0.0,0.0,0.9960629921259843
yeast,knn-nosuite,0.5929919137466307,0.6,0.8367346938775511,0.0,0.0,0.9185185185185185
yeast,knn-nosuite,0.5929919137466307,0.4,0.9285714285714286,0.0,0.0,0.855595667870036
yeast,knn-nosuite,0.5929919137466307,0.4,1.0,0.0,0.0,0.967741935483871
yeast,knn-nosuite,0.5929919137466307,0.8,1.0,0.0,0.0,0.9896907216494846
yeast,knn-nosuite,0.5929919137466307,0.6,1.0,0.0,0.0,0.9955752212389382
yeast,knn-nosuite,0.5929919137466307,0.6,0.8666666666666668,0.0,0.0,0.9840425531914894
yeast,knn-nosuite,0.5929919137466307,0.6,0.962962962962963,0.0,0.0,1.0
yeast,knn-nosuite,0.5929919137466307,0.6,0.9830508474576272,0.0,0.0,1.0
yeast,knn-nosuite,0.5929919137466307,0.6,1.0,0.0,0.0,0.9924812030075187
yeast,knn-nosuite,0.5929919137466307,0.8,0.8985507246376813,0.0,0.0,0.986111111111111
yeast,knn-nosuite,0.5929919137466307,0.8,0.8947368421052632,0.0,0.0,0.975609756097561
yeast,knn-nosuite,0.5929919137466307,0.6,0.9565217391304348,0.0,0.0,1.0
yeast,knn-nosuite,0.5929919137466307,0.6,1.0,0.0,0.0,0.8648648648648649
yeast,knn-nosuite,0.5929919137466307,0.8,1.0,0.0,0.0,1.0
yeast,knn-nosuite,0.5929919137466307,0.6,0.8,0.0,0.0,0.9947643979057592
yeast,knn-nosuite,0.5929919137466307,0.8,0.9230769230769231,0.0,0.0,0.9380952380952381
yeast,knn-nosuite,0.5929919137466307,0.6,1.0,0.0,0.0,0.9948186528497409
yeast,knn-nosuite,0.5929919137466307,0.6,0.967741935483871,0.0,0.0,0.8854166666666666
yeast,knn-nosuite,0.5929919137466307,0.4,1.0,0.0,0.0,0.959409594095941
yeast,knn-nosuite,0.5929919137466307,0.6,0.8,0.0,0.0,1.0
yeast,knn-nosuite,0.5929919137466307,0.6,0.875,0.0,0.0,0.9226190476190477
yeast,knn-nosuite,0.5929919137466307,0.8,0.8333333333333334,0.0,0.0,0.9565217391304348
yeast,knn-nosuite,0.5929919137466307,0.8,0.8333333333333334,0.0,0.0,0.988795518207283
yeast,knn-nosuite,0.5929919137466307,0.6,0.7142857142857143,0.0,0.0,0.9429657794676805
yeast,knn-nosuite,0.5929919137466307,1.0,1.0,0.0,0.0,0.96875
yeast,knn-nosuite,0.5929919137466307,0.8,1.0,0.0,0.0,0.9815950920245399
yeast,knn-nosuite,0.5929919137466307,0.6,0.9268292682926831,0.0,0.0,0.9542483660130718
yeast,knn-nosuite,0.5929919137466307,0.8,0.9423076923076923,0.0,0.0,1.0
yeast,knn-nosuite,0.5929919137466307,0.8,0.9487179487179487,0.0,0.0,0.9952153110047848
yeast,knn-nosuite,0.5929919137466307,0.6,0.8,0.0,0.0,1.0
yeast,knn-nosuite,0.5929919137466307,1.0,0.96,0.0,0.0,0.9876543209876543
yeast,knn-nosuite,0.5929919137466307,1.0,1.0,0.0,0.0,1.0
yeast,knn-nosuite,0.5929919137466307,0.6,0.8,0.0,0.0,0.994475138121547
yeast,knn-nosuite,0.5929919137466307,0.6,0.8333333333333334,0.0,0.0,1.0
yeast,knn-nosuite,0.5929919137466307,0.6,0.82,0.0,0.0,0.9716494845360824
yeast,knn-nosuite,0.5929919137466307,0.6,0.9230769230769231,0.0,0.0,0.8804347826086957
yeast,knn-nosuite,0.5929919137466307,0.6,1.0,0.0,0.0,0.8828125
yeast,knn-nosuite,0.5929919137466307,0.6,0.9512195121951219,0.0,0.0,0.9343065693430657
yeast,knn-nosuite,0.5929919137466307,0.6,0.9696969696969697,0.0,0.0,1.0
yeast,knn-nosuite,0.5929919137466307,0.4,0.96875,0.0,0.0,0.9864864864864865
yeast,knn-nosuite,0.5929919137466307,0.6,0.6666666666666666,0.0,0.0,0.9548022598870055
yeast,knn-nosuite,0.5929919137466307,1.0,1.0,0.0,0.0,0.9789915966386553
yeast,knn-nosuite,0.5929919137466307,1.0,1.0,0.0,0.0,0.990990990990991
rmftsa,knn-nosuite,0.53125,0.4,0.675,0.0,0.0,0.723404255319149
rmftsa,knn-nosuite,0.53125,0.4,0.5625,0.0,0.0,0.7142857142857143
rmftsa,knn-nosuite,0.53125,0.4,0.6428571428571429,0.0,0.0,0.8762886597938145
rmftsa,knn-nosuite,0.53125,0.4,0.875,0.0,0.0,0.6635514018691588
rmftsa,knn-nosuite,0.53125,0.6,1.0,0.0,0.0,0.9705882352941175
rmftsa,knn-nosuite,0.53125,0.8,1.0,0.0,0.0,0.9568345323741008
rmftsa,knn-nosuite,0.53125,0.4,0.8378378378378379,0.0,0.0,0.8313253012048193
rmftsa,knn-nosuite,0.53125,1.0,1.0,0.0,0.0,0.7560975609756098
rmftsa,knn-nosuite,0.53125,0.4,0.5609756097560976,0.0,0.0,0.4789915966386554
rmftsa,knn-nosuite,0.53125,0.8,1.0,0.0,0.0,0.6884057971014492
rmftsa,knn-nosuite,0.53125,1.0,1.0,0.0,0.0,0.8676844783715014
rmftsa,knn-nosuite,0.53125,0.6,1.0,0.0,0.0,0.9928057553956835
rmftsa,knn-nosuite,0.53125,0.4,0.8928571428571429,0.0,0.0,0.7884615384615384
rmftsa,knn-nosuite,0.53125,0.6,0.9230769230769231,0.0,0.0,0.802919708029197
rmftsa,knn-nosuite,0.53125,0.4,1.0,0.0,0.0,0.9203539823008849
rmftsa,knn-nosuite,0.53125,0.4,1.0,0.0,0.0,0.8623188405797102
rmftsa,knn-nosuite,0.53125,0.6,0.4242424242424242,0.0,0.0,0.8181818181818181
rmftsa,knn-nosuite,0.53125,0.8,1.0,0.0,0.0,0.6884057971014492
rmftsa,knn-nosuite,0.53125,0.6,0.9,0.0,0.0,0.9208633093525179
rmftsa,knn-nosuite,0.53125,0.8,0.9,0.0,0.0,0.8539823008849557
rmftsa,knn-nosuite,0.53125,0.6,0.7297297297297297,0.0,0.0,0.7132352941176471
rmftsa,knn-nosuite,0.53125,0.8,1.0,0.0,0.0,0.8584905660377359
rmftsa,knn-nosuite,0.53125,0.6,0.5428571428571428,0.0,0.0,0.846590909090909
rmftsa,knn-nosuite,0.53125,0.6,1.0,0.0,0.0,0.9276018099547512
rmftsa,knn-nosuite,0.53125,0.6,0.5555555555555556,0.0,0.0,0.7486033519553073
rmftsa,knn-nosuite,0.53125,0.4,0.5510204081632653,0.0,0.0,0.8666666666666668
rmftsa,knn-nosuite,0.53125,0.4,1.0,0.0,0.0,0.9414893617021278
rmftsa,knn-nosuite,0.53125,0.6,0.6153846153846154,0.0,0.0,0.6931818181818182
rmftsa,knn-nosuite,0.53125,0.4,0.9384615384615385,0.0,0.0,0.9627329192546584
rmftsa,knn-nosuite,0.53125,0.6,0.75,0.0,0.0,0.696969696969697
rmftsa,knn-nosuite,0.53125,0.6,1.0,0.0,0.0,0.6950354609929078
rmftsa,knn-nosuite,0.53125,0.4,0.8928571428571429,0.0,0.0,0.7857142857142857
rmftsa,knn-nosuite,0.53125,0.6,0.9230769230769231,0.0,0.0,0.802919708029197
rmftsa,knn-nosuite,0.53125,0.6,0.5625,0.0,0.0,0.7887323943661971
rmftsa,knn-nosuite,0.53125,0.4,0.9420289855072463,0.0,0.0,0.9473684210526315
rmftsa,knn-nosuite,0.53125,0.6,0.4545454545454545,0.0,0.0,0.9389312977099238
rmftsa,knn-nosuite,0.53125,0.8,1.0,0.0,0.0,0.8018867924528303
rmftsa,knn-nosuite,0.53125,1.0,0.9393939393939394,0.0,0.0,0.9705882352941175
rmftsa,knn-nosuite,0.53125,0.8,0.9868421052631579,0.0,0.0,0.85
rmftsa,knn-nosuite,0.53125,0.6,0.5238095238095238,0.0,0.0,0.9516129032258064
rmftsa,knn-nosuite,0.53125,0.6,0.8363636363636363,0.0,0.0,0.9491525423728813
rmftsa,knn-nosuite,0.53125,0.4,0.8867924528301888,0.0,0.0,0.6368159203980099
rmftsa,knn-nosuite,0.53125,0.6,0.7916666666666666,0.0,0.0,0.6391304347826087
rmftsa,knn-nosuite,0.53125,0.4,0.625,0.0,0.0,0.8405797101449275
rmftsa,knn-nosuite,0.53125,1.0,0.9230769230769231,0.0,0.0,0.931297709923664
rmftsa,knn-nosuite,0.53125,0.8,1.0,0.0,0.0,0.6884057971014492
rmftsa,knn-nosuite,0.53125,0.6,0.7916666666666666,0.0,0.0,0.6391304347826087
rmftsa,knn-nosuite,0.53125,0.6,0.4545454545454545,0.0,0.0,0.9595959595959596
rmftsa,knn-nosuite,0.53125,0.6,0.8181818181818181,0.0,0.0,0.7946428571428571
rmftsa,knn-nosuite,0.53125,0.6,0.8108108108108109,0.0,0.0,0.6666666666666666
yeast,knn-nosuite,0.5929919137466307,0.8,0.9259259259259259,0.0,0.0,0.973404255319149
yeast,knn-nosuite,0.5929919137466307,1.0,0.9318181818181819,0.0,0.0,1.0
yeast,knn-nosuite,0.5929919137466307,0.6,0.8837209302325582,0.0,0.0,0.9937888198757763
yeast,knn-nosuite,0.5929919137466307,0.6,1.0,0.0,0.0,0.9939024390243902
yeast,knn-nosuite,0.5929919137466307,0.6,1.0,0.0,0.0,0.9915966386554622
yeast,knn-nosuite,0.5929919137466307,0.4,0.875,0.0,0.0,0.9960629921259843
yeast,knn-nosuite,0.5929919137466307,0.6,0.8367346938775511,0.0,0.0,0.9185185185185185
yeast,knn-nosuite,0.5929919137466307,0.4,0.9285714285714286,0.0,0.0,0.855595667870036
yeast,knn-nosuite,0.5929919137466307,0.4,1.0,0.0,0.0,0.967741935483871
yeast,knn-nosuite,0.5929919137466307,0.8,1.0,0.0,0.0,0.9896907216494846
yeast,knn-nosuite,0.5929919137466307,0.6,1.0,0.0,0.0,0.9955752212389382
yeast,knn-nosuite,0.5929919137466307,0.6,0.8666666666666668,0.0,0.0,0.9840425531914894
yeast,knn-nosuite,0.5929919137466307,0.6,0.962962962962963,0.0,0.0,1.0
yeast,knn-nosuite,0.5929919137466307,0.6,0.9830508474576272,0.0,0.0,1.0
yeast,knn-nosuite,0.5929919137466307,0.6,1.0,0.0,0.0,0.9924812030075187
yeast,knn-nosuite,0.5929919137466307,0.8,0.8985507246376813,0.0,0.0,0.986111111111111
yeast,knn-nosuite,0.5929919137466307,0.8,0.8947368421052632,0.0,0.0,0.975609756097561
yeast,knn-nosuite,0.5929919137466307,0.6,0.9565217391304348,0.0,0.0,1.0
yeast,knn-nosuite,0.5929919137466307,0.6,1.0,0.0,0.0,0.8648648648648649
yeast,knn-nosuite,0.5929919137466307,0.8,1.0,0.0,0.0,1.0
yeast,knn-nosuite,0.5929919137466307,0.6,0.8,0.0,0.0,0.9947643979057592
yeast,knn-nosuite,0.5929919137466307,0.8,0.9230769230769231,0.0,0.0,0.9380952380952381
yeast,knn-nosuite,0.5929919137466307,0.6,1.0,0.0,0.0,0.9948186528497409
yeast,knn-nosuite,0.5929919137466307,0.6,0.967741935483871,0.0,0.0,0.8854166666666666
yeast,knn-nosuite,0.5929919137466307,0.4,1.0,0.0,0.0,0.959409594095941
yeast,knn-nosuite,0.5929919137466307,0.6,0.8,0.0,0.0,1.0
yeast,knn-nosuite,0.5929919137466307,0.6,0.875,0.0,0.0,0.9226190476190477
yeast,knn-nosuite,0.5929919137466307,0.8,0.8333333333333334,0.0,0.0,0.9565217391304348
yeast,knn-nosuite,0.5929919137466307,0.8,0.8333333333333334,0.0,0.0,0.988795518207283
yeast,knn-nosuite,0.5929919137466307,0.6,0.7142857142857143,0.0,0.0,0.9429657794676805
yeast,knn-nosuite,0.5929919137466307,1.0,1.0,0.0,0.0,0.96875
yeast,knn-nosuite,0.5929919137466307,0.8,1.0,0.0,0.0,0.9815950920245399
yeast,knn-nosuite,0.5929919137466307,0.6,0.9268292682926831,0.0,0.0,0.9542483660130718
yeast,knn-nosuite,0.5929919137466307,0.8,0.9423076923076923,0.0,0.0,1.0
yeast,knn-nosuite,0.5929919137466307,0.8,0.9487179487179487,0.0,0.0,0.9952153110047848
yeast,knn-nosuite,0.5929919137466307,0.6,0.8,0.0,0.0,1.0
yeast,knn-nosuite,0.5929919137466307,1.0,0.96,0.0,0.0,0.9876543209876543
yeast,knn-nosuite,0.5929919137466307,1.0,1.0,0.0,0.0,1.0
yeast,knn-nosuite,0.5929919137466307,0.6,0.8,0.0,0.0,0.994475138121547
yeast,knn-nosuite,0.5929919137466307,0.6,0.8333333333333334,0.0,0.0,1.0
yeast,knn-nosuite,0.5929919137466307,0.6,0.82,0.0,0.0,0.9716494845360824
yeast,knn-nosuite,0.5929919137466307,0.6,0.9230769230769231,0.0,0.0,0.8804347826086957
yeast,knn-nosuite,0.5929919137466307,0.6,1.0,0.0,0.0,0.8828125
yeast,knn-nosuite,0.5929919137466307,0.6,0.9512195121951219,0.0,0.0,0.9343065693430657
yeast,knn-nosuite,0.5929919137466307,0.6,0.9696969696969697,0.0,0.0,1.0
yeast,knn-nosuite,0.5929919137466307,0.4,0.96875,0.0,0.0,0.9864864864864865
yeast,knn-nosuite,0.5929919137466307,0.6,0.6666666666666666,0.0,0.0,0.9548022598870055
yeast,knn-nosuite,0.5929919137466307,1.0,1.0,0.0,0.0,0.9789915966386553
yeast,knn-nosuite,0.5929919137466307,1.0,1.0,0.0,0.0,0.990990990990991
rmftsa,knn-nosuite,0.53125,0.4,0.675,0.0,0.0,0.723404255319149
rmftsa,knn-nosuite,0.53125,0.4,0.5625,0.0,0.0,0.7142857142857143
rmftsa,knn-nosuite,0.53125,0.4,0.6428571428571429,0.0,0.0,0.8762886597938145
rmftsa,knn-nosuite,0.53125,0.4,0.875,0.0,0.0,0.6635514018691588
rmftsa,knn-nosuite,0.53125,0.6,1.0,0.0,0.0,0.9705882352941175
rmftsa,knn-nosuite,0.53125,0.8,1.0,0.0,0.0,0.9568345323741008
rmftsa,knn-nosuite,0.53125,0.4,0.8378378378378379,0.0,0.0,0.8313253012048193
rmftsa,knn-nosuite,0.53125,1.0,1.0,0.0,0.0,0.7560975609756098
rmftsa,knn-nosuite,0.53125,0.4,0.5609756097560976,0.0,0.0,0.4789915966386554
rmftsa,knn-nosuite,0.53125,0.8,1.0,0.0,0.0,0.6884057971014492
rmftsa,knn-nosuite,0.53125,1.0,1.0,0.0,0.0,0.8676844783715014
rmftsa,knn-nosuite,0.53125,0.6,1.0,0.0,0.0,0.9928057553956835
rmftsa,knn-nosuite,0.53125,0.4,0.8928571428571429,0.0,0.0,0.7884615384615384
rmftsa,knn-nosuite,0.53125,0.6,0.9230769230769231,0.0,0.0,0.802919708029197
rmftsa,knn-nosuite,0.53125,0.4,1.0,0.0,0.0,0.9203539823008849
rmftsa,knn-nosuite,0.53125,0.4,1.0,0.0,0.0,0.8623188405797102
rmftsa,knn-nosuite,0.53125,0.6,0.4242424242424242,0.0,0.0,0.8181818181818181
rmftsa,knn-nosuite,0.53125,0.8,1.0,0.0,0.0,0.6884057971014492
rmftsa,knn-nosuite,0.53125,0.6,0.9,0.0,0.0,0.9208633093525179
rmftsa,knn-nosuite,0.53125,0.8,0.9,0.0,0.0,0.8539823008849557
rmftsa,knn-nosuite,0.53125,0.6,0.7297297297297297,0.0,0.0,0.7132352941176471
rmftsa,knn-nosuite,0.53125,0.8,1.0,0.0,0.0,0.8584905660377359
rmftsa,knn-nosuite,0.53125,0.6,0.5428571428571428,0.0,0.0,0.846590909090909
rmftsa,knn-nosuite,0.53125,0.6,1.0,0.0,0.0,0.9276018099547512
rmftsa,knn-nosuite,0.53125,0.6,0.5555555555555556,0.0,0.0,0.7486033519553073
rmftsa,knn-nosuite,0.53125,0.4,0.5510204081632653,0.0,0.0,0.8666666666666668
rmftsa,knn-nosuite,0.53125,0.4,1.0,0.0,0.0,0.9414893617021278
rmftsa,knn-nosuite,0.53125,0.6,0.6153846153846154,0.0,0.0,0.6931818181818182
rmftsa,knn-nosuite,0.53125,0.4,0.9384615384615385,0.0,0.0,0.9627329192546584
rmftsa,knn-nosuite,0.53125,0.6,0.75,0.0,0.0,0.696969696969697
rmftsa,knn-nosuite,0.53125,0.6,1.0,0.0,0.0,0.6950354609929078
rmftsa,knn-nosuite,0.53125,0.4,0.8928571428571429,0.0,0.0,0.7857142857142857
rmftsa,knn-nosuite,0.53125,0.6,0.9230769230769231,0.0,0.0,0.802919708029197
rmftsa,knn-nosuite,0.53125,0.6,0.5625,0.0,0.0,0.7887323943661971
rmftsa,knn-nosuite,0.53125,0.4,0.9420289855072463,0.0,0.0,0.9473684210526315
rmftsa,knn-nosuite,0.53125,0.6,0.4545454545454545,0.0,0.0,0.9389312977099238
rmftsa,knn-nosuite,0.53125,0.8,1.0,0.0,0.0,0.8018867924528303
rmftsa,knn-nosuite,0.53125,1.0,0.9393939393939394,0.0,0.0,0.9705882352941175
rmftsa,knn-nosuite,0.53125,0.8,0.9868421052631579,0.0,0.0,0.85
rmftsa,knn-nosuite,0.53125,0.6,0.5238095238095238,0.0,0.0,0.9516129032258064
rmftsa,knn-nosuite,0.53125,0.6,0.8363636363636363,0.0,0.0,0.9491525423728813
rmftsa,knn-nosuite,0.53125,0.4,0.8867924528301888,0.0,0.0,0.6368159203980099
rmftsa,knn-nosuite,0.53125,0.6,0.7916666666666666,0.0,0.0,0.6391304347826087
rmftsa,knn-nosuite,0.53125,0.4,0.625,0.0,0.0,0.8405797101449275
rmftsa,knn-nosuite,0.53125,1.0,0.9230769230769231,0.0,0.0,0.931297709923664
rmftsa,knn-nosuite,0.53125,0.8,1.0,0.0,0.0,0.6884057971014492
rmftsa,knn-nosuite,0.53125,0.6,0.7916666666666666,0.0,0.0,0.6391304347826087
rmftsa,knn-nosuite,0.53125,0.6,0.4545454545454545,0.0,0.0,0.9595959595959596
rmftsa,knn-nosuite,0.53125,0.6,0.8181818181818181,0.0,0.0,0.7946428571428571
rmftsa,knn-nosuite,0.53125,0.6,0.8108108108108109,0.0,0.0,0.6666666666666666
banknote-authentication,knn-nosuite,1.0,1.0,1.0,0.0,0.0,1.0
banknote-authentication,knn-nosuite,1.0,1.0,1.0,0.0,0.0,1.0
banknote-authentication,knn-nosuite,1.0,1.0,1.0,0.0,0.0,1.0
banknote-authentication,knn-nosuite,1.0,1.0,0.9893617021276595,0.0,0.0,1.0
banknote-authentication,knn-nosuite,1.0,1.0,1.0,0.0,0.0,1.0
banknote-authentication,knn-nosuite,1.0,1.0,1.0,0.0,0.0,1.0
banknote-authentication,knn-nosuite,1.0,1.0,1.0,0.0,0.0,0.990521327014218
banknote-authentication,knn-nosuite,1.0,1.0,1.0,0.0,0.0,1.0
banknote-authentication,knn-nosuite,1.0,1.0,1.0,0.0,0.0,1.0
banknote-authentication,knn-nosuite,1.0,1.0,1.0,0.0,0.0,1.0
banknote-authentication,knn-nosuite,1.0,1.0,1.0,0.0,0.0,1.0
banknote-authentication,knn-nosuite,1.0,1.0,1.0,0.0,0.0,1.0
banknote-authentication,knn-nosuite,1.0,1.0,1.0,0.0,0.0,1.0
banknote-authentication,knn-nosuite,1.0,1.0,1.0,0.0,0.0,0.9967213114754099
banknote-authentication,knn-nosuite,1.0,1.0,0.9901960784313726,0.0,0.0,1.0
banknote-authentication,knn-nosuite,1.0,1.0,1.0,0.0,0.0,1.0
banknote-authentication,knn-nosuite,1.0,1.0,1.0,0.0,0.0,1.0
banknote-authentication,knn-nosuite,1.0,1.0,0.9875,0.0,0.0,1.0
banknote-authentication,knn-nosuite,1.0,1.0,1.0,0.0,0.0,0.9956521739130435
banknote-authentication,knn-nosuite,1.0,1.0,0.9901960784313726,0.0,0.0,1.0
banknote-authentication,knn-nosuite,1.0,1.0,1.0,0.0,0.0,1.0
banknote-authentication,knn-nosuite,1.0,1.0,1.0,0.0,0.0,0.9888268156424582
banknote-authentication,knn-nosuite,1.0,1.0,1.0,0.0,0.0,1.0
banknote-authentication,knn-nosuite,1.0,1.0,1.0,0.0,0.0,1.0
banknote-authentication,knn-nosuite,1.0,1.0,0.9795918367346939,0.0,0.0,1.0
banknote-authentication,knn-nosuite,1.0,1.0,1.0,0.0,0.0,1.0
banknote-authentication,knn-nosuite,1.0,1.0,0.9901960784313726,0.0,0.0,1.0
banknote-authentication,knn-nosuite,1.0,1.0,1.0,0.0,0.0,0.9948453608247423
banknote-authentication,knn-nosuite,1.0,1.0,1.0,0.0,0.0,1.0
banknote-authentication,knn-nosuite,1.0,1.0,0.980392156862745,0.0,0.0,1.0
banknote-authentication,knn-nosuite,1.0,1.0,1.0,0.0,0.0,1.0
banknote-authentication,knn-nosuite,1.0,1.0,0.9901960784313726,0.0,0.0,0.9946808510638296
banknote-authentication,knn-nosuite,1.0,1.0,1.0,0.0,0.0,1.0
banknote-authentication,knn-nosuite,1.0,1.0,1.0,0.0,0.0,1.0
banknote-authentication,knn-nosuite,1.0,1.0,1.0,0.0,0.0,1.0
banknote-authentication,knn-nosuite,1.0,1.0,1.0,0.0,0.0,1.0
banknote-authentication,knn-nosuite,1.0,1.0,1.0,0.0,0.0,1.0
banknote-authentication,knn-nosuite,1.0,1.0,1.0,0.0,0.0,1.0
banknote-authentication,knn-nosuite,1.0,1.0,1.0,0.0,0.0,0.9840425531914894
banknote-authentication,knn-nosuite,1.0,1.0,1.0,0.0,0.0,1.0
banknote-authentication,knn-nosuite,1.0,1.0,1.0,0.0,0.0,1.0
banknote-authentication,knn-nosuite,1.0,1.0,1.0,0.0,0.0,1.0
banknote-authentication,knn-nosuite,1.0,1.0,0.9787234042553191,0.0,0.0,1.0
banknote-authentication,knn-nosuite,1.0,1.0,1.0,0.0,0.0,1.0
banknote-authentication,knn-nosuite,1.0,1.0,1.0,0.0,0.0,0.9914163090128756
banknote-authentication,knn-nosuite,1.0,1.0,1.0,0.0,0.0,1.0
banknote-authentication,knn-nosuite,1.0,1.0,1.0,0.0,0.0,1.0
banknote-authentication,knn-nosuite,1.0,1.0,1.0,0.0,0.0,1.0
banknote-authentication,knn-nosuite,1.0,1.0,1.0,0.0,0.0,1.0
banknote-authentication,knn-nosuite,1.0,1.0,1.0,0.0,0.0,1.0
yeast,knn-nosuite,0.5929919137466307,0.8,0.9259259259259259,0.0,0.0,0.973404255319149
yeast,knn-nosuite,0.5929919137466307,1.0,0.9318181818181819,0.0,0.0,1.0
yeast,knn-nosuite,0.5929919137466307,0.6,0.8837209302325582,0.0,0.0,0.9937888198757763
yeast,knn-nosuite,0.5929919137466307,0.6,1.0,0.0,0.0,0.9939024390243902
yeast,knn-nosuite,0.5929919137466307,0.6,1.0,0.0,0.0,0.9915966386554622
yeast,knn-nosuite,0.5929919137466307,0.4,0.875,0.0,0.0,0.9960629921259843
yeast,knn-nosuite,0.5929919137466307,0.6,0.8367346938775511,0.0,0.0,0.9185185185185185
yeast,knn-nosuite,0.5929919137466307,0.4,0.9285714285714286,0.0,0.0,0.855595667870036
yeast,knn-nosuite,0.5929919137466307,0.4,1.0,0.0,0.0,0.967741935483871
yeast,knn-nosuite,0.5929919137466307,0.8,1.0,0.0,0.0,0.9896907216494846
yeast,knn-nosuite,0.5929919137466307,0.6,1.0,0.0,0.0,0.9955752212389382
yeast,knn-nosuite,0.5929919137466307,0.6,0.8666666666666668,0.0,0.0,0.9840425531914894
yeast,knn-nosuite,0.5929919137466307,0.6,0.962962962962963,0.0,0.0,1.0
yeast,knn-nosuite,0.5929919137466307,0.6,0.9830508474576272,0.0,0.0,1.0
yeast,knn-nosuite,0.5929919137466307,0.6,1.0,0.0,0.0,0.9924812030075187
yeast,knn-nosuite,0.5929919137466307,0.8,0.8985507246376813,0.0,0.0,0.986111111111111
yeast,knn-nosuite,0.5929919137466307,0.8,0.8947368421052632,0.0,0.0,0.975609756097561
yeast,knn-nosuite,0.5929919137466307,0.6,0.9565217391304348,0.0,0.0,1.0
yeast,knn-nosuite,0.5929919137466307,0.6,1.0,0.0,0.0,0.8648648648648649
yeast,knn-nosuite,0.5929919137466307,0.8,1.0,0.0,0.0,1.0
yeast,knn-nosuite,0.5929919137466307,0.6,0.8,0.0,0.0,0.9947643979057592
yeast,knn-nosuite,0.5929919137466307,0.8,0.9230769230769231,0.0,0.0,0.9380952380952381
yeast,knn-nosuite,0.5929919137466307,0.6,1.0,0.0,0.0,0.9948186528497409
yeast,knn-nosuite,0.5929919137466307,0.6,0.967741935483871,0.0,0.0,0.8854166666666666
yeast,knn-nosuite,0.5929919137466307,0.4,1.0,0.0,0.0,0.959409594095941
yeast,knn-nosuite,0.5929919137466307,0.6,0.8,0.0,0.0,1.0
yeast,knn-nosuite,0.5929919137466307,0.6,0.875,0.0,0.0,0.9226190476190477
yeast,knn-nosuite,0.5929919137466307,0.8,0.8333333333333334,0.0,0.0,0.9565217391304348
yeast,knn-nosuite,0.5929919137466307,0.8,0.8333333333333334,0.0,0.0,0.988795518207283
yeast,knn-nosuite,0.5929919137466307,0.6,0.7142857142857143,0.0,0.0,0.9429657794676805
yeast,knn-nosuite,0.5929919137466307,1.0,1.0,0.0,0.0,0.96875
yeast,knn-nosuite,0.5929919137466307,0.8,1.0,0.0,0.0,0.9815950920245399
yeast,knn-nosuite,0.5929919137466307,0.6,0.9268292682926831,0.0,0.0,0.9542483660130718
yeast,knn-nosuite,0.5929919137466307,0.8,0.9423076923076923,0.0,0.0,1.0
yeast,knn-nosuite,0.5929919137466307,0.8,0.9487179487179487,0.0,0.0,0.9952153110047848
yeast,knn-nosuite,0.5929919137466307,0.6,0.8,0.0,0.0,1.0
yeast,knn-nosuite,0.5929919137466307,1.0,0.96,0.0,0.0,0.9876543209876543
yeast,knn-nosuite,0.5929919137466307,1.0,1.0,0.0,0.0,1.0
yeast,knn-nosuite,0.5929919137466307,0.6,0.8,0.0,0.0,0.994475138121547
yeast,knn-nosuite,0.5929919137466307,0.6,0.8333333333333334,0.0,0.0,1.0
yeast,knn-nosuite,0.5929919137466307,0.6,0.82,0.0,0.0,0.9716494845360824
yeast,knn-nosuite,0.5929919137466307,0.6,0.9230769230769231,0.0,0.0,0.8804347826086957
yeast,knn-nosuite,0.5929919137466307,0.6,1.0,0.0,0.0,0.8828125
yeast,knn-nosuite,0.5929919137466307,0.6,0.9512195121951219,0.0,0.0,0.9343065693430657
yeast,knn-nosuite,0.5929919137466307,0.6,0.9696969696969697,0.0,0.0,1.0
yeast,knn-nosuite,0.5929919137466307,0.4,0.96875,0.0,0.0,0.9864864864864865
yeast,knn-nosuite,0.5929919137466307,0.6,0.6666666666666666,0.0,0.0,0.9548022598870055
yeast,knn-nosuite,0.5929919137466307,1.0,1.0,0.0,0.0,0.9789915966386553
yeast,knn-nosuite,0.5929919137466307,1.0,1.0,0.0,0.0,0.990990990990991
rmftsa,knn-nosuite,0.53125,0.4,0.675,0.0,0.0,0.723404255319149
rmftsa,knn-nosuite,0.53125,0.4,0.5625,0.0,0.0,0.7142857142857143
rmftsa,knn-nosuite,0.53125,0.4,0.6428571428571429,0.0,0.0,0.8762886597938145
rmftsa,knn-nosuite,0.53125,0.4,0.875,0.0,0.0,0.6635514018691588
rmftsa,knn-nosuite,0.53125,0.6,1.0,0.0,0.0,0.9705882352941175
rmftsa,knn-nosuite,0.53125,0.8,1.0,0.0,0.0,0.9568345323741008
rmftsa,knn-nosuite,0.53125,0.4,0.8378378378378379,0.0,0.0,0.8313253012048193
rmftsa,knn-nosuite,0.53125,1.0,1.0,0.0,0.0,0.7560975609756098
rmftsa,knn-nosuite,0.53125,0.4,0.5609756097560976,0.0,0.0,0.4789915966386554
rmftsa,knn-nosuite,0.53125,0.8,1.0,0.0,0.0,0.6884057971014492
rmftsa,knn-nosuite,0.53125,1.0,1.0,0.0,0.0,0.8676844783715014
rmftsa,knn-nosuite,0.53125,0.6,1.0,0.0,0.0,0.9928057553956835
rmftsa,knn-nosuite,0.53125,0.4,0.8928571428571429,0.0,0.0,0.7884615384615384
rmftsa,knn-nosuite,0.53125,0.6,0.9230769230769231,0.0,0.0,0.802919708029197
rmftsa,knn-nosuite,0.53125,0.4,1.0,0.0,0.0,0.9203539823008849
rmftsa,knn-nosuite,0.53125,0.4,1.0,0.0,0.0,0.8623188405797102
rmftsa,knn-nosuite,0.53125,0.6,0.4242424242424242,0.0,0.0,0.8181818181818181
rmftsa,knn-nosuite,0.53125,0.8,1.0,0.0,0.0,0.6884057971014492
rmftsa,knn-nosuite,0.53125,0.6,0.9,0.0,0.0,0.9208633093525179
rmftsa,knn-nosuite,0.53125,0.8,0.9,0.0,0.0,0.8539823008849557
rmftsa,knn-nosuite,0.53125,0.6,0.7297297297297297,0.0,0.0,0.7132352941176471
rmftsa,knn-nosuite,0.53125,0.8,1.0,0.0,0.0,0.8584905660377359
rmftsa,knn-nosuite,0.53125,0.6,0.5428571428571428,0.0,0.0,0.846590909090909
rmftsa,knn-nosuite,0.53125,0.6,1.0,0.0,0.0,0.9276018099547512
rmftsa,knn-nosuite,0.53125,0.6,0.5555555555555556,0.0,0.0,0.7486033519553073
rmftsa,knn-nosuite,0.53125,0.4,0.5510204081632653,0.0,0.0,0.8666666666666668
rmftsa,knn-nosuite,0.53125,0.4,1.0,0.0,0.0,0.9414893617021278
rmftsa,knn-nosuite,0.53125,0.6,0.6153846153846154,0.0,0.0,0.6931818181818182
rmftsa,knn-nosuite,0.53125,0.4,0.9384615384615385,0.0,0.0,0.9627329192546584
rmftsa,knn-nosuite,0.53125,0.6,0.75,0.0,0.0,0.696969696969697
rmftsa,knn-nosuite,0.53125,0.6,1.0,0.0,0.0,0.6950354609929078
rmftsa,knn-nosuite,0.53125,0.4,0.8928571428571429,0.0,0.0,0.7857142857142857
rmftsa,knn-nosuite,0.53125,0.6,0.9230769230769231,0.0,0.0,0.802919708029197
rmftsa,knn-nosuite,0.53125,0.6,0.5625,0.0,0.0,0.7887323943661971
rmftsa,knn-nosuite,0.53125,0.4,0.9420289855072463,0.0,0.0,0.9473684210526315
rmftsa,knn-nosuite,0.53125,0.6,0.4545454545454545,0.0,0.0,0.9389312977099238
rmftsa,knn-nosuite,0.53125,0.8,1.0,0.0,0.0,0.8018867924528303
rmftsa,knn-nosuite,0.53125,1.0,0.9393939393939394,0.0,0.0,0.9705882352941175
rmftsa,knn-nosuite,0.53125,0.8,0.9868421052631579,0.0,0.0,0.85
rmftsa,knn-nosuite,0.53125,0.6,0.5238095238095238,0.0,0.0,0.9516129032258064
rmftsa,knn-nosuite,0.53125,0.6,0.8363636363636363,0.0,0.0,0.9491525423728813
rmftsa,knn-nosuite,0.53125,0.4,0.8867924528301888,0.0,0.0,0.6368159203980099
rmftsa,knn-nosuite,0.53125,0.6,0.7916666666666666,0.0,0.0,0.6391304347826087
rmftsa,knn-nosuite,0.53125,0.4,0.625,0.0,0.0,0.8405797101449275
rmftsa,knn-nosuite,0.53125,1.0,0.9230769230769231,0.0,0.0,0.931297709923664
rmftsa,knn-nosuite,0.53125,0.8,1.0,0.0,0.0,0.6884057971014492
rmftsa,knn-nosuite,0.53125,0.6,0.7916666666666666,0.0,0.0,0.6391304347826087
rmftsa,knn-nosuite,0.53125,0.6,0.4545454545454545,0.0,0.0,0.9595959595959596
rmftsa,knn-nosuite,0.53125,0.6,0.8181818181818181,0.0,0.0,0.7946428571428571
rmftsa,knn-nosuite,0.53125,0.6,0.8108108108108109,0.0,0.0,0.6666666666666666
banknote-authentication,knn-nosuite,1.0,1.0,1.0,0.0,0.0,1.0
banknote-authentication,knn-nosuite,1.0,1.0,1.0,0.0,0.0,1.0
banknote-authentication,knn-nosuite,1.0,1.0,1.0,0.0,0.0,1.0
banknote-authentication,knn-nosuite,1.0,1.0,0.9893617021276595,0.0,0.0,1.0
banknote-authentication,knn-nosuite,1.0,1.0,1.0,0.0,0.0,1.0
banknote-authentication,knn-nosuite,1.0,1.0,1.0,0.0,0.0,1.0
banknote-authentication,knn-nosuite,1.0,1.0,1.0,0.0,0.0,0.990521327014218
banknote-authentication,knn-nosuite,1.0,1.0,1.0,0.0,0.0,1.0
banknote-authentication,knn-nosuite,1.0,1.0,1.0,0.0,0.0,1.0
banknote-authentication,knn-nosuite,1.0,1.0,1.0,0.0,0.0,1.0
banknote-authentication,knn-nosuite,1.0,1.0,1.0,0.0,0.0,1.0
banknote-authentication,knn-nosuite,1.0,1.0,1.0,0.0,0.0,1.0
banknote-authentication,knn-nosuite,1.0,1.0,1.0,0.0,0.0,1.0
banknote-authentication,knn-nosuite,1.0,1.0,1.0,0.0,0.0,0.9967213114754099
banknote-authentication,knn-nosuite,1.0,1.0,0.9901960784313726,0.0,0.0,1.0
banknote-authentication,knn-nosuite,1.0,1.0,1.0,0.0,0.0,1.0
banknote-authentication,knn-nosuite,1.0,1.0,1.0,0.0,0.0,1.0
banknote-authentication,knn-nosuite,1.0,1.0,0.9875,0.0,0.0,1.0
banknote-authentication,knn-nosuite,1.0,1.0,1.0,0.0,0.0,0.9956521739130435
banknote-authentication,knn-nosuite,1.0,1.0,0.9901960784313726,0.0,0.0,1.0
banknote-authentication,knn-nosuite,1.0,1.0,1.0,0.0,0.0,1.0
banknote-authentication,knn-nosuite,1.0,1.0,1.0,0.0,0.0,0.9888268156424582
banknote-authentication,knn-nosuite,1.0,1.0,1.0,0.0,0.0,1.0
banknote-authentication,knn-nosuite,1.0,1.0,1.0,0.0,0.0,1.0
banknote-authentication,knn-nosuite,1.0,1.0,0.9795918367346939,0.0,0.0,1.0
banknote-authentication,knn-nosuite,1.0,1.0,1.0,0.0,0.0,1.0
banknote-authentication,knn-nosuite,1.0,1.0,0.9901960784313726,0.0,0.0,1.0
banknote-authentication,knn-nosuite,1.0,1.0,1.0,0.0,0.0,0.9948453608247423
banknote-authentication,knn-nosuite,1.0,1.0,1.0,0.0,0.0,1.0
banknote-authentication,knn-nosuite,1.0,1.0,0.980392156862745,0.0,0.0,1.0
banknote-authentication,knn-nosuite,1.0,1.0,1.0,0.0,0.0,1.0
banknote-authentication,knn-nosuite,1.0,1.0,0.9901960784313726,0.0,0.0,0.9946808510638296
banknote-authentication,knn-nosuite,1.0,1.0,1.0,0.0,0.0,1.0
banknote-authentication,knn-nosuite,1.0,1.0,1.0,0.0,0.0,1.0
banknote-authentication,knn-nosuite,1.0,1.0,1.0,0.0,0.0,1.0
banknote-authentication,knn-nosuite,1.0,1.0,1.0,0.0,0.0,1.0
banknote-authentication,knn-nosuite,1.0,1.0,1.0,0.0,0.0,1.0
banknote-authentication,knn-nosuite,1.0,1.0,1.0,0.0,0.0,1.0
banknote-authentication,knn-nosuite,1.0,1.0,1.0,0.0,0.0,0.9840425531914894
banknote-authentication,knn-nosuite,1.0,1.0,1.0,0.0,0.0,1.0
banknote-authentication,knn-nosuite,1.0,1.0,1.0,0.0,0.0,1.0
banknote-authentication,knn-nosuite,1.0,1.0,1.0,0.0,0.0,1.0
banknote-authentication,knn-nosuite,1.0,1.0,0.9787234042553191,0.0,0.0,1.0
banknote-authentication,knn-nosuite,1.0,1.0,1.0,0.0,0.0,1.0
banknote-authentication,knn-nosuite,1.0,1.0,1.0,0.0,0.0,0.9914163090128756
banknote-authentication,knn-nosuite,1.0,1.0,1.0,0.0,0.0,1.0
banknote-authentication,knn-nosuite,1.0,1.0,1.0,0.0,0.0,1.0
banknote-authentication,knn-nosuite,1.0,1.0,1.0,0.0,0.0,1.0
banknote-authentication,knn-nosuite,1.0,1.0,1.0,0.0,0.0,1.0
banknote-authentication,knn-nosuite,1.0,1.0,1.0,0.0,0.0,1.0
volcanoes-a2,knn-nosuite,0.9408866995073891,1.0,1.0,0.0,0.0,0.9962216624685138
volcanoes-a2,knn-nosuite,0.9408866995073891,1.0,1.0,0.0,0.0,0.9942396313364055
volcanoes-a2,knn-nosuite,0.9408866995073891,1.0,1.0,0.0,0.0,0.99498997995992
volcanoes-a2,knn-nosuite,0.9408866995073891,1.0,1.0,0.0,0.0,0.9977401129943504
volcanoes-a2,knn-nosuite,0.9408866995073891,0.8,1.0,0.0,0.0,0.9983818770226536
volcanoes-a2,knn-nosuite,0.9408866995073891,1.0,1.0,0.0,0.0,0.99498997995992
volcanoes-a2,knn-nosuite,0.9408866995073891,1.0,1.0,0.0,0.0,0.9954802259887006
volcanoes-a2,knn-nosuite,0.9408866995073891,1.0,1.0,0.0,0.0,0.9957983193277311
volcanoes-a2,knn-nosuite,0.9408866995073891,1.0,1.0,0.0,0.0,0.9957627118644068
volcanoes-a2,knn-nosuite,0.9408866995073891,1.0,1.0,0.0,0.0,0.9985185185185184
volcanoes-a2,knn-nosuite,0.9408866995073891,0.4,0.9724770642201837,0.0,0.0,1.0
volcanoes-a2,knn-nosuite,0.9408866995073891,1.0,1.0,0.0,0.0,0.9958448753462605
volcanoes-a2,knn-nosuite,0.9408866995073891,0.8,0.9896907216494846,0.0,0.0,0.9801762114537445
volcanoes-a2,knn-nosuite,0.9408866995073891,0.6,0.9834710743801655,0.0,0.0,1.0
volcanoes-a2,knn-nosuite,0.9408866995073891,1.0,1.0,0.0,0.0,0.997879109225875
volcanoes-a2,knn-nosuite,0.9408866995073891,1.0,1.0,0.0,0.0,0.9947423764458465
volcanoes-a2,knn-nosuite,0.9408866995073891,1.0,1.0,0.0,0.0,1.0
volcanoes-a2,knn-nosuite,0.9408866995073891,1.0,1.0,0.0,0.0,0.998046875
volcanoes-a2,knn-nosuite,0.9408866995073891,1.0,1.0,0.0,0.0,1.0
volcanoes-a2,knn-nosuite,0.9408866995073891,1.0,1.0,0.0,0.0,1.0
volcanoes-a2,knn-nosuite,0.9408866995073891,1.0,1.0,0.0,0.0,0.9985935302390999
volcanoes-a2,knn-nosuite,0.9408866995073891,1.0,1.0,0.0,0.0,0.997624703087886
volcanoes-a2,knn-nosuite,0.9408866995073891,1.0,1.0,0.0,0.0,0.9969167523124358
volcanoes-a2,knn-nosuite,0.9408866995073891,1.0,1.0,0.0,0.0,0.9955686853766619
volcanoes-a2,knn-nosuite,0.9408866995073891,1.0,1.0,0.0,0.0,0.9967741935483871
volcanoes-a2,knn-nosuite,0.9408866995073891,1.0,1.0,0.0,0.0,0.9988249118683902
volcanoes-a2,knn-nosuite,0.9408866995073891,1.0,1.0,0.0,0.0,0.9959128065395095
volcanoes-a2,knn-nosuite,0.9408866995073891,1.0,1.0,0.0,0.0,0.9946737683089214
volcanoes-a2,knn-nosuite,0.9408866995073891,1.0,1.0,0.0,0.0,0.9966517857142858
volcanoes-a2,knn-nosuite,0.9408866995073891,1.0,1.0,0.0,0.0,0.9947753396029257
volcanoes-a2,knn-nosuite,0.9408866995073891,1.0,1.0,0.0,0.0,0.9949811794228356
volcanoes-a2,knn-nosuite,0.9408866995073891,1.0,1.0,0.0,0.0,0.9978835978835979
volcanoes-a2,knn-nosuite,0.9408866995073891,1.0,1.0,0.0,0.0,0.9962358845671269
volcanoes-a2,knn-nosuite,0.9408866995073891,1.0,1.0,0.0,0.0,0.99498997995992
volcanoes-a2,knn-nosuite,0.9408866995073891,1.0,1.0,0.0,0.0,0.994934143870314
volcanoes-a2,knn-nosuite,0.9408866995073891,1.0,1.0,0.0,0.0,0.9978142076502732
volcanoes-a2,knn-nosuite,0.9408866995073891,1.0,1.0,0.0,0.0,0.9946638207043756
volcanoes-a2,knn-nosuite,0.9408866995073891,0.6,0.875,0.0,0.0,0.9910179640718562
volcanoes-a2,knn-nosuite,0.9408866995073891,1.0,1.0,0.0,0.0,0.9968520461699895
volcanoes-a2,knn-nosuite,0.9408866995073891,0.6,0.975206611570248,0.0,0.0,1.0
volcanoes-a2,knn-nosuite,0.9408866995073891,1.0,1.0,0.0,0.0,0.9937421777221527
volcanoes-a2,knn-nosuite,0.9408866995073891,1.0,1.0,0.0,0.0,0.995850622406639
volcanoes-a2,knn-nosuite,0.9408866995073891,1.0,1.0,0.0,0.0,0.9965357967667436
volcanoes-a2,knn-nosuite,0.9408866995073891,1.0,1.0,0.0,0.0,0.9951219512195122
volcanoes-a2,knn-nosuite,0.9408866995073891,1.0,1.0,0.0,0.0,0.994994994994995
volcanoes-a2,knn-nosuite,0.9408866995073891,0.6,0.7058823529411765,0.0,0.0,0.9927007299270073
volcanoes-a2,knn-nosuite,0.9408866995073891,1.0,1.0,0.0,0.0,0.9958217270194986
volcanoes-a2,knn-nosuite,0.9408866995073891,0.8,0.9917355371900827,0.0,0.0,0.9943977591036415
volcanoes-a2,knn-nosuite,0.9408866995073891,1.0,1.0,0.0,0.0,1.0
volcanoes-a2,knn-nosuite,0.9408866995073891,1.0,1.0,0.0,0.0,1.0
yeast,knn-nosuite,0.5929919137466307,0.8,0.9259259259259259,0.0,0.0,0.973404255319149
yeast,knn-nosuite,0.5929919137466307,1.0,0.9318181818181819,0.0,0.0,1.0
yeast,knn-nosuite,0.5929919137466307,0.6,0.8837209302325582,0.0,0.0,0.9937888198757763
yeast,knn-nosuite,0.5929919137466307,0.6,1.0,0.0,0.0,0.9939024390243902
yeast,knn-nosuite,0.5929919137466307,0.6,1.0,0.0,0.0,0.9915966386554622
yeast,knn-nosuite,0.5929919137466307,0.4,0.875,0.0,0.0,0.9960629921259843
yeast,knn-nosuite,0.5929919137466307,0.6,0.8367346938775511,0.0,0.0,0.9185185185185185
yeast,knn-nosuite,0.5929919137466307,0.4,0.9285714285714286,0.0,0.0,0.855595667870036
yeast,knn-nosuite,0.5929919137466307,0.4,1.0,0.0,0.0,0.967741935483871
yeast,knn-nosuite,0.5929919137466307,0.8,1.0,0.0,0.0,0.9896907216494846
yeast,knn-nosuite,0.5929919137466307,0.6,1.0,0.0,0.0,0.9955752212389382
yeast,knn-nosuite,0.5929919137466307,0.6,0.8666666666666668,0.0,0.0,0.9840425531914894
yeast,knn-nosuite,0.5929919137466307,0.6,0.962962962962963,0.0,0.0,1.0
yeast,knn-nosuite,0.5929919137466307,0.6,0.9830508474576272,0.0,0.0,1.0
yeast,knn-nosuite,0.5929919137466307,0.6,1.0,0.0,0.0,0.9924812030075187
yeast,knn-nosuite,0.5929919137466307,0.8,0.8985507246376813,0.0,0.0,0.986111111111111
yeast,knn-nosuite,0.5929919137466307,0.8,0.8947368421052632,0.0,0.0,0.975609756097561
yeast,knn-nosuite,0.5929919137466307,0.6,0.9565217391304348,0.0,0.0,1.0
yeast,knn-nosuite,0.5929919137466307,0.6,1.0,0.0,0.0,0.8648648648648649
yeast,knn-nosuite,0.5929919137466307,0.8,1.0,0.0,0.0,1.0
yeast,knn-nosuite,0.5929919137466307,0.6,0.8,0.0,0.0,0.9947643979057592
yeast,knn-nosuite,0.5929919137466307,0.8,0.9230769230769231,0.0,0.0,0.9380952380952381
yeast,knn-nosuite,0.5929919137466307,0.6,1.0,0.0,0.0,0.9948186528497409
yeast,knn-nosuite,0.5929919137466307,0.6,0.967741935483871,0.0,0.0,0.8854166666666666
yeast,knn-nosuite,0.5929919137466307,0.4,1.0,0.0,0.0,0.959409594095941
yeast,knn-nosuite,0.5929919137466307,0.6,0.8,0.0,0.0,1.0
yeast,knn-nosuite,0.5929919137466307,0.6,0.875,0.0,0.0,0.9226190476190477
yeast,knn-nosuite,0.5929919137466307,0.8,0.8333333333333334,0.0,0.0,0.9565217391304348
yeast,knn-nosuite,0.5929919137466307,0.8,0.8333333333333334,0.0,0.0,0.988795518207283
yeast,knn-nosuite,0.5929919137466307,0.6,0.7142857142857143,0.0,0.0,0.9429657794676805
yeast,knn-nosuite,0.5929919137466307,1.0,1.0,0.0,0.0,0.96875
yeast,knn-nosuite,0.5929919137466307,0.8,1.0,0.0,0.0,0.9815950920245399
yeast,knn-nosuite,0.5929919137466307,0.6,0.9268292682926831,0.0,0.0,0.9542483660130718
yeast,knn-nosuite,0.5929919137466307,0.8,0.9423076923076923,0.0,0.0,1.0
yeast,knn-nosuite,0.5929919137466307,0.8,0.9487179487179487,0.0,0.0,0.9952153110047848
yeast,knn-nosuite,0.5929919137466307,0.6,0.8,0.0,0.0,1.0
yeast,knn-nosuite,0.5929919137466307,1.0,0.96,0.0,0.0,0.9876543209876543
yeast,knn-nosuite,0.5929919137466307,1.0,1.0,0.0,0.0,1.0
yeast,knn-nosuite,0.5929919137466307,0.6,0.8,0.0,0.0,0.994475138121547
yeast,knn-nosuite,0.5929919137466307,0.6,0.8333333333333334,0.0,0.0,1.0
yeast,knn-nosuite,0.5929919137466307,0.6,0.82,0.0,0.0,0.9716494845360824
yeast,knn-nosuite,0.5929919137466307,0.6,0.9230769230769231,0.0,0.0,0.8804347826086957
yeast,knn-nosuite,0.5929919137466307,0.6,1.0,0.0,0.0,0.8828125
yeast,knn-nosuite,0.5929919137466307,0.6,0.9512195121951219,0.0,0.0,0.9343065693430657
yeast,knn-nosuite,0.5929919137466307,0.6,0.9696969696969697,0.0,0.0,1.0
yeast,knn-nosuite,0.5929919137466307,0.4,0.96875,0.0,0.0,0.9864864864864865
yeast,knn-nosuite,0.5929919137466307,0.6,0.6666666666666666,0.0,0.0,0.9548022598870055
yeast,knn-nosuite,0.5929919137466307,1.0,1.0,0.0,0.0,0.9789915966386553
yeast,knn-nosuite,0.5929919137466307,1.0,1.0,0.0,0.0,0.990990990990991
rmftsa,knn-nosuite,0.53125,0.4,0.675,0.0,0.0,0.723404255319149
rmftsa,knn-nosuite,0.53125,0.4,0.5625,0.0,0.0,0.7142857142857143
rmftsa,knn-nosuite,0.53125,0.4,0.6428571428571429,0.0,0.0,0.8762886597938145
rmftsa,knn-nosuite,0.53125,0.4,0.875,0.0,0.0,0.6635514018691588
rmftsa,knn-nosuite,0.53125,0.6,1.0,0.0,0.0,0.9705882352941175
rmftsa,knn-nosuite,0.53125,0.8,1.0,0.0,0.0,0.9568345323741008
rmftsa,knn-nosuite,0.53125,0.4,0.8378378378378379,0.0,0.0,0.8313253012048193
rmftsa,knn-nosuite,0.53125,1.0,1.0,0.0,0.0,0.7560975609756098
rmftsa,knn-nosuite,0.53125,0.4,0.5609756097560976,0.0,0.0,0.4789915966386554
rmftsa,knn-nosuite,0.53125,0.8,1.0,0.0,0.0,0.6884057971014492
rmftsa,knn-nosuite,0.53125,1.0,1.0,0.0,0.0,0.8676844783715014
rmftsa,knn-nosuite,0.53125,0.6,1.0,0.0,0.0,0.9928057553956835
rmftsa,knn-nosuite,0.53125,0.4,0.8928571428571429,0.0,0.0,0.7884615384615384
rmftsa,knn-nosuite,0.53125,0.6,0.9230769230769231,0.0,0.0,0.802919708029197
rmftsa,knn-nosuite,0.53125,0.4,1.0,0.0,0.0,0.9203539823008849
rmftsa,knn-nosuite,0.53125,0.4,1.0,0.0,0.0,0.8623188405797102
rmftsa,knn-nosuite,0.53125,0.6,0.4242424242424242,0.0,0.0,0.8181818181818181
rmftsa,knn-nosuite,0.53125,0.8,1.0,0.0,0.0,0.6884057971014492
rmftsa,knn-nosuite,0.53125,0.6,0.9,0.0,0.0,0.9208633093525179
rmftsa,knn-nosuite,0.53125,0.8,0.9,0.0,0.0,0.8539823008849557
rmftsa,knn-nosuite,0.53125,0.6,0.7297297297297297,0.0,0.0,0.7132352941176471
rmftsa,knn-nosuite,0.53125,0.8,1.0,0.0,0.0,0.8584905660377359
rmftsa,knn-nosuite,0.53125,0.6,0.5428571428571428,0.0,0.0,0.846590909090909
rmftsa,knn-nosuite,0.53125,0.6,1.0,0.0,0.0,0.9276018099547512
rmftsa,knn-nosuite,0.53125,0.6,0.5555555555555556,0.0,0.0,0.7486033519553073
rmftsa,knn-nosuite,0.53125,0.4,0.5510204081632653,0.0,0.0,0.8666666666666668
rmftsa,knn-nosuite,0.53125,0.4,1.0,0.0,0.0,0.9414893617021278
rmftsa,knn-nosuite,0.53125,0.6,0.6153846153846154,0.0,0.0,0.6931818181818182
rmftsa,knn-nosuite,0.53125,0.4,0.9384615384615385,0.0,0.0,0.9627329192546584
rmftsa,knn-nosuite,0.53125,0.6,0.75,0.0,0.0,0.696969696969697
rmftsa,knn-nosuite,0.53125,0.6,1.0,0.0,0.0,0.6950354609929078
rmftsa,knn-nosuite,0.53125,0.4,0.8928571428571429,0.0,0.0,0.7857142857142857
rmftsa,knn-nosuite,0.53125,0.6,0.9230769230769231,0.0,0.0,0.802919708029197
rmftsa,knn-nosuite,0.53125,0.6,0.5625,0.0,0.0,0.7887323943661971
rmftsa,knn-nosuite,0.53125,0.4,0.9420289855072463,0.0,0.0,0.9473684210526315
rmftsa,knn-nosuite,0.53125,0.6,0.4545454545454545,0.0,0.0,0.9389312977099238
rmftsa,knn-nosuite,0.53125,0.8,1.0,0.0,0.0,0.8018867924528303
rmftsa,knn-nosuite,0.53125,1.0,0.9393939393939394,0.0,0.0,0.9705882352941175
rmftsa,knn-nosuite,0.53125,0.8,0.9868421052631579,0.0,0.0,0.85
rmftsa,knn-nosuite,0.53125,0.6,0.5238095238095238,0.0,0.0,0.9516129032258064
rmftsa,knn-nosuite,0.53125,0.6,0.8363636363636363,0.0,0.0,0.9491525423728813
rmftsa,knn-nosuite,0.53125,0.4,0.8867924528301888,0.0,0.0,0.6368159203980099
rmftsa,knn-nosuite,0.53125,0.6,0.7916666666666666,0.0,0.0,0.6391304347826087
rmftsa,knn-nosuite,0.53125,0.4,0.625,0.0,0.0,0.8405797101449275
rmftsa,knn-nosuite,0.53125,1.0,0.9230769230769231,0.0,0.0,0.931297709923664
rmftsa,knn-nosuite,0.53125,0.8,1.0,0.0,0.0,0.6884057971014492
rmftsa,knn-nosuite,0.53125,0.6,0.7916666666666666,0.0,0.0,0.6391304347826087
rmftsa,knn-nosuite,0.53125,0.6,0.4545454545454545,0.0,0.0,0.9595959595959596
rmftsa,knn-nosuite,0.53125,0.6,0.8181818181818181,0.0,0.0,0.7946428571428571
rmftsa,knn-nosuite,0.53125,0.6,0.8108108108108109,0.0,0.0,0.6666666666666666
banknote-authentication,knn-nosuite,1.0,1.0,1.0,0.0,0.0,1.0
banknote-authentication,knn-nosuite,1.0,1.0,1.0,0.0,0.0,1.0
banknote-authentication,knn-nosuite,1.0,1.0,1.0,0.0,0.0,1.0
banknote-authentication,knn-nosuite,1.0,1.0,0.9893617021276595,0.0,0.0,1.0
banknote-authentication,knn-nosuite,1.0,1.0,1.0,0.0,0.0,1.0
banknote-authentication,knn-nosuite,1.0,1.0,1.0,0.0,0.0,1.0
banknote-authentication,knn-nosuite,1.0,1.0,1.0,0.0,0.0,0.990521327014218
banknote-authentication,knn-nosuite,1.0,1.0,1.0,0.0,0.0,1.0
banknote-authentication,knn-nosuite,1.0,1.0,1.0,0.0,0.0,1.0
banknote-authentication,knn-nosuite,1.0,1.0,1.0,0.0,0.0,1.0
banknote-authentication,knn-nosuite,1.0,1.0,1.0,0.0,0.0,1.0
banknote-authentication,knn-nosuite,1.0,1.0,1.0,0.0,0.0,1.0
banknote-authentication,knn-nosuite,1.0,1.0,1.0,0.0,0.0,1.0
banknote-authentication,knn-nosuite,1.0,1.0,1.0,0.0,0.0,0.9967213114754099
banknote-authentication,knn-nosuite,1.0,1.0,0.9901960784313726,0.0,0.0,1.0
banknote-authentication,knn-nosuite,1.0,1.0,1.0,0.0,0.0,1.0
banknote-authentication,knn-nosuite,1.0,1.0,1.0,0.0,0.0,1.0
banknote-authentication,knn-nosuite,1.0,1.0,0.9875,0.0,0.0,1.0
banknote-authentication,knn-nosuite,1.0,1.0,1.0,0.0,0.0,0.9956521739130435
banknote-authentication,knn-nosuite,1.0,1.0,0.9901960784313726,0.0,0.0,1.0
banknote-authentication,knn-nosuite,1.0,1.0,1.0,0.0,0.0,1.0
banknote-authentication,knn-nosuite,1.0,1.0,1.0,0.0,0.0,0.9888268156424582
banknote-authentication,knn-nosuite,1.0,1.0,1.0,0.0,0.0,1.0
banknote-authentication,knn-nosuite,1.0,1.0,1.0,0.0,0.0,1.0
banknote-authentication,knn-nosuite,1.0,1.0,0.9795918367346939,0.0,0.0,1.0
banknote-authentication,knn-nosuite,1.0,1.0,1.0,0.0,0.0,1.0
banknote-authentication,knn-nosuite,1.0,1.0,0.9901960784313726,0.0,0.0,1.0
banknote-authentication,knn-nosuite,1.0,1.0,1.0,0.0,0.0,0.9948453608247423
banknote-authentication,knn-nosuite,1.0,1.0,1.0,0.0,0.0,1.0
banknote-authentication,knn-nosuite,1.0,1.0,0.980392156862745,0.0,0.0,1.0
banknote-authentication,knn-nosuite,1.0,1.0,1.0,0.0,0.0,1.0
banknote-authentication,knn-nosuite,1.0,1.0,0.9901960784313726,0.0,0.0,0.9946808510638296
banknote-authentication,knn-nosuite,1.0,1.0,1.0,0.0,0.0,1.0
banknote-authentication,knn-nosuite,1.0,1.0,1.0,0.0,0.0,1.0
banknote-authentication,knn-nosuite,1.0,1.0,1.0,0.0,0.0,1.0
banknote-authentication,knn-nosuite,1.0,1.0,1.0,0.0,0.0,1.0
banknote-authentication,knn-nosuite,1.0,1.0,1.0,0.0,0.0,1.0
banknote-authentication,knn-nosuite,1.0,1.0,1.0,0.0,0.0,1.0
banknote-authentication,knn-nosuite,1.0,1.0,1.0,0.0,0.0,0.9840425531914894
banknote-authentication,knn-nosuite,1.0,1.0,1.0,0.0,0.0,1.0
banknote-authentication,knn-nosuite,1.0,1.0,1.0,0.0,0.0,1.0
banknote-authentication,knn-nosuite,1.0,1.0,1.0,0.0,0.0,1.0
banknote-authentication,knn-nosuite,1.0,1.0,0.9787234042553191,0.0,0.0,1.0
banknote-authentication,knn-nosuite,1.0,1.0,1.0,0.0,0.0,1.0
banknote-authentication,knn-nosuite,1.0,1.0,1.0,0.0,0.0,0.9914163090128756
banknote-authentication,knn-nosuite,1.0,1.0,1.0,0.0,0.0,1.0
banknote-authentication,knn-nosuite,1.0,1.0,1.0,0.0,0.0,1.0
banknote-authentication,knn-nosuite,1.0,1.0,1.0,0.0,0.0,1.0
banknote-authentication,knn-nosuite,1.0,1.0,1.0,0.0,0.0,1.0
banknote-authentication,knn-nosuite,1.0,1.0,1.0,0.0,0.0,1.0
volcanoes-a2,knn-nosuite,0.9408866995073891,1.0,1.0,0.0,0.0,0.9962216624685138
volcanoes-a2,knn-nosuite,0.9408866995073891,1.0,1.0,0.0,0.0,0.9942396313364055
volcanoes-a2,knn-nosuite,0.9408866995073891,1.0,1.0,0.0,0.0,0.99498997995992
volcanoes-a2,knn-nosuite,0.9408866995073891,1.0,1.0,0.0,0.0,0.9977401129943504
volcanoes-a2,knn-nosuite,0.9408866995073891,0.8,1.0,0.0,0.0,0.9983818770226536
volcanoes-a2,knn-nosuite,0.9408866995073891,1.0,1.0,0.0,0.0,0.99498997995992
volcanoes-a2,knn-nosuite,0.9408866995073891,1.0,1.0,0.0,0.0,0.9954802259887006
volcanoes-a2,knn-nosuite,0.9408866995073891,1.0,1.0,0.0,0.0,0.9957983193277311
volcanoes-a2,knn-nosuite,0.9408866995073891,1.0,1.0,0.0,0.0,0.9957627118644068
volcanoes-a2,knn-nosuite,0.9408866995073891,1.0,1.0,0.0,0.0,0.9985185185185184
volcanoes-a2,knn-nosuite,0.9408866995073891,0.4,0.9724770642201837,0.0,0.0,1.0
volcanoes-a2,knn-nosuite,0.9408866995073891,1.0,1.0,0.0,0.0,0.9958448753462605
volcanoes-a2,knn-nosuite,0.9408866995073891,0.8,0.9896907216494846,0.0,0.0,0.9801762114537445
volcanoes-a2,knn-nosuite,0.9408866995073891,0.6,0.9834710743801655,0.0,0.0,1.0
volcanoes-a2,knn-nosuite,0.9408866995073891,1.0,1.0,0.0,0.0,0.997879109225875
volcanoes-a2,knn-nosuite,0.9408866995073891,1.0,1.0,0.0,0.0,0.9947423764458465
volcanoes-a2,knn-nosuite,0.9408866995073891,1.0,1.0,0.0,0.0,1.0
volcanoes-a2,knn-nosuite,0.9408866995073891,1.0,1.0,0.0,0.0,0.998046875
volcanoes-a2,knn-nosuite,0.9408866995073891,1.0,1.0,0.0,0.0,1.0
volcanoes-a2,knn-nosuite,0.9408866995073891,1.0,1.0,0.0,0.0,1.0
volcanoes-a2,knn-nosuite,0.9408866995073891,1.0,1.0,0.0,0.0,0.9985935302390999
volcanoes-a2,knn-nosuite,0.9408866995073891,1.0,1.0,0.0,0.0,0.997624703087886
volcanoes-a2,knn-nosuite,0.9408866995073891,1.0,1.0,0.0,0.0,0.9969167523124358
volcanoes-a2,knn-nosuite,0.9408866995073891,1.0,1.0,0.0,0.0,0.9955686853766619
volcanoes-a2,knn-nosuite,0.9408866995073891,1.0,1.0,0.0,0.0,0.9967741935483871
volcanoes-a2,knn-nosuite,0.9408866995073891,1.0,1.0,0.0,0.0,0.9988249118683902
volcanoes-a2,knn-nosuite,0.9408866995073891,1.0,1.0,0.0,0.0,0.9959128065395095
volcanoes-a2,knn-nosuite,0.9408866995073891,1.0,1.0,0.0,0.0,0.9946737683089214
volcanoes-a2,knn-nosuite,0.9408866995073891,1.0,1.0,0.0,0.0,0.9966517857142858
volcanoes-a2,knn-nosuite,0.9408866995073891,1.0,1.0,0.0,0.0,0.9947753396029257
volcanoes-a2,knn-nosuite,0.9408866995073891,1.0,1.0,0.0,0.0,0.9949811794228356
volcanoes-a2,knn-nosuite,0.9408866995073891,1.0,1.0,0.0,0.0,0.9978835978835979
volcanoes-a2,knn-nosuite,0.9408866995073891,1.0,1.0,0.0,0.0,0.9962358845671269
volcanoes-a2,knn-nosuite,0.9408866995073891,1.0,1.0,0.0,0.0,0.99498997995992
volcanoes-a2,knn-nosuite,0.9408866995073891,1.0,1.0,0.0,0.0,0.994934143870314
volcanoes-a2,knn-nosuite,0.9408866995073891,1.0,1.0,0.0,0.0,0.9978142076502732
volcanoes-a2,knn-nosuite,0.9408866995073891,1.0,1.0,0.0,0.0,0.9946638207043756
volcanoes-a2,knn-nosuite,0.9408866995073891,0.6,0.875,0.0,0.0,0.9910179640718562
volcanoes-a2,knn-nosuite,0.9408866995073891,1.0,1.0,0.0,0.0,0.9968520461699895
volcanoes-a2,knn-nosuite,0.9408866995073891,0.6,0.975206611570248,0.0,0.0,1.0
volcanoes-a2,knn-nosuite,0.9408866995073891,1.0,1.0,0.0,0.0,0.9937421777221527
volcanoes-a2,knn-nosuite,0.9408866995073891,1.0,1.0,0.0,0.0,0.995850622406639
volcanoes-a2,knn-nosuite,0.9408866995073891,1.0,1.0,0.0,0.0,0.9965357967667436
volcanoes-a2,knn-nosuite,0.9408866995073891,1.0,1.0,0.0,0.0,0.9951219512195122
volcanoes-a2,knn-nosuite,0.9408866995073891,1.0,1.0,0.0,0.0,0.994994994994995
volcanoes-a2,knn-nosuite,0.9408866995073891,0.6,0.7058823529411765,0.0,0.0,0.9927007299270073
volcanoes-a2,knn-nosuite,0.9408866995073891,1.0,1.0,0.0,0.0,0.9958217270194986
volcanoes-a2,knn-nosuite,0.9408866995073891,0.8,0.9917355371900827,0.0,0.0,0.9943977591036415
volcanoes-a2,knn-nosuite,0.9408866995073891,1.0,1.0,0.0,0.0,1.0
volcanoes-a2,knn-nosuite,0.9408866995073891,1.0,1.0,0.0,0.0,1.0
volcanoes-a3,knn-nosuite,0.905511811023622,0.8,1.0,0.0,0.0,0.9932735426008967
volcanoes-a3,knn-nosuite,0.905511811023622,1.0,1.0,0.0,0.0,0.9944979367262723
volcanoes-a3,knn-nosuite,0.905511811023622,0.4,0.7441860465116279,0.0,0.0,0.9924385633270323
volcanoes-a3,knn-nosuite,0.905511811023622,1.0,1.0,0.0,0.0,0.9987146529562982
volcanoes-a3,knn-nosuite,0.905511811023622,1.0,1.0,0.0,0.0,0.9987244897959183
volcanoes-a3,knn-nosuite,0.905511811023622,1.0,1.0,0.0,0.0,0.9974747474747476
volcanoes-a3,knn-nosuite,0.905511811023622,1.0,1.0,0.0,0.0,0.995945945945946
volcanoes-a3,knn-nosuite,0.905511811023622,1.0,1.0,0.0,0.0,0.9957627118644068
volcanoes-a3,knn-nosuite,0.905511811023622,0.8,1.0,0.0,0.0,0.9967585089141003
volcanoes-a3,knn-nosuite,0.905511811023622,1.0,1.0,0.0,0.0,0.998792270531401
volcanoes-a3,knn-nosuite,0.905511811023622,1.0,1.0,0.0,0.0,0.9974424552429667
volcanoes-a3,knn-nosuite,0.905511811023622,1.0,1.0,0.0,0.0,0.996951219512195
volcanoes-a3,knn-nosuite,0.905511811023622,0.8,1.0,0.0,0.0,1.0
volcanoes-a3,knn-nosuite,0.905511811023622,0.6,1.0,0.0,0.0,0.9969135802469136
volcanoes-a3,knn-nosuite,0.905511811023622,1.0,1.0,0.0,0.0,0.997737556561086
volcanoes-a3,knn-nosuite,0.905511811023622,1.0,1.0,0.0,0.0,0.9982578397212544
volcanoes-a3,knn-nosuite,0.905511811023622,1.0,1.0,0.0,0.0,1.0
volcanoes-a3,knn-nosuite,0.905511811023622,1.0,1.0,0.0,0.0,0.9956709956709957
volcanoes-a3,knn-nosuite,0.905511811023622,1.0,1.0,0.0,0.0,0.9987341772151899
volcanoes-a3,knn-nosuite,0.905511811023622,1.0,1.0,0.0,0.0,0.9948979591836735
volcanoes-a3,knn-nosuite,0.905511811023622,1.0,1.0,0.0,0.0,0.9960513326752223
volcanoes-a3,knn-nosuite,0.905511811023622,1.0,1.0,0.0,0.0,0.9961832061068703
volcanoes-a3,knn-nosuite,0.905511811023622,1.0,1.0,0.0,0.0,0.9988839285714286
volcanoes-a3,knn-nosuite,0.905511811023622,0.8,0.9901960784313726,0.0,0.0,1.0
volcanoes-a3,knn-nosuite,0.905511811023622,1.0,1.0,0.0,0.0,0.998696219035202
volcanoes-a3,knn-nosuite,0.905511811023622,1.0,1.0,0.0,0.0,0.9957761351636748
volcanoes-a3,knn-nosuite,0.905511811023622,0.8,1.0,0.0,0.0,0.9985795454545453
volcanoes-a3,knn-nosuite,0.905511811023622,1.0,1.0,0.0,0.0,0.997709049255441
volcanoes-a3,knn-nosuite,0.905511811023622,1.0,1.0,0.0,0.0,0.9978021978021978
volcanoes-a3,knn-nosuite,0.905511811023622,1.0,1.0,0.0,0.0,0.9988193624557262
volcanoes-a3,knn-nosuite,0.905511811023622,1.0,1.0,0.0,0.0,0.9955947136563876
volcanoes-a3,knn-nosuite,0.905511811023622,1.0,1.0,0.0,0.0,0.9972375690607734
volcanoes-a3,knn-nosuite,0.905511811023622,0.6,1.0,0.0,0.0,0.9985795454545453
volcanoes-a3,knn-nosuite,0.905511811023622,1.0,1.0,0.0,0.0,0.9955489614243322
volcanoes-a3,knn-nosuite,0.905511811023622,1.0,1.0,0.0,0.0,0.9955995599559955
volcanoes-a3,knn-nosuite,0.905511811023622,0.8,1.0,0.0,0.0,1.0
volcanoes-a3,knn-nosuite,0.905511811023622,1.0,1.0,0.0,0.0,0.9953216374269006
volcanoes-a3,knn-nosuite,0.905511811023622,1.0,1.0,0.0,0.0,0.9989106753812637
volcanoes-a3,knn-nosuite,0.905511811023622,0.8,0.9902912621359224,0.0,0.0,0.9941860465116278
volcanoes-a3,knn-nosuite,0.905511811023622,1.0,1.0,0.0,0.0,0.9957081545064378
volcanoes-a3,knn-nosuite,0.905511811023622,1.0,1.0,0.0,0.0,0.9977064220183486
volcanoes-a3,knn-nosuite,0.905511811023622,0.8,0.8,0.0,0.0,0.8372093023255814
volcanoes-a3,knn-nosuite,0.905511811023622,1.0,1.0,0.0,0.0,0.9987228607918264
volcanoes-a3,knn-nosuite,0.905511811023622,1.0,1.0,0.0,0.0,0.9987515605493134
volcanoes-a3,knn-nosuite,0.905511811023622,0.8,1.0,0.0,0.0,1.0
volcanoes-a3,knn-nosuite,0.905511811023622,1.0,1.0,0.0,0.0,0.9957081545064378
volcanoes-a3,knn-nosuite,0.905511811023622,1.0,1.0,0.0,0.0,0.9984917043740573
volcanoes-a3,knn-nosuite,0.905511811023622,1.0,1.0,0.0,0.0,0.9950433705080546
volcanoes-a3,knn-nosuite,0.905511811023622,1.0,1.0,0.0,0.0,0.9989484752891693
volcanoes-a3,knn-nosuite,0.905511811023622,1.0,1.0,0.0,0.0,1.0
yeast,knn-nosuite,0.5929919137466307,0.8,0.9259259259259259,0.0,0.0,0.973404255319149
yeast,knn-nosuite,0.5929919137466307,1.0,0.9318181818181819,0.0,0.0,1.0
yeast,knn-nosuite,0.5929919137466307,0.6,0.8837209302325582,0.0,0.0,0.9937888198757763
yeast,knn-nosuite,0.5929919137466307,0.6,1.0,0.0,0.0,0.9939024390243902
yeast,knn-nosuite,0.5929919137466307,0.6,1.0,0.0,0.0,0.9915966386554622
yeast,knn-nosuite,0.5929919137466307,0.4,0.875,0.0,0.0,0.9960629921259843
yeast,knn-nosuite,0.5929919137466307,0.6,0.8367346938775511,0.0,0.0,0.9185185185185185
yeast,knn-nosuite,0.5929919137466307,0.4,0.9285714285714286,0.0,0.0,0.855595667870036
yeast,knn-nosuite,0.5929919137466307,0.4,1.0,0.0,0.0,0.967741935483871
yeast,knn-nosuite,0.5929919137466307,0.8,1.0,0.0,0.0,0.9896907216494846
yeast,knn-nosuite,0.5929919137466307,0.6,1.0,0.0,0.0,0.9955752212389382
yeast,knn-nosuite,0.5929919137466307,0.6,0.8666666666666668,0.0,0.0,0.9840425531914894
yeast,knn-nosuite,0.5929919137466307,0.6,0.962962962962963,0.0,0.0,1.0
yeast,knn-nosuite,0.5929919137466307,0.6,0.9830508474576272,0.0,0.0,1.0
yeast,knn-nosuite,0.5929919137466307,0.6,1.0,0.0,0.0,0.9924812030075187
yeast,knn-nosuite,0.5929919137466307,0.8,0.8985507246376813,0.0,0.0,0.986111111111111
yeast,knn-nosuite,0.5929919137466307,0.8,0.8947368421052632,0.0,0.0,0.975609756097561
yeast,knn-nosuite,0.5929919137466307,0.6,0.9565217391304348,0.0,0.0,1.0
yeast,knn-nosuite,0.5929919137466307,0.6,1.0,0.0,0.0,0.8648648648648649
yeast,knn-nosuite,0.5929919137466307,0.8,1.0,0.0,0.0,1.0
yeast,knn-nosuite,0.5929919137466307,0.6,0.8,0.0,0.0,0.9947643979057592
yeast,knn-nosuite,0.5929919137466307,0.8,0.9230769230769231,0.0,0.0,0.9380952380952381
yeast,knn-nosuite,0.5929919137466307,0.6,1.0,0.0,0.0,0.9948186528497409
yeast,knn-nosuite,0.5929919137466307,0.6,0.967741935483871,0.0,0.0,0.8854166666666666
yeast,knn-nosuite,0.5929919137466307,0.4,1.0,0.0,0.0,0.959409594095941
yeast,knn-nosuite,0.5929919137466307,0.6,0.8,0.0,0.0,1.0
yeast,knn-nosuite,0.5929919137466307,0.6,0.875,0.0,0.0,0.9226190476190477
yeast,knn-nosuite,0.5929919137466307,0.8,0.8333333333333334,0.0,0.0,0.9565217391304348
yeast,knn-nosuite,0.5929919137466307,0.8,0.8333333333333334,0.0,0.0,0.988795518207283
yeast,knn-nosuite,0.5929919137466307,0.6,0.7142857142857143,0.0,0.0,0.9429657794676805
yeast,knn-nosuite,0.5929919137466307,1.0,1.0,0.0,0.0,0.96875
yeast,knn-nosuite,0.5929919137466307,0.8,1.0,0.0,0.0,0.9815950920245399
yeast,knn-nosuite,0.5929919137466307,0.6,0.9268292682926831,0.0,0.0,0.9542483660130718
yeast,knn-nosuite,0.5929919137466307,0.8,0.9423076923076923,0.0,0.0,1.0
yeast,knn-nosuite,0.5929919137466307,0.8,0.9487179487179487,0.0,0.0,0.9952153110047848
yeast,knn-nosuite,0.5929919137466307,0.6,0.8,0.0,0.0,1.0
yeast,knn-nosuite,0.5929919137466307,1.0,0.96,0.0,0.0,0.9876543209876543
yeast,knn-nosuite,0.5929919137466307,1.0,1.0,0.0,0.0,1.0
yeast,knn-nosuite,0.5929919137466307,0.6,0.8,0.0,0.0,0.994475138121547
yeast,knn-nosuite,0.5929919137466307,0.6,0.8333333333333334,0.0,0.0,1.0
yeast,knn-nosuite,0.5929919137466307,0.6,0.82,0.0,0.0,0.9716494845360824
yeast,knn-nosuite,0.5929919137466307,0.6,0.9230769230769231,0.0,0.0,0.8804347826086957
yeast,knn-nosuite,0.5929919137466307,0.6,1.0,0.0,0.0,0.8828125
yeast,knn-nosuite,0.5929919137466307,0.6,0.9512195121951219,0.0,0.0,0.9343065693430657
yeast,knn-nosuite,0.5929919137466307,0.6,0.9696969696969697,0.0,0.0,1.0
yeast,knn-nosuite,0.5929919137466307,0.4,0.96875,0.0,0.0,0.9864864864864865
yeast,knn-nosuite,0.5929919137466307,0.6,0.6666666666666666,0.0,0.0,0.9548022598870055
yeast,knn-nosuite,0.5929919137466307,1.0,1.0,0.0,0.0,0.9789915966386553
yeast,knn-nosuite,0.5929919137466307,1.0,1.0,0.0,0.0,0.990990990990991
rmftsa,knn-nosuite,0.53125,0.4,0.675,0.0,0.0,0.723404255319149
rmftsa,knn-nosuite,0.53125,0.4,0.5625,0.0,0.0,0.7142857142857143
rmftsa,knn-nosuite,0.53125,0.4,0.6428571428571429,0.0,0.0,0.8762886597938145
rmftsa,knn-nosuite,0.53125,0.4,0.875,0.0,0.0,0.6635514018691588
rmftsa,knn-nosuite,0.53125,0.6,1.0,0.0,0.0,0.9705882352941175
rmftsa,knn-nosuite,0.53125,0.8,1.0,0.0,0.0,0.9568345323741008
rmftsa,knn-nosuite,0.53125,0.4,0.8378378378378379,0.0,0.0,0.8313253012048193
rmftsa,knn-nosuite,0.53125,1.0,1.0,0.0,0.0,0.7560975609756098
rmftsa,knn-nosuite,0.53125,0.4,0.5609756097560976,0.0,0.0,0.4789915966386554
rmftsa,knn-nosuite,0.53125,0.8,1.0,0.0,0.0,0.6884057971014492
rmftsa,knn-nosuite,0.53125,1.0,1.0,0.0,0.0,0.8676844783715014
rmftsa,knn-nosuite,0.53125,0.6,1.0,0.0,0.0,0.9928057553956835
rmftsa,knn-nosuite,0.53125,0.4,0.8928571428571429,0.0,0.0,0.7884615384615384
rmftsa,knn-nosuite,0.53125,0.6,0.9230769230769231,0.0,0.0,0.802919708029197
rmftsa,knn-nosuite,0.53125,0.4,1.0,0.0,0.0,0.9203539823008849
rmftsa,knn-nosuite,0.53125,0.4,1.0,0.0,0.0,0.8623188405797102
rmftsa,knn-nosuite,0.53125,0.6,0.4242424242424242,0.0,0.0,0.8181818181818181
rmftsa,knn-nosuite,0.53125,0.8,1.0,0.0,0.0,0.6884057971014492
rmftsa,knn-nosuite,0.53125,0.6,0.9,0.0,0.0,0.9208633093525179
rmftsa,knn-nosuite,0.53125,0.8,0.9,0.0,0.0,0.8539823008849557
rmftsa,knn-nosuite,0.53125,0.6,0.7297297297297297,0.0,0.0,0.7132352941176471
rmftsa,knn-nosuite,0.53125,0.8,1.0,0.0,0.0,0.8584905660377359
rmftsa,knn-nosuite,0.53125,0.6,0.5428571428571428,0.0,0.0,0.846590909090909
rmftsa,knn-nosuite,0.53125,0.6,1.0,0.0,0.0,0.9276018099547512
rmftsa,knn-nosuite,0.53125,0.6,0.5555555555555556,0.0,0.0,0.7486033519553073
rmftsa,knn-nosuite,0.53125,0.4,0.5510204081632653,0.0,0.0,0.8666666666666668
rmftsa,knn-nosuite,0.53125,0.4,1.0,0.0,0.0,0.9414893617021278
rmftsa,knn-nosuite,0.53125,0.6,0.6153846153846154,0.0,0.0,0.6931818181818182
rmftsa,knn-nosuite,0.53125,0.4,0.9384615384615385,0.0,0.0,0.9627329192546584
rmftsa,knn-nosuite,0.53125,0.6,0.75,0.0,0.0,0.696969696969697
rmftsa,knn-nosuite,0.53125,0.6,1.0,0.0,0.0,0.6950354609929078
rmftsa,knn-nosuite,0.53125,0.4,0.8928571428571429,0.0,0.0,0.7857142857142857
rmftsa,knn-nosuite,0.53125,0.6,0.9230769230769231,0.0,0.0,0.802919708029197
rmftsa,knn-nosuite,0.53125,0.6,0.5625,0.0,0.0,0.7887323943661971
rmftsa,knn-nosuite,0.53125,0.4,0.9420289855072463,0.0,0.0,0.9473684210526315
rmftsa,knn-nosuite,0.53125,0.6,0.4545454545454545,0.0,0.0,0.9389312977099238
rmftsa,knn-nosuite,0.53125,0.8,1.0,0.0,0.0,0.8018867924528303
rmftsa,knn-nosuite,0.53125,1.0,0.9393939393939394,0.0,0.0,0.9705882352941175
rmftsa,knn-nosuite,0.53125,0.8,0.9868421052631579,0.0,0.0,0.85
rmftsa,knn-nosuite,0.53125,0.6,0.5238095238095238,0.0,0.0,0.9516129032258064
rmftsa,knn-nosuite,0.53125,0.6,0.8363636363636363,0.0,0.0,0.9491525423728813
rmftsa,knn-nosuite,0.53125,0.4,0.8867924528301888,0.0,0.0,0.6368159203980099
rmftsa,knn-nosuite,0.53125,0.6,0.7916666666666666,0.0,0.0,0.6391304347826087
rmftsa,knn-nosuite,0.53125,0.4,0.625,0.0,0.0,0.8405797101449275
rmftsa,knn-nosuite,0.53125,1.0,0.9230769230769231,0.0,0.0,0.931297709923664
rmftsa,knn-nosuite,0.53125,0.8,1.0,0.0,0.0,0.6884057971014492
rmftsa,knn-nosuite,0.53125,0.6,0.7916666666666666,0.0,0.0,0.6391304347826087
rmftsa,knn-nosuite,0.53125,0.6,0.4545454545454545,0.0,0.0,0.9595959595959596
rmftsa,knn-nosuite,0.53125,0.6,0.8181818181818181,0.0,0.0,0.7946428571428571
rmftsa,knn-nosuite,0.53125,0.6,0.8108108108108109,0.0,0.0,0.6666666666666666
banknote-authentication,knn-nosuite,1.0,1.0,1.0,0.0,0.0,1.0
banknote-authentication,knn-nosuite,1.0,1.0,1.0,0.0,0.0,1.0
banknote-authentication,knn-nosuite,1.0,1.0,1.0,0.0,0.0,1.0
banknote-authentication,knn-nosuite,1.0,1.0,0.9893617021276595,0.0,0.0,1.0
banknote-authentication,knn-nosuite,1.0,1.0,1.0,0.0,0.0,1.0
banknote-authentication,knn-nosuite,1.0,1.0,1.0,0.0,0.0,1.0
banknote-authentication,knn-nosuite,1.0,1.0,1.0,0.0,0.0,0.990521327014218
banknote-authentication,knn-nosuite,1.0,1.0,1.0,0.0,0.0,1.0
banknote-authentication,knn-nosuite,1.0,1.0,1.0,0.0,0.0,1.0
banknote-authentication,knn-nosuite,1.0,1.0,1.0,0.0,0.0,1.0
banknote-authentication,knn-nosuite,1.0,1.0,1.0,0.0,0.0,1.0
banknote-authentication,knn-nosuite,1.0,1.0,1.0,0.0,0.0,1.0
banknote-authentication,knn-nosuite,1.0,1.0,1.0,0.0,0.0,1.0
banknote-authentication,knn-nosuite,1.0,1.0,1.0,0.0,0.0,0.9967213114754099
banknote-authentication,knn-nosuite,1.0,1.0,0.9901960784313726,0.0,0.0,1.0
banknote-authentication,knn-nosuite,1.0,1.0,1.0,0.0,0.0,1.0
banknote-authentication,knn-nosuite,1.0,1.0,1.0,0.0,0.0,1.0
banknote-authentication,knn-nosuite,1.0,1.0,0.9875,0.0,0.0,1.0
banknote-authentication,knn-nosuite,1.0,1.0,1.0,0.0,0.0,0.9956521739130435
banknote-authentication,knn-nosuite,1.0,1.0,0.9901960784313726,0.0,0.0,1.0
banknote-authentication,knn-nosuite,1.0,1.0,1.0,0.0,0.0,1.0
banknote-authentication,knn-nosuite,1.0,1.0,1.0,0.0,0.0,0.9888268156424582
banknote-authentication,knn-nosuite,1.0,1.0,1.0,0.0,0.0,1.0
banknote-authentication,knn-nosuite,1.0,1.0,1.0,0.0,0.0,1.0
banknote-authentication,knn-nosuite,1.0,1.0,0.9795918367346939,0.0,0.0,1.0
banknote-authentication,knn-nosuite,1.0,1.0,1.0,0.0,0.0,1.0
banknote-authentication,knn-nosuite,1.0,1.0,0.9901960784313726,0.0,0.0,1.0
banknote-authentication,knn-nosuite,1.0,1.0,1.0,0.0,0.0,0.9948453608247423
banknote-authentication,knn-nosuite,1.0,1.0,1.0,0.0,0.0,1.0
banknote-authentication,knn-nosuite,1.0,1.0,0.980392156862745,0.0,0.0,1.0
banknote-authentication,knn-nosuite,1.0,1.0,1.0,0.0,0.0,1.0
banknote-authentication,knn-nosuite,1.0,1.0,0.9901960784313726,0.0,0.0,0.9946808510638296
banknote-authentication,knn-nosuite,1.0,1.0,1.0,0.0,0.0,1.0
banknote-authentication,knn-nosuite,1.0,1.0,1.0,0.0,0.0,1.0
banknote-authentication,knn-nosuite,1.0,1.0,1.0,0.0,0.0,1.0
banknote-authentication,knn-nosuite,1.0,1.0,1.0,0.0,0.0,1.0
banknote-authentication,knn-nosuite,1.0,1.0,1.0,0.0,0.0,1.0
banknote-authentication,knn-nosuite,1.0,1.0,1.0,0.0,0.0,1.0
banknote-authentication,knn-nosuite,1.0,1.0,1.0,0.0,0.0,0.9840425531914894
banknote-authentication,knn-nosuite,1.0,1.0,1.0,0.0,0.0,1.0
banknote-authentication,knn-nosuite,1.0,1.0,1.0,0.0,0.0,1.0
banknote-authentication,knn-nosuite,1.0,1.0,1.0,0.0,0.0,1.0
banknote-authentication,knn-nosuite,1.0,1.0,0.9787234042553191,0.0,0.0,1.0
banknote-authentication,knn-nosuite,1.0,1.0,1.0,0.0,0.0,1.0
banknote-authentication,knn-nosuite,1.0,1.0,1.0,0.0,0.0,0.9914163090128756
banknote-authentication,knn-nosuite,1.0,1.0,1.0,0.0,0.0,1.0
banknote-authentication,knn-nosuite,1.0,1.0,1.0,0.0,0.0,1.0
banknote-authentication,knn-nosuite,1.0,1.0,1.0,0.0,0.0,1.0
banknote-authentication,knn-nosuite,1.0,1.0,1.0,0.0,0.0,1.0
banknote-authentication,knn-nosuite,1.0,1.0,1.0,0.0,0.0,1.0
volcanoes-a2,knn-nosuite,0.9408866995073891,1.0,1.0,0.0,0.0,0.9962216624685138
volcanoes-a2,knn-nosuite,0.9408866995073891,1.0,1.0,0.0,0.0,0.9942396313364055
volcanoes-a2,knn-nosuite,0.9408866995073891,1.0,1.0,0.0,0.0,0.99498997995992
volcanoes-a2,knn-nosuite,0.9408866995073891,1.0,1.0,0.0,0.0,0.9977401129943504
volcanoes-a2,knn-nosuite,0.9408866995073891,0.8,1.0,0.0,0.0,0.9983818770226536
volcanoes-a2,knn-nosuite,0.9408866995073891,1.0,1.0,0.0,0.0,0.99498997995992
volcanoes-a2,knn-nosuite,0.9408866995073891,1.0,1.0,0.0,0.0,0.9954802259887006
volcanoes-a2,knn-nosuite,0.9408866995073891,1.0,1.0,0.0,0.0,0.9957983193277311
volcanoes-a2,knn-nosuite,0.9408866995073891,1.0,1.0,0.0,0.0,0.9957627118644068
volcanoes-a2,knn-nosuite,0.9408866995073891,1.0,1.0,0.0,0.0,0.9985185185185184
volcanoes-a2,knn-nosuite,0.9408866995073891,0.4,0.9724770642201837,0.0,0.0,1.0
volcanoes-a2,knn-nosuite,0.9408866995073891,1.0,1.0,0.0,0.0,0.9958448753462605
volcanoes-a2,knn-nosuite,0.9408866995073891,0.8,0.9896907216494846,0.0,0.0,0.9801762114537445
volcanoes-a2,knn-nosuite,0.9408866995073891,0.6,0.9834710743801655,0.0,0.0,1.0
volcanoes-a2,knn-nosuite,0.9408866995073891,1.0,1.0,0.0,0.0,0.997879109225875
volcanoes-a2,knn-nosuite,0.9408866995073891,1.0,1.0,0.0,0.0,0.9947423764458465
volcanoes-a2,knn-nosuite,0.9408866995073891,1.0,1.0,0.0,0.0,1.0
volcanoes-a2,knn-nosuite,0.9408866995073891,1.0,1.0,0.0,0.0,0.998046875
volcanoes-a2,knn-nosuite,0.9408866995073891,1.0,1.0,0.0,0.0,1.0
volcanoes-a2,knn-nosuite,0.9408866995073891,1.0,1.0,0.0,0.0,1.0
volcanoes-a2,knn-nosuite,0.9408866995073891,1.0,1.0,0.0,0.0,0.9985935302390999
volcanoes-a2,knn-nosuite,0.9408866995073891,1.0,1.0,0.0,0.0,0.997624703087886
volcanoes-a2,knn-nosuite,0.9408866995073891,1.0,1.0,0.0,0.0,0.9969167523124358
volcanoes-a2,knn-nosuite,0.9408866995073891,1.0,1.0,0.0,0.0,0.9955686853766619
volcanoes-a2,knn-nosuite,0.9408866995073891,1.0,1.0,0.0,0.0,0.9967741935483871
volcanoes-a2,knn-nosuite,0.9408866995073891,1.0,1.0,0.0,0.0,0.9988249118683902
volcanoes-a2,knn-nosuite,0.9408866995073891,1.0,1.0,0.0,0.0,0.9959128065395095
volcanoes-a2,knn-nosuite,0.9408866995073891,1.0,1.0,0.0,0.0,0.9946737683089214
volcanoes-a2,knn-nosuite,0.9408866995073891,1.0,1.0,0.0,0.0,0.9966517857142858
volcanoes-a2,knn-nosuite,0.9408866995073891,1.0,1.0,0.0,0.0,0.9947753396029257
volcanoes-a2,knn-nosuite,0.9408866995073891,1.0,1.0,0.0,0.0,0.9949811794228356
volcanoes-a2,knn-nosuite,0.9408866995073891,1.0,1.0,0.0,0.0,0.9978835978835979
volcanoes-a2,knn-nosuite,0.9408866995073891,1.0,1.0,0.0,0.0,0.9962358845671269
volcanoes-a2,knn-nosuite,0.9408866995073891,1.0,1.0,0.0,0.0,0.99498997995992
volcanoes-a2,knn-nosuite,0.9408866995073891,1.0,1.0,0.0,0.0,0.994934143870314
volcanoes-a2,knn-nosuite,0.9408866995073891,1.0,1.0,0.0,0.0,0.9978142076502732
volcanoes-a2,knn-nosuite,0.9408866995073891,1.0,1.0,0.0,0.0,0.9946638207043756
volcanoes-a2,knn-nosuite,0.9408866995073891,0.6,0.875,0.0,0.0,0.9910179640718562
volcanoes-a2,knn-nosuite,0.9408866995073891,1.0,1.0,0.0,0.0,0.9968520461699895
volcanoes-a2,knn-nosuite,0.9408866995073891,0.6,0.975206611570248,0.0,0.0,1.0
volcanoes-a2,knn-nosuite,0.9408866995073891,1.0,1.0,0.0,0.0,0.9937421777221527
volcanoes-a2,knn-nosuite,0.9408866995073891,1.0,1.0,0.0,0.0,0.995850622406639
volcanoes-a2,knn-nosuite,0.9408866995073891,1.0,1.0,0.0,0.0,0.9965357967667436
volcanoes-a2,knn-nosuite,0.9408866995073891,1.0,1.0,0.0,0.0,0.9951219512195122
volcanoes-a2,knn-nosuite,0.9408866995073891,1.0,1.0,0.0,0.0,0.994994994994995
volcanoes-a2,knn-nosuite,0.9408866995073891,0.6,0.7058823529411765,0.0,0.0,0.9927007299270073
volcanoes-a2,knn-nosuite,0.9408866995073891,1.0,1.0,0.0,0.0,0.9958217270194986
volcanoes-a2,knn-nosuite,0.9408866995073891,0.8,0.9917355371900827,0.0,0.0,0.9943977591036415
volcanoes-a2,knn-nosuite,0.9408866995073891,1.0,1.0,0.0,0.0,1.0
volcanoes-a2,knn-nosuite,0.9408866995073891,1.0,1.0,0.0,0.0,1.0
volcanoes-a3,knn-nosuite,0.905511811023622,0.8,1.0,0.0,0.0,0.9932735426008967
volcanoes-a3,knn-nosuite,0.905511811023622,1.0,1.0,0.0,0.0,0.9944979367262723
volcanoes-a3,knn-nosuite,0.905511811023622,0.4,0.7441860465116279,0.0,0.0,0.9924385633270323
volcanoes-a3,knn-nosuite,0.905511811023622,1.0,1.0,0.0,0.0,0.9987146529562982
volcanoes-a3,knn-nosuite,0.905511811023622,1.0,1.0,0.0,0.0,0.9987244897959183
volcanoes-a3,knn-nosuite,0.905511811023622,1.0,1.0,0.0,0.0,0.9974747474747476
volcanoes-a3,knn-nosuite,0.905511811023622,1.0,1.0,0.0,0.0,0.995945945945946
volcanoes-a3,knn-nosuite,0.905511811023622,1.0,1.0,0.0,0.0,0.9957627118644068
volcanoes-a3,knn-nosuite,0.905511811023622,0.8,1.0,0.0,0.0,0.9967585089141003
volcanoes-a3,knn-nosuite,0.905511811023622,1.0,1.0,0.0,0.0,0.998792270531401
volcanoes-a3,knn-nosuite,0.905511811023622,1.0,1.0,0.0,0.0,0.9974424552429667
volcanoes-a3,knn-nosuite,0.905511811023622,1.0,1.0,0.0,0.0,0.996951219512195
volcanoes-a3,knn-nosuite,0.905511811023622,0.8,1.0,0.0,0.0,1.0
volcanoes-a3,knn-nosuite,0.905511811023622,0.6,1.0,0.0,0.0,0.9969135802469136
volcanoes-a3,knn-nosuite,0.905511811023622,1.0,1.0,0.0,0.0,0.997737556561086
volcanoes-a3,knn-nosuite,0.905511811023622,1.0,1.0,0.0,0.0,0.9982578397212544
volcanoes-a3,knn-nosuite,0.905511811023622,1.0,1.0,0.0,0.0,1.0
volcanoes-a3,knn-nosuite,0.905511811023622,1.0,1.0,0.0,0.0,0.9956709956709957
volcanoes-a3,knn-nosuite,0.905511811023622,1.0,1.0,0.0,0.0,0.9987341772151899
volcanoes-a3,knn-nosuite,0.905511811023622,1.0,1.0,0.0,0.0,0.9948979591836735
volcanoes-a3,knn-nosuite,0.905511811023622,1.0,1.0,0.0,0.0,0.9960513326752223
volcanoes-a3,knn-nosuite,0.905511811023622,1.0,1.0,0.0,0.0,0.9961832061068703
volcanoes-a3,knn-nosuite,0.905511811023622,1.0,1.0,0.0,0.0,0.9988839285714286
volcanoes-a3,knn-nosuite,0.905511811023622,0.8,0.9901960784313726,0.0,0.0,1.0
volcanoes-a3,knn-nosuite,0.905511811023622,1.0,1.0,0.0,0.0,0.998696219035202
volcanoes-a3,knn-nosuite,0.905511811023622,1.0,1.0,0.0,0.0,0.9957761351636748
volcanoes-a3,knn-nosuite,0.905511811023622,0.8,1.0,0.0,0.0,0.9985795454545453
volcanoes-a3,knn-nosuite,0.905511811023622,1.0,1.0,0.0,0.0,0.997709049255441
volcanoes-a3,knn-nosuite,0.905511811023622,1.0,1.0,0.0,0.0,0.9978021978021978
volcanoes-a3,knn-nosuite,0.905511811023622,1.0,1.0,0.0,0.0,0.9988193624557262
volcanoes-a3,knn-nosuite,0.905511811023622,1.0,1.0,0.0,0.0,0.9955947136563876
volcanoes-a3,knn-nosuite,0.905511811023622,1.0,1.0,0.0,0.0,0.9972375690607734
volcanoes-a3,knn-nosuite,0.905511811023622,0.6,1.0,0.0,0.0,0.9985795454545453
volcanoes-a3,knn-nosuite,0.905511811023622,1.0,1.0,0.0,0.0,0.9955489614243322
volcanoes-a3,knn-nosuite,0.905511811023622,1.0,1.0,0.0,0.0,0.9955995599559955
volcanoes-a3,knn-nosuite,0.905511811023622,0.8,1.0,0.0,0.0,1.0
volcanoes-a3,knn-nosuite,0.905511811023622,1.0,1.0,0.0,0.0,0.9953216374269006
volcanoes-a3,knn-nosuite,0.905511811023622,1.0,1.0,0.0,0.0,0.9989106753812637
volcanoes-a3,knn-nosuite,0.905511811023622,0.8,0.9902912621359224,0.0,0.0,0.9941860465116278
volcanoes-a3,knn-nosuite,0.905511811023622,1.0,1.0,0.0,0.0,0.9957081545064378
volcanoes-a3,knn-nosuite,0.905511811023622,1.0,1.0,0.0,0.0,0.9977064220183486
volcanoes-a3,knn-nosuite,0.905511811023622,0.8,0.8,0.0,0.0,0.8372093023255814
volcanoes-a3,knn-nosuite,0.905511811023622,1.0,1.0,0.0,0.0,0.9987228607918264
volcanoes-a3,knn-nosuite,0.905511811023622,1.0,1.0,0.0,0.0,0.9987515605493134
volcanoes-a3,knn-nosuite,0.905511811023622,0.8,1.0,0.0,0.0,1.0
volcanoes-a3,knn-nosuite,0.905511811023622,1.0,1.0,0.0,0.0,0.9957081545064378
volcanoes-a3,knn-nosuite,0.905511811023622,1.0,1.0,0.0,0.0,0.9984917043740573
volcanoes-a3,knn-nosuite,0.905511811023622,1.0,1.0,0.0,0.0,0.9950433705080546
volcanoes-a3,knn-nosuite,0.905511811023622,1.0,1.0,0.0,0.0,0.9989484752891693
volcanoes-a3,knn-nosuite,0.905511811023622,1.0,1.0,0.0,0.0,1.0
volcanoes-a4,knn-nosuite,0.899736147757256,1.0,1.0,0.0,0.0,0.9940059940059939
volcanoes-a4,knn-nosuite,0.899736147757256,1.0,1.0,0.0,0.0,0.9985775248933144
volcanoes-a4,knn-nosuite,0.899736147757256,0.6,0.6190476190476191,0.0,0.0,0.5607476635514018
volcanoes-a4,knn-nosuite,0.899736147757256,1.0,1.0,0.0,0.0,0.9918367346938777
volcanoes-a4,knn-nosuite,0.899736147757256,1.0,1.0,0.0,0.0,0.9955995599559955
volcanoes-a4,knn-nosuite,0.899736147757256,0.4,0.4,0.0,0.0,0.9644970414201184
volcanoes-a4,knn-nosuite,0.899736147757256,1.0,1.0,0.0,0.0,1.0
volcanoes-a4,knn-nosuite,0.899736147757256,0.8,0.9911504424778761,0.0,0.0,0.9966722129783694
volcanoes-a4,knn-nosuite,0.899736147757256,1.0,1.0,0.0,0.0,0.9968404423380728
volcanoes-a4,knn-nosuite,0.899736147757256,1.0,1.0,0.0,0.0,1.0
volcanoes-a4,knn-nosuite,0.899736147757256,1.0,1.0,0.0,0.0,0.9939879759519037
volcanoes-a4,knn-nosuite,0.899736147757256,0.8,1.0,0.0,0.0,1.0
volcanoes-a4,knn-nosuite,0.899736147757256,1.0,1.0,0.0,0.0,0.9938712972420838
volcanoes-a4,knn-nosuite,0.899736147757256,1.0,1.0,0.0,0.0,0.9938271604938272
volcanoes-a4,knn-nosuite,0.899736147757256,1.0,1.0,0.0,0.0,0.9930635838150289
volcanoes-a4,knn-nosuite,0.899736147757256,1.0,1.0,0.0,0.0,0.99860529986053
volcanoes-a4,knn-nosuite,0.899736147757256,1.0,1.0,0.0,0.0,0.9987113402061855
volcanoes-a4,knn-nosuite,0.899736147757256,1.0,1.0,0.0,0.0,0.9929859719438878
volcanoes-a4,knn-nosuite,0.899736147757256,1.0,1.0,0.0,0.0,1.0
volcanoes-a4,knn-nosuite,0.899736147757256,1.0,1.0,0.0,0.0,0.9928486293206198
volcanoes-a4,knn-nosuite,0.899736147757256,1.0,1.0,0.0,0.0,0.9923076923076923
volcanoes-a4,knn-nosuite,0.899736147757256,0.6,0.6190476190476191,0.0,0.0,0.6629213483146067
volcanoes-a4,knn-nosuite,0.899736147757256,1.0,1.0,0.0,0.0,0.9969293756397134
volcanoes-a4,knn-nosuite,0.899736147757256,1.0,1.0,0.0,0.0,0.993933265925177
volcanoes-a4,knn-nosuite,0.899736147757256,0.4,0.9873417721518989,0.0,0.0,0.9253731343283583
volcanoes-a4,knn-nosuite,0.899736147757256,1.0,1.0,0.0,0.0,0.9936575052854122
volcanoes-a4,knn-nosuite,0.899736147757256,1.0,1.0,0.0,0.0,0.9985875706214691
volcanoes-a4,knn-nosuite,0.899736147757256,0.4,0.6,0.0,0.0,0.9465648854961832
volcanoes-a4,knn-nosuite,0.899736147757256,1.0,1.0,0.0,0.0,0.9924528301886791
volcanoes-a4,knn-nosuite,0.899736147757256,1.0,1.0,0.0,0.0,0.9986168741355463
volcanoes-a4,knn-nosuite,0.899736147757256,0.8,1.0,0.0,0.0,0.9922779922779924
volcanoes-a4,knn-nosuite,0.899736147757256,1.0,1.0,0.0,0.0,1.0
volcanoes-a4,knn-nosuite,0.899736147757256,1.0,0.9911504424778761,0.0,0.0,0.99302649930265
volcanoes-a4,knn-nosuite,0.899736147757256,1.0,1.0,0.0,0.0,1.0
volcanoes-a4,knn-nosuite,0.899736147757256,0.4,0.36363636363636365,0.0,0.0,0.7023809523809523
volcanoes-a4,knn-nosuite,0.899736147757256,0.8,1.0,0.0,0.0,0.9964200477326969
volcanoes-a4,knn-nosuite,0.899736147757256,0.8,1.0,0.0,0.0,0.9972640218878249
volcanoes-a4,knn-nosuite,0.899736147757256,1.0,1.0,0.0,0.0,0.9937694704049844
volcanoes-a4,knn-nosuite,0.899736147757256,0.8,1.0,0.0,0.0,0.9960732984293192
volcanoes-a4,knn-nosuite,0.899736147757256,0.6,0.68,0.0,0.0,0.989010989010989
volcanoes-a4,knn-nosuite,0.899736147757256,1.0,1.0,0.0,0.0,0.9976442873969376
volcanoes-a4,knn-nosuite,0.899736147757256,1.0,0.9875,0.0,0.0,0.9925233644859814
volcanoes-a4,knn-nosuite,0.899736147757256,1.0,1.0,0.0,0.0,1.0
volcanoes-a4,knn-nosuite,0.899736147757256,1.0,1.0,0.0,0.0,0.99721059972106
volcanoes-a4,knn-nosuite,0.899736147757256,1.0,1.0,0.0,0.0,1.0
volcanoes-a4,knn-nosuite,0.899736147757256,1.0,1.0,0.0,0.0,0.9978494623655914
volcanoes-a4,knn-nosuite,0.899736147757256,1.0,1.0,0.0,0.0,0.997677119628339
volcanoes-a4,knn-nosuite,0.899736147757256,1.0,1.0,0.0,0.0,0.9977949283351709
volcanoes-a4,knn-nosuite,0.899736147757256,0.8,1.0,0.0,0.0,0.9983792544570502
volcanoes-a4,knn-nosuite,0.899736147757256,1.0,1.0,0.0,0.0,0.9979360165118679
yeast,knn-nosuite,0.5929919137466307,0.8,0.9259259259259259,0.0,0.0,0.973404255319149
yeast,knn-nosuite,0.5929919137466307,1.0,0.9318181818181819,0.0,0.0,1.0
yeast,knn-nosuite,0.5929919137466307,0.6,0.8837209302325582,0.0,0.0,0.9937888198757763
yeast,knn-nosuite,0.5929919137466307,0.6,1.0,0.0,0.0,0.9939024390243902
yeast,knn-nosuite,0.5929919137466307,0.6,1.0,0.0,0.0,0.9915966386554622
yeast,knn-nosuite,0.5929919137466307,0.4,0.875,0.0,0.0,0.9960629921259843
yeast,knn-nosuite,0.5929919137466307,0.6,0.8367346938775511,0.0,0.0,0.9185185185185185
yeast,knn-nosuite,0.5929919137466307,0.4,0.9285714285714286,0.0,0.0,0.855595667870036
yeast,knn-nosuite,0.5929919137466307,0.4,1.0,0.0,0.0,0.967741935483871
yeast,knn-nosuite,0.5929919137466307,0.8,1.0,0.0,0.0,0.9896907216494846
yeast,knn-nosuite,0.5929919137466307,0.6,1.0,0.0,0.0,0.9955752212389382
yeast,knn-nosuite,0.5929919137466307,0.6,0.8666666666666668,0.0,0.0,0.9840425531914894
yeast,knn-nosuite,0.5929919137466307,0.6,0.962962962962963,0.0,0.0,1.0
yeast,knn-nosuite,0.5929919137466307,0.6,0.9830508474576272,0.0,0.0,1.0
yeast,knn-nosuite,0.5929919137466307,0.6,1.0,0.0,0.0,0.9924812030075187
yeast,knn-nosuite,0.5929919137466307,0.8,0.8985507246376813,0.0,0.0,0.986111111111111
yeast,knn-nosuite,0.5929919137466307,0.8,0.8947368421052632,0.0,0.0,0.975609756097561
yeast,knn-nosuite,0.5929919137466307,0.6,0.9565217391304348,0.0,0.0,1.0
yeast,knn-nosuite,0.5929919137466307,0.6,1.0,0.0,0.0,0.8648648648648649
yeast,knn-nosuite,0.5929919137466307,0.8,1.0,0.0,0.0,1.0
yeast,knn-nosuite,0.5929919137466307,0.6,0.8,0.0,0.0,0.9947643979057592
yeast,knn-nosuite,0.5929919137466307,0.8,0.9230769230769231,0.0,0.0,0.9380952380952381
yeast,knn-nosuite,0.5929919137466307,0.6,1.0,0.0,0.0,0.9948186528497409
yeast,knn-nosuite,0.5929919137466307,0.6,0.967741935483871,0.0,0.0,0.8854166666666666
yeast,knn-nosuite,0.5929919137466307,0.4,1.0,0.0,0.0,0.959409594095941
yeast,knn-nosuite,0.5929919137466307,0.6,0.8,0.0,0.0,1.0
yeast,knn-nosuite,0.5929919137466307,0.6,0.875,0.0,0.0,0.9226190476190477
yeast,knn-nosuite,0.5929919137466307,0.8,0.8333333333333334,0.0,0.0,0.9565217391304348
yeast,knn-nosuite,0.5929919137466307,0.8,0.8333333333333334,0.0,0.0,0.988795518207283
yeast,knn-nosuite,0.5929919137466307,0.6,0.7142857142857143,0.0,0.0,0.9429657794676805
yeast,knn-nosuite,0.5929919137466307,1.0,1.0,0.0,0.0,0.96875
yeast,knn-nosuite,0.5929919137466307,0.8,1.0,0.0,0.0,0.9815950920245399
yeast,knn-nosuite,0.5929919137466307,0.6,0.9268292682926831,0.0,0.0,0.9542483660130718
yeast,knn-nosuite,0.5929919137466307,0.8,0.9423076923076923,0.0,0.0,1.0
yeast,knn-nosuite,0.5929919137466307,0.8,0.9487179487179487,0.0,0.0,0.9952153110047848
yeast,knn-nosuite,0.5929919137466307,0.6,0.8,0.0,0.0,1.0
yeast,knn-nosuite,0.5929919137466307,1.0,0.96,0.0,0.0,0.9876543209876543
yeast,knn-nosuite,0.5929919137466307,1.0,1.0,0.0,0.0,1.0
yeast,knn-nosuite,0.5929919137466307,0.6,0.8,0.0,0.0,0.994475138121547
yeast,knn-nosuite,0.5929919137466307,0.6,0.8333333333333334,0.0,0.0,1.0
yeast,knn-nosuite,0.5929919137466307,0.6,0.82,0.0,0.0,0.9716494845360824
yeast,knn-nosuite,0.5929919137466307,0.6,0.9230769230769231,0.0,0.0,0.8804347826086957
yeast,knn-nosuite,0.5929919137466307,0.6,1.0,0.0,0.0,0.8828125
yeast,knn-nosuite,0.5929919137466307,0.6,0.9512195121951219,0.0,0.0,0.9343065693430657
yeast,knn-nosuite,0.5929919137466307,0.6,0.9696969696969697,0.0,0.0,1.0
yeast,knn-nosuite,0.5929919137466307,0.4,0.96875,0.0,0.0,0.9864864864864865
yeast,knn-nosuite,0.5929919137466307,0.6,0.6666666666666666,0.0,0.0,0.9548022598870055
yeast,knn-nosuite,0.5929919137466307,1.0,1.0,0.0,0.0,0.9789915966386553
yeast,knn-nosuite,0.5929919137466307,1.0,1.0,0.0,0.0,0.990990990990991
rmftsa,knn-nosuite,0.53125,0.4,0.675,0.0,0.0,0.723404255319149
rmftsa,knn-nosuite,0.53125,0.4,0.5625,0.0,0.0,0.7142857142857143
rmftsa,knn-nosuite,0.53125,0.4,0.6428571428571429,0.0,0.0,0.8762886597938145
rmftsa,knn-nosuite,0.53125,0.4,0.875,0.0,0.0,0.6635514018691588
rmftsa,knn-nosuite,0.53125,0.6,1.0,0.0,0.0,0.9705882352941175
rmftsa,knn-nosuite,0.53125,0.8,1.0,0.0,0.0,0.9568345323741008
rmftsa,knn-nosuite,0.53125,0.4,0.8378378378378379,0.0,0.0,0.8313253012048193
rmftsa,knn-nosuite,0.53125,1.0,1.0,0.0,0.0,0.7560975609756098
rmftsa,knn-nosuite,0.53125,0.4,0.5609756097560976,0.0,0.0,0.4789915966386554
rmftsa,knn-nosuite,0.53125,0.8,1.0,0.0,0.0,0.6884057971014492
rmftsa,knn-nosuite,0.53125,1.0,1.0,0.0,0.0,0.8676844783715014
rmftsa,knn-nosuite,0.53125,0.6,1.0,0.0,0.0,0.9928057553956835
rmftsa,knn-nosuite,0.53125,0.4,0.8928571428571429,0.0,0.0,0.7884615384615384
rmftsa,knn-nosuite,0.53125,0.6,0.9230769230769231,0.0,0.0,0.802919708029197
rmftsa,knn-nosuite,0.53125,0.4,1.0,0.0,0.0,0.9203539823008849
rmftsa,knn-nosuite,0.53125,0.4,1.0,0.0,0.0,0.8623188405797102
rmftsa,knn-nosuite,0.53125,0.6,0.4242424242424242,0.0,0.0,0.8181818181818181
rmftsa,knn-nosuite,0.53125,0.8,1.0,0.0,0.0,0.6884057971014492
rmftsa,knn-nosuite,0.53125,0.6,0.9,0.0,0.0,0.9208633093525179
rmftsa,knn-nosuite,0.53125,0.8,0.9,0.0,0.0,0.8539823008849557
rmftsa,knn-nosuite,0.53125,0.6,0.7297297297297297,0.0,0.0,0.7132352941176471
rmftsa,knn-nosuite,0.53125,0.8,1.0,0.0,0.0,0.8584905660377359
rmftsa,knn-nosuite,0.53125,0.6,0.5428571428571428,0.0,0.0,0.846590909090909
rmftsa,knn-nosuite,0.53125,0.6,1.0,0.0,0.0,0.9276018099547512
rmftsa,knn-nosuite,0.53125,0.6,0.5555555555555556,0.0,0.0,0.7486033519553073
rmftsa,knn-nosuite,0.53125,0.4,0.5510204081632653,0.0,0.0,0.8666666666666668
rmftsa,knn-nosuite,0.53125,0.4,1.0,0.0,0.0,0.9414893617021278
rmftsa,knn-nosuite,0.53125,0.6,0.6153846153846154,0.0,0.0,0.6931818181818182
rmftsa,knn-nosuite,0.53125,0.4,0.9384615384615385,0.0,0.0,0.9627329192546584
rmftsa,knn-nosuite,0.53125,0.6,0.75,0.0,0.0,0.696969696969697
rmftsa,knn-nosuite,0.53125,0.6,1.0,0.0,0.0,0.6950354609929078
rmftsa,knn-nosuite,0.53125,0.4,0.8928571428571429,0.0,0.0,0.7857142857142857
rmftsa,knn-nosuite,0.53125,0.6,0.9230769230769231,0.0,0.0,0.802919708029197
rmftsa,knn-nosuite,0.53125,0.6,0.5625,0.0,0.0,0.7887323943661971
rmftsa,knn-nosuite,0.53125,0.4,0.9420289855072463,0.0,0.0,0.9473684210526315
rmftsa,knn-nosuite,0.53125,0.6,0.4545454545454545,0.0,0.0,0.9389312977099238
rmftsa,knn-nosuite,0.53125,0.8,1.0,0.0,0.0,0.8018867924528303
rmftsa,knn-nosuite,0.53125,1.0,0.9393939393939394,0.0,0.0,0.9705882352941175
rmftsa,knn-nosuite,0.53125,0.8,0.9868421052631579,0.0,0.0,0.85
rmftsa,knn-nosuite,0.53125,0.6,0.5238095238095238,0.0,0.0,0.9516129032258064
rmftsa,knn-nosuite,0.53125,0.6,0.8363636363636363,0.0,0.0,0.9491525423728813
rmftsa,knn-nosuite,0.53125,0.4,0.8867924528301888,0.0,0.0,0.6368159203980099
rmftsa,knn-nosuite,0.53125,0.6,0.7916666666666666,0.0,0.0,0.6391304347826087
rmftsa,knn-nosuite,0.53125,0.4,0.625,0.0,0.0,0.8405797101449275
rmftsa,knn-nosuite,0.53125,1.0,0.9230769230769231,0.0,0.0,0.931297709923664
rmftsa,knn-nosuite,0.53125,0.8,1.0,0.0,0.0,0.6884057971014492
rmftsa,knn-nosuite,0.53125,0.6,0.7916666666666666,0.0,0.0,0.6391304347826087
rmftsa,knn-nosuite,0.53125,0.6,0.4545454545454545,0.0,0.0,0.9595959595959596
rmftsa,knn-nosuite,0.53125,0.6,0.8181818181818181,0.0,0.0,0.7946428571428571
rmftsa,knn-nosuite,0.53125,0.6,0.8108108108108109,0.0,0.0,0.6666666666666666
banknote-authentication,knn-nosuite,1.0,1.0,1.0,0.0,0.0,1.0
banknote-authentication,knn-nosuite,1.0,1.0,1.0,0.0,0.0,1.0
banknote-authentication,knn-nosuite,1.0,1.0,1.0,0.0,0.0,1.0
banknote-authentication,knn-nosuite,1.0,1.0,0.9893617021276595,0.0,0.0,1.0
banknote-authentication,knn-nosuite,1.0,1.0,1.0,0.0,0.0,1.0
banknote-authentication,knn-nosuite,1.0,1.0,1.0,0.0,0.0,1.0
banknote-authentication,knn-nosuite,1.0,1.0,1.0,0.0,0.0,0.990521327014218
banknote-authentication,knn-nosuite,1.0,1.0,1.0,0.0,0.0,1.0
banknote-authentication,knn-nosuite,1.0,1.0,1.0,0.0,0.0,1.0
banknote-authentication,knn-nosuite,1.0,1.0,1.0,0.0,0.0,1.0
banknote-authentication,knn-nosuite,1.0,1.0,1.0,0.0,0.0,1.0
banknote-authentication,knn-nosuite,1.0,1.0,1.0,0.0,0.0,1.0
banknote-authentication,knn-nosuite,1.0,1.0,1.0,0.0,0.0,1.0
banknote-authentication,knn-nosuite,1.0,1.0,1.0,0.0,0.0,0.9967213114754099
banknote-authentication,knn-nosuite,1.0,1.0,0.9901960784313726,0.0,0.0,1.0
banknote-authentication,knn-nosuite,1.0,1.0,1.0,0.0,0.0,1.0
banknote-authentication,knn-nosuite,1.0,1.0,1.0,0.0,0.0,1.0
banknote-authentication,knn-nosuite,1.0,1.0,0.9875,0.0,0.0,1.0
banknote-authentication,knn-nosuite,1.0,1.0,1.0,0.0,0.0,0.9956521739130435
banknote-authentication,knn-nosuite,1.0,1.0,0.9901960784313726,0.0,0.0,1.0
banknote-authentication,knn-nosuite,1.0,1.0,1.0,0.0,0.0,1.0
banknote-authentication,knn-nosuite,1.0,1.0,1.0,0.0,0.0,0.9888268156424582
banknote-authentication,knn-nosuite,1.0,1.0,1.0,0.0,0.0,1.0
banknote-authentication,knn-nosuite,1.0,1.0,1.0,0.0,0.0,1.0
banknote-authentication,knn-nosuite,1.0,1.0,0.9795918367346939,0.0,0.0,1.0
banknote-authentication,knn-nosuite,1.0,1.0,1.0,0.0,0.0,1.0
banknote-authentication,knn-nosuite,1.0,1.0,0.9901960784313726,0.0,0.0,1.0
banknote-authentication,knn-nosuite,1.0,1.0,1.0,0.0,0.0,0.9948453608247423
banknote-authentication,knn-nosuite,1.0,1.0,1.0,0.0,0.0,1.0
banknote-authentication,knn-nosuite,1.0,1.0,0.980392156862745,0.0,0.0,1.0
banknote-authentication,knn-nosuite,1.0,1.0,1.0,0.0,0.0,1.0
banknote-authentication,knn-nosuite,1.0,1.0,0.9901960784313726,0.0,0.0,0.9946808510638296
banknote-authentication,knn-nosuite,1.0,1.0,1.0,0.0,0.0,1.0
banknote-authentication,knn-nosuite,1.0,1.0,1.0,0.0,0.0,1.0
banknote-authentication,knn-nosuite,1.0,1.0,1.0,0.0,0.0,1.0
banknote-authentication,knn-nosuite,1.0,1.0,1.0,0.0,0.0,1.0
banknote-authentication,knn-nosuite,1.0,1.0,1.0,0.0,0.0,1.0
banknote-authentication,knn-nosuite,1.0,1.0,1.0,0.0,0.0,1.0
banknote-authentication,knn-nosuite,1.0,1.0,1.0,0.0,0.0,0.9840425531914894
banknote-authentication,knn-nosuite,1.0,1.0,1.0,0.0,0.0,1.0
banknote-authentication,knn-nosuite,1.0,1.0,1.0,0.0,0.0,1.0
banknote-authentication,knn-nosuite,1.0,1.0,1.0,0.0,0.0,1.0
banknote-authentication,knn-nosuite,1.0,1.0,0.9787234042553191,0.0,0.0,1.0
banknote-authentication,knn-nosuite,1.0,1.0,1.0,0.0,0.0,1.0
banknote-authentication,knn-nosuite,1.0,1.0,1.0,0.0,0.0,0.9914163090128756
banknote-authentication,knn-nosuite,1.0,1.0,1.0,0.0,0.0,1.0
banknote-authentication,knn-nosuite,1.0,1.0,1.0,0.0,0.0,1.0
banknote-authentication,knn-nosuite,1.0,1.0,1.0,0.0,0.0,1.0
banknote-authentication,knn-nosuite,1.0,1.0,1.0,0.0,0.0,1.0
banknote-authentication,knn-nosuite,1.0,1.0,1.0,0.0,0.0,1.0
volcanoes-a2,knn-nosuite,0.9408866995073891,1.0,1.0,0.0,0.0,0.9962216624685138
volcanoes-a2,knn-nosuite,0.9408866995073891,1.0,1.0,0.0,0.0,0.9942396313364055
volcanoes-a2,knn-nosuite,0.9408866995073891,1.0,1.0,0.0,0.0,0.99498997995992
volcanoes-a2,knn-nosuite,0.9408866995073891,1.0,1.0,0.0,0.0,0.9977401129943504
volcanoes-a2,knn-nosuite,0.9408866995073891,0.8,1.0,0.0,0.0,0.9983818770226536
volcanoes-a2,knn-nosuite,0.9408866995073891,1.0,1.0,0.0,0.0,0.99498997995992
volcanoes-a2,knn-nosuite,0.9408866995073891,1.0,1.0,0.0,0.0,0.9954802259887006
volcanoes-a2,knn-nosuite,0.9408866995073891,1.0,1.0,0.0,0.0,0.9957983193277311
volcanoes-a2,knn-nosuite,0.9408866995073891,1.0,1.0,0.0,0.0,0.9957627118644068
volcanoes-a2,knn-nosuite,0.9408866995073891,1.0,1.0,0.0,0.0,0.9985185185185184
volcanoes-a2,knn-nosuite,0.9408866995073891,0.4,0.9724770642201837,0.0,0.0,1.0
volcanoes-a2,knn-nosuite,0.9408866995073891,1.0,1.0,0.0,0.0,0.9958448753462605
volcanoes-a2,knn-nosuite,0.9408866995073891,0.8,0.9896907216494846,0.0,0.0,0.9801762114537445
volcanoes-a2,knn-nosuite,0.9408866995073891,0.6,0.9834710743801655,0.0,0.0,1.0
volcanoes-a2,knn-nosuite,0.9408866995073891,1.0,1.0,0.0,0.0,0.997879109225875
volcanoes-a2,knn-nosuite,0.9408866995073891,1.0,1.0,0.0,0.0,0.9947423764458465
volcanoes-a2,knn-nosuite,0.9408866995073891,1.0,1.0,0.0,0.0,1.0
volcanoes-a2,knn-nosuite,0.9408866995073891,1.0,1.0,0.0,0.0,0.998046875
volcanoes-a2,knn-nosuite,0.9408866995073891,1.0,1.0,0.0,0.0,1.0
volcanoes-a2,knn-nosuite,0.9408866995073891,1.0,1.0,0.0,0.0,1.0
volcanoes-a2,knn-nosuite,0.9408866995073891,1.0,1.0,0.0,0.0,0.9985935302390999
volcanoes-a2,knn-nosuite,0.9408866995073891,1.0,1.0,0.0,0.0,0.997624703087886
volcanoes-a2,knn-nosuite,0.9408866995073891,1.0,1.0,0.0,0.0,0.9969167523124358
volcanoes-a2,knn-nosuite,0.9408866995073891,1.0,1.0,0.0,0.0,0.9955686853766619
volcanoes-a2,knn-nosuite,0.9408866995073891,1.0,1.0,0.0,0.0,0.9967741935483871
volcanoes-a2,knn-nosuite,0.9408866995073891,1.0,1.0,0.0,0.0,0.9988249118683902
volcanoes-a2,knn-nosuite,0.9408866995073891,1.0,1.0,0.0,0.0,0.9959128065395095
volcanoes-a2,knn-nosuite,0.9408866995073891,1.0,1.0,0.0,0.0,0.9946737683089214
volcanoes-a2,knn-nosuite,0.9408866995073891,1.0,1.0,0.0,0.0,0.9966517857142858
volcanoes-a2,knn-nosuite,0.9408866995073891,1.0,1.0,0.0,0.0,0.9947753396029257
volcanoes-a2,knn-nosuite,0.9408866995073891,1.0,1.0,0.0,0.0,0.9949811794228356
volcanoes-a2,knn-nosuite,0.9408866995073891,1.0,1.0,0.0,0.0,0.9978835978835979
volcanoes-a2,knn-nosuite,0.9408866995073891,1.0,1.0,0.0,0.0,0.9962358845671269
volcanoes-a2,knn-nosuite,0.9408866995073891,1.0,1.0,0.0,0.0,0.99498997995992
volcanoes-a2,knn-nosuite,0.9408866995073891,1.0,1.0,0.0,0.0,0.994934143870314
volcanoes-a2,knn-nosuite,0.9408866995073891,1.0,1.0,0.0,0.0,0.9978142076502732
volcanoes-a2,knn-nosuite,0.9408866995073891,1.0,1.0,0.0,0.0,0.9946638207043756
volcanoes-a2,knn-nosuite,0.9408866995073891,0.6,0.875,0.0,0.0,0.9910179640718562
volcanoes-a2,knn-nosuite,0.9408866995073891,1.0,1.0,0.0,0.0,0.9968520461699895
volcanoes-a2,knn-nosuite,0.9408866995073891,0.6,0.975206611570248,0.0,0.0,1.0
volcanoes-a2,knn-nosuite,0.9408866995073891,1.0,1.0,0.0,0.0,0.9937421777221527
volcanoes-a2,knn-nosuite,0.9408866995073891,1.0,1.0,0.0,0.0,0.995850622406639
volcanoes-a2,knn-nosuite,0.9408866995073891,1.0,1.0,0.0,0.0,0.9965357967667436
volcanoes-a2,knn-nosuite,0.9408866995073891,1.0,1.0,0.0,0.0,0.9951219512195122
volcanoes-a2,knn-nosuite,0.9408866995073891,1.0,1.0,0.0,0.0,0.994994994994995
volcanoes-a2,knn-nosuite,0.9408866995073891,0.6,0.7058823529411765,0.0,0.0,0.9927007299270073
volcanoes-a2,knn-nosuite,0.9408866995073891,1.0,1.0,0.0,0.0,0.9958217270194986
volcanoes-a2,knn-nosuite,0.9408866995073891,0.8,0.9917355371900827,0.0,0.0,0.9943977591036415
volcanoes-a2,knn-nosuite,0.9408866995073891,1.0,1.0,0.0,0.0,1.0
volcanoes-a2,knn-nosuite,0.9408866995073891,1.0,1.0,0.0,0.0,1.0
volcanoes-a3,knn-nosuite,0.905511811023622,0.8,1.0,0.0,0.0,0.9932735426008967
volcanoes-a3,knn-nosuite,0.905511811023622,1.0,1.0,0.0,0.0,0.9944979367262723
volcanoes-a3,knn-nosuite,0.905511811023622,0.4,0.7441860465116279,0.0,0.0,0.9924385633270323
volcanoes-a3,knn-nosuite,0.905511811023622,1.0,1.0,0.0,0.0,0.9987146529562982
volcanoes-a3,knn-nosuite,0.905511811023622,1.0,1.0,0.0,0.0,0.9987244897959183
volcanoes-a3,knn-nosuite,0.905511811023622,1.0,1.0,0.0,0.0,0.9974747474747476
volcanoes-a3,knn-nosuite,0.905511811023622,1.0,1.0,0.0,0.0,0.995945945945946
volcanoes-a3,knn-nosuite,0.905511811023622,1.0,1.0,0.0,0.0,0.9957627118644068
volcanoes-a3,knn-nosuite,0.905511811023622,0.8,1.0,0.0,0.0,0.9967585089141003
volcanoes-a3,knn-nosuite,0.905511811023622,1.0,1.0,0.0,0.0,0.998792270531401
volcanoes-a3,knn-nosuite,0.905511811023622,1.0,1.0,0.0,0.0,0.9974424552429667
volcanoes-a3,knn-nosuite,0.905511811023622,1.0,1.0,0.0,0.0,0.996951219512195
volcanoes-a3,knn-nosuite,0.905511811023622,0.8,1.0,0.0,0.0,1.0
volcanoes-a3,knn-nosuite,0.905511811023622,0.6,1.0,0.0,0.0,0.9969135802469136
volcanoes-a3,knn-nosuite,0.905511811023622,1.0,1.0,0.0,0.0,0.997737556561086
volcanoes-a3,knn-nosuite,0.905511811023622,1.0,1.0,0.0,0.0,0.9982578397212544
volcanoes-a3,knn-nosuite,0.905511811023622,1.0,1.0,0.0,0.0,1.0
volcanoes-a3,knn-nosuite,0.905511811023622,1.0,1.0,0.0,0.0,0.9956709956709957
volcanoes-a3,knn-nosuite,0.905511811023622,1.0,1.0,0.0,0.0,0.9987341772151899
volcanoes-a3,knn-nosuite,0.905511811023622,1.0,1.0,0.0,0.0,0.9948979591836735
volcanoes-a3,knn-nosuite,0.905511811023622,1.0,1.0,0.0,0.0,0.9960513326752223
volcanoes-a3,knn-nosuite,0.905511811023622,1.0,1.0,0.0,0.0,0.9961832061068703
volcanoes-a3,knn-nosuite,0.905511811023622,1.0,1.0,0.0,0.0,0.9988839285714286
volcanoes-a3,knn-nosuite,0.905511811023622,0.8,0.9901960784313726,0.0,0.0,1.0
volcanoes-a3,knn-nosuite,0.905511811023622,1.0,1.0,0.0,0.0,0.998696219035202
volcanoes-a3,knn-nosuite,0.905511811023622,1.0,1.0,0.0,0.0,0.9957761351636748
volcanoes-a3,knn-nosuite,0.905511811023622,0.8,1.0,0.0,0.0,0.9985795454545453
volcanoes-a3,knn-nosuite,0.905511811023622,1.0,1.0,0.0,0.0,0.997709049255441
volcanoes-a3,knn-nosuite,0.905511811023622,1.0,1.0,0.0,0.0,0.9978021978021978
volcanoes-a3,knn-nosuite,0.905511811023622,1.0,1.0,0.0,0.0,0.9988193624557262
volcanoes-a3,knn-nosuite,0.905511811023622,1.0,1.0,0.0,0.0,0.9955947136563876
volcanoes-a3,knn-nosuite,0.905511811023622,1.0,1.0,0.0,0.0,0.9972375690607734
volcanoes-a3,knn-nosuite,0.905511811023622,0.6,1.0,0.0,0.0,0.9985795454545453
volcanoes-a3,knn-nosuite,0.905511811023622,1.0,1.0,0.0,0.0,0.9955489614243322
volcanoes-a3,knn-nosuite,0.905511811023622,1.0,1.0,0.0,0.0,0.9955995599559955
volcanoes-a3,knn-nosuite,0.905511811023622,0.8,1.0,0.0,0.0,1.0
volcanoes-a3,knn-nosuite,0.905511811023622,1.0,1.0,0.0,0.0,0.9953216374269006
volcanoes-a3,knn-nosuite,0.905511811023622,1.0,1.0,0.0,0.0,0.9989106753812637
volcanoes-a3,knn-nosuite,0.905511811023622,0.8,0.9902912621359224,0.0,0.0,0.9941860465116278
volcanoes-a3,knn-nosuite,0.905511811023622,1.0,1.0,0.0,0.0,0.9957081545064378
volcanoes-a3,knn-nosuite,0.905511811023622,1.0,1.0,0.0,0.0,0.9977064220183486
volcanoes-a3,knn-nosuite,0.905511811023622,0.8,0.8,0.0,0.0,0.8372093023255814
volcanoes-a3,knn-nosuite,0.905511811023622,1.0,1.0,0.0,0.0,0.9987228607918264
volcanoes-a3,knn-nosuite,0.905511811023622,1.0,1.0,0.0,0.0,0.9987515605493134
volcanoes-a3,knn-nosuite,0.905511811023622,0.8,1.0,0.0,0.0,1.0
volcanoes-a3,knn-nosuite,0.905511811023622,1.0,1.0,0.0,0.0,0.9957081545064378
volcanoes-a3,knn-nosuite,0.905511811023622,1.0,1.0,0.0,0.0,0.9984917043740573
volcanoes-a3,knn-nosuite,0.905511811023622,1.0,1.0,0.0,0.0,0.9950433705080546
volcanoes-a3,knn-nosuite,0.905511811023622,1.0,1.0,0.0,0.0,0.9989484752891693
volcanoes-a3,knn-nosuite,0.905511811023622,1.0,1.0,0.0,0.0,1.0
volcanoes-a4,knn-nosuite,0.899736147757256,1.0,1.0,0.0,0.0,0.9940059940059939
volcanoes-a4,knn-nosuite,0.899736147757256,1.0,1.0,0.0,0.0,0.9985775248933144
volcanoes-a4,knn-nosuite,0.899736147757256,0.6,0.6190476190476191,0.0,0.0,0.5607476635514018
volcanoes-a4,knn-nosuite,0.899736147757256,1.0,1.0,0.0,0.0,0.9918367346938777
volcanoes-a4,knn-nosuite,0.899736147757256,1.0,1.0,0.0,0.0,0.9955995599559955
volcanoes-a4,knn-nosuite,0.899736147757256,0.4,0.4,0.0,0.0,0.9644970414201184
volcanoes-a4,knn-nosuite,0.899736147757256,1.0,1.0,0.0,0.0,1.0
volcanoes-a4,knn-nosuite,0.899736147757256,0.8,0.9911504424778761,0.0,0.0,0.9966722129783694
volcanoes-a4,knn-nosuite,0.899736147757256,1.0,1.0,0.0,0.0,0.9968404423380728
volcanoes-a4,knn-nosuite,0.899736147757256,1.0,1.0,0.0,0.0,1.0
volcanoes-a4,knn-nosuite,0.899736147757256,1.0,1.0,0.0,0.0,0.9939879759519037
volcanoes-a4,knn-nosuite,0.899736147757256,0.8,1.0,0.0,0.0,1.0
volcanoes-a4,knn-nosuite,0.899736147757256,1.0,1.0,0.0,0.0,0.9938712972420838
volcanoes-a4,knn-nosuite,0.899736147757256,1.0,1.0,0.0,0.0,0.9938271604938272
volcanoes-a4,knn-nosuite,0.899736147757256,1.0,1.0,0.0,0.0,0.9930635838150289
volcanoes-a4,knn-nosuite,0.899736147757256,1.0,1.0,0.0,0.0,0.99860529986053
volcanoes-a4,knn-nosuite,0.899736147757256,1.0,1.0,0.0,0.0,0.9987113402061855
volcanoes-a4,knn-nosuite,0.899736147757256,1.0,1.0,0.0,0.0,0.9929859719438878
volcanoes-a4,knn-nosuite,0.899736147757256,1.0,1.0,0.0,0.0,1.0
volcanoes-a4,knn-nosuite,0.899736147757256,1.0,1.0,0.0,0.0,0.9928486293206198
volcanoes-a4,knn-nosuite,0.899736147757256,1.0,1.0,0.0,0.0,0.9923076923076923
volcanoes-a4,knn-nosuite,0.899736147757256,0.6,0.6190476190476191,0.0,0.0,0.6629213483146067
volcanoes-a4,knn-nosuite,0.899736147757256,1.0,1.0,0.0,0.0,0.9969293756397134
volcanoes-a4,knn-nosuite,0.899736147757256,1.0,1.0,0.0,0.0,0.993933265925177
volcanoes-a4,knn-nosuite,0.899736147757256,0.4,0.9873417721518989,0.0,0.0,0.9253731343283583
volcanoes-a4,knn-nosuite,0.899736147757256,1.0,1.0,0.0,0.0,0.9936575052854122
volcanoes-a4,knn-nosuite,0.899736147757256,1.0,1.0,0.0,0.0,0.9985875706214691
volcanoes-a4,knn-nosuite,0.899736147757256,0.4,0.6,0.0,0.0,0.9465648854961832
volcanoes-a4,knn-nosuite,0.899736147757256,1.0,1.0,0.0,0.0,0.9924528301886791
volcanoes-a4,knn-nosuite,0.899736147757256,1.0,1.0,0.0,0.0,0.9986168741355463
volcanoes-a4,knn-nosuite,0.899736147757256,0.8,1.0,0.0,0.0,0.9922779922779924
volcanoes-a4,knn-nosuite,0.899736147757256,1.0,1.0,0.0,0.0,1.0
volcanoes-a4,knn-nosuite,0.899736147757256,1.0,0.9911504424778761,0.0,0.0,0.99302649930265
volcanoes-a4,knn-nosuite,0.899736147757256,1.0,1.0,0.0,0.0,1.0
volcanoes-a4,knn-nosuite,0.899736147757256,0.4,0.36363636363636365,0.0,0.0,0.7023809523809523
volcanoes-a4,knn-nosuite,0.899736147757256,0.8,1.0,0.0,0.0,0.9964200477326969
volcanoes-a4,knn-nosuite,0.899736147757256,0.8,1.0,0.0,0.0,0.9972640218878249
volcanoes-a4,knn-nosuite,0.899736147757256,1.0,1.0,0.0,0.0,0.9937694704049844
volcanoes-a4,knn-nosuite,0.899736147757256,0.8,1.0,0.0,0.0,0.9960732984293192
volcanoes-a4,knn-nosuite,0.899736147757256,0.6,0.68,0.0,0.0,0.989010989010989
volcanoes-a4,knn-nosuite,0.899736147757256,1.0,1.0,0.0,0.0,0.9976442873969376
volcanoes-a4,knn-nosuite,0.899736147757256,1.0,0.9875,0.0,0.0,0.9925233644859814
volcanoes-a4,knn-nosuite,0.899736147757256,1.0,1.0,0.0,0.0,1.0
volcanoes-a4,knn-nosuite,0.899736147757256,1.0,1.0,0.0,0.0,0.99721059972106
volcanoes-a4,knn-nosuite,0.899736147757256,1.0,1.0,0.0,0.0,1.0
volcanoes-a4,knn-nosuite,0.899736147757256,1.0,1.0,0.0,0.0,0.9978494623655914
volcanoes-a4,knn-nosuite,0.899736147757256,1.0,1.0,0.0,0.0,0.997677119628339
volcanoes-a4,knn-nosuite,0.899736147757256,1.0,1.0,0.0,0.0,0.9977949283351709
volcanoes-a4,knn-nosuite,0.899736147757256,0.8,1.0,0.0,0.0,0.9983792544570502
volcanoes-a4,knn-nosuite,0.899736147757256,1.0,1.0,0.0,0.0,0.9979360165118679
volcanoes-e1,knn-nosuite,0.9222972972972973,1.0,1.0,0.0,0.0,1.0
volcanoes-e1,knn-nosuite,0.9222972972972973,1.0,1.0,0.0,0.0,1.0
volcanoes-e1,knn-nosuite,0.9222972972972973,1.0,1.0,0.0,0.0,0.9980620155038761
volcanoes-e1,knn-nosuite,0.9222972972972973,1.0,1.0,0.0,0.0,1.0
volcanoes-e1,knn-nosuite,0.9222972972972973,1.0,1.0,0.0,0.0,1.0
volcanoes-e1,knn-nosuite,0.9222972972972973,1.0,1.0,0.0,0.0,0.9971305595408895
volcanoes-e1,knn-nosuite,0.9222972972972973,1.0,1.0,0.0,0.0,0.9978070175438598
volcanoes-e1,knn-nosuite,0.9222972972972973,1.0,1.0,0.0,0.0,0.9981718464351006
volcanoes-e1,knn-nosuite,0.9222972972972973,0.8,1.0,0.0,0.0,0.9958677685950412
volcanoes-e1,knn-nosuite,0.9222972972972973,1.0,1.0,0.0,0.0,1.0
volcanoes-e1,knn-nosuite,0.9222972972972973,1.0,1.0,0.0,0.0,0.9977011494252872
volcanoes-e1,knn-nosuite,0.9222972972972973,0.6,0.965909090909091,0.0,0.0,0.7578947368421053
volcanoes-e1,knn-nosuite,0.9222972972972973,0.8,1.0,0.0,0.0,0.9956331877729256
volcanoes-e1,knn-nosuite,0.9222972972972973,1.0,1.0,0.0,0.0,0.9964850615114236
volcanoes-e1,knn-nosuite,0.9222972972972973,1.0,1.0,0.0,0.0,0.9954128440366972
volcanoes-e1,knn-nosuite,0.9222972972972973,1.0,1.0,0.0,0.0,0.9967105263157896
volcanoes-e1,knn-nosuite,0.9222972972972973,1.0,1.0,0.0,0.0,1.0
volcanoes-e1,knn-nosuite,0.9222972972972973,1.0,1.0,0.0,0.0,0.998091603053435
volcanoes-e1,knn-nosuite,0.9222972972972973,0.8,1.0,0.0,0.0,0.9979338842975206
volcanoes-e1,knn-nosuite,0.9222972972972973,1.0,0.9886363636363636,0.0,0.0,1.0
volcanoes-e1,knn-nosuite,0.9222972972972973,0.6,1.0,0.0,0.0,0.850574712643678
volcanoes-e1,knn-nosuite,0.9222972972972973,1.0,1.0,0.0,0.0,0.9971387696709584
volcanoes-e1,knn-nosuite,0.9222972972972973,1.0,1.0,0.0,0.0,0.9922118380062306
volcanoes-e1,knn-nosuite,0.9222972972972973,1.0,1.0,0.0,0.0,0.9977924944812362
volcanoes-e1,knn-nosuite,0.9222972972972973,1.0,1.0,0.0,0.0,0.9979296066252588
volcanoes-e1,knn-nosuite,0.9222972972972973,0.8,0.9864864864864865,0.0,0.0,0.9951338199513382
volcanoes-e1,knn-nosuite,0.9222972972972973,1.0,1.0,0.0,0.0,0.9975429975429975
volcanoes-e1,knn-nosuite,0.9222972972972973,1.0,0.9886363636363636,0.0,0.0,0.9974160206718347
volcanoes-e1,knn-nosuite,0.9222972972972973,1.0,1.0,0.0,0.0,0.9949664429530202
volcanoes-e1,knn-nosuite,0.9222972972972973,1.0,1.0,0.0,0.0,0.9953271028037383
volcanoes-e1,knn-nosuite,0.9222972972972973,0.6,0.965909090909091,0.0,0.0,0.9886363636363636
volcanoes-e1,knn-nosuite,0.9222972972972973,1.0,1.0,0.0,0.0,0.9980392156862745
volcanoes-e1,knn-nosuite,0.9222972972972973,0.8,1.0,0.0,0.0,0.9949916527545909
volcanoes-e1,knn-nosuite,0.9222972972972973,1.0,1.0,0.0,0.0,0.9968454258675079
volcanoes-e1,knn-nosuite,0.9222972972972973,0.8,0.9772727272727273,0.0,0.0,0.9959677419354838
volcanoes-e1,knn-nosuite,0.9222972972972973,0.8,1.0,0.0,0.0,0.9952153110047848
volcanoes-e1,knn-nosuite,0.9222972972972973,1.0,1.0,0.0,0.0,0.9978586723768735
volcanoes-e1,knn-nosuite,0.9222972972972973,1.0,1.0,0.0,0.0,1.0
volcanoes-e1,knn-nosuite,0.9222972972972973,1.0,1.0,0.0,0.0,1.0
volcanoes-e1,knn-nosuite,0.9222972972972973,1.0,1.0,0.0,0.0,0.9952904238618524
volcanoes-e1,knn-nosuite,0.9222972972972973,0.6,0.9852941176470589,0.0,0.0,0.5952380952380952
volcanoes-e1,knn-nosuite,0.9222972972972973,0.8,1.0,0.0,0.0,0.997872340425532
volcanoes-e1,knn-nosuite,0.9222972972972973,1.0,1.0,0.0,0.0,0.9981481481481481
volcanoes-e1,knn-nosuite,0.9222972972972973,1.0,1.0,0.0,0.0,0.996996996996997
volcanoes-e1,knn-nosuite,0.9222972972972973,1.0,1.0,0.0,0.0,0.997920997920998
volcanoes-e1,knn-nosuite,0.9222972972972973,1.0,1.0,0.0,0.0,0.9598445595854923
yeast,knn-nosuite,0.5929919137466307,0.8,0.9259259259259259,0.0,0.0,0.973404255319149
yeast,knn-nosuite,0.5929919137466307,1.0,0.9318181818181819,0.0,0.0,1.0
yeast,knn-nosuite,0.5929919137466307,0.6,0.8837209302325582,0.0,0.0,0.9937888198757763
yeast,knn-nosuite,0.5929919137466307,0.6,1.0,0.0,0.0,0.9939024390243902
yeast,knn-nosuite,0.5929919137466307,0.6,1.0,0.0,0.0,0.9915966386554622
yeast,knn-nosuite,0.5929919137466307,0.4,0.875,0.0,0.0,0.9960629921259843
yeast,knn-nosuite,0.5929919137466307,0.6,0.8367346938775511,0.0,0.0,0.9185185185185185
yeast,knn-nosuite,0.5929919137466307,0.4,0.9285714285714286,0.0,0.0,0.855595667870036
yeast,knn-nosuite,0.5929919137466307,0.4,1.0,0.0,0.0,0.967741935483871
yeast,knn-nosuite,0.5929919137466307,0.8,1.0,0.0,0.0,0.9896907216494846
yeast,knn-nosuite,0.5929919137466307,0.6,1.0,0.0,0.0,0.9955752212389382
yeast,knn-nosuite,0.5929919137466307,0.6,0.8666666666666668,0.0,0.0,0.9840425531914894
yeast,knn-nosuite,0.5929919137466307,0.6,0.962962962962963,0.0,0.0,1.0
yeast,knn-nosuite,0.5929919137466307,0.6,0.9830508474576272,0.0,0.0,1.0
yeast,knn-nosuite,0.5929919137466307,0.6,1.0,0.0,0.0,0.9924812030075187
yeast,knn-nosuite,0.5929919137466307,0.8,0.8985507246376813,0.0,0.0,0.986111111111111
yeast,knn-nosuite,0.5929919137466307,0.8,0.8947368421052632,0.0,0.0,0.975609756097561
yeast,knn-nosuite,0.5929919137466307,0.6,0.9565217391304348,0.0,0.0,1.0
yeast,knn-nosuite,0.5929919137466307,0.6,1.0,0.0,0.0,0.8648648648648649
yeast,knn-nosuite,0.5929919137466307,0.8,1.0,0.0,0.0,1.0
yeast,knn-nosuite,0.5929919137466307,0.6,0.8,0.0,0.0,0.9947643979057592
yeast,knn-nosuite,0.5929919137466307,0.8,0.9230769230769231,0.0,0.0,0.9380952380952381
yeast,knn-nosuite,0.5929919137466307,0.6,1.0,0.0,0.0,0.9948186528497409
yeast,knn-nosuite,0.5929919137466307,0.6,0.967741935483871,0.0,0.0,0.8854166666666666
yeast,knn-nosuite,0.5929919137466307,0.4,1.0,0.0,0.0,0.959409594095941
yeast,knn-nosuite,0.5929919137466307,0.6,0.8,0.0,0.0,1.0
yeast,knn-nosuite,0.5929919137466307,0.6,0.875,0.0,0.0,0.9226190476190477
yeast,knn-nosuite,0.5929919137466307,0.8,0.8333333333333334,0.0,0.0,0.9565217391304348
yeast,knn-nosuite,0.5929919137466307,0.8,0.8333333333333334,0.0,0.0,0.988795518207283
yeast,knn-nosuite,0.5929919137466307,0.6,0.7142857142857143,0.0,0.0,0.9429657794676805
yeast,knn-nosuite,0.5929919137466307,1.0,1.0,0.0,0.0,0.96875
yeast,knn-nosuite,0.5929919137466307,0.8,1.0,0.0,0.0,0.9815950920245399
yeast,knn-nosuite,0.5929919137466307,0.6,0.9268292682926831,0.0,0.0,0.9542483660130718
yeast,knn-nosuite,0.5929919137466307,0.8,0.9423076923076923,0.0,0.0,1.0
yeast,knn-nosuite,0.5929919137466307,0.8,0.9487179487179487,0.0,0.0,0.9952153110047848
yeast,knn-nosuite,0.5929919137466307,0.6,0.8,0.0,0.0,1.0
yeast,knn-nosuite,0.5929919137466307,1.0,0.96,0.0,0.0,0.9876543209876543
yeast,knn-nosuite,0.5929919137466307,1.0,1.0,0.0,0.0,1.0
yeast,knn-nosuite,0.5929919137466307,0.6,0.8,0.0,0.0,0.994475138121547
yeast,knn-nosuite,0.5929919137466307,0.6,0.8333333333333334,0.0,0.0,1.0
yeast,knn-nosuite,0.5929919137466307,0.6,0.82,0.0,0.0,0.9716494845360824
yeast,knn-nosuite,0.5929919137466307,0.6,0.9230769230769231,0.0,0.0,0.8804347826086957
yeast,knn-nosuite,0.5929919137466307,0.6,1.0,0.0,0.0,0.8828125
yeast,knn-nosuite,0.5929919137466307,0.6,0.9512195121951219,0.0,0.0,0.9343065693430657
yeast,knn-nosuite,0.5929919137466307,0.6,0.9696969696969697,0.0,0.0,1.0
yeast,knn-nosuite,0.5929919137466307,0.4,0.96875,0.0,0.0,0.9864864864864865
yeast,knn-nosuite,0.5929919137466307,0.6,0.6666666666666666,0.0,0.0,0.9548022598870055
yeast,knn-nosuite,0.5929919137466307,1.0,1.0,0.0,0.0,0.9789915966386553
yeast,knn-nosuite,0.5929919137466307,1.0,1.0,0.0,0.0,0.990990990990991
rmftsa,knn-nosuite,0.53125,0.4,0.675,0.0,0.0,0.723404255319149
rmftsa,knn-nosuite,0.53125,0.4,0.5625,0.0,0.0,0.7142857142857143
rmftsa,knn-nosuite,0.53125,0.4,0.6428571428571429,0.0,0.0,0.8762886597938145
rmftsa,knn-nosuite,0.53125,0.4,0.875,0.0,0.0,0.6635514018691588
rmftsa,knn-nosuite,0.53125,0.6,1.0,0.0,0.0,0.9705882352941175
rmftsa,knn-nosuite,0.53125,0.8,1.0,0.0,0.0,0.9568345323741008
rmftsa,knn-nosuite,0.53125,0.4,0.8378378378378379,0.0,0.0,0.8313253012048193
rmftsa,knn-nosuite,0.53125,1.0,1.0,0.0,0.0,0.7560975609756098
rmftsa,knn-nosuite,0.53125,0.4,0.5609756097560976,0.0,0.0,0.4789915966386554
rmftsa,knn-nosuite,0.53125,0.8,1.0,0.0,0.0,0.6884057971014492
rmftsa,knn-nosuite,0.53125,1.0,1.0,0.0,0.0,0.8676844783715014
rmftsa,knn-nosuite,0.53125,0.6,1.0,0.0,0.0,0.9928057553956835
rmftsa,knn-nosuite,0.53125,0.4,0.8928571428571429,0.0,0.0,0.7884615384615384
rmftsa,knn-nosuite,0.53125,0.6,0.9230769230769231,0.0,0.0,0.802919708029197
rmftsa,knn-nosuite,0.53125,0.4,1.0,0.0,0.0,0.9203539823008849
rmftsa,knn-nosuite,0.53125,0.4,1.0,0.0,0.0,0.8623188405797102
rmftsa,knn-nosuite,0.53125,0.6,0.4242424242424242,0.0,0.0,0.8181818181818181
rmftsa,knn-nosuite,0.53125,0.8,1.0,0.0,0.0,0.6884057971014492
rmftsa,knn-nosuite,0.53125,0.6,0.9,0.0,0.0,0.9208633093525179
rmftsa,knn-nosuite,0.53125,0.8,0.9,0.0,0.0,0.8539823008849557
rmftsa,knn-nosuite,0.53125,0.6,0.7297297297297297,0.0,0.0,0.7132352941176471
rmftsa,knn-nosuite,0.53125,0.8,1.0,0.0,0.0,0.8584905660377359
rmftsa,knn-nosuite,0.53125,0.6,0.5428571428571428,0.0,0.0,0.846590909090909
rmftsa,knn-nosuite,0.53125,0.6,1.0,0.0,0.0,0.9276018099547512
rmftsa,knn-nosuite,0.53125,0.6,0.5555555555555556,0.0,0.0,0.7486033519553073
rmftsa,knn-nosuite,0.53125,0.4,0.5510204081632653,0.0,0.0,0.8666666666666668
rmftsa,knn-nosuite,0.53125,0.4,1.0,0.0,0.0,0.9414893617021278
rmftsa,knn-nosuite,0.53125,0.6,0.6153846153846154,0.0,0.0,0.6931818181818182
rmftsa,knn-nosuite,0.53125,0.4,0.9384615384615385,0.0,0.0,0.9627329192546584
rmftsa,knn-nosuite,0.53125,0.6,0.75,0.0,0.0,0.696969696969697
rmftsa,knn-nosuite,0.53125,0.6,1.0,0.0,0.0,0.6950354609929078
rmftsa,knn-nosuite,0.53125,0.4,0.8928571428571429,0.0,0.0,0.7857142857142857
rmftsa,knn-nosuite,0.53125,0.6,0.9230769230769231,0.0,0.0,0.802919708029197
rmftsa,knn-nosuite,0.53125,0.6,0.5625,0.0,0.0,0.7887323943661971
rmftsa,knn-nosuite,0.53125,0.4,0.9420289855072463,0.0,0.0,0.9473684210526315
rmftsa,knn-nosuite,0.53125,0.6,0.4545454545454545,0.0,0.0,0.9389312977099238
rmftsa,knn-nosuite,0.53125,0.8,1.0,0.0,0.0,0.8018867924528303
rmftsa,knn-nosuite,0.53125,1.0,0.9393939393939394,0.0,0.0,0.9705882352941175
rmftsa,knn-nosuite,0.53125,0.8,0.9868421052631579,0.0,0.0,0.85
rmftsa,knn-nosuite,0.53125,0.6,0.5238095238095238,0.0,0.0,0.9516129032258064
rmftsa,knn-nosuite,0.53125,0.6,0.8363636363636363,0.0,0.0,0.9491525423728813
rmftsa,knn-nosuite,0.53125,0.4,0.8867924528301888,0.0,0.0,0.6368159203980099
rmftsa,knn-nosuite,0.53125,0.6,0.7916666666666666,0.0,0.0,0.6391304347826087
rmftsa,knn-nosuite,0.53125,0.4,0.625,0.0,0.0,0.8405797101449275
rmftsa,knn-nosuite,0.53125,1.0,0.9230769230769231,0.0,0.0,0.931297709923664
rmftsa,knn-nosuite,0.53125,0.8,1.0,0.0,0.0,0.6884057971014492
rmftsa,knn-nosuite,0.53125,0.6,0.7916666666666666,0.0,0.0,0.6391304347826087
rmftsa,knn-nosuite,0.53125,0.6,0.4545454545454545,0.0,0.0,0.9595959595959596
rmftsa,knn-nosuite,0.53125,0.6,0.8181818181818181,0.0,0.0,0.7946428571428571
rmftsa,knn-nosuite,0.53125,0.6,0.8108108108108109,0.0,0.0,0.6666666666666666
banknote-authentication,knn-nosuite,1.0,1.0,1.0,0.0,0.0,1.0
banknote-authentication,knn-nosuite,1.0,1.0,1.0,0.0,0.0,1.0
banknote-authentication,knn-nosuite,1.0,1.0,1.0,0.0,0.0,1.0
banknote-authentication,knn-nosuite,1.0,1.0,0.9893617021276595,0.0,0.0,1.0
banknote-authentication,knn-nosuite,1.0,1.0,1.0,0.0,0.0,1.0
banknote-authentication,knn-nosuite,1.0,1.0,1.0,0.0,0.0,1.0
banknote-authentication,knn-nosuite,1.0,1.0,1.0,0.0,0.0,0.990521327014218
banknote-authentication,knn-nosuite,1.0,1.0,1.0,0.0,0.0,1.0
banknote-authentication,knn-nosuite,1.0,1.0,1.0,0.0,0.0,1.0
banknote-authentication,knn-nosuite,1.0,1.0,1.0,0.0,0.0,1.0
banknote-authentication,knn-nosuite,1.0,1.0,1.0,0.0,0.0,1.0
banknote-authentication,knn-nosuite,1.0,1.0,1.0,0.0,0.0,1.0
banknote-authentication,knn-nosuite,1.0,1.0,1.0,0.0,0.0,1.0
banknote-authentication,knn-nosuite,1.0,1.0,1.0,0.0,0.0,0.9967213114754099
banknote-authentication,knn-nosuite,1.0,1.0,0.9901960784313726,0.0,0.0,1.0
banknote-authentication,knn-nosuite,1.0,1.0,1.0,0.0,0.0,1.0
banknote-authentication,knn-nosuite,1.0,1.0,1.0,0.0,0.0,1.0
banknote-authentication,knn-nosuite,1.0,1.0,0.9875,0.0,0.0,1.0
banknote-authentication,knn-nosuite,1.0,1.0,1.0,0.0,0.0,0.9956521739130435
banknote-authentication,knn-nosuite,1.0,1.0,0.9901960784313726,0.0,0.0,1.0
banknote-authentication,knn-nosuite,1.0,1.0,1.0,0.0,0.0,1.0
banknote-authentication,knn-nosuite,1.0,1.0,1.0,0.0,0.0,0.9888268156424582
banknote-authentication,knn-nosuite,1.0,1.0,1.0,0.0,0.0,1.0
banknote-authentication,knn-nosuite,1.0,1.0,1.0,0.0,0.0,1.0
banknote-authentication,knn-nosuite,1.0,1.0,0.9795918367346939,0.0,0.0,1.0
banknote-authentication,knn-nosuite,1.0,1.0,1.0,0.0,0.0,1.0
banknote-authentication,knn-nosuite,1.0,1.0,0.9901960784313726,0.0,0.0,1.0
banknote-authentication,knn-nosuite,1.0,1.0,1.0,0.0,0.0,0.9948453608247423
banknote-authentication,knn-nosuite,1.0,1.0,1.0,0.0,0.0,1.0
banknote-authentication,knn-nosuite,1.0,1.0,0.980392156862745,0.0,0.0,1.0
banknote-authentication,knn-nosuite,1.0,1.0,1.0,0.0,0.0,1.0
banknote-authentication,knn-nosuite,1.0,1.0,0.9901960784313726,0.0,0.0,0.9946808510638296
banknote-authentication,knn-nosuite,1.0,1.0,1.0,0.0,0.0,1.0
banknote-authentication,knn-nosuite,1.0,1.0,1.0,0.0,0.0,1.0
banknote-authentication,knn-nosuite,1.0,1.0,1.0,0.0,0.0,1.0
banknote-authentication,knn-nosuite,1.0,1.0,1.0,0.0,0.0,1.0
banknote-authentication,knn-nosuite,1.0,1.0,1.0,0.0,0.0,1.0
banknote-authentication,knn-nosuite,1.0,1.0,1.0,0.0,0.0,1.0
banknote-authentication,knn-nosuite,1.0,1.0,1.0,0.0,0.0,0.9840425531914894
banknote-authentication,knn-nosuite,1.0,1.0,1.0,0.0,0.0,1.0
banknote-authentication,knn-nosuite,1.0,1.0,1.0,0.0,0.0,1.0
banknote-authentication,knn-nosuite,1.0,1.0,1.0,0.0,0.0,1.0
banknote-authentication,knn-nosuite,1.0,1.0,0.9787234042553191,0.0,0.0,1.0
banknote-authentication,knn-nosuite,1.0,1.0,1.0,0.0,0.0,1.0
banknote-authentication,knn-nosuite,1.0,1.0,1.0,0.0,0.0,0.9914163090128756
banknote-authentication,knn-nosuite,1.0,1.0,1.0,0.0,0.0,1.0
banknote-authentication,knn-nosuite,1.0,1.0,1.0,0.0,0.0,1.0
banknote-authentication,knn-nosuite,1.0,1.0,1.0,0.0,0.0,1.0
banknote-authentication,knn-nosuite,1.0,1.0,1.0,0.0,0.0,1.0
banknote-authentication,knn-nosuite,1.0,1.0,1.0,0.0,0.0,1.0
volcanoes-a2,knn-nosuite,0.9408866995073891,1.0,1.0,0.0,0.0,0.9962216624685138
volcanoes-a2,knn-nosuite,0.9408866995073891,1.0,1.0,0.0,0.0,0.9942396313364055
volcanoes-a2,knn-nosuite,0.9408866995073891,1.0,1.0,0.0,0.0,0.99498997995992
volcanoes-a2,knn-nosuite,0.9408866995073891,1.0,1.0,0.0,0.0,0.9977401129943504
volcanoes-a2,knn-nosuite,0.9408866995073891,0.8,1.0,0.0,0.0,0.9983818770226536
volcanoes-a2,knn-nosuite,0.9408866995073891,1.0,1.0,0.0,0.0,0.99498997995992
volcanoes-a2,knn-nosuite,0.9408866995073891,1.0,1.0,0.0,0.0,0.9954802259887006
volcanoes-a2,knn-nosuite,0.9408866995073891,1.0,1.0,0.0,0.0,0.9957983193277311
volcanoes-a2,knn-nosuite,0.9408866995073891,1.0,1.0,0.0,0.0,0.9957627118644068
volcanoes-a2,knn-nosuite,0.9408866995073891,1.0,1.0,0.0,0.0,0.9985185185185184
volcanoes-a2,knn-nosuite,0.9408866995073891,0.4,0.9724770642201837,0.0,0.0,1.0
volcanoes-a2,knn-nosuite,0.9408866995073891,1.0,1.0,0.0,0.0,0.9958448753462605
volcanoes-a2,knn-nosuite,0.9408866995073891,0.8,0.9896907216494846,0.0,0.0,0.9801762114537445
volcanoes-a2,knn-nosuite,0.9408866995073891,0.6,0.9834710743801655,0.0,0.0,1.0
volcanoes-a2,knn-nosuite,0.9408866995073891,1.0,1.0,0.0,0.0,0.997879109225875
volcanoes-a2,knn-nosuite,0.9408866995073891,1.0,1.0,0.0,0.0,0.9947423764458465
volcanoes-a2,knn-nosuite,0.9408866995073891,1.0,1.0,0.0,0.0,1.0
volcanoes-a2,knn-nosuite,0.9408866995073891,1.0,1.0,0.0,0.0,0.998046875
volcanoes-a2,knn-nosuite,0.9408866995073891,1.0,1.0,0.0,0.0,1.0
volcanoes-a2,knn-nosuite,0.9408866995073891,1.0,1.0,0.0,0.0,1.0
volcanoes-a2,knn-nosuite,0.9408866995073891,1.0,1.0,0.0,0.0,0.9985935302390999
volcanoes-a2,knn-nosuite,0.9408866995073891,1.0,1.0,0.0,0.0,0.997624703087886
volcanoes-a2,knn-nosuite,0.9408866995073891,1.0,1.0,0.0,0.0,0.9969167523124358
volcanoes-a2,knn-nosuite,0.9408866995073891,1.0,1.0,0.0,0.0,0.9955686853766619
volcanoes-a2,knn-nosuite,0.9408866995073891,1.0,1.0,0.0,0.0,0.9967741935483871
volcanoes-a2,knn-nosuite,0.9408866995073891,1.0,1.0,0.0,0.0,0.9988249118683902
volcanoes-a2,knn-nosuite,0.9408866995073891,1.0,1.0,0.0,0.0,0.9959128065395095
volcanoes-a2,knn-nosuite,0.9408866995073891,1.0,1.0,0.0,0.0,0.9946737683089214
volcanoes-a2,knn-nosuite,0.9408866995073891,1.0,1.0,0.0,0.0,0.9966517857142858
volcanoes-a2,knn-nosuite,0.9408866995073891,1.0,1.0,0.0,0.0,0.9947753396029257
volcanoes-a2,knn-nosuite,0.9408866995073891,1.0,1.0,0.0,0.0,0.9949811794228356
volcanoes-a2,knn-nosuite,0.9408866995073891,1.0,1.0,0.0,0.0,0.9978835978835979
volcanoes-a2,knn-nosuite,0.9408866995073891,1.0,1.0,0.0,0.0,0.9962358845671269
volcanoes-a2,knn-nosuite,0.9408866995073891,1.0,1.0,0.0,0.0,0.99498997995992
volcanoes-a2,knn-nosuite,0.9408866995073891,1.0,1.0,0.0,0.0,0.994934143870314
volcanoes-a2,knn-nosuite,0.9408866995073891,1.0,1.0,0.0,0.0,0.9978142076502732
volcanoes-a2,knn-nosuite,0.9408866995073891,1.0,1.0,0.0,0.0,0.9946638207043756
volcanoes-a2,knn-nosuite,0.9408866995073891,0.6,0.875,0.0,0.0,0.9910179640718562
volcanoes-a2,knn-nosuite,0.9408866995073891,1.0,1.0,0.0,0.0,0.9968520461699895
volcanoes-a2,knn-nosuite,0.9408866995073891,0.6,0.975206611570248,0.0,0.0,1.0
volcanoes-a2,knn-nosuite,0.9408866995073891,1.0,1.0,0.0,0.0,0.9937421777221527
volcanoes-a2,knn-nosuite,0.9408866995073891,1.0,1.0,0.0,0.0,0.995850622406639
volcanoes-a2,knn-nosuite,0.9408866995073891,1.0,1.0,0.0,0.0,0.9965357967667436
volcanoes-a2,knn-nosuite,0.9408866995073891,1.0,1.0,0.0,0.0,0.9951219512195122
volcanoes-a2,knn-nosuite,0.9408866995073891,1.0,1.0,0.0,0.0,0.994994994994995
volcanoes-a2,knn-nosuite,0.9408866995073891,0.6,0.7058823529411765,0.0,0.0,0.9927007299270073
volcanoes-a2,knn-nosuite,0.9408866995073891,1.0,1.0,0.0,0.0,0.9958217270194986
volcanoes-a2,knn-nosuite,0.9408866995073891,0.8,0.9917355371900827,0.0,0.0,0.9943977591036415
volcanoes-a2,knn-nosuite,0.9408866995073891,1.0,1.0,0.0,0.0,1.0
volcanoes-a2,knn-nosuite,0.9408866995073891,1.0,1.0,0.0,0.0,1.0
volcanoes-a3,knn-nosuite,0.905511811023622,0.8,1.0,0.0,0.0,0.9932735426008967
volcanoes-a3,knn-nosuite,0.905511811023622,1.0,1.0,0.0,0.0,0.9944979367262723
volcanoes-a3,knn-nosuite,0.905511811023622,0.4,0.7441860465116279,0.0,0.0,0.9924385633270323
volcanoes-a3,knn-nosuite,0.905511811023622,1.0,1.0,0.0,0.0,0.9987146529562982
volcanoes-a3,knn-nosuite,0.905511811023622,1.0,1.0,0.0,0.0,0.9987244897959183
volcanoes-a3,knn-nosuite,0.905511811023622,1.0,1.0,0.0,0.0,0.9974747474747476
volcanoes-a3,knn-nosuite,0.905511811023622,1.0,1.0,0.0,0.0,0.995945945945946
volcanoes-a3,knn-nosuite,0.905511811023622,1.0,1.0,0.0,0.0,0.9957627118644068
volcanoes-a3,knn-nosuite,0.905511811023622,0.8,1.0,0.0,0.0,0.9967585089141003
volcanoes-a3,knn-nosuite,0.905511811023622,1.0,1.0,0.0,0.0,0.998792270531401
volcanoes-a3,knn-nosuite,0.905511811023622,1.0,1.0,0.0,0.0,0.9974424552429667
volcanoes-a3,knn-nosuite,0.905511811023622,1.0,1.0,0.0,0.0,0.996951219512195
volcanoes-a3,knn-nosuite,0.905511811023622,0.8,1.0,0.0,0.0,1.0
volcanoes-a3,knn-nosuite,0.905511811023622,0.6,1.0,0.0,0.0,0.9969135802469136
volcanoes-a3,knn-nosuite,0.905511811023622,1.0,1.0,0.0,0.0,0.997737556561086
volcanoes-a3,knn-nosuite,0.905511811023622,1.0,1.0,0.0,0.0,0.9982578397212544
volcanoes-a3,knn-nosuite,0.905511811023622,1.0,1.0,0.0,0.0,1.0
volcanoes-a3,knn-nosuite,0.905511811023622,1.0,1.0,0.0,0.0,0.9956709956709957
volcanoes-a3,knn-nosuite,0.905511811023622,1.0,1.0,0.0,0.0,0.9987341772151899
volcanoes-a3,knn-nosuite,0.905511811023622,1.0,1.0,0.0,0.0,0.9948979591836735
volcanoes-a3,knn-nosuite,0.905511811023622,1.0,1.0,0.0,0.0,0.9960513326752223
volcanoes-a3,knn-nosuite,0.905511811023622,1.0,1.0,0.0,0.0,0.9961832061068703
volcanoes-a3,knn-nosuite,0.905511811023622,1.0,1.0,0.0,0.0,0.9988839285714286
volcanoes-a3,knn-nosuite,0.905511811023622,0.8,0.9901960784313726,0.0,0.0,1.0
volcanoes-a3,knn-nosuite,0.905511811023622,1.0,1.0,0.0,0.0,0.998696219035202
volcanoes-a3,knn-nosuite,0.905511811023622,1.0,1.0,0.0,0.0,0.9957761351636748
volcanoes-a3,knn-nosuite,0.905511811023622,0.8,1.0,0.0,0.0,0.9985795454545453
volcanoes-a3,knn-nosuite,0.905511811023622,1.0,1.0,0.0,0.0,0.997709049255441
volcanoes-a3,knn-nosuite,0.905511811023622,1.0,1.0,0.0,0.0,0.9978021978021978
volcanoes-a3,knn-nosuite,0.905511811023622,1.0,1.0,0.0,0.0,0.9988193624557262
volcanoes-a3,knn-nosuite,0.905511811023622,1.0,1.0,0.0,0.0,0.9955947136563876
volcanoes-a3,knn-nosuite,0.905511811023622,1.0,1.0,0.0,0.0,0.9972375690607734
volcanoes-a3,knn-nosuite,0.905511811023622,0.6,1.0,0.0,0.0,0.9985795454545453
volcanoes-a3,knn-nosuite,0.905511811023622,1.0,1.0,0.0,0.0,0.9955489614243322
volcanoes-a3,knn-nosuite,0.905511811023622,1.0,1.0,0.0,0.0,0.9955995599559955
volcanoes-a3,knn-nosuite,0.905511811023622,0.8,1.0,0.0,0.0,1.0
volcanoes-a3,knn-nosuite,0.905511811023622,1.0,1.0,0.0,0.0,0.9953216374269006
volcanoes-a3,knn-nosuite,0.905511811023622,1.0,1.0,0.0,0.0,0.9989106753812637
volcanoes-a3,knn-nosuite,0.905511811023622,0.8,0.9902912621359224,0.0,0.0,0.9941860465116278
volcanoes-a3,knn-nosuite,0.905511811023622,1.0,1.0,0.0,0.0,0.9957081545064378
volcanoes-a3,knn-nosuite,0.905511811023622,1.0,1.0,0.0,0.0,0.9977064220183486
volcanoes-a3,knn-nosuite,0.905511811023622,0.8,0.8,0.0,0.0,0.8372093023255814
volcanoes-a3,knn-nosuite,0.905511811023622,1.0,1.0,0.0,0.0,0.9987228607918264
volcanoes-a3,knn-nosuite,0.905511811023622,1.0,1.0,0.0,0.0,0.9987515605493134
volcanoes-a3,knn-nosuite,0.905511811023622,0.8,1.0,0.0,0.0,1.0
volcanoes-a3,knn-nosuite,0.905511811023622,1.0,1.0,0.0,0.0,0.9957081545064378
volcanoes-a3,knn-nosuite,0.905511811023622,1.0,1.0,0.0,0.0,0.9984917043740573
volcanoes-a3,knn-nosuite,0.905511811023622,1.0,1.0,0.0,0.0,0.9950433705080546
volcanoes-a3,knn-nosuite,0.905511811023622,1.0,1.0,0.0,0.0,0.9989484752891693
volcanoes-a3,knn-nosuite,0.905511811023622,1.0,1.0,0.0,0.0,1.0
volcanoes-a4,knn-nosuite,0.899736147757256,1.0,1.0,0.0,0.0,0.9940059940059939
volcanoes-a4,knn-nosuite,0.899736147757256,1.0,1.0,0.0,0.0,0.9985775248933144
volcanoes-a4,knn-nosuite,0.899736147757256,0.6,0.6190476190476191,0.0,0.0,0.5607476635514018
volcanoes-a4,knn-nosuite,0.899736147757256,1.0,1.0,0.0,0.0,0.9918367346938777
volcanoes-a4,knn-nosuite,0.899736147757256,1.0,1.0,0.0,0.0,0.9955995599559955
volcanoes-a4,knn-nosuite,0.899736147757256,0.4,0.4,0.0,0.0,0.9644970414201184
volcanoes-a4,knn-nosuite,0.899736147757256,1.0,1.0,0.0,0.0,1.0
volcanoes-a4,knn-nosuite,0.899736147757256,0.8,0.9911504424778761,0.0,0.0,0.9966722129783694
volcanoes-a4,knn-nosuite,0.899736147757256,1.0,1.0,0.0,0.0,0.9968404423380728
volcanoes-a4,knn-nosuite,0.899736147757256,1.0,1.0,0.0,0.0,1.0
volcanoes-a4,knn-nosuite,0.899736147757256,1.0,1.0,0.0,0.0,0.9939879759519037
volcanoes-a4,knn-nosuite,0.899736147757256,0.8,1.0,0.0,0.0,1.0
volcanoes-a4,knn-nosuite,0.899736147757256,1.0,1.0,0.0,0.0,0.9938712972420838
volcanoes-a4,knn-nosuite,0.899736147757256,1.0,1.0,0.0,0.0,0.9938271604938272
volcanoes-a4,knn-nosuite,0.899736147757256,1.0,1.0,0.0,0.0,0.9930635838150289
volcanoes-a4,knn-nosuite,0.899736147757256,1.0,1.0,0.0,0.0,0.99860529986053
volcanoes-a4,knn-nosuite,0.899736147757256,1.0,1.0,0.0,0.0,0.9987113402061855
volcanoes-a4,knn-nosuite,0.899736147757256,1.0,1.0,0.0,0.0,0.9929859719438878
volcanoes-a4,knn-nosuite,0.899736147757256,1.0,1.0,0.0,0.0,1.0
volcanoes-a4,knn-nosuite,0.899736147757256,1.0,1.0,0.0,0.0,0.9928486293206198
volcanoes-a4,knn-nosuite,0.899736147757256,1.0,1.0,0.0,0.0,0.9923076923076923
volcanoes-a4,knn-nosuite,0.899736147757256,0.6,0.6190476190476191,0.0,0.0,0.6629213483146067
volcanoes-a4,knn-nosuite,0.899736147757256,1.0,1.0,0.0,0.0,0.9969293756397134
volcanoes-a4,knn-nosuite,0.899736147757256,1.0,1.0,0.0,0.0,0.993933265925177
volcanoes-a4,knn-nosuite,0.899736147757256,0.4,0.9873417721518989,0.0,0.0,0.9253731343283583
volcanoes-a4,knn-nosuite,0.899736147757256,1.0,1.0,0.0,0.0,0.9936575052854122
volcanoes-a4,knn-nosuite,0.899736147757256,1.0,1.0,0.0,0.0,0.9985875706214691
volcanoes-a4,knn-nosuite,0.899736147757256,0.4,0.6,0.0,0.0,0.9465648854961832
volcanoes-a4,knn-nosuite,0.899736147757256,1.0,1.0,0.0,0.0,0.9924528301886791
volcanoes-a4,knn-nosuite,0.899736147757256,1.0,1.0,0.0,0.0,0.9986168741355463
volcanoes-a4,knn-nosuite,0.899736147757256,0.8,1.0,0.0,0.0,0.9922779922779924
volcanoes-a4,knn-nosuite,0.899736147757256,1.0,1.0,0.0,0.0,1.0
volcanoes-a4,knn-nosuite,0.899736147757256,1.0,0.9911504424778761,0.0,0.0,0.99302649930265
volcanoes-a4,knn-nosuite,0.899736147757256,1.0,1.0,0.0,0.0,1.0
volcanoes-a4,knn-nosuite,0.899736147757256,0.4,0.36363636363636365,0.0,0.0,0.7023809523809523
volcanoes-a4,knn-nosuite,0.899736147757256,0.8,1.0,0.0,0.0,0.9964200477326969
volcanoes-a4,knn-nosuite,0.899736147757256,0.8,1.0,0.0,0.0,0.9972640218878249
volcanoes-a4,knn-nosuite,0.899736147757256,1.0,1.0,0.0,0.0,0.9937694704049844
volcanoes-a4,knn-nosuite,0.899736147757256,0.8,1.0,0.0,0.0,0.9960732984293192
volcanoes-a4,knn-nosuite,0.899736147757256,0.6,0.68,0.0,0.0,0.989010989010989
volcanoes-a4,knn-nosuite,0.899736147757256,1.0,1.0,0.0,0.0,0.9976442873969376
volcanoes-a4,knn-nosuite,0.899736147757256,1.0,0.9875,0.0,0.0,0.9925233644859814
volcanoes-a4,knn-nosuite,0.899736147757256,1.0,1.0,0.0,0.0,1.0
volcanoes-a4,knn-nosuite,0.899736147757256,1.0,1.0,0.0,0.0,0.99721059972106
volcanoes-a4,knn-nosuite,0.899736147757256,1.0,1.0,0.0,0.0,1.0
volcanoes-a4,knn-nosuite,0.899736147757256,1.0,1.0,0.0,0.0,0.9978494623655914
volcanoes-a4,knn-nosuite,0.899736147757256,1.0,1.0,0.0,0.0,0.997677119628339
volcanoes-a4,knn-nosuite,0.899736147757256,1.0,1.0,0.0,0.0,0.9977949283351709
volcanoes-a4,knn-nosuite,0.899736147757256,0.8,1.0,0.0,0.0,0.9983792544570502
volcanoes-a4,knn-nosuite,0.899736147757256,1.0,1.0,0.0,0.0,0.9979360165118679
volcanoes-e1,knn-nosuite,0.9222972972972973,1.0,1.0,0.0,0.0,1.0
volcanoes-e1,knn-nosuite,0.9222972972972973,1.0,1.0,0.0,0.0,1.0
volcanoes-e1,knn-nosuite,0.9222972972972973,1.0,1.0,0.0,0.0,0.9980620155038761
volcanoes-e1,knn-nosuite,0.9222972972972973,1.0,1.0,0.0,0.0,1.0
volcanoes-e1,knn-nosuite,0.9222972972972973,1.0,1.0,0.0,0.0,1.0
volcanoes-e1,knn-nosuite,0.9222972972972973,1.0,1.0,0.0,0.0,0.9971305595408895
volcanoes-e1,knn-nosuite,0.9222972972972973,1.0,1.0,0.0,0.0,0.9978070175438598
volcanoes-e1,knn-nosuite,0.9222972972972973,1.0,1.0,0.0,0.0,0.9981718464351006
volcanoes-e1,knn-nosuite,0.9222972972972973,0.8,1.0,0.0,0.0,0.9958677685950412
volcanoes-e1,knn-nosuite,0.9222972972972973,1.0,1.0,0.0,0.0,1.0
volcanoes-e1,knn-nosuite,0.9222972972972973,1.0,1.0,0.0,0.0,0.9977011494252872
volcanoes-e1,knn-nosuite,0.9222972972972973,0.6,0.965909090909091,0.0,0.0,0.7578947368421053
volcanoes-e1,knn-nosuite,0.9222972972972973,0.8,1.0,0.0,0.0,0.9956331877729256
volcanoes-e1,knn-nosuite,0.9222972972972973,1.0,1.0,0.0,0.0,0.9964850615114236
volcanoes-e1,knn-nosuite,0.9222972972972973,1.0,1.0,0.0,0.0,0.9954128440366972
volcanoes-e1,knn-nosuite,0.9222972972972973,1.0,1.0,0.0,0.0,0.9967105263157896
volcanoes-e1,knn-nosuite,0.9222972972972973,1.0,1.0,0.0,0.0,1.0
volcanoes-e1,knn-nosuite,0.9222972972972973,1.0,1.0,0.0,0.0,0.998091603053435
volcanoes-e1,knn-nosuite,0.9222972972972973,0.8,1.0,0.0,0.0,0.9979338842975206
volcanoes-e1,knn-nosuite,0.9222972972972973,1.0,0.9886363636363636,0.0,0.0,1.0
volcanoes-e1,knn-nosuite,0.9222972972972973,0.6,1.0,0.0,0.0,0.850574712643678
volcanoes-e1,knn-nosuite,0.9222972972972973,1.0,1.0,0.0,0.0,0.9971387696709584
volcanoes-e1,knn-nosuite,0.9222972972972973,1.0,1.0,0.0,0.0,0.9922118380062306
volcanoes-e1,knn-nosuite,0.9222972972972973,1.0,1.0,0.0,0.0,0.9977924944812362
volcanoes-e1,knn-nosuite,0.9222972972972973,1.0,1.0,0.0,0.0,0.9979296066252588
volcanoes-e1,knn-nosuite,0.9222972972972973,0.8,0.9864864864864865,0.0,0.0,0.9951338199513382
volcanoes-e1,knn-nosuite,0.9222972972972973,1.0,1.0,0.0,0.0,0.9975429975429975
volcanoes-e1,knn-nosuite,0.9222972972972973,1.0,0.9886363636363636,0.0,0.0,0.9974160206718347
volcanoes-e1,knn-nosuite,0.9222972972972973,1.0,1.0,0.0,0.0,0.9949664429530202
volcanoes-e1,knn-nosuite,0.9222972972972973,1.0,1.0,0.0,0.0,0.9953271028037383
volcanoes-e1,knn-nosuite,0.9222972972972973,0.6,0.965909090909091,0.0,0.0,0.9886363636363636
volcanoes-e1,knn-nosuite,0.9222972972972973,1.0,1.0,0.0,0.0,0.9980392156862745
volcanoes-e1,knn-nosuite,0.9222972972972973,0.8,1.0,0.0,0.0,0.9949916527545909
volcanoes-e1,knn-nosuite,0.9222972972972973,1.0,1.0,0.0,0.0,0.9968454258675079
volcanoes-e1,knn-nosuite,0.9222972972972973,0.8,0.9772727272727273,0.0,0.0,0.9959677419354838
volcanoes-e1,knn-nosuite,0.9222972972972973,0.8,1.0,0.0,0.0,0.9952153110047848
volcanoes-e1,knn-nosuite,0.9222972972972973,1.0,1.0,0.0,0.0,0.9978586723768735
volcanoes-e1,knn-nosuite,0.9222972972972973,1.0,1.0,0.0,0.0,1.0
volcanoes-e1,knn-nosuite,0.9222972972972973,1.0,1.0,0.0,0.0,1.0
volcanoes-e1,knn-nosuite,0.9222972972972973,1.0,1.0,0.0,0.0,0.9952904238618524
volcanoes-e1,knn-nosuite,0.9222972972972973,0.6,0.9852941176470589,0.0,0.0,0.5952380952380952
volcanoes-e1,knn-nosuite,0.9222972972972973,0.8,1.0,0.0,0.0,0.997872340425532
volcanoes-e1,knn-nosuite,0.9222972972972973,1.0,1.0,0.0,0.0,0.9981481481481481
volcanoes-e1,knn-nosuite,0.9222972972972973,1.0,1.0,0.0,0.0,0.996996996996997
volcanoes-e1,knn-nosuite,0.9222972972972973,1.0,1.0,0.0,0.0,0.997920997920998
volcanoes-e1,knn-nosuite,0.9222972972972973,1.0,1.0,0.0,0.0,0.9598445595854923
volcanoes-e2,knn-nosuite,0.9037037037037037,1.0,1.0,0.0,0.0,0.9970717423133235
volcanoes-e2,knn-nosuite,0.9037037037037037,0.8,1.0,0.0,0.0,0.9965811965811966
volcanoes-e2,knn-nosuite,0.9037037037037037,1.0,1.0,0.0,0.0,0.9934065934065934
volcanoes-e2,knn-nosuite,0.9037037037037037,1.0,1.0,0.0,0.0,1.0
volcanoes-e2,knn-nosuite,0.9037037037037037,1.0,1.0,0.0,0.0,0.9970370370370369
volcanoes-e2,knn-nosuite,0.9037037037037037,1.0,1.0,0.0,0.0,0.9970414201183433
volcanoes-e2,knn-nosuite,0.9037037037037037,0.8,1.0,0.0,0.0,1.0
volcanoes-e2,knn-nosuite,0.9037037037037037,1.0,1.0,0.0,0.0,0.9976415094339621
volcanoes-e2,knn-nosuite,0.9037037037037037,0.8,1.0,0.0,0.0,0.9962335216572505
volcanoes-e2,knn-nosuite,0.9037037037037037,0.8,0.9836065573770492,0.0,0.0,0.9966555183946488
volcanoes-e2,knn-nosuite,0.9037037037037037,1.0,0.9876543209876543,0.0,0.0,0.9972144846796658
volcanoes-e2,knn-nosuite,0.9037037037037037,1.0,1.0,0.0,0.0,1.0
volcanoes-e2,knn-nosuite,0.9037037037037037,1.0,1.0,0.0,0.0,1.0
volcanoes-e2,knn-nosuite,0.9037037037037037,1.0,1.0,0.0,0.0,0.9950980392156863
volcanoes-e2,knn-nosuite,0.9037037037037037,0.8,1.0,0.0,0.0,1.0
volcanoes-e2,knn-nosuite,0.9037037037037037,0.8,1.0,0.0,0.0,1.0
volcanoes-e2,knn-nosuite,0.9037037037037037,1.0,1.0,0.0,0.0,0.9970501474926253
volcanoes-e2,knn-nosuite,0.9037037037037037,0.8,0.962962962962963,0.0,0.0,0.9928909952606635
volcanoes-e2,knn-nosuite,0.9037037037037037,1.0,1.0,0.0,0.0,0.9977426636568849
volcanoes-e2,knn-nosuite,0.9037037037037037,1.0,1.0,0.0,0.0,1.0
volcanoes-e2,knn-nosuite,0.9037037037037037,1.0,1.0,0.0,0.0,1.0
volcanoes-e2,knn-nosuite,0.9037037037037037,0.8,0.9876543209876543,0.0,0.0,1.0
volcanoes-e2,knn-nosuite,0.9037037037037037,0.8,0.9876543209876543,0.0,0.0,0.996031746031746
volcanoes-e2,knn-nosuite,0.9037037037037037,0.8,1.0,0.0,0.0,0.9942857142857143
volcanoes-e2,knn-nosuite,0.9037037037037037,1.0,1.0,0.0,0.0,1.0
volcanoes-e2,knn-nosuite,0.9037037037037037,1.0,1.0,0.0,0.0,0.9967532467532468
volcanoes-e2,knn-nosuite,0.9037037037037037,0.8,1.0,0.0,0.0,1.0
volcanoes-e2,knn-nosuite,0.9037037037037037,1.0,1.0,0.0,0.0,0.9970326409495549
volcanoes-e2,knn-nosuite,0.9037037037037037,0.8,0.9135802469135802,0.0,0.0,0.9972899728997289
volcanoes-e2,knn-nosuite,0.9037037037037037,1.0,1.0,0.0,0.0,1.0
volcanoes-e2,knn-nosuite,0.9037037037037037,1.0,1.0,0.0,0.0,0.9967320261437909
volcanoes-e2,knn-nosuite,0.9037037037037037,1.0,1.0,0.0,0.0,1.0
volcanoes-e2,knn-nosuite,0.9037037037037037,1.0,1.0,0.0,0.0,1.0
volcanoes-e2,knn-nosuite,0.9037037037037037,1.0,1.0,0.0,0.0,0.9963702359346642
volcanoes-e2,knn-nosuite,0.9037037037037037,0.8,1.0,0.0,0.0,0.9961685823754788
volcanoes-e2,knn-nosuite,0.9037037037037037,1.0,1.0,0.0,0.0,0.9982456140350877
volcanoes-e2,knn-nosuite,0.9037037037037037,1.0,1.0,0.0,0.0,0.9967585089141003
volcanoes-e2,knn-nosuite,0.9037037037037037,1.0,1.0,0.0,0.0,1.0
volcanoes-e2,knn-nosuite,0.9037037037037037,1.0,1.0,0.0,0.0,1.0
volcanoes-e2,knn-nosuite,0.9037037037037037,1.0,1.0,0.0,0.0,0.9970457902511078
volcanoes-e2,knn-nosuite,0.9037037037037037,1.0,1.0,0.0,0.0,1.0
volcanoes-e2,knn-nosuite,0.9037037037037037,0.8,0.9876543209876543,0.0,0.0,0.9967741935483871
volcanoes-e2,knn-nosuite,0.9037037037037037,0.4,0.8863636363636364,0.0,0.0,0.9937694704049844
volcanoes-e2,knn-nosuite,0.9037037037037037,1.0,1.0,0.0,0.0,0.9951100244498777
volcanoes-e2,knn-nosuite,0.9037037037037037,0.8,1.0,0.0,0.0,1.0
volcanoes-e2,knn-nosuite,0.9037037037037037,0.6,1.0,0.0,0.0,1.0
volcanoes-e2,knn-nosuite,0.9037037037037037,0.6,1.0,0.0,0.0,1.0
volcanoes-e2,knn-nosuite,0.9037037037037037,1.0,1.0,0.0,0.0,1.0
volcanoes-e2,knn-nosuite,0.9037037037037037,1.0,1.0,0.0,0.0,0.9963768115942029
volcanoes-e2,knn-nosuite,0.9037037037037037,1.0,1.0,0.0,0.0,1.0
yeast,knn-nosuite,0.5929919137466307,0.8,0.9259259259259259,0.0,0.0,0.973404255319149
yeast,knn-nosuite,0.5929919137466307,1.0,0.9318181818181819,0.0,0.0,1.0
yeast,knn-nosuite,0.5929919137466307,0.6,0.8837209302325582,0.0,0.0,0.9937888198757763
yeast,knn-nosuite,0.5929919137466307,0.6,1.0,0.0,0.0,0.9939024390243902
yeast,knn-nosuite,0.5929919137466307,0.6,1.0,0.0,0.0,0.9915966386554622
yeast,knn-nosuite,0.5929919137466307,0.4,0.875,0.0,0.0,0.9960629921259843
yeast,knn-nosuite,0.5929919137466307,0.6,0.8367346938775511,0.0,0.0,0.9185185185185185
yeast,knn-nosuite,0.5929919137466307,0.4,0.9285714285714286,0.0,0.0,0.855595667870036
yeast,knn-nosuite,0.5929919137466307,0.4,1.0,0.0,0.0,0.967741935483871
yeast,knn-nosuite,0.5929919137466307,0.8,1.0,0.0,0.0,0.9896907216494846
yeast,knn-nosuite,0.5929919137466307,0.6,1.0,0.0,0.0,0.9955752212389382
yeast,knn-nosuite,0.5929919137466307,0.6,0.8666666666666668,0.0,0.0,0.9840425531914894
yeast,knn-nosuite,0.5929919137466307,0.6,0.962962962962963,0.0,0.0,1.0
yeast,knn-nosuite,0.5929919137466307,0.6,0.9830508474576272,0.0,0.0,1.0
yeast,knn-nosuite,0.5929919137466307,0.6,1.0,0.0,0.0,0.9924812030075187
yeast,knn-nosuite,0.5929919137466307,0.8,0.8985507246376813,0.0,0.0,0.986111111111111
yeast,knn-nosuite,0.5929919137466307,0.8,0.8947368421052632,0.0,0.0,0.975609756097561
yeast,knn-nosuite,0.5929919137466307,0.6,0.9565217391304348,0.0,0.0,1.0
yeast,knn-nosuite,0.5929919137466307,0.6,1.0,0.0,0.0,0.8648648648648649
yeast,knn-nosuite,0.5929919137466307,0.8,1.0,0.0,0.0,1.0
yeast,knn-nosuite,0.5929919137466307,0.6,0.8,0.0,0.0,0.9947643979057592
yeast,knn-nosuite,0.5929919137466307,0.8,0.9230769230769231,0.0,0.0,0.9380952380952381
yeast,knn-nosuite,0.5929919137466307,0.6,1.0,0.0,0.0,0.9948186528497409
yeast,knn-nosuite,0.5929919137466307,0.6,0.967741935483871,0.0,0.0,0.8854166666666666
yeast,knn-nosuite,0.5929919137466307,0.4,1.0,0.0,0.0,0.959409594095941
yeast,knn-nosuite,0.5929919137466307,0.6,0.8,0.0,0.0,1.0
yeast,knn-nosuite,0.5929919137466307,0.6,0.875,0.0,0.0,0.9226190476190477
yeast,knn-nosuite,0.5929919137466307,0.8,0.8333333333333334,0.0,0.0,0.9565217391304348
yeast,knn-nosuite,0.5929919137466307,0.8,0.8333333333333334,0.0,0.0,0.988795518207283
yeast,knn-nosuite,0.5929919137466307,0.6,0.7142857142857143,0.0,0.0,0.9429657794676805
yeast,knn-nosuite,0.5929919137466307,1.0,1.0,0.0,0.0,0.96875
yeast,knn-nosuite,0.5929919137466307,0.8,1.0,0.0,0.0,0.9815950920245399
yeast,knn-nosuite,0.5929919137466307,0.6,0.9268292682926831,0.0,0.0,0.9542483660130718
yeast,knn-nosuite,0.5929919137466307,0.8,0.9423076923076923,0.0,0.0,1.0
yeast,knn-nosuite,0.5929919137466307,0.8,0.9487179487179487,0.0,0.0,0.9952153110047848
yeast,knn-nosuite,0.5929919137466307,0.6,0.8,0.0,0.0,1.0
yeast,knn-nosuite,0.5929919137466307,1.0,0.96,0.0,0.0,0.9876543209876543
yeast,knn-nosuite,0.5929919137466307,1.0,1.0,0.0,0.0,1.0
yeast,knn-nosuite,0.5929919137466307,0.6,0.8,0.0,0.0,0.994475138121547
yeast,knn-nosuite,0.5929919137466307,0.6,0.8333333333333334,0.0,0.0,1.0
yeast,knn-nosuite,0.5929919137466307,0.6,0.82,0.0,0.0,0.9716494845360824
yeast,knn-nosuite,0.5929919137466307,0.6,0.9230769230769231,0.0,0.0,0.8804347826086957
yeast,knn-nosuite,0.5929919137466307,0.6,1.0,0.0,0.0,0.8828125
yeast,knn-nosuite,0.5929919137466307,0.6,0.9512195121951219,0.0,0.0,0.9343065693430657
yeast,knn-nosuite,0.5929919137466307,0.6,0.9696969696969697,0.0,0.0,1.0
yeast,knn-nosuite,0.5929919137466307,0.4,0.96875,0.0,0.0,0.9864864864864865
yeast,knn-nosuite,0.5929919137466307,0.6,0.6666666666666666,0.0,0.0,0.9548022598870055
yeast,knn-nosuite,0.5929919137466307,1.0,1.0,0.0,0.0,0.9789915966386553
yeast,knn-nosuite,0.5929919137466307,1.0,1.0,0.0,0.0,0.990990990990991
rmftsa,knn-nosuite,0.53125,0.4,0.675,0.0,0.0,0.723404255319149
rmftsa,knn-nosuite,0.53125,0.4,0.5625,0.0,0.0,0.7142857142857143
rmftsa,knn-nosuite,0.53125,0.4,0.6428571428571429,0.0,0.0,0.8762886597938145
rmftsa,knn-nosuite,0.53125,0.4,0.875,0.0,0.0,0.6635514018691588
rmftsa,knn-nosuite,0.53125,0.6,1.0,0.0,0.0,0.9705882352941175
rmftsa,knn-nosuite,0.53125,0.8,1.0,0.0,0.0,0.9568345323741008
rmftsa,knn-nosuite,0.53125,0.4,0.8378378378378379,0.0,0.0,0.8313253012048193
rmftsa,knn-nosuite,0.53125,1.0,1.0,0.0,0.0,0.7560975609756098
rmftsa,knn-nosuite,0.53125,0.4,0.5609756097560976,0.0,0.0,0.4789915966386554
rmftsa,knn-nosuite,0.53125,0.8,1.0,0.0,0.0,0.6884057971014492
rmftsa,knn-nosuite,0.53125,1.0,1.0,0.0,0.0,0.8676844783715014
rmftsa,knn-nosuite,0.53125,0.6,1.0,0.0,0.0,0.9928057553956835
rmftsa,knn-nosuite,0.53125,0.4,0.8928571428571429,0.0,0.0,0.7884615384615384
rmftsa,knn-nosuite,0.53125,0.6,0.9230769230769231,0.0,0.0,0.802919708029197
rmftsa,knn-nosuite,0.53125,0.4,1.0,0.0,0.0,0.9203539823008849
rmftsa,knn-nosuite,0.53125,0.4,1.0,0.0,0.0,0.8623188405797102
rmftsa,knn-nosuite,0.53125,0.6,0.4242424242424242,0.0,0.0,0.8181818181818181
rmftsa,knn-nosuite,0.53125,0.8,1.0,0.0,0.0,0.6884057971014492
rmftsa,knn-nosuite,0.53125,0.6,0.9,0.0,0.0,0.9208633093525179
rmftsa,knn-nosuite,0.53125,0.8,0.9,0.0,0.0,0.8539823008849557
rmftsa,knn-nosuite,0.53125,0.6,0.7297297297297297,0.0,0.0,0.7132352941176471
rmftsa,knn-nosuite,0.53125,0.8,1.0,0.0,0.0,0.8584905660377359
rmftsa,knn-nosuite,0.53125,0.6,0.5428571428571428,0.0,0.0,0.846590909090909
rmftsa,knn-nosuite,0.53125,0.6,1.0,0.0,0.0,0.9276018099547512
rmftsa,knn-nosuite,0.53125,0.6,0.5555555555555556,0.0,0.0,0.7486033519553073
rmftsa,knn-nosuite,0.53125,0.4,0.5510204081632653,0.0,0.0,0.8666666666666668
rmftsa,knn-nosuite,0.53125,0.4,1.0,0.0,0.0,0.9414893617021278
rmftsa,knn-nosuite,0.53125,0.6,0.6153846153846154,0.0,0.0,0.6931818181818182
rmftsa,knn-nosuite,0.53125,0.4,0.9384615384615385,0.0,0.0,0.9627329192546584
rmftsa,knn-nosuite,0.53125,0.6,0.75,0.0,0.0,0.696969696969697
rmftsa,knn-nosuite,0.53125,0.6,1.0,0.0,0.0,0.6950354609929078
rmftsa,knn-nosuite,0.53125,0.4,0.8928571428571429,0.0,0.0,0.7857142857142857
rmftsa,knn-nosuite,0.53125,0.6,0.9230769230769231,0.0,0.0,0.802919708029197
rmftsa,knn-nosuite,0.53125,0.6,0.5625,0.0,0.0,0.7887323943661971
rmftsa,knn-nosuite,0.53125,0.4,0.9420289855072463,0.0,0.0,0.9473684210526315
rmftsa,knn-nosuite,0.53125,0.6,0.4545454545454545,0.0,0.0,0.9389312977099238
rmftsa,knn-nosuite,0.53125,0.8,1.0,0.0,0.0,0.8018867924528303
rmftsa,knn-nosuite,0.53125,1.0,0.9393939393939394,0.0,0.0,0.9705882352941175
rmftsa,knn-nosuite,0.53125,0.8,0.9868421052631579,0.0,0.0,0.85
rmftsa,knn-nosuite,0.53125,0.6,0.5238095238095238,0.0,0.0,0.9516129032258064
rmftsa,knn-nosuite,0.53125,0.6,0.8363636363636363,0.0,0.0,0.9491525423728813
rmftsa,knn-nosuite,0.53125,0.4,0.8867924528301888,0.0,0.0,0.6368159203980099
rmftsa,knn-nosuite,0.53125,0.6,0.7916666666666666,0.0,0.0,0.6391304347826087
rmftsa,knn-nosuite,0.53125,0.4,0.625,0.0,0.0,0.8405797101449275
rmftsa,knn-nosuite,0.53125,1.0,0.9230769230769231,0.0,0.0,0.931297709923664
rmftsa,knn-nosuite,0.53125,0.8,1.0,0.0,0.0,0.6884057971014492
rmftsa,knn-nosuite,0.53125,0.6,0.7916666666666666,0.0,0.0,0.6391304347826087
rmftsa,knn-nosuite,0.53125,0.6,0.4545454545454545,0.0,0.0,0.9595959595959596
rmftsa,knn-nosuite,0.53125,0.6,0.8181818181818181,0.0,0.0,0.7946428571428571
rmftsa,knn-nosuite,0.53125,0.6,0.8108108108108109,0.0,0.0,0.6666666666666666
banknote-authentication,knn-nosuite,1.0,1.0,1.0,0.0,0.0,1.0
banknote-authentication,knn-nosuite,1.0,1.0,1.0,0.0,0.0,1.0
banknote-authentication,knn-nosuite,1.0,1.0,1.0,0.0,0.0,1.0
banknote-authentication,knn-nosuite,1.0,1.0,0.9893617021276595,0.0,0.0,1.0
banknote-authentication,knn-nosuite,1.0,1.0,1.0,0.0,0.0,1.0
banknote-authentication,knn-nosuite,1.0,1.0,1.0,0.0,0.0,1.0
banknote-authentication,knn-nosuite,1.0,1.0,1.0,0.0,0.0,0.990521327014218
banknote-authentication,knn-nosuite,1.0,1.0,1.0,0.0,0.0,1.0
banknote-authentication,knn-nosuite,1.0,1.0,1.0,0.0,0.0,1.0
banknote-authentication,knn-nosuite,1.0,1.0,1.0,0.0,0.0,1.0
banknote-authentication,knn-nosuite,1.0,1.0,1.0,0.0,0.0,1.0
banknote-authentication,knn-nosuite,1.0,1.0,1.0,0.0,0.0,1.0
banknote-authentication,knn-nosuite,1.0,1.0,1.0,0.0,0.0,1.0
banknote-authentication,knn-nosuite,1.0,1.0,1.0,0.0,0.0,0.9967213114754099
banknote-authentication,knn-nosuite,1.0,1.0,0.9901960784313726,0.0,0.0,1.0
banknote-authentication,knn-nosuite,1.0,1.0,1.0,0.0,0.0,1.0
banknote-authentication,knn-nosuite,1.0,1.0,1.0,0.0,0.0,1.0
banknote-authentication,knn-nosuite,1.0,1.0,0.9875,0.0,0.0,1.0
banknote-authentication,knn-nosuite,1.0,1.0,1.0,0.0,0.0,0.9956521739130435
banknote-authentication,knn-nosuite,1.0,1.0,0.9901960784313726,0.0,0.0,1.0
banknote-authentication,knn-nosuite,1.0,1.0,1.0,0.0,0.0,1.0
banknote-authentication,knn-nosuite,1.0,1.0,1.0,0.0,0.0,0.9888268156424582
banknote-authentication,knn-nosuite,1.0,1.0,1.0,0.0,0.0,1.0
banknote-authentication,knn-nosuite,1.0,1.0,1.0,0.0,0.0,1.0
banknote-authentication,knn-nosuite,1.0,1.0,0.9795918367346939,0.0,0.0,1.0
banknote-authentication,knn-nosuite,1.0,1.0,1.0,0.0,0.0,1.0
banknote-authentication,knn-nosuite,1.0,1.0,0.9901960784313726,0.0,0.0,1.0
banknote-authentication,knn-nosuite,1.0,1.0,1.0,0.0,0.0,0.9948453608247423
banknote-authentication,knn-nosuite,1.0,1.0,1.0,0.0,0.0,1.0
banknote-authentication,knn-nosuite,1.0,1.0,0.980392156862745,0.0,0.0,1.0
banknote-authentication,knn-nosuite,1.0,1.0,1.0,0.0,0.0,1.0
banknote-authentication,knn-nosuite,1.0,1.0,0.9901960784313726,0.0,0.0,0.9946808510638296
banknote-authentication,knn-nosuite,1.0,1.0,1.0,0.0,0.0,1.0
banknote-authentication,knn-nosuite,1.0,1.0,1.0,0.0,0.0,1.0
banknote-authentication,knn-nosuite,1.0,1.0,1.0,0.0,0.0,1.0
banknote-authentication,knn-nosuite,1.0,1.0,1.0,0.0,0.0,1.0
banknote-authentication,knn-nosuite,1.0,1.0,1.0,0.0,0.0,1.0
banknote-authentication,knn-nosuite,1.0,1.0,1.0,0.0,0.0,1.0
banknote-authentication,knn-nosuite,1.0,1.0,1.0,0.0,0.0,0.9840425531914894
banknote-authentication,knn-nosuite,1.0,1.0,1.0,0.0,0.0,1.0
banknote-authentication,knn-nosuite,1.0,1.0,1.0,0.0,0.0,1.0
banknote-authentication,knn-nosuite,1.0,1.0,1.0,0.0,0.0,1.0
banknote-authentication,knn-nosuite,1.0,1.0,0.9787234042553191,0.0,0.0,1.0
banknote-authentication,knn-nosuite,1.0,1.0,1.0,0.0,0.0,1.0
banknote-authentication,knn-nosuite,1.0,1.0,1.0,0.0,0.0,0.9914163090128756
banknote-authentication,knn-nosuite,1.0,1.0,1.0,0.0,0.0,1.0
banknote-authentication,knn-nosuite,1.0,1.0,1.0,0.0,0.0,1.0
banknote-authentication,knn-nosuite,1.0,1.0,1.0,0.0,0.0,1.0
banknote-authentication,knn-nosuite,1.0,1.0,1.0,0.0,0.0,1.0
banknote-authentication,knn-nosuite,1.0,1.0,1.0,0.0,0.0,1.0
volcanoes-a2,knn-nosuite,0.9408866995073891,1.0,1.0,0.0,0.0,0.9962216624685138
volcanoes-a2,knn-nosuite,0.9408866995073891,1.0,1.0,0.0,0.0,0.9942396313364055
volcanoes-a2,knn-nosuite,0.9408866995073891,1.0,1.0,0.0,0.0,0.99498997995992
volcanoes-a2,knn-nosuite,0.9408866995073891,1.0,1.0,0.0,0.0,0.9977401129943504
volcanoes-a2,knn-nosuite,0.9408866995073891,0.8,1.0,0.0,0.0,0.9983818770226536
volcanoes-a2,knn-nosuite,0.9408866995073891,1.0,1.0,0.0,0.0,0.99498997995992
volcanoes-a2,knn-nosuite,0.9408866995073891,1.0,1.0,0.0,0.0,0.9954802259887006
volcanoes-a2,knn-nosuite,0.9408866995073891,1.0,1.0,0.0,0.0,0.9957983193277311
volcanoes-a2,knn-nosuite,0.9408866995073891,1.0,1.0,0.0,0.0,0.9957627118644068
volcanoes-a2,knn-nosuite,0.9408866995073891,1.0,1.0,0.0,0.0,0.9985185185185184
volcanoes-a2,knn-nosuite,0.9408866995073891,0.4,0.9724770642201837,0.0,0.0,1.0
volcanoes-a2,knn-nosuite,0.9408866995073891,1.0,1.0,0.0,0.0,0.9958448753462605
volcanoes-a2,knn-nosuite,0.9408866995073891,0.8,0.9896907216494846,0.0,0.0,0.9801762114537445
volcanoes-a2,knn-nosuite,0.9408866995073891,0.6,0.9834710743801655,0.0,0.0,1.0
volcanoes-a2,knn-nosuite,0.9408866995073891,1.0,1.0,0.0,0.0,0.997879109225875
volcanoes-a2,knn-nosuite,0.9408866995073891,1.0,1.0,0.0,0.0,0.9947423764458465
volcanoes-a2,knn-nosuite,0.9408866995073891,1.0,1.0,0.0,0.0,1.0
volcanoes-a2,knn-nosuite,0.9408866995073891,1.0,1.0,0.0,0.0,0.998046875
volcanoes-a2,knn-nosuite,0.9408866995073891,1.0,1.0,0.0,0.0,1.0
volcanoes-a2,knn-nosuite,0.9408866995073891,1.0,1.0,0.0,0.0,1.0
volcanoes-a2,knn-nosuite,0.9408866995073891,1.0,1.0,0.0,0.0,0.9985935302390999
volcanoes-a2,knn-nosuite,0.9408866995073891,1.0,1.0,0.0,0.0,0.997624703087886
volcanoes-a2,knn-nosuite,0.9408866995073891,1.0,1.0,0.0,0.0,0.9969167523124358
volcanoes-a2,knn-nosuite,0.9408866995073891,1.0,1.0,0.0,0.0,0.9955686853766619
volcanoes-a2,knn-nosuite,0.9408866995073891,1.0,1.0,0.0,0.0,0.9967741935483871
volcanoes-a2,knn-nosuite,0.9408866995073891,1.0,1.0,0.0,0.0,0.9988249118683902
volcanoes-a2,knn-nosuite,0.9408866995073891,1.0,1.0,0.0,0.0,0.9959128065395095
volcanoes-a2,knn-nosuite,0.9408866995073891,1.0,1.0,0.0,0.0,0.9946737683089214
volcanoes-a2,knn-nosuite,0.9408866995073891,1.0,1.0,0.0,0.0,0.9966517857142858
volcanoes-a2,knn-nosuite,0.9408866995073891,1.0,1.0,0.0,0.0,0.9947753396029257
volcanoes-a2,knn-nosuite,0.9408866995073891,1.0,1.0,0.0,0.0,0.9949811794228356
volcanoes-a2,knn-nosuite,0.9408866995073891,1.0,1.0,0.0,0.0,0.9978835978835979
volcanoes-a2,knn-nosuite,0.9408866995073891,1.0,1.0,0.0,0.0,0.9962358845671269
volcanoes-a2,knn-nosuite,0.9408866995073891,1.0,1.0,0.0,0.0,0.99498997995992
volcanoes-a2,knn-nosuite,0.9408866995073891,1.0,1.0,0.0,0.0,0.994934143870314
volcanoes-a2,knn-nosuite,0.9408866995073891,1.0,1.0,0.0,0.0,0.9978142076502732
volcanoes-a2,knn-nosuite,0.9408866995073891,1.0,1.0,0.0,0.0,0.9946638207043756
volcanoes-a2,knn-nosuite,0.9408866995073891,0.6,0.875,0.0,0.0,0.9910179640718562
volcanoes-a2,knn-nosuite,0.9408866995073891,1.0,1.0,0.0,0.0,0.9968520461699895
volcanoes-a2,knn-nosuite,0.9408866995073891,0.6,0.975206611570248,0.0,0.0,1.0
volcanoes-a2,knn-nosuite,0.9408866995073891,1.0,1.0,0.0,0.0,0.9937421777221527
volcanoes-a2,knn-nosuite,0.9408866995073891,1.0,1.0,0.0,0.0,0.995850622406639
volcanoes-a2,knn-nosuite,0.9408866995073891,1.0,1.0,0.0,0.0,0.9965357967667436
volcanoes-a2,knn-nosuite,0.9408866995073891,1.0,1.0,0.0,0.0,0.9951219512195122
volcanoes-a2,knn-nosuite,0.9408866995073891,1.0,1.0,0.0,0.0,0.994994994994995
volcanoes-a2,knn-nosuite,0.9408866995073891,0.6,0.7058823529411765,0.0,0.0,0.9927007299270073
volcanoes-a2,knn-nosuite,0.9408866995073891,1.0,1.0,0.0,0.0,0.9958217270194986
volcanoes-a2,knn-nosuite,0.9408866995073891,0.8,0.9917355371900827,0.0,0.0,0.9943977591036415
volcanoes-a2,knn-nosuite,0.9408866995073891,1.0,1.0,0.0,0.0,1.0
volcanoes-a2,knn-nosuite,0.9408866995073891,1.0,1.0,0.0,0.0,1.0
volcanoes-a3,knn-nosuite,0.905511811023622,0.8,1.0,0.0,0.0,0.9932735426008967
volcanoes-a3,knn-nosuite,0.905511811023622,1.0,1.0,0.0,0.0,0.9944979367262723
volcanoes-a3,knn-nosuite,0.905511811023622,0.4,0.7441860465116279,0.0,0.0,0.9924385633270323
volcanoes-a3,knn-nosuite,0.905511811023622,1.0,1.0,0.0,0.0,0.9987146529562982
volcanoes-a3,knn-nosuite,0.905511811023622,1.0,1.0,0.0,0.0,0.9987244897959183
volcanoes-a3,knn-nosuite,0.905511811023622,1.0,1.0,0.0,0.0,0.9974747474747476
volcanoes-a3,knn-nosuite,0.905511811023622,1.0,1.0,0.0,0.0,0.995945945945946
volcanoes-a3,knn-nosuite,0.905511811023622,1.0,1.0,0.0,0.0,0.9957627118644068
volcanoes-a3,knn-nosuite,0.905511811023622,0.8,1.0,0.0,0.0,0.9967585089141003
volcanoes-a3,knn-nosuite,0.905511811023622,1.0,1.0,0.0,0.0,0.998792270531401
volcanoes-a3,knn-nosuite,0.905511811023622,1.0,1.0,0.0,0.0,0.9974424552429667
volcanoes-a3,knn-nosuite,0.905511811023622,1.0,1.0,0.0,0.0,0.996951219512195
volcanoes-a3,knn-nosuite,0.905511811023622,0.8,1.0,0.0,0.0,1.0
volcanoes-a3,knn-nosuite,0.905511811023622,0.6,1.0,0.0,0.0,0.9969135802469136
volcanoes-a3,knn-nosuite,0.905511811023622,1.0,1.0,0.0,0.0,0.997737556561086
volcanoes-a3,knn-nosuite,0.905511811023622,1.0,1.0,0.0,0.0,0.9982578397212544
volcanoes-a3,knn-nosuite,0.905511811023622,1.0,1.0,0.0,0.0,1.0
volcanoes-a3,knn-nosuite,0.905511811023622,1.0,1.0,0.0,0.0,0.9956709956709957
volcanoes-a3,knn-nosuite,0.905511811023622,1.0,1.0,0.0,0.0,0.9987341772151899
volcanoes-a3,knn-nosuite,0.905511811023622,1.0,1.0,0.0,0.0,0.9948979591836735
volcanoes-a3,knn-nosuite,0.905511811023622,1.0,1.0,0.0,0.0,0.9960513326752223
volcanoes-a3,knn-nosuite,0.905511811023622,1.0,1.0,0.0,0.0,0.9961832061068703
volcanoes-a3,knn-nosuite,0.905511811023622,1.0,1.0,0.0,0.0,0.9988839285714286
volcanoes-a3,knn-nosuite,0.905511811023622,0.8,0.9901960784313726,0.0,0.0,1.0
volcanoes-a3,knn-nosuite,0.905511811023622,1.0,1.0,0.0,0.0,0.998696219035202
volcanoes-a3,knn-nosuite,0.905511811023622,1.0,1.0,0.0,0.0,0.9957761351636748
volcanoes-a3,knn-nosuite,0.905511811023622,0.8,1.0,0.0,0.0,0.9985795454545453
volcanoes-a3,knn-nosuite,0.905511811023622,1.0,1.0,0.0,0.0,0.997709049255441
volcanoes-a3,knn-nosuite,0.905511811023622,1.0,1.0,0.0,0.0,0.9978021978021978
volcanoes-a3,knn-nosuite,0.905511811023622,1.0,1.0,0.0,0.0,0.9988193624557262
volcanoes-a3,knn-nosuite,0.905511811023622,1.0,1.0,0.0,0.0,0.9955947136563876
volcanoes-a3,knn-nosuite,0.905511811023622,1.0,1.0,0.0,0.0,0.9972375690607734
volcanoes-a3,knn-nosuite,0.905511811023622,0.6,1.0,0.0,0.0,0.9985795454545453
volcanoes-a3,knn-nosuite,0.905511811023622,1.0,1.0,0.0,0.0,0.9955489614243322
volcanoes-a3,knn-nosuite,0.905511811023622,1.0,1.0,0.0,0.0,0.9955995599559955
volcanoes-a3,knn-nosuite,0.905511811023622,0.8,1.0,0.0,0.0,1.0
volcanoes-a3,knn-nosuite,0.905511811023622,1.0,1.0,0.0,0.0,0.9953216374269006
volcanoes-a3,knn-nosuite,0.905511811023622,1.0,1.0,0.0,0.0,0.9989106753812637
volcanoes-a3,knn-nosuite,0.905511811023622,0.8,0.9902912621359224,0.0,0.0,0.9941860465116278
volcanoes-a3,knn-nosuite,0.905511811023622,1.0,1.0,0.0,0.0,0.9957081545064378
volcanoes-a3,knn-nosuite,0.905511811023622,1.0,1.0,0.0,0.0,0.9977064220183486
volcanoes-a3,knn-nosuite,0.905511811023622,0.8,0.8,0.0,0.0,0.8372093023255814
volcanoes-a3,knn-nosuite,0.905511811023622,1.0,1.0,0.0,0.0,0.9987228607918264
volcanoes-a3,knn-nosuite,0.905511811023622,1.0,1.0,0.0,0.0,0.9987515605493134
volcanoes-a3,knn-nosuite,0.905511811023622,0.8,1.0,0.0,0.0,1.0
volcanoes-a3,knn-nosuite,0.905511811023622,1.0,1.0,0.0,0.0,0.9957081545064378
volcanoes-a3,knn-nosuite,0.905511811023622,1.0,1.0,0.0,0.0,0.9984917043740573
volcanoes-a3,knn-nosuite,0.905511811023622,1.0,1.0,0.0,0.0,0.9950433705080546
volcanoes-a3,knn-nosuite,0.905511811023622,1.0,1.0,0.0,0.0,0.9989484752891693
volcanoes-a3,knn-nosuite,0.905511811023622,1.0,1.0,0.0,0.0,1.0
volcanoes-a4,knn-nosuite,0.899736147757256,1.0,1.0,0.0,0.0,0.9940059940059939
volcanoes-a4,knn-nosuite,0.899736147757256,1.0,1.0,0.0,0.0,0.9985775248933144
volcanoes-a4,knn-nosuite,0.899736147757256,0.6,0.6190476190476191,0.0,0.0,0.5607476635514018
volcanoes-a4,knn-nosuite,0.899736147757256,1.0,1.0,0.0,0.0,0.9918367346938777
volcanoes-a4,knn-nosuite,0.899736147757256,1.0,1.0,0.0,0.0,0.9955995599559955
volcanoes-a4,knn-nosuite,0.899736147757256,0.4,0.4,0.0,0.0,0.9644970414201184
volcanoes-a4,knn-nosuite,0.899736147757256,1.0,1.0,0.0,0.0,1.0
volcanoes-a4,knn-nosuite,0.899736147757256,0.8,0.9911504424778761,0.0,0.0,0.9966722129783694
volcanoes-a4,knn-nosuite,0.899736147757256,1.0,1.0,0.0,0.0,0.9968404423380728
volcanoes-a4,knn-nosuite,0.899736147757256,1.0,1.0,0.0,0.0,1.0
volcanoes-a4,knn-nosuite,0.899736147757256,1.0,1.0,0.0,0.0,0.9939879759519037
volcanoes-a4,knn-nosuite,0.899736147757256,0.8,1.0,0.0,0.0,1.0
volcanoes-a4,knn-nosuite,0.899736147757256,1.0,1.0,0.0,0.0,0.9938712972420838
volcanoes-a4,knn-nosuite,0.899736147757256,1.0,1.0,0.0,0.0,0.9938271604938272
volcanoes-a4,knn-nosuite,0.899736147757256,1.0,1.0,0.0,0.0,0.9930635838150289
volcanoes-a4,knn-nosuite,0.899736147757256,1.0,1.0,0.0,0.0,0.99860529986053
volcanoes-a4,knn-nosuite,0.899736147757256,1.0,1.0,0.0,0.0,0.9987113402061855
volcanoes-a4,knn-nosuite,0.899736147757256,1.0,1.0,0.0,0.0,0.9929859719438878
volcanoes-a4,knn-nosuite,0.899736147757256,1.0,1.0,0.0,0.0,1.0
volcanoes-a4,knn-nosuite,0.899736147757256,1.0,1.0,0.0,0.0,0.9928486293206198
volcanoes-a4,knn-nosuite,0.899736147757256,1.0,1.0,0.0,0.0,0.9923076923076923
volcanoes-a4,knn-nosuite,0.899736147757256,0.6,0.6190476190476191,0.0,0.0,0.6629213483146067
volcanoes-a4,knn-nosuite,0.899736147757256,1.0,1.0,0.0,0.0,0.9969293756397134
volcanoes-a4,knn-nosuite,0.899736147757256,1.0,1.0,0.0,0.0,0.993933265925177
volcanoes-a4,knn-nosuite,0.899736147757256,0.4,0.9873417721518989,0.0,0.0,0.9253731343283583
volcanoes-a4,knn-nosuite,0.899736147757256,1.0,1.0,0.0,0.0,0.9936575052854122
volcanoes-a4,knn-nosuite,0.899736147757256,1.0,1.0,0.0,0.0,0.9985875706214691
volcanoes-a4,knn-nosuite,0.899736147757256,0.4,0.6,0.0,0.0,0.9465648854961832
volcanoes-a4,knn-nosuite,0.899736147757256,1.0,1.0,0.0,0.0,0.9924528301886791
volcanoes-a4,knn-nosuite,0.899736147757256,1.0,1.0,0.0,0.0,0.9986168741355463
volcanoes-a4,knn-nosuite,0.899736147757256,0.8,1.0,0.0,0.0,0.9922779922779924
volcanoes-a4,knn-nosuite,0.899736147757256,1.0,1.0,0.0,0.0,1.0
volcanoes-a4,knn-nosuite,0.899736147757256,1.0,0.9911504424778761,0.0,0.0,0.99302649930265
volcanoes-a4,knn-nosuite,0.899736147757256,1.0,1.0,0.0,0.0,1.0
volcanoes-a4,knn-nosuite,0.899736147757256,0.4,0.36363636363636365,0.0,0.0,0.7023809523809523
volcanoes-a4,knn-nosuite,0.899736147757256,0.8,1.0,0.0,0.0,0.9964200477326969
volcanoes-a4,knn-nosuite,0.899736147757256,0.8,1.0,0.0,0.0,0.9972640218878249
volcanoes-a4,knn-nosuite,0.899736147757256,1.0,1.0,0.0,0.0,0.9937694704049844
volcanoes-a4,knn-nosuite,0.899736147757256,0.8,1.0,0.0,0.0,0.9960732984293192
volcanoes-a4,knn-nosuite,0.899736147757256,0.6,0.68,0.0,0.0,0.989010989010989
volcanoes-a4,knn-nosuite,0.899736147757256,1.0,1.0,0.0,0.0,0.9976442873969376
volcanoes-a4,knn-nosuite,0.899736147757256,1.0,0.9875,0.0,0.0,0.9925233644859814
volcanoes-a4,knn-nosuite,0.899736147757256,1.0,1.0,0.0,0.0,1.0
volcanoes-a4,knn-nosuite,0.899736147757256,1.0,1.0,0.0,0.0,0.99721059972106
volcanoes-a4,knn-nosuite,0.899736147757256,1.0,1.0,0.0,0.0,1.0
volcanoes-a4,knn-nosuite,0.899736147757256,1.0,1.0,0.0,0.0,0.9978494623655914
volcanoes-a4,knn-nosuite,0.899736147757256,1.0,1.0,0.0,0.0,0.997677119628339
volcanoes-a4,knn-nosuite,0.899736147757256,1.0,1.0,0.0,0.0,0.9977949283351709
volcanoes-a4,knn-nosuite,0.899736147757256,0.8,1.0,0.0,0.0,0.9983792544570502
volcanoes-a4,knn-nosuite,0.899736147757256,1.0,1.0,0.0,0.0,0.9979360165118679
volcanoes-e1,knn-nosuite,0.9222972972972973,1.0,1.0,0.0,0.0,1.0
volcanoes-e1,knn-nosuite,0.9222972972972973,1.0,1.0,0.0,0.0,1.0
volcanoes-e1,knn-nosuite,0.9222972972972973,1.0,1.0,0.0,0.0,0.9980620155038761
volcanoes-e1,knn-nosuite,0.9222972972972973,1.0,1.0,0.0,0.0,1.0
volcanoes-e1,knn-nosuite,0.9222972972972973,1.0,1.0,0.0,0.0,1.0
volcanoes-e1,knn-nosuite,0.9222972972972973,1.0,1.0,0.0,0.0,0.9971305595408895
volcanoes-e1,knn-nosuite,0.9222972972972973,1.0,1.0,0.0,0.0,0.9978070175438598
volcanoes-e1,knn-nosuite,0.9222972972972973,1.0,1.0,0.0,0.0,0.9981718464351006
volcanoes-e1,knn-nosuite,0.9222972972972973,0.8,1.0,0.0,0.0,0.9958677685950412
volcanoes-e1,knn-nosuite,0.9222972972972973,1.0,1.0,0.0,0.0,1.0
volcanoes-e1,knn-nosuite,0.9222972972972973,1.0,1.0,0.0,0.0,0.9977011494252872
volcanoes-e1,knn-nosuite,0.9222972972972973,0.6,0.965909090909091,0.0,0.0,0.7578947368421053
volcanoes-e1,knn-nosuite,0.9222972972972973,0.8,1.0,0.0,0.0,0.9956331877729256
volcanoes-e1,knn-nosuite,0.9222972972972973,1.0,1.0,0.0,0.0,0.9964850615114236
volcanoes-e1,knn-nosuite,0.9222972972972973,1.0,1.0,0.0,0.0,0.9954128440366972
volcanoes-e1,knn-nosuite,0.9222972972972973,1.0,1.0,0.0,0.0,0.9967105263157896
volcanoes-e1,knn-nosuite,0.9222972972972973,1.0,1.0,0.0,0.0,1.0
volcanoes-e1,knn-nosuite,0.9222972972972973,1.0,1.0,0.0,0.0,0.998091603053435
volcanoes-e1,knn-nosuite,0.9222972972972973,0.8,1.0,0.0,0.0,0.9979338842975206
volcanoes-e1,knn-nosuite,0.9222972972972973,1.0,0.9886363636363636,0.0,0.0,1.0
volcanoes-e1,knn-nosuite,0.9222972972972973,0.6,1.0,0.0,0.0,0.850574712643678
volcanoes-e1,knn-nosuite,0.9222972972972973,1.0,1.0,0.0,0.0,0.9971387696709584
volcanoes-e1,knn-nosuite,0.9222972972972973,1.0,1.0,0.0,0.0,0.9922118380062306
volcanoes-e1,knn-nosuite,0.9222972972972973,1.0,1.0,0.0,0.0,0.9977924944812362
volcanoes-e1,knn-nosuite,0.9222972972972973,1.0,1.0,0.0,0.0,0.9979296066252588
volcanoes-e1,knn-nosuite,0.9222972972972973,0.8,0.9864864864864865,0.0,0.0,0.9951338199513382
volcanoes-e1,knn-nosuite,0.9222972972972973,1.0,1.0,0.0,0.0,0.9975429975429975
volcanoes-e1,knn-nosuite,0.9222972972972973,1.0,0.9886363636363636,0.0,0.0,0.9974160206718347
volcanoes-e1,knn-nosuite,0.9222972972972973,1.0,1.0,0.0,0.0,0.9949664429530202
volcanoes-e1,knn-nosuite,0.9222972972972973,1.0,1.0,0.0,0.0,0.9953271028037383
volcanoes-e1,knn-nosuite,0.9222972972972973,0.6,0.965909090909091,0.0,0.0,0.9886363636363636
volcanoes-e1,knn-nosuite,0.9222972972972973,1.0,1.0,0.0,0.0,0.9980392156862745
volcanoes-e1,knn-nosuite,0.9222972972972973,0.8,1.0,0.0,0.0,0.9949916527545909
volcanoes-e1,knn-nosuite,0.9222972972972973,1.0,1.0,0.0,0.0,0.9968454258675079
volcanoes-e1,knn-nosuite,0.9222972972972973,0.8,0.9772727272727273,0.0,0.0,0.9959677419354838
volcanoes-e1,knn-nosuite,0.9222972972972973,0.8,1.0,0.0,0.0,0.9952153110047848
volcanoes-e1,knn-nosuite,0.9222972972972973,1.0,1.0,0.0,0.0,0.9978586723768735
volcanoes-e1,knn-nosuite,0.9222972972972973,1.0,1.0,0.0,0.0,1.0
volcanoes-e1,knn-nosuite,0.9222972972972973,1.0,1.0,0.0,0.0,1.0
volcanoes-e1,knn-nosuite,0.9222972972972973,1.0,1.0,0.0,0.0,0.9952904238618524
volcanoes-e1,knn-nosuite,0.9222972972972973,0.6,0.9852941176470589,0.0,0.0,0.5952380952380952
volcanoes-e1,knn-nosuite,0.9222972972972973,0.8,1.0,0.0,0.0,0.997872340425532
volcanoes-e1,knn-nosuite,0.9222972972972973,1.0,1.0,0.0,0.0,0.9981481481481481
volcanoes-e1,knn-nosuite,0.9222972972972973,1.0,1.0,0.0,0.0,0.996996996996997
volcanoes-e1,knn-nosuite,0.9222972972972973,1.0,1.0,0.0,0.0,0.997920997920998
volcanoes-e1,knn-nosuite,0.9222972972972973,1.0,1.0,0.0,0.0,0.9598445595854923
volcanoes-e2,knn-nosuite,0.9037037037037037,1.0,1.0,0.0,0.0,0.9970717423133235
volcanoes-e2,knn-nosuite,0.9037037037037037,0.8,1.0,0.0,0.0,0.9965811965811966
volcanoes-e2,knn-nosuite,0.9037037037037037,1.0,1.0,0.0,0.0,0.9934065934065934
volcanoes-e2,knn-nosuite,0.9037037037037037,1.0,1.0,0.0,0.0,1.0
volcanoes-e2,knn-nosuite,0.9037037037037037,1.0,1.0,0.0,0.0,0.9970370370370369
volcanoes-e2,knn-nosuite,0.9037037037037037,1.0,1.0,0.0,0.0,0.9970414201183433
volcanoes-e2,knn-nosuite,0.9037037037037037,0.8,1.0,0.0,0.0,1.0
volcanoes-e2,knn-nosuite,0.9037037037037037,1.0,1.0,0.0,0.0,0.9976415094339621
volcanoes-e2,knn-nosuite,0.9037037037037037,0.8,1.0,0.0,0.0,0.9962335216572505
volcanoes-e2,knn-nosuite,0.9037037037037037,0.8,0.9836065573770492,0.0,0.0,0.9966555183946488
volcanoes-e2,knn-nosuite,0.9037037037037037,1.0,0.9876543209876543,0.0,0.0,0.9972144846796658
volcanoes-e2,knn-nosuite,0.9037037037037037,1.0,1.0,0.0,0.0,1.0
volcanoes-e2,knn-nosuite,0.9037037037037037,1.0,1.0,0.0,0.0,1.0
volcanoes-e2,knn-nosuite,0.9037037037037037,1.0,1.0,0.0,0.0,0.9950980392156863
volcanoes-e2,knn-nosuite,0.9037037037037037,0.8,1.0,0.0,0.0,1.0
volcanoes-e2,knn-nosuite,0.9037037037037037,0.8,1.0,0.0,0.0,1.0
volcanoes-e2,knn-nosuite,0.9037037037037037,1.0,1.0,0.0,0.0,0.9970501474926253
volcanoes-e2,knn-nosuite,0.9037037037037037,0.8,0.962962962962963,0.0,0.0,0.9928909952606635
volcanoes-e2,knn-nosuite,0.9037037037037037,1.0,1.0,0.0,0.0,0.9977426636568849
volcanoes-e2,knn-nosuite,0.9037037037037037,1.0,1.0,0.0,0.0,1.0
volcanoes-e2,knn-nosuite,0.9037037037037037,1.0,1.0,0.0,0.0,1.0
volcanoes-e2,knn-nosuite,0.9037037037037037,0.8,0.9876543209876543,0.0,0.0,1.0
volcanoes-e2,knn-nosuite,0.9037037037037037,0.8,0.9876543209876543,0.0,0.0,0.996031746031746
volcanoes-e2,knn-nosuite,0.9037037037037037,0.8,1.0,0.0,0.0,0.9942857142857143
volcanoes-e2,knn-nosuite,0.9037037037037037,1.0,1.0,0.0,0.0,1.0
volcanoes-e2,knn-nosuite,0.9037037037037037,1.0,1.0,0.0,0.0,0.9967532467532468
volcanoes-e2,knn-nosuite,0.9037037037037037,0.8,1.0,0.0,0.0,1.0
volcanoes-e2,knn-nosuite,0.9037037037037037,1.0,1.0,0.0,0.0,0.9970326409495549
volcanoes-e2,knn-nosuite,0.9037037037037037,0.8,0.9135802469135802,0.0,0.0,0.9972899728997289
volcanoes-e2,knn-nosuite,0.9037037037037037,1.0,1.0,0.0,0.0,1.0
volcanoes-e2,knn-nosuite,0.9037037037037037,1.0,1.0,0.0,0.0,0.9967320261437909
volcanoes-e2,knn-nosuite,0.9037037037037037,1.0,1.0,0.0,0.0,1.0
volcanoes-e2,knn-nosuite,0.9037037037037037,1.0,1.0,0.0,0.0,1.0
volcanoes-e2,knn-nosuite,0.9037037037037037,1.0,1.0,0.0,0.0,0.9963702359346642
volcanoes-e2,knn-nosuite,0.9037037037037037,0.8,1.0,0.0,0.0,0.9961685823754788
volcanoes-e2,knn-nosuite,0.9037037037037037,1.0,1.0,0.0,0.0,0.9982456140350877
volcanoes-e2,knn-nosuite,0.9037037037037037,1.0,1.0,0.0,0.0,0.9967585089141003
volcanoes-e2,knn-nosuite,0.9037037037037037,1.0,1.0,0.0,0.0,1.0
volcanoes-e2,knn-nosuite,0.9037037037037037,1.0,1.0,0.0,0.0,1.0
volcanoes-e2,knn-nosuite,0.9037037037037037,1.0,1.0,0.0,0.0,0.9970457902511078
volcanoes-e2,knn-nosuite,0.9037037037037037,1.0,1.0,0.0,0.0,1.0
volcanoes-e2,knn-nosuite,0.9037037037037037,0.8,0.9876543209876543,0.0,0.0,0.9967741935483871
volcanoes-e2,knn-nosuite,0.9037037037037037,0.4,0.8863636363636364,0.0,0.0,0.9937694704049844
volcanoes-e2,knn-nosuite,0.9037037037037037,1.0,1.0,0.0,0.0,0.9951100244498777
volcanoes-e2,knn-nosuite,0.9037037037037037,0.8,1.0,0.0,0.0,1.0
volcanoes-e2,knn-nosuite,0.9037037037037037,0.6,1.0,0.0,0.0,1.0
volcanoes-e2,knn-nosuite,0.9037037037037037,0.6,1.0,0.0,0.0,1.0
volcanoes-e2,knn-nosuite,0.9037037037037037,1.0,1.0,0.0,0.0,1.0
volcanoes-e2,knn-nosuite,0.9037037037037037,1.0,1.0,0.0,0.0,0.9963768115942029
volcanoes-e2,knn-nosuite,0.9037037037037037,1.0,1.0,0.0,0.0,1.0
volcanoes-e3,knn-nosuite,0.915625,1.0,1.0,0.0,0.0,0.9970238095238095
volcanoes-e3,knn-nosuite,0.915625,1.0,1.0,0.0,0.0,0.9951456310679612
volcanoes-e3,knn-nosuite,0.915625,1.0,1.0,0.0,0.0,0.9980620155038761
volcanoes-e3,knn-nosuite,0.915625,1.0,1.0,0.0,0.0,0.9674355495251017
volcanoes-e3,knn-nosuite,0.915625,0.4,1.0,0.0,0.0,0.8918918918918919
volcanoes-e3,knn-nosuite,0.915625,1.0,1.0,0.0,0.0,0.9938650306748468
volcanoes-e3,knn-nosuite,0.915625,1.0,1.0,0.0,0.0,0.994750656167979
volcanoes-e3,knn-nosuite,0.915625,1.0,1.0,0.0,0.0,0.9955357142857142
volcanoes-e3,knn-nosuite,0.915625,1.0,1.0,0.0,0.0,0.9943502824858758
volcanoes-e3,knn-nosuite,0.915625,0.6,0.9565217391304348,0.0,0.0,0.7397260273972602
volcanoes-e3,knn-nosuite,0.915625,1.0,1.0,0.0,0.0,0.9982608695652175
volcanoes-e3,knn-nosuite,0.915625,1.0,1.0,0.0,0.0,0.9456706281833617
volcanoes-e3,knn-nosuite,0.915625,1.0,1.0,0.0,0.0,1.0
volcanoes-e3,knn-nosuite,0.915625,1.0,1.0,0.0,0.0,0.9829642248722317
volcanoes-e3,knn-nosuite,0.915625,1.0,1.0,0.0,0.0,0.9892086330935251
volcanoes-e3,knn-nosuite,0.915625,1.0,1.0,0.0,0.0,0.9983498349834983
volcanoes-e3,knn-nosuite,0.915625,1.0,1.0,0.0,0.0,0.918194640338505
volcanoes-e3,knn-nosuite,0.915625,0.8,1.0,0.0,0.0,0.997076023391813
volcanoes-e3,knn-nosuite,0.915625,1.0,0.9894736842105264,0.0,0.0,0.9232081911262797
volcanoes-e3,knn-nosuite,0.915625,1.0,1.0,0.0,0.0,1.0
volcanoes-e3,knn-nosuite,0.915625,1.0,1.0,0.0,0.0,0.9961290322580645
volcanoes-e3,knn-nosuite,0.915625,1.0,1.0,0.0,0.0,0.9949302915082383
volcanoes-e3,knn-nosuite,0.915625,1.0,1.0,0.0,0.0,0.9981684981684982
volcanoes-e3,knn-nosuite,0.915625,1.0,1.0,0.0,0.0,0.9963436928702011
volcanoes-e3,knn-nosuite,0.915625,1.0,0.9894736842105264,0.0,0.0,0.9959016393442625
volcanoes-e3,knn-nosuite,0.915625,1.0,1.0,0.0,0.0,0.9950576606260297
volcanoes-e3,knn-nosuite,0.915625,1.0,1.0,0.0,0.0,0.9922178988326849
volcanoes-e3,knn-nosuite,0.915625,1.0,1.0,0.0,0.0,0.9975728155339805
volcanoes-e3,knn-nosuite,0.915625,1.0,1.0,0.0,0.0,0.9920634920634921
volcanoes-e3,knn-nosuite,0.915625,1.0,1.0,0.0,0.0,0.9983443708609272
volcanoes-e3,knn-nosuite,0.915625,0.6,1.0,0.0,0.0,0.967741935483871
volcanoes-e3,knn-nosuite,0.915625,1.0,1.0,0.0,0.0,0.9495677233429396
volcanoes-e3,knn-nosuite,0.915625,1.0,1.0,0.0,0.0,0.996996996996997
volcanoes-e3,knn-nosuite,0.915625,1.0,1.0,0.0,0.0,0.9982363315696648
volcanoes-e3,knn-nosuite,0.915625,1.0,1.0,0.0,0.0,0.9951040391676866
volcanoes-e3,knn-nosuite,0.915625,1.0,1.0,0.0,0.0,0.9947159841479525
volcanoes-e3,knn-nosuite,0.915625,1.0,1.0,0.0,0.0,0.9983277591973245
volcanoes-e3,knn-nosuite,0.915625,1.0,0.9894736842105264,0.0,0.0,0.962171052631579
volcanoes-e3,knn-nosuite,0.915625,1.0,1.0,0.0,0.0,0.9847434119278781
volcanoes-e3,knn-nosuite,0.915625,1.0,1.0,0.0,0.0,0.9162011173184357
volcanoes-e3,knn-nosuite,0.915625,1.0,1.0,0.0,0.0,0.9606986899563319
volcanoes-e3,knn-nosuite,0.915625,0.6,0.9782608695652174,0.0,0.0,0.9947916666666666
volcanoes-e3,knn-nosuite,0.915625,1.0,1.0,0.0,0.0,0.9960629921259843
volcanoes-e3,knn-nosuite,0.915625,1.0,1.0,0.0,0.0,0.9476661951909475
volcanoes-e3,knn-nosuite,0.915625,1.0,1.0,0.0,0.0,0.9852941176470589
volcanoes-e3,knn-nosuite,0.915625,1.0,1.0,0.0,0.0,0.9955156950672646
volcanoes-e3,knn-nosuite,0.915625,1.0,1.0,0.0,0.0,0.9651567944250872
volcanoes-e3,knn-nosuite,0.915625,1.0,1.0,0.0,0.0,0.9776223776223777
volcanoes-e3,knn-nosuite,0.915625,1.0,1.0,0.0,0.0,0.9972451790633607
volcanoes-e3,knn-nosuite,0.915625,1.0,1.0,0.0,0.0,0.9966386554621849
yeast,knn-nosuite,0.5929919137466307,0.8,0.9259259259259259,0.0,0.0,0.973404255319149
yeast,knn-nosuite,0.5929919137466307,1.0,0.9318181818181819,0.0,0.0,1.0
yeast,knn-nosuite,0.5929919137466307,0.6,0.8837209302325582,0.0,0.0,0.9937888198757763
yeast,knn-nosuite,0.5929919137466307,0.6,1.0,0.0,0.0,0.9939024390243902
yeast,knn-nosuite,0.5929919137466307,0.6,1.0,0.0,0.0,0.9915966386554622
yeast,knn-nosuite,0.5929919137466307,0.4,0.875,0.0,0.0,0.9960629921259843
yeast,knn-nosuite,0.5929919137466307,0.6,0.8367346938775511,0.0,0.0,0.9185185185185185
yeast,knn-nosuite,0.5929919137466307,0.4,0.9285714285714286,0.0,0.0,0.855595667870036
yeast,knn-nosuite,0.5929919137466307,0.4,1.0,0.0,0.0,0.967741935483871
yeast,knn-nosuite,0.5929919137466307,0.8,1.0,0.0,0.0,0.9896907216494846
yeast,knn-nosuite,0.5929919137466307,0.6,1.0,0.0,0.0,0.9955752212389382
yeast,knn-nosuite,0.5929919137466307,0.6,0.8666666666666668,0.0,0.0,0.9840425531914894
yeast,knn-nosuite,0.5929919137466307,0.6,0.962962962962963,0.0,0.0,1.0
yeast,knn-nosuite,0.5929919137466307,0.6,0.9830508474576272,0.0,0.0,1.0
yeast,knn-nosuite,0.5929919137466307,0.6,1.0,0.0,0.0,0.9924812030075187
yeast,knn-nosuite,0.5929919137466307,0.8,0.8985507246376813,0.0,0.0,0.986111111111111
yeast,knn-nosuite,0.5929919137466307,0.8,0.8947368421052632,0.0,0.0,0.975609756097561
yeast,knn-nosuite,0.5929919137466307,0.6,0.9565217391304348,0.0,0.0,1.0
yeast,knn-nosuite,0.5929919137466307,0.6,1.0,0.0,0.0,0.8648648648648649
yeast,knn-nosuite,0.5929919137466307,0.8,1.0,0.0,0.0,1.0
yeast,knn-nosuite,0.5929919137466307,0.6,0.8,0.0,0.0,0.9947643979057592
yeast,knn-nosuite,0.5929919137466307,0.8,0.9230769230769231,0.0,0.0,0.9380952380952381
yeast,knn-nosuite,0.5929919137466307,0.6,1.0,0.0,0.0,0.9948186528497409
yeast,knn-nosuite,0.5929919137466307,0.6,0.967741935483871,0.0,0.0,0.8854166666666666
yeast,knn-nosuite,0.5929919137466307,0.4,1.0,0.0,0.0,0.959409594095941
yeast,knn-nosuite,0.5929919137466307,0.6,0.8,0.0,0.0,1.0
yeast,knn-nosuite,0.5929919137466307,0.6,0.875,0.0,0.0,0.9226190476190477
yeast,knn-nosuite,0.5929919137466307,0.8,0.8333333333333334,0.0,0.0,0.9565217391304348
yeast,knn-nosuite,0.5929919137466307,0.8,0.8333333333333334,0.0,0.0,0.988795518207283
yeast,knn-nosuite,0.5929919137466307,0.6,0.7142857142857143,0.0,0.0,0.9429657794676805
yeast,knn-nosuite,0.5929919137466307,1.0,1.0,0.0,0.0,0.96875
yeast,knn-nosuite,0.5929919137466307,0.8,1.0,0.0,0.0,0.9815950920245399
yeast,knn-nosuite,0.5929919137466307,0.6,0.9268292682926831,0.0,0.0,0.9542483660130718
yeast,knn-nosuite,0.5929919137466307,0.8,0.9423076923076923,0.0,0.0,1.0
yeast,knn-nosuite,0.5929919137466307,0.8,0.9487179487179487,0.0,0.0,0.9952153110047848
yeast,knn-nosuite,0.5929919137466307,0.6,0.8,0.0,0.0,1.0
yeast,knn-nosuite,0.5929919137466307,1.0,0.96,0.0,0.0,0.9876543209876543
yeast,knn-nosuite,0.5929919137466307,1.0,1.0,0.0,0.0,1.0
yeast,knn-nosuite,0.5929919137466307,0.6,0.8,0.0,0.0,0.994475138121547
yeast,knn-nosuite,0.5929919137466307,0.6,0.8333333333333334,0.0,0.0,1.0
yeast,knn-nosuite,0.5929919137466307,0.6,0.82,0.0,0.0,0.9716494845360824
yeast,knn-nosuite,0.5929919137466307,0.6,0.9230769230769231,0.0,0.0,0.8804347826086957
yeast,knn-nosuite,0.5929919137466307,0.6,1.0,0.0,0.0,0.8828125
yeast,knn-nosuite,0.5929919137466307,0.6,0.9512195121951219,0.0,0.0,0.9343065693430657
yeast,knn-nosuite,0.5929919137466307,0.6,0.9696969696969697,0.0,0.0,1.0
yeast,knn-nosuite,0.5929919137466307,0.4,0.96875,0.0,0.0,0.9864864864864865
yeast,knn-nosuite,0.5929919137466307,0.6,0.6666666666666666,0.0,0.0,0.9548022598870055
yeast,knn-nosuite,0.5929919137466307,1.0,1.0,0.0,0.0,0.9789915966386553
yeast,knn-nosuite,0.5929919137466307,1.0,1.0,0.0,0.0,0.990990990990991
rmftsa,knn-nosuite,0.53125,0.4,0.675,0.0,0.0,0.723404255319149
rmftsa,knn-nosuite,0.53125,0.4,0.5625,0.0,0.0,0.7142857142857143
rmftsa,knn-nosuite,0.53125,0.4,0.6428571428571429,0.0,0.0,0.8762886597938145
rmftsa,knn-nosuite,0.53125,0.4,0.875,0.0,0.0,0.6635514018691588
rmftsa,knn-nosuite,0.53125,0.6,1.0,0.0,0.0,0.9705882352941175
rmftsa,knn-nosuite,0.53125,0.8,1.0,0.0,0.0,0.9568345323741008
rmftsa,knn-nosuite,0.53125,0.4,0.8378378378378379,0.0,0.0,0.8313253012048193
rmftsa,knn-nosuite,0.53125,1.0,1.0,0.0,0.0,0.7560975609756098
rmftsa,knn-nosuite,0.53125,0.4,0.5609756097560976,0.0,0.0,0.4789915966386554
rmftsa,knn-nosuite,0.53125,0.8,1.0,0.0,0.0,0.6884057971014492
rmftsa,knn-nosuite,0.53125,1.0,1.0,0.0,0.0,0.8676844783715014
rmftsa,knn-nosuite,0.53125,0.6,1.0,0.0,0.0,0.9928057553956835
rmftsa,knn-nosuite,0.53125,0.4,0.8928571428571429,0.0,0.0,0.7884615384615384
rmftsa,knn-nosuite,0.53125,0.6,0.9230769230769231,0.0,0.0,0.802919708029197
rmftsa,knn-nosuite,0.53125,0.4,1.0,0.0,0.0,0.9203539823008849
rmftsa,knn-nosuite,0.53125,0.4,1.0,0.0,0.0,0.8623188405797102
rmftsa,knn-nosuite,0.53125,0.6,0.4242424242424242,0.0,0.0,0.8181818181818181
rmftsa,knn-nosuite,0.53125,0.8,1.0,0.0,0.0,0.6884057971014492
rmftsa,knn-nosuite,0.53125,0.6,0.9,0.0,0.0,0.9208633093525179
rmftsa,knn-nosuite,0.53125,0.8,0.9,0.0,0.0,0.8539823008849557
rmftsa,knn-nosuite,0.53125,0.6,0.7297297297297297,0.0,0.0,0.7132352941176471
rmftsa,knn-nosuite,0.53125,0.8,1.0,0.0,0.0,0.8584905660377359
rmftsa,knn-nosuite,0.53125,0.6,0.5428571428571428,0.0,0.0,0.846590909090909
rmftsa,knn-nosuite,0.53125,0.6,1.0,0.0,0.0,0.9276018099547512
rmftsa,knn-nosuite,0.53125,0.6,0.5555555555555556,0.0,0.0,0.7486033519553073
rmftsa,knn-nosuite,0.53125,0.4,0.5510204081632653,0.0,0.0,0.8666666666666668
rmftsa,knn-nosuite,0.53125,0.4,1.0,0.0,0.0,0.9414893617021278
rmftsa,knn-nosuite,0.53125,0.6,0.6153846153846154,0.0,0.0,0.6931818181818182
rmftsa,knn-nosuite,0.53125,0.4,0.9384615384615385,0.0,0.0,0.9627329192546584
rmftsa,knn-nosuite,0.53125,0.6,0.75,0.0,0.0,0.696969696969697
rmftsa,knn-nosuite,0.53125,0.6,1.0,0.0,0.0,0.6950354609929078
rmftsa,knn-nosuite,0.53125,0.4,0.8928571428571429,0.0,0.0,0.7857142857142857
rmftsa,knn-nosuite,0.53125,0.6,0.9230769230769231,0.0,0.0,0.802919708029197
rmftsa,knn-nosuite,0.53125,0.6,0.5625,0.0,0.0,0.7887323943661971
rmftsa,knn-nosuite,0.53125,0.4,0.9420289855072463,0.0,0.0,0.9473684210526315
rmftsa,knn-nosuite,0.53125,0.6,0.4545454545454545,0.0,0.0,0.9389312977099238
rmftsa,knn-nosuite,0.53125,0.8,1.0,0.0,0.0,0.8018867924528303
rmftsa,knn-nosuite,0.53125,1.0,0.9393939393939394,0.0,0.0,0.9705882352941175
rmftsa,knn-nosuite,0.53125,0.8,0.9868421052631579,0.0,0.0,0.85
rmftsa,knn-nosuite,0.53125,0.6,0.5238095238095238,0.0,0.0,0.9516129032258064
rmftsa,knn-nosuite,0.53125,0.6,0.8363636363636363,0.0,0.0,0.9491525423728813
rmftsa,knn-nosuite,0.53125,0.4,0.8867924528301888,0.0,0.0,0.6368159203980099
rmftsa,knn-nosuite,0.53125,0.6,0.7916666666666666,0.0,0.0,0.6391304347826087
rmftsa,knn-nosuite,0.53125,0.4,0.625,0.0,0.0,0.8405797101449275
rmftsa,knn-nosuite,0.53125,1.0,0.9230769230769231,0.0,0.0,0.931297709923664
rmftsa,knn-nosuite,0.53125,0.8,1.0,0.0,0.0,0.6884057971014492
rmftsa,knn-nosuite,0.53125,0.6,0.7916666666666666,0.0,0.0,0.6391304347826087
rmftsa,knn-nosuite,0.53125,0.6,0.4545454545454545,0.0,0.0,0.9595959595959596
rmftsa,knn-nosuite,0.53125,0.6,0.8181818181818181,0.0,0.0,0.7946428571428571
rmftsa,knn-nosuite,0.53125,0.6,0.8108108108108109,0.0,0.0,0.6666666666666666
banknote-authentication,knn-nosuite,1.0,1.0,1.0,0.0,0.0,1.0
banknote-authentication,knn-nosuite,1.0,1.0,1.0,0.0,0.0,1.0
banknote-authentication,knn-nosuite,1.0,1.0,1.0,0.0,0.0,1.0
banknote-authentication,knn-nosuite,1.0,1.0,0.9893617021276595,0.0,0.0,1.0
banknote-authentication,knn-nosuite,1.0,1.0,1.0,0.0,0.0,1.0
banknote-authentication,knn-nosuite,1.0,1.0,1.0,0.0,0.0,1.0
banknote-authentication,knn-nosuite,1.0,1.0,1.0,0.0,0.0,0.990521327014218
banknote-authentication,knn-nosuite,1.0,1.0,1.0,0.0,0.0,1.0
banknote-authentication,knn-nosuite,1.0,1.0,1.0,0.0,0.0,1.0
banknote-authentication,knn-nosuite,1.0,1.0,1.0,0.0,0.0,1.0
banknote-authentication,knn-nosuite,1.0,1.0,1.0,0.0,0.0,1.0
banknote-authentication,knn-nosuite,1.0,1.0,1.0,0.0,0.0,1.0
banknote-authentication,knn-nosuite,1.0,1.0,1.0,0.0,0.0,1.0
banknote-authentication,knn-nosuite,1.0,1.0,1.0,0.0,0.0,0.9967213114754099
banknote-authentication,knn-nosuite,1.0,1.0,0.9901960784313726,0.0,0.0,1.0
banknote-authentication,knn-nosuite,1.0,1.0,1.0,0.0,0.0,1.0
banknote-authentication,knn-nosuite,1.0,1.0,1.0,0.0,0.0,1.0
banknote-authentication,knn-nosuite,1.0,1.0,0.9875,0.0,0.0,1.0
banknote-authentication,knn-nosuite,1.0,1.0,1.0,0.0,0.0,0.9956521739130435
banknote-authentication,knn-nosuite,1.0,1.0,0.9901960784313726,0.0,0.0,1.0
banknote-authentication,knn-nosuite,1.0,1.0,1.0,0.0,0.0,1.0
banknote-authentication,knn-nosuite,1.0,1.0,1.0,0.0,0.0,0.9888268156424582
banknote-authentication,knn-nosuite,1.0,1.0,1.0,0.0,0.0,1.0
banknote-authentication,knn-nosuite,1.0,1.0,1.0,0.0,0.0,1.0
banknote-authentication,knn-nosuite,1.0,1.0,0.9795918367346939,0.0,0.0,1.0
banknote-authentication,knn-nosuite,1.0,1.0,1.0,0.0,0.0,1.0
banknote-authentication,knn-nosuite,1.0,1.0,0.9901960784313726,0.0,0.0,1.0
banknote-authentication,knn-nosuite,1.0,1.0,1.0,0.0,0.0,0.9948453608247423
banknote-authentication,knn-nosuite,1.0,1.0,1.0,0.0,0.0,1.0
banknote-authentication,knn-nosuite,1.0,1.0,0.980392156862745,0.0,0.0,1.0
banknote-authentication,knn-nosuite,1.0,1.0,1.0,0.0,0.0,1.0
banknote-authentication,knn-nosuite,1.0,1.0,0.9901960784313726,0.0,0.0,0.9946808510638296
banknote-authentication,knn-nosuite,1.0,1.0,1.0,0.0,0.0,1.0
banknote-authentication,knn-nosuite,1.0,1.0,1.0,0.0,0.0,1.0
banknote-authentication,knn-nosuite,1.0,1.0,1.0,0.0,0.0,1.0
banknote-authentication,knn-nosuite,1.0,1.0,1.0,0.0,0.0,1.0
banknote-authentication,knn-nosuite,1.0,1.0,1.0,0.0,0.0,1.0
banknote-authentication,knn-nosuite,1.0,1.0,1.0,0.0,0.0,1.0
banknote-authentication,knn-nosuite,1.0,1.0,1.0,0.0,0.0,0.9840425531914894
banknote-authentication,knn-nosuite,1.0,1.0,1.0,0.0,0.0,1.0
banknote-authentication,knn-nosuite,1.0,1.0,1.0,0.0,0.0,1.0
banknote-authentication,knn-nosuite,1.0,1.0,1.0,0.0,0.0,1.0
banknote-authentication,knn-nosuite,1.0,1.0,0.9787234042553191,0.0,0.0,1.0
banknote-authentication,knn-nosuite,1.0,1.0,1.0,0.0,0.0,1.0
banknote-authentication,knn-nosuite,1.0,1.0,1.0,0.0,0.0,0.9914163090128756
banknote-authentication,knn-nosuite,1.0,1.0,1.0,0.0,0.0,1.0
banknote-authentication,knn-nosuite,1.0,1.0,1.0,0.0,0.0,1.0
banknote-authentication,knn-nosuite,1.0,1.0,1.0,0.0,0.0,1.0
banknote-authentication,knn-nosuite,1.0,1.0,1.0,0.0,0.0,1.0
banknote-authentication,knn-nosuite,1.0,1.0,1.0,0.0,0.0,1.0
volcanoes-a2,knn-nosuite,0.9408866995073891,1.0,1.0,0.0,0.0,0.9962216624685138
volcanoes-a2,knn-nosuite,0.9408866995073891,1.0,1.0,0.0,0.0,0.9942396313364055
volcanoes-a2,knn-nosuite,0.9408866995073891,1.0,1.0,0.0,0.0,0.99498997995992
volcanoes-a2,knn-nosuite,0.9408866995073891,1.0,1.0,0.0,0.0,0.9977401129943504
volcanoes-a2,knn-nosuite,0.9408866995073891,0.8,1.0,0.0,0.0,0.9983818770226536
volcanoes-a2,knn-nosuite,0.9408866995073891,1.0,1.0,0.0,0.0,0.99498997995992
volcanoes-a2,knn-nosuite,0.9408866995073891,1.0,1.0,0.0,0.0,0.9954802259887006
volcanoes-a2,knn-nosuite,0.9408866995073891,1.0,1.0,0.0,0.0,0.9957983193277311
volcanoes-a2,knn-nosuite,0.9408866995073891,1.0,1.0,0.0,0.0,0.9957627118644068
volcanoes-a2,knn-nosuite,0.9408866995073891,1.0,1.0,0.0,0.0,0.9985185185185184
volcanoes-a2,knn-nosuite,0.9408866995073891,0.4,0.9724770642201837,0.0,0.0,1.0
volcanoes-a2,knn-nosuite,0.9408866995073891,1.0,1.0,0.0,0.0,0.9958448753462605
volcanoes-a2,knn-nosuite,0.9408866995073891,0.8,0.9896907216494846,0.0,0.0,0.9801762114537445
volcanoes-a2,knn-nosuite,0.9408866995073891,0.6,0.9834710743801655,0.0,0.0,1.0
volcanoes-a2,knn-nosuite,0.9408866995073891,1.0,1.0,0.0,0.0,0.997879109225875
volcanoes-a2,knn-nosuite,0.9408866995073891,1.0,1.0,0.0,0.0,0.9947423764458465
volcanoes-a2,knn-nosuite,0.9408866995073891,1.0,1.0,0.0,0.0,1.0
volcanoes-a2,knn-nosuite,0.9408866995073891,1.0,1.0,0.0,0.0,0.998046875
volcanoes-a2,knn-nosuite,0.9408866995073891,1.0,1.0,0.0,0.0,1.0
volcanoes-a2,knn-nosuite,0.9408866995073891,1.0,1.0,0.0,0.0,1.0
volcanoes-a2,knn-nosuite,0.9408866995073891,1.0,1.0,0.0,0.0,0.9985935302390999
volcanoes-a2,knn-nosuite,0.9408866995073891,1.0,1.0,0.0,0.0,0.997624703087886
volcanoes-a2,knn-nosuite,0.9408866995073891,1.0,1.0,0.0,0.0,0.9969167523124358
volcanoes-a2,knn-nosuite,0.9408866995073891,1.0,1.0,0.0,0.0,0.9955686853766619
volcanoes-a2,knn-nosuite,0.9408866995073891,1.0,1.0,0.0,0.0,0.9967741935483871
volcanoes-a2,knn-nosuite,0.9408866995073891,1.0,1.0,0.0,0.0,0.9988249118683902
volcanoes-a2,knn-nosuite,0.9408866995073891,1.0,1.0,0.0,0.0,0.9959128065395095
volcanoes-a2,knn-nosuite,0.9408866995073891,1.0,1.0,0.0,0.0,0.9946737683089214
volcanoes-a2,knn-nosuite,0.9408866995073891,1.0,1.0,0.0,0.0,0.9966517857142858
volcanoes-a2,knn-nosuite,0.9408866995073891,1.0,1.0,0.0,0.0,0.9947753396029257
volcanoes-a2,knn-nosuite,0.9408866995073891,1.0,1.0,0.0,0.0,0.9949811794228356
volcanoes-a2,knn-nosuite,0.9408866995073891,1.0,1.0,0.0,0.0,0.9978835978835979
volcanoes-a2,knn-nosuite,0.9408866995073891,1.0,1.0,0.0,0.0,0.9962358845671269
volcanoes-a2,knn-nosuite,0.9408866995073891,1.0,1.0,0.0,0.0,0.99498997995992
volcanoes-a2,knn-nosuite,0.9408866995073891,1.0,1.0,0.0,0.0,0.994934143870314
volcanoes-a2,knn-nosuite,0.9408866995073891,1.0,1.0,0.0,0.0,0.9978142076502732
volcanoes-a2,knn-nosuite,0.9408866995073891,1.0,1.0,0.0,0.0,0.9946638207043756
volcanoes-a2,knn-nosuite,0.9408866995073891,0.6,0.875,0.0,0.0,0.9910179640718562
volcanoes-a2,knn-nosuite,0.9408866995073891,1.0,1.0,0.0,0.0,0.9968520461699895
volcanoes-a2,knn-nosuite,0.9408866995073891,0.6,0.975206611570248,0.0,0.0,1.0
volcanoes-a2,knn-nosuite,0.9408866995073891,1.0,1.0,0.0,0.0,0.9937421777221527
volcanoes-a2,knn-nosuite,0.9408866995073891,1.0,1.0,0.0,0.0,0.995850622406639
volcanoes-a2,knn-nosuite,0.9408866995073891,1.0,1.0,0.0,0.0,0.9965357967667436
volcanoes-a2,knn-nosuite,0.9408866995073891,1.0,1.0,0.0,0.0,0.9951219512195122
volcanoes-a2,knn-nosuite,0.9408866995073891,1.0,1.0,0.0,0.0,0.994994994994995
volcanoes-a2,knn-nosuite,0.9408866995073891,0.6,0.7058823529411765,0.0,0.0,0.9927007299270073
volcanoes-a2,knn-nosuite,0.9408866995073891,1.0,1.0,0.0,0.0,0.9958217270194986
volcanoes-a2,knn-nosuite,0.9408866995073891,0.8,0.9917355371900827,0.0,0.0,0.9943977591036415
volcanoes-a2,knn-nosuite,0.9408866995073891,1.0,1.0,0.0,0.0,1.0
volcanoes-a2,knn-nosuite,0.9408866995073891,1.0,1.0,0.0,0.0,1.0
volcanoes-a3,knn-nosuite,0.905511811023622,0.8,1.0,0.0,0.0,0.9932735426008967
volcanoes-a3,knn-nosuite,0.905511811023622,1.0,1.0,0.0,0.0,0.9944979367262723
volcanoes-a3,knn-nosuite,0.905511811023622,0.4,0.7441860465116279,0.0,0.0,0.9924385633270323
volcanoes-a3,knn-nosuite,0.905511811023622,1.0,1.0,0.0,0.0,0.9987146529562982
volcanoes-a3,knn-nosuite,0.905511811023622,1.0,1.0,0.0,0.0,0.9987244897959183
volcanoes-a3,knn-nosuite,0.905511811023622,1.0,1.0,0.0,0.0,0.9974747474747476
volcanoes-a3,knn-nosuite,0.905511811023622,1.0,1.0,0.0,0.0,0.995945945945946
volcanoes-a3,knn-nosuite,0.905511811023622,1.0,1.0,0.0,0.0,0.9957627118644068
volcanoes-a3,knn-nosuite,0.905511811023622,0.8,1.0,0.0,0.0,0.9967585089141003
volcanoes-a3,knn-nosuite,0.905511811023622,1.0,1.0,0.0,0.0,0.998792270531401
volcanoes-a3,knn-nosuite,0.905511811023622,1.0,1.0,0.0,0.0,0.9974424552429667
volcanoes-a3,knn-nosuite,0.905511811023622,1.0,1.0,0.0,0.0,0.996951219512195
volcanoes-a3,knn-nosuite,0.905511811023622,0.8,1.0,0.0,0.0,1.0
volcanoes-a3,knn-nosuite,0.905511811023622,0.6,1.0,0.0,0.0,0.9969135802469136
volcanoes-a3,knn-nosuite,0.905511811023622,1.0,1.0,0.0,0.0,0.997737556561086
volcanoes-a3,knn-nosuite,0.905511811023622,1.0,1.0,0.0,0.0,0.9982578397212544
volcanoes-a3,knn-nosuite,0.905511811023622,1.0,1.0,0.0,0.0,1.0
volcanoes-a3,knn-nosuite,0.905511811023622,1.0,1.0,0.0,0.0,0.9956709956709957
volcanoes-a3,knn-nosuite,0.905511811023622,1.0,1.0,0.0,0.0,0.9987341772151899
volcanoes-a3,knn-nosuite,0.905511811023622,1.0,1.0,0.0,0.0,0.9948979591836735
volcanoes-a3,knn-nosuite,0.905511811023622,1.0,1.0,0.0,0.0,0.9960513326752223
volcanoes-a3,knn-nosuite,0.905511811023622,1.0,1.0,0.0,0.0,0.9961832061068703
volcanoes-a3,knn-nosuite,0.905511811023622,1.0,1.0,0.0,0.0,0.9988839285714286
volcanoes-a3,knn-nosuite,0.905511811023622,0.8,0.9901960784313726,0.0,0.0,1.0
volcanoes-a3,knn-nosuite,0.905511811023622,1.0,1.0,0.0,0.0,0.998696219035202
volcanoes-a3,knn-nosuite,0.905511811023622,1.0,1.0,0.0,0.0,0.9957761351636748
volcanoes-a3,knn-nosuite,0.905511811023622,0.8,1.0,0.0,0.0,0.9985795454545453
volcanoes-a3,knn-nosuite,0.905511811023622,1.0,1.0,0.0,0.0,0.997709049255441
volcanoes-a3,knn-nosuite,0.905511811023622,1.0,1.0,0.0,0.0,0.9978021978021978
volcanoes-a3,knn-nosuite,0.905511811023622,1.0,1.0,0.0,0.0,0.9988193624557262
volcanoes-a3,knn-nosuite,0.905511811023622,1.0,1.0,0.0,0.0,0.9955947136563876
volcanoes-a3,knn-nosuite,0.905511811023622,1.0,1.0,0.0,0.0,0.9972375690607734
volcanoes-a3,knn-nosuite,0.905511811023622,0.6,1.0,0.0,0.0,0.9985795454545453
volcanoes-a3,knn-nosuite,0.905511811023622,1.0,1.0,0.0,0.0,0.9955489614243322
volcanoes-a3,knn-nosuite,0.905511811023622,1.0,1.0,0.0,0.0,0.9955995599559955
volcanoes-a3,knn-nosuite,0.905511811023622,0.8,1.0,0.0,0.0,1.0
volcanoes-a3,knn-nosuite,0.905511811023622,1.0,1.0,0.0,0.0,0.9953216374269006
volcanoes-a3,knn-nosuite,0.905511811023622,1.0,1.0,0.0,0.0,0.9989106753812637
volcanoes-a3,knn-nosuite,0.905511811023622,0.8,0.9902912621359224,0.0,0.0,0.9941860465116278
volcanoes-a3,knn-nosuite,0.905511811023622,1.0,1.0,0.0,0.0,0.9957081545064378
volcanoes-a3,knn-nosuite,0.905511811023622,1.0,1.0,0.0,0.0,0.9977064220183486
volcanoes-a3,knn-nosuite,0.905511811023622,0.8,0.8,0.0,0.0,0.8372093023255814
volcanoes-a3,knn-nosuite,0.905511811023622,1.0,1.0,0.0,0.0,0.9987228607918264
volcanoes-a3,knn-nosuite,0.905511811023622,1.0,1.0,0.0,0.0,0.9987515605493134
volcanoes-a3,knn-nosuite,0.905511811023622,0.8,1.0,0.0,0.0,1.0
volcanoes-a3,knn-nosuite,0.905511811023622,1.0,1.0,0.0,0.0,0.9957081545064378
volcanoes-a3,knn-nosuite,0.905511811023622,1.0,1.0,0.0,0.0,0.9984917043740573
volcanoes-a3,knn-nosuite,0.905511811023622,1.0,1.0,0.0,0.0,0.9950433705080546
volcanoes-a3,knn-nosuite,0.905511811023622,1.0,1.0,0.0,0.0,0.9989484752891693
volcanoes-a3,knn-nosuite,0.905511811023622,1.0,1.0,0.0,0.0,1.0
volcanoes-a4,knn-nosuite,0.899736147757256,1.0,1.0,0.0,0.0,0.9940059940059939
volcanoes-a4,knn-nosuite,0.899736147757256,1.0,1.0,0.0,0.0,0.9985775248933144
volcanoes-a4,knn-nosuite,0.899736147757256,0.6,0.6190476190476191,0.0,0.0,0.5607476635514018
volcanoes-a4,knn-nosuite,0.899736147757256,1.0,1.0,0.0,0.0,0.9918367346938777
volcanoes-a4,knn-nosuite,0.899736147757256,1.0,1.0,0.0,0.0,0.9955995599559955
volcanoes-a4,knn-nosuite,0.899736147757256,0.4,0.4,0.0,0.0,0.9644970414201184
volcanoes-a4,knn-nosuite,0.899736147757256,1.0,1.0,0.0,0.0,1.0
volcanoes-a4,knn-nosuite,0.899736147757256,0.8,0.9911504424778761,0.0,0.0,0.9966722129783694
volcanoes-a4,knn-nosuite,0.899736147757256,1.0,1.0,0.0,0.0,0.9968404423380728
volcanoes-a4,knn-nosuite,0.899736147757256,1.0,1.0,0.0,0.0,1.0
volcanoes-a4,knn-nosuite,0.899736147757256,1.0,1.0,0.0,0.0,0.9939879759519037
volcanoes-a4,knn-nosuite,0.899736147757256,0.8,1.0,0.0,0.0,1.0
volcanoes-a4,knn-nosuite,0.899736147757256,1.0,1.0,0.0,0.0,0.9938712972420838
volcanoes-a4,knn-nosuite,0.899736147757256,1.0,1.0,0.0,0.0,0.9938271604938272
volcanoes-a4,knn-nosuite,0.899736147757256,1.0,1.0,0.0,0.0,0.9930635838150289
volcanoes-a4,knn-nosuite,0.899736147757256,1.0,1.0,0.0,0.0,0.99860529986053
volcanoes-a4,knn-nosuite,0.899736147757256,1.0,1.0,0.0,0.0,0.9987113402061855
volcanoes-a4,knn-nosuite,0.899736147757256,1.0,1.0,0.0,0.0,0.9929859719438878
volcanoes-a4,knn-nosuite,0.899736147757256,1.0,1.0,0.0,0.0,1.0
volcanoes-a4,knn-nosuite,0.899736147757256,1.0,1.0,0.0,0.0,0.9928486293206198
volcanoes-a4,knn-nosuite,0.899736147757256,1.0,1.0,0.0,0.0,0.9923076923076923
volcanoes-a4,knn-nosuite,0.899736147757256,0.6,0.6190476190476191,0.0,0.0,0.6629213483146067
volcanoes-a4,knn-nosuite,0.899736147757256,1.0,1.0,0.0,0.0,0.9969293756397134
volcanoes-a4,knn-nosuite,0.899736147757256,1.0,1.0,0.0,0.0,0.993933265925177
volcanoes-a4,knn-nosuite,0.899736147757256,0.4,0.9873417721518989,0.0,0.0,0.9253731343283583
volcanoes-a4,knn-nosuite,0.899736147757256,1.0,1.0,0.0,0.0,0.9936575052854122
volcanoes-a4,knn-nosuite,0.899736147757256,1.0,1.0,0.0,0.0,0.9985875706214691
volcanoes-a4,knn-nosuite,0.899736147757256,0.4,0.6,0.0,0.0,0.9465648854961832
volcanoes-a4,knn-nosuite,0.899736147757256,1.0,1.0,0.0,0.0,0.9924528301886791
volcanoes-a4,knn-nosuite,0.899736147757256,1.0,1.0,0.0,0.0,0.9986168741355463
volcanoes-a4,knn-nosuite,0.899736147757256,0.8,1.0,0.0,0.0,0.9922779922779924
volcanoes-a4,knn-nosuite,0.899736147757256,1.0,1.0,0.0,0.0,1.0
volcanoes-a4,knn-nosuite,0.899736147757256,1.0,0.9911504424778761,0.0,0.0,0.99302649930265
volcanoes-a4,knn-nosuite,0.899736147757256,1.0,1.0,0.0,0.0,1.0
volcanoes-a4,knn-nosuite,0.899736147757256,0.4,0.36363636363636365,0.0,0.0,0.7023809523809523
volcanoes-a4,knn-nosuite,0.899736147757256,0.8,1.0,0.0,0.0,0.9964200477326969
volcanoes-a4,knn-nosuite,0.899736147757256,0.8,1.0,0.0,0.0,0.9972640218878249
volcanoes-a4,knn-nosuite,0.899736147757256,1.0,1.0,0.0,0.0,0.9937694704049844
volcanoes-a4,knn-nosuite,0.899736147757256,0.8,1.0,0.0,0.0,0.9960732984293192
volcanoes-a4,knn-nosuite,0.899736147757256,0.6,0.68,0.0,0.0,0.989010989010989
volcanoes-a4,knn-nosuite,0.899736147757256,1.0,1.0,0.0,0.0,0.9976442873969376
volcanoes-a4,knn-nosuite,0.899736147757256,1.0,0.9875,0.0,0.0,0.9925233644859814
volcanoes-a4,knn-nosuite,0.899736147757256,1.0,1.0,0.0,0.0,1.0
volcanoes-a4,knn-nosuite,0.899736147757256,1.0,1.0,0.0,0.0,0.99721059972106
volcanoes-a4,knn-nosuite,0.899736147757256,1.0,1.0,0.0,0.0,1.0
volcanoes-a4,knn-nosuite,0.899736147757256,1.0,1.0,0.0,0.0,0.9978494623655914
volcanoes-a4,knn-nosuite,0.899736147757256,1.0,1.0,0.0,0.0,0.997677119628339
volcanoes-a4,knn-nosuite,0.899736147757256,1.0,1.0,0.0,0.0,0.9977949283351709
volcanoes-a4,knn-nosuite,0.899736147757256,0.8,1.0,0.0,0.0,0.9983792544570502
volcanoes-a4,knn-nosuite,0.899736147757256,1.0,1.0,0.0,0.0,0.9979360165118679
volcanoes-e1,knn-nosuite,0.9222972972972973,1.0,1.0,0.0,0.0,1.0
volcanoes-e1,knn-nosuite,0.9222972972972973,1.0,1.0,0.0,0.0,1.0
volcanoes-e1,knn-nosuite,0.9222972972972973,1.0,1.0,0.0,0.0,0.9980620155038761
volcanoes-e1,knn-nosuite,0.9222972972972973,1.0,1.0,0.0,0.0,1.0
volcanoes-e1,knn-nosuite,0.9222972972972973,1.0,1.0,0.0,0.0,1.0
volcanoes-e1,knn-nosuite,0.9222972972972973,1.0,1.0,0.0,0.0,0.9971305595408895
volcanoes-e1,knn-nosuite,0.9222972972972973,1.0,1.0,0.0,0.0,0.9978070175438598
volcanoes-e1,knn-nosuite,0.9222972972972973,1.0,1.0,0.0,0.0,0.9981718464351006
volcanoes-e1,knn-nosuite,0.9222972972972973,0.8,1.0,0.0,0.0,0.9958677685950412
volcanoes-e1,knn-nosuite,0.9222972972972973,1.0,1.0,0.0,0.0,1.0
volcanoes-e1,knn-nosuite,0.9222972972972973,1.0,1.0,0.0,0.0,0.9977011494252872
volcanoes-e1,knn-nosuite,0.9222972972972973,0.6,0.965909090909091,0.0,0.0,0.7578947368421053
volcanoes-e1,knn-nosuite,0.9222972972972973,0.8,1.0,0.0,0.0,0.9956331877729256
volcanoes-e1,knn-nosuite,0.9222972972972973,1.0,1.0,0.0,0.0,0.9964850615114236
volcanoes-e1,knn-nosuite,0.9222972972972973,1.0,1.0,0.0,0.0,0.9954128440366972
volcanoes-e1,knn-nosuite,0.9222972972972973,1.0,1.0,0.0,0.0,0.9967105263157896
volcanoes-e1,knn-nosuite,0.9222972972972973,1.0,1.0,0.0,0.0,1.0
volcanoes-e1,knn-nosuite,0.9222972972972973,1.0,1.0,0.0,0.0,0.998091603053435
volcanoes-e1,knn-nosuite,0.9222972972972973,0.8,1.0,0.0,0.0,0.9979338842975206
volcanoes-e1,knn-nosuite,0.9222972972972973,1.0,0.9886363636363636,0.0,0.0,1.0
volcanoes-e1,knn-nosuite,0.9222972972972973,0.6,1.0,0.0,0.0,0.850574712643678
volcanoes-e1,knn-nosuite,0.9222972972972973,1.0,1.0,0.0,0.0,0.9971387696709584
volcanoes-e1,knn-nosuite,0.9222972972972973,1.0,1.0,0.0,0.0,0.9922118380062306
volcanoes-e1,knn-nosuite,0.9222972972972973,1.0,1.0,0.0,0.0,0.9977924944812362
volcanoes-e1,knn-nosuite,0.9222972972972973,1.0,1.0,0.0,0.0,0.9979296066252588
volcanoes-e1,knn-nosuite,0.9222972972972973,0.8,0.9864864864864865,0.0,0.0,0.9951338199513382
volcanoes-e1,knn-nosuite,0.9222972972972973,1.0,1.0,0.0,0.0,0.9975429975429975
volcanoes-e1,knn-nosuite,0.9222972972972973,1.0,0.9886363636363636,0.0,0.0,0.9974160206718347
volcanoes-e1,knn-nosuite,0.9222972972972973,1.0,1.0,0.0,0.0,0.9949664429530202
volcanoes-e1,knn-nosuite,0.9222972972972973,1.0,1.0,0.0,0.0,0.9953271028037383
volcanoes-e1,knn-nosuite,0.9222972972972973,0.6,0.965909090909091,0.0,0.0,0.9886363636363636
volcanoes-e1,knn-nosuite,0.9222972972972973,1.0,1.0,0.0,0.0,0.9980392156862745
volcanoes-e1,knn-nosuite,0.9222972972972973,0.8,1.0,0.0,0.0,0.9949916527545909
volcanoes-e1,knn-nosuite,0.9222972972972973,1.0,1.0,0.0,0.0,0.9968454258675079
volcanoes-e1,knn-nosuite,0.9222972972972973,0.8,0.9772727272727273,0.0,0.0,0.9959677419354838
volcanoes-e1,knn-nosuite,0.9222972972972973,0.8,1.0,0.0,0.0,0.9952153110047848
volcanoes-e1,knn-nosuite,0.9222972972972973,1.0,1.0,0.0,0.0,0.9978586723768735
volcanoes-e1,knn-nosuite,0.9222972972972973,1.0,1.0,0.0,0.0,1.0
volcanoes-e1,knn-nosuite,0.9222972972972973,1.0,1.0,0.0,0.0,1.0
volcanoes-e1,knn-nosuite,0.9222972972972973,1.0,1.0,0.0,0.0,0.9952904238618524
volcanoes-e1,knn-nosuite,0.9222972972972973,0.6,0.9852941176470589,0.0,0.0,0.5952380952380952
volcanoes-e1,knn-nosuite,0.9222972972972973,0.8,1.0,0.0,0.0,0.997872340425532
volcanoes-e1,knn-nosuite,0.9222972972972973,1.0,1.0,0.0,0.0,0.9981481481481481
volcanoes-e1,knn-nosuite,0.9222972972972973,1.0,1.0,0.0,0.0,0.996996996996997
volcanoes-e1,knn-nosuite,0.9222972972972973,1.0,1.0,0.0,0.0,0.997920997920998
volcanoes-e1,knn-nosuite,0.9222972972972973,1.0,1.0,0.0,0.0,0.9598445595854923
volcanoes-e2,knn-nosuite,0.9037037037037037,1.0,1.0,0.0,0.0,0.9970717423133235
volcanoes-e2,knn-nosuite,0.9037037037037037,0.8,1.0,0.0,0.0,0.9965811965811966
volcanoes-e2,knn-nosuite,0.9037037037037037,1.0,1.0,0.0,0.0,0.9934065934065934
volcanoes-e2,knn-nosuite,0.9037037037037037,1.0,1.0,0.0,0.0,1.0
volcanoes-e2,knn-nosuite,0.9037037037037037,1.0,1.0,0.0,0.0,0.9970370370370369
volcanoes-e2,knn-nosuite,0.9037037037037037,1.0,1.0,0.0,0.0,0.9970414201183433
volcanoes-e2,knn-nosuite,0.9037037037037037,0.8,1.0,0.0,0.0,1.0
volcanoes-e2,knn-nosuite,0.9037037037037037,1.0,1.0,0.0,0.0,0.9976415094339621
volcanoes-e2,knn-nosuite,0.9037037037037037,0.8,1.0,0.0,0.0,0.9962335216572505
volcanoes-e2,knn-nosuite,0.9037037037037037,0.8,0.9836065573770492,0.0,0.0,0.9966555183946488
volcanoes-e2,knn-nosuite,0.9037037037037037,1.0,0.9876543209876543,0.0,0.0,0.9972144846796658
volcanoes-e2,knn-nosuite,0.9037037037037037,1.0,1.0,0.0,0.0,1.0
volcanoes-e2,knn-nosuite,0.9037037037037037,1.0,1.0,0.0,0.0,1.0
volcanoes-e2,knn-nosuite,0.9037037037037037,1.0,1.0,0.0,0.0,0.9950980392156863
volcanoes-e2,knn-nosuite,0.9037037037037037,0.8,1.0,0.0,0.0,1.0
volcanoes-e2,knn-nosuite,0.9037037037037037,0.8,1.0,0.0,0.0,1.0
volcanoes-e2,knn-nosuite,0.9037037037037037,1.0,1.0,0.0,0.0,0.9970501474926253
volcanoes-e2,knn-nosuite,0.9037037037037037,0.8,0.962962962962963,0.0,0.0,0.9928909952606635
volcanoes-e2,knn-nosuite,0.9037037037037037,1.0,1.0,0.0,0.0,0.9977426636568849
volcanoes-e2,knn-nosuite,0.9037037037037037,1.0,1.0,0.0,0.0,1.0
volcanoes-e2,knn-nosuite,0.9037037037037037,1.0,1.0,0.0,0.0,1.0
volcanoes-e2,knn-nosuite,0.9037037037037037,0.8,0.9876543209876543,0.0,0.0,1.0
volcanoes-e2,knn-nosuite,0.9037037037037037,0.8,0.9876543209876543,0.0,0.0,0.996031746031746
volcanoes-e2,knn-nosuite,0.9037037037037037,0.8,1.0,0.0,0.0,0.9942857142857143
volcanoes-e2,knn-nosuite,0.9037037037037037,1.0,1.0,0.0,0.0,1.0
volcanoes-e2,knn-nosuite,0.9037037037037037,1.0,1.0,0.0,0.0,0.9967532467532468
volcanoes-e2,knn-nosuite,0.9037037037037037,0.8,1.0,0.0,0.0,1.0
volcanoes-e2,knn-nosuite,0.9037037037037037,1.0,1.0,0.0,0.0,0.9970326409495549
volcanoes-e2,knn-nosuite,0.9037037037037037,0.8,0.9135802469135802,0.0,0.0,0.9972899728997289
volcanoes-e2,knn-nosuite,0.9037037037037037,1.0,1.0,0.0,0.0,1.0
volcanoes-e2,knn-nosuite,0.9037037037037037,1.0,1.0,0.0,0.0,0.9967320261437909
volcanoes-e2,knn-nosuite,0.9037037037037037,1.0,1.0,0.0,0.0,1.0
volcanoes-e2,knn-nosuite,0.9037037037037037,1.0,1.0,0.0,0.0,1.0
volcanoes-e2,knn-nosuite,0.9037037037037037,1.0,1.0,0.0,0.0,0.9963702359346642
volcanoes-e2,knn-nosuite,0.9037037037037037,0.8,1.0,0.0,0.0,0.9961685823754788
volcanoes-e2,knn-nosuite,0.9037037037037037,1.0,1.0,0.0,0.0,0.9982456140350877
volcanoes-e2,knn-nosuite,0.9037037037037037,1.0,1.0,0.0,0.0,0.9967585089141003
volcanoes-e2,knn-nosuite,0.9037037037037037,1.0,1.0,0.0,0.0,1.0
volcanoes-e2,knn-nosuite,0.9037037037037037,1.0,1.0,0.0,0.0,1.0
volcanoes-e2,knn-nosuite,0.9037037037037037,1.0,1.0,0.0,0.0,0.9970457902511078
volcanoes-e2,knn-nosuite,0.9037037037037037,1.0,1.0,0.0,0.0,1.0
volcanoes-e2,knn-nosuite,0.9037037037037037,0.8,0.9876543209876543,0.0,0.0,0.9967741935483871
volcanoes-e2,knn-nosuite,0.9037037037037037,0.4,0.8863636363636364,0.0,0.0,0.9937694704049844
volcanoes-e2,knn-nosuite,0.9037037037037037,1.0,1.0,0.0,0.0,0.9951100244498777
volcanoes-e2,knn-nosuite,0.9037037037037037,0.8,1.0,0.0,0.0,1.0
volcanoes-e2,knn-nosuite,0.9037037037037037,0.6,1.0,0.0,0.0,1.0
volcanoes-e2,knn-nosuite,0.9037037037037037,0.6,1.0,0.0,0.0,1.0
volcanoes-e2,knn-nosuite,0.9037037037037037,1.0,1.0,0.0,0.0,1.0
volcanoes-e2,knn-nosuite,0.9037037037037037,1.0,1.0,0.0,0.0,0.9963768115942029
volcanoes-e2,knn-nosuite,0.9037037037037037,1.0,1.0,0.0,0.0,1.0
volcanoes-e3,knn-nosuite,0.915625,1.0,1.0,0.0,0.0,0.9970238095238095
volcanoes-e3,knn-nosuite,0.915625,1.0,1.0,0.0,0.0,0.9951456310679612
volcanoes-e3,knn-nosuite,0.915625,1.0,1.0,0.0,0.0,0.9980620155038761
volcanoes-e3,knn-nosuite,0.915625,1.0,1.0,0.0,0.0,0.9674355495251017
volcanoes-e3,knn-nosuite,0.915625,0.4,1.0,0.0,0.0,0.8918918918918919
volcanoes-e3,knn-nosuite,0.915625,1.0,1.0,0.0,0.0,0.9938650306748468
volcanoes-e3,knn-nosuite,0.915625,1.0,1.0,0.0,0.0,0.994750656167979
volcanoes-e3,knn-nosuite,0.915625,1.0,1.0,0.0,0.0,0.9955357142857142
volcanoes-e3,knn-nosuite,0.915625,1.0,1.0,0.0,0.0,0.9943502824858758
volcanoes-e3,knn-nosuite,0.915625,0.6,0.9565217391304348,0.0,0.0,0.7397260273972602
volcanoes-e3,knn-nosuite,0.915625,1.0,1.0,0.0,0.0,0.9982608695652175
volcanoes-e3,knn-nosuite,0.915625,1.0,1.0,0.0,0.0,0.9456706281833617
volcanoes-e3,knn-nosuite,0.915625,1.0,1.0,0.0,0.0,1.0
volcanoes-e3,knn-nosuite,0.915625,1.0,1.0,0.0,0.0,0.9829642248722317
volcanoes-e3,knn-nosuite,0.915625,1.0,1.0,0.0,0.0,0.9892086330935251
volcanoes-e3,knn-nosuite,0.915625,1.0,1.0,0.0,0.0,0.9983498349834983
volcanoes-e3,knn-nosuite,0.915625,1.0,1.0,0.0,0.0,0.918194640338505
volcanoes-e3,knn-nosuite,0.915625,0.8,1.0,0.0,0.0,0.997076023391813
volcanoes-e3,knn-nosuite,0.915625,1.0,0.9894736842105264,0.0,0.0,0.9232081911262797
volcanoes-e3,knn-nosuite,0.915625,1.0,1.0,0.0,0.0,1.0
volcanoes-e3,knn-nosuite,0.915625,1.0,1.0,0.0,0.0,0.9961290322580645
volcanoes-e3,knn-nosuite,0.915625,1.0,1.0,0.0,0.0,0.9949302915082383
volcanoes-e3,knn-nosuite,0.915625,1.0,1.0,0.0,0.0,0.9981684981684982
volcanoes-e3,knn-nosuite,0.915625,1.0,1.0,0.0,0.0,0.9963436928702011
volcanoes-e3,knn-nosuite,0.915625,1.0,0.9894736842105264,0.0,0.0,0.9959016393442625
volcanoes-e3,knn-nosuite,0.915625,1.0,1.0,0.0,0.0,0.9950576606260297
volcanoes-e3,knn-nosuite,0.915625,1.0,1.0,0.0,0.0,0.9922178988326849
volcanoes-e3,knn-nosuite,0.915625,1.0,1.0,0.0,0.0,0.9975728155339805
volcanoes-e3,knn-nosuite,0.915625,1.0,1.0,0.0,0.0,0.9920634920634921
volcanoes-e3,knn-nosuite,0.915625,1.0,1.0,0.0,0.0,0.9983443708609272
volcanoes-e3,knn-nosuite,0.915625,0.6,1.0,0.0,0.0,0.967741935483871
volcanoes-e3,knn-nosuite,0.915625,1.0,1.0,0.0,0.0,0.9495677233429396
volcanoes-e3,knn-nosuite,0.915625,1.0,1.0,0.0,0.0,0.996996996996997
volcanoes-e3,knn-nosuite,0.915625,1.0,1.0,0.0,0.0,0.9982363315696648
volcanoes-e3,knn-nosuite,0.915625,1.0,1.0,0.0,0.0,0.9951040391676866
volcanoes-e3,knn-nosuite,0.915625,1.0,1.0,0.0,0.0,0.9947159841479525
volcanoes-e3,knn-nosuite,0.915625,1.0,1.0,0.0,0.0,0.9983277591973245
volcanoes-e3,knn-nosuite,0.915625,1.0,0.9894736842105264,0.0,0.0,0.962171052631579
volcanoes-e3,knn-nosuite,0.915625,1.0,1.0,0.0,0.0,0.9847434119278781
volcanoes-e3,knn-nosuite,0.915625,1.0,1.0,0.0,0.0,0.9162011173184357
volcanoes-e3,knn-nosuite,0.915625,1.0,1.0,0.0,0.0,0.9606986899563319
volcanoes-e3,knn-nosuite,0.915625,0.6,0.9782608695652174,0.0,0.0,0.9947916666666666
volcanoes-e3,knn-nosuite,0.915625,1.0,1.0,0.0,0.0,0.9960629921259843
volcanoes-e3,knn-nosuite,0.915625,1.0,1.0,0.0,0.0,0.9476661951909475
volcanoes-e3,knn-nosuite,0.915625,1.0,1.0,0.0,0.0,0.9852941176470589
volcanoes-e3,knn-nosuite,0.915625,1.0,1.0,0.0,0.0,0.9955156950672646
volcanoes-e3,knn-nosuite,0.915625,1.0,1.0,0.0,0.0,0.9651567944250872
volcanoes-e3,knn-nosuite,0.915625,1.0,1.0,0.0,0.0,0.9776223776223777
volcanoes-e3,knn-nosuite,0.915625,1.0,1.0,0.0,0.0,0.9972451790633607
volcanoes-e3,knn-nosuite,0.915625,1.0,1.0,0.0,0.0,0.9966386554621849
volcanoes-e4,knn-nosuite,0.9329073482428115,1.0,1.0,0.0,0.0,0.9959266802443991
volcanoes-e4,knn-nosuite,0.9329073482428115,1.0,1.0,0.0,0.0,0.998371335504886
volcanoes-e4,knn-nosuite,0.9329073482428115,0.6,0.989247311827957,0.0,0.0,0.9959514170040485
volcanoes-e4,knn-nosuite,0.9329073482428115,0.8,1.0,0.0,0.0,0.9950738916256159
volcanoes-e4,knn-nosuite,0.9329073482428115,0.6,0.9166666666666666,0.0,0.0,0.9961389961389961
volcanoes-e4,knn-nosuite,0.9329073482428115,1.0,1.0,0.0,0.0,0.9962686567164181
volcanoes-e4,knn-nosuite,0.9329073482428115,0.6,1.0,0.0,0.0,0.9954545454545455
volcanoes-e4,knn-nosuite,0.9329073482428115,1.0,1.0,0.0,0.0,1.0
volcanoes-e4,knn-nosuite,0.9329073482428115,1.0,1.0,0.0,0.0,0.9975186104218363
volcanoes-e4,knn-nosuite,0.9329073482428115,1.0,1.0,0.0,0.0,0.9953198127925116
volcanoes-e4,knn-nosuite,0.9329073482428115,1.0,0.989247311827957,0.0,0.0,0.9963436928702011
volcanoes-e4,knn-nosuite,0.9329073482428115,1.0,1.0,0.0,0.0,1.0
volcanoes-e4,knn-nosuite,0.9329073482428115,1.0,0.989247311827957,0.0,0.0,1.0
volcanoes-e4,knn-nosuite,0.9329073482428115,1.0,1.0,0.0,0.0,0.9954819277108434
volcanoes-e4,knn-nosuite,0.9329073482428115,1.0,1.0,0.0,0.0,0.9953051643192488
volcanoes-e4,knn-nosuite,0.9329073482428115,0.8,1.0,0.0,0.0,0.9979716024340771
volcanoes-e4,knn-nosuite,0.9329073482428115,1.0,1.0,0.0,0.0,0.9056603773584906
volcanoes-e4,knn-nosuite,0.9329073482428115,1.0,1.0,0.0,0.0,0.9961783439490446
volcanoes-e4,knn-nosuite,0.9329073482428115,1.0,1.0,0.0,0.0,0.9919678714859439
volcanoes-e4,knn-nosuite,0.9329073482428115,1.0,1.0,0.0,0.0,0.9969230769230769
volcanoes-e4,knn-nosuite,0.9329073482428115,0.4,0.9859154929577464,0.0,0.0,0.9932584269662922
volcanoes-e4,knn-nosuite,0.9329073482428115,1.0,1.0,0.0,0.0,0.9974424552429667
volcanoes-e4,knn-nosuite,0.9329073482428115,1.0,1.0,0.0,0.0,1.0
volcanoes-e4,knn-nosuite,0.9329073482428115,1.0,1.0,0.0,0.0,0.9950083194675541
volcanoes-e4,knn-nosuite,0.9329073482428115,0.8,0.989247311827957,0.0,0.0,0.9957081545064378
volcanoes-e4,knn-nosuite,0.9329073482428115,0.8,1.0,0.0,0.0,0.984352773826458
volcanoes-e4,knn-nosuite,0.9329073482428115,1.0,1.0,0.0,0.0,0.9968304278922344
volcanoes-e4,knn-nosuite,0.9329073482428115,1.0,1.0,0.0,0.0,1.0
volcanoes-e4,knn-nosuite,0.9329073482428115,1.0,1.0,0.0,0.0,0.9965517241379309
volcanoes-e4,knn-nosuite,0.9329073482428115,1.0,1.0,0.0,0.0,0.9887323943661972
volcanoes-e4,knn-nosuite,0.9329073482428115,1.0,1.0,0.0,0.0,0.9970972423802612
volcanoes-e4,knn-nosuite,0.9329073482428115,1.0,1.0,0.0,0.0,0.9984779299847792
volcanoes-e4,knn-nosuite,0.9329073482428115,0.8,1.0,0.0,0.0,0.9640625
volcanoes-e4,knn-nosuite,0.9329073482428115,0.8,0.989247311827957,0.0,0.0,0.9969135802469136
volcanoes-e4,knn-nosuite,0.9329073482428115,1.0,1.0,0.0,0.0,0.997001499250375
volcanoes-e4,knn-nosuite,0.9329073482428115,1.0,1.0,0.0,0.0,1.0
volcanoes-e4,knn-nosuite,0.9329073482428115,1.0,1.0,0.0,0.0,0.9951534733441034
volcanoes-e4,knn-nosuite,0.9329073482428115,1.0,1.0,0.0,0.0,0.9956772334293948
volcanoes-e4,knn-nosuite,0.9329073482428115,1.0,1.0,0.0,0.0,0.9955686853766619
volcanoes-e4,knn-nosuite,0.9329073482428115,1.0,0.989247311827957,0.0,0.0,0.9963302752293577
volcanoes-e4,knn-nosuite,0.9329073482428115,1.0,1.0,0.0,0.0,0.9984756097560975
volcanoes-e4,knn-nosuite,0.9329073482428115,1.0,1.0,0.0,0.0,1.0
volcanoes-e4,knn-nosuite,0.9329073482428115,0.6,0.9827586206896551,0.0,0.0,0.9952606635071091
volcanoes-e4,knn-nosuite,0.9329073482428115,1.0,1.0,0.0,0.0,0.9978858350951374
volcanoes-e4,knn-nosuite,0.9329073482428115,1.0,1.0,0.0,0.0,0.9955817378497791
volcanoes-e4,knn-nosuite,0.9329073482428115,1.0,1.0,0.0,0.0,0.996328029375765
volcanoes-e4,knn-nosuite,0.9329073482428115,1.0,1.0,0.0,0.0,0.984251968503937
yeast,knn-nosuite,0.5929919137466307,0.8,0.9259259259259259,0.0,0.0,0.973404255319149
yeast,knn-nosuite,0.5929919137466307,1.0,0.9318181818181819,0.0,0.0,1.0
yeast,knn-nosuite,0.5929919137466307,0.6,0.8837209302325582,0.0,0.0,0.9937888198757763
yeast,knn-nosuite,0.5929919137466307,0.6,1.0,0.0,0.0,0.9939024390243902
yeast,knn-nosuite,0.5929919137466307,0.6,1.0,0.0,0.0,0.9915966386554622
yeast,knn-nosuite,0.5929919137466307,0.4,0.875,0.0,0.0,0.9960629921259843
yeast,knn-nosuite,0.5929919137466307,0.6,0.8367346938775511,0.0,0.0,0.9185185185185185
yeast,knn-nosuite,0.5929919137466307,0.4,0.9285714285714286,0.0,0.0,0.855595667870036
yeast,knn-nosuite,0.5929919137466307,0.4,1.0,0.0,0.0,0.967741935483871
yeast,knn-nosuite,0.5929919137466307,0.8,1.0,0.0,0.0,0.9896907216494846
yeast,knn-nosuite,0.5929919137466307,0.6,1.0,0.0,0.0,0.9955752212389382
yeast,knn-nosuite,0.5929919137466307,0.6,0.8666666666666668,0.0,0.0,0.9840425531914894
yeast,knn-nosuite,0.5929919137466307,0.6,0.962962962962963,0.0,0.0,1.0
yeast,knn-nosuite,0.5929919137466307,0.6,0.9830508474576272,0.0,0.0,1.0
yeast,knn-nosuite,0.5929919137466307,0.6,1.0,0.0,0.0,0.9924812030075187
yeast,knn-nosuite,0.5929919137466307,0.8,0.8985507246376813,0.0,0.0,0.986111111111111
yeast,knn-nosuite,0.5929919137466307,0.8,0.8947368421052632,0.0,0.0,0.975609756097561
yeast,knn-nosuite,0.5929919137466307,0.6,0.9565217391304348,0.0,0.0,1.0
yeast,knn-nosuite,0.5929919137466307,0.6,1.0,0.0,0.0,0.8648648648648649
yeast,knn-nosuite,0.5929919137466307,0.8,1.0,0.0,0.0,1.0
yeast,knn-nosuite,0.5929919137466307,0.6,0.8,0.0,0.0,0.9947643979057592
yeast,knn-nosuite,0.5929919137466307,0.8,0.9230769230769231,0.0,0.0,0.9380952380952381
yeast,knn-nosuite,0.5929919137466307,0.6,1.0,0.0,0.0,0.9948186528497409
yeast,knn-nosuite,0.5929919137466307,0.6,0.967741935483871,0.0,0.0,0.8854166666666666
yeast,knn-nosuite,0.5929919137466307,0.4,1.0,0.0,0.0,0.959409594095941
yeast,knn-nosuite,0.5929919137466307,0.6,0.8,0.0,0.0,1.0
yeast,knn-nosuite,0.5929919137466307,0.6,0.875,0.0,0.0,0.9226190476190477
yeast,knn-nosuite,0.5929919137466307,0.8,0.8333333333333334,0.0,0.0,0.9565217391304348
yeast,knn-nosuite,0.5929919137466307,0.8,0.8333333333333334,0.0,0.0,0.988795518207283
yeast,knn-nosuite,0.5929919137466307,0.6,0.7142857142857143,0.0,0.0,0.9429657794676805
yeast,knn-nosuite,0.5929919137466307,1.0,1.0,0.0,0.0,0.96875
yeast,knn-nosuite,0.5929919137466307,0.8,1.0,0.0,0.0,0.9815950920245399
yeast,knn-nosuite,0.5929919137466307,0.6,0.9268292682926831,0.0,0.0,0.9542483660130718
yeast,knn-nosuite,0.5929919137466307,0.8,0.9423076923076923,0.0,0.0,1.0
yeast,knn-nosuite,0.5929919137466307,0.8,0.9487179487179487,0.0,0.0,0.9952153110047848
yeast,knn-nosuite,0.5929919137466307,0.6,0.8,0.0,0.0,1.0
yeast,knn-nosuite,0.5929919137466307,1.0,0.96,0.0,0.0,0.9876543209876543
yeast,knn-nosuite,0.5929919137466307,1.0,1.0,0.0,0.0,1.0
yeast,knn-nosuite,0.5929919137466307,0.6,0.8,0.0,0.0,0.994475138121547
yeast,knn-nosuite,0.5929919137466307,0.6,0.8333333333333334,0.0,0.0,1.0
yeast,knn-nosuite,0.5929919137466307,0.6,0.82,0.0,0.0,0.9716494845360824
yeast,knn-nosuite,0.5929919137466307,0.6,0.9230769230769231,0.0,0.0,0.8804347826086957
yeast,knn-nosuite,0.5929919137466307,0.6,1.0,0.0,0.0,0.8828125
yeast,knn-nosuite,0.5929919137466307,0.6,0.9512195121951219,0.0,0.0,0.9343065693430657
yeast,knn-nosuite,0.5929919137466307,0.6,0.9696969696969697,0.0,0.0,1.0
yeast,knn-nosuite,0.5929919137466307,0.4,0.96875,0.0,0.0,0.9864864864864865
yeast,knn-nosuite,0.5929919137466307,0.6,0.6666666666666666,0.0,0.0,0.9548022598870055
yeast,knn-nosuite,0.5929919137466307,1.0,1.0,0.0,0.0,0.9789915966386553
yeast,knn-nosuite,0.5929919137466307,1.0,1.0,0.0,0.0,0.990990990990991
rmftsa,knn-nosuite,0.53125,0.4,0.675,0.0,0.0,0.723404255319149
rmftsa,knn-nosuite,0.53125,0.4,0.5625,0.0,0.0,0.7142857142857143
rmftsa,knn-nosuite,0.53125,0.4,0.6428571428571429,0.0,0.0,0.8762886597938145
rmftsa,knn-nosuite,0.53125,0.4,0.875,0.0,0.0,0.6635514018691588
rmftsa,knn-nosuite,0.53125,0.6,1.0,0.0,0.0,0.9705882352941175
rmftsa,knn-nosuite,0.53125,0.8,1.0,0.0,0.0,0.9568345323741008
rmftsa,knn-nosuite,0.53125,0.4,0.8378378378378379,0.0,0.0,0.8313253012048193
rmftsa,knn-nosuite,0.53125,1.0,1.0,0.0,0.0,0.7560975609756098
rmftsa,knn-nosuite,0.53125,0.4,0.5609756097560976,0.0,0.0,0.4789915966386554
rmftsa,knn-nosuite,0.53125,0.8,1.0,0.0,0.0,0.6884057971014492
rmftsa,knn-nosuite,0.53125,1.0,1.0,0.0,0.0,0.8676844783715014
rmftsa,knn-nosuite,0.53125,0.6,1.0,0.0,0.0,0.9928057553956835
rmftsa,knn-nosuite,0.53125,0.4,0.8928571428571429,0.0,0.0,0.7884615384615384
rmftsa,knn-nosuite,0.53125,0.6,0.9230769230769231,0.0,0.0,0.802919708029197
rmftsa,knn-nosuite,0.53125,0.4,1.0,0.0,0.0,0.9203539823008849
rmftsa,knn-nosuite,0.53125,0.4,1.0,0.0,0.0,0.8623188405797102
rmftsa,knn-nosuite,0.53125,0.6,0.4242424242424242,0.0,0.0,0.8181818181818181
rmftsa,knn-nosuite,0.53125,0.8,1.0,0.0,0.0,0.6884057971014492
rmftsa,knn-nosuite,0.53125,0.6,0.9,0.0,0.0,0.9208633093525179
rmftsa,knn-nosuite,0.53125,0.8,0.9,0.0,0.0,0.8539823008849557
rmftsa,knn-nosuite,0.53125,0.6,0.7297297297297297,0.0,0.0,0.7132352941176471
rmftsa,knn-nosuite,0.53125,0.8,1.0,0.0,0.0,0.8584905660377359
rmftsa,knn-nosuite,0.53125,0.6,0.5428571428571428,0.0,0.0,0.846590909090909
rmftsa,knn-nosuite,0.53125,0.6,1.0,0.0,0.0,0.9276018099547512
rmftsa,knn-nosuite,0.53125,0.6,0.5555555555555556,0.0,0.0,0.7486033519553073
rmftsa,knn-nosuite,0.53125,0.4,0.5510204081632653,0.0,0.0,0.8666666666666668
rmftsa,knn-nosuite,0.53125,0.4,1.0,0.0,0.0,0.9414893617021278
rmftsa,knn-nosuite,0.53125,0.6,0.6153846153846154,0.0,0.0,0.6931818181818182
rmftsa,knn-nosuite,0.53125,0.4,0.9384615384615385,0.0,0.0,0.9627329192546584
rmftsa,knn-nosuite,0.53125,0.6,0.75,0.0,0.0,0.696969696969697
rmftsa,knn-nosuite,0.53125,0.6,1.0,0.0,0.0,0.6950354609929078
rmftsa,knn-nosuite,0.53125,0.4,0.8928571428571429,0.0,0.0,0.7857142857142857
rmftsa,knn-nosuite,0.53125,0.6,0.9230769230769231,0.0,0.0,0.802919708029197
rmftsa,knn-nosuite,0.53125,0.6,0.5625,0.0,0.0,0.7887323943661971
rmftsa,knn-nosuite,0.53125,0.4,0.9420289855072463,0.0,0.0,0.9473684210526315
rmftsa,knn-nosuite,0.53125,0.6,0.4545454545454545,0.0,0.0,0.9389312977099238
rmftsa,knn-nosuite,0.53125,0.8,1.0,0.0,0.0,0.8018867924528303
rmftsa,knn-nosuite,0.53125,1.0,0.9393939393939394,0.0,0.0,0.9705882352941175
rmftsa,knn-nosuite,0.53125,0.8,0.9868421052631579,0.0,0.0,0.85
rmftsa,knn-nosuite,0.53125,0.6,0.5238095238095238,0.0,0.0,0.9516129032258064
rmftsa,knn-nosuite,0.53125,0.6,0.8363636363636363,0.0,0.0,0.9491525423728813
rmftsa,knn-nosuite,0.53125,0.4,0.8867924528301888,0.0,0.0,0.6368159203980099
rmftsa,knn-nosuite,0.53125,0.6,0.7916666666666666,0.0,0.0,0.6391304347826087
rmftsa,knn-nosuite,0.53125,0.4,0.625,0.0,0.0,0.8405797101449275
rmftsa,knn-nosuite,0.53125,1.0,0.9230769230769231,0.0,0.0,0.931297709923664
rmftsa,knn-nosuite,0.53125,0.8,1.0,0.0,0.0,0.6884057971014492
rmftsa,knn-nosuite,0.53125,0.6,0.7916666666666666,0.0,0.0,0.6391304347826087
rmftsa,knn-nosuite,0.53125,0.6,0.4545454545454545,0.0,0.0,0.9595959595959596
rmftsa,knn-nosuite,0.53125,0.6,0.8181818181818181,0.0,0.0,0.7946428571428571
rmftsa,knn-nosuite,0.53125,0.6,0.8108108108108109,0.0,0.0,0.6666666666666666
banknote-authentication,knn-nosuite,1.0,1.0,1.0,0.0,0.0,1.0
banknote-authentication,knn-nosuite,1.0,1.0,1.0,0.0,0.0,1.0
banknote-authentication,knn-nosuite,1.0,1.0,1.0,0.0,0.0,1.0
banknote-authentication,knn-nosuite,1.0,1.0,0.9893617021276595,0.0,0.0,1.0
banknote-authentication,knn-nosuite,1.0,1.0,1.0,0.0,0.0,1.0
banknote-authentication,knn-nosuite,1.0,1.0,1.0,0.0,0.0,1.0
banknote-authentication,knn-nosuite,1.0,1.0,1.0,0.0,0.0,0.990521327014218
banknote-authentication,knn-nosuite,1.0,1.0,1.0,0.0,0.0,1.0
banknote-authentication,knn-nosuite,1.0,1.0,1.0,0.0,0.0,1.0
banknote-authentication,knn-nosuite,1.0,1.0,1.0,0.0,0.0,1.0
banknote-authentication,knn-nosuite,1.0,1.0,1.0,0.0,0.0,1.0
banknote-authentication,knn-nosuite,1.0,1.0,1.0,0.0,0.0,1.0
banknote-authentication,knn-nosuite,1.0,1.0,1.0,0.0,0.0,1.0
banknote-authentication,knn-nosuite,1.0,1.0,1.0,0.0,0.0,0.9967213114754099
banknote-authentication,knn-nosuite,1.0,1.0,0.9901960784313726,0.0,0.0,1.0
banknote-authentication,knn-nosuite,1.0,1.0,1.0,0.0,0.0,1.0
banknote-authentication,knn-nosuite,1.0,1.0,1.0,0.0,0.0,1.0
banknote-authentication,knn-nosuite,1.0,1.0,0.9875,0.0,0.0,1.0
banknote-authentication,knn-nosuite,1.0,1.0,1.0,0.0,0.0,0.9956521739130435
banknote-authentication,knn-nosuite,1.0,1.0,0.9901960784313726,0.0,0.0,1.0
banknote-authentication,knn-nosuite,1.0,1.0,1.0,0.0,0.0,1.0
banknote-authentication,knn-nosuite,1.0,1.0,1.0,0.0,0.0,0.9888268156424582
banknote-authentication,knn-nosuite,1.0,1.0,1.0,0.0,0.0,1.0
banknote-authentication,knn-nosuite,1.0,1.0,1.0,0.0,0.0,1.0
banknote-authentication,knn-nosuite,1.0,1.0,0.9795918367346939,0.0,0.0,1.0
banknote-authentication,knn-nosuite,1.0,1.0,1.0,0.0,0.0,1.0
banknote-authentication,knn-nosuite,1.0,1.0,0.9901960784313726,0.0,0.0,1.0
banknote-authentication,knn-nosuite,1.0,1.0,1.0,0.0,0.0,0.9948453608247423
banknote-authentication,knn-nosuite,1.0,1.0,1.0,0.0,0.0,1.0
banknote-authentication,knn-nosuite,1.0,1.0,0.980392156862745,0.0,0.0,1.0
banknote-authentication,knn-nosuite,1.0,1.0,1.0,0.0,0.0,1.0
banknote-authentication,knn-nosuite,1.0,1.0,0.9901960784313726,0.0,0.0,0.9946808510638296
banknote-authentication,knn-nosuite,1.0,1.0,1.0,0.0,0.0,1.0
banknote-authentication,knn-nosuite,1.0,1.0,1.0,0.0,0.0,1.0
banknote-authentication,knn-nosuite,1.0,1.0,1.0,0.0,0.0,1.0
banknote-authentication,knn-nosuite,1.0,1.0,1.0,0.0,0.0,1.0
banknote-authentication,knn-nosuite,1.0,1.0,1.0,0.0,0.0,1.0
banknote-authentication,knn-nosuite,1.0,1.0,1.0,0.0,0.0,1.0
banknote-authentication,knn-nosuite,1.0,1.0,1.0,0.0,0.0,0.9840425531914894
banknote-authentication,knn-nosuite,1.0,1.0,1.0,0.0,0.0,1.0
banknote-authentication,knn-nosuite,1.0,1.0,1.0,0.0,0.0,1.0
banknote-authentication,knn-nosuite,1.0,1.0,1.0,0.0,0.0,1.0
banknote-authentication,knn-nosuite,1.0,1.0,0.9787234042553191,0.0,0.0,1.0
banknote-authentication,knn-nosuite,1.0,1.0,1.0,0.0,0.0,1.0
banknote-authentication,knn-nosuite,1.0,1.0,1.0,0.0,0.0,0.9914163090128756
banknote-authentication,knn-nosuite,1.0,1.0,1.0,0.0,0.0,1.0
banknote-authentication,knn-nosuite,1.0,1.0,1.0,0.0,0.0,1.0
banknote-authentication,knn-nosuite,1.0,1.0,1.0,0.0,0.0,1.0
banknote-authentication,knn-nosuite,1.0,1.0,1.0,0.0,0.0,1.0
banknote-authentication,knn-nosuite,1.0,1.0,1.0,0.0,0.0,1.0
volcanoes-a2,knn-nosuite,0.9408866995073891,1.0,1.0,0.0,0.0,0.9962216624685138
volcanoes-a2,knn-nosuite,0.9408866995073891,1.0,1.0,0.0,0.0,0.9942396313364055
volcanoes-a2,knn-nosuite,0.9408866995073891,1.0,1.0,0.0,0.0,0.99498997995992
volcanoes-a2,knn-nosuite,0.9408866995073891,1.0,1.0,0.0,0.0,0.9977401129943504
volcanoes-a2,knn-nosuite,0.9408866995073891,0.8,1.0,0.0,0.0,0.9983818770226536
volcanoes-a2,knn-nosuite,0.9408866995073891,1.0,1.0,0.0,0.0,0.99498997995992
volcanoes-a2,knn-nosuite,0.9408866995073891,1.0,1.0,0.0,0.0,0.9954802259887006
volcanoes-a2,knn-nosuite,0.9408866995073891,1.0,1.0,0.0,0.0,0.9957983193277311
volcanoes-a2,knn-nosuite,0.9408866995073891,1.0,1.0,0.0,0.0,0.9957627118644068
volcanoes-a2,knn-nosuite,0.9408866995073891,1.0,1.0,0.0,0.0,0.9985185185185184
volcanoes-a2,knn-nosuite,0.9408866995073891,0.4,0.9724770642201837,0.0,0.0,1.0
volcanoes-a2,knn-nosuite,0.9408866995073891,1.0,1.0,0.0,0.0,0.9958448753462605
volcanoes-a2,knn-nosuite,0.9408866995073891,0.8,0.9896907216494846,0.0,0.0,0.9801762114537445
volcanoes-a2,knn-nosuite,0.9408866995073891,0.6,0.9834710743801655,0.0,0.0,1.0
volcanoes-a2,knn-nosuite,0.9408866995073891,1.0,1.0,0.0,0.0,0.997879109225875
volcanoes-a2,knn-nosuite,0.9408866995073891,1.0,1.0,0.0,0.0,0.9947423764458465
volcanoes-a2,knn-nosuite,0.9408866995073891,1.0,1.0,0.0,0.0,1.0
volcanoes-a2,knn-nosuite,0.9408866995073891,1.0,1.0,0.0,0.0,0.998046875
volcanoes-a2,knn-nosuite,0.9408866995073891,1.0,1.0,0.0,0.0,1.0
volcanoes-a2,knn-nosuite,0.9408866995073891,1.0,1.0,0.0,0.0,1.0
volcanoes-a2,knn-nosuite,0.9408866995073891,1.0,1.0,0.0,0.0,0.9985935302390999
volcanoes-a2,knn-nosuite,0.9408866995073891,1.0,1.0,0.0,0.0,0.997624703087886
volcanoes-a2,knn-nosuite,0.9408866995073891,1.0,1.0,0.0,0.0,0.9969167523124358
volcanoes-a2,knn-nosuite,0.9408866995073891,1.0,1.0,0.0,0.0,0.9955686853766619
volcanoes-a2,knn-nosuite,0.9408866995073891,1.0,1.0,0.0,0.0,0.9967741935483871
volcanoes-a2,knn-nosuite,0.9408866995073891,1.0,1.0,0.0,0.0,0.9988249118683902
volcanoes-a2,knn-nosuite,0.9408866995073891,1.0,1.0,0.0,0.0,0.9959128065395095
volcanoes-a2,knn-nosuite,0.9408866995073891,1.0,1.0,0.0,0.0,0.9946737683089214
volcanoes-a2,knn-nosuite,0.9408866995073891,1.0,1.0,0.0,0.0,0.9966517857142858
volcanoes-a2,knn-nosuite,0.9408866995073891,1.0,1.0,0.0,0.0,0.9947753396029257
volcanoes-a2,knn-nosuite,0.9408866995073891,1.0,1.0,0.0,0.0,0.9949811794228356
volcanoes-a2,knn-nosuite,0.9408866995073891,1.0,1.0,0.0,0.0,0.9978835978835979
volcanoes-a2,knn-nosuite,0.9408866995073891,1.0,1.0,0.0,0.0,0.9962358845671269
volcanoes-a2,knn-nosuite,0.9408866995073891,1.0,1.0,0.0,0.0,0.99498997995992
volcanoes-a2,knn-nosuite,0.9408866995073891,1.0,1.0,0.0,0.0,0.994934143870314
volcanoes-a2,knn-nosuite,0.9408866995073891,1.0,1.0,0.0,0.0,0.9978142076502732
volcanoes-a2,knn-nosuite,0.9408866995073891,1.0,1.0,0.0,0.0,0.9946638207043756
volcanoes-a2,knn-nosuite,0.9408866995073891,0.6,0.875,0.0,0.0,0.9910179640718562
volcanoes-a2,knn-nosuite,0.9408866995073891,1.0,1.0,0.0,0.0,0.9968520461699895
volcanoes-a2,knn-nosuite,0.9408866995073891,0.6,0.975206611570248,0.0,0.0,1.0
volcanoes-a2,knn-nosuite,0.9408866995073891,1.0,1.0,0.0,0.0,0.9937421777221527
volcanoes-a2,knn-nosuite,0.9408866995073891,1.0,1.0,0.0,0.0,0.995850622406639
volcanoes-a2,knn-nosuite,0.9408866995073891,1.0,1.0,0.0,0.0,0.9965357967667436
volcanoes-a2,knn-nosuite,0.9408866995073891,1.0,1.0,0.0,0.0,0.9951219512195122
volcanoes-a2,knn-nosuite,0.9408866995073891,1.0,1.0,0.0,0.0,0.994994994994995
volcanoes-a2,knn-nosuite,0.9408866995073891,0.6,0.7058823529411765,0.0,0.0,0.9927007299270073
volcanoes-a2,knn-nosuite,0.9408866995073891,1.0,1.0,0.0,0.0,0.9958217270194986
volcanoes-a2,knn-nosuite,0.9408866995073891,0.8,0.9917355371900827,0.0,0.0,0.9943977591036415
volcanoes-a2,knn-nosuite,0.9408866995073891,1.0,1.0,0.0,0.0,1.0
volcanoes-a2,knn-nosuite,0.9408866995073891,1.0,1.0,0.0,0.0,1.0
volcanoes-a3,knn-nosuite,0.905511811023622,0.8,1.0,0.0,0.0,0.9932735426008967
volcanoes-a3,knn-nosuite,0.905511811023622,1.0,1.0,0.0,0.0,0.9944979367262723
volcanoes-a3,knn-nosuite,0.905511811023622,0.4,0.7441860465116279,0.0,0.0,0.9924385633270323
volcanoes-a3,knn-nosuite,0.905511811023622,1.0,1.0,0.0,0.0,0.9987146529562982
volcanoes-a3,knn-nosuite,0.905511811023622,1.0,1.0,0.0,0.0,0.9987244897959183
volcanoes-a3,knn-nosuite,0.905511811023622,1.0,1.0,0.0,0.0,0.9974747474747476
volcanoes-a3,knn-nosuite,0.905511811023622,1.0,1.0,0.0,0.0,0.995945945945946
volcanoes-a3,knn-nosuite,0.905511811023622,1.0,1.0,0.0,0.0,0.9957627118644068
volcanoes-a3,knn-nosuite,0.905511811023622,0.8,1.0,0.0,0.0,0.9967585089141003
volcanoes-a3,knn-nosuite,0.905511811023622,1.0,1.0,0.0,0.0,0.998792270531401
volcanoes-a3,knn-nosuite,0.905511811023622,1.0,1.0,0.0,0.0,0.9974424552429667
volcanoes-a3,knn-nosuite,0.905511811023622,1.0,1.0,0.0,0.0,0.996951219512195
volcanoes-a3,knn-nosuite,0.905511811023622,0.8,1.0,0.0,0.0,1.0
volcanoes-a3,knn-nosuite,0.905511811023622,0.6,1.0,0.0,0.0,0.9969135802469136
volcanoes-a3,knn-nosuite,0.905511811023622,1.0,1.0,0.0,0.0,0.997737556561086
volcanoes-a3,knn-nosuite,0.905511811023622,1.0,1.0,0.0,0.0,0.9982578397212544
volcanoes-a3,knn-nosuite,0.905511811023622,1.0,1.0,0.0,0.0,1.0
volcanoes-a3,knn-nosuite,0.905511811023622,1.0,1.0,0.0,0.0,0.9956709956709957
volcanoes-a3,knn-nosuite,0.905511811023622,1.0,1.0,0.0,0.0,0.9987341772151899
volcanoes-a3,knn-nosuite,0.905511811023622,1.0,1.0,0.0,0.0,0.9948979591836735
volcanoes-a3,knn-nosuite,0.905511811023622,1.0,1.0,0.0,0.0,0.9960513326752223
volcanoes-a3,knn-nosuite,0.905511811023622,1.0,1.0,0.0,0.0,0.9961832061068703
volcanoes-a3,knn-nosuite,0.905511811023622,1.0,1.0,0.0,0.0,0.9988839285714286
volcanoes-a3,knn-nosuite,0.905511811023622,0.8,0.9901960784313726,0.0,0.0,1.0
volcanoes-a3,knn-nosuite,0.905511811023622,1.0,1.0,0.0,0.0,0.998696219035202
volcanoes-a3,knn-nosuite,0.905511811023622,1.0,1.0,0.0,0.0,0.9957761351636748
volcanoes-a3,knn-nosuite,0.905511811023622,0.8,1.0,0.0,0.0,0.9985795454545453
volcanoes-a3,knn-nosuite,0.905511811023622,1.0,1.0,0.0,0.0,0.997709049255441
volcanoes-a3,knn-nosuite,0.905511811023622,1.0,1.0,0.0,0.0,0.9978021978021978
volcanoes-a3,knn-nosuite,0.905511811023622,1.0,1.0,0.0,0.0,0.9988193624557262
volcanoes-a3,knn-nosuite,0.905511811023622,1.0,1.0,0.0,0.0,0.9955947136563876
volcanoes-a3,knn-nosuite,0.905511811023622,1.0,1.0,0.0,0.0,0.9972375690607734
volcanoes-a3,knn-nosuite,0.905511811023622,0.6,1.0,0.0,0.0,0.9985795454545453
volcanoes-a3,knn-nosuite,0.905511811023622,1.0,1.0,0.0,0.0,0.9955489614243322
volcanoes-a3,knn-nosuite,0.905511811023622,1.0,1.0,0.0,0.0,0.9955995599559955
volcanoes-a3,knn-nosuite,0.905511811023622,0.8,1.0,0.0,0.0,1.0
volcanoes-a3,knn-nosuite,0.905511811023622,1.0,1.0,0.0,0.0,0.9953216374269006
volcanoes-a3,knn-nosuite,0.905511811023622,1.0,1.0,0.0,0.0,0.9989106753812637
volcanoes-a3,knn-nosuite,0.905511811023622,0.8,0.9902912621359224,0.0,0.0,0.9941860465116278
volcanoes-a3,knn-nosuite,0.905511811023622,1.0,1.0,0.0,0.0,0.9957081545064378
volcanoes-a3,knn-nosuite,0.905511811023622,1.0,1.0,0.0,0.0,0.9977064220183486
volcanoes-a3,knn-nosuite,0.905511811023622,0.8,0.8,0.0,0.0,0.8372093023255814
volcanoes-a3,knn-nosuite,0.905511811023622,1.0,1.0,0.0,0.0,0.9987228607918264
volcanoes-a3,knn-nosuite,0.905511811023622,1.0,1.0,0.0,0.0,0.9987515605493134
volcanoes-a3,knn-nosuite,0.905511811023622,0.8,1.0,0.0,0.0,1.0
volcanoes-a3,knn-nosuite,0.905511811023622,1.0,1.0,0.0,0.0,0.9957081545064378
volcanoes-a3,knn-nosuite,0.905511811023622,1.0,1.0,0.0,0.0,0.9984917043740573
volcanoes-a3,knn-nosuite,0.905511811023622,1.0,1.0,0.0,0.0,0.9950433705080546
volcanoes-a3,knn-nosuite,0.905511811023622,1.0,1.0,0.0,0.0,0.9989484752891693
volcanoes-a3,knn-nosuite,0.905511811023622,1.0,1.0,0.0,0.0,1.0
volcanoes-a4,knn-nosuite,0.899736147757256,1.0,1.0,0.0,0.0,0.9940059940059939
volcanoes-a4,knn-nosuite,0.899736147757256,1.0,1.0,0.0,0.0,0.9985775248933144
volcanoes-a4,knn-nosuite,0.899736147757256,0.6,0.6190476190476191,0.0,0.0,0.5607476635514018
volcanoes-a4,knn-nosuite,0.899736147757256,1.0,1.0,0.0,0.0,0.9918367346938777
volcanoes-a4,knn-nosuite,0.899736147757256,1.0,1.0,0.0,0.0,0.9955995599559955
volcanoes-a4,knn-nosuite,0.899736147757256,0.4,0.4,0.0,0.0,0.9644970414201184
volcanoes-a4,knn-nosuite,0.899736147757256,1.0,1.0,0.0,0.0,1.0
volcanoes-a4,knn-nosuite,0.899736147757256,0.8,0.9911504424778761,0.0,0.0,0.9966722129783694
volcanoes-a4,knn-nosuite,0.899736147757256,1.0,1.0,0.0,0.0,0.9968404423380728
volcanoes-a4,knn-nosuite,0.899736147757256,1.0,1.0,0.0,0.0,1.0
volcanoes-a4,knn-nosuite,0.899736147757256,1.0,1.0,0.0,0.0,0.9939879759519037
volcanoes-a4,knn-nosuite,0.899736147757256,0.8,1.0,0.0,0.0,1.0
volcanoes-a4,knn-nosuite,0.899736147757256,1.0,1.0,0.0,0.0,0.9938712972420838
volcanoes-a4,knn-nosuite,0.899736147757256,1.0,1.0,0.0,0.0,0.9938271604938272
volcanoes-a4,knn-nosuite,0.899736147757256,1.0,1.0,0.0,0.0,0.9930635838150289
volcanoes-a4,knn-nosuite,0.899736147757256,1.0,1.0,0.0,0.0,0.99860529986053
volcanoes-a4,knn-nosuite,0.899736147757256,1.0,1.0,0.0,0.0,0.9987113402061855
volcanoes-a4,knn-nosuite,0.899736147757256,1.0,1.0,0.0,0.0,0.9929859719438878
volcanoes-a4,knn-nosuite,0.899736147757256,1.0,1.0,0.0,0.0,1.0
volcanoes-a4,knn-nosuite,0.899736147757256,1.0,1.0,0.0,0.0,0.9928486293206198
volcanoes-a4,knn-nosuite,0.899736147757256,1.0,1.0,0.0,0.0,0.9923076923076923
volcanoes-a4,knn-nosuite,0.899736147757256,0.6,0.6190476190476191,0.0,0.0,0.6629213483146067
volcanoes-a4,knn-nosuite,0.899736147757256,1.0,1.0,0.0,0.0,0.9969293756397134
volcanoes-a4,knn-nosuite,0.899736147757256,1.0,1.0,0.0,0.0,0.993933265925177
volcanoes-a4,knn-nosuite,0.899736147757256,0.4,0.9873417721518989,0.0,0.0,0.9253731343283583
volcanoes-a4,knn-nosuite,0.899736147757256,1.0,1.0,0.0,0.0,0.9936575052854122
volcanoes-a4,knn-nosuite,0.899736147757256,1.0,1.0,0.0,0.0,0.9985875706214691
volcanoes-a4,knn-nosuite,0.899736147757256,0.4,0.6,0.0,0.0,0.9465648854961832
volcanoes-a4,knn-nosuite,0.899736147757256,1.0,1.0,0.0,0.0,0.9924528301886791
volcanoes-a4,knn-nosuite,0.899736147757256,1.0,1.0,0.0,0.0,0.9986168741355463
volcanoes-a4,knn-nosuite,0.899736147757256,0.8,1.0,0.0,0.0,0.9922779922779924
volcanoes-a4,knn-nosuite,0.899736147757256,1.0,1.0,0.0,0.0,1.0
volcanoes-a4,knn-nosuite,0.899736147757256,1.0,0.9911504424778761,0.0,0.0,0.99302649930265
volcanoes-a4,knn-nosuite,0.899736147757256,1.0,1.0,0.0,0.0,1.0
volcanoes-a4,knn-nosuite,0.899736147757256,0.4,0.36363636363636365,0.0,0.0,0.7023809523809523
volcanoes-a4,knn-nosuite,0.899736147757256,0.8,1.0,0.0,0.0,0.9964200477326969
volcanoes-a4,knn-nosuite,0.899736147757256,0.8,1.0,0.0,0.0,0.9972640218878249
volcanoes-a4,knn-nosuite,0.899736147757256,1.0,1.0,0.0,0.0,0.9937694704049844
volcanoes-a4,knn-nosuite,0.899736147757256,0.8,1.0,0.0,0.0,0.9960732984293192
volcanoes-a4,knn-nosuite,0.899736147757256,0.6,0.68,0.0,0.0,0.989010989010989
volcanoes-a4,knn-nosuite,0.899736147757256,1.0,1.0,0.0,0.0,0.9976442873969376
volcanoes-a4,knn-nosuite,0.899736147757256,1.0,0.9875,0.0,0.0,0.9925233644859814
volcanoes-a4,knn-nosuite,0.899736147757256,1.0,1.0,0.0,0.0,1.0
volcanoes-a4,knn-nosuite,0.899736147757256,1.0,1.0,0.0,0.0,0.99721059972106
volcanoes-a4,knn-nosuite,0.899736147757256,1.0,1.0,0.0,0.0,1.0
volcanoes-a4,knn-nosuite,0.899736147757256,1.0,1.0,0.0,0.0,0.9978494623655914
volcanoes-a4,knn-nosuite,0.899736147757256,1.0,1.0,0.0,0.0,0.997677119628339
volcanoes-a4,knn-nosuite,0.899736147757256,1.0,1.0,0.0,0.0,0.9977949283351709
volcanoes-a4,knn-nosuite,0.899736147757256,0.8,1.0,0.0,0.0,0.9983792544570502
volcanoes-a4,knn-nosuite,0.899736147757256,1.0,1.0,0.0,0.0,0.9979360165118679
volcanoes-e1,knn-nosuite,0.9222972972972973,1.0,1.0,0.0,0.0,1.0
volcanoes-e1,knn-nosuite,0.9222972972972973,1.0,1.0,0.0,0.0,1.0
volcanoes-e1,knn-nosuite,0.9222972972972973,1.0,1.0,0.0,0.0,0.9980620155038761
volcanoes-e1,knn-nosuite,0.9222972972972973,1.0,1.0,0.0,0.0,1.0
volcanoes-e1,knn-nosuite,0.9222972972972973,1.0,1.0,0.0,0.0,1.0
volcanoes-e1,knn-nosuite,0.9222972972972973,1.0,1.0,0.0,0.0,0.9971305595408895
volcanoes-e1,knn-nosuite,0.9222972972972973,1.0,1.0,0.0,0.0,0.9978070175438598
volcanoes-e1,knn-nosuite,0.9222972972972973,1.0,1.0,0.0,0.0,0.9981718464351006
volcanoes-e1,knn-nosuite,0.9222972972972973,0.8,1.0,0.0,0.0,0.9958677685950412
volcanoes-e1,knn-nosuite,0.9222972972972973,1.0,1.0,0.0,0.0,1.0
volcanoes-e1,knn-nosuite,0.9222972972972973,1.0,1.0,0.0,0.0,0.9977011494252872
volcanoes-e1,knn-nosuite,0.9222972972972973,0.6,0.965909090909091,0.0,0.0,0.7578947368421053
volcanoes-e1,knn-nosuite,0.9222972972972973,0.8,1.0,0.0,0.0,0.9956331877729256
volcanoes-e1,knn-nosuite,0.9222972972972973,1.0,1.0,0.0,0.0,0.9964850615114236
volcanoes-e1,knn-nosuite,0.9222972972972973,1.0,1.0,0.0,0.0,0.9954128440366972
volcanoes-e1,knn-nosuite,0.9222972972972973,1.0,1.0,0.0,0.0,0.9967105263157896
volcanoes-e1,knn-nosuite,0.9222972972972973,1.0,1.0,0.0,0.0,1.0
volcanoes-e1,knn-nosuite,0.9222972972972973,1.0,1.0,0.0,0.0,0.998091603053435
volcanoes-e1,knn-nosuite,0.9222972972972973,0.8,1.0,0.0,0.0,0.9979338842975206
volcanoes-e1,knn-nosuite,0.9222972972972973,1.0,0.9886363636363636,0.0,0.0,1.0
volcanoes-e1,knn-nosuite,0.9222972972972973,0.6,1.0,0.0,0.0,0.850574712643678
volcanoes-e1,knn-nosuite,0.9222972972972973,1.0,1.0,0.0,0.0,0.9971387696709584
volcanoes-e1,knn-nosuite,0.9222972972972973,1.0,1.0,0.0,0.0,0.9922118380062306
volcanoes-e1,knn-nosuite,0.9222972972972973,1.0,1.0,0.0,0.0,0.9977924944812362
volcanoes-e1,knn-nosuite,0.9222972972972973,1.0,1.0,0.0,0.0,0.9979296066252588
volcanoes-e1,knn-nosuite,0.9222972972972973,0.8,0.9864864864864865,0.0,0.0,0.9951338199513382
volcanoes-e1,knn-nosuite,0.9222972972972973,1.0,1.0,0.0,0.0,0.9975429975429975
volcanoes-e1,knn-nosuite,0.9222972972972973,1.0,0.9886363636363636,0.0,0.0,0.9974160206718347
volcanoes-e1,knn-nosuite,0.9222972972972973,1.0,1.0,0.0,0.0,0.9949664429530202
volcanoes-e1,knn-nosuite,0.9222972972972973,1.0,1.0,0.0,0.0,0.9953271028037383
volcanoes-e1,knn-nosuite,0.9222972972972973,0.6,0.965909090909091,0.0,0.0,0.9886363636363636
volcanoes-e1,knn-nosuite,0.9222972972972973,1.0,1.0,0.0,0.0,0.9980392156862745
volcanoes-e1,knn-nosuite,0.9222972972972973,0.8,1.0,0.0,0.0,0.9949916527545909
volcanoes-e1,knn-nosuite,0.9222972972972973,1.0,1.0,0.0,0.0,0.9968454258675079
volcanoes-e1,knn-nosuite,0.9222972972972973,0.8,0.9772727272727273,0.0,0.0,0.9959677419354838
volcanoes-e1,knn-nosuite,0.9222972972972973,0.8,1.0,0.0,0.0,0.9952153110047848
volcanoes-e1,knn-nosuite,0.9222972972972973,1.0,1.0,0.0,0.0,0.9978586723768735
volcanoes-e1,knn-nosuite,0.9222972972972973,1.0,1.0,0.0,0.0,1.0
volcanoes-e1,knn-nosuite,0.9222972972972973,1.0,1.0,0.0,0.0,1.0
volcanoes-e1,knn-nosuite,0.9222972972972973,1.0,1.0,0.0,0.0,0.9952904238618524
volcanoes-e1,knn-nosuite,0.9222972972972973,0.6,0.9852941176470589,0.0,0.0,0.5952380952380952
volcanoes-e1,knn-nosuite,0.9222972972972973,0.8,1.0,0.0,0.0,0.997872340425532
volcanoes-e1,knn-nosuite,0.9222972972972973,1.0,1.0,0.0,0.0,0.9981481481481481
volcanoes-e1,knn-nosuite,0.9222972972972973,1.0,1.0,0.0,0.0,0.996996996996997
volcanoes-e1,knn-nosuite,0.9222972972972973,1.0,1.0,0.0,0.0,0.997920997920998
volcanoes-e1,knn-nosuite,0.9222972972972973,1.0,1.0,0.0,0.0,0.9598445595854923
volcanoes-e2,knn-nosuite,0.9037037037037037,1.0,1.0,0.0,0.0,0.9970717423133235
volcanoes-e2,knn-nosuite,0.9037037037037037,0.8,1.0,0.0,0.0,0.9965811965811966
volcanoes-e2,knn-nosuite,0.9037037037037037,1.0,1.0,0.0,0.0,0.9934065934065934
volcanoes-e2,knn-nosuite,0.9037037037037037,1.0,1.0,0.0,0.0,1.0
volcanoes-e2,knn-nosuite,0.9037037037037037,1.0,1.0,0.0,0.0,0.9970370370370369
volcanoes-e2,knn-nosuite,0.9037037037037037,1.0,1.0,0.0,0.0,0.9970414201183433
volcanoes-e2,knn-nosuite,0.9037037037037037,0.8,1.0,0.0,0.0,1.0
volcanoes-e2,knn-nosuite,0.9037037037037037,1.0,1.0,0.0,0.0,0.9976415094339621
volcanoes-e2,knn-nosuite,0.9037037037037037,0.8,1.0,0.0,0.0,0.9962335216572505
volcanoes-e2,knn-nosuite,0.9037037037037037,0.8,0.9836065573770492,0.0,0.0,0.9966555183946488
volcanoes-e2,knn-nosuite,0.9037037037037037,1.0,0.9876543209876543,0.0,0.0,0.9972144846796658
volcanoes-e2,knn-nosuite,0.9037037037037037,1.0,1.0,0.0,0.0,1.0
volcanoes-e2,knn-nosuite,0.9037037037037037,1.0,1.0,0.0,0.0,1.0
volcanoes-e2,knn-nosuite,0.9037037037037037,1.0,1.0,0.0,0.0,0.9950980392156863
volcanoes-e2,knn-nosuite,0.9037037037037037,0.8,1.0,0.0,0.0,1.0
volcanoes-e2,knn-nosuite,0.9037037037037037,0.8,1.0,0.0,0.0,1.0
volcanoes-e2,knn-nosuite,0.9037037037037037,1.0,1.0,0.0,0.0,0.9970501474926253
volcanoes-e2,knn-nosuite,0.9037037037037037,0.8,0.962962962962963,0.0,0.0,0.9928909952606635
volcanoes-e2,knn-nosuite,0.9037037037037037,1.0,1.0,0.0,0.0,0.9977426636568849
volcanoes-e2,knn-nosuite,0.9037037037037037,1.0,1.0,0.0,0.0,1.0
volcanoes-e2,knn-nosuite,0.9037037037037037,1.0,1.0,0.0,0.0,1.0
volcanoes-e2,knn-nosuite,0.9037037037037037,0.8,0.9876543209876543,0.0,0.0,1.0
volcanoes-e2,knn-nosuite,0.9037037037037037,0.8,0.9876543209876543,0.0,0.0,0.996031746031746
volcanoes-e2,knn-nosuite,0.9037037037037037,0.8,1.0,0.0,0.0,0.9942857142857143
volcanoes-e2,knn-nosuite,0.9037037037037037,1.0,1.0,0.0,0.0,1.0
volcanoes-e2,knn-nosuite,0.9037037037037037,1.0,1.0,0.0,0.0,0.9967532467532468
volcanoes-e2,knn-nosuite,0.9037037037037037,0.8,1.0,0.0,0.0,1.0
volcanoes-e2,knn-nosuite,0.9037037037037037,1.0,1.0,0.0,0.0,0.9970326409495549
volcanoes-e2,knn-nosuite,0.9037037037037037,0.8,0.9135802469135802,0.0,0.0,0.9972899728997289
volcanoes-e2,knn-nosuite,0.9037037037037037,1.0,1.0,0.0,0.0,1.0
volcanoes-e2,knn-nosuite,0.9037037037037037,1.0,1.0,0.0,0.0,0.9967320261437909
volcanoes-e2,knn-nosuite,0.9037037037037037,1.0,1.0,0.0,0.0,1.0
volcanoes-e2,knn-nosuite,0.9037037037037037,1.0,1.0,0.0,0.0,1.0
volcanoes-e2,knn-nosuite,0.9037037037037037,1.0,1.0,0.0,0.0,0.9963702359346642
volcanoes-e2,knn-nosuite,0.9037037037037037,0.8,1.0,0.0,0.0,0.9961685823754788
volcanoes-e2,knn-nosuite,0.9037037037037037,1.0,1.0,0.0,0.0,0.9982456140350877
volcanoes-e2,knn-nosuite,0.9037037037037037,1.0,1.0,0.0,0.0,0.9967585089141003
volcanoes-e2,knn-nosuite,0.9037037037037037,1.0,1.0,0.0,0.0,1.0
volcanoes-e2,knn-nosuite,0.9037037037037037,1.0,1.0,0.0,0.0,1.0
volcanoes-e2,knn-nosuite,0.9037037037037037,1.0,1.0,0.0,0.0,0.9970457902511078
volcanoes-e2,knn-nosuite,0.9037037037037037,1.0,1.0,0.0,0.0,1.0
volcanoes-e2,knn-nosuite,0.9037037037037037,0.8,0.9876543209876543,0.0,0.0,0.9967741935483871
volcanoes-e2,knn-nosuite,0.9037037037037037,0.4,0.8863636363636364,0.0,0.0,0.9937694704049844
volcanoes-e2,knn-nosuite,0.9037037037037037,1.0,1.0,0.0,0.0,0.9951100244498777
volcanoes-e2,knn-nosuite,0.9037037037037037,0.8,1.0,0.0,0.0,1.0
volcanoes-e2,knn-nosuite,0.9037037037037037,0.6,1.0,0.0,0.0,1.0
volcanoes-e2,knn-nosuite,0.9037037037037037,0.6,1.0,0.0,0.0,1.0
volcanoes-e2,knn-nosuite,0.9037037037037037,1.0,1.0,0.0,0.0,1.0
volcanoes-e2,knn-nosuite,0.9037037037037037,1.0,1.0,0.0,0.0,0.9963768115942029
volcanoes-e2,knn-nosuite,0.9037037037037037,1.0,1.0,0.0,0.0,1.0
volcanoes-e3,knn-nosuite,0.915625,1.0,1.0,0.0,0.0,0.9970238095238095
volcanoes-e3,knn-nosuite,0.915625,1.0,1.0,0.0,0.0,0.9951456310679612
volcanoes-e3,knn-nosuite,0.915625,1.0,1.0,0.0,0.0,0.9980620155038761
volcanoes-e3,knn-nosuite,0.915625,1.0,1.0,0.0,0.0,0.9674355495251017
volcanoes-e3,knn-nosuite,0.915625,0.4,1.0,0.0,0.0,0.8918918918918919
volcanoes-e3,knn-nosuite,0.915625,1.0,1.0,0.0,0.0,0.9938650306748468
volcanoes-e3,knn-nosuite,0.915625,1.0,1.0,0.0,0.0,0.994750656167979
volcanoes-e3,knn-nosuite,0.915625,1.0,1.0,0.0,0.0,0.9955357142857142
volcanoes-e3,knn-nosuite,0.915625,1.0,1.0,0.0,0.0,0.9943502824858758
volcanoes-e3,knn-nosuite,0.915625,0.6,0.9565217391304348,0.0,0.0,0.7397260273972602
volcanoes-e3,knn-nosuite,0.915625,1.0,1.0,0.0,0.0,0.9982608695652175
volcanoes-e3,knn-nosuite,0.915625,1.0,1.0,0.0,0.0,0.9456706281833617
volcanoes-e3,knn-nosuite,0.915625,1.0,1.0,0.0,0.0,1.0
volcanoes-e3,knn-nosuite,0.915625,1.0,1.0,0.0,0.0,0.9829642248722317
volcanoes-e3,knn-nosuite,0.915625,1.0,1.0,0.0,0.0,0.9892086330935251
volcanoes-e3,knn-nosuite,0.915625,1.0,1.0,0.0,0.0,0.9983498349834983
volcanoes-e3,knn-nosuite,0.915625,1.0,1.0,0.0,0.0,0.918194640338505
volcanoes-e3,knn-nosuite,0.915625,0.8,1.0,0.0,0.0,0.997076023391813
volcanoes-e3,knn-nosuite,0.915625,1.0,0.9894736842105264,0.0,0.0,0.9232081911262797
volcanoes-e3,knn-nosuite,0.915625,1.0,1.0,0.0,0.0,1.0
volcanoes-e3,knn-nosuite,0.915625,1.0,1.0,0.0,0.0,0.9961290322580645
volcanoes-e3,knn-nosuite,0.915625,1.0,1.0,0.0,0.0,0.9949302915082383
volcanoes-e3,knn-nosuite,0.915625,1.0,1.0,0.0,0.0,0.9981684981684982
volcanoes-e3,knn-nosuite,0.915625,1.0,1.0,0.0,0.0,0.9963436928702011
volcanoes-e3,knn-nosuite,0.915625,1.0,0.9894736842105264,0.0,0.0,0.9959016393442625
volcanoes-e3,knn-nosuite,0.915625,1.0,1.0,0.0,0.0,0.9950576606260297
volcanoes-e3,knn-nosuite,0.915625,1.0,1.0,0.0,0.0,0.9922178988326849
volcanoes-e3,knn-nosuite,0.915625,1.0,1.0,0.0,0.0,0.9975728155339805
volcanoes-e3,knn-nosuite,0.915625,1.0,1.0,0.0,0.0,0.9920634920634921
volcanoes-e3,knn-nosuite,0.915625,1.0,1.0,0.0,0.0,0.9983443708609272
volcanoes-e3,knn-nosuite,0.915625,0.6,1.0,0.0,0.0,0.967741935483871
volcanoes-e3,knn-nosuite,0.915625,1.0,1.0,0.0,0.0,0.9495677233429396
volcanoes-e3,knn-nosuite,0.915625,1.0,1.0,0.0,0.0,0.996996996996997
volcanoes-e3,knn-nosuite,0.915625,1.0,1.0,0.0,0.0,0.9982363315696648
volcanoes-e3,knn-nosuite,0.915625,1.0,1.0,0.0,0.0,0.9951040391676866
volcanoes-e3,knn-nosuite,0.915625,1.0,1.0,0.0,0.0,0.9947159841479525
volcanoes-e3,knn-nosuite,0.915625,1.0,1.0,0.0,0.0,0.9983277591973245
volcanoes-e3,knn-nosuite,0.915625,1.0,0.9894736842105264,0.0,0.0,0.962171052631579
volcanoes-e3,knn-nosuite,0.915625,1.0,1.0,0.0,0.0,0.9847434119278781
volcanoes-e3,knn-nosuite,0.915625,1.0,1.0,0.0,0.0,0.9162011173184357
volcanoes-e3,knn-nosuite,0.915625,1.0,1.0,0.0,0.0,0.9606986899563319
volcanoes-e3,knn-nosuite,0.915625,0.6,0.9782608695652174,0.0,0.0,0.9947916666666666
volcanoes-e3,knn-nosuite,0.915625,1.0,1.0,0.0,0.0,0.9960629921259843
volcanoes-e3,knn-nosuite,0.915625,1.0,1.0,0.0,0.0,0.9476661951909475
volcanoes-e3,knn-nosuite,0.915625,1.0,1.0,0.0,0.0,0.9852941176470589
volcanoes-e3,knn-nosuite,0.915625,1.0,1.0,0.0,0.0,0.9955156950672646
volcanoes-e3,knn-nosuite,0.915625,1.0,1.0,0.0,0.0,0.9651567944250872
volcanoes-e3,knn-nosuite,0.915625,1.0,1.0,0.0,0.0,0.9776223776223777
volcanoes-e3,knn-nosuite,0.915625,1.0,1.0,0.0,0.0,0.9972451790633607
volcanoes-e3,knn-nosuite,0.915625,1.0,1.0,0.0,0.0,0.9966386554621849
volcanoes-e4,knn-nosuite,0.9329073482428115,1.0,1.0,0.0,0.0,0.9959266802443991
volcanoes-e4,knn-nosuite,0.9329073482428115,1.0,1.0,0.0,0.0,0.998371335504886
volcanoes-e4,knn-nosuite,0.9329073482428115,0.6,0.989247311827957,0.0,0.0,0.9959514170040485
volcanoes-e4,knn-nosuite,0.9329073482428115,0.8,1.0,0.0,0.0,0.9950738916256159
volcanoes-e4,knn-nosuite,0.9329073482428115,0.6,0.9166666666666666,0.0,0.0,0.9961389961389961
volcanoes-e4,knn-nosuite,0.9329073482428115,1.0,1.0,0.0,0.0,0.9962686567164181
volcanoes-e4,knn-nosuite,0.9329073482428115,0.6,1.0,0.0,0.0,0.9954545454545455
volcanoes-e4,knn-nosuite,0.9329073482428115,1.0,1.0,0.0,0.0,1.0
volcanoes-e4,knn-nosuite,0.9329073482428115,1.0,1.0,0.0,0.0,0.9975186104218363
volcanoes-e4,knn-nosuite,0.9329073482428115,1.0,1.0,0.0,0.0,0.9953198127925116
volcanoes-e4,knn-nosuite,0.9329073482428115,1.0,0.989247311827957,0.0,0.0,0.9963436928702011
volcanoes-e4,knn-nosuite,0.9329073482428115,1.0,1.0,0.0,0.0,1.0
volcanoes-e4,knn-nosuite,0.9329073482428115,1.0,0.989247311827957,0.0,0.0,1.0
volcanoes-e4,knn-nosuite,0.9329073482428115,1.0,1.0,0.0,0.0,0.9954819277108434
volcanoes-e4,knn-nosuite,0.9329073482428115,1.0,1.0,0.0,0.0,0.9953051643192488
volcanoes-e4,knn-nosuite,0.9329073482428115,0.8,1.0,0.0,0.0,0.9979716024340771
volcanoes-e4,knn-nosuite,0.9329073482428115,1.0,1.0,0.0,0.0,0.9056603773584906
volcanoes-e4,knn-nosuite,0.9329073482428115,1.0,1.0,0.0,0.0,0.9961783439490446
volcanoes-e4,knn-nosuite,0.9329073482428115,1.0,1.0,0.0,0.0,0.9919678714859439
volcanoes-e4,knn-nosuite,0.9329073482428115,1.0,1.0,0.0,0.0,0.9969230769230769
volcanoes-e4,knn-nosuite,0.9329073482428115,0.4,0.9859154929577464,0.0,0.0,0.9932584269662922
volcanoes-e4,knn-nosuite,0.9329073482428115,1.0,1.0,0.0,0.0,0.9974424552429667
volcanoes-e4,knn-nosuite,0.9329073482428115,1.0,1.0,0.0,0.0,1.0
volcanoes-e4,knn-nosuite,0.9329073482428115,1.0,1.0,0.0,0.0,0.9950083194675541
volcanoes-e4,knn-nosuite,0.9329073482428115,0.8,0.989247311827957,0.0,0.0,0.9957081545064378
volcanoes-e4,knn-nosuite,0.9329073482428115,0.8,1.0,0.0,0.0,0.984352773826458
volcanoes-e4,knn-nosuite,0.9329073482428115,1.0,1.0,0.0,0.0,0.9968304278922344
volcanoes-e4,knn-nosuite,0.9329073482428115,1.0,1.0,0.0,0.0,1.0
volcanoes-e4,knn-nosuite,0.9329073482428115,1.0,1.0,0.0,0.0,0.9965517241379309
volcanoes-e4,knn-nosuite,0.9329073482428115,1.0,1.0,0.0,0.0,0.9887323943661972
volcanoes-e4,knn-nosuite,0.9329073482428115,1.0,1.0,0.0,0.0,0.9970972423802612
volcanoes-e4,knn-nosuite,0.9329073482428115,1.0,1.0,0.0,0.0,0.9984779299847792
volcanoes-e4,knn-nosuite,0.9329073482428115,0.8,1.0,0.0,0.0,0.9640625
volcanoes-e4,knn-nosuite,0.9329073482428115,0.8,0.989247311827957,0.0,0.0,0.9969135802469136
volcanoes-e4,knn-nosuite,0.9329073482428115,1.0,1.0,0.0,0.0,0.997001499250375
volcanoes-e4,knn-nosuite,0.9329073482428115,1.0,1.0,0.0,0.0,1.0
volcanoes-e4,knn-nosuite,0.9329073482428115,1.0,1.0,0.0,0.0,0.9951534733441034
volcanoes-e4,knn-nosuite,0.9329073482428115,1.0,1.0,0.0,0.0,0.9956772334293948
volcanoes-e4,knn-nosuite,0.9329073482428115,1.0,1.0,0.0,0.0,0.9955686853766619
volcanoes-e4,knn-nosuite,0.9329073482428115,1.0,0.989247311827957,0.0,0.0,0.9963302752293577
volcanoes-e4,knn-nosuite,0.9329073482428115,1.0,1.0,0.0,0.0,0.9984756097560975
volcanoes-e4,knn-nosuite,0.9329073482428115,1.0,1.0,0.0,0.0,1.0
volcanoes-e4,knn-nosuite,0.9329073482428115,0.6,0.9827586206896551,0.0,0.0,0.9952606635071091
volcanoes-e4,knn-nosuite,0.9329073482428115,1.0,1.0,0.0,0.0,0.9978858350951374
volcanoes-e4,knn-nosuite,0.9329073482428115,1.0,1.0,0.0,0.0,0.9955817378497791
volcanoes-e4,knn-nosuite,0.9329073482428115,1.0,1.0,0.0,0.0,0.996328029375765
volcanoes-e4,knn-nosuite,0.9329073482428115,1.0,1.0,0.0,0.0,0.984251968503937
volcanoes-e5,knn-nosuite,0.9064748201438849,1.0,1.0,0.0,0.0,0.9778325123152708
volcanoes-e5,knn-nosuite,0.9064748201438849,1.0,1.0,0.0,0.0,0.9958391123439668
volcanoes-e5,knn-nosuite,0.9064748201438849,1.0,1.0,0.0,0.0,0.9977728285077951
volcanoes-e5,knn-nosuite,0.9064748201438849,1.0,1.0,0.0,0.0,0.9962616822429906
volcanoes-e5,knn-nosuite,0.9064748201438849,1.0,1.0,0.0,0.0,0.9983525535420099
volcanoes-e5,knn-nosuite,0.9064748201438849,1.0,1.0,0.0,0.0,0.9981132075471699
volcanoes-e5,knn-nosuite,0.9064748201438849,0.6,0.9078947368421053,0.0,0.0,1.0
volcanoes-e5,knn-nosuite,0.9064748201438849,1.0,1.0,0.0,0.0,0.9951219512195122
volcanoes-e5,knn-nosuite,0.9064748201438849,1.0,1.0,0.0,0.0,0.9979674796747966
volcanoes-e5,knn-nosuite,0.9064748201438849,1.0,1.0,0.0,0.0,0.9957924263674615
volcanoes-e5,knn-nosuite,0.9064748201438849,1.0,1.0,0.0,0.0,1.0
volcanoes-e5,knn-nosuite,0.9064748201438849,1.0,1.0,0.0,0.0,0.9964285714285716
volcanoes-e5,knn-nosuite,0.9064748201438849,0.6,0.9795918367346939,0.0,0.0,0.9937106918238994
volcanoes-e5,knn-nosuite,0.9064748201438849,1.0,1.0,0.0,0.0,0.9954198473282443
volcanoes-e5,knn-nosuite,0.9064748201438849,1.0,1.0,0.0,0.0,0.9966703662597114
volcanoes-e5,knn-nosuite,0.9064748201438849,1.0,1.0,0.0,0.0,0.9962917181705808
volcanoes-e5,knn-nosuite,0.9064748201438849,1.0,1.0,0.0,0.0,1.0
volcanoes-e5,knn-nosuite,0.9064748201438849,1.0,1.0,0.0,0.0,0.9962871287128714
volcanoes-e5,knn-nosuite,0.9064748201438849,1.0,1.0,0.0,0.0,0.9964830011723329
volcanoes-e5,knn-nosuite,0.9064748201438849,1.0,1.0,0.0,0.0,0.9966887417218542
volcanoes-e5,knn-nosuite,0.9064748201438849,1.0,1.0,0.0,0.0,0.9970501474926253
volcanoes-e5,knn-nosuite,0.9064748201438849,1.0,0.9879518072289157,0.0,0.0,0.994392523364486
volcanoes-e5,knn-nosuite,0.9064748201438849,0.8,1.0,0.0,0.0,0.99812382739212
volcanoes-e5,knn-nosuite,0.9064748201438849,1.0,1.0,0.0,0.0,0.9968701095461657
volcanoes-e5,knn-nosuite,0.9064748201438849,1.0,1.0,0.0,0.0,0.9955489614243322
volcanoes-e5,knn-nosuite,0.9064748201438849,1.0,1.0,0.0,0.0,0.9962616822429906
volcanoes-e5,knn-nosuite,0.9064748201438849,1.0,1.0,0.0,0.0,0.9223529411764705
volcanoes-e5,knn-nosuite,0.9064748201438849,1.0,1.0,0.0,0.0,0.9962732919254659
volcanoes-e5,knn-nosuite,0.9064748201438849,1.0,1.0,0.0,0.0,1.0
volcanoes-e5,knn-nosuite,0.9064748201438849,1.0,1.0,0.0,0.0,0.9966405375139977
volcanoes-e5,knn-nosuite,0.9064748201438849,1.0,1.0,0.0,0.0,0.9961928934010154
volcanoes-e5,knn-nosuite,0.9064748201438849,1.0,1.0,0.0,0.0,0.9963503649635037
volcanoes-e5,knn-nosuite,0.9064748201438849,0.8,1.0,0.0,0.0,0.9965694682675815
volcanoes-e5,knn-nosuite,0.9064748201438849,1.0,1.0,0.0,0.0,0.9966832504145937
volcanoes-e5,knn-nosuite,0.9064748201438849,0.8,1.0,0.0,0.0,0.9809885931558935
volcanoes-e5,knn-nosuite,0.9064748201438849,1.0,1.0,0.0,0.0,0.9944547134935305
volcanoes-e5,knn-nosuite,0.9064748201438849,0.6,0.8840579710144928,0.0,0.0,0.9937238493723848
volcanoes-e5,knn-nosuite,0.9064748201438849,1.0,1.0,0.0,0.0,0.9965986394557824
volcanoes-e5,knn-nosuite,0.9064748201438849,1.0,1.0,0.0,0.0,0.9980079681274902
volcanoes-e5,knn-nosuite,0.9064748201438849,0.6,1.0,0.0,0.0,0.9954128440366972
volcanoes-e5,knn-nosuite,0.9064748201438849,0.4,0.9620253164556962,0.0,0.0,0.863013698630137
volcanoes-e5,knn-nosuite,0.9064748201438849,0.8,1.0,0.0,0.0,0.9936170212765958
volcanoes-e5,knn-nosuite,0.9064748201438849,1.0,1.0,0.0,0.0,0.994328922495274
volcanoes-e5,knn-nosuite,0.9064748201438849,1.0,1.0,0.0,0.0,0.9957983193277311
volcanoes-e5,knn-nosuite,0.9064748201438849,1.0,1.0,0.0,0.0,0.9969924812030075
volcanoes-e5,knn-nosuite,0.9064748201438849,1.0,1.0,0.0,0.0,0.9958100558659219
volcanoes-e5,knn-nosuite,0.9064748201438849,1.0,1.0,0.0,0.0,0.9954682779456194
volcanoes-e5,knn-nosuite,0.9064748201438849,1.0,1.0,0.0,0.0,0.9858934169278996
volcanoes-e5,knn-nosuite,0.9064748201438849,1.0,1.0,0.0,0.0,0.9962640099626402
yeast,knn-nosuite,0.5929919137466307,0.8,0.9259259259259259,0.0,0.0,0.973404255319149
yeast,knn-nosuite,0.5929919137466307,1.0,0.9318181818181819,0.0,0.0,1.0
yeast,knn-nosuite,0.5929919137466307,0.6,0.8837209302325582,0.0,0.0,0.9937888198757763
yeast,knn-nosuite,0.5929919137466307,0.6,1.0,0.0,0.0,0.9939024390243902
yeast,knn-nosuite,0.5929919137466307,0.6,1.0,0.0,0.0,0.9915966386554622
yeast,knn-nosuite,0.5929919137466307,0.4,0.875,0.0,0.0,0.9960629921259843
yeast,knn-nosuite,0.5929919137466307,0.6,0.8367346938775511,0.0,0.0,0.9185185185185185
yeast,knn-nosuite,0.5929919137466307,0.4,0.9285714285714286,0.0,0.0,0.855595667870036
yeast,knn-nosuite,0.5929919137466307,0.4,1.0,0.0,0.0,0.967741935483871
yeast,knn-nosuite,0.5929919137466307,0.8,1.0,0.0,0.0,0.9896907216494846
yeast,knn-nosuite,0.5929919137466307,0.6,1.0,0.0,0.0,0.9955752212389382
yeast,knn-nosuite,0.5929919137466307,0.6,0.8666666666666668,0.0,0.0,0.9840425531914894
yeast,knn-nosuite,0.5929919137466307,0.6,0.962962962962963,0.0,0.0,1.0
yeast,knn-nosuite,0.5929919137466307,0.6,0.9830508474576272,0.0,0.0,1.0
yeast,knn-nosuite,0.5929919137466307,0.6,1.0,0.0,0.0,0.9924812030075187
yeast,knn-nosuite,0.5929919137466307,0.8,0.8985507246376813,0.0,0.0,0.986111111111111
yeast,knn-nosuite,0.5929919137466307,0.8,0.8947368421052632,0.0,0.0,0.975609756097561
yeast,knn-nosuite,0.5929919137466307,0.6,0.9565217391304348,0.0,0.0,1.0
yeast,knn-nosuite,0.5929919137466307,0.6,1.0,0.0,0.0,0.8648648648648649
yeast,knn-nosuite,0.5929919137466307,0.8,1.0,0.0,0.0,1.0
yeast,knn-nosuite,0.5929919137466307,0.6,0.8,0.0,0.0,0.9947643979057592
yeast,knn-nosuite,0.5929919137466307,0.8,0.9230769230769231,0.0,0.0,0.9380952380952381
yeast,knn-nosuite,0.5929919137466307,0.6,1.0,0.0,0.0,0.9948186528497409
yeast,knn-nosuite,0.5929919137466307,0.6,0.967741935483871,0.0,0.0,0.8854166666666666
yeast,knn-nosuite,0.5929919137466307,0.4,1.0,0.0,0.0,0.959409594095941
yeast,knn-nosuite,0.5929919137466307,0.6,0.8,0.0,0.0,1.0
yeast,knn-nosuite,0.5929919137466307,0.6,0.875,0.0,0.0,0.9226190476190477
yeast,knn-nosuite,0.5929919137466307,0.8,0.8333333333333334,0.0,0.0,0.9565217391304348
yeast,knn-nosuite,0.5929919137466307,0.8,0.8333333333333334,0.0,0.0,0.988795518207283
yeast,knn-nosuite,0.5929919137466307,0.6,0.7142857142857143,0.0,0.0,0.9429657794676805
yeast,knn-nosuite,0.5929919137466307,1.0,1.0,0.0,0.0,0.96875
yeast,knn-nosuite,0.5929919137466307,0.8,1.0,0.0,0.0,0.9815950920245399
yeast,knn-nosuite,0.5929919137466307,0.6,0.9268292682926831,0.0,0.0,0.9542483660130718
yeast,knn-nosuite,0.5929919137466307,0.8,0.9423076923076923,0.0,0.0,1.0
yeast,knn-nosuite,0.5929919137466307,0.8,0.9487179487179487,0.0,0.0,0.9952153110047848
yeast,knn-nosuite,0.5929919137466307,0.6,0.8,0.0,0.0,1.0
yeast,knn-nosuite,0.5929919137466307,1.0,0.96,0.0,0.0,0.9876543209876543
yeast,knn-nosuite,0.5929919137466307,1.0,1.0,0.0,0.0,1.0
yeast,knn-nosuite,0.5929919137466307,0.6,0.8,0.0,0.0,0.994475138121547
yeast,knn-nosuite,0.5929919137466307,0.6,0.8333333333333334,0.0,0.0,1.0
yeast,knn-nosuite,0.5929919137466307,0.6,0.82,0.0,0.0,0.9716494845360824
yeast,knn-nosuite,0.5929919137466307,0.6,0.9230769230769231,0.0,0.0,0.8804347826086957
yeast,knn-nosuite,0.5929919137466307,0.6,1.0,0.0,0.0,0.8828125
yeast,knn-nosuite,0.5929919137466307,0.6,0.9512195121951219,0.0,0.0,0.9343065693430657
yeast,knn-nosuite,0.5929919137466307,0.6,0.9696969696969697,0.0,0.0,1.0
yeast,knn-nosuite,0.5929919137466307,0.4,0.96875,0.0,0.0,0.9864864864864865
yeast,knn-nosuite,0.5929919137466307,0.6,0.6666666666666666,0.0,0.0,0.9548022598870055
yeast,knn-nosuite,0.5929919137466307,1.0,1.0,0.0,0.0,0.9789915966386553
yeast,knn-nosuite,0.5929919137466307,1.0,1.0,0.0,0.0,0.990990990990991
rmftsa,knn-nosuite,0.53125,0.4,0.675,0.0,0.0,0.723404255319149
rmftsa,knn-nosuite,0.53125,0.4,0.5625,0.0,0.0,0.7142857142857143
rmftsa,knn-nosuite,0.53125,0.4,0.6428571428571429,0.0,0.0,0.8762886597938145
rmftsa,knn-nosuite,0.53125,0.4,0.875,0.0,0.0,0.6635514018691588
rmftsa,knn-nosuite,0.53125,0.6,1.0,0.0,0.0,0.9705882352941175
rmftsa,knn-nosuite,0.53125,0.8,1.0,0.0,0.0,0.9568345323741008
rmftsa,knn-nosuite,0.53125,0.4,0.8378378378378379,0.0,0.0,0.8313253012048193
rmftsa,knn-nosuite,0.53125,1.0,1.0,0.0,0.0,0.7560975609756098
rmftsa,knn-nosuite,0.53125,0.4,0.5609756097560976,0.0,0.0,0.4789915966386554
rmftsa,knn-nosuite,0.53125,0.8,1.0,0.0,0.0,0.6884057971014492
rmftsa,knn-nosuite,0.53125,1.0,1.0,0.0,0.0,0.8676844783715014
rmftsa,knn-nosuite,0.53125,0.6,1.0,0.0,0.0,0.9928057553956835
rmftsa,knn-nosuite,0.53125,0.4,0.8928571428571429,0.0,0.0,0.7884615384615384
rmftsa,knn-nosuite,0.53125,0.6,0.9230769230769231,0.0,0.0,0.802919708029197
rmftsa,knn-nosuite,0.53125,0.4,1.0,0.0,0.0,0.9203539823008849
rmftsa,knn-nosuite,0.53125,0.4,1.0,0.0,0.0,0.8623188405797102
rmftsa,knn-nosuite,0.53125,0.6,0.4242424242424242,0.0,0.0,0.8181818181818181
rmftsa,knn-nosuite,0.53125,0.8,1.0,0.0,0.0,0.6884057971014492
rmftsa,knn-nosuite,0.53125,0.6,0.9,0.0,0.0,0.9208633093525179
rmftsa,knn-nosuite,0.53125,0.8,0.9,0.0,0.0,0.8539823008849557
rmftsa,knn-nosuite,0.53125,0.6,0.7297297297297297,0.0,0.0,0.7132352941176471
rmftsa,knn-nosuite,0.53125,0.8,1.0,0.0,0.0,0.8584905660377359
rmftsa,knn-nosuite,0.53125,0.6,0.5428571428571428,0.0,0.0,0.846590909090909
rmftsa,knn-nosuite,0.53125,0.6,1.0,0.0,0.0,0.9276018099547512
rmftsa,knn-nosuite,0.53125,0.6,0.5555555555555556,0.0,0.0,0.7486033519553073
rmftsa,knn-nosuite,0.53125,0.4,0.5510204081632653,0.0,0.0,0.8666666666666668
rmftsa,knn-nosuite,0.53125,0.4,1.0,0.0,0.0,0.9414893617021278
rmftsa,knn-nosuite,0.53125,0.6,0.6153846153846154,0.0,0.0,0.6931818181818182
rmftsa,knn-nosuite,0.53125,0.4,0.9384615384615385,0.0,0.0,0.9627329192546584
rmftsa,knn-nosuite,0.53125,0.6,0.75,0.0,0.0,0.696969696969697
rmftsa,knn-nosuite,0.53125,0.6,1.0,0.0,0.0,0.6950354609929078
rmftsa,knn-nosuite,0.53125,0.4,0.8928571428571429,0.0,0.0,0.7857142857142857
rmftsa,knn-nosuite,0.53125,0.6,0.9230769230769231,0.0,0.0,0.802919708029197
rmftsa,knn-nosuite,0.53125,0.6,0.5625,0.0,0.0,0.7887323943661971
rmftsa,knn-nosuite,0.53125,0.4,0.9420289855072463,0.0,0.0,0.9473684210526315
rmftsa,knn-nosuite,0.53125,0.6,0.4545454545454545,0.0,0.0,0.9389312977099238
rmftsa,knn-nosuite,0.53125,0.8,1.0,0.0,0.0,0.8018867924528303
rmftsa,knn-nosuite,0.53125,1.0,0.9393939393939394,0.0,0.0,0.9705882352941175
rmftsa,knn-nosuite,0.53125,0.8,0.9868421052631579,0.0,0.0,0.85
rmftsa,knn-nosuite,0.53125,0.6,0.5238095238095238,0.0,0.0,0.9516129032258064
rmftsa,knn-nosuite,0.53125,0.6,0.8363636363636363,0.0,0.0,0.9491525423728813
rmftsa,knn-nosuite,0.53125,0.4,0.8867924528301888,0.0,0.0,0.6368159203980099
rmftsa,knn-nosuite,0.53125,0.6,0.7916666666666666,0.0,0.0,0.6391304347826087
rmftsa,knn-nosuite,0.53125,0.4,0.625,0.0,0.0,0.8405797101449275
rmftsa,knn-nosuite,0.53125,1.0,0.9230769230769231,0.0,0.0,0.931297709923664
rmftsa,knn-nosuite,0.53125,0.8,1.0,0.0,0.0,0.6884057971014492
rmftsa,knn-nosuite,0.53125,0.6,0.7916666666666666,0.0,0.0,0.6391304347826087
rmftsa,knn-nosuite,0.53125,0.6,0.4545454545454545,0.0,0.0,0.9595959595959596
rmftsa,knn-nosuite,0.53125,0.6,0.8181818181818181,0.0,0.0,0.7946428571428571
rmftsa,knn-nosuite,0.53125,0.6,0.8108108108108109,0.0,0.0,0.6666666666666666
banknote-authentication,knn-nosuite,1.0,1.0,1.0,0.0,0.0,1.0
banknote-authentication,knn-nosuite,1.0,1.0,1.0,0.0,0.0,1.0
banknote-authentication,knn-nosuite,1.0,1.0,1.0,0.0,0.0,1.0
banknote-authentication,knn-nosuite,1.0,1.0,0.9893617021276595,0.0,0.0,1.0
banknote-authentication,knn-nosuite,1.0,1.0,1.0,0.0,0.0,1.0
banknote-authentication,knn-nosuite,1.0,1.0,1.0,0.0,0.0,1.0
banknote-authentication,knn-nosuite,1.0,1.0,1.0,0.0,0.0,0.990521327014218
banknote-authentication,knn-nosuite,1.0,1.0,1.0,0.0,0.0,1.0
banknote-authentication,knn-nosuite,1.0,1.0,1.0,0.0,0.0,1.0
banknote-authentication,knn-nosuite,1.0,1.0,1.0,0.0,0.0,1.0
banknote-authentication,knn-nosuite,1.0,1.0,1.0,0.0,0.0,1.0
banknote-authentication,knn-nosuite,1.0,1.0,1.0,0.0,0.0,1.0
banknote-authentication,knn-nosuite,1.0,1.0,1.0,0.0,0.0,1.0
banknote-authentication,knn-nosuite,1.0,1.0,1.0,0.0,0.0,0.9967213114754099
banknote-authentication,knn-nosuite,1.0,1.0,0.9901960784313726,0.0,0.0,1.0
banknote-authentication,knn-nosuite,1.0,1.0,1.0,0.0,0.0,1.0
banknote-authentication,knn-nosuite,1.0,1.0,1.0,0.0,0.0,1.0
banknote-authentication,knn-nosuite,1.0,1.0,0.9875,0.0,0.0,1.0
banknote-authentication,knn-nosuite,1.0,1.0,1.0,0.0,0.0,0.9956521739130435
banknote-authentication,knn-nosuite,1.0,1.0,0.9901960784313726,0.0,0.0,1.0
banknote-authentication,knn-nosuite,1.0,1.0,1.0,0.0,0.0,1.0
banknote-authentication,knn-nosuite,1.0,1.0,1.0,0.0,0.0,0.9888268156424582
banknote-authentication,knn-nosuite,1.0,1.0,1.0,0.0,0.0,1.0
banknote-authentication,knn-nosuite,1.0,1.0,1.0,0.0,0.0,1.0
banknote-authentication,knn-nosuite,1.0,1.0,0.9795918367346939,0.0,0.0,1.0
banknote-authentication,knn-nosuite,1.0,1.0,1.0,0.0,0.0,1.0
banknote-authentication,knn-nosuite,1.0,1.0,0.9901960784313726,0.0,0.0,1.0
banknote-authentication,knn-nosuite,1.0,1.0,1.0,0.0,0.0,0.9948453608247423
banknote-authentication,knn-nosuite,1.0,1.0,1.0,0.0,0.0,1.0
banknote-authentication,knn-nosuite,1.0,1.0,0.980392156862745,0.0,0.0,1.0
banknote-authentication,knn-nosuite,1.0,1.0,1.0,0.0,0.0,1.0
banknote-authentication,knn-nosuite,1.0,1.0,0.9901960784313726,0.0,0.0,0.9946808510638296
banknote-authentication,knn-nosuite,1.0,1.0,1.0,0.0,0.0,1.0
banknote-authentication,knn-nosuite,1.0,1.0,1.0,0.0,0.0,1.0
banknote-authentication,knn-nosuite,1.0,1.0,1.0,0.0,0.0,1.0
banknote-authentication,knn-nosuite,1.0,1.0,1.0,0.0,0.0,1.0
banknote-authentication,knn-nosuite,1.0,1.0,1.0,0.0,0.0,1.0
banknote-authentication,knn-nosuite,1.0,1.0,1.0,0.0,0.0,1.0
banknote-authentication,knn-nosuite,1.0,1.0,1.0,0.0,0.0,0.9840425531914894
banknote-authentication,knn-nosuite,1.0,1.0,1.0,0.0,0.0,1.0
banknote-authentication,knn-nosuite,1.0,1.0,1.0,0.0,0.0,1.0
banknote-authentication,knn-nosuite,1.0,1.0,1.0,0.0,0.0,1.0
banknote-authentication,knn-nosuite,1.0,1.0,0.9787234042553191,0.0,0.0,1.0
banknote-authentication,knn-nosuite,1.0,1.0,1.0,0.0,0.0,1.0
banknote-authentication,knn-nosuite,1.0,1.0,1.0,0.0,0.0,0.9914163090128756
banknote-authentication,knn-nosuite,1.0,1.0,1.0,0.0,0.0,1.0
banknote-authentication,knn-nosuite,1.0,1.0,1.0,0.0,0.0,1.0
banknote-authentication,knn-nosuite,1.0,1.0,1.0,0.0,0.0,1.0
banknote-authentication,knn-nosuite,1.0,1.0,1.0,0.0,0.0,1.0
banknote-authentication,knn-nosuite,1.0,1.0,1.0,0.0,0.0,1.0
volcanoes-a2,knn-nosuite,0.9408866995073891,1.0,1.0,0.0,0.0,0.9962216624685138
volcanoes-a2,knn-nosuite,0.9408866995073891,1.0,1.0,0.0,0.0,0.9942396313364055
volcanoes-a2,knn-nosuite,0.9408866995073891,1.0,1.0,0.0,0.0,0.99498997995992
volcanoes-a2,knn-nosuite,0.9408866995073891,1.0,1.0,0.0,0.0,0.9977401129943504
volcanoes-a2,knn-nosuite,0.9408866995073891,0.8,1.0,0.0,0.0,0.9983818770226536
volcanoes-a2,knn-nosuite,0.9408866995073891,1.0,1.0,0.0,0.0,0.99498997995992
volcanoes-a2,knn-nosuite,0.9408866995073891,1.0,1.0,0.0,0.0,0.9954802259887006
volcanoes-a2,knn-nosuite,0.9408866995073891,1.0,1.0,0.0,0.0,0.9957983193277311
volcanoes-a2,knn-nosuite,0.9408866995073891,1.0,1.0,0.0,0.0,0.9957627118644068
volcanoes-a2,knn-nosuite,0.9408866995073891,1.0,1.0,0.0,0.0,0.9985185185185184
volcanoes-a2,knn-nosuite,0.9408866995073891,0.4,0.9724770642201837,0.0,0.0,1.0
volcanoes-a2,knn-nosuite,0.9408866995073891,1.0,1.0,0.0,0.0,0.9958448753462605
volcanoes-a2,knn-nosuite,0.9408866995073891,0.8,0.9896907216494846,0.0,0.0,0.9801762114537445
volcanoes-a2,knn-nosuite,0.9408866995073891,0.6,0.9834710743801655,0.0,0.0,1.0
volcanoes-a2,knn-nosuite,0.9408866995073891,1.0,1.0,0.0,0.0,0.997879109225875
volcanoes-a2,knn-nosuite,0.9408866995073891,1.0,1.0,0.0,0.0,0.9947423764458465
volcanoes-a2,knn-nosuite,0.9408866995073891,1.0,1.0,0.0,0.0,1.0
volcanoes-a2,knn-nosuite,0.9408866995073891,1.0,1.0,0.0,0.0,0.998046875
volcanoes-a2,knn-nosuite,0.9408866995073891,1.0,1.0,0.0,0.0,1.0
volcanoes-a2,knn-nosuite,0.9408866995073891,1.0,1.0,0.0,0.0,1.0
volcanoes-a2,knn-nosuite,0.9408866995073891,1.0,1.0,0.0,0.0,0.9985935302390999
volcanoes-a2,knn-nosuite,0.9408866995073891,1.0,1.0,0.0,0.0,0.997624703087886
volcanoes-a2,knn-nosuite,0.9408866995073891,1.0,1.0,0.0,0.0,0.9969167523124358
volcanoes-a2,knn-nosuite,0.9408866995073891,1.0,1.0,0.0,0.0,0.9955686853766619
volcanoes-a2,knn-nosuite,0.9408866995073891,1.0,1.0,0.0,0.0,0.9967741935483871
volcanoes-a2,knn-nosuite,0.9408866995073891,1.0,1.0,0.0,0.0,0.9988249118683902
volcanoes-a2,knn-nosuite,0.9408866995073891,1.0,1.0,0.0,0.0,0.9959128065395095
volcanoes-a2,knn-nosuite,0.9408866995073891,1.0,1.0,0.0,0.0,0.9946737683089214
volcanoes-a2,knn-nosuite,0.9408866995073891,1.0,1.0,0.0,0.0,0.9966517857142858
volcanoes-a2,knn-nosuite,0.9408866995073891,1.0,1.0,0.0,0.0,0.9947753396029257
volcanoes-a2,knn-nosuite,0.9408866995073891,1.0,1.0,0.0,0.0,0.9949811794228356
volcanoes-a2,knn-nosuite,0.9408866995073891,1.0,1.0,0.0,0.0,0.9978835978835979
volcanoes-a2,knn-nosuite,0.9408866995073891,1.0,1.0,0.0,0.0,0.9962358845671269
volcanoes-a2,knn-nosuite,0.9408866995073891,1.0,1.0,0.0,0.0,0.99498997995992
volcanoes-a2,knn-nosuite,0.9408866995073891,1.0,1.0,0.0,0.0,0.994934143870314
volcanoes-a2,knn-nosuite,0.9408866995073891,1.0,1.0,0.0,0.0,0.9978142076502732
volcanoes-a2,knn-nosuite,0.9408866995073891,1.0,1.0,0.0,0.0,0.9946638207043756
volcanoes-a2,knn-nosuite,0.9408866995073891,0.6,0.875,0.0,0.0,0.9910179640718562
volcanoes-a2,knn-nosuite,0.9408866995073891,1.0,1.0,0.0,0.0,0.9968520461699895
volcanoes-a2,knn-nosuite,0.9408866995073891,0.6,0.975206611570248,0.0,0.0,1.0
volcanoes-a2,knn-nosuite,0.9408866995073891,1.0,1.0,0.0,0.0,0.9937421777221527
volcanoes-a2,knn-nosuite,0.9408866995073891,1.0,1.0,0.0,0.0,0.995850622406639
volcanoes-a2,knn-nosuite,0.9408866995073891,1.0,1.0,0.0,0.0,0.9965357967667436
volcanoes-a2,knn-nosuite,0.9408866995073891,1.0,1.0,0.0,0.0,0.9951219512195122
volcanoes-a2,knn-nosuite,0.9408866995073891,1.0,1.0,0.0,0.0,0.994994994994995
volcanoes-a2,knn-nosuite,0.9408866995073891,0.6,0.7058823529411765,0.0,0.0,0.9927007299270073
volcanoes-a2,knn-nosuite,0.9408866995073891,1.0,1.0,0.0,0.0,0.9958217270194986
volcanoes-a2,knn-nosuite,0.9408866995073891,0.8,0.9917355371900827,0.0,0.0,0.9943977591036415
volcanoes-a2,knn-nosuite,0.9408866995073891,1.0,1.0,0.0,0.0,1.0
volcanoes-a2,knn-nosuite,0.9408866995073891,1.0,1.0,0.0,0.0,1.0
volcanoes-a3,knn-nosuite,0.905511811023622,0.8,1.0,0.0,0.0,0.9932735426008967
volcanoes-a3,knn-nosuite,0.905511811023622,1.0,1.0,0.0,0.0,0.9944979367262723
volcanoes-a3,knn-nosuite,0.905511811023622,0.4,0.7441860465116279,0.0,0.0,0.9924385633270323
volcanoes-a3,knn-nosuite,0.905511811023622,1.0,1.0,0.0,0.0,0.9987146529562982
volcanoes-a3,knn-nosuite,0.905511811023622,1.0,1.0,0.0,0.0,0.9987244897959183
volcanoes-a3,knn-nosuite,0.905511811023622,1.0,1.0,0.0,0.0,0.9974747474747476
volcanoes-a3,knn-nosuite,0.905511811023622,1.0,1.0,0.0,0.0,0.995945945945946
volcanoes-a3,knn-nosuite,0.905511811023622,1.0,1.0,0.0,0.0,0.9957627118644068
volcanoes-a3,knn-nosuite,0.905511811023622,0.8,1.0,0.0,0.0,0.9967585089141003
volcanoes-a3,knn-nosuite,0.905511811023622,1.0,1.0,0.0,0.0,0.998792270531401
volcanoes-a3,knn-nosuite,0.905511811023622,1.0,1.0,0.0,0.0,0.9974424552429667
volcanoes-a3,knn-nosuite,0.905511811023622,1.0,1.0,0.0,0.0,0.996951219512195
volcanoes-a3,knn-nosuite,0.905511811023622,0.8,1.0,0.0,0.0,1.0
volcanoes-a3,knn-nosuite,0.905511811023622,0.6,1.0,0.0,0.0,0.9969135802469136
volcanoes-a3,knn-nosuite,0.905511811023622,1.0,1.0,0.0,0.0,0.997737556561086
volcanoes-a3,knn-nosuite,0.905511811023622,1.0,1.0,0.0,0.0,0.9982578397212544
volcanoes-a3,knn-nosuite,0.905511811023622,1.0,1.0,0.0,0.0,1.0
volcanoes-a3,knn-nosuite,0.905511811023622,1.0,1.0,0.0,0.0,0.9956709956709957
volcanoes-a3,knn-nosuite,0.905511811023622,1.0,1.0,0.0,0.0,0.9987341772151899
volcanoes-a3,knn-nosuite,0.905511811023622,1.0,1.0,0.0,0.0,0.9948979591836735
volcanoes-a3,knn-nosuite,0.905511811023622,1.0,1.0,0.0,0.0,0.9960513326752223
volcanoes-a3,knn-nosuite,0.905511811023622,1.0,1.0,0.0,0.0,0.9961832061068703
volcanoes-a3,knn-nosuite,0.905511811023622,1.0,1.0,0.0,0.0,0.9988839285714286
volcanoes-a3,knn-nosuite,0.905511811023622,0.8,0.9901960784313726,0.0,0.0,1.0
volcanoes-a3,knn-nosuite,0.905511811023622,1.0,1.0,0.0,0.0,0.998696219035202
volcanoes-a3,knn-nosuite,0.905511811023622,1.0,1.0,0.0,0.0,0.9957761351636748
volcanoes-a3,knn-nosuite,0.905511811023622,0.8,1.0,0.0,0.0,0.9985795454545453
volcanoes-a3,knn-nosuite,0.905511811023622,1.0,1.0,0.0,0.0,0.997709049255441
volcanoes-a3,knn-nosuite,0.905511811023622,1.0,1.0,0.0,0.0,0.9978021978021978
volcanoes-a3,knn-nosuite,0.905511811023622,1.0,1.0,0.0,0.0,0.9988193624557262
volcanoes-a3,knn-nosuite,0.905511811023622,1.0,1.0,0.0,0.0,0.9955947136563876
volcanoes-a3,knn-nosuite,0.905511811023622,1.0,1.0,0.0,0.0,0.9972375690607734
volcanoes-a3,knn-nosuite,0.905511811023622,0.6,1.0,0.0,0.0,0.9985795454545453
volcanoes-a3,knn-nosuite,0.905511811023622,1.0,1.0,0.0,0.0,0.9955489614243322
volcanoes-a3,knn-nosuite,0.905511811023622,1.0,1.0,0.0,0.0,0.9955995599559955
volcanoes-a3,knn-nosuite,0.905511811023622,0.8,1.0,0.0,0.0,1.0
volcanoes-a3,knn-nosuite,0.905511811023622,1.0,1.0,0.0,0.0,0.9953216374269006
volcanoes-a3,knn-nosuite,0.905511811023622,1.0,1.0,0.0,0.0,0.9989106753812637
volcanoes-a3,knn-nosuite,0.905511811023622,0.8,0.9902912621359224,0.0,0.0,0.9941860465116278
volcanoes-a3,knn-nosuite,0.905511811023622,1.0,1.0,0.0,0.0,0.9957081545064378
volcanoes-a3,knn-nosuite,0.905511811023622,1.0,1.0,0.0,0.0,0.9977064220183486
volcanoes-a3,knn-nosuite,0.905511811023622,0.8,0.8,0.0,0.0,0.8372093023255814
volcanoes-a3,knn-nosuite,0.905511811023622,1.0,1.0,0.0,0.0,0.9987228607918264
volcanoes-a3,knn-nosuite,0.905511811023622,1.0,1.0,0.0,0.0,0.9987515605493134
volcanoes-a3,knn-nosuite,0.905511811023622,0.8,1.0,0.0,0.0,1.0
volcanoes-a3,knn-nosuite,0.905511811023622,1.0,1.0,0.0,0.0,0.9957081545064378
volcanoes-a3,knn-nosuite,0.905511811023622,1.0,1.0,0.0,0.0,0.9984917043740573
volcanoes-a3,knn-nosuite,0.905511811023622,1.0,1.0,0.0,0.0,0.9950433705080546
volcanoes-a3,knn-nosuite,0.905511811023622,1.0,1.0,0.0,0.0,0.9989484752891693
volcanoes-a3,knn-nosuite,0.905511811023622,1.0,1.0,0.0,0.0,1.0
volcanoes-a4,knn-nosuite,0.899736147757256,1.0,1.0,0.0,0.0,0.9940059940059939
volcanoes-a4,knn-nosuite,0.899736147757256,1.0,1.0,0.0,0.0,0.9985775248933144
volcanoes-a4,knn-nosuite,0.899736147757256,0.6,0.6190476190476191,0.0,0.0,0.5607476635514018
volcanoes-a4,knn-nosuite,0.899736147757256,1.0,1.0,0.0,0.0,0.9918367346938777
volcanoes-a4,knn-nosuite,0.899736147757256,1.0,1.0,0.0,0.0,0.9955995599559955
volcanoes-a4,knn-nosuite,0.899736147757256,0.4,0.4,0.0,0.0,0.9644970414201184
volcanoes-a4,knn-nosuite,0.899736147757256,1.0,1.0,0.0,0.0,1.0
volcanoes-a4,knn-nosuite,0.899736147757256,0.8,0.9911504424778761,0.0,0.0,0.9966722129783694
volcanoes-a4,knn-nosuite,0.899736147757256,1.0,1.0,0.0,0.0,0.9968404423380728
volcanoes-a4,knn-nosuite,0.899736147757256,1.0,1.0,0.0,0.0,1.0
volcanoes-a4,knn-nosuite,0.899736147757256,1.0,1.0,0.0,0.0,0.9939879759519037
volcanoes-a4,knn-nosuite,0.899736147757256,0.8,1.0,0.0,0.0,1.0
volcanoes-a4,knn-nosuite,0.899736147757256,1.0,1.0,0.0,0.0,0.9938712972420838
volcanoes-a4,knn-nosuite,0.899736147757256,1.0,1.0,0.0,0.0,0.9938271604938272
volcanoes-a4,knn-nosuite,0.899736147757256,1.0,1.0,0.0,0.0,0.9930635838150289
volcanoes-a4,knn-nosuite,0.899736147757256,1.0,1.0,0.0,0.0,0.99860529986053
volcanoes-a4,knn-nosuite,0.899736147757256,1.0,1.0,0.0,0.0,0.9987113402061855
volcanoes-a4,knn-nosuite,0.899736147757256,1.0,1.0,0.0,0.0,0.9929859719438878
volcanoes-a4,knn-nosuite,0.899736147757256,1.0,1.0,0.0,0.0,1.0
volcanoes-a4,knn-nosuite,0.899736147757256,1.0,1.0,0.0,0.0,0.9928486293206198
volcanoes-a4,knn-nosuite,0.899736147757256,1.0,1.0,0.0,0.0,0.9923076923076923
volcanoes-a4,knn-nosuite,0.899736147757256,0.6,0.6190476190476191,0.0,0.0,0.6629213483146067
volcanoes-a4,knn-nosuite,0.899736147757256,1.0,1.0,0.0,0.0,0.9969293756397134
volcanoes-a4,knn-nosuite,0.899736147757256,1.0,1.0,0.0,0.0,0.993933265925177
volcanoes-a4,knn-nosuite,0.899736147757256,0.4,0.9873417721518989,0.0,0.0,0.9253731343283583
volcanoes-a4,knn-nosuite,0.899736147757256,1.0,1.0,0.0,0.0,0.9936575052854122
volcanoes-a4,knn-nosuite,0.899736147757256,1.0,1.0,0.0,0.0,0.9985875706214691
volcanoes-a4,knn-nosuite,0.899736147757256,0.4,0.6,0.0,0.0,0.9465648854961832
volcanoes-a4,knn-nosuite,0.899736147757256,1.0,1.0,0.0,0.0,0.9924528301886791
volcanoes-a4,knn-nosuite,0.899736147757256,1.0,1.0,0.0,0.0,0.9986168741355463
volcanoes-a4,knn-nosuite,0.899736147757256,0.8,1.0,0.0,0.0,0.9922779922779924
volcanoes-a4,knn-nosuite,0.899736147757256,1.0,1.0,0.0,0.0,1.0
volcanoes-a4,knn-nosuite,0.899736147757256,1.0,0.9911504424778761,0.0,0.0,0.99302649930265
volcanoes-a4,knn-nosuite,0.899736147757256,1.0,1.0,0.0,0.0,1.0
volcanoes-a4,knn-nosuite,0.899736147757256,0.4,0.36363636363636365,0.0,0.0,0.7023809523809523
volcanoes-a4,knn-nosuite,0.899736147757256,0.8,1.0,0.0,0.0,0.9964200477326969
volcanoes-a4,knn-nosuite,0.899736147757256,0.8,1.0,0.0,0.0,0.9972640218878249
volcanoes-a4,knn-nosuite,0.899736147757256,1.0,1.0,0.0,0.0,0.9937694704049844
volcanoes-a4,knn-nosuite,0.899736147757256,0.8,1.0,0.0,0.0,0.9960732984293192
volcanoes-a4,knn-nosuite,0.899736147757256,0.6,0.68,0.0,0.0,0.989010989010989
volcanoes-a4,knn-nosuite,0.899736147757256,1.0,1.0,0.0,0.0,0.9976442873969376
volcanoes-a4,knn-nosuite,0.899736147757256,1.0,0.9875,0.0,0.0,0.9925233644859814
volcanoes-a4,knn-nosuite,0.899736147757256,1.0,1.0,0.0,0.0,1.0
volcanoes-a4,knn-nosuite,0.899736147757256,1.0,1.0,0.0,0.0,0.99721059972106
volcanoes-a4,knn-nosuite,0.899736147757256,1.0,1.0,0.0,0.0,1.0
volcanoes-a4,knn-nosuite,0.899736147757256,1.0,1.0,0.0,0.0,0.9978494623655914
volcanoes-a4,knn-nosuite,0.899736147757256,1.0,1.0,0.0,0.0,0.997677119628339
volcanoes-a4,knn-nosuite,0.899736147757256,1.0,1.0,0.0,0.0,0.9977949283351709
volcanoes-a4,knn-nosuite,0.899736147757256,0.8,1.0,0.0,0.0,0.9983792544570502
volcanoes-a4,knn-nosuite,0.899736147757256,1.0,1.0,0.0,0.0,0.9979360165118679
volcanoes-e1,knn-nosuite,0.9222972972972973,1.0,1.0,0.0,0.0,1.0
volcanoes-e1,knn-nosuite,0.9222972972972973,1.0,1.0,0.0,0.0,1.0
volcanoes-e1,knn-nosuite,0.9222972972972973,1.0,1.0,0.0,0.0,0.9980620155038761
volcanoes-e1,knn-nosuite,0.9222972972972973,1.0,1.0,0.0,0.0,1.0
volcanoes-e1,knn-nosuite,0.9222972972972973,1.0,1.0,0.0,0.0,1.0
volcanoes-e1,knn-nosuite,0.9222972972972973,1.0,1.0,0.0,0.0,0.9971305595408895
volcanoes-e1,knn-nosuite,0.9222972972972973,1.0,1.0,0.0,0.0,0.9978070175438598
volcanoes-e1,knn-nosuite,0.9222972972972973,1.0,1.0,0.0,0.0,0.9981718464351006
volcanoes-e1,knn-nosuite,0.9222972972972973,0.8,1.0,0.0,0.0,0.9958677685950412
volcanoes-e1,knn-nosuite,0.9222972972972973,1.0,1.0,0.0,0.0,1.0
volcanoes-e1,knn-nosuite,0.9222972972972973,1.0,1.0,0.0,0.0,0.9977011494252872
volcanoes-e1,knn-nosuite,0.9222972972972973,0.6,0.965909090909091,0.0,0.0,0.7578947368421053
volcanoes-e1,knn-nosuite,0.9222972972972973,0.8,1.0,0.0,0.0,0.9956331877729256
volcanoes-e1,knn-nosuite,0.9222972972972973,1.0,1.0,0.0,0.0,0.9964850615114236
volcanoes-e1,knn-nosuite,0.9222972972972973,1.0,1.0,0.0,0.0,0.9954128440366972
volcanoes-e1,knn-nosuite,0.9222972972972973,1.0,1.0,0.0,0.0,0.9967105263157896
volcanoes-e1,knn-nosuite,0.9222972972972973,1.0,1.0,0.0,0.0,1.0
volcanoes-e1,knn-nosuite,0.9222972972972973,1.0,1.0,0.0,0.0,0.998091603053435
volcanoes-e1,knn-nosuite,0.9222972972972973,0.8,1.0,0.0,0.0,0.9979338842975206
volcanoes-e1,knn-nosuite,0.9222972972972973,1.0,0.9886363636363636,0.0,0.0,1.0
volcanoes-e1,knn-nosuite,0.9222972972972973,0.6,1.0,0.0,0.0,0.850574712643678
volcanoes-e1,knn-nosuite,0.9222972972972973,1.0,1.0,0.0,0.0,0.9971387696709584
volcanoes-e1,knn-nosuite,0.9222972972972973,1.0,1.0,0.0,0.0,0.9922118380062306
volcanoes-e1,knn-nosuite,0.9222972972972973,1.0,1.0,0.0,0.0,0.9977924944812362
volcanoes-e1,knn-nosuite,0.9222972972972973,1.0,1.0,0.0,0.0,0.9979296066252588
volcanoes-e1,knn-nosuite,0.9222972972972973,0.8,0.9864864864864865,0.0,0.0,0.9951338199513382
volcanoes-e1,knn-nosuite,0.9222972972972973,1.0,1.0,0.0,0.0,0.9975429975429975
volcanoes-e1,knn-nosuite,0.9222972972972973,1.0,0.9886363636363636,0.0,0.0,0.9974160206718347
volcanoes-e1,knn-nosuite,0.9222972972972973,1.0,1.0,0.0,0.0,0.9949664429530202
volcanoes-e1,knn-nosuite,0.9222972972972973,1.0,1.0,0.0,0.0,0.9953271028037383
volcanoes-e1,knn-nosuite,0.9222972972972973,0.6,0.965909090909091,0.0,0.0,0.9886363636363636
volcanoes-e1,knn-nosuite,0.9222972972972973,1.0,1.0,0.0,0.0,0.9980392156862745
volcanoes-e1,knn-nosuite,0.9222972972972973,0.8,1.0,0.0,0.0,0.9949916527545909
volcanoes-e1,knn-nosuite,0.9222972972972973,1.0,1.0,0.0,0.0,0.9968454258675079
volcanoes-e1,knn-nosuite,0.9222972972972973,0.8,0.9772727272727273,0.0,0.0,0.9959677419354838
volcanoes-e1,knn-nosuite,0.9222972972972973,0.8,1.0,0.0,0.0,0.9952153110047848
volcanoes-e1,knn-nosuite,0.9222972972972973,1.0,1.0,0.0,0.0,0.9978586723768735
volcanoes-e1,knn-nosuite,0.9222972972972973,1.0,1.0,0.0,0.0,1.0
volcanoes-e1,knn-nosuite,0.9222972972972973,1.0,1.0,0.0,0.0,1.0
volcanoes-e1,knn-nosuite,0.9222972972972973,1.0,1.0,0.0,0.0,0.9952904238618524
volcanoes-e1,knn-nosuite,0.9222972972972973,0.6,0.9852941176470589,0.0,0.0,0.5952380952380952
volcanoes-e1,knn-nosuite,0.9222972972972973,0.8,1.0,0.0,0.0,0.997872340425532
volcanoes-e1,knn-nosuite,0.9222972972972973,1.0,1.0,0.0,0.0,0.9981481481481481
volcanoes-e1,knn-nosuite,0.9222972972972973,1.0,1.0,0.0,0.0,0.996996996996997
volcanoes-e1,knn-nosuite,0.9222972972972973,1.0,1.0,0.0,0.0,0.997920997920998
volcanoes-e1,knn-nosuite,0.9222972972972973,1.0,1.0,0.0,0.0,0.9598445595854923
volcanoes-e2,knn-nosuite,0.9037037037037037,1.0,1.0,0.0,0.0,0.9970717423133235
volcanoes-e2,knn-nosuite,0.9037037037037037,0.8,1.0,0.0,0.0,0.9965811965811966
volcanoes-e2,knn-nosuite,0.9037037037037037,1.0,1.0,0.0,0.0,0.9934065934065934
volcanoes-e2,knn-nosuite,0.9037037037037037,1.0,1.0,0.0,0.0,1.0
volcanoes-e2,knn-nosuite,0.9037037037037037,1.0,1.0,0.0,0.0,0.9970370370370369
volcanoes-e2,knn-nosuite,0.9037037037037037,1.0,1.0,0.0,0.0,0.9970414201183433
volcanoes-e2,knn-nosuite,0.9037037037037037,0.8,1.0,0.0,0.0,1.0
volcanoes-e2,knn-nosuite,0.9037037037037037,1.0,1.0,0.0,0.0,0.9976415094339621
volcanoes-e2,knn-nosuite,0.9037037037037037,0.8,1.0,0.0,0.0,0.9962335216572505
volcanoes-e2,knn-nosuite,0.9037037037037037,0.8,0.9836065573770492,0.0,0.0,0.9966555183946488
volcanoes-e2,knn-nosuite,0.9037037037037037,1.0,0.9876543209876543,0.0,0.0,0.9972144846796658
volcanoes-e2,knn-nosuite,0.9037037037037037,1.0,1.0,0.0,0.0,1.0
volcanoes-e2,knn-nosuite,0.9037037037037037,1.0,1.0,0.0,0.0,1.0
volcanoes-e2,knn-nosuite,0.9037037037037037,1.0,1.0,0.0,0.0,0.9950980392156863
volcanoes-e2,knn-nosuite,0.9037037037037037,0.8,1.0,0.0,0.0,1.0
volcanoes-e2,knn-nosuite,0.9037037037037037,0.8,1.0,0.0,0.0,1.0
volcanoes-e2,knn-nosuite,0.9037037037037037,1.0,1.0,0.0,0.0,0.9970501474926253
volcanoes-e2,knn-nosuite,0.9037037037037037,0.8,0.962962962962963,0.0,0.0,0.9928909952606635
volcanoes-e2,knn-nosuite,0.9037037037037037,1.0,1.0,0.0,0.0,0.9977426636568849
volcanoes-e2,knn-nosuite,0.9037037037037037,1.0,1.0,0.0,0.0,1.0
volcanoes-e2,knn-nosuite,0.9037037037037037,1.0,1.0,0.0,0.0,1.0
volcanoes-e2,knn-nosuite,0.9037037037037037,0.8,0.9876543209876543,0.0,0.0,1.0
volcanoes-e2,knn-nosuite,0.9037037037037037,0.8,0.9876543209876543,0.0,0.0,0.996031746031746
volcanoes-e2,knn-nosuite,0.9037037037037037,0.8,1.0,0.0,0.0,0.9942857142857143
volcanoes-e2,knn-nosuite,0.9037037037037037,1.0,1.0,0.0,0.0,1.0
volcanoes-e2,knn-nosuite,0.9037037037037037,1.0,1.0,0.0,0.0,0.9967532467532468
volcanoes-e2,knn-nosuite,0.9037037037037037,0.8,1.0,0.0,0.0,1.0
volcanoes-e2,knn-nosuite,0.9037037037037037,1.0,1.0,0.0,0.0,0.9970326409495549
volcanoes-e2,knn-nosuite,0.9037037037037037,0.8,0.9135802469135802,0.0,0.0,0.9972899728997289
volcanoes-e2,knn-nosuite,0.9037037037037037,1.0,1.0,0.0,0.0,1.0
volcanoes-e2,knn-nosuite,0.9037037037037037,1.0,1.0,0.0,0.0,0.9967320261437909
volcanoes-e2,knn-nosuite,0.9037037037037037,1.0,1.0,0.0,0.0,1.0
volcanoes-e2,knn-nosuite,0.9037037037037037,1.0,1.0,0.0,0.0,1.0
volcanoes-e2,knn-nosuite,0.9037037037037037,1.0,1.0,0.0,0.0,0.9963702359346642
volcanoes-e2,knn-nosuite,0.9037037037037037,0.8,1.0,0.0,0.0,0.9961685823754788
volcanoes-e2,knn-nosuite,0.9037037037037037,1.0,1.0,0.0,0.0,0.9982456140350877
volcanoes-e2,knn-nosuite,0.9037037037037037,1.0,1.0,0.0,0.0,0.9967585089141003
volcanoes-e2,knn-nosuite,0.9037037037037037,1.0,1.0,0.0,0.0,1.0
volcanoes-e2,knn-nosuite,0.9037037037037037,1.0,1.0,0.0,0.0,1.0
volcanoes-e2,knn-nosuite,0.9037037037037037,1.0,1.0,0.0,0.0,0.9970457902511078
volcanoes-e2,knn-nosuite,0.9037037037037037,1.0,1.0,0.0,0.0,1.0
volcanoes-e2,knn-nosuite,0.9037037037037037,0.8,0.9876543209876543,0.0,0.0,0.9967741935483871
volcanoes-e2,knn-nosuite,0.9037037037037037,0.4,0.8863636363636364,0.0,0.0,0.9937694704049844
volcanoes-e2,knn-nosuite,0.9037037037037037,1.0,1.0,0.0,0.0,0.9951100244498777
volcanoes-e2,knn-nosuite,0.9037037037037037,0.8,1.0,0.0,0.0,1.0
volcanoes-e2,knn-nosuite,0.9037037037037037,0.6,1.0,0.0,0.0,1.0
volcanoes-e2,knn-nosuite,0.9037037037037037,0.6,1.0,0.0,0.0,1.0
volcanoes-e2,knn-nosuite,0.9037037037037037,1.0,1.0,0.0,0.0,1.0
volcanoes-e2,knn-nosuite,0.9037037037037037,1.0,1.0,0.0,0.0,0.9963768115942029
volcanoes-e2,knn-nosuite,0.9037037037037037,1.0,1.0,0.0,0.0,1.0
volcanoes-e3,knn-nosuite,0.915625,1.0,1.0,0.0,0.0,0.9970238095238095
volcanoes-e3,knn-nosuite,0.915625,1.0,1.0,0.0,0.0,0.9951456310679612
volcanoes-e3,knn-nosuite,0.915625,1.0,1.0,0.0,0.0,0.9980620155038761
volcanoes-e3,knn-nosuite,0.915625,1.0,1.0,0.0,0.0,0.9674355495251017
volcanoes-e3,knn-nosuite,0.915625,0.4,1.0,0.0,0.0,0.8918918918918919
volcanoes-e3,knn-nosuite,0.915625,1.0,1.0,0.0,0.0,0.9938650306748468
volcanoes-e3,knn-nosuite,0.915625,1.0,1.0,0.0,0.0,0.994750656167979
volcanoes-e3,knn-nosuite,0.915625,1.0,1.0,0.0,0.0,0.9955357142857142
volcanoes-e3,knn-nosuite,0.915625,1.0,1.0,0.0,0.0,0.9943502824858758
volcanoes-e3,knn-nosuite,0.915625,0.6,0.9565217391304348,0.0,0.0,0.7397260273972602
volcanoes-e3,knn-nosuite,0.915625,1.0,1.0,0.0,0.0,0.9982608695652175
volcanoes-e3,knn-nosuite,0.915625,1.0,1.0,0.0,0.0,0.9456706281833617
volcanoes-e3,knn-nosuite,0.915625,1.0,1.0,0.0,0.0,1.0
volcanoes-e3,knn-nosuite,0.915625,1.0,1.0,0.0,0.0,0.9829642248722317
volcanoes-e3,knn-nosuite,0.915625,1.0,1.0,0.0,0.0,0.9892086330935251
volcanoes-e3,knn-nosuite,0.915625,1.0,1.0,0.0,0.0,0.9983498349834983
volcanoes-e3,knn-nosuite,0.915625,1.0,1.0,0.0,0.0,0.918194640338505
volcanoes-e3,knn-nosuite,0.915625,0.8,1.0,0.0,0.0,0.997076023391813
volcanoes-e3,knn-nosuite,0.915625,1.0,0.9894736842105264,0.0,0.0,0.9232081911262797
volcanoes-e3,knn-nosuite,0.915625,1.0,1.0,0.0,0.0,1.0
volcanoes-e3,knn-nosuite,0.915625,1.0,1.0,0.0,0.0,0.9961290322580645
volcanoes-e3,knn-nosuite,0.915625,1.0,1.0,0.0,0.0,0.9949302915082383
volcanoes-e3,knn-nosuite,0.915625,1.0,1.0,0.0,0.0,0.9981684981684982
volcanoes-e3,knn-nosuite,0.915625,1.0,1.0,0.0,0.0,0.9963436928702011
volcanoes-e3,knn-nosuite,0.915625,1.0,0.9894736842105264,0.0,0.0,0.9959016393442625
volcanoes-e3,knn-nosuite,0.915625,1.0,1.0,0.0,0.0,0.9950576606260297
volcanoes-e3,knn-nosuite,0.915625,1.0,1.0,0.0,0.0,0.9922178988326849
volcanoes-e3,knn-nosuite,0.915625,1.0,1.0,0.0,0.0,0.9975728155339805
volcanoes-e3,knn-nosuite,0.915625,1.0,1.0,0.0,0.0,0.9920634920634921
volcanoes-e3,knn-nosuite,0.915625,1.0,1.0,0.0,0.0,0.9983443708609272
volcanoes-e3,knn-nosuite,0.915625,0.6,1.0,0.0,0.0,0.967741935483871
volcanoes-e3,knn-nosuite,0.915625,1.0,1.0,0.0,0.0,0.9495677233429396
volcanoes-e3,knn-nosuite,0.915625,1.0,1.0,0.0,0.0,0.996996996996997
volcanoes-e3,knn-nosuite,0.915625,1.0,1.0,0.0,0.0,0.9982363315696648
volcanoes-e3,knn-nosuite,0.915625,1.0,1.0,0.0,0.0,0.9951040391676866
volcanoes-e3,knn-nosuite,0.915625,1.0,1.0,0.0,0.0,0.9947159841479525
volcanoes-e3,knn-nosuite,0.915625,1.0,1.0,0.0,0.0,0.9983277591973245
volcanoes-e3,knn-nosuite,0.915625,1.0,0.9894736842105264,0.0,0.0,0.962171052631579
volcanoes-e3,knn-nosuite,0.915625,1.0,1.0,0.0,0.0,0.9847434119278781
volcanoes-e3,knn-nosuite,0.915625,1.0,1.0,0.0,0.0,0.9162011173184357
volcanoes-e3,knn-nosuite,0.915625,1.0,1.0,0.0,0.0,0.9606986899563319
volcanoes-e3,knn-nosuite,0.915625,0.6,0.9782608695652174,0.0,0.0,0.9947916666666666
volcanoes-e3,knn-nosuite,0.915625,1.0,1.0,0.0,0.0,0.9960629921259843
volcanoes-e3,knn-nosuite,0.915625,1.0,1.0,0.0,0.0,0.9476661951909475
volcanoes-e3,knn-nosuite,0.915625,1.0,1.0,0.0,0.0,0.9852941176470589
volcanoes-e3,knn-nosuite,0.915625,1.0,1.0,0.0,0.0,0.9955156950672646
volcanoes-e3,knn-nosuite,0.915625,1.0,1.0,0.0,0.0,0.9651567944250872
volcanoes-e3,knn-nosuite,0.915625,1.0,1.0,0.0,0.0,0.9776223776223777
volcanoes-e3,knn-nosuite,0.915625,1.0,1.0,0.0,0.0,0.9972451790633607
volcanoes-e3,knn-nosuite,0.915625,1.0,1.0,0.0,0.0,0.9966386554621849
volcanoes-e4,knn-nosuite,0.9329073482428115,1.0,1.0,0.0,0.0,0.9959266802443991
volcanoes-e4,knn-nosuite,0.9329073482428115,1.0,1.0,0.0,0.0,0.998371335504886
volcanoes-e4,knn-nosuite,0.9329073482428115,0.6,0.989247311827957,0.0,0.0,0.9959514170040485
volcanoes-e4,knn-nosuite,0.9329073482428115,0.8,1.0,0.0,0.0,0.9950738916256159
volcanoes-e4,knn-nosuite,0.9329073482428115,0.6,0.9166666666666666,0.0,0.0,0.9961389961389961
volcanoes-e4,knn-nosuite,0.9329073482428115,1.0,1.0,0.0,0.0,0.9962686567164181
volcanoes-e4,knn-nosuite,0.9329073482428115,0.6,1.0,0.0,0.0,0.9954545454545455
volcanoes-e4,knn-nosuite,0.9329073482428115,1.0,1.0,0.0,0.0,1.0
volcanoes-e4,knn-nosuite,0.9329073482428115,1.0,1.0,0.0,0.0,0.9975186104218363
volcanoes-e4,knn-nosuite,0.9329073482428115,1.0,1.0,0.0,0.0,0.9953198127925116
volcanoes-e4,knn-nosuite,0.9329073482428115,1.0,0.989247311827957,0.0,0.0,0.9963436928702011
volcanoes-e4,knn-nosuite,0.9329073482428115,1.0,1.0,0.0,0.0,1.0
volcanoes-e4,knn-nosuite,0.9329073482428115,1.0,0.989247311827957,0.0,0.0,1.0
volcanoes-e4,knn-nosuite,0.9329073482428115,1.0,1.0,0.0,0.0,0.9954819277108434
volcanoes-e4,knn-nosuite,0.9329073482428115,1.0,1.0,0.0,0.0,0.9953051643192488
volcanoes-e4,knn-nosuite,0.9329073482428115,0.8,1.0,0.0,0.0,0.9979716024340771
volcanoes-e4,knn-nosuite,0.9329073482428115,1.0,1.0,0.0,0.0,0.9056603773584906
volcanoes-e4,knn-nosuite,0.9329073482428115,1.0,1.0,0.0,0.0,0.9961783439490446
volcanoes-e4,knn-nosuite,0.9329073482428115,1.0,1.0,0.0,0.0,0.9919678714859439
volcanoes-e4,knn-nosuite,0.9329073482428115,1.0,1.0,0.0,0.0,0.9969230769230769
volcanoes-e4,knn-nosuite,0.9329073482428115,0.4,0.9859154929577464,0.0,0.0,0.9932584269662922
volcanoes-e4,knn-nosuite,0.9329073482428115,1.0,1.0,0.0,0.0,0.9974424552429667
volcanoes-e4,knn-nosuite,0.9329073482428115,1.0,1.0,0.0,0.0,1.0
volcanoes-e4,knn-nosuite,0.9329073482428115,1.0,1.0,0.0,0.0,0.9950083194675541
volcanoes-e4,knn-nosuite,0.9329073482428115,0.8,0.989247311827957,0.0,0.0,0.9957081545064378
volcanoes-e4,knn-nosuite,0.9329073482428115,0.8,1.0,0.0,0.0,0.984352773826458
volcanoes-e4,knn-nosuite,0.9329073482428115,1.0,1.0,0.0,0.0,0.9968304278922344
volcanoes-e4,knn-nosuite,0.9329073482428115,1.0,1.0,0.0,0.0,1.0
volcanoes-e4,knn-nosuite,0.9329073482428115,1.0,1.0,0.0,0.0,0.9965517241379309
volcanoes-e4,knn-nosuite,0.9329073482428115,1.0,1.0,0.0,0.0,0.9887323943661972
volcanoes-e4,knn-nosuite,0.9329073482428115,1.0,1.0,0.0,0.0,0.9970972423802612
volcanoes-e4,knn-nosuite,0.9329073482428115,1.0,1.0,0.0,0.0,0.9984779299847792
volcanoes-e4,knn-nosuite,0.9329073482428115,0.8,1.0,0.0,0.0,0.9640625
volcanoes-e4,knn-nosuite,0.9329073482428115,0.8,0.989247311827957,0.0,0.0,0.9969135802469136
volcanoes-e4,knn-nosuite,0.9329073482428115,1.0,1.0,0.0,0.0,0.997001499250375
volcanoes-e4,knn-nosuite,0.9329073482428115,1.0,1.0,0.0,0.0,1.0
volcanoes-e4,knn-nosuite,0.9329073482428115,1.0,1.0,0.0,0.0,0.9951534733441034
volcanoes-e4,knn-nosuite,0.9329073482428115,1.0,1.0,0.0,0.0,0.9956772334293948
volcanoes-e4,knn-nosuite,0.9329073482428115,1.0,1.0,0.0,0.0,0.9955686853766619
volcanoes-e4,knn-nosuite,0.9329073482428115,1.0,0.989247311827957,0.0,0.0,0.9963302752293577
volcanoes-e4,knn-nosuite,0.9329073482428115,1.0,1.0,0.0,0.0,0.9984756097560975
volcanoes-e4,knn-nosuite,0.9329073482428115,1.0,1.0,0.0,0.0,1.0
volcanoes-e4,knn-nosuite,0.9329073482428115,0.6,0.9827586206896551,0.0,0.0,0.9952606635071091
volcanoes-e4,knn-nosuite,0.9329073482428115,1.0,1.0,0.0,0.0,0.9978858350951374
volcanoes-e4,knn-nosuite,0.9329073482428115,1.0,1.0,0.0,0.0,0.9955817378497791
volcanoes-e4,knn-nosuite,0.9329073482428115,1.0,1.0,0.0,0.0,0.996328029375765
volcanoes-e4,knn-nosuite,0.9329073482428115,1.0,1.0,0.0,0.0,0.984251968503937
volcanoes-e5,knn-nosuite,0.9064748201438849,1.0,1.0,0.0,0.0,0.9778325123152708
volcanoes-e5,knn-nosuite,0.9064748201438849,1.0,1.0,0.0,0.0,0.9958391123439668
volcanoes-e5,knn-nosuite,0.9064748201438849,1.0,1.0,0.0,0.0,0.9977728285077951
volcanoes-e5,knn-nosuite,0.9064748201438849,1.0,1.0,0.0,0.0,0.9962616822429906
volcanoes-e5,knn-nosuite,0.9064748201438849,1.0,1.0,0.0,0.0,0.9983525535420099
volcanoes-e5,knn-nosuite,0.9064748201438849,1.0,1.0,0.0,0.0,0.9981132075471699
volcanoes-e5,knn-nosuite,0.9064748201438849,0.6,0.9078947368421053,0.0,0.0,1.0
volcanoes-e5,knn-nosuite,0.9064748201438849,1.0,1.0,0.0,0.0,0.9951219512195122
volcanoes-e5,knn-nosuite,0.9064748201438849,1.0,1.0,0.0,0.0,0.9979674796747966
volcanoes-e5,knn-nosuite,0.9064748201438849,1.0,1.0,0.0,0.0,0.9957924263674615
volcanoes-e5,knn-nosuite,0.9064748201438849,1.0,1.0,0.0,0.0,1.0
volcanoes-e5,knn-nosuite,0.9064748201438849,1.0,1.0,0.0,0.0,0.9964285714285716
volcanoes-e5,knn-nosuite,0.9064748201438849,0.6,0.9795918367346939,0.0,0.0,0.9937106918238994
volcanoes-e5,knn-nosuite,0.9064748201438849,1.0,1.0,0.0,0.0,0.9954198473282443
volcanoes-e5,knn-nosuite,0.9064748201438849,1.0,1.0,0.0,0.0,0.9966703662597114
volcanoes-e5,knn-nosuite,0.9064748201438849,1.0,1.0,0.0,0.0,0.9962917181705808
volcanoes-e5,knn-nosuite,0.9064748201438849,1.0,1.0,0.0,0.0,1.0
volcanoes-e5,knn-nosuite,0.9064748201438849,1.0,1.0,0.0,0.0,0.9962871287128714
volcanoes-e5,knn-nosuite,0.9064748201438849,1.0,1.0,0.0,0.0,0.9964830011723329
volcanoes-e5,knn-nosuite,0.9064748201438849,1.0,1.0,0.0,0.0,0.9966887417218542
volcanoes-e5,knn-nosuite,0.9064748201438849,1.0,1.0,0.0,0.0,0.9970501474926253
volcanoes-e5,knn-nosuite,0.9064748201438849,1.0,0.9879518072289157,0.0,0.0,0.994392523364486
volcanoes-e5,knn-nosuite,0.9064748201438849,0.8,1.0,0.0,0.0,0.99812382739212
volcanoes-e5,knn-nosuite,0.9064748201438849,1.0,1.0,0.0,0.0,0.9968701095461657
volcanoes-e5,knn-nosuite,0.9064748201438849,1.0,1.0,0.0,0.0,0.9955489614243322
volcanoes-e5,knn-nosuite,0.9064748201438849,1.0,1.0,0.0,0.0,0.9962616822429906
volcanoes-e5,knn-nosuite,0.9064748201438849,1.0,1.0,0.0,0.0,0.9223529411764705
volcanoes-e5,knn-nosuite,0.9064748201438849,1.0,1.0,0.0,0.0,0.9962732919254659
volcanoes-e5,knn-nosuite,0.9064748201438849,1.0,1.0,0.0,0.0,1.0
volcanoes-e5,knn-nosuite,0.9064748201438849,1.0,1.0,0.0,0.0,0.9966405375139977
volcanoes-e5,knn-nosuite,0.9064748201438849,1.0,1.0,0.0,0.0,0.9961928934010154
volcanoes-e5,knn-nosuite,0.9064748201438849,1.0,1.0,0.0,0.0,0.9963503649635037
volcanoes-e5,knn-nosuite,0.9064748201438849,0.8,1.0,0.0,0.0,0.9965694682675815
volcanoes-e5,knn-nosuite,0.9064748201438849,1.0,1.0,0.0,0.0,0.9966832504145937
volcanoes-e5,knn-nosuite,0.9064748201438849,0.8,1.0,0.0,0.0,0.9809885931558935
volcanoes-e5,knn-nosuite,0.9064748201438849,1.0,1.0,0.0,0.0,0.9944547134935305
volcanoes-e5,knn-nosuite,0.9064748201438849,0.6,0.8840579710144928,0.0,0.0,0.9937238493723848
volcanoes-e5,knn-nosuite,0.9064748201438849,1.0,1.0,0.0,0.0,0.9965986394557824
volcanoes-e5,knn-nosuite,0.9064748201438849,1.0,1.0,0.0,0.0,0.9980079681274902
volcanoes-e5,knn-nosuite,0.9064748201438849,0.6,1.0,0.0,0.0,0.9954128440366972
volcanoes-e5,knn-nosuite,0.9064748201438849,0.4,0.9620253164556962,0.0,0.0,0.863013698630137
volcanoes-e5,knn-nosuite,0.9064748201438849,0.8,1.0,0.0,0.0,0.9936170212765958
volcanoes-e5,knn-nosuite,0.9064748201438849,1.0,1.0,0.0,0.0,0.994328922495274
volcanoes-e5,knn-nosuite,0.9064748201438849,1.0,1.0,0.0,0.0,0.9957983193277311
volcanoes-e5,knn-nosuite,0.9064748201438849,1.0,1.0,0.0,0.0,0.9969924812030075
volcanoes-e5,knn-nosuite,0.9064748201438849,1.0,1.0,0.0,0.0,0.9958100558659219
volcanoes-e5,knn-nosuite,0.9064748201438849,1.0,1.0,0.0,0.0,0.9954682779456194
volcanoes-e5,knn-nosuite,0.9064748201438849,1.0,1.0,0.0,0.0,0.9858934169278996
volcanoes-e5,knn-nosuite,0.9064748201438849,1.0,1.0,0.0,0.0,0.9962640099626402
wine-quality-red,knn-nosuite,0.575,0.4,0.9375,0.0,0.0,1.0
wine-quality-red,knn-nosuite,0.575,0.8,1.0,0.0,0.0,0.9870967741935484
wine-quality-red,knn-nosuite,0.575,0.8,1.0,0.0,0.0,0.9959514170040485
wine-quality-red,knn-nosuite,0.575,0.6,0.9,0.0,0.0,1.0
wine-quality-red,knn-nosuite,0.575,0.6,0.888888888888889,0.0,0.0,0.9901960784313726
wine-quality-red,knn-nosuite,0.575,1.0,1.0,0.0,0.0,1.0
wine-quality-red,knn-nosuite,0.575,0.6,1.0,0.0,0.0,1.0
wine-quality-red,knn-nosuite,0.575,0.6,1.0,0.0,0.0,1.0
wine-quality-red,knn-nosuite,0.575,0.8,1.0,0.0,0.0,0.988950276243094
wine-quality-red,knn-nosuite,0.575,0.6,0.75,0.0,0.0,0.9915966386554622
wine-quality-red,knn-nosuite,0.575,0.6,1.0,0.0,0.0,0.9944444444444445
wine-quality-red,knn-nosuite,0.575,0.8,1.0,0.0,0.0,1.0
wine-quality-red,knn-nosuite,0.575,0.8,1.0,0.0,0.0,1.0
wine-quality-red,knn-nosuite,0.575,0.4,1.0,0.0,0.0,0.9921259842519685
wine-quality-red,knn-nosuite,0.575,1.0,0.9772727272727273,0.0,0.0,1.0
wine-quality-red,knn-nosuite,0.575,0.4,0.8478260869565217,0.0,0.0,0.9573170731707317
wine-quality-red,knn-nosuite,0.575,0.6,0.962962962962963,0.0,0.0,0.989071038251366
wine-quality-red,knn-nosuite,0.575,0.6,1.0,0.0,0.0,0.9575757575757574
wine-quality-red,knn-nosuite,0.575,0.4,1.0,0.0,0.0,0.8936170212765957
wine-quality-red,knn-nosuite,0.575,0.4,1.0,0.0,0.0,0.961038961038961
wine-quality-red,knn-nosuite,0.575,0.4,0.9736842105263157,0.0,0.0,1.0
wine-quality-red,knn-nosuite,0.575,0.4,1.0,0.0,0.0,1.0
wine-quality-red,knn-nosuite,0.575,0.8,0.9354838709677418,0.0,0.0,1.0
wine-quality-red,knn-nosuite,0.575,0.8,0.8913043478260869,0.0,0.0,0.9936908517350158
wine-quality-red,knn-nosuite,0.575,0.8,1.0,0.0,0.0,1.0
wine-quality-red,knn-nosuite,0.575,0.6,1.0,0.0,0.0,0.9851851851851852
wine-quality-red,knn-nosuite,0.575,0.6,1.0,0.0,0.0,1.0
wine-quality-red,knn-nosuite,0.575,0.8,1.0,0.0,0.0,1.0
wine-quality-red,knn-nosuite,0.575,0.4,0.9310344827586207,0.0,0.0,0.9951456310679612
wine-quality-red,knn-nosuite,0.575,0.6,1.0,0.0,0.0,1.0
wine-quality-red,knn-nosuite,0.575,1.0,1.0,0.0,0.0,0.9919786096256684
wine-quality-red,knn-nosuite,0.575,0.6,0.9565217391304348,0.0,0.0,0.868421052631579
wine-quality-red,knn-nosuite,0.575,0.4,0.9411764705882353,0.0,0.0,0.9952153110047848
wine-quality-red,knn-nosuite,0.575,0.4,1.0,0.0,0.0,1.0
wine-quality-red,knn-nosuite,0.575,0.6,1.0,0.0,0.0,0.909090909090909
wine-quality-red,knn-nosuite,0.575,0.4,0.8,0.0,0.0,0.9936507936507937
wine-quality-red,knn-nosuite,0.575,1.0,0.9836065573770492,0.0,0.0,0.9977628635346756
wine-quality-red,knn-nosuite,0.575,0.4,1.0,0.0,0.0,0.9947089947089947
wine-quality-red,knn-nosuite,0.575,0.8,0.9130434782608695,0.0,0.0,1.0
wine-quality-red,knn-nosuite,0.575,0.6,1.0,0.0,0.0,1.0
wine-quality-red,knn-nosuite,0.575,0.4,0.909090909090909,0.0,0.0,0.9481481481481481
wine-quality-red,knn-nosuite,0.575,0.6,1.0,0.0,0.0,0.9979166666666666
wine-quality-red,knn-nosuite,0.575,0.6,1.0,0.0,0.0,0.9814814814814815
wine-quality-red,knn-nosuite,0.575,0.6,1.0,0.0,0.0,0.9961538461538462
wine-quality-red,knn-nosuite,0.575,0.6,1.0,0.0,0.0,1.0
wine-quality-red,knn-nosuite,0.575,0.4,1.0,0.0,0.0,0.9833333333333332
wine-quality-red,knn-nosuite,0.575,0.6,0.9285714285714286,0.0,0.0,0.9962121212121213
wine-quality-red,knn-nosuite,0.575,0.4,0.8,0.0,0.0,1.0
wine-quality-red,knn-nosuite,0.575,0.6,0.8,0.0,0.0,0.9951456310679612
wine-quality-red,knn-nosuite,0.575,0.6,1.0,0.0,0.0,1.0
yeast,knn-nosuite,0.5929919137466307,0.8,0.9259259259259259,0.0,0.0,0.973404255319149
yeast,knn-nosuite,0.5929919137466307,1.0,0.9318181818181819,0.0,0.0,1.0
yeast,knn-nosuite,0.5929919137466307,0.6,0.8837209302325582,0.0,0.0,0.9937888198757763
yeast,knn-nosuite,0.5929919137466307,0.6,1.0,0.0,0.0,0.9939024390243902
yeast,knn-nosuite,0.5929919137466307,0.6,1.0,0.0,0.0,0.9915966386554622
yeast,knn-nosuite,0.5929919137466307,0.4,0.875,0.0,0.0,0.9960629921259843
yeast,knn-nosuite,0.5929919137466307,0.6,0.8367346938775511,0.0,0.0,0.9185185185185185
yeast,knn-nosuite,0.5929919137466307,0.4,0.9285714285714286,0.0,0.0,0.855595667870036
yeast,knn-nosuite,0.5929919137466307,0.4,1.0,0.0,0.0,0.967741935483871
yeast,knn-nosuite,0.5929919137466307,0.8,1.0,0.0,0.0,0.9896907216494846
yeast,knn-nosuite,0.5929919137466307,0.6,1.0,0.0,0.0,0.9955752212389382
yeast,knn-nosuite,0.5929919137466307,0.6,0.8666666666666668,0.0,0.0,0.9840425531914894
yeast,knn-nosuite,0.5929919137466307,0.6,0.962962962962963,0.0,0.0,1.0
yeast,knn-nosuite,0.5929919137466307,0.6,0.9830508474576272,0.0,0.0,1.0
yeast,knn-nosuite,0.5929919137466307,0.6,1.0,0.0,0.0,0.9924812030075187
yeast,knn-nosuite,0.5929919137466307,0.8,0.8985507246376813,0.0,0.0,0.986111111111111
yeast,knn-nosuite,0.5929919137466307,0.8,0.8947368421052632,0.0,0.0,0.975609756097561
yeast,knn-nosuite,0.5929919137466307,0.6,0.9565217391304348,0.0,0.0,1.0
yeast,knn-nosuite,0.5929919137466307,0.6,1.0,0.0,0.0,0.8648648648648649
yeast,knn-nosuite,0.5929919137466307,0.8,1.0,0.0,0.0,1.0
yeast,knn-nosuite,0.5929919137466307,0.6,0.8,0.0,0.0,0.9947643979057592
yeast,knn-nosuite,0.5929919137466307,0.8,0.9230769230769231,0.0,0.0,0.9380952380952381
yeast,knn-nosuite,0.5929919137466307,0.6,1.0,0.0,0.0,0.9948186528497409
yeast,knn-nosuite,0.5929919137466307,0.6,0.967741935483871,0.0,0.0,0.8854166666666666
yeast,knn-nosuite,0.5929919137466307,0.4,1.0,0.0,0.0,0.959409594095941
yeast,knn-nosuite,0.5929919137466307,0.6,0.8,0.0,0.0,1.0
yeast,knn-nosuite,0.5929919137466307,0.6,0.875,0.0,0.0,0.9226190476190477
yeast,knn-nosuite,0.5929919137466307,0.8,0.8333333333333334,0.0,0.0,0.9565217391304348
yeast,knn-nosuite,0.5929919137466307,0.8,0.8333333333333334,0.0,0.0,0.988795518207283
yeast,knn-nosuite,0.5929919137466307,0.6,0.7142857142857143,0.0,0.0,0.9429657794676805
yeast,knn-nosuite,0.5929919137466307,1.0,1.0,0.0,0.0,0.96875
yeast,knn-nosuite,0.5929919137466307,0.8,1.0,0.0,0.0,0.9815950920245399
yeast,knn-nosuite,0.5929919137466307,0.6,0.9268292682926831,0.0,0.0,0.9542483660130718
yeast,knn-nosuite,0.5929919137466307,0.8,0.9423076923076923,0.0,0.0,1.0
yeast,knn-nosuite,0.5929919137466307,0.8,0.9487179487179487,0.0,0.0,0.9952153110047848
yeast,knn-nosuite,0.5929919137466307,0.6,0.8,0.0,0.0,1.0
yeast,knn-nosuite,0.5929919137466307,1.0,0.96,0.0,0.0,0.9876543209876543
yeast,knn-nosuite,0.5929919137466307,1.0,1.0,0.0,0.0,1.0
yeast,knn-nosuite,0.5929919137466307,0.6,0.8,0.0,0.0,0.994475138121547
yeast,knn-nosuite,0.5929919137466307,0.6,0.8333333333333334,0.0,0.0,1.0
yeast,knn-nosuite,0.5929919137466307,0.6,0.82,0.0,0.0,0.9716494845360824
yeast,knn-nosuite,0.5929919137466307,0.6,0.9230769230769231,0.0,0.0,0.8804347826086957
yeast,knn-nosuite,0.5929919137466307,0.6,1.0,0.0,0.0,0.8828125
yeast,knn-nosuite,0.5929919137466307,0.6,0.9512195121951219,0.0,0.0,0.9343065693430657
yeast,knn-nosuite,0.5929919137466307,0.6,0.9696969696969697,0.0,0.0,1.0
yeast,knn-nosuite,0.5929919137466307,0.4,0.96875,0.0,0.0,0.9864864864864865
yeast,knn-nosuite,0.5929919137466307,0.6,0.6666666666666666,0.0,0.0,0.9548022598870055
yeast,knn-nosuite,0.5929919137466307,1.0,1.0,0.0,0.0,0.9789915966386553
yeast,knn-nosuite,0.5929919137466307,1.0,1.0,0.0,0.0,0.990990990990991
rmftsa,knn-nosuite,0.53125,0.4,0.675,0.0,0.0,0.723404255319149
rmftsa,knn-nosuite,0.53125,0.4,0.5625,0.0,0.0,0.7142857142857143
rmftsa,knn-nosuite,0.53125,0.4,0.6428571428571429,0.0,0.0,0.8762886597938145
rmftsa,knn-nosuite,0.53125,0.4,0.875,0.0,0.0,0.6635514018691588
rmftsa,knn-nosuite,0.53125,0.6,1.0,0.0,0.0,0.9705882352941175
rmftsa,knn-nosuite,0.53125,0.8,1.0,0.0,0.0,0.9568345323741008
rmftsa,knn-nosuite,0.53125,0.4,0.8378378378378379,0.0,0.0,0.8313253012048193
rmftsa,knn-nosuite,0.53125,1.0,1.0,0.0,0.0,0.7560975609756098
rmftsa,knn-nosuite,0.53125,0.4,0.5609756097560976,0.0,0.0,0.4789915966386554
rmftsa,knn-nosuite,0.53125,0.8,1.0,0.0,0.0,0.6884057971014492
rmftsa,knn-nosuite,0.53125,1.0,1.0,0.0,0.0,0.8676844783715014
rmftsa,knn-nosuite,0.53125,0.6,1.0,0.0,0.0,0.9928057553956835
rmftsa,knn-nosuite,0.53125,0.4,0.8928571428571429,0.0,0.0,0.7884615384615384
rmftsa,knn-nosuite,0.53125,0.6,0.9230769230769231,0.0,0.0,0.802919708029197
rmftsa,knn-nosuite,0.53125,0.4,1.0,0.0,0.0,0.9203539823008849
rmftsa,knn-nosuite,0.53125,0.4,1.0,0.0,0.0,0.8623188405797102
rmftsa,knn-nosuite,0.53125,0.6,0.4242424242424242,0.0,0.0,0.8181818181818181
rmftsa,knn-nosuite,0.53125,0.8,1.0,0.0,0.0,0.6884057971014492
rmftsa,knn-nosuite,0.53125,0.6,0.9,0.0,0.0,0.9208633093525179
rmftsa,knn-nosuite,0.53125,0.8,0.9,0.0,0.0,0.8539823008849557
rmftsa,knn-nosuite,0.53125,0.6,0.7297297297297297,0.0,0.0,0.7132352941176471
rmftsa,knn-nosuite,0.53125,0.8,1.0,0.0,0.0,0.8584905660377359
rmftsa,knn-nosuite,0.53125,0.6,0.5428571428571428,0.0,0.0,0.846590909090909
rmftsa,knn-nosuite,0.53125,0.6,1.0,0.0,0.0,0.9276018099547512
rmftsa,knn-nosuite,0.53125,0.6,0.5555555555555556,0.0,0.0,0.7486033519553073
rmftsa,knn-nosuite,0.53125,0.4,0.5510204081632653,0.0,0.0,0.8666666666666668
rmftsa,knn-nosuite,0.53125,0.4,1.0,0.0,0.0,0.9414893617021278
rmftsa,knn-nosuite,0.53125,0.6,0.6153846153846154,0.0,0.0,0.6931818181818182
rmftsa,knn-nosuite,0.53125,0.4,0.9384615384615385,0.0,0.0,0.9627329192546584
rmftsa,knn-nosuite,0.53125,0.6,0.75,0.0,0.0,0.696969696969697
rmftsa,knn-nosuite,0.53125,0.6,1.0,0.0,0.0,0.6950354609929078
rmftsa,knn-nosuite,0.53125,0.4,0.8928571428571429,0.0,0.0,0.7857142857142857
rmftsa,knn-nosuite,0.53125,0.6,0.9230769230769231,0.0,0.0,0.802919708029197
rmftsa,knn-nosuite,0.53125,0.6,0.5625,0.0,0.0,0.7887323943661971
rmftsa,knn-nosuite,0.53125,0.4,0.9420289855072463,0.0,0.0,0.9473684210526315
rmftsa,knn-nosuite,0.53125,0.6,0.4545454545454545,0.0,0.0,0.9389312977099238
rmftsa,knn-nosuite,0.53125,0.8,1.0,0.0,0.0,0.8018867924528303
rmftsa,knn-nosuite,0.53125,1.0,0.9393939393939394,0.0,0.0,0.9705882352941175
rmftsa,knn-nosuite,0.53125,0.8,0.9868421052631579,0.0,0.0,0.85
rmftsa,knn-nosuite,0.53125,0.6,0.5238095238095238,0.0,0.0,0.9516129032258064
rmftsa,knn-nosuite,0.53125,0.6,0.8363636363636363,0.0,0.0,0.9491525423728813
rmftsa,knn-nosuite,0.53125,0.4,0.8867924528301888,0.0,0.0,0.6368159203980099
rmftsa,knn-nosuite,0.53125,0.6,0.7916666666666666,0.0,0.0,0.6391304347826087
rmftsa,knn-nosuite,0.53125,0.4,0.625,0.0,0.0,0.8405797101449275
rmftsa,knn-nosuite,0.53125,1.0,0.9230769230769231,0.0,0.0,0.931297709923664
rmftsa,knn-nosuite,0.53125,0.8,1.0,0.0,0.0,0.6884057971014492
rmftsa,knn-nosuite,0.53125,0.6,0.7916666666666666,0.0,0.0,0.6391304347826087
rmftsa,knn-nosuite,0.53125,0.6,0.4545454545454545,0.0,0.0,0.9595959595959596
rmftsa,knn-nosuite,0.53125,0.6,0.8181818181818181,0.0,0.0,0.7946428571428571
rmftsa,knn-nosuite,0.53125,0.6,0.8108108108108109,0.0,0.0,0.6666666666666666
banknote-authentication,knn-nosuite,1.0,1.0,1.0,0.0,0.0,1.0
banknote-authentication,knn-nosuite,1.0,1.0,1.0,0.0,0.0,1.0
banknote-authentication,knn-nosuite,1.0,1.0,1.0,0.0,0.0,1.0
banknote-authentication,knn-nosuite,1.0,1.0,0.9893617021276595,0.0,0.0,1.0
banknote-authentication,knn-nosuite,1.0,1.0,1.0,0.0,0.0,1.0
banknote-authentication,knn-nosuite,1.0,1.0,1.0,0.0,0.0,1.0
banknote-authentication,knn-nosuite,1.0,1.0,1.0,0.0,0.0,0.990521327014218
banknote-authentication,knn-nosuite,1.0,1.0,1.0,0.0,0.0,1.0
banknote-authentication,knn-nosuite,1.0,1.0,1.0,0.0,0.0,1.0
banknote-authentication,knn-nosuite,1.0,1.0,1.0,0.0,0.0,1.0
banknote-authentication,knn-nosuite,1.0,1.0,1.0,0.0,0.0,1.0
banknote-authentication,knn-nosuite,1.0,1.0,1.0,0.0,0.0,1.0
banknote-authentication,knn-nosuite,1.0,1.0,1.0,0.0,0.0,1.0
banknote-authentication,knn-nosuite,1.0,1.0,1.0,0.0,0.0,0.9967213114754099
banknote-authentication,knn-nosuite,1.0,1.0,0.9901960784313726,0.0,0.0,1.0
banknote-authentication,knn-nosuite,1.0,1.0,1.0,0.0,0.0,1.0
banknote-authentication,knn-nosuite,1.0,1.0,1.0,0.0,0.0,1.0
banknote-authentication,knn-nosuite,1.0,1.0,0.9875,0.0,0.0,1.0
banknote-authentication,knn-nosuite,1.0,1.0,1.0,0.0,0.0,0.9956521739130435
banknote-authentication,knn-nosuite,1.0,1.0,0.9901960784313726,0.0,0.0,1.0
banknote-authentication,knn-nosuite,1.0,1.0,1.0,0.0,0.0,1.0
banknote-authentication,knn-nosuite,1.0,1.0,1.0,0.0,0.0,0.9888268156424582
banknote-authentication,knn-nosuite,1.0,1.0,1.0,0.0,0.0,1.0
banknote-authentication,knn-nosuite,1.0,1.0,1.0,0.0,0.0,1.0
banknote-authentication,knn-nosuite,1.0,1.0,0.9795918367346939,0.0,0.0,1.0
banknote-authentication,knn-nosuite,1.0,1.0,1.0,0.0,0.0,1.0
banknote-authentication,knn-nosuite,1.0,1.0,0.9901960784313726,0.0,0.0,1.0
banknote-authentication,knn-nosuite,1.0,1.0,1.0,0.0,0.0,0.9948453608247423
banknote-authentication,knn-nosuite,1.0,1.0,1.0,0.0,0.0,1.0
banknote-authentication,knn-nosuite,1.0,1.0,0.980392156862745,0.0,0.0,1.0
banknote-authentication,knn-nosuite,1.0,1.0,1.0,0.0,0.0,1.0
banknote-authentication,knn-nosuite,1.0,1.0,0.9901960784313726,0.0,0.0,0.9946808510638296
banknote-authentication,knn-nosuite,1.0,1.0,1.0,0.0,0.0,1.0
banknote-authentication,knn-nosuite,1.0,1.0,1.0,0.0,0.0,1.0
banknote-authentication,knn-nosuite,1.0,1.0,1.0,0.0,0.0,1.0
banknote-authentication,knn-nosuite,1.0,1.0,1.0,0.0,0.0,1.0
banknote-authentication,knn-nosuite,1.0,1.0,1.0,0.0,0.0,1.0
banknote-authentication,knn-nosuite,1.0,1.0,1.0,0.0,0.0,1.0
banknote-authentication,knn-nosuite,1.0,1.0,1.0,0.0,0.0,0.9840425531914894
banknote-authentication,knn-nosuite,1.0,1.0,1.0,0.0,0.0,1.0
banknote-authentication,knn-nosuite,1.0,1.0,1.0,0.0,0.0,1.0
banknote-authentication,knn-nosuite,1.0,1.0,1.0,0.0,0.0,1.0
banknote-authentication,knn-nosuite,1.0,1.0,0.9787234042553191,0.0,0.0,1.0
banknote-authentication,knn-nosuite,1.0,1.0,1.0,0.0,0.0,1.0
banknote-authentication,knn-nosuite,1.0,1.0,1.0,0.0,0.0,0.9914163090128756
banknote-authentication,knn-nosuite,1.0,1.0,1.0,0.0,0.0,1.0
banknote-authentication,knn-nosuite,1.0,1.0,1.0,0.0,0.0,1.0
banknote-authentication,knn-nosuite,1.0,1.0,1.0,0.0,0.0,1.0
banknote-authentication,knn-nosuite,1.0,1.0,1.0,0.0,0.0,1.0
banknote-authentication,knn-nosuite,1.0,1.0,1.0,0.0,0.0,1.0
volcanoes-a2,knn-nosuite,0.9408866995073891,1.0,1.0,0.0,0.0,0.9962216624685138
volcanoes-a2,knn-nosuite,0.9408866995073891,1.0,1.0,0.0,0.0,0.9942396313364055
volcanoes-a2,knn-nosuite,0.9408866995073891,1.0,1.0,0.0,0.0,0.99498997995992
volcanoes-a2,knn-nosuite,0.9408866995073891,1.0,1.0,0.0,0.0,0.9977401129943504
volcanoes-a2,knn-nosuite,0.9408866995073891,0.8,1.0,0.0,0.0,0.9983818770226536
volcanoes-a2,knn-nosuite,0.9408866995073891,1.0,1.0,0.0,0.0,0.99498997995992
volcanoes-a2,knn-nosuite,0.9408866995073891,1.0,1.0,0.0,0.0,0.9954802259887006
volcanoes-a2,knn-nosuite,0.9408866995073891,1.0,1.0,0.0,0.0,0.9957983193277311
volcanoes-a2,knn-nosuite,0.9408866995073891,1.0,1.0,0.0,0.0,0.9957627118644068
volcanoes-a2,knn-nosuite,0.9408866995073891,1.0,1.0,0.0,0.0,0.9985185185185184
volcanoes-a2,knn-nosuite,0.9408866995073891,0.4,0.9724770642201837,0.0,0.0,1.0
volcanoes-a2,knn-nosuite,0.9408866995073891,1.0,1.0,0.0,0.0,0.9958448753462605
volcanoes-a2,knn-nosuite,0.9408866995073891,0.8,0.9896907216494846,0.0,0.0,0.9801762114537445
volcanoes-a2,knn-nosuite,0.9408866995073891,0.6,0.9834710743801655,0.0,0.0,1.0
volcanoes-a2,knn-nosuite,0.9408866995073891,1.0,1.0,0.0,0.0,0.997879109225875
volcanoes-a2,knn-nosuite,0.9408866995073891,1.0,1.0,0.0,0.0,0.9947423764458465
volcanoes-a2,knn-nosuite,0.9408866995073891,1.0,1.0,0.0,0.0,1.0
volcanoes-a2,knn-nosuite,0.9408866995073891,1.0,1.0,0.0,0.0,0.998046875
volcanoes-a2,knn-nosuite,0.9408866995073891,1.0,1.0,0.0,0.0,1.0
volcanoes-a2,knn-nosuite,0.9408866995073891,1.0,1.0,0.0,0.0,1.0
volcanoes-a2,knn-nosuite,0.9408866995073891,1.0,1.0,0.0,0.0,0.9985935302390999
volcanoes-a2,knn-nosuite,0.9408866995073891,1.0,1.0,0.0,0.0,0.997624703087886
volcanoes-a2,knn-nosuite,0.9408866995073891,1.0,1.0,0.0,0.0,0.9969167523124358
volcanoes-a2,knn-nosuite,0.9408866995073891,1.0,1.0,0.0,0.0,0.9955686853766619
volcanoes-a2,knn-nosuite,0.9408866995073891,1.0,1.0,0.0,0.0,0.9967741935483871
volcanoes-a2,knn-nosuite,0.9408866995073891,1.0,1.0,0.0,0.0,0.9988249118683902
volcanoes-a2,knn-nosuite,0.9408866995073891,1.0,1.0,0.0,0.0,0.9959128065395095
volcanoes-a2,knn-nosuite,0.9408866995073891,1.0,1.0,0.0,0.0,0.9946737683089214
volcanoes-a2,knn-nosuite,0.9408866995073891,1.0,1.0,0.0,0.0,0.9966517857142858
volcanoes-a2,knn-nosuite,0.9408866995073891,1.0,1.0,0.0,0.0,0.9947753396029257
volcanoes-a2,knn-nosuite,0.9408866995073891,1.0,1.0,0.0,0.0,0.9949811794228356
volcanoes-a2,knn-nosuite,0.9408866995073891,1.0,1.0,0.0,0.0,0.9978835978835979
volcanoes-a2,knn-nosuite,0.9408866995073891,1.0,1.0,0.0,0.0,0.9962358845671269
volcanoes-a2,knn-nosuite,0.9408866995073891,1.0,1.0,0.0,0.0,0.99498997995992
volcanoes-a2,knn-nosuite,0.9408866995073891,1.0,1.0,0.0,0.0,0.994934143870314
volcanoes-a2,knn-nosuite,0.9408866995073891,1.0,1.0,0.0,0.0,0.9978142076502732
volcanoes-a2,knn-nosuite,0.9408866995073891,1.0,1.0,0.0,0.0,0.9946638207043756
volcanoes-a2,knn-nosuite,0.9408866995073891,0.6,0.875,0.0,0.0,0.9910179640718562
volcanoes-a2,knn-nosuite,0.9408866995073891,1.0,1.0,0.0,0.0,0.9968520461699895
volcanoes-a2,knn-nosuite,0.9408866995073891,0.6,0.975206611570248,0.0,0.0,1.0
volcanoes-a2,knn-nosuite,0.9408866995073891,1.0,1.0,0.0,0.0,0.9937421777221527
volcanoes-a2,knn-nosuite,0.9408866995073891,1.0,1.0,0.0,0.0,0.995850622406639
volcanoes-a2,knn-nosuite,0.9408866995073891,1.0,1.0,0.0,0.0,0.9965357967667436
volcanoes-a2,knn-nosuite,0.9408866995073891,1.0,1.0,0.0,0.0,0.9951219512195122
volcanoes-a2,knn-nosuite,0.9408866995073891,1.0,1.0,0.0,0.0,0.994994994994995
volcanoes-a2,knn-nosuite,0.9408866995073891,0.6,0.7058823529411765,0.0,0.0,0.9927007299270073
volcanoes-a2,knn-nosuite,0.9408866995073891,1.0,1.0,0.0,0.0,0.9958217270194986
volcanoes-a2,knn-nosuite,0.9408866995073891,0.8,0.9917355371900827,0.0,0.0,0.9943977591036415
volcanoes-a2,knn-nosuite,0.9408866995073891,1.0,1.0,0.0,0.0,1.0
volcanoes-a2,knn-nosuite,0.9408866995073891,1.0,1.0,0.0,0.0,1.0
volcanoes-a3,knn-nosuite,0.905511811023622,0.8,1.0,0.0,0.0,0.9932735426008967
volcanoes-a3,knn-nosuite,0.905511811023622,1.0,1.0,0.0,0.0,0.9944979367262723
volcanoes-a3,knn-nosuite,0.905511811023622,0.4,0.7441860465116279,0.0,0.0,0.9924385633270323
volcanoes-a3,knn-nosuite,0.905511811023622,1.0,1.0,0.0,0.0,0.9987146529562982
volcanoes-a3,knn-nosuite,0.905511811023622,1.0,1.0,0.0,0.0,0.9987244897959183
volcanoes-a3,knn-nosuite,0.905511811023622,1.0,1.0,0.0,0.0,0.9974747474747476
volcanoes-a3,knn-nosuite,0.905511811023622,1.0,1.0,0.0,0.0,0.995945945945946
volcanoes-a3,knn-nosuite,0.905511811023622,1.0,1.0,0.0,0.0,0.9957627118644068
volcanoes-a3,knn-nosuite,0.905511811023622,0.8,1.0,0.0,0.0,0.9967585089141003
volcanoes-a3,knn-nosuite,0.905511811023622,1.0,1.0,0.0,0.0,0.998792270531401
volcanoes-a3,knn-nosuite,0.905511811023622,1.0,1.0,0.0,0.0,0.9974424552429667
volcanoes-a3,knn-nosuite,0.905511811023622,1.0,1.0,0.0,0.0,0.996951219512195
volcanoes-a3,knn-nosuite,0.905511811023622,0.8,1.0,0.0,0.0,1.0
volcanoes-a3,knn-nosuite,0.905511811023622,0.6,1.0,0.0,0.0,0.9969135802469136
volcanoes-a3,knn-nosuite,0.905511811023622,1.0,1.0,0.0,0.0,0.997737556561086
volcanoes-a3,knn-nosuite,0.905511811023622,1.0,1.0,0.0,0.0,0.9982578397212544
volcanoes-a3,knn-nosuite,0.905511811023622,1.0,1.0,0.0,0.0,1.0
volcanoes-a3,knn-nosuite,0.905511811023622,1.0,1.0,0.0,0.0,0.9956709956709957
volcanoes-a3,knn-nosuite,0.905511811023622,1.0,1.0,0.0,0.0,0.9987341772151899
volcanoes-a3,knn-nosuite,0.905511811023622,1.0,1.0,0.0,0.0,0.9948979591836735
volcanoes-a3,knn-nosuite,0.905511811023622,1.0,1.0,0.0,0.0,0.9960513326752223
volcanoes-a3,knn-nosuite,0.905511811023622,1.0,1.0,0.0,0.0,0.9961832061068703
volcanoes-a3,knn-nosuite,0.905511811023622,1.0,1.0,0.0,0.0,0.9988839285714286
volcanoes-a3,knn-nosuite,0.905511811023622,0.8,0.9901960784313726,0.0,0.0,1.0
volcanoes-a3,knn-nosuite,0.905511811023622,1.0,1.0,0.0,0.0,0.998696219035202
volcanoes-a3,knn-nosuite,0.905511811023622,1.0,1.0,0.0,0.0,0.9957761351636748
volcanoes-a3,knn-nosuite,0.905511811023622,0.8,1.0,0.0,0.0,0.9985795454545453
volcanoes-a3,knn-nosuite,0.905511811023622,1.0,1.0,0.0,0.0,0.997709049255441
volcanoes-a3,knn-nosuite,0.905511811023622,1.0,1.0,0.0,0.0,0.9978021978021978
volcanoes-a3,knn-nosuite,0.905511811023622,1.0,1.0,0.0,0.0,0.9988193624557262
volcanoes-a3,knn-nosuite,0.905511811023622,1.0,1.0,0.0,0.0,0.9955947136563876
volcanoes-a3,knn-nosuite,0.905511811023622,1.0,1.0,0.0,0.0,0.9972375690607734
volcanoes-a3,knn-nosuite,0.905511811023622,0.6,1.0,0.0,0.0,0.9985795454545453
volcanoes-a3,knn-nosuite,0.905511811023622,1.0,1.0,0.0,0.0,0.9955489614243322
volcanoes-a3,knn-nosuite,0.905511811023622,1.0,1.0,0.0,0.0,0.9955995599559955
volcanoes-a3,knn-nosuite,0.905511811023622,0.8,1.0,0.0,0.0,1.0
volcanoes-a3,knn-nosuite,0.905511811023622,1.0,1.0,0.0,0.0,0.9953216374269006
volcanoes-a3,knn-nosuite,0.905511811023622,1.0,1.0,0.0,0.0,0.9989106753812637
volcanoes-a3,knn-nosuite,0.905511811023622,0.8,0.9902912621359224,0.0,0.0,0.9941860465116278
volcanoes-a3,knn-nosuite,0.905511811023622,1.0,1.0,0.0,0.0,0.9957081545064378
volcanoes-a3,knn-nosuite,0.905511811023622,1.0,1.0,0.0,0.0,0.9977064220183486
volcanoes-a3,knn-nosuite,0.905511811023622,0.8,0.8,0.0,0.0,0.8372093023255814
volcanoes-a3,knn-nosuite,0.905511811023622,1.0,1.0,0.0,0.0,0.9987228607918264
volcanoes-a3,knn-nosuite,0.905511811023622,1.0,1.0,0.0,0.0,0.9987515605493134
volcanoes-a3,knn-nosuite,0.905511811023622,0.8,1.0,0.0,0.0,1.0
volcanoes-a3,knn-nosuite,0.905511811023622,1.0,1.0,0.0,0.0,0.9957081545064378
volcanoes-a3,knn-nosuite,0.905511811023622,1.0,1.0,0.0,0.0,0.9984917043740573
volcanoes-a3,knn-nosuite,0.905511811023622,1.0,1.0,0.0,0.0,0.9950433705080546
volcanoes-a3,knn-nosuite,0.905511811023622,1.0,1.0,0.0,0.0,0.9989484752891693
volcanoes-a3,knn-nosuite,0.905511811023622,1.0,1.0,0.0,0.0,1.0
volcanoes-a4,knn-nosuite,0.899736147757256,1.0,1.0,0.0,0.0,0.9940059940059939
volcanoes-a4,knn-nosuite,0.899736147757256,1.0,1.0,0.0,0.0,0.9985775248933144
volcanoes-a4,knn-nosuite,0.899736147757256,0.6,0.6190476190476191,0.0,0.0,0.5607476635514018
volcanoes-a4,knn-nosuite,0.899736147757256,1.0,1.0,0.0,0.0,0.9918367346938777
volcanoes-a4,knn-nosuite,0.899736147757256,1.0,1.0,0.0,0.0,0.9955995599559955
volcanoes-a4,knn-nosuite,0.899736147757256,0.4,0.4,0.0,0.0,0.9644970414201184
volcanoes-a4,knn-nosuite,0.899736147757256,1.0,1.0,0.0,0.0,1.0
volcanoes-a4,knn-nosuite,0.899736147757256,0.8,0.9911504424778761,0.0,0.0,0.9966722129783694
volcanoes-a4,knn-nosuite,0.899736147757256,1.0,1.0,0.0,0.0,0.9968404423380728
volcanoes-a4,knn-nosuite,0.899736147757256,1.0,1.0,0.0,0.0,1.0
volcanoes-a4,knn-nosuite,0.899736147757256,1.0,1.0,0.0,0.0,0.9939879759519037
volcanoes-a4,knn-nosuite,0.899736147757256,0.8,1.0,0.0,0.0,1.0
volcanoes-a4,knn-nosuite,0.899736147757256,1.0,1.0,0.0,0.0,0.9938712972420838
volcanoes-a4,knn-nosuite,0.899736147757256,1.0,1.0,0.0,0.0,0.9938271604938272
volcanoes-a4,knn-nosuite,0.899736147757256,1.0,1.0,0.0,0.0,0.9930635838150289
volcanoes-a4,knn-nosuite,0.899736147757256,1.0,1.0,0.0,0.0,0.99860529986053
volcanoes-a4,knn-nosuite,0.899736147757256,1.0,1.0,0.0,0.0,0.9987113402061855
volcanoes-a4,knn-nosuite,0.899736147757256,1.0,1.0,0.0,0.0,0.9929859719438878
volcanoes-a4,knn-nosuite,0.899736147757256,1.0,1.0,0.0,0.0,1.0
volcanoes-a4,knn-nosuite,0.899736147757256,1.0,1.0,0.0,0.0,0.9928486293206198
volcanoes-a4,knn-nosuite,0.899736147757256,1.0,1.0,0.0,0.0,0.9923076923076923
volcanoes-a4,knn-nosuite,0.899736147757256,0.6,0.6190476190476191,0.0,0.0,0.6629213483146067
volcanoes-a4,knn-nosuite,0.899736147757256,1.0,1.0,0.0,0.0,0.9969293756397134
volcanoes-a4,knn-nosuite,0.899736147757256,1.0,1.0,0.0,0.0,0.993933265925177
volcanoes-a4,knn-nosuite,0.899736147757256,0.4,0.9873417721518989,0.0,0.0,0.9253731343283583
volcanoes-a4,knn-nosuite,0.899736147757256,1.0,1.0,0.0,0.0,0.9936575052854122
volcanoes-a4,knn-nosuite,0.899736147757256,1.0,1.0,0.0,0.0,0.9985875706214691
volcanoes-a4,knn-nosuite,0.899736147757256,0.4,0.6,0.0,0.0,0.9465648854961832
volcanoes-a4,knn-nosuite,0.899736147757256,1.0,1.0,0.0,0.0,0.9924528301886791
volcanoes-a4,knn-nosuite,0.899736147757256,1.0,1.0,0.0,0.0,0.9986168741355463
volcanoes-a4,knn-nosuite,0.899736147757256,0.8,1.0,0.0,0.0,0.9922779922779924
volcanoes-a4,knn-nosuite,0.899736147757256,1.0,1.0,0.0,0.0,1.0
volcanoes-a4,knn-nosuite,0.899736147757256,1.0,0.9911504424778761,0.0,0.0,0.99302649930265
volcanoes-a4,knn-nosuite,0.899736147757256,1.0,1.0,0.0,0.0,1.0
volcanoes-a4,knn-nosuite,0.899736147757256,0.4,0.36363636363636365,0.0,0.0,0.7023809523809523
volcanoes-a4,knn-nosuite,0.899736147757256,0.8,1.0,0.0,0.0,0.9964200477326969
volcanoes-a4,knn-nosuite,0.899736147757256,0.8,1.0,0.0,0.0,0.9972640218878249
volcanoes-a4,knn-nosuite,0.899736147757256,1.0,1.0,0.0,0.0,0.9937694704049844
volcanoes-a4,knn-nosuite,0.899736147757256,0.8,1.0,0.0,0.0,0.9960732984293192
volcanoes-a4,knn-nosuite,0.899736147757256,0.6,0.68,0.0,0.0,0.989010989010989
volcanoes-a4,knn-nosuite,0.899736147757256,1.0,1.0,0.0,0.0,0.9976442873969376
volcanoes-a4,knn-nosuite,0.899736147757256,1.0,0.9875,0.0,0.0,0.9925233644859814
volcanoes-a4,knn-nosuite,0.899736147757256,1.0,1.0,0.0,0.0,1.0
volcanoes-a4,knn-nosuite,0.899736147757256,1.0,1.0,0.0,0.0,0.99721059972106
volcanoes-a4,knn-nosuite,0.899736147757256,1.0,1.0,0.0,0.0,1.0
volcanoes-a4,knn-nosuite,0.899736147757256,1.0,1.0,0.0,0.0,0.9978494623655914
volcanoes-a4,knn-nosuite,0.899736147757256,1.0,1.0,0.0,0.0,0.997677119628339
volcanoes-a4,knn-nosuite,0.899736147757256,1.0,1.0,0.0,0.0,0.9977949283351709
volcanoes-a4,knn-nosuite,0.899736147757256,0.8,1.0,0.0,0.0,0.9983792544570502
volcanoes-a4,knn-nosuite,0.899736147757256,1.0,1.0,0.0,0.0,0.9979360165118679
volcanoes-e1,knn-nosuite,0.9222972972972973,1.0,1.0,0.0,0.0,1.0
volcanoes-e1,knn-nosuite,0.9222972972972973,1.0,1.0,0.0,0.0,1.0
volcanoes-e1,knn-nosuite,0.9222972972972973,1.0,1.0,0.0,0.0,0.9980620155038761
volcanoes-e1,knn-nosuite,0.9222972972972973,1.0,1.0,0.0,0.0,1.0
volcanoes-e1,knn-nosuite,0.9222972972972973,1.0,1.0,0.0,0.0,1.0
volcanoes-e1,knn-nosuite,0.9222972972972973,1.0,1.0,0.0,0.0,0.9971305595408895
volcanoes-e1,knn-nosuite,0.9222972972972973,1.0,1.0,0.0,0.0,0.9978070175438598
volcanoes-e1,knn-nosuite,0.9222972972972973,1.0,1.0,0.0,0.0,0.9981718464351006
volcanoes-e1,knn-nosuite,0.9222972972972973,0.8,1.0,0.0,0.0,0.9958677685950412
volcanoes-e1,knn-nosuite,0.9222972972972973,1.0,1.0,0.0,0.0,1.0
volcanoes-e1,knn-nosuite,0.9222972972972973,1.0,1.0,0.0,0.0,0.9977011494252872
volcanoes-e1,knn-nosuite,0.9222972972972973,0.6,0.965909090909091,0.0,0.0,0.7578947368421053
volcanoes-e1,knn-nosuite,0.9222972972972973,0.8,1.0,0.0,0.0,0.9956331877729256
volcanoes-e1,knn-nosuite,0.9222972972972973,1.0,1.0,0.0,0.0,0.9964850615114236
volcanoes-e1,knn-nosuite,0.9222972972972973,1.0,1.0,0.0,0.0,0.9954128440366972
volcanoes-e1,knn-nosuite,0.9222972972972973,1.0,1.0,0.0,0.0,0.9967105263157896
volcanoes-e1,knn-nosuite,0.9222972972972973,1.0,1.0,0.0,0.0,1.0
volcanoes-e1,knn-nosuite,0.9222972972972973,1.0,1.0,0.0,0.0,0.998091603053435
volcanoes-e1,knn-nosuite,0.9222972972972973,0.8,1.0,0.0,0.0,0.9979338842975206
volcanoes-e1,knn-nosuite,0.9222972972972973,1.0,0.9886363636363636,0.0,0.0,1.0
volcanoes-e1,knn-nosuite,0.9222972972972973,0.6,1.0,0.0,0.0,0.850574712643678
volcanoes-e1,knn-nosuite,0.9222972972972973,1.0,1.0,0.0,0.0,0.9971387696709584
volcanoes-e1,knn-nosuite,0.9222972972972973,1.0,1.0,0.0,0.0,0.9922118380062306
volcanoes-e1,knn-nosuite,0.9222972972972973,1.0,1.0,0.0,0.0,0.9977924944812362
volcanoes-e1,knn-nosuite,0.9222972972972973,1.0,1.0,0.0,0.0,0.9979296066252588
volcanoes-e1,knn-nosuite,0.9222972972972973,0.8,0.9864864864864865,0.0,0.0,0.9951338199513382
volcanoes-e1,knn-nosuite,0.9222972972972973,1.0,1.0,0.0,0.0,0.9975429975429975
volcanoes-e1,knn-nosuite,0.9222972972972973,1.0,0.9886363636363636,0.0,0.0,0.9974160206718347
volcanoes-e1,knn-nosuite,0.9222972972972973,1.0,1.0,0.0,0.0,0.9949664429530202
volcanoes-e1,knn-nosuite,0.9222972972972973,1.0,1.0,0.0,0.0,0.9953271028037383
volcanoes-e1,knn-nosuite,0.9222972972972973,0.6,0.965909090909091,0.0,0.0,0.9886363636363636
volcanoes-e1,knn-nosuite,0.9222972972972973,1.0,1.0,0.0,0.0,0.9980392156862745
volcanoes-e1,knn-nosuite,0.9222972972972973,0.8,1.0,0.0,0.0,0.9949916527545909
volcanoes-e1,knn-nosuite,0.9222972972972973,1.0,1.0,0.0,0.0,0.9968454258675079
volcanoes-e1,knn-nosuite,0.9222972972972973,0.8,0.9772727272727273,0.0,0.0,0.9959677419354838
volcanoes-e1,knn-nosuite,0.9222972972972973,0.8,1.0,0.0,0.0,0.9952153110047848
volcanoes-e1,knn-nosuite,0.9222972972972973,1.0,1.0,0.0,0.0,0.9978586723768735
volcanoes-e1,knn-nosuite,0.9222972972972973,1.0,1.0,0.0,0.0,1.0
volcanoes-e1,knn-nosuite,0.9222972972972973,1.0,1.0,0.0,0.0,1.0
volcanoes-e1,knn-nosuite,0.9222972972972973,1.0,1.0,0.0,0.0,0.9952904238618524
volcanoes-e1,knn-nosuite,0.9222972972972973,0.6,0.9852941176470589,0.0,0.0,0.5952380952380952
volcanoes-e1,knn-nosuite,0.9222972972972973,0.8,1.0,0.0,0.0,0.997872340425532
volcanoes-e1,knn-nosuite,0.9222972972972973,1.0,1.0,0.0,0.0,0.9981481481481481
volcanoes-e1,knn-nosuite,0.9222972972972973,1.0,1.0,0.0,0.0,0.996996996996997
volcanoes-e1,knn-nosuite,0.9222972972972973,1.0,1.0,0.0,0.0,0.997920997920998
volcanoes-e1,knn-nosuite,0.9222972972972973,1.0,1.0,0.0,0.0,0.9598445595854923
volcanoes-e2,knn-nosuite,0.9037037037037037,1.0,1.0,0.0,0.0,0.9970717423133235
volcanoes-e2,knn-nosuite,0.9037037037037037,0.8,1.0,0.0,0.0,0.9965811965811966
volcanoes-e2,knn-nosuite,0.9037037037037037,1.0,1.0,0.0,0.0,0.9934065934065934
volcanoes-e2,knn-nosuite,0.9037037037037037,1.0,1.0,0.0,0.0,1.0
volcanoes-e2,knn-nosuite,0.9037037037037037,1.0,1.0,0.0,0.0,0.9970370370370369
volcanoes-e2,knn-nosuite,0.9037037037037037,1.0,1.0,0.0,0.0,0.9970414201183433
volcanoes-e2,knn-nosuite,0.9037037037037037,0.8,1.0,0.0,0.0,1.0
volcanoes-e2,knn-nosuite,0.9037037037037037,1.0,1.0,0.0,0.0,0.9976415094339621
volcanoes-e2,knn-nosuite,0.9037037037037037,0.8,1.0,0.0,0.0,0.9962335216572505
volcanoes-e2,knn-nosuite,0.9037037037037037,0.8,0.9836065573770492,0.0,0.0,0.9966555183946488
volcanoes-e2,knn-nosuite,0.9037037037037037,1.0,0.9876543209876543,0.0,0.0,0.9972144846796658
volcanoes-e2,knn-nosuite,0.9037037037037037,1.0,1.0,0.0,0.0,1.0
volcanoes-e2,knn-nosuite,0.9037037037037037,1.0,1.0,0.0,0.0,1.0
volcanoes-e2,knn-nosuite,0.9037037037037037,1.0,1.0,0.0,0.0,0.9950980392156863
volcanoes-e2,knn-nosuite,0.9037037037037037,0.8,1.0,0.0,0.0,1.0
volcanoes-e2,knn-nosuite,0.9037037037037037,0.8,1.0,0.0,0.0,1.0
volcanoes-e2,knn-nosuite,0.9037037037037037,1.0,1.0,0.0,0.0,0.9970501474926253
volcanoes-e2,knn-nosuite,0.9037037037037037,0.8,0.962962962962963,0.0,0.0,0.9928909952606635
volcanoes-e2,knn-nosuite,0.9037037037037037,1.0,1.0,0.0,0.0,0.9977426636568849
volcanoes-e2,knn-nosuite,0.9037037037037037,1.0,1.0,0.0,0.0,1.0
volcanoes-e2,knn-nosuite,0.9037037037037037,1.0,1.0,0.0,0.0,1.0
volcanoes-e2,knn-nosuite,0.9037037037037037,0.8,0.9876543209876543,0.0,0.0,1.0
volcanoes-e2,knn-nosuite,0.9037037037037037,0.8,0.9876543209876543,0.0,0.0,0.996031746031746
volcanoes-e2,knn-nosuite,0.9037037037037037,0.8,1.0,0.0,0.0,0.9942857142857143
volcanoes-e2,knn-nosuite,0.9037037037037037,1.0,1.0,0.0,0.0,1.0
volcanoes-e2,knn-nosuite,0.9037037037037037,1.0,1.0,0.0,0.0,0.9967532467532468
volcanoes-e2,knn-nosuite,0.9037037037037037,0.8,1.0,0.0,0.0,1.0
volcanoes-e2,knn-nosuite,0.9037037037037037,1.0,1.0,0.0,0.0,0.9970326409495549
volcanoes-e2,knn-nosuite,0.9037037037037037,0.8,0.9135802469135802,0.0,0.0,0.9972899728997289
volcanoes-e2,knn-nosuite,0.9037037037037037,1.0,1.0,0.0,0.0,1.0
volcanoes-e2,knn-nosuite,0.9037037037037037,1.0,1.0,0.0,0.0,0.9967320261437909
volcanoes-e2,knn-nosuite,0.9037037037037037,1.0,1.0,0.0,0.0,1.0
volcanoes-e2,knn-nosuite,0.9037037037037037,1.0,1.0,0.0,0.0,1.0
volcanoes-e2,knn-nosuite,0.9037037037037037,1.0,1.0,0.0,0.0,0.9963702359346642
volcanoes-e2,knn-nosuite,0.9037037037037037,0.8,1.0,0.0,0.0,0.9961685823754788
volcanoes-e2,knn-nosuite,0.9037037037037037,1.0,1.0,0.0,0.0,0.9982456140350877
volcanoes-e2,knn-nosuite,0.9037037037037037,1.0,1.0,0.0,0.0,0.9967585089141003
volcanoes-e2,knn-nosuite,0.9037037037037037,1.0,1.0,0.0,0.0,1.0
volcanoes-e2,knn-nosuite,0.9037037037037037,1.0,1.0,0.0,0.0,1.0
volcanoes-e2,knn-nosuite,0.9037037037037037,1.0,1.0,0.0,0.0,0.9970457902511078
volcanoes-e2,knn-nosuite,0.9037037037037037,1.0,1.0,0.0,0.0,1.0
volcanoes-e2,knn-nosuite,0.9037037037037037,0.8,0.9876543209876543,0.0,0.0,0.9967741935483871
volcanoes-e2,knn-nosuite,0.9037037037037037,0.4,0.8863636363636364,0.0,0.0,0.9937694704049844
volcanoes-e2,knn-nosuite,0.9037037037037037,1.0,1.0,0.0,0.0,0.9951100244498777
volcanoes-e2,knn-nosuite,0.9037037037037037,0.8,1.0,0.0,0.0,1.0
volcanoes-e2,knn-nosuite,0.9037037037037037,0.6,1.0,0.0,0.0,1.0
volcanoes-e2,knn-nosuite,0.9037037037037037,0.6,1.0,0.0,0.0,1.0
volcanoes-e2,knn-nosuite,0.9037037037037037,1.0,1.0,0.0,0.0,1.0
volcanoes-e2,knn-nosuite,0.9037037037037037,1.0,1.0,0.0,0.0,0.9963768115942029
volcanoes-e2,knn-nosuite,0.9037037037037037,1.0,1.0,0.0,0.0,1.0
volcanoes-e3,knn-nosuite,0.915625,1.0,1.0,0.0,0.0,0.9970238095238095
volcanoes-e3,knn-nosuite,0.915625,1.0,1.0,0.0,0.0,0.9951456310679612
volcanoes-e3,knn-nosuite,0.915625,1.0,1.0,0.0,0.0,0.9980620155038761
volcanoes-e3,knn-nosuite,0.915625,1.0,1.0,0.0,0.0,0.9674355495251017
volcanoes-e3,knn-nosuite,0.915625,0.4,1.0,0.0,0.0,0.8918918918918919
volcanoes-e3,knn-nosuite,0.915625,1.0,1.0,0.0,0.0,0.9938650306748468
volcanoes-e3,knn-nosuite,0.915625,1.0,1.0,0.0,0.0,0.994750656167979
volcanoes-e3,knn-nosuite,0.915625,1.0,1.0,0.0,0.0,0.9955357142857142
volcanoes-e3,knn-nosuite,0.915625,1.0,1.0,0.0,0.0,0.9943502824858758
volcanoes-e3,knn-nosuite,0.915625,0.6,0.9565217391304348,0.0,0.0,0.7397260273972602
volcanoes-e3,knn-nosuite,0.915625,1.0,1.0,0.0,0.0,0.9982608695652175
volcanoes-e3,knn-nosuite,0.915625,1.0,1.0,0.0,0.0,0.9456706281833617
volcanoes-e3,knn-nosuite,0.915625,1.0,1.0,0.0,0.0,1.0
volcanoes-e3,knn-nosuite,0.915625,1.0,1.0,0.0,0.0,0.9829642248722317
volcanoes-e3,knn-nosuite,0.915625,1.0,1.0,0.0,0.0,0.9892086330935251
volcanoes-e3,knn-nosuite,0.915625,1.0,1.0,0.0,0.0,0.9983498349834983
volcanoes-e3,knn-nosuite,0.915625,1.0,1.0,0.0,0.0,0.918194640338505
volcanoes-e3,knn-nosuite,0.915625,0.8,1.0,0.0,0.0,0.997076023391813
volcanoes-e3,knn-nosuite,0.915625,1.0,0.9894736842105264,0.0,0.0,0.9232081911262797
volcanoes-e3,knn-nosuite,0.915625,1.0,1.0,0.0,0.0,1.0
volcanoes-e3,knn-nosuite,0.915625,1.0,1.0,0.0,0.0,0.9961290322580645
volcanoes-e3,knn-nosuite,0.915625,1.0,1.0,0.0,0.0,0.9949302915082383
volcanoes-e3,knn-nosuite,0.915625,1.0,1.0,0.0,0.0,0.9981684981684982
volcanoes-e3,knn-nosuite,0.915625,1.0,1.0,0.0,0.0,0.9963436928702011
volcanoes-e3,knn-nosuite,0.915625,1.0,0.9894736842105264,0.0,0.0,0.9959016393442625
volcanoes-e3,knn-nosuite,0.915625,1.0,1.0,0.0,0.0,0.9950576606260297
volcanoes-e3,knn-nosuite,0.915625,1.0,1.0,0.0,0.0,0.9922178988326849
volcanoes-e3,knn-nosuite,0.915625,1.0,1.0,0.0,0.0,0.9975728155339805
volcanoes-e3,knn-nosuite,0.915625,1.0,1.0,0.0,0.0,0.9920634920634921
volcanoes-e3,knn-nosuite,0.915625,1.0,1.0,0.0,0.0,0.9983443708609272
volcanoes-e3,knn-nosuite,0.915625,0.6,1.0,0.0,0.0,0.967741935483871
volcanoes-e3,knn-nosuite,0.915625,1.0,1.0,0.0,0.0,0.9495677233429396
volcanoes-e3,knn-nosuite,0.915625,1.0,1.0,0.0,0.0,0.996996996996997
volcanoes-e3,knn-nosuite,0.915625,1.0,1.0,0.0,0.0,0.9982363315696648
volcanoes-e3,knn-nosuite,0.915625,1.0,1.0,0.0,0.0,0.9951040391676866
volcanoes-e3,knn-nosuite,0.915625,1.0,1.0,0.0,0.0,0.9947159841479525
volcanoes-e3,knn-nosuite,0.915625,1.0,1.0,0.0,0.0,0.9983277591973245
volcanoes-e3,knn-nosuite,0.915625,1.0,0.9894736842105264,0.0,0.0,0.962171052631579
volcanoes-e3,knn-nosuite,0.915625,1.0,1.0,0.0,0.0,0.9847434119278781
volcanoes-e3,knn-nosuite,0.915625,1.0,1.0,0.0,0.0,0.9162011173184357
volcanoes-e3,knn-nosuite,0.915625,1.0,1.0,0.0,0.0,0.9606986899563319
volcanoes-e3,knn-nosuite,0.915625,0.6,0.9782608695652174,0.0,0.0,0.9947916666666666
volcanoes-e3,knn-nosuite,0.915625,1.0,1.0,0.0,0.0,0.9960629921259843
volcanoes-e3,knn-nosuite,0.915625,1.0,1.0,0.0,0.0,0.9476661951909475
volcanoes-e3,knn-nosuite,0.915625,1.0,1.0,0.0,0.0,0.9852941176470589
volcanoes-e3,knn-nosuite,0.915625,1.0,1.0,0.0,0.0,0.9955156950672646
volcanoes-e3,knn-nosuite,0.915625,1.0,1.0,0.0,0.0,0.9651567944250872
volcanoes-e3,knn-nosuite,0.915625,1.0,1.0,0.0,0.0,0.9776223776223777
volcanoes-e3,knn-nosuite,0.915625,1.0,1.0,0.0,0.0,0.9972451790633607
volcanoes-e3,knn-nosuite,0.915625,1.0,1.0,0.0,0.0,0.9966386554621849
volcanoes-e4,knn-nosuite,0.9329073482428115,1.0,1.0,0.0,0.0,0.9959266802443991
volcanoes-e4,knn-nosuite,0.9329073482428115,1.0,1.0,0.0,0.0,0.998371335504886
volcanoes-e4,knn-nosuite,0.9329073482428115,0.6,0.989247311827957,0.0,0.0,0.9959514170040485
volcanoes-e4,knn-nosuite,0.9329073482428115,0.8,1.0,0.0,0.0,0.9950738916256159
volcanoes-e4,knn-nosuite,0.9329073482428115,0.6,0.9166666666666666,0.0,0.0,0.9961389961389961
volcanoes-e4,knn-nosuite,0.9329073482428115,1.0,1.0,0.0,0.0,0.9962686567164181
volcanoes-e4,knn-nosuite,0.9329073482428115,0.6,1.0,0.0,0.0,0.9954545454545455
volcanoes-e4,knn-nosuite,0.9329073482428115,1.0,1.0,0.0,0.0,1.0
volcanoes-e4,knn-nosuite,0.9329073482428115,1.0,1.0,0.0,0.0,0.9975186104218363
volcanoes-e4,knn-nosuite,0.9329073482428115,1.0,1.0,0.0,0.0,0.9953198127925116
volcanoes-e4,knn-nosuite,0.9329073482428115,1.0,0.989247311827957,0.0,0.0,0.9963436928702011
volcanoes-e4,knn-nosuite,0.9329073482428115,1.0,1.0,0.0,0.0,1.0
volcanoes-e4,knn-nosuite,0.9329073482428115,1.0,0.989247311827957,0.0,0.0,1.0
volcanoes-e4,knn-nosuite,0.9329073482428115,1.0,1.0,0.0,0.0,0.9954819277108434
volcanoes-e4,knn-nosuite,0.9329073482428115,1.0,1.0,0.0,0.0,0.9953051643192488
volcanoes-e4,knn-nosuite,0.9329073482428115,0.8,1.0,0.0,0.0,0.9979716024340771
volcanoes-e4,knn-nosuite,0.9329073482428115,1.0,1.0,0.0,0.0,0.9056603773584906
volcanoes-e4,knn-nosuite,0.9329073482428115,1.0,1.0,0.0,0.0,0.9961783439490446
volcanoes-e4,knn-nosuite,0.9329073482428115,1.0,1.0,0.0,0.0,0.9919678714859439
volcanoes-e4,knn-nosuite,0.9329073482428115,1.0,1.0,0.0,0.0,0.9969230769230769
volcanoes-e4,knn-nosuite,0.9329073482428115,0.4,0.9859154929577464,0.0,0.0,0.9932584269662922
volcanoes-e4,knn-nosuite,0.9329073482428115,1.0,1.0,0.0,0.0,0.9974424552429667
volcanoes-e4,knn-nosuite,0.9329073482428115,1.0,1.0,0.0,0.0,1.0
volcanoes-e4,knn-nosuite,0.9329073482428115,1.0,1.0,0.0,0.0,0.9950083194675541
volcanoes-e4,knn-nosuite,0.9329073482428115,0.8,0.989247311827957,0.0,0.0,0.9957081545064378
volcanoes-e4,knn-nosuite,0.9329073482428115,0.8,1.0,0.0,0.0,0.984352773826458
volcanoes-e4,knn-nosuite,0.9329073482428115,1.0,1.0,0.0,0.0,0.9968304278922344
volcanoes-e4,knn-nosuite,0.9329073482428115,1.0,1.0,0.0,0.0,1.0
volcanoes-e4,knn-nosuite,0.9329073482428115,1.0,1.0,0.0,0.0,0.9965517241379309
volcanoes-e4,knn-nosuite,0.9329073482428115,1.0,1.0,0.0,0.0,0.9887323943661972
volcanoes-e4,knn-nosuite,0.9329073482428115,1.0,1.0,0.0,0.0,0.9970972423802612
volcanoes-e4,knn-nosuite,0.9329073482428115,1.0,1.0,0.0,0.0,0.9984779299847792
volcanoes-e4,knn-nosuite,0.9329073482428115,0.8,1.0,0.0,0.0,0.9640625
volcanoes-e4,knn-nosuite,0.9329073482428115,0.8,0.989247311827957,0.0,0.0,0.9969135802469136
volcanoes-e4,knn-nosuite,0.9329073482428115,1.0,1.0,0.0,0.0,0.997001499250375
volcanoes-e4,knn-nosuite,0.9329073482428115,1.0,1.0,0.0,0.0,1.0
volcanoes-e4,knn-nosuite,0.9329073482428115,1.0,1.0,0.0,0.0,0.9951534733441034
volcanoes-e4,knn-nosuite,0.9329073482428115,1.0,1.0,0.0,0.0,0.9956772334293948
volcanoes-e4,knn-nosuite,0.9329073482428115,1.0,1.0,0.0,0.0,0.9955686853766619
volcanoes-e4,knn-nosuite,0.9329073482428115,1.0,0.989247311827957,0.0,0.0,0.9963302752293577
volcanoes-e4,knn-nosuite,0.9329073482428115,1.0,1.0,0.0,0.0,0.9984756097560975
volcanoes-e4,knn-nosuite,0.9329073482428115,1.0,1.0,0.0,0.0,1.0
volcanoes-e4,knn-nosuite,0.9329073482428115,0.6,0.9827586206896551,0.0,0.0,0.9952606635071091
volcanoes-e4,knn-nosuite,0.9329073482428115,1.0,1.0,0.0,0.0,0.9978858350951374
volcanoes-e4,knn-nosuite,0.9329073482428115,1.0,1.0,0.0,0.0,0.9955817378497791
volcanoes-e4,knn-nosuite,0.9329073482428115,1.0,1.0,0.0,0.0,0.996328029375765
volcanoes-e4,knn-nosuite,0.9329073482428115,1.0,1.0,0.0,0.0,0.984251968503937
volcanoes-e5,knn-nosuite,0.9064748201438849,1.0,1.0,0.0,0.0,0.9778325123152708
volcanoes-e5,knn-nosuite,0.9064748201438849,1.0,1.0,0.0,0.0,0.9958391123439668
volcanoes-e5,knn-nosuite,0.9064748201438849,1.0,1.0,0.0,0.0,0.9977728285077951
volcanoes-e5,knn-nosuite,0.9064748201438849,1.0,1.0,0.0,0.0,0.9962616822429906
volcanoes-e5,knn-nosuite,0.9064748201438849,1.0,1.0,0.0,0.0,0.9983525535420099
volcanoes-e5,knn-nosuite,0.9064748201438849,1.0,1.0,0.0,0.0,0.9981132075471699
volcanoes-e5,knn-nosuite,0.9064748201438849,0.6,0.9078947368421053,0.0,0.0,1.0
volcanoes-e5,knn-nosuite,0.9064748201438849,1.0,1.0,0.0,0.0,0.9951219512195122
volcanoes-e5,knn-nosuite,0.9064748201438849,1.0,1.0,0.0,0.0,0.9979674796747966
volcanoes-e5,knn-nosuite,0.9064748201438849,1.0,1.0,0.0,0.0,0.9957924263674615
volcanoes-e5,knn-nosuite,0.9064748201438849,1.0,1.0,0.0,0.0,1.0
volcanoes-e5,knn-nosuite,0.9064748201438849,1.0,1.0,0.0,0.0,0.9964285714285716
volcanoes-e5,knn-nosuite,0.9064748201438849,0.6,0.9795918367346939,0.0,0.0,0.9937106918238994
volcanoes-e5,knn-nosuite,0.9064748201438849,1.0,1.0,0.0,0.0,0.9954198473282443
volcanoes-e5,knn-nosuite,0.9064748201438849,1.0,1.0,0.0,0.0,0.9966703662597114
volcanoes-e5,knn-nosuite,0.9064748201438849,1.0,1.0,0.0,0.0,0.9962917181705808
volcanoes-e5,knn-nosuite,0.9064748201438849,1.0,1.0,0.0,0.0,1.0
volcanoes-e5,knn-nosuite,0.9064748201438849,1.0,1.0,0.0,0.0,0.9962871287128714
volcanoes-e5,knn-nosuite,0.9064748201438849,1.0,1.0,0.0,0.0,0.9964830011723329
volcanoes-e5,knn-nosuite,0.9064748201438849,1.0,1.0,0.0,0.0,0.9966887417218542
volcanoes-e5,knn-nosuite,0.9064748201438849,1.0,1.0,0.0,0.0,0.9970501474926253
volcanoes-e5,knn-nosuite,0.9064748201438849,1.0,0.9879518072289157,0.0,0.0,0.994392523364486
volcanoes-e5,knn-nosuite,0.9064748201438849,0.8,1.0,0.0,0.0,0.99812382739212
volcanoes-e5,knn-nosuite,0.9064748201438849,1.0,1.0,0.0,0.0,0.9968701095461657
volcanoes-e5,knn-nosuite,0.9064748201438849,1.0,1.0,0.0,0.0,0.9955489614243322
volcanoes-e5,knn-nosuite,0.9064748201438849,1.0,1.0,0.0,0.0,0.9962616822429906
volcanoes-e5,knn-nosuite,0.9064748201438849,1.0,1.0,0.0,0.0,0.9223529411764705
volcanoes-e5,knn-nosuite,0.9064748201438849,1.0,1.0,0.0,0.0,0.9962732919254659
volcanoes-e5,knn-nosuite,0.9064748201438849,1.0,1.0,0.0,0.0,1.0
volcanoes-e5,knn-nosuite,0.9064748201438849,1.0,1.0,0.0,0.0,0.9966405375139977
volcanoes-e5,knn-nosuite,0.9064748201438849,1.0,1.0,0.0,0.0,0.9961928934010154
volcanoes-e5,knn-nosuite,0.9064748201438849,1.0,1.0,0.0,0.0,0.9963503649635037
volcanoes-e5,knn-nosuite,0.9064748201438849,0.8,1.0,0.0,0.0,0.9965694682675815
volcanoes-e5,knn-nosuite,0.9064748201438849,1.0,1.0,0.0,0.0,0.9966832504145937
volcanoes-e5,knn-nosuite,0.9064748201438849,0.8,1.0,0.0,0.0,0.9809885931558935
volcanoes-e5,knn-nosuite,0.9064748201438849,1.0,1.0,0.0,0.0,0.9944547134935305
volcanoes-e5,knn-nosuite,0.9064748201438849,0.6,0.8840579710144928,0.0,0.0,0.9937238493723848
volcanoes-e5,knn-nosuite,0.9064748201438849,1.0,1.0,0.0,0.0,0.9965986394557824
volcanoes-e5,knn-nosuite,0.9064748201438849,1.0,1.0,0.0,0.0,0.9980079681274902
volcanoes-e5,knn-nosuite,0.9064748201438849,0.6,1.0,0.0,0.0,0.9954128440366972
volcanoes-e5,knn-nosuite,0.9064748201438849,0.4,0.9620253164556962,0.0,0.0,0.863013698630137
volcanoes-e5,knn-nosuite,0.9064748201438849,0.8,1.0,0.0,0.0,0.9936170212765958
volcanoes-e5,knn-nosuite,0.9064748201438849,1.0,1.0,0.0,0.0,0.994328922495274
volcanoes-e5,knn-nosuite,0.9064748201438849,1.0,1.0,0.0,0.0,0.9957983193277311
volcanoes-e5,knn-nosuite,0.9064748201438849,1.0,1.0,0.0,0.0,0.9969924812030075
volcanoes-e5,knn-nosuite,0.9064748201438849,1.0,1.0,0.0,0.0,0.9958100558659219
volcanoes-e5,knn-nosuite,0.9064748201438849,1.0,1.0,0.0,0.0,0.9954682779456194
volcanoes-e5,knn-nosuite,0.9064748201438849,1.0,1.0,0.0,0.0,0.9858934169278996
volcanoes-e5,knn-nosuite,0.9064748201438849,1.0,1.0,0.0,0.0,0.9962640099626402
wine-quality-red,knn-nosuite,0.575,0.4,0.9375,0.0,0.0,1.0
wine-quality-red,knn-nosuite,0.575,0.8,1.0,0.0,0.0,0.9870967741935484
wine-quality-red,knn-nosuite,0.575,0.8,1.0,0.0,0.0,0.9959514170040485
wine-quality-red,knn-nosuite,0.575,0.6,0.9,0.0,0.0,1.0
wine-quality-red,knn-nosuite,0.575,0.6,0.888888888888889,0.0,0.0,0.9901960784313726
wine-quality-red,knn-nosuite,0.575,1.0,1.0,0.0,0.0,1.0
wine-quality-red,knn-nosuite,0.575,0.6,1.0,0.0,0.0,1.0
wine-quality-red,knn-nosuite,0.575,0.6,1.0,0.0,0.0,1.0
wine-quality-red,knn-nosuite,0.575,0.8,1.0,0.0,0.0,0.988950276243094
wine-quality-red,knn-nosuite,0.575,0.6,0.75,0.0,0.0,0.9915966386554622
wine-quality-red,knn-nosuite,0.575,0.6,1.0,0.0,0.0,0.9944444444444445
wine-quality-red,knn-nosuite,0.575,0.8,1.0,0.0,0.0,1.0
wine-quality-red,knn-nosuite,0.575,0.8,1.0,0.0,0.0,1.0
wine-quality-red,knn-nosuite,0.575,0.4,1.0,0.0,0.0,0.9921259842519685
wine-quality-red,knn-nosuite,0.575,1.0,0.9772727272727273,0.0,0.0,1.0
wine-quality-red,knn-nosuite,0.575,0.4,0.8478260869565217,0.0,0.0,0.9573170731707317
wine-quality-red,knn-nosuite,0.575,0.6,0.962962962962963,0.0,0.0,0.989071038251366
wine-quality-red,knn-nosuite,0.575,0.6,1.0,0.0,0.0,0.9575757575757574
wine-quality-red,knn-nosuite,0.575,0.4,1.0,0.0,0.0,0.8936170212765957
wine-quality-red,knn-nosuite,0.575,0.4,1.0,0.0,0.0,0.961038961038961
wine-quality-red,knn-nosuite,0.575,0.4,0.9736842105263157,0.0,0.0,1.0
wine-quality-red,knn-nosuite,0.575,0.4,1.0,0.0,0.0,1.0
wine-quality-red,knn-nosuite,0.575,0.8,0.9354838709677418,0.0,0.0,1.0
wine-quality-red,knn-nosuite,0.575,0.8,0.8913043478260869,0.0,0.0,0.9936908517350158
wine-quality-red,knn-nosuite,0.575,0.8,1.0,0.0,0.0,1.0
wine-quality-red,knn-nosuite,0.575,0.6,1.0,0.0,0.0,0.9851851851851852
wine-quality-red,knn-nosuite,0.575,0.6,1.0,0.0,0.0,1.0
wine-quality-red,knn-nosuite,0.575,0.8,1.0,0.0,0.0,1.0
wine-quality-red,knn-nosuite,0.575,0.4,0.9310344827586207,0.0,0.0,0.9951456310679612
wine-quality-red,knn-nosuite,0.575,0.6,1.0,0.0,0.0,1.0
wine-quality-red,knn-nosuite,0.575,1.0,1.0,0.0,0.0,0.9919786096256684
wine-quality-red,knn-nosuite,0.575,0.6,0.9565217391304348,0.0,0.0,0.868421052631579
wine-quality-red,knn-nosuite,0.575,0.4,0.9411764705882353,0.0,0.0,0.9952153110047848
wine-quality-red,knn-nosuite,0.575,0.4,1.0,0.0,0.0,1.0
wine-quality-red,knn-nosuite,0.575,0.6,1.0,0.0,0.0,0.909090909090909
wine-quality-red,knn-nosuite,0.575,0.4,0.8,0.0,0.0,0.9936507936507937
wine-quality-red,knn-nosuite,0.575,1.0,0.9836065573770492,0.0,0.0,0.9977628635346756
wine-quality-red,knn-nosuite,0.575,0.4,1.0,0.0,0.0,0.9947089947089947
wine-quality-red,knn-nosuite,0.575,0.8,0.9130434782608695,0.0,0.0,1.0
wine-quality-red,knn-nosuite,0.575,0.6,1.0,0.0,0.0,1.0
wine-quality-red,knn-nosuite,0.575,0.4,0.909090909090909,0.0,0.0,0.9481481481481481
wine-quality-red,knn-nosuite,0.575,0.6,1.0,0.0,0.0,0.9979166666666666
wine-quality-red,knn-nosuite,0.575,0.6,1.0,0.0,0.0,0.9814814814814815
wine-quality-red,knn-nosuite,0.575,0.6,1.0,0.0,0.0,0.9961538461538462
wine-quality-red,knn-nosuite,0.575,0.6,1.0,0.0,0.0,1.0
wine-quality-red,knn-nosuite,0.575,0.4,1.0,0.0,0.0,0.9833333333333332
wine-quality-red,knn-nosuite,0.575,0.6,0.9285714285714286,0.0,0.0,0.9962121212121213
wine-quality-red,knn-nosuite,0.575,0.4,0.8,0.0,0.0,1.0
wine-quality-red,knn-nosuite,0.575,0.6,0.8,0.0,0.0,0.9951456310679612
wine-quality-red,knn-nosuite,0.575,0.6,1.0,0.0,0.0,1.0
maternal,knn-nosuite,0.6456692913385826,1.0,1.0,0.0,0.0,0.9922480620155039
maternal,knn-nosuite,0.6456692913385826,0.6,1.0,0.0,0.0,0.9661016949152541
maternal,knn-nosuite,0.6456692913385826,1.0,1.0,0.0,0.0,1.0
maternal,knn-nosuite,0.6456692913385826,0.8,1.0,0.0,0.0,1.0
maternal,knn-nosuite,0.6456692913385826,1.0,1.0,0.0,0.0,1.0
maternal,knn-nosuite,0.6456692913385826,1.0,1.0,0.0,0.0,1.0
maternal,knn-nosuite,0.6456692913385826,0.6,1.0,0.0,0.0,1.0
maternal,knn-nosuite,0.6456692913385826,0.8,0.9230769230769231,0.0,0.0,0.9802631578947368
maternal,knn-nosuite,0.6456692913385826,0.4,1.0,0.0,0.0,1.0
maternal,knn-nosuite,0.6456692913385826,0.4,1.0,0.0,0.0,1.0
maternal,knn-nosuite,0.6456692913385826,0.6,1.0,0.0,0.0,0.9074074074074074
maternal,knn-nosuite,0.6456692913385826,0.8,1.0,0.0,0.0,0.9915966386554622
maternal,knn-nosuite,0.6456692913385826,1.0,1.0,0.0,0.0,1.0
maternal,knn-nosuite,0.6456692913385826,0.6,0.9200000000000002,0.0,0.0,1.0
maternal,knn-nosuite,0.6456692913385826,1.0,1.0,0.0,0.0,1.0
maternal,knn-nosuite,0.6456692913385826,0.6,1.0,0.0,0.0,1.0
maternal,knn-nosuite,0.6456692913385826,1.0,1.0,0.0,0.0,1.0
maternal,knn-nosuite,0.6456692913385826,0.6,0.9696969696969697,0.0,0.0,0.9673913043478259
maternal,knn-nosuite,0.6456692913385826,0.6,1.0,0.0,0.0,1.0
maternal,knn-nosuite,0.6456692913385826,0.6,1.0,0.0,0.0,1.0
maternal,knn-nosuite,0.6456692913385826,0.8,1.0,0.0,0.0,1.0
maternal,knn-nosuite,0.6456692913385826,1.0,1.0,0.0,0.0,0.9914529914529915
maternal,knn-nosuite,0.6456692913385826,1.0,1.0,0.0,0.0,1.0
maternal,knn-nosuite,0.6456692913385826,0.6,0.9200000000000002,0.0,0.0,1.0
maternal,knn-nosuite,0.6456692913385826,0.8,1.0,0.0,0.0,0.9405940594059405
maternal,knn-nosuite,0.6456692913385826,0.8,1.0,0.0,0.0,0.9916666666666668
maternal,knn-nosuite,0.6456692913385826,0.6,1.0,0.0,0.0,0.9423076923076923
maternal,knn-nosuite,0.6456692913385826,1.0,1.0,0.0,0.0,0.9948186528497409
maternal,knn-nosuite,0.6456692913385826,1.0,1.0,0.0,0.0,1.0
maternal,knn-nosuite,0.6456692913385826,1.0,1.0,0.0,0.0,1.0
maternal,knn-nosuite,0.6456692913385826,1.0,1.0,0.0,0.0,1.0
maternal,knn-nosuite,0.6456692913385826,0.6,0.9722222222222221,0.0,0.0,1.0
maternal,knn-nosuite,0.6456692913385826,0.6,1.0,0.0,0.0,0.525
maternal,knn-nosuite,0.6456692913385826,1.0,1.0,0.0,0.0,0.9915254237288135
maternal,knn-nosuite,0.6456692913385826,0.6,1.0,0.0,0.0,1.0
maternal,knn-nosuite,0.6456692913385826,0.8,1.0,0.0,0.0,1.0
maternal,knn-nosuite,0.6456692913385826,1.0,1.0,0.0,0.0,1.0
maternal,knn-nosuite,0.6456692913385826,0.8,1.0,0.0,0.0,0.9333333333333333
maternal,knn-nosuite,0.6456692913385826,0.6,1.0,0.0,0.0,1.0
maternal,knn-nosuite,0.6456692913385826,0.6,0.9200000000000002,0.0,0.0,1.0
maternal,knn-nosuite,0.6456692913385826,1.0,1.0,0.0,0.0,1.0
maternal,knn-nosuite,0.6456692913385826,1.0,1.0,0.0,0.0,1.0
maternal,knn-nosuite,0.6456692913385826,1.0,0.9200000000000002,0.0,0.0,1.0
maternal,knn-nosuite,0.6456692913385826,0.8,0.96,0.0,0.0,1.0
maternal,knn-nosuite,0.6456692913385826,0.8,1.0,0.0,0.0,0.978494623655914
maternal,knn-nosuite,0.6456692913385826,0.6,0.875,0.0,0.0,1.0
maternal,knn-nosuite,0.6456692913385826,1.0,1.0,0.0,0.0,1.0
maternal,knn-nosuite,0.6456692913385826,0.4,1.0,0.0,0.0,1.0
maternal,knn-nosuite,0.6456692913385826,0.8,1.0,0.0,0.0,1.0
maternal,knn-nosuite,0.6456692913385826,0.6,1.0,0.0,0.0,1.0
