dataset,num_and_cat,importance_gain_dtree,importance_gain_ablation,importance_gain_noproba,importance_gain_with_proba,importance_gain_shap,importance_gain_explan,importance_gain_lore,importance_gain_anchor
yeast,knn-nosuite,0.1566008171684716,0.24027133166726164,0,0,0.18792098060216592,,0.15767186322345195,0.0
yeast,knn-nosuite,0.18080189857606793,0.48471979348821664,0,0,0.22186138174147155,,0.22610125739029055,0.0
yeast,knn-nosuite,0.16666666666666666,0.1827949857398688,0,0,0.16666666666666666,,0.16666666666666666,0.0
yeast,knn-nosuite,0.14827123605097878,0.2603207512653213,0,0,0.16551314104518586,,0.16897371790962862,0.0
yeast,knn-nosuite,0.1276146063432327,0.2896997463797761,0,0,0.15313752761187926,,0.18765851264010472,0.0
yeast,knn-nosuite,0.10257587818667974,0.20088584083440486,0,0,0.16666666666666666,,0.16504806809135997,0.0
yeast,knn-nosuite,0.15247409292094027,0.18308552649015394,0,0,0.2132464021626778,,0.16666666666666666,0.0
yeast,knn-nosuite,0.18015515064044746,0.1363882374165615,0,0,0.18015515064044746,,0.14094854370878182,0.0
yeast,knn-nosuite,0.13038007810927243,0.20849941619358214,0,0,0.1604159117445746,,0.16666666666666663,0.0
yeast,knn-nosuite,0.19190937367453687,0.5370422734341862,0,0,0.29379329845892815,,0.29379329845892815,0.0
yeast,knn-nosuite,0.16627511065713318,0.15321756894790622,0,0,0.18684031324480754,,0.15321756894790622,0.0
yeast,knn-nosuite,0.1666666666666667,0.16011712439418432,0,0,0.1666666666666667,0.14398222940226177,0.1400612547119008,0.0
yeast,knn-nosuite,0.11864035087719288,0.19810371517027897,0,0,0.16687306501547994,,0.13885448916408671,0.0
yeast,knn-nosuite,0.18166963755199061,0.47266785502079656,0,0,0.1931818181818183,,0.1931818181818183,0.0
yeast,knn-nosuite,0.16666666666666666,0.1833247555326815,0,0,0.1677303139475039,,0.13977526162291992,0.0
yeast,knn-nosuite,0.15247578405473142,0.40601503759398483,0,0,0.17943507417191626,,0.16057711847185532,0.0
yeast,knn-nosuite,0.16666666666666666,0.27602347434404734,0,0,0.18835691352362133,,0.23544614190452667,0.0
yeast,knn-nosuite,0.21942436757873,0.26420581655480996,0,0,0.19313371192565823,,0.16666666666666666,0.0
yeast,knn-nosuite,0.14285714285714285,0.1675024893636282,0,0,0.14285714285714285,,0.1554041821308954,0.0
yeast,knn-nosuite,0.2222631264092771,0.5697390824168237,0,0,0.31144448023560795,,0.22457932600125766,0.0
yeast,knn-nosuite,0.16666666666666666,0.1419340610872203,0,0,0.16050556841989205,,0.1419340610872203,0.0
yeast,knn-nosuite,0.14738799234629404,0.2560742265063717,0,0,0.2560742265063717,,0.2067854435178164,0.0
yeast,knn-nosuite,0.14285714285714285,0.153903200624512,0,0,0.18954918032786866,,0.16976971116315387,0.0
yeast,knn-nosuite,0.1369250795487416,0.3357824703500144,0,0,0.17194098929707835,,0.16666666666666666,0.0
yeast,knn-nosuite,0.14285714285714285,0.1661153086923967,0,0,0.15279763120277715,,0.16106800081682665,0.0
yeast,knn-nosuite,0.16666666666666666,0.1912086480854389,0,0,0.16666666666666666,,0.16666666666666666,0.0
yeast,knn-nosuite,0.16666666666666666,0.21720711699915293,0,0,0.1018716783486097,,0.17864900254178548,0.0
yeast,knn-nosuite,0.14285714285714282,0.05861084681255915,0,0,0.16666666666666663,,0.16723120837297817,0.0
yeast,knn-nosuite,0.14285714285714285,0.1779996615332543,0,0,0.21494753765442542,,0.1779996615332543,0.0
yeast,knn-nosuite,0.14285714285714285,0.19746827937863165,0,0,0.16666666666666666,,0.1276414087513341,0.0
yeast,knn-nosuite,0.12308206027214291,0.14201101928374657,0,0,0.16666666666666663,,0.2144002003506135,0.0
yeast,knn-nosuite,0.09496092841943383,0.26264685370956514,0,0,0.15192318008690528,,0.17496378949627164,0.0
yeast,knn-nosuite,0.1569184303649109,0.2134187571843938,0,0,0.14285714285714285,,0.16666666666666666,0.0
yeast,knn-nosuite,0.19766912155493124,0.43580593728646255,0,0,0.17308860375066432,,0.24409687950800996,0.0
yeast,knn-nosuite,0.18169081547120106,0.21132199736558496,0,0,0.21054364746736914,,0.18169081547120106,0.0
yeast,knn-nosuite,0.16666666666666666,0.25716351519152475,0,0,0.19501108124675814,,0.2018319422832084,0.0
yeast,knn-nosuite,0.22854997183803744,0.3955504099130107,0,0,0.2856874647975467,,0.22459165154264965,0.0
yeast,knn-nosuite,0.23551869404949968,0.25569848792597594,0,0,0.21580907244414346,,0.22037914691943122,0.0
yeast,knn-nosuite,0.14285714285714285,0.16292264937471052,0,0,0.18630318269039897,,0.18630318269039897,0.0
yeast,knn-nosuite,0.16666666666666666,0.09132939214794594,0,0,0.16666666666666666,,0.18173412157041083,0.0
yeast,knn-nosuite,0.14285714285714285,0.24684517327525488,0,0,0.19636794567932883,,0.19636794567932883,0.0
yeast,knn-nosuite,0.14285714285714285,0.16628194116383938,0,0,0.13506549280652783,,0.16666666666666666,0.0
yeast,knn-nosuite,0.1919790644422637,0.13341511285574095,0,0,0.1599825537018864,,0.16666666666666666,0.0
yeast,knn-nosuite,0.13381365969206488,0.21634425582313455,0,0,0.14285714285714282,0.13522831951572564,0.17885511251480446,0.0
yeast,knn-nosuite,0.20675927002208527,0.2712425897942581,0,0,0.21550621876089748,,0.2453795187725219,0.0
yeast,knn-nosuite,0.14285714285714285,0.16953478197462443,0,0,0.16666666666666666,,0.16626804725098437,0.0
yeast,knn-nosuite,0.14285714285714285,0.2060185185185185,0,0,0.17441756272401435,,0.17441756272401435,0.0
yeast,knn-nosuite,0.16919111111111104,0.2638222222222222,0,0,0.18084444444444442,,0.2638222222222222,0.0
yeast,knn-nosuite,0.1963142375737153,0.20903538331929214,0,0,0.2959140690817186,,0.23957455770850875,0.0
yeast,knn-nosuite,0.1566008171684716,0.24027133166726164,0,0,0.18792098060216592,,0.15767186322345195,0.0
yeast,knn-nosuite,0.18080189857606793,0.48471979348821664,0,0,0.22186138174147155,,0.22610125739029055,0.0
yeast,knn-nosuite,0.16666666666666666,0.1827949857398688,0,0,0.16666666666666666,,0.16666666666666666,0.0
yeast,knn-nosuite,0.14827123605097878,0.2603207512653213,0,0,0.16551314104518586,,0.16897371790962862,0.0
yeast,knn-nosuite,0.1276146063432327,0.2896997463797761,0,0,0.15313752761187926,,0.18765851264010472,0.0
yeast,knn-nosuite,0.10257587818667974,0.20088584083440486,0,0,0.16666666666666666,,0.16504806809135997,0.0
yeast,knn-nosuite,0.15247409292094027,0.18308552649015394,0,0,0.2132464021626778,,0.16666666666666666,0.0
yeast,knn-nosuite,0.18015515064044746,0.1363882374165615,0,0,0.18015515064044746,,0.14094854370878182,0.0
yeast,knn-nosuite,0.13038007810927243,0.20849941619358214,0,0,0.1604159117445746,,0.16666666666666663,0.0
yeast,knn-nosuite,0.19190937367453687,0.5370422734341862,0,0,0.29379329845892815,,0.29379329845892815,0.0
yeast,knn-nosuite,0.16627511065713318,0.15321756894790622,0,0,0.18684031324480754,,0.15321756894790622,0.0
yeast,knn-nosuite,0.1666666666666667,0.16011712439418432,0,0,0.1666666666666667,0.14398222940226177,0.1400612547119008,0.0
yeast,knn-nosuite,0.11864035087719288,0.19810371517027897,0,0,0.16687306501547994,,0.13885448916408671,0.0
yeast,knn-nosuite,0.18166963755199061,0.47266785502079656,0,0,0.1931818181818183,,0.1931818181818183,0.0
yeast,knn-nosuite,0.16666666666666666,0.1833247555326815,0,0,0.1677303139475039,,0.13977526162291992,0.0
yeast,knn-nosuite,0.15247578405473142,0.40601503759398483,0,0,0.17943507417191626,,0.16057711847185532,0.0
yeast,knn-nosuite,0.16666666666666666,0.27602347434404734,0,0,0.18835691352362133,,0.23544614190452667,0.0
yeast,knn-nosuite,0.21942436757873,0.26420581655480996,0,0,0.19313371192565823,,0.16666666666666666,0.0
yeast,knn-nosuite,0.14285714285714285,0.1675024893636282,0,0,0.14285714285714285,,0.1554041821308954,0.0
yeast,knn-nosuite,0.2222631264092771,0.5697390824168237,0,0,0.31144448023560795,,0.22457932600125766,0.0
yeast,knn-nosuite,0.16666666666666666,0.1419340610872203,0,0,0.16050556841989205,,0.1419340610872203,0.0
yeast,knn-nosuite,0.14738799234629404,0.2560742265063717,0,0,0.2560742265063717,,0.2067854435178164,0.0
yeast,knn-nosuite,0.14285714285714285,0.153903200624512,0,0,0.18954918032786866,,0.16976971116315387,0.0
yeast,knn-nosuite,0.1369250795487416,0.3357824703500144,0,0,0.17194098929707835,,0.16666666666666666,0.0
yeast,knn-nosuite,0.14285714285714285,0.1661153086923967,0,0,0.15279763120277715,,0.16106800081682665,0.0
yeast,knn-nosuite,0.16666666666666666,0.1912086480854389,0,0,0.16666666666666666,,0.16666666666666666,0.0
yeast,knn-nosuite,0.16666666666666666,0.21720711699915293,0,0,0.1018716783486097,,0.17864900254178548,0.0
yeast,knn-nosuite,0.14285714285714282,0.05861084681255915,0,0,0.16666666666666663,,0.16723120837297817,0.0
yeast,knn-nosuite,0.14285714285714285,0.1779996615332543,0,0,0.21494753765442542,,0.1779996615332543,0.0
yeast,knn-nosuite,0.14285714285714285,0.19746827937863165,0,0,0.16666666666666666,,0.1276414087513341,0.0
yeast,knn-nosuite,0.12308206027214291,0.14201101928374657,0,0,0.16666666666666663,,0.2144002003506135,0.0
yeast,knn-nosuite,0.09496092841943383,0.26264685370956514,0,0,0.15192318008690528,,0.17496378949627164,0.0
yeast,knn-nosuite,0.1569184303649109,0.2134187571843938,0,0,0.14285714285714285,,0.16666666666666666,0.0
yeast,knn-nosuite,0.19766912155493124,0.43580593728646255,0,0,0.17308860375066432,,0.24409687950800996,0.0
yeast,knn-nosuite,0.18169081547120106,0.21132199736558496,0,0,0.21054364746736914,,0.18169081547120106,0.0
yeast,knn-nosuite,0.16666666666666666,0.25716351519152475,0,0,0.19501108124675814,,0.2018319422832084,0.0
yeast,knn-nosuite,0.22854997183803744,0.3955504099130107,0,0,0.2856874647975467,,0.22459165154264965,0.0
yeast,knn-nosuite,0.23551869404949968,0.25569848792597594,0,0,0.21580907244414346,,0.22037914691943122,0.0
yeast,knn-nosuite,0.14285714285714285,0.16292264937471052,0,0,0.18630318269039897,,0.18630318269039897,0.0
yeast,knn-nosuite,0.16666666666666666,0.09132939214794594,0,0,0.16666666666666666,,0.18173412157041083,0.0
yeast,knn-nosuite,0.14285714285714285,0.24684517327525488,0,0,0.19636794567932883,,0.19636794567932883,0.0
yeast,knn-nosuite,0.14285714285714285,0.16628194116383938,0,0,0.13506549280652783,,0.16666666666666666,0.0
yeast,knn-nosuite,0.1919790644422637,0.13341511285574095,0,0,0.1599825537018864,,0.16666666666666666,0.0
yeast,knn-nosuite,0.13381365969206488,0.21634425582313455,0,0,0.14285714285714282,0.13522831951572564,0.17885511251480446,0.0
yeast,knn-nosuite,0.20675927002208527,0.2712425897942581,0,0,0.21550621876089748,,0.2453795187725219,0.0
yeast,knn-nosuite,0.14285714285714285,0.16953478197462443,0,0,0.16666666666666666,,0.16626804725098437,0.0
yeast,knn-nosuite,0.14285714285714285,0.2060185185185185,0,0,0.17441756272401435,,0.17441756272401435,0.0
yeast,knn-nosuite,0.16919111111111104,0.2638222222222222,0,0,0.18084444444444442,,0.2638222222222222,0.0
yeast,knn-nosuite,0.1963142375737153,0.20903538331929214,0,0,0.2959140690817186,,0.23957455770850875,0.0
rmftsa,knn-nosuite,0.5,0.5,0,0,0.5,0.5,0.35636363636363644,0.0
rmftsa,knn-nosuite,0.5,0.5,0,0,0.5,0.5,0.4942084942084942,0.0
rmftsa,knn-nosuite,0.5,0.5,0,0,0.5,0.5,0.5,0.0
rmftsa,knn-nosuite,0.5,0.7022222222222216,0,0,0.7022222222222216,0.5,0.5,0.0
rmftsa,knn-nosuite,0.49999999999999994,0.27480916030534197,0,0,0.27480916030534197,0.7251908396946579,0.7251908396946579,0.0
rmftsa,knn-nosuite,0.5,,0,0,0.5,0.5,0.7049180327868863,0.0
rmftsa,knn-nosuite,0.5,0.5,0,0,0.5,0.8156862745098041,0.8156862745098041,0.0
rmftsa,knn-nosuite,0.49999999999999994,0.9547738693467336,0,0,0.9547738693467336,0.49999999999999994,0.045226130653266354,0.0
rmftsa,knn-nosuite,0.49999999999999994,0.49999999999999994,0,0,0.49999999999999994,0.5270270270270269,0.49999999999999994,0.0
rmftsa,knn-nosuite,0.5,0.9275362318840581,0,0,0.9275362318840581,0.5,0.5,0.0
rmftsa,knn-nosuite,0.5,0.43979057591623066,0,0,0.5602094240837694,0.43979057591623066,0.43979057591623066,0.0
rmftsa,knn-nosuite,0.5,0.6020942408376969,0,0,0.6020942408376969,0.5,0.6020942408376969,0.0
rmftsa,knn-nosuite,0.7583333333333332,0.5,0,0,0.5,0.7583333333333332,0.5,0.0
rmftsa,knn-nosuite,0.5,0.5,0,0,0.5863309352517989,0.5863309352517989,0.5,0.0
rmftsa,knn-nosuite,0.5,0.8440860215053759,0,0,0.8440860215053759,0.5,0.5,0.0
rmftsa,knn-nosuite,0.5482866043613709,0.5,0,0,0.5482866043613709,0.5,0.5482866043613709,0.0
rmftsa,knn-nosuite,0.5,0.5,0,0,0.5,0.5,0.5,0.0
rmftsa,knn-nosuite,0.5,0.9275362318840581,0,0,0.9275362318840581,0.5,0.5,0.0
rmftsa,knn-nosuite,0.5000000000000001,0.5000000000000001,0,0,0.5000000000000001,0.7136363636363642,0.7136363636363642,0.0
rmftsa,knn-nosuite,0.5,0.626811594202898,0,0,0.5,0.37318840579710205,0.5,0.0
rmftsa,knn-nosuite,0.5,0.5,0,0,0.5,0.5,0.21937321937321919,0.0
rmftsa,knn-nosuite,0.5,0.5,0,0,0.5,0.5,0.5,0.0
rmftsa,knn-nosuite,0.5,0.5,0,0,0.5,0.543604651162791,0.543604651162791,0.0
rmftsa,knn-nosuite,0.5,0.4797297297297287,0,0,0.4797297297297287,0.5202702702702713,0.4797297297297287,0.0
rmftsa,knn-nosuite,0.5,0.47200000000000014,0,0,0.47200000000000014,0.5,0.5,0.0
rmftsa,knn-nosuite,0.5,0.5,0,0,0.5,0.5,0.5,0.0
rmftsa,knn-nosuite,0.5,0.6359447004608296,0,0,0.5,0.5,0.5,0.0
rmftsa,knn-nosuite,0.5,0.5,0,0,0.5,0.5,0.5,0.0
rmftsa,knn-nosuite,0.5,0.40298507462686567,0,0,0.5,0.5,0.40298507462686567,0.0
rmftsa,knn-nosuite,0.5,0.4123376623376624,0,0,0.5,0.5,0.5,0.0
rmftsa,knn-nosuite,0.5,0.8656716417910456,0,0,0.8656716417910456,0.5,0.5,0.0
rmftsa,knn-nosuite,0.7359999999999998,0.5,0,0,0.5,0.5,0.7359999999999998,0.0
rmftsa,knn-nosuite,0.5,0.5,0,0,0.5863309352517989,0.5863309352517989,0.5863309352517989,0.0
rmftsa,knn-nosuite,0.4999999999999999,0.4999999999999999,0,0,0.4999999999999999,0.5537757437070937,0.4999999999999999,0.0
rmftsa,knn-nosuite,0.5,0.45620437956204357,0,0,0.5,0.5,0.5,0.0
rmftsa,knn-nosuite,0.5,0.5,0,0,0.5699373695198328,0.43006263048016724,0.5,0.0
rmftsa,knn-nosuite,0.5,0.5280898876404486,0,0,0.47191011235955144,0.5280898876404486,0.5280898876404486,0.0
rmftsa,knn-nosuite,0.5,0.7883817427385893,0,0,0.5,0.5,0.5,0.0
rmftsa,knn-nosuite,0.5,,0,0,0.5,0.3807339449541287,0.5,0.0
rmftsa,knn-nosuite,0.2696078431372543,0.5,0,0,0.5,0.5,0.5,0.0
rmftsa,knn-nosuite,0.49999999999999994,0.49999999999999994,0,0,0.49999999999999994,0.7014218009478679,0.49999999999999994,0.0
rmftsa,knn-nosuite,0.5,0.5,0,0,0.5,0.5,0.5,0.0
rmftsa,knn-nosuite,0.5,0.727467811158798,0,0,0.272532188841202,0.5,0.5,0.0
rmftsa,knn-nosuite,0.5,0.37499999999999983,0,0,0.5,0.5,0.5,0.0
rmftsa,knn-nosuite,0.5,0.8435643564356435,0,0,0.8435643564356435,0.5,0.5,0.0
rmftsa,knn-nosuite,0.5,0.9275362318840581,0,0,0.9275362318840581,0.5,0.07246376811594196,0.0
rmftsa,knn-nosuite,0.5,0.727467811158798,0,0,0.272532188841202,0.5,0.5,0.0
rmftsa,knn-nosuite,0.5,0.5,0,0,0.5,0.5,0.348583877995643,0.0
rmftsa,knn-nosuite,0.49999999999999994,0.49999999999999994,0,0,0.49999999999999994,0.49999999999999994,0.6013071895424835,0.0
rmftsa,knn-nosuite,0.5,0.5375722543352605,0,0,0.5,0.5375722543352605,0.5,0.0
yeast,knn-nosuite,0.1566008171684716,0.24027133166726164,0,0,0.18792098060216592,,0.15767186322345195,0.0
yeast,knn-nosuite,0.18080189857606793,0.48471979348821664,0,0,0.22186138174147155,,0.22610125739029055,0.0
yeast,knn-nosuite,0.16666666666666666,0.1827949857398688,0,0,0.16666666666666666,,0.16666666666666666,0.0
yeast,knn-nosuite,0.14827123605097878,0.2603207512653213,0,0,0.16551314104518586,,0.16897371790962862,0.0
yeast,knn-nosuite,0.1276146063432327,0.2896997463797761,0,0,0.15313752761187926,,0.18765851264010472,0.0
yeast,knn-nosuite,0.10257587818667974,0.20088584083440486,0,0,0.16666666666666666,,0.16504806809135997,0.0
yeast,knn-nosuite,0.15247409292094027,0.18308552649015394,0,0,0.2132464021626778,,0.16666666666666666,0.0
yeast,knn-nosuite,0.18015515064044746,0.1363882374165615,0,0,0.18015515064044746,,0.14094854370878182,0.0
yeast,knn-nosuite,0.13038007810927243,0.20849941619358214,0,0,0.1604159117445746,,0.16666666666666663,0.0
yeast,knn-nosuite,0.19190937367453687,0.5370422734341862,0,0,0.29379329845892815,,0.29379329845892815,0.0
yeast,knn-nosuite,0.16627511065713318,0.15321756894790622,0,0,0.18684031324480754,,0.15321756894790622,0.0
yeast,knn-nosuite,0.1666666666666667,0.16011712439418432,0,0,0.1666666666666667,0.14398222940226177,0.1400612547119008,0.0
yeast,knn-nosuite,0.11864035087719288,0.19810371517027897,0,0,0.16687306501547994,,0.13885448916408671,0.0
yeast,knn-nosuite,0.18166963755199061,0.47266785502079656,0,0,0.1931818181818183,,0.1931818181818183,0.0
yeast,knn-nosuite,0.16666666666666666,0.1833247555326815,0,0,0.1677303139475039,,0.13977526162291992,0.0
yeast,knn-nosuite,0.15247578405473142,0.40601503759398483,0,0,0.17943507417191626,,0.16057711847185532,0.0
yeast,knn-nosuite,0.16666666666666666,0.27602347434404734,0,0,0.18835691352362133,,0.23544614190452667,0.0
yeast,knn-nosuite,0.21942436757873,0.26420581655480996,0,0,0.19313371192565823,,0.16666666666666666,0.0
yeast,knn-nosuite,0.14285714285714285,0.1675024893636282,0,0,0.14285714285714285,,0.1554041821308954,0.0
yeast,knn-nosuite,0.2222631264092771,0.5697390824168237,0,0,0.31144448023560795,,0.22457932600125766,0.0
yeast,knn-nosuite,0.16666666666666666,0.1419340610872203,0,0,0.16050556841989205,,0.1419340610872203,0.0
yeast,knn-nosuite,0.14738799234629404,0.2560742265063717,0,0,0.2560742265063717,,0.2067854435178164,0.0
yeast,knn-nosuite,0.14285714285714285,0.153903200624512,0,0,0.18954918032786866,,0.16976971116315387,0.0
yeast,knn-nosuite,0.1369250795487416,0.3357824703500144,0,0,0.17194098929707835,,0.16666666666666666,0.0
yeast,knn-nosuite,0.14285714285714285,0.1661153086923967,0,0,0.15279763120277715,,0.16106800081682665,0.0
yeast,knn-nosuite,0.16666666666666666,0.1912086480854389,0,0,0.16666666666666666,,0.16666666666666666,0.0
yeast,knn-nosuite,0.16666666666666666,0.21720711699915293,0,0,0.1018716783486097,,0.17864900254178548,0.0
yeast,knn-nosuite,0.14285714285714282,0.05861084681255915,0,0,0.16666666666666663,,0.16723120837297817,0.0
yeast,knn-nosuite,0.14285714285714285,0.1779996615332543,0,0,0.21494753765442542,,0.1779996615332543,0.0
yeast,knn-nosuite,0.14285714285714285,0.19746827937863165,0,0,0.16666666666666666,,0.1276414087513341,0.0
yeast,knn-nosuite,0.12308206027214291,0.14201101928374657,0,0,0.16666666666666663,,0.2144002003506135,0.0
yeast,knn-nosuite,0.09496092841943383,0.26264685370956514,0,0,0.15192318008690528,,0.17496378949627164,0.0
yeast,knn-nosuite,0.1569184303649109,0.2134187571843938,0,0,0.14285714285714285,,0.16666666666666666,0.0
yeast,knn-nosuite,0.19766912155493124,0.43580593728646255,0,0,0.17308860375066432,,0.24409687950800996,0.0
yeast,knn-nosuite,0.18169081547120106,0.21132199736558496,0,0,0.21054364746736914,,0.18169081547120106,0.0
yeast,knn-nosuite,0.16666666666666666,0.25716351519152475,0,0,0.19501108124675814,,0.2018319422832084,0.0
yeast,knn-nosuite,0.22854997183803744,0.3955504099130107,0,0,0.2856874647975467,,0.22459165154264965,0.0
yeast,knn-nosuite,0.23551869404949968,0.25569848792597594,0,0,0.21580907244414346,,0.22037914691943122,0.0
yeast,knn-nosuite,0.14285714285714285,0.16292264937471052,0,0,0.18630318269039897,,0.18630318269039897,0.0
yeast,knn-nosuite,0.16666666666666666,0.09132939214794594,0,0,0.16666666666666666,,0.18173412157041083,0.0
yeast,knn-nosuite,0.14285714285714285,0.24684517327525488,0,0,0.19636794567932883,,0.19636794567932883,0.0
yeast,knn-nosuite,0.14285714285714285,0.16628194116383938,0,0,0.13506549280652783,,0.16666666666666666,0.0
yeast,knn-nosuite,0.1919790644422637,0.13341511285574095,0,0,0.1599825537018864,,0.16666666666666666,0.0
yeast,knn-nosuite,0.13381365969206488,0.21634425582313455,0,0,0.14285714285714282,0.13522831951572564,0.17885511251480446,0.0
yeast,knn-nosuite,0.20675927002208527,0.2712425897942581,0,0,0.21550621876089748,,0.2453795187725219,0.0
yeast,knn-nosuite,0.14285714285714285,0.16953478197462443,0,0,0.16666666666666666,,0.16626804725098437,0.0
yeast,knn-nosuite,0.14285714285714285,0.2060185185185185,0,0,0.17441756272401435,,0.17441756272401435,0.0
yeast,knn-nosuite,0.16919111111111104,0.2638222222222222,0,0,0.18084444444444442,,0.2638222222222222,0.0
yeast,knn-nosuite,0.1963142375737153,0.20903538331929214,0,0,0.2959140690817186,,0.23957455770850875,0.0
rmftsa,knn-nosuite,0.5,0.5,0,0,0.5,0.5,0.35636363636363644,0.0
rmftsa,knn-nosuite,0.5,0.5,0,0,0.5,0.5,0.4942084942084942,0.0
rmftsa,knn-nosuite,0.5,0.5,0,0,0.5,0.5,0.5,0.0
rmftsa,knn-nosuite,0.5,0.7022222222222216,0,0,0.7022222222222216,0.5,0.5,0.0
rmftsa,knn-nosuite,0.49999999999999994,0.27480916030534197,0,0,0.27480916030534197,0.7251908396946579,0.7251908396946579,0.0
rmftsa,knn-nosuite,0.5,,0,0,0.5,0.5,0.7049180327868863,0.0
rmftsa,knn-nosuite,0.5,0.5,0,0,0.5,0.8156862745098041,0.8156862745098041,0.0
rmftsa,knn-nosuite,0.49999999999999994,0.9547738693467336,0,0,0.9547738693467336,0.49999999999999994,0.045226130653266354,0.0
rmftsa,knn-nosuite,0.49999999999999994,0.49999999999999994,0,0,0.49999999999999994,0.5270270270270269,0.49999999999999994,0.0
rmftsa,knn-nosuite,0.5,0.9275362318840581,0,0,0.9275362318840581,0.5,0.5,0.0
rmftsa,knn-nosuite,0.5,0.43979057591623066,0,0,0.5602094240837694,0.43979057591623066,0.43979057591623066,0.0
rmftsa,knn-nosuite,0.5,0.6020942408376969,0,0,0.6020942408376969,0.5,0.6020942408376969,0.0
rmftsa,knn-nosuite,0.7583333333333332,0.5,0,0,0.5,0.7583333333333332,0.5,0.0
rmftsa,knn-nosuite,0.5,0.5,0,0,0.5863309352517989,0.5863309352517989,0.5,0.0
rmftsa,knn-nosuite,0.5,0.8440860215053759,0,0,0.8440860215053759,0.5,0.5,0.0
rmftsa,knn-nosuite,0.5482866043613709,0.5,0,0,0.5482866043613709,0.5,0.5482866043613709,0.0
rmftsa,knn-nosuite,0.5,0.5,0,0,0.5,0.5,0.5,0.0
rmftsa,knn-nosuite,0.5,0.9275362318840581,0,0,0.9275362318840581,0.5,0.5,0.0
rmftsa,knn-nosuite,0.5000000000000001,0.5000000000000001,0,0,0.5000000000000001,0.7136363636363642,0.7136363636363642,0.0
rmftsa,knn-nosuite,0.5,0.626811594202898,0,0,0.5,0.37318840579710205,0.5,0.0
rmftsa,knn-nosuite,0.5,0.5,0,0,0.5,0.5,0.21937321937321919,0.0
rmftsa,knn-nosuite,0.5,0.5,0,0,0.5,0.5,0.5,0.0
rmftsa,knn-nosuite,0.5,0.5,0,0,0.5,0.543604651162791,0.543604651162791,0.0
rmftsa,knn-nosuite,0.5,0.4797297297297287,0,0,0.4797297297297287,0.5202702702702713,0.4797297297297287,0.0
rmftsa,knn-nosuite,0.5,0.47200000000000014,0,0,0.47200000000000014,0.5,0.5,0.0
rmftsa,knn-nosuite,0.5,0.5,0,0,0.5,0.5,0.5,0.0
rmftsa,knn-nosuite,0.5,0.6359447004608296,0,0,0.5,0.5,0.5,0.0
rmftsa,knn-nosuite,0.5,0.5,0,0,0.5,0.5,0.5,0.0
rmftsa,knn-nosuite,0.5,0.40298507462686567,0,0,0.5,0.5,0.40298507462686567,0.0
rmftsa,knn-nosuite,0.5,0.4123376623376624,0,0,0.5,0.5,0.5,0.0
rmftsa,knn-nosuite,0.5,0.8656716417910456,0,0,0.8656716417910456,0.5,0.5,0.0
rmftsa,knn-nosuite,0.7359999999999998,0.5,0,0,0.5,0.5,0.7359999999999998,0.0
rmftsa,knn-nosuite,0.5,0.5,0,0,0.5863309352517989,0.5863309352517989,0.5863309352517989,0.0
rmftsa,knn-nosuite,0.4999999999999999,0.4999999999999999,0,0,0.4999999999999999,0.5537757437070937,0.4999999999999999,0.0
rmftsa,knn-nosuite,0.5,0.45620437956204357,0,0,0.5,0.5,0.5,0.0
rmftsa,knn-nosuite,0.5,0.5,0,0,0.5699373695198328,0.43006263048016724,0.5,0.0
rmftsa,knn-nosuite,0.5,0.5280898876404486,0,0,0.47191011235955144,0.5280898876404486,0.5280898876404486,0.0
rmftsa,knn-nosuite,0.5,0.7883817427385893,0,0,0.5,0.5,0.5,0.0
rmftsa,knn-nosuite,0.5,,0,0,0.5,0.3807339449541287,0.5,0.0
rmftsa,knn-nosuite,0.2696078431372543,0.5,0,0,0.5,0.5,0.5,0.0
rmftsa,knn-nosuite,0.49999999999999994,0.49999999999999994,0,0,0.49999999999999994,0.7014218009478679,0.49999999999999994,0.0
rmftsa,knn-nosuite,0.5,0.5,0,0,0.5,0.5,0.5,0.0
rmftsa,knn-nosuite,0.5,0.727467811158798,0,0,0.272532188841202,0.5,0.5,0.0
rmftsa,knn-nosuite,0.5,0.37499999999999983,0,0,0.5,0.5,0.5,0.0
rmftsa,knn-nosuite,0.5,0.8435643564356435,0,0,0.8435643564356435,0.5,0.5,0.0
rmftsa,knn-nosuite,0.5,0.9275362318840581,0,0,0.9275362318840581,0.5,0.07246376811594196,0.0
rmftsa,knn-nosuite,0.5,0.727467811158798,0,0,0.272532188841202,0.5,0.5,0.0
rmftsa,knn-nosuite,0.5,0.5,0,0,0.5,0.5,0.348583877995643,0.0
rmftsa,knn-nosuite,0.49999999999999994,0.49999999999999994,0,0,0.49999999999999994,0.49999999999999994,0.6013071895424835,0.0
rmftsa,knn-nosuite,0.5,0.5375722543352605,0,0,0.5,0.5375722543352605,0.5,0.0
banknote-authentication,knn-nosuite,0.3333333333333333,,0,0,0.3333333333333333,0.5,0.3333333333333333,0.0
banknote-authentication,knn-nosuite,0.0,,0,0,0.5,0.5,0.25,0.0
banknote-authentication,knn-nosuite,0.31818181818181807,,0,0,0.31818181818181807,0.5000000000000033,0.31818181818181807,0.0
banknote-authentication,knn-nosuite,0.2977855477855478,0.8548951048951055,0,0,0.44055944055944085,0.43356643356643354,0.2977855477855478,0.0
banknote-authentication,knn-nosuite,0.32666666666666666,0.6200000000000004,0,0,0.43666666666666676,0.32666666666666666,0.32666666666666666,0.0
banknote-authentication,knn-nosuite,0.4364341085271318,0.4364341085271318,0,0,0.4364341085271318,0.3109819121447029,0.4364341085271318,0.0
banknote-authentication,knn-nosuite,0.3333333333333333,0.7000000000000008,0,0,0.3333333333333333,0.7000000000000008,0.3333333333333333,0.0
banknote-authentication,knn-nosuite,0.0,,0,0,0.5,0.25,0.25,0.0
banknote-authentication,knn-nosuite,0.3185185185185186,0.6111111111111115,0,0,0.47777777777777775,0.47777777777777775,0.3185185185185186,0.0
banknote-authentication,knn-nosuite,0.24698795180722782,,0,0,0.24698795180722782,0.25100401606425654,0.24698795180722782,0.0
banknote-authentication,knn-nosuite,0.31858237547892726,0.7482758620689656,0,0,0.4459770114942529,0.31858237547892726,0.31858237547892726,0.0
banknote-authentication,knn-nosuite,0.5000000000000008,,0,0,0.5000000000000008,0.31333333333333296,0.29999999999999966,0.0
banknote-authentication,knn-nosuite,0.0,,0,0,0.0,0.5,0.3333333333333333,0.0
banknote-authentication,knn-nosuite,0.30952380952381064,,0,0,0.30952380952381064,0.21428571428570412,0.30952380952381064,0.0
banknote-authentication,knn-nosuite,0.2722222222222219,,0,0,0.2722222222222219,0.33333333333333426,0.31666666666666643,0.0
banknote-authentication,knn-nosuite,0.30817610062893075,0.4056603773584908,0,0,0.39622641509433953,0.30817610062893075,0.39622641509433953,0.0
banknote-authentication,knn-nosuite,0.3055555555555556,0.44444444444444425,0,0,0.41666666666666663,0.3055555555555555,0.41666666666666663,0.0
banknote-authentication,knn-nosuite,0.3198830409356725,0.656140350877193,0,0,0.46140350877192976,0.3198830409356725,0.3198830409356725,0.0
banknote-authentication,knn-nosuite,0.25,,0,0,0.5,0.3333333333333333,0.25,0.0
banknote-authentication,knn-nosuite,0.23888888888888937,,0,0,0.20000000000000157,0.25000000000000017,0.27222222222222175,0.0
banknote-authentication,knn-nosuite,0.45333333333333337,0.5944444444444446,0,0,0.45333333333333337,0.3092592592592593,0.3092592592592593,0.0
banknote-authentication,knn-nosuite,0.2980769230769231,0.3822115384615384,0,0,0.3822115384615384,0.41506410256410264,0.2980769230769231,0.0
banknote-authentication,knn-nosuite,0.16666666666666666,,0,0,0.5,0.5,0.25,0.0
banknote-authentication,knn-nosuite,0.0,,0,0,0.0,0.25,0.0,0.0
banknote-authentication,knn-nosuite,0.3182098765432099,0.6262345679012347,0,0,0.3182098765432099,0.3268518518518519,0.3182098765432099,0.0
banknote-authentication,knn-nosuite,0.1666666666666574,,0,0,0.1666666666666805,0.27777777777777773,0.16666666666666896,0.0
banknote-authentication,knn-nosuite,0.2999999999999998,,0,0,0.2999999999999996,0.2999999999999998,0.2999999999999996,0.0
banknote-authentication,knn-nosuite,0.0,,0,0,0.25,0.25,0.25,0.0
banknote-authentication,knn-nosuite,0.45245901639344255,0.8729508196721312,0,0,0.45245901639344255,0.33142076502732243,0.33142076502732243,0.0
banknote-authentication,knn-nosuite,0.2761437908496732,,0,0,0.3676470588235291,0.2892156862745098,0.2892156862745098,0.0
banknote-authentication,knn-nosuite,0.3333333333333333,,0,0,0.3333333333333333,0.0,0.3333333333333333,0.0
banknote-authentication,knn-nosuite,0.24999999999999944,,0,0,0.25000000000000056,0.18859649122807123,0.18859649122807123,0.0
banknote-authentication,knn-nosuite,0.4752444987775061,0.4752444987775061,0,0,0.4752444987775061,0.10605134474327622,0.3808068459657702,0.0
banknote-authentication,knn-nosuite,0.0,,0,0,0.0,0.3333333333333333,0.25,0.0
banknote-authentication,knn-nosuite,0.3317460317460317,0.7761904761904764,0,0,0.3317460317460317,0.7761904761904764,0.3317460317460317,0.0
banknote-authentication,knn-nosuite,0.0,,0,0,0.0,0.3333333333333333,0.0,0.0
banknote-authentication,knn-nosuite,0.0,,0,0,0.0,0.3333333333333333,0.0,0.0
banknote-authentication,knn-nosuite,0.24999999999999828,0.24999999999999828,0,0,0.25,0.25,0.25,0.0
banknote-authentication,knn-nosuite,0.24999999999999956,,0,0,0.24999999999999956,0.24999999999999956,0.24999999999999956,0.0
banknote-authentication,knn-nosuite,0.0,,0,0,0.0,0.0,0.25,0.0
banknote-authentication,knn-nosuite,0.16666666666666205,,0,0,0.16666666666666205,0.16666666666666666,0.166666666666669,0.0
banknote-authentication,knn-nosuite,0.4256410256410257,0.4256410256410257,0,0,0.4256410256410257,0.4256410256410257,0.4256410256410257,0.0
banknote-authentication,knn-nosuite,0.08790849673202612,0.6107843137254901,0,0,0.31514161220043574,0.31514161220043574,0.31514161220043574,0.0
banknote-authentication,knn-nosuite,0.49474030243261014,0.49474030243261014,0,0,0.8543721236028928,0.3305939075169844,0.42833662064431294,0.0
banknote-authentication,knn-nosuite,0.31642512077294704,,0,0,0.36231884057970953,0.3405797101449285,0.31642512077294704,0.0
banknote-authentication,knn-nosuite,0.32777777777777783,0.7333333333333328,0,0,0.4916666666666666,0.32777777777777783,0.32777777777777783,0.0
banknote-authentication,knn-nosuite,0.0,,0,0,0.0,0.0,0.0,0.0
banknote-authentication,knn-nosuite,0.306592039800995,0.569029850746269,0,0,0.29850746268656736,0.32276119402985026,0.306592039800995,0.0
banknote-authentication,knn-nosuite,0.2499999999999896,,0,0,0.2499999999999896,0.3749999999999922,0.2499999999999896,0.0
banknote-authentication,knn-nosuite,0.4585121602288984,0.4585121602288984,0,0,0.4585121602288984,0.3465665236051502,0.6520028612303289,0.0
yeast,knn-nosuite,0.1566008171684716,0.24027133166726164,0,0,0.18792098060216592,,0.15767186322345195,0.0
yeast,knn-nosuite,0.18080189857606793,0.48471979348821664,0,0,0.22186138174147155,,0.22610125739029055,0.0
yeast,knn-nosuite,0.16666666666666666,0.1827949857398688,0,0,0.16666666666666666,,0.16666666666666666,0.0
yeast,knn-nosuite,0.14827123605097878,0.2603207512653213,0,0,0.16551314104518586,,0.16897371790962862,0.0
yeast,knn-nosuite,0.1276146063432327,0.2896997463797761,0,0,0.15313752761187926,,0.18765851264010472,0.0
yeast,knn-nosuite,0.10257587818667974,0.20088584083440486,0,0,0.16666666666666666,,0.16504806809135997,0.0
yeast,knn-nosuite,0.15247409292094027,0.18308552649015394,0,0,0.2132464021626778,,0.16666666666666666,0.0
yeast,knn-nosuite,0.18015515064044746,0.1363882374165615,0,0,0.18015515064044746,,0.14094854370878182,0.0
yeast,knn-nosuite,0.13038007810927243,0.20849941619358214,0,0,0.1604159117445746,,0.16666666666666663,0.0
yeast,knn-nosuite,0.19190937367453687,0.5370422734341862,0,0,0.29379329845892815,,0.29379329845892815,0.0
yeast,knn-nosuite,0.16627511065713318,0.15321756894790622,0,0,0.18684031324480754,,0.15321756894790622,0.0
yeast,knn-nosuite,0.1666666666666667,0.16011712439418432,0,0,0.1666666666666667,0.14398222940226177,0.1400612547119008,0.0
yeast,knn-nosuite,0.11864035087719288,0.19810371517027897,0,0,0.16687306501547994,,0.13885448916408671,0.0
yeast,knn-nosuite,0.18166963755199061,0.47266785502079656,0,0,0.1931818181818183,,0.1931818181818183,0.0
yeast,knn-nosuite,0.16666666666666666,0.1833247555326815,0,0,0.1677303139475039,,0.13977526162291992,0.0
yeast,knn-nosuite,0.15247578405473142,0.40601503759398483,0,0,0.17943507417191626,,0.16057711847185532,0.0
yeast,knn-nosuite,0.16666666666666666,0.27602347434404734,0,0,0.18835691352362133,,0.23544614190452667,0.0
yeast,knn-nosuite,0.21942436757873,0.26420581655480996,0,0,0.19313371192565823,,0.16666666666666666,0.0
yeast,knn-nosuite,0.14285714285714285,0.1675024893636282,0,0,0.14285714285714285,,0.1554041821308954,0.0
yeast,knn-nosuite,0.2222631264092771,0.5697390824168237,0,0,0.31144448023560795,,0.22457932600125766,0.0
yeast,knn-nosuite,0.16666666666666666,0.1419340610872203,0,0,0.16050556841989205,,0.1419340610872203,0.0
yeast,knn-nosuite,0.14738799234629404,0.2560742265063717,0,0,0.2560742265063717,,0.2067854435178164,0.0
yeast,knn-nosuite,0.14285714285714285,0.153903200624512,0,0,0.18954918032786866,,0.16976971116315387,0.0
yeast,knn-nosuite,0.1369250795487416,0.3357824703500144,0,0,0.17194098929707835,,0.16666666666666666,0.0
yeast,knn-nosuite,0.14285714285714285,0.1661153086923967,0,0,0.15279763120277715,,0.16106800081682665,0.0
yeast,knn-nosuite,0.16666666666666666,0.1912086480854389,0,0,0.16666666666666666,,0.16666666666666666,0.0
yeast,knn-nosuite,0.16666666666666666,0.21720711699915293,0,0,0.1018716783486097,,0.17864900254178548,0.0
yeast,knn-nosuite,0.14285714285714282,0.05861084681255915,0,0,0.16666666666666663,,0.16723120837297817,0.0
yeast,knn-nosuite,0.14285714285714285,0.1779996615332543,0,0,0.21494753765442542,,0.1779996615332543,0.0
yeast,knn-nosuite,0.14285714285714285,0.19746827937863165,0,0,0.16666666666666666,,0.1276414087513341,0.0
yeast,knn-nosuite,0.12308206027214291,0.14201101928374657,0,0,0.16666666666666663,,0.2144002003506135,0.0
yeast,knn-nosuite,0.09496092841943383,0.26264685370956514,0,0,0.15192318008690528,,0.17496378949627164,0.0
yeast,knn-nosuite,0.1569184303649109,0.2134187571843938,0,0,0.14285714285714285,,0.16666666666666666,0.0
yeast,knn-nosuite,0.19766912155493124,0.43580593728646255,0,0,0.17308860375066432,,0.24409687950800996,0.0
yeast,knn-nosuite,0.18169081547120106,0.21132199736558496,0,0,0.21054364746736914,,0.18169081547120106,0.0
yeast,knn-nosuite,0.16666666666666666,0.25716351519152475,0,0,0.19501108124675814,,0.2018319422832084,0.0
yeast,knn-nosuite,0.22854997183803744,0.3955504099130107,0,0,0.2856874647975467,,0.22459165154264965,0.0
yeast,knn-nosuite,0.23551869404949968,0.25569848792597594,0,0,0.21580907244414346,,0.22037914691943122,0.0
yeast,knn-nosuite,0.14285714285714285,0.16292264937471052,0,0,0.18630318269039897,,0.18630318269039897,0.0
yeast,knn-nosuite,0.16666666666666666,0.09132939214794594,0,0,0.16666666666666666,,0.18173412157041083,0.0
yeast,knn-nosuite,0.14285714285714285,0.24684517327525488,0,0,0.19636794567932883,,0.19636794567932883,0.0
yeast,knn-nosuite,0.14285714285714285,0.16628194116383938,0,0,0.13506549280652783,,0.16666666666666666,0.0
yeast,knn-nosuite,0.1919790644422637,0.13341511285574095,0,0,0.1599825537018864,,0.16666666666666666,0.0
yeast,knn-nosuite,0.13381365969206488,0.21634425582313455,0,0,0.14285714285714282,0.13522831951572564,0.17885511251480446,0.0
yeast,knn-nosuite,0.20675927002208527,0.2712425897942581,0,0,0.21550621876089748,,0.2453795187725219,0.0
yeast,knn-nosuite,0.14285714285714285,0.16953478197462443,0,0,0.16666666666666666,,0.16626804725098437,0.0
yeast,knn-nosuite,0.14285714285714285,0.2060185185185185,0,0,0.17441756272401435,,0.17441756272401435,0.0
yeast,knn-nosuite,0.16919111111111104,0.2638222222222222,0,0,0.18084444444444442,,0.2638222222222222,0.0
yeast,knn-nosuite,0.1963142375737153,0.20903538331929214,0,0,0.2959140690817186,,0.23957455770850875,0.0
rmftsa,knn-nosuite,0.5,0.5,0,0,0.5,0.5,0.35636363636363644,0.0
rmftsa,knn-nosuite,0.5,0.5,0,0,0.5,0.5,0.4942084942084942,0.0
rmftsa,knn-nosuite,0.5,0.5,0,0,0.5,0.5,0.5,0.0
rmftsa,knn-nosuite,0.5,0.7022222222222216,0,0,0.7022222222222216,0.5,0.5,0.0
rmftsa,knn-nosuite,0.49999999999999994,0.27480916030534197,0,0,0.27480916030534197,0.7251908396946579,0.7251908396946579,0.0
rmftsa,knn-nosuite,0.5,,0,0,0.5,0.5,0.7049180327868863,0.0
rmftsa,knn-nosuite,0.5,0.5,0,0,0.5,0.8156862745098041,0.8156862745098041,0.0
rmftsa,knn-nosuite,0.49999999999999994,0.9547738693467336,0,0,0.9547738693467336,0.49999999999999994,0.045226130653266354,0.0
rmftsa,knn-nosuite,0.49999999999999994,0.49999999999999994,0,0,0.49999999999999994,0.5270270270270269,0.49999999999999994,0.0
rmftsa,knn-nosuite,0.5,0.9275362318840581,0,0,0.9275362318840581,0.5,0.5,0.0
rmftsa,knn-nosuite,0.5,0.43979057591623066,0,0,0.5602094240837694,0.43979057591623066,0.43979057591623066,0.0
rmftsa,knn-nosuite,0.5,0.6020942408376969,0,0,0.6020942408376969,0.5,0.6020942408376969,0.0
rmftsa,knn-nosuite,0.7583333333333332,0.5,0,0,0.5,0.7583333333333332,0.5,0.0
rmftsa,knn-nosuite,0.5,0.5,0,0,0.5863309352517989,0.5863309352517989,0.5,0.0
rmftsa,knn-nosuite,0.5,0.8440860215053759,0,0,0.8440860215053759,0.5,0.5,0.0
rmftsa,knn-nosuite,0.5482866043613709,0.5,0,0,0.5482866043613709,0.5,0.5482866043613709,0.0
rmftsa,knn-nosuite,0.5,0.5,0,0,0.5,0.5,0.5,0.0
rmftsa,knn-nosuite,0.5,0.9275362318840581,0,0,0.9275362318840581,0.5,0.5,0.0
rmftsa,knn-nosuite,0.5000000000000001,0.5000000000000001,0,0,0.5000000000000001,0.7136363636363642,0.7136363636363642,0.0
rmftsa,knn-nosuite,0.5,0.626811594202898,0,0,0.5,0.37318840579710205,0.5,0.0
rmftsa,knn-nosuite,0.5,0.5,0,0,0.5,0.5,0.21937321937321919,0.0
rmftsa,knn-nosuite,0.5,0.5,0,0,0.5,0.5,0.5,0.0
rmftsa,knn-nosuite,0.5,0.5,0,0,0.5,0.543604651162791,0.543604651162791,0.0
rmftsa,knn-nosuite,0.5,0.4797297297297287,0,0,0.4797297297297287,0.5202702702702713,0.4797297297297287,0.0
rmftsa,knn-nosuite,0.5,0.47200000000000014,0,0,0.47200000000000014,0.5,0.5,0.0
rmftsa,knn-nosuite,0.5,0.5,0,0,0.5,0.5,0.5,0.0
rmftsa,knn-nosuite,0.5,0.6359447004608296,0,0,0.5,0.5,0.5,0.0
rmftsa,knn-nosuite,0.5,0.5,0,0,0.5,0.5,0.5,0.0
rmftsa,knn-nosuite,0.5,0.40298507462686567,0,0,0.5,0.5,0.40298507462686567,0.0
rmftsa,knn-nosuite,0.5,0.4123376623376624,0,0,0.5,0.5,0.5,0.0
rmftsa,knn-nosuite,0.5,0.8656716417910456,0,0,0.8656716417910456,0.5,0.5,0.0
rmftsa,knn-nosuite,0.7359999999999998,0.5,0,0,0.5,0.5,0.7359999999999998,0.0
rmftsa,knn-nosuite,0.5,0.5,0,0,0.5863309352517989,0.5863309352517989,0.5863309352517989,0.0
rmftsa,knn-nosuite,0.4999999999999999,0.4999999999999999,0,0,0.4999999999999999,0.5537757437070937,0.4999999999999999,0.0
rmftsa,knn-nosuite,0.5,0.45620437956204357,0,0,0.5,0.5,0.5,0.0
rmftsa,knn-nosuite,0.5,0.5,0,0,0.5699373695198328,0.43006263048016724,0.5,0.0
rmftsa,knn-nosuite,0.5,0.5280898876404486,0,0,0.47191011235955144,0.5280898876404486,0.5280898876404486,0.0
rmftsa,knn-nosuite,0.5,0.7883817427385893,0,0,0.5,0.5,0.5,0.0
rmftsa,knn-nosuite,0.5,,0,0,0.5,0.3807339449541287,0.5,0.0
rmftsa,knn-nosuite,0.2696078431372543,0.5,0,0,0.5,0.5,0.5,0.0
rmftsa,knn-nosuite,0.49999999999999994,0.49999999999999994,0,0,0.49999999999999994,0.7014218009478679,0.49999999999999994,0.0
rmftsa,knn-nosuite,0.5,0.5,0,0,0.5,0.5,0.5,0.0
rmftsa,knn-nosuite,0.5,0.727467811158798,0,0,0.272532188841202,0.5,0.5,0.0
rmftsa,knn-nosuite,0.5,0.37499999999999983,0,0,0.5,0.5,0.5,0.0
rmftsa,knn-nosuite,0.5,0.8435643564356435,0,0,0.8435643564356435,0.5,0.5,0.0
rmftsa,knn-nosuite,0.5,0.9275362318840581,0,0,0.9275362318840581,0.5,0.07246376811594196,0.0
rmftsa,knn-nosuite,0.5,0.727467811158798,0,0,0.272532188841202,0.5,0.5,0.0
rmftsa,knn-nosuite,0.5,0.5,0,0,0.5,0.5,0.348583877995643,0.0
rmftsa,knn-nosuite,0.49999999999999994,0.49999999999999994,0,0,0.49999999999999994,0.49999999999999994,0.6013071895424835,0.0
rmftsa,knn-nosuite,0.5,0.5375722543352605,0,0,0.5,0.5375722543352605,0.5,0.0
banknote-authentication,knn-nosuite,0.3333333333333333,,0,0,0.3333333333333333,0.5,0.3333333333333333,0.0
banknote-authentication,knn-nosuite,0.0,,0,0,0.5,0.5,0.25,0.0
banknote-authentication,knn-nosuite,0.31818181818181807,,0,0,0.31818181818181807,0.5000000000000033,0.31818181818181807,0.0
banknote-authentication,knn-nosuite,0.2977855477855478,0.8548951048951055,0,0,0.44055944055944085,0.43356643356643354,0.2977855477855478,0.0
banknote-authentication,knn-nosuite,0.32666666666666666,0.6200000000000004,0,0,0.43666666666666676,0.32666666666666666,0.32666666666666666,0.0
banknote-authentication,knn-nosuite,0.4364341085271318,0.4364341085271318,0,0,0.4364341085271318,0.3109819121447029,0.4364341085271318,0.0
banknote-authentication,knn-nosuite,0.3333333333333333,0.7000000000000008,0,0,0.3333333333333333,0.7000000000000008,0.3333333333333333,0.0
banknote-authentication,knn-nosuite,0.0,,0,0,0.5,0.25,0.25,0.0
banknote-authentication,knn-nosuite,0.3185185185185186,0.6111111111111115,0,0,0.47777777777777775,0.47777777777777775,0.3185185185185186,0.0
banknote-authentication,knn-nosuite,0.24698795180722782,,0,0,0.24698795180722782,0.25100401606425654,0.24698795180722782,0.0
banknote-authentication,knn-nosuite,0.31858237547892726,0.7482758620689656,0,0,0.4459770114942529,0.31858237547892726,0.31858237547892726,0.0
banknote-authentication,knn-nosuite,0.5000000000000008,,0,0,0.5000000000000008,0.31333333333333296,0.29999999999999966,0.0
banknote-authentication,knn-nosuite,0.0,,0,0,0.0,0.5,0.3333333333333333,0.0
banknote-authentication,knn-nosuite,0.30952380952381064,,0,0,0.30952380952381064,0.21428571428570412,0.30952380952381064,0.0
banknote-authentication,knn-nosuite,0.2722222222222219,,0,0,0.2722222222222219,0.33333333333333426,0.31666666666666643,0.0
banknote-authentication,knn-nosuite,0.30817610062893075,0.4056603773584908,0,0,0.39622641509433953,0.30817610062893075,0.39622641509433953,0.0
banknote-authentication,knn-nosuite,0.3055555555555556,0.44444444444444425,0,0,0.41666666666666663,0.3055555555555555,0.41666666666666663,0.0
banknote-authentication,knn-nosuite,0.3198830409356725,0.656140350877193,0,0,0.46140350877192976,0.3198830409356725,0.3198830409356725,0.0
banknote-authentication,knn-nosuite,0.25,,0,0,0.5,0.3333333333333333,0.25,0.0
banknote-authentication,knn-nosuite,0.23888888888888937,,0,0,0.20000000000000157,0.25000000000000017,0.27222222222222175,0.0
banknote-authentication,knn-nosuite,0.45333333333333337,0.5944444444444446,0,0,0.45333333333333337,0.3092592592592593,0.3092592592592593,0.0
banknote-authentication,knn-nosuite,0.2980769230769231,0.3822115384615384,0,0,0.3822115384615384,0.41506410256410264,0.2980769230769231,0.0
banknote-authentication,knn-nosuite,0.16666666666666666,,0,0,0.5,0.5,0.25,0.0
banknote-authentication,knn-nosuite,0.0,,0,0,0.0,0.25,0.0,0.0
banknote-authentication,knn-nosuite,0.3182098765432099,0.6262345679012347,0,0,0.3182098765432099,0.3268518518518519,0.3182098765432099,0.0
banknote-authentication,knn-nosuite,0.1666666666666574,,0,0,0.1666666666666805,0.27777777777777773,0.16666666666666896,0.0
banknote-authentication,knn-nosuite,0.2999999999999998,,0,0,0.2999999999999996,0.2999999999999998,0.2999999999999996,0.0
banknote-authentication,knn-nosuite,0.0,,0,0,0.25,0.25,0.25,0.0
banknote-authentication,knn-nosuite,0.45245901639344255,0.8729508196721312,0,0,0.45245901639344255,0.33142076502732243,0.33142076502732243,0.0
banknote-authentication,knn-nosuite,0.2761437908496732,,0,0,0.3676470588235291,0.2892156862745098,0.2892156862745098,0.0
banknote-authentication,knn-nosuite,0.3333333333333333,,0,0,0.3333333333333333,0.0,0.3333333333333333,0.0
banknote-authentication,knn-nosuite,0.24999999999999944,,0,0,0.25000000000000056,0.18859649122807123,0.18859649122807123,0.0
banknote-authentication,knn-nosuite,0.4752444987775061,0.4752444987775061,0,0,0.4752444987775061,0.10605134474327622,0.3808068459657702,0.0
banknote-authentication,knn-nosuite,0.0,,0,0,0.0,0.3333333333333333,0.25,0.0
banknote-authentication,knn-nosuite,0.3317460317460317,0.7761904761904764,0,0,0.3317460317460317,0.7761904761904764,0.3317460317460317,0.0
banknote-authentication,knn-nosuite,0.0,,0,0,0.0,0.3333333333333333,0.0,0.0
banknote-authentication,knn-nosuite,0.0,,0,0,0.0,0.3333333333333333,0.0,0.0
banknote-authentication,knn-nosuite,0.24999999999999828,0.24999999999999828,0,0,0.25,0.25,0.25,0.0
banknote-authentication,knn-nosuite,0.24999999999999956,,0,0,0.24999999999999956,0.24999999999999956,0.24999999999999956,0.0
banknote-authentication,knn-nosuite,0.0,,0,0,0.0,0.0,0.25,0.0
banknote-authentication,knn-nosuite,0.16666666666666205,,0,0,0.16666666666666205,0.16666666666666666,0.166666666666669,0.0
banknote-authentication,knn-nosuite,0.4256410256410257,0.4256410256410257,0,0,0.4256410256410257,0.4256410256410257,0.4256410256410257,0.0
banknote-authentication,knn-nosuite,0.08790849673202612,0.6107843137254901,0,0,0.31514161220043574,0.31514161220043574,0.31514161220043574,0.0
banknote-authentication,knn-nosuite,0.49474030243261014,0.49474030243261014,0,0,0.8543721236028928,0.3305939075169844,0.42833662064431294,0.0
banknote-authentication,knn-nosuite,0.31642512077294704,,0,0,0.36231884057970953,0.3405797101449285,0.31642512077294704,0.0
banknote-authentication,knn-nosuite,0.32777777777777783,0.7333333333333328,0,0,0.4916666666666666,0.32777777777777783,0.32777777777777783,0.0
banknote-authentication,knn-nosuite,0.0,,0,0,0.0,0.0,0.0,0.0
banknote-authentication,knn-nosuite,0.306592039800995,0.569029850746269,0,0,0.29850746268656736,0.32276119402985026,0.306592039800995,0.0
banknote-authentication,knn-nosuite,0.2499999999999896,,0,0,0.2499999999999896,0.3749999999999922,0.2499999999999896,0.0
banknote-authentication,knn-nosuite,0.4585121602288984,0.4585121602288984,0,0,0.4585121602288984,0.3465665236051502,0.6520028612303289,0.0
volcanoes-a2,knn-nosuite,0.2611111111111113,,0,0,0.2611111111111113,0.2611111111111113,0.2611111111111113,0.0
volcanoes-a2,knn-nosuite,0.2635983263598313,,0,0,,0.3333333333333333,0.2635983263598313,0.0
volcanoes-a2,knn-nosuite,0.0,,0,0,,0.0,0.0,0.0
volcanoes-a2,knn-nosuite,0.3333333333333356,,0,0,0.3333333333333356,0.33333333333333215,0.3333333333333356,0.0
volcanoes-a2,knn-nosuite,0.4578313253012061,,0,0,0.2908777969018925,0.3743545611015493,0.4578313253012061,0.0
volcanoes-a2,knn-nosuite,0.0,,0,0,,0.0,0.3,0.0
volcanoes-a2,knn-nosuite,0.42857142857143055,,0,0,0.42857142857143055,0.42857142857143055,,0.0
volcanoes-a2,knn-nosuite,0.6666666666666539,,0,0,0.6666666666666539,0.4166666666666669,0.6666666666666539,0.0
volcanoes-a2,knn-nosuite,0.6523437500000009,,0,0,0.6523437500000009,0.6523437500000009,0.6523437500000009,0.0
volcanoes-a2,knn-nosuite,0.539682539682539,,0,0,0.539682539682539,0.539682539682539,0.539682539682539,0.0
volcanoes-a2,knn-nosuite,0.4396853146853147,0.5442890442890441,0,0,0.12062937062937068,0.3333333333333333,0.33245920745920743,
volcanoes-a2,knn-nosuite,0.4629629629629629,,0,0,0.4629629629629629,0.4629629629629629,0.4629629629629629,0.0
volcanoes-a2,knn-nosuite,0.2409138110072696,0.2409138110072696,0,0,0.2346832814122532,0.3826583592938734,,0.0
volcanoes-a2,knn-nosuite,0.2643678160919543,,0,0,0.2643678160919543,0.2784743991640545,0.2643678160919543,0.0
volcanoes-a2,knn-nosuite,0.0,,0,0,0.0,0.0,0.0,0.0
volcanoes-a2,knn-nosuite,0.5000000000000012,,0,0,,0.5000000000000012,0.5,0.0
volcanoes-a2,knn-nosuite,0.0,,0,0,0.4,0.0,,0.0
volcanoes-a2,knn-nosuite,0.2784090909090907,,0,0,0.2784090909090907,0.2784090909090907,0.2784090909090907,0.0
volcanoes-a2,knn-nosuite,0.26455026455026376,,0,0,0.26455026455026376,0.26455026455026376,0.26455026455026376,0.0
volcanoes-a2,knn-nosuite,0.0,,0,0,0.0,0.0,0.0,0.0
volcanoes-a2,knn-nosuite,0.35532994923857836,,0,0,0.35532994923857836,0.35532994923857836,0.35532994923857836,0.0
volcanoes-a2,knn-nosuite,0.3069306930693072,,0,0,0.3069306930693072,0.3267326732673269,0.3069306930693072,0.0
volcanoes-a2,knn-nosuite,0.0,,0,0,0.0,0.0,0.0,0.0
volcanoes-a2,knn-nosuite,0.6555555555555579,,0,0,0.6555555555555579,0.6555555555555579,0.6555555555555579,0.0
volcanoes-a2,knn-nosuite,0.431818181818182,,0,0,0.431818181818182,0.431818181818182,,0.0
volcanoes-a2,knn-nosuite,0.0,,0,0,0.0,0.0,0.0,0.0
volcanoes-a2,knn-nosuite,0.49999999999999134,,0,0,0.49999999999999134,0.49999999999999134,0.49999999999999134,0.0
volcanoes-a2,knn-nosuite,0.0,,0,0,0.0,0.0,0.0,0.0
volcanoes-a2,knn-nosuite,0.0,,0,0,0.0,0.0,,0.0
volcanoes-a2,knn-nosuite,0.22222222222222077,,0,0,,0.22222222222222077,0.22222222222222077,0.0
volcanoes-a2,knn-nosuite,0.0,,0,0,0.0,0.0,0.0,0.0
volcanoes-a2,knn-nosuite,0.0,,0,0,0.0,0.3,,0.0
volcanoes-a2,knn-nosuite,0.2040816326530609,,0,0,0.2040816326530609,0.2040816326530609,,0.0
volcanoes-a2,knn-nosuite,0.0,,0,0,,0.0,0.0,0.0
volcanoes-a2,knn-nosuite,0.7088607594936719,,0,0,,0.7088607594936719,,0.0
volcanoes-a2,knn-nosuite,0.6212121212121207,,0,0,0.6212121212121207,0.6212121212121207,0.6212121212121207,0.0
volcanoes-a2,knn-nosuite,0.40000000000000213,,0,0,,0.40000000000000213,,0.0
volcanoes-a2,knn-nosuite,0.3609154929577463,0.3609154929577463,0,0,0.25352112676056276,0.3333333333333333,0.3732394366197186,
volcanoes-a2,knn-nosuite,0.0,,0,0,0.0,0.0,0.0,0.0
volcanoes-a2,knn-nosuite,0.33211344922232433,,0,0,0.3485818847209516,0.3174748398902106,0.33211344922232433,0.0
volcanoes-a2,knn-nosuite,0.0,,0,0,0.6,0.0,,0.0
volcanoes-a2,knn-nosuite,0.3333333333333299,,0,0,0.3333333333333299,0.3333333333333299,0.3333333333333299,0.0
volcanoes-a2,knn-nosuite,0.2202380952380947,,0,0,0.2202380952380947,0.2202380952380947,0.2202380952380947,0.0
volcanoes-a2,knn-nosuite,0.6666666666666718,,0,0,,0.6666666666666718,0.6666666666666718,0.0
volcanoes-a2,knn-nosuite,0.0,,0,0,,0.0,,0.0
volcanoes-a2,knn-nosuite,0.38705583756345163,0.38705583756345163,0,0,0.38705583756345163,0.38705583756345163,0.3329103214890021,
volcanoes-a2,knn-nosuite,0.0,,0,0,0.0,0.0,,0.0
volcanoes-a2,knn-nosuite,0.4836193447737913,,0,0,0.4836193447737913,0.36271450858034315,,0.0
volcanoes-a2,knn-nosuite,0.49999999999999795,,0,0,0.3000000000000012,0.49999999999999795,0.49999999999999795,0.0
volcanoes-a2,knn-nosuite,0.23152709359605927,,0,0,0.23152709359605927,0.23152709359605927,0.23152709359605927,0.0
yeast,knn-nosuite,0.1566008171684716,0.24027133166726164,0,0,0.18792098060216592,,0.15767186322345195,0.0
yeast,knn-nosuite,0.18080189857606793,0.48471979348821664,0,0,0.22186138174147155,,0.22610125739029055,0.0
yeast,knn-nosuite,0.16666666666666666,0.1827949857398688,0,0,0.16666666666666666,,0.16666666666666666,0.0
yeast,knn-nosuite,0.14827123605097878,0.2603207512653213,0,0,0.16551314104518586,,0.16897371790962862,0.0
yeast,knn-nosuite,0.1276146063432327,0.2896997463797761,0,0,0.15313752761187926,,0.18765851264010472,0.0
yeast,knn-nosuite,0.10257587818667974,0.20088584083440486,0,0,0.16666666666666666,,0.16504806809135997,0.0
yeast,knn-nosuite,0.15247409292094027,0.18308552649015394,0,0,0.2132464021626778,,0.16666666666666666,0.0
yeast,knn-nosuite,0.18015515064044746,0.1363882374165615,0,0,0.18015515064044746,,0.14094854370878182,0.0
yeast,knn-nosuite,0.13038007810927243,0.20849941619358214,0,0,0.1604159117445746,,0.16666666666666663,0.0
yeast,knn-nosuite,0.19190937367453687,0.5370422734341862,0,0,0.29379329845892815,,0.29379329845892815,0.0
yeast,knn-nosuite,0.16627511065713318,0.15321756894790622,0,0,0.18684031324480754,,0.15321756894790622,0.0
yeast,knn-nosuite,0.1666666666666667,0.16011712439418432,0,0,0.1666666666666667,0.14398222940226177,0.1400612547119008,0.0
yeast,knn-nosuite,0.11864035087719288,0.19810371517027897,0,0,0.16687306501547994,,0.13885448916408671,0.0
yeast,knn-nosuite,0.18166963755199061,0.47266785502079656,0,0,0.1931818181818183,,0.1931818181818183,0.0
yeast,knn-nosuite,0.16666666666666666,0.1833247555326815,0,0,0.1677303139475039,,0.13977526162291992,0.0
yeast,knn-nosuite,0.15247578405473142,0.40601503759398483,0,0,0.17943507417191626,,0.16057711847185532,0.0
yeast,knn-nosuite,0.16666666666666666,0.27602347434404734,0,0,0.18835691352362133,,0.23544614190452667,0.0
yeast,knn-nosuite,0.21942436757873,0.26420581655480996,0,0,0.19313371192565823,,0.16666666666666666,0.0
yeast,knn-nosuite,0.14285714285714285,0.1675024893636282,0,0,0.14285714285714285,,0.1554041821308954,0.0
yeast,knn-nosuite,0.2222631264092771,0.5697390824168237,0,0,0.31144448023560795,,0.22457932600125766,0.0
yeast,knn-nosuite,0.16666666666666666,0.1419340610872203,0,0,0.16050556841989205,,0.1419340610872203,0.0
yeast,knn-nosuite,0.14738799234629404,0.2560742265063717,0,0,0.2560742265063717,,0.2067854435178164,0.0
yeast,knn-nosuite,0.14285714285714285,0.153903200624512,0,0,0.18954918032786866,,0.16976971116315387,0.0
yeast,knn-nosuite,0.1369250795487416,0.3357824703500144,0,0,0.17194098929707835,,0.16666666666666666,0.0
yeast,knn-nosuite,0.14285714285714285,0.1661153086923967,0,0,0.15279763120277715,,0.16106800081682665,0.0
yeast,knn-nosuite,0.16666666666666666,0.1912086480854389,0,0,0.16666666666666666,,0.16666666666666666,0.0
yeast,knn-nosuite,0.16666666666666666,0.21720711699915293,0,0,0.1018716783486097,,0.17864900254178548,0.0
yeast,knn-nosuite,0.14285714285714282,0.05861084681255915,0,0,0.16666666666666663,,0.16723120837297817,0.0
yeast,knn-nosuite,0.14285714285714285,0.1779996615332543,0,0,0.21494753765442542,,0.1779996615332543,0.0
yeast,knn-nosuite,0.14285714285714285,0.19746827937863165,0,0,0.16666666666666666,,0.1276414087513341,0.0
yeast,knn-nosuite,0.12308206027214291,0.14201101928374657,0,0,0.16666666666666663,,0.2144002003506135,0.0
yeast,knn-nosuite,0.09496092841943383,0.26264685370956514,0,0,0.15192318008690528,,0.17496378949627164,0.0
yeast,knn-nosuite,0.1569184303649109,0.2134187571843938,0,0,0.14285714285714285,,0.16666666666666666,0.0
yeast,knn-nosuite,0.19766912155493124,0.43580593728646255,0,0,0.17308860375066432,,0.24409687950800996,0.0
yeast,knn-nosuite,0.18169081547120106,0.21132199736558496,0,0,0.21054364746736914,,0.18169081547120106,0.0
yeast,knn-nosuite,0.16666666666666666,0.25716351519152475,0,0,0.19501108124675814,,0.2018319422832084,0.0
yeast,knn-nosuite,0.22854997183803744,0.3955504099130107,0,0,0.2856874647975467,,0.22459165154264965,0.0
yeast,knn-nosuite,0.23551869404949968,0.25569848792597594,0,0,0.21580907244414346,,0.22037914691943122,0.0
yeast,knn-nosuite,0.14285714285714285,0.16292264937471052,0,0,0.18630318269039897,,0.18630318269039897,0.0
yeast,knn-nosuite,0.16666666666666666,0.09132939214794594,0,0,0.16666666666666666,,0.18173412157041083,0.0
yeast,knn-nosuite,0.14285714285714285,0.24684517327525488,0,0,0.19636794567932883,,0.19636794567932883,0.0
yeast,knn-nosuite,0.14285714285714285,0.16628194116383938,0,0,0.13506549280652783,,0.16666666666666666,0.0
yeast,knn-nosuite,0.1919790644422637,0.13341511285574095,0,0,0.1599825537018864,,0.16666666666666666,0.0
yeast,knn-nosuite,0.13381365969206488,0.21634425582313455,0,0,0.14285714285714282,0.13522831951572564,0.17885511251480446,0.0
yeast,knn-nosuite,0.20675927002208527,0.2712425897942581,0,0,0.21550621876089748,,0.2453795187725219,0.0
yeast,knn-nosuite,0.14285714285714285,0.16953478197462443,0,0,0.16666666666666666,,0.16626804725098437,0.0
yeast,knn-nosuite,0.14285714285714285,0.2060185185185185,0,0,0.17441756272401435,,0.17441756272401435,0.0
yeast,knn-nosuite,0.16919111111111104,0.2638222222222222,0,0,0.18084444444444442,,0.2638222222222222,0.0
yeast,knn-nosuite,0.1963142375737153,0.20903538331929214,0,0,0.2959140690817186,,0.23957455770850875,0.0
rmftsa,knn-nosuite,0.5,0.5,0,0,0.5,0.5,0.35636363636363644,0.0
rmftsa,knn-nosuite,0.5,0.5,0,0,0.5,0.5,0.4942084942084942,0.0
rmftsa,knn-nosuite,0.5,0.5,0,0,0.5,0.5,0.5,0.0
rmftsa,knn-nosuite,0.5,0.7022222222222216,0,0,0.7022222222222216,0.5,0.5,0.0
rmftsa,knn-nosuite,0.49999999999999994,0.27480916030534197,0,0,0.27480916030534197,0.7251908396946579,0.7251908396946579,0.0
rmftsa,knn-nosuite,0.5,,0,0,0.5,0.5,0.7049180327868863,0.0
rmftsa,knn-nosuite,0.5,0.5,0,0,0.5,0.8156862745098041,0.8156862745098041,0.0
rmftsa,knn-nosuite,0.49999999999999994,0.9547738693467336,0,0,0.9547738693467336,0.49999999999999994,0.045226130653266354,0.0
rmftsa,knn-nosuite,0.49999999999999994,0.49999999999999994,0,0,0.49999999999999994,0.5270270270270269,0.49999999999999994,0.0
rmftsa,knn-nosuite,0.5,0.9275362318840581,0,0,0.9275362318840581,0.5,0.5,0.0
rmftsa,knn-nosuite,0.5,0.43979057591623066,0,0,0.5602094240837694,0.43979057591623066,0.43979057591623066,0.0
rmftsa,knn-nosuite,0.5,0.6020942408376969,0,0,0.6020942408376969,0.5,0.6020942408376969,0.0
rmftsa,knn-nosuite,0.7583333333333332,0.5,0,0,0.5,0.7583333333333332,0.5,0.0
rmftsa,knn-nosuite,0.5,0.5,0,0,0.5863309352517989,0.5863309352517989,0.5,0.0
rmftsa,knn-nosuite,0.5,0.8440860215053759,0,0,0.8440860215053759,0.5,0.5,0.0
rmftsa,knn-nosuite,0.5482866043613709,0.5,0,0,0.5482866043613709,0.5,0.5482866043613709,0.0
rmftsa,knn-nosuite,0.5,0.5,0,0,0.5,0.5,0.5,0.0
rmftsa,knn-nosuite,0.5,0.9275362318840581,0,0,0.9275362318840581,0.5,0.5,0.0
rmftsa,knn-nosuite,0.5000000000000001,0.5000000000000001,0,0,0.5000000000000001,0.7136363636363642,0.7136363636363642,0.0
rmftsa,knn-nosuite,0.5,0.626811594202898,0,0,0.5,0.37318840579710205,0.5,0.0
rmftsa,knn-nosuite,0.5,0.5,0,0,0.5,0.5,0.21937321937321919,0.0
rmftsa,knn-nosuite,0.5,0.5,0,0,0.5,0.5,0.5,0.0
rmftsa,knn-nosuite,0.5,0.5,0,0,0.5,0.543604651162791,0.543604651162791,0.0
rmftsa,knn-nosuite,0.5,0.4797297297297287,0,0,0.4797297297297287,0.5202702702702713,0.4797297297297287,0.0
rmftsa,knn-nosuite,0.5,0.47200000000000014,0,0,0.47200000000000014,0.5,0.5,0.0
rmftsa,knn-nosuite,0.5,0.5,0,0,0.5,0.5,0.5,0.0
rmftsa,knn-nosuite,0.5,0.6359447004608296,0,0,0.5,0.5,0.5,0.0
rmftsa,knn-nosuite,0.5,0.5,0,0,0.5,0.5,0.5,0.0
rmftsa,knn-nosuite,0.5,0.40298507462686567,0,0,0.5,0.5,0.40298507462686567,0.0
rmftsa,knn-nosuite,0.5,0.4123376623376624,0,0,0.5,0.5,0.5,0.0
rmftsa,knn-nosuite,0.5,0.8656716417910456,0,0,0.8656716417910456,0.5,0.5,0.0
rmftsa,knn-nosuite,0.7359999999999998,0.5,0,0,0.5,0.5,0.7359999999999998,0.0
rmftsa,knn-nosuite,0.5,0.5,0,0,0.5863309352517989,0.5863309352517989,0.5863309352517989,0.0
rmftsa,knn-nosuite,0.4999999999999999,0.4999999999999999,0,0,0.4999999999999999,0.5537757437070937,0.4999999999999999,0.0
rmftsa,knn-nosuite,0.5,0.45620437956204357,0,0,0.5,0.5,0.5,0.0
rmftsa,knn-nosuite,0.5,0.5,0,0,0.5699373695198328,0.43006263048016724,0.5,0.0
rmftsa,knn-nosuite,0.5,0.5280898876404486,0,0,0.47191011235955144,0.5280898876404486,0.5280898876404486,0.0
rmftsa,knn-nosuite,0.5,0.7883817427385893,0,0,0.5,0.5,0.5,0.0
rmftsa,knn-nosuite,0.5,,0,0,0.5,0.3807339449541287,0.5,0.0
rmftsa,knn-nosuite,0.2696078431372543,0.5,0,0,0.5,0.5,0.5,0.0
rmftsa,knn-nosuite,0.49999999999999994,0.49999999999999994,0,0,0.49999999999999994,0.7014218009478679,0.49999999999999994,0.0
rmftsa,knn-nosuite,0.5,0.5,0,0,0.5,0.5,0.5,0.0
rmftsa,knn-nosuite,0.5,0.727467811158798,0,0,0.272532188841202,0.5,0.5,0.0
rmftsa,knn-nosuite,0.5,0.37499999999999983,0,0,0.5,0.5,0.5,0.0
rmftsa,knn-nosuite,0.5,0.8435643564356435,0,0,0.8435643564356435,0.5,0.5,0.0
rmftsa,knn-nosuite,0.5,0.9275362318840581,0,0,0.9275362318840581,0.5,0.07246376811594196,0.0
rmftsa,knn-nosuite,0.5,0.727467811158798,0,0,0.272532188841202,0.5,0.5,0.0
rmftsa,knn-nosuite,0.5,0.5,0,0,0.5,0.5,0.348583877995643,0.0
rmftsa,knn-nosuite,0.49999999999999994,0.49999999999999994,0,0,0.49999999999999994,0.49999999999999994,0.6013071895424835,0.0
rmftsa,knn-nosuite,0.5,0.5375722543352605,0,0,0.5,0.5375722543352605,0.5,0.0
banknote-authentication,knn-nosuite,0.3333333333333333,,0,0,0.3333333333333333,0.5,0.3333333333333333,0.0
banknote-authentication,knn-nosuite,0.0,,0,0,0.5,0.5,0.25,0.0
banknote-authentication,knn-nosuite,0.31818181818181807,,0,0,0.31818181818181807,0.5000000000000033,0.31818181818181807,0.0
banknote-authentication,knn-nosuite,0.2977855477855478,0.8548951048951055,0,0,0.44055944055944085,0.43356643356643354,0.2977855477855478,0.0
banknote-authentication,knn-nosuite,0.32666666666666666,0.6200000000000004,0,0,0.43666666666666676,0.32666666666666666,0.32666666666666666,0.0
banknote-authentication,knn-nosuite,0.4364341085271318,0.4364341085271318,0,0,0.4364341085271318,0.3109819121447029,0.4364341085271318,0.0
banknote-authentication,knn-nosuite,0.3333333333333333,0.7000000000000008,0,0,0.3333333333333333,0.7000000000000008,0.3333333333333333,0.0
banknote-authentication,knn-nosuite,0.0,,0,0,0.5,0.25,0.25,0.0
banknote-authentication,knn-nosuite,0.3185185185185186,0.6111111111111115,0,0,0.47777777777777775,0.47777777777777775,0.3185185185185186,0.0
banknote-authentication,knn-nosuite,0.24698795180722782,,0,0,0.24698795180722782,0.25100401606425654,0.24698795180722782,0.0
banknote-authentication,knn-nosuite,0.31858237547892726,0.7482758620689656,0,0,0.4459770114942529,0.31858237547892726,0.31858237547892726,0.0
banknote-authentication,knn-nosuite,0.5000000000000008,,0,0,0.5000000000000008,0.31333333333333296,0.29999999999999966,0.0
banknote-authentication,knn-nosuite,0.0,,0,0,0.0,0.5,0.3333333333333333,0.0
banknote-authentication,knn-nosuite,0.30952380952381064,,0,0,0.30952380952381064,0.21428571428570412,0.30952380952381064,0.0
banknote-authentication,knn-nosuite,0.2722222222222219,,0,0,0.2722222222222219,0.33333333333333426,0.31666666666666643,0.0
banknote-authentication,knn-nosuite,0.30817610062893075,0.4056603773584908,0,0,0.39622641509433953,0.30817610062893075,0.39622641509433953,0.0
banknote-authentication,knn-nosuite,0.3055555555555556,0.44444444444444425,0,0,0.41666666666666663,0.3055555555555555,0.41666666666666663,0.0
banknote-authentication,knn-nosuite,0.3198830409356725,0.656140350877193,0,0,0.46140350877192976,0.3198830409356725,0.3198830409356725,0.0
banknote-authentication,knn-nosuite,0.25,,0,0,0.5,0.3333333333333333,0.25,0.0
banknote-authentication,knn-nosuite,0.23888888888888937,,0,0,0.20000000000000157,0.25000000000000017,0.27222222222222175,0.0
banknote-authentication,knn-nosuite,0.45333333333333337,0.5944444444444446,0,0,0.45333333333333337,0.3092592592592593,0.3092592592592593,0.0
banknote-authentication,knn-nosuite,0.2980769230769231,0.3822115384615384,0,0,0.3822115384615384,0.41506410256410264,0.2980769230769231,0.0
banknote-authentication,knn-nosuite,0.16666666666666666,,0,0,0.5,0.5,0.25,0.0
banknote-authentication,knn-nosuite,0.0,,0,0,0.0,0.25,0.0,0.0
banknote-authentication,knn-nosuite,0.3182098765432099,0.6262345679012347,0,0,0.3182098765432099,0.3268518518518519,0.3182098765432099,0.0
banknote-authentication,knn-nosuite,0.1666666666666574,,0,0,0.1666666666666805,0.27777777777777773,0.16666666666666896,0.0
banknote-authentication,knn-nosuite,0.2999999999999998,,0,0,0.2999999999999996,0.2999999999999998,0.2999999999999996,0.0
banknote-authentication,knn-nosuite,0.0,,0,0,0.25,0.25,0.25,0.0
banknote-authentication,knn-nosuite,0.45245901639344255,0.8729508196721312,0,0,0.45245901639344255,0.33142076502732243,0.33142076502732243,0.0
banknote-authentication,knn-nosuite,0.2761437908496732,,0,0,0.3676470588235291,0.2892156862745098,0.2892156862745098,0.0
banknote-authentication,knn-nosuite,0.3333333333333333,,0,0,0.3333333333333333,0.0,0.3333333333333333,0.0
banknote-authentication,knn-nosuite,0.24999999999999944,,0,0,0.25000000000000056,0.18859649122807123,0.18859649122807123,0.0
banknote-authentication,knn-nosuite,0.4752444987775061,0.4752444987775061,0,0,0.4752444987775061,0.10605134474327622,0.3808068459657702,0.0
banknote-authentication,knn-nosuite,0.0,,0,0,0.0,0.3333333333333333,0.25,0.0
banknote-authentication,knn-nosuite,0.3317460317460317,0.7761904761904764,0,0,0.3317460317460317,0.7761904761904764,0.3317460317460317,0.0
banknote-authentication,knn-nosuite,0.0,,0,0,0.0,0.3333333333333333,0.0,0.0
banknote-authentication,knn-nosuite,0.0,,0,0,0.0,0.3333333333333333,0.0,0.0
banknote-authentication,knn-nosuite,0.24999999999999828,0.24999999999999828,0,0,0.25,0.25,0.25,0.0
banknote-authentication,knn-nosuite,0.24999999999999956,,0,0,0.24999999999999956,0.24999999999999956,0.24999999999999956,0.0
banknote-authentication,knn-nosuite,0.0,,0,0,0.0,0.0,0.25,0.0
banknote-authentication,knn-nosuite,0.16666666666666205,,0,0,0.16666666666666205,0.16666666666666666,0.166666666666669,0.0
banknote-authentication,knn-nosuite,0.4256410256410257,0.4256410256410257,0,0,0.4256410256410257,0.4256410256410257,0.4256410256410257,0.0
banknote-authentication,knn-nosuite,0.08790849673202612,0.6107843137254901,0,0,0.31514161220043574,0.31514161220043574,0.31514161220043574,0.0
banknote-authentication,knn-nosuite,0.49474030243261014,0.49474030243261014,0,0,0.8543721236028928,0.3305939075169844,0.42833662064431294,0.0
banknote-authentication,knn-nosuite,0.31642512077294704,,0,0,0.36231884057970953,0.3405797101449285,0.31642512077294704,0.0
banknote-authentication,knn-nosuite,0.32777777777777783,0.7333333333333328,0,0,0.4916666666666666,0.32777777777777783,0.32777777777777783,0.0
banknote-authentication,knn-nosuite,0.0,,0,0,0.0,0.0,0.0,0.0
banknote-authentication,knn-nosuite,0.306592039800995,0.569029850746269,0,0,0.29850746268656736,0.32276119402985026,0.306592039800995,0.0
banknote-authentication,knn-nosuite,0.2499999999999896,,0,0,0.2499999999999896,0.3749999999999922,0.2499999999999896,0.0
banknote-authentication,knn-nosuite,0.4585121602288984,0.4585121602288984,0,0,0.4585121602288984,0.3465665236051502,0.6520028612303289,0.0
volcanoes-a2,knn-nosuite,0.2611111111111113,,0,0,0.2611111111111113,0.2611111111111113,0.2611111111111113,0.0
volcanoes-a2,knn-nosuite,0.2635983263598313,,0,0,,0.3333333333333333,0.2635983263598313,0.0
volcanoes-a2,knn-nosuite,0.0,,0,0,,0.0,0.0,0.0
volcanoes-a2,knn-nosuite,0.3333333333333356,,0,0,0.3333333333333356,0.33333333333333215,0.3333333333333356,0.0
volcanoes-a2,knn-nosuite,0.4578313253012061,,0,0,0.2908777969018925,0.3743545611015493,0.4578313253012061,0.0
volcanoes-a2,knn-nosuite,0.0,,0,0,,0.0,0.3,0.0
volcanoes-a2,knn-nosuite,0.42857142857143055,,0,0,0.42857142857143055,0.42857142857143055,,0.0
volcanoes-a2,knn-nosuite,0.6666666666666539,,0,0,0.6666666666666539,0.4166666666666669,0.6666666666666539,0.0
volcanoes-a2,knn-nosuite,0.6523437500000009,,0,0,0.6523437500000009,0.6523437500000009,0.6523437500000009,0.0
volcanoes-a2,knn-nosuite,0.539682539682539,,0,0,0.539682539682539,0.539682539682539,0.539682539682539,0.0
volcanoes-a2,knn-nosuite,0.4396853146853147,0.5442890442890441,0,0,0.12062937062937068,0.3333333333333333,0.33245920745920743,
volcanoes-a2,knn-nosuite,0.4629629629629629,,0,0,0.4629629629629629,0.4629629629629629,0.4629629629629629,0.0
volcanoes-a2,knn-nosuite,0.2409138110072696,0.2409138110072696,0,0,0.2346832814122532,0.3826583592938734,,0.0
volcanoes-a2,knn-nosuite,0.2643678160919543,,0,0,0.2643678160919543,0.2784743991640545,0.2643678160919543,0.0
volcanoes-a2,knn-nosuite,0.0,,0,0,0.0,0.0,0.0,0.0
volcanoes-a2,knn-nosuite,0.5000000000000012,,0,0,,0.5000000000000012,0.5,0.0
volcanoes-a2,knn-nosuite,0.0,,0,0,0.4,0.0,,0.0
volcanoes-a2,knn-nosuite,0.2784090909090907,,0,0,0.2784090909090907,0.2784090909090907,0.2784090909090907,0.0
volcanoes-a2,knn-nosuite,0.26455026455026376,,0,0,0.26455026455026376,0.26455026455026376,0.26455026455026376,0.0
volcanoes-a2,knn-nosuite,0.0,,0,0,0.0,0.0,0.0,0.0
volcanoes-a2,knn-nosuite,0.35532994923857836,,0,0,0.35532994923857836,0.35532994923857836,0.35532994923857836,0.0
volcanoes-a2,knn-nosuite,0.3069306930693072,,0,0,0.3069306930693072,0.3267326732673269,0.3069306930693072,0.0
volcanoes-a2,knn-nosuite,0.0,,0,0,0.0,0.0,0.0,0.0
volcanoes-a2,knn-nosuite,0.6555555555555579,,0,0,0.6555555555555579,0.6555555555555579,0.6555555555555579,0.0
volcanoes-a2,knn-nosuite,0.431818181818182,,0,0,0.431818181818182,0.431818181818182,,0.0
volcanoes-a2,knn-nosuite,0.0,,0,0,0.0,0.0,0.0,0.0
volcanoes-a2,knn-nosuite,0.49999999999999134,,0,0,0.49999999999999134,0.49999999999999134,0.49999999999999134,0.0
volcanoes-a2,knn-nosuite,0.0,,0,0,0.0,0.0,0.0,0.0
volcanoes-a2,knn-nosuite,0.0,,0,0,0.0,0.0,,0.0
volcanoes-a2,knn-nosuite,0.22222222222222077,,0,0,,0.22222222222222077,0.22222222222222077,0.0
volcanoes-a2,knn-nosuite,0.0,,0,0,0.0,0.0,0.0,0.0
volcanoes-a2,knn-nosuite,0.0,,0,0,0.0,0.3,,0.0
volcanoes-a2,knn-nosuite,0.2040816326530609,,0,0,0.2040816326530609,0.2040816326530609,,0.0
volcanoes-a2,knn-nosuite,0.0,,0,0,,0.0,0.0,0.0
volcanoes-a2,knn-nosuite,0.7088607594936719,,0,0,,0.7088607594936719,,0.0
volcanoes-a2,knn-nosuite,0.6212121212121207,,0,0,0.6212121212121207,0.6212121212121207,0.6212121212121207,0.0
volcanoes-a2,knn-nosuite,0.40000000000000213,,0,0,,0.40000000000000213,,0.0
volcanoes-a2,knn-nosuite,0.3609154929577463,0.3609154929577463,0,0,0.25352112676056276,0.3333333333333333,0.3732394366197186,
volcanoes-a2,knn-nosuite,0.0,,0,0,0.0,0.0,0.0,0.0
volcanoes-a2,knn-nosuite,0.33211344922232433,,0,0,0.3485818847209516,0.3174748398902106,0.33211344922232433,0.0
volcanoes-a2,knn-nosuite,0.0,,0,0,0.6,0.0,,0.0
volcanoes-a2,knn-nosuite,0.3333333333333299,,0,0,0.3333333333333299,0.3333333333333299,0.3333333333333299,0.0
volcanoes-a2,knn-nosuite,0.2202380952380947,,0,0,0.2202380952380947,0.2202380952380947,0.2202380952380947,0.0
volcanoes-a2,knn-nosuite,0.6666666666666718,,0,0,,0.6666666666666718,0.6666666666666718,0.0
volcanoes-a2,knn-nosuite,0.0,,0,0,,0.0,,0.0
volcanoes-a2,knn-nosuite,0.38705583756345163,0.38705583756345163,0,0,0.38705583756345163,0.38705583756345163,0.3329103214890021,
volcanoes-a2,knn-nosuite,0.0,,0,0,0.0,0.0,,0.0
volcanoes-a2,knn-nosuite,0.4836193447737913,,0,0,0.4836193447737913,0.36271450858034315,,0.0
volcanoes-a2,knn-nosuite,0.49999999999999795,,0,0,0.3000000000000012,0.49999999999999795,0.49999999999999795,0.0
volcanoes-a2,knn-nosuite,0.23152709359605927,,0,0,0.23152709359605927,0.23152709359605927,0.23152709359605927,0.0
volcanoes-a3,knn-nosuite,0.3352564102564104,0.38333333333333364,0,0,0.437179487179488,0.38333333333333364,0.38333333333333364,
volcanoes-a3,knn-nosuite,0.16129032258064427,,0,0,,0.16129032258064427,,0.0
volcanoes-a3,knn-nosuite,0.4189560439560441,0.4189560439560441,0,0,0.7298534798534798,0.3333333333333333,0.1350732600732601,
volcanoes-a3,knn-nosuite,0.09090909090908919,,0,0,0.09090909090908919,0.09090909090908919,0.09090909090908919,0.0
volcanoes-a3,knn-nosuite,0.0,,0,0,0.0,0.0,,0.0
volcanoes-a3,knn-nosuite,0.3333333333333345,,0,0,0.3333333333333345,0.3333333333333345,0.3333333333333345,0.0
volcanoes-a3,knn-nosuite,0.31249999999999684,,0,0,0.37499999999999334,0.31249999999999684,,0.0
volcanoes-a3,knn-nosuite,0.3750000000000079,,0,0,,0.3750000000000079,0.3750000000000079,0.0
volcanoes-a3,knn-nosuite,0.338187702265372,,0,0,0.338187702265372,0.338187702265372,0.338187702265372,0.0
volcanoes-a3,knn-nosuite,0.43939393939394,,0,0,0.43939393939394,0.43939393939394,,0.0
volcanoes-a3,knn-nosuite,0.0,,0,0,0.6,0.0,0.0,0.0
volcanoes-a3,knn-nosuite,0.21438082556591195,0.21438082556591195,0,0,0.21438082556591195,0.2303595206391479,0.21438082556591195,0.0
volcanoes-a3,knn-nosuite,0.36849925705794995,,0,0,0.36849925705794995,0.36849925705794995,,0.0
volcanoes-a3,knn-nosuite,0.3274087932647335,0.3274087932647335,0,0,0.4181478016838168,0.3274087932647335,0.3816651075771749,
volcanoes-a3,knn-nosuite,0.2877030162412983,0.2877030162412983,0,0,0.2877030162412983,0.2877030162412983,,0.0
volcanoes-a3,knn-nosuite,0.20118343195266228,,0,0,0.20118343195266228,0.20118343195266228,0.20118343195266228,0.0
volcanoes-a3,knn-nosuite,0.18421052631578952,,0,0,0.18421052631578952,0.18421052631578952,0.18421052631578952,0.0
volcanoes-a3,knn-nosuite,0.0,,0,0,,0.0,0.0,0.0
volcanoes-a3,knn-nosuite,0.04838709677419367,,0,0,0.04838709677419367,0.04838709677419367,,0.0
volcanoes-a3,knn-nosuite,0.3287671232876697,,0,0,,0.3287671232876697,0.3287671232876697,0.0
volcanoes-a3,knn-nosuite,0.0,,0,0,,0.0,0.0,0.0
volcanoes-a3,knn-nosuite,0.29257641921397315,0.29257641921397315,0,0,0.29257641921397315,0.29257641921397315,0.29257641921397315,0.0
volcanoes-a3,knn-nosuite,0.6341463414634128,,0,0,0.6341463414634128,0.6341463414634128,,0.0
volcanoes-a3,knn-nosuite,0.4125,0.345454545454546,0,0,0.345454545454546,0.4125,0.26022727272727303,0.0
volcanoes-a3,knn-nosuite,0.23684210526315702,,0,0,0.23684210526315702,0.23684210526315702,0.23684210526315702,0.0
volcanoes-a3,knn-nosuite,0.49056603773584845,,0,0,,0.49056603773584845,0.49056603773584845,0.0
volcanoes-a3,knn-nosuite,0.3675213675213689,0.3675213675213689,0,0,0.3675213675213689,0.3482905982905987,0.33547008547008567,0.0
volcanoes-a3,knn-nosuite,0.0,,0,0,0.0,0.0,,0.0
volcanoes-a3,knn-nosuite,0.0,,0,0,0.0,0.0,0.0,0.0
volcanoes-a3,knn-nosuite,0.0,,0,0,0.0,0.0,,0.0
volcanoes-a3,knn-nosuite,0.0,,0,0,,0.0,0.0,0.0
volcanoes-a3,knn-nosuite,0.3333333333333356,,0,0,0.3333333333333356,0.3333333333333356,0.3333333333333356,0.0
volcanoes-a3,knn-nosuite,0.3462819089900117,0.3462819089900117,0,0,0.3462819089900117,0.3812430632630413,0.3462819089900117,0.0
volcanoes-a3,knn-nosuite,0.29629629629629606,,0,0,0.29629629629629606,0.29629629629629606,0.29629629629629606,0.0
volcanoes-a3,knn-nosuite,0.0,,0,0,,0.0,0.0,0.0
volcanoes-a3,knn-nosuite,0.3088888888888879,,0,0,0.3088888888888879,0.2455555555555549,,0.0
volcanoes-a3,knn-nosuite,0.3181818181818166,,0,0,,0.3181818181818166,,0.0
volcanoes-a3,knn-nosuite,0.6199999999999998,,0,0,0.6199999999999998,0.6199999999999998,,0.0
volcanoes-a3,knn-nosuite,0.3270142180094775,0.3270142180094775,0,0,,0.3270142180094775,,0.0
volcanoes-a3,knn-nosuite,0.44186046511627836,,0,0,,0.44186046511627836,0.44186046511627836,0.0
volcanoes-a3,knn-nosuite,0.0,,0,0,0.0,0.0,0.0,0.0
volcanoes-a3,knn-nosuite,0.41563434429730894,0.3333333333333334,0,0,0.41563434429730894,0.41563434429730894,0.3333333333333334,0.0
volcanoes-a3,knn-nosuite,0.1538461538461506,,0,0,0.1538461538461506,0.1538461538461506,0.1538461538461506,0.0
volcanoes-a3,knn-nosuite,0.0,,0,0,0.0,0.0,,0.0
volcanoes-a3,knn-nosuite,0.258957654723127,,0,0,0.258957654723127,0.3333333333333333,,0.0
volcanoes-a3,knn-nosuite,0.0,,0,0,,0.0,0.0,0.0
volcanoes-a3,knn-nosuite,0.25903614457831325,,0,0,0.25903614457831325,0.20481927710843362,,0.0
volcanoes-a3,knn-nosuite,0.49999999999999656,,0,0,,0.49999999999999656,0.49999999999999656,0.0
volcanoes-a3,knn-nosuite,0.0,,0,0,0.0,0.0,0.0,0.0
volcanoes-a3,knn-nosuite,0.16666666666666474,,0,0,0.16666666666666474,0.16666666666666474,0.16666666666666474,0.0
yeast,knn-nosuite,0.1566008171684716,0.24027133166726164,0,0,0.18792098060216592,,0.15767186322345195,0.0
yeast,knn-nosuite,0.18080189857606793,0.48471979348821664,0,0,0.22186138174147155,,0.22610125739029055,0.0
yeast,knn-nosuite,0.16666666666666666,0.1827949857398688,0,0,0.16666666666666666,,0.16666666666666666,0.0
yeast,knn-nosuite,0.14827123605097878,0.2603207512653213,0,0,0.16551314104518586,,0.16897371790962862,0.0
yeast,knn-nosuite,0.1276146063432327,0.2896997463797761,0,0,0.15313752761187926,,0.18765851264010472,0.0
yeast,knn-nosuite,0.10257587818667974,0.20088584083440486,0,0,0.16666666666666666,,0.16504806809135997,0.0
yeast,knn-nosuite,0.15247409292094027,0.18308552649015394,0,0,0.2132464021626778,,0.16666666666666666,0.0
yeast,knn-nosuite,0.18015515064044746,0.1363882374165615,0,0,0.18015515064044746,,0.14094854370878182,0.0
yeast,knn-nosuite,0.13038007810927243,0.20849941619358214,0,0,0.1604159117445746,,0.16666666666666663,0.0
yeast,knn-nosuite,0.19190937367453687,0.5370422734341862,0,0,0.29379329845892815,,0.29379329845892815,0.0
yeast,knn-nosuite,0.16627511065713318,0.15321756894790622,0,0,0.18684031324480754,,0.15321756894790622,0.0
yeast,knn-nosuite,0.1666666666666667,0.16011712439418432,0,0,0.1666666666666667,0.14398222940226177,0.1400612547119008,0.0
yeast,knn-nosuite,0.11864035087719288,0.19810371517027897,0,0,0.16687306501547994,,0.13885448916408671,0.0
yeast,knn-nosuite,0.18166963755199061,0.47266785502079656,0,0,0.1931818181818183,,0.1931818181818183,0.0
yeast,knn-nosuite,0.16666666666666666,0.1833247555326815,0,0,0.1677303139475039,,0.13977526162291992,0.0
yeast,knn-nosuite,0.15247578405473142,0.40601503759398483,0,0,0.17943507417191626,,0.16057711847185532,0.0
yeast,knn-nosuite,0.16666666666666666,0.27602347434404734,0,0,0.18835691352362133,,0.23544614190452667,0.0
yeast,knn-nosuite,0.21942436757873,0.26420581655480996,0,0,0.19313371192565823,,0.16666666666666666,0.0
yeast,knn-nosuite,0.14285714285714285,0.1675024893636282,0,0,0.14285714285714285,,0.1554041821308954,0.0
yeast,knn-nosuite,0.2222631264092771,0.5697390824168237,0,0,0.31144448023560795,,0.22457932600125766,0.0
yeast,knn-nosuite,0.16666666666666666,0.1419340610872203,0,0,0.16050556841989205,,0.1419340610872203,0.0
yeast,knn-nosuite,0.14738799234629404,0.2560742265063717,0,0,0.2560742265063717,,0.2067854435178164,0.0
yeast,knn-nosuite,0.14285714285714285,0.153903200624512,0,0,0.18954918032786866,,0.16976971116315387,0.0
yeast,knn-nosuite,0.1369250795487416,0.3357824703500144,0,0,0.17194098929707835,,0.16666666666666666,0.0
yeast,knn-nosuite,0.14285714285714285,0.1661153086923967,0,0,0.15279763120277715,,0.16106800081682665,0.0
yeast,knn-nosuite,0.16666666666666666,0.1912086480854389,0,0,0.16666666666666666,,0.16666666666666666,0.0
yeast,knn-nosuite,0.16666666666666666,0.21720711699915293,0,0,0.1018716783486097,,0.17864900254178548,0.0
yeast,knn-nosuite,0.14285714285714282,0.05861084681255915,0,0,0.16666666666666663,,0.16723120837297817,0.0
yeast,knn-nosuite,0.14285714285714285,0.1779996615332543,0,0,0.21494753765442542,,0.1779996615332543,0.0
yeast,knn-nosuite,0.14285714285714285,0.19746827937863165,0,0,0.16666666666666666,,0.1276414087513341,0.0
yeast,knn-nosuite,0.12308206027214291,0.14201101928374657,0,0,0.16666666666666663,,0.2144002003506135,0.0
yeast,knn-nosuite,0.09496092841943383,0.26264685370956514,0,0,0.15192318008690528,,0.17496378949627164,0.0
yeast,knn-nosuite,0.1569184303649109,0.2134187571843938,0,0,0.14285714285714285,,0.16666666666666666,0.0
yeast,knn-nosuite,0.19766912155493124,0.43580593728646255,0,0,0.17308860375066432,,0.24409687950800996,0.0
yeast,knn-nosuite,0.18169081547120106,0.21132199736558496,0,0,0.21054364746736914,,0.18169081547120106,0.0
yeast,knn-nosuite,0.16666666666666666,0.25716351519152475,0,0,0.19501108124675814,,0.2018319422832084,0.0
yeast,knn-nosuite,0.22854997183803744,0.3955504099130107,0,0,0.2856874647975467,,0.22459165154264965,0.0
yeast,knn-nosuite,0.23551869404949968,0.25569848792597594,0,0,0.21580907244414346,,0.22037914691943122,0.0
yeast,knn-nosuite,0.14285714285714285,0.16292264937471052,0,0,0.18630318269039897,,0.18630318269039897,0.0
yeast,knn-nosuite,0.16666666666666666,0.09132939214794594,0,0,0.16666666666666666,,0.18173412157041083,0.0
yeast,knn-nosuite,0.14285714285714285,0.24684517327525488,0,0,0.19636794567932883,,0.19636794567932883,0.0
yeast,knn-nosuite,0.14285714285714285,0.16628194116383938,0,0,0.13506549280652783,,0.16666666666666666,0.0
yeast,knn-nosuite,0.1919790644422637,0.13341511285574095,0,0,0.1599825537018864,,0.16666666666666666,0.0
yeast,knn-nosuite,0.13381365969206488,0.21634425582313455,0,0,0.14285714285714282,0.13522831951572564,0.17885511251480446,0.0
yeast,knn-nosuite,0.20675927002208527,0.2712425897942581,0,0,0.21550621876089748,,0.2453795187725219,0.0
yeast,knn-nosuite,0.14285714285714285,0.16953478197462443,0,0,0.16666666666666666,,0.16626804725098437,0.0
yeast,knn-nosuite,0.14285714285714285,0.2060185185185185,0,0,0.17441756272401435,,0.17441756272401435,0.0
yeast,knn-nosuite,0.16919111111111104,0.2638222222222222,0,0,0.18084444444444442,,0.2638222222222222,0.0
yeast,knn-nosuite,0.1963142375737153,0.20903538331929214,0,0,0.2959140690817186,,0.23957455770850875,0.0
rmftsa,knn-nosuite,0.5,0.5,0,0,0.5,0.5,0.35636363636363644,0.0
rmftsa,knn-nosuite,0.5,0.5,0,0,0.5,0.5,0.4942084942084942,0.0
rmftsa,knn-nosuite,0.5,0.5,0,0,0.5,0.5,0.5,0.0
rmftsa,knn-nosuite,0.5,0.7022222222222216,0,0,0.7022222222222216,0.5,0.5,0.0
rmftsa,knn-nosuite,0.49999999999999994,0.27480916030534197,0,0,0.27480916030534197,0.7251908396946579,0.7251908396946579,0.0
rmftsa,knn-nosuite,0.5,,0,0,0.5,0.5,0.7049180327868863,0.0
rmftsa,knn-nosuite,0.5,0.5,0,0,0.5,0.8156862745098041,0.8156862745098041,0.0
rmftsa,knn-nosuite,0.49999999999999994,0.9547738693467336,0,0,0.9547738693467336,0.49999999999999994,0.045226130653266354,0.0
rmftsa,knn-nosuite,0.49999999999999994,0.49999999999999994,0,0,0.49999999999999994,0.5270270270270269,0.49999999999999994,0.0
rmftsa,knn-nosuite,0.5,0.9275362318840581,0,0,0.9275362318840581,0.5,0.5,0.0
rmftsa,knn-nosuite,0.5,0.43979057591623066,0,0,0.5602094240837694,0.43979057591623066,0.43979057591623066,0.0
rmftsa,knn-nosuite,0.5,0.6020942408376969,0,0,0.6020942408376969,0.5,0.6020942408376969,0.0
rmftsa,knn-nosuite,0.7583333333333332,0.5,0,0,0.5,0.7583333333333332,0.5,0.0
rmftsa,knn-nosuite,0.5,0.5,0,0,0.5863309352517989,0.5863309352517989,0.5,0.0
rmftsa,knn-nosuite,0.5,0.8440860215053759,0,0,0.8440860215053759,0.5,0.5,0.0
rmftsa,knn-nosuite,0.5482866043613709,0.5,0,0,0.5482866043613709,0.5,0.5482866043613709,0.0
rmftsa,knn-nosuite,0.5,0.5,0,0,0.5,0.5,0.5,0.0
rmftsa,knn-nosuite,0.5,0.9275362318840581,0,0,0.9275362318840581,0.5,0.5,0.0
rmftsa,knn-nosuite,0.5000000000000001,0.5000000000000001,0,0,0.5000000000000001,0.7136363636363642,0.7136363636363642,0.0
rmftsa,knn-nosuite,0.5,0.626811594202898,0,0,0.5,0.37318840579710205,0.5,0.0
rmftsa,knn-nosuite,0.5,0.5,0,0,0.5,0.5,0.21937321937321919,0.0
rmftsa,knn-nosuite,0.5,0.5,0,0,0.5,0.5,0.5,0.0
rmftsa,knn-nosuite,0.5,0.5,0,0,0.5,0.543604651162791,0.543604651162791,0.0
rmftsa,knn-nosuite,0.5,0.4797297297297287,0,0,0.4797297297297287,0.5202702702702713,0.4797297297297287,0.0
rmftsa,knn-nosuite,0.5,0.47200000000000014,0,0,0.47200000000000014,0.5,0.5,0.0
rmftsa,knn-nosuite,0.5,0.5,0,0,0.5,0.5,0.5,0.0
rmftsa,knn-nosuite,0.5,0.6359447004608296,0,0,0.5,0.5,0.5,0.0
rmftsa,knn-nosuite,0.5,0.5,0,0,0.5,0.5,0.5,0.0
rmftsa,knn-nosuite,0.5,0.40298507462686567,0,0,0.5,0.5,0.40298507462686567,0.0
rmftsa,knn-nosuite,0.5,0.4123376623376624,0,0,0.5,0.5,0.5,0.0
rmftsa,knn-nosuite,0.5,0.8656716417910456,0,0,0.8656716417910456,0.5,0.5,0.0
rmftsa,knn-nosuite,0.7359999999999998,0.5,0,0,0.5,0.5,0.7359999999999998,0.0
rmftsa,knn-nosuite,0.5,0.5,0,0,0.5863309352517989,0.5863309352517989,0.5863309352517989,0.0
rmftsa,knn-nosuite,0.4999999999999999,0.4999999999999999,0,0,0.4999999999999999,0.5537757437070937,0.4999999999999999,0.0
rmftsa,knn-nosuite,0.5,0.45620437956204357,0,0,0.5,0.5,0.5,0.0
rmftsa,knn-nosuite,0.5,0.5,0,0,0.5699373695198328,0.43006263048016724,0.5,0.0
rmftsa,knn-nosuite,0.5,0.5280898876404486,0,0,0.47191011235955144,0.5280898876404486,0.5280898876404486,0.0
rmftsa,knn-nosuite,0.5,0.7883817427385893,0,0,0.5,0.5,0.5,0.0
rmftsa,knn-nosuite,0.5,,0,0,0.5,0.3807339449541287,0.5,0.0
rmftsa,knn-nosuite,0.2696078431372543,0.5,0,0,0.5,0.5,0.5,0.0
rmftsa,knn-nosuite,0.49999999999999994,0.49999999999999994,0,0,0.49999999999999994,0.7014218009478679,0.49999999999999994,0.0
rmftsa,knn-nosuite,0.5,0.5,0,0,0.5,0.5,0.5,0.0
rmftsa,knn-nosuite,0.5,0.727467811158798,0,0,0.272532188841202,0.5,0.5,0.0
rmftsa,knn-nosuite,0.5,0.37499999999999983,0,0,0.5,0.5,0.5,0.0
rmftsa,knn-nosuite,0.5,0.8435643564356435,0,0,0.8435643564356435,0.5,0.5,0.0
rmftsa,knn-nosuite,0.5,0.9275362318840581,0,0,0.9275362318840581,0.5,0.07246376811594196,0.0
rmftsa,knn-nosuite,0.5,0.727467811158798,0,0,0.272532188841202,0.5,0.5,0.0
rmftsa,knn-nosuite,0.5,0.5,0,0,0.5,0.5,0.348583877995643,0.0
rmftsa,knn-nosuite,0.49999999999999994,0.49999999999999994,0,0,0.49999999999999994,0.49999999999999994,0.6013071895424835,0.0
rmftsa,knn-nosuite,0.5,0.5375722543352605,0,0,0.5,0.5375722543352605,0.5,0.0
banknote-authentication,knn-nosuite,0.3333333333333333,,0,0,0.3333333333333333,0.5,0.3333333333333333,0.0
banknote-authentication,knn-nosuite,0.0,,0,0,0.5,0.5,0.25,0.0
banknote-authentication,knn-nosuite,0.31818181818181807,,0,0,0.31818181818181807,0.5000000000000033,0.31818181818181807,0.0
banknote-authentication,knn-nosuite,0.2977855477855478,0.8548951048951055,0,0,0.44055944055944085,0.43356643356643354,0.2977855477855478,0.0
banknote-authentication,knn-nosuite,0.32666666666666666,0.6200000000000004,0,0,0.43666666666666676,0.32666666666666666,0.32666666666666666,0.0
banknote-authentication,knn-nosuite,0.4364341085271318,0.4364341085271318,0,0,0.4364341085271318,0.3109819121447029,0.4364341085271318,0.0
banknote-authentication,knn-nosuite,0.3333333333333333,0.7000000000000008,0,0,0.3333333333333333,0.7000000000000008,0.3333333333333333,0.0
banknote-authentication,knn-nosuite,0.0,,0,0,0.5,0.25,0.25,0.0
banknote-authentication,knn-nosuite,0.3185185185185186,0.6111111111111115,0,0,0.47777777777777775,0.47777777777777775,0.3185185185185186,0.0
banknote-authentication,knn-nosuite,0.24698795180722782,,0,0,0.24698795180722782,0.25100401606425654,0.24698795180722782,0.0
banknote-authentication,knn-nosuite,0.31858237547892726,0.7482758620689656,0,0,0.4459770114942529,0.31858237547892726,0.31858237547892726,0.0
banknote-authentication,knn-nosuite,0.5000000000000008,,0,0,0.5000000000000008,0.31333333333333296,0.29999999999999966,0.0
banknote-authentication,knn-nosuite,0.0,,0,0,0.0,0.5,0.3333333333333333,0.0
banknote-authentication,knn-nosuite,0.30952380952381064,,0,0,0.30952380952381064,0.21428571428570412,0.30952380952381064,0.0
banknote-authentication,knn-nosuite,0.2722222222222219,,0,0,0.2722222222222219,0.33333333333333426,0.31666666666666643,0.0
banknote-authentication,knn-nosuite,0.30817610062893075,0.4056603773584908,0,0,0.39622641509433953,0.30817610062893075,0.39622641509433953,0.0
banknote-authentication,knn-nosuite,0.3055555555555556,0.44444444444444425,0,0,0.41666666666666663,0.3055555555555555,0.41666666666666663,0.0
banknote-authentication,knn-nosuite,0.3198830409356725,0.656140350877193,0,0,0.46140350877192976,0.3198830409356725,0.3198830409356725,0.0
banknote-authentication,knn-nosuite,0.25,,0,0,0.5,0.3333333333333333,0.25,0.0
banknote-authentication,knn-nosuite,0.23888888888888937,,0,0,0.20000000000000157,0.25000000000000017,0.27222222222222175,0.0
banknote-authentication,knn-nosuite,0.45333333333333337,0.5944444444444446,0,0,0.45333333333333337,0.3092592592592593,0.3092592592592593,0.0
banknote-authentication,knn-nosuite,0.2980769230769231,0.3822115384615384,0,0,0.3822115384615384,0.41506410256410264,0.2980769230769231,0.0
banknote-authentication,knn-nosuite,0.16666666666666666,,0,0,0.5,0.5,0.25,0.0
banknote-authentication,knn-nosuite,0.0,,0,0,0.0,0.25,0.0,0.0
banknote-authentication,knn-nosuite,0.3182098765432099,0.6262345679012347,0,0,0.3182098765432099,0.3268518518518519,0.3182098765432099,0.0
banknote-authentication,knn-nosuite,0.1666666666666574,,0,0,0.1666666666666805,0.27777777777777773,0.16666666666666896,0.0
banknote-authentication,knn-nosuite,0.2999999999999998,,0,0,0.2999999999999996,0.2999999999999998,0.2999999999999996,0.0
banknote-authentication,knn-nosuite,0.0,,0,0,0.25,0.25,0.25,0.0
banknote-authentication,knn-nosuite,0.45245901639344255,0.8729508196721312,0,0,0.45245901639344255,0.33142076502732243,0.33142076502732243,0.0
banknote-authentication,knn-nosuite,0.2761437908496732,,0,0,0.3676470588235291,0.2892156862745098,0.2892156862745098,0.0
banknote-authentication,knn-nosuite,0.3333333333333333,,0,0,0.3333333333333333,0.0,0.3333333333333333,0.0
banknote-authentication,knn-nosuite,0.24999999999999944,,0,0,0.25000000000000056,0.18859649122807123,0.18859649122807123,0.0
banknote-authentication,knn-nosuite,0.4752444987775061,0.4752444987775061,0,0,0.4752444987775061,0.10605134474327622,0.3808068459657702,0.0
banknote-authentication,knn-nosuite,0.0,,0,0,0.0,0.3333333333333333,0.25,0.0
banknote-authentication,knn-nosuite,0.3317460317460317,0.7761904761904764,0,0,0.3317460317460317,0.7761904761904764,0.3317460317460317,0.0
banknote-authentication,knn-nosuite,0.0,,0,0,0.0,0.3333333333333333,0.0,0.0
banknote-authentication,knn-nosuite,0.0,,0,0,0.0,0.3333333333333333,0.0,0.0
banknote-authentication,knn-nosuite,0.24999999999999828,0.24999999999999828,0,0,0.25,0.25,0.25,0.0
banknote-authentication,knn-nosuite,0.24999999999999956,,0,0,0.24999999999999956,0.24999999999999956,0.24999999999999956,0.0
banknote-authentication,knn-nosuite,0.0,,0,0,0.0,0.0,0.25,0.0
banknote-authentication,knn-nosuite,0.16666666666666205,,0,0,0.16666666666666205,0.16666666666666666,0.166666666666669,0.0
banknote-authentication,knn-nosuite,0.4256410256410257,0.4256410256410257,0,0,0.4256410256410257,0.4256410256410257,0.4256410256410257,0.0
banknote-authentication,knn-nosuite,0.08790849673202612,0.6107843137254901,0,0,0.31514161220043574,0.31514161220043574,0.31514161220043574,0.0
banknote-authentication,knn-nosuite,0.49474030243261014,0.49474030243261014,0,0,0.8543721236028928,0.3305939075169844,0.42833662064431294,0.0
banknote-authentication,knn-nosuite,0.31642512077294704,,0,0,0.36231884057970953,0.3405797101449285,0.31642512077294704,0.0
banknote-authentication,knn-nosuite,0.32777777777777783,0.7333333333333328,0,0,0.4916666666666666,0.32777777777777783,0.32777777777777783,0.0
banknote-authentication,knn-nosuite,0.0,,0,0,0.0,0.0,0.0,0.0
banknote-authentication,knn-nosuite,0.306592039800995,0.569029850746269,0,0,0.29850746268656736,0.32276119402985026,0.306592039800995,0.0
banknote-authentication,knn-nosuite,0.2499999999999896,,0,0,0.2499999999999896,0.3749999999999922,0.2499999999999896,0.0
banknote-authentication,knn-nosuite,0.4585121602288984,0.4585121602288984,0,0,0.4585121602288984,0.3465665236051502,0.6520028612303289,0.0
volcanoes-a2,knn-nosuite,0.2611111111111113,,0,0,0.2611111111111113,0.2611111111111113,0.2611111111111113,0.0
volcanoes-a2,knn-nosuite,0.2635983263598313,,0,0,,0.3333333333333333,0.2635983263598313,0.0
volcanoes-a2,knn-nosuite,0.0,,0,0,,0.0,0.0,0.0
volcanoes-a2,knn-nosuite,0.3333333333333356,,0,0,0.3333333333333356,0.33333333333333215,0.3333333333333356,0.0
volcanoes-a2,knn-nosuite,0.4578313253012061,,0,0,0.2908777969018925,0.3743545611015493,0.4578313253012061,0.0
volcanoes-a2,knn-nosuite,0.0,,0,0,,0.0,0.3,0.0
volcanoes-a2,knn-nosuite,0.42857142857143055,,0,0,0.42857142857143055,0.42857142857143055,,0.0
volcanoes-a2,knn-nosuite,0.6666666666666539,,0,0,0.6666666666666539,0.4166666666666669,0.6666666666666539,0.0
volcanoes-a2,knn-nosuite,0.6523437500000009,,0,0,0.6523437500000009,0.6523437500000009,0.6523437500000009,0.0
volcanoes-a2,knn-nosuite,0.539682539682539,,0,0,0.539682539682539,0.539682539682539,0.539682539682539,0.0
volcanoes-a2,knn-nosuite,0.4396853146853147,0.5442890442890441,0,0,0.12062937062937068,0.3333333333333333,0.33245920745920743,
volcanoes-a2,knn-nosuite,0.4629629629629629,,0,0,0.4629629629629629,0.4629629629629629,0.4629629629629629,0.0
volcanoes-a2,knn-nosuite,0.2409138110072696,0.2409138110072696,0,0,0.2346832814122532,0.3826583592938734,,0.0
volcanoes-a2,knn-nosuite,0.2643678160919543,,0,0,0.2643678160919543,0.2784743991640545,0.2643678160919543,0.0
volcanoes-a2,knn-nosuite,0.0,,0,0,0.0,0.0,0.0,0.0
volcanoes-a2,knn-nosuite,0.5000000000000012,,0,0,,0.5000000000000012,0.5,0.0
volcanoes-a2,knn-nosuite,0.0,,0,0,0.4,0.0,,0.0
volcanoes-a2,knn-nosuite,0.2784090909090907,,0,0,0.2784090909090907,0.2784090909090907,0.2784090909090907,0.0
volcanoes-a2,knn-nosuite,0.26455026455026376,,0,0,0.26455026455026376,0.26455026455026376,0.26455026455026376,0.0
volcanoes-a2,knn-nosuite,0.0,,0,0,0.0,0.0,0.0,0.0
volcanoes-a2,knn-nosuite,0.35532994923857836,,0,0,0.35532994923857836,0.35532994923857836,0.35532994923857836,0.0
volcanoes-a2,knn-nosuite,0.3069306930693072,,0,0,0.3069306930693072,0.3267326732673269,0.3069306930693072,0.0
volcanoes-a2,knn-nosuite,0.0,,0,0,0.0,0.0,0.0,0.0
volcanoes-a2,knn-nosuite,0.6555555555555579,,0,0,0.6555555555555579,0.6555555555555579,0.6555555555555579,0.0
volcanoes-a2,knn-nosuite,0.431818181818182,,0,0,0.431818181818182,0.431818181818182,,0.0
volcanoes-a2,knn-nosuite,0.0,,0,0,0.0,0.0,0.0,0.0
volcanoes-a2,knn-nosuite,0.49999999999999134,,0,0,0.49999999999999134,0.49999999999999134,0.49999999999999134,0.0
volcanoes-a2,knn-nosuite,0.0,,0,0,0.0,0.0,0.0,0.0
volcanoes-a2,knn-nosuite,0.0,,0,0,0.0,0.0,,0.0
volcanoes-a2,knn-nosuite,0.22222222222222077,,0,0,,0.22222222222222077,0.22222222222222077,0.0
volcanoes-a2,knn-nosuite,0.0,,0,0,0.0,0.0,0.0,0.0
volcanoes-a2,knn-nosuite,0.0,,0,0,0.0,0.3,,0.0
volcanoes-a2,knn-nosuite,0.2040816326530609,,0,0,0.2040816326530609,0.2040816326530609,,0.0
volcanoes-a2,knn-nosuite,0.0,,0,0,,0.0,0.0,0.0
volcanoes-a2,knn-nosuite,0.7088607594936719,,0,0,,0.7088607594936719,,0.0
volcanoes-a2,knn-nosuite,0.6212121212121207,,0,0,0.6212121212121207,0.6212121212121207,0.6212121212121207,0.0
volcanoes-a2,knn-nosuite,0.40000000000000213,,0,0,,0.40000000000000213,,0.0
volcanoes-a2,knn-nosuite,0.3609154929577463,0.3609154929577463,0,0,0.25352112676056276,0.3333333333333333,0.3732394366197186,
volcanoes-a2,knn-nosuite,0.0,,0,0,0.0,0.0,0.0,0.0
volcanoes-a2,knn-nosuite,0.33211344922232433,,0,0,0.3485818847209516,0.3174748398902106,0.33211344922232433,0.0
volcanoes-a2,knn-nosuite,0.0,,0,0,0.6,0.0,,0.0
volcanoes-a2,knn-nosuite,0.3333333333333299,,0,0,0.3333333333333299,0.3333333333333299,0.3333333333333299,0.0
volcanoes-a2,knn-nosuite,0.2202380952380947,,0,0,0.2202380952380947,0.2202380952380947,0.2202380952380947,0.0
volcanoes-a2,knn-nosuite,0.6666666666666718,,0,0,,0.6666666666666718,0.6666666666666718,0.0
volcanoes-a2,knn-nosuite,0.0,,0,0,,0.0,,0.0
volcanoes-a2,knn-nosuite,0.38705583756345163,0.38705583756345163,0,0,0.38705583756345163,0.38705583756345163,0.3329103214890021,
volcanoes-a2,knn-nosuite,0.0,,0,0,0.0,0.0,,0.0
volcanoes-a2,knn-nosuite,0.4836193447737913,,0,0,0.4836193447737913,0.36271450858034315,,0.0
volcanoes-a2,knn-nosuite,0.49999999999999795,,0,0,0.3000000000000012,0.49999999999999795,0.49999999999999795,0.0
volcanoes-a2,knn-nosuite,0.23152709359605927,,0,0,0.23152709359605927,0.23152709359605927,0.23152709359605927,0.0
volcanoes-a3,knn-nosuite,0.3352564102564104,0.38333333333333364,0,0,0.437179487179488,0.38333333333333364,0.38333333333333364,
volcanoes-a3,knn-nosuite,0.16129032258064427,,0,0,,0.16129032258064427,,0.0
volcanoes-a3,knn-nosuite,0.4189560439560441,0.4189560439560441,0,0,0.7298534798534798,0.3333333333333333,0.1350732600732601,
volcanoes-a3,knn-nosuite,0.09090909090908919,,0,0,0.09090909090908919,0.09090909090908919,0.09090909090908919,0.0
volcanoes-a3,knn-nosuite,0.0,,0,0,0.0,0.0,,0.0
volcanoes-a3,knn-nosuite,0.3333333333333345,,0,0,0.3333333333333345,0.3333333333333345,0.3333333333333345,0.0
volcanoes-a3,knn-nosuite,0.31249999999999684,,0,0,0.37499999999999334,0.31249999999999684,,0.0
volcanoes-a3,knn-nosuite,0.3750000000000079,,0,0,,0.3750000000000079,0.3750000000000079,0.0
volcanoes-a3,knn-nosuite,0.338187702265372,,0,0,0.338187702265372,0.338187702265372,0.338187702265372,0.0
volcanoes-a3,knn-nosuite,0.43939393939394,,0,0,0.43939393939394,0.43939393939394,,0.0
volcanoes-a3,knn-nosuite,0.0,,0,0,0.6,0.0,0.0,0.0
volcanoes-a3,knn-nosuite,0.21438082556591195,0.21438082556591195,0,0,0.21438082556591195,0.2303595206391479,0.21438082556591195,0.0
volcanoes-a3,knn-nosuite,0.36849925705794995,,0,0,0.36849925705794995,0.36849925705794995,,0.0
volcanoes-a3,knn-nosuite,0.3274087932647335,0.3274087932647335,0,0,0.4181478016838168,0.3274087932647335,0.3816651075771749,
volcanoes-a3,knn-nosuite,0.2877030162412983,0.2877030162412983,0,0,0.2877030162412983,0.2877030162412983,,0.0
volcanoes-a3,knn-nosuite,0.20118343195266228,,0,0,0.20118343195266228,0.20118343195266228,0.20118343195266228,0.0
volcanoes-a3,knn-nosuite,0.18421052631578952,,0,0,0.18421052631578952,0.18421052631578952,0.18421052631578952,0.0
volcanoes-a3,knn-nosuite,0.0,,0,0,,0.0,0.0,0.0
volcanoes-a3,knn-nosuite,0.04838709677419367,,0,0,0.04838709677419367,0.04838709677419367,,0.0
volcanoes-a3,knn-nosuite,0.3287671232876697,,0,0,,0.3287671232876697,0.3287671232876697,0.0
volcanoes-a3,knn-nosuite,0.0,,0,0,,0.0,0.0,0.0
volcanoes-a3,knn-nosuite,0.29257641921397315,0.29257641921397315,0,0,0.29257641921397315,0.29257641921397315,0.29257641921397315,0.0
volcanoes-a3,knn-nosuite,0.6341463414634128,,0,0,0.6341463414634128,0.6341463414634128,,0.0
volcanoes-a3,knn-nosuite,0.4125,0.345454545454546,0,0,0.345454545454546,0.4125,0.26022727272727303,0.0
volcanoes-a3,knn-nosuite,0.23684210526315702,,0,0,0.23684210526315702,0.23684210526315702,0.23684210526315702,0.0
volcanoes-a3,knn-nosuite,0.49056603773584845,,0,0,,0.49056603773584845,0.49056603773584845,0.0
volcanoes-a3,knn-nosuite,0.3675213675213689,0.3675213675213689,0,0,0.3675213675213689,0.3482905982905987,0.33547008547008567,0.0
volcanoes-a3,knn-nosuite,0.0,,0,0,0.0,0.0,,0.0
volcanoes-a3,knn-nosuite,0.0,,0,0,0.0,0.0,0.0,0.0
volcanoes-a3,knn-nosuite,0.0,,0,0,0.0,0.0,,0.0
volcanoes-a3,knn-nosuite,0.0,,0,0,,0.0,0.0,0.0
volcanoes-a3,knn-nosuite,0.3333333333333356,,0,0,0.3333333333333356,0.3333333333333356,0.3333333333333356,0.0
volcanoes-a3,knn-nosuite,0.3462819089900117,0.3462819089900117,0,0,0.3462819089900117,0.3812430632630413,0.3462819089900117,0.0
volcanoes-a3,knn-nosuite,0.29629629629629606,,0,0,0.29629629629629606,0.29629629629629606,0.29629629629629606,0.0
volcanoes-a3,knn-nosuite,0.0,,0,0,,0.0,0.0,0.0
volcanoes-a3,knn-nosuite,0.3088888888888879,,0,0,0.3088888888888879,0.2455555555555549,,0.0
volcanoes-a3,knn-nosuite,0.3181818181818166,,0,0,,0.3181818181818166,,0.0
volcanoes-a3,knn-nosuite,0.6199999999999998,,0,0,0.6199999999999998,0.6199999999999998,,0.0
volcanoes-a3,knn-nosuite,0.3270142180094775,0.3270142180094775,0,0,,0.3270142180094775,,0.0
volcanoes-a3,knn-nosuite,0.44186046511627836,,0,0,,0.44186046511627836,0.44186046511627836,0.0
volcanoes-a3,knn-nosuite,0.0,,0,0,0.0,0.0,0.0,0.0
volcanoes-a3,knn-nosuite,0.41563434429730894,0.3333333333333334,0,0,0.41563434429730894,0.41563434429730894,0.3333333333333334,0.0
volcanoes-a3,knn-nosuite,0.1538461538461506,,0,0,0.1538461538461506,0.1538461538461506,0.1538461538461506,0.0
volcanoes-a3,knn-nosuite,0.0,,0,0,0.0,0.0,,0.0
volcanoes-a3,knn-nosuite,0.258957654723127,,0,0,0.258957654723127,0.3333333333333333,,0.0
volcanoes-a3,knn-nosuite,0.0,,0,0,,0.0,0.0,0.0
volcanoes-a3,knn-nosuite,0.25903614457831325,,0,0,0.25903614457831325,0.20481927710843362,,0.0
volcanoes-a3,knn-nosuite,0.49999999999999656,,0,0,,0.49999999999999656,0.49999999999999656,0.0
volcanoes-a3,knn-nosuite,0.0,,0,0,0.0,0.0,0.0,0.0
volcanoes-a3,knn-nosuite,0.16666666666666474,,0,0,0.16666666666666474,0.16666666666666474,0.16666666666666474,0.0
volcanoes-a4,knn-nosuite,0.0,,0,0,,0.0,,0.0
volcanoes-a4,knn-nosuite,0.33333333333333387,,0,0,0.33333333333333387,0.33333333333333387,,0.0
volcanoes-a4,knn-nosuite,0.4061860940695297,0.4061860940695297,0,0,0.4061860940695297,0.3333333333333333,0.4061860940695297,0.0
volcanoes-a4,knn-nosuite,0.5957446808510639,,0,0,0.5957446808510639,0.5957446808510639,0.5957446808510639,0.0
volcanoes-a4,knn-nosuite,0.49999999999999883,,0,0,0.49999999999999883,0.49999999999999883,0.49999999999999883,0.0
volcanoes-a4,knn-nosuite,0.3833151581243185,0.3833151581243185,0,0,0.19029443838604126,0.3833151581243185,0.21183206106870212,
volcanoes-a4,knn-nosuite,0.06249999999999969,,0,0,0.06249999999999969,0.06249999999999969,0.06249999999999969,0.0
volcanoes-a4,knn-nosuite,0.40037593984962416,,0,0,0.40037593984962416,0.40037593984962416,0.40037593984962416,0.0
volcanoes-a4,knn-nosuite,0.6624203821656058,,0,0,0.6624203821656058,0.6624203821656058,0.6624203821656058,0.0
volcanoes-a4,knn-nosuite,0.6764705882352937,,0,0,0.1176470588235312,0.6764705882352937,,0.0
volcanoes-a4,knn-nosuite,0.0,,0,0,,0.0,0.0,0.0
volcanoes-a4,knn-nosuite,0.2595041322314051,,0,0,0.2595041322314051,0.2595041322314051,,0.0
volcanoes-a4,knn-nosuite,0.0,,0,0,,0.0,0.0,0.0
volcanoes-a4,knn-nosuite,0.0,,0,0,,0.0,0.0,0.0
volcanoes-a4,knn-nosuite,0.5294117647058708,,0,0,,0.5294117647058708,0.5294117647058708,0.0
volcanoes-a4,knn-nosuite,0.44444444444444514,,0,0,0.44444444444444514,0.44444444444444514,0.44444444444444514,0.0
volcanoes-a4,knn-nosuite,0.0,,0,0,0.0,0.0,,0.0
volcanoes-a4,knn-nosuite,0.0,,0,0,,0.0,,0.0
volcanoes-a4,knn-nosuite,0.39130434782608503,,0,0,0.39130434782608503,0.39130434782608503,,0.0
volcanoes-a4,knn-nosuite,0.0625000000000002,,0,0,,0.0625000000000002,,0.0
volcanoes-a4,knn-nosuite,0.4642857142857143,,0,0,,0.4642857142857143,0.4642857142857143,0.0
volcanoes-a4,knn-nosuite,0.38425196850393695,0.38425196850393695,0,0,0.4204724409448819,0.38425196850393695,0.38425196850393695,0.0
volcanoes-a4,knn-nosuite,0.0,,0,0,0.0,0.0,0.0,0.0
volcanoes-a4,knn-nosuite,0.0,,0,0,,0.0,,0.0
volcanoes-a4,knn-nosuite,0.41281809613572096,0.41281809613572096,0,0,0.3333333333333333,0.34118755890669183,0.3652214891611686,0.0
volcanoes-a4,knn-nosuite,0.5540540540540554,,0,0,,0.5540540540540554,0.5540540540540554,0.0
volcanoes-a4,knn-nosuite,0.35714285714285565,,0,0,0.35714285714285565,0.3214285714285737,0.35714285714285565,0.0
volcanoes-a4,knn-nosuite,0.35346964064436187,0.35346964064436187,0,0,0.35346964064436187,0.35346964064436187,0.2766418835192068,
volcanoes-a4,knn-nosuite,0.3687150837988835,,0,0,,0.3435754189944137,0.3687150837988835,0.0
volcanoes-a4,knn-nosuite,0.1850393700787402,,0,0,0.1850393700787402,0.1850393700787402,,0.0
volcanoes-a4,knn-nosuite,0.4548104956268227,,0,0,,0.4548104956268227,,0.0
volcanoes-a4,knn-nosuite,0.2857142857142832,,0,0,0.2857142857142832,0.2857142857142832,,0.0
volcanoes-a4,knn-nosuite,0.3481781376518214,,0,0,0.3481781376518214,0.23582995951417007,,0.0
volcanoes-a4,knn-nosuite,0.21487603305785136,,0,0,0.21487603305785136,0.21487603305785136,0.21487603305785136,0.0
volcanoes-a4,knn-nosuite,0.3463989802421925,0.3463989802421925,0,0,0.3333333333333333,0.3463989802421925,0.3333333333333333,0.0
volcanoes-a4,knn-nosuite,0.3873144399460191,,0,0,0.3873144399460191,0.3751686909581651,,0.0
volcanoes-a4,knn-nosuite,0.2689530685920584,,0,0,0.2689530685920584,0.2689530685920584,0.2689530685920584,0.0
volcanoes-a4,knn-nosuite,0.0,,0,0,,0.0,0.0,0.0
volcanoes-a4,knn-nosuite,0.3618677042801554,,0,0,0.3618677042801554,0.3618677042801554,,0.0
volcanoes-a4,knn-nosuite,0.3333333333333333,0.3333333333333333,0,0,0.3728246318607764,0.4805890227576974,0.3333333333333333,0.0
volcanoes-a4,knn-nosuite,0.6785714285714304,,0,0,0.6785714285714304,0.6785714285714304,0.6785714285714304,0.0
volcanoes-a4,knn-nosuite,0.3057591623036652,0.3057591623036652,0,0,0.4005235602094238,0.3333333333333333,0.4005235602094238,
volcanoes-a4,knn-nosuite,0.21212121212121132,,0,0,0.21212121212121132,0.21212121212121132,0.21212121212121132,0.0
volcanoes-a4,knn-nosuite,0.5906040268456377,,0,0,0.5906040268456377,0.5906040268456377,0.5906040268456377,0.0
volcanoes-a4,knn-nosuite,0.29545454545454497,,0,0,0.29545454545454497,0.29545454545454497,,0.0
volcanoes-a4,knn-nosuite,0.45384615384615373,,0,0,0.45384615384615373,0.357692307692308,,0.0
volcanoes-a4,knn-nosuite,0.14468085106382989,,0,0,0.14468085106382989,0.4489361702127658,0.14468085106382989,0.0
volcanoes-a4,knn-nosuite,0.24242424242424238,,0,0,0.24242424242424238,0.24242424242424238,0.24242424242424238,0.0
volcanoes-a4,knn-nosuite,0.22452229299363075,,0,0,0.2643312101910826,0.24442675159235666,,0.0
volcanoes-a4,knn-nosuite,0.0,,0,0,0.0,0.0,0.0,0.0
yeast,knn-nosuite,0.1566008171684716,0.24027133166726164,0,0,0.18792098060216592,,0.15767186322345195,0.0
yeast,knn-nosuite,0.18080189857606793,0.48471979348821664,0,0,0.22186138174147155,,0.22610125739029055,0.0
yeast,knn-nosuite,0.16666666666666666,0.1827949857398688,0,0,0.16666666666666666,,0.16666666666666666,0.0
yeast,knn-nosuite,0.14827123605097878,0.2603207512653213,0,0,0.16551314104518586,,0.16897371790962862,0.0
yeast,knn-nosuite,0.1276146063432327,0.2896997463797761,0,0,0.15313752761187926,,0.18765851264010472,0.0
yeast,knn-nosuite,0.10257587818667974,0.20088584083440486,0,0,0.16666666666666666,,0.16504806809135997,0.0
yeast,knn-nosuite,0.15247409292094027,0.18308552649015394,0,0,0.2132464021626778,,0.16666666666666666,0.0
yeast,knn-nosuite,0.18015515064044746,0.1363882374165615,0,0,0.18015515064044746,,0.14094854370878182,0.0
yeast,knn-nosuite,0.13038007810927243,0.20849941619358214,0,0,0.1604159117445746,,0.16666666666666663,0.0
yeast,knn-nosuite,0.19190937367453687,0.5370422734341862,0,0,0.29379329845892815,,0.29379329845892815,0.0
yeast,knn-nosuite,0.16627511065713318,0.15321756894790622,0,0,0.18684031324480754,,0.15321756894790622,0.0
yeast,knn-nosuite,0.1666666666666667,0.16011712439418432,0,0,0.1666666666666667,0.14398222940226177,0.1400612547119008,0.0
yeast,knn-nosuite,0.11864035087719288,0.19810371517027897,0,0,0.16687306501547994,,0.13885448916408671,0.0
yeast,knn-nosuite,0.18166963755199061,0.47266785502079656,0,0,0.1931818181818183,,0.1931818181818183,0.0
yeast,knn-nosuite,0.16666666666666666,0.1833247555326815,0,0,0.1677303139475039,,0.13977526162291992,0.0
yeast,knn-nosuite,0.15247578405473142,0.40601503759398483,0,0,0.17943507417191626,,0.16057711847185532,0.0
yeast,knn-nosuite,0.16666666666666666,0.27602347434404734,0,0,0.18835691352362133,,0.23544614190452667,0.0
yeast,knn-nosuite,0.21942436757873,0.26420581655480996,0,0,0.19313371192565823,,0.16666666666666666,0.0
yeast,knn-nosuite,0.14285714285714285,0.1675024893636282,0,0,0.14285714285714285,,0.1554041821308954,0.0
yeast,knn-nosuite,0.2222631264092771,0.5697390824168237,0,0,0.31144448023560795,,0.22457932600125766,0.0
yeast,knn-nosuite,0.16666666666666666,0.1419340610872203,0,0,0.16050556841989205,,0.1419340610872203,0.0
yeast,knn-nosuite,0.14738799234629404,0.2560742265063717,0,0,0.2560742265063717,,0.2067854435178164,0.0
yeast,knn-nosuite,0.14285714285714285,0.153903200624512,0,0,0.18954918032786866,,0.16976971116315387,0.0
yeast,knn-nosuite,0.1369250795487416,0.3357824703500144,0,0,0.17194098929707835,,0.16666666666666666,0.0
yeast,knn-nosuite,0.14285714285714285,0.1661153086923967,0,0,0.15279763120277715,,0.16106800081682665,0.0
yeast,knn-nosuite,0.16666666666666666,0.1912086480854389,0,0,0.16666666666666666,,0.16666666666666666,0.0
yeast,knn-nosuite,0.16666666666666666,0.21720711699915293,0,0,0.1018716783486097,,0.17864900254178548,0.0
yeast,knn-nosuite,0.14285714285714282,0.05861084681255915,0,0,0.16666666666666663,,0.16723120837297817,0.0
yeast,knn-nosuite,0.14285714285714285,0.1779996615332543,0,0,0.21494753765442542,,0.1779996615332543,0.0
yeast,knn-nosuite,0.14285714285714285,0.19746827937863165,0,0,0.16666666666666666,,0.1276414087513341,0.0
yeast,knn-nosuite,0.12308206027214291,0.14201101928374657,0,0,0.16666666666666663,,0.2144002003506135,0.0
yeast,knn-nosuite,0.09496092841943383,0.26264685370956514,0,0,0.15192318008690528,,0.17496378949627164,0.0
yeast,knn-nosuite,0.1569184303649109,0.2134187571843938,0,0,0.14285714285714285,,0.16666666666666666,0.0
yeast,knn-nosuite,0.19766912155493124,0.43580593728646255,0,0,0.17308860375066432,,0.24409687950800996,0.0
yeast,knn-nosuite,0.18169081547120106,0.21132199736558496,0,0,0.21054364746736914,,0.18169081547120106,0.0
yeast,knn-nosuite,0.16666666666666666,0.25716351519152475,0,0,0.19501108124675814,,0.2018319422832084,0.0
yeast,knn-nosuite,0.22854997183803744,0.3955504099130107,0,0,0.2856874647975467,,0.22459165154264965,0.0
yeast,knn-nosuite,0.23551869404949968,0.25569848792597594,0,0,0.21580907244414346,,0.22037914691943122,0.0
yeast,knn-nosuite,0.14285714285714285,0.16292264937471052,0,0,0.18630318269039897,,0.18630318269039897,0.0
yeast,knn-nosuite,0.16666666666666666,0.09132939214794594,0,0,0.16666666666666666,,0.18173412157041083,0.0
yeast,knn-nosuite,0.14285714285714285,0.24684517327525488,0,0,0.19636794567932883,,0.19636794567932883,0.0
yeast,knn-nosuite,0.14285714285714285,0.16628194116383938,0,0,0.13506549280652783,,0.16666666666666666,0.0
yeast,knn-nosuite,0.1919790644422637,0.13341511285574095,0,0,0.1599825537018864,,0.16666666666666666,0.0
yeast,knn-nosuite,0.13381365969206488,0.21634425582313455,0,0,0.14285714285714282,0.13522831951572564,0.17885511251480446,0.0
yeast,knn-nosuite,0.20675927002208527,0.2712425897942581,0,0,0.21550621876089748,,0.2453795187725219,0.0
yeast,knn-nosuite,0.14285714285714285,0.16953478197462443,0,0,0.16666666666666666,,0.16626804725098437,0.0
yeast,knn-nosuite,0.14285714285714285,0.2060185185185185,0,0,0.17441756272401435,,0.17441756272401435,0.0
yeast,knn-nosuite,0.16919111111111104,0.2638222222222222,0,0,0.18084444444444442,,0.2638222222222222,0.0
yeast,knn-nosuite,0.1963142375737153,0.20903538331929214,0,0,0.2959140690817186,,0.23957455770850875,0.0
rmftsa,knn-nosuite,0.5,0.5,0,0,0.5,0.5,0.35636363636363644,0.0
rmftsa,knn-nosuite,0.5,0.5,0,0,0.5,0.5,0.4942084942084942,0.0
rmftsa,knn-nosuite,0.5,0.5,0,0,0.5,0.5,0.5,0.0
rmftsa,knn-nosuite,0.5,0.7022222222222216,0,0,0.7022222222222216,0.5,0.5,0.0
rmftsa,knn-nosuite,0.49999999999999994,0.27480916030534197,0,0,0.27480916030534197,0.7251908396946579,0.7251908396946579,0.0
rmftsa,knn-nosuite,0.5,,0,0,0.5,0.5,0.7049180327868863,0.0
rmftsa,knn-nosuite,0.5,0.5,0,0,0.5,0.8156862745098041,0.8156862745098041,0.0
rmftsa,knn-nosuite,0.49999999999999994,0.9547738693467336,0,0,0.9547738693467336,0.49999999999999994,0.045226130653266354,0.0
rmftsa,knn-nosuite,0.49999999999999994,0.49999999999999994,0,0,0.49999999999999994,0.5270270270270269,0.49999999999999994,0.0
rmftsa,knn-nosuite,0.5,0.9275362318840581,0,0,0.9275362318840581,0.5,0.5,0.0
rmftsa,knn-nosuite,0.5,0.43979057591623066,0,0,0.5602094240837694,0.43979057591623066,0.43979057591623066,0.0
rmftsa,knn-nosuite,0.5,0.6020942408376969,0,0,0.6020942408376969,0.5,0.6020942408376969,0.0
rmftsa,knn-nosuite,0.7583333333333332,0.5,0,0,0.5,0.7583333333333332,0.5,0.0
rmftsa,knn-nosuite,0.5,0.5,0,0,0.5863309352517989,0.5863309352517989,0.5,0.0
rmftsa,knn-nosuite,0.5,0.8440860215053759,0,0,0.8440860215053759,0.5,0.5,0.0
rmftsa,knn-nosuite,0.5482866043613709,0.5,0,0,0.5482866043613709,0.5,0.5482866043613709,0.0
rmftsa,knn-nosuite,0.5,0.5,0,0,0.5,0.5,0.5,0.0
rmftsa,knn-nosuite,0.5,0.9275362318840581,0,0,0.9275362318840581,0.5,0.5,0.0
rmftsa,knn-nosuite,0.5000000000000001,0.5000000000000001,0,0,0.5000000000000001,0.7136363636363642,0.7136363636363642,0.0
rmftsa,knn-nosuite,0.5,0.626811594202898,0,0,0.5,0.37318840579710205,0.5,0.0
rmftsa,knn-nosuite,0.5,0.5,0,0,0.5,0.5,0.21937321937321919,0.0
rmftsa,knn-nosuite,0.5,0.5,0,0,0.5,0.5,0.5,0.0
rmftsa,knn-nosuite,0.5,0.5,0,0,0.5,0.543604651162791,0.543604651162791,0.0
rmftsa,knn-nosuite,0.5,0.4797297297297287,0,0,0.4797297297297287,0.5202702702702713,0.4797297297297287,0.0
rmftsa,knn-nosuite,0.5,0.47200000000000014,0,0,0.47200000000000014,0.5,0.5,0.0
rmftsa,knn-nosuite,0.5,0.5,0,0,0.5,0.5,0.5,0.0
rmftsa,knn-nosuite,0.5,0.6359447004608296,0,0,0.5,0.5,0.5,0.0
rmftsa,knn-nosuite,0.5,0.5,0,0,0.5,0.5,0.5,0.0
rmftsa,knn-nosuite,0.5,0.40298507462686567,0,0,0.5,0.5,0.40298507462686567,0.0
rmftsa,knn-nosuite,0.5,0.4123376623376624,0,0,0.5,0.5,0.5,0.0
rmftsa,knn-nosuite,0.5,0.8656716417910456,0,0,0.8656716417910456,0.5,0.5,0.0
rmftsa,knn-nosuite,0.7359999999999998,0.5,0,0,0.5,0.5,0.7359999999999998,0.0
rmftsa,knn-nosuite,0.5,0.5,0,0,0.5863309352517989,0.5863309352517989,0.5863309352517989,0.0
rmftsa,knn-nosuite,0.4999999999999999,0.4999999999999999,0,0,0.4999999999999999,0.5537757437070937,0.4999999999999999,0.0
rmftsa,knn-nosuite,0.5,0.45620437956204357,0,0,0.5,0.5,0.5,0.0
rmftsa,knn-nosuite,0.5,0.5,0,0,0.5699373695198328,0.43006263048016724,0.5,0.0
rmftsa,knn-nosuite,0.5,0.5280898876404486,0,0,0.47191011235955144,0.5280898876404486,0.5280898876404486,0.0
rmftsa,knn-nosuite,0.5,0.7883817427385893,0,0,0.5,0.5,0.5,0.0
rmftsa,knn-nosuite,0.5,,0,0,0.5,0.3807339449541287,0.5,0.0
rmftsa,knn-nosuite,0.2696078431372543,0.5,0,0,0.5,0.5,0.5,0.0
rmftsa,knn-nosuite,0.49999999999999994,0.49999999999999994,0,0,0.49999999999999994,0.7014218009478679,0.49999999999999994,0.0
rmftsa,knn-nosuite,0.5,0.5,0,0,0.5,0.5,0.5,0.0
rmftsa,knn-nosuite,0.5,0.727467811158798,0,0,0.272532188841202,0.5,0.5,0.0
rmftsa,knn-nosuite,0.5,0.37499999999999983,0,0,0.5,0.5,0.5,0.0
rmftsa,knn-nosuite,0.5,0.8435643564356435,0,0,0.8435643564356435,0.5,0.5,0.0
rmftsa,knn-nosuite,0.5,0.9275362318840581,0,0,0.9275362318840581,0.5,0.07246376811594196,0.0
rmftsa,knn-nosuite,0.5,0.727467811158798,0,0,0.272532188841202,0.5,0.5,0.0
rmftsa,knn-nosuite,0.5,0.5,0,0,0.5,0.5,0.348583877995643,0.0
rmftsa,knn-nosuite,0.49999999999999994,0.49999999999999994,0,0,0.49999999999999994,0.49999999999999994,0.6013071895424835,0.0
rmftsa,knn-nosuite,0.5,0.5375722543352605,0,0,0.5,0.5375722543352605,0.5,0.0
banknote-authentication,knn-nosuite,0.3333333333333333,,0,0,0.3333333333333333,0.5,0.3333333333333333,0.0
banknote-authentication,knn-nosuite,0.0,,0,0,0.5,0.5,0.25,0.0
banknote-authentication,knn-nosuite,0.31818181818181807,,0,0,0.31818181818181807,0.5000000000000033,0.31818181818181807,0.0
banknote-authentication,knn-nosuite,0.2977855477855478,0.8548951048951055,0,0,0.44055944055944085,0.43356643356643354,0.2977855477855478,0.0
banknote-authentication,knn-nosuite,0.32666666666666666,0.6200000000000004,0,0,0.43666666666666676,0.32666666666666666,0.32666666666666666,0.0
banknote-authentication,knn-nosuite,0.4364341085271318,0.4364341085271318,0,0,0.4364341085271318,0.3109819121447029,0.4364341085271318,0.0
banknote-authentication,knn-nosuite,0.3333333333333333,0.7000000000000008,0,0,0.3333333333333333,0.7000000000000008,0.3333333333333333,0.0
banknote-authentication,knn-nosuite,0.0,,0,0,0.5,0.25,0.25,0.0
banknote-authentication,knn-nosuite,0.3185185185185186,0.6111111111111115,0,0,0.47777777777777775,0.47777777777777775,0.3185185185185186,0.0
banknote-authentication,knn-nosuite,0.24698795180722782,,0,0,0.24698795180722782,0.25100401606425654,0.24698795180722782,0.0
banknote-authentication,knn-nosuite,0.31858237547892726,0.7482758620689656,0,0,0.4459770114942529,0.31858237547892726,0.31858237547892726,0.0
banknote-authentication,knn-nosuite,0.5000000000000008,,0,0,0.5000000000000008,0.31333333333333296,0.29999999999999966,0.0
banknote-authentication,knn-nosuite,0.0,,0,0,0.0,0.5,0.3333333333333333,0.0
banknote-authentication,knn-nosuite,0.30952380952381064,,0,0,0.30952380952381064,0.21428571428570412,0.30952380952381064,0.0
banknote-authentication,knn-nosuite,0.2722222222222219,,0,0,0.2722222222222219,0.33333333333333426,0.31666666666666643,0.0
banknote-authentication,knn-nosuite,0.30817610062893075,0.4056603773584908,0,0,0.39622641509433953,0.30817610062893075,0.39622641509433953,0.0
banknote-authentication,knn-nosuite,0.3055555555555556,0.44444444444444425,0,0,0.41666666666666663,0.3055555555555555,0.41666666666666663,0.0
banknote-authentication,knn-nosuite,0.3198830409356725,0.656140350877193,0,0,0.46140350877192976,0.3198830409356725,0.3198830409356725,0.0
banknote-authentication,knn-nosuite,0.25,,0,0,0.5,0.3333333333333333,0.25,0.0
banknote-authentication,knn-nosuite,0.23888888888888937,,0,0,0.20000000000000157,0.25000000000000017,0.27222222222222175,0.0
banknote-authentication,knn-nosuite,0.45333333333333337,0.5944444444444446,0,0,0.45333333333333337,0.3092592592592593,0.3092592592592593,0.0
banknote-authentication,knn-nosuite,0.2980769230769231,0.3822115384615384,0,0,0.3822115384615384,0.41506410256410264,0.2980769230769231,0.0
banknote-authentication,knn-nosuite,0.16666666666666666,,0,0,0.5,0.5,0.25,0.0
banknote-authentication,knn-nosuite,0.0,,0,0,0.0,0.25,0.0,0.0
banknote-authentication,knn-nosuite,0.3182098765432099,0.6262345679012347,0,0,0.3182098765432099,0.3268518518518519,0.3182098765432099,0.0
banknote-authentication,knn-nosuite,0.1666666666666574,,0,0,0.1666666666666805,0.27777777777777773,0.16666666666666896,0.0
banknote-authentication,knn-nosuite,0.2999999999999998,,0,0,0.2999999999999996,0.2999999999999998,0.2999999999999996,0.0
banknote-authentication,knn-nosuite,0.0,,0,0,0.25,0.25,0.25,0.0
banknote-authentication,knn-nosuite,0.45245901639344255,0.8729508196721312,0,0,0.45245901639344255,0.33142076502732243,0.33142076502732243,0.0
banknote-authentication,knn-nosuite,0.2761437908496732,,0,0,0.3676470588235291,0.2892156862745098,0.2892156862745098,0.0
banknote-authentication,knn-nosuite,0.3333333333333333,,0,0,0.3333333333333333,0.0,0.3333333333333333,0.0
banknote-authentication,knn-nosuite,0.24999999999999944,,0,0,0.25000000000000056,0.18859649122807123,0.18859649122807123,0.0
banknote-authentication,knn-nosuite,0.4752444987775061,0.4752444987775061,0,0,0.4752444987775061,0.10605134474327622,0.3808068459657702,0.0
banknote-authentication,knn-nosuite,0.0,,0,0,0.0,0.3333333333333333,0.25,0.0
banknote-authentication,knn-nosuite,0.3317460317460317,0.7761904761904764,0,0,0.3317460317460317,0.7761904761904764,0.3317460317460317,0.0
banknote-authentication,knn-nosuite,0.0,,0,0,0.0,0.3333333333333333,0.0,0.0
banknote-authentication,knn-nosuite,0.0,,0,0,0.0,0.3333333333333333,0.0,0.0
banknote-authentication,knn-nosuite,0.24999999999999828,0.24999999999999828,0,0,0.25,0.25,0.25,0.0
banknote-authentication,knn-nosuite,0.24999999999999956,,0,0,0.24999999999999956,0.24999999999999956,0.24999999999999956,0.0
banknote-authentication,knn-nosuite,0.0,,0,0,0.0,0.0,0.25,0.0
banknote-authentication,knn-nosuite,0.16666666666666205,,0,0,0.16666666666666205,0.16666666666666666,0.166666666666669,0.0
banknote-authentication,knn-nosuite,0.4256410256410257,0.4256410256410257,0,0,0.4256410256410257,0.4256410256410257,0.4256410256410257,0.0
banknote-authentication,knn-nosuite,0.08790849673202612,0.6107843137254901,0,0,0.31514161220043574,0.31514161220043574,0.31514161220043574,0.0
banknote-authentication,knn-nosuite,0.49474030243261014,0.49474030243261014,0,0,0.8543721236028928,0.3305939075169844,0.42833662064431294,0.0
banknote-authentication,knn-nosuite,0.31642512077294704,,0,0,0.36231884057970953,0.3405797101449285,0.31642512077294704,0.0
banknote-authentication,knn-nosuite,0.32777777777777783,0.7333333333333328,0,0,0.4916666666666666,0.32777777777777783,0.32777777777777783,0.0
banknote-authentication,knn-nosuite,0.0,,0,0,0.0,0.0,0.0,0.0
banknote-authentication,knn-nosuite,0.306592039800995,0.569029850746269,0,0,0.29850746268656736,0.32276119402985026,0.306592039800995,0.0
banknote-authentication,knn-nosuite,0.2499999999999896,,0,0,0.2499999999999896,0.3749999999999922,0.2499999999999896,0.0
banknote-authentication,knn-nosuite,0.4585121602288984,0.4585121602288984,0,0,0.4585121602288984,0.3465665236051502,0.6520028612303289,0.0
volcanoes-a2,knn-nosuite,0.2611111111111113,,0,0,0.2611111111111113,0.2611111111111113,0.2611111111111113,0.0
volcanoes-a2,knn-nosuite,0.2635983263598313,,0,0,,0.3333333333333333,0.2635983263598313,0.0
volcanoes-a2,knn-nosuite,0.0,,0,0,,0.0,0.0,0.0
volcanoes-a2,knn-nosuite,0.3333333333333356,,0,0,0.3333333333333356,0.33333333333333215,0.3333333333333356,0.0
volcanoes-a2,knn-nosuite,0.4578313253012061,,0,0,0.2908777969018925,0.3743545611015493,0.4578313253012061,0.0
volcanoes-a2,knn-nosuite,0.0,,0,0,,0.0,0.3,0.0
volcanoes-a2,knn-nosuite,0.42857142857143055,,0,0,0.42857142857143055,0.42857142857143055,,0.0
volcanoes-a2,knn-nosuite,0.6666666666666539,,0,0,0.6666666666666539,0.4166666666666669,0.6666666666666539,0.0
volcanoes-a2,knn-nosuite,0.6523437500000009,,0,0,0.6523437500000009,0.6523437500000009,0.6523437500000009,0.0
volcanoes-a2,knn-nosuite,0.539682539682539,,0,0,0.539682539682539,0.539682539682539,0.539682539682539,0.0
volcanoes-a2,knn-nosuite,0.4396853146853147,0.5442890442890441,0,0,0.12062937062937068,0.3333333333333333,0.33245920745920743,
volcanoes-a2,knn-nosuite,0.4629629629629629,,0,0,0.4629629629629629,0.4629629629629629,0.4629629629629629,0.0
volcanoes-a2,knn-nosuite,0.2409138110072696,0.2409138110072696,0,0,0.2346832814122532,0.3826583592938734,,0.0
volcanoes-a2,knn-nosuite,0.2643678160919543,,0,0,0.2643678160919543,0.2784743991640545,0.2643678160919543,0.0
volcanoes-a2,knn-nosuite,0.0,,0,0,0.0,0.0,0.0,0.0
volcanoes-a2,knn-nosuite,0.5000000000000012,,0,0,,0.5000000000000012,0.5,0.0
volcanoes-a2,knn-nosuite,0.0,,0,0,0.4,0.0,,0.0
volcanoes-a2,knn-nosuite,0.2784090909090907,,0,0,0.2784090909090907,0.2784090909090907,0.2784090909090907,0.0
volcanoes-a2,knn-nosuite,0.26455026455026376,,0,0,0.26455026455026376,0.26455026455026376,0.26455026455026376,0.0
volcanoes-a2,knn-nosuite,0.0,,0,0,0.0,0.0,0.0,0.0
volcanoes-a2,knn-nosuite,0.35532994923857836,,0,0,0.35532994923857836,0.35532994923857836,0.35532994923857836,0.0
volcanoes-a2,knn-nosuite,0.3069306930693072,,0,0,0.3069306930693072,0.3267326732673269,0.3069306930693072,0.0
volcanoes-a2,knn-nosuite,0.0,,0,0,0.0,0.0,0.0,0.0
volcanoes-a2,knn-nosuite,0.6555555555555579,,0,0,0.6555555555555579,0.6555555555555579,0.6555555555555579,0.0
volcanoes-a2,knn-nosuite,0.431818181818182,,0,0,0.431818181818182,0.431818181818182,,0.0
volcanoes-a2,knn-nosuite,0.0,,0,0,0.0,0.0,0.0,0.0
volcanoes-a2,knn-nosuite,0.49999999999999134,,0,0,0.49999999999999134,0.49999999999999134,0.49999999999999134,0.0
volcanoes-a2,knn-nosuite,0.0,,0,0,0.0,0.0,0.0,0.0
volcanoes-a2,knn-nosuite,0.0,,0,0,0.0,0.0,,0.0
volcanoes-a2,knn-nosuite,0.22222222222222077,,0,0,,0.22222222222222077,0.22222222222222077,0.0
volcanoes-a2,knn-nosuite,0.0,,0,0,0.0,0.0,0.0,0.0
volcanoes-a2,knn-nosuite,0.0,,0,0,0.0,0.3,,0.0
volcanoes-a2,knn-nosuite,0.2040816326530609,,0,0,0.2040816326530609,0.2040816326530609,,0.0
volcanoes-a2,knn-nosuite,0.0,,0,0,,0.0,0.0,0.0
volcanoes-a2,knn-nosuite,0.7088607594936719,,0,0,,0.7088607594936719,,0.0
volcanoes-a2,knn-nosuite,0.6212121212121207,,0,0,0.6212121212121207,0.6212121212121207,0.6212121212121207,0.0
volcanoes-a2,knn-nosuite,0.40000000000000213,,0,0,,0.40000000000000213,,0.0
volcanoes-a2,knn-nosuite,0.3609154929577463,0.3609154929577463,0,0,0.25352112676056276,0.3333333333333333,0.3732394366197186,
volcanoes-a2,knn-nosuite,0.0,,0,0,0.0,0.0,0.0,0.0
volcanoes-a2,knn-nosuite,0.33211344922232433,,0,0,0.3485818847209516,0.3174748398902106,0.33211344922232433,0.0
volcanoes-a2,knn-nosuite,0.0,,0,0,0.6,0.0,,0.0
volcanoes-a2,knn-nosuite,0.3333333333333299,,0,0,0.3333333333333299,0.3333333333333299,0.3333333333333299,0.0
volcanoes-a2,knn-nosuite,0.2202380952380947,,0,0,0.2202380952380947,0.2202380952380947,0.2202380952380947,0.0
volcanoes-a2,knn-nosuite,0.6666666666666718,,0,0,,0.6666666666666718,0.6666666666666718,0.0
volcanoes-a2,knn-nosuite,0.0,,0,0,,0.0,,0.0
volcanoes-a2,knn-nosuite,0.38705583756345163,0.38705583756345163,0,0,0.38705583756345163,0.38705583756345163,0.3329103214890021,
volcanoes-a2,knn-nosuite,0.0,,0,0,0.0,0.0,,0.0
volcanoes-a2,knn-nosuite,0.4836193447737913,,0,0,0.4836193447737913,0.36271450858034315,,0.0
volcanoes-a2,knn-nosuite,0.49999999999999795,,0,0,0.3000000000000012,0.49999999999999795,0.49999999999999795,0.0
volcanoes-a2,knn-nosuite,0.23152709359605927,,0,0,0.23152709359605927,0.23152709359605927,0.23152709359605927,0.0
volcanoes-a3,knn-nosuite,0.3352564102564104,0.38333333333333364,0,0,0.437179487179488,0.38333333333333364,0.38333333333333364,
volcanoes-a3,knn-nosuite,0.16129032258064427,,0,0,,0.16129032258064427,,0.0
volcanoes-a3,knn-nosuite,0.4189560439560441,0.4189560439560441,0,0,0.7298534798534798,0.3333333333333333,0.1350732600732601,
volcanoes-a3,knn-nosuite,0.09090909090908919,,0,0,0.09090909090908919,0.09090909090908919,0.09090909090908919,0.0
volcanoes-a3,knn-nosuite,0.0,,0,0,0.0,0.0,,0.0
volcanoes-a3,knn-nosuite,0.3333333333333345,,0,0,0.3333333333333345,0.3333333333333345,0.3333333333333345,0.0
volcanoes-a3,knn-nosuite,0.31249999999999684,,0,0,0.37499999999999334,0.31249999999999684,,0.0
volcanoes-a3,knn-nosuite,0.3750000000000079,,0,0,,0.3750000000000079,0.3750000000000079,0.0
volcanoes-a3,knn-nosuite,0.338187702265372,,0,0,0.338187702265372,0.338187702265372,0.338187702265372,0.0
volcanoes-a3,knn-nosuite,0.43939393939394,,0,0,0.43939393939394,0.43939393939394,,0.0
volcanoes-a3,knn-nosuite,0.0,,0,0,0.6,0.0,0.0,0.0
volcanoes-a3,knn-nosuite,0.21438082556591195,0.21438082556591195,0,0,0.21438082556591195,0.2303595206391479,0.21438082556591195,0.0
volcanoes-a3,knn-nosuite,0.36849925705794995,,0,0,0.36849925705794995,0.36849925705794995,,0.0
volcanoes-a3,knn-nosuite,0.3274087932647335,0.3274087932647335,0,0,0.4181478016838168,0.3274087932647335,0.3816651075771749,
volcanoes-a3,knn-nosuite,0.2877030162412983,0.2877030162412983,0,0,0.2877030162412983,0.2877030162412983,,0.0
volcanoes-a3,knn-nosuite,0.20118343195266228,,0,0,0.20118343195266228,0.20118343195266228,0.20118343195266228,0.0
volcanoes-a3,knn-nosuite,0.18421052631578952,,0,0,0.18421052631578952,0.18421052631578952,0.18421052631578952,0.0
volcanoes-a3,knn-nosuite,0.0,,0,0,,0.0,0.0,0.0
volcanoes-a3,knn-nosuite,0.04838709677419367,,0,0,0.04838709677419367,0.04838709677419367,,0.0
volcanoes-a3,knn-nosuite,0.3287671232876697,,0,0,,0.3287671232876697,0.3287671232876697,0.0
volcanoes-a3,knn-nosuite,0.0,,0,0,,0.0,0.0,0.0
volcanoes-a3,knn-nosuite,0.29257641921397315,0.29257641921397315,0,0,0.29257641921397315,0.29257641921397315,0.29257641921397315,0.0
volcanoes-a3,knn-nosuite,0.6341463414634128,,0,0,0.6341463414634128,0.6341463414634128,,0.0
volcanoes-a3,knn-nosuite,0.4125,0.345454545454546,0,0,0.345454545454546,0.4125,0.26022727272727303,0.0
volcanoes-a3,knn-nosuite,0.23684210526315702,,0,0,0.23684210526315702,0.23684210526315702,0.23684210526315702,0.0
volcanoes-a3,knn-nosuite,0.49056603773584845,,0,0,,0.49056603773584845,0.49056603773584845,0.0
volcanoes-a3,knn-nosuite,0.3675213675213689,0.3675213675213689,0,0,0.3675213675213689,0.3482905982905987,0.33547008547008567,0.0
volcanoes-a3,knn-nosuite,0.0,,0,0,0.0,0.0,,0.0
volcanoes-a3,knn-nosuite,0.0,,0,0,0.0,0.0,0.0,0.0
volcanoes-a3,knn-nosuite,0.0,,0,0,0.0,0.0,,0.0
volcanoes-a3,knn-nosuite,0.0,,0,0,,0.0,0.0,0.0
volcanoes-a3,knn-nosuite,0.3333333333333356,,0,0,0.3333333333333356,0.3333333333333356,0.3333333333333356,0.0
volcanoes-a3,knn-nosuite,0.3462819089900117,0.3462819089900117,0,0,0.3462819089900117,0.3812430632630413,0.3462819089900117,0.0
volcanoes-a3,knn-nosuite,0.29629629629629606,,0,0,0.29629629629629606,0.29629629629629606,0.29629629629629606,0.0
volcanoes-a3,knn-nosuite,0.0,,0,0,,0.0,0.0,0.0
volcanoes-a3,knn-nosuite,0.3088888888888879,,0,0,0.3088888888888879,0.2455555555555549,,0.0
volcanoes-a3,knn-nosuite,0.3181818181818166,,0,0,,0.3181818181818166,,0.0
volcanoes-a3,knn-nosuite,0.6199999999999998,,0,0,0.6199999999999998,0.6199999999999998,,0.0
volcanoes-a3,knn-nosuite,0.3270142180094775,0.3270142180094775,0,0,,0.3270142180094775,,0.0
volcanoes-a3,knn-nosuite,0.44186046511627836,,0,0,,0.44186046511627836,0.44186046511627836,0.0
volcanoes-a3,knn-nosuite,0.0,,0,0,0.0,0.0,0.0,0.0
volcanoes-a3,knn-nosuite,0.41563434429730894,0.3333333333333334,0,0,0.41563434429730894,0.41563434429730894,0.3333333333333334,0.0
volcanoes-a3,knn-nosuite,0.1538461538461506,,0,0,0.1538461538461506,0.1538461538461506,0.1538461538461506,0.0
volcanoes-a3,knn-nosuite,0.0,,0,0,0.0,0.0,,0.0
volcanoes-a3,knn-nosuite,0.258957654723127,,0,0,0.258957654723127,0.3333333333333333,,0.0
volcanoes-a3,knn-nosuite,0.0,,0,0,,0.0,0.0,0.0
volcanoes-a3,knn-nosuite,0.25903614457831325,,0,0,0.25903614457831325,0.20481927710843362,,0.0
volcanoes-a3,knn-nosuite,0.49999999999999656,,0,0,,0.49999999999999656,0.49999999999999656,0.0
volcanoes-a3,knn-nosuite,0.0,,0,0,0.0,0.0,0.0,0.0
volcanoes-a3,knn-nosuite,0.16666666666666474,,0,0,0.16666666666666474,0.16666666666666474,0.16666666666666474,0.0
volcanoes-a4,knn-nosuite,0.0,,0,0,,0.0,,0.0
volcanoes-a4,knn-nosuite,0.33333333333333387,,0,0,0.33333333333333387,0.33333333333333387,,0.0
volcanoes-a4,knn-nosuite,0.4061860940695297,0.4061860940695297,0,0,0.4061860940695297,0.3333333333333333,0.4061860940695297,0.0
volcanoes-a4,knn-nosuite,0.5957446808510639,,0,0,0.5957446808510639,0.5957446808510639,0.5957446808510639,0.0
volcanoes-a4,knn-nosuite,0.49999999999999883,,0,0,0.49999999999999883,0.49999999999999883,0.49999999999999883,0.0
volcanoes-a4,knn-nosuite,0.3833151581243185,0.3833151581243185,0,0,0.19029443838604126,0.3833151581243185,0.21183206106870212,
volcanoes-a4,knn-nosuite,0.06249999999999969,,0,0,0.06249999999999969,0.06249999999999969,0.06249999999999969,0.0
volcanoes-a4,knn-nosuite,0.40037593984962416,,0,0,0.40037593984962416,0.40037593984962416,0.40037593984962416,0.0
volcanoes-a4,knn-nosuite,0.6624203821656058,,0,0,0.6624203821656058,0.6624203821656058,0.6624203821656058,0.0
volcanoes-a4,knn-nosuite,0.6764705882352937,,0,0,0.1176470588235312,0.6764705882352937,,0.0
volcanoes-a4,knn-nosuite,0.0,,0,0,,0.0,0.0,0.0
volcanoes-a4,knn-nosuite,0.2595041322314051,,0,0,0.2595041322314051,0.2595041322314051,,0.0
volcanoes-a4,knn-nosuite,0.0,,0,0,,0.0,0.0,0.0
volcanoes-a4,knn-nosuite,0.0,,0,0,,0.0,0.0,0.0
volcanoes-a4,knn-nosuite,0.5294117647058708,,0,0,,0.5294117647058708,0.5294117647058708,0.0
volcanoes-a4,knn-nosuite,0.44444444444444514,,0,0,0.44444444444444514,0.44444444444444514,0.44444444444444514,0.0
volcanoes-a4,knn-nosuite,0.0,,0,0,0.0,0.0,,0.0
volcanoes-a4,knn-nosuite,0.0,,0,0,,0.0,,0.0
volcanoes-a4,knn-nosuite,0.39130434782608503,,0,0,0.39130434782608503,0.39130434782608503,,0.0
volcanoes-a4,knn-nosuite,0.0625000000000002,,0,0,,0.0625000000000002,,0.0
volcanoes-a4,knn-nosuite,0.4642857142857143,,0,0,,0.4642857142857143,0.4642857142857143,0.0
volcanoes-a4,knn-nosuite,0.38425196850393695,0.38425196850393695,0,0,0.4204724409448819,0.38425196850393695,0.38425196850393695,0.0
volcanoes-a4,knn-nosuite,0.0,,0,0,0.0,0.0,0.0,0.0
volcanoes-a4,knn-nosuite,0.0,,0,0,,0.0,,0.0
volcanoes-a4,knn-nosuite,0.41281809613572096,0.41281809613572096,0,0,0.3333333333333333,0.34118755890669183,0.3652214891611686,0.0
volcanoes-a4,knn-nosuite,0.5540540540540554,,0,0,,0.5540540540540554,0.5540540540540554,0.0
volcanoes-a4,knn-nosuite,0.35714285714285565,,0,0,0.35714285714285565,0.3214285714285737,0.35714285714285565,0.0
volcanoes-a4,knn-nosuite,0.35346964064436187,0.35346964064436187,0,0,0.35346964064436187,0.35346964064436187,0.2766418835192068,
volcanoes-a4,knn-nosuite,0.3687150837988835,,0,0,,0.3435754189944137,0.3687150837988835,0.0
volcanoes-a4,knn-nosuite,0.1850393700787402,,0,0,0.1850393700787402,0.1850393700787402,,0.0
volcanoes-a4,knn-nosuite,0.4548104956268227,,0,0,,0.4548104956268227,,0.0
volcanoes-a4,knn-nosuite,0.2857142857142832,,0,0,0.2857142857142832,0.2857142857142832,,0.0
volcanoes-a4,knn-nosuite,0.3481781376518214,,0,0,0.3481781376518214,0.23582995951417007,,0.0
volcanoes-a4,knn-nosuite,0.21487603305785136,,0,0,0.21487603305785136,0.21487603305785136,0.21487603305785136,0.0
volcanoes-a4,knn-nosuite,0.3463989802421925,0.3463989802421925,0,0,0.3333333333333333,0.3463989802421925,0.3333333333333333,0.0
volcanoes-a4,knn-nosuite,0.3873144399460191,,0,0,0.3873144399460191,0.3751686909581651,,0.0
volcanoes-a4,knn-nosuite,0.2689530685920584,,0,0,0.2689530685920584,0.2689530685920584,0.2689530685920584,0.0
volcanoes-a4,knn-nosuite,0.0,,0,0,,0.0,0.0,0.0
volcanoes-a4,knn-nosuite,0.3618677042801554,,0,0,0.3618677042801554,0.3618677042801554,,0.0
volcanoes-a4,knn-nosuite,0.3333333333333333,0.3333333333333333,0,0,0.3728246318607764,0.4805890227576974,0.3333333333333333,0.0
volcanoes-a4,knn-nosuite,0.6785714285714304,,0,0,0.6785714285714304,0.6785714285714304,0.6785714285714304,0.0
volcanoes-a4,knn-nosuite,0.3057591623036652,0.3057591623036652,0,0,0.4005235602094238,0.3333333333333333,0.4005235602094238,
volcanoes-a4,knn-nosuite,0.21212121212121132,,0,0,0.21212121212121132,0.21212121212121132,0.21212121212121132,0.0
volcanoes-a4,knn-nosuite,0.5906040268456377,,0,0,0.5906040268456377,0.5906040268456377,0.5906040268456377,0.0
volcanoes-a4,knn-nosuite,0.29545454545454497,,0,0,0.29545454545454497,0.29545454545454497,,0.0
volcanoes-a4,knn-nosuite,0.45384615384615373,,0,0,0.45384615384615373,0.357692307692308,,0.0
volcanoes-a4,knn-nosuite,0.14468085106382989,,0,0,0.14468085106382989,0.4489361702127658,0.14468085106382989,0.0
volcanoes-a4,knn-nosuite,0.24242424242424238,,0,0,0.24242424242424238,0.24242424242424238,0.24242424242424238,0.0
volcanoes-a4,knn-nosuite,0.22452229299363075,,0,0,0.2643312101910826,0.24442675159235666,,0.0
volcanoes-a4,knn-nosuite,0.0,,0,0,0.0,0.0,0.0,0.0
volcanoes-e1,knn-nosuite,0.0,,0,0,0.0,0.0,0.0,0.0
volcanoes-e1,knn-nosuite,0.3604651162790706,,0,0,0.3604651162790706,0.3604651162790706,0.3604651162790706,0.0
volcanoes-e1,knn-nosuite,0.4999999999999954,,0,0,0.4999999999999954,0.4999999999999954,0.4999999999999954,0.0
volcanoes-e1,knn-nosuite,0.3571428571428592,,0,0,0.3571428571428539,0.3571428571428592,0.3571428571428592,0.0
volcanoes-e1,knn-nosuite,0.24999999999999886,,0,0,0.24999999999999886,0.24999999999999886,,0.0
volcanoes-e1,knn-nosuite,0.8035714285714317,,0,0,0.8035714285714317,0.8035714285714317,,0.0
volcanoes-e1,knn-nosuite,0.2208835341365458,,0,0,0.2208835341365458,0.2208835341365458,0.2208835341365458,0.0
volcanoes-e1,knn-nosuite,0.41304347826087046,,0,0,0.41304347826087046,0.41304347826087046,0.41304347826087046,0.0
volcanoes-e1,knn-nosuite,0.10321100917431242,,0,0,,0.10321100917431242,0.3153669724770646,0.0
volcanoes-e1,knn-nosuite,0.20227920227920212,,0,0,0.3133903133903131,0.28774928774928804,0.20227920227920212,0.0
volcanoes-e1,knn-nosuite,0.34893617021276546,,0,0,0.4127659574468091,0.34893617021276546,0.34893617021276546,0.0
volcanoes-e1,knn-nosuite,0.3583941605839415,,0,0,0.39270072992700733,0.3583941605839415,0.3583941605839415,0.0
volcanoes-e1,knn-nosuite,0.4657894736842106,,0,0,,0.4657894736842106,0.4657894736842106,0.0
volcanoes-e1,knn-nosuite,0.21874999999999978,,0,0,0.21874999999999978,0.42187500000000006,,0.0
volcanoes-e1,knn-nosuite,0.21246458923512773,,0,0,0.21246458923512773,0.21246458923512773,0.21246458923512773,0.0
volcanoes-e1,knn-nosuite,0.3333333333333416,,0,0,0.3333333333333416,0.3333333333333416,0.3333333333333416,0.0
volcanoes-e1,knn-nosuite,0.12041884816753944,,0,0,0.12041884816753944,0.12041884816753944,0.12041884816753944,0.0
volcanoes-e1,knn-nosuite,0.3846153846153824,,0,0,0.23076923076922956,0.3846153846153824,0.3846153846153824,0.0
volcanoes-e1,knn-nosuite,0.3629191321499013,,0,0,0.3629191321499013,0.3185404339250491,,0.0
volcanoes-e1,knn-nosuite,0.2573221757322175,,0,0,0.1799163179916317,0.2573221757322175,0.1799163179916317,
volcanoes-e1,knn-nosuite,0.3777462792345852,0.2501771793054573,0,0,0.3333333333333333,,0.3333333333333333,0.0
volcanoes-e1,knn-nosuite,0.43750000000000105,,0,0,0.43750000000000105,0.43750000000000105,0.43750000000000105,0.0
volcanoes-e1,knn-nosuite,0.40000000000000147,,0,0,0.40000000000000147,0.40000000000000147,,0.0
volcanoes-e1,knn-nosuite,0.1515151515151508,,0,0,0.46969696969696895,0.1515151515151508,0.1515151515151508,0.0
volcanoes-e1,knn-nosuite,0.3571428571428562,,0,0,0.3571428571428562,0.32142857142857106,0.3571428571428562,0.0
volcanoes-e1,knn-nosuite,0.3267929634641409,0.3958051420838972,0,0,0.34641407307171823,0.3267929634641409,0.2774018944519619,
volcanoes-e1,knn-nosuite,0.0420168067226884,,0,0,0.0420168067226884,0.0420168067226884,0.0420168067226884,0.0
volcanoes-e1,knn-nosuite,0.3311808118081181,,0,0,0.21586715867158668,0.3311808118081181,0.2767527675276753,0.0
volcanoes-e1,knn-nosuite,0.6956521739130485,,0,0,0.26086956521738763,0.6956521739130485,0.6956521739130485,0.0
volcanoes-e1,knn-nosuite,0.4964788732394365,,0,0,0.3257042253521124,0.3257042253521124,0.3257042253521124,0.0
volcanoes-e1,knn-nosuite,0.38669950738916276,,0,0,0.22660098522167454,0.38669950738916276,0.21921182266009856,0.0
volcanoes-e1,knn-nosuite,0.09287925696594368,,0,0,0.09287925696594368,0.09287925696594368,0.09287925696594368,0.0
volcanoes-e1,knn-nosuite,0.3256802721088434,,0,0,,0.3256802721088434,0.30272108843537393,0.0
volcanoes-e1,knn-nosuite,0.0,,0,0,0.0,0.3333333333333333,,0.0
volcanoes-e1,knn-nosuite,0.41666666666666624,,0,0,0.41666666666666624,0.2789855072463762,0.41666666666666624,
volcanoes-e1,knn-nosuite,0.31454783748361764,0.23787680209698536,0,0,0.23787680209698536,0.31454783748361764,0.3333333333333333,
volcanoes-e1,knn-nosuite,0.6071428571428567,,0,0,0.14285714285714304,0.6071428571428567,0.6071428571428567,0.0
volcanoes-e1,knn-nosuite,0.32758620689655127,,0,0,0.32758620689655127,0.32758620689655127,,0.0
volcanoes-e1,knn-nosuite,0.6040268456375836,,0,0,0.6040268456375836,0.6040268456375836,0.6040268456375836,0.0
volcanoes-e1,knn-nosuite,0.35714285714285804,,0,0,0.2857142857142865,0.35714285714285804,,0.0
volcanoes-e1,knn-nosuite,0.3873056994818652,0.4792746113989634,0,0,0.3333333333333333,0.3873056994818652,0.3333333333333333,0.0
volcanoes-e1,knn-nosuite,0.41439688715953316,,0,0,0.28988326848249035,0.41439688715953316,0.41439688715953316,0.0
volcanoes-e1,knn-nosuite,0.3461538461538474,,0,0,0.3461538461538474,0.3461538461538474,0.3461538461538474,0.0
volcanoes-e1,knn-nosuite,0.4999999999999998,,0,0,0.4999999999999998,,0.4999999999999998,0.0
volcanoes-e1,knn-nosuite,0.21428571428571433,,0,0,0.4789915966386557,0.34663865546218503,,0.0
volcanoes-e1,knn-nosuite,0.0,,0,0,0.0,0.0,,0.0
yeast,knn-nosuite,0.1566008171684716,0.24027133166726164,0,0,0.18792098060216592,,0.15767186322345195,0.0
yeast,knn-nosuite,0.18080189857606793,0.48471979348821664,0,0,0.22186138174147155,,0.22610125739029055,0.0
yeast,knn-nosuite,0.16666666666666666,0.1827949857398688,0,0,0.16666666666666666,,0.16666666666666666,0.0
yeast,knn-nosuite,0.14827123605097878,0.2603207512653213,0,0,0.16551314104518586,,0.16897371790962862,0.0
yeast,knn-nosuite,0.1276146063432327,0.2896997463797761,0,0,0.15313752761187926,,0.18765851264010472,0.0
yeast,knn-nosuite,0.10257587818667974,0.20088584083440486,0,0,0.16666666666666666,,0.16504806809135997,0.0
yeast,knn-nosuite,0.15247409292094027,0.18308552649015394,0,0,0.2132464021626778,,0.16666666666666666,0.0
yeast,knn-nosuite,0.18015515064044746,0.1363882374165615,0,0,0.18015515064044746,,0.14094854370878182,0.0
yeast,knn-nosuite,0.13038007810927243,0.20849941619358214,0,0,0.1604159117445746,,0.16666666666666663,0.0
yeast,knn-nosuite,0.19190937367453687,0.5370422734341862,0,0,0.29379329845892815,,0.29379329845892815,0.0
yeast,knn-nosuite,0.16627511065713318,0.15321756894790622,0,0,0.18684031324480754,,0.15321756894790622,0.0
yeast,knn-nosuite,0.1666666666666667,0.16011712439418432,0,0,0.1666666666666667,0.14398222940226177,0.1400612547119008,0.0
yeast,knn-nosuite,0.11864035087719288,0.19810371517027897,0,0,0.16687306501547994,,0.13885448916408671,0.0
yeast,knn-nosuite,0.18166963755199061,0.47266785502079656,0,0,0.1931818181818183,,0.1931818181818183,0.0
yeast,knn-nosuite,0.16666666666666666,0.1833247555326815,0,0,0.1677303139475039,,0.13977526162291992,0.0
yeast,knn-nosuite,0.15247578405473142,0.40601503759398483,0,0,0.17943507417191626,,0.16057711847185532,0.0
yeast,knn-nosuite,0.16666666666666666,0.27602347434404734,0,0,0.18835691352362133,,0.23544614190452667,0.0
yeast,knn-nosuite,0.21942436757873,0.26420581655480996,0,0,0.19313371192565823,,0.16666666666666666,0.0
yeast,knn-nosuite,0.14285714285714285,0.1675024893636282,0,0,0.14285714285714285,,0.1554041821308954,0.0
yeast,knn-nosuite,0.2222631264092771,0.5697390824168237,0,0,0.31144448023560795,,0.22457932600125766,0.0
yeast,knn-nosuite,0.16666666666666666,0.1419340610872203,0,0,0.16050556841989205,,0.1419340610872203,0.0
yeast,knn-nosuite,0.14738799234629404,0.2560742265063717,0,0,0.2560742265063717,,0.2067854435178164,0.0
yeast,knn-nosuite,0.14285714285714285,0.153903200624512,0,0,0.18954918032786866,,0.16976971116315387,0.0
yeast,knn-nosuite,0.1369250795487416,0.3357824703500144,0,0,0.17194098929707835,,0.16666666666666666,0.0
yeast,knn-nosuite,0.14285714285714285,0.1661153086923967,0,0,0.15279763120277715,,0.16106800081682665,0.0
yeast,knn-nosuite,0.16666666666666666,0.1912086480854389,0,0,0.16666666666666666,,0.16666666666666666,0.0
yeast,knn-nosuite,0.16666666666666666,0.21720711699915293,0,0,0.1018716783486097,,0.17864900254178548,0.0
yeast,knn-nosuite,0.14285714285714282,0.05861084681255915,0,0,0.16666666666666663,,0.16723120837297817,0.0
yeast,knn-nosuite,0.14285714285714285,0.1779996615332543,0,0,0.21494753765442542,,0.1779996615332543,0.0
yeast,knn-nosuite,0.14285714285714285,0.19746827937863165,0,0,0.16666666666666666,,0.1276414087513341,0.0
yeast,knn-nosuite,0.12308206027214291,0.14201101928374657,0,0,0.16666666666666663,,0.2144002003506135,0.0
yeast,knn-nosuite,0.09496092841943383,0.26264685370956514,0,0,0.15192318008690528,,0.17496378949627164,0.0
yeast,knn-nosuite,0.1569184303649109,0.2134187571843938,0,0,0.14285714285714285,,0.16666666666666666,0.0
yeast,knn-nosuite,0.19766912155493124,0.43580593728646255,0,0,0.17308860375066432,,0.24409687950800996,0.0
yeast,knn-nosuite,0.18169081547120106,0.21132199736558496,0,0,0.21054364746736914,,0.18169081547120106,0.0
yeast,knn-nosuite,0.16666666666666666,0.25716351519152475,0,0,0.19501108124675814,,0.2018319422832084,0.0
yeast,knn-nosuite,0.22854997183803744,0.3955504099130107,0,0,0.2856874647975467,,0.22459165154264965,0.0
yeast,knn-nosuite,0.23551869404949968,0.25569848792597594,0,0,0.21580907244414346,,0.22037914691943122,0.0
yeast,knn-nosuite,0.14285714285714285,0.16292264937471052,0,0,0.18630318269039897,,0.18630318269039897,0.0
yeast,knn-nosuite,0.16666666666666666,0.09132939214794594,0,0,0.16666666666666666,,0.18173412157041083,0.0
yeast,knn-nosuite,0.14285714285714285,0.24684517327525488,0,0,0.19636794567932883,,0.19636794567932883,0.0
yeast,knn-nosuite,0.14285714285714285,0.16628194116383938,0,0,0.13506549280652783,,0.16666666666666666,0.0
yeast,knn-nosuite,0.1919790644422637,0.13341511285574095,0,0,0.1599825537018864,,0.16666666666666666,0.0
yeast,knn-nosuite,0.13381365969206488,0.21634425582313455,0,0,0.14285714285714282,0.13522831951572564,0.17885511251480446,0.0
yeast,knn-nosuite,0.20675927002208527,0.2712425897942581,0,0,0.21550621876089748,,0.2453795187725219,0.0
yeast,knn-nosuite,0.14285714285714285,0.16953478197462443,0,0,0.16666666666666666,,0.16626804725098437,0.0
yeast,knn-nosuite,0.14285714285714285,0.2060185185185185,0,0,0.17441756272401435,,0.17441756272401435,0.0
yeast,knn-nosuite,0.16919111111111104,0.2638222222222222,0,0,0.18084444444444442,,0.2638222222222222,0.0
yeast,knn-nosuite,0.1963142375737153,0.20903538331929214,0,0,0.2959140690817186,,0.23957455770850875,0.0
rmftsa,knn-nosuite,0.5,0.5,0,0,0.5,0.5,0.35636363636363644,0.0
rmftsa,knn-nosuite,0.5,0.5,0,0,0.5,0.5,0.4942084942084942,0.0
rmftsa,knn-nosuite,0.5,0.5,0,0,0.5,0.5,0.5,0.0
rmftsa,knn-nosuite,0.5,0.7022222222222216,0,0,0.7022222222222216,0.5,0.5,0.0
rmftsa,knn-nosuite,0.49999999999999994,0.27480916030534197,0,0,0.27480916030534197,0.7251908396946579,0.7251908396946579,0.0
rmftsa,knn-nosuite,0.5,,0,0,0.5,0.5,0.7049180327868863,0.0
rmftsa,knn-nosuite,0.5,0.5,0,0,0.5,0.8156862745098041,0.8156862745098041,0.0
rmftsa,knn-nosuite,0.49999999999999994,0.9547738693467336,0,0,0.9547738693467336,0.49999999999999994,0.045226130653266354,0.0
rmftsa,knn-nosuite,0.49999999999999994,0.49999999999999994,0,0,0.49999999999999994,0.5270270270270269,0.49999999999999994,0.0
rmftsa,knn-nosuite,0.5,0.9275362318840581,0,0,0.9275362318840581,0.5,0.5,0.0
rmftsa,knn-nosuite,0.5,0.43979057591623066,0,0,0.5602094240837694,0.43979057591623066,0.43979057591623066,0.0
rmftsa,knn-nosuite,0.5,0.6020942408376969,0,0,0.6020942408376969,0.5,0.6020942408376969,0.0
rmftsa,knn-nosuite,0.7583333333333332,0.5,0,0,0.5,0.7583333333333332,0.5,0.0
rmftsa,knn-nosuite,0.5,0.5,0,0,0.5863309352517989,0.5863309352517989,0.5,0.0
rmftsa,knn-nosuite,0.5,0.8440860215053759,0,0,0.8440860215053759,0.5,0.5,0.0
rmftsa,knn-nosuite,0.5482866043613709,0.5,0,0,0.5482866043613709,0.5,0.5482866043613709,0.0
rmftsa,knn-nosuite,0.5,0.5,0,0,0.5,0.5,0.5,0.0
rmftsa,knn-nosuite,0.5,0.9275362318840581,0,0,0.9275362318840581,0.5,0.5,0.0
rmftsa,knn-nosuite,0.5000000000000001,0.5000000000000001,0,0,0.5000000000000001,0.7136363636363642,0.7136363636363642,0.0
rmftsa,knn-nosuite,0.5,0.626811594202898,0,0,0.5,0.37318840579710205,0.5,0.0
rmftsa,knn-nosuite,0.5,0.5,0,0,0.5,0.5,0.21937321937321919,0.0
rmftsa,knn-nosuite,0.5,0.5,0,0,0.5,0.5,0.5,0.0
rmftsa,knn-nosuite,0.5,0.5,0,0,0.5,0.543604651162791,0.543604651162791,0.0
rmftsa,knn-nosuite,0.5,0.4797297297297287,0,0,0.4797297297297287,0.5202702702702713,0.4797297297297287,0.0
rmftsa,knn-nosuite,0.5,0.47200000000000014,0,0,0.47200000000000014,0.5,0.5,0.0
rmftsa,knn-nosuite,0.5,0.5,0,0,0.5,0.5,0.5,0.0
rmftsa,knn-nosuite,0.5,0.6359447004608296,0,0,0.5,0.5,0.5,0.0
rmftsa,knn-nosuite,0.5,0.5,0,0,0.5,0.5,0.5,0.0
rmftsa,knn-nosuite,0.5,0.40298507462686567,0,0,0.5,0.5,0.40298507462686567,0.0
rmftsa,knn-nosuite,0.5,0.4123376623376624,0,0,0.5,0.5,0.5,0.0
rmftsa,knn-nosuite,0.5,0.8656716417910456,0,0,0.8656716417910456,0.5,0.5,0.0
rmftsa,knn-nosuite,0.7359999999999998,0.5,0,0,0.5,0.5,0.7359999999999998,0.0
rmftsa,knn-nosuite,0.5,0.5,0,0,0.5863309352517989,0.5863309352517989,0.5863309352517989,0.0
rmftsa,knn-nosuite,0.4999999999999999,0.4999999999999999,0,0,0.4999999999999999,0.5537757437070937,0.4999999999999999,0.0
rmftsa,knn-nosuite,0.5,0.45620437956204357,0,0,0.5,0.5,0.5,0.0
rmftsa,knn-nosuite,0.5,0.5,0,0,0.5699373695198328,0.43006263048016724,0.5,0.0
rmftsa,knn-nosuite,0.5,0.5280898876404486,0,0,0.47191011235955144,0.5280898876404486,0.5280898876404486,0.0
rmftsa,knn-nosuite,0.5,0.7883817427385893,0,0,0.5,0.5,0.5,0.0
rmftsa,knn-nosuite,0.5,,0,0,0.5,0.3807339449541287,0.5,0.0
rmftsa,knn-nosuite,0.2696078431372543,0.5,0,0,0.5,0.5,0.5,0.0
rmftsa,knn-nosuite,0.49999999999999994,0.49999999999999994,0,0,0.49999999999999994,0.7014218009478679,0.49999999999999994,0.0
rmftsa,knn-nosuite,0.5,0.5,0,0,0.5,0.5,0.5,0.0
rmftsa,knn-nosuite,0.5,0.727467811158798,0,0,0.272532188841202,0.5,0.5,0.0
rmftsa,knn-nosuite,0.5,0.37499999999999983,0,0,0.5,0.5,0.5,0.0
rmftsa,knn-nosuite,0.5,0.8435643564356435,0,0,0.8435643564356435,0.5,0.5,0.0
rmftsa,knn-nosuite,0.5,0.9275362318840581,0,0,0.9275362318840581,0.5,0.07246376811594196,0.0
rmftsa,knn-nosuite,0.5,0.727467811158798,0,0,0.272532188841202,0.5,0.5,0.0
rmftsa,knn-nosuite,0.5,0.5,0,0,0.5,0.5,0.348583877995643,0.0
rmftsa,knn-nosuite,0.49999999999999994,0.49999999999999994,0,0,0.49999999999999994,0.49999999999999994,0.6013071895424835,0.0
rmftsa,knn-nosuite,0.5,0.5375722543352605,0,0,0.5,0.5375722543352605,0.5,0.0
banknote-authentication,knn-nosuite,0.3333333333333333,,0,0,0.3333333333333333,0.5,0.3333333333333333,0.0
banknote-authentication,knn-nosuite,0.0,,0,0,0.5,0.5,0.25,0.0
banknote-authentication,knn-nosuite,0.31818181818181807,,0,0,0.31818181818181807,0.5000000000000033,0.31818181818181807,0.0
banknote-authentication,knn-nosuite,0.2977855477855478,0.8548951048951055,0,0,0.44055944055944085,0.43356643356643354,0.2977855477855478,0.0
banknote-authentication,knn-nosuite,0.32666666666666666,0.6200000000000004,0,0,0.43666666666666676,0.32666666666666666,0.32666666666666666,0.0
banknote-authentication,knn-nosuite,0.4364341085271318,0.4364341085271318,0,0,0.4364341085271318,0.3109819121447029,0.4364341085271318,0.0
banknote-authentication,knn-nosuite,0.3333333333333333,0.7000000000000008,0,0,0.3333333333333333,0.7000000000000008,0.3333333333333333,0.0
banknote-authentication,knn-nosuite,0.0,,0,0,0.5,0.25,0.25,0.0
banknote-authentication,knn-nosuite,0.3185185185185186,0.6111111111111115,0,0,0.47777777777777775,0.47777777777777775,0.3185185185185186,0.0
banknote-authentication,knn-nosuite,0.24698795180722782,,0,0,0.24698795180722782,0.25100401606425654,0.24698795180722782,0.0
banknote-authentication,knn-nosuite,0.31858237547892726,0.7482758620689656,0,0,0.4459770114942529,0.31858237547892726,0.31858237547892726,0.0
banknote-authentication,knn-nosuite,0.5000000000000008,,0,0,0.5000000000000008,0.31333333333333296,0.29999999999999966,0.0
banknote-authentication,knn-nosuite,0.0,,0,0,0.0,0.5,0.3333333333333333,0.0
banknote-authentication,knn-nosuite,0.30952380952381064,,0,0,0.30952380952381064,0.21428571428570412,0.30952380952381064,0.0
banknote-authentication,knn-nosuite,0.2722222222222219,,0,0,0.2722222222222219,0.33333333333333426,0.31666666666666643,0.0
banknote-authentication,knn-nosuite,0.30817610062893075,0.4056603773584908,0,0,0.39622641509433953,0.30817610062893075,0.39622641509433953,0.0
banknote-authentication,knn-nosuite,0.3055555555555556,0.44444444444444425,0,0,0.41666666666666663,0.3055555555555555,0.41666666666666663,0.0
banknote-authentication,knn-nosuite,0.3198830409356725,0.656140350877193,0,0,0.46140350877192976,0.3198830409356725,0.3198830409356725,0.0
banknote-authentication,knn-nosuite,0.25,,0,0,0.5,0.3333333333333333,0.25,0.0
banknote-authentication,knn-nosuite,0.23888888888888937,,0,0,0.20000000000000157,0.25000000000000017,0.27222222222222175,0.0
banknote-authentication,knn-nosuite,0.45333333333333337,0.5944444444444446,0,0,0.45333333333333337,0.3092592592592593,0.3092592592592593,0.0
banknote-authentication,knn-nosuite,0.2980769230769231,0.3822115384615384,0,0,0.3822115384615384,0.41506410256410264,0.2980769230769231,0.0
banknote-authentication,knn-nosuite,0.16666666666666666,,0,0,0.5,0.5,0.25,0.0
banknote-authentication,knn-nosuite,0.0,,0,0,0.0,0.25,0.0,0.0
banknote-authentication,knn-nosuite,0.3182098765432099,0.6262345679012347,0,0,0.3182098765432099,0.3268518518518519,0.3182098765432099,0.0
banknote-authentication,knn-nosuite,0.1666666666666574,,0,0,0.1666666666666805,0.27777777777777773,0.16666666666666896,0.0
banknote-authentication,knn-nosuite,0.2999999999999998,,0,0,0.2999999999999996,0.2999999999999998,0.2999999999999996,0.0
banknote-authentication,knn-nosuite,0.0,,0,0,0.25,0.25,0.25,0.0
banknote-authentication,knn-nosuite,0.45245901639344255,0.8729508196721312,0,0,0.45245901639344255,0.33142076502732243,0.33142076502732243,0.0
banknote-authentication,knn-nosuite,0.2761437908496732,,0,0,0.3676470588235291,0.2892156862745098,0.2892156862745098,0.0
banknote-authentication,knn-nosuite,0.3333333333333333,,0,0,0.3333333333333333,0.0,0.3333333333333333,0.0
banknote-authentication,knn-nosuite,0.24999999999999944,,0,0,0.25000000000000056,0.18859649122807123,0.18859649122807123,0.0
banknote-authentication,knn-nosuite,0.4752444987775061,0.4752444987775061,0,0,0.4752444987775061,0.10605134474327622,0.3808068459657702,0.0
banknote-authentication,knn-nosuite,0.0,,0,0,0.0,0.3333333333333333,0.25,0.0
banknote-authentication,knn-nosuite,0.3317460317460317,0.7761904761904764,0,0,0.3317460317460317,0.7761904761904764,0.3317460317460317,0.0
banknote-authentication,knn-nosuite,0.0,,0,0,0.0,0.3333333333333333,0.0,0.0
banknote-authentication,knn-nosuite,0.0,,0,0,0.0,0.3333333333333333,0.0,0.0
banknote-authentication,knn-nosuite,0.24999999999999828,0.24999999999999828,0,0,0.25,0.25,0.25,0.0
banknote-authentication,knn-nosuite,0.24999999999999956,,0,0,0.24999999999999956,0.24999999999999956,0.24999999999999956,0.0
banknote-authentication,knn-nosuite,0.0,,0,0,0.0,0.0,0.25,0.0
banknote-authentication,knn-nosuite,0.16666666666666205,,0,0,0.16666666666666205,0.16666666666666666,0.166666666666669,0.0
banknote-authentication,knn-nosuite,0.4256410256410257,0.4256410256410257,0,0,0.4256410256410257,0.4256410256410257,0.4256410256410257,0.0
banknote-authentication,knn-nosuite,0.08790849673202612,0.6107843137254901,0,0,0.31514161220043574,0.31514161220043574,0.31514161220043574,0.0
banknote-authentication,knn-nosuite,0.49474030243261014,0.49474030243261014,0,0,0.8543721236028928,0.3305939075169844,0.42833662064431294,0.0
banknote-authentication,knn-nosuite,0.31642512077294704,,0,0,0.36231884057970953,0.3405797101449285,0.31642512077294704,0.0
banknote-authentication,knn-nosuite,0.32777777777777783,0.7333333333333328,0,0,0.4916666666666666,0.32777777777777783,0.32777777777777783,0.0
banknote-authentication,knn-nosuite,0.0,,0,0,0.0,0.0,0.0,0.0
banknote-authentication,knn-nosuite,0.306592039800995,0.569029850746269,0,0,0.29850746268656736,0.32276119402985026,0.306592039800995,0.0
banknote-authentication,knn-nosuite,0.2499999999999896,,0,0,0.2499999999999896,0.3749999999999922,0.2499999999999896,0.0
banknote-authentication,knn-nosuite,0.4585121602288984,0.4585121602288984,0,0,0.4585121602288984,0.3465665236051502,0.6520028612303289,0.0
volcanoes-a2,knn-nosuite,0.2611111111111113,,0,0,0.2611111111111113,0.2611111111111113,0.2611111111111113,0.0
volcanoes-a2,knn-nosuite,0.2635983263598313,,0,0,,0.3333333333333333,0.2635983263598313,0.0
volcanoes-a2,knn-nosuite,0.0,,0,0,,0.0,0.0,0.0
volcanoes-a2,knn-nosuite,0.3333333333333356,,0,0,0.3333333333333356,0.33333333333333215,0.3333333333333356,0.0
volcanoes-a2,knn-nosuite,0.4578313253012061,,0,0,0.2908777969018925,0.3743545611015493,0.4578313253012061,0.0
volcanoes-a2,knn-nosuite,0.0,,0,0,,0.0,0.3,0.0
volcanoes-a2,knn-nosuite,0.42857142857143055,,0,0,0.42857142857143055,0.42857142857143055,,0.0
volcanoes-a2,knn-nosuite,0.6666666666666539,,0,0,0.6666666666666539,0.4166666666666669,0.6666666666666539,0.0
volcanoes-a2,knn-nosuite,0.6523437500000009,,0,0,0.6523437500000009,0.6523437500000009,0.6523437500000009,0.0
volcanoes-a2,knn-nosuite,0.539682539682539,,0,0,0.539682539682539,0.539682539682539,0.539682539682539,0.0
volcanoes-a2,knn-nosuite,0.4396853146853147,0.5442890442890441,0,0,0.12062937062937068,0.3333333333333333,0.33245920745920743,
volcanoes-a2,knn-nosuite,0.4629629629629629,,0,0,0.4629629629629629,0.4629629629629629,0.4629629629629629,0.0
volcanoes-a2,knn-nosuite,0.2409138110072696,0.2409138110072696,0,0,0.2346832814122532,0.3826583592938734,,0.0
volcanoes-a2,knn-nosuite,0.2643678160919543,,0,0,0.2643678160919543,0.2784743991640545,0.2643678160919543,0.0
volcanoes-a2,knn-nosuite,0.0,,0,0,0.0,0.0,0.0,0.0
volcanoes-a2,knn-nosuite,0.5000000000000012,,0,0,,0.5000000000000012,0.5,0.0
volcanoes-a2,knn-nosuite,0.0,,0,0,0.4,0.0,,0.0
volcanoes-a2,knn-nosuite,0.2784090909090907,,0,0,0.2784090909090907,0.2784090909090907,0.2784090909090907,0.0
volcanoes-a2,knn-nosuite,0.26455026455026376,,0,0,0.26455026455026376,0.26455026455026376,0.26455026455026376,0.0
volcanoes-a2,knn-nosuite,0.0,,0,0,0.0,0.0,0.0,0.0
volcanoes-a2,knn-nosuite,0.35532994923857836,,0,0,0.35532994923857836,0.35532994923857836,0.35532994923857836,0.0
volcanoes-a2,knn-nosuite,0.3069306930693072,,0,0,0.3069306930693072,0.3267326732673269,0.3069306930693072,0.0
volcanoes-a2,knn-nosuite,0.0,,0,0,0.0,0.0,0.0,0.0
volcanoes-a2,knn-nosuite,0.6555555555555579,,0,0,0.6555555555555579,0.6555555555555579,0.6555555555555579,0.0
volcanoes-a2,knn-nosuite,0.431818181818182,,0,0,0.431818181818182,0.431818181818182,,0.0
volcanoes-a2,knn-nosuite,0.0,,0,0,0.0,0.0,0.0,0.0
volcanoes-a2,knn-nosuite,0.49999999999999134,,0,0,0.49999999999999134,0.49999999999999134,0.49999999999999134,0.0
volcanoes-a2,knn-nosuite,0.0,,0,0,0.0,0.0,0.0,0.0
volcanoes-a2,knn-nosuite,0.0,,0,0,0.0,0.0,,0.0
volcanoes-a2,knn-nosuite,0.22222222222222077,,0,0,,0.22222222222222077,0.22222222222222077,0.0
volcanoes-a2,knn-nosuite,0.0,,0,0,0.0,0.0,0.0,0.0
volcanoes-a2,knn-nosuite,0.0,,0,0,0.0,0.3,,0.0
volcanoes-a2,knn-nosuite,0.2040816326530609,,0,0,0.2040816326530609,0.2040816326530609,,0.0
volcanoes-a2,knn-nosuite,0.0,,0,0,,0.0,0.0,0.0
volcanoes-a2,knn-nosuite,0.7088607594936719,,0,0,,0.7088607594936719,,0.0
volcanoes-a2,knn-nosuite,0.6212121212121207,,0,0,0.6212121212121207,0.6212121212121207,0.6212121212121207,0.0
volcanoes-a2,knn-nosuite,0.40000000000000213,,0,0,,0.40000000000000213,,0.0
volcanoes-a2,knn-nosuite,0.3609154929577463,0.3609154929577463,0,0,0.25352112676056276,0.3333333333333333,0.3732394366197186,
volcanoes-a2,knn-nosuite,0.0,,0,0,0.0,0.0,0.0,0.0
volcanoes-a2,knn-nosuite,0.33211344922232433,,0,0,0.3485818847209516,0.3174748398902106,0.33211344922232433,0.0
volcanoes-a2,knn-nosuite,0.0,,0,0,0.6,0.0,,0.0
volcanoes-a2,knn-nosuite,0.3333333333333299,,0,0,0.3333333333333299,0.3333333333333299,0.3333333333333299,0.0
volcanoes-a2,knn-nosuite,0.2202380952380947,,0,0,0.2202380952380947,0.2202380952380947,0.2202380952380947,0.0
volcanoes-a2,knn-nosuite,0.6666666666666718,,0,0,,0.6666666666666718,0.6666666666666718,0.0
volcanoes-a2,knn-nosuite,0.0,,0,0,,0.0,,0.0
volcanoes-a2,knn-nosuite,0.38705583756345163,0.38705583756345163,0,0,0.38705583756345163,0.38705583756345163,0.3329103214890021,
volcanoes-a2,knn-nosuite,0.0,,0,0,0.0,0.0,,0.0
volcanoes-a2,knn-nosuite,0.4836193447737913,,0,0,0.4836193447737913,0.36271450858034315,,0.0
volcanoes-a2,knn-nosuite,0.49999999999999795,,0,0,0.3000000000000012,0.49999999999999795,0.49999999999999795,0.0
volcanoes-a2,knn-nosuite,0.23152709359605927,,0,0,0.23152709359605927,0.23152709359605927,0.23152709359605927,0.0
volcanoes-a3,knn-nosuite,0.3352564102564104,0.38333333333333364,0,0,0.437179487179488,0.38333333333333364,0.38333333333333364,
volcanoes-a3,knn-nosuite,0.16129032258064427,,0,0,,0.16129032258064427,,0.0
volcanoes-a3,knn-nosuite,0.4189560439560441,0.4189560439560441,0,0,0.7298534798534798,0.3333333333333333,0.1350732600732601,
volcanoes-a3,knn-nosuite,0.09090909090908919,,0,0,0.09090909090908919,0.09090909090908919,0.09090909090908919,0.0
volcanoes-a3,knn-nosuite,0.0,,0,0,0.0,0.0,,0.0
volcanoes-a3,knn-nosuite,0.3333333333333345,,0,0,0.3333333333333345,0.3333333333333345,0.3333333333333345,0.0
volcanoes-a3,knn-nosuite,0.31249999999999684,,0,0,0.37499999999999334,0.31249999999999684,,0.0
volcanoes-a3,knn-nosuite,0.3750000000000079,,0,0,,0.3750000000000079,0.3750000000000079,0.0
volcanoes-a3,knn-nosuite,0.338187702265372,,0,0,0.338187702265372,0.338187702265372,0.338187702265372,0.0
volcanoes-a3,knn-nosuite,0.43939393939394,,0,0,0.43939393939394,0.43939393939394,,0.0
volcanoes-a3,knn-nosuite,0.0,,0,0,0.6,0.0,0.0,0.0
volcanoes-a3,knn-nosuite,0.21438082556591195,0.21438082556591195,0,0,0.21438082556591195,0.2303595206391479,0.21438082556591195,0.0
volcanoes-a3,knn-nosuite,0.36849925705794995,,0,0,0.36849925705794995,0.36849925705794995,,0.0
volcanoes-a3,knn-nosuite,0.3274087932647335,0.3274087932647335,0,0,0.4181478016838168,0.3274087932647335,0.3816651075771749,
volcanoes-a3,knn-nosuite,0.2877030162412983,0.2877030162412983,0,0,0.2877030162412983,0.2877030162412983,,0.0
volcanoes-a3,knn-nosuite,0.20118343195266228,,0,0,0.20118343195266228,0.20118343195266228,0.20118343195266228,0.0
volcanoes-a3,knn-nosuite,0.18421052631578952,,0,0,0.18421052631578952,0.18421052631578952,0.18421052631578952,0.0
volcanoes-a3,knn-nosuite,0.0,,0,0,,0.0,0.0,0.0
volcanoes-a3,knn-nosuite,0.04838709677419367,,0,0,0.04838709677419367,0.04838709677419367,,0.0
volcanoes-a3,knn-nosuite,0.3287671232876697,,0,0,,0.3287671232876697,0.3287671232876697,0.0
volcanoes-a3,knn-nosuite,0.0,,0,0,,0.0,0.0,0.0
volcanoes-a3,knn-nosuite,0.29257641921397315,0.29257641921397315,0,0,0.29257641921397315,0.29257641921397315,0.29257641921397315,0.0
volcanoes-a3,knn-nosuite,0.6341463414634128,,0,0,0.6341463414634128,0.6341463414634128,,0.0
volcanoes-a3,knn-nosuite,0.4125,0.345454545454546,0,0,0.345454545454546,0.4125,0.26022727272727303,0.0
volcanoes-a3,knn-nosuite,0.23684210526315702,,0,0,0.23684210526315702,0.23684210526315702,0.23684210526315702,0.0
volcanoes-a3,knn-nosuite,0.49056603773584845,,0,0,,0.49056603773584845,0.49056603773584845,0.0
volcanoes-a3,knn-nosuite,0.3675213675213689,0.3675213675213689,0,0,0.3675213675213689,0.3482905982905987,0.33547008547008567,0.0
volcanoes-a3,knn-nosuite,0.0,,0,0,0.0,0.0,,0.0
volcanoes-a3,knn-nosuite,0.0,,0,0,0.0,0.0,0.0,0.0
volcanoes-a3,knn-nosuite,0.0,,0,0,0.0,0.0,,0.0
volcanoes-a3,knn-nosuite,0.0,,0,0,,0.0,0.0,0.0
volcanoes-a3,knn-nosuite,0.3333333333333356,,0,0,0.3333333333333356,0.3333333333333356,0.3333333333333356,0.0
volcanoes-a3,knn-nosuite,0.3462819089900117,0.3462819089900117,0,0,0.3462819089900117,0.3812430632630413,0.3462819089900117,0.0
volcanoes-a3,knn-nosuite,0.29629629629629606,,0,0,0.29629629629629606,0.29629629629629606,0.29629629629629606,0.0
volcanoes-a3,knn-nosuite,0.0,,0,0,,0.0,0.0,0.0
volcanoes-a3,knn-nosuite,0.3088888888888879,,0,0,0.3088888888888879,0.2455555555555549,,0.0
volcanoes-a3,knn-nosuite,0.3181818181818166,,0,0,,0.3181818181818166,,0.0
volcanoes-a3,knn-nosuite,0.6199999999999998,,0,0,0.6199999999999998,0.6199999999999998,,0.0
volcanoes-a3,knn-nosuite,0.3270142180094775,0.3270142180094775,0,0,,0.3270142180094775,,0.0
volcanoes-a3,knn-nosuite,0.44186046511627836,,0,0,,0.44186046511627836,0.44186046511627836,0.0
volcanoes-a3,knn-nosuite,0.0,,0,0,0.0,0.0,0.0,0.0
volcanoes-a3,knn-nosuite,0.41563434429730894,0.3333333333333334,0,0,0.41563434429730894,0.41563434429730894,0.3333333333333334,0.0
volcanoes-a3,knn-nosuite,0.1538461538461506,,0,0,0.1538461538461506,0.1538461538461506,0.1538461538461506,0.0
volcanoes-a3,knn-nosuite,0.0,,0,0,0.0,0.0,,0.0
volcanoes-a3,knn-nosuite,0.258957654723127,,0,0,0.258957654723127,0.3333333333333333,,0.0
volcanoes-a3,knn-nosuite,0.0,,0,0,,0.0,0.0,0.0
volcanoes-a3,knn-nosuite,0.25903614457831325,,0,0,0.25903614457831325,0.20481927710843362,,0.0
volcanoes-a3,knn-nosuite,0.49999999999999656,,0,0,,0.49999999999999656,0.49999999999999656,0.0
volcanoes-a3,knn-nosuite,0.0,,0,0,0.0,0.0,0.0,0.0
volcanoes-a3,knn-nosuite,0.16666666666666474,,0,0,0.16666666666666474,0.16666666666666474,0.16666666666666474,0.0
volcanoes-a4,knn-nosuite,0.0,,0,0,,0.0,,0.0
volcanoes-a4,knn-nosuite,0.33333333333333387,,0,0,0.33333333333333387,0.33333333333333387,,0.0
volcanoes-a4,knn-nosuite,0.4061860940695297,0.4061860940695297,0,0,0.4061860940695297,0.3333333333333333,0.4061860940695297,0.0
volcanoes-a4,knn-nosuite,0.5957446808510639,,0,0,0.5957446808510639,0.5957446808510639,0.5957446808510639,0.0
volcanoes-a4,knn-nosuite,0.49999999999999883,,0,0,0.49999999999999883,0.49999999999999883,0.49999999999999883,0.0
volcanoes-a4,knn-nosuite,0.3833151581243185,0.3833151581243185,0,0,0.19029443838604126,0.3833151581243185,0.21183206106870212,
volcanoes-a4,knn-nosuite,0.06249999999999969,,0,0,0.06249999999999969,0.06249999999999969,0.06249999999999969,0.0
volcanoes-a4,knn-nosuite,0.40037593984962416,,0,0,0.40037593984962416,0.40037593984962416,0.40037593984962416,0.0
volcanoes-a4,knn-nosuite,0.6624203821656058,,0,0,0.6624203821656058,0.6624203821656058,0.6624203821656058,0.0
volcanoes-a4,knn-nosuite,0.6764705882352937,,0,0,0.1176470588235312,0.6764705882352937,,0.0
volcanoes-a4,knn-nosuite,0.0,,0,0,,0.0,0.0,0.0
volcanoes-a4,knn-nosuite,0.2595041322314051,,0,0,0.2595041322314051,0.2595041322314051,,0.0
volcanoes-a4,knn-nosuite,0.0,,0,0,,0.0,0.0,0.0
volcanoes-a4,knn-nosuite,0.0,,0,0,,0.0,0.0,0.0
volcanoes-a4,knn-nosuite,0.5294117647058708,,0,0,,0.5294117647058708,0.5294117647058708,0.0
volcanoes-a4,knn-nosuite,0.44444444444444514,,0,0,0.44444444444444514,0.44444444444444514,0.44444444444444514,0.0
volcanoes-a4,knn-nosuite,0.0,,0,0,0.0,0.0,,0.0
volcanoes-a4,knn-nosuite,0.0,,0,0,,0.0,,0.0
volcanoes-a4,knn-nosuite,0.39130434782608503,,0,0,0.39130434782608503,0.39130434782608503,,0.0
volcanoes-a4,knn-nosuite,0.0625000000000002,,0,0,,0.0625000000000002,,0.0
volcanoes-a4,knn-nosuite,0.4642857142857143,,0,0,,0.4642857142857143,0.4642857142857143,0.0
volcanoes-a4,knn-nosuite,0.38425196850393695,0.38425196850393695,0,0,0.4204724409448819,0.38425196850393695,0.38425196850393695,0.0
volcanoes-a4,knn-nosuite,0.0,,0,0,0.0,0.0,0.0,0.0
volcanoes-a4,knn-nosuite,0.0,,0,0,,0.0,,0.0
volcanoes-a4,knn-nosuite,0.41281809613572096,0.41281809613572096,0,0,0.3333333333333333,0.34118755890669183,0.3652214891611686,0.0
volcanoes-a4,knn-nosuite,0.5540540540540554,,0,0,,0.5540540540540554,0.5540540540540554,0.0
volcanoes-a4,knn-nosuite,0.35714285714285565,,0,0,0.35714285714285565,0.3214285714285737,0.35714285714285565,0.0
volcanoes-a4,knn-nosuite,0.35346964064436187,0.35346964064436187,0,0,0.35346964064436187,0.35346964064436187,0.2766418835192068,
volcanoes-a4,knn-nosuite,0.3687150837988835,,0,0,,0.3435754189944137,0.3687150837988835,0.0
volcanoes-a4,knn-nosuite,0.1850393700787402,,0,0,0.1850393700787402,0.1850393700787402,,0.0
volcanoes-a4,knn-nosuite,0.4548104956268227,,0,0,,0.4548104956268227,,0.0
volcanoes-a4,knn-nosuite,0.2857142857142832,,0,0,0.2857142857142832,0.2857142857142832,,0.0
volcanoes-a4,knn-nosuite,0.3481781376518214,,0,0,0.3481781376518214,0.23582995951417007,,0.0
volcanoes-a4,knn-nosuite,0.21487603305785136,,0,0,0.21487603305785136,0.21487603305785136,0.21487603305785136,0.0
volcanoes-a4,knn-nosuite,0.3463989802421925,0.3463989802421925,0,0,0.3333333333333333,0.3463989802421925,0.3333333333333333,0.0
volcanoes-a4,knn-nosuite,0.3873144399460191,,0,0,0.3873144399460191,0.3751686909581651,,0.0
volcanoes-a4,knn-nosuite,0.2689530685920584,,0,0,0.2689530685920584,0.2689530685920584,0.2689530685920584,0.0
volcanoes-a4,knn-nosuite,0.0,,0,0,,0.0,0.0,0.0
volcanoes-a4,knn-nosuite,0.3618677042801554,,0,0,0.3618677042801554,0.3618677042801554,,0.0
volcanoes-a4,knn-nosuite,0.3333333333333333,0.3333333333333333,0,0,0.3728246318607764,0.4805890227576974,0.3333333333333333,0.0
volcanoes-a4,knn-nosuite,0.6785714285714304,,0,0,0.6785714285714304,0.6785714285714304,0.6785714285714304,0.0
volcanoes-a4,knn-nosuite,0.3057591623036652,0.3057591623036652,0,0,0.4005235602094238,0.3333333333333333,0.4005235602094238,
volcanoes-a4,knn-nosuite,0.21212121212121132,,0,0,0.21212121212121132,0.21212121212121132,0.21212121212121132,0.0
volcanoes-a4,knn-nosuite,0.5906040268456377,,0,0,0.5906040268456377,0.5906040268456377,0.5906040268456377,0.0
volcanoes-a4,knn-nosuite,0.29545454545454497,,0,0,0.29545454545454497,0.29545454545454497,,0.0
volcanoes-a4,knn-nosuite,0.45384615384615373,,0,0,0.45384615384615373,0.357692307692308,,0.0
volcanoes-a4,knn-nosuite,0.14468085106382989,,0,0,0.14468085106382989,0.4489361702127658,0.14468085106382989,0.0
volcanoes-a4,knn-nosuite,0.24242424242424238,,0,0,0.24242424242424238,0.24242424242424238,0.24242424242424238,0.0
volcanoes-a4,knn-nosuite,0.22452229299363075,,0,0,0.2643312101910826,0.24442675159235666,,0.0
volcanoes-a4,knn-nosuite,0.0,,0,0,0.0,0.0,0.0,0.0
volcanoes-e1,knn-nosuite,0.0,,0,0,0.0,0.0,0.0,0.0
volcanoes-e1,knn-nosuite,0.3604651162790706,,0,0,0.3604651162790706,0.3604651162790706,0.3604651162790706,0.0
volcanoes-e1,knn-nosuite,0.4999999999999954,,0,0,0.4999999999999954,0.4999999999999954,0.4999999999999954,0.0
volcanoes-e1,knn-nosuite,0.3571428571428592,,0,0,0.3571428571428539,0.3571428571428592,0.3571428571428592,0.0
volcanoes-e1,knn-nosuite,0.24999999999999886,,0,0,0.24999999999999886,0.24999999999999886,,0.0
volcanoes-e1,knn-nosuite,0.8035714285714317,,0,0,0.8035714285714317,0.8035714285714317,,0.0
volcanoes-e1,knn-nosuite,0.2208835341365458,,0,0,0.2208835341365458,0.2208835341365458,0.2208835341365458,0.0
volcanoes-e1,knn-nosuite,0.41304347826087046,,0,0,0.41304347826087046,0.41304347826087046,0.41304347826087046,0.0
volcanoes-e1,knn-nosuite,0.10321100917431242,,0,0,,0.10321100917431242,0.3153669724770646,0.0
volcanoes-e1,knn-nosuite,0.20227920227920212,,0,0,0.3133903133903131,0.28774928774928804,0.20227920227920212,0.0
volcanoes-e1,knn-nosuite,0.34893617021276546,,0,0,0.4127659574468091,0.34893617021276546,0.34893617021276546,0.0
volcanoes-e1,knn-nosuite,0.3583941605839415,,0,0,0.39270072992700733,0.3583941605839415,0.3583941605839415,0.0
volcanoes-e1,knn-nosuite,0.4657894736842106,,0,0,,0.4657894736842106,0.4657894736842106,0.0
volcanoes-e1,knn-nosuite,0.21874999999999978,,0,0,0.21874999999999978,0.42187500000000006,,0.0
volcanoes-e1,knn-nosuite,0.21246458923512773,,0,0,0.21246458923512773,0.21246458923512773,0.21246458923512773,0.0
volcanoes-e1,knn-nosuite,0.3333333333333416,,0,0,0.3333333333333416,0.3333333333333416,0.3333333333333416,0.0
volcanoes-e1,knn-nosuite,0.12041884816753944,,0,0,0.12041884816753944,0.12041884816753944,0.12041884816753944,0.0
volcanoes-e1,knn-nosuite,0.3846153846153824,,0,0,0.23076923076922956,0.3846153846153824,0.3846153846153824,0.0
volcanoes-e1,knn-nosuite,0.3629191321499013,,0,0,0.3629191321499013,0.3185404339250491,,0.0
volcanoes-e1,knn-nosuite,0.2573221757322175,,0,0,0.1799163179916317,0.2573221757322175,0.1799163179916317,
volcanoes-e1,knn-nosuite,0.3777462792345852,0.2501771793054573,0,0,0.3333333333333333,,0.3333333333333333,0.0
volcanoes-e1,knn-nosuite,0.43750000000000105,,0,0,0.43750000000000105,0.43750000000000105,0.43750000000000105,0.0
volcanoes-e1,knn-nosuite,0.40000000000000147,,0,0,0.40000000000000147,0.40000000000000147,,0.0
volcanoes-e1,knn-nosuite,0.1515151515151508,,0,0,0.46969696969696895,0.1515151515151508,0.1515151515151508,0.0
volcanoes-e1,knn-nosuite,0.3571428571428562,,0,0,0.3571428571428562,0.32142857142857106,0.3571428571428562,0.0
volcanoes-e1,knn-nosuite,0.3267929634641409,0.3958051420838972,0,0,0.34641407307171823,0.3267929634641409,0.2774018944519619,
volcanoes-e1,knn-nosuite,0.0420168067226884,,0,0,0.0420168067226884,0.0420168067226884,0.0420168067226884,0.0
volcanoes-e1,knn-nosuite,0.3311808118081181,,0,0,0.21586715867158668,0.3311808118081181,0.2767527675276753,0.0
volcanoes-e1,knn-nosuite,0.6956521739130485,,0,0,0.26086956521738763,0.6956521739130485,0.6956521739130485,0.0
volcanoes-e1,knn-nosuite,0.4964788732394365,,0,0,0.3257042253521124,0.3257042253521124,0.3257042253521124,0.0
volcanoes-e1,knn-nosuite,0.38669950738916276,,0,0,0.22660098522167454,0.38669950738916276,0.21921182266009856,0.0
volcanoes-e1,knn-nosuite,0.09287925696594368,,0,0,0.09287925696594368,0.09287925696594368,0.09287925696594368,0.0
volcanoes-e1,knn-nosuite,0.3256802721088434,,0,0,,0.3256802721088434,0.30272108843537393,0.0
volcanoes-e1,knn-nosuite,0.0,,0,0,0.0,0.3333333333333333,,0.0
volcanoes-e1,knn-nosuite,0.41666666666666624,,0,0,0.41666666666666624,0.2789855072463762,0.41666666666666624,
volcanoes-e1,knn-nosuite,0.31454783748361764,0.23787680209698536,0,0,0.23787680209698536,0.31454783748361764,0.3333333333333333,
volcanoes-e1,knn-nosuite,0.6071428571428567,,0,0,0.14285714285714304,0.6071428571428567,0.6071428571428567,0.0
volcanoes-e1,knn-nosuite,0.32758620689655127,,0,0,0.32758620689655127,0.32758620689655127,,0.0
volcanoes-e1,knn-nosuite,0.6040268456375836,,0,0,0.6040268456375836,0.6040268456375836,0.6040268456375836,0.0
volcanoes-e1,knn-nosuite,0.35714285714285804,,0,0,0.2857142857142865,0.35714285714285804,,0.0
volcanoes-e1,knn-nosuite,0.3873056994818652,0.4792746113989634,0,0,0.3333333333333333,0.3873056994818652,0.3333333333333333,0.0
volcanoes-e1,knn-nosuite,0.41439688715953316,,0,0,0.28988326848249035,0.41439688715953316,0.41439688715953316,0.0
volcanoes-e1,knn-nosuite,0.3461538461538474,,0,0,0.3461538461538474,0.3461538461538474,0.3461538461538474,0.0
volcanoes-e1,knn-nosuite,0.4999999999999998,,0,0,0.4999999999999998,,0.4999999999999998,0.0
volcanoes-e1,knn-nosuite,0.21428571428571433,,0,0,0.4789915966386557,0.34663865546218503,,0.0
volcanoes-e1,knn-nosuite,0.0,,0,0,0.0,0.0,,0.0
volcanoes-e2,knn-nosuite,0.16666666666666538,,0,0,,,,0.0
volcanoes-e2,knn-nosuite,0.3571428571428574,,0,0,,,,0.0
volcanoes-e2,knn-nosuite,0.15909090909090928,,0,0,0.15909090909090928,,0.15909090909090928,0.0
volcanoes-e2,knn-nosuite,0.12499999999999939,,0,0,0.12499999999999939,,0.12499999999999939,0.0
volcanoes-e2,knn-nosuite,0.10000000000000192,,0,0,,,0.10000000000000192,0.0
volcanoes-e2,knn-nosuite,0.6597938144329891,,0,0,,,,0.0
volcanoes-e2,knn-nosuite,0.20575221238938063,,0,0,0.20575221238938063,,0.20575221238938063,0.0
volcanoes-e2,knn-nosuite,0.560439560439562,,0,0,0.560439560439562,,,0.0
volcanoes-e2,knn-nosuite,0.3708487084870851,,0,0,,,0.3708487084870851,0.0
volcanoes-e2,knn-nosuite,0.39511873350923477,0.5118733509234824,0,0,0.5118733509234824,,0.5118733509234824,
volcanoes-e2,knn-nosuite,0.33661417322834625,,0,0,0.13188976377952707,,0.2293307086614173,0.0
volcanoes-e2,knn-nosuite,0.5189393939393939,,0,0,0.5189393939393939,,0.5189393939393939,0.0
volcanoes-e2,knn-nosuite,0.07947019867549678,,0,0,0.07947019867549678,,0.07947019867549678,0.0
volcanoes-e2,knn-nosuite,0.5084745762711869,,0,0,0.5084745762711869,,0.5084745762711869,0.0
volcanoes-e2,knn-nosuite,0.17699115044247762,,0,0,0.17699115044247762,,0.17699115044247762,0.0
volcanoes-e2,knn-nosuite,0.3427230046948351,,0,0,0.3427230046948351,,,0.0
volcanoes-e2,knn-nosuite,0.5000000000000064,,0,0,,,,0.0
volcanoes-e2,knn-nosuite,0.2802631578947372,,0,0,,,0.2947368421052625,0.0
volcanoes-e2,knn-nosuite,0.6442307692307694,,0,0,0.6442307692307694,,,0.0
volcanoes-e2,knn-nosuite,0.08333333333333265,,0,0,0.08333333333333265,,0.08333333333333265,0.0
volcanoes-e2,knn-nosuite,0.6981818181818178,,0,0,0.6981818181818178,,0.6981818181818178,0.0
volcanoes-e2,knn-nosuite,0.4123989218328843,,0,0,0.4123989218328843,,0.4123989218328843,0.0
volcanoes-e2,knn-nosuite,0.1715686274509814,,0,0,0.1715686274509814,,0.1715686274509814,
volcanoes-e2,knn-nosuite,0.34098360655737703,0.4622950819672135,0,0,,,0.34098360655737703,0.0
volcanoes-e2,knn-nosuite,0.6027397260273983,,0,0,0.6027397260273983,,0.6027397260273983,0.0
volcanoes-e2,knn-nosuite,0.24444444444444438,,0,0,,,,0.0
volcanoes-e2,knn-nosuite,0.47142857142857136,,0,0,0.2714285714285715,,0.47142857142857136,0.0
volcanoes-e2,knn-nosuite,0.28571428571428364,,0,0,,,0.28571428571428364,0.0
volcanoes-e2,knn-nosuite,0.3557692307692305,,0,0,0.19038461538461582,,0.5211538461538452,
volcanoes-e2,knn-nosuite,0.1728395061728393,,0,0,0.1728395061728393,,,0.0
volcanoes-e2,knn-nosuite,0.15384615384615438,,0,0,,,0.15384615384615438,0.0
volcanoes-e2,knn-nosuite,0.1312056737588655,,0,0,0.1312056737588655,,0.1312056737588655,0.0
volcanoes-e2,knn-nosuite,0.17346938775510198,,0,0,0.17346938775510198,,0.17346938775510198,0.0
volcanoes-e2,knn-nosuite,0.6600000000000004,,0,0,,,,0.0
volcanoes-e2,knn-nosuite,0.28318584070796415,,0,0,,,0.28318584070796415,0.0
volcanoes-e2,knn-nosuite,0.166666666666667,,0,0,0.7777777777777771,,,0.0
volcanoes-e2,knn-nosuite,0.42156862745097756,,0,0,,,,0.0
volcanoes-e2,knn-nosuite,0.17123287671232928,,0,0,0.17123287671232928,,0.17123287671232928,0.0
volcanoes-e2,knn-nosuite,0.37321711568938193,0.4183835182250393,0,0,0.3280507131537246,,,
volcanoes-e2,knn-nosuite,0.0,,0,0,,,0.3,0.0
volcanoes-e2,knn-nosuite,0.15568862275449125,,0,0,0.11377245508981952,,,0.0
volcanoes-e2,knn-nosuite,0.22673031026253093,,0,0,0.22673031026253093,,0.22673031026253093,0.0
volcanoes-e2,knn-nosuite,0.46726572528883176,0.34274711168164274,0,0,,,0.20410783055198964,
volcanoes-e2,knn-nosuite,0.31178707224334595,,0,0,,,0.31178707224334595,0.0
volcanoes-e2,knn-nosuite,0.4413043478260875,,0,0,0.4413043478260875,,0.4413043478260875,0.0
volcanoes-e2,knn-nosuite,0.29506172839506145,,0,0,0.29506172839506145,,,0.0
volcanoes-e2,knn-nosuite,0.3404255319148934,0.4202127659574466,0,0,0.52127659574468,,0.3191489361702133,
volcanoes-e2,knn-nosuite,0.34328358208955206,0.34328358208955206,0,0,0.34328358208955206,,0.32587064676616906,0.0
volcanoes-e2,knn-nosuite,0.6370967741935488,,0,0,,,,0.0
volcanoes-e2,knn-nosuite,0.13772455089820335,,0,0,0.13772455089820335,,0.13772455089820335,0.0
yeast,knn-nosuite,0.1566008171684716,0.24027133166726164,0,0,0.18792098060216592,,0.15767186322345195,0.0
yeast,knn-nosuite,0.18080189857606793,0.48471979348821664,0,0,0.22186138174147155,,0.22610125739029055,0.0
yeast,knn-nosuite,0.16666666666666666,0.1827949857398688,0,0,0.16666666666666666,,0.16666666666666666,0.0
yeast,knn-nosuite,0.14827123605097878,0.2603207512653213,0,0,0.16551314104518586,,0.16897371790962862,0.0
yeast,knn-nosuite,0.1276146063432327,0.2896997463797761,0,0,0.15313752761187926,,0.18765851264010472,0.0
yeast,knn-nosuite,0.10257587818667974,0.20088584083440486,0,0,0.16666666666666666,,0.16504806809135997,0.0
yeast,knn-nosuite,0.15247409292094027,0.18308552649015394,0,0,0.2132464021626778,,0.16666666666666666,0.0
yeast,knn-nosuite,0.18015515064044746,0.1363882374165615,0,0,0.18015515064044746,,0.14094854370878182,0.0
yeast,knn-nosuite,0.13038007810927243,0.20849941619358214,0,0,0.1604159117445746,,0.16666666666666663,0.0
yeast,knn-nosuite,0.19190937367453687,0.5370422734341862,0,0,0.29379329845892815,,0.29379329845892815,0.0
yeast,knn-nosuite,0.16627511065713318,0.15321756894790622,0,0,0.18684031324480754,,0.15321756894790622,0.0
yeast,knn-nosuite,0.1666666666666667,0.16011712439418432,0,0,0.1666666666666667,0.14398222940226177,0.1400612547119008,0.0
yeast,knn-nosuite,0.11864035087719288,0.19810371517027897,0,0,0.16687306501547994,,0.13885448916408671,0.0
yeast,knn-nosuite,0.18166963755199061,0.47266785502079656,0,0,0.1931818181818183,,0.1931818181818183,0.0
yeast,knn-nosuite,0.16666666666666666,0.1833247555326815,0,0,0.1677303139475039,,0.13977526162291992,0.0
yeast,knn-nosuite,0.15247578405473142,0.40601503759398483,0,0,0.17943507417191626,,0.16057711847185532,0.0
yeast,knn-nosuite,0.16666666666666666,0.27602347434404734,0,0,0.18835691352362133,,0.23544614190452667,0.0
yeast,knn-nosuite,0.21942436757873,0.26420581655480996,0,0,0.19313371192565823,,0.16666666666666666,0.0
yeast,knn-nosuite,0.14285714285714285,0.1675024893636282,0,0,0.14285714285714285,,0.1554041821308954,0.0
yeast,knn-nosuite,0.2222631264092771,0.5697390824168237,0,0,0.31144448023560795,,0.22457932600125766,0.0
yeast,knn-nosuite,0.16666666666666666,0.1419340610872203,0,0,0.16050556841989205,,0.1419340610872203,0.0
yeast,knn-nosuite,0.14738799234629404,0.2560742265063717,0,0,0.2560742265063717,,0.2067854435178164,0.0
yeast,knn-nosuite,0.14285714285714285,0.153903200624512,0,0,0.18954918032786866,,0.16976971116315387,0.0
yeast,knn-nosuite,0.1369250795487416,0.3357824703500144,0,0,0.17194098929707835,,0.16666666666666666,0.0
yeast,knn-nosuite,0.14285714285714285,0.1661153086923967,0,0,0.15279763120277715,,0.16106800081682665,0.0
yeast,knn-nosuite,0.16666666666666666,0.1912086480854389,0,0,0.16666666666666666,,0.16666666666666666,0.0
yeast,knn-nosuite,0.16666666666666666,0.21720711699915293,0,0,0.1018716783486097,,0.17864900254178548,0.0
yeast,knn-nosuite,0.14285714285714282,0.05861084681255915,0,0,0.16666666666666663,,0.16723120837297817,0.0
yeast,knn-nosuite,0.14285714285714285,0.1779996615332543,0,0,0.21494753765442542,,0.1779996615332543,0.0
yeast,knn-nosuite,0.14285714285714285,0.19746827937863165,0,0,0.16666666666666666,,0.1276414087513341,0.0
yeast,knn-nosuite,0.12308206027214291,0.14201101928374657,0,0,0.16666666666666663,,0.2144002003506135,0.0
yeast,knn-nosuite,0.09496092841943383,0.26264685370956514,0,0,0.15192318008690528,,0.17496378949627164,0.0
yeast,knn-nosuite,0.1569184303649109,0.2134187571843938,0,0,0.14285714285714285,,0.16666666666666666,0.0
yeast,knn-nosuite,0.19766912155493124,0.43580593728646255,0,0,0.17308860375066432,,0.24409687950800996,0.0
yeast,knn-nosuite,0.18169081547120106,0.21132199736558496,0,0,0.21054364746736914,,0.18169081547120106,0.0
yeast,knn-nosuite,0.16666666666666666,0.25716351519152475,0,0,0.19501108124675814,,0.2018319422832084,0.0
yeast,knn-nosuite,0.22854997183803744,0.3955504099130107,0,0,0.2856874647975467,,0.22459165154264965,0.0
yeast,knn-nosuite,0.23551869404949968,0.25569848792597594,0,0,0.21580907244414346,,0.22037914691943122,0.0
yeast,knn-nosuite,0.14285714285714285,0.16292264937471052,0,0,0.18630318269039897,,0.18630318269039897,0.0
yeast,knn-nosuite,0.16666666666666666,0.09132939214794594,0,0,0.16666666666666666,,0.18173412157041083,0.0
yeast,knn-nosuite,0.14285714285714285,0.24684517327525488,0,0,0.19636794567932883,,0.19636794567932883,0.0
yeast,knn-nosuite,0.14285714285714285,0.16628194116383938,0,0,0.13506549280652783,,0.16666666666666666,0.0
yeast,knn-nosuite,0.1919790644422637,0.13341511285574095,0,0,0.1599825537018864,,0.16666666666666666,0.0
yeast,knn-nosuite,0.13381365969206488,0.21634425582313455,0,0,0.14285714285714282,0.13522831951572564,0.17885511251480446,0.0
yeast,knn-nosuite,0.20675927002208527,0.2712425897942581,0,0,0.21550621876089748,,0.2453795187725219,0.0
yeast,knn-nosuite,0.14285714285714285,0.16953478197462443,0,0,0.16666666666666666,,0.16626804725098437,0.0
yeast,knn-nosuite,0.14285714285714285,0.2060185185185185,0,0,0.17441756272401435,,0.17441756272401435,0.0
yeast,knn-nosuite,0.16919111111111104,0.2638222222222222,0,0,0.18084444444444442,,0.2638222222222222,0.0
yeast,knn-nosuite,0.1963142375737153,0.20903538331929214,0,0,0.2959140690817186,,0.23957455770850875,0.0
rmftsa,knn-nosuite,0.5,0.5,0,0,0.5,0.5,0.35636363636363644,0.0
rmftsa,knn-nosuite,0.5,0.5,0,0,0.5,0.5,0.4942084942084942,0.0
rmftsa,knn-nosuite,0.5,0.5,0,0,0.5,0.5,0.5,0.0
rmftsa,knn-nosuite,0.5,0.7022222222222216,0,0,0.7022222222222216,0.5,0.5,0.0
rmftsa,knn-nosuite,0.49999999999999994,0.27480916030534197,0,0,0.27480916030534197,0.7251908396946579,0.7251908396946579,0.0
rmftsa,knn-nosuite,0.5,,0,0,0.5,0.5,0.7049180327868863,0.0
rmftsa,knn-nosuite,0.5,0.5,0,0,0.5,0.8156862745098041,0.8156862745098041,0.0
rmftsa,knn-nosuite,0.49999999999999994,0.9547738693467336,0,0,0.9547738693467336,0.49999999999999994,0.045226130653266354,0.0
rmftsa,knn-nosuite,0.49999999999999994,0.49999999999999994,0,0,0.49999999999999994,0.5270270270270269,0.49999999999999994,0.0
rmftsa,knn-nosuite,0.5,0.9275362318840581,0,0,0.9275362318840581,0.5,0.5,0.0
rmftsa,knn-nosuite,0.5,0.43979057591623066,0,0,0.5602094240837694,0.43979057591623066,0.43979057591623066,0.0
rmftsa,knn-nosuite,0.5,0.6020942408376969,0,0,0.6020942408376969,0.5,0.6020942408376969,0.0
rmftsa,knn-nosuite,0.7583333333333332,0.5,0,0,0.5,0.7583333333333332,0.5,0.0
rmftsa,knn-nosuite,0.5,0.5,0,0,0.5863309352517989,0.5863309352517989,0.5,0.0
rmftsa,knn-nosuite,0.5,0.8440860215053759,0,0,0.8440860215053759,0.5,0.5,0.0
rmftsa,knn-nosuite,0.5482866043613709,0.5,0,0,0.5482866043613709,0.5,0.5482866043613709,0.0
rmftsa,knn-nosuite,0.5,0.5,0,0,0.5,0.5,0.5,0.0
rmftsa,knn-nosuite,0.5,0.9275362318840581,0,0,0.9275362318840581,0.5,0.5,0.0
rmftsa,knn-nosuite,0.5000000000000001,0.5000000000000001,0,0,0.5000000000000001,0.7136363636363642,0.7136363636363642,0.0
rmftsa,knn-nosuite,0.5,0.626811594202898,0,0,0.5,0.37318840579710205,0.5,0.0
rmftsa,knn-nosuite,0.5,0.5,0,0,0.5,0.5,0.21937321937321919,0.0
rmftsa,knn-nosuite,0.5,0.5,0,0,0.5,0.5,0.5,0.0
rmftsa,knn-nosuite,0.5,0.5,0,0,0.5,0.543604651162791,0.543604651162791,0.0
rmftsa,knn-nosuite,0.5,0.4797297297297287,0,0,0.4797297297297287,0.5202702702702713,0.4797297297297287,0.0
rmftsa,knn-nosuite,0.5,0.47200000000000014,0,0,0.47200000000000014,0.5,0.5,0.0
rmftsa,knn-nosuite,0.5,0.5,0,0,0.5,0.5,0.5,0.0
rmftsa,knn-nosuite,0.5,0.6359447004608296,0,0,0.5,0.5,0.5,0.0
rmftsa,knn-nosuite,0.5,0.5,0,0,0.5,0.5,0.5,0.0
rmftsa,knn-nosuite,0.5,0.40298507462686567,0,0,0.5,0.5,0.40298507462686567,0.0
rmftsa,knn-nosuite,0.5,0.4123376623376624,0,0,0.5,0.5,0.5,0.0
rmftsa,knn-nosuite,0.5,0.8656716417910456,0,0,0.8656716417910456,0.5,0.5,0.0
rmftsa,knn-nosuite,0.7359999999999998,0.5,0,0,0.5,0.5,0.7359999999999998,0.0
rmftsa,knn-nosuite,0.5,0.5,0,0,0.5863309352517989,0.5863309352517989,0.5863309352517989,0.0
rmftsa,knn-nosuite,0.4999999999999999,0.4999999999999999,0,0,0.4999999999999999,0.5537757437070937,0.4999999999999999,0.0
rmftsa,knn-nosuite,0.5,0.45620437956204357,0,0,0.5,0.5,0.5,0.0
rmftsa,knn-nosuite,0.5,0.5,0,0,0.5699373695198328,0.43006263048016724,0.5,0.0
rmftsa,knn-nosuite,0.5,0.5280898876404486,0,0,0.47191011235955144,0.5280898876404486,0.5280898876404486,0.0
rmftsa,knn-nosuite,0.5,0.7883817427385893,0,0,0.5,0.5,0.5,0.0
rmftsa,knn-nosuite,0.5,,0,0,0.5,0.3807339449541287,0.5,0.0
rmftsa,knn-nosuite,0.2696078431372543,0.5,0,0,0.5,0.5,0.5,0.0
rmftsa,knn-nosuite,0.49999999999999994,0.49999999999999994,0,0,0.49999999999999994,0.7014218009478679,0.49999999999999994,0.0
rmftsa,knn-nosuite,0.5,0.5,0,0,0.5,0.5,0.5,0.0
rmftsa,knn-nosuite,0.5,0.727467811158798,0,0,0.272532188841202,0.5,0.5,0.0
rmftsa,knn-nosuite,0.5,0.37499999999999983,0,0,0.5,0.5,0.5,0.0
rmftsa,knn-nosuite,0.5,0.8435643564356435,0,0,0.8435643564356435,0.5,0.5,0.0
rmftsa,knn-nosuite,0.5,0.9275362318840581,0,0,0.9275362318840581,0.5,0.07246376811594196,0.0
rmftsa,knn-nosuite,0.5,0.727467811158798,0,0,0.272532188841202,0.5,0.5,0.0
rmftsa,knn-nosuite,0.5,0.5,0,0,0.5,0.5,0.348583877995643,0.0
rmftsa,knn-nosuite,0.49999999999999994,0.49999999999999994,0,0,0.49999999999999994,0.49999999999999994,0.6013071895424835,0.0
rmftsa,knn-nosuite,0.5,0.5375722543352605,0,0,0.5,0.5375722543352605,0.5,0.0
banknote-authentication,knn-nosuite,0.3333333333333333,,0,0,0.3333333333333333,0.5,0.3333333333333333,0.0
banknote-authentication,knn-nosuite,0.0,,0,0,0.5,0.5,0.25,0.0
banknote-authentication,knn-nosuite,0.31818181818181807,,0,0,0.31818181818181807,0.5000000000000033,0.31818181818181807,0.0
banknote-authentication,knn-nosuite,0.2977855477855478,0.8548951048951055,0,0,0.44055944055944085,0.43356643356643354,0.2977855477855478,0.0
banknote-authentication,knn-nosuite,0.32666666666666666,0.6200000000000004,0,0,0.43666666666666676,0.32666666666666666,0.32666666666666666,0.0
banknote-authentication,knn-nosuite,0.4364341085271318,0.4364341085271318,0,0,0.4364341085271318,0.3109819121447029,0.4364341085271318,0.0
banknote-authentication,knn-nosuite,0.3333333333333333,0.7000000000000008,0,0,0.3333333333333333,0.7000000000000008,0.3333333333333333,0.0
banknote-authentication,knn-nosuite,0.0,,0,0,0.5,0.25,0.25,0.0
banknote-authentication,knn-nosuite,0.3185185185185186,0.6111111111111115,0,0,0.47777777777777775,0.47777777777777775,0.3185185185185186,0.0
banknote-authentication,knn-nosuite,0.24698795180722782,,0,0,0.24698795180722782,0.25100401606425654,0.24698795180722782,0.0
banknote-authentication,knn-nosuite,0.31858237547892726,0.7482758620689656,0,0,0.4459770114942529,0.31858237547892726,0.31858237547892726,0.0
banknote-authentication,knn-nosuite,0.5000000000000008,,0,0,0.5000000000000008,0.31333333333333296,0.29999999999999966,0.0
banknote-authentication,knn-nosuite,0.0,,0,0,0.0,0.5,0.3333333333333333,0.0
banknote-authentication,knn-nosuite,0.30952380952381064,,0,0,0.30952380952381064,0.21428571428570412,0.30952380952381064,0.0
banknote-authentication,knn-nosuite,0.2722222222222219,,0,0,0.2722222222222219,0.33333333333333426,0.31666666666666643,0.0
banknote-authentication,knn-nosuite,0.30817610062893075,0.4056603773584908,0,0,0.39622641509433953,0.30817610062893075,0.39622641509433953,0.0
banknote-authentication,knn-nosuite,0.3055555555555556,0.44444444444444425,0,0,0.41666666666666663,0.3055555555555555,0.41666666666666663,0.0
banknote-authentication,knn-nosuite,0.3198830409356725,0.656140350877193,0,0,0.46140350877192976,0.3198830409356725,0.3198830409356725,0.0
banknote-authentication,knn-nosuite,0.25,,0,0,0.5,0.3333333333333333,0.25,0.0
banknote-authentication,knn-nosuite,0.23888888888888937,,0,0,0.20000000000000157,0.25000000000000017,0.27222222222222175,0.0
banknote-authentication,knn-nosuite,0.45333333333333337,0.5944444444444446,0,0,0.45333333333333337,0.3092592592592593,0.3092592592592593,0.0
banknote-authentication,knn-nosuite,0.2980769230769231,0.3822115384615384,0,0,0.3822115384615384,0.41506410256410264,0.2980769230769231,0.0
banknote-authentication,knn-nosuite,0.16666666666666666,,0,0,0.5,0.5,0.25,0.0
banknote-authentication,knn-nosuite,0.0,,0,0,0.0,0.25,0.0,0.0
banknote-authentication,knn-nosuite,0.3182098765432099,0.6262345679012347,0,0,0.3182098765432099,0.3268518518518519,0.3182098765432099,0.0
banknote-authentication,knn-nosuite,0.1666666666666574,,0,0,0.1666666666666805,0.27777777777777773,0.16666666666666896,0.0
banknote-authentication,knn-nosuite,0.2999999999999998,,0,0,0.2999999999999996,0.2999999999999998,0.2999999999999996,0.0
banknote-authentication,knn-nosuite,0.0,,0,0,0.25,0.25,0.25,0.0
banknote-authentication,knn-nosuite,0.45245901639344255,0.8729508196721312,0,0,0.45245901639344255,0.33142076502732243,0.33142076502732243,0.0
banknote-authentication,knn-nosuite,0.2761437908496732,,0,0,0.3676470588235291,0.2892156862745098,0.2892156862745098,0.0
banknote-authentication,knn-nosuite,0.3333333333333333,,0,0,0.3333333333333333,0.0,0.3333333333333333,0.0
banknote-authentication,knn-nosuite,0.24999999999999944,,0,0,0.25000000000000056,0.18859649122807123,0.18859649122807123,0.0
banknote-authentication,knn-nosuite,0.4752444987775061,0.4752444987775061,0,0,0.4752444987775061,0.10605134474327622,0.3808068459657702,0.0
banknote-authentication,knn-nosuite,0.0,,0,0,0.0,0.3333333333333333,0.25,0.0
banknote-authentication,knn-nosuite,0.3317460317460317,0.7761904761904764,0,0,0.3317460317460317,0.7761904761904764,0.3317460317460317,0.0
banknote-authentication,knn-nosuite,0.0,,0,0,0.0,0.3333333333333333,0.0,0.0
banknote-authentication,knn-nosuite,0.0,,0,0,0.0,0.3333333333333333,0.0,0.0
banknote-authentication,knn-nosuite,0.24999999999999828,0.24999999999999828,0,0,0.25,0.25,0.25,0.0
banknote-authentication,knn-nosuite,0.24999999999999956,,0,0,0.24999999999999956,0.24999999999999956,0.24999999999999956,0.0
banknote-authentication,knn-nosuite,0.0,,0,0,0.0,0.0,0.25,0.0
banknote-authentication,knn-nosuite,0.16666666666666205,,0,0,0.16666666666666205,0.16666666666666666,0.166666666666669,0.0
banknote-authentication,knn-nosuite,0.4256410256410257,0.4256410256410257,0,0,0.4256410256410257,0.4256410256410257,0.4256410256410257,0.0
banknote-authentication,knn-nosuite,0.08790849673202612,0.6107843137254901,0,0,0.31514161220043574,0.31514161220043574,0.31514161220043574,0.0
banknote-authentication,knn-nosuite,0.49474030243261014,0.49474030243261014,0,0,0.8543721236028928,0.3305939075169844,0.42833662064431294,0.0
banknote-authentication,knn-nosuite,0.31642512077294704,,0,0,0.36231884057970953,0.3405797101449285,0.31642512077294704,0.0
banknote-authentication,knn-nosuite,0.32777777777777783,0.7333333333333328,0,0,0.4916666666666666,0.32777777777777783,0.32777777777777783,0.0
banknote-authentication,knn-nosuite,0.0,,0,0,0.0,0.0,0.0,0.0
banknote-authentication,knn-nosuite,0.306592039800995,0.569029850746269,0,0,0.29850746268656736,0.32276119402985026,0.306592039800995,0.0
banknote-authentication,knn-nosuite,0.2499999999999896,,0,0,0.2499999999999896,0.3749999999999922,0.2499999999999896,0.0
banknote-authentication,knn-nosuite,0.4585121602288984,0.4585121602288984,0,0,0.4585121602288984,0.3465665236051502,0.6520028612303289,0.0
volcanoes-a2,knn-nosuite,0.2611111111111113,,0,0,0.2611111111111113,0.2611111111111113,0.2611111111111113,0.0
volcanoes-a2,knn-nosuite,0.2635983263598313,,0,0,,0.3333333333333333,0.2635983263598313,0.0
volcanoes-a2,knn-nosuite,0.0,,0,0,,0.0,0.0,0.0
volcanoes-a2,knn-nosuite,0.3333333333333356,,0,0,0.3333333333333356,0.33333333333333215,0.3333333333333356,0.0
volcanoes-a2,knn-nosuite,0.4578313253012061,,0,0,0.2908777969018925,0.3743545611015493,0.4578313253012061,0.0
volcanoes-a2,knn-nosuite,0.0,,0,0,,0.0,0.3,0.0
volcanoes-a2,knn-nosuite,0.42857142857143055,,0,0,0.42857142857143055,0.42857142857143055,,0.0
volcanoes-a2,knn-nosuite,0.6666666666666539,,0,0,0.6666666666666539,0.4166666666666669,0.6666666666666539,0.0
volcanoes-a2,knn-nosuite,0.6523437500000009,,0,0,0.6523437500000009,0.6523437500000009,0.6523437500000009,0.0
volcanoes-a2,knn-nosuite,0.539682539682539,,0,0,0.539682539682539,0.539682539682539,0.539682539682539,0.0
volcanoes-a2,knn-nosuite,0.4396853146853147,0.5442890442890441,0,0,0.12062937062937068,0.3333333333333333,0.33245920745920743,
volcanoes-a2,knn-nosuite,0.4629629629629629,,0,0,0.4629629629629629,0.4629629629629629,0.4629629629629629,0.0
volcanoes-a2,knn-nosuite,0.2409138110072696,0.2409138110072696,0,0,0.2346832814122532,0.3826583592938734,,0.0
volcanoes-a2,knn-nosuite,0.2643678160919543,,0,0,0.2643678160919543,0.2784743991640545,0.2643678160919543,0.0
volcanoes-a2,knn-nosuite,0.0,,0,0,0.0,0.0,0.0,0.0
volcanoes-a2,knn-nosuite,0.5000000000000012,,0,0,,0.5000000000000012,0.5,0.0
volcanoes-a2,knn-nosuite,0.0,,0,0,0.4,0.0,,0.0
volcanoes-a2,knn-nosuite,0.2784090909090907,,0,0,0.2784090909090907,0.2784090909090907,0.2784090909090907,0.0
volcanoes-a2,knn-nosuite,0.26455026455026376,,0,0,0.26455026455026376,0.26455026455026376,0.26455026455026376,0.0
volcanoes-a2,knn-nosuite,0.0,,0,0,0.0,0.0,0.0,0.0
volcanoes-a2,knn-nosuite,0.35532994923857836,,0,0,0.35532994923857836,0.35532994923857836,0.35532994923857836,0.0
volcanoes-a2,knn-nosuite,0.3069306930693072,,0,0,0.3069306930693072,0.3267326732673269,0.3069306930693072,0.0
volcanoes-a2,knn-nosuite,0.0,,0,0,0.0,0.0,0.0,0.0
volcanoes-a2,knn-nosuite,0.6555555555555579,,0,0,0.6555555555555579,0.6555555555555579,0.6555555555555579,0.0
volcanoes-a2,knn-nosuite,0.431818181818182,,0,0,0.431818181818182,0.431818181818182,,0.0
volcanoes-a2,knn-nosuite,0.0,,0,0,0.0,0.0,0.0,0.0
volcanoes-a2,knn-nosuite,0.49999999999999134,,0,0,0.49999999999999134,0.49999999999999134,0.49999999999999134,0.0
volcanoes-a2,knn-nosuite,0.0,,0,0,0.0,0.0,0.0,0.0
volcanoes-a2,knn-nosuite,0.0,,0,0,0.0,0.0,,0.0
volcanoes-a2,knn-nosuite,0.22222222222222077,,0,0,,0.22222222222222077,0.22222222222222077,0.0
volcanoes-a2,knn-nosuite,0.0,,0,0,0.0,0.0,0.0,0.0
volcanoes-a2,knn-nosuite,0.0,,0,0,0.0,0.3,,0.0
volcanoes-a2,knn-nosuite,0.2040816326530609,,0,0,0.2040816326530609,0.2040816326530609,,0.0
volcanoes-a2,knn-nosuite,0.0,,0,0,,0.0,0.0,0.0
volcanoes-a2,knn-nosuite,0.7088607594936719,,0,0,,0.7088607594936719,,0.0
volcanoes-a2,knn-nosuite,0.6212121212121207,,0,0,0.6212121212121207,0.6212121212121207,0.6212121212121207,0.0
volcanoes-a2,knn-nosuite,0.40000000000000213,,0,0,,0.40000000000000213,,0.0
volcanoes-a2,knn-nosuite,0.3609154929577463,0.3609154929577463,0,0,0.25352112676056276,0.3333333333333333,0.3732394366197186,
volcanoes-a2,knn-nosuite,0.0,,0,0,0.0,0.0,0.0,0.0
volcanoes-a2,knn-nosuite,0.33211344922232433,,0,0,0.3485818847209516,0.3174748398902106,0.33211344922232433,0.0
volcanoes-a2,knn-nosuite,0.0,,0,0,0.6,0.0,,0.0
volcanoes-a2,knn-nosuite,0.3333333333333299,,0,0,0.3333333333333299,0.3333333333333299,0.3333333333333299,0.0
volcanoes-a2,knn-nosuite,0.2202380952380947,,0,0,0.2202380952380947,0.2202380952380947,0.2202380952380947,0.0
volcanoes-a2,knn-nosuite,0.6666666666666718,,0,0,,0.6666666666666718,0.6666666666666718,0.0
volcanoes-a2,knn-nosuite,0.0,,0,0,,0.0,,0.0
volcanoes-a2,knn-nosuite,0.38705583756345163,0.38705583756345163,0,0,0.38705583756345163,0.38705583756345163,0.3329103214890021,
volcanoes-a2,knn-nosuite,0.0,,0,0,0.0,0.0,,0.0
volcanoes-a2,knn-nosuite,0.4836193447737913,,0,0,0.4836193447737913,0.36271450858034315,,0.0
volcanoes-a2,knn-nosuite,0.49999999999999795,,0,0,0.3000000000000012,0.49999999999999795,0.49999999999999795,0.0
volcanoes-a2,knn-nosuite,0.23152709359605927,,0,0,0.23152709359605927,0.23152709359605927,0.23152709359605927,0.0
volcanoes-a3,knn-nosuite,0.3352564102564104,0.38333333333333364,0,0,0.437179487179488,0.38333333333333364,0.38333333333333364,
volcanoes-a3,knn-nosuite,0.16129032258064427,,0,0,,0.16129032258064427,,0.0
volcanoes-a3,knn-nosuite,0.4189560439560441,0.4189560439560441,0,0,0.7298534798534798,0.3333333333333333,0.1350732600732601,
volcanoes-a3,knn-nosuite,0.09090909090908919,,0,0,0.09090909090908919,0.09090909090908919,0.09090909090908919,0.0
volcanoes-a3,knn-nosuite,0.0,,0,0,0.0,0.0,,0.0
volcanoes-a3,knn-nosuite,0.3333333333333345,,0,0,0.3333333333333345,0.3333333333333345,0.3333333333333345,0.0
volcanoes-a3,knn-nosuite,0.31249999999999684,,0,0,0.37499999999999334,0.31249999999999684,,0.0
volcanoes-a3,knn-nosuite,0.3750000000000079,,0,0,,0.3750000000000079,0.3750000000000079,0.0
volcanoes-a3,knn-nosuite,0.338187702265372,,0,0,0.338187702265372,0.338187702265372,0.338187702265372,0.0
volcanoes-a3,knn-nosuite,0.43939393939394,,0,0,0.43939393939394,0.43939393939394,,0.0
volcanoes-a3,knn-nosuite,0.0,,0,0,0.6,0.0,0.0,0.0
volcanoes-a3,knn-nosuite,0.21438082556591195,0.21438082556591195,0,0,0.21438082556591195,0.2303595206391479,0.21438082556591195,0.0
volcanoes-a3,knn-nosuite,0.36849925705794995,,0,0,0.36849925705794995,0.36849925705794995,,0.0
volcanoes-a3,knn-nosuite,0.3274087932647335,0.3274087932647335,0,0,0.4181478016838168,0.3274087932647335,0.3816651075771749,
volcanoes-a3,knn-nosuite,0.2877030162412983,0.2877030162412983,0,0,0.2877030162412983,0.2877030162412983,,0.0
volcanoes-a3,knn-nosuite,0.20118343195266228,,0,0,0.20118343195266228,0.20118343195266228,0.20118343195266228,0.0
volcanoes-a3,knn-nosuite,0.18421052631578952,,0,0,0.18421052631578952,0.18421052631578952,0.18421052631578952,0.0
volcanoes-a3,knn-nosuite,0.0,,0,0,,0.0,0.0,0.0
volcanoes-a3,knn-nosuite,0.04838709677419367,,0,0,0.04838709677419367,0.04838709677419367,,0.0
volcanoes-a3,knn-nosuite,0.3287671232876697,,0,0,,0.3287671232876697,0.3287671232876697,0.0
volcanoes-a3,knn-nosuite,0.0,,0,0,,0.0,0.0,0.0
volcanoes-a3,knn-nosuite,0.29257641921397315,0.29257641921397315,0,0,0.29257641921397315,0.29257641921397315,0.29257641921397315,0.0
volcanoes-a3,knn-nosuite,0.6341463414634128,,0,0,0.6341463414634128,0.6341463414634128,,0.0
volcanoes-a3,knn-nosuite,0.4125,0.345454545454546,0,0,0.345454545454546,0.4125,0.26022727272727303,0.0
volcanoes-a3,knn-nosuite,0.23684210526315702,,0,0,0.23684210526315702,0.23684210526315702,0.23684210526315702,0.0
volcanoes-a3,knn-nosuite,0.49056603773584845,,0,0,,0.49056603773584845,0.49056603773584845,0.0
volcanoes-a3,knn-nosuite,0.3675213675213689,0.3675213675213689,0,0,0.3675213675213689,0.3482905982905987,0.33547008547008567,0.0
volcanoes-a3,knn-nosuite,0.0,,0,0,0.0,0.0,,0.0
volcanoes-a3,knn-nosuite,0.0,,0,0,0.0,0.0,0.0,0.0
volcanoes-a3,knn-nosuite,0.0,,0,0,0.0,0.0,,0.0
volcanoes-a3,knn-nosuite,0.0,,0,0,,0.0,0.0,0.0
volcanoes-a3,knn-nosuite,0.3333333333333356,,0,0,0.3333333333333356,0.3333333333333356,0.3333333333333356,0.0
volcanoes-a3,knn-nosuite,0.3462819089900117,0.3462819089900117,0,0,0.3462819089900117,0.3812430632630413,0.3462819089900117,0.0
volcanoes-a3,knn-nosuite,0.29629629629629606,,0,0,0.29629629629629606,0.29629629629629606,0.29629629629629606,0.0
volcanoes-a3,knn-nosuite,0.0,,0,0,,0.0,0.0,0.0
volcanoes-a3,knn-nosuite,0.3088888888888879,,0,0,0.3088888888888879,0.2455555555555549,,0.0
volcanoes-a3,knn-nosuite,0.3181818181818166,,0,0,,0.3181818181818166,,0.0
volcanoes-a3,knn-nosuite,0.6199999999999998,,0,0,0.6199999999999998,0.6199999999999998,,0.0
volcanoes-a3,knn-nosuite,0.3270142180094775,0.3270142180094775,0,0,,0.3270142180094775,,0.0
volcanoes-a3,knn-nosuite,0.44186046511627836,,0,0,,0.44186046511627836,0.44186046511627836,0.0
volcanoes-a3,knn-nosuite,0.0,,0,0,0.0,0.0,0.0,0.0
volcanoes-a3,knn-nosuite,0.41563434429730894,0.3333333333333334,0,0,0.41563434429730894,0.41563434429730894,0.3333333333333334,0.0
volcanoes-a3,knn-nosuite,0.1538461538461506,,0,0,0.1538461538461506,0.1538461538461506,0.1538461538461506,0.0
volcanoes-a3,knn-nosuite,0.0,,0,0,0.0,0.0,,0.0
volcanoes-a3,knn-nosuite,0.258957654723127,,0,0,0.258957654723127,0.3333333333333333,,0.0
volcanoes-a3,knn-nosuite,0.0,,0,0,,0.0,0.0,0.0
volcanoes-a3,knn-nosuite,0.25903614457831325,,0,0,0.25903614457831325,0.20481927710843362,,0.0
volcanoes-a3,knn-nosuite,0.49999999999999656,,0,0,,0.49999999999999656,0.49999999999999656,0.0
volcanoes-a3,knn-nosuite,0.0,,0,0,0.0,0.0,0.0,0.0
volcanoes-a3,knn-nosuite,0.16666666666666474,,0,0,0.16666666666666474,0.16666666666666474,0.16666666666666474,0.0
volcanoes-a4,knn-nosuite,0.0,,0,0,,0.0,,0.0
volcanoes-a4,knn-nosuite,0.33333333333333387,,0,0,0.33333333333333387,0.33333333333333387,,0.0
volcanoes-a4,knn-nosuite,0.4061860940695297,0.4061860940695297,0,0,0.4061860940695297,0.3333333333333333,0.4061860940695297,0.0
volcanoes-a4,knn-nosuite,0.5957446808510639,,0,0,0.5957446808510639,0.5957446808510639,0.5957446808510639,0.0
volcanoes-a4,knn-nosuite,0.49999999999999883,,0,0,0.49999999999999883,0.49999999999999883,0.49999999999999883,0.0
volcanoes-a4,knn-nosuite,0.3833151581243185,0.3833151581243185,0,0,0.19029443838604126,0.3833151581243185,0.21183206106870212,
volcanoes-a4,knn-nosuite,0.06249999999999969,,0,0,0.06249999999999969,0.06249999999999969,0.06249999999999969,0.0
volcanoes-a4,knn-nosuite,0.40037593984962416,,0,0,0.40037593984962416,0.40037593984962416,0.40037593984962416,0.0
volcanoes-a4,knn-nosuite,0.6624203821656058,,0,0,0.6624203821656058,0.6624203821656058,0.6624203821656058,0.0
volcanoes-a4,knn-nosuite,0.6764705882352937,,0,0,0.1176470588235312,0.6764705882352937,,0.0
volcanoes-a4,knn-nosuite,0.0,,0,0,,0.0,0.0,0.0
volcanoes-a4,knn-nosuite,0.2595041322314051,,0,0,0.2595041322314051,0.2595041322314051,,0.0
volcanoes-a4,knn-nosuite,0.0,,0,0,,0.0,0.0,0.0
volcanoes-a4,knn-nosuite,0.0,,0,0,,0.0,0.0,0.0
volcanoes-a4,knn-nosuite,0.5294117647058708,,0,0,,0.5294117647058708,0.5294117647058708,0.0
volcanoes-a4,knn-nosuite,0.44444444444444514,,0,0,0.44444444444444514,0.44444444444444514,0.44444444444444514,0.0
volcanoes-a4,knn-nosuite,0.0,,0,0,0.0,0.0,,0.0
volcanoes-a4,knn-nosuite,0.0,,0,0,,0.0,,0.0
volcanoes-a4,knn-nosuite,0.39130434782608503,,0,0,0.39130434782608503,0.39130434782608503,,0.0
volcanoes-a4,knn-nosuite,0.0625000000000002,,0,0,,0.0625000000000002,,0.0
volcanoes-a4,knn-nosuite,0.4642857142857143,,0,0,,0.4642857142857143,0.4642857142857143,0.0
volcanoes-a4,knn-nosuite,0.38425196850393695,0.38425196850393695,0,0,0.4204724409448819,0.38425196850393695,0.38425196850393695,0.0
volcanoes-a4,knn-nosuite,0.0,,0,0,0.0,0.0,0.0,0.0
volcanoes-a4,knn-nosuite,0.0,,0,0,,0.0,,0.0
volcanoes-a4,knn-nosuite,0.41281809613572096,0.41281809613572096,0,0,0.3333333333333333,0.34118755890669183,0.3652214891611686,0.0
volcanoes-a4,knn-nosuite,0.5540540540540554,,0,0,,0.5540540540540554,0.5540540540540554,0.0
volcanoes-a4,knn-nosuite,0.35714285714285565,,0,0,0.35714285714285565,0.3214285714285737,0.35714285714285565,0.0
volcanoes-a4,knn-nosuite,0.35346964064436187,0.35346964064436187,0,0,0.35346964064436187,0.35346964064436187,0.2766418835192068,
volcanoes-a4,knn-nosuite,0.3687150837988835,,0,0,,0.3435754189944137,0.3687150837988835,0.0
volcanoes-a4,knn-nosuite,0.1850393700787402,,0,0,0.1850393700787402,0.1850393700787402,,0.0
volcanoes-a4,knn-nosuite,0.4548104956268227,,0,0,,0.4548104956268227,,0.0
volcanoes-a4,knn-nosuite,0.2857142857142832,,0,0,0.2857142857142832,0.2857142857142832,,0.0
volcanoes-a4,knn-nosuite,0.3481781376518214,,0,0,0.3481781376518214,0.23582995951417007,,0.0
volcanoes-a4,knn-nosuite,0.21487603305785136,,0,0,0.21487603305785136,0.21487603305785136,0.21487603305785136,0.0
volcanoes-a4,knn-nosuite,0.3463989802421925,0.3463989802421925,0,0,0.3333333333333333,0.3463989802421925,0.3333333333333333,0.0
volcanoes-a4,knn-nosuite,0.3873144399460191,,0,0,0.3873144399460191,0.3751686909581651,,0.0
volcanoes-a4,knn-nosuite,0.2689530685920584,,0,0,0.2689530685920584,0.2689530685920584,0.2689530685920584,0.0
volcanoes-a4,knn-nosuite,0.0,,0,0,,0.0,0.0,0.0
volcanoes-a4,knn-nosuite,0.3618677042801554,,0,0,0.3618677042801554,0.3618677042801554,,0.0
volcanoes-a4,knn-nosuite,0.3333333333333333,0.3333333333333333,0,0,0.3728246318607764,0.4805890227576974,0.3333333333333333,0.0
volcanoes-a4,knn-nosuite,0.6785714285714304,,0,0,0.6785714285714304,0.6785714285714304,0.6785714285714304,0.0
volcanoes-a4,knn-nosuite,0.3057591623036652,0.3057591623036652,0,0,0.4005235602094238,0.3333333333333333,0.4005235602094238,
volcanoes-a4,knn-nosuite,0.21212121212121132,,0,0,0.21212121212121132,0.21212121212121132,0.21212121212121132,0.0
volcanoes-a4,knn-nosuite,0.5906040268456377,,0,0,0.5906040268456377,0.5906040268456377,0.5906040268456377,0.0
volcanoes-a4,knn-nosuite,0.29545454545454497,,0,0,0.29545454545454497,0.29545454545454497,,0.0
volcanoes-a4,knn-nosuite,0.45384615384615373,,0,0,0.45384615384615373,0.357692307692308,,0.0
volcanoes-a4,knn-nosuite,0.14468085106382989,,0,0,0.14468085106382989,0.4489361702127658,0.14468085106382989,0.0
volcanoes-a4,knn-nosuite,0.24242424242424238,,0,0,0.24242424242424238,0.24242424242424238,0.24242424242424238,0.0
volcanoes-a4,knn-nosuite,0.22452229299363075,,0,0,0.2643312101910826,0.24442675159235666,,0.0
volcanoes-a4,knn-nosuite,0.0,,0,0,0.0,0.0,0.0,0.0
volcanoes-e1,knn-nosuite,0.0,,0,0,0.0,0.0,0.0,0.0
volcanoes-e1,knn-nosuite,0.3604651162790706,,0,0,0.3604651162790706,0.3604651162790706,0.3604651162790706,0.0
volcanoes-e1,knn-nosuite,0.4999999999999954,,0,0,0.4999999999999954,0.4999999999999954,0.4999999999999954,0.0
volcanoes-e1,knn-nosuite,0.3571428571428592,,0,0,0.3571428571428539,0.3571428571428592,0.3571428571428592,0.0
volcanoes-e1,knn-nosuite,0.24999999999999886,,0,0,0.24999999999999886,0.24999999999999886,,0.0
volcanoes-e1,knn-nosuite,0.8035714285714317,,0,0,0.8035714285714317,0.8035714285714317,,0.0
volcanoes-e1,knn-nosuite,0.2208835341365458,,0,0,0.2208835341365458,0.2208835341365458,0.2208835341365458,0.0
volcanoes-e1,knn-nosuite,0.41304347826087046,,0,0,0.41304347826087046,0.41304347826087046,0.41304347826087046,0.0
volcanoes-e1,knn-nosuite,0.10321100917431242,,0,0,,0.10321100917431242,0.3153669724770646,0.0
volcanoes-e1,knn-nosuite,0.20227920227920212,,0,0,0.3133903133903131,0.28774928774928804,0.20227920227920212,0.0
volcanoes-e1,knn-nosuite,0.34893617021276546,,0,0,0.4127659574468091,0.34893617021276546,0.34893617021276546,0.0
volcanoes-e1,knn-nosuite,0.3583941605839415,,0,0,0.39270072992700733,0.3583941605839415,0.3583941605839415,0.0
volcanoes-e1,knn-nosuite,0.4657894736842106,,0,0,,0.4657894736842106,0.4657894736842106,0.0
volcanoes-e1,knn-nosuite,0.21874999999999978,,0,0,0.21874999999999978,0.42187500000000006,,0.0
volcanoes-e1,knn-nosuite,0.21246458923512773,,0,0,0.21246458923512773,0.21246458923512773,0.21246458923512773,0.0
volcanoes-e1,knn-nosuite,0.3333333333333416,,0,0,0.3333333333333416,0.3333333333333416,0.3333333333333416,0.0
volcanoes-e1,knn-nosuite,0.12041884816753944,,0,0,0.12041884816753944,0.12041884816753944,0.12041884816753944,0.0
volcanoes-e1,knn-nosuite,0.3846153846153824,,0,0,0.23076923076922956,0.3846153846153824,0.3846153846153824,0.0
volcanoes-e1,knn-nosuite,0.3629191321499013,,0,0,0.3629191321499013,0.3185404339250491,,0.0
volcanoes-e1,knn-nosuite,0.2573221757322175,,0,0,0.1799163179916317,0.2573221757322175,0.1799163179916317,
volcanoes-e1,knn-nosuite,0.3777462792345852,0.2501771793054573,0,0,0.3333333333333333,,0.3333333333333333,0.0
volcanoes-e1,knn-nosuite,0.43750000000000105,,0,0,0.43750000000000105,0.43750000000000105,0.43750000000000105,0.0
volcanoes-e1,knn-nosuite,0.40000000000000147,,0,0,0.40000000000000147,0.40000000000000147,,0.0
volcanoes-e1,knn-nosuite,0.1515151515151508,,0,0,0.46969696969696895,0.1515151515151508,0.1515151515151508,0.0
volcanoes-e1,knn-nosuite,0.3571428571428562,,0,0,0.3571428571428562,0.32142857142857106,0.3571428571428562,0.0
volcanoes-e1,knn-nosuite,0.3267929634641409,0.3958051420838972,0,0,0.34641407307171823,0.3267929634641409,0.2774018944519619,
volcanoes-e1,knn-nosuite,0.0420168067226884,,0,0,0.0420168067226884,0.0420168067226884,0.0420168067226884,0.0
volcanoes-e1,knn-nosuite,0.3311808118081181,,0,0,0.21586715867158668,0.3311808118081181,0.2767527675276753,0.0
volcanoes-e1,knn-nosuite,0.6956521739130485,,0,0,0.26086956521738763,0.6956521739130485,0.6956521739130485,0.0
volcanoes-e1,knn-nosuite,0.4964788732394365,,0,0,0.3257042253521124,0.3257042253521124,0.3257042253521124,0.0
volcanoes-e1,knn-nosuite,0.38669950738916276,,0,0,0.22660098522167454,0.38669950738916276,0.21921182266009856,0.0
volcanoes-e1,knn-nosuite,0.09287925696594368,,0,0,0.09287925696594368,0.09287925696594368,0.09287925696594368,0.0
volcanoes-e1,knn-nosuite,0.3256802721088434,,0,0,,0.3256802721088434,0.30272108843537393,0.0
volcanoes-e1,knn-nosuite,0.0,,0,0,0.0,0.3333333333333333,,0.0
volcanoes-e1,knn-nosuite,0.41666666666666624,,0,0,0.41666666666666624,0.2789855072463762,0.41666666666666624,
volcanoes-e1,knn-nosuite,0.31454783748361764,0.23787680209698536,0,0,0.23787680209698536,0.31454783748361764,0.3333333333333333,
volcanoes-e1,knn-nosuite,0.6071428571428567,,0,0,0.14285714285714304,0.6071428571428567,0.6071428571428567,0.0
volcanoes-e1,knn-nosuite,0.32758620689655127,,0,0,0.32758620689655127,0.32758620689655127,,0.0
volcanoes-e1,knn-nosuite,0.6040268456375836,,0,0,0.6040268456375836,0.6040268456375836,0.6040268456375836,0.0
volcanoes-e1,knn-nosuite,0.35714285714285804,,0,0,0.2857142857142865,0.35714285714285804,,0.0
volcanoes-e1,knn-nosuite,0.3873056994818652,0.4792746113989634,0,0,0.3333333333333333,0.3873056994818652,0.3333333333333333,0.0
volcanoes-e1,knn-nosuite,0.41439688715953316,,0,0,0.28988326848249035,0.41439688715953316,0.41439688715953316,0.0
volcanoes-e1,knn-nosuite,0.3461538461538474,,0,0,0.3461538461538474,0.3461538461538474,0.3461538461538474,0.0
volcanoes-e1,knn-nosuite,0.4999999999999998,,0,0,0.4999999999999998,,0.4999999999999998,0.0
volcanoes-e1,knn-nosuite,0.21428571428571433,,0,0,0.4789915966386557,0.34663865546218503,,0.0
volcanoes-e1,knn-nosuite,0.0,,0,0,0.0,0.0,,0.0
volcanoes-e2,knn-nosuite,0.16666666666666538,,0,0,,,,0.0
volcanoes-e2,knn-nosuite,0.3571428571428574,,0,0,,,,0.0
volcanoes-e2,knn-nosuite,0.15909090909090928,,0,0,0.15909090909090928,,0.15909090909090928,0.0
volcanoes-e2,knn-nosuite,0.12499999999999939,,0,0,0.12499999999999939,,0.12499999999999939,0.0
volcanoes-e2,knn-nosuite,0.10000000000000192,,0,0,,,0.10000000000000192,0.0
volcanoes-e2,knn-nosuite,0.6597938144329891,,0,0,,,,0.0
volcanoes-e2,knn-nosuite,0.20575221238938063,,0,0,0.20575221238938063,,0.20575221238938063,0.0
volcanoes-e2,knn-nosuite,0.560439560439562,,0,0,0.560439560439562,,,0.0
volcanoes-e2,knn-nosuite,0.3708487084870851,,0,0,,,0.3708487084870851,0.0
volcanoes-e2,knn-nosuite,0.39511873350923477,0.5118733509234824,0,0,0.5118733509234824,,0.5118733509234824,
volcanoes-e2,knn-nosuite,0.33661417322834625,,0,0,0.13188976377952707,,0.2293307086614173,0.0
volcanoes-e2,knn-nosuite,0.5189393939393939,,0,0,0.5189393939393939,,0.5189393939393939,0.0
volcanoes-e2,knn-nosuite,0.07947019867549678,,0,0,0.07947019867549678,,0.07947019867549678,0.0
volcanoes-e2,knn-nosuite,0.5084745762711869,,0,0,0.5084745762711869,,0.5084745762711869,0.0
volcanoes-e2,knn-nosuite,0.17699115044247762,,0,0,0.17699115044247762,,0.17699115044247762,0.0
volcanoes-e2,knn-nosuite,0.3427230046948351,,0,0,0.3427230046948351,,,0.0
volcanoes-e2,knn-nosuite,0.5000000000000064,,0,0,,,,0.0
volcanoes-e2,knn-nosuite,0.2802631578947372,,0,0,,,0.2947368421052625,0.0
volcanoes-e2,knn-nosuite,0.6442307692307694,,0,0,0.6442307692307694,,,0.0
volcanoes-e2,knn-nosuite,0.08333333333333265,,0,0,0.08333333333333265,,0.08333333333333265,0.0
volcanoes-e2,knn-nosuite,0.6981818181818178,,0,0,0.6981818181818178,,0.6981818181818178,0.0
volcanoes-e2,knn-nosuite,0.4123989218328843,,0,0,0.4123989218328843,,0.4123989218328843,0.0
volcanoes-e2,knn-nosuite,0.1715686274509814,,0,0,0.1715686274509814,,0.1715686274509814,
volcanoes-e2,knn-nosuite,0.34098360655737703,0.4622950819672135,0,0,,,0.34098360655737703,0.0
volcanoes-e2,knn-nosuite,0.6027397260273983,,0,0,0.6027397260273983,,0.6027397260273983,0.0
volcanoes-e2,knn-nosuite,0.24444444444444438,,0,0,,,,0.0
volcanoes-e2,knn-nosuite,0.47142857142857136,,0,0,0.2714285714285715,,0.47142857142857136,0.0
volcanoes-e2,knn-nosuite,0.28571428571428364,,0,0,,,0.28571428571428364,0.0
volcanoes-e2,knn-nosuite,0.3557692307692305,,0,0,0.19038461538461582,,0.5211538461538452,
volcanoes-e2,knn-nosuite,0.1728395061728393,,0,0,0.1728395061728393,,,0.0
volcanoes-e2,knn-nosuite,0.15384615384615438,,0,0,,,0.15384615384615438,0.0
volcanoes-e2,knn-nosuite,0.1312056737588655,,0,0,0.1312056737588655,,0.1312056737588655,0.0
volcanoes-e2,knn-nosuite,0.17346938775510198,,0,0,0.17346938775510198,,0.17346938775510198,0.0
volcanoes-e2,knn-nosuite,0.6600000000000004,,0,0,,,,0.0
volcanoes-e2,knn-nosuite,0.28318584070796415,,0,0,,,0.28318584070796415,0.0
volcanoes-e2,knn-nosuite,0.166666666666667,,0,0,0.7777777777777771,,,0.0
volcanoes-e2,knn-nosuite,0.42156862745097756,,0,0,,,,0.0
volcanoes-e2,knn-nosuite,0.17123287671232928,,0,0,0.17123287671232928,,0.17123287671232928,0.0
volcanoes-e2,knn-nosuite,0.37321711568938193,0.4183835182250393,0,0,0.3280507131537246,,,
volcanoes-e2,knn-nosuite,0.0,,0,0,,,0.3,0.0
volcanoes-e2,knn-nosuite,0.15568862275449125,,0,0,0.11377245508981952,,,0.0
volcanoes-e2,knn-nosuite,0.22673031026253093,,0,0,0.22673031026253093,,0.22673031026253093,0.0
volcanoes-e2,knn-nosuite,0.46726572528883176,0.34274711168164274,0,0,,,0.20410783055198964,
volcanoes-e2,knn-nosuite,0.31178707224334595,,0,0,,,0.31178707224334595,0.0
volcanoes-e2,knn-nosuite,0.4413043478260875,,0,0,0.4413043478260875,,0.4413043478260875,0.0
volcanoes-e2,knn-nosuite,0.29506172839506145,,0,0,0.29506172839506145,,,0.0
volcanoes-e2,knn-nosuite,0.3404255319148934,0.4202127659574466,0,0,0.52127659574468,,0.3191489361702133,
volcanoes-e2,knn-nosuite,0.34328358208955206,0.34328358208955206,0,0,0.34328358208955206,,0.32587064676616906,0.0
volcanoes-e2,knn-nosuite,0.6370967741935488,,0,0,,,,0.0
volcanoes-e2,knn-nosuite,0.13772455089820335,,0,0,0.13772455089820335,,0.13772455089820335,0.0
volcanoes-e3,knn-nosuite,0.23404255319149003,,0,0,0.23404255319149003,0.23404255319149003,,0.0
volcanoes-e3,knn-nosuite,0.30669546436285067,0.30669546436285067,0,0,0.30669546436285067,0.24406047516198665,0.30669546436285067,0.0
volcanoes-e3,knn-nosuite,0.5000000000000033,,0,0,0.5000000000000033,,0.5000000000000033,0.0
volcanoes-e3,knn-nosuite,0.0,,0,0,0.0,,,0.0
volcanoes-e3,knn-nosuite,0.425036390101892,0.425036390101892,0,0,0.425036390101892,,,0.0
volcanoes-e3,knn-nosuite,0.2556818181818184,,0,0,0.07386363636363591,,,0.0
volcanoes-e3,knn-nosuite,0.5612903225806443,0.5612903225806443,0,0,0.5612903225806443,0.5612903225806443,0.5612903225806443,0.0
volcanoes-e3,knn-nosuite,0.25625000000000103,,0,0,0.25625000000000103,,0.25625000000000103,0.0
volcanoes-e3,knn-nosuite,0.18565400843881852,,0,0,0.474683544303798,,0.474683544303798,0.0
volcanoes-e3,knn-nosuite,0.33072916666666685,0.33072916666666685,0,0,0.37604166666666633,0.4135416666666664,,
volcanoes-e3,knn-nosuite,0.3333333333333444,,0,0,0.3333333333333444,0.33333333333333776,0.3333333333333444,0.0
volcanoes-e3,knn-nosuite,0.24675324675324617,,0,0,0.24675324675324617,0.38311688311688324,0.24675324675324617,0.0
volcanoes-e3,knn-nosuite,0.7446808510638291,,0,0,0.7446808510638291,,0.7446808510638291,0.0
volcanoes-e3,knn-nosuite,0.13888888888888842,,0,0,0.13888888888888842,0.13888888888888842,0.13888888888888842,0.0
volcanoes-e3,knn-nosuite,0.5969387755102047,,0,0,0.5969387755102047,,0.5969387755102047,0.0
volcanoes-e3,knn-nosuite,0.5000000000000017,,0,0,0.5000000000000017,0.5,,0.0
volcanoes-e3,knn-nosuite,0.4107142857142871,,0,0,0.4107142857142871,,0.4107142857142871,0.0
volcanoes-e3,knn-nosuite,0.3601440576230488,0.4861944777911157,0,0,0.3601440576230488,0.3601440576230488,0.4861944777911157,0.0
volcanoes-e3,knn-nosuite,0.7066666666666658,,0,0,0.7066666666666658,0.7066666666666658,0.7066666666666658,0.0
volcanoes-e3,knn-nosuite,0.21917808219178156,,0,0,0.21917808219178156,0.21917808219178156,,0.0
volcanoes-e3,knn-nosuite,0.16606498194945832,,0,0,0.16606498194945832,,,0.0
volcanoes-e3,knn-nosuite,0.21576763485477216,,0,0,0.11618257261410768,,0.21576763485477216,0.0
volcanoes-e3,knn-nosuite,0.7282608695652178,,0,0,0.7282608695652178,0.7282608695652178,0.7282608695652178,0.0
volcanoes-e3,knn-nosuite,0.13380281690140816,,0,0,0.13380281690140816,0.13380281690140816,0.13380281690140816,0.0
volcanoes-e3,knn-nosuite,0.16105769230769207,,0,0,0.16105769230769207,0.16105769230769207,,0.0
volcanoes-e3,knn-nosuite,0.0,,0,0,0.6,,,0.0
volcanoes-e3,knn-nosuite,0.08208955223880508,,0,0,0.08208955223880508,,0.08208955223880508,0.0
volcanoes-e3,knn-nosuite,0.48955916473317834,0.48955916473317834,0,0,0.48955916473317834,0.3333333333333333,0.29350348027842255,0.0
volcanoes-e3,knn-nosuite,0.30487804878048885,,0,0,0.30487804878048885,0.30487804878048885,,0.0
volcanoes-e3,knn-nosuite,0.39999999999999997,,0,0,0.39999999999999997,,0.39999999999999997,0.0
volcanoes-e3,knn-nosuite,0.3619528619528624,0.11896745230078729,0,0,0.3619528619528624,0.3333333333333333,0.19753086419753124,
volcanoes-e3,knn-nosuite,0.07142857142857326,,0,0,0.07142857142857326,0.2500000000000002,0.07142857142857326,0.0
volcanoes-e3,knn-nosuite,0.18604651162790822,,0,0,0.18604651162790822,0.18604651162790822,,0.0
volcanoes-e3,knn-nosuite,0.693548387096774,,0,0,0.693548387096774,0.693548387096774,,0.0
volcanoes-e3,knn-nosuite,0.6896551724137961,,0,0,0.13793103448275576,,0.6896551724137961,0.0
volcanoes-e3,knn-nosuite,0.2692307692307697,,0,0,0.17948717948717963,0.2692307692307697,0.2692307692307697,0.0
volcanoes-e3,knn-nosuite,0.33333333333333115,,0,0,0.33333333333333115,,0.33333333333333115,0.0
volcanoes-e3,knn-nosuite,0.8089171974522292,,0,0,0.8089171974522292,,,0.0
volcanoes-e3,knn-nosuite,0.4268292682926826,,0,0,0.4268292682926826,0.4268292682926826,,0.0
volcanoes-e3,knn-nosuite,0.5540540540540546,,0,0,0.5540540540540546,,,0.0
volcanoes-e3,knn-nosuite,0.3666666666666659,,0,0,0.3666666666666659,0.31666666666666565,0.3666666666666659,0.0
volcanoes-e3,knn-nosuite,0.43348623853210966,0.28669724770642174,0,0,0.5802752293577975,0.3566513761467891,0.3566513761467891,0.0
volcanoes-e3,knn-nosuite,0.4565217391304351,,0,0,0.2826086956521729,0.2608695652173919,0.4565217391304351,0.0
volcanoes-e3,knn-nosuite,0.3333333333333339,,0,0,0.3333333333333339,,0.3333333333333339,0.0
volcanoes-e3,knn-nosuite,0.8157894736842136,,0,0,0.8157894736842136,,,0.0
volcanoes-e3,knn-nosuite,0.45283018867924446,,0,0,0.45283018867924446,0.3773584905660382,,0.0
volcanoes-e3,knn-nosuite,0.6999999999999982,0.6999999999999982,0,0,0.6999999999999982,0.1500000000000009,0.6999999999999982,0.0
volcanoes-e3,knn-nosuite,0.3235294117647063,,0,0,0.3235294117647063,,,0.0
volcanoes-e3,knn-nosuite,0.083333333333332,0.083333333333332,0,0,0.083333333333332,0.39833333333333326,,
volcanoes-e3,knn-nosuite,0.6980519480519487,,0,0,0.6980519480519487,0.6980519480519487,,0.0
yeast,knn-nosuite,0.1566008171684716,0.24027133166726164,0,0,0.18792098060216592,,0.15767186322345195,0.0
yeast,knn-nosuite,0.18080189857606793,0.48471979348821664,0,0,0.22186138174147155,,0.22610125739029055,0.0
yeast,knn-nosuite,0.16666666666666666,0.1827949857398688,0,0,0.16666666666666666,,0.16666666666666666,0.0
yeast,knn-nosuite,0.14827123605097878,0.2603207512653213,0,0,0.16551314104518586,,0.16897371790962862,0.0
yeast,knn-nosuite,0.1276146063432327,0.2896997463797761,0,0,0.15313752761187926,,0.18765851264010472,0.0
yeast,knn-nosuite,0.10257587818667974,0.20088584083440486,0,0,0.16666666666666666,,0.16504806809135997,0.0
yeast,knn-nosuite,0.15247409292094027,0.18308552649015394,0,0,0.2132464021626778,,0.16666666666666666,0.0
yeast,knn-nosuite,0.18015515064044746,0.1363882374165615,0,0,0.18015515064044746,,0.14094854370878182,0.0
yeast,knn-nosuite,0.13038007810927243,0.20849941619358214,0,0,0.1604159117445746,,0.16666666666666663,0.0
yeast,knn-nosuite,0.19190937367453687,0.5370422734341862,0,0,0.29379329845892815,,0.29379329845892815,0.0
yeast,knn-nosuite,0.16627511065713318,0.15321756894790622,0,0,0.18684031324480754,,0.15321756894790622,0.0
yeast,knn-nosuite,0.1666666666666667,0.16011712439418432,0,0,0.1666666666666667,0.14398222940226177,0.1400612547119008,0.0
yeast,knn-nosuite,0.11864035087719288,0.19810371517027897,0,0,0.16687306501547994,,0.13885448916408671,0.0
yeast,knn-nosuite,0.18166963755199061,0.47266785502079656,0,0,0.1931818181818183,,0.1931818181818183,0.0
yeast,knn-nosuite,0.16666666666666666,0.1833247555326815,0,0,0.1677303139475039,,0.13977526162291992,0.0
yeast,knn-nosuite,0.15247578405473142,0.40601503759398483,0,0,0.17943507417191626,,0.16057711847185532,0.0
yeast,knn-nosuite,0.16666666666666666,0.27602347434404734,0,0,0.18835691352362133,,0.23544614190452667,0.0
yeast,knn-nosuite,0.21942436757873,0.26420581655480996,0,0,0.19313371192565823,,0.16666666666666666,0.0
yeast,knn-nosuite,0.14285714285714285,0.1675024893636282,0,0,0.14285714285714285,,0.1554041821308954,0.0
yeast,knn-nosuite,0.2222631264092771,0.5697390824168237,0,0,0.31144448023560795,,0.22457932600125766,0.0
yeast,knn-nosuite,0.16666666666666666,0.1419340610872203,0,0,0.16050556841989205,,0.1419340610872203,0.0
yeast,knn-nosuite,0.14738799234629404,0.2560742265063717,0,0,0.2560742265063717,,0.2067854435178164,0.0
yeast,knn-nosuite,0.14285714285714285,0.153903200624512,0,0,0.18954918032786866,,0.16976971116315387,0.0
yeast,knn-nosuite,0.1369250795487416,0.3357824703500144,0,0,0.17194098929707835,,0.16666666666666666,0.0
yeast,knn-nosuite,0.14285714285714285,0.1661153086923967,0,0,0.15279763120277715,,0.16106800081682665,0.0
yeast,knn-nosuite,0.16666666666666666,0.1912086480854389,0,0,0.16666666666666666,,0.16666666666666666,0.0
yeast,knn-nosuite,0.16666666666666666,0.21720711699915293,0,0,0.1018716783486097,,0.17864900254178548,0.0
yeast,knn-nosuite,0.14285714285714282,0.05861084681255915,0,0,0.16666666666666663,,0.16723120837297817,0.0
yeast,knn-nosuite,0.14285714285714285,0.1779996615332543,0,0,0.21494753765442542,,0.1779996615332543,0.0
yeast,knn-nosuite,0.14285714285714285,0.19746827937863165,0,0,0.16666666666666666,,0.1276414087513341,0.0
yeast,knn-nosuite,0.12308206027214291,0.14201101928374657,0,0,0.16666666666666663,,0.2144002003506135,0.0
yeast,knn-nosuite,0.09496092841943383,0.26264685370956514,0,0,0.15192318008690528,,0.17496378949627164,0.0
yeast,knn-nosuite,0.1569184303649109,0.2134187571843938,0,0,0.14285714285714285,,0.16666666666666666,0.0
yeast,knn-nosuite,0.19766912155493124,0.43580593728646255,0,0,0.17308860375066432,,0.24409687950800996,0.0
yeast,knn-nosuite,0.18169081547120106,0.21132199736558496,0,0,0.21054364746736914,,0.18169081547120106,0.0
yeast,knn-nosuite,0.16666666666666666,0.25716351519152475,0,0,0.19501108124675814,,0.2018319422832084,0.0
yeast,knn-nosuite,0.22854997183803744,0.3955504099130107,0,0,0.2856874647975467,,0.22459165154264965,0.0
yeast,knn-nosuite,0.23551869404949968,0.25569848792597594,0,0,0.21580907244414346,,0.22037914691943122,0.0
yeast,knn-nosuite,0.14285714285714285,0.16292264937471052,0,0,0.18630318269039897,,0.18630318269039897,0.0
yeast,knn-nosuite,0.16666666666666666,0.09132939214794594,0,0,0.16666666666666666,,0.18173412157041083,0.0
yeast,knn-nosuite,0.14285714285714285,0.24684517327525488,0,0,0.19636794567932883,,0.19636794567932883,0.0
yeast,knn-nosuite,0.14285714285714285,0.16628194116383938,0,0,0.13506549280652783,,0.16666666666666666,0.0
yeast,knn-nosuite,0.1919790644422637,0.13341511285574095,0,0,0.1599825537018864,,0.16666666666666666,0.0
yeast,knn-nosuite,0.13381365969206488,0.21634425582313455,0,0,0.14285714285714282,0.13522831951572564,0.17885511251480446,0.0
yeast,knn-nosuite,0.20675927002208527,0.2712425897942581,0,0,0.21550621876089748,,0.2453795187725219,0.0
yeast,knn-nosuite,0.14285714285714285,0.16953478197462443,0,0,0.16666666666666666,,0.16626804725098437,0.0
yeast,knn-nosuite,0.14285714285714285,0.2060185185185185,0,0,0.17441756272401435,,0.17441756272401435,0.0
yeast,knn-nosuite,0.16919111111111104,0.2638222222222222,0,0,0.18084444444444442,,0.2638222222222222,0.0
yeast,knn-nosuite,0.1963142375737153,0.20903538331929214,0,0,0.2959140690817186,,0.23957455770850875,0.0
rmftsa,knn-nosuite,0.5,0.5,0,0,0.5,0.5,0.35636363636363644,0.0
rmftsa,knn-nosuite,0.5,0.5,0,0,0.5,0.5,0.4942084942084942,0.0
rmftsa,knn-nosuite,0.5,0.5,0,0,0.5,0.5,0.5,0.0
rmftsa,knn-nosuite,0.5,0.7022222222222216,0,0,0.7022222222222216,0.5,0.5,0.0
rmftsa,knn-nosuite,0.49999999999999994,0.27480916030534197,0,0,0.27480916030534197,0.7251908396946579,0.7251908396946579,0.0
rmftsa,knn-nosuite,0.5,,0,0,0.5,0.5,0.7049180327868863,0.0
rmftsa,knn-nosuite,0.5,0.5,0,0,0.5,0.8156862745098041,0.8156862745098041,0.0
rmftsa,knn-nosuite,0.49999999999999994,0.9547738693467336,0,0,0.9547738693467336,0.49999999999999994,0.045226130653266354,0.0
rmftsa,knn-nosuite,0.49999999999999994,0.49999999999999994,0,0,0.49999999999999994,0.5270270270270269,0.49999999999999994,0.0
rmftsa,knn-nosuite,0.5,0.9275362318840581,0,0,0.9275362318840581,0.5,0.5,0.0
rmftsa,knn-nosuite,0.5,0.43979057591623066,0,0,0.5602094240837694,0.43979057591623066,0.43979057591623066,0.0
rmftsa,knn-nosuite,0.5,0.6020942408376969,0,0,0.6020942408376969,0.5,0.6020942408376969,0.0
rmftsa,knn-nosuite,0.7583333333333332,0.5,0,0,0.5,0.7583333333333332,0.5,0.0
rmftsa,knn-nosuite,0.5,0.5,0,0,0.5863309352517989,0.5863309352517989,0.5,0.0
rmftsa,knn-nosuite,0.5,0.8440860215053759,0,0,0.8440860215053759,0.5,0.5,0.0
rmftsa,knn-nosuite,0.5482866043613709,0.5,0,0,0.5482866043613709,0.5,0.5482866043613709,0.0
rmftsa,knn-nosuite,0.5,0.5,0,0,0.5,0.5,0.5,0.0
rmftsa,knn-nosuite,0.5,0.9275362318840581,0,0,0.9275362318840581,0.5,0.5,0.0
rmftsa,knn-nosuite,0.5000000000000001,0.5000000000000001,0,0,0.5000000000000001,0.7136363636363642,0.7136363636363642,0.0
rmftsa,knn-nosuite,0.5,0.626811594202898,0,0,0.5,0.37318840579710205,0.5,0.0
rmftsa,knn-nosuite,0.5,0.5,0,0,0.5,0.5,0.21937321937321919,0.0
rmftsa,knn-nosuite,0.5,0.5,0,0,0.5,0.5,0.5,0.0
rmftsa,knn-nosuite,0.5,0.5,0,0,0.5,0.543604651162791,0.543604651162791,0.0
rmftsa,knn-nosuite,0.5,0.4797297297297287,0,0,0.4797297297297287,0.5202702702702713,0.4797297297297287,0.0
rmftsa,knn-nosuite,0.5,0.47200000000000014,0,0,0.47200000000000014,0.5,0.5,0.0
rmftsa,knn-nosuite,0.5,0.5,0,0,0.5,0.5,0.5,0.0
rmftsa,knn-nosuite,0.5,0.6359447004608296,0,0,0.5,0.5,0.5,0.0
rmftsa,knn-nosuite,0.5,0.5,0,0,0.5,0.5,0.5,0.0
rmftsa,knn-nosuite,0.5,0.40298507462686567,0,0,0.5,0.5,0.40298507462686567,0.0
rmftsa,knn-nosuite,0.5,0.4123376623376624,0,0,0.5,0.5,0.5,0.0
rmftsa,knn-nosuite,0.5,0.8656716417910456,0,0,0.8656716417910456,0.5,0.5,0.0
rmftsa,knn-nosuite,0.7359999999999998,0.5,0,0,0.5,0.5,0.7359999999999998,0.0
rmftsa,knn-nosuite,0.5,0.5,0,0,0.5863309352517989,0.5863309352517989,0.5863309352517989,0.0
rmftsa,knn-nosuite,0.4999999999999999,0.4999999999999999,0,0,0.4999999999999999,0.5537757437070937,0.4999999999999999,0.0
rmftsa,knn-nosuite,0.5,0.45620437956204357,0,0,0.5,0.5,0.5,0.0
rmftsa,knn-nosuite,0.5,0.5,0,0,0.5699373695198328,0.43006263048016724,0.5,0.0
rmftsa,knn-nosuite,0.5,0.5280898876404486,0,0,0.47191011235955144,0.5280898876404486,0.5280898876404486,0.0
rmftsa,knn-nosuite,0.5,0.7883817427385893,0,0,0.5,0.5,0.5,0.0
rmftsa,knn-nosuite,0.5,,0,0,0.5,0.3807339449541287,0.5,0.0
rmftsa,knn-nosuite,0.2696078431372543,0.5,0,0,0.5,0.5,0.5,0.0
rmftsa,knn-nosuite,0.49999999999999994,0.49999999999999994,0,0,0.49999999999999994,0.7014218009478679,0.49999999999999994,0.0
rmftsa,knn-nosuite,0.5,0.5,0,0,0.5,0.5,0.5,0.0
rmftsa,knn-nosuite,0.5,0.727467811158798,0,0,0.272532188841202,0.5,0.5,0.0
rmftsa,knn-nosuite,0.5,0.37499999999999983,0,0,0.5,0.5,0.5,0.0
rmftsa,knn-nosuite,0.5,0.8435643564356435,0,0,0.8435643564356435,0.5,0.5,0.0
rmftsa,knn-nosuite,0.5,0.9275362318840581,0,0,0.9275362318840581,0.5,0.07246376811594196,0.0
rmftsa,knn-nosuite,0.5,0.727467811158798,0,0,0.272532188841202,0.5,0.5,0.0
rmftsa,knn-nosuite,0.5,0.5,0,0,0.5,0.5,0.348583877995643,0.0
rmftsa,knn-nosuite,0.49999999999999994,0.49999999999999994,0,0,0.49999999999999994,0.49999999999999994,0.6013071895424835,0.0
rmftsa,knn-nosuite,0.5,0.5375722543352605,0,0,0.5,0.5375722543352605,0.5,0.0
banknote-authentication,knn-nosuite,0.3333333333333333,,0,0,0.3333333333333333,0.5,0.3333333333333333,0.0
banknote-authentication,knn-nosuite,0.0,,0,0,0.5,0.5,0.25,0.0
banknote-authentication,knn-nosuite,0.31818181818181807,,0,0,0.31818181818181807,0.5000000000000033,0.31818181818181807,0.0
banknote-authentication,knn-nosuite,0.2977855477855478,0.8548951048951055,0,0,0.44055944055944085,0.43356643356643354,0.2977855477855478,0.0
banknote-authentication,knn-nosuite,0.32666666666666666,0.6200000000000004,0,0,0.43666666666666676,0.32666666666666666,0.32666666666666666,0.0
banknote-authentication,knn-nosuite,0.4364341085271318,0.4364341085271318,0,0,0.4364341085271318,0.3109819121447029,0.4364341085271318,0.0
banknote-authentication,knn-nosuite,0.3333333333333333,0.7000000000000008,0,0,0.3333333333333333,0.7000000000000008,0.3333333333333333,0.0
banknote-authentication,knn-nosuite,0.0,,0,0,0.5,0.25,0.25,0.0
banknote-authentication,knn-nosuite,0.3185185185185186,0.6111111111111115,0,0,0.47777777777777775,0.47777777777777775,0.3185185185185186,0.0
banknote-authentication,knn-nosuite,0.24698795180722782,,0,0,0.24698795180722782,0.25100401606425654,0.24698795180722782,0.0
banknote-authentication,knn-nosuite,0.31858237547892726,0.7482758620689656,0,0,0.4459770114942529,0.31858237547892726,0.31858237547892726,0.0
banknote-authentication,knn-nosuite,0.5000000000000008,,0,0,0.5000000000000008,0.31333333333333296,0.29999999999999966,0.0
banknote-authentication,knn-nosuite,0.0,,0,0,0.0,0.5,0.3333333333333333,0.0
banknote-authentication,knn-nosuite,0.30952380952381064,,0,0,0.30952380952381064,0.21428571428570412,0.30952380952381064,0.0
banknote-authentication,knn-nosuite,0.2722222222222219,,0,0,0.2722222222222219,0.33333333333333426,0.31666666666666643,0.0
banknote-authentication,knn-nosuite,0.30817610062893075,0.4056603773584908,0,0,0.39622641509433953,0.30817610062893075,0.39622641509433953,0.0
banknote-authentication,knn-nosuite,0.3055555555555556,0.44444444444444425,0,0,0.41666666666666663,0.3055555555555555,0.41666666666666663,0.0
banknote-authentication,knn-nosuite,0.3198830409356725,0.656140350877193,0,0,0.46140350877192976,0.3198830409356725,0.3198830409356725,0.0
banknote-authentication,knn-nosuite,0.25,,0,0,0.5,0.3333333333333333,0.25,0.0
banknote-authentication,knn-nosuite,0.23888888888888937,,0,0,0.20000000000000157,0.25000000000000017,0.27222222222222175,0.0
banknote-authentication,knn-nosuite,0.45333333333333337,0.5944444444444446,0,0,0.45333333333333337,0.3092592592592593,0.3092592592592593,0.0
banknote-authentication,knn-nosuite,0.2980769230769231,0.3822115384615384,0,0,0.3822115384615384,0.41506410256410264,0.2980769230769231,0.0
banknote-authentication,knn-nosuite,0.16666666666666666,,0,0,0.5,0.5,0.25,0.0
banknote-authentication,knn-nosuite,0.0,,0,0,0.0,0.25,0.0,0.0
banknote-authentication,knn-nosuite,0.3182098765432099,0.6262345679012347,0,0,0.3182098765432099,0.3268518518518519,0.3182098765432099,0.0
banknote-authentication,knn-nosuite,0.1666666666666574,,0,0,0.1666666666666805,0.27777777777777773,0.16666666666666896,0.0
banknote-authentication,knn-nosuite,0.2999999999999998,,0,0,0.2999999999999996,0.2999999999999998,0.2999999999999996,0.0
banknote-authentication,knn-nosuite,0.0,,0,0,0.25,0.25,0.25,0.0
banknote-authentication,knn-nosuite,0.45245901639344255,0.8729508196721312,0,0,0.45245901639344255,0.33142076502732243,0.33142076502732243,0.0
banknote-authentication,knn-nosuite,0.2761437908496732,,0,0,0.3676470588235291,0.2892156862745098,0.2892156862745098,0.0
banknote-authentication,knn-nosuite,0.3333333333333333,,0,0,0.3333333333333333,0.0,0.3333333333333333,0.0
banknote-authentication,knn-nosuite,0.24999999999999944,,0,0,0.25000000000000056,0.18859649122807123,0.18859649122807123,0.0
banknote-authentication,knn-nosuite,0.4752444987775061,0.4752444987775061,0,0,0.4752444987775061,0.10605134474327622,0.3808068459657702,0.0
banknote-authentication,knn-nosuite,0.0,,0,0,0.0,0.3333333333333333,0.25,0.0
banknote-authentication,knn-nosuite,0.3317460317460317,0.7761904761904764,0,0,0.3317460317460317,0.7761904761904764,0.3317460317460317,0.0
banknote-authentication,knn-nosuite,0.0,,0,0,0.0,0.3333333333333333,0.0,0.0
banknote-authentication,knn-nosuite,0.0,,0,0,0.0,0.3333333333333333,0.0,0.0
banknote-authentication,knn-nosuite,0.24999999999999828,0.24999999999999828,0,0,0.25,0.25,0.25,0.0
banknote-authentication,knn-nosuite,0.24999999999999956,,0,0,0.24999999999999956,0.24999999999999956,0.24999999999999956,0.0
banknote-authentication,knn-nosuite,0.0,,0,0,0.0,0.0,0.25,0.0
banknote-authentication,knn-nosuite,0.16666666666666205,,0,0,0.16666666666666205,0.16666666666666666,0.166666666666669,0.0
banknote-authentication,knn-nosuite,0.4256410256410257,0.4256410256410257,0,0,0.4256410256410257,0.4256410256410257,0.4256410256410257,0.0
banknote-authentication,knn-nosuite,0.08790849673202612,0.6107843137254901,0,0,0.31514161220043574,0.31514161220043574,0.31514161220043574,0.0
banknote-authentication,knn-nosuite,0.49474030243261014,0.49474030243261014,0,0,0.8543721236028928,0.3305939075169844,0.42833662064431294,0.0
banknote-authentication,knn-nosuite,0.31642512077294704,,0,0,0.36231884057970953,0.3405797101449285,0.31642512077294704,0.0
banknote-authentication,knn-nosuite,0.32777777777777783,0.7333333333333328,0,0,0.4916666666666666,0.32777777777777783,0.32777777777777783,0.0
banknote-authentication,knn-nosuite,0.0,,0,0,0.0,0.0,0.0,0.0
banknote-authentication,knn-nosuite,0.306592039800995,0.569029850746269,0,0,0.29850746268656736,0.32276119402985026,0.306592039800995,0.0
banknote-authentication,knn-nosuite,0.2499999999999896,,0,0,0.2499999999999896,0.3749999999999922,0.2499999999999896,0.0
banknote-authentication,knn-nosuite,0.4585121602288984,0.4585121602288984,0,0,0.4585121602288984,0.3465665236051502,0.6520028612303289,0.0
volcanoes-a2,knn-nosuite,0.2611111111111113,,0,0,0.2611111111111113,0.2611111111111113,0.2611111111111113,0.0
volcanoes-a2,knn-nosuite,0.2635983263598313,,0,0,,0.3333333333333333,0.2635983263598313,0.0
volcanoes-a2,knn-nosuite,0.0,,0,0,,0.0,0.0,0.0
volcanoes-a2,knn-nosuite,0.3333333333333356,,0,0,0.3333333333333356,0.33333333333333215,0.3333333333333356,0.0
volcanoes-a2,knn-nosuite,0.4578313253012061,,0,0,0.2908777969018925,0.3743545611015493,0.4578313253012061,0.0
volcanoes-a2,knn-nosuite,0.0,,0,0,,0.0,0.3,0.0
volcanoes-a2,knn-nosuite,0.42857142857143055,,0,0,0.42857142857143055,0.42857142857143055,,0.0
volcanoes-a2,knn-nosuite,0.6666666666666539,,0,0,0.6666666666666539,0.4166666666666669,0.6666666666666539,0.0
volcanoes-a2,knn-nosuite,0.6523437500000009,,0,0,0.6523437500000009,0.6523437500000009,0.6523437500000009,0.0
volcanoes-a2,knn-nosuite,0.539682539682539,,0,0,0.539682539682539,0.539682539682539,0.539682539682539,0.0
volcanoes-a2,knn-nosuite,0.4396853146853147,0.5442890442890441,0,0,0.12062937062937068,0.3333333333333333,0.33245920745920743,
volcanoes-a2,knn-nosuite,0.4629629629629629,,0,0,0.4629629629629629,0.4629629629629629,0.4629629629629629,0.0
volcanoes-a2,knn-nosuite,0.2409138110072696,0.2409138110072696,0,0,0.2346832814122532,0.3826583592938734,,0.0
volcanoes-a2,knn-nosuite,0.2643678160919543,,0,0,0.2643678160919543,0.2784743991640545,0.2643678160919543,0.0
volcanoes-a2,knn-nosuite,0.0,,0,0,0.0,0.0,0.0,0.0
volcanoes-a2,knn-nosuite,0.5000000000000012,,0,0,,0.5000000000000012,0.5,0.0
volcanoes-a2,knn-nosuite,0.0,,0,0,0.4,0.0,,0.0
volcanoes-a2,knn-nosuite,0.2784090909090907,,0,0,0.2784090909090907,0.2784090909090907,0.2784090909090907,0.0
volcanoes-a2,knn-nosuite,0.26455026455026376,,0,0,0.26455026455026376,0.26455026455026376,0.26455026455026376,0.0
volcanoes-a2,knn-nosuite,0.0,,0,0,0.0,0.0,0.0,0.0
volcanoes-a2,knn-nosuite,0.35532994923857836,,0,0,0.35532994923857836,0.35532994923857836,0.35532994923857836,0.0
volcanoes-a2,knn-nosuite,0.3069306930693072,,0,0,0.3069306930693072,0.3267326732673269,0.3069306930693072,0.0
volcanoes-a2,knn-nosuite,0.0,,0,0,0.0,0.0,0.0,0.0
volcanoes-a2,knn-nosuite,0.6555555555555579,,0,0,0.6555555555555579,0.6555555555555579,0.6555555555555579,0.0
volcanoes-a2,knn-nosuite,0.431818181818182,,0,0,0.431818181818182,0.431818181818182,,0.0
volcanoes-a2,knn-nosuite,0.0,,0,0,0.0,0.0,0.0,0.0
volcanoes-a2,knn-nosuite,0.49999999999999134,,0,0,0.49999999999999134,0.49999999999999134,0.49999999999999134,0.0
volcanoes-a2,knn-nosuite,0.0,,0,0,0.0,0.0,0.0,0.0
volcanoes-a2,knn-nosuite,0.0,,0,0,0.0,0.0,,0.0
volcanoes-a2,knn-nosuite,0.22222222222222077,,0,0,,0.22222222222222077,0.22222222222222077,0.0
volcanoes-a2,knn-nosuite,0.0,,0,0,0.0,0.0,0.0,0.0
volcanoes-a2,knn-nosuite,0.0,,0,0,0.0,0.3,,0.0
volcanoes-a2,knn-nosuite,0.2040816326530609,,0,0,0.2040816326530609,0.2040816326530609,,0.0
volcanoes-a2,knn-nosuite,0.0,,0,0,,0.0,0.0,0.0
volcanoes-a2,knn-nosuite,0.7088607594936719,,0,0,,0.7088607594936719,,0.0
volcanoes-a2,knn-nosuite,0.6212121212121207,,0,0,0.6212121212121207,0.6212121212121207,0.6212121212121207,0.0
volcanoes-a2,knn-nosuite,0.40000000000000213,,0,0,,0.40000000000000213,,0.0
volcanoes-a2,knn-nosuite,0.3609154929577463,0.3609154929577463,0,0,0.25352112676056276,0.3333333333333333,0.3732394366197186,
volcanoes-a2,knn-nosuite,0.0,,0,0,0.0,0.0,0.0,0.0
volcanoes-a2,knn-nosuite,0.33211344922232433,,0,0,0.3485818847209516,0.3174748398902106,0.33211344922232433,0.0
volcanoes-a2,knn-nosuite,0.0,,0,0,0.6,0.0,,0.0
volcanoes-a2,knn-nosuite,0.3333333333333299,,0,0,0.3333333333333299,0.3333333333333299,0.3333333333333299,0.0
volcanoes-a2,knn-nosuite,0.2202380952380947,,0,0,0.2202380952380947,0.2202380952380947,0.2202380952380947,0.0
volcanoes-a2,knn-nosuite,0.6666666666666718,,0,0,,0.6666666666666718,0.6666666666666718,0.0
volcanoes-a2,knn-nosuite,0.0,,0,0,,0.0,,0.0
volcanoes-a2,knn-nosuite,0.38705583756345163,0.38705583756345163,0,0,0.38705583756345163,0.38705583756345163,0.3329103214890021,
volcanoes-a2,knn-nosuite,0.0,,0,0,0.0,0.0,,0.0
volcanoes-a2,knn-nosuite,0.4836193447737913,,0,0,0.4836193447737913,0.36271450858034315,,0.0
volcanoes-a2,knn-nosuite,0.49999999999999795,,0,0,0.3000000000000012,0.49999999999999795,0.49999999999999795,0.0
volcanoes-a2,knn-nosuite,0.23152709359605927,,0,0,0.23152709359605927,0.23152709359605927,0.23152709359605927,0.0
volcanoes-a3,knn-nosuite,0.3352564102564104,0.38333333333333364,0,0,0.437179487179488,0.38333333333333364,0.38333333333333364,
volcanoes-a3,knn-nosuite,0.16129032258064427,,0,0,,0.16129032258064427,,0.0
volcanoes-a3,knn-nosuite,0.4189560439560441,0.4189560439560441,0,0,0.7298534798534798,0.3333333333333333,0.1350732600732601,
volcanoes-a3,knn-nosuite,0.09090909090908919,,0,0,0.09090909090908919,0.09090909090908919,0.09090909090908919,0.0
volcanoes-a3,knn-nosuite,0.0,,0,0,0.0,0.0,,0.0
volcanoes-a3,knn-nosuite,0.3333333333333345,,0,0,0.3333333333333345,0.3333333333333345,0.3333333333333345,0.0
volcanoes-a3,knn-nosuite,0.31249999999999684,,0,0,0.37499999999999334,0.31249999999999684,,0.0
volcanoes-a3,knn-nosuite,0.3750000000000079,,0,0,,0.3750000000000079,0.3750000000000079,0.0
volcanoes-a3,knn-nosuite,0.338187702265372,,0,0,0.338187702265372,0.338187702265372,0.338187702265372,0.0
volcanoes-a3,knn-nosuite,0.43939393939394,,0,0,0.43939393939394,0.43939393939394,,0.0
volcanoes-a3,knn-nosuite,0.0,,0,0,0.6,0.0,0.0,0.0
volcanoes-a3,knn-nosuite,0.21438082556591195,0.21438082556591195,0,0,0.21438082556591195,0.2303595206391479,0.21438082556591195,0.0
volcanoes-a3,knn-nosuite,0.36849925705794995,,0,0,0.36849925705794995,0.36849925705794995,,0.0
volcanoes-a3,knn-nosuite,0.3274087932647335,0.3274087932647335,0,0,0.4181478016838168,0.3274087932647335,0.3816651075771749,
volcanoes-a3,knn-nosuite,0.2877030162412983,0.2877030162412983,0,0,0.2877030162412983,0.2877030162412983,,0.0
volcanoes-a3,knn-nosuite,0.20118343195266228,,0,0,0.20118343195266228,0.20118343195266228,0.20118343195266228,0.0
volcanoes-a3,knn-nosuite,0.18421052631578952,,0,0,0.18421052631578952,0.18421052631578952,0.18421052631578952,0.0
volcanoes-a3,knn-nosuite,0.0,,0,0,,0.0,0.0,0.0
volcanoes-a3,knn-nosuite,0.04838709677419367,,0,0,0.04838709677419367,0.04838709677419367,,0.0
volcanoes-a3,knn-nosuite,0.3287671232876697,,0,0,,0.3287671232876697,0.3287671232876697,0.0
volcanoes-a3,knn-nosuite,0.0,,0,0,,0.0,0.0,0.0
volcanoes-a3,knn-nosuite,0.29257641921397315,0.29257641921397315,0,0,0.29257641921397315,0.29257641921397315,0.29257641921397315,0.0
volcanoes-a3,knn-nosuite,0.6341463414634128,,0,0,0.6341463414634128,0.6341463414634128,,0.0
volcanoes-a3,knn-nosuite,0.4125,0.345454545454546,0,0,0.345454545454546,0.4125,0.26022727272727303,0.0
volcanoes-a3,knn-nosuite,0.23684210526315702,,0,0,0.23684210526315702,0.23684210526315702,0.23684210526315702,0.0
volcanoes-a3,knn-nosuite,0.49056603773584845,,0,0,,0.49056603773584845,0.49056603773584845,0.0
volcanoes-a3,knn-nosuite,0.3675213675213689,0.3675213675213689,0,0,0.3675213675213689,0.3482905982905987,0.33547008547008567,0.0
volcanoes-a3,knn-nosuite,0.0,,0,0,0.0,0.0,,0.0
volcanoes-a3,knn-nosuite,0.0,,0,0,0.0,0.0,0.0,0.0
volcanoes-a3,knn-nosuite,0.0,,0,0,0.0,0.0,,0.0
volcanoes-a3,knn-nosuite,0.0,,0,0,,0.0,0.0,0.0
volcanoes-a3,knn-nosuite,0.3333333333333356,,0,0,0.3333333333333356,0.3333333333333356,0.3333333333333356,0.0
volcanoes-a3,knn-nosuite,0.3462819089900117,0.3462819089900117,0,0,0.3462819089900117,0.3812430632630413,0.3462819089900117,0.0
volcanoes-a3,knn-nosuite,0.29629629629629606,,0,0,0.29629629629629606,0.29629629629629606,0.29629629629629606,0.0
volcanoes-a3,knn-nosuite,0.0,,0,0,,0.0,0.0,0.0
volcanoes-a3,knn-nosuite,0.3088888888888879,,0,0,0.3088888888888879,0.2455555555555549,,0.0
volcanoes-a3,knn-nosuite,0.3181818181818166,,0,0,,0.3181818181818166,,0.0
volcanoes-a3,knn-nosuite,0.6199999999999998,,0,0,0.6199999999999998,0.6199999999999998,,0.0
volcanoes-a3,knn-nosuite,0.3270142180094775,0.3270142180094775,0,0,,0.3270142180094775,,0.0
volcanoes-a3,knn-nosuite,0.44186046511627836,,0,0,,0.44186046511627836,0.44186046511627836,0.0
volcanoes-a3,knn-nosuite,0.0,,0,0,0.0,0.0,0.0,0.0
volcanoes-a3,knn-nosuite,0.41563434429730894,0.3333333333333334,0,0,0.41563434429730894,0.41563434429730894,0.3333333333333334,0.0
volcanoes-a3,knn-nosuite,0.1538461538461506,,0,0,0.1538461538461506,0.1538461538461506,0.1538461538461506,0.0
volcanoes-a3,knn-nosuite,0.0,,0,0,0.0,0.0,,0.0
volcanoes-a3,knn-nosuite,0.258957654723127,,0,0,0.258957654723127,0.3333333333333333,,0.0
volcanoes-a3,knn-nosuite,0.0,,0,0,,0.0,0.0,0.0
volcanoes-a3,knn-nosuite,0.25903614457831325,,0,0,0.25903614457831325,0.20481927710843362,,0.0
volcanoes-a3,knn-nosuite,0.49999999999999656,,0,0,,0.49999999999999656,0.49999999999999656,0.0
volcanoes-a3,knn-nosuite,0.0,,0,0,0.0,0.0,0.0,0.0
volcanoes-a3,knn-nosuite,0.16666666666666474,,0,0,0.16666666666666474,0.16666666666666474,0.16666666666666474,0.0
volcanoes-a4,knn-nosuite,0.0,,0,0,,0.0,,0.0
volcanoes-a4,knn-nosuite,0.33333333333333387,,0,0,0.33333333333333387,0.33333333333333387,,0.0
volcanoes-a4,knn-nosuite,0.4061860940695297,0.4061860940695297,0,0,0.4061860940695297,0.3333333333333333,0.4061860940695297,0.0
volcanoes-a4,knn-nosuite,0.5957446808510639,,0,0,0.5957446808510639,0.5957446808510639,0.5957446808510639,0.0
volcanoes-a4,knn-nosuite,0.49999999999999883,,0,0,0.49999999999999883,0.49999999999999883,0.49999999999999883,0.0
volcanoes-a4,knn-nosuite,0.3833151581243185,0.3833151581243185,0,0,0.19029443838604126,0.3833151581243185,0.21183206106870212,
volcanoes-a4,knn-nosuite,0.06249999999999969,,0,0,0.06249999999999969,0.06249999999999969,0.06249999999999969,0.0
volcanoes-a4,knn-nosuite,0.40037593984962416,,0,0,0.40037593984962416,0.40037593984962416,0.40037593984962416,0.0
volcanoes-a4,knn-nosuite,0.6624203821656058,,0,0,0.6624203821656058,0.6624203821656058,0.6624203821656058,0.0
volcanoes-a4,knn-nosuite,0.6764705882352937,,0,0,0.1176470588235312,0.6764705882352937,,0.0
volcanoes-a4,knn-nosuite,0.0,,0,0,,0.0,0.0,0.0
volcanoes-a4,knn-nosuite,0.2595041322314051,,0,0,0.2595041322314051,0.2595041322314051,,0.0
volcanoes-a4,knn-nosuite,0.0,,0,0,,0.0,0.0,0.0
volcanoes-a4,knn-nosuite,0.0,,0,0,,0.0,0.0,0.0
volcanoes-a4,knn-nosuite,0.5294117647058708,,0,0,,0.5294117647058708,0.5294117647058708,0.0
volcanoes-a4,knn-nosuite,0.44444444444444514,,0,0,0.44444444444444514,0.44444444444444514,0.44444444444444514,0.0
volcanoes-a4,knn-nosuite,0.0,,0,0,0.0,0.0,,0.0
volcanoes-a4,knn-nosuite,0.0,,0,0,,0.0,,0.0
volcanoes-a4,knn-nosuite,0.39130434782608503,,0,0,0.39130434782608503,0.39130434782608503,,0.0
volcanoes-a4,knn-nosuite,0.0625000000000002,,0,0,,0.0625000000000002,,0.0
volcanoes-a4,knn-nosuite,0.4642857142857143,,0,0,,0.4642857142857143,0.4642857142857143,0.0
volcanoes-a4,knn-nosuite,0.38425196850393695,0.38425196850393695,0,0,0.4204724409448819,0.38425196850393695,0.38425196850393695,0.0
volcanoes-a4,knn-nosuite,0.0,,0,0,0.0,0.0,0.0,0.0
volcanoes-a4,knn-nosuite,0.0,,0,0,,0.0,,0.0
volcanoes-a4,knn-nosuite,0.41281809613572096,0.41281809613572096,0,0,0.3333333333333333,0.34118755890669183,0.3652214891611686,0.0
volcanoes-a4,knn-nosuite,0.5540540540540554,,0,0,,0.5540540540540554,0.5540540540540554,0.0
volcanoes-a4,knn-nosuite,0.35714285714285565,,0,0,0.35714285714285565,0.3214285714285737,0.35714285714285565,0.0
volcanoes-a4,knn-nosuite,0.35346964064436187,0.35346964064436187,0,0,0.35346964064436187,0.35346964064436187,0.2766418835192068,
volcanoes-a4,knn-nosuite,0.3687150837988835,,0,0,,0.3435754189944137,0.3687150837988835,0.0
volcanoes-a4,knn-nosuite,0.1850393700787402,,0,0,0.1850393700787402,0.1850393700787402,,0.0
volcanoes-a4,knn-nosuite,0.4548104956268227,,0,0,,0.4548104956268227,,0.0
volcanoes-a4,knn-nosuite,0.2857142857142832,,0,0,0.2857142857142832,0.2857142857142832,,0.0
volcanoes-a4,knn-nosuite,0.3481781376518214,,0,0,0.3481781376518214,0.23582995951417007,,0.0
volcanoes-a4,knn-nosuite,0.21487603305785136,,0,0,0.21487603305785136,0.21487603305785136,0.21487603305785136,0.0
volcanoes-a4,knn-nosuite,0.3463989802421925,0.3463989802421925,0,0,0.3333333333333333,0.3463989802421925,0.3333333333333333,0.0
volcanoes-a4,knn-nosuite,0.3873144399460191,,0,0,0.3873144399460191,0.3751686909581651,,0.0
volcanoes-a4,knn-nosuite,0.2689530685920584,,0,0,0.2689530685920584,0.2689530685920584,0.2689530685920584,0.0
volcanoes-a4,knn-nosuite,0.0,,0,0,,0.0,0.0,0.0
volcanoes-a4,knn-nosuite,0.3618677042801554,,0,0,0.3618677042801554,0.3618677042801554,,0.0
volcanoes-a4,knn-nosuite,0.3333333333333333,0.3333333333333333,0,0,0.3728246318607764,0.4805890227576974,0.3333333333333333,0.0
volcanoes-a4,knn-nosuite,0.6785714285714304,,0,0,0.6785714285714304,0.6785714285714304,0.6785714285714304,0.0
volcanoes-a4,knn-nosuite,0.3057591623036652,0.3057591623036652,0,0,0.4005235602094238,0.3333333333333333,0.4005235602094238,
volcanoes-a4,knn-nosuite,0.21212121212121132,,0,0,0.21212121212121132,0.21212121212121132,0.21212121212121132,0.0
volcanoes-a4,knn-nosuite,0.5906040268456377,,0,0,0.5906040268456377,0.5906040268456377,0.5906040268456377,0.0
volcanoes-a4,knn-nosuite,0.29545454545454497,,0,0,0.29545454545454497,0.29545454545454497,,0.0
volcanoes-a4,knn-nosuite,0.45384615384615373,,0,0,0.45384615384615373,0.357692307692308,,0.0
volcanoes-a4,knn-nosuite,0.14468085106382989,,0,0,0.14468085106382989,0.4489361702127658,0.14468085106382989,0.0
volcanoes-a4,knn-nosuite,0.24242424242424238,,0,0,0.24242424242424238,0.24242424242424238,0.24242424242424238,0.0
volcanoes-a4,knn-nosuite,0.22452229299363075,,0,0,0.2643312101910826,0.24442675159235666,,0.0
volcanoes-a4,knn-nosuite,0.0,,0,0,0.0,0.0,0.0,0.0
volcanoes-e1,knn-nosuite,0.0,,0,0,0.0,0.0,0.0,0.0
volcanoes-e1,knn-nosuite,0.3604651162790706,,0,0,0.3604651162790706,0.3604651162790706,0.3604651162790706,0.0
volcanoes-e1,knn-nosuite,0.4999999999999954,,0,0,0.4999999999999954,0.4999999999999954,0.4999999999999954,0.0
volcanoes-e1,knn-nosuite,0.3571428571428592,,0,0,0.3571428571428539,0.3571428571428592,0.3571428571428592,0.0
volcanoes-e1,knn-nosuite,0.24999999999999886,,0,0,0.24999999999999886,0.24999999999999886,,0.0
volcanoes-e1,knn-nosuite,0.8035714285714317,,0,0,0.8035714285714317,0.8035714285714317,,0.0
volcanoes-e1,knn-nosuite,0.2208835341365458,,0,0,0.2208835341365458,0.2208835341365458,0.2208835341365458,0.0
volcanoes-e1,knn-nosuite,0.41304347826087046,,0,0,0.41304347826087046,0.41304347826087046,0.41304347826087046,0.0
volcanoes-e1,knn-nosuite,0.10321100917431242,,0,0,,0.10321100917431242,0.3153669724770646,0.0
volcanoes-e1,knn-nosuite,0.20227920227920212,,0,0,0.3133903133903131,0.28774928774928804,0.20227920227920212,0.0
volcanoes-e1,knn-nosuite,0.34893617021276546,,0,0,0.4127659574468091,0.34893617021276546,0.34893617021276546,0.0
volcanoes-e1,knn-nosuite,0.3583941605839415,,0,0,0.39270072992700733,0.3583941605839415,0.3583941605839415,0.0
volcanoes-e1,knn-nosuite,0.4657894736842106,,0,0,,0.4657894736842106,0.4657894736842106,0.0
volcanoes-e1,knn-nosuite,0.21874999999999978,,0,0,0.21874999999999978,0.42187500000000006,,0.0
volcanoes-e1,knn-nosuite,0.21246458923512773,,0,0,0.21246458923512773,0.21246458923512773,0.21246458923512773,0.0
volcanoes-e1,knn-nosuite,0.3333333333333416,,0,0,0.3333333333333416,0.3333333333333416,0.3333333333333416,0.0
volcanoes-e1,knn-nosuite,0.12041884816753944,,0,0,0.12041884816753944,0.12041884816753944,0.12041884816753944,0.0
volcanoes-e1,knn-nosuite,0.3846153846153824,,0,0,0.23076923076922956,0.3846153846153824,0.3846153846153824,0.0
volcanoes-e1,knn-nosuite,0.3629191321499013,,0,0,0.3629191321499013,0.3185404339250491,,0.0
volcanoes-e1,knn-nosuite,0.2573221757322175,,0,0,0.1799163179916317,0.2573221757322175,0.1799163179916317,
volcanoes-e1,knn-nosuite,0.3777462792345852,0.2501771793054573,0,0,0.3333333333333333,,0.3333333333333333,0.0
volcanoes-e1,knn-nosuite,0.43750000000000105,,0,0,0.43750000000000105,0.43750000000000105,0.43750000000000105,0.0
volcanoes-e1,knn-nosuite,0.40000000000000147,,0,0,0.40000000000000147,0.40000000000000147,,0.0
volcanoes-e1,knn-nosuite,0.1515151515151508,,0,0,0.46969696969696895,0.1515151515151508,0.1515151515151508,0.0
volcanoes-e1,knn-nosuite,0.3571428571428562,,0,0,0.3571428571428562,0.32142857142857106,0.3571428571428562,0.0
volcanoes-e1,knn-nosuite,0.3267929634641409,0.3958051420838972,0,0,0.34641407307171823,0.3267929634641409,0.2774018944519619,
volcanoes-e1,knn-nosuite,0.0420168067226884,,0,0,0.0420168067226884,0.0420168067226884,0.0420168067226884,0.0
volcanoes-e1,knn-nosuite,0.3311808118081181,,0,0,0.21586715867158668,0.3311808118081181,0.2767527675276753,0.0
volcanoes-e1,knn-nosuite,0.6956521739130485,,0,0,0.26086956521738763,0.6956521739130485,0.6956521739130485,0.0
volcanoes-e1,knn-nosuite,0.4964788732394365,,0,0,0.3257042253521124,0.3257042253521124,0.3257042253521124,0.0
volcanoes-e1,knn-nosuite,0.38669950738916276,,0,0,0.22660098522167454,0.38669950738916276,0.21921182266009856,0.0
volcanoes-e1,knn-nosuite,0.09287925696594368,,0,0,0.09287925696594368,0.09287925696594368,0.09287925696594368,0.0
volcanoes-e1,knn-nosuite,0.3256802721088434,,0,0,,0.3256802721088434,0.30272108843537393,0.0
volcanoes-e1,knn-nosuite,0.0,,0,0,0.0,0.3333333333333333,,0.0
volcanoes-e1,knn-nosuite,0.41666666666666624,,0,0,0.41666666666666624,0.2789855072463762,0.41666666666666624,
volcanoes-e1,knn-nosuite,0.31454783748361764,0.23787680209698536,0,0,0.23787680209698536,0.31454783748361764,0.3333333333333333,
volcanoes-e1,knn-nosuite,0.6071428571428567,,0,0,0.14285714285714304,0.6071428571428567,0.6071428571428567,0.0
volcanoes-e1,knn-nosuite,0.32758620689655127,,0,0,0.32758620689655127,0.32758620689655127,,0.0
volcanoes-e1,knn-nosuite,0.6040268456375836,,0,0,0.6040268456375836,0.6040268456375836,0.6040268456375836,0.0
volcanoes-e1,knn-nosuite,0.35714285714285804,,0,0,0.2857142857142865,0.35714285714285804,,0.0
volcanoes-e1,knn-nosuite,0.3873056994818652,0.4792746113989634,0,0,0.3333333333333333,0.3873056994818652,0.3333333333333333,0.0
volcanoes-e1,knn-nosuite,0.41439688715953316,,0,0,0.28988326848249035,0.41439688715953316,0.41439688715953316,0.0
volcanoes-e1,knn-nosuite,0.3461538461538474,,0,0,0.3461538461538474,0.3461538461538474,0.3461538461538474,0.0
volcanoes-e1,knn-nosuite,0.4999999999999998,,0,0,0.4999999999999998,,0.4999999999999998,0.0
volcanoes-e1,knn-nosuite,0.21428571428571433,,0,0,0.4789915966386557,0.34663865546218503,,0.0
volcanoes-e1,knn-nosuite,0.0,,0,0,0.0,0.0,,0.0
volcanoes-e2,knn-nosuite,0.16666666666666538,,0,0,,,,0.0
volcanoes-e2,knn-nosuite,0.3571428571428574,,0,0,,,,0.0
volcanoes-e2,knn-nosuite,0.15909090909090928,,0,0,0.15909090909090928,,0.15909090909090928,0.0
volcanoes-e2,knn-nosuite,0.12499999999999939,,0,0,0.12499999999999939,,0.12499999999999939,0.0
volcanoes-e2,knn-nosuite,0.10000000000000192,,0,0,,,0.10000000000000192,0.0
volcanoes-e2,knn-nosuite,0.6597938144329891,,0,0,,,,0.0
volcanoes-e2,knn-nosuite,0.20575221238938063,,0,0,0.20575221238938063,,0.20575221238938063,0.0
volcanoes-e2,knn-nosuite,0.560439560439562,,0,0,0.560439560439562,,,0.0
volcanoes-e2,knn-nosuite,0.3708487084870851,,0,0,,,0.3708487084870851,0.0
volcanoes-e2,knn-nosuite,0.39511873350923477,0.5118733509234824,0,0,0.5118733509234824,,0.5118733509234824,
volcanoes-e2,knn-nosuite,0.33661417322834625,,0,0,0.13188976377952707,,0.2293307086614173,0.0
volcanoes-e2,knn-nosuite,0.5189393939393939,,0,0,0.5189393939393939,,0.5189393939393939,0.0
volcanoes-e2,knn-nosuite,0.07947019867549678,,0,0,0.07947019867549678,,0.07947019867549678,0.0
volcanoes-e2,knn-nosuite,0.5084745762711869,,0,0,0.5084745762711869,,0.5084745762711869,0.0
volcanoes-e2,knn-nosuite,0.17699115044247762,,0,0,0.17699115044247762,,0.17699115044247762,0.0
volcanoes-e2,knn-nosuite,0.3427230046948351,,0,0,0.3427230046948351,,,0.0
volcanoes-e2,knn-nosuite,0.5000000000000064,,0,0,,,,0.0
volcanoes-e2,knn-nosuite,0.2802631578947372,,0,0,,,0.2947368421052625,0.0
volcanoes-e2,knn-nosuite,0.6442307692307694,,0,0,0.6442307692307694,,,0.0
volcanoes-e2,knn-nosuite,0.08333333333333265,,0,0,0.08333333333333265,,0.08333333333333265,0.0
volcanoes-e2,knn-nosuite,0.6981818181818178,,0,0,0.6981818181818178,,0.6981818181818178,0.0
volcanoes-e2,knn-nosuite,0.4123989218328843,,0,0,0.4123989218328843,,0.4123989218328843,0.0
volcanoes-e2,knn-nosuite,0.1715686274509814,,0,0,0.1715686274509814,,0.1715686274509814,
volcanoes-e2,knn-nosuite,0.34098360655737703,0.4622950819672135,0,0,,,0.34098360655737703,0.0
volcanoes-e2,knn-nosuite,0.6027397260273983,,0,0,0.6027397260273983,,0.6027397260273983,0.0
volcanoes-e2,knn-nosuite,0.24444444444444438,,0,0,,,,0.0
volcanoes-e2,knn-nosuite,0.47142857142857136,,0,0,0.2714285714285715,,0.47142857142857136,0.0
volcanoes-e2,knn-nosuite,0.28571428571428364,,0,0,,,0.28571428571428364,0.0
volcanoes-e2,knn-nosuite,0.3557692307692305,,0,0,0.19038461538461582,,0.5211538461538452,
volcanoes-e2,knn-nosuite,0.1728395061728393,,0,0,0.1728395061728393,,,0.0
volcanoes-e2,knn-nosuite,0.15384615384615438,,0,0,,,0.15384615384615438,0.0
volcanoes-e2,knn-nosuite,0.1312056737588655,,0,0,0.1312056737588655,,0.1312056737588655,0.0
volcanoes-e2,knn-nosuite,0.17346938775510198,,0,0,0.17346938775510198,,0.17346938775510198,0.0
volcanoes-e2,knn-nosuite,0.6600000000000004,,0,0,,,,0.0
volcanoes-e2,knn-nosuite,0.28318584070796415,,0,0,,,0.28318584070796415,0.0
volcanoes-e2,knn-nosuite,0.166666666666667,,0,0,0.7777777777777771,,,0.0
volcanoes-e2,knn-nosuite,0.42156862745097756,,0,0,,,,0.0
volcanoes-e2,knn-nosuite,0.17123287671232928,,0,0,0.17123287671232928,,0.17123287671232928,0.0
volcanoes-e2,knn-nosuite,0.37321711568938193,0.4183835182250393,0,0,0.3280507131537246,,,
volcanoes-e2,knn-nosuite,0.0,,0,0,,,0.3,0.0
volcanoes-e2,knn-nosuite,0.15568862275449125,,0,0,0.11377245508981952,,,0.0
volcanoes-e2,knn-nosuite,0.22673031026253093,,0,0,0.22673031026253093,,0.22673031026253093,0.0
volcanoes-e2,knn-nosuite,0.46726572528883176,0.34274711168164274,0,0,,,0.20410783055198964,
volcanoes-e2,knn-nosuite,0.31178707224334595,,0,0,,,0.31178707224334595,0.0
volcanoes-e2,knn-nosuite,0.4413043478260875,,0,0,0.4413043478260875,,0.4413043478260875,0.0
volcanoes-e2,knn-nosuite,0.29506172839506145,,0,0,0.29506172839506145,,,0.0
volcanoes-e2,knn-nosuite,0.3404255319148934,0.4202127659574466,0,0,0.52127659574468,,0.3191489361702133,
volcanoes-e2,knn-nosuite,0.34328358208955206,0.34328358208955206,0,0,0.34328358208955206,,0.32587064676616906,0.0
volcanoes-e2,knn-nosuite,0.6370967741935488,,0,0,,,,0.0
volcanoes-e2,knn-nosuite,0.13772455089820335,,0,0,0.13772455089820335,,0.13772455089820335,0.0
volcanoes-e3,knn-nosuite,0.23404255319149003,,0,0,0.23404255319149003,0.23404255319149003,,0.0
volcanoes-e3,knn-nosuite,0.30669546436285067,0.30669546436285067,0,0,0.30669546436285067,0.24406047516198665,0.30669546436285067,0.0
volcanoes-e3,knn-nosuite,0.5000000000000033,,0,0,0.5000000000000033,,0.5000000000000033,0.0
volcanoes-e3,knn-nosuite,0.0,,0,0,0.0,,,0.0
volcanoes-e3,knn-nosuite,0.425036390101892,0.425036390101892,0,0,0.425036390101892,,,0.0
volcanoes-e3,knn-nosuite,0.2556818181818184,,0,0,0.07386363636363591,,,0.0
volcanoes-e3,knn-nosuite,0.5612903225806443,0.5612903225806443,0,0,0.5612903225806443,0.5612903225806443,0.5612903225806443,0.0
volcanoes-e3,knn-nosuite,0.25625000000000103,,0,0,0.25625000000000103,,0.25625000000000103,0.0
volcanoes-e3,knn-nosuite,0.18565400843881852,,0,0,0.474683544303798,,0.474683544303798,0.0
volcanoes-e3,knn-nosuite,0.33072916666666685,0.33072916666666685,0,0,0.37604166666666633,0.4135416666666664,,
volcanoes-e3,knn-nosuite,0.3333333333333444,,0,0,0.3333333333333444,0.33333333333333776,0.3333333333333444,0.0
volcanoes-e3,knn-nosuite,0.24675324675324617,,0,0,0.24675324675324617,0.38311688311688324,0.24675324675324617,0.0
volcanoes-e3,knn-nosuite,0.7446808510638291,,0,0,0.7446808510638291,,0.7446808510638291,0.0
volcanoes-e3,knn-nosuite,0.13888888888888842,,0,0,0.13888888888888842,0.13888888888888842,0.13888888888888842,0.0
volcanoes-e3,knn-nosuite,0.5969387755102047,,0,0,0.5969387755102047,,0.5969387755102047,0.0
volcanoes-e3,knn-nosuite,0.5000000000000017,,0,0,0.5000000000000017,0.5,,0.0
volcanoes-e3,knn-nosuite,0.4107142857142871,,0,0,0.4107142857142871,,0.4107142857142871,0.0
volcanoes-e3,knn-nosuite,0.3601440576230488,0.4861944777911157,0,0,0.3601440576230488,0.3601440576230488,0.4861944777911157,0.0
volcanoes-e3,knn-nosuite,0.7066666666666658,,0,0,0.7066666666666658,0.7066666666666658,0.7066666666666658,0.0
volcanoes-e3,knn-nosuite,0.21917808219178156,,0,0,0.21917808219178156,0.21917808219178156,,0.0
volcanoes-e3,knn-nosuite,0.16606498194945832,,0,0,0.16606498194945832,,,0.0
volcanoes-e3,knn-nosuite,0.21576763485477216,,0,0,0.11618257261410768,,0.21576763485477216,0.0
volcanoes-e3,knn-nosuite,0.7282608695652178,,0,0,0.7282608695652178,0.7282608695652178,0.7282608695652178,0.0
volcanoes-e3,knn-nosuite,0.13380281690140816,,0,0,0.13380281690140816,0.13380281690140816,0.13380281690140816,0.0
volcanoes-e3,knn-nosuite,0.16105769230769207,,0,0,0.16105769230769207,0.16105769230769207,,0.0
volcanoes-e3,knn-nosuite,0.0,,0,0,0.6,,,0.0
volcanoes-e3,knn-nosuite,0.08208955223880508,,0,0,0.08208955223880508,,0.08208955223880508,0.0
volcanoes-e3,knn-nosuite,0.48955916473317834,0.48955916473317834,0,0,0.48955916473317834,0.3333333333333333,0.29350348027842255,0.0
volcanoes-e3,knn-nosuite,0.30487804878048885,,0,0,0.30487804878048885,0.30487804878048885,,0.0
volcanoes-e3,knn-nosuite,0.39999999999999997,,0,0,0.39999999999999997,,0.39999999999999997,0.0
volcanoes-e3,knn-nosuite,0.3619528619528624,0.11896745230078729,0,0,0.3619528619528624,0.3333333333333333,0.19753086419753124,
volcanoes-e3,knn-nosuite,0.07142857142857326,,0,0,0.07142857142857326,0.2500000000000002,0.07142857142857326,0.0
volcanoes-e3,knn-nosuite,0.18604651162790822,,0,0,0.18604651162790822,0.18604651162790822,,0.0
volcanoes-e3,knn-nosuite,0.693548387096774,,0,0,0.693548387096774,0.693548387096774,,0.0
volcanoes-e3,knn-nosuite,0.6896551724137961,,0,0,0.13793103448275576,,0.6896551724137961,0.0
volcanoes-e3,knn-nosuite,0.2692307692307697,,0,0,0.17948717948717963,0.2692307692307697,0.2692307692307697,0.0
volcanoes-e3,knn-nosuite,0.33333333333333115,,0,0,0.33333333333333115,,0.33333333333333115,0.0
volcanoes-e3,knn-nosuite,0.8089171974522292,,0,0,0.8089171974522292,,,0.0
volcanoes-e3,knn-nosuite,0.4268292682926826,,0,0,0.4268292682926826,0.4268292682926826,,0.0
volcanoes-e3,knn-nosuite,0.5540540540540546,,0,0,0.5540540540540546,,,0.0
volcanoes-e3,knn-nosuite,0.3666666666666659,,0,0,0.3666666666666659,0.31666666666666565,0.3666666666666659,0.0
volcanoes-e3,knn-nosuite,0.43348623853210966,0.28669724770642174,0,0,0.5802752293577975,0.3566513761467891,0.3566513761467891,0.0
volcanoes-e3,knn-nosuite,0.4565217391304351,,0,0,0.2826086956521729,0.2608695652173919,0.4565217391304351,0.0
volcanoes-e3,knn-nosuite,0.3333333333333339,,0,0,0.3333333333333339,,0.3333333333333339,0.0
volcanoes-e3,knn-nosuite,0.8157894736842136,,0,0,0.8157894736842136,,,0.0
volcanoes-e3,knn-nosuite,0.45283018867924446,,0,0,0.45283018867924446,0.3773584905660382,,0.0
volcanoes-e3,knn-nosuite,0.6999999999999982,0.6999999999999982,0,0,0.6999999999999982,0.1500000000000009,0.6999999999999982,0.0
volcanoes-e3,knn-nosuite,0.3235294117647063,,0,0,0.3235294117647063,,,0.0
volcanoes-e3,knn-nosuite,0.083333333333332,0.083333333333332,0,0,0.083333333333332,0.39833333333333326,,
volcanoes-e3,knn-nosuite,0.6980519480519487,,0,0,0.6980519480519487,0.6980519480519487,,0.0
volcanoes-e4,knn-nosuite,0.1464646464646461,,0,0,0.1464646464646461,,,0.0
volcanoes-e4,knn-nosuite,0.09999999999999983,,0,0,0.6999999999999993,0.09999999999999983,0.09999999999999983,0.0
volcanoes-e4,knn-nosuite,0.34802904564315323,,0,0,0.5404564315352696,,0.1556016597510369,0.0
volcanoes-e4,knn-nosuite,0.2875457875457874,,0,0,0.2875457875457874,,0.2875457875457874,0.0
volcanoes-e4,knn-nosuite,0.3333333333333333,0.4179104477611945,0,0,0.40995024875621877,0.4179104477611945,0.4179104477611945,0.0
volcanoes-e4,knn-nosuite,0.0,,0,0,0.4,,,0.0
volcanoes-e4,knn-nosuite,0.3333333333333333,0.40832773673606476,0,0,0.4294828744123571,,0.40832773673606476,0.0
volcanoes-e4,knn-nosuite,0.6111111111111107,,0,0,0.3111111111111108,,0.6111111111111107,0.0
volcanoes-e4,knn-nosuite,0.19298245614035053,,0,0,0.19298245614035053,,0.19298245614035053,0.0
volcanoes-e4,knn-nosuite,0.2857142857142861,,0,0,0.28571428571428886,,,0.0
volcanoes-e4,knn-nosuite,0.30520646319569145,,0,0,0.05206463195691245,,0.5583482944344704,0.0
volcanoes-e4,knn-nosuite,0.2500000000000004,,0,0,0.2500000000000004,,0.2500000000000004,0.0
volcanoes-e4,knn-nosuite,0.9521276595744678,,0,0,0.9521276595744678,,0.9521276595744678,0.0
volcanoes-e4,knn-nosuite,0.12499999999999992,,0,0,,,,0.0
volcanoes-e4,knn-nosuite,0.7230769230769255,,0,0,0.7230769230769255,,,0.0
volcanoes-e4,knn-nosuite,0.5208333333333334,,0,0,0.06944444444444457,,0.5208333333333334,0.0
volcanoes-e4,knn-nosuite,0.5000000000000017,,0,0,,,,0.0
volcanoes-e4,knn-nosuite,0.06024096385542189,,0,0,0.3012048192771089,,,0.0
volcanoes-e4,knn-nosuite,0.7335025380710656,,0,0,0.7335025380710656,,,0.0
volcanoes-e4,knn-nosuite,0.4591836734693873,,0,0,0.4591836734693873,,,0.0
volcanoes-e4,knn-nosuite,0.38542581211589105,0.06321334503950819,0,0,0.707638279192274,,,0.0
volcanoes-e4,knn-nosuite,0.22666666666666685,,0,0,0.22666666666666685,,0.22666666666666685,0.0
volcanoes-e4,knn-nosuite,0.2933884297520656,,0,0,0.2933884297520656,0.38636363636363635,0.2933884297520656,0.0
volcanoes-e4,knn-nosuite,0.33333333333333554,,0,0,0.33333333333333554,,0.33333333333333554,0.0
volcanoes-e4,knn-nosuite,0.3185483870967749,,0,0,0.35416666666666663,,0.3407258064516125,0.0
volcanoes-e4,knn-nosuite,0.3237410071942448,,0,0,0.3237410071942448,,0.3237410071942448,0.0
volcanoes-e4,knn-nosuite,0.5925925925925916,,0,0,0.5925925925925916,,0.5925925925925916,0.0
volcanoes-e4,knn-nosuite,0.5629139072847684,,0,0,0.5629139072847684,,,0.0
volcanoes-e4,knn-nosuite,0.7000000000000014,,0,0,0.7000000000000014,,0.7000000000000014,0.0
volcanoes-e4,knn-nosuite,0.5178571428571427,,0,0,0.5178571428571427,,,0.0
volcanoes-e4,knn-nosuite,0.0,,0,0,0.0,,0.0,0.0
volcanoes-e4,knn-nosuite,0.4166666666666684,,0,0,0.4166666666666673,,0.4166666666666684,0.0
volcanoes-e4,knn-nosuite,0.5303030303030306,0.5303030303030306,0,0,0.3090909090909075,,0.34545454545454624,0.0
volcanoes-e4,knn-nosuite,0.33408408408408374,,0,0,0.3933933933933942,,0.3626126126126133,0.0
volcanoes-e4,knn-nosuite,0.3571428571428568,,0,0,0.21938775510204073,,0.3571428571428568,0.0
volcanoes-e4,knn-nosuite,0.12500000000000092,,0,0,0.12500000000000092,,0.12500000000000092,0.0
volcanoes-e4,knn-nosuite,0.33049242424242414,,0,0,0.3390151515151518,,0.528409090909091,0.0
volcanoes-e4,knn-nosuite,0.3125000000000046,,0,0,0.43749999999999106,,0.3125000000000046,0.0
volcanoes-e4,knn-nosuite,0.22549019607843143,,0,0,0.2843137254901967,,0.22549019607843143,0.0
volcanoes-e4,knn-nosuite,0.16438356164383594,,0,0,0.16438356164383594,,,0.0
volcanoes-e4,knn-nosuite,0.0,,0,0,0.6,,,0.0
volcanoes-e4,knn-nosuite,0.4583333333333345,,0,0,0.4583333333333345,0.4583333333333345,0.4583333333333345,0.0
volcanoes-e4,knn-nosuite,0.3883388338833881,0.26732673267326756,0,0,0.3883388338833881,,0.2453245324532457,0.0
volcanoes-e4,knn-nosuite,0.6510067114093961,,0,0,0.6510067114093961,,,0.0
volcanoes-e4,knn-nosuite,0.2826086956521729,,0,0,,,,0.0
volcanoes-e4,knn-nosuite,0.5833333333333335,,0,0,,,,0.0
volcanoes-e4,knn-nosuite,0.4999999999999978,,0,0,0.4999999999999978,,,0.0
yeast,knn-nosuite,0.1566008171684716,0.24027133166726164,0,0,0.18792098060216592,,0.15767186322345195,0.0
yeast,knn-nosuite,0.18080189857606793,0.48471979348821664,0,0,0.22186138174147155,,0.22610125739029055,0.0
yeast,knn-nosuite,0.16666666666666666,0.1827949857398688,0,0,0.16666666666666666,,0.16666666666666666,0.0
yeast,knn-nosuite,0.14827123605097878,0.2603207512653213,0,0,0.16551314104518586,,0.16897371790962862,0.0
yeast,knn-nosuite,0.1276146063432327,0.2896997463797761,0,0,0.15313752761187926,,0.18765851264010472,0.0
yeast,knn-nosuite,0.10257587818667974,0.20088584083440486,0,0,0.16666666666666666,,0.16504806809135997,0.0
yeast,knn-nosuite,0.15247409292094027,0.18308552649015394,0,0,0.2132464021626778,,0.16666666666666666,0.0
yeast,knn-nosuite,0.18015515064044746,0.1363882374165615,0,0,0.18015515064044746,,0.14094854370878182,0.0
yeast,knn-nosuite,0.13038007810927243,0.20849941619358214,0,0,0.1604159117445746,,0.16666666666666663,0.0
yeast,knn-nosuite,0.19190937367453687,0.5370422734341862,0,0,0.29379329845892815,,0.29379329845892815,0.0
yeast,knn-nosuite,0.16627511065713318,0.15321756894790622,0,0,0.18684031324480754,,0.15321756894790622,0.0
yeast,knn-nosuite,0.1666666666666667,0.16011712439418432,0,0,0.1666666666666667,0.14398222940226177,0.1400612547119008,0.0
yeast,knn-nosuite,0.11864035087719288,0.19810371517027897,0,0,0.16687306501547994,,0.13885448916408671,0.0
yeast,knn-nosuite,0.18166963755199061,0.47266785502079656,0,0,0.1931818181818183,,0.1931818181818183,0.0
yeast,knn-nosuite,0.16666666666666666,0.1833247555326815,0,0,0.1677303139475039,,0.13977526162291992,0.0
yeast,knn-nosuite,0.15247578405473142,0.40601503759398483,0,0,0.17943507417191626,,0.16057711847185532,0.0
yeast,knn-nosuite,0.16666666666666666,0.27602347434404734,0,0,0.18835691352362133,,0.23544614190452667,0.0
yeast,knn-nosuite,0.21942436757873,0.26420581655480996,0,0,0.19313371192565823,,0.16666666666666666,0.0
yeast,knn-nosuite,0.14285714285714285,0.1675024893636282,0,0,0.14285714285714285,,0.1554041821308954,0.0
yeast,knn-nosuite,0.2222631264092771,0.5697390824168237,0,0,0.31144448023560795,,0.22457932600125766,0.0
yeast,knn-nosuite,0.16666666666666666,0.1419340610872203,0,0,0.16050556841989205,,0.1419340610872203,0.0
yeast,knn-nosuite,0.14738799234629404,0.2560742265063717,0,0,0.2560742265063717,,0.2067854435178164,0.0
yeast,knn-nosuite,0.14285714285714285,0.153903200624512,0,0,0.18954918032786866,,0.16976971116315387,0.0
yeast,knn-nosuite,0.1369250795487416,0.3357824703500144,0,0,0.17194098929707835,,0.16666666666666666,0.0
yeast,knn-nosuite,0.14285714285714285,0.1661153086923967,0,0,0.15279763120277715,,0.16106800081682665,0.0
yeast,knn-nosuite,0.16666666666666666,0.1912086480854389,0,0,0.16666666666666666,,0.16666666666666666,0.0
yeast,knn-nosuite,0.16666666666666666,0.21720711699915293,0,0,0.1018716783486097,,0.17864900254178548,0.0
yeast,knn-nosuite,0.14285714285714282,0.05861084681255915,0,0,0.16666666666666663,,0.16723120837297817,0.0
yeast,knn-nosuite,0.14285714285714285,0.1779996615332543,0,0,0.21494753765442542,,0.1779996615332543,0.0
yeast,knn-nosuite,0.14285714285714285,0.19746827937863165,0,0,0.16666666666666666,,0.1276414087513341,0.0
yeast,knn-nosuite,0.12308206027214291,0.14201101928374657,0,0,0.16666666666666663,,0.2144002003506135,0.0
yeast,knn-nosuite,0.09496092841943383,0.26264685370956514,0,0,0.15192318008690528,,0.17496378949627164,0.0
yeast,knn-nosuite,0.1569184303649109,0.2134187571843938,0,0,0.14285714285714285,,0.16666666666666666,0.0
yeast,knn-nosuite,0.19766912155493124,0.43580593728646255,0,0,0.17308860375066432,,0.24409687950800996,0.0
yeast,knn-nosuite,0.18169081547120106,0.21132199736558496,0,0,0.21054364746736914,,0.18169081547120106,0.0
yeast,knn-nosuite,0.16666666666666666,0.25716351519152475,0,0,0.19501108124675814,,0.2018319422832084,0.0
yeast,knn-nosuite,0.22854997183803744,0.3955504099130107,0,0,0.2856874647975467,,0.22459165154264965,0.0
yeast,knn-nosuite,0.23551869404949968,0.25569848792597594,0,0,0.21580907244414346,,0.22037914691943122,0.0
yeast,knn-nosuite,0.14285714285714285,0.16292264937471052,0,0,0.18630318269039897,,0.18630318269039897,0.0
yeast,knn-nosuite,0.16666666666666666,0.09132939214794594,0,0,0.16666666666666666,,0.18173412157041083,0.0
yeast,knn-nosuite,0.14285714285714285,0.24684517327525488,0,0,0.19636794567932883,,0.19636794567932883,0.0
yeast,knn-nosuite,0.14285714285714285,0.16628194116383938,0,0,0.13506549280652783,,0.16666666666666666,0.0
yeast,knn-nosuite,0.1919790644422637,0.13341511285574095,0,0,0.1599825537018864,,0.16666666666666666,0.0
yeast,knn-nosuite,0.13381365969206488,0.21634425582313455,0,0,0.14285714285714282,0.13522831951572564,0.17885511251480446,0.0
yeast,knn-nosuite,0.20675927002208527,0.2712425897942581,0,0,0.21550621876089748,,0.2453795187725219,0.0
yeast,knn-nosuite,0.14285714285714285,0.16953478197462443,0,0,0.16666666666666666,,0.16626804725098437,0.0
yeast,knn-nosuite,0.14285714285714285,0.2060185185185185,0,0,0.17441756272401435,,0.17441756272401435,0.0
yeast,knn-nosuite,0.16919111111111104,0.2638222222222222,0,0,0.18084444444444442,,0.2638222222222222,0.0
yeast,knn-nosuite,0.1963142375737153,0.20903538331929214,0,0,0.2959140690817186,,0.23957455770850875,0.0
rmftsa,knn-nosuite,0.5,0.5,0,0,0.5,0.5,0.35636363636363644,0.0
rmftsa,knn-nosuite,0.5,0.5,0,0,0.5,0.5,0.4942084942084942,0.0
rmftsa,knn-nosuite,0.5,0.5,0,0,0.5,0.5,0.5,0.0
rmftsa,knn-nosuite,0.5,0.7022222222222216,0,0,0.7022222222222216,0.5,0.5,0.0
rmftsa,knn-nosuite,0.49999999999999994,0.27480916030534197,0,0,0.27480916030534197,0.7251908396946579,0.7251908396946579,0.0
rmftsa,knn-nosuite,0.5,,0,0,0.5,0.5,0.7049180327868863,0.0
rmftsa,knn-nosuite,0.5,0.5,0,0,0.5,0.8156862745098041,0.8156862745098041,0.0
rmftsa,knn-nosuite,0.49999999999999994,0.9547738693467336,0,0,0.9547738693467336,0.49999999999999994,0.045226130653266354,0.0
rmftsa,knn-nosuite,0.49999999999999994,0.49999999999999994,0,0,0.49999999999999994,0.5270270270270269,0.49999999999999994,0.0
rmftsa,knn-nosuite,0.5,0.9275362318840581,0,0,0.9275362318840581,0.5,0.5,0.0
rmftsa,knn-nosuite,0.5,0.43979057591623066,0,0,0.5602094240837694,0.43979057591623066,0.43979057591623066,0.0
rmftsa,knn-nosuite,0.5,0.6020942408376969,0,0,0.6020942408376969,0.5,0.6020942408376969,0.0
rmftsa,knn-nosuite,0.7583333333333332,0.5,0,0,0.5,0.7583333333333332,0.5,0.0
rmftsa,knn-nosuite,0.5,0.5,0,0,0.5863309352517989,0.5863309352517989,0.5,0.0
rmftsa,knn-nosuite,0.5,0.8440860215053759,0,0,0.8440860215053759,0.5,0.5,0.0
rmftsa,knn-nosuite,0.5482866043613709,0.5,0,0,0.5482866043613709,0.5,0.5482866043613709,0.0
rmftsa,knn-nosuite,0.5,0.5,0,0,0.5,0.5,0.5,0.0
rmftsa,knn-nosuite,0.5,0.9275362318840581,0,0,0.9275362318840581,0.5,0.5,0.0
rmftsa,knn-nosuite,0.5000000000000001,0.5000000000000001,0,0,0.5000000000000001,0.7136363636363642,0.7136363636363642,0.0
rmftsa,knn-nosuite,0.5,0.626811594202898,0,0,0.5,0.37318840579710205,0.5,0.0
rmftsa,knn-nosuite,0.5,0.5,0,0,0.5,0.5,0.21937321937321919,0.0
rmftsa,knn-nosuite,0.5,0.5,0,0,0.5,0.5,0.5,0.0
rmftsa,knn-nosuite,0.5,0.5,0,0,0.5,0.543604651162791,0.543604651162791,0.0
rmftsa,knn-nosuite,0.5,0.4797297297297287,0,0,0.4797297297297287,0.5202702702702713,0.4797297297297287,0.0
rmftsa,knn-nosuite,0.5,0.47200000000000014,0,0,0.47200000000000014,0.5,0.5,0.0
rmftsa,knn-nosuite,0.5,0.5,0,0,0.5,0.5,0.5,0.0
rmftsa,knn-nosuite,0.5,0.6359447004608296,0,0,0.5,0.5,0.5,0.0
rmftsa,knn-nosuite,0.5,0.5,0,0,0.5,0.5,0.5,0.0
rmftsa,knn-nosuite,0.5,0.40298507462686567,0,0,0.5,0.5,0.40298507462686567,0.0
rmftsa,knn-nosuite,0.5,0.4123376623376624,0,0,0.5,0.5,0.5,0.0
rmftsa,knn-nosuite,0.5,0.8656716417910456,0,0,0.8656716417910456,0.5,0.5,0.0
rmftsa,knn-nosuite,0.7359999999999998,0.5,0,0,0.5,0.5,0.7359999999999998,0.0
rmftsa,knn-nosuite,0.5,0.5,0,0,0.5863309352517989,0.5863309352517989,0.5863309352517989,0.0
rmftsa,knn-nosuite,0.4999999999999999,0.4999999999999999,0,0,0.4999999999999999,0.5537757437070937,0.4999999999999999,0.0
rmftsa,knn-nosuite,0.5,0.45620437956204357,0,0,0.5,0.5,0.5,0.0
rmftsa,knn-nosuite,0.5,0.5,0,0,0.5699373695198328,0.43006263048016724,0.5,0.0
rmftsa,knn-nosuite,0.5,0.5280898876404486,0,0,0.47191011235955144,0.5280898876404486,0.5280898876404486,0.0
rmftsa,knn-nosuite,0.5,0.7883817427385893,0,0,0.5,0.5,0.5,0.0
rmftsa,knn-nosuite,0.5,,0,0,0.5,0.3807339449541287,0.5,0.0
rmftsa,knn-nosuite,0.2696078431372543,0.5,0,0,0.5,0.5,0.5,0.0
rmftsa,knn-nosuite,0.49999999999999994,0.49999999999999994,0,0,0.49999999999999994,0.7014218009478679,0.49999999999999994,0.0
rmftsa,knn-nosuite,0.5,0.5,0,0,0.5,0.5,0.5,0.0
rmftsa,knn-nosuite,0.5,0.727467811158798,0,0,0.272532188841202,0.5,0.5,0.0
rmftsa,knn-nosuite,0.5,0.37499999999999983,0,0,0.5,0.5,0.5,0.0
rmftsa,knn-nosuite,0.5,0.8435643564356435,0,0,0.8435643564356435,0.5,0.5,0.0
rmftsa,knn-nosuite,0.5,0.9275362318840581,0,0,0.9275362318840581,0.5,0.07246376811594196,0.0
rmftsa,knn-nosuite,0.5,0.727467811158798,0,0,0.272532188841202,0.5,0.5,0.0
rmftsa,knn-nosuite,0.5,0.5,0,0,0.5,0.5,0.348583877995643,0.0
rmftsa,knn-nosuite,0.49999999999999994,0.49999999999999994,0,0,0.49999999999999994,0.49999999999999994,0.6013071895424835,0.0
rmftsa,knn-nosuite,0.5,0.5375722543352605,0,0,0.5,0.5375722543352605,0.5,0.0
banknote-authentication,knn-nosuite,0.3333333333333333,,0,0,0.3333333333333333,0.5,0.3333333333333333,0.0
banknote-authentication,knn-nosuite,0.0,,0,0,0.5,0.5,0.25,0.0
banknote-authentication,knn-nosuite,0.31818181818181807,,0,0,0.31818181818181807,0.5000000000000033,0.31818181818181807,0.0
banknote-authentication,knn-nosuite,0.2977855477855478,0.8548951048951055,0,0,0.44055944055944085,0.43356643356643354,0.2977855477855478,0.0
banknote-authentication,knn-nosuite,0.32666666666666666,0.6200000000000004,0,0,0.43666666666666676,0.32666666666666666,0.32666666666666666,0.0
banknote-authentication,knn-nosuite,0.4364341085271318,0.4364341085271318,0,0,0.4364341085271318,0.3109819121447029,0.4364341085271318,0.0
banknote-authentication,knn-nosuite,0.3333333333333333,0.7000000000000008,0,0,0.3333333333333333,0.7000000000000008,0.3333333333333333,0.0
banknote-authentication,knn-nosuite,0.0,,0,0,0.5,0.25,0.25,0.0
banknote-authentication,knn-nosuite,0.3185185185185186,0.6111111111111115,0,0,0.47777777777777775,0.47777777777777775,0.3185185185185186,0.0
banknote-authentication,knn-nosuite,0.24698795180722782,,0,0,0.24698795180722782,0.25100401606425654,0.24698795180722782,0.0
banknote-authentication,knn-nosuite,0.31858237547892726,0.7482758620689656,0,0,0.4459770114942529,0.31858237547892726,0.31858237547892726,0.0
banknote-authentication,knn-nosuite,0.5000000000000008,,0,0,0.5000000000000008,0.31333333333333296,0.29999999999999966,0.0
banknote-authentication,knn-nosuite,0.0,,0,0,0.0,0.5,0.3333333333333333,0.0
banknote-authentication,knn-nosuite,0.30952380952381064,,0,0,0.30952380952381064,0.21428571428570412,0.30952380952381064,0.0
banknote-authentication,knn-nosuite,0.2722222222222219,,0,0,0.2722222222222219,0.33333333333333426,0.31666666666666643,0.0
banknote-authentication,knn-nosuite,0.30817610062893075,0.4056603773584908,0,0,0.39622641509433953,0.30817610062893075,0.39622641509433953,0.0
banknote-authentication,knn-nosuite,0.3055555555555556,0.44444444444444425,0,0,0.41666666666666663,0.3055555555555555,0.41666666666666663,0.0
banknote-authentication,knn-nosuite,0.3198830409356725,0.656140350877193,0,0,0.46140350877192976,0.3198830409356725,0.3198830409356725,0.0
banknote-authentication,knn-nosuite,0.25,,0,0,0.5,0.3333333333333333,0.25,0.0
banknote-authentication,knn-nosuite,0.23888888888888937,,0,0,0.20000000000000157,0.25000000000000017,0.27222222222222175,0.0
banknote-authentication,knn-nosuite,0.45333333333333337,0.5944444444444446,0,0,0.45333333333333337,0.3092592592592593,0.3092592592592593,0.0
banknote-authentication,knn-nosuite,0.2980769230769231,0.3822115384615384,0,0,0.3822115384615384,0.41506410256410264,0.2980769230769231,0.0
banknote-authentication,knn-nosuite,0.16666666666666666,,0,0,0.5,0.5,0.25,0.0
banknote-authentication,knn-nosuite,0.0,,0,0,0.0,0.25,0.0,0.0
banknote-authentication,knn-nosuite,0.3182098765432099,0.6262345679012347,0,0,0.3182098765432099,0.3268518518518519,0.3182098765432099,0.0
banknote-authentication,knn-nosuite,0.1666666666666574,,0,0,0.1666666666666805,0.27777777777777773,0.16666666666666896,0.0
banknote-authentication,knn-nosuite,0.2999999999999998,,0,0,0.2999999999999996,0.2999999999999998,0.2999999999999996,0.0
banknote-authentication,knn-nosuite,0.0,,0,0,0.25,0.25,0.25,0.0
banknote-authentication,knn-nosuite,0.45245901639344255,0.8729508196721312,0,0,0.45245901639344255,0.33142076502732243,0.33142076502732243,0.0
banknote-authentication,knn-nosuite,0.2761437908496732,,0,0,0.3676470588235291,0.2892156862745098,0.2892156862745098,0.0
banknote-authentication,knn-nosuite,0.3333333333333333,,0,0,0.3333333333333333,0.0,0.3333333333333333,0.0
banknote-authentication,knn-nosuite,0.24999999999999944,,0,0,0.25000000000000056,0.18859649122807123,0.18859649122807123,0.0
banknote-authentication,knn-nosuite,0.4752444987775061,0.4752444987775061,0,0,0.4752444987775061,0.10605134474327622,0.3808068459657702,0.0
banknote-authentication,knn-nosuite,0.0,,0,0,0.0,0.3333333333333333,0.25,0.0
banknote-authentication,knn-nosuite,0.3317460317460317,0.7761904761904764,0,0,0.3317460317460317,0.7761904761904764,0.3317460317460317,0.0
banknote-authentication,knn-nosuite,0.0,,0,0,0.0,0.3333333333333333,0.0,0.0
banknote-authentication,knn-nosuite,0.0,,0,0,0.0,0.3333333333333333,0.0,0.0
banknote-authentication,knn-nosuite,0.24999999999999828,0.24999999999999828,0,0,0.25,0.25,0.25,0.0
banknote-authentication,knn-nosuite,0.24999999999999956,,0,0,0.24999999999999956,0.24999999999999956,0.24999999999999956,0.0
banknote-authentication,knn-nosuite,0.0,,0,0,0.0,0.0,0.25,0.0
banknote-authentication,knn-nosuite,0.16666666666666205,,0,0,0.16666666666666205,0.16666666666666666,0.166666666666669,0.0
banknote-authentication,knn-nosuite,0.4256410256410257,0.4256410256410257,0,0,0.4256410256410257,0.4256410256410257,0.4256410256410257,0.0
banknote-authentication,knn-nosuite,0.08790849673202612,0.6107843137254901,0,0,0.31514161220043574,0.31514161220043574,0.31514161220043574,0.0
banknote-authentication,knn-nosuite,0.49474030243261014,0.49474030243261014,0,0,0.8543721236028928,0.3305939075169844,0.42833662064431294,0.0
banknote-authentication,knn-nosuite,0.31642512077294704,,0,0,0.36231884057970953,0.3405797101449285,0.31642512077294704,0.0
banknote-authentication,knn-nosuite,0.32777777777777783,0.7333333333333328,0,0,0.4916666666666666,0.32777777777777783,0.32777777777777783,0.0
banknote-authentication,knn-nosuite,0.0,,0,0,0.0,0.0,0.0,0.0
banknote-authentication,knn-nosuite,0.306592039800995,0.569029850746269,0,0,0.29850746268656736,0.32276119402985026,0.306592039800995,0.0
banknote-authentication,knn-nosuite,0.2499999999999896,,0,0,0.2499999999999896,0.3749999999999922,0.2499999999999896,0.0
banknote-authentication,knn-nosuite,0.4585121602288984,0.4585121602288984,0,0,0.4585121602288984,0.3465665236051502,0.6520028612303289,0.0
volcanoes-a2,knn-nosuite,0.2611111111111113,,0,0,0.2611111111111113,0.2611111111111113,0.2611111111111113,0.0
volcanoes-a2,knn-nosuite,0.2635983263598313,,0,0,,0.3333333333333333,0.2635983263598313,0.0
volcanoes-a2,knn-nosuite,0.0,,0,0,,0.0,0.0,0.0
volcanoes-a2,knn-nosuite,0.3333333333333356,,0,0,0.3333333333333356,0.33333333333333215,0.3333333333333356,0.0
volcanoes-a2,knn-nosuite,0.4578313253012061,,0,0,0.2908777969018925,0.3743545611015493,0.4578313253012061,0.0
volcanoes-a2,knn-nosuite,0.0,,0,0,,0.0,0.3,0.0
volcanoes-a2,knn-nosuite,0.42857142857143055,,0,0,0.42857142857143055,0.42857142857143055,,0.0
volcanoes-a2,knn-nosuite,0.6666666666666539,,0,0,0.6666666666666539,0.4166666666666669,0.6666666666666539,0.0
volcanoes-a2,knn-nosuite,0.6523437500000009,,0,0,0.6523437500000009,0.6523437500000009,0.6523437500000009,0.0
volcanoes-a2,knn-nosuite,0.539682539682539,,0,0,0.539682539682539,0.539682539682539,0.539682539682539,0.0
volcanoes-a2,knn-nosuite,0.4396853146853147,0.5442890442890441,0,0,0.12062937062937068,0.3333333333333333,0.33245920745920743,
volcanoes-a2,knn-nosuite,0.4629629629629629,,0,0,0.4629629629629629,0.4629629629629629,0.4629629629629629,0.0
volcanoes-a2,knn-nosuite,0.2409138110072696,0.2409138110072696,0,0,0.2346832814122532,0.3826583592938734,,0.0
volcanoes-a2,knn-nosuite,0.2643678160919543,,0,0,0.2643678160919543,0.2784743991640545,0.2643678160919543,0.0
volcanoes-a2,knn-nosuite,0.0,,0,0,0.0,0.0,0.0,0.0
volcanoes-a2,knn-nosuite,0.5000000000000012,,0,0,,0.5000000000000012,0.5,0.0
volcanoes-a2,knn-nosuite,0.0,,0,0,0.4,0.0,,0.0
volcanoes-a2,knn-nosuite,0.2784090909090907,,0,0,0.2784090909090907,0.2784090909090907,0.2784090909090907,0.0
volcanoes-a2,knn-nosuite,0.26455026455026376,,0,0,0.26455026455026376,0.26455026455026376,0.26455026455026376,0.0
volcanoes-a2,knn-nosuite,0.0,,0,0,0.0,0.0,0.0,0.0
volcanoes-a2,knn-nosuite,0.35532994923857836,,0,0,0.35532994923857836,0.35532994923857836,0.35532994923857836,0.0
volcanoes-a2,knn-nosuite,0.3069306930693072,,0,0,0.3069306930693072,0.3267326732673269,0.3069306930693072,0.0
volcanoes-a2,knn-nosuite,0.0,,0,0,0.0,0.0,0.0,0.0
volcanoes-a2,knn-nosuite,0.6555555555555579,,0,0,0.6555555555555579,0.6555555555555579,0.6555555555555579,0.0
volcanoes-a2,knn-nosuite,0.431818181818182,,0,0,0.431818181818182,0.431818181818182,,0.0
volcanoes-a2,knn-nosuite,0.0,,0,0,0.0,0.0,0.0,0.0
volcanoes-a2,knn-nosuite,0.49999999999999134,,0,0,0.49999999999999134,0.49999999999999134,0.49999999999999134,0.0
volcanoes-a2,knn-nosuite,0.0,,0,0,0.0,0.0,0.0,0.0
volcanoes-a2,knn-nosuite,0.0,,0,0,0.0,0.0,,0.0
volcanoes-a2,knn-nosuite,0.22222222222222077,,0,0,,0.22222222222222077,0.22222222222222077,0.0
volcanoes-a2,knn-nosuite,0.0,,0,0,0.0,0.0,0.0,0.0
volcanoes-a2,knn-nosuite,0.0,,0,0,0.0,0.3,,0.0
volcanoes-a2,knn-nosuite,0.2040816326530609,,0,0,0.2040816326530609,0.2040816326530609,,0.0
volcanoes-a2,knn-nosuite,0.0,,0,0,,0.0,0.0,0.0
volcanoes-a2,knn-nosuite,0.7088607594936719,,0,0,,0.7088607594936719,,0.0
volcanoes-a2,knn-nosuite,0.6212121212121207,,0,0,0.6212121212121207,0.6212121212121207,0.6212121212121207,0.0
volcanoes-a2,knn-nosuite,0.40000000000000213,,0,0,,0.40000000000000213,,0.0
volcanoes-a2,knn-nosuite,0.3609154929577463,0.3609154929577463,0,0,0.25352112676056276,0.3333333333333333,0.3732394366197186,
volcanoes-a2,knn-nosuite,0.0,,0,0,0.0,0.0,0.0,0.0
volcanoes-a2,knn-nosuite,0.33211344922232433,,0,0,0.3485818847209516,0.3174748398902106,0.33211344922232433,0.0
volcanoes-a2,knn-nosuite,0.0,,0,0,0.6,0.0,,0.0
volcanoes-a2,knn-nosuite,0.3333333333333299,,0,0,0.3333333333333299,0.3333333333333299,0.3333333333333299,0.0
volcanoes-a2,knn-nosuite,0.2202380952380947,,0,0,0.2202380952380947,0.2202380952380947,0.2202380952380947,0.0
volcanoes-a2,knn-nosuite,0.6666666666666718,,0,0,,0.6666666666666718,0.6666666666666718,0.0
volcanoes-a2,knn-nosuite,0.0,,0,0,,0.0,,0.0
volcanoes-a2,knn-nosuite,0.38705583756345163,0.38705583756345163,0,0,0.38705583756345163,0.38705583756345163,0.3329103214890021,
volcanoes-a2,knn-nosuite,0.0,,0,0,0.0,0.0,,0.0
volcanoes-a2,knn-nosuite,0.4836193447737913,,0,0,0.4836193447737913,0.36271450858034315,,0.0
volcanoes-a2,knn-nosuite,0.49999999999999795,,0,0,0.3000000000000012,0.49999999999999795,0.49999999999999795,0.0
volcanoes-a2,knn-nosuite,0.23152709359605927,,0,0,0.23152709359605927,0.23152709359605927,0.23152709359605927,0.0
volcanoes-a3,knn-nosuite,0.3352564102564104,0.38333333333333364,0,0,0.437179487179488,0.38333333333333364,0.38333333333333364,
volcanoes-a3,knn-nosuite,0.16129032258064427,,0,0,,0.16129032258064427,,0.0
volcanoes-a3,knn-nosuite,0.4189560439560441,0.4189560439560441,0,0,0.7298534798534798,0.3333333333333333,0.1350732600732601,
volcanoes-a3,knn-nosuite,0.09090909090908919,,0,0,0.09090909090908919,0.09090909090908919,0.09090909090908919,0.0
volcanoes-a3,knn-nosuite,0.0,,0,0,0.0,0.0,,0.0
volcanoes-a3,knn-nosuite,0.3333333333333345,,0,0,0.3333333333333345,0.3333333333333345,0.3333333333333345,0.0
volcanoes-a3,knn-nosuite,0.31249999999999684,,0,0,0.37499999999999334,0.31249999999999684,,0.0
volcanoes-a3,knn-nosuite,0.3750000000000079,,0,0,,0.3750000000000079,0.3750000000000079,0.0
volcanoes-a3,knn-nosuite,0.338187702265372,,0,0,0.338187702265372,0.338187702265372,0.338187702265372,0.0
volcanoes-a3,knn-nosuite,0.43939393939394,,0,0,0.43939393939394,0.43939393939394,,0.0
volcanoes-a3,knn-nosuite,0.0,,0,0,0.6,0.0,0.0,0.0
volcanoes-a3,knn-nosuite,0.21438082556591195,0.21438082556591195,0,0,0.21438082556591195,0.2303595206391479,0.21438082556591195,0.0
volcanoes-a3,knn-nosuite,0.36849925705794995,,0,0,0.36849925705794995,0.36849925705794995,,0.0
volcanoes-a3,knn-nosuite,0.3274087932647335,0.3274087932647335,0,0,0.4181478016838168,0.3274087932647335,0.3816651075771749,
volcanoes-a3,knn-nosuite,0.2877030162412983,0.2877030162412983,0,0,0.2877030162412983,0.2877030162412983,,0.0
volcanoes-a3,knn-nosuite,0.20118343195266228,,0,0,0.20118343195266228,0.20118343195266228,0.20118343195266228,0.0
volcanoes-a3,knn-nosuite,0.18421052631578952,,0,0,0.18421052631578952,0.18421052631578952,0.18421052631578952,0.0
volcanoes-a3,knn-nosuite,0.0,,0,0,,0.0,0.0,0.0
volcanoes-a3,knn-nosuite,0.04838709677419367,,0,0,0.04838709677419367,0.04838709677419367,,0.0
volcanoes-a3,knn-nosuite,0.3287671232876697,,0,0,,0.3287671232876697,0.3287671232876697,0.0
volcanoes-a3,knn-nosuite,0.0,,0,0,,0.0,0.0,0.0
volcanoes-a3,knn-nosuite,0.29257641921397315,0.29257641921397315,0,0,0.29257641921397315,0.29257641921397315,0.29257641921397315,0.0
volcanoes-a3,knn-nosuite,0.6341463414634128,,0,0,0.6341463414634128,0.6341463414634128,,0.0
volcanoes-a3,knn-nosuite,0.4125,0.345454545454546,0,0,0.345454545454546,0.4125,0.26022727272727303,0.0
volcanoes-a3,knn-nosuite,0.23684210526315702,,0,0,0.23684210526315702,0.23684210526315702,0.23684210526315702,0.0
volcanoes-a3,knn-nosuite,0.49056603773584845,,0,0,,0.49056603773584845,0.49056603773584845,0.0
volcanoes-a3,knn-nosuite,0.3675213675213689,0.3675213675213689,0,0,0.3675213675213689,0.3482905982905987,0.33547008547008567,0.0
volcanoes-a3,knn-nosuite,0.0,,0,0,0.0,0.0,,0.0
volcanoes-a3,knn-nosuite,0.0,,0,0,0.0,0.0,0.0,0.0
volcanoes-a3,knn-nosuite,0.0,,0,0,0.0,0.0,,0.0
volcanoes-a3,knn-nosuite,0.0,,0,0,,0.0,0.0,0.0
volcanoes-a3,knn-nosuite,0.3333333333333356,,0,0,0.3333333333333356,0.3333333333333356,0.3333333333333356,0.0
volcanoes-a3,knn-nosuite,0.3462819089900117,0.3462819089900117,0,0,0.3462819089900117,0.3812430632630413,0.3462819089900117,0.0
volcanoes-a3,knn-nosuite,0.29629629629629606,,0,0,0.29629629629629606,0.29629629629629606,0.29629629629629606,0.0
volcanoes-a3,knn-nosuite,0.0,,0,0,,0.0,0.0,0.0
volcanoes-a3,knn-nosuite,0.3088888888888879,,0,0,0.3088888888888879,0.2455555555555549,,0.0
volcanoes-a3,knn-nosuite,0.3181818181818166,,0,0,,0.3181818181818166,,0.0
volcanoes-a3,knn-nosuite,0.6199999999999998,,0,0,0.6199999999999998,0.6199999999999998,,0.0
volcanoes-a3,knn-nosuite,0.3270142180094775,0.3270142180094775,0,0,,0.3270142180094775,,0.0
volcanoes-a3,knn-nosuite,0.44186046511627836,,0,0,,0.44186046511627836,0.44186046511627836,0.0
volcanoes-a3,knn-nosuite,0.0,,0,0,0.0,0.0,0.0,0.0
volcanoes-a3,knn-nosuite,0.41563434429730894,0.3333333333333334,0,0,0.41563434429730894,0.41563434429730894,0.3333333333333334,0.0
volcanoes-a3,knn-nosuite,0.1538461538461506,,0,0,0.1538461538461506,0.1538461538461506,0.1538461538461506,0.0
volcanoes-a3,knn-nosuite,0.0,,0,0,0.0,0.0,,0.0
volcanoes-a3,knn-nosuite,0.258957654723127,,0,0,0.258957654723127,0.3333333333333333,,0.0
volcanoes-a3,knn-nosuite,0.0,,0,0,,0.0,0.0,0.0
volcanoes-a3,knn-nosuite,0.25903614457831325,,0,0,0.25903614457831325,0.20481927710843362,,0.0
volcanoes-a3,knn-nosuite,0.49999999999999656,,0,0,,0.49999999999999656,0.49999999999999656,0.0
volcanoes-a3,knn-nosuite,0.0,,0,0,0.0,0.0,0.0,0.0
volcanoes-a3,knn-nosuite,0.16666666666666474,,0,0,0.16666666666666474,0.16666666666666474,0.16666666666666474,0.0
volcanoes-a4,knn-nosuite,0.0,,0,0,,0.0,,0.0
volcanoes-a4,knn-nosuite,0.33333333333333387,,0,0,0.33333333333333387,0.33333333333333387,,0.0
volcanoes-a4,knn-nosuite,0.4061860940695297,0.4061860940695297,0,0,0.4061860940695297,0.3333333333333333,0.4061860940695297,0.0
volcanoes-a4,knn-nosuite,0.5957446808510639,,0,0,0.5957446808510639,0.5957446808510639,0.5957446808510639,0.0
volcanoes-a4,knn-nosuite,0.49999999999999883,,0,0,0.49999999999999883,0.49999999999999883,0.49999999999999883,0.0
volcanoes-a4,knn-nosuite,0.3833151581243185,0.3833151581243185,0,0,0.19029443838604126,0.3833151581243185,0.21183206106870212,
volcanoes-a4,knn-nosuite,0.06249999999999969,,0,0,0.06249999999999969,0.06249999999999969,0.06249999999999969,0.0
volcanoes-a4,knn-nosuite,0.40037593984962416,,0,0,0.40037593984962416,0.40037593984962416,0.40037593984962416,0.0
volcanoes-a4,knn-nosuite,0.6624203821656058,,0,0,0.6624203821656058,0.6624203821656058,0.6624203821656058,0.0
volcanoes-a4,knn-nosuite,0.6764705882352937,,0,0,0.1176470588235312,0.6764705882352937,,0.0
volcanoes-a4,knn-nosuite,0.0,,0,0,,0.0,0.0,0.0
volcanoes-a4,knn-nosuite,0.2595041322314051,,0,0,0.2595041322314051,0.2595041322314051,,0.0
volcanoes-a4,knn-nosuite,0.0,,0,0,,0.0,0.0,0.0
volcanoes-a4,knn-nosuite,0.0,,0,0,,0.0,0.0,0.0
volcanoes-a4,knn-nosuite,0.5294117647058708,,0,0,,0.5294117647058708,0.5294117647058708,0.0
volcanoes-a4,knn-nosuite,0.44444444444444514,,0,0,0.44444444444444514,0.44444444444444514,0.44444444444444514,0.0
volcanoes-a4,knn-nosuite,0.0,,0,0,0.0,0.0,,0.0
volcanoes-a4,knn-nosuite,0.0,,0,0,,0.0,,0.0
volcanoes-a4,knn-nosuite,0.39130434782608503,,0,0,0.39130434782608503,0.39130434782608503,,0.0
volcanoes-a4,knn-nosuite,0.0625000000000002,,0,0,,0.0625000000000002,,0.0
volcanoes-a4,knn-nosuite,0.4642857142857143,,0,0,,0.4642857142857143,0.4642857142857143,0.0
volcanoes-a4,knn-nosuite,0.38425196850393695,0.38425196850393695,0,0,0.4204724409448819,0.38425196850393695,0.38425196850393695,0.0
volcanoes-a4,knn-nosuite,0.0,,0,0,0.0,0.0,0.0,0.0
volcanoes-a4,knn-nosuite,0.0,,0,0,,0.0,,0.0
volcanoes-a4,knn-nosuite,0.41281809613572096,0.41281809613572096,0,0,0.3333333333333333,0.34118755890669183,0.3652214891611686,0.0
volcanoes-a4,knn-nosuite,0.5540540540540554,,0,0,,0.5540540540540554,0.5540540540540554,0.0
volcanoes-a4,knn-nosuite,0.35714285714285565,,0,0,0.35714285714285565,0.3214285714285737,0.35714285714285565,0.0
volcanoes-a4,knn-nosuite,0.35346964064436187,0.35346964064436187,0,0,0.35346964064436187,0.35346964064436187,0.2766418835192068,
volcanoes-a4,knn-nosuite,0.3687150837988835,,0,0,,0.3435754189944137,0.3687150837988835,0.0
volcanoes-a4,knn-nosuite,0.1850393700787402,,0,0,0.1850393700787402,0.1850393700787402,,0.0
volcanoes-a4,knn-nosuite,0.4548104956268227,,0,0,,0.4548104956268227,,0.0
volcanoes-a4,knn-nosuite,0.2857142857142832,,0,0,0.2857142857142832,0.2857142857142832,,0.0
volcanoes-a4,knn-nosuite,0.3481781376518214,,0,0,0.3481781376518214,0.23582995951417007,,0.0
volcanoes-a4,knn-nosuite,0.21487603305785136,,0,0,0.21487603305785136,0.21487603305785136,0.21487603305785136,0.0
volcanoes-a4,knn-nosuite,0.3463989802421925,0.3463989802421925,0,0,0.3333333333333333,0.3463989802421925,0.3333333333333333,0.0
volcanoes-a4,knn-nosuite,0.3873144399460191,,0,0,0.3873144399460191,0.3751686909581651,,0.0
volcanoes-a4,knn-nosuite,0.2689530685920584,,0,0,0.2689530685920584,0.2689530685920584,0.2689530685920584,0.0
volcanoes-a4,knn-nosuite,0.0,,0,0,,0.0,0.0,0.0
volcanoes-a4,knn-nosuite,0.3618677042801554,,0,0,0.3618677042801554,0.3618677042801554,,0.0
volcanoes-a4,knn-nosuite,0.3333333333333333,0.3333333333333333,0,0,0.3728246318607764,0.4805890227576974,0.3333333333333333,0.0
volcanoes-a4,knn-nosuite,0.6785714285714304,,0,0,0.6785714285714304,0.6785714285714304,0.6785714285714304,0.0
volcanoes-a4,knn-nosuite,0.3057591623036652,0.3057591623036652,0,0,0.4005235602094238,0.3333333333333333,0.4005235602094238,
volcanoes-a4,knn-nosuite,0.21212121212121132,,0,0,0.21212121212121132,0.21212121212121132,0.21212121212121132,0.0
volcanoes-a4,knn-nosuite,0.5906040268456377,,0,0,0.5906040268456377,0.5906040268456377,0.5906040268456377,0.0
volcanoes-a4,knn-nosuite,0.29545454545454497,,0,0,0.29545454545454497,0.29545454545454497,,0.0
volcanoes-a4,knn-nosuite,0.45384615384615373,,0,0,0.45384615384615373,0.357692307692308,,0.0
volcanoes-a4,knn-nosuite,0.14468085106382989,,0,0,0.14468085106382989,0.4489361702127658,0.14468085106382989,0.0
volcanoes-a4,knn-nosuite,0.24242424242424238,,0,0,0.24242424242424238,0.24242424242424238,0.24242424242424238,0.0
volcanoes-a4,knn-nosuite,0.22452229299363075,,0,0,0.2643312101910826,0.24442675159235666,,0.0
volcanoes-a4,knn-nosuite,0.0,,0,0,0.0,0.0,0.0,0.0
volcanoes-e1,knn-nosuite,0.0,,0,0,0.0,0.0,0.0,0.0
volcanoes-e1,knn-nosuite,0.3604651162790706,,0,0,0.3604651162790706,0.3604651162790706,0.3604651162790706,0.0
volcanoes-e1,knn-nosuite,0.4999999999999954,,0,0,0.4999999999999954,0.4999999999999954,0.4999999999999954,0.0
volcanoes-e1,knn-nosuite,0.3571428571428592,,0,0,0.3571428571428539,0.3571428571428592,0.3571428571428592,0.0
volcanoes-e1,knn-nosuite,0.24999999999999886,,0,0,0.24999999999999886,0.24999999999999886,,0.0
volcanoes-e1,knn-nosuite,0.8035714285714317,,0,0,0.8035714285714317,0.8035714285714317,,0.0
volcanoes-e1,knn-nosuite,0.2208835341365458,,0,0,0.2208835341365458,0.2208835341365458,0.2208835341365458,0.0
volcanoes-e1,knn-nosuite,0.41304347826087046,,0,0,0.41304347826087046,0.41304347826087046,0.41304347826087046,0.0
volcanoes-e1,knn-nosuite,0.10321100917431242,,0,0,,0.10321100917431242,0.3153669724770646,0.0
volcanoes-e1,knn-nosuite,0.20227920227920212,,0,0,0.3133903133903131,0.28774928774928804,0.20227920227920212,0.0
volcanoes-e1,knn-nosuite,0.34893617021276546,,0,0,0.4127659574468091,0.34893617021276546,0.34893617021276546,0.0
volcanoes-e1,knn-nosuite,0.3583941605839415,,0,0,0.39270072992700733,0.3583941605839415,0.3583941605839415,0.0
volcanoes-e1,knn-nosuite,0.4657894736842106,,0,0,,0.4657894736842106,0.4657894736842106,0.0
volcanoes-e1,knn-nosuite,0.21874999999999978,,0,0,0.21874999999999978,0.42187500000000006,,0.0
volcanoes-e1,knn-nosuite,0.21246458923512773,,0,0,0.21246458923512773,0.21246458923512773,0.21246458923512773,0.0
volcanoes-e1,knn-nosuite,0.3333333333333416,,0,0,0.3333333333333416,0.3333333333333416,0.3333333333333416,0.0
volcanoes-e1,knn-nosuite,0.12041884816753944,,0,0,0.12041884816753944,0.12041884816753944,0.12041884816753944,0.0
volcanoes-e1,knn-nosuite,0.3846153846153824,,0,0,0.23076923076922956,0.3846153846153824,0.3846153846153824,0.0
volcanoes-e1,knn-nosuite,0.3629191321499013,,0,0,0.3629191321499013,0.3185404339250491,,0.0
volcanoes-e1,knn-nosuite,0.2573221757322175,,0,0,0.1799163179916317,0.2573221757322175,0.1799163179916317,
volcanoes-e1,knn-nosuite,0.3777462792345852,0.2501771793054573,0,0,0.3333333333333333,,0.3333333333333333,0.0
volcanoes-e1,knn-nosuite,0.43750000000000105,,0,0,0.43750000000000105,0.43750000000000105,0.43750000000000105,0.0
volcanoes-e1,knn-nosuite,0.40000000000000147,,0,0,0.40000000000000147,0.40000000000000147,,0.0
volcanoes-e1,knn-nosuite,0.1515151515151508,,0,0,0.46969696969696895,0.1515151515151508,0.1515151515151508,0.0
volcanoes-e1,knn-nosuite,0.3571428571428562,,0,0,0.3571428571428562,0.32142857142857106,0.3571428571428562,0.0
volcanoes-e1,knn-nosuite,0.3267929634641409,0.3958051420838972,0,0,0.34641407307171823,0.3267929634641409,0.2774018944519619,
volcanoes-e1,knn-nosuite,0.0420168067226884,,0,0,0.0420168067226884,0.0420168067226884,0.0420168067226884,0.0
volcanoes-e1,knn-nosuite,0.3311808118081181,,0,0,0.21586715867158668,0.3311808118081181,0.2767527675276753,0.0
volcanoes-e1,knn-nosuite,0.6956521739130485,,0,0,0.26086956521738763,0.6956521739130485,0.6956521739130485,0.0
volcanoes-e1,knn-nosuite,0.4964788732394365,,0,0,0.3257042253521124,0.3257042253521124,0.3257042253521124,0.0
volcanoes-e1,knn-nosuite,0.38669950738916276,,0,0,0.22660098522167454,0.38669950738916276,0.21921182266009856,0.0
volcanoes-e1,knn-nosuite,0.09287925696594368,,0,0,0.09287925696594368,0.09287925696594368,0.09287925696594368,0.0
volcanoes-e1,knn-nosuite,0.3256802721088434,,0,0,,0.3256802721088434,0.30272108843537393,0.0
volcanoes-e1,knn-nosuite,0.0,,0,0,0.0,0.3333333333333333,,0.0
volcanoes-e1,knn-nosuite,0.41666666666666624,,0,0,0.41666666666666624,0.2789855072463762,0.41666666666666624,
volcanoes-e1,knn-nosuite,0.31454783748361764,0.23787680209698536,0,0,0.23787680209698536,0.31454783748361764,0.3333333333333333,
volcanoes-e1,knn-nosuite,0.6071428571428567,,0,0,0.14285714285714304,0.6071428571428567,0.6071428571428567,0.0
volcanoes-e1,knn-nosuite,0.32758620689655127,,0,0,0.32758620689655127,0.32758620689655127,,0.0
volcanoes-e1,knn-nosuite,0.6040268456375836,,0,0,0.6040268456375836,0.6040268456375836,0.6040268456375836,0.0
volcanoes-e1,knn-nosuite,0.35714285714285804,,0,0,0.2857142857142865,0.35714285714285804,,0.0
volcanoes-e1,knn-nosuite,0.3873056994818652,0.4792746113989634,0,0,0.3333333333333333,0.3873056994818652,0.3333333333333333,0.0
volcanoes-e1,knn-nosuite,0.41439688715953316,,0,0,0.28988326848249035,0.41439688715953316,0.41439688715953316,0.0
volcanoes-e1,knn-nosuite,0.3461538461538474,,0,0,0.3461538461538474,0.3461538461538474,0.3461538461538474,0.0
volcanoes-e1,knn-nosuite,0.4999999999999998,,0,0,0.4999999999999998,,0.4999999999999998,0.0
volcanoes-e1,knn-nosuite,0.21428571428571433,,0,0,0.4789915966386557,0.34663865546218503,,0.0
volcanoes-e1,knn-nosuite,0.0,,0,0,0.0,0.0,,0.0
volcanoes-e2,knn-nosuite,0.16666666666666538,,0,0,,,,0.0
volcanoes-e2,knn-nosuite,0.3571428571428574,,0,0,,,,0.0
volcanoes-e2,knn-nosuite,0.15909090909090928,,0,0,0.15909090909090928,,0.15909090909090928,0.0
volcanoes-e2,knn-nosuite,0.12499999999999939,,0,0,0.12499999999999939,,0.12499999999999939,0.0
volcanoes-e2,knn-nosuite,0.10000000000000192,,0,0,,,0.10000000000000192,0.0
volcanoes-e2,knn-nosuite,0.6597938144329891,,0,0,,,,0.0
volcanoes-e2,knn-nosuite,0.20575221238938063,,0,0,0.20575221238938063,,0.20575221238938063,0.0
volcanoes-e2,knn-nosuite,0.560439560439562,,0,0,0.560439560439562,,,0.0
volcanoes-e2,knn-nosuite,0.3708487084870851,,0,0,,,0.3708487084870851,0.0
volcanoes-e2,knn-nosuite,0.39511873350923477,0.5118733509234824,0,0,0.5118733509234824,,0.5118733509234824,
volcanoes-e2,knn-nosuite,0.33661417322834625,,0,0,0.13188976377952707,,0.2293307086614173,0.0
volcanoes-e2,knn-nosuite,0.5189393939393939,,0,0,0.5189393939393939,,0.5189393939393939,0.0
volcanoes-e2,knn-nosuite,0.07947019867549678,,0,0,0.07947019867549678,,0.07947019867549678,0.0
volcanoes-e2,knn-nosuite,0.5084745762711869,,0,0,0.5084745762711869,,0.5084745762711869,0.0
volcanoes-e2,knn-nosuite,0.17699115044247762,,0,0,0.17699115044247762,,0.17699115044247762,0.0
volcanoes-e2,knn-nosuite,0.3427230046948351,,0,0,0.3427230046948351,,,0.0
volcanoes-e2,knn-nosuite,0.5000000000000064,,0,0,,,,0.0
volcanoes-e2,knn-nosuite,0.2802631578947372,,0,0,,,0.2947368421052625,0.0
volcanoes-e2,knn-nosuite,0.6442307692307694,,0,0,0.6442307692307694,,,0.0
volcanoes-e2,knn-nosuite,0.08333333333333265,,0,0,0.08333333333333265,,0.08333333333333265,0.0
volcanoes-e2,knn-nosuite,0.6981818181818178,,0,0,0.6981818181818178,,0.6981818181818178,0.0
volcanoes-e2,knn-nosuite,0.4123989218328843,,0,0,0.4123989218328843,,0.4123989218328843,0.0
volcanoes-e2,knn-nosuite,0.1715686274509814,,0,0,0.1715686274509814,,0.1715686274509814,
volcanoes-e2,knn-nosuite,0.34098360655737703,0.4622950819672135,0,0,,,0.34098360655737703,0.0
volcanoes-e2,knn-nosuite,0.6027397260273983,,0,0,0.6027397260273983,,0.6027397260273983,0.0
volcanoes-e2,knn-nosuite,0.24444444444444438,,0,0,,,,0.0
volcanoes-e2,knn-nosuite,0.47142857142857136,,0,0,0.2714285714285715,,0.47142857142857136,0.0
volcanoes-e2,knn-nosuite,0.28571428571428364,,0,0,,,0.28571428571428364,0.0
volcanoes-e2,knn-nosuite,0.3557692307692305,,0,0,0.19038461538461582,,0.5211538461538452,
volcanoes-e2,knn-nosuite,0.1728395061728393,,0,0,0.1728395061728393,,,0.0
volcanoes-e2,knn-nosuite,0.15384615384615438,,0,0,,,0.15384615384615438,0.0
volcanoes-e2,knn-nosuite,0.1312056737588655,,0,0,0.1312056737588655,,0.1312056737588655,0.0
volcanoes-e2,knn-nosuite,0.17346938775510198,,0,0,0.17346938775510198,,0.17346938775510198,0.0
volcanoes-e2,knn-nosuite,0.6600000000000004,,0,0,,,,0.0
volcanoes-e2,knn-nosuite,0.28318584070796415,,0,0,,,0.28318584070796415,0.0
volcanoes-e2,knn-nosuite,0.166666666666667,,0,0,0.7777777777777771,,,0.0
volcanoes-e2,knn-nosuite,0.42156862745097756,,0,0,,,,0.0
volcanoes-e2,knn-nosuite,0.17123287671232928,,0,0,0.17123287671232928,,0.17123287671232928,0.0
volcanoes-e2,knn-nosuite,0.37321711568938193,0.4183835182250393,0,0,0.3280507131537246,,,
volcanoes-e2,knn-nosuite,0.0,,0,0,,,0.3,0.0
volcanoes-e2,knn-nosuite,0.15568862275449125,,0,0,0.11377245508981952,,,0.0
volcanoes-e2,knn-nosuite,0.22673031026253093,,0,0,0.22673031026253093,,0.22673031026253093,0.0
volcanoes-e2,knn-nosuite,0.46726572528883176,0.34274711168164274,0,0,,,0.20410783055198964,
volcanoes-e2,knn-nosuite,0.31178707224334595,,0,0,,,0.31178707224334595,0.0
volcanoes-e2,knn-nosuite,0.4413043478260875,,0,0,0.4413043478260875,,0.4413043478260875,0.0
volcanoes-e2,knn-nosuite,0.29506172839506145,,0,0,0.29506172839506145,,,0.0
volcanoes-e2,knn-nosuite,0.3404255319148934,0.4202127659574466,0,0,0.52127659574468,,0.3191489361702133,
volcanoes-e2,knn-nosuite,0.34328358208955206,0.34328358208955206,0,0,0.34328358208955206,,0.32587064676616906,0.0
volcanoes-e2,knn-nosuite,0.6370967741935488,,0,0,,,,0.0
volcanoes-e2,knn-nosuite,0.13772455089820335,,0,0,0.13772455089820335,,0.13772455089820335,0.0
volcanoes-e3,knn-nosuite,0.23404255319149003,,0,0,0.23404255319149003,0.23404255319149003,,0.0
volcanoes-e3,knn-nosuite,0.30669546436285067,0.30669546436285067,0,0,0.30669546436285067,0.24406047516198665,0.30669546436285067,0.0
volcanoes-e3,knn-nosuite,0.5000000000000033,,0,0,0.5000000000000033,,0.5000000000000033,0.0
volcanoes-e3,knn-nosuite,0.0,,0,0,0.0,,,0.0
volcanoes-e3,knn-nosuite,0.425036390101892,0.425036390101892,0,0,0.425036390101892,,,0.0
volcanoes-e3,knn-nosuite,0.2556818181818184,,0,0,0.07386363636363591,,,0.0
volcanoes-e3,knn-nosuite,0.5612903225806443,0.5612903225806443,0,0,0.5612903225806443,0.5612903225806443,0.5612903225806443,0.0
volcanoes-e3,knn-nosuite,0.25625000000000103,,0,0,0.25625000000000103,,0.25625000000000103,0.0
volcanoes-e3,knn-nosuite,0.18565400843881852,,0,0,0.474683544303798,,0.474683544303798,0.0
volcanoes-e3,knn-nosuite,0.33072916666666685,0.33072916666666685,0,0,0.37604166666666633,0.4135416666666664,,
volcanoes-e3,knn-nosuite,0.3333333333333444,,0,0,0.3333333333333444,0.33333333333333776,0.3333333333333444,0.0
volcanoes-e3,knn-nosuite,0.24675324675324617,,0,0,0.24675324675324617,0.38311688311688324,0.24675324675324617,0.0
volcanoes-e3,knn-nosuite,0.7446808510638291,,0,0,0.7446808510638291,,0.7446808510638291,0.0
volcanoes-e3,knn-nosuite,0.13888888888888842,,0,0,0.13888888888888842,0.13888888888888842,0.13888888888888842,0.0
volcanoes-e3,knn-nosuite,0.5969387755102047,,0,0,0.5969387755102047,,0.5969387755102047,0.0
volcanoes-e3,knn-nosuite,0.5000000000000017,,0,0,0.5000000000000017,0.5,,0.0
volcanoes-e3,knn-nosuite,0.4107142857142871,,0,0,0.4107142857142871,,0.4107142857142871,0.0
volcanoes-e3,knn-nosuite,0.3601440576230488,0.4861944777911157,0,0,0.3601440576230488,0.3601440576230488,0.4861944777911157,0.0
volcanoes-e3,knn-nosuite,0.7066666666666658,,0,0,0.7066666666666658,0.7066666666666658,0.7066666666666658,0.0
volcanoes-e3,knn-nosuite,0.21917808219178156,,0,0,0.21917808219178156,0.21917808219178156,,0.0
volcanoes-e3,knn-nosuite,0.16606498194945832,,0,0,0.16606498194945832,,,0.0
volcanoes-e3,knn-nosuite,0.21576763485477216,,0,0,0.11618257261410768,,0.21576763485477216,0.0
volcanoes-e3,knn-nosuite,0.7282608695652178,,0,0,0.7282608695652178,0.7282608695652178,0.7282608695652178,0.0
volcanoes-e3,knn-nosuite,0.13380281690140816,,0,0,0.13380281690140816,0.13380281690140816,0.13380281690140816,0.0
volcanoes-e3,knn-nosuite,0.16105769230769207,,0,0,0.16105769230769207,0.16105769230769207,,0.0
volcanoes-e3,knn-nosuite,0.0,,0,0,0.6,,,0.0
volcanoes-e3,knn-nosuite,0.08208955223880508,,0,0,0.08208955223880508,,0.08208955223880508,0.0
volcanoes-e3,knn-nosuite,0.48955916473317834,0.48955916473317834,0,0,0.48955916473317834,0.3333333333333333,0.29350348027842255,0.0
volcanoes-e3,knn-nosuite,0.30487804878048885,,0,0,0.30487804878048885,0.30487804878048885,,0.0
volcanoes-e3,knn-nosuite,0.39999999999999997,,0,0,0.39999999999999997,,0.39999999999999997,0.0
volcanoes-e3,knn-nosuite,0.3619528619528624,0.11896745230078729,0,0,0.3619528619528624,0.3333333333333333,0.19753086419753124,
volcanoes-e3,knn-nosuite,0.07142857142857326,,0,0,0.07142857142857326,0.2500000000000002,0.07142857142857326,0.0
volcanoes-e3,knn-nosuite,0.18604651162790822,,0,0,0.18604651162790822,0.18604651162790822,,0.0
volcanoes-e3,knn-nosuite,0.693548387096774,,0,0,0.693548387096774,0.693548387096774,,0.0
volcanoes-e3,knn-nosuite,0.6896551724137961,,0,0,0.13793103448275576,,0.6896551724137961,0.0
volcanoes-e3,knn-nosuite,0.2692307692307697,,0,0,0.17948717948717963,0.2692307692307697,0.2692307692307697,0.0
volcanoes-e3,knn-nosuite,0.33333333333333115,,0,0,0.33333333333333115,,0.33333333333333115,0.0
volcanoes-e3,knn-nosuite,0.8089171974522292,,0,0,0.8089171974522292,,,0.0
volcanoes-e3,knn-nosuite,0.4268292682926826,,0,0,0.4268292682926826,0.4268292682926826,,0.0
volcanoes-e3,knn-nosuite,0.5540540540540546,,0,0,0.5540540540540546,,,0.0
volcanoes-e3,knn-nosuite,0.3666666666666659,,0,0,0.3666666666666659,0.31666666666666565,0.3666666666666659,0.0
volcanoes-e3,knn-nosuite,0.43348623853210966,0.28669724770642174,0,0,0.5802752293577975,0.3566513761467891,0.3566513761467891,0.0
volcanoes-e3,knn-nosuite,0.4565217391304351,,0,0,0.2826086956521729,0.2608695652173919,0.4565217391304351,0.0
volcanoes-e3,knn-nosuite,0.3333333333333339,,0,0,0.3333333333333339,,0.3333333333333339,0.0
volcanoes-e3,knn-nosuite,0.8157894736842136,,0,0,0.8157894736842136,,,0.0
volcanoes-e3,knn-nosuite,0.45283018867924446,,0,0,0.45283018867924446,0.3773584905660382,,0.0
volcanoes-e3,knn-nosuite,0.6999999999999982,0.6999999999999982,0,0,0.6999999999999982,0.1500000000000009,0.6999999999999982,0.0
volcanoes-e3,knn-nosuite,0.3235294117647063,,0,0,0.3235294117647063,,,0.0
volcanoes-e3,knn-nosuite,0.083333333333332,0.083333333333332,0,0,0.083333333333332,0.39833333333333326,,
volcanoes-e3,knn-nosuite,0.6980519480519487,,0,0,0.6980519480519487,0.6980519480519487,,0.0
volcanoes-e4,knn-nosuite,0.1464646464646461,,0,0,0.1464646464646461,,,0.0
volcanoes-e4,knn-nosuite,0.09999999999999983,,0,0,0.6999999999999993,0.09999999999999983,0.09999999999999983,0.0
volcanoes-e4,knn-nosuite,0.34802904564315323,,0,0,0.5404564315352696,,0.1556016597510369,0.0
volcanoes-e4,knn-nosuite,0.2875457875457874,,0,0,0.2875457875457874,,0.2875457875457874,0.0
volcanoes-e4,knn-nosuite,0.3333333333333333,0.4179104477611945,0,0,0.40995024875621877,0.4179104477611945,0.4179104477611945,0.0
volcanoes-e4,knn-nosuite,0.0,,0,0,0.4,,,0.0
volcanoes-e4,knn-nosuite,0.3333333333333333,0.40832773673606476,0,0,0.4294828744123571,,0.40832773673606476,0.0
volcanoes-e4,knn-nosuite,0.6111111111111107,,0,0,0.3111111111111108,,0.6111111111111107,0.0
volcanoes-e4,knn-nosuite,0.19298245614035053,,0,0,0.19298245614035053,,0.19298245614035053,0.0
volcanoes-e4,knn-nosuite,0.2857142857142861,,0,0,0.28571428571428886,,,0.0
volcanoes-e4,knn-nosuite,0.30520646319569145,,0,0,0.05206463195691245,,0.5583482944344704,0.0
volcanoes-e4,knn-nosuite,0.2500000000000004,,0,0,0.2500000000000004,,0.2500000000000004,0.0
volcanoes-e4,knn-nosuite,0.9521276595744678,,0,0,0.9521276595744678,,0.9521276595744678,0.0
volcanoes-e4,knn-nosuite,0.12499999999999992,,0,0,,,,0.0
volcanoes-e4,knn-nosuite,0.7230769230769255,,0,0,0.7230769230769255,,,0.0
volcanoes-e4,knn-nosuite,0.5208333333333334,,0,0,0.06944444444444457,,0.5208333333333334,0.0
volcanoes-e4,knn-nosuite,0.5000000000000017,,0,0,,,,0.0
volcanoes-e4,knn-nosuite,0.06024096385542189,,0,0,0.3012048192771089,,,0.0
volcanoes-e4,knn-nosuite,0.7335025380710656,,0,0,0.7335025380710656,,,0.0
volcanoes-e4,knn-nosuite,0.4591836734693873,,0,0,0.4591836734693873,,,0.0
volcanoes-e4,knn-nosuite,0.38542581211589105,0.06321334503950819,0,0,0.707638279192274,,,0.0
volcanoes-e4,knn-nosuite,0.22666666666666685,,0,0,0.22666666666666685,,0.22666666666666685,0.0
volcanoes-e4,knn-nosuite,0.2933884297520656,,0,0,0.2933884297520656,0.38636363636363635,0.2933884297520656,0.0
volcanoes-e4,knn-nosuite,0.33333333333333554,,0,0,0.33333333333333554,,0.33333333333333554,0.0
volcanoes-e4,knn-nosuite,0.3185483870967749,,0,0,0.35416666666666663,,0.3407258064516125,0.0
volcanoes-e4,knn-nosuite,0.3237410071942448,,0,0,0.3237410071942448,,0.3237410071942448,0.0
volcanoes-e4,knn-nosuite,0.5925925925925916,,0,0,0.5925925925925916,,0.5925925925925916,0.0
volcanoes-e4,knn-nosuite,0.5629139072847684,,0,0,0.5629139072847684,,,0.0
volcanoes-e4,knn-nosuite,0.7000000000000014,,0,0,0.7000000000000014,,0.7000000000000014,0.0
volcanoes-e4,knn-nosuite,0.5178571428571427,,0,0,0.5178571428571427,,,0.0
volcanoes-e4,knn-nosuite,0.0,,0,0,0.0,,0.0,0.0
volcanoes-e4,knn-nosuite,0.4166666666666684,,0,0,0.4166666666666673,,0.4166666666666684,0.0
volcanoes-e4,knn-nosuite,0.5303030303030306,0.5303030303030306,0,0,0.3090909090909075,,0.34545454545454624,0.0
volcanoes-e4,knn-nosuite,0.33408408408408374,,0,0,0.3933933933933942,,0.3626126126126133,0.0
volcanoes-e4,knn-nosuite,0.3571428571428568,,0,0,0.21938775510204073,,0.3571428571428568,0.0
volcanoes-e4,knn-nosuite,0.12500000000000092,,0,0,0.12500000000000092,,0.12500000000000092,0.0
volcanoes-e4,knn-nosuite,0.33049242424242414,,0,0,0.3390151515151518,,0.528409090909091,0.0
volcanoes-e4,knn-nosuite,0.3125000000000046,,0,0,0.43749999999999106,,0.3125000000000046,0.0
volcanoes-e4,knn-nosuite,0.22549019607843143,,0,0,0.2843137254901967,,0.22549019607843143,0.0
volcanoes-e4,knn-nosuite,0.16438356164383594,,0,0,0.16438356164383594,,,0.0
volcanoes-e4,knn-nosuite,0.0,,0,0,0.6,,,0.0
volcanoes-e4,knn-nosuite,0.4583333333333345,,0,0,0.4583333333333345,0.4583333333333345,0.4583333333333345,0.0
volcanoes-e4,knn-nosuite,0.3883388338833881,0.26732673267326756,0,0,0.3883388338833881,,0.2453245324532457,0.0
volcanoes-e4,knn-nosuite,0.6510067114093961,,0,0,0.6510067114093961,,,0.0
volcanoes-e4,knn-nosuite,0.2826086956521729,,0,0,,,,0.0
volcanoes-e4,knn-nosuite,0.5833333333333335,,0,0,,,,0.0
volcanoes-e4,knn-nosuite,0.4999999999999978,,0,0,0.4999999999999978,,,0.0
volcanoes-e5,knn-nosuite,0.3187660668380461,0.3187660668380461,0,0,0.3187660668380461,,0.2159383033419028,0.0
volcanoes-e5,knn-nosuite,0.49999999999998546,,0,0,,,0.49999999999998546,0.0
volcanoes-e5,knn-nosuite,0.30508474576271255,,0,0,0.30508474576271255,,0.4406779661016953,0.0
volcanoes-e5,knn-nosuite,0.7368421052631582,,0,0,0.7368421052631582,,,0.0
volcanoes-e5,knn-nosuite,0.23529411764705904,,0,0,0.23529411764705904,,,0.0
volcanoes-e5,knn-nosuite,0.19354838709677444,,0,0,0.19354838709677444,,0.19354838709677444,0.0
volcanoes-e5,knn-nosuite,0.3333333333333333,0.2205882352941179,0,0,0.3829656862745101,,0.20710784313725591,0.0
volcanoes-e5,knn-nosuite,0.17886178861788568,,0,0,0.14227642276422728,,0.17886178861788568,0.0
volcanoes-e5,knn-nosuite,0.312500000000001,,0,0,0.312500000000001,,,0.0
volcanoes-e5,knn-nosuite,0.5270270270270275,,0,0,,,0.5270270270270275,0.0
volcanoes-e5,knn-nosuite,0.7857142857142849,,0,0,0.7857142857142849,,,0.0
volcanoes-e5,knn-nosuite,0.43689320388349506,,0,0,0.43689320388349506,,0.43689320388349506,0.0
volcanoes-e5,knn-nosuite,0.3333333333333333,0.30847457627118646,0,0,0.14152542372881313,,0.30847457627118646,
volcanoes-e5,knn-nosuite,0.12264150943396117,,0,0,,,0.12264150943396117,0.0
volcanoes-e5,knn-nosuite,0.19791666666666566,,0,0,,,,0.0
volcanoes-e5,knn-nosuite,0.048387096774193866,,0,0,,,0.1129032258064516,0.0
volcanoes-e5,knn-nosuite,0.17857142857142883,,0,0,0.3333333333333333,,,0.0
volcanoes-e5,knn-nosuite,0.1271186440677964,,0,0,,,0.1271186440677964,0.0
volcanoes-e5,knn-nosuite,0.5500000000000018,,0,0,,,0.5500000000000018,0.0
volcanoes-e5,knn-nosuite,0.35795454545454564,,0,0,0.35795454545454564,,,0.0
volcanoes-e5,knn-nosuite,0.14705882352941227,,0,0,0.14705882352941227,,,0.0
volcanoes-e5,knn-nosuite,0.476923076923077,,0,0,,,0.476923076923077,0.0
volcanoes-e5,knn-nosuite,0.32717190388170025,,0,0,0.32717190388170025,,0.32717190388170025,0.0
volcanoes-e5,knn-nosuite,0.18018018018017945,,0,0,0.18018018018017945,,0.18018018018017945,0.0
volcanoes-e5,knn-nosuite,0.2022160664819947,,0,0,,,,0.0
volcanoes-e5,knn-nosuite,0.3333333333333339,,0,0,0.3333333333333339,,0.3333333333333339,0.0
volcanoes-e5,knn-nosuite,0.1856287425149704,,0,0,0.1856287425149704,,,0.0
volcanoes-e5,knn-nosuite,0.17777777777777773,,0,0,,,0.36111111111111044,0.0
volcanoes-e5,knn-nosuite,0.388888888888889,,0,0,0.388888888888889,,,0.0
volcanoes-e5,knn-nosuite,0.16666666666666521,,0,0,,,0.16666666666666521,0.0
volcanoes-e5,knn-nosuite,0.6899999999999985,,0,0,,,,0.0
volcanoes-e5,knn-nosuite,0.6948356807511744,,0,0,0.6948356807511744,,0.6948356807511744,0.0
volcanoes-e5,knn-nosuite,0.4334862385321099,,0,0,0.4334862385321099,,0.4334862385321099,0.0
volcanoes-e5,knn-nosuite,0.4715025906735763,,0,0,0.4715025906735763,,0.4715025906735763,0.0
volcanoes-e5,knn-nosuite,0.4957627118644071,,0,0,0.4957627118644071,,0.4957627118644071,0.0
volcanoes-e5,knn-nosuite,0.38461538461538464,,0,0,0.38461538461538464,,0.38461538461538464,0.0
volcanoes-e5,knn-nosuite,0.3333333333333333,0.40034965034964975,0,0,,,0.24475524475524524,
volcanoes-e5,knn-nosuite,0.4677419354838712,,0,0,0.4677419354838712,,,0.0
volcanoes-e5,knn-nosuite,0.1166666666666656,,0,0,0.1166666666666656,,0.1166666666666656,0.0
volcanoes-e5,knn-nosuite,0.3256513026052106,0.4969939879759518,0,0,0.4969939879759518,,0.34869739478957895,0.0
volcanoes-e5,knn-nosuite,0.3333333333333333,0.3633615477629987,0,0,0.3333333333333333,,0.3333333333333333,0.0
volcanoes-e5,knn-nosuite,0.4105960264900663,0.4194260485651211,0,0,,,0.2991169977924942,
volcanoes-e5,knn-nosuite,0.3517241379310343,,0,0,0.3517241379310343,,0.3517241379310343,0.0
volcanoes-e5,knn-nosuite,0.39215686274509737,,0,0,,,0.39215686274509737,0.0
volcanoes-e5,knn-nosuite,0.6313559322033898,,0,0,0.6313559322033898,,0.6313559322033898,0.0
volcanoes-e5,knn-nosuite,0.4999999999999987,,0,0,,,,0.0
volcanoes-e5,knn-nosuite,0.2185792349726775,,0,0,,,0.2691256830601091,0.0
volcanoes-e5,knn-nosuite,0.27777777777777807,,0,0,0.27777777777777807,,0.27777777777777807,0.0
volcanoes-e5,knn-nosuite,0.18918918918918895,,0,0,,,,0.0
yeast,knn-nosuite,0.1566008171684716,0.24027133166726164,0,0,0.18792098060216592,,0.15767186322345195,0.0
yeast,knn-nosuite,0.18080189857606793,0.48471979348821664,0,0,0.22186138174147155,,0.22610125739029055,0.0
yeast,knn-nosuite,0.16666666666666666,0.1827949857398688,0,0,0.16666666666666666,,0.16666666666666666,0.0
yeast,knn-nosuite,0.14827123605097878,0.2603207512653213,0,0,0.16551314104518586,,0.16897371790962862,0.0
yeast,knn-nosuite,0.1276146063432327,0.2896997463797761,0,0,0.15313752761187926,,0.18765851264010472,0.0
yeast,knn-nosuite,0.10257587818667974,0.20088584083440486,0,0,0.16666666666666666,,0.16504806809135997,0.0
yeast,knn-nosuite,0.15247409292094027,0.18308552649015394,0,0,0.2132464021626778,,0.16666666666666666,0.0
yeast,knn-nosuite,0.18015515064044746,0.1363882374165615,0,0,0.18015515064044746,,0.14094854370878182,0.0
yeast,knn-nosuite,0.13038007810927243,0.20849941619358214,0,0,0.1604159117445746,,0.16666666666666663,0.0
yeast,knn-nosuite,0.19190937367453687,0.5370422734341862,0,0,0.29379329845892815,,0.29379329845892815,0.0
yeast,knn-nosuite,0.16627511065713318,0.15321756894790622,0,0,0.18684031324480754,,0.15321756894790622,0.0
yeast,knn-nosuite,0.1666666666666667,0.16011712439418432,0,0,0.1666666666666667,0.14398222940226177,0.1400612547119008,0.0
yeast,knn-nosuite,0.11864035087719288,0.19810371517027897,0,0,0.16687306501547994,,0.13885448916408671,0.0
yeast,knn-nosuite,0.18166963755199061,0.47266785502079656,0,0,0.1931818181818183,,0.1931818181818183,0.0
yeast,knn-nosuite,0.16666666666666666,0.1833247555326815,0,0,0.1677303139475039,,0.13977526162291992,0.0
yeast,knn-nosuite,0.15247578405473142,0.40601503759398483,0,0,0.17943507417191626,,0.16057711847185532,0.0
yeast,knn-nosuite,0.16666666666666666,0.27602347434404734,0,0,0.18835691352362133,,0.23544614190452667,0.0
yeast,knn-nosuite,0.21942436757873,0.26420581655480996,0,0,0.19313371192565823,,0.16666666666666666,0.0
yeast,knn-nosuite,0.14285714285714285,0.1675024893636282,0,0,0.14285714285714285,,0.1554041821308954,0.0
yeast,knn-nosuite,0.2222631264092771,0.5697390824168237,0,0,0.31144448023560795,,0.22457932600125766,0.0
yeast,knn-nosuite,0.16666666666666666,0.1419340610872203,0,0,0.16050556841989205,,0.1419340610872203,0.0
yeast,knn-nosuite,0.14738799234629404,0.2560742265063717,0,0,0.2560742265063717,,0.2067854435178164,0.0
yeast,knn-nosuite,0.14285714285714285,0.153903200624512,0,0,0.18954918032786866,,0.16976971116315387,0.0
yeast,knn-nosuite,0.1369250795487416,0.3357824703500144,0,0,0.17194098929707835,,0.16666666666666666,0.0
yeast,knn-nosuite,0.14285714285714285,0.1661153086923967,0,0,0.15279763120277715,,0.16106800081682665,0.0
yeast,knn-nosuite,0.16666666666666666,0.1912086480854389,0,0,0.16666666666666666,,0.16666666666666666,0.0
yeast,knn-nosuite,0.16666666666666666,0.21720711699915293,0,0,0.1018716783486097,,0.17864900254178548,0.0
yeast,knn-nosuite,0.14285714285714282,0.05861084681255915,0,0,0.16666666666666663,,0.16723120837297817,0.0
yeast,knn-nosuite,0.14285714285714285,0.1779996615332543,0,0,0.21494753765442542,,0.1779996615332543,0.0
yeast,knn-nosuite,0.14285714285714285,0.19746827937863165,0,0,0.16666666666666666,,0.1276414087513341,0.0
yeast,knn-nosuite,0.12308206027214291,0.14201101928374657,0,0,0.16666666666666663,,0.2144002003506135,0.0
yeast,knn-nosuite,0.09496092841943383,0.26264685370956514,0,0,0.15192318008690528,,0.17496378949627164,0.0
yeast,knn-nosuite,0.1569184303649109,0.2134187571843938,0,0,0.14285714285714285,,0.16666666666666666,0.0
yeast,knn-nosuite,0.19766912155493124,0.43580593728646255,0,0,0.17308860375066432,,0.24409687950800996,0.0
yeast,knn-nosuite,0.18169081547120106,0.21132199736558496,0,0,0.21054364746736914,,0.18169081547120106,0.0
yeast,knn-nosuite,0.16666666666666666,0.25716351519152475,0,0,0.19501108124675814,,0.2018319422832084,0.0
yeast,knn-nosuite,0.22854997183803744,0.3955504099130107,0,0,0.2856874647975467,,0.22459165154264965,0.0
yeast,knn-nosuite,0.23551869404949968,0.25569848792597594,0,0,0.21580907244414346,,0.22037914691943122,0.0
yeast,knn-nosuite,0.14285714285714285,0.16292264937471052,0,0,0.18630318269039897,,0.18630318269039897,0.0
yeast,knn-nosuite,0.16666666666666666,0.09132939214794594,0,0,0.16666666666666666,,0.18173412157041083,0.0
yeast,knn-nosuite,0.14285714285714285,0.24684517327525488,0,0,0.19636794567932883,,0.19636794567932883,0.0
yeast,knn-nosuite,0.14285714285714285,0.16628194116383938,0,0,0.13506549280652783,,0.16666666666666666,0.0
yeast,knn-nosuite,0.1919790644422637,0.13341511285574095,0,0,0.1599825537018864,,0.16666666666666666,0.0
yeast,knn-nosuite,0.13381365969206488,0.21634425582313455,0,0,0.14285714285714282,0.13522831951572564,0.17885511251480446,0.0
yeast,knn-nosuite,0.20675927002208527,0.2712425897942581,0,0,0.21550621876089748,,0.2453795187725219,0.0
yeast,knn-nosuite,0.14285714285714285,0.16953478197462443,0,0,0.16666666666666666,,0.16626804725098437,0.0
yeast,knn-nosuite,0.14285714285714285,0.2060185185185185,0,0,0.17441756272401435,,0.17441756272401435,0.0
yeast,knn-nosuite,0.16919111111111104,0.2638222222222222,0,0,0.18084444444444442,,0.2638222222222222,0.0
yeast,knn-nosuite,0.1963142375737153,0.20903538331929214,0,0,0.2959140690817186,,0.23957455770850875,0.0
rmftsa,knn-nosuite,0.5,0.5,0,0,0.5,0.5,0.35636363636363644,0.0
rmftsa,knn-nosuite,0.5,0.5,0,0,0.5,0.5,0.4942084942084942,0.0
rmftsa,knn-nosuite,0.5,0.5,0,0,0.5,0.5,0.5,0.0
rmftsa,knn-nosuite,0.5,0.7022222222222216,0,0,0.7022222222222216,0.5,0.5,0.0
rmftsa,knn-nosuite,0.49999999999999994,0.27480916030534197,0,0,0.27480916030534197,0.7251908396946579,0.7251908396946579,0.0
rmftsa,knn-nosuite,0.5,,0,0,0.5,0.5,0.7049180327868863,0.0
rmftsa,knn-nosuite,0.5,0.5,0,0,0.5,0.8156862745098041,0.8156862745098041,0.0
rmftsa,knn-nosuite,0.49999999999999994,0.9547738693467336,0,0,0.9547738693467336,0.49999999999999994,0.045226130653266354,0.0
rmftsa,knn-nosuite,0.49999999999999994,0.49999999999999994,0,0,0.49999999999999994,0.5270270270270269,0.49999999999999994,0.0
rmftsa,knn-nosuite,0.5,0.9275362318840581,0,0,0.9275362318840581,0.5,0.5,0.0
rmftsa,knn-nosuite,0.5,0.43979057591623066,0,0,0.5602094240837694,0.43979057591623066,0.43979057591623066,0.0
rmftsa,knn-nosuite,0.5,0.6020942408376969,0,0,0.6020942408376969,0.5,0.6020942408376969,0.0
rmftsa,knn-nosuite,0.7583333333333332,0.5,0,0,0.5,0.7583333333333332,0.5,0.0
rmftsa,knn-nosuite,0.5,0.5,0,0,0.5863309352517989,0.5863309352517989,0.5,0.0
rmftsa,knn-nosuite,0.5,0.8440860215053759,0,0,0.8440860215053759,0.5,0.5,0.0
rmftsa,knn-nosuite,0.5482866043613709,0.5,0,0,0.5482866043613709,0.5,0.5482866043613709,0.0
rmftsa,knn-nosuite,0.5,0.5,0,0,0.5,0.5,0.5,0.0
rmftsa,knn-nosuite,0.5,0.9275362318840581,0,0,0.9275362318840581,0.5,0.5,0.0
rmftsa,knn-nosuite,0.5000000000000001,0.5000000000000001,0,0,0.5000000000000001,0.7136363636363642,0.7136363636363642,0.0
rmftsa,knn-nosuite,0.5,0.626811594202898,0,0,0.5,0.37318840579710205,0.5,0.0
rmftsa,knn-nosuite,0.5,0.5,0,0,0.5,0.5,0.21937321937321919,0.0
rmftsa,knn-nosuite,0.5,0.5,0,0,0.5,0.5,0.5,0.0
rmftsa,knn-nosuite,0.5,0.5,0,0,0.5,0.543604651162791,0.543604651162791,0.0
rmftsa,knn-nosuite,0.5,0.4797297297297287,0,0,0.4797297297297287,0.5202702702702713,0.4797297297297287,0.0
rmftsa,knn-nosuite,0.5,0.47200000000000014,0,0,0.47200000000000014,0.5,0.5,0.0
rmftsa,knn-nosuite,0.5,0.5,0,0,0.5,0.5,0.5,0.0
rmftsa,knn-nosuite,0.5,0.6359447004608296,0,0,0.5,0.5,0.5,0.0
rmftsa,knn-nosuite,0.5,0.5,0,0,0.5,0.5,0.5,0.0
rmftsa,knn-nosuite,0.5,0.40298507462686567,0,0,0.5,0.5,0.40298507462686567,0.0
rmftsa,knn-nosuite,0.5,0.4123376623376624,0,0,0.5,0.5,0.5,0.0
rmftsa,knn-nosuite,0.5,0.8656716417910456,0,0,0.8656716417910456,0.5,0.5,0.0
rmftsa,knn-nosuite,0.7359999999999998,0.5,0,0,0.5,0.5,0.7359999999999998,0.0
rmftsa,knn-nosuite,0.5,0.5,0,0,0.5863309352517989,0.5863309352517989,0.5863309352517989,0.0
rmftsa,knn-nosuite,0.4999999999999999,0.4999999999999999,0,0,0.4999999999999999,0.5537757437070937,0.4999999999999999,0.0
rmftsa,knn-nosuite,0.5,0.45620437956204357,0,0,0.5,0.5,0.5,0.0
rmftsa,knn-nosuite,0.5,0.5,0,0,0.5699373695198328,0.43006263048016724,0.5,0.0
rmftsa,knn-nosuite,0.5,0.5280898876404486,0,0,0.47191011235955144,0.5280898876404486,0.5280898876404486,0.0
rmftsa,knn-nosuite,0.5,0.7883817427385893,0,0,0.5,0.5,0.5,0.0
rmftsa,knn-nosuite,0.5,,0,0,0.5,0.3807339449541287,0.5,0.0
rmftsa,knn-nosuite,0.2696078431372543,0.5,0,0,0.5,0.5,0.5,0.0
rmftsa,knn-nosuite,0.49999999999999994,0.49999999999999994,0,0,0.49999999999999994,0.7014218009478679,0.49999999999999994,0.0
rmftsa,knn-nosuite,0.5,0.5,0,0,0.5,0.5,0.5,0.0
rmftsa,knn-nosuite,0.5,0.727467811158798,0,0,0.272532188841202,0.5,0.5,0.0
rmftsa,knn-nosuite,0.5,0.37499999999999983,0,0,0.5,0.5,0.5,0.0
rmftsa,knn-nosuite,0.5,0.8435643564356435,0,0,0.8435643564356435,0.5,0.5,0.0
rmftsa,knn-nosuite,0.5,0.9275362318840581,0,0,0.9275362318840581,0.5,0.07246376811594196,0.0
rmftsa,knn-nosuite,0.5,0.727467811158798,0,0,0.272532188841202,0.5,0.5,0.0
rmftsa,knn-nosuite,0.5,0.5,0,0,0.5,0.5,0.348583877995643,0.0
rmftsa,knn-nosuite,0.49999999999999994,0.49999999999999994,0,0,0.49999999999999994,0.49999999999999994,0.6013071895424835,0.0
rmftsa,knn-nosuite,0.5,0.5375722543352605,0,0,0.5,0.5375722543352605,0.5,0.0
banknote-authentication,knn-nosuite,0.3333333333333333,,0,0,0.3333333333333333,0.5,0.3333333333333333,0.0
banknote-authentication,knn-nosuite,0.0,,0,0,0.5,0.5,0.25,0.0
banknote-authentication,knn-nosuite,0.31818181818181807,,0,0,0.31818181818181807,0.5000000000000033,0.31818181818181807,0.0
banknote-authentication,knn-nosuite,0.2977855477855478,0.8548951048951055,0,0,0.44055944055944085,0.43356643356643354,0.2977855477855478,0.0
banknote-authentication,knn-nosuite,0.32666666666666666,0.6200000000000004,0,0,0.43666666666666676,0.32666666666666666,0.32666666666666666,0.0
banknote-authentication,knn-nosuite,0.4364341085271318,0.4364341085271318,0,0,0.4364341085271318,0.3109819121447029,0.4364341085271318,0.0
banknote-authentication,knn-nosuite,0.3333333333333333,0.7000000000000008,0,0,0.3333333333333333,0.7000000000000008,0.3333333333333333,0.0
banknote-authentication,knn-nosuite,0.0,,0,0,0.5,0.25,0.25,0.0
banknote-authentication,knn-nosuite,0.3185185185185186,0.6111111111111115,0,0,0.47777777777777775,0.47777777777777775,0.3185185185185186,0.0
banknote-authentication,knn-nosuite,0.24698795180722782,,0,0,0.24698795180722782,0.25100401606425654,0.24698795180722782,0.0
banknote-authentication,knn-nosuite,0.31858237547892726,0.7482758620689656,0,0,0.4459770114942529,0.31858237547892726,0.31858237547892726,0.0
banknote-authentication,knn-nosuite,0.5000000000000008,,0,0,0.5000000000000008,0.31333333333333296,0.29999999999999966,0.0
banknote-authentication,knn-nosuite,0.0,,0,0,0.0,0.5,0.3333333333333333,0.0
banknote-authentication,knn-nosuite,0.30952380952381064,,0,0,0.30952380952381064,0.21428571428570412,0.30952380952381064,0.0
banknote-authentication,knn-nosuite,0.2722222222222219,,0,0,0.2722222222222219,0.33333333333333426,0.31666666666666643,0.0
banknote-authentication,knn-nosuite,0.30817610062893075,0.4056603773584908,0,0,0.39622641509433953,0.30817610062893075,0.39622641509433953,0.0
banknote-authentication,knn-nosuite,0.3055555555555556,0.44444444444444425,0,0,0.41666666666666663,0.3055555555555555,0.41666666666666663,0.0
banknote-authentication,knn-nosuite,0.3198830409356725,0.656140350877193,0,0,0.46140350877192976,0.3198830409356725,0.3198830409356725,0.0
banknote-authentication,knn-nosuite,0.25,,0,0,0.5,0.3333333333333333,0.25,0.0
banknote-authentication,knn-nosuite,0.23888888888888937,,0,0,0.20000000000000157,0.25000000000000017,0.27222222222222175,0.0
banknote-authentication,knn-nosuite,0.45333333333333337,0.5944444444444446,0,0,0.45333333333333337,0.3092592592592593,0.3092592592592593,0.0
banknote-authentication,knn-nosuite,0.2980769230769231,0.3822115384615384,0,0,0.3822115384615384,0.41506410256410264,0.2980769230769231,0.0
banknote-authentication,knn-nosuite,0.16666666666666666,,0,0,0.5,0.5,0.25,0.0
banknote-authentication,knn-nosuite,0.0,,0,0,0.0,0.25,0.0,0.0
banknote-authentication,knn-nosuite,0.3182098765432099,0.6262345679012347,0,0,0.3182098765432099,0.3268518518518519,0.3182098765432099,0.0
banknote-authentication,knn-nosuite,0.1666666666666574,,0,0,0.1666666666666805,0.27777777777777773,0.16666666666666896,0.0
banknote-authentication,knn-nosuite,0.2999999999999998,,0,0,0.2999999999999996,0.2999999999999998,0.2999999999999996,0.0
banknote-authentication,knn-nosuite,0.0,,0,0,0.25,0.25,0.25,0.0
banknote-authentication,knn-nosuite,0.45245901639344255,0.8729508196721312,0,0,0.45245901639344255,0.33142076502732243,0.33142076502732243,0.0
banknote-authentication,knn-nosuite,0.2761437908496732,,0,0,0.3676470588235291,0.2892156862745098,0.2892156862745098,0.0
banknote-authentication,knn-nosuite,0.3333333333333333,,0,0,0.3333333333333333,0.0,0.3333333333333333,0.0
banknote-authentication,knn-nosuite,0.24999999999999944,,0,0,0.25000000000000056,0.18859649122807123,0.18859649122807123,0.0
banknote-authentication,knn-nosuite,0.4752444987775061,0.4752444987775061,0,0,0.4752444987775061,0.10605134474327622,0.3808068459657702,0.0
banknote-authentication,knn-nosuite,0.0,,0,0,0.0,0.3333333333333333,0.25,0.0
banknote-authentication,knn-nosuite,0.3317460317460317,0.7761904761904764,0,0,0.3317460317460317,0.7761904761904764,0.3317460317460317,0.0
banknote-authentication,knn-nosuite,0.0,,0,0,0.0,0.3333333333333333,0.0,0.0
banknote-authentication,knn-nosuite,0.0,,0,0,0.0,0.3333333333333333,0.0,0.0
banknote-authentication,knn-nosuite,0.24999999999999828,0.24999999999999828,0,0,0.25,0.25,0.25,0.0
banknote-authentication,knn-nosuite,0.24999999999999956,,0,0,0.24999999999999956,0.24999999999999956,0.24999999999999956,0.0
banknote-authentication,knn-nosuite,0.0,,0,0,0.0,0.0,0.25,0.0
banknote-authentication,knn-nosuite,0.16666666666666205,,0,0,0.16666666666666205,0.16666666666666666,0.166666666666669,0.0
banknote-authentication,knn-nosuite,0.4256410256410257,0.4256410256410257,0,0,0.4256410256410257,0.4256410256410257,0.4256410256410257,0.0
banknote-authentication,knn-nosuite,0.08790849673202612,0.6107843137254901,0,0,0.31514161220043574,0.31514161220043574,0.31514161220043574,0.0
banknote-authentication,knn-nosuite,0.49474030243261014,0.49474030243261014,0,0,0.8543721236028928,0.3305939075169844,0.42833662064431294,0.0
banknote-authentication,knn-nosuite,0.31642512077294704,,0,0,0.36231884057970953,0.3405797101449285,0.31642512077294704,0.0
banknote-authentication,knn-nosuite,0.32777777777777783,0.7333333333333328,0,0,0.4916666666666666,0.32777777777777783,0.32777777777777783,0.0
banknote-authentication,knn-nosuite,0.0,,0,0,0.0,0.0,0.0,0.0
banknote-authentication,knn-nosuite,0.306592039800995,0.569029850746269,0,0,0.29850746268656736,0.32276119402985026,0.306592039800995,0.0
banknote-authentication,knn-nosuite,0.2499999999999896,,0,0,0.2499999999999896,0.3749999999999922,0.2499999999999896,0.0
banknote-authentication,knn-nosuite,0.4585121602288984,0.4585121602288984,0,0,0.4585121602288984,0.3465665236051502,0.6520028612303289,0.0
volcanoes-a2,knn-nosuite,0.2611111111111113,,0,0,0.2611111111111113,0.2611111111111113,0.2611111111111113,0.0
volcanoes-a2,knn-nosuite,0.2635983263598313,,0,0,,0.3333333333333333,0.2635983263598313,0.0
volcanoes-a2,knn-nosuite,0.0,,0,0,,0.0,0.0,0.0
volcanoes-a2,knn-nosuite,0.3333333333333356,,0,0,0.3333333333333356,0.33333333333333215,0.3333333333333356,0.0
volcanoes-a2,knn-nosuite,0.4578313253012061,,0,0,0.2908777969018925,0.3743545611015493,0.4578313253012061,0.0
volcanoes-a2,knn-nosuite,0.0,,0,0,,0.0,0.3,0.0
volcanoes-a2,knn-nosuite,0.42857142857143055,,0,0,0.42857142857143055,0.42857142857143055,,0.0
volcanoes-a2,knn-nosuite,0.6666666666666539,,0,0,0.6666666666666539,0.4166666666666669,0.6666666666666539,0.0
volcanoes-a2,knn-nosuite,0.6523437500000009,,0,0,0.6523437500000009,0.6523437500000009,0.6523437500000009,0.0
volcanoes-a2,knn-nosuite,0.539682539682539,,0,0,0.539682539682539,0.539682539682539,0.539682539682539,0.0
volcanoes-a2,knn-nosuite,0.4396853146853147,0.5442890442890441,0,0,0.12062937062937068,0.3333333333333333,0.33245920745920743,
volcanoes-a2,knn-nosuite,0.4629629629629629,,0,0,0.4629629629629629,0.4629629629629629,0.4629629629629629,0.0
volcanoes-a2,knn-nosuite,0.2409138110072696,0.2409138110072696,0,0,0.2346832814122532,0.3826583592938734,,0.0
volcanoes-a2,knn-nosuite,0.2643678160919543,,0,0,0.2643678160919543,0.2784743991640545,0.2643678160919543,0.0
volcanoes-a2,knn-nosuite,0.0,,0,0,0.0,0.0,0.0,0.0
volcanoes-a2,knn-nosuite,0.5000000000000012,,0,0,,0.5000000000000012,0.5,0.0
volcanoes-a2,knn-nosuite,0.0,,0,0,0.4,0.0,,0.0
volcanoes-a2,knn-nosuite,0.2784090909090907,,0,0,0.2784090909090907,0.2784090909090907,0.2784090909090907,0.0
volcanoes-a2,knn-nosuite,0.26455026455026376,,0,0,0.26455026455026376,0.26455026455026376,0.26455026455026376,0.0
volcanoes-a2,knn-nosuite,0.0,,0,0,0.0,0.0,0.0,0.0
volcanoes-a2,knn-nosuite,0.35532994923857836,,0,0,0.35532994923857836,0.35532994923857836,0.35532994923857836,0.0
volcanoes-a2,knn-nosuite,0.3069306930693072,,0,0,0.3069306930693072,0.3267326732673269,0.3069306930693072,0.0
volcanoes-a2,knn-nosuite,0.0,,0,0,0.0,0.0,0.0,0.0
volcanoes-a2,knn-nosuite,0.6555555555555579,,0,0,0.6555555555555579,0.6555555555555579,0.6555555555555579,0.0
volcanoes-a2,knn-nosuite,0.431818181818182,,0,0,0.431818181818182,0.431818181818182,,0.0
volcanoes-a2,knn-nosuite,0.0,,0,0,0.0,0.0,0.0,0.0
volcanoes-a2,knn-nosuite,0.49999999999999134,,0,0,0.49999999999999134,0.49999999999999134,0.49999999999999134,0.0
volcanoes-a2,knn-nosuite,0.0,,0,0,0.0,0.0,0.0,0.0
volcanoes-a2,knn-nosuite,0.0,,0,0,0.0,0.0,,0.0
volcanoes-a2,knn-nosuite,0.22222222222222077,,0,0,,0.22222222222222077,0.22222222222222077,0.0
volcanoes-a2,knn-nosuite,0.0,,0,0,0.0,0.0,0.0,0.0
volcanoes-a2,knn-nosuite,0.0,,0,0,0.0,0.3,,0.0
volcanoes-a2,knn-nosuite,0.2040816326530609,,0,0,0.2040816326530609,0.2040816326530609,,0.0
volcanoes-a2,knn-nosuite,0.0,,0,0,,0.0,0.0,0.0
volcanoes-a2,knn-nosuite,0.7088607594936719,,0,0,,0.7088607594936719,,0.0
volcanoes-a2,knn-nosuite,0.6212121212121207,,0,0,0.6212121212121207,0.6212121212121207,0.6212121212121207,0.0
volcanoes-a2,knn-nosuite,0.40000000000000213,,0,0,,0.40000000000000213,,0.0
volcanoes-a2,knn-nosuite,0.3609154929577463,0.3609154929577463,0,0,0.25352112676056276,0.3333333333333333,0.3732394366197186,
volcanoes-a2,knn-nosuite,0.0,,0,0,0.0,0.0,0.0,0.0
volcanoes-a2,knn-nosuite,0.33211344922232433,,0,0,0.3485818847209516,0.3174748398902106,0.33211344922232433,0.0
volcanoes-a2,knn-nosuite,0.0,,0,0,0.6,0.0,,0.0
volcanoes-a2,knn-nosuite,0.3333333333333299,,0,0,0.3333333333333299,0.3333333333333299,0.3333333333333299,0.0
volcanoes-a2,knn-nosuite,0.2202380952380947,,0,0,0.2202380952380947,0.2202380952380947,0.2202380952380947,0.0
volcanoes-a2,knn-nosuite,0.6666666666666718,,0,0,,0.6666666666666718,0.6666666666666718,0.0
volcanoes-a2,knn-nosuite,0.0,,0,0,,0.0,,0.0
volcanoes-a2,knn-nosuite,0.38705583756345163,0.38705583756345163,0,0,0.38705583756345163,0.38705583756345163,0.3329103214890021,
volcanoes-a2,knn-nosuite,0.0,,0,0,0.0,0.0,,0.0
volcanoes-a2,knn-nosuite,0.4836193447737913,,0,0,0.4836193447737913,0.36271450858034315,,0.0
volcanoes-a2,knn-nosuite,0.49999999999999795,,0,0,0.3000000000000012,0.49999999999999795,0.49999999999999795,0.0
volcanoes-a2,knn-nosuite,0.23152709359605927,,0,0,0.23152709359605927,0.23152709359605927,0.23152709359605927,0.0
volcanoes-a3,knn-nosuite,0.3352564102564104,0.38333333333333364,0,0,0.437179487179488,0.38333333333333364,0.38333333333333364,
volcanoes-a3,knn-nosuite,0.16129032258064427,,0,0,,0.16129032258064427,,0.0
volcanoes-a3,knn-nosuite,0.4189560439560441,0.4189560439560441,0,0,0.7298534798534798,0.3333333333333333,0.1350732600732601,
volcanoes-a3,knn-nosuite,0.09090909090908919,,0,0,0.09090909090908919,0.09090909090908919,0.09090909090908919,0.0
volcanoes-a3,knn-nosuite,0.0,,0,0,0.0,0.0,,0.0
volcanoes-a3,knn-nosuite,0.3333333333333345,,0,0,0.3333333333333345,0.3333333333333345,0.3333333333333345,0.0
volcanoes-a3,knn-nosuite,0.31249999999999684,,0,0,0.37499999999999334,0.31249999999999684,,0.0
volcanoes-a3,knn-nosuite,0.3750000000000079,,0,0,,0.3750000000000079,0.3750000000000079,0.0
volcanoes-a3,knn-nosuite,0.338187702265372,,0,0,0.338187702265372,0.338187702265372,0.338187702265372,0.0
volcanoes-a3,knn-nosuite,0.43939393939394,,0,0,0.43939393939394,0.43939393939394,,0.0
volcanoes-a3,knn-nosuite,0.0,,0,0,0.6,0.0,0.0,0.0
volcanoes-a3,knn-nosuite,0.21438082556591195,0.21438082556591195,0,0,0.21438082556591195,0.2303595206391479,0.21438082556591195,0.0
volcanoes-a3,knn-nosuite,0.36849925705794995,,0,0,0.36849925705794995,0.36849925705794995,,0.0
volcanoes-a3,knn-nosuite,0.3274087932647335,0.3274087932647335,0,0,0.4181478016838168,0.3274087932647335,0.3816651075771749,
volcanoes-a3,knn-nosuite,0.2877030162412983,0.2877030162412983,0,0,0.2877030162412983,0.2877030162412983,,0.0
volcanoes-a3,knn-nosuite,0.20118343195266228,,0,0,0.20118343195266228,0.20118343195266228,0.20118343195266228,0.0
volcanoes-a3,knn-nosuite,0.18421052631578952,,0,0,0.18421052631578952,0.18421052631578952,0.18421052631578952,0.0
volcanoes-a3,knn-nosuite,0.0,,0,0,,0.0,0.0,0.0
volcanoes-a3,knn-nosuite,0.04838709677419367,,0,0,0.04838709677419367,0.04838709677419367,,0.0
volcanoes-a3,knn-nosuite,0.3287671232876697,,0,0,,0.3287671232876697,0.3287671232876697,0.0
volcanoes-a3,knn-nosuite,0.0,,0,0,,0.0,0.0,0.0
volcanoes-a3,knn-nosuite,0.29257641921397315,0.29257641921397315,0,0,0.29257641921397315,0.29257641921397315,0.29257641921397315,0.0
volcanoes-a3,knn-nosuite,0.6341463414634128,,0,0,0.6341463414634128,0.6341463414634128,,0.0
volcanoes-a3,knn-nosuite,0.4125,0.345454545454546,0,0,0.345454545454546,0.4125,0.26022727272727303,0.0
volcanoes-a3,knn-nosuite,0.23684210526315702,,0,0,0.23684210526315702,0.23684210526315702,0.23684210526315702,0.0
volcanoes-a3,knn-nosuite,0.49056603773584845,,0,0,,0.49056603773584845,0.49056603773584845,0.0
volcanoes-a3,knn-nosuite,0.3675213675213689,0.3675213675213689,0,0,0.3675213675213689,0.3482905982905987,0.33547008547008567,0.0
volcanoes-a3,knn-nosuite,0.0,,0,0,0.0,0.0,,0.0
volcanoes-a3,knn-nosuite,0.0,,0,0,0.0,0.0,0.0,0.0
volcanoes-a3,knn-nosuite,0.0,,0,0,0.0,0.0,,0.0
volcanoes-a3,knn-nosuite,0.0,,0,0,,0.0,0.0,0.0
volcanoes-a3,knn-nosuite,0.3333333333333356,,0,0,0.3333333333333356,0.3333333333333356,0.3333333333333356,0.0
volcanoes-a3,knn-nosuite,0.3462819089900117,0.3462819089900117,0,0,0.3462819089900117,0.3812430632630413,0.3462819089900117,0.0
volcanoes-a3,knn-nosuite,0.29629629629629606,,0,0,0.29629629629629606,0.29629629629629606,0.29629629629629606,0.0
volcanoes-a3,knn-nosuite,0.0,,0,0,,0.0,0.0,0.0
volcanoes-a3,knn-nosuite,0.3088888888888879,,0,0,0.3088888888888879,0.2455555555555549,,0.0
volcanoes-a3,knn-nosuite,0.3181818181818166,,0,0,,0.3181818181818166,,0.0
volcanoes-a3,knn-nosuite,0.6199999999999998,,0,0,0.6199999999999998,0.6199999999999998,,0.0
volcanoes-a3,knn-nosuite,0.3270142180094775,0.3270142180094775,0,0,,0.3270142180094775,,0.0
volcanoes-a3,knn-nosuite,0.44186046511627836,,0,0,,0.44186046511627836,0.44186046511627836,0.0
volcanoes-a3,knn-nosuite,0.0,,0,0,0.0,0.0,0.0,0.0
volcanoes-a3,knn-nosuite,0.41563434429730894,0.3333333333333334,0,0,0.41563434429730894,0.41563434429730894,0.3333333333333334,0.0
volcanoes-a3,knn-nosuite,0.1538461538461506,,0,0,0.1538461538461506,0.1538461538461506,0.1538461538461506,0.0
volcanoes-a3,knn-nosuite,0.0,,0,0,0.0,0.0,,0.0
volcanoes-a3,knn-nosuite,0.258957654723127,,0,0,0.258957654723127,0.3333333333333333,,0.0
volcanoes-a3,knn-nosuite,0.0,,0,0,,0.0,0.0,0.0
volcanoes-a3,knn-nosuite,0.25903614457831325,,0,0,0.25903614457831325,0.20481927710843362,,0.0
volcanoes-a3,knn-nosuite,0.49999999999999656,,0,0,,0.49999999999999656,0.49999999999999656,0.0
volcanoes-a3,knn-nosuite,0.0,,0,0,0.0,0.0,0.0,0.0
volcanoes-a3,knn-nosuite,0.16666666666666474,,0,0,0.16666666666666474,0.16666666666666474,0.16666666666666474,0.0
volcanoes-a4,knn-nosuite,0.0,,0,0,,0.0,,0.0
volcanoes-a4,knn-nosuite,0.33333333333333387,,0,0,0.33333333333333387,0.33333333333333387,,0.0
volcanoes-a4,knn-nosuite,0.4061860940695297,0.4061860940695297,0,0,0.4061860940695297,0.3333333333333333,0.4061860940695297,0.0
volcanoes-a4,knn-nosuite,0.5957446808510639,,0,0,0.5957446808510639,0.5957446808510639,0.5957446808510639,0.0
volcanoes-a4,knn-nosuite,0.49999999999999883,,0,0,0.49999999999999883,0.49999999999999883,0.49999999999999883,0.0
volcanoes-a4,knn-nosuite,0.3833151581243185,0.3833151581243185,0,0,0.19029443838604126,0.3833151581243185,0.21183206106870212,
volcanoes-a4,knn-nosuite,0.06249999999999969,,0,0,0.06249999999999969,0.06249999999999969,0.06249999999999969,0.0
volcanoes-a4,knn-nosuite,0.40037593984962416,,0,0,0.40037593984962416,0.40037593984962416,0.40037593984962416,0.0
volcanoes-a4,knn-nosuite,0.6624203821656058,,0,0,0.6624203821656058,0.6624203821656058,0.6624203821656058,0.0
volcanoes-a4,knn-nosuite,0.6764705882352937,,0,0,0.1176470588235312,0.6764705882352937,,0.0
volcanoes-a4,knn-nosuite,0.0,,0,0,,0.0,0.0,0.0
volcanoes-a4,knn-nosuite,0.2595041322314051,,0,0,0.2595041322314051,0.2595041322314051,,0.0
volcanoes-a4,knn-nosuite,0.0,,0,0,,0.0,0.0,0.0
volcanoes-a4,knn-nosuite,0.0,,0,0,,0.0,0.0,0.0
volcanoes-a4,knn-nosuite,0.5294117647058708,,0,0,,0.5294117647058708,0.5294117647058708,0.0
volcanoes-a4,knn-nosuite,0.44444444444444514,,0,0,0.44444444444444514,0.44444444444444514,0.44444444444444514,0.0
volcanoes-a4,knn-nosuite,0.0,,0,0,0.0,0.0,,0.0
volcanoes-a4,knn-nosuite,0.0,,0,0,,0.0,,0.0
volcanoes-a4,knn-nosuite,0.39130434782608503,,0,0,0.39130434782608503,0.39130434782608503,,0.0
volcanoes-a4,knn-nosuite,0.0625000000000002,,0,0,,0.0625000000000002,,0.0
volcanoes-a4,knn-nosuite,0.4642857142857143,,0,0,,0.4642857142857143,0.4642857142857143,0.0
volcanoes-a4,knn-nosuite,0.38425196850393695,0.38425196850393695,0,0,0.4204724409448819,0.38425196850393695,0.38425196850393695,0.0
volcanoes-a4,knn-nosuite,0.0,,0,0,0.0,0.0,0.0,0.0
volcanoes-a4,knn-nosuite,0.0,,0,0,,0.0,,0.0
volcanoes-a4,knn-nosuite,0.41281809613572096,0.41281809613572096,0,0,0.3333333333333333,0.34118755890669183,0.3652214891611686,0.0
volcanoes-a4,knn-nosuite,0.5540540540540554,,0,0,,0.5540540540540554,0.5540540540540554,0.0
volcanoes-a4,knn-nosuite,0.35714285714285565,,0,0,0.35714285714285565,0.3214285714285737,0.35714285714285565,0.0
volcanoes-a4,knn-nosuite,0.35346964064436187,0.35346964064436187,0,0,0.35346964064436187,0.35346964064436187,0.2766418835192068,
volcanoes-a4,knn-nosuite,0.3687150837988835,,0,0,,0.3435754189944137,0.3687150837988835,0.0
volcanoes-a4,knn-nosuite,0.1850393700787402,,0,0,0.1850393700787402,0.1850393700787402,,0.0
volcanoes-a4,knn-nosuite,0.4548104956268227,,0,0,,0.4548104956268227,,0.0
volcanoes-a4,knn-nosuite,0.2857142857142832,,0,0,0.2857142857142832,0.2857142857142832,,0.0
volcanoes-a4,knn-nosuite,0.3481781376518214,,0,0,0.3481781376518214,0.23582995951417007,,0.0
volcanoes-a4,knn-nosuite,0.21487603305785136,,0,0,0.21487603305785136,0.21487603305785136,0.21487603305785136,0.0
volcanoes-a4,knn-nosuite,0.3463989802421925,0.3463989802421925,0,0,0.3333333333333333,0.3463989802421925,0.3333333333333333,0.0
volcanoes-a4,knn-nosuite,0.3873144399460191,,0,0,0.3873144399460191,0.3751686909581651,,0.0
volcanoes-a4,knn-nosuite,0.2689530685920584,,0,0,0.2689530685920584,0.2689530685920584,0.2689530685920584,0.0
volcanoes-a4,knn-nosuite,0.0,,0,0,,0.0,0.0,0.0
volcanoes-a4,knn-nosuite,0.3618677042801554,,0,0,0.3618677042801554,0.3618677042801554,,0.0
volcanoes-a4,knn-nosuite,0.3333333333333333,0.3333333333333333,0,0,0.3728246318607764,0.4805890227576974,0.3333333333333333,0.0
volcanoes-a4,knn-nosuite,0.6785714285714304,,0,0,0.6785714285714304,0.6785714285714304,0.6785714285714304,0.0
volcanoes-a4,knn-nosuite,0.3057591623036652,0.3057591623036652,0,0,0.4005235602094238,0.3333333333333333,0.4005235602094238,
volcanoes-a4,knn-nosuite,0.21212121212121132,,0,0,0.21212121212121132,0.21212121212121132,0.21212121212121132,0.0
volcanoes-a4,knn-nosuite,0.5906040268456377,,0,0,0.5906040268456377,0.5906040268456377,0.5906040268456377,0.0
volcanoes-a4,knn-nosuite,0.29545454545454497,,0,0,0.29545454545454497,0.29545454545454497,,0.0
volcanoes-a4,knn-nosuite,0.45384615384615373,,0,0,0.45384615384615373,0.357692307692308,,0.0
volcanoes-a4,knn-nosuite,0.14468085106382989,,0,0,0.14468085106382989,0.4489361702127658,0.14468085106382989,0.0
volcanoes-a4,knn-nosuite,0.24242424242424238,,0,0,0.24242424242424238,0.24242424242424238,0.24242424242424238,0.0
volcanoes-a4,knn-nosuite,0.22452229299363075,,0,0,0.2643312101910826,0.24442675159235666,,0.0
volcanoes-a4,knn-nosuite,0.0,,0,0,0.0,0.0,0.0,0.0
volcanoes-e1,knn-nosuite,0.0,,0,0,0.0,0.0,0.0,0.0
volcanoes-e1,knn-nosuite,0.3604651162790706,,0,0,0.3604651162790706,0.3604651162790706,0.3604651162790706,0.0
volcanoes-e1,knn-nosuite,0.4999999999999954,,0,0,0.4999999999999954,0.4999999999999954,0.4999999999999954,0.0
volcanoes-e1,knn-nosuite,0.3571428571428592,,0,0,0.3571428571428539,0.3571428571428592,0.3571428571428592,0.0
volcanoes-e1,knn-nosuite,0.24999999999999886,,0,0,0.24999999999999886,0.24999999999999886,,0.0
volcanoes-e1,knn-nosuite,0.8035714285714317,,0,0,0.8035714285714317,0.8035714285714317,,0.0
volcanoes-e1,knn-nosuite,0.2208835341365458,,0,0,0.2208835341365458,0.2208835341365458,0.2208835341365458,0.0
volcanoes-e1,knn-nosuite,0.41304347826087046,,0,0,0.41304347826087046,0.41304347826087046,0.41304347826087046,0.0
volcanoes-e1,knn-nosuite,0.10321100917431242,,0,0,,0.10321100917431242,0.3153669724770646,0.0
volcanoes-e1,knn-nosuite,0.20227920227920212,,0,0,0.3133903133903131,0.28774928774928804,0.20227920227920212,0.0
volcanoes-e1,knn-nosuite,0.34893617021276546,,0,0,0.4127659574468091,0.34893617021276546,0.34893617021276546,0.0
volcanoes-e1,knn-nosuite,0.3583941605839415,,0,0,0.39270072992700733,0.3583941605839415,0.3583941605839415,0.0
volcanoes-e1,knn-nosuite,0.4657894736842106,,0,0,,0.4657894736842106,0.4657894736842106,0.0
volcanoes-e1,knn-nosuite,0.21874999999999978,,0,0,0.21874999999999978,0.42187500000000006,,0.0
volcanoes-e1,knn-nosuite,0.21246458923512773,,0,0,0.21246458923512773,0.21246458923512773,0.21246458923512773,0.0
volcanoes-e1,knn-nosuite,0.3333333333333416,,0,0,0.3333333333333416,0.3333333333333416,0.3333333333333416,0.0
volcanoes-e1,knn-nosuite,0.12041884816753944,,0,0,0.12041884816753944,0.12041884816753944,0.12041884816753944,0.0
volcanoes-e1,knn-nosuite,0.3846153846153824,,0,0,0.23076923076922956,0.3846153846153824,0.3846153846153824,0.0
volcanoes-e1,knn-nosuite,0.3629191321499013,,0,0,0.3629191321499013,0.3185404339250491,,0.0
volcanoes-e1,knn-nosuite,0.2573221757322175,,0,0,0.1799163179916317,0.2573221757322175,0.1799163179916317,
volcanoes-e1,knn-nosuite,0.3777462792345852,0.2501771793054573,0,0,0.3333333333333333,,0.3333333333333333,0.0
volcanoes-e1,knn-nosuite,0.43750000000000105,,0,0,0.43750000000000105,0.43750000000000105,0.43750000000000105,0.0
volcanoes-e1,knn-nosuite,0.40000000000000147,,0,0,0.40000000000000147,0.40000000000000147,,0.0
volcanoes-e1,knn-nosuite,0.1515151515151508,,0,0,0.46969696969696895,0.1515151515151508,0.1515151515151508,0.0
volcanoes-e1,knn-nosuite,0.3571428571428562,,0,0,0.3571428571428562,0.32142857142857106,0.3571428571428562,0.0
volcanoes-e1,knn-nosuite,0.3267929634641409,0.3958051420838972,0,0,0.34641407307171823,0.3267929634641409,0.2774018944519619,
volcanoes-e1,knn-nosuite,0.0420168067226884,,0,0,0.0420168067226884,0.0420168067226884,0.0420168067226884,0.0
volcanoes-e1,knn-nosuite,0.3311808118081181,,0,0,0.21586715867158668,0.3311808118081181,0.2767527675276753,0.0
volcanoes-e1,knn-nosuite,0.6956521739130485,,0,0,0.26086956521738763,0.6956521739130485,0.6956521739130485,0.0
volcanoes-e1,knn-nosuite,0.4964788732394365,,0,0,0.3257042253521124,0.3257042253521124,0.3257042253521124,0.0
volcanoes-e1,knn-nosuite,0.38669950738916276,,0,0,0.22660098522167454,0.38669950738916276,0.21921182266009856,0.0
volcanoes-e1,knn-nosuite,0.09287925696594368,,0,0,0.09287925696594368,0.09287925696594368,0.09287925696594368,0.0
volcanoes-e1,knn-nosuite,0.3256802721088434,,0,0,,0.3256802721088434,0.30272108843537393,0.0
volcanoes-e1,knn-nosuite,0.0,,0,0,0.0,0.3333333333333333,,0.0
volcanoes-e1,knn-nosuite,0.41666666666666624,,0,0,0.41666666666666624,0.2789855072463762,0.41666666666666624,
volcanoes-e1,knn-nosuite,0.31454783748361764,0.23787680209698536,0,0,0.23787680209698536,0.31454783748361764,0.3333333333333333,
volcanoes-e1,knn-nosuite,0.6071428571428567,,0,0,0.14285714285714304,0.6071428571428567,0.6071428571428567,0.0
volcanoes-e1,knn-nosuite,0.32758620689655127,,0,0,0.32758620689655127,0.32758620689655127,,0.0
volcanoes-e1,knn-nosuite,0.6040268456375836,,0,0,0.6040268456375836,0.6040268456375836,0.6040268456375836,0.0
volcanoes-e1,knn-nosuite,0.35714285714285804,,0,0,0.2857142857142865,0.35714285714285804,,0.0
volcanoes-e1,knn-nosuite,0.3873056994818652,0.4792746113989634,0,0,0.3333333333333333,0.3873056994818652,0.3333333333333333,0.0
volcanoes-e1,knn-nosuite,0.41439688715953316,,0,0,0.28988326848249035,0.41439688715953316,0.41439688715953316,0.0
volcanoes-e1,knn-nosuite,0.3461538461538474,,0,0,0.3461538461538474,0.3461538461538474,0.3461538461538474,0.0
volcanoes-e1,knn-nosuite,0.4999999999999998,,0,0,0.4999999999999998,,0.4999999999999998,0.0
volcanoes-e1,knn-nosuite,0.21428571428571433,,0,0,0.4789915966386557,0.34663865546218503,,0.0
volcanoes-e1,knn-nosuite,0.0,,0,0,0.0,0.0,,0.0
volcanoes-e2,knn-nosuite,0.16666666666666538,,0,0,,,,0.0
volcanoes-e2,knn-nosuite,0.3571428571428574,,0,0,,,,0.0
volcanoes-e2,knn-nosuite,0.15909090909090928,,0,0,0.15909090909090928,,0.15909090909090928,0.0
volcanoes-e2,knn-nosuite,0.12499999999999939,,0,0,0.12499999999999939,,0.12499999999999939,0.0
volcanoes-e2,knn-nosuite,0.10000000000000192,,0,0,,,0.10000000000000192,0.0
volcanoes-e2,knn-nosuite,0.6597938144329891,,0,0,,,,0.0
volcanoes-e2,knn-nosuite,0.20575221238938063,,0,0,0.20575221238938063,,0.20575221238938063,0.0
volcanoes-e2,knn-nosuite,0.560439560439562,,0,0,0.560439560439562,,,0.0
volcanoes-e2,knn-nosuite,0.3708487084870851,,0,0,,,0.3708487084870851,0.0
volcanoes-e2,knn-nosuite,0.39511873350923477,0.5118733509234824,0,0,0.5118733509234824,,0.5118733509234824,
volcanoes-e2,knn-nosuite,0.33661417322834625,,0,0,0.13188976377952707,,0.2293307086614173,0.0
volcanoes-e2,knn-nosuite,0.5189393939393939,,0,0,0.5189393939393939,,0.5189393939393939,0.0
volcanoes-e2,knn-nosuite,0.07947019867549678,,0,0,0.07947019867549678,,0.07947019867549678,0.0
volcanoes-e2,knn-nosuite,0.5084745762711869,,0,0,0.5084745762711869,,0.5084745762711869,0.0
volcanoes-e2,knn-nosuite,0.17699115044247762,,0,0,0.17699115044247762,,0.17699115044247762,0.0
volcanoes-e2,knn-nosuite,0.3427230046948351,,0,0,0.3427230046948351,,,0.0
volcanoes-e2,knn-nosuite,0.5000000000000064,,0,0,,,,0.0
volcanoes-e2,knn-nosuite,0.2802631578947372,,0,0,,,0.2947368421052625,0.0
volcanoes-e2,knn-nosuite,0.6442307692307694,,0,0,0.6442307692307694,,,0.0
volcanoes-e2,knn-nosuite,0.08333333333333265,,0,0,0.08333333333333265,,0.08333333333333265,0.0
volcanoes-e2,knn-nosuite,0.6981818181818178,,0,0,0.6981818181818178,,0.6981818181818178,0.0
volcanoes-e2,knn-nosuite,0.4123989218328843,,0,0,0.4123989218328843,,0.4123989218328843,0.0
volcanoes-e2,knn-nosuite,0.1715686274509814,,0,0,0.1715686274509814,,0.1715686274509814,
volcanoes-e2,knn-nosuite,0.34098360655737703,0.4622950819672135,0,0,,,0.34098360655737703,0.0
volcanoes-e2,knn-nosuite,0.6027397260273983,,0,0,0.6027397260273983,,0.6027397260273983,0.0
volcanoes-e2,knn-nosuite,0.24444444444444438,,0,0,,,,0.0
volcanoes-e2,knn-nosuite,0.47142857142857136,,0,0,0.2714285714285715,,0.47142857142857136,0.0
volcanoes-e2,knn-nosuite,0.28571428571428364,,0,0,,,0.28571428571428364,0.0
volcanoes-e2,knn-nosuite,0.3557692307692305,,0,0,0.19038461538461582,,0.5211538461538452,
volcanoes-e2,knn-nosuite,0.1728395061728393,,0,0,0.1728395061728393,,,0.0
volcanoes-e2,knn-nosuite,0.15384615384615438,,0,0,,,0.15384615384615438,0.0
volcanoes-e2,knn-nosuite,0.1312056737588655,,0,0,0.1312056737588655,,0.1312056737588655,0.0
volcanoes-e2,knn-nosuite,0.17346938775510198,,0,0,0.17346938775510198,,0.17346938775510198,0.0
volcanoes-e2,knn-nosuite,0.6600000000000004,,0,0,,,,0.0
volcanoes-e2,knn-nosuite,0.28318584070796415,,0,0,,,0.28318584070796415,0.0
volcanoes-e2,knn-nosuite,0.166666666666667,,0,0,0.7777777777777771,,,0.0
volcanoes-e2,knn-nosuite,0.42156862745097756,,0,0,,,,0.0
volcanoes-e2,knn-nosuite,0.17123287671232928,,0,0,0.17123287671232928,,0.17123287671232928,0.0
volcanoes-e2,knn-nosuite,0.37321711568938193,0.4183835182250393,0,0,0.3280507131537246,,,
volcanoes-e2,knn-nosuite,0.0,,0,0,,,0.3,0.0
volcanoes-e2,knn-nosuite,0.15568862275449125,,0,0,0.11377245508981952,,,0.0
volcanoes-e2,knn-nosuite,0.22673031026253093,,0,0,0.22673031026253093,,0.22673031026253093,0.0
volcanoes-e2,knn-nosuite,0.46726572528883176,0.34274711168164274,0,0,,,0.20410783055198964,
volcanoes-e2,knn-nosuite,0.31178707224334595,,0,0,,,0.31178707224334595,0.0
volcanoes-e2,knn-nosuite,0.4413043478260875,,0,0,0.4413043478260875,,0.4413043478260875,0.0
volcanoes-e2,knn-nosuite,0.29506172839506145,,0,0,0.29506172839506145,,,0.0
volcanoes-e2,knn-nosuite,0.3404255319148934,0.4202127659574466,0,0,0.52127659574468,,0.3191489361702133,
volcanoes-e2,knn-nosuite,0.34328358208955206,0.34328358208955206,0,0,0.34328358208955206,,0.32587064676616906,0.0
volcanoes-e2,knn-nosuite,0.6370967741935488,,0,0,,,,0.0
volcanoes-e2,knn-nosuite,0.13772455089820335,,0,0,0.13772455089820335,,0.13772455089820335,0.0
volcanoes-e3,knn-nosuite,0.23404255319149003,,0,0,0.23404255319149003,0.23404255319149003,,0.0
volcanoes-e3,knn-nosuite,0.30669546436285067,0.30669546436285067,0,0,0.30669546436285067,0.24406047516198665,0.30669546436285067,0.0
volcanoes-e3,knn-nosuite,0.5000000000000033,,0,0,0.5000000000000033,,0.5000000000000033,0.0
volcanoes-e3,knn-nosuite,0.0,,0,0,0.0,,,0.0
volcanoes-e3,knn-nosuite,0.425036390101892,0.425036390101892,0,0,0.425036390101892,,,0.0
volcanoes-e3,knn-nosuite,0.2556818181818184,,0,0,0.07386363636363591,,,0.0
volcanoes-e3,knn-nosuite,0.5612903225806443,0.5612903225806443,0,0,0.5612903225806443,0.5612903225806443,0.5612903225806443,0.0
volcanoes-e3,knn-nosuite,0.25625000000000103,,0,0,0.25625000000000103,,0.25625000000000103,0.0
volcanoes-e3,knn-nosuite,0.18565400843881852,,0,0,0.474683544303798,,0.474683544303798,0.0
volcanoes-e3,knn-nosuite,0.33072916666666685,0.33072916666666685,0,0,0.37604166666666633,0.4135416666666664,,
volcanoes-e3,knn-nosuite,0.3333333333333444,,0,0,0.3333333333333444,0.33333333333333776,0.3333333333333444,0.0
volcanoes-e3,knn-nosuite,0.24675324675324617,,0,0,0.24675324675324617,0.38311688311688324,0.24675324675324617,0.0
volcanoes-e3,knn-nosuite,0.7446808510638291,,0,0,0.7446808510638291,,0.7446808510638291,0.0
volcanoes-e3,knn-nosuite,0.13888888888888842,,0,0,0.13888888888888842,0.13888888888888842,0.13888888888888842,0.0
volcanoes-e3,knn-nosuite,0.5969387755102047,,0,0,0.5969387755102047,,0.5969387755102047,0.0
volcanoes-e3,knn-nosuite,0.5000000000000017,,0,0,0.5000000000000017,0.5,,0.0
volcanoes-e3,knn-nosuite,0.4107142857142871,,0,0,0.4107142857142871,,0.4107142857142871,0.0
volcanoes-e3,knn-nosuite,0.3601440576230488,0.4861944777911157,0,0,0.3601440576230488,0.3601440576230488,0.4861944777911157,0.0
volcanoes-e3,knn-nosuite,0.7066666666666658,,0,0,0.7066666666666658,0.7066666666666658,0.7066666666666658,0.0
volcanoes-e3,knn-nosuite,0.21917808219178156,,0,0,0.21917808219178156,0.21917808219178156,,0.0
volcanoes-e3,knn-nosuite,0.16606498194945832,,0,0,0.16606498194945832,,,0.0
volcanoes-e3,knn-nosuite,0.21576763485477216,,0,0,0.11618257261410768,,0.21576763485477216,0.0
volcanoes-e3,knn-nosuite,0.7282608695652178,,0,0,0.7282608695652178,0.7282608695652178,0.7282608695652178,0.0
volcanoes-e3,knn-nosuite,0.13380281690140816,,0,0,0.13380281690140816,0.13380281690140816,0.13380281690140816,0.0
volcanoes-e3,knn-nosuite,0.16105769230769207,,0,0,0.16105769230769207,0.16105769230769207,,0.0
volcanoes-e3,knn-nosuite,0.0,,0,0,0.6,,,0.0
volcanoes-e3,knn-nosuite,0.08208955223880508,,0,0,0.08208955223880508,,0.08208955223880508,0.0
volcanoes-e3,knn-nosuite,0.48955916473317834,0.48955916473317834,0,0,0.48955916473317834,0.3333333333333333,0.29350348027842255,0.0
volcanoes-e3,knn-nosuite,0.30487804878048885,,0,0,0.30487804878048885,0.30487804878048885,,0.0
volcanoes-e3,knn-nosuite,0.39999999999999997,,0,0,0.39999999999999997,,0.39999999999999997,0.0
volcanoes-e3,knn-nosuite,0.3619528619528624,0.11896745230078729,0,0,0.3619528619528624,0.3333333333333333,0.19753086419753124,
volcanoes-e3,knn-nosuite,0.07142857142857326,,0,0,0.07142857142857326,0.2500000000000002,0.07142857142857326,0.0
volcanoes-e3,knn-nosuite,0.18604651162790822,,0,0,0.18604651162790822,0.18604651162790822,,0.0
volcanoes-e3,knn-nosuite,0.693548387096774,,0,0,0.693548387096774,0.693548387096774,,0.0
volcanoes-e3,knn-nosuite,0.6896551724137961,,0,0,0.13793103448275576,,0.6896551724137961,0.0
volcanoes-e3,knn-nosuite,0.2692307692307697,,0,0,0.17948717948717963,0.2692307692307697,0.2692307692307697,0.0
volcanoes-e3,knn-nosuite,0.33333333333333115,,0,0,0.33333333333333115,,0.33333333333333115,0.0
volcanoes-e3,knn-nosuite,0.8089171974522292,,0,0,0.8089171974522292,,,0.0
volcanoes-e3,knn-nosuite,0.4268292682926826,,0,0,0.4268292682926826,0.4268292682926826,,0.0
volcanoes-e3,knn-nosuite,0.5540540540540546,,0,0,0.5540540540540546,,,0.0
volcanoes-e3,knn-nosuite,0.3666666666666659,,0,0,0.3666666666666659,0.31666666666666565,0.3666666666666659,0.0
volcanoes-e3,knn-nosuite,0.43348623853210966,0.28669724770642174,0,0,0.5802752293577975,0.3566513761467891,0.3566513761467891,0.0
volcanoes-e3,knn-nosuite,0.4565217391304351,,0,0,0.2826086956521729,0.2608695652173919,0.4565217391304351,0.0
volcanoes-e3,knn-nosuite,0.3333333333333339,,0,0,0.3333333333333339,,0.3333333333333339,0.0
volcanoes-e3,knn-nosuite,0.8157894736842136,,0,0,0.8157894736842136,,,0.0
volcanoes-e3,knn-nosuite,0.45283018867924446,,0,0,0.45283018867924446,0.3773584905660382,,0.0
volcanoes-e3,knn-nosuite,0.6999999999999982,0.6999999999999982,0,0,0.6999999999999982,0.1500000000000009,0.6999999999999982,0.0
volcanoes-e3,knn-nosuite,0.3235294117647063,,0,0,0.3235294117647063,,,0.0
volcanoes-e3,knn-nosuite,0.083333333333332,0.083333333333332,0,0,0.083333333333332,0.39833333333333326,,
volcanoes-e3,knn-nosuite,0.6980519480519487,,0,0,0.6980519480519487,0.6980519480519487,,0.0
volcanoes-e4,knn-nosuite,0.1464646464646461,,0,0,0.1464646464646461,,,0.0
volcanoes-e4,knn-nosuite,0.09999999999999983,,0,0,0.6999999999999993,0.09999999999999983,0.09999999999999983,0.0
volcanoes-e4,knn-nosuite,0.34802904564315323,,0,0,0.5404564315352696,,0.1556016597510369,0.0
volcanoes-e4,knn-nosuite,0.2875457875457874,,0,0,0.2875457875457874,,0.2875457875457874,0.0
volcanoes-e4,knn-nosuite,0.3333333333333333,0.4179104477611945,0,0,0.40995024875621877,0.4179104477611945,0.4179104477611945,0.0
volcanoes-e4,knn-nosuite,0.0,,0,0,0.4,,,0.0
volcanoes-e4,knn-nosuite,0.3333333333333333,0.40832773673606476,0,0,0.4294828744123571,,0.40832773673606476,0.0
volcanoes-e4,knn-nosuite,0.6111111111111107,,0,0,0.3111111111111108,,0.6111111111111107,0.0
volcanoes-e4,knn-nosuite,0.19298245614035053,,0,0,0.19298245614035053,,0.19298245614035053,0.0
volcanoes-e4,knn-nosuite,0.2857142857142861,,0,0,0.28571428571428886,,,0.0
volcanoes-e4,knn-nosuite,0.30520646319569145,,0,0,0.05206463195691245,,0.5583482944344704,0.0
volcanoes-e4,knn-nosuite,0.2500000000000004,,0,0,0.2500000000000004,,0.2500000000000004,0.0
volcanoes-e4,knn-nosuite,0.9521276595744678,,0,0,0.9521276595744678,,0.9521276595744678,0.0
volcanoes-e4,knn-nosuite,0.12499999999999992,,0,0,,,,0.0
volcanoes-e4,knn-nosuite,0.7230769230769255,,0,0,0.7230769230769255,,,0.0
volcanoes-e4,knn-nosuite,0.5208333333333334,,0,0,0.06944444444444457,,0.5208333333333334,0.0
volcanoes-e4,knn-nosuite,0.5000000000000017,,0,0,,,,0.0
volcanoes-e4,knn-nosuite,0.06024096385542189,,0,0,0.3012048192771089,,,0.0
volcanoes-e4,knn-nosuite,0.7335025380710656,,0,0,0.7335025380710656,,,0.0
volcanoes-e4,knn-nosuite,0.4591836734693873,,0,0,0.4591836734693873,,,0.0
volcanoes-e4,knn-nosuite,0.38542581211589105,0.06321334503950819,0,0,0.707638279192274,,,0.0
volcanoes-e4,knn-nosuite,0.22666666666666685,,0,0,0.22666666666666685,,0.22666666666666685,0.0
volcanoes-e4,knn-nosuite,0.2933884297520656,,0,0,0.2933884297520656,0.38636363636363635,0.2933884297520656,0.0
volcanoes-e4,knn-nosuite,0.33333333333333554,,0,0,0.33333333333333554,,0.33333333333333554,0.0
volcanoes-e4,knn-nosuite,0.3185483870967749,,0,0,0.35416666666666663,,0.3407258064516125,0.0
volcanoes-e4,knn-nosuite,0.3237410071942448,,0,0,0.3237410071942448,,0.3237410071942448,0.0
volcanoes-e4,knn-nosuite,0.5925925925925916,,0,0,0.5925925925925916,,0.5925925925925916,0.0
volcanoes-e4,knn-nosuite,0.5629139072847684,,0,0,0.5629139072847684,,,0.0
volcanoes-e4,knn-nosuite,0.7000000000000014,,0,0,0.7000000000000014,,0.7000000000000014,0.0
volcanoes-e4,knn-nosuite,0.5178571428571427,,0,0,0.5178571428571427,,,0.0
volcanoes-e4,knn-nosuite,0.0,,0,0,0.0,,0.0,0.0
volcanoes-e4,knn-nosuite,0.4166666666666684,,0,0,0.4166666666666673,,0.4166666666666684,0.0
volcanoes-e4,knn-nosuite,0.5303030303030306,0.5303030303030306,0,0,0.3090909090909075,,0.34545454545454624,0.0
volcanoes-e4,knn-nosuite,0.33408408408408374,,0,0,0.3933933933933942,,0.3626126126126133,0.0
volcanoes-e4,knn-nosuite,0.3571428571428568,,0,0,0.21938775510204073,,0.3571428571428568,0.0
volcanoes-e4,knn-nosuite,0.12500000000000092,,0,0,0.12500000000000092,,0.12500000000000092,0.0
volcanoes-e4,knn-nosuite,0.33049242424242414,,0,0,0.3390151515151518,,0.528409090909091,0.0
volcanoes-e4,knn-nosuite,0.3125000000000046,,0,0,0.43749999999999106,,0.3125000000000046,0.0
volcanoes-e4,knn-nosuite,0.22549019607843143,,0,0,0.2843137254901967,,0.22549019607843143,0.0
volcanoes-e4,knn-nosuite,0.16438356164383594,,0,0,0.16438356164383594,,,0.0
volcanoes-e4,knn-nosuite,0.0,,0,0,0.6,,,0.0
volcanoes-e4,knn-nosuite,0.4583333333333345,,0,0,0.4583333333333345,0.4583333333333345,0.4583333333333345,0.0
volcanoes-e4,knn-nosuite,0.3883388338833881,0.26732673267326756,0,0,0.3883388338833881,,0.2453245324532457,0.0
volcanoes-e4,knn-nosuite,0.6510067114093961,,0,0,0.6510067114093961,,,0.0
volcanoes-e4,knn-nosuite,0.2826086956521729,,0,0,,,,0.0
volcanoes-e4,knn-nosuite,0.5833333333333335,,0,0,,,,0.0
volcanoes-e4,knn-nosuite,0.4999999999999978,,0,0,0.4999999999999978,,,0.0
volcanoes-e5,knn-nosuite,0.3187660668380461,0.3187660668380461,0,0,0.3187660668380461,,0.2159383033419028,0.0
volcanoes-e5,knn-nosuite,0.49999999999998546,,0,0,,,0.49999999999998546,0.0
volcanoes-e5,knn-nosuite,0.30508474576271255,,0,0,0.30508474576271255,,0.4406779661016953,0.0
volcanoes-e5,knn-nosuite,0.7368421052631582,,0,0,0.7368421052631582,,,0.0
volcanoes-e5,knn-nosuite,0.23529411764705904,,0,0,0.23529411764705904,,,0.0
volcanoes-e5,knn-nosuite,0.19354838709677444,,0,0,0.19354838709677444,,0.19354838709677444,0.0
volcanoes-e5,knn-nosuite,0.3333333333333333,0.2205882352941179,0,0,0.3829656862745101,,0.20710784313725591,0.0
volcanoes-e5,knn-nosuite,0.17886178861788568,,0,0,0.14227642276422728,,0.17886178861788568,0.0
volcanoes-e5,knn-nosuite,0.312500000000001,,0,0,0.312500000000001,,,0.0
volcanoes-e5,knn-nosuite,0.5270270270270275,,0,0,,,0.5270270270270275,0.0
volcanoes-e5,knn-nosuite,0.7857142857142849,,0,0,0.7857142857142849,,,0.0
volcanoes-e5,knn-nosuite,0.43689320388349506,,0,0,0.43689320388349506,,0.43689320388349506,0.0
volcanoes-e5,knn-nosuite,0.3333333333333333,0.30847457627118646,0,0,0.14152542372881313,,0.30847457627118646,
volcanoes-e5,knn-nosuite,0.12264150943396117,,0,0,,,0.12264150943396117,0.0
volcanoes-e5,knn-nosuite,0.19791666666666566,,0,0,,,,0.0
volcanoes-e5,knn-nosuite,0.048387096774193866,,0,0,,,0.1129032258064516,0.0
volcanoes-e5,knn-nosuite,0.17857142857142883,,0,0,0.3333333333333333,,,0.0
volcanoes-e5,knn-nosuite,0.1271186440677964,,0,0,,,0.1271186440677964,0.0
volcanoes-e5,knn-nosuite,0.5500000000000018,,0,0,,,0.5500000000000018,0.0
volcanoes-e5,knn-nosuite,0.35795454545454564,,0,0,0.35795454545454564,,,0.0
volcanoes-e5,knn-nosuite,0.14705882352941227,,0,0,0.14705882352941227,,,0.0
volcanoes-e5,knn-nosuite,0.476923076923077,,0,0,,,0.476923076923077,0.0
volcanoes-e5,knn-nosuite,0.32717190388170025,,0,0,0.32717190388170025,,0.32717190388170025,0.0
volcanoes-e5,knn-nosuite,0.18018018018017945,,0,0,0.18018018018017945,,0.18018018018017945,0.0
volcanoes-e5,knn-nosuite,0.2022160664819947,,0,0,,,,0.0
volcanoes-e5,knn-nosuite,0.3333333333333339,,0,0,0.3333333333333339,,0.3333333333333339,0.0
volcanoes-e5,knn-nosuite,0.1856287425149704,,0,0,0.1856287425149704,,,0.0
volcanoes-e5,knn-nosuite,0.17777777777777773,,0,0,,,0.36111111111111044,0.0
volcanoes-e5,knn-nosuite,0.388888888888889,,0,0,0.388888888888889,,,0.0
volcanoes-e5,knn-nosuite,0.16666666666666521,,0,0,,,0.16666666666666521,0.0
volcanoes-e5,knn-nosuite,0.6899999999999985,,0,0,,,,0.0
volcanoes-e5,knn-nosuite,0.6948356807511744,,0,0,0.6948356807511744,,0.6948356807511744,0.0
volcanoes-e5,knn-nosuite,0.4334862385321099,,0,0,0.4334862385321099,,0.4334862385321099,0.0
volcanoes-e5,knn-nosuite,0.4715025906735763,,0,0,0.4715025906735763,,0.4715025906735763,0.0
volcanoes-e5,knn-nosuite,0.4957627118644071,,0,0,0.4957627118644071,,0.4957627118644071,0.0
volcanoes-e5,knn-nosuite,0.38461538461538464,,0,0,0.38461538461538464,,0.38461538461538464,0.0
volcanoes-e5,knn-nosuite,0.3333333333333333,0.40034965034964975,0,0,,,0.24475524475524524,
volcanoes-e5,knn-nosuite,0.4677419354838712,,0,0,0.4677419354838712,,,0.0
volcanoes-e5,knn-nosuite,0.1166666666666656,,0,0,0.1166666666666656,,0.1166666666666656,0.0
volcanoes-e5,knn-nosuite,0.3256513026052106,0.4969939879759518,0,0,0.4969939879759518,,0.34869739478957895,0.0
volcanoes-e5,knn-nosuite,0.3333333333333333,0.3633615477629987,0,0,0.3333333333333333,,0.3333333333333333,0.0
volcanoes-e5,knn-nosuite,0.4105960264900663,0.4194260485651211,0,0,,,0.2991169977924942,
volcanoes-e5,knn-nosuite,0.3517241379310343,,0,0,0.3517241379310343,,0.3517241379310343,0.0
volcanoes-e5,knn-nosuite,0.39215686274509737,,0,0,,,0.39215686274509737,0.0
volcanoes-e5,knn-nosuite,0.6313559322033898,,0,0,0.6313559322033898,,0.6313559322033898,0.0
volcanoes-e5,knn-nosuite,0.4999999999999987,,0,0,,,,0.0
volcanoes-e5,knn-nosuite,0.2185792349726775,,0,0,,,0.2691256830601091,0.0
volcanoes-e5,knn-nosuite,0.27777777777777807,,0,0,0.27777777777777807,,0.27777777777777807,0.0
volcanoes-e5,knn-nosuite,0.18918918918918895,,0,0,,,,0.0
wine-quality-red,knn-nosuite,0.037114845938375364,0.03574359976548759,0,0,0.10795946285490941,,0.09968405967037978,0.0
wine-quality-red,knn-nosuite,0.123998200850507,0.23041380438338224,0,0,0.14867517173699699,,0.12962054301602874,0.0
wine-quality-red,knn-nosuite,0.11889194769442542,0.08446891488873605,0,0,0.09766001376462487,,0.08093599449415009,0.0
wine-quality-red,knn-nosuite,0.1414409862570736,0.2051839126919969,0,0,0.13266543480771453,,0.12188907495091816,0.0
wine-quality-red,knn-nosuite,0.09661295135780366,0.1698497960807721,0,0,0.12621108126927297,,0.12225206406047955,0.0
wine-quality-red,knn-nosuite,0.1324930491195552,0.14063948100092677,0,0,0.09799196787148594,,0.11322984244670992,0.0
wine-quality-red,knn-nosuite,0.0981828168627271,0.1284444088433195,0,0,0.09855281426893096,,0.11274431272028201,0.0
wine-quality-red,knn-nosuite,0.10378398236590713,0.11149889786921396,0,0,0.09430973957057719,,0.08602918022462488,0.0
wine-quality-red,knn-nosuite,0.06879723208595104,0.06360739324410454,0,0,0.10430405431771184,,0.12142141751538094,0.0
wine-quality-red,knn-nosuite,0.07166164658634538,0.10652610441767053,0,0,0.05941767068273094,,0.11608099062918346,0.0
wine-quality-red,knn-nosuite,0.11628154191636657,0.15096270114407967,0,0,0.10874735904965659,,0.11036847070704389,0.0
wine-quality-red,knn-nosuite,0.09894617001401215,0.10558150397010742,0,0,0.09518249149262696,,0.07792795422699673,0.0
wine-quality-red,knn-nosuite,0.12135913341357282,0.1409591704471808,0,0,0.1334737524303305,,0.09392417368762151,0.0
wine-quality-red,knn-nosuite,0.11655216375097385,0.09618244918195341,0,0,0.10389191869112542,,0.10304632843056243,0.0
wine-quality-red,knn-nosuite,0.10597733469665982,0.11008861622358555,0,0,0.15442868098159493,,0.09045427987145774,0.0
wine-quality-red,knn-nosuite,0.08405433465997575,0.1315971621387783,0,0,0.08120998442637131,,0.10502105323873795,0.0
wine-quality-red,knn-nosuite,0.12373756694720743,0.1429801071155318,0,0,0.10047394372183967,,0.10724305024228507,0.0
wine-quality-red,knn-nosuite,0.08570707434917431,0.10058051489146895,0,0,0.07916876998149083,,0.12261484098939938,0.0
wine-quality-red,knn-nosuite,0.08986435568952518,0.1469061374863936,0,0,0.09745457590220215,,0.09637444528175501,0.0
wine-quality-red,knn-nosuite,0.1083878246454227,0.12326395284582796,0,0,0.0623605738728229,,0.10005935203945886,0.0
wine-quality-red,knn-nosuite,0.0815386044783053,0.2349716621759731,0,0,0.13892502090495215,,0.13892502090495215,0.0
wine-quality-red,knn-nosuite,0.0862422800104057,0.1031226815943886,0,0,0.132757806703986,,0.08941217277360798,0.0
wine-quality-red,knn-nosuite,0.1396867469879519,0.18216867469879514,0,0,0.10727409638554224,,0.09835341365461853,0.0
wine-quality-red,knn-nosuite,0.10469086021505374,0.14866935483870963,0,0,0.11060483870967736,,0.09472782258064512,0.0
wine-quality-red,knn-nosuite,0.0937856193009119,0.08639817629179333,0,0,0.1035334346504559,,0.10510068389057753,0.0
wine-quality-red,knn-nosuite,0.1132065067548939,0.12820512820512828,0,0,0.1183760683760685,,0.10692721257237389,0.0
wine-quality-red,knn-nosuite,0.09414959652389814,0.07749068901303541,0,0,0.08579409417398251,,0.10136173184357541,0.0
wine-quality-red,knn-nosuite,0.08700744266878234,0.14088178624050773,0,0,0.11824209452567151,,0.10604858513733047,0.0
wine-quality-red,knn-nosuite,0.11323211046749752,0.12267860277338952,0,0,0.10509039845532742,,0.08874553858756072,0.0
wine-quality-red,knn-nosuite,0.14809418939522287,0.08151222542210175,0,0,0.11488105321749234,,0.12187507562740503,0.0
wine-quality-red,knn-nosuite,0.15276053577262336,0.10184035718174889,0,0,0.12329848633344223,,0.09088222025170736,0.0
wine-quality-red,knn-nosuite,0.14071252520725963,0.18108148480095604,0,0,0.09919523489431624,,0.1014680376096464,0.0
wine-quality-red,knn-nosuite,0.11704430805448124,0.11380527997309561,0,0,0.10303514376996802,,0.10770136203127627,0.0
wine-quality-red,knn-nosuite,0.03913080383668615,0.29666412019353217,0,0,0.0948985654868008,,0.10802351243527714,0.0
wine-quality-red,knn-nosuite,0.10975265682309783,0.1262892253675662,0,0,0.09688391485626507,,0.11588137559171134,0.0
wine-quality-red,knn-nosuite,0.10592093600425456,0.06039118359628908,0,0,0.10217286701952542,,0.10087971990781776,0.0
wine-quality-red,knn-nosuite,0.183378538735379,0.46262078318359084,0,0,0.23131039159179542,,0.46262078318359084,0.0
wine-quality-red,knn-nosuite,0.08443360268333587,0.09153326218427606,0,0,0.094005691924582,,0.09217755642515511,0.0
wine-quality-red,knn-nosuite,0.11787028518859241,0.09107635694572214,0,0,0.11896274149034039,,0.08521159153633852,0.0
wine-quality-red,knn-nosuite,0.09543563643124406,0.183151672902771,0,0,0.11767645076576262,,0.08631852936391735,0.0
wine-quality-red,knn-nosuite,0.07275919243148352,0.15897786013849605,0,0,0.10241988794607541,,0.10702964985857799,0.0
wine-quality-red,knn-nosuite,0.11752933057280877,0.04975845410628025,0,0,0.08421325051759837,,0.09658385093167698,0.0
wine-quality-red,knn-nosuite,0.11775147928994081,0.05835979217780351,0,0,0.15913792274017405,,0.140828402366864,0.0
wine-quality-red,knn-nosuite,0.09951242562879911,0.13340099233198024,0,0,0.10660051120132316,,0.12887428313680008,0.0
wine-quality-red,knn-nosuite,0.11084068900505613,0.24649070185962849,0,0,0.12376381866483854,,0.11438855086125635,0.0
wine-quality-red,knn-nosuite,0.11232933388498137,0.10750241346021236,0,0,0.0892827043013224,,0.08909977934078057,0.0
wine-quality-red,knn-nosuite,0.0756245890861275,0.24911242603550293,0,0,0.1285996055226825,,0.1093441814595661,0.0
wine-quality-red,knn-nosuite,0.11748421563865945,0.09677027683341427,0,0,0.09252603745075819,,0.09369839728023312,0.0
wine-quality-red,knn-nosuite,0.08623944982807123,0.1216805251641138,0,0,0.12348859018443267,,0.12560175054704598,0.0
wine-quality-red,knn-nosuite,0.08123249299719892,0.08275862068965514,0,0,0.10004829518014113,,0.0961460446247465,0.0
yeast,knn-nosuite,0.1566008171684716,0.24027133166726164,0,0,0.18792098060216592,,0.15767186322345195,0.0
yeast,knn-nosuite,0.18080189857606793,0.48471979348821664,0,0,0.22186138174147155,,0.22610125739029055,0.0
yeast,knn-nosuite,0.16666666666666666,0.1827949857398688,0,0,0.16666666666666666,,0.16666666666666666,0.0
yeast,knn-nosuite,0.14827123605097878,0.2603207512653213,0,0,0.16551314104518586,,0.16897371790962862,0.0
yeast,knn-nosuite,0.1276146063432327,0.2896997463797761,0,0,0.15313752761187926,,0.18765851264010472,0.0
yeast,knn-nosuite,0.10257587818667974,0.20088584083440486,0,0,0.16666666666666666,,0.16504806809135997,0.0
yeast,knn-nosuite,0.15247409292094027,0.18308552649015394,0,0,0.2132464021626778,,0.16666666666666666,0.0
yeast,knn-nosuite,0.18015515064044746,0.1363882374165615,0,0,0.18015515064044746,,0.14094854370878182,0.0
yeast,knn-nosuite,0.13038007810927243,0.20849941619358214,0,0,0.1604159117445746,,0.16666666666666663,0.0
yeast,knn-nosuite,0.19190937367453687,0.5370422734341862,0,0,0.29379329845892815,,0.29379329845892815,0.0
yeast,knn-nosuite,0.16627511065713318,0.15321756894790622,0,0,0.18684031324480754,,0.15321756894790622,0.0
yeast,knn-nosuite,0.1666666666666667,0.16011712439418432,0,0,0.1666666666666667,0.14398222940226177,0.1400612547119008,0.0
yeast,knn-nosuite,0.11864035087719288,0.19810371517027897,0,0,0.16687306501547994,,0.13885448916408671,0.0
yeast,knn-nosuite,0.18166963755199061,0.47266785502079656,0,0,0.1931818181818183,,0.1931818181818183,0.0
yeast,knn-nosuite,0.16666666666666666,0.1833247555326815,0,0,0.1677303139475039,,0.13977526162291992,0.0
yeast,knn-nosuite,0.15247578405473142,0.40601503759398483,0,0,0.17943507417191626,,0.16057711847185532,0.0
yeast,knn-nosuite,0.16666666666666666,0.27602347434404734,0,0,0.18835691352362133,,0.23544614190452667,0.0
yeast,knn-nosuite,0.21942436757873,0.26420581655480996,0,0,0.19313371192565823,,0.16666666666666666,0.0
yeast,knn-nosuite,0.14285714285714285,0.1675024893636282,0,0,0.14285714285714285,,0.1554041821308954,0.0
yeast,knn-nosuite,0.2222631264092771,0.5697390824168237,0,0,0.31144448023560795,,0.22457932600125766,0.0
yeast,knn-nosuite,0.16666666666666666,0.1419340610872203,0,0,0.16050556841989205,,0.1419340610872203,0.0
yeast,knn-nosuite,0.14738799234629404,0.2560742265063717,0,0,0.2560742265063717,,0.2067854435178164,0.0
yeast,knn-nosuite,0.14285714285714285,0.153903200624512,0,0,0.18954918032786866,,0.16976971116315387,0.0
yeast,knn-nosuite,0.1369250795487416,0.3357824703500144,0,0,0.17194098929707835,,0.16666666666666666,0.0
yeast,knn-nosuite,0.14285714285714285,0.1661153086923967,0,0,0.15279763120277715,,0.16106800081682665,0.0
yeast,knn-nosuite,0.16666666666666666,0.1912086480854389,0,0,0.16666666666666666,,0.16666666666666666,0.0
yeast,knn-nosuite,0.16666666666666666,0.21720711699915293,0,0,0.1018716783486097,,0.17864900254178548,0.0
yeast,knn-nosuite,0.14285714285714282,0.05861084681255915,0,0,0.16666666666666663,,0.16723120837297817,0.0
yeast,knn-nosuite,0.14285714285714285,0.1779996615332543,0,0,0.21494753765442542,,0.1779996615332543,0.0
yeast,knn-nosuite,0.14285714285714285,0.19746827937863165,0,0,0.16666666666666666,,0.1276414087513341,0.0
yeast,knn-nosuite,0.12308206027214291,0.14201101928374657,0,0,0.16666666666666663,,0.2144002003506135,0.0
yeast,knn-nosuite,0.09496092841943383,0.26264685370956514,0,0,0.15192318008690528,,0.17496378949627164,0.0
yeast,knn-nosuite,0.1569184303649109,0.2134187571843938,0,0,0.14285714285714285,,0.16666666666666666,0.0
yeast,knn-nosuite,0.19766912155493124,0.43580593728646255,0,0,0.17308860375066432,,0.24409687950800996,0.0
yeast,knn-nosuite,0.18169081547120106,0.21132199736558496,0,0,0.21054364746736914,,0.18169081547120106,0.0
yeast,knn-nosuite,0.16666666666666666,0.25716351519152475,0,0,0.19501108124675814,,0.2018319422832084,0.0
yeast,knn-nosuite,0.22854997183803744,0.3955504099130107,0,0,0.2856874647975467,,0.22459165154264965,0.0
yeast,knn-nosuite,0.23551869404949968,0.25569848792597594,0,0,0.21580907244414346,,0.22037914691943122,0.0
yeast,knn-nosuite,0.14285714285714285,0.16292264937471052,0,0,0.18630318269039897,,0.18630318269039897,0.0
yeast,knn-nosuite,0.16666666666666666,0.09132939214794594,0,0,0.16666666666666666,,0.18173412157041083,0.0
yeast,knn-nosuite,0.14285714285714285,0.24684517327525488,0,0,0.19636794567932883,,0.19636794567932883,0.0
yeast,knn-nosuite,0.14285714285714285,0.16628194116383938,0,0,0.13506549280652783,,0.16666666666666666,0.0
yeast,knn-nosuite,0.1919790644422637,0.13341511285574095,0,0,0.1599825537018864,,0.16666666666666666,0.0
yeast,knn-nosuite,0.13381365969206488,0.21634425582313455,0,0,0.14285714285714282,0.13522831951572564,0.17885511251480446,0.0
yeast,knn-nosuite,0.20675927002208527,0.2712425897942581,0,0,0.21550621876089748,,0.2453795187725219,0.0
yeast,knn-nosuite,0.14285714285714285,0.16953478197462443,0,0,0.16666666666666666,,0.16626804725098437,0.0
yeast,knn-nosuite,0.14285714285714285,0.2060185185185185,0,0,0.17441756272401435,,0.17441756272401435,0.0
yeast,knn-nosuite,0.16919111111111104,0.2638222222222222,0,0,0.18084444444444442,,0.2638222222222222,0.0
yeast,knn-nosuite,0.1963142375737153,0.20903538331929214,0,0,0.2959140690817186,,0.23957455770850875,0.0
rmftsa,knn-nosuite,0.5,0.5,0,0,0.5,0.5,0.35636363636363644,0.0
rmftsa,knn-nosuite,0.5,0.5,0,0,0.5,0.5,0.4942084942084942,0.0
rmftsa,knn-nosuite,0.5,0.5,0,0,0.5,0.5,0.5,0.0
rmftsa,knn-nosuite,0.5,0.7022222222222216,0,0,0.7022222222222216,0.5,0.5,0.0
rmftsa,knn-nosuite,0.49999999999999994,0.27480916030534197,0,0,0.27480916030534197,0.7251908396946579,0.7251908396946579,0.0
rmftsa,knn-nosuite,0.5,,0,0,0.5,0.5,0.7049180327868863,0.0
rmftsa,knn-nosuite,0.5,0.5,0,0,0.5,0.8156862745098041,0.8156862745098041,0.0
rmftsa,knn-nosuite,0.49999999999999994,0.9547738693467336,0,0,0.9547738693467336,0.49999999999999994,0.045226130653266354,0.0
rmftsa,knn-nosuite,0.49999999999999994,0.49999999999999994,0,0,0.49999999999999994,0.5270270270270269,0.49999999999999994,0.0
rmftsa,knn-nosuite,0.5,0.9275362318840581,0,0,0.9275362318840581,0.5,0.5,0.0
rmftsa,knn-nosuite,0.5,0.43979057591623066,0,0,0.5602094240837694,0.43979057591623066,0.43979057591623066,0.0
rmftsa,knn-nosuite,0.5,0.6020942408376969,0,0,0.6020942408376969,0.5,0.6020942408376969,0.0
rmftsa,knn-nosuite,0.7583333333333332,0.5,0,0,0.5,0.7583333333333332,0.5,0.0
rmftsa,knn-nosuite,0.5,0.5,0,0,0.5863309352517989,0.5863309352517989,0.5,0.0
rmftsa,knn-nosuite,0.5,0.8440860215053759,0,0,0.8440860215053759,0.5,0.5,0.0
rmftsa,knn-nosuite,0.5482866043613709,0.5,0,0,0.5482866043613709,0.5,0.5482866043613709,0.0
rmftsa,knn-nosuite,0.5,0.5,0,0,0.5,0.5,0.5,0.0
rmftsa,knn-nosuite,0.5,0.9275362318840581,0,0,0.9275362318840581,0.5,0.5,0.0
rmftsa,knn-nosuite,0.5000000000000001,0.5000000000000001,0,0,0.5000000000000001,0.7136363636363642,0.7136363636363642,0.0
rmftsa,knn-nosuite,0.5,0.626811594202898,0,0,0.5,0.37318840579710205,0.5,0.0
rmftsa,knn-nosuite,0.5,0.5,0,0,0.5,0.5,0.21937321937321919,0.0
rmftsa,knn-nosuite,0.5,0.5,0,0,0.5,0.5,0.5,0.0
rmftsa,knn-nosuite,0.5,0.5,0,0,0.5,0.543604651162791,0.543604651162791,0.0
rmftsa,knn-nosuite,0.5,0.4797297297297287,0,0,0.4797297297297287,0.5202702702702713,0.4797297297297287,0.0
rmftsa,knn-nosuite,0.5,0.47200000000000014,0,0,0.47200000000000014,0.5,0.5,0.0
rmftsa,knn-nosuite,0.5,0.5,0,0,0.5,0.5,0.5,0.0
rmftsa,knn-nosuite,0.5,0.6359447004608296,0,0,0.5,0.5,0.5,0.0
rmftsa,knn-nosuite,0.5,0.5,0,0,0.5,0.5,0.5,0.0
rmftsa,knn-nosuite,0.5,0.40298507462686567,0,0,0.5,0.5,0.40298507462686567,0.0
rmftsa,knn-nosuite,0.5,0.4123376623376624,0,0,0.5,0.5,0.5,0.0
rmftsa,knn-nosuite,0.5,0.8656716417910456,0,0,0.8656716417910456,0.5,0.5,0.0
rmftsa,knn-nosuite,0.7359999999999998,0.5,0,0,0.5,0.5,0.7359999999999998,0.0
rmftsa,knn-nosuite,0.5,0.5,0,0,0.5863309352517989,0.5863309352517989,0.5863309352517989,0.0
rmftsa,knn-nosuite,0.4999999999999999,0.4999999999999999,0,0,0.4999999999999999,0.5537757437070937,0.4999999999999999,0.0
rmftsa,knn-nosuite,0.5,0.45620437956204357,0,0,0.5,0.5,0.5,0.0
rmftsa,knn-nosuite,0.5,0.5,0,0,0.5699373695198328,0.43006263048016724,0.5,0.0
rmftsa,knn-nosuite,0.5,0.5280898876404486,0,0,0.47191011235955144,0.5280898876404486,0.5280898876404486,0.0
rmftsa,knn-nosuite,0.5,0.7883817427385893,0,0,0.5,0.5,0.5,0.0
rmftsa,knn-nosuite,0.5,,0,0,0.5,0.3807339449541287,0.5,0.0
rmftsa,knn-nosuite,0.2696078431372543,0.5,0,0,0.5,0.5,0.5,0.0
rmftsa,knn-nosuite,0.49999999999999994,0.49999999999999994,0,0,0.49999999999999994,0.7014218009478679,0.49999999999999994,0.0
rmftsa,knn-nosuite,0.5,0.5,0,0,0.5,0.5,0.5,0.0
rmftsa,knn-nosuite,0.5,0.727467811158798,0,0,0.272532188841202,0.5,0.5,0.0
rmftsa,knn-nosuite,0.5,0.37499999999999983,0,0,0.5,0.5,0.5,0.0
rmftsa,knn-nosuite,0.5,0.8435643564356435,0,0,0.8435643564356435,0.5,0.5,0.0
rmftsa,knn-nosuite,0.5,0.9275362318840581,0,0,0.9275362318840581,0.5,0.07246376811594196,0.0
rmftsa,knn-nosuite,0.5,0.727467811158798,0,0,0.272532188841202,0.5,0.5,0.0
rmftsa,knn-nosuite,0.5,0.5,0,0,0.5,0.5,0.348583877995643,0.0
rmftsa,knn-nosuite,0.49999999999999994,0.49999999999999994,0,0,0.49999999999999994,0.49999999999999994,0.6013071895424835,0.0
rmftsa,knn-nosuite,0.5,0.5375722543352605,0,0,0.5,0.5375722543352605,0.5,0.0
banknote-authentication,knn-nosuite,0.3333333333333333,,0,0,0.3333333333333333,0.5,0.3333333333333333,0.0
banknote-authentication,knn-nosuite,0.0,,0,0,0.5,0.5,0.25,0.0
banknote-authentication,knn-nosuite,0.31818181818181807,,0,0,0.31818181818181807,0.5000000000000033,0.31818181818181807,0.0
banknote-authentication,knn-nosuite,0.2977855477855478,0.8548951048951055,0,0,0.44055944055944085,0.43356643356643354,0.2977855477855478,0.0
banknote-authentication,knn-nosuite,0.32666666666666666,0.6200000000000004,0,0,0.43666666666666676,0.32666666666666666,0.32666666666666666,0.0
banknote-authentication,knn-nosuite,0.4364341085271318,0.4364341085271318,0,0,0.4364341085271318,0.3109819121447029,0.4364341085271318,0.0
banknote-authentication,knn-nosuite,0.3333333333333333,0.7000000000000008,0,0,0.3333333333333333,0.7000000000000008,0.3333333333333333,0.0
banknote-authentication,knn-nosuite,0.0,,0,0,0.5,0.25,0.25,0.0
banknote-authentication,knn-nosuite,0.3185185185185186,0.6111111111111115,0,0,0.47777777777777775,0.47777777777777775,0.3185185185185186,0.0
banknote-authentication,knn-nosuite,0.24698795180722782,,0,0,0.24698795180722782,0.25100401606425654,0.24698795180722782,0.0
banknote-authentication,knn-nosuite,0.31858237547892726,0.7482758620689656,0,0,0.4459770114942529,0.31858237547892726,0.31858237547892726,0.0
banknote-authentication,knn-nosuite,0.5000000000000008,,0,0,0.5000000000000008,0.31333333333333296,0.29999999999999966,0.0
banknote-authentication,knn-nosuite,0.0,,0,0,0.0,0.5,0.3333333333333333,0.0
banknote-authentication,knn-nosuite,0.30952380952381064,,0,0,0.30952380952381064,0.21428571428570412,0.30952380952381064,0.0
banknote-authentication,knn-nosuite,0.2722222222222219,,0,0,0.2722222222222219,0.33333333333333426,0.31666666666666643,0.0
banknote-authentication,knn-nosuite,0.30817610062893075,0.4056603773584908,0,0,0.39622641509433953,0.30817610062893075,0.39622641509433953,0.0
banknote-authentication,knn-nosuite,0.3055555555555556,0.44444444444444425,0,0,0.41666666666666663,0.3055555555555555,0.41666666666666663,0.0
banknote-authentication,knn-nosuite,0.3198830409356725,0.656140350877193,0,0,0.46140350877192976,0.3198830409356725,0.3198830409356725,0.0
banknote-authentication,knn-nosuite,0.25,,0,0,0.5,0.3333333333333333,0.25,0.0
banknote-authentication,knn-nosuite,0.23888888888888937,,0,0,0.20000000000000157,0.25000000000000017,0.27222222222222175,0.0
banknote-authentication,knn-nosuite,0.45333333333333337,0.5944444444444446,0,0,0.45333333333333337,0.3092592592592593,0.3092592592592593,0.0
banknote-authentication,knn-nosuite,0.2980769230769231,0.3822115384615384,0,0,0.3822115384615384,0.41506410256410264,0.2980769230769231,0.0
banknote-authentication,knn-nosuite,0.16666666666666666,,0,0,0.5,0.5,0.25,0.0
banknote-authentication,knn-nosuite,0.0,,0,0,0.0,0.25,0.0,0.0
banknote-authentication,knn-nosuite,0.3182098765432099,0.6262345679012347,0,0,0.3182098765432099,0.3268518518518519,0.3182098765432099,0.0
banknote-authentication,knn-nosuite,0.1666666666666574,,0,0,0.1666666666666805,0.27777777777777773,0.16666666666666896,0.0
banknote-authentication,knn-nosuite,0.2999999999999998,,0,0,0.2999999999999996,0.2999999999999998,0.2999999999999996,0.0
banknote-authentication,knn-nosuite,0.0,,0,0,0.25,0.25,0.25,0.0
banknote-authentication,knn-nosuite,0.45245901639344255,0.8729508196721312,0,0,0.45245901639344255,0.33142076502732243,0.33142076502732243,0.0
banknote-authentication,knn-nosuite,0.2761437908496732,,0,0,0.3676470588235291,0.2892156862745098,0.2892156862745098,0.0
banknote-authentication,knn-nosuite,0.3333333333333333,,0,0,0.3333333333333333,0.0,0.3333333333333333,0.0
banknote-authentication,knn-nosuite,0.24999999999999944,,0,0,0.25000000000000056,0.18859649122807123,0.18859649122807123,0.0
banknote-authentication,knn-nosuite,0.4752444987775061,0.4752444987775061,0,0,0.4752444987775061,0.10605134474327622,0.3808068459657702,0.0
banknote-authentication,knn-nosuite,0.0,,0,0,0.0,0.3333333333333333,0.25,0.0
banknote-authentication,knn-nosuite,0.3317460317460317,0.7761904761904764,0,0,0.3317460317460317,0.7761904761904764,0.3317460317460317,0.0
banknote-authentication,knn-nosuite,0.0,,0,0,0.0,0.3333333333333333,0.0,0.0
banknote-authentication,knn-nosuite,0.0,,0,0,0.0,0.3333333333333333,0.0,0.0
banknote-authentication,knn-nosuite,0.24999999999999828,0.24999999999999828,0,0,0.25,0.25,0.25,0.0
banknote-authentication,knn-nosuite,0.24999999999999956,,0,0,0.24999999999999956,0.24999999999999956,0.24999999999999956,0.0
banknote-authentication,knn-nosuite,0.0,,0,0,0.0,0.0,0.25,0.0
banknote-authentication,knn-nosuite,0.16666666666666205,,0,0,0.16666666666666205,0.16666666666666666,0.166666666666669,0.0
banknote-authentication,knn-nosuite,0.4256410256410257,0.4256410256410257,0,0,0.4256410256410257,0.4256410256410257,0.4256410256410257,0.0
banknote-authentication,knn-nosuite,0.08790849673202612,0.6107843137254901,0,0,0.31514161220043574,0.31514161220043574,0.31514161220043574,0.0
banknote-authentication,knn-nosuite,0.49474030243261014,0.49474030243261014,0,0,0.8543721236028928,0.3305939075169844,0.42833662064431294,0.0
banknote-authentication,knn-nosuite,0.31642512077294704,,0,0,0.36231884057970953,0.3405797101449285,0.31642512077294704,0.0
banknote-authentication,knn-nosuite,0.32777777777777783,0.7333333333333328,0,0,0.4916666666666666,0.32777777777777783,0.32777777777777783,0.0
banknote-authentication,knn-nosuite,0.0,,0,0,0.0,0.0,0.0,0.0
banknote-authentication,knn-nosuite,0.306592039800995,0.569029850746269,0,0,0.29850746268656736,0.32276119402985026,0.306592039800995,0.0
banknote-authentication,knn-nosuite,0.2499999999999896,,0,0,0.2499999999999896,0.3749999999999922,0.2499999999999896,0.0
banknote-authentication,knn-nosuite,0.4585121602288984,0.4585121602288984,0,0,0.4585121602288984,0.3465665236051502,0.6520028612303289,0.0
volcanoes-a2,knn-nosuite,0.2611111111111113,,0,0,0.2611111111111113,0.2611111111111113,0.2611111111111113,0.0
volcanoes-a2,knn-nosuite,0.2635983263598313,,0,0,,0.3333333333333333,0.2635983263598313,0.0
volcanoes-a2,knn-nosuite,0.0,,0,0,,0.0,0.0,0.0
volcanoes-a2,knn-nosuite,0.3333333333333356,,0,0,0.3333333333333356,0.33333333333333215,0.3333333333333356,0.0
volcanoes-a2,knn-nosuite,0.4578313253012061,,0,0,0.2908777969018925,0.3743545611015493,0.4578313253012061,0.0
volcanoes-a2,knn-nosuite,0.0,,0,0,,0.0,0.3,0.0
volcanoes-a2,knn-nosuite,0.42857142857143055,,0,0,0.42857142857143055,0.42857142857143055,,0.0
volcanoes-a2,knn-nosuite,0.6666666666666539,,0,0,0.6666666666666539,0.4166666666666669,0.6666666666666539,0.0
volcanoes-a2,knn-nosuite,0.6523437500000009,,0,0,0.6523437500000009,0.6523437500000009,0.6523437500000009,0.0
volcanoes-a2,knn-nosuite,0.539682539682539,,0,0,0.539682539682539,0.539682539682539,0.539682539682539,0.0
volcanoes-a2,knn-nosuite,0.4396853146853147,0.5442890442890441,0,0,0.12062937062937068,0.3333333333333333,0.33245920745920743,
volcanoes-a2,knn-nosuite,0.4629629629629629,,0,0,0.4629629629629629,0.4629629629629629,0.4629629629629629,0.0
volcanoes-a2,knn-nosuite,0.2409138110072696,0.2409138110072696,0,0,0.2346832814122532,0.3826583592938734,,0.0
volcanoes-a2,knn-nosuite,0.2643678160919543,,0,0,0.2643678160919543,0.2784743991640545,0.2643678160919543,0.0
volcanoes-a2,knn-nosuite,0.0,,0,0,0.0,0.0,0.0,0.0
volcanoes-a2,knn-nosuite,0.5000000000000012,,0,0,,0.5000000000000012,0.5,0.0
volcanoes-a2,knn-nosuite,0.0,,0,0,0.4,0.0,,0.0
volcanoes-a2,knn-nosuite,0.2784090909090907,,0,0,0.2784090909090907,0.2784090909090907,0.2784090909090907,0.0
volcanoes-a2,knn-nosuite,0.26455026455026376,,0,0,0.26455026455026376,0.26455026455026376,0.26455026455026376,0.0
volcanoes-a2,knn-nosuite,0.0,,0,0,0.0,0.0,0.0,0.0
volcanoes-a2,knn-nosuite,0.35532994923857836,,0,0,0.35532994923857836,0.35532994923857836,0.35532994923857836,0.0
volcanoes-a2,knn-nosuite,0.3069306930693072,,0,0,0.3069306930693072,0.3267326732673269,0.3069306930693072,0.0
volcanoes-a2,knn-nosuite,0.0,,0,0,0.0,0.0,0.0,0.0
volcanoes-a2,knn-nosuite,0.6555555555555579,,0,0,0.6555555555555579,0.6555555555555579,0.6555555555555579,0.0
volcanoes-a2,knn-nosuite,0.431818181818182,,0,0,0.431818181818182,0.431818181818182,,0.0
volcanoes-a2,knn-nosuite,0.0,,0,0,0.0,0.0,0.0,0.0
volcanoes-a2,knn-nosuite,0.49999999999999134,,0,0,0.49999999999999134,0.49999999999999134,0.49999999999999134,0.0
volcanoes-a2,knn-nosuite,0.0,,0,0,0.0,0.0,0.0,0.0
volcanoes-a2,knn-nosuite,0.0,,0,0,0.0,0.0,,0.0
volcanoes-a2,knn-nosuite,0.22222222222222077,,0,0,,0.22222222222222077,0.22222222222222077,0.0
volcanoes-a2,knn-nosuite,0.0,,0,0,0.0,0.0,0.0,0.0
volcanoes-a2,knn-nosuite,0.0,,0,0,0.0,0.3,,0.0
volcanoes-a2,knn-nosuite,0.2040816326530609,,0,0,0.2040816326530609,0.2040816326530609,,0.0
volcanoes-a2,knn-nosuite,0.0,,0,0,,0.0,0.0,0.0
volcanoes-a2,knn-nosuite,0.7088607594936719,,0,0,,0.7088607594936719,,0.0
volcanoes-a2,knn-nosuite,0.6212121212121207,,0,0,0.6212121212121207,0.6212121212121207,0.6212121212121207,0.0
volcanoes-a2,knn-nosuite,0.40000000000000213,,0,0,,0.40000000000000213,,0.0
volcanoes-a2,knn-nosuite,0.3609154929577463,0.3609154929577463,0,0,0.25352112676056276,0.3333333333333333,0.3732394366197186,
volcanoes-a2,knn-nosuite,0.0,,0,0,0.0,0.0,0.0,0.0
volcanoes-a2,knn-nosuite,0.33211344922232433,,0,0,0.3485818847209516,0.3174748398902106,0.33211344922232433,0.0
volcanoes-a2,knn-nosuite,0.0,,0,0,0.6,0.0,,0.0
volcanoes-a2,knn-nosuite,0.3333333333333299,,0,0,0.3333333333333299,0.3333333333333299,0.3333333333333299,0.0
volcanoes-a2,knn-nosuite,0.2202380952380947,,0,0,0.2202380952380947,0.2202380952380947,0.2202380952380947,0.0
volcanoes-a2,knn-nosuite,0.6666666666666718,,0,0,,0.6666666666666718,0.6666666666666718,0.0
volcanoes-a2,knn-nosuite,0.0,,0,0,,0.0,,0.0
volcanoes-a2,knn-nosuite,0.38705583756345163,0.38705583756345163,0,0,0.38705583756345163,0.38705583756345163,0.3329103214890021,
volcanoes-a2,knn-nosuite,0.0,,0,0,0.0,0.0,,0.0
volcanoes-a2,knn-nosuite,0.4836193447737913,,0,0,0.4836193447737913,0.36271450858034315,,0.0
volcanoes-a2,knn-nosuite,0.49999999999999795,,0,0,0.3000000000000012,0.49999999999999795,0.49999999999999795,0.0
volcanoes-a2,knn-nosuite,0.23152709359605927,,0,0,0.23152709359605927,0.23152709359605927,0.23152709359605927,0.0
volcanoes-a3,knn-nosuite,0.3352564102564104,0.38333333333333364,0,0,0.437179487179488,0.38333333333333364,0.38333333333333364,
volcanoes-a3,knn-nosuite,0.16129032258064427,,0,0,,0.16129032258064427,,0.0
volcanoes-a3,knn-nosuite,0.4189560439560441,0.4189560439560441,0,0,0.7298534798534798,0.3333333333333333,0.1350732600732601,
volcanoes-a3,knn-nosuite,0.09090909090908919,,0,0,0.09090909090908919,0.09090909090908919,0.09090909090908919,0.0
volcanoes-a3,knn-nosuite,0.0,,0,0,0.0,0.0,,0.0
volcanoes-a3,knn-nosuite,0.3333333333333345,,0,0,0.3333333333333345,0.3333333333333345,0.3333333333333345,0.0
volcanoes-a3,knn-nosuite,0.31249999999999684,,0,0,0.37499999999999334,0.31249999999999684,,0.0
volcanoes-a3,knn-nosuite,0.3750000000000079,,0,0,,0.3750000000000079,0.3750000000000079,0.0
volcanoes-a3,knn-nosuite,0.338187702265372,,0,0,0.338187702265372,0.338187702265372,0.338187702265372,0.0
volcanoes-a3,knn-nosuite,0.43939393939394,,0,0,0.43939393939394,0.43939393939394,,0.0
volcanoes-a3,knn-nosuite,0.0,,0,0,0.6,0.0,0.0,0.0
volcanoes-a3,knn-nosuite,0.21438082556591195,0.21438082556591195,0,0,0.21438082556591195,0.2303595206391479,0.21438082556591195,0.0
volcanoes-a3,knn-nosuite,0.36849925705794995,,0,0,0.36849925705794995,0.36849925705794995,,0.0
volcanoes-a3,knn-nosuite,0.3274087932647335,0.3274087932647335,0,0,0.4181478016838168,0.3274087932647335,0.3816651075771749,
volcanoes-a3,knn-nosuite,0.2877030162412983,0.2877030162412983,0,0,0.2877030162412983,0.2877030162412983,,0.0
volcanoes-a3,knn-nosuite,0.20118343195266228,,0,0,0.20118343195266228,0.20118343195266228,0.20118343195266228,0.0
volcanoes-a3,knn-nosuite,0.18421052631578952,,0,0,0.18421052631578952,0.18421052631578952,0.18421052631578952,0.0
volcanoes-a3,knn-nosuite,0.0,,0,0,,0.0,0.0,0.0
volcanoes-a3,knn-nosuite,0.04838709677419367,,0,0,0.04838709677419367,0.04838709677419367,,0.0
volcanoes-a3,knn-nosuite,0.3287671232876697,,0,0,,0.3287671232876697,0.3287671232876697,0.0
volcanoes-a3,knn-nosuite,0.0,,0,0,,0.0,0.0,0.0
volcanoes-a3,knn-nosuite,0.29257641921397315,0.29257641921397315,0,0,0.29257641921397315,0.29257641921397315,0.29257641921397315,0.0
volcanoes-a3,knn-nosuite,0.6341463414634128,,0,0,0.6341463414634128,0.6341463414634128,,0.0
volcanoes-a3,knn-nosuite,0.4125,0.345454545454546,0,0,0.345454545454546,0.4125,0.26022727272727303,0.0
volcanoes-a3,knn-nosuite,0.23684210526315702,,0,0,0.23684210526315702,0.23684210526315702,0.23684210526315702,0.0
volcanoes-a3,knn-nosuite,0.49056603773584845,,0,0,,0.49056603773584845,0.49056603773584845,0.0
volcanoes-a3,knn-nosuite,0.3675213675213689,0.3675213675213689,0,0,0.3675213675213689,0.3482905982905987,0.33547008547008567,0.0
volcanoes-a3,knn-nosuite,0.0,,0,0,0.0,0.0,,0.0
volcanoes-a3,knn-nosuite,0.0,,0,0,0.0,0.0,0.0,0.0
volcanoes-a3,knn-nosuite,0.0,,0,0,0.0,0.0,,0.0
volcanoes-a3,knn-nosuite,0.0,,0,0,,0.0,0.0,0.0
volcanoes-a3,knn-nosuite,0.3333333333333356,,0,0,0.3333333333333356,0.3333333333333356,0.3333333333333356,0.0
volcanoes-a3,knn-nosuite,0.3462819089900117,0.3462819089900117,0,0,0.3462819089900117,0.3812430632630413,0.3462819089900117,0.0
volcanoes-a3,knn-nosuite,0.29629629629629606,,0,0,0.29629629629629606,0.29629629629629606,0.29629629629629606,0.0
volcanoes-a3,knn-nosuite,0.0,,0,0,,0.0,0.0,0.0
volcanoes-a3,knn-nosuite,0.3088888888888879,,0,0,0.3088888888888879,0.2455555555555549,,0.0
volcanoes-a3,knn-nosuite,0.3181818181818166,,0,0,,0.3181818181818166,,0.0
volcanoes-a3,knn-nosuite,0.6199999999999998,,0,0,0.6199999999999998,0.6199999999999998,,0.0
volcanoes-a3,knn-nosuite,0.3270142180094775,0.3270142180094775,0,0,,0.3270142180094775,,0.0
volcanoes-a3,knn-nosuite,0.44186046511627836,,0,0,,0.44186046511627836,0.44186046511627836,0.0
volcanoes-a3,knn-nosuite,0.0,,0,0,0.0,0.0,0.0,0.0
volcanoes-a3,knn-nosuite,0.41563434429730894,0.3333333333333334,0,0,0.41563434429730894,0.41563434429730894,0.3333333333333334,0.0
volcanoes-a3,knn-nosuite,0.1538461538461506,,0,0,0.1538461538461506,0.1538461538461506,0.1538461538461506,0.0
volcanoes-a3,knn-nosuite,0.0,,0,0,0.0,0.0,,0.0
volcanoes-a3,knn-nosuite,0.258957654723127,,0,0,0.258957654723127,0.3333333333333333,,0.0
volcanoes-a3,knn-nosuite,0.0,,0,0,,0.0,0.0,0.0
volcanoes-a3,knn-nosuite,0.25903614457831325,,0,0,0.25903614457831325,0.20481927710843362,,0.0
volcanoes-a3,knn-nosuite,0.49999999999999656,,0,0,,0.49999999999999656,0.49999999999999656,0.0
volcanoes-a3,knn-nosuite,0.0,,0,0,0.0,0.0,0.0,0.0
volcanoes-a3,knn-nosuite,0.16666666666666474,,0,0,0.16666666666666474,0.16666666666666474,0.16666666666666474,0.0
volcanoes-a4,knn-nosuite,0.0,,0,0,,0.0,,0.0
volcanoes-a4,knn-nosuite,0.33333333333333387,,0,0,0.33333333333333387,0.33333333333333387,,0.0
volcanoes-a4,knn-nosuite,0.4061860940695297,0.4061860940695297,0,0,0.4061860940695297,0.3333333333333333,0.4061860940695297,0.0
volcanoes-a4,knn-nosuite,0.5957446808510639,,0,0,0.5957446808510639,0.5957446808510639,0.5957446808510639,0.0
volcanoes-a4,knn-nosuite,0.49999999999999883,,0,0,0.49999999999999883,0.49999999999999883,0.49999999999999883,0.0
volcanoes-a4,knn-nosuite,0.3833151581243185,0.3833151581243185,0,0,0.19029443838604126,0.3833151581243185,0.21183206106870212,
volcanoes-a4,knn-nosuite,0.06249999999999969,,0,0,0.06249999999999969,0.06249999999999969,0.06249999999999969,0.0
volcanoes-a4,knn-nosuite,0.40037593984962416,,0,0,0.40037593984962416,0.40037593984962416,0.40037593984962416,0.0
volcanoes-a4,knn-nosuite,0.6624203821656058,,0,0,0.6624203821656058,0.6624203821656058,0.6624203821656058,0.0
volcanoes-a4,knn-nosuite,0.6764705882352937,,0,0,0.1176470588235312,0.6764705882352937,,0.0
volcanoes-a4,knn-nosuite,0.0,,0,0,,0.0,0.0,0.0
volcanoes-a4,knn-nosuite,0.2595041322314051,,0,0,0.2595041322314051,0.2595041322314051,,0.0
volcanoes-a4,knn-nosuite,0.0,,0,0,,0.0,0.0,0.0
volcanoes-a4,knn-nosuite,0.0,,0,0,,0.0,0.0,0.0
volcanoes-a4,knn-nosuite,0.5294117647058708,,0,0,,0.5294117647058708,0.5294117647058708,0.0
volcanoes-a4,knn-nosuite,0.44444444444444514,,0,0,0.44444444444444514,0.44444444444444514,0.44444444444444514,0.0
volcanoes-a4,knn-nosuite,0.0,,0,0,0.0,0.0,,0.0
volcanoes-a4,knn-nosuite,0.0,,0,0,,0.0,,0.0
volcanoes-a4,knn-nosuite,0.39130434782608503,,0,0,0.39130434782608503,0.39130434782608503,,0.0
volcanoes-a4,knn-nosuite,0.0625000000000002,,0,0,,0.0625000000000002,,0.0
volcanoes-a4,knn-nosuite,0.4642857142857143,,0,0,,0.4642857142857143,0.4642857142857143,0.0
volcanoes-a4,knn-nosuite,0.38425196850393695,0.38425196850393695,0,0,0.4204724409448819,0.38425196850393695,0.38425196850393695,0.0
volcanoes-a4,knn-nosuite,0.0,,0,0,0.0,0.0,0.0,0.0
volcanoes-a4,knn-nosuite,0.0,,0,0,,0.0,,0.0
volcanoes-a4,knn-nosuite,0.41281809613572096,0.41281809613572096,0,0,0.3333333333333333,0.34118755890669183,0.3652214891611686,0.0
volcanoes-a4,knn-nosuite,0.5540540540540554,,0,0,,0.5540540540540554,0.5540540540540554,0.0
volcanoes-a4,knn-nosuite,0.35714285714285565,,0,0,0.35714285714285565,0.3214285714285737,0.35714285714285565,0.0
volcanoes-a4,knn-nosuite,0.35346964064436187,0.35346964064436187,0,0,0.35346964064436187,0.35346964064436187,0.2766418835192068,
volcanoes-a4,knn-nosuite,0.3687150837988835,,0,0,,0.3435754189944137,0.3687150837988835,0.0
volcanoes-a4,knn-nosuite,0.1850393700787402,,0,0,0.1850393700787402,0.1850393700787402,,0.0
volcanoes-a4,knn-nosuite,0.4548104956268227,,0,0,,0.4548104956268227,,0.0
volcanoes-a4,knn-nosuite,0.2857142857142832,,0,0,0.2857142857142832,0.2857142857142832,,0.0
volcanoes-a4,knn-nosuite,0.3481781376518214,,0,0,0.3481781376518214,0.23582995951417007,,0.0
volcanoes-a4,knn-nosuite,0.21487603305785136,,0,0,0.21487603305785136,0.21487603305785136,0.21487603305785136,0.0
volcanoes-a4,knn-nosuite,0.3463989802421925,0.3463989802421925,0,0,0.3333333333333333,0.3463989802421925,0.3333333333333333,0.0
volcanoes-a4,knn-nosuite,0.3873144399460191,,0,0,0.3873144399460191,0.3751686909581651,,0.0
volcanoes-a4,knn-nosuite,0.2689530685920584,,0,0,0.2689530685920584,0.2689530685920584,0.2689530685920584,0.0
volcanoes-a4,knn-nosuite,0.0,,0,0,,0.0,0.0,0.0
volcanoes-a4,knn-nosuite,0.3618677042801554,,0,0,0.3618677042801554,0.3618677042801554,,0.0
volcanoes-a4,knn-nosuite,0.3333333333333333,0.3333333333333333,0,0,0.3728246318607764,0.4805890227576974,0.3333333333333333,0.0
volcanoes-a4,knn-nosuite,0.6785714285714304,,0,0,0.6785714285714304,0.6785714285714304,0.6785714285714304,0.0
volcanoes-a4,knn-nosuite,0.3057591623036652,0.3057591623036652,0,0,0.4005235602094238,0.3333333333333333,0.4005235602094238,
volcanoes-a4,knn-nosuite,0.21212121212121132,,0,0,0.21212121212121132,0.21212121212121132,0.21212121212121132,0.0
volcanoes-a4,knn-nosuite,0.5906040268456377,,0,0,0.5906040268456377,0.5906040268456377,0.5906040268456377,0.0
volcanoes-a4,knn-nosuite,0.29545454545454497,,0,0,0.29545454545454497,0.29545454545454497,,0.0
volcanoes-a4,knn-nosuite,0.45384615384615373,,0,0,0.45384615384615373,0.357692307692308,,0.0
volcanoes-a4,knn-nosuite,0.14468085106382989,,0,0,0.14468085106382989,0.4489361702127658,0.14468085106382989,0.0
volcanoes-a4,knn-nosuite,0.24242424242424238,,0,0,0.24242424242424238,0.24242424242424238,0.24242424242424238,0.0
volcanoes-a4,knn-nosuite,0.22452229299363075,,0,0,0.2643312101910826,0.24442675159235666,,0.0
volcanoes-a4,knn-nosuite,0.0,,0,0,0.0,0.0,0.0,0.0
volcanoes-e1,knn-nosuite,0.0,,0,0,0.0,0.0,0.0,0.0
volcanoes-e1,knn-nosuite,0.3604651162790706,,0,0,0.3604651162790706,0.3604651162790706,0.3604651162790706,0.0
volcanoes-e1,knn-nosuite,0.4999999999999954,,0,0,0.4999999999999954,0.4999999999999954,0.4999999999999954,0.0
volcanoes-e1,knn-nosuite,0.3571428571428592,,0,0,0.3571428571428539,0.3571428571428592,0.3571428571428592,0.0
volcanoes-e1,knn-nosuite,0.24999999999999886,,0,0,0.24999999999999886,0.24999999999999886,,0.0
volcanoes-e1,knn-nosuite,0.8035714285714317,,0,0,0.8035714285714317,0.8035714285714317,,0.0
volcanoes-e1,knn-nosuite,0.2208835341365458,,0,0,0.2208835341365458,0.2208835341365458,0.2208835341365458,0.0
volcanoes-e1,knn-nosuite,0.41304347826087046,,0,0,0.41304347826087046,0.41304347826087046,0.41304347826087046,0.0
volcanoes-e1,knn-nosuite,0.10321100917431242,,0,0,,0.10321100917431242,0.3153669724770646,0.0
volcanoes-e1,knn-nosuite,0.20227920227920212,,0,0,0.3133903133903131,0.28774928774928804,0.20227920227920212,0.0
volcanoes-e1,knn-nosuite,0.34893617021276546,,0,0,0.4127659574468091,0.34893617021276546,0.34893617021276546,0.0
volcanoes-e1,knn-nosuite,0.3583941605839415,,0,0,0.39270072992700733,0.3583941605839415,0.3583941605839415,0.0
volcanoes-e1,knn-nosuite,0.4657894736842106,,0,0,,0.4657894736842106,0.4657894736842106,0.0
volcanoes-e1,knn-nosuite,0.21874999999999978,,0,0,0.21874999999999978,0.42187500000000006,,0.0
volcanoes-e1,knn-nosuite,0.21246458923512773,,0,0,0.21246458923512773,0.21246458923512773,0.21246458923512773,0.0
volcanoes-e1,knn-nosuite,0.3333333333333416,,0,0,0.3333333333333416,0.3333333333333416,0.3333333333333416,0.0
volcanoes-e1,knn-nosuite,0.12041884816753944,,0,0,0.12041884816753944,0.12041884816753944,0.12041884816753944,0.0
volcanoes-e1,knn-nosuite,0.3846153846153824,,0,0,0.23076923076922956,0.3846153846153824,0.3846153846153824,0.0
volcanoes-e1,knn-nosuite,0.3629191321499013,,0,0,0.3629191321499013,0.3185404339250491,,0.0
volcanoes-e1,knn-nosuite,0.2573221757322175,,0,0,0.1799163179916317,0.2573221757322175,0.1799163179916317,
volcanoes-e1,knn-nosuite,0.3777462792345852,0.2501771793054573,0,0,0.3333333333333333,,0.3333333333333333,0.0
volcanoes-e1,knn-nosuite,0.43750000000000105,,0,0,0.43750000000000105,0.43750000000000105,0.43750000000000105,0.0
volcanoes-e1,knn-nosuite,0.40000000000000147,,0,0,0.40000000000000147,0.40000000000000147,,0.0
volcanoes-e1,knn-nosuite,0.1515151515151508,,0,0,0.46969696969696895,0.1515151515151508,0.1515151515151508,0.0
volcanoes-e1,knn-nosuite,0.3571428571428562,,0,0,0.3571428571428562,0.32142857142857106,0.3571428571428562,0.0
volcanoes-e1,knn-nosuite,0.3267929634641409,0.3958051420838972,0,0,0.34641407307171823,0.3267929634641409,0.2774018944519619,
volcanoes-e1,knn-nosuite,0.0420168067226884,,0,0,0.0420168067226884,0.0420168067226884,0.0420168067226884,0.0
volcanoes-e1,knn-nosuite,0.3311808118081181,,0,0,0.21586715867158668,0.3311808118081181,0.2767527675276753,0.0
volcanoes-e1,knn-nosuite,0.6956521739130485,,0,0,0.26086956521738763,0.6956521739130485,0.6956521739130485,0.0
volcanoes-e1,knn-nosuite,0.4964788732394365,,0,0,0.3257042253521124,0.3257042253521124,0.3257042253521124,0.0
volcanoes-e1,knn-nosuite,0.38669950738916276,,0,0,0.22660098522167454,0.38669950738916276,0.21921182266009856,0.0
volcanoes-e1,knn-nosuite,0.09287925696594368,,0,0,0.09287925696594368,0.09287925696594368,0.09287925696594368,0.0
volcanoes-e1,knn-nosuite,0.3256802721088434,,0,0,,0.3256802721088434,0.30272108843537393,0.0
volcanoes-e1,knn-nosuite,0.0,,0,0,0.0,0.3333333333333333,,0.0
volcanoes-e1,knn-nosuite,0.41666666666666624,,0,0,0.41666666666666624,0.2789855072463762,0.41666666666666624,
volcanoes-e1,knn-nosuite,0.31454783748361764,0.23787680209698536,0,0,0.23787680209698536,0.31454783748361764,0.3333333333333333,
volcanoes-e1,knn-nosuite,0.6071428571428567,,0,0,0.14285714285714304,0.6071428571428567,0.6071428571428567,0.0
volcanoes-e1,knn-nosuite,0.32758620689655127,,0,0,0.32758620689655127,0.32758620689655127,,0.0
volcanoes-e1,knn-nosuite,0.6040268456375836,,0,0,0.6040268456375836,0.6040268456375836,0.6040268456375836,0.0
volcanoes-e1,knn-nosuite,0.35714285714285804,,0,0,0.2857142857142865,0.35714285714285804,,0.0
volcanoes-e1,knn-nosuite,0.3873056994818652,0.4792746113989634,0,0,0.3333333333333333,0.3873056994818652,0.3333333333333333,0.0
volcanoes-e1,knn-nosuite,0.41439688715953316,,0,0,0.28988326848249035,0.41439688715953316,0.41439688715953316,0.0
volcanoes-e1,knn-nosuite,0.3461538461538474,,0,0,0.3461538461538474,0.3461538461538474,0.3461538461538474,0.0
volcanoes-e1,knn-nosuite,0.4999999999999998,,0,0,0.4999999999999998,,0.4999999999999998,0.0
volcanoes-e1,knn-nosuite,0.21428571428571433,,0,0,0.4789915966386557,0.34663865546218503,,0.0
volcanoes-e1,knn-nosuite,0.0,,0,0,0.0,0.0,,0.0
volcanoes-e2,knn-nosuite,0.16666666666666538,,0,0,,,,0.0
volcanoes-e2,knn-nosuite,0.3571428571428574,,0,0,,,,0.0
volcanoes-e2,knn-nosuite,0.15909090909090928,,0,0,0.15909090909090928,,0.15909090909090928,0.0
volcanoes-e2,knn-nosuite,0.12499999999999939,,0,0,0.12499999999999939,,0.12499999999999939,0.0
volcanoes-e2,knn-nosuite,0.10000000000000192,,0,0,,,0.10000000000000192,0.0
volcanoes-e2,knn-nosuite,0.6597938144329891,,0,0,,,,0.0
volcanoes-e2,knn-nosuite,0.20575221238938063,,0,0,0.20575221238938063,,0.20575221238938063,0.0
volcanoes-e2,knn-nosuite,0.560439560439562,,0,0,0.560439560439562,,,0.0
volcanoes-e2,knn-nosuite,0.3708487084870851,,0,0,,,0.3708487084870851,0.0
volcanoes-e2,knn-nosuite,0.39511873350923477,0.5118733509234824,0,0,0.5118733509234824,,0.5118733509234824,
volcanoes-e2,knn-nosuite,0.33661417322834625,,0,0,0.13188976377952707,,0.2293307086614173,0.0
volcanoes-e2,knn-nosuite,0.5189393939393939,,0,0,0.5189393939393939,,0.5189393939393939,0.0
volcanoes-e2,knn-nosuite,0.07947019867549678,,0,0,0.07947019867549678,,0.07947019867549678,0.0
volcanoes-e2,knn-nosuite,0.5084745762711869,,0,0,0.5084745762711869,,0.5084745762711869,0.0
volcanoes-e2,knn-nosuite,0.17699115044247762,,0,0,0.17699115044247762,,0.17699115044247762,0.0
volcanoes-e2,knn-nosuite,0.3427230046948351,,0,0,0.3427230046948351,,,0.0
volcanoes-e2,knn-nosuite,0.5000000000000064,,0,0,,,,0.0
volcanoes-e2,knn-nosuite,0.2802631578947372,,0,0,,,0.2947368421052625,0.0
volcanoes-e2,knn-nosuite,0.6442307692307694,,0,0,0.6442307692307694,,,0.0
volcanoes-e2,knn-nosuite,0.08333333333333265,,0,0,0.08333333333333265,,0.08333333333333265,0.0
volcanoes-e2,knn-nosuite,0.6981818181818178,,0,0,0.6981818181818178,,0.6981818181818178,0.0
volcanoes-e2,knn-nosuite,0.4123989218328843,,0,0,0.4123989218328843,,0.4123989218328843,0.0
volcanoes-e2,knn-nosuite,0.1715686274509814,,0,0,0.1715686274509814,,0.1715686274509814,
volcanoes-e2,knn-nosuite,0.34098360655737703,0.4622950819672135,0,0,,,0.34098360655737703,0.0
volcanoes-e2,knn-nosuite,0.6027397260273983,,0,0,0.6027397260273983,,0.6027397260273983,0.0
volcanoes-e2,knn-nosuite,0.24444444444444438,,0,0,,,,0.0
volcanoes-e2,knn-nosuite,0.47142857142857136,,0,0,0.2714285714285715,,0.47142857142857136,0.0
volcanoes-e2,knn-nosuite,0.28571428571428364,,0,0,,,0.28571428571428364,0.0
volcanoes-e2,knn-nosuite,0.3557692307692305,,0,0,0.19038461538461582,,0.5211538461538452,
volcanoes-e2,knn-nosuite,0.1728395061728393,,0,0,0.1728395061728393,,,0.0
volcanoes-e2,knn-nosuite,0.15384615384615438,,0,0,,,0.15384615384615438,0.0
volcanoes-e2,knn-nosuite,0.1312056737588655,,0,0,0.1312056737588655,,0.1312056737588655,0.0
volcanoes-e2,knn-nosuite,0.17346938775510198,,0,0,0.17346938775510198,,0.17346938775510198,0.0
volcanoes-e2,knn-nosuite,0.6600000000000004,,0,0,,,,0.0
volcanoes-e2,knn-nosuite,0.28318584070796415,,0,0,,,0.28318584070796415,0.0
volcanoes-e2,knn-nosuite,0.166666666666667,,0,0,0.7777777777777771,,,0.0
volcanoes-e2,knn-nosuite,0.42156862745097756,,0,0,,,,0.0
volcanoes-e2,knn-nosuite,0.17123287671232928,,0,0,0.17123287671232928,,0.17123287671232928,0.0
volcanoes-e2,knn-nosuite,0.37321711568938193,0.4183835182250393,0,0,0.3280507131537246,,,
volcanoes-e2,knn-nosuite,0.0,,0,0,,,0.3,0.0
volcanoes-e2,knn-nosuite,0.15568862275449125,,0,0,0.11377245508981952,,,0.0
volcanoes-e2,knn-nosuite,0.22673031026253093,,0,0,0.22673031026253093,,0.22673031026253093,0.0
volcanoes-e2,knn-nosuite,0.46726572528883176,0.34274711168164274,0,0,,,0.20410783055198964,
volcanoes-e2,knn-nosuite,0.31178707224334595,,0,0,,,0.31178707224334595,0.0
volcanoes-e2,knn-nosuite,0.4413043478260875,,0,0,0.4413043478260875,,0.4413043478260875,0.0
volcanoes-e2,knn-nosuite,0.29506172839506145,,0,0,0.29506172839506145,,,0.0
volcanoes-e2,knn-nosuite,0.3404255319148934,0.4202127659574466,0,0,0.52127659574468,,0.3191489361702133,
volcanoes-e2,knn-nosuite,0.34328358208955206,0.34328358208955206,0,0,0.34328358208955206,,0.32587064676616906,0.0
volcanoes-e2,knn-nosuite,0.6370967741935488,,0,0,,,,0.0
volcanoes-e2,knn-nosuite,0.13772455089820335,,0,0,0.13772455089820335,,0.13772455089820335,0.0
volcanoes-e3,knn-nosuite,0.23404255319149003,,0,0,0.23404255319149003,0.23404255319149003,,0.0
volcanoes-e3,knn-nosuite,0.30669546436285067,0.30669546436285067,0,0,0.30669546436285067,0.24406047516198665,0.30669546436285067,0.0
volcanoes-e3,knn-nosuite,0.5000000000000033,,0,0,0.5000000000000033,,0.5000000000000033,0.0
volcanoes-e3,knn-nosuite,0.0,,0,0,0.0,,,0.0
volcanoes-e3,knn-nosuite,0.425036390101892,0.425036390101892,0,0,0.425036390101892,,,0.0
volcanoes-e3,knn-nosuite,0.2556818181818184,,0,0,0.07386363636363591,,,0.0
volcanoes-e3,knn-nosuite,0.5612903225806443,0.5612903225806443,0,0,0.5612903225806443,0.5612903225806443,0.5612903225806443,0.0
volcanoes-e3,knn-nosuite,0.25625000000000103,,0,0,0.25625000000000103,,0.25625000000000103,0.0
volcanoes-e3,knn-nosuite,0.18565400843881852,,0,0,0.474683544303798,,0.474683544303798,0.0
volcanoes-e3,knn-nosuite,0.33072916666666685,0.33072916666666685,0,0,0.37604166666666633,0.4135416666666664,,
volcanoes-e3,knn-nosuite,0.3333333333333444,,0,0,0.3333333333333444,0.33333333333333776,0.3333333333333444,0.0
volcanoes-e3,knn-nosuite,0.24675324675324617,,0,0,0.24675324675324617,0.38311688311688324,0.24675324675324617,0.0
volcanoes-e3,knn-nosuite,0.7446808510638291,,0,0,0.7446808510638291,,0.7446808510638291,0.0
volcanoes-e3,knn-nosuite,0.13888888888888842,,0,0,0.13888888888888842,0.13888888888888842,0.13888888888888842,0.0
volcanoes-e3,knn-nosuite,0.5969387755102047,,0,0,0.5969387755102047,,0.5969387755102047,0.0
volcanoes-e3,knn-nosuite,0.5000000000000017,,0,0,0.5000000000000017,0.5,,0.0
volcanoes-e3,knn-nosuite,0.4107142857142871,,0,0,0.4107142857142871,,0.4107142857142871,0.0
volcanoes-e3,knn-nosuite,0.3601440576230488,0.4861944777911157,0,0,0.3601440576230488,0.3601440576230488,0.4861944777911157,0.0
volcanoes-e3,knn-nosuite,0.7066666666666658,,0,0,0.7066666666666658,0.7066666666666658,0.7066666666666658,0.0
volcanoes-e3,knn-nosuite,0.21917808219178156,,0,0,0.21917808219178156,0.21917808219178156,,0.0
volcanoes-e3,knn-nosuite,0.16606498194945832,,0,0,0.16606498194945832,,,0.0
volcanoes-e3,knn-nosuite,0.21576763485477216,,0,0,0.11618257261410768,,0.21576763485477216,0.0
volcanoes-e3,knn-nosuite,0.7282608695652178,,0,0,0.7282608695652178,0.7282608695652178,0.7282608695652178,0.0
volcanoes-e3,knn-nosuite,0.13380281690140816,,0,0,0.13380281690140816,0.13380281690140816,0.13380281690140816,0.0
volcanoes-e3,knn-nosuite,0.16105769230769207,,0,0,0.16105769230769207,0.16105769230769207,,0.0
volcanoes-e3,knn-nosuite,0.0,,0,0,0.6,,,0.0
volcanoes-e3,knn-nosuite,0.08208955223880508,,0,0,0.08208955223880508,,0.08208955223880508,0.0
volcanoes-e3,knn-nosuite,0.48955916473317834,0.48955916473317834,0,0,0.48955916473317834,0.3333333333333333,0.29350348027842255,0.0
volcanoes-e3,knn-nosuite,0.30487804878048885,,0,0,0.30487804878048885,0.30487804878048885,,0.0
volcanoes-e3,knn-nosuite,0.39999999999999997,,0,0,0.39999999999999997,,0.39999999999999997,0.0
volcanoes-e3,knn-nosuite,0.3619528619528624,0.11896745230078729,0,0,0.3619528619528624,0.3333333333333333,0.19753086419753124,
volcanoes-e3,knn-nosuite,0.07142857142857326,,0,0,0.07142857142857326,0.2500000000000002,0.07142857142857326,0.0
volcanoes-e3,knn-nosuite,0.18604651162790822,,0,0,0.18604651162790822,0.18604651162790822,,0.0
volcanoes-e3,knn-nosuite,0.693548387096774,,0,0,0.693548387096774,0.693548387096774,,0.0
volcanoes-e3,knn-nosuite,0.6896551724137961,,0,0,0.13793103448275576,,0.6896551724137961,0.0
volcanoes-e3,knn-nosuite,0.2692307692307697,,0,0,0.17948717948717963,0.2692307692307697,0.2692307692307697,0.0
volcanoes-e3,knn-nosuite,0.33333333333333115,,0,0,0.33333333333333115,,0.33333333333333115,0.0
volcanoes-e3,knn-nosuite,0.8089171974522292,,0,0,0.8089171974522292,,,0.0
volcanoes-e3,knn-nosuite,0.4268292682926826,,0,0,0.4268292682926826,0.4268292682926826,,0.0
volcanoes-e3,knn-nosuite,0.5540540540540546,,0,0,0.5540540540540546,,,0.0
volcanoes-e3,knn-nosuite,0.3666666666666659,,0,0,0.3666666666666659,0.31666666666666565,0.3666666666666659,0.0
volcanoes-e3,knn-nosuite,0.43348623853210966,0.28669724770642174,0,0,0.5802752293577975,0.3566513761467891,0.3566513761467891,0.0
volcanoes-e3,knn-nosuite,0.4565217391304351,,0,0,0.2826086956521729,0.2608695652173919,0.4565217391304351,0.0
volcanoes-e3,knn-nosuite,0.3333333333333339,,0,0,0.3333333333333339,,0.3333333333333339,0.0
volcanoes-e3,knn-nosuite,0.8157894736842136,,0,0,0.8157894736842136,,,0.0
volcanoes-e3,knn-nosuite,0.45283018867924446,,0,0,0.45283018867924446,0.3773584905660382,,0.0
volcanoes-e3,knn-nosuite,0.6999999999999982,0.6999999999999982,0,0,0.6999999999999982,0.1500000000000009,0.6999999999999982,0.0
volcanoes-e3,knn-nosuite,0.3235294117647063,,0,0,0.3235294117647063,,,0.0
volcanoes-e3,knn-nosuite,0.083333333333332,0.083333333333332,0,0,0.083333333333332,0.39833333333333326,,
volcanoes-e3,knn-nosuite,0.6980519480519487,,0,0,0.6980519480519487,0.6980519480519487,,0.0
volcanoes-e4,knn-nosuite,0.1464646464646461,,0,0,0.1464646464646461,,,0.0
volcanoes-e4,knn-nosuite,0.09999999999999983,,0,0,0.6999999999999993,0.09999999999999983,0.09999999999999983,0.0
volcanoes-e4,knn-nosuite,0.34802904564315323,,0,0,0.5404564315352696,,0.1556016597510369,0.0
volcanoes-e4,knn-nosuite,0.2875457875457874,,0,0,0.2875457875457874,,0.2875457875457874,0.0
volcanoes-e4,knn-nosuite,0.3333333333333333,0.4179104477611945,0,0,0.40995024875621877,0.4179104477611945,0.4179104477611945,0.0
volcanoes-e4,knn-nosuite,0.0,,0,0,0.4,,,0.0
volcanoes-e4,knn-nosuite,0.3333333333333333,0.40832773673606476,0,0,0.4294828744123571,,0.40832773673606476,0.0
volcanoes-e4,knn-nosuite,0.6111111111111107,,0,0,0.3111111111111108,,0.6111111111111107,0.0
volcanoes-e4,knn-nosuite,0.19298245614035053,,0,0,0.19298245614035053,,0.19298245614035053,0.0
volcanoes-e4,knn-nosuite,0.2857142857142861,,0,0,0.28571428571428886,,,0.0
volcanoes-e4,knn-nosuite,0.30520646319569145,,0,0,0.05206463195691245,,0.5583482944344704,0.0
volcanoes-e4,knn-nosuite,0.2500000000000004,,0,0,0.2500000000000004,,0.2500000000000004,0.0
volcanoes-e4,knn-nosuite,0.9521276595744678,,0,0,0.9521276595744678,,0.9521276595744678,0.0
volcanoes-e4,knn-nosuite,0.12499999999999992,,0,0,,,,0.0
volcanoes-e4,knn-nosuite,0.7230769230769255,,0,0,0.7230769230769255,,,0.0
volcanoes-e4,knn-nosuite,0.5208333333333334,,0,0,0.06944444444444457,,0.5208333333333334,0.0
volcanoes-e4,knn-nosuite,0.5000000000000017,,0,0,,,,0.0
volcanoes-e4,knn-nosuite,0.06024096385542189,,0,0,0.3012048192771089,,,0.0
volcanoes-e4,knn-nosuite,0.7335025380710656,,0,0,0.7335025380710656,,,0.0
volcanoes-e4,knn-nosuite,0.4591836734693873,,0,0,0.4591836734693873,,,0.0
volcanoes-e4,knn-nosuite,0.38542581211589105,0.06321334503950819,0,0,0.707638279192274,,,0.0
volcanoes-e4,knn-nosuite,0.22666666666666685,,0,0,0.22666666666666685,,0.22666666666666685,0.0
volcanoes-e4,knn-nosuite,0.2933884297520656,,0,0,0.2933884297520656,0.38636363636363635,0.2933884297520656,0.0
volcanoes-e4,knn-nosuite,0.33333333333333554,,0,0,0.33333333333333554,,0.33333333333333554,0.0
volcanoes-e4,knn-nosuite,0.3185483870967749,,0,0,0.35416666666666663,,0.3407258064516125,0.0
volcanoes-e4,knn-nosuite,0.3237410071942448,,0,0,0.3237410071942448,,0.3237410071942448,0.0
volcanoes-e4,knn-nosuite,0.5925925925925916,,0,0,0.5925925925925916,,0.5925925925925916,0.0
volcanoes-e4,knn-nosuite,0.5629139072847684,,0,0,0.5629139072847684,,,0.0
volcanoes-e4,knn-nosuite,0.7000000000000014,,0,0,0.7000000000000014,,0.7000000000000014,0.0
volcanoes-e4,knn-nosuite,0.5178571428571427,,0,0,0.5178571428571427,,,0.0
volcanoes-e4,knn-nosuite,0.0,,0,0,0.0,,0.0,0.0
volcanoes-e4,knn-nosuite,0.4166666666666684,,0,0,0.4166666666666673,,0.4166666666666684,0.0
volcanoes-e4,knn-nosuite,0.5303030303030306,0.5303030303030306,0,0,0.3090909090909075,,0.34545454545454624,0.0
volcanoes-e4,knn-nosuite,0.33408408408408374,,0,0,0.3933933933933942,,0.3626126126126133,0.0
volcanoes-e4,knn-nosuite,0.3571428571428568,,0,0,0.21938775510204073,,0.3571428571428568,0.0
volcanoes-e4,knn-nosuite,0.12500000000000092,,0,0,0.12500000000000092,,0.12500000000000092,0.0
volcanoes-e4,knn-nosuite,0.33049242424242414,,0,0,0.3390151515151518,,0.528409090909091,0.0
volcanoes-e4,knn-nosuite,0.3125000000000046,,0,0,0.43749999999999106,,0.3125000000000046,0.0
volcanoes-e4,knn-nosuite,0.22549019607843143,,0,0,0.2843137254901967,,0.22549019607843143,0.0
volcanoes-e4,knn-nosuite,0.16438356164383594,,0,0,0.16438356164383594,,,0.0
volcanoes-e4,knn-nosuite,0.0,,0,0,0.6,,,0.0
volcanoes-e4,knn-nosuite,0.4583333333333345,,0,0,0.4583333333333345,0.4583333333333345,0.4583333333333345,0.0
volcanoes-e4,knn-nosuite,0.3883388338833881,0.26732673267326756,0,0,0.3883388338833881,,0.2453245324532457,0.0
volcanoes-e4,knn-nosuite,0.6510067114093961,,0,0,0.6510067114093961,,,0.0
volcanoes-e4,knn-nosuite,0.2826086956521729,,0,0,,,,0.0
volcanoes-e4,knn-nosuite,0.5833333333333335,,0,0,,,,0.0
volcanoes-e4,knn-nosuite,0.4999999999999978,,0,0,0.4999999999999978,,,0.0
volcanoes-e5,knn-nosuite,0.3187660668380461,0.3187660668380461,0,0,0.3187660668380461,,0.2159383033419028,0.0
volcanoes-e5,knn-nosuite,0.49999999999998546,,0,0,,,0.49999999999998546,0.0
volcanoes-e5,knn-nosuite,0.30508474576271255,,0,0,0.30508474576271255,,0.4406779661016953,0.0
volcanoes-e5,knn-nosuite,0.7368421052631582,,0,0,0.7368421052631582,,,0.0
volcanoes-e5,knn-nosuite,0.23529411764705904,,0,0,0.23529411764705904,,,0.0
volcanoes-e5,knn-nosuite,0.19354838709677444,,0,0,0.19354838709677444,,0.19354838709677444,0.0
volcanoes-e5,knn-nosuite,0.3333333333333333,0.2205882352941179,0,0,0.3829656862745101,,0.20710784313725591,0.0
volcanoes-e5,knn-nosuite,0.17886178861788568,,0,0,0.14227642276422728,,0.17886178861788568,0.0
volcanoes-e5,knn-nosuite,0.312500000000001,,0,0,0.312500000000001,,,0.0
volcanoes-e5,knn-nosuite,0.5270270270270275,,0,0,,,0.5270270270270275,0.0
volcanoes-e5,knn-nosuite,0.7857142857142849,,0,0,0.7857142857142849,,,0.0
volcanoes-e5,knn-nosuite,0.43689320388349506,,0,0,0.43689320388349506,,0.43689320388349506,0.0
volcanoes-e5,knn-nosuite,0.3333333333333333,0.30847457627118646,0,0,0.14152542372881313,,0.30847457627118646,
volcanoes-e5,knn-nosuite,0.12264150943396117,,0,0,,,0.12264150943396117,0.0
volcanoes-e5,knn-nosuite,0.19791666666666566,,0,0,,,,0.0
volcanoes-e5,knn-nosuite,0.048387096774193866,,0,0,,,0.1129032258064516,0.0
volcanoes-e5,knn-nosuite,0.17857142857142883,,0,0,0.3333333333333333,,,0.0
volcanoes-e5,knn-nosuite,0.1271186440677964,,0,0,,,0.1271186440677964,0.0
volcanoes-e5,knn-nosuite,0.5500000000000018,,0,0,,,0.5500000000000018,0.0
volcanoes-e5,knn-nosuite,0.35795454545454564,,0,0,0.35795454545454564,,,0.0
volcanoes-e5,knn-nosuite,0.14705882352941227,,0,0,0.14705882352941227,,,0.0
volcanoes-e5,knn-nosuite,0.476923076923077,,0,0,,,0.476923076923077,0.0
volcanoes-e5,knn-nosuite,0.32717190388170025,,0,0,0.32717190388170025,,0.32717190388170025,0.0
volcanoes-e5,knn-nosuite,0.18018018018017945,,0,0,0.18018018018017945,,0.18018018018017945,0.0
volcanoes-e5,knn-nosuite,0.2022160664819947,,0,0,,,,0.0
volcanoes-e5,knn-nosuite,0.3333333333333339,,0,0,0.3333333333333339,,0.3333333333333339,0.0
volcanoes-e5,knn-nosuite,0.1856287425149704,,0,0,0.1856287425149704,,,0.0
volcanoes-e5,knn-nosuite,0.17777777777777773,,0,0,,,0.36111111111111044,0.0
volcanoes-e5,knn-nosuite,0.388888888888889,,0,0,0.388888888888889,,,0.0
volcanoes-e5,knn-nosuite,0.16666666666666521,,0,0,,,0.16666666666666521,0.0
volcanoes-e5,knn-nosuite,0.6899999999999985,,0,0,,,,0.0
volcanoes-e5,knn-nosuite,0.6948356807511744,,0,0,0.6948356807511744,,0.6948356807511744,0.0
volcanoes-e5,knn-nosuite,0.4334862385321099,,0,0,0.4334862385321099,,0.4334862385321099,0.0
volcanoes-e5,knn-nosuite,0.4715025906735763,,0,0,0.4715025906735763,,0.4715025906735763,0.0
volcanoes-e5,knn-nosuite,0.4957627118644071,,0,0,0.4957627118644071,,0.4957627118644071,0.0
volcanoes-e5,knn-nosuite,0.38461538461538464,,0,0,0.38461538461538464,,0.38461538461538464,0.0
volcanoes-e5,knn-nosuite,0.3333333333333333,0.40034965034964975,0,0,,,0.24475524475524524,
volcanoes-e5,knn-nosuite,0.4677419354838712,,0,0,0.4677419354838712,,,0.0
volcanoes-e5,knn-nosuite,0.1166666666666656,,0,0,0.1166666666666656,,0.1166666666666656,0.0
volcanoes-e5,knn-nosuite,0.3256513026052106,0.4969939879759518,0,0,0.4969939879759518,,0.34869739478957895,0.0
volcanoes-e5,knn-nosuite,0.3333333333333333,0.3633615477629987,0,0,0.3333333333333333,,0.3333333333333333,0.0
volcanoes-e5,knn-nosuite,0.4105960264900663,0.4194260485651211,0,0,,,0.2991169977924942,
volcanoes-e5,knn-nosuite,0.3517241379310343,,0,0,0.3517241379310343,,0.3517241379310343,0.0
volcanoes-e5,knn-nosuite,0.39215686274509737,,0,0,,,0.39215686274509737,0.0
volcanoes-e5,knn-nosuite,0.6313559322033898,,0,0,0.6313559322033898,,0.6313559322033898,0.0
volcanoes-e5,knn-nosuite,0.4999999999999987,,0,0,,,,0.0
volcanoes-e5,knn-nosuite,0.2185792349726775,,0,0,,,0.2691256830601091,0.0
volcanoes-e5,knn-nosuite,0.27777777777777807,,0,0,0.27777777777777807,,0.27777777777777807,0.0
volcanoes-e5,knn-nosuite,0.18918918918918895,,0,0,,,,0.0
wine-quality-red,knn-nosuite,0.037114845938375364,0.03574359976548759,0,0,0.10795946285490941,,0.09968405967037978,0.0
wine-quality-red,knn-nosuite,0.123998200850507,0.23041380438338224,0,0,0.14867517173699699,,0.12962054301602874,0.0
wine-quality-red,knn-nosuite,0.11889194769442542,0.08446891488873605,0,0,0.09766001376462487,,0.08093599449415009,0.0
wine-quality-red,knn-nosuite,0.1414409862570736,0.2051839126919969,0,0,0.13266543480771453,,0.12188907495091816,0.0
wine-quality-red,knn-nosuite,0.09661295135780366,0.1698497960807721,0,0,0.12621108126927297,,0.12225206406047955,0.0
wine-quality-red,knn-nosuite,0.1324930491195552,0.14063948100092677,0,0,0.09799196787148594,,0.11322984244670992,0.0
wine-quality-red,knn-nosuite,0.0981828168627271,0.1284444088433195,0,0,0.09855281426893096,,0.11274431272028201,0.0
wine-quality-red,knn-nosuite,0.10378398236590713,0.11149889786921396,0,0,0.09430973957057719,,0.08602918022462488,0.0
wine-quality-red,knn-nosuite,0.06879723208595104,0.06360739324410454,0,0,0.10430405431771184,,0.12142141751538094,0.0
wine-quality-red,knn-nosuite,0.07166164658634538,0.10652610441767053,0,0,0.05941767068273094,,0.11608099062918346,0.0
wine-quality-red,knn-nosuite,0.11628154191636657,0.15096270114407967,0,0,0.10874735904965659,,0.11036847070704389,0.0
wine-quality-red,knn-nosuite,0.09894617001401215,0.10558150397010742,0,0,0.09518249149262696,,0.07792795422699673,0.0
wine-quality-red,knn-nosuite,0.12135913341357282,0.1409591704471808,0,0,0.1334737524303305,,0.09392417368762151,0.0
wine-quality-red,knn-nosuite,0.11655216375097385,0.09618244918195341,0,0,0.10389191869112542,,0.10304632843056243,0.0
wine-quality-red,knn-nosuite,0.10597733469665982,0.11008861622358555,0,0,0.15442868098159493,,0.09045427987145774,0.0
wine-quality-red,knn-nosuite,0.08405433465997575,0.1315971621387783,0,0,0.08120998442637131,,0.10502105323873795,0.0
wine-quality-red,knn-nosuite,0.12373756694720743,0.1429801071155318,0,0,0.10047394372183967,,0.10724305024228507,0.0
wine-quality-red,knn-nosuite,0.08570707434917431,0.10058051489146895,0,0,0.07916876998149083,,0.12261484098939938,0.0
wine-quality-red,knn-nosuite,0.08986435568952518,0.1469061374863936,0,0,0.09745457590220215,,0.09637444528175501,0.0
wine-quality-red,knn-nosuite,0.1083878246454227,0.12326395284582796,0,0,0.0623605738728229,,0.10005935203945886,0.0
wine-quality-red,knn-nosuite,0.0815386044783053,0.2349716621759731,0,0,0.13892502090495215,,0.13892502090495215,0.0
wine-quality-red,knn-nosuite,0.0862422800104057,0.1031226815943886,0,0,0.132757806703986,,0.08941217277360798,0.0
wine-quality-red,knn-nosuite,0.1396867469879519,0.18216867469879514,0,0,0.10727409638554224,,0.09835341365461853,0.0
wine-quality-red,knn-nosuite,0.10469086021505374,0.14866935483870963,0,0,0.11060483870967736,,0.09472782258064512,0.0
wine-quality-red,knn-nosuite,0.0937856193009119,0.08639817629179333,0,0,0.1035334346504559,,0.10510068389057753,0.0
wine-quality-red,knn-nosuite,0.1132065067548939,0.12820512820512828,0,0,0.1183760683760685,,0.10692721257237389,0.0
wine-quality-red,knn-nosuite,0.09414959652389814,0.07749068901303541,0,0,0.08579409417398251,,0.10136173184357541,0.0
wine-quality-red,knn-nosuite,0.08700744266878234,0.14088178624050773,0,0,0.11824209452567151,,0.10604858513733047,0.0
wine-quality-red,knn-nosuite,0.11323211046749752,0.12267860277338952,0,0,0.10509039845532742,,0.08874553858756072,0.0
wine-quality-red,knn-nosuite,0.14809418939522287,0.08151222542210175,0,0,0.11488105321749234,,0.12187507562740503,0.0
wine-quality-red,knn-nosuite,0.15276053577262336,0.10184035718174889,0,0,0.12329848633344223,,0.09088222025170736,0.0
wine-quality-red,knn-nosuite,0.14071252520725963,0.18108148480095604,0,0,0.09919523489431624,,0.1014680376096464,0.0
wine-quality-red,knn-nosuite,0.11704430805448124,0.11380527997309561,0,0,0.10303514376996802,,0.10770136203127627,0.0
wine-quality-red,knn-nosuite,0.03913080383668615,0.29666412019353217,0,0,0.0948985654868008,,0.10802351243527714,0.0
wine-quality-red,knn-nosuite,0.10975265682309783,0.1262892253675662,0,0,0.09688391485626507,,0.11588137559171134,0.0
wine-quality-red,knn-nosuite,0.10592093600425456,0.06039118359628908,0,0,0.10217286701952542,,0.10087971990781776,0.0
wine-quality-red,knn-nosuite,0.183378538735379,0.46262078318359084,0,0,0.23131039159179542,,0.46262078318359084,0.0
wine-quality-red,knn-nosuite,0.08443360268333587,0.09153326218427606,0,0,0.094005691924582,,0.09217755642515511,0.0
wine-quality-red,knn-nosuite,0.11787028518859241,0.09107635694572214,0,0,0.11896274149034039,,0.08521159153633852,0.0
wine-quality-red,knn-nosuite,0.09543563643124406,0.183151672902771,0,0,0.11767645076576262,,0.08631852936391735,0.0
wine-quality-red,knn-nosuite,0.07275919243148352,0.15897786013849605,0,0,0.10241988794607541,,0.10702964985857799,0.0
wine-quality-red,knn-nosuite,0.11752933057280877,0.04975845410628025,0,0,0.08421325051759837,,0.09658385093167698,0.0
wine-quality-red,knn-nosuite,0.11775147928994081,0.05835979217780351,0,0,0.15913792274017405,,0.140828402366864,0.0
wine-quality-red,knn-nosuite,0.09951242562879911,0.13340099233198024,0,0,0.10660051120132316,,0.12887428313680008,0.0
wine-quality-red,knn-nosuite,0.11084068900505613,0.24649070185962849,0,0,0.12376381866483854,,0.11438855086125635,0.0
wine-quality-red,knn-nosuite,0.11232933388498137,0.10750241346021236,0,0,0.0892827043013224,,0.08909977934078057,0.0
wine-quality-red,knn-nosuite,0.0756245890861275,0.24911242603550293,0,0,0.1285996055226825,,0.1093441814595661,0.0
wine-quality-red,knn-nosuite,0.11748421563865945,0.09677027683341427,0,0,0.09252603745075819,,0.09369839728023312,0.0
wine-quality-red,knn-nosuite,0.08623944982807123,0.1216805251641138,0,0,0.12348859018443267,,0.12560175054704598,0.0
wine-quality-red,knn-nosuite,0.08123249299719892,0.08275862068965514,0,0,0.10004829518014113,,0.0961460446247465,0.0
maternal,knn-nosuite,0.20557210225862504,0.049971043269628396,0,0,0.44398941011003557,0.2375072391825929,0.2,0.0
maternal,knn-nosuite,0.1564205915957852,0.20771444289281024,0,0,0.19377089416444504,0.20753459438872668,0.22459375396724637,0.0
maternal,knn-nosuite,0.07754010695187176,0.2336898395721929,0,0,0.10338680926916234,0.10338680926916234,0.07668449197860967,0.0
maternal,knn-nosuite,0.23761835396940986,0.2104879825200292,0,0,0.20975965040058256,0.2,0.1927166788055353,0.0
maternal,knn-nosuite,0.1663018652455271,0.13513513513513503,0,0,0.24095926912828328,0.026265702322040334,0.24095926912828328,0.0
maternal,knn-nosuite,0.10833255356975763,0.1278656311406381,0,0,0.21437260222700483,0.2,0.13425657340694302,0.0
maternal,knn-nosuite,0.08395393141669563,0.19674402493938395,0,0,0.22289573952199504,0.1990994111534465,0.16065119501212324,0.0
maternal,knn-nosuite,0.11032110091743119,0.2793577981651376,0,0,0.1470948012232416,0.19999999999999998,0.22155963302752305,0.0
maternal,knn-nosuite,0.21882211965205042,0.4067104562400141,0,0,0.2378838984555301,0.1186579087519972,0.1321143262914966,0.0
maternal,knn-nosuite,0.23711049931172568,0.3523964460017519,0,0,0.21849580778375674,0.1295207107996496,0.15620072581654357,0.0
maternal,knn-nosuite,0.3110319993452821,0.5232834110811039,0,0,0.17273099271626155,0.2046198543252313,0.16666666666666666,0.0
maternal,knn-nosuite,0.3354788205618856,0.4983039053666175,0,0,0.4983039053666175,0.23112551100287032,0.23112551100287032,0.0
maternal,knn-nosuite,0.3528103517994346,0.03275374039627921,0,0,0.3528103517994346,0.28858336703059745,0.3528103517994346,0.0
maternal,knn-nosuite,0.10731132075471692,0.045597484276729494,0,0,0.40723270440251547,0.19622641509433963,0.24528301886792456,0.0
maternal,knn-nosuite,0.1663018652455271,0.13513513513513503,0,0,0.24095926912828328,0.11914731633041503,0.24095926912828328,0.0
maternal,knn-nosuite,0.17459574048511162,0.12275685269177677,0,0,0.18783277460067063,0.18783277460067063,0.12837704594754498,0.0
maternal,knn-nosuite,0.22680516337232756,0.04638967325534498,0,0,0.4550221863654696,0.17231410514992632,0.22098964636278054,0.0
maternal,knn-nosuite,0.09334373374934996,0.13358034321372847,0,0,0.17865964638585516,0.12445831166579994,0.10052652106084273,0.0
maternal,knn-nosuite,0.22324281150159742,0.29179978700745474,0,0,0.22723642172523967,0.24600638977635775,0.2,0.0
maternal,knn-nosuite,0.1856290261462675,0.22783251231527124,0,0,0.17096122268536076,0.19406972338006825,0.16755873436907928,0.0
maternal,knn-nosuite,0.19814311594202905,0.278683574879227,0,0,0.1992753623188408,0.23913043478260865,0.2496980676328502,0.0
maternal,knn-nosuite,0.20068000000000003,0.31893333333333335,0,0,0.45304,0.23732,0.2,0.0
maternal,knn-nosuite,0.20799420609739272,0.26957741297650245,0,0,0.35735963581183616,0.17893502552076146,0.1874603393571527,0.0
maternal,knn-nosuite,0.10287610619468995,0.17699115044247737,0,0,0.20575221238938066,0.2,0.18097345132743373,0.0
maternal,knn-nosuite,0.07175324675324665,0.09999999999999998,0,0,0.09999999999999998,0.19999999999999998,0.0822077922077922,0.0
maternal,knn-nosuite,0.05420616113744072,0.29699842022116907,0,0,0.1279620853080571,0.12292654028436036,0.09834123222748828,0.0
maternal,knn-nosuite,0.2733744312344049,0.38964112725671496,0,0,0.2733744312344049,0.40587846763540303,0.20000000000000004,0.0
maternal,knn-nosuite,0.1748324132492113,0.33901813880126197,0,0,0.19932965299684555,0.19936908517350155,0.10626971608832796,0.0
maternal,knn-nosuite,0.20311841550779586,0.19532237673830627,0,0,0.13175004515080396,0.02889651435795539,0.10691710312443575,0.0
maternal,knn-nosuite,0.06834403997144906,0.2890792291220556,0,0,0.24036402569593146,0.09386152748037134,0.07508922198429707,0.0
maternal,knn-nosuite,0.1663018652455271,0.13513513513513503,0,0,0.24095926912828328,0.1561191473163305,0.24095926912828328,0.0
maternal,knn-nosuite,0.10819381024860472,0.32876712328767194,0,0,0.21321664129883308,0.20000000000000004,0.15116692034500262,0.0
maternal,knn-nosuite,0.06913580246913567,0.1662037037037037,0,0,0.12234567901234561,0.14691358024691337,0.18975308641975316,0.0
maternal,knn-nosuite,0.2396632980274026,0.4275337673695463,0,0,0.4275337673695463,0.20000000000000004,0.18628899037994368,0.0
maternal,knn-nosuite,0.27894736842105344,0.18947368421052604,0,0,0.27894736842105344,0.17258771929824537,0.16842105263157872,0.0
maternal,knn-nosuite,0.1756436005112288,0.10078510133284635,0,0,0.2248037246667884,0.21702117947781632,0.2248037246667884,0.0
maternal,knn-nosuite,0.030792682926829303,0.11951219512195145,0,0,0.059756097560975725,0.042378048780487815,0.23750000000000004,0.0
maternal,knn-nosuite,0.20240361732508313,0.2849833412660644,0,0,0.1751546882436936,0.19904807234650163,0.19904807234650163,0.0
maternal,knn-nosuite,0.27894736842105344,0.18947368421052604,0,0,0.27894736842105344,0.1503508771929823,0.16842105263157872,0.0
maternal,knn-nosuite,0.10731132075471692,0.045597484276729494,0,0,0.40723270440251547,0.16666666666666666,0.24528301886792456,0.0
maternal,knn-nosuite,0.18078807676602696,0.227235606369947,0,0,0.18282972641894651,0.19999999999999998,0.15198040016333195,0.0
maternal,knn-nosuite,0.205137183818077,0.053472851610777,0,0,0.3052374282497048,0.23663178709730576,0.24132817005849877,0.0
maternal,knn-nosuite,0.03774617067833697,0.05142231947483587,0,0,0.3922319474835888,0.23386214442013137,0.20897155361050337,0.0
maternal,knn-nosuite,0.153004451038576,0.24369436201780403,0,0,0.17396142433234407,0.2268175074183978,0.16157270029673582,0.0
maternal,knn-nosuite,0.18853294091012,0.22784129499660394,0,0,0.2716210097351143,0.12998075616934568,0.16666666666666666,0.0
maternal,knn-nosuite,0.22154161781946077,0.2737397420867527,0,0,0.2104044548651818,0.19985932004689327,0.16666666666666666,0.0
maternal,knn-nosuite,0.2211647344297654,0.7992990024265298,0,0,0.43167969803181444,0.43167969803181444,0.3023276714298553,0.0
maternal,knn-nosuite,0.08882422568553962,0.2429473268889327,0,0,0.24430361017952262,0.1954428881436181,0.1682284474255277,0.0
maternal,knn-nosuite,0.1756436005112288,0.10078510133284635,0,0,0.2248037246667884,0.2,0.2,0.0
maternal,knn-nosuite,0.056774678698386885,0.25881870385561917,0,0,0.2766839850514994,0.1994531036368608,0.16666666666666666,0.0
