dataset,num_and_cat,importance_gain_dtree,importance_gain_ablation,importance_gain_noproba,importance_gain_with_proba,importance_gain_shap,importance_gain_explan,importance_gain_lore,importance_gain_anchor
yeast,rfc-nosuite,0.1841273786147664,0.24354455771289898,0,0,0.1887869700492999,,0.1841273786147664,0.0
yeast,rfc-nosuite,0.16666666666666666,0.16683837671290455,0,0,0.16436830919858686,,0.19813337009129148,0.0
yeast,rfc-nosuite,0.16666666666666663,0.18923216688682756,0,0,0.23219235249385053,,0.23221195293352787,0.0
yeast,rfc-nosuite,0.25113701984908704,0.2554813297187017,0,0,0.2624704579961961,,0.25113701984908704,0.0
yeast,rfc-nosuite,0.16666666666666663,0.3071753675818229,0,0,0.18111111112753514,,0.23346395684554877,0.0
yeast,rfc-nosuite,0.16666666666666666,0.1479189294281899,0,0,0.15058470675809515,,0.16666666666666666,0.0
yeast,rfc-nosuite,0.16666666666666666,0.28309008908548755,0,0,0.207015735811407,,0.21106837195723416,0.0
yeast,rfc-nosuite,0.17804793518491144,0.13631156171115633,0,0,0.16666666666666666,,0.16666666666666666,0.0
yeast,rfc-nosuite,0.07239577004270212,0.18091189362847396,0,0,0.16666666666666666,,0.18091189362847396,0.0
yeast,rfc-nosuite,0.1369388686939062,0.22220855115800162,0,0,0.16521757737136872,,0.1491838622186598,0.0
yeast,rfc-nosuite,0.16666666666666666,0.30497506404985,0,0,0.20970099250461505,,0.21219834313972888,0.0
yeast,rfc-nosuite,0.16666666666666666,0.21013736478423606,0,0,0.19681649661285738,,0.18280499535248348,0.0
yeast,rfc-nosuite,0.1666666666666667,0.12603013744177907,0,0,0.1691192664146442,,0.17120753293701052,0.0
yeast,rfc-nosuite,0.1478697841417415,0.1906572316923928,0,0,0.16351721797382812,,0.1666666666666667,0.0
yeast,rfc-nosuite,0.2824964052210846,0.3496028780334618,0,0,0.2824964052210846,,0.2824964052210846,0.0
yeast,rfc-nosuite,0.1915312012013805,0.3042198941096078,0,0,0.1915312012013805,,0.19531258094300089,0.0
yeast,rfc-nosuite,0.17266280138515416,0.17686093069258263,0,0,0.16244662342541732,,0.1938242387546759,0.0
yeast,rfc-nosuite,0.1837268572393566,0.19633274360833475,0,0,0.21978940992169957,,0.22965857154919575,0.0
yeast,rfc-nosuite,0.2202787250956461,0.26242614438676787,0,0,0.26242614438676787,,0.26242614438676787,0.0
yeast,rfc-nosuite,0.1274964702819832,0.15959275769273587,0,0,0.18887212436415463,,0.1697281358597803,0.0
yeast,rfc-nosuite,0.16666666666666666,0.24302676659458589,0,0,0.2293917647707824,,0.3008858895415992,0.0
yeast,rfc-nosuite,0.16666666666666666,0.19007832033307007,0,0,0.18089084876433853,,0.20184824338760374,0.0
yeast,rfc-nosuite,0.16666666666666666,0.23590113405281066,0,0,0.20702364672512108,,0.19466755459759247,0.0
yeast,rfc-nosuite,0.14289607078834482,0.16666666666666666,0,0,0.16652105834172853,,0.16302832515985616,0.0
yeast,rfc-nosuite,0.16111828931773758,0.25578593421203977,0,0,0.22363343329473262,,0.201397861647172,0.0
yeast,rfc-nosuite,0.1742261025757798,0.1590653329361569,0,0,0.1811070064241764,,0.1588429874476019,0.0
yeast,rfc-nosuite,0.1671294324819388,0.15159000077535356,0,0,0.15414256813834404,,0.15414256813834404,0.0
yeast,rfc-nosuite,0.17378184953299997,0.18025139728275988,0,0,0.20409370802666635,,0.18025139728275988,0.0
yeast,rfc-nosuite,0.17819692122773836,0.20340836435722212,0,0,0.17819692122773836,,0.16666666666666666,0.0
yeast,rfc-nosuite,0.12677947636857237,0.15213537164228685,0,0,0.18624547547499257,,0.16611425210356306,0.0
yeast,rfc-nosuite,0.13780336518068573,0.11994068374123948,0,0,0.14588470181303254,,0.17489648773653133,0.0
yeast,rfc-nosuite,0.19328113067045768,0.2866857608860151,0,0,0.21238843479239047,,0.17569540405134454,0.0
yeast,rfc-nosuite,0.1023806037889527,0.18888719839053644,0,0,0.15408509982917587,,0.18888719839053644,0.0
yeast,rfc-nosuite,0.16666666666666666,0.19991856008142558,0,0,0.16666666666666666,,0.16666666666666666,0.0
yeast,rfc-nosuite,0.15952530505261658,0.12707919205649662,0,0,0.12707919205649662,,0.12707919205649662,0.0
yeast,rfc-nosuite,0.16666666666666666,0.172431044392083,0,0,0.19914796149562636,,0.172431044392083,0.0
yeast,rfc-nosuite,0.17448794398047382,0.2522338716772598,0,0,0.19328372491881976,,0.16666666666666666,0.0
yeast,rfc-nosuite,0.2225949443017974,0.23470539688289044,0,0,0.2225949443017974,,0.27890259439218906,0.0
yeast,rfc-nosuite,0.18219534557081749,0.21946487251984395,0,0,0.1714779894735489,,0.1714779894735489,0.0
yeast,rfc-nosuite,0.1650134539420439,0.17361673799988242,0,0,0.18243270711093026,,0.17444369382905234,0.0
yeast,rfc-nosuite,0.16666666666666666,0.1494710680644157,0,0,0.24257322706290718,,0.24257322706290718,0.0
yeast,rfc-nosuite,0.1297833773108606,0.18824526379431328,0,0,0.19246804989402266,,0.19246804989402266,0.0
yeast,rfc-nosuite,0.12199082516386045,0.175250551990859,0,0,0.2277587270293734,,0.17646029336557792,0.0
yeast,rfc-nosuite,0.16666666666666666,0.34986445722224413,0,0,0.22029125422703488,,0.15328616731295802,0.0
yeast,rfc-nosuite,0.1757281111834487,0.21870060099237815,0,0,0.1885139821932163,,0.24215975017784655,0.0
yeast,rfc-nosuite,0.1666666666666667,0.2371194117142654,0,0,0.18835397058835787,,0.18835397058835787,0.0
yeast,rfc-nosuite,0.16999805300132698,0.17285915437515093,0,0,0.1889497370857558,,0.1853245736017248,0.0
yeast,rfc-nosuite,0.14431106704534882,0.16290996563904295,0,0,0.17662769712480084,,0.17662769712480084,0.0
yeast,rfc-nosuite,0.16666666666666666,0.2136191930567387,0,0,0.23174089469219664,,0.17365564694539812,0.0
yeast,rfc-nosuite,0.16666666666666666,0.18845987577804924,0,0,0.21088572608813105,,0.17702795906935176,0.0
yeast,rfc-nosuite,0.1841273786147664,0.24354455771289898,0,0,0.1887869700492999,,0.1841273786147664,0.0
yeast,rfc-nosuite,0.16666666666666666,0.16683837671290455,0,0,0.16436830919858686,,0.19813337009129148,0.0
yeast,rfc-nosuite,0.16666666666666663,0.18923216688682756,0,0,0.23219235249385053,,0.23221195293352787,0.0
yeast,rfc-nosuite,0.25113701984908704,0.2554813297187017,0,0,0.2624704579961961,,0.25113701984908704,0.0
yeast,rfc-nosuite,0.16666666666666663,0.3071753675818229,0,0,0.18111111112753514,,0.23346395684554877,0.0
yeast,rfc-nosuite,0.16666666666666666,0.1479189294281899,0,0,0.15058470675809515,,0.16666666666666666,0.0
yeast,rfc-nosuite,0.16666666666666666,0.28309008908548755,0,0,0.207015735811407,,0.21106837195723416,0.0
yeast,rfc-nosuite,0.17804793518491144,0.13631156171115633,0,0,0.16666666666666666,,0.16666666666666666,0.0
yeast,rfc-nosuite,0.07239577004270212,0.18091189362847396,0,0,0.16666666666666666,,0.18091189362847396,0.0
yeast,rfc-nosuite,0.1369388686939062,0.22220855115800162,0,0,0.16521757737136872,,0.1491838622186598,0.0
yeast,rfc-nosuite,0.16666666666666666,0.30497506404985,0,0,0.20970099250461505,,0.21219834313972888,0.0
yeast,rfc-nosuite,0.16666666666666666,0.21013736478423606,0,0,0.19681649661285738,,0.18280499535248348,0.0
yeast,rfc-nosuite,0.1666666666666667,0.12603013744177907,0,0,0.1691192664146442,,0.17120753293701052,0.0
yeast,rfc-nosuite,0.1478697841417415,0.1906572316923928,0,0,0.16351721797382812,,0.1666666666666667,0.0
yeast,rfc-nosuite,0.2824964052210846,0.3496028780334618,0,0,0.2824964052210846,,0.2824964052210846,0.0
yeast,rfc-nosuite,0.1915312012013805,0.3042198941096078,0,0,0.1915312012013805,,0.19531258094300089,0.0
yeast,rfc-nosuite,0.17266280138515416,0.17686093069258263,0,0,0.16244662342541732,,0.1938242387546759,0.0
yeast,rfc-nosuite,0.1837268572393566,0.19633274360833475,0,0,0.21978940992169957,,0.22965857154919575,0.0
yeast,rfc-nosuite,0.2202787250956461,0.26242614438676787,0,0,0.26242614438676787,,0.26242614438676787,0.0
yeast,rfc-nosuite,0.1274964702819832,0.15959275769273587,0,0,0.18887212436415463,,0.1697281358597803,0.0
yeast,rfc-nosuite,0.16666666666666666,0.24302676659458589,0,0,0.2293917647707824,,0.3008858895415992,0.0
yeast,rfc-nosuite,0.16666666666666666,0.19007832033307007,0,0,0.18089084876433853,,0.20184824338760374,0.0
yeast,rfc-nosuite,0.16666666666666666,0.23590113405281066,0,0,0.20702364672512108,,0.19466755459759247,0.0
yeast,rfc-nosuite,0.14289607078834482,0.16666666666666666,0,0,0.16652105834172853,,0.16302832515985616,0.0
yeast,rfc-nosuite,0.16111828931773758,0.25578593421203977,0,0,0.22363343329473262,,0.201397861647172,0.0
yeast,rfc-nosuite,0.1742261025757798,0.1590653329361569,0,0,0.1811070064241764,,0.1588429874476019,0.0
yeast,rfc-nosuite,0.1671294324819388,0.15159000077535356,0,0,0.15414256813834404,,0.15414256813834404,0.0
yeast,rfc-nosuite,0.17378184953299997,0.18025139728275988,0,0,0.20409370802666635,,0.18025139728275988,0.0
yeast,rfc-nosuite,0.17819692122773836,0.20340836435722212,0,0,0.17819692122773836,,0.16666666666666666,0.0
yeast,rfc-nosuite,0.12677947636857237,0.15213537164228685,0,0,0.18624547547499257,,0.16611425210356306,0.0
yeast,rfc-nosuite,0.13780336518068573,0.11994068374123948,0,0,0.14588470181303254,,0.17489648773653133,0.0
yeast,rfc-nosuite,0.19328113067045768,0.2866857608860151,0,0,0.21238843479239047,,0.17569540405134454,0.0
yeast,rfc-nosuite,0.1023806037889527,0.18888719839053644,0,0,0.15408509982917587,,0.18888719839053644,0.0
yeast,rfc-nosuite,0.16666666666666666,0.19991856008142558,0,0,0.16666666666666666,,0.16666666666666666,0.0
yeast,rfc-nosuite,0.15952530505261658,0.12707919205649662,0,0,0.12707919205649662,,0.12707919205649662,0.0
yeast,rfc-nosuite,0.16666666666666666,0.172431044392083,0,0,0.19914796149562636,,0.172431044392083,0.0
yeast,rfc-nosuite,0.17448794398047382,0.2522338716772598,0,0,0.19328372491881976,,0.16666666666666666,0.0
yeast,rfc-nosuite,0.2225949443017974,0.23470539688289044,0,0,0.2225949443017974,,0.27890259439218906,0.0
yeast,rfc-nosuite,0.18219534557081749,0.21946487251984395,0,0,0.1714779894735489,,0.1714779894735489,0.0
yeast,rfc-nosuite,0.1650134539420439,0.17361673799988242,0,0,0.18243270711093026,,0.17444369382905234,0.0
yeast,rfc-nosuite,0.16666666666666666,0.1494710680644157,0,0,0.24257322706290718,,0.24257322706290718,0.0
yeast,rfc-nosuite,0.1297833773108606,0.18824526379431328,0,0,0.19246804989402266,,0.19246804989402266,0.0
yeast,rfc-nosuite,0.12199082516386045,0.175250551990859,0,0,0.2277587270293734,,0.17646029336557792,0.0
yeast,rfc-nosuite,0.16666666666666666,0.34986445722224413,0,0,0.22029125422703488,,0.15328616731295802,0.0
yeast,rfc-nosuite,0.1757281111834487,0.21870060099237815,0,0,0.1885139821932163,,0.24215975017784655,0.0
yeast,rfc-nosuite,0.1666666666666667,0.2371194117142654,0,0,0.18835397058835787,,0.18835397058835787,0.0
yeast,rfc-nosuite,0.16999805300132698,0.17285915437515093,0,0,0.1889497370857558,,0.1853245736017248,0.0
yeast,rfc-nosuite,0.14431106704534882,0.16290996563904295,0,0,0.17662769712480084,,0.17662769712480084,0.0
yeast,rfc-nosuite,0.16666666666666666,0.2136191930567387,0,0,0.23174089469219664,,0.17365564694539812,0.0
yeast,rfc-nosuite,0.16666666666666666,0.18845987577804924,0,0,0.21088572608813105,,0.17702795906935176,0.0
rmftsa,rfc-nosuite,0.5,0.7758198948005295,0,0,0.7758198948005295,0.5,0.7758198948005295,0.0
rmftsa,rfc-nosuite,0.5,0.5,0,0,0.5,0.5,0.5,0.0
rmftsa,rfc-nosuite,0.5,0.4526699115258531,0,0,0.5,0.5,0.5,0.0
rmftsa,rfc-nosuite,0.49999999999999994,0.8663563761193898,0,0,0.8663563761193898,0.49999999999999994,0.49999999999999994,0.0
rmftsa,rfc-nosuite,0.5,0.5068790136567487,0,0,0.5068790136567487,0.4931209863432513,0.5068790136567487,0.0
rmftsa,rfc-nosuite,0.5,0.5,0,0,0.5,0.5,0.5,0.0
rmftsa,rfc-nosuite,0.5,0.5,0,0,0.5,0.4520486971353319,0.5,0.0
rmftsa,rfc-nosuite,0.49999999999999994,0.9101395568787315,0,0,0.49999999999999994,0.08986044312126844,0.49999999999999994,0.0
rmftsa,rfc-nosuite,0.5,0.5,0,0,0.6651111057691421,0.5,0.5,0.0
rmftsa,rfc-nosuite,0.5,0.8863095991468205,0,0,0.8863095991468205,0.1136904008531795,0.8863095991468205,0.0
rmftsa,rfc-nosuite,0.49999999999999994,0.8582793266539718,0,0,0.8582793266539718,0.49999999999999994,0.49999999999999994,0.0
rmftsa,rfc-nosuite,0.5,0.5722533153641921,0,0,0.5722533153641921,0.5,0.5722533153641921,0.0
rmftsa,rfc-nosuite,0.500012226956289,0.5,0,0,0.5,0.500012226956289,0.5,0.0
rmftsa,rfc-nosuite,0.49999999999999994,0.49999999999999994,0,0,0.49999999999999994,0.49999999999999994,0.510003270950902,0.0
rmftsa,rfc-nosuite,0.5,0.8738549674157187,0,0,0.8738549674157187,0.5,0.12614503258428145,0.0
rmftsa,rfc-nosuite,0.6831380755287505,0.5,0,0,0.5,0.5,0.6831380755287505,0.0
rmftsa,rfc-nosuite,0.5,0.5,0,0,0.5,0.5,0.5019950232808401,0.0
rmftsa,rfc-nosuite,0.5,0.8863095991468205,0,0,0.8863095991468205,0.1136904008531795,0.5,0.0
rmftsa,rfc-nosuite,0.5,0.5,0,0,0.5,0.5,0.5,0.0
rmftsa,rfc-nosuite,0.5,0.4738304619093737,0,0,0.4738304619093737,0.5,0.5,0.0
rmftsa,rfc-nosuite,0.5,0.7947873420343822,0,0,0.7947873420343822,0.5,0.20521265796561783,0.0
rmftsa,rfc-nosuite,0.5,0.5,0,0,0.47620541538124933,0.5237945846187507,0.5,0.0
rmftsa,rfc-nosuite,0.5,0.5,0,0,0.5,0.4288701130755616,0.5711298869244383,0.0
rmftsa,rfc-nosuite,0.5,0.518673190568725,0,0,0.518673190568725,0.5,0.518673190568725,0.0
rmftsa,rfc-nosuite,0.5,0.8260705437326745,0,0,0.8260705437326745,0.8260705437326745,0.8260705437326745,0.0
rmftsa,rfc-nosuite,0.49999999999999994,0.49999999999999994,0,0,0.5382865747427525,0.49999999999999994,0.46171342525724735,0.0
rmftsa,rfc-nosuite,0.5,0.37666861006952357,0,0,0.5,0.5,0.5,0.0
rmftsa,rfc-nosuite,0.5,0.5,0,0,0.5,0.5,0.1941891930546649,0.0
rmftsa,rfc-nosuite,0.5,0.4755632924164824,0,0,0.5,0.4755632924164824,0.4755632924164824,0.0
rmftsa,rfc-nosuite,0.5,0.5324946832631087,0,0,0.5,0.5324946832631087,0.5324946832631087,0.0
rmftsa,rfc-nosuite,0.5,0.5,0,0,0.1300861176925215,0.5,0.5,0.0
rmftsa,rfc-nosuite,0.3820607177895183,0.5,0,0,0.5,0.3820607177895183,0.3820607177895183,0.0
rmftsa,rfc-nosuite,0.49999999999999994,0.49999999999999994,0,0,0.49999999999999994,0.49999999999999994,0.510003270950902,0.0
rmftsa,rfc-nosuite,0.5,0.5,0,0,0.5,0.7909770329084322,0.5,0.0
rmftsa,rfc-nosuite,0.5,0.578524572363208,0,0,0.578524572363208,0.5,0.5,0.0
rmftsa,rfc-nosuite,0.5,0.5,0,0,0.5,0.5,0.5,0.0
rmftsa,rfc-nosuite,0.5,0.8038691610756028,0,0,0.5,0.5,0.5,0.0
rmftsa,rfc-nosuite,0.5,0.7608148775982975,0,0,0.5,0.5,0.5,0.0
rmftsa,rfc-nosuite,0.5,0.5,0,0,0.2558755848496689,0.2558755848496689,0.2558755848496689,0.0
rmftsa,rfc-nosuite,0.7203958364848148,0.2796041635151853,0,0,0.7203958364848148,0.2796041635151853,0.5,0.0
rmftsa,rfc-nosuite,0.5,0.6684856158886234,0,0,0.5,0.6684856158886234,0.5,0.0
rmftsa,rfc-nosuite,0.49999999999999994,0.49999999999999994,0,0,0.49999999999999994,0.5097221984993602,0.5097221984993602,0.0
rmftsa,rfc-nosuite,0.5,0.7070590895601369,0,0,0.5,0.2929409104398631,0.5,0.0
rmftsa,rfc-nosuite,0.5,0.8053165657527416,0,0,0.8053165657527416,0.5,0.8053165657527416,0.0
rmftsa,rfc-nosuite,0.5,0.8031824667312765,0,0,0.5,0.5,0.19681753326872353,0.0
rmftsa,rfc-nosuite,0.5,0.8863095991468205,0,0,0.8863095991468205,0.8863095991468205,0.8863095991468205,0.0
rmftsa,rfc-nosuite,0.5,0.7070590895601369,0,0,0.5,0.2929409104398631,0.5,0.0
rmftsa,rfc-nosuite,0.49999999999999994,0.49999999999999994,0,0,0.49999999999999994,0.49999999999999994,0.49999999999999994,0.0
rmftsa,rfc-nosuite,0.5,0.5,0,0,0.5,0.5,0.5,0.0
rmftsa,rfc-nosuite,0.5,0.5010150579399376,0,0,0.5010150579399376,0.5,0.5010150579399376,0.0
yeast,rfc-nosuite,0.1841273786147664,0.24354455771289898,0,0,0.1887869700492999,,0.1841273786147664,0.0
yeast,rfc-nosuite,0.16666666666666666,0.16683837671290455,0,0,0.16436830919858686,,0.19813337009129148,0.0
yeast,rfc-nosuite,0.16666666666666663,0.18923216688682756,0,0,0.23219235249385053,,0.23221195293352787,0.0
yeast,rfc-nosuite,0.25113701984908704,0.2554813297187017,0,0,0.2624704579961961,,0.25113701984908704,0.0
yeast,rfc-nosuite,0.16666666666666663,0.3071753675818229,0,0,0.18111111112753514,,0.23346395684554877,0.0
yeast,rfc-nosuite,0.16666666666666666,0.1479189294281899,0,0,0.15058470675809515,,0.16666666666666666,0.0
yeast,rfc-nosuite,0.16666666666666666,0.28309008908548755,0,0,0.207015735811407,,0.21106837195723416,0.0
yeast,rfc-nosuite,0.17804793518491144,0.13631156171115633,0,0,0.16666666666666666,,0.16666666666666666,0.0
yeast,rfc-nosuite,0.07239577004270212,0.18091189362847396,0,0,0.16666666666666666,,0.18091189362847396,0.0
yeast,rfc-nosuite,0.1369388686939062,0.22220855115800162,0,0,0.16521757737136872,,0.1491838622186598,0.0
yeast,rfc-nosuite,0.16666666666666666,0.30497506404985,0,0,0.20970099250461505,,0.21219834313972888,0.0
yeast,rfc-nosuite,0.16666666666666666,0.21013736478423606,0,0,0.19681649661285738,,0.18280499535248348,0.0
yeast,rfc-nosuite,0.1666666666666667,0.12603013744177907,0,0,0.1691192664146442,,0.17120753293701052,0.0
yeast,rfc-nosuite,0.1478697841417415,0.1906572316923928,0,0,0.16351721797382812,,0.1666666666666667,0.0
yeast,rfc-nosuite,0.2824964052210846,0.3496028780334618,0,0,0.2824964052210846,,0.2824964052210846,0.0
yeast,rfc-nosuite,0.1915312012013805,0.3042198941096078,0,0,0.1915312012013805,,0.19531258094300089,0.0
yeast,rfc-nosuite,0.17266280138515416,0.17686093069258263,0,0,0.16244662342541732,,0.1938242387546759,0.0
yeast,rfc-nosuite,0.1837268572393566,0.19633274360833475,0,0,0.21978940992169957,,0.22965857154919575,0.0
yeast,rfc-nosuite,0.2202787250956461,0.26242614438676787,0,0,0.26242614438676787,,0.26242614438676787,0.0
yeast,rfc-nosuite,0.1274964702819832,0.15959275769273587,0,0,0.18887212436415463,,0.1697281358597803,0.0
yeast,rfc-nosuite,0.16666666666666666,0.24302676659458589,0,0,0.2293917647707824,,0.3008858895415992,0.0
yeast,rfc-nosuite,0.16666666666666666,0.19007832033307007,0,0,0.18089084876433853,,0.20184824338760374,0.0
yeast,rfc-nosuite,0.16666666666666666,0.23590113405281066,0,0,0.20702364672512108,,0.19466755459759247,0.0
yeast,rfc-nosuite,0.14289607078834482,0.16666666666666666,0,0,0.16652105834172853,,0.16302832515985616,0.0
yeast,rfc-nosuite,0.16111828931773758,0.25578593421203977,0,0,0.22363343329473262,,0.201397861647172,0.0
yeast,rfc-nosuite,0.1742261025757798,0.1590653329361569,0,0,0.1811070064241764,,0.1588429874476019,0.0
yeast,rfc-nosuite,0.1671294324819388,0.15159000077535356,0,0,0.15414256813834404,,0.15414256813834404,0.0
yeast,rfc-nosuite,0.17378184953299997,0.18025139728275988,0,0,0.20409370802666635,,0.18025139728275988,0.0
yeast,rfc-nosuite,0.17819692122773836,0.20340836435722212,0,0,0.17819692122773836,,0.16666666666666666,0.0
yeast,rfc-nosuite,0.12677947636857237,0.15213537164228685,0,0,0.18624547547499257,,0.16611425210356306,0.0
yeast,rfc-nosuite,0.13780336518068573,0.11994068374123948,0,0,0.14588470181303254,,0.17489648773653133,0.0
yeast,rfc-nosuite,0.19328113067045768,0.2866857608860151,0,0,0.21238843479239047,,0.17569540405134454,0.0
yeast,rfc-nosuite,0.1023806037889527,0.18888719839053644,0,0,0.15408509982917587,,0.18888719839053644,0.0
yeast,rfc-nosuite,0.16666666666666666,0.19991856008142558,0,0,0.16666666666666666,,0.16666666666666666,0.0
yeast,rfc-nosuite,0.15952530505261658,0.12707919205649662,0,0,0.12707919205649662,,0.12707919205649662,0.0
yeast,rfc-nosuite,0.16666666666666666,0.172431044392083,0,0,0.19914796149562636,,0.172431044392083,0.0
yeast,rfc-nosuite,0.17448794398047382,0.2522338716772598,0,0,0.19328372491881976,,0.16666666666666666,0.0
yeast,rfc-nosuite,0.2225949443017974,0.23470539688289044,0,0,0.2225949443017974,,0.27890259439218906,0.0
yeast,rfc-nosuite,0.18219534557081749,0.21946487251984395,0,0,0.1714779894735489,,0.1714779894735489,0.0
yeast,rfc-nosuite,0.1650134539420439,0.17361673799988242,0,0,0.18243270711093026,,0.17444369382905234,0.0
yeast,rfc-nosuite,0.16666666666666666,0.1494710680644157,0,0,0.24257322706290718,,0.24257322706290718,0.0
yeast,rfc-nosuite,0.1297833773108606,0.18824526379431328,0,0,0.19246804989402266,,0.19246804989402266,0.0
yeast,rfc-nosuite,0.12199082516386045,0.175250551990859,0,0,0.2277587270293734,,0.17646029336557792,0.0
yeast,rfc-nosuite,0.16666666666666666,0.34986445722224413,0,0,0.22029125422703488,,0.15328616731295802,0.0
yeast,rfc-nosuite,0.1757281111834487,0.21870060099237815,0,0,0.1885139821932163,,0.24215975017784655,0.0
yeast,rfc-nosuite,0.1666666666666667,0.2371194117142654,0,0,0.18835397058835787,,0.18835397058835787,0.0
yeast,rfc-nosuite,0.16999805300132698,0.17285915437515093,0,0,0.1889497370857558,,0.1853245736017248,0.0
yeast,rfc-nosuite,0.14431106704534882,0.16290996563904295,0,0,0.17662769712480084,,0.17662769712480084,0.0
yeast,rfc-nosuite,0.16666666666666666,0.2136191930567387,0,0,0.23174089469219664,,0.17365564694539812,0.0
yeast,rfc-nosuite,0.16666666666666666,0.18845987577804924,0,0,0.21088572608813105,,0.17702795906935176,0.0
rmftsa,rfc-nosuite,0.5,0.7758198948005295,0,0,0.7758198948005295,0.5,0.7758198948005295,0.0
rmftsa,rfc-nosuite,0.5,0.5,0,0,0.5,0.5,0.5,0.0
rmftsa,rfc-nosuite,0.5,0.4526699115258531,0,0,0.5,0.5,0.5,0.0
rmftsa,rfc-nosuite,0.49999999999999994,0.8663563761193898,0,0,0.8663563761193898,0.49999999999999994,0.49999999999999994,0.0
rmftsa,rfc-nosuite,0.5,0.5068790136567487,0,0,0.5068790136567487,0.4931209863432513,0.5068790136567487,0.0
rmftsa,rfc-nosuite,0.5,0.5,0,0,0.5,0.5,0.5,0.0
rmftsa,rfc-nosuite,0.5,0.5,0,0,0.5,0.4520486971353319,0.5,0.0
rmftsa,rfc-nosuite,0.49999999999999994,0.9101395568787315,0,0,0.49999999999999994,0.08986044312126844,0.49999999999999994,0.0
rmftsa,rfc-nosuite,0.5,0.5,0,0,0.6651111057691421,0.5,0.5,0.0
rmftsa,rfc-nosuite,0.5,0.8863095991468205,0,0,0.8863095991468205,0.1136904008531795,0.8863095991468205,0.0
rmftsa,rfc-nosuite,0.49999999999999994,0.8582793266539718,0,0,0.8582793266539718,0.49999999999999994,0.49999999999999994,0.0
rmftsa,rfc-nosuite,0.5,0.5722533153641921,0,0,0.5722533153641921,0.5,0.5722533153641921,0.0
rmftsa,rfc-nosuite,0.500012226956289,0.5,0,0,0.5,0.500012226956289,0.5,0.0
rmftsa,rfc-nosuite,0.49999999999999994,0.49999999999999994,0,0,0.49999999999999994,0.49999999999999994,0.510003270950902,0.0
rmftsa,rfc-nosuite,0.5,0.8738549674157187,0,0,0.8738549674157187,0.5,0.12614503258428145,0.0
rmftsa,rfc-nosuite,0.6831380755287505,0.5,0,0,0.5,0.5,0.6831380755287505,0.0
rmftsa,rfc-nosuite,0.5,0.5,0,0,0.5,0.5,0.5019950232808401,0.0
rmftsa,rfc-nosuite,0.5,0.8863095991468205,0,0,0.8863095991468205,0.1136904008531795,0.5,0.0
rmftsa,rfc-nosuite,0.5,0.5,0,0,0.5,0.5,0.5,0.0
rmftsa,rfc-nosuite,0.5,0.4738304619093737,0,0,0.4738304619093737,0.5,0.5,0.0
rmftsa,rfc-nosuite,0.5,0.7947873420343822,0,0,0.7947873420343822,0.5,0.20521265796561783,0.0
rmftsa,rfc-nosuite,0.5,0.5,0,0,0.47620541538124933,0.5237945846187507,0.5,0.0
rmftsa,rfc-nosuite,0.5,0.5,0,0,0.5,0.4288701130755616,0.5711298869244383,0.0
rmftsa,rfc-nosuite,0.5,0.518673190568725,0,0,0.518673190568725,0.5,0.518673190568725,0.0
rmftsa,rfc-nosuite,0.5,0.8260705437326745,0,0,0.8260705437326745,0.8260705437326745,0.8260705437326745,0.0
rmftsa,rfc-nosuite,0.49999999999999994,0.49999999999999994,0,0,0.5382865747427525,0.49999999999999994,0.46171342525724735,0.0
rmftsa,rfc-nosuite,0.5,0.37666861006952357,0,0,0.5,0.5,0.5,0.0
rmftsa,rfc-nosuite,0.5,0.5,0,0,0.5,0.5,0.1941891930546649,0.0
rmftsa,rfc-nosuite,0.5,0.4755632924164824,0,0,0.5,0.4755632924164824,0.4755632924164824,0.0
rmftsa,rfc-nosuite,0.5,0.5324946832631087,0,0,0.5,0.5324946832631087,0.5324946832631087,0.0
rmftsa,rfc-nosuite,0.5,0.5,0,0,0.1300861176925215,0.5,0.5,0.0
rmftsa,rfc-nosuite,0.3820607177895183,0.5,0,0,0.5,0.3820607177895183,0.3820607177895183,0.0
rmftsa,rfc-nosuite,0.49999999999999994,0.49999999999999994,0,0,0.49999999999999994,0.49999999999999994,0.510003270950902,0.0
rmftsa,rfc-nosuite,0.5,0.5,0,0,0.5,0.7909770329084322,0.5,0.0
rmftsa,rfc-nosuite,0.5,0.578524572363208,0,0,0.578524572363208,0.5,0.5,0.0
rmftsa,rfc-nosuite,0.5,0.5,0,0,0.5,0.5,0.5,0.0
rmftsa,rfc-nosuite,0.5,0.8038691610756028,0,0,0.5,0.5,0.5,0.0
rmftsa,rfc-nosuite,0.5,0.7608148775982975,0,0,0.5,0.5,0.5,0.0
rmftsa,rfc-nosuite,0.5,0.5,0,0,0.2558755848496689,0.2558755848496689,0.2558755848496689,0.0
rmftsa,rfc-nosuite,0.7203958364848148,0.2796041635151853,0,0,0.7203958364848148,0.2796041635151853,0.5,0.0
rmftsa,rfc-nosuite,0.5,0.6684856158886234,0,0,0.5,0.6684856158886234,0.5,0.0
rmftsa,rfc-nosuite,0.49999999999999994,0.49999999999999994,0,0,0.49999999999999994,0.5097221984993602,0.5097221984993602,0.0
rmftsa,rfc-nosuite,0.5,0.7070590895601369,0,0,0.5,0.2929409104398631,0.5,0.0
rmftsa,rfc-nosuite,0.5,0.8053165657527416,0,0,0.8053165657527416,0.5,0.8053165657527416,0.0
rmftsa,rfc-nosuite,0.5,0.8031824667312765,0,0,0.5,0.5,0.19681753326872353,0.0
rmftsa,rfc-nosuite,0.5,0.8863095991468205,0,0,0.8863095991468205,0.8863095991468205,0.8863095991468205,0.0
rmftsa,rfc-nosuite,0.5,0.7070590895601369,0,0,0.5,0.2929409104398631,0.5,0.0
rmftsa,rfc-nosuite,0.49999999999999994,0.49999999999999994,0,0,0.49999999999999994,0.49999999999999994,0.49999999999999994,0.0
rmftsa,rfc-nosuite,0.5,0.5,0,0,0.5,0.5,0.5,0.0
rmftsa,rfc-nosuite,0.5,0.5010150579399376,0,0,0.5010150579399376,0.5,0.5010150579399376,0.0
banknote-authentication,rfc-nosuite,0.32668711737414097,,0,0,0.32668711737414097,0.6211656415458728,0.32668711737414097,0.0
banknote-authentication,rfc-nosuite,0.10606060593690618,,0,0,0.5324675325499991,0.5324675325499991,0.10606060593690618,0.0
banknote-authentication,rfc-nosuite,0.2587567829627507,,0,0,0.2587567829627507,0.0037000486861221856,0.2587567829627507,0.0
banknote-authentication,rfc-nosuite,0.28022496933952984,0.5426326610702672,0,0,0.28022496933952984,0.3848531676077497,0.28022496933952984,0.0
banknote-authentication,rfc-nosuite,0.28098290556541505,0.7182400909351425,0,0,0.4137529128340306,0.28098290556541505,0.4137529128340306,0.0
banknote-authentication,rfc-nosuite,0.47075817888902016,0.47075817888902016,0,0,0.47075817888902016,0.47075817888902016,0.47075817888902016,0.0
banknote-authentication,rfc-nosuite,0.3043081408604955,0.628696602764787,0,0,0.3043081408604955,0.425794085358727,0.3043081408604955,0.0
banknote-authentication,rfc-nosuite,0.30606060566036813,,0,0,0.2545454549649345,0.3530303028725169,0.30606060566036813,0.0
banknote-authentication,rfc-nosuite,0.325606060669478,0.7213636368157654,0,0,0.4484090909985021,0.37227272740366557,0.325606060669478,0.0
banknote-authentication,rfc-nosuite,0.06638588258441402,,0,0,0.06638588258441402,0.25972723551748406,0.2695547551519889,0.0
banknote-authentication,rfc-nosuite,0.32703781562871254,0.5611822407785333,0,0,0.4387062873926183,0.32703781562871254,0.4387062873926183,0.0
banknote-authentication,rfc-nosuite,0.6962209319978828,,0,0,0.37572674486669183,0.314922480754833,0.43968023282973356,0.0
banknote-authentication,rfc-nosuite,0.16716269569758513,,0,0,0.22315917065548954,0.254960316081089,0.16716269569758513,0.0
banknote-authentication,rfc-nosuite,0.2171052631333109,,0,0,0.2171052631333109,0.33725761565802354,0.297783933049343,0.0
banknote-authentication,rfc-nosuite,0.3326797384733217,,0,0,0.496732025730377,0.3326797384733217,0.496732025730377,0.0
banknote-authentication,rfc-nosuite,0.30253623185076656,0.6035079045927325,0,0,0.3787055333651412,0.34794960452021634,0.3787055333651412,0.0
banknote-authentication,rfc-nosuite,0.2598382010367225,0.5008227063473695,0,0,0.32723159180147565,0.31293706292729284,0.32723159180147565,0.0
banknote-authentication,rfc-nosuite,0.32938995095573936,0.7440457532340836,0,0,0.32938995095573936,0.32938995095573936,0.32938995095573936,0.0
banknote-authentication,rfc-nosuite,0.3154093091118899,,0,0,0.25321027089367604,0.25321027089367604,0.3154093091118899,0.0
banknote-authentication,rfc-nosuite,0.2588201278649322,,0,0,0.22353961640520337,0.2345286306385334,0.2345286306385334,0.0
banknote-authentication,rfc-nosuite,0.42814171106467924,0.4568850268845819,0,0,0.42814171106467924,0.28676470576294344,0.42814171106467924,0.0
banknote-authentication,rfc-nosuite,0.3192398913917275,0.3896243587124763,0,0,0.3192398913917275,0.4071653149567496,0.3192398913917275,0.0
banknote-authentication,rfc-nosuite,0.24976258221468228,,0,0,0.25071225335595326,0.29914529718675953,0.27492877586835807,0.0
banknote-authentication,rfc-nosuite,0.31284916332352974,,0,0,0.31284916332352974,0.39106145265857284,0.31036623244420386,0.0
banknote-authentication,rfc-nosuite,0.3219961568147866,0.39725330534814257,0,0,0.45430654411207627,0.3219961568147866,0.45430654411207627,0.0
banknote-authentication,rfc-nosuite,0.45737547947800267,,0,0,0.01580459773090116,0.4556992340390739,0.2365900386044519,0.0
banknote-authentication,rfc-nosuite,0.3167877322066253,,0,0,0.4636803873973253,0.3167877322066253,0.4636803873973253,0.0
banknote-authentication,rfc-nosuite,0.06446991451265373,,0,0,0.2757879655248642,0.2757879655248642,0.2757879655248642,0.0
banknote-authentication,rfc-nosuite,0.48318458531852726,0.9588628167447223,0,0,0.9588628167447223,0.48318458531852726,0.9588628167447223,0.0
banknote-authentication,rfc-nosuite,0.25469992798324737,,0,0,0.2827187275585544,0.2827187275585544,0.2827187275585544,0.0
banknote-authentication,rfc-nosuite,0.3186511790815902,,0,0,0.3186511790815902,0.23910938734009818,0.3814133595185211,0.0
banknote-authentication,rfc-nosuite,0.24630242931936053,,0,0,0.29370861099604095,0.49453642479133453,0.29370861099604095,0.0
banknote-authentication,rfc-nosuite,0.33148122976653355,0.1042445456716883,0,0,0.3395126758246648,0.44509957181395615,0.6734690409489302,0.0
banknote-authentication,rfc-nosuite,0.0,,0,0,0.2648026314134243,0.0,0.2648026314134243,0.0
banknote-authentication,rfc-nosuite,0.2601366239929832,0.5922212417554307,0,0,0.25,0.5922212417554307,0.2601366239929832,0.0
banknote-authentication,rfc-nosuite,0.0,,0,0,0.26027397252245704,0.26027397252245704,0.0,0.0
banknote-authentication,rfc-nosuite,0.2666666675697673,,0,0,0.3242424245563928,0.3242424245563928,0.3242424245563928,0.0
banknote-authentication,rfc-nosuite,0.5376266304314226,,0,0,0.5376266304314226,0.3039073819253474,0.3039073819253474,0.0
banknote-authentication,rfc-nosuite,0.2143179769979058,,0,0,0.3079268292040888,0.4254742541046447,0.3079268292040888,0.0
banknote-authentication,rfc-nosuite,0.0,,0,0,0.0032467531642866657,0.15584415596785572,0.0032467531642866657,0.0
banknote-authentication,rfc-nosuite,0.03846154037309187,,0,0,0.37500000032054925,0.07342657432833818,0.07342657432833818,0.0
banknote-authentication,rfc-nosuite,0.41610367252380226,0.41610367252380226,0,0,0.41610367252380226,0.41610367252380226,0.41610367252380226,0.0
banknote-authentication,rfc-nosuite,0.1247954739218576,0.35935369408330636,0,0,0.4200299967883633,0.32161848916619473,0.4200299967883633,0.0
banknote-authentication,rfc-nosuite,0.32152985364212006,0.4245420403560566,0,0,0.4245420403560566,0.4245420403560566,0.77182494078708,0.0
banknote-authentication,rfc-nosuite,0.28597883595831636,,0,0,0.37208994648054966,0.28597883595831636,0.28597883595831636,0.0
banknote-authentication,rfc-nosuite,0.3297424467456542,0.8889301634808703,0,0,0.8889301634808703,0.3297424467456542,0.3297424467456542,0.0
banknote-authentication,rfc-nosuite,0.0,,0,0,0.2800000012945384,0.2800000012945384,0.2800000012945384,0.0
banknote-authentication,rfc-nosuite,0.32324921427542846,0.3397689261113579,0,0,0.32324921427542846,0.4876862257260444,0.32324921427542846,0.0
banknote-authentication,rfc-nosuite,0.0031659883833420385,,0,0,0.0031659883833420385,0.2375621888178281,0.0031659883833420385,0.0
banknote-authentication,rfc-nosuite,0.32817517924395045,0.4440081826535619,0,0,0.31146891924270015,0.30116360919175744,0.5264286660606727,0.0
yeast,rfc-nosuite,0.1841273786147664,0.24354455771289898,0,0,0.1887869700492999,,0.1841273786147664,0.0
yeast,rfc-nosuite,0.16666666666666666,0.16683837671290455,0,0,0.16436830919858686,,0.19813337009129148,0.0
yeast,rfc-nosuite,0.16666666666666663,0.18923216688682756,0,0,0.23219235249385053,,0.23221195293352787,0.0
yeast,rfc-nosuite,0.25113701984908704,0.2554813297187017,0,0,0.2624704579961961,,0.25113701984908704,0.0
yeast,rfc-nosuite,0.16666666666666663,0.3071753675818229,0,0,0.18111111112753514,,0.23346395684554877,0.0
yeast,rfc-nosuite,0.16666666666666666,0.1479189294281899,0,0,0.15058470675809515,,0.16666666666666666,0.0
yeast,rfc-nosuite,0.16666666666666666,0.28309008908548755,0,0,0.207015735811407,,0.21106837195723416,0.0
yeast,rfc-nosuite,0.17804793518491144,0.13631156171115633,0,0,0.16666666666666666,,0.16666666666666666,0.0
yeast,rfc-nosuite,0.07239577004270212,0.18091189362847396,0,0,0.16666666666666666,,0.18091189362847396,0.0
yeast,rfc-nosuite,0.1369388686939062,0.22220855115800162,0,0,0.16521757737136872,,0.1491838622186598,0.0
yeast,rfc-nosuite,0.16666666666666666,0.30497506404985,0,0,0.20970099250461505,,0.21219834313972888,0.0
yeast,rfc-nosuite,0.16666666666666666,0.21013736478423606,0,0,0.19681649661285738,,0.18280499535248348,0.0
yeast,rfc-nosuite,0.1666666666666667,0.12603013744177907,0,0,0.1691192664146442,,0.17120753293701052,0.0
yeast,rfc-nosuite,0.1478697841417415,0.1906572316923928,0,0,0.16351721797382812,,0.1666666666666667,0.0
yeast,rfc-nosuite,0.2824964052210846,0.3496028780334618,0,0,0.2824964052210846,,0.2824964052210846,0.0
yeast,rfc-nosuite,0.1915312012013805,0.3042198941096078,0,0,0.1915312012013805,,0.19531258094300089,0.0
yeast,rfc-nosuite,0.17266280138515416,0.17686093069258263,0,0,0.16244662342541732,,0.1938242387546759,0.0
yeast,rfc-nosuite,0.1837268572393566,0.19633274360833475,0,0,0.21978940992169957,,0.22965857154919575,0.0
yeast,rfc-nosuite,0.2202787250956461,0.26242614438676787,0,0,0.26242614438676787,,0.26242614438676787,0.0
yeast,rfc-nosuite,0.1274964702819832,0.15959275769273587,0,0,0.18887212436415463,,0.1697281358597803,0.0
yeast,rfc-nosuite,0.16666666666666666,0.24302676659458589,0,0,0.2293917647707824,,0.3008858895415992,0.0
yeast,rfc-nosuite,0.16666666666666666,0.19007832033307007,0,0,0.18089084876433853,,0.20184824338760374,0.0
yeast,rfc-nosuite,0.16666666666666666,0.23590113405281066,0,0,0.20702364672512108,,0.19466755459759247,0.0
yeast,rfc-nosuite,0.14289607078834482,0.16666666666666666,0,0,0.16652105834172853,,0.16302832515985616,0.0
yeast,rfc-nosuite,0.16111828931773758,0.25578593421203977,0,0,0.22363343329473262,,0.201397861647172,0.0
yeast,rfc-nosuite,0.1742261025757798,0.1590653329361569,0,0,0.1811070064241764,,0.1588429874476019,0.0
yeast,rfc-nosuite,0.1671294324819388,0.15159000077535356,0,0,0.15414256813834404,,0.15414256813834404,0.0
yeast,rfc-nosuite,0.17378184953299997,0.18025139728275988,0,0,0.20409370802666635,,0.18025139728275988,0.0
yeast,rfc-nosuite,0.17819692122773836,0.20340836435722212,0,0,0.17819692122773836,,0.16666666666666666,0.0
yeast,rfc-nosuite,0.12677947636857237,0.15213537164228685,0,0,0.18624547547499257,,0.16611425210356306,0.0
yeast,rfc-nosuite,0.13780336518068573,0.11994068374123948,0,0,0.14588470181303254,,0.17489648773653133,0.0
yeast,rfc-nosuite,0.19328113067045768,0.2866857608860151,0,0,0.21238843479239047,,0.17569540405134454,0.0
yeast,rfc-nosuite,0.1023806037889527,0.18888719839053644,0,0,0.15408509982917587,,0.18888719839053644,0.0
yeast,rfc-nosuite,0.16666666666666666,0.19991856008142558,0,0,0.16666666666666666,,0.16666666666666666,0.0
yeast,rfc-nosuite,0.15952530505261658,0.12707919205649662,0,0,0.12707919205649662,,0.12707919205649662,0.0
yeast,rfc-nosuite,0.16666666666666666,0.172431044392083,0,0,0.19914796149562636,,0.172431044392083,0.0
yeast,rfc-nosuite,0.17448794398047382,0.2522338716772598,0,0,0.19328372491881976,,0.16666666666666666,0.0
yeast,rfc-nosuite,0.2225949443017974,0.23470539688289044,0,0,0.2225949443017974,,0.27890259439218906,0.0
yeast,rfc-nosuite,0.18219534557081749,0.21946487251984395,0,0,0.1714779894735489,,0.1714779894735489,0.0
yeast,rfc-nosuite,0.1650134539420439,0.17361673799988242,0,0,0.18243270711093026,,0.17444369382905234,0.0
yeast,rfc-nosuite,0.16666666666666666,0.1494710680644157,0,0,0.24257322706290718,,0.24257322706290718,0.0
yeast,rfc-nosuite,0.1297833773108606,0.18824526379431328,0,0,0.19246804989402266,,0.19246804989402266,0.0
yeast,rfc-nosuite,0.12199082516386045,0.175250551990859,0,0,0.2277587270293734,,0.17646029336557792,0.0
yeast,rfc-nosuite,0.16666666666666666,0.34986445722224413,0,0,0.22029125422703488,,0.15328616731295802,0.0
yeast,rfc-nosuite,0.1757281111834487,0.21870060099237815,0,0,0.1885139821932163,,0.24215975017784655,0.0
yeast,rfc-nosuite,0.1666666666666667,0.2371194117142654,0,0,0.18835397058835787,,0.18835397058835787,0.0
yeast,rfc-nosuite,0.16999805300132698,0.17285915437515093,0,0,0.1889497370857558,,0.1853245736017248,0.0
yeast,rfc-nosuite,0.14431106704534882,0.16290996563904295,0,0,0.17662769712480084,,0.17662769712480084,0.0
yeast,rfc-nosuite,0.16666666666666666,0.2136191930567387,0,0,0.23174089469219664,,0.17365564694539812,0.0
yeast,rfc-nosuite,0.16666666666666666,0.18845987577804924,0,0,0.21088572608813105,,0.17702795906935176,0.0
rmftsa,rfc-nosuite,0.5,0.7758198948005295,0,0,0.7758198948005295,0.5,0.7758198948005295,0.0
rmftsa,rfc-nosuite,0.5,0.5,0,0,0.5,0.5,0.5,0.0
rmftsa,rfc-nosuite,0.5,0.4526699115258531,0,0,0.5,0.5,0.5,0.0
rmftsa,rfc-nosuite,0.49999999999999994,0.8663563761193898,0,0,0.8663563761193898,0.49999999999999994,0.49999999999999994,0.0
rmftsa,rfc-nosuite,0.5,0.5068790136567487,0,0,0.5068790136567487,0.4931209863432513,0.5068790136567487,0.0
rmftsa,rfc-nosuite,0.5,0.5,0,0,0.5,0.5,0.5,0.0
rmftsa,rfc-nosuite,0.5,0.5,0,0,0.5,0.4520486971353319,0.5,0.0
rmftsa,rfc-nosuite,0.49999999999999994,0.9101395568787315,0,0,0.49999999999999994,0.08986044312126844,0.49999999999999994,0.0
rmftsa,rfc-nosuite,0.5,0.5,0,0,0.6651111057691421,0.5,0.5,0.0
rmftsa,rfc-nosuite,0.5,0.8863095991468205,0,0,0.8863095991468205,0.1136904008531795,0.8863095991468205,0.0
rmftsa,rfc-nosuite,0.49999999999999994,0.8582793266539718,0,0,0.8582793266539718,0.49999999999999994,0.49999999999999994,0.0
rmftsa,rfc-nosuite,0.5,0.5722533153641921,0,0,0.5722533153641921,0.5,0.5722533153641921,0.0
rmftsa,rfc-nosuite,0.500012226956289,0.5,0,0,0.5,0.500012226956289,0.5,0.0
rmftsa,rfc-nosuite,0.49999999999999994,0.49999999999999994,0,0,0.49999999999999994,0.49999999999999994,0.510003270950902,0.0
rmftsa,rfc-nosuite,0.5,0.8738549674157187,0,0,0.8738549674157187,0.5,0.12614503258428145,0.0
rmftsa,rfc-nosuite,0.6831380755287505,0.5,0,0,0.5,0.5,0.6831380755287505,0.0
rmftsa,rfc-nosuite,0.5,0.5,0,0,0.5,0.5,0.5019950232808401,0.0
rmftsa,rfc-nosuite,0.5,0.8863095991468205,0,0,0.8863095991468205,0.1136904008531795,0.5,0.0
rmftsa,rfc-nosuite,0.5,0.5,0,0,0.5,0.5,0.5,0.0
rmftsa,rfc-nosuite,0.5,0.4738304619093737,0,0,0.4738304619093737,0.5,0.5,0.0
rmftsa,rfc-nosuite,0.5,0.7947873420343822,0,0,0.7947873420343822,0.5,0.20521265796561783,0.0
rmftsa,rfc-nosuite,0.5,0.5,0,0,0.47620541538124933,0.5237945846187507,0.5,0.0
rmftsa,rfc-nosuite,0.5,0.5,0,0,0.5,0.4288701130755616,0.5711298869244383,0.0
rmftsa,rfc-nosuite,0.5,0.518673190568725,0,0,0.518673190568725,0.5,0.518673190568725,0.0
rmftsa,rfc-nosuite,0.5,0.8260705437326745,0,0,0.8260705437326745,0.8260705437326745,0.8260705437326745,0.0
rmftsa,rfc-nosuite,0.49999999999999994,0.49999999999999994,0,0,0.5382865747427525,0.49999999999999994,0.46171342525724735,0.0
rmftsa,rfc-nosuite,0.5,0.37666861006952357,0,0,0.5,0.5,0.5,0.0
rmftsa,rfc-nosuite,0.5,0.5,0,0,0.5,0.5,0.1941891930546649,0.0
rmftsa,rfc-nosuite,0.5,0.4755632924164824,0,0,0.5,0.4755632924164824,0.4755632924164824,0.0
rmftsa,rfc-nosuite,0.5,0.5324946832631087,0,0,0.5,0.5324946832631087,0.5324946832631087,0.0
rmftsa,rfc-nosuite,0.5,0.5,0,0,0.1300861176925215,0.5,0.5,0.0
rmftsa,rfc-nosuite,0.3820607177895183,0.5,0,0,0.5,0.3820607177895183,0.3820607177895183,0.0
rmftsa,rfc-nosuite,0.49999999999999994,0.49999999999999994,0,0,0.49999999999999994,0.49999999999999994,0.510003270950902,0.0
rmftsa,rfc-nosuite,0.5,0.5,0,0,0.5,0.7909770329084322,0.5,0.0
rmftsa,rfc-nosuite,0.5,0.578524572363208,0,0,0.578524572363208,0.5,0.5,0.0
rmftsa,rfc-nosuite,0.5,0.5,0,0,0.5,0.5,0.5,0.0
rmftsa,rfc-nosuite,0.5,0.8038691610756028,0,0,0.5,0.5,0.5,0.0
rmftsa,rfc-nosuite,0.5,0.7608148775982975,0,0,0.5,0.5,0.5,0.0
rmftsa,rfc-nosuite,0.5,0.5,0,0,0.2558755848496689,0.2558755848496689,0.2558755848496689,0.0
rmftsa,rfc-nosuite,0.7203958364848148,0.2796041635151853,0,0,0.7203958364848148,0.2796041635151853,0.5,0.0
rmftsa,rfc-nosuite,0.5,0.6684856158886234,0,0,0.5,0.6684856158886234,0.5,0.0
rmftsa,rfc-nosuite,0.49999999999999994,0.49999999999999994,0,0,0.49999999999999994,0.5097221984993602,0.5097221984993602,0.0
rmftsa,rfc-nosuite,0.5,0.7070590895601369,0,0,0.5,0.2929409104398631,0.5,0.0
rmftsa,rfc-nosuite,0.5,0.8053165657527416,0,0,0.8053165657527416,0.5,0.8053165657527416,0.0
rmftsa,rfc-nosuite,0.5,0.8031824667312765,0,0,0.5,0.5,0.19681753326872353,0.0
rmftsa,rfc-nosuite,0.5,0.8863095991468205,0,0,0.8863095991468205,0.8863095991468205,0.8863095991468205,0.0
rmftsa,rfc-nosuite,0.5,0.7070590895601369,0,0,0.5,0.2929409104398631,0.5,0.0
rmftsa,rfc-nosuite,0.49999999999999994,0.49999999999999994,0,0,0.49999999999999994,0.49999999999999994,0.49999999999999994,0.0
rmftsa,rfc-nosuite,0.5,0.5,0,0,0.5,0.5,0.5,0.0
rmftsa,rfc-nosuite,0.5,0.5010150579399376,0,0,0.5010150579399376,0.5,0.5010150579399376,0.0
banknote-authentication,rfc-nosuite,0.32668711737414097,,0,0,0.32668711737414097,0.6211656415458728,0.32668711737414097,0.0
banknote-authentication,rfc-nosuite,0.10606060593690618,,0,0,0.5324675325499991,0.5324675325499991,0.10606060593690618,0.0
banknote-authentication,rfc-nosuite,0.2587567829627507,,0,0,0.2587567829627507,0.0037000486861221856,0.2587567829627507,0.0
banknote-authentication,rfc-nosuite,0.28022496933952984,0.5426326610702672,0,0,0.28022496933952984,0.3848531676077497,0.28022496933952984,0.0
banknote-authentication,rfc-nosuite,0.28098290556541505,0.7182400909351425,0,0,0.4137529128340306,0.28098290556541505,0.4137529128340306,0.0
banknote-authentication,rfc-nosuite,0.47075817888902016,0.47075817888902016,0,0,0.47075817888902016,0.47075817888902016,0.47075817888902016,0.0
banknote-authentication,rfc-nosuite,0.3043081408604955,0.628696602764787,0,0,0.3043081408604955,0.425794085358727,0.3043081408604955,0.0
banknote-authentication,rfc-nosuite,0.30606060566036813,,0,0,0.2545454549649345,0.3530303028725169,0.30606060566036813,0.0
banknote-authentication,rfc-nosuite,0.325606060669478,0.7213636368157654,0,0,0.4484090909985021,0.37227272740366557,0.325606060669478,0.0
banknote-authentication,rfc-nosuite,0.06638588258441402,,0,0,0.06638588258441402,0.25972723551748406,0.2695547551519889,0.0
banknote-authentication,rfc-nosuite,0.32703781562871254,0.5611822407785333,0,0,0.4387062873926183,0.32703781562871254,0.4387062873926183,0.0
banknote-authentication,rfc-nosuite,0.6962209319978828,,0,0,0.37572674486669183,0.314922480754833,0.43968023282973356,0.0
banknote-authentication,rfc-nosuite,0.16716269569758513,,0,0,0.22315917065548954,0.254960316081089,0.16716269569758513,0.0
banknote-authentication,rfc-nosuite,0.2171052631333109,,0,0,0.2171052631333109,0.33725761565802354,0.297783933049343,0.0
banknote-authentication,rfc-nosuite,0.3326797384733217,,0,0,0.496732025730377,0.3326797384733217,0.496732025730377,0.0
banknote-authentication,rfc-nosuite,0.30253623185076656,0.6035079045927325,0,0,0.3787055333651412,0.34794960452021634,0.3787055333651412,0.0
banknote-authentication,rfc-nosuite,0.2598382010367225,0.5008227063473695,0,0,0.32723159180147565,0.31293706292729284,0.32723159180147565,0.0
banknote-authentication,rfc-nosuite,0.32938995095573936,0.7440457532340836,0,0,0.32938995095573936,0.32938995095573936,0.32938995095573936,0.0
banknote-authentication,rfc-nosuite,0.3154093091118899,,0,0,0.25321027089367604,0.25321027089367604,0.3154093091118899,0.0
banknote-authentication,rfc-nosuite,0.2588201278649322,,0,0,0.22353961640520337,0.2345286306385334,0.2345286306385334,0.0
banknote-authentication,rfc-nosuite,0.42814171106467924,0.4568850268845819,0,0,0.42814171106467924,0.28676470576294344,0.42814171106467924,0.0
banknote-authentication,rfc-nosuite,0.3192398913917275,0.3896243587124763,0,0,0.3192398913917275,0.4071653149567496,0.3192398913917275,0.0
banknote-authentication,rfc-nosuite,0.24976258221468228,,0,0,0.25071225335595326,0.29914529718675953,0.27492877586835807,0.0
banknote-authentication,rfc-nosuite,0.31284916332352974,,0,0,0.31284916332352974,0.39106145265857284,0.31036623244420386,0.0
banknote-authentication,rfc-nosuite,0.3219961568147866,0.39725330534814257,0,0,0.45430654411207627,0.3219961568147866,0.45430654411207627,0.0
banknote-authentication,rfc-nosuite,0.45737547947800267,,0,0,0.01580459773090116,0.4556992340390739,0.2365900386044519,0.0
banknote-authentication,rfc-nosuite,0.3167877322066253,,0,0,0.4636803873973253,0.3167877322066253,0.4636803873973253,0.0
banknote-authentication,rfc-nosuite,0.06446991451265373,,0,0,0.2757879655248642,0.2757879655248642,0.2757879655248642,0.0
banknote-authentication,rfc-nosuite,0.48318458531852726,0.9588628167447223,0,0,0.9588628167447223,0.48318458531852726,0.9588628167447223,0.0
banknote-authentication,rfc-nosuite,0.25469992798324737,,0,0,0.2827187275585544,0.2827187275585544,0.2827187275585544,0.0
banknote-authentication,rfc-nosuite,0.3186511790815902,,0,0,0.3186511790815902,0.23910938734009818,0.3814133595185211,0.0
banknote-authentication,rfc-nosuite,0.24630242931936053,,0,0,0.29370861099604095,0.49453642479133453,0.29370861099604095,0.0
banknote-authentication,rfc-nosuite,0.33148122976653355,0.1042445456716883,0,0,0.3395126758246648,0.44509957181395615,0.6734690409489302,0.0
banknote-authentication,rfc-nosuite,0.0,,0,0,0.2648026314134243,0.0,0.2648026314134243,0.0
banknote-authentication,rfc-nosuite,0.2601366239929832,0.5922212417554307,0,0,0.25,0.5922212417554307,0.2601366239929832,0.0
banknote-authentication,rfc-nosuite,0.0,,0,0,0.26027397252245704,0.26027397252245704,0.0,0.0
banknote-authentication,rfc-nosuite,0.2666666675697673,,0,0,0.3242424245563928,0.3242424245563928,0.3242424245563928,0.0
banknote-authentication,rfc-nosuite,0.5376266304314226,,0,0,0.5376266304314226,0.3039073819253474,0.3039073819253474,0.0
banknote-authentication,rfc-nosuite,0.2143179769979058,,0,0,0.3079268292040888,0.4254742541046447,0.3079268292040888,0.0
banknote-authentication,rfc-nosuite,0.0,,0,0,0.0032467531642866657,0.15584415596785572,0.0032467531642866657,0.0
banknote-authentication,rfc-nosuite,0.03846154037309187,,0,0,0.37500000032054925,0.07342657432833818,0.07342657432833818,0.0
banknote-authentication,rfc-nosuite,0.41610367252380226,0.41610367252380226,0,0,0.41610367252380226,0.41610367252380226,0.41610367252380226,0.0
banknote-authentication,rfc-nosuite,0.1247954739218576,0.35935369408330636,0,0,0.4200299967883633,0.32161848916619473,0.4200299967883633,0.0
banknote-authentication,rfc-nosuite,0.32152985364212006,0.4245420403560566,0,0,0.4245420403560566,0.4245420403560566,0.77182494078708,0.0
banknote-authentication,rfc-nosuite,0.28597883595831636,,0,0,0.37208994648054966,0.28597883595831636,0.28597883595831636,0.0
banknote-authentication,rfc-nosuite,0.3297424467456542,0.8889301634808703,0,0,0.8889301634808703,0.3297424467456542,0.3297424467456542,0.0
banknote-authentication,rfc-nosuite,0.0,,0,0,0.2800000012945384,0.2800000012945384,0.2800000012945384,0.0
banknote-authentication,rfc-nosuite,0.32324921427542846,0.3397689261113579,0,0,0.32324921427542846,0.4876862257260444,0.32324921427542846,0.0
banknote-authentication,rfc-nosuite,0.0031659883833420385,,0,0,0.0031659883833420385,0.2375621888178281,0.0031659883833420385,0.0
banknote-authentication,rfc-nosuite,0.32817517924395045,0.4440081826535619,0,0,0.31146891924270015,0.30116360919175744,0.5264286660606727,0.0
volcanoes-a2,rfc-nosuite,0.2561869837333112,0.36571952308755973,0,0,0.37809349317912905,0.31714023845622014,0.31714023845622014,0.0
volcanoes-a2,rfc-nosuite,0.2775416789975736,0.3725073550238681,0,0,0.25498528995226377,0.36122916050121323,,0.0
volcanoes-a2,rfc-nosuite,0.16666666666666666,,0,0,,0.3333333333333333,0.0,0.0
volcanoes-a2,rfc-nosuite,0.45008183307003635,,0,0,0.875613747758527,0.024549918381545705,,0.0
volcanoes-a2,rfc-nosuite,0.4610110798305902,0.4610110798305902,0,0,0.14480609424132315,0.4610110798305902,,0.0
volcanoes-a2,rfc-nosuite,0.2698412698412698,,0,0,,0.0,,0.0
volcanoes-a2,rfc-nosuite,0.41413474219198887,,0,0,0.7661822977869358,0.062087186597041905,0.062087186597041905,0.0
volcanoes-a2,rfc-nosuite,0.24901185776520923,,0,0,0.24901185776520923,0.14723320164595646,,0.0
volcanoes-a2,rfc-nosuite,0.4627236584999994,,0,0,0.07455268300000108,0.4627236584999994,0.8011928422320076,0.0
volcanoes-a2,rfc-nosuite,0.3690296632351487,,0,0,0.577174459630335,0.577174459630335,,0.0
volcanoes-a2,rfc-nosuite,0.3052747006782329,0.40396624763968647,0,0,0.38945059864353404,0.3052747006782329,0.38945059864353404,0.0
volcanoes-a2,rfc-nosuite,0.35370950872134216,,0,0,0.1828631139979642,0.5245559034447201,,0.0
volcanoes-a2,rfc-nosuite,0.26375938373098806,0.43566202824020367,0,0,0.43566202824020367,0.3988428239423835,0.43566202824020367,0.0
volcanoes-a2,rfc-nosuite,0.3419354842009179,0.3419354842009179,0,0,0.3419354842009179,0.3012288789814388,0.3419354842009179,0.0
volcanoes-a2,rfc-nosuite,0.36926605504587157,,0,0,0.26146788990825687,0.001965923984272608,,0.0
volcanoes-a2,rfc-nosuite,0.3445229684948452,,0,0,0.23674911588912667,0.4522968211005637,0.4522968211005637,0.0
volcanoes-a2,rfc-nosuite,0.4276629566618669,,0,0,0.4141494436630758,0.4276629566618669,0.17170111267384838,0.0
volcanoes-a2,rfc-nosuite,0.4520298007582357,,0,0,0.23399726321973027,0.23399726321973027,0.23399726321973027,0.0
volcanoes-a2,rfc-nosuite,0.4159388646708887,,0,0,0.4126637544571052,0.4126637544571052,0.4126637544571052,0.0
volcanoes-a2,rfc-nosuite,0.3758278144483397,,0,0,,0.5380794697987069,,0.0
volcanoes-a2,rfc-nosuite,0.47594501674184353,,0,0,0.04810996651631293,0.17182130582451086,0.17182130582451086,0.0
volcanoes-a2,rfc-nosuite,0.24686595948963316,,0,0,,0.04982320852572502,0.04982320852572502,0.0
volcanoes-a2,rfc-nosuite,0.4070588235294118,,0,0,0.0023529411764705885,0.0023529411764705885,,0.0
volcanoes-a2,rfc-nosuite,0.36986715006140247,0.5301932372751272,0,0,0.2095410628476777,0.3333333333333333,,0.0
volcanoes-a2,rfc-nosuite,0.3329129895136882,,0,0,0.33417402097262355,0.2761664587821858,0.2761664587821858,0.0
volcanoes-a2,rfc-nosuite,0.1607142865606726,,0,0,,0.09523809666358898,0.09523809666358898,0.0
volcanoes-a2,rfc-nosuite,0.36718749999999994,,0,0,0.22656249999999997,0.22656249999999997,,0.0
volcanoes-a2,rfc-nosuite,0.3903628560801682,,0,0,,0.07023019899002975,0.07023019899002975,0.0
volcanoes-a2,rfc-nosuite,0.3421750663129974,,0,0,0.002652519893899204,0.002652519893899204,,0.0
volcanoes-a2,rfc-nosuite,0.3034188038168045,,0,0,0.34188034377084714,0.34188034377084714,0.34188034377084714,0.0
volcanoes-a2,rfc-nosuite,0.07758620707304344,,0,0,,0.025862069526138006,0.025862069526138006,0.0
volcanoes-a2,rfc-nosuite,0.22727272727272727,,0,0,0.5454545454545455,0.22727272727272727,0.0,0.0
volcanoes-a2,rfc-nosuite,0.26503436385705587,,0,0,,0.4576890024289675,,0.0
volcanoes-a2,rfc-nosuite,0.15500000000000003,,0,0,0.0,0.0,0.0,0.0
volcanoes-a2,rfc-nosuite,0.32766705760031134,,0,0,0.3446658847993774,0.4331770224572266,0.4331770224572266,0.0
volcanoes-a2,rfc-nosuite,0.28308823544517553,,0,0,0.30882352756885767,0.3455882362155711,,0.0
volcanoes-a2,rfc-nosuite,0.4648711946635193,,0,0,,0.159250585537047,0.159250585537047,0.0
volcanoes-a2,rfc-nosuite,0.39858310579689626,0.3333333333333333,0,0,0.3333333333333333,0.39858310579689626,0.3333333333333333,0.0
volcanoes-a2,rfc-nosuite,0.3137254901960784,,0,0,,0.0,0.0,0.0
volcanoes-a2,rfc-nosuite,0.2655607537894496,0.2655607537894496,0,0,0.2655607537894496,0.2655607537894496,0.2655607537894496,0.0
volcanoes-a2,rfc-nosuite,0.22142857142857145,,0,0,0.04285714285714285,0.04285714285714285,0.04285714285714285,0.0
volcanoes-a2,rfc-nosuite,0.25373563225660417,,0,0,0.014367816195541975,0.2534482758411668,,0.0
volcanoes-a2,rfc-nosuite,0.44351230485113746,,0,0,,0.34787471930727965,0.34787471930727965,0.0
volcanoes-a2,rfc-nosuite,0.35242641208167347,,0,0,0.19451074002655672,0.09387430421646051,0.09387430421646051,0.0
volcanoes-a2,rfc-nosuite,0.325,,0,0,,0.18750000000000003,0.024999999999999998,0.0
volcanoes-a2,rfc-nosuite,0.38916546731010404,0.3333333333333333,0,0,0.07574584178453428,0.38916546731010404,0.4621270791077329,
volcanoes-a2,rfc-nosuite,0.24074074074074076,,0,0,0.24074074074074076,0.11111111111111109,,0.0
volcanoes-a2,rfc-nosuite,0.17870370227864402,0.17870370227864402,0,0,,0.31682098744685305,,0.0
volcanoes-a2,rfc-nosuite,0.21948717959177416,,0,0,0.37641025675986056,0.21948717959177416,0.37641025675986056,0.0
volcanoes-a2,rfc-nosuite,0.3796106550417985,,0,0,,0.3980532787873322,0.3796106550417985,0.0
yeast,rfc-nosuite,0.1841273786147664,0.24354455771289898,0,0,0.1887869700492999,,0.1841273786147664,0.0
yeast,rfc-nosuite,0.16666666666666666,0.16683837671290455,0,0,0.16436830919858686,,0.19813337009129148,0.0
yeast,rfc-nosuite,0.16666666666666663,0.18923216688682756,0,0,0.23219235249385053,,0.23221195293352787,0.0
yeast,rfc-nosuite,0.25113701984908704,0.2554813297187017,0,0,0.2624704579961961,,0.25113701984908704,0.0
yeast,rfc-nosuite,0.16666666666666663,0.3071753675818229,0,0,0.18111111112753514,,0.23346395684554877,0.0
yeast,rfc-nosuite,0.16666666666666666,0.1479189294281899,0,0,0.15058470675809515,,0.16666666666666666,0.0
yeast,rfc-nosuite,0.16666666666666666,0.28309008908548755,0,0,0.207015735811407,,0.21106837195723416,0.0
yeast,rfc-nosuite,0.17804793518491144,0.13631156171115633,0,0,0.16666666666666666,,0.16666666666666666,0.0
yeast,rfc-nosuite,0.07239577004270212,0.18091189362847396,0,0,0.16666666666666666,,0.18091189362847396,0.0
yeast,rfc-nosuite,0.1369388686939062,0.22220855115800162,0,0,0.16521757737136872,,0.1491838622186598,0.0
yeast,rfc-nosuite,0.16666666666666666,0.30497506404985,0,0,0.20970099250461505,,0.21219834313972888,0.0
yeast,rfc-nosuite,0.16666666666666666,0.21013736478423606,0,0,0.19681649661285738,,0.18280499535248348,0.0
yeast,rfc-nosuite,0.1666666666666667,0.12603013744177907,0,0,0.1691192664146442,,0.17120753293701052,0.0
yeast,rfc-nosuite,0.1478697841417415,0.1906572316923928,0,0,0.16351721797382812,,0.1666666666666667,0.0
yeast,rfc-nosuite,0.2824964052210846,0.3496028780334618,0,0,0.2824964052210846,,0.2824964052210846,0.0
yeast,rfc-nosuite,0.1915312012013805,0.3042198941096078,0,0,0.1915312012013805,,0.19531258094300089,0.0
yeast,rfc-nosuite,0.17266280138515416,0.17686093069258263,0,0,0.16244662342541732,,0.1938242387546759,0.0
yeast,rfc-nosuite,0.1837268572393566,0.19633274360833475,0,0,0.21978940992169957,,0.22965857154919575,0.0
yeast,rfc-nosuite,0.2202787250956461,0.26242614438676787,0,0,0.26242614438676787,,0.26242614438676787,0.0
yeast,rfc-nosuite,0.1274964702819832,0.15959275769273587,0,0,0.18887212436415463,,0.1697281358597803,0.0
yeast,rfc-nosuite,0.16666666666666666,0.24302676659458589,0,0,0.2293917647707824,,0.3008858895415992,0.0
yeast,rfc-nosuite,0.16666666666666666,0.19007832033307007,0,0,0.18089084876433853,,0.20184824338760374,0.0
yeast,rfc-nosuite,0.16666666666666666,0.23590113405281066,0,0,0.20702364672512108,,0.19466755459759247,0.0
yeast,rfc-nosuite,0.14289607078834482,0.16666666666666666,0,0,0.16652105834172853,,0.16302832515985616,0.0
yeast,rfc-nosuite,0.16111828931773758,0.25578593421203977,0,0,0.22363343329473262,,0.201397861647172,0.0
yeast,rfc-nosuite,0.1742261025757798,0.1590653329361569,0,0,0.1811070064241764,,0.1588429874476019,0.0
yeast,rfc-nosuite,0.1671294324819388,0.15159000077535356,0,0,0.15414256813834404,,0.15414256813834404,0.0
yeast,rfc-nosuite,0.17378184953299997,0.18025139728275988,0,0,0.20409370802666635,,0.18025139728275988,0.0
yeast,rfc-nosuite,0.17819692122773836,0.20340836435722212,0,0,0.17819692122773836,,0.16666666666666666,0.0
yeast,rfc-nosuite,0.12677947636857237,0.15213537164228685,0,0,0.18624547547499257,,0.16611425210356306,0.0
yeast,rfc-nosuite,0.13780336518068573,0.11994068374123948,0,0,0.14588470181303254,,0.17489648773653133,0.0
yeast,rfc-nosuite,0.19328113067045768,0.2866857608860151,0,0,0.21238843479239047,,0.17569540405134454,0.0
yeast,rfc-nosuite,0.1023806037889527,0.18888719839053644,0,0,0.15408509982917587,,0.18888719839053644,0.0
yeast,rfc-nosuite,0.16666666666666666,0.19991856008142558,0,0,0.16666666666666666,,0.16666666666666666,0.0
yeast,rfc-nosuite,0.15952530505261658,0.12707919205649662,0,0,0.12707919205649662,,0.12707919205649662,0.0
yeast,rfc-nosuite,0.16666666666666666,0.172431044392083,0,0,0.19914796149562636,,0.172431044392083,0.0
yeast,rfc-nosuite,0.17448794398047382,0.2522338716772598,0,0,0.19328372491881976,,0.16666666666666666,0.0
yeast,rfc-nosuite,0.2225949443017974,0.23470539688289044,0,0,0.2225949443017974,,0.27890259439218906,0.0
yeast,rfc-nosuite,0.18219534557081749,0.21946487251984395,0,0,0.1714779894735489,,0.1714779894735489,0.0
yeast,rfc-nosuite,0.1650134539420439,0.17361673799988242,0,0,0.18243270711093026,,0.17444369382905234,0.0
yeast,rfc-nosuite,0.16666666666666666,0.1494710680644157,0,0,0.24257322706290718,,0.24257322706290718,0.0
yeast,rfc-nosuite,0.1297833773108606,0.18824526379431328,0,0,0.19246804989402266,,0.19246804989402266,0.0
yeast,rfc-nosuite,0.12199082516386045,0.175250551990859,0,0,0.2277587270293734,,0.17646029336557792,0.0
yeast,rfc-nosuite,0.16666666666666666,0.34986445722224413,0,0,0.22029125422703488,,0.15328616731295802,0.0
yeast,rfc-nosuite,0.1757281111834487,0.21870060099237815,0,0,0.1885139821932163,,0.24215975017784655,0.0
yeast,rfc-nosuite,0.1666666666666667,0.2371194117142654,0,0,0.18835397058835787,,0.18835397058835787,0.0
yeast,rfc-nosuite,0.16999805300132698,0.17285915437515093,0,0,0.1889497370857558,,0.1853245736017248,0.0
yeast,rfc-nosuite,0.14431106704534882,0.16290996563904295,0,0,0.17662769712480084,,0.17662769712480084,0.0
yeast,rfc-nosuite,0.16666666666666666,0.2136191930567387,0,0,0.23174089469219664,,0.17365564694539812,0.0
yeast,rfc-nosuite,0.16666666666666666,0.18845987577804924,0,0,0.21088572608813105,,0.17702795906935176,0.0
rmftsa,rfc-nosuite,0.5,0.7758198948005295,0,0,0.7758198948005295,0.5,0.7758198948005295,0.0
rmftsa,rfc-nosuite,0.5,0.5,0,0,0.5,0.5,0.5,0.0
rmftsa,rfc-nosuite,0.5,0.4526699115258531,0,0,0.5,0.5,0.5,0.0
rmftsa,rfc-nosuite,0.49999999999999994,0.8663563761193898,0,0,0.8663563761193898,0.49999999999999994,0.49999999999999994,0.0
rmftsa,rfc-nosuite,0.5,0.5068790136567487,0,0,0.5068790136567487,0.4931209863432513,0.5068790136567487,0.0
rmftsa,rfc-nosuite,0.5,0.5,0,0,0.5,0.5,0.5,0.0
rmftsa,rfc-nosuite,0.5,0.5,0,0,0.5,0.4520486971353319,0.5,0.0
rmftsa,rfc-nosuite,0.49999999999999994,0.9101395568787315,0,0,0.49999999999999994,0.08986044312126844,0.49999999999999994,0.0
rmftsa,rfc-nosuite,0.5,0.5,0,0,0.6651111057691421,0.5,0.5,0.0
rmftsa,rfc-nosuite,0.5,0.8863095991468205,0,0,0.8863095991468205,0.1136904008531795,0.8863095991468205,0.0
rmftsa,rfc-nosuite,0.49999999999999994,0.8582793266539718,0,0,0.8582793266539718,0.49999999999999994,0.49999999999999994,0.0
rmftsa,rfc-nosuite,0.5,0.5722533153641921,0,0,0.5722533153641921,0.5,0.5722533153641921,0.0
rmftsa,rfc-nosuite,0.500012226956289,0.5,0,0,0.5,0.500012226956289,0.5,0.0
rmftsa,rfc-nosuite,0.49999999999999994,0.49999999999999994,0,0,0.49999999999999994,0.49999999999999994,0.510003270950902,0.0
rmftsa,rfc-nosuite,0.5,0.8738549674157187,0,0,0.8738549674157187,0.5,0.12614503258428145,0.0
rmftsa,rfc-nosuite,0.6831380755287505,0.5,0,0,0.5,0.5,0.6831380755287505,0.0
rmftsa,rfc-nosuite,0.5,0.5,0,0,0.5,0.5,0.5019950232808401,0.0
rmftsa,rfc-nosuite,0.5,0.8863095991468205,0,0,0.8863095991468205,0.1136904008531795,0.5,0.0
rmftsa,rfc-nosuite,0.5,0.5,0,0,0.5,0.5,0.5,0.0
rmftsa,rfc-nosuite,0.5,0.4738304619093737,0,0,0.4738304619093737,0.5,0.5,0.0
rmftsa,rfc-nosuite,0.5,0.7947873420343822,0,0,0.7947873420343822,0.5,0.20521265796561783,0.0
rmftsa,rfc-nosuite,0.5,0.5,0,0,0.47620541538124933,0.5237945846187507,0.5,0.0
rmftsa,rfc-nosuite,0.5,0.5,0,0,0.5,0.4288701130755616,0.5711298869244383,0.0
rmftsa,rfc-nosuite,0.5,0.518673190568725,0,0,0.518673190568725,0.5,0.518673190568725,0.0
rmftsa,rfc-nosuite,0.5,0.8260705437326745,0,0,0.8260705437326745,0.8260705437326745,0.8260705437326745,0.0
rmftsa,rfc-nosuite,0.49999999999999994,0.49999999999999994,0,0,0.5382865747427525,0.49999999999999994,0.46171342525724735,0.0
rmftsa,rfc-nosuite,0.5,0.37666861006952357,0,0,0.5,0.5,0.5,0.0
rmftsa,rfc-nosuite,0.5,0.5,0,0,0.5,0.5,0.1941891930546649,0.0
rmftsa,rfc-nosuite,0.5,0.4755632924164824,0,0,0.5,0.4755632924164824,0.4755632924164824,0.0
rmftsa,rfc-nosuite,0.5,0.5324946832631087,0,0,0.5,0.5324946832631087,0.5324946832631087,0.0
rmftsa,rfc-nosuite,0.5,0.5,0,0,0.1300861176925215,0.5,0.5,0.0
rmftsa,rfc-nosuite,0.3820607177895183,0.5,0,0,0.5,0.3820607177895183,0.3820607177895183,0.0
rmftsa,rfc-nosuite,0.49999999999999994,0.49999999999999994,0,0,0.49999999999999994,0.49999999999999994,0.510003270950902,0.0
rmftsa,rfc-nosuite,0.5,0.5,0,0,0.5,0.7909770329084322,0.5,0.0
rmftsa,rfc-nosuite,0.5,0.578524572363208,0,0,0.578524572363208,0.5,0.5,0.0
rmftsa,rfc-nosuite,0.5,0.5,0,0,0.5,0.5,0.5,0.0
rmftsa,rfc-nosuite,0.5,0.8038691610756028,0,0,0.5,0.5,0.5,0.0
rmftsa,rfc-nosuite,0.5,0.7608148775982975,0,0,0.5,0.5,0.5,0.0
rmftsa,rfc-nosuite,0.5,0.5,0,0,0.2558755848496689,0.2558755848496689,0.2558755848496689,0.0
rmftsa,rfc-nosuite,0.7203958364848148,0.2796041635151853,0,0,0.7203958364848148,0.2796041635151853,0.5,0.0
rmftsa,rfc-nosuite,0.5,0.6684856158886234,0,0,0.5,0.6684856158886234,0.5,0.0
rmftsa,rfc-nosuite,0.49999999999999994,0.49999999999999994,0,0,0.49999999999999994,0.5097221984993602,0.5097221984993602,0.0
rmftsa,rfc-nosuite,0.5,0.7070590895601369,0,0,0.5,0.2929409104398631,0.5,0.0
rmftsa,rfc-nosuite,0.5,0.8053165657527416,0,0,0.8053165657527416,0.5,0.8053165657527416,0.0
rmftsa,rfc-nosuite,0.5,0.8031824667312765,0,0,0.5,0.5,0.19681753326872353,0.0
rmftsa,rfc-nosuite,0.5,0.8863095991468205,0,0,0.8863095991468205,0.8863095991468205,0.8863095991468205,0.0
rmftsa,rfc-nosuite,0.5,0.7070590895601369,0,0,0.5,0.2929409104398631,0.5,0.0
rmftsa,rfc-nosuite,0.49999999999999994,0.49999999999999994,0,0,0.49999999999999994,0.49999999999999994,0.49999999999999994,0.0
rmftsa,rfc-nosuite,0.5,0.5,0,0,0.5,0.5,0.5,0.0
rmftsa,rfc-nosuite,0.5,0.5010150579399376,0,0,0.5010150579399376,0.5,0.5010150579399376,0.0
banknote-authentication,rfc-nosuite,0.32668711737414097,,0,0,0.32668711737414097,0.6211656415458728,0.32668711737414097,0.0
banknote-authentication,rfc-nosuite,0.10606060593690618,,0,0,0.5324675325499991,0.5324675325499991,0.10606060593690618,0.0
banknote-authentication,rfc-nosuite,0.2587567829627507,,0,0,0.2587567829627507,0.0037000486861221856,0.2587567829627507,0.0
banknote-authentication,rfc-nosuite,0.28022496933952984,0.5426326610702672,0,0,0.28022496933952984,0.3848531676077497,0.28022496933952984,0.0
banknote-authentication,rfc-nosuite,0.28098290556541505,0.7182400909351425,0,0,0.4137529128340306,0.28098290556541505,0.4137529128340306,0.0
banknote-authentication,rfc-nosuite,0.47075817888902016,0.47075817888902016,0,0,0.47075817888902016,0.47075817888902016,0.47075817888902016,0.0
banknote-authentication,rfc-nosuite,0.3043081408604955,0.628696602764787,0,0,0.3043081408604955,0.425794085358727,0.3043081408604955,0.0
banknote-authentication,rfc-nosuite,0.30606060566036813,,0,0,0.2545454549649345,0.3530303028725169,0.30606060566036813,0.0
banknote-authentication,rfc-nosuite,0.325606060669478,0.7213636368157654,0,0,0.4484090909985021,0.37227272740366557,0.325606060669478,0.0
banknote-authentication,rfc-nosuite,0.06638588258441402,,0,0,0.06638588258441402,0.25972723551748406,0.2695547551519889,0.0
banknote-authentication,rfc-nosuite,0.32703781562871254,0.5611822407785333,0,0,0.4387062873926183,0.32703781562871254,0.4387062873926183,0.0
banknote-authentication,rfc-nosuite,0.6962209319978828,,0,0,0.37572674486669183,0.314922480754833,0.43968023282973356,0.0
banknote-authentication,rfc-nosuite,0.16716269569758513,,0,0,0.22315917065548954,0.254960316081089,0.16716269569758513,0.0
banknote-authentication,rfc-nosuite,0.2171052631333109,,0,0,0.2171052631333109,0.33725761565802354,0.297783933049343,0.0
banknote-authentication,rfc-nosuite,0.3326797384733217,,0,0,0.496732025730377,0.3326797384733217,0.496732025730377,0.0
banknote-authentication,rfc-nosuite,0.30253623185076656,0.6035079045927325,0,0,0.3787055333651412,0.34794960452021634,0.3787055333651412,0.0
banknote-authentication,rfc-nosuite,0.2598382010367225,0.5008227063473695,0,0,0.32723159180147565,0.31293706292729284,0.32723159180147565,0.0
banknote-authentication,rfc-nosuite,0.32938995095573936,0.7440457532340836,0,0,0.32938995095573936,0.32938995095573936,0.32938995095573936,0.0
banknote-authentication,rfc-nosuite,0.3154093091118899,,0,0,0.25321027089367604,0.25321027089367604,0.3154093091118899,0.0
banknote-authentication,rfc-nosuite,0.2588201278649322,,0,0,0.22353961640520337,0.2345286306385334,0.2345286306385334,0.0
banknote-authentication,rfc-nosuite,0.42814171106467924,0.4568850268845819,0,0,0.42814171106467924,0.28676470576294344,0.42814171106467924,0.0
banknote-authentication,rfc-nosuite,0.3192398913917275,0.3896243587124763,0,0,0.3192398913917275,0.4071653149567496,0.3192398913917275,0.0
banknote-authentication,rfc-nosuite,0.24976258221468228,,0,0,0.25071225335595326,0.29914529718675953,0.27492877586835807,0.0
banknote-authentication,rfc-nosuite,0.31284916332352974,,0,0,0.31284916332352974,0.39106145265857284,0.31036623244420386,0.0
banknote-authentication,rfc-nosuite,0.3219961568147866,0.39725330534814257,0,0,0.45430654411207627,0.3219961568147866,0.45430654411207627,0.0
banknote-authentication,rfc-nosuite,0.45737547947800267,,0,0,0.01580459773090116,0.4556992340390739,0.2365900386044519,0.0
banknote-authentication,rfc-nosuite,0.3167877322066253,,0,0,0.4636803873973253,0.3167877322066253,0.4636803873973253,0.0
banknote-authentication,rfc-nosuite,0.06446991451265373,,0,0,0.2757879655248642,0.2757879655248642,0.2757879655248642,0.0
banknote-authentication,rfc-nosuite,0.48318458531852726,0.9588628167447223,0,0,0.9588628167447223,0.48318458531852726,0.9588628167447223,0.0
banknote-authentication,rfc-nosuite,0.25469992798324737,,0,0,0.2827187275585544,0.2827187275585544,0.2827187275585544,0.0
banknote-authentication,rfc-nosuite,0.3186511790815902,,0,0,0.3186511790815902,0.23910938734009818,0.3814133595185211,0.0
banknote-authentication,rfc-nosuite,0.24630242931936053,,0,0,0.29370861099604095,0.49453642479133453,0.29370861099604095,0.0
banknote-authentication,rfc-nosuite,0.33148122976653355,0.1042445456716883,0,0,0.3395126758246648,0.44509957181395615,0.6734690409489302,0.0
banknote-authentication,rfc-nosuite,0.0,,0,0,0.2648026314134243,0.0,0.2648026314134243,0.0
banknote-authentication,rfc-nosuite,0.2601366239929832,0.5922212417554307,0,0,0.25,0.5922212417554307,0.2601366239929832,0.0
banknote-authentication,rfc-nosuite,0.0,,0,0,0.26027397252245704,0.26027397252245704,0.0,0.0
banknote-authentication,rfc-nosuite,0.2666666675697673,,0,0,0.3242424245563928,0.3242424245563928,0.3242424245563928,0.0
banknote-authentication,rfc-nosuite,0.5376266304314226,,0,0,0.5376266304314226,0.3039073819253474,0.3039073819253474,0.0
banknote-authentication,rfc-nosuite,0.2143179769979058,,0,0,0.3079268292040888,0.4254742541046447,0.3079268292040888,0.0
banknote-authentication,rfc-nosuite,0.0,,0,0,0.0032467531642866657,0.15584415596785572,0.0032467531642866657,0.0
banknote-authentication,rfc-nosuite,0.03846154037309187,,0,0,0.37500000032054925,0.07342657432833818,0.07342657432833818,0.0
banknote-authentication,rfc-nosuite,0.41610367252380226,0.41610367252380226,0,0,0.41610367252380226,0.41610367252380226,0.41610367252380226,0.0
banknote-authentication,rfc-nosuite,0.1247954739218576,0.35935369408330636,0,0,0.4200299967883633,0.32161848916619473,0.4200299967883633,0.0
banknote-authentication,rfc-nosuite,0.32152985364212006,0.4245420403560566,0,0,0.4245420403560566,0.4245420403560566,0.77182494078708,0.0
banknote-authentication,rfc-nosuite,0.28597883595831636,,0,0,0.37208994648054966,0.28597883595831636,0.28597883595831636,0.0
banknote-authentication,rfc-nosuite,0.3297424467456542,0.8889301634808703,0,0,0.8889301634808703,0.3297424467456542,0.3297424467456542,0.0
banknote-authentication,rfc-nosuite,0.0,,0,0,0.2800000012945384,0.2800000012945384,0.2800000012945384,0.0
banknote-authentication,rfc-nosuite,0.32324921427542846,0.3397689261113579,0,0,0.32324921427542846,0.4876862257260444,0.32324921427542846,0.0
banknote-authentication,rfc-nosuite,0.0031659883833420385,,0,0,0.0031659883833420385,0.2375621888178281,0.0031659883833420385,0.0
banknote-authentication,rfc-nosuite,0.32817517924395045,0.4440081826535619,0,0,0.31146891924270015,0.30116360919175744,0.5264286660606727,0.0
volcanoes-a2,rfc-nosuite,0.2561869837333112,0.36571952308755973,0,0,0.37809349317912905,0.31714023845622014,0.31714023845622014,0.0
volcanoes-a2,rfc-nosuite,0.2775416789975736,0.3725073550238681,0,0,0.25498528995226377,0.36122916050121323,,0.0
volcanoes-a2,rfc-nosuite,0.16666666666666666,,0,0,,0.3333333333333333,0.0,0.0
volcanoes-a2,rfc-nosuite,0.45008183307003635,,0,0,0.875613747758527,0.024549918381545705,,0.0
volcanoes-a2,rfc-nosuite,0.4610110798305902,0.4610110798305902,0,0,0.14480609424132315,0.4610110798305902,,0.0
volcanoes-a2,rfc-nosuite,0.2698412698412698,,0,0,,0.0,,0.0
volcanoes-a2,rfc-nosuite,0.41413474219198887,,0,0,0.7661822977869358,0.062087186597041905,0.062087186597041905,0.0
volcanoes-a2,rfc-nosuite,0.24901185776520923,,0,0,0.24901185776520923,0.14723320164595646,,0.0
volcanoes-a2,rfc-nosuite,0.4627236584999994,,0,0,0.07455268300000108,0.4627236584999994,0.8011928422320076,0.0
volcanoes-a2,rfc-nosuite,0.3690296632351487,,0,0,0.577174459630335,0.577174459630335,,0.0
volcanoes-a2,rfc-nosuite,0.3052747006782329,0.40396624763968647,0,0,0.38945059864353404,0.3052747006782329,0.38945059864353404,0.0
volcanoes-a2,rfc-nosuite,0.35370950872134216,,0,0,0.1828631139979642,0.5245559034447201,,0.0
volcanoes-a2,rfc-nosuite,0.26375938373098806,0.43566202824020367,0,0,0.43566202824020367,0.3988428239423835,0.43566202824020367,0.0
volcanoes-a2,rfc-nosuite,0.3419354842009179,0.3419354842009179,0,0,0.3419354842009179,0.3012288789814388,0.3419354842009179,0.0
volcanoes-a2,rfc-nosuite,0.36926605504587157,,0,0,0.26146788990825687,0.001965923984272608,,0.0
volcanoes-a2,rfc-nosuite,0.3445229684948452,,0,0,0.23674911588912667,0.4522968211005637,0.4522968211005637,0.0
volcanoes-a2,rfc-nosuite,0.4276629566618669,,0,0,0.4141494436630758,0.4276629566618669,0.17170111267384838,0.0
volcanoes-a2,rfc-nosuite,0.4520298007582357,,0,0,0.23399726321973027,0.23399726321973027,0.23399726321973027,0.0
volcanoes-a2,rfc-nosuite,0.4159388646708887,,0,0,0.4126637544571052,0.4126637544571052,0.4126637544571052,0.0
volcanoes-a2,rfc-nosuite,0.3758278144483397,,0,0,,0.5380794697987069,,0.0
volcanoes-a2,rfc-nosuite,0.47594501674184353,,0,0,0.04810996651631293,0.17182130582451086,0.17182130582451086,0.0
volcanoes-a2,rfc-nosuite,0.24686595948963316,,0,0,,0.04982320852572502,0.04982320852572502,0.0
volcanoes-a2,rfc-nosuite,0.4070588235294118,,0,0,0.0023529411764705885,0.0023529411764705885,,0.0
volcanoes-a2,rfc-nosuite,0.36986715006140247,0.5301932372751272,0,0,0.2095410628476777,0.3333333333333333,,0.0
volcanoes-a2,rfc-nosuite,0.3329129895136882,,0,0,0.33417402097262355,0.2761664587821858,0.2761664587821858,0.0
volcanoes-a2,rfc-nosuite,0.1607142865606726,,0,0,,0.09523809666358898,0.09523809666358898,0.0
volcanoes-a2,rfc-nosuite,0.36718749999999994,,0,0,0.22656249999999997,0.22656249999999997,,0.0
volcanoes-a2,rfc-nosuite,0.3903628560801682,,0,0,,0.07023019899002975,0.07023019899002975,0.0
volcanoes-a2,rfc-nosuite,0.3421750663129974,,0,0,0.002652519893899204,0.002652519893899204,,0.0
volcanoes-a2,rfc-nosuite,0.3034188038168045,,0,0,0.34188034377084714,0.34188034377084714,0.34188034377084714,0.0
volcanoes-a2,rfc-nosuite,0.07758620707304344,,0,0,,0.025862069526138006,0.025862069526138006,0.0
volcanoes-a2,rfc-nosuite,0.22727272727272727,,0,0,0.5454545454545455,0.22727272727272727,0.0,0.0
volcanoes-a2,rfc-nosuite,0.26503436385705587,,0,0,,0.4576890024289675,,0.0
volcanoes-a2,rfc-nosuite,0.15500000000000003,,0,0,0.0,0.0,0.0,0.0
volcanoes-a2,rfc-nosuite,0.32766705760031134,,0,0,0.3446658847993774,0.4331770224572266,0.4331770224572266,0.0
volcanoes-a2,rfc-nosuite,0.28308823544517553,,0,0,0.30882352756885767,0.3455882362155711,,0.0
volcanoes-a2,rfc-nosuite,0.4648711946635193,,0,0,,0.159250585537047,0.159250585537047,0.0
volcanoes-a2,rfc-nosuite,0.39858310579689626,0.3333333333333333,0,0,0.3333333333333333,0.39858310579689626,0.3333333333333333,0.0
volcanoes-a2,rfc-nosuite,0.3137254901960784,,0,0,,0.0,0.0,0.0
volcanoes-a2,rfc-nosuite,0.2655607537894496,0.2655607537894496,0,0,0.2655607537894496,0.2655607537894496,0.2655607537894496,0.0
volcanoes-a2,rfc-nosuite,0.22142857142857145,,0,0,0.04285714285714285,0.04285714285714285,0.04285714285714285,0.0
volcanoes-a2,rfc-nosuite,0.25373563225660417,,0,0,0.014367816195541975,0.2534482758411668,,0.0
volcanoes-a2,rfc-nosuite,0.44351230485113746,,0,0,,0.34787471930727965,0.34787471930727965,0.0
volcanoes-a2,rfc-nosuite,0.35242641208167347,,0,0,0.19451074002655672,0.09387430421646051,0.09387430421646051,0.0
volcanoes-a2,rfc-nosuite,0.325,,0,0,,0.18750000000000003,0.024999999999999998,0.0
volcanoes-a2,rfc-nosuite,0.38916546731010404,0.3333333333333333,0,0,0.07574584178453428,0.38916546731010404,0.4621270791077329,
volcanoes-a2,rfc-nosuite,0.24074074074074076,,0,0,0.24074074074074076,0.11111111111111109,,0.0
volcanoes-a2,rfc-nosuite,0.17870370227864402,0.17870370227864402,0,0,,0.31682098744685305,,0.0
volcanoes-a2,rfc-nosuite,0.21948717959177416,,0,0,0.37641025675986056,0.21948717959177416,0.37641025675986056,0.0
volcanoes-a2,rfc-nosuite,0.3796106550417985,,0,0,,0.3980532787873322,0.3796106550417985,0.0
volcanoes-a3,rfc-nosuite,0.6148836853013284,0.3745388842975419,0,0,0.6148836853013284,0.4329029583531223,0.4329029583531223,0.0
volcanoes-a3,rfc-nosuite,0.3786356426602397,,0,0,,0.3405605495744716,,0.0
volcanoes-a3,rfc-nosuite,0.7914828835965305,0.43813185526099985,0,0,0.45760958653726536,0.3333333333333333,0.3333333333333333,0.0
volcanoes-a3,rfc-nosuite,0.15222772246243738,,0,0,,0.09158415753082946,0.09158415753082946,0.0
volcanoes-a3,rfc-nosuite,0.13803680983566824,,0,0,0.7239263803286636,0.024539877589800578,,0.0
volcanoes-a3,rfc-nosuite,0.3064150939706876,,0,0,,0.3166037736682174,,0.0
volcanoes-a3,rfc-nosuite,0.30803571428849846,,0,0,0.3839285714230031,0.3203124992058162,,0.0
volcanoes-a3,rfc-nosuite,0.4189189188244336,,0,0,,0.1541541543242977,0.14614614629746261,0.0
volcanoes-a3,rfc-nosuite,0.31420397174304415,,0,0,,0.39414338498961515,0.39414338498961515,0.0
volcanoes-a3,rfc-nosuite,0.33268765150584145,,0,0,,0.4213075067340331,,0.0
volcanoes-a3,rfc-nosuite,0.19262295162567852,,0,0,0.053278689049022276,0.053278689049022276,0.053278689049022276,0.0
volcanoes-a3,rfc-nosuite,0.3971840207355105,0.5361820553845073,0,0,0.5361820553845073,0.5361820553845073,0.5361820553845073,0.0
volcanoes-a3,rfc-nosuite,0.33001371622752695,,0,0,,0.33001371622752695,0.43365734297777403,0.0
volcanoes-a3,rfc-nosuite,0.6445058663779517,0.40304044197884176,0,0,0.40304044197884176,0.3333333333333333,0.40304044197884176,
volcanoes-a3,rfc-nosuite,0.29823316966412183,0.435517152873902,0,0,0.435517152873902,0.435517152873902,,0.0
volcanoes-a3,rfc-nosuite,0.35631370341539526,,0,0,0.2120611554096973,0.2120611554096973,0.2120611554096973,0.0
volcanoes-a3,rfc-nosuite,0.39688888880682216,0.4888888887288394,0,0,0.4888888887288394,0.4888888887288394,0.4888888887288394,0.0
volcanoes-a3,rfc-nosuite,0.2820512820130127,,0,0,,0.07692307653272969,0.07692307653272969,0.0
volcanoes-a3,rfc-nosuite,0.18683173893803223,,0,0,,0.07315700560283181,0.07315700560283181,0.0
volcanoes-a3,rfc-nosuite,0.47891601433225794,0.7298212824232847,0,0,,0.3859946268793844,0.7298212824232847,0.0
volcanoes-a3,rfc-nosuite,0.14414414463027095,,0,0,,0.11711711714829727,,0.0
volcanoes-a3,rfc-nosuite,0.32284382269552125,0.4428904425139756,0,0,0.4428904425139756,0.4428904425139756,0.4428904425139756,0.0
volcanoes-a3,rfc-nosuite,0.25525087525825896,,0,0,0.32847141159905296,0.32847141159905296,0.32847141159905296,0.0
volcanoes-a3,rfc-nosuite,0.21441009863314325,0.21441009863314325,0,0,0.21441009863314325,0.21038310645724403,0.3968219428593276,0.0
volcanoes-a3,rfc-nosuite,0.41406663180042713,,0,0,,0.12295081938737777,,0.0
volcanoes-a3,rfc-nosuite,0.4144645338027463,,0,0,,0.24408901269473499,0.24408901269473499,0.0
volcanoes-a3,rfc-nosuite,0.37638015972457883,0.43073721707266427,0,0,0.43073721707266427,0.43073721707266427,,0.0
volcanoes-a3,rfc-nosuite,0.2937559129424866,,0,0,,0.010406811751508652,0.010406811751508652,0.0
volcanoes-a3,rfc-nosuite,0.2173913043478261,,0,0,0.5652173913043478,0.0,,0.0
volcanoes-a3,rfc-nosuite,0.4444444444444445,,0,0,,0.002178649237472767,0.002178649237472767,0.0
volcanoes-a3,rfc-nosuite,0.4274809151973585,,0,0,0.1450381696052829,0.5190839690366467,0.5190839690366467,0.0
volcanoes-a3,rfc-nosuite,0.4002659573289735,,0,0,,0.029255319562470117,0.029255319562470117,0.0
volcanoes-a3,rfc-nosuite,0.22574646156055667,0.23762785282563842,0,0,0.23762785282563842,0.22574646156055667,0.22574646156055667,0.0
volcanoes-a3,rfc-nosuite,0.38616462373120275,,0,0,0.2959719796154262,0.2959719796154262,0.2959719796154262,0.0
volcanoes-a3,rfc-nosuite,0.2953488370053079,,0,0,0.40930232598938415,0.11162790667453025,0.11162790667453025,0.0
volcanoes-a3,rfc-nosuite,0.3365721570268928,0.3365721570268928,0,0,0.4646384205783101,0.4646384205783101,,0.0
volcanoes-a3,rfc-nosuite,0.34938892864917037,0.34938892864917037,0,0,,0.4708842551288612,0.34938892864917037,0.0
volcanoes-a3,rfc-nosuite,0.40481717946828666,,0,0,0.5101567035213849,0.2994776554151885,0.2994776554151885,0.0
volcanoes-a3,rfc-nosuite,0.4398507765333171,0.5703188868458623,0,0,0.5703188868458623,0.5703188868458623,,0.0
volcanoes-a3,rfc-nosuite,0.2829071973138189,,0,0,0.10606060681876887,0.10606060681876887,0.10606060681876887,0.0
volcanoes-a3,rfc-nosuite,0.4184636118018594,,0,0,,0.013477089008161493,0.013477089008161493,0.0
volcanoes-a3,rfc-nosuite,0.3775279883441413,0.3333333333333333,0,0,0.3333333333333333,0.3333333333333333,0.3333333333333333,0.0
volcanoes-a3,rfc-nosuite,0.14642857189898434,,0,0,,0.07142857183246133,0.07142857183246133,0.0
volcanoes-a3,rfc-nosuite,0.1857142861419339,,0,0,1.9956912626501134e-09,0.3142857148559118,1.9956912626501134e-09,0.0
volcanoes-a3,rfc-nosuite,0.3244058849766993,,0,0,0.16823840210379556,0.2597133160751985,0.16823840210379556,0.0
volcanoes-a3,rfc-nosuite,0.16992187504583,,0,0,,0.08593750006394885,0.08593750006394885,0.0
volcanoes-a3,rfc-nosuite,0.3942629484478922,,0,0,,0.2895617530358106,,0.0
volcanoes-a3,rfc-nosuite,0.4289693592526202,,0,0,0.2116991644201953,0.4289693592526202,,0.0
volcanoes-a3,rfc-nosuite,0.34200000010170045,,0,0,,0.0019999999536201344,,0.0
volcanoes-a3,rfc-nosuite,0.34646739108591434,,0,0,,0.14130434783227633,0.14130434783227633,0.0
yeast,rfc-nosuite,0.1841273786147664,0.24354455771289898,0,0,0.1887869700492999,,0.1841273786147664,0.0
yeast,rfc-nosuite,0.16666666666666666,0.16683837671290455,0,0,0.16436830919858686,,0.19813337009129148,0.0
yeast,rfc-nosuite,0.16666666666666663,0.18923216688682756,0,0,0.23219235249385053,,0.23221195293352787,0.0
yeast,rfc-nosuite,0.25113701984908704,0.2554813297187017,0,0,0.2624704579961961,,0.25113701984908704,0.0
yeast,rfc-nosuite,0.16666666666666663,0.3071753675818229,0,0,0.18111111112753514,,0.23346395684554877,0.0
yeast,rfc-nosuite,0.16666666666666666,0.1479189294281899,0,0,0.15058470675809515,,0.16666666666666666,0.0
yeast,rfc-nosuite,0.16666666666666666,0.28309008908548755,0,0,0.207015735811407,,0.21106837195723416,0.0
yeast,rfc-nosuite,0.17804793518491144,0.13631156171115633,0,0,0.16666666666666666,,0.16666666666666666,0.0
yeast,rfc-nosuite,0.07239577004270212,0.18091189362847396,0,0,0.16666666666666666,,0.18091189362847396,0.0
yeast,rfc-nosuite,0.1369388686939062,0.22220855115800162,0,0,0.16521757737136872,,0.1491838622186598,0.0
yeast,rfc-nosuite,0.16666666666666666,0.30497506404985,0,0,0.20970099250461505,,0.21219834313972888,0.0
yeast,rfc-nosuite,0.16666666666666666,0.21013736478423606,0,0,0.19681649661285738,,0.18280499535248348,0.0
yeast,rfc-nosuite,0.1666666666666667,0.12603013744177907,0,0,0.1691192664146442,,0.17120753293701052,0.0
yeast,rfc-nosuite,0.1478697841417415,0.1906572316923928,0,0,0.16351721797382812,,0.1666666666666667,0.0
yeast,rfc-nosuite,0.2824964052210846,0.3496028780334618,0,0,0.2824964052210846,,0.2824964052210846,0.0
yeast,rfc-nosuite,0.1915312012013805,0.3042198941096078,0,0,0.1915312012013805,,0.19531258094300089,0.0
yeast,rfc-nosuite,0.17266280138515416,0.17686093069258263,0,0,0.16244662342541732,,0.1938242387546759,0.0
yeast,rfc-nosuite,0.1837268572393566,0.19633274360833475,0,0,0.21978940992169957,,0.22965857154919575,0.0
yeast,rfc-nosuite,0.2202787250956461,0.26242614438676787,0,0,0.26242614438676787,,0.26242614438676787,0.0
yeast,rfc-nosuite,0.1274964702819832,0.15959275769273587,0,0,0.18887212436415463,,0.1697281358597803,0.0
yeast,rfc-nosuite,0.16666666666666666,0.24302676659458589,0,0,0.2293917647707824,,0.3008858895415992,0.0
yeast,rfc-nosuite,0.16666666666666666,0.19007832033307007,0,0,0.18089084876433853,,0.20184824338760374,0.0
yeast,rfc-nosuite,0.16666666666666666,0.23590113405281066,0,0,0.20702364672512108,,0.19466755459759247,0.0
yeast,rfc-nosuite,0.14289607078834482,0.16666666666666666,0,0,0.16652105834172853,,0.16302832515985616,0.0
yeast,rfc-nosuite,0.16111828931773758,0.25578593421203977,0,0,0.22363343329473262,,0.201397861647172,0.0
yeast,rfc-nosuite,0.1742261025757798,0.1590653329361569,0,0,0.1811070064241764,,0.1588429874476019,0.0
yeast,rfc-nosuite,0.1671294324819388,0.15159000077535356,0,0,0.15414256813834404,,0.15414256813834404,0.0
yeast,rfc-nosuite,0.17378184953299997,0.18025139728275988,0,0,0.20409370802666635,,0.18025139728275988,0.0
yeast,rfc-nosuite,0.17819692122773836,0.20340836435722212,0,0,0.17819692122773836,,0.16666666666666666,0.0
yeast,rfc-nosuite,0.12677947636857237,0.15213537164228685,0,0,0.18624547547499257,,0.16611425210356306,0.0
yeast,rfc-nosuite,0.13780336518068573,0.11994068374123948,0,0,0.14588470181303254,,0.17489648773653133,0.0
yeast,rfc-nosuite,0.19328113067045768,0.2866857608860151,0,0,0.21238843479239047,,0.17569540405134454,0.0
yeast,rfc-nosuite,0.1023806037889527,0.18888719839053644,0,0,0.15408509982917587,,0.18888719839053644,0.0
yeast,rfc-nosuite,0.16666666666666666,0.19991856008142558,0,0,0.16666666666666666,,0.16666666666666666,0.0
yeast,rfc-nosuite,0.15952530505261658,0.12707919205649662,0,0,0.12707919205649662,,0.12707919205649662,0.0
yeast,rfc-nosuite,0.16666666666666666,0.172431044392083,0,0,0.19914796149562636,,0.172431044392083,0.0
yeast,rfc-nosuite,0.17448794398047382,0.2522338716772598,0,0,0.19328372491881976,,0.16666666666666666,0.0
yeast,rfc-nosuite,0.2225949443017974,0.23470539688289044,0,0,0.2225949443017974,,0.27890259439218906,0.0
yeast,rfc-nosuite,0.18219534557081749,0.21946487251984395,0,0,0.1714779894735489,,0.1714779894735489,0.0
yeast,rfc-nosuite,0.1650134539420439,0.17361673799988242,0,0,0.18243270711093026,,0.17444369382905234,0.0
yeast,rfc-nosuite,0.16666666666666666,0.1494710680644157,0,0,0.24257322706290718,,0.24257322706290718,0.0
yeast,rfc-nosuite,0.1297833773108606,0.18824526379431328,0,0,0.19246804989402266,,0.19246804989402266,0.0
yeast,rfc-nosuite,0.12199082516386045,0.175250551990859,0,0,0.2277587270293734,,0.17646029336557792,0.0
yeast,rfc-nosuite,0.16666666666666666,0.34986445722224413,0,0,0.22029125422703488,,0.15328616731295802,0.0
yeast,rfc-nosuite,0.1757281111834487,0.21870060099237815,0,0,0.1885139821932163,,0.24215975017784655,0.0
yeast,rfc-nosuite,0.1666666666666667,0.2371194117142654,0,0,0.18835397058835787,,0.18835397058835787,0.0
yeast,rfc-nosuite,0.16999805300132698,0.17285915437515093,0,0,0.1889497370857558,,0.1853245736017248,0.0
yeast,rfc-nosuite,0.14431106704534882,0.16290996563904295,0,0,0.17662769712480084,,0.17662769712480084,0.0
yeast,rfc-nosuite,0.16666666666666666,0.2136191930567387,0,0,0.23174089469219664,,0.17365564694539812,0.0
yeast,rfc-nosuite,0.16666666666666666,0.18845987577804924,0,0,0.21088572608813105,,0.17702795906935176,0.0
rmftsa,rfc-nosuite,0.5,0.7758198948005295,0,0,0.7758198948005295,0.5,0.7758198948005295,0.0
rmftsa,rfc-nosuite,0.5,0.5,0,0,0.5,0.5,0.5,0.0
rmftsa,rfc-nosuite,0.5,0.4526699115258531,0,0,0.5,0.5,0.5,0.0
rmftsa,rfc-nosuite,0.49999999999999994,0.8663563761193898,0,0,0.8663563761193898,0.49999999999999994,0.49999999999999994,0.0
rmftsa,rfc-nosuite,0.5,0.5068790136567487,0,0,0.5068790136567487,0.4931209863432513,0.5068790136567487,0.0
rmftsa,rfc-nosuite,0.5,0.5,0,0,0.5,0.5,0.5,0.0
rmftsa,rfc-nosuite,0.5,0.5,0,0,0.5,0.4520486971353319,0.5,0.0
rmftsa,rfc-nosuite,0.49999999999999994,0.9101395568787315,0,0,0.49999999999999994,0.08986044312126844,0.49999999999999994,0.0
rmftsa,rfc-nosuite,0.5,0.5,0,0,0.6651111057691421,0.5,0.5,0.0
rmftsa,rfc-nosuite,0.5,0.8863095991468205,0,0,0.8863095991468205,0.1136904008531795,0.8863095991468205,0.0
rmftsa,rfc-nosuite,0.49999999999999994,0.8582793266539718,0,0,0.8582793266539718,0.49999999999999994,0.49999999999999994,0.0
rmftsa,rfc-nosuite,0.5,0.5722533153641921,0,0,0.5722533153641921,0.5,0.5722533153641921,0.0
rmftsa,rfc-nosuite,0.500012226956289,0.5,0,0,0.5,0.500012226956289,0.5,0.0
rmftsa,rfc-nosuite,0.49999999999999994,0.49999999999999994,0,0,0.49999999999999994,0.49999999999999994,0.510003270950902,0.0
rmftsa,rfc-nosuite,0.5,0.8738549674157187,0,0,0.8738549674157187,0.5,0.12614503258428145,0.0
rmftsa,rfc-nosuite,0.6831380755287505,0.5,0,0,0.5,0.5,0.6831380755287505,0.0
rmftsa,rfc-nosuite,0.5,0.5,0,0,0.5,0.5,0.5019950232808401,0.0
rmftsa,rfc-nosuite,0.5,0.8863095991468205,0,0,0.8863095991468205,0.1136904008531795,0.5,0.0
rmftsa,rfc-nosuite,0.5,0.5,0,0,0.5,0.5,0.5,0.0
rmftsa,rfc-nosuite,0.5,0.4738304619093737,0,0,0.4738304619093737,0.5,0.5,0.0
rmftsa,rfc-nosuite,0.5,0.7947873420343822,0,0,0.7947873420343822,0.5,0.20521265796561783,0.0
rmftsa,rfc-nosuite,0.5,0.5,0,0,0.47620541538124933,0.5237945846187507,0.5,0.0
rmftsa,rfc-nosuite,0.5,0.5,0,0,0.5,0.4288701130755616,0.5711298869244383,0.0
rmftsa,rfc-nosuite,0.5,0.518673190568725,0,0,0.518673190568725,0.5,0.518673190568725,0.0
rmftsa,rfc-nosuite,0.5,0.8260705437326745,0,0,0.8260705437326745,0.8260705437326745,0.8260705437326745,0.0
rmftsa,rfc-nosuite,0.49999999999999994,0.49999999999999994,0,0,0.5382865747427525,0.49999999999999994,0.46171342525724735,0.0
rmftsa,rfc-nosuite,0.5,0.37666861006952357,0,0,0.5,0.5,0.5,0.0
rmftsa,rfc-nosuite,0.5,0.5,0,0,0.5,0.5,0.1941891930546649,0.0
rmftsa,rfc-nosuite,0.5,0.4755632924164824,0,0,0.5,0.4755632924164824,0.4755632924164824,0.0
rmftsa,rfc-nosuite,0.5,0.5324946832631087,0,0,0.5,0.5324946832631087,0.5324946832631087,0.0
rmftsa,rfc-nosuite,0.5,0.5,0,0,0.1300861176925215,0.5,0.5,0.0
rmftsa,rfc-nosuite,0.3820607177895183,0.5,0,0,0.5,0.3820607177895183,0.3820607177895183,0.0
rmftsa,rfc-nosuite,0.49999999999999994,0.49999999999999994,0,0,0.49999999999999994,0.49999999999999994,0.510003270950902,0.0
rmftsa,rfc-nosuite,0.5,0.5,0,0,0.5,0.7909770329084322,0.5,0.0
rmftsa,rfc-nosuite,0.5,0.578524572363208,0,0,0.578524572363208,0.5,0.5,0.0
rmftsa,rfc-nosuite,0.5,0.5,0,0,0.5,0.5,0.5,0.0
rmftsa,rfc-nosuite,0.5,0.8038691610756028,0,0,0.5,0.5,0.5,0.0
rmftsa,rfc-nosuite,0.5,0.7608148775982975,0,0,0.5,0.5,0.5,0.0
rmftsa,rfc-nosuite,0.5,0.5,0,0,0.2558755848496689,0.2558755848496689,0.2558755848496689,0.0
rmftsa,rfc-nosuite,0.7203958364848148,0.2796041635151853,0,0,0.7203958364848148,0.2796041635151853,0.5,0.0
rmftsa,rfc-nosuite,0.5,0.6684856158886234,0,0,0.5,0.6684856158886234,0.5,0.0
rmftsa,rfc-nosuite,0.49999999999999994,0.49999999999999994,0,0,0.49999999999999994,0.5097221984993602,0.5097221984993602,0.0
rmftsa,rfc-nosuite,0.5,0.7070590895601369,0,0,0.5,0.2929409104398631,0.5,0.0
rmftsa,rfc-nosuite,0.5,0.8053165657527416,0,0,0.8053165657527416,0.5,0.8053165657527416,0.0
rmftsa,rfc-nosuite,0.5,0.8031824667312765,0,0,0.5,0.5,0.19681753326872353,0.0
rmftsa,rfc-nosuite,0.5,0.8863095991468205,0,0,0.8863095991468205,0.8863095991468205,0.8863095991468205,0.0
rmftsa,rfc-nosuite,0.5,0.7070590895601369,0,0,0.5,0.2929409104398631,0.5,0.0
rmftsa,rfc-nosuite,0.49999999999999994,0.49999999999999994,0,0,0.49999999999999994,0.49999999999999994,0.49999999999999994,0.0
rmftsa,rfc-nosuite,0.5,0.5,0,0,0.5,0.5,0.5,0.0
rmftsa,rfc-nosuite,0.5,0.5010150579399376,0,0,0.5010150579399376,0.5,0.5010150579399376,0.0
banknote-authentication,rfc-nosuite,0.32668711737414097,,0,0,0.32668711737414097,0.6211656415458728,0.32668711737414097,0.0
banknote-authentication,rfc-nosuite,0.10606060593690618,,0,0,0.5324675325499991,0.5324675325499991,0.10606060593690618,0.0
banknote-authentication,rfc-nosuite,0.2587567829627507,,0,0,0.2587567829627507,0.0037000486861221856,0.2587567829627507,0.0
banknote-authentication,rfc-nosuite,0.28022496933952984,0.5426326610702672,0,0,0.28022496933952984,0.3848531676077497,0.28022496933952984,0.0
banknote-authentication,rfc-nosuite,0.28098290556541505,0.7182400909351425,0,0,0.4137529128340306,0.28098290556541505,0.4137529128340306,0.0
banknote-authentication,rfc-nosuite,0.47075817888902016,0.47075817888902016,0,0,0.47075817888902016,0.47075817888902016,0.47075817888902016,0.0
banknote-authentication,rfc-nosuite,0.3043081408604955,0.628696602764787,0,0,0.3043081408604955,0.425794085358727,0.3043081408604955,0.0
banknote-authentication,rfc-nosuite,0.30606060566036813,,0,0,0.2545454549649345,0.3530303028725169,0.30606060566036813,0.0
banknote-authentication,rfc-nosuite,0.325606060669478,0.7213636368157654,0,0,0.4484090909985021,0.37227272740366557,0.325606060669478,0.0
banknote-authentication,rfc-nosuite,0.06638588258441402,,0,0,0.06638588258441402,0.25972723551748406,0.2695547551519889,0.0
banknote-authentication,rfc-nosuite,0.32703781562871254,0.5611822407785333,0,0,0.4387062873926183,0.32703781562871254,0.4387062873926183,0.0
banknote-authentication,rfc-nosuite,0.6962209319978828,,0,0,0.37572674486669183,0.314922480754833,0.43968023282973356,0.0
banknote-authentication,rfc-nosuite,0.16716269569758513,,0,0,0.22315917065548954,0.254960316081089,0.16716269569758513,0.0
banknote-authentication,rfc-nosuite,0.2171052631333109,,0,0,0.2171052631333109,0.33725761565802354,0.297783933049343,0.0
banknote-authentication,rfc-nosuite,0.3326797384733217,,0,0,0.496732025730377,0.3326797384733217,0.496732025730377,0.0
banknote-authentication,rfc-nosuite,0.30253623185076656,0.6035079045927325,0,0,0.3787055333651412,0.34794960452021634,0.3787055333651412,0.0
banknote-authentication,rfc-nosuite,0.2598382010367225,0.5008227063473695,0,0,0.32723159180147565,0.31293706292729284,0.32723159180147565,0.0
banknote-authentication,rfc-nosuite,0.32938995095573936,0.7440457532340836,0,0,0.32938995095573936,0.32938995095573936,0.32938995095573936,0.0
banknote-authentication,rfc-nosuite,0.3154093091118899,,0,0,0.25321027089367604,0.25321027089367604,0.3154093091118899,0.0
banknote-authentication,rfc-nosuite,0.2588201278649322,,0,0,0.22353961640520337,0.2345286306385334,0.2345286306385334,0.0
banknote-authentication,rfc-nosuite,0.42814171106467924,0.4568850268845819,0,0,0.42814171106467924,0.28676470576294344,0.42814171106467924,0.0
banknote-authentication,rfc-nosuite,0.3192398913917275,0.3896243587124763,0,0,0.3192398913917275,0.4071653149567496,0.3192398913917275,0.0
banknote-authentication,rfc-nosuite,0.24976258221468228,,0,0,0.25071225335595326,0.29914529718675953,0.27492877586835807,0.0
banknote-authentication,rfc-nosuite,0.31284916332352974,,0,0,0.31284916332352974,0.39106145265857284,0.31036623244420386,0.0
banknote-authentication,rfc-nosuite,0.3219961568147866,0.39725330534814257,0,0,0.45430654411207627,0.3219961568147866,0.45430654411207627,0.0
banknote-authentication,rfc-nosuite,0.45737547947800267,,0,0,0.01580459773090116,0.4556992340390739,0.2365900386044519,0.0
banknote-authentication,rfc-nosuite,0.3167877322066253,,0,0,0.4636803873973253,0.3167877322066253,0.4636803873973253,0.0
banknote-authentication,rfc-nosuite,0.06446991451265373,,0,0,0.2757879655248642,0.2757879655248642,0.2757879655248642,0.0
banknote-authentication,rfc-nosuite,0.48318458531852726,0.9588628167447223,0,0,0.9588628167447223,0.48318458531852726,0.9588628167447223,0.0
banknote-authentication,rfc-nosuite,0.25469992798324737,,0,0,0.2827187275585544,0.2827187275585544,0.2827187275585544,0.0
banknote-authentication,rfc-nosuite,0.3186511790815902,,0,0,0.3186511790815902,0.23910938734009818,0.3814133595185211,0.0
banknote-authentication,rfc-nosuite,0.24630242931936053,,0,0,0.29370861099604095,0.49453642479133453,0.29370861099604095,0.0
banknote-authentication,rfc-nosuite,0.33148122976653355,0.1042445456716883,0,0,0.3395126758246648,0.44509957181395615,0.6734690409489302,0.0
banknote-authentication,rfc-nosuite,0.0,,0,0,0.2648026314134243,0.0,0.2648026314134243,0.0
banknote-authentication,rfc-nosuite,0.2601366239929832,0.5922212417554307,0,0,0.25,0.5922212417554307,0.2601366239929832,0.0
banknote-authentication,rfc-nosuite,0.0,,0,0,0.26027397252245704,0.26027397252245704,0.0,0.0
banknote-authentication,rfc-nosuite,0.2666666675697673,,0,0,0.3242424245563928,0.3242424245563928,0.3242424245563928,0.0
banknote-authentication,rfc-nosuite,0.5376266304314226,,0,0,0.5376266304314226,0.3039073819253474,0.3039073819253474,0.0
banknote-authentication,rfc-nosuite,0.2143179769979058,,0,0,0.3079268292040888,0.4254742541046447,0.3079268292040888,0.0
banknote-authentication,rfc-nosuite,0.0,,0,0,0.0032467531642866657,0.15584415596785572,0.0032467531642866657,0.0
banknote-authentication,rfc-nosuite,0.03846154037309187,,0,0,0.37500000032054925,0.07342657432833818,0.07342657432833818,0.0
banknote-authentication,rfc-nosuite,0.41610367252380226,0.41610367252380226,0,0,0.41610367252380226,0.41610367252380226,0.41610367252380226,0.0
banknote-authentication,rfc-nosuite,0.1247954739218576,0.35935369408330636,0,0,0.4200299967883633,0.32161848916619473,0.4200299967883633,0.0
banknote-authentication,rfc-nosuite,0.32152985364212006,0.4245420403560566,0,0,0.4245420403560566,0.4245420403560566,0.77182494078708,0.0
banknote-authentication,rfc-nosuite,0.28597883595831636,,0,0,0.37208994648054966,0.28597883595831636,0.28597883595831636,0.0
banknote-authentication,rfc-nosuite,0.3297424467456542,0.8889301634808703,0,0,0.8889301634808703,0.3297424467456542,0.3297424467456542,0.0
banknote-authentication,rfc-nosuite,0.0,,0,0,0.2800000012945384,0.2800000012945384,0.2800000012945384,0.0
banknote-authentication,rfc-nosuite,0.32324921427542846,0.3397689261113579,0,0,0.32324921427542846,0.4876862257260444,0.32324921427542846,0.0
banknote-authentication,rfc-nosuite,0.0031659883833420385,,0,0,0.0031659883833420385,0.2375621888178281,0.0031659883833420385,0.0
banknote-authentication,rfc-nosuite,0.32817517924395045,0.4440081826535619,0,0,0.31146891924270015,0.30116360919175744,0.5264286660606727,0.0
volcanoes-a2,rfc-nosuite,0.2561869837333112,0.36571952308755973,0,0,0.37809349317912905,0.31714023845622014,0.31714023845622014,0.0
volcanoes-a2,rfc-nosuite,0.2775416789975736,0.3725073550238681,0,0,0.25498528995226377,0.36122916050121323,,0.0
volcanoes-a2,rfc-nosuite,0.16666666666666666,,0,0,,0.3333333333333333,0.0,0.0
volcanoes-a2,rfc-nosuite,0.45008183307003635,,0,0,0.875613747758527,0.024549918381545705,,0.0
volcanoes-a2,rfc-nosuite,0.4610110798305902,0.4610110798305902,0,0,0.14480609424132315,0.4610110798305902,,0.0
volcanoes-a2,rfc-nosuite,0.2698412698412698,,0,0,,0.0,,0.0
volcanoes-a2,rfc-nosuite,0.41413474219198887,,0,0,0.7661822977869358,0.062087186597041905,0.062087186597041905,0.0
volcanoes-a2,rfc-nosuite,0.24901185776520923,,0,0,0.24901185776520923,0.14723320164595646,,0.0
volcanoes-a2,rfc-nosuite,0.4627236584999994,,0,0,0.07455268300000108,0.4627236584999994,0.8011928422320076,0.0
volcanoes-a2,rfc-nosuite,0.3690296632351487,,0,0,0.577174459630335,0.577174459630335,,0.0
volcanoes-a2,rfc-nosuite,0.3052747006782329,0.40396624763968647,0,0,0.38945059864353404,0.3052747006782329,0.38945059864353404,0.0
volcanoes-a2,rfc-nosuite,0.35370950872134216,,0,0,0.1828631139979642,0.5245559034447201,,0.0
volcanoes-a2,rfc-nosuite,0.26375938373098806,0.43566202824020367,0,0,0.43566202824020367,0.3988428239423835,0.43566202824020367,0.0
volcanoes-a2,rfc-nosuite,0.3419354842009179,0.3419354842009179,0,0,0.3419354842009179,0.3012288789814388,0.3419354842009179,0.0
volcanoes-a2,rfc-nosuite,0.36926605504587157,,0,0,0.26146788990825687,0.001965923984272608,,0.0
volcanoes-a2,rfc-nosuite,0.3445229684948452,,0,0,0.23674911588912667,0.4522968211005637,0.4522968211005637,0.0
volcanoes-a2,rfc-nosuite,0.4276629566618669,,0,0,0.4141494436630758,0.4276629566618669,0.17170111267384838,0.0
volcanoes-a2,rfc-nosuite,0.4520298007582357,,0,0,0.23399726321973027,0.23399726321973027,0.23399726321973027,0.0
volcanoes-a2,rfc-nosuite,0.4159388646708887,,0,0,0.4126637544571052,0.4126637544571052,0.4126637544571052,0.0
volcanoes-a2,rfc-nosuite,0.3758278144483397,,0,0,,0.5380794697987069,,0.0
volcanoes-a2,rfc-nosuite,0.47594501674184353,,0,0,0.04810996651631293,0.17182130582451086,0.17182130582451086,0.0
volcanoes-a2,rfc-nosuite,0.24686595948963316,,0,0,,0.04982320852572502,0.04982320852572502,0.0
volcanoes-a2,rfc-nosuite,0.4070588235294118,,0,0,0.0023529411764705885,0.0023529411764705885,,0.0
volcanoes-a2,rfc-nosuite,0.36986715006140247,0.5301932372751272,0,0,0.2095410628476777,0.3333333333333333,,0.0
volcanoes-a2,rfc-nosuite,0.3329129895136882,,0,0,0.33417402097262355,0.2761664587821858,0.2761664587821858,0.0
volcanoes-a2,rfc-nosuite,0.1607142865606726,,0,0,,0.09523809666358898,0.09523809666358898,0.0
volcanoes-a2,rfc-nosuite,0.36718749999999994,,0,0,0.22656249999999997,0.22656249999999997,,0.0
volcanoes-a2,rfc-nosuite,0.3903628560801682,,0,0,,0.07023019899002975,0.07023019899002975,0.0
volcanoes-a2,rfc-nosuite,0.3421750663129974,,0,0,0.002652519893899204,0.002652519893899204,,0.0
volcanoes-a2,rfc-nosuite,0.3034188038168045,,0,0,0.34188034377084714,0.34188034377084714,0.34188034377084714,0.0
volcanoes-a2,rfc-nosuite,0.07758620707304344,,0,0,,0.025862069526138006,0.025862069526138006,0.0
volcanoes-a2,rfc-nosuite,0.22727272727272727,,0,0,0.5454545454545455,0.22727272727272727,0.0,0.0
volcanoes-a2,rfc-nosuite,0.26503436385705587,,0,0,,0.4576890024289675,,0.0
volcanoes-a2,rfc-nosuite,0.15500000000000003,,0,0,0.0,0.0,0.0,0.0
volcanoes-a2,rfc-nosuite,0.32766705760031134,,0,0,0.3446658847993774,0.4331770224572266,0.4331770224572266,0.0
volcanoes-a2,rfc-nosuite,0.28308823544517553,,0,0,0.30882352756885767,0.3455882362155711,,0.0
volcanoes-a2,rfc-nosuite,0.4648711946635193,,0,0,,0.159250585537047,0.159250585537047,0.0
volcanoes-a2,rfc-nosuite,0.39858310579689626,0.3333333333333333,0,0,0.3333333333333333,0.39858310579689626,0.3333333333333333,0.0
volcanoes-a2,rfc-nosuite,0.3137254901960784,,0,0,,0.0,0.0,0.0
volcanoes-a2,rfc-nosuite,0.2655607537894496,0.2655607537894496,0,0,0.2655607537894496,0.2655607537894496,0.2655607537894496,0.0
volcanoes-a2,rfc-nosuite,0.22142857142857145,,0,0,0.04285714285714285,0.04285714285714285,0.04285714285714285,0.0
volcanoes-a2,rfc-nosuite,0.25373563225660417,,0,0,0.014367816195541975,0.2534482758411668,,0.0
volcanoes-a2,rfc-nosuite,0.44351230485113746,,0,0,,0.34787471930727965,0.34787471930727965,0.0
volcanoes-a2,rfc-nosuite,0.35242641208167347,,0,0,0.19451074002655672,0.09387430421646051,0.09387430421646051,0.0
volcanoes-a2,rfc-nosuite,0.325,,0,0,,0.18750000000000003,0.024999999999999998,0.0
volcanoes-a2,rfc-nosuite,0.38916546731010404,0.3333333333333333,0,0,0.07574584178453428,0.38916546731010404,0.4621270791077329,
volcanoes-a2,rfc-nosuite,0.24074074074074076,,0,0,0.24074074074074076,0.11111111111111109,,0.0
volcanoes-a2,rfc-nosuite,0.17870370227864402,0.17870370227864402,0,0,,0.31682098744685305,,0.0
volcanoes-a2,rfc-nosuite,0.21948717959177416,,0,0,0.37641025675986056,0.21948717959177416,0.37641025675986056,0.0
volcanoes-a2,rfc-nosuite,0.3796106550417985,,0,0,,0.3980532787873322,0.3796106550417985,0.0
volcanoes-a3,rfc-nosuite,0.6148836853013284,0.3745388842975419,0,0,0.6148836853013284,0.4329029583531223,0.4329029583531223,0.0
volcanoes-a3,rfc-nosuite,0.3786356426602397,,0,0,,0.3405605495744716,,0.0
volcanoes-a3,rfc-nosuite,0.7914828835965305,0.43813185526099985,0,0,0.45760958653726536,0.3333333333333333,0.3333333333333333,0.0
volcanoes-a3,rfc-nosuite,0.15222772246243738,,0,0,,0.09158415753082946,0.09158415753082946,0.0
volcanoes-a3,rfc-nosuite,0.13803680983566824,,0,0,0.7239263803286636,0.024539877589800578,,0.0
volcanoes-a3,rfc-nosuite,0.3064150939706876,,0,0,,0.3166037736682174,,0.0
volcanoes-a3,rfc-nosuite,0.30803571428849846,,0,0,0.3839285714230031,0.3203124992058162,,0.0
volcanoes-a3,rfc-nosuite,0.4189189188244336,,0,0,,0.1541541543242977,0.14614614629746261,0.0
volcanoes-a3,rfc-nosuite,0.31420397174304415,,0,0,,0.39414338498961515,0.39414338498961515,0.0
volcanoes-a3,rfc-nosuite,0.33268765150584145,,0,0,,0.4213075067340331,,0.0
volcanoes-a3,rfc-nosuite,0.19262295162567852,,0,0,0.053278689049022276,0.053278689049022276,0.053278689049022276,0.0
volcanoes-a3,rfc-nosuite,0.3971840207355105,0.5361820553845073,0,0,0.5361820553845073,0.5361820553845073,0.5361820553845073,0.0
volcanoes-a3,rfc-nosuite,0.33001371622752695,,0,0,,0.33001371622752695,0.43365734297777403,0.0
volcanoes-a3,rfc-nosuite,0.6445058663779517,0.40304044197884176,0,0,0.40304044197884176,0.3333333333333333,0.40304044197884176,
volcanoes-a3,rfc-nosuite,0.29823316966412183,0.435517152873902,0,0,0.435517152873902,0.435517152873902,,0.0
volcanoes-a3,rfc-nosuite,0.35631370341539526,,0,0,0.2120611554096973,0.2120611554096973,0.2120611554096973,0.0
volcanoes-a3,rfc-nosuite,0.39688888880682216,0.4888888887288394,0,0,0.4888888887288394,0.4888888887288394,0.4888888887288394,0.0
volcanoes-a3,rfc-nosuite,0.2820512820130127,,0,0,,0.07692307653272969,0.07692307653272969,0.0
volcanoes-a3,rfc-nosuite,0.18683173893803223,,0,0,,0.07315700560283181,0.07315700560283181,0.0
volcanoes-a3,rfc-nosuite,0.47891601433225794,0.7298212824232847,0,0,,0.3859946268793844,0.7298212824232847,0.0
volcanoes-a3,rfc-nosuite,0.14414414463027095,,0,0,,0.11711711714829727,,0.0
volcanoes-a3,rfc-nosuite,0.32284382269552125,0.4428904425139756,0,0,0.4428904425139756,0.4428904425139756,0.4428904425139756,0.0
volcanoes-a3,rfc-nosuite,0.25525087525825896,,0,0,0.32847141159905296,0.32847141159905296,0.32847141159905296,0.0
volcanoes-a3,rfc-nosuite,0.21441009863314325,0.21441009863314325,0,0,0.21441009863314325,0.21038310645724403,0.3968219428593276,0.0
volcanoes-a3,rfc-nosuite,0.41406663180042713,,0,0,,0.12295081938737777,,0.0
volcanoes-a3,rfc-nosuite,0.4144645338027463,,0,0,,0.24408901269473499,0.24408901269473499,0.0
volcanoes-a3,rfc-nosuite,0.37638015972457883,0.43073721707266427,0,0,0.43073721707266427,0.43073721707266427,,0.0
volcanoes-a3,rfc-nosuite,0.2937559129424866,,0,0,,0.010406811751508652,0.010406811751508652,0.0
volcanoes-a3,rfc-nosuite,0.2173913043478261,,0,0,0.5652173913043478,0.0,,0.0
volcanoes-a3,rfc-nosuite,0.4444444444444445,,0,0,,0.002178649237472767,0.002178649237472767,0.0
volcanoes-a3,rfc-nosuite,0.4274809151973585,,0,0,0.1450381696052829,0.5190839690366467,0.5190839690366467,0.0
volcanoes-a3,rfc-nosuite,0.4002659573289735,,0,0,,0.029255319562470117,0.029255319562470117,0.0
volcanoes-a3,rfc-nosuite,0.22574646156055667,0.23762785282563842,0,0,0.23762785282563842,0.22574646156055667,0.22574646156055667,0.0
volcanoes-a3,rfc-nosuite,0.38616462373120275,,0,0,0.2959719796154262,0.2959719796154262,0.2959719796154262,0.0
volcanoes-a3,rfc-nosuite,0.2953488370053079,,0,0,0.40930232598938415,0.11162790667453025,0.11162790667453025,0.0
volcanoes-a3,rfc-nosuite,0.3365721570268928,0.3365721570268928,0,0,0.4646384205783101,0.4646384205783101,,0.0
volcanoes-a3,rfc-nosuite,0.34938892864917037,0.34938892864917037,0,0,,0.4708842551288612,0.34938892864917037,0.0
volcanoes-a3,rfc-nosuite,0.40481717946828666,,0,0,0.5101567035213849,0.2994776554151885,0.2994776554151885,0.0
volcanoes-a3,rfc-nosuite,0.4398507765333171,0.5703188868458623,0,0,0.5703188868458623,0.5703188868458623,,0.0
volcanoes-a3,rfc-nosuite,0.2829071973138189,,0,0,0.10606060681876887,0.10606060681876887,0.10606060681876887,0.0
volcanoes-a3,rfc-nosuite,0.4184636118018594,,0,0,,0.013477089008161493,0.013477089008161493,0.0
volcanoes-a3,rfc-nosuite,0.3775279883441413,0.3333333333333333,0,0,0.3333333333333333,0.3333333333333333,0.3333333333333333,0.0
volcanoes-a3,rfc-nosuite,0.14642857189898434,,0,0,,0.07142857183246133,0.07142857183246133,0.0
volcanoes-a3,rfc-nosuite,0.1857142861419339,,0,0,1.9956912626501134e-09,0.3142857148559118,1.9956912626501134e-09,0.0
volcanoes-a3,rfc-nosuite,0.3244058849766993,,0,0,0.16823840210379556,0.2597133160751985,0.16823840210379556,0.0
volcanoes-a3,rfc-nosuite,0.16992187504583,,0,0,,0.08593750006394885,0.08593750006394885,0.0
volcanoes-a3,rfc-nosuite,0.3942629484478922,,0,0,,0.2895617530358106,,0.0
volcanoes-a3,rfc-nosuite,0.4289693592526202,,0,0,0.2116991644201953,0.4289693592526202,,0.0
volcanoes-a3,rfc-nosuite,0.34200000010170045,,0,0,,0.0019999999536201344,,0.0
volcanoes-a3,rfc-nosuite,0.34646739108591434,,0,0,,0.14130434783227633,0.14130434783227633,0.0
volcanoes-a4,rfc-nosuite,0.0,,0,0,,0.0,,0.0
volcanoes-a4,rfc-nosuite,0.15441176447551896,,0,0,0.15808823497878416,0.15441176447551896,,0.0
volcanoes-a4,rfc-nosuite,0.3719034708409845,0.3719034708409845,0,0,0.3719034708409845,0.3333333333333333,0.3333333333333333,0.0
volcanoes-a4,rfc-nosuite,0.5559980081410206,,0,0,,0.5559980081410206,0.5559980081410206,0.0
volcanoes-a4,rfc-nosuite,0.03278688512303286,,0,0,,0.03278688512303286,,0.0
volcanoes-a4,rfc-nosuite,0.35867925852967536,0.43559681124987826,0,0,0.43559681124987826,0.35867925852967536,0.2826414829406493,
volcanoes-a4,rfc-nosuite,0.2267587938134201,,0,0,,0.2267587938134201,0.2267587938134201,0.0
volcanoes-a4,rfc-nosuite,0.40846893522497624,0.6279585791364609,0,0,0.6279585791364609,0.4055103543432542,0.6279585791364609,0.0
volcanoes-a4,rfc-nosuite,0.727045074344615,,0,0,,0.727045074344615,0.727045074344615,0.0
volcanoes-a4,rfc-nosuite,0.5575589473256235,,0,0,,0.5575589473256235,0.5575589473256235,0.0
volcanoes-a4,rfc-nosuite,0.22775800600902926,,0,0,,0.22775800600902926,0.22775800600902926,0.0
volcanoes-a4,rfc-nosuite,0.021914648936932523,,0,0,0.3194925028399255,0.3194925028399255,0.021914648936932523,0.0
volcanoes-a4,rfc-nosuite,0.08489208621843038,,0,0,,,0.08489208621843038,0.0
volcanoes-a4,rfc-nosuite,0.06481481481481483,,0,0,,0.06481481481481483,0.06481481481481483,0.0
volcanoes-a4,rfc-nosuite,0.3073593073671614,,0,0,0.2943722942328866,0.3073593073671614,,0.0
volcanoes-a4,rfc-nosuite,0.341772151779353,,0,0,0.286919832224068,0.341772151779353,0.341772151779353,0.0
volcanoes-a4,rfc-nosuite,0.0,,0,0,,0.0,0.0,0.0
volcanoes-a4,rfc-nosuite,0.21176470588235294,,0,0,0.611764705882353,0.21176470588235294,0.21176470588235294,0.0
volcanoes-a4,rfc-nosuite,0.2307692319773643,,0,0,,0.2307692319773643,0.2307692319773643,0.0
volcanoes-a4,rfc-nosuite,0.09230769182384542,,0,0,,0.09230769182384542,0.09230769182384542,0.0
volcanoes-a4,rfc-nosuite,0.3099476437265504,,0,0,,0.3099476437265504,0.3099476437265504,0.0
volcanoes-a4,rfc-nosuite,0.3395924601415174,0.3395924601415174,0,0,0.3395924601415174,0.4125835829665459,0.4125835829665459,0.0
volcanoes-a4,rfc-nosuite,0.014285714285714287,,0,0,,0.014285714285714287,0.014285714285714287,0.0
volcanoes-a4,rfc-nosuite,0.0625000000779567,,0,0,,0.0625000000779567,,0.0
volcanoes-a4,rfc-nosuite,0.42073170707448687,0.5470811658572974,0,0,0.5470811658572974,0.42073170707448687,0.5470811658572974,
volcanoes-a4,rfc-nosuite,0.47970926739346226,,0,0,0.3640218047730885,0.47970926739346226,0.47970926739346226,0.0
volcanoes-a4,rfc-nosuite,0.36874999999999997,,0,0,,0.36874999999999997,0.36874999999999997,0.0
volcanoes-a4,rfc-nosuite,0.4511433755867875,0.5721597091276575,0,0,0.33493647897704126,0.3333333333333333,0.33493647897704126,0.0
volcanoes-a4,rfc-nosuite,0.41799339112775163,,0,0,0.36287173320155247,0.4731150490539508,0.4731150490539508,0.0
volcanoes-a4,rfc-nosuite,0.6994125323778893,,0,0,,0.6994125323778893,,0.0
volcanoes-a4,rfc-nosuite,0.4425629178239764,,0,0,0.6217558002314634,0.26337003541648946,,0.0
volcanoes-a4,rfc-nosuite,0.2275280900983594,,0,0,,0.2275280900983594,0.2275280900983594,0.0
volcanoes-a4,rfc-nosuite,0.4034927988367428,0.4034927988367428,0,0,0.182916734792318,0.4034927988367428,,0.0
volcanoes-a4,rfc-nosuite,0.28324501661400703,0.29245521045147693,0,0,0.4335099667719858,0.28324501661400703,,0.0
volcanoes-a4,rfc-nosuite,0.38374456603830515,0.38374456603830515,0,0,0.3333333333333333,0.38374456603830515,0.4088407291344973,0.0
volcanoes-a4,rfc-nosuite,0.42736897759612746,0.30111169953508715,0,0,,0.42736897759612746,,0.0
volcanoes-a4,rfc-nosuite,0.34107142878330987,,0,0,,0.34107142878330987,0.34107142878330987,0.0
volcanoes-a4,rfc-nosuite,0.3072916667320366,,0,0,,0.4088541666226131,,0.0
volcanoes-a4,rfc-nosuite,0.23199655246592454,,0,0,0.24342388974722265,0.23199655246592454,0.23199655246592454,0.0
volcanoes-a4,rfc-nosuite,0.453676170980175,0.453676170980175,0,0,0.3333333333333333,0.3333333333333333,0.3333333333333333,0.0
volcanoes-a4,rfc-nosuite,0.26780626720359657,,0,0,,0.26780626720359657,0.26780626720359657,0.0
volcanoes-a4,rfc-nosuite,0.3750113457675311,0.3016247607018683,0,0,0.3016247607018683,0.3750113457675311,0.3016247607018683,
volcanoes-a4,rfc-nosuite,0.4255517567297652,0.4255517567297652,0,0,,0.4255517567297652,0.4255517567297652,0.0
volcanoes-a4,rfc-nosuite,0.4769607836922227,,0,0,,0.4769607836922227,0.4769607836922227,0.0
volcanoes-a4,rfc-nosuite,0.8032326049405499,,0,0,,0.8032326049405499,0.8032326049405499,0.0
volcanoes-a4,rfc-nosuite,0.2762589931900748,,0,0,0.3285371693468951,0.2762589931900748,,0.0
volcanoes-a4,rfc-nosuite,0.6721166590438583,0.25320371142585363,0,0,,0.6721166590438583,0.6721166590438583,0.0
volcanoes-a4,rfc-nosuite,0.1616349283507398,0.12378077139946855,0,0,,0.1616349283507398,,0.0
volcanoes-a4,rfc-nosuite,0.31068147047577155,,0,0,,0.3035987746358366,0.3035987746358366,0.0
volcanoes-a4,rfc-nosuite,0.049180328040925626,,0,0,0.27595628411129075,0.049180328040925626,0.049180328040925626,0.0
yeast,rfc-nosuite,0.1841273786147664,0.24354455771289898,0,0,0.1887869700492999,,0.1841273786147664,0.0
yeast,rfc-nosuite,0.16666666666666666,0.16683837671290455,0,0,0.16436830919858686,,0.19813337009129148,0.0
yeast,rfc-nosuite,0.16666666666666663,0.18923216688682756,0,0,0.23219235249385053,,0.23221195293352787,0.0
yeast,rfc-nosuite,0.25113701984908704,0.2554813297187017,0,0,0.2624704579961961,,0.25113701984908704,0.0
yeast,rfc-nosuite,0.16666666666666663,0.3071753675818229,0,0,0.18111111112753514,,0.23346395684554877,0.0
yeast,rfc-nosuite,0.16666666666666666,0.1479189294281899,0,0,0.15058470675809515,,0.16666666666666666,0.0
yeast,rfc-nosuite,0.16666666666666666,0.28309008908548755,0,0,0.207015735811407,,0.21106837195723416,0.0
yeast,rfc-nosuite,0.17804793518491144,0.13631156171115633,0,0,0.16666666666666666,,0.16666666666666666,0.0
yeast,rfc-nosuite,0.07239577004270212,0.18091189362847396,0,0,0.16666666666666666,,0.18091189362847396,0.0
yeast,rfc-nosuite,0.1369388686939062,0.22220855115800162,0,0,0.16521757737136872,,0.1491838622186598,0.0
yeast,rfc-nosuite,0.16666666666666666,0.30497506404985,0,0,0.20970099250461505,,0.21219834313972888,0.0
yeast,rfc-nosuite,0.16666666666666666,0.21013736478423606,0,0,0.19681649661285738,,0.18280499535248348,0.0
yeast,rfc-nosuite,0.1666666666666667,0.12603013744177907,0,0,0.1691192664146442,,0.17120753293701052,0.0
yeast,rfc-nosuite,0.1478697841417415,0.1906572316923928,0,0,0.16351721797382812,,0.1666666666666667,0.0
yeast,rfc-nosuite,0.2824964052210846,0.3496028780334618,0,0,0.2824964052210846,,0.2824964052210846,0.0
yeast,rfc-nosuite,0.1915312012013805,0.3042198941096078,0,0,0.1915312012013805,,0.19531258094300089,0.0
yeast,rfc-nosuite,0.17266280138515416,0.17686093069258263,0,0,0.16244662342541732,,0.1938242387546759,0.0
yeast,rfc-nosuite,0.1837268572393566,0.19633274360833475,0,0,0.21978940992169957,,0.22965857154919575,0.0
yeast,rfc-nosuite,0.2202787250956461,0.26242614438676787,0,0,0.26242614438676787,,0.26242614438676787,0.0
yeast,rfc-nosuite,0.1274964702819832,0.15959275769273587,0,0,0.18887212436415463,,0.1697281358597803,0.0
yeast,rfc-nosuite,0.16666666666666666,0.24302676659458589,0,0,0.2293917647707824,,0.3008858895415992,0.0
yeast,rfc-nosuite,0.16666666666666666,0.19007832033307007,0,0,0.18089084876433853,,0.20184824338760374,0.0
yeast,rfc-nosuite,0.16666666666666666,0.23590113405281066,0,0,0.20702364672512108,,0.19466755459759247,0.0
yeast,rfc-nosuite,0.14289607078834482,0.16666666666666666,0,0,0.16652105834172853,,0.16302832515985616,0.0
yeast,rfc-nosuite,0.16111828931773758,0.25578593421203977,0,0,0.22363343329473262,,0.201397861647172,0.0
yeast,rfc-nosuite,0.1742261025757798,0.1590653329361569,0,0,0.1811070064241764,,0.1588429874476019,0.0
yeast,rfc-nosuite,0.1671294324819388,0.15159000077535356,0,0,0.15414256813834404,,0.15414256813834404,0.0
yeast,rfc-nosuite,0.17378184953299997,0.18025139728275988,0,0,0.20409370802666635,,0.18025139728275988,0.0
yeast,rfc-nosuite,0.17819692122773836,0.20340836435722212,0,0,0.17819692122773836,,0.16666666666666666,0.0
yeast,rfc-nosuite,0.12677947636857237,0.15213537164228685,0,0,0.18624547547499257,,0.16611425210356306,0.0
yeast,rfc-nosuite,0.13780336518068573,0.11994068374123948,0,0,0.14588470181303254,,0.17489648773653133,0.0
yeast,rfc-nosuite,0.19328113067045768,0.2866857608860151,0,0,0.21238843479239047,,0.17569540405134454,0.0
yeast,rfc-nosuite,0.1023806037889527,0.18888719839053644,0,0,0.15408509982917587,,0.18888719839053644,0.0
yeast,rfc-nosuite,0.16666666666666666,0.19991856008142558,0,0,0.16666666666666666,,0.16666666666666666,0.0
yeast,rfc-nosuite,0.15952530505261658,0.12707919205649662,0,0,0.12707919205649662,,0.12707919205649662,0.0
yeast,rfc-nosuite,0.16666666666666666,0.172431044392083,0,0,0.19914796149562636,,0.172431044392083,0.0
yeast,rfc-nosuite,0.17448794398047382,0.2522338716772598,0,0,0.19328372491881976,,0.16666666666666666,0.0
yeast,rfc-nosuite,0.2225949443017974,0.23470539688289044,0,0,0.2225949443017974,,0.27890259439218906,0.0
yeast,rfc-nosuite,0.18219534557081749,0.21946487251984395,0,0,0.1714779894735489,,0.1714779894735489,0.0
yeast,rfc-nosuite,0.1650134539420439,0.17361673799988242,0,0,0.18243270711093026,,0.17444369382905234,0.0
yeast,rfc-nosuite,0.16666666666666666,0.1494710680644157,0,0,0.24257322706290718,,0.24257322706290718,0.0
yeast,rfc-nosuite,0.1297833773108606,0.18824526379431328,0,0,0.19246804989402266,,0.19246804989402266,0.0
yeast,rfc-nosuite,0.12199082516386045,0.175250551990859,0,0,0.2277587270293734,,0.17646029336557792,0.0
yeast,rfc-nosuite,0.16666666666666666,0.34986445722224413,0,0,0.22029125422703488,,0.15328616731295802,0.0
yeast,rfc-nosuite,0.1757281111834487,0.21870060099237815,0,0,0.1885139821932163,,0.24215975017784655,0.0
yeast,rfc-nosuite,0.1666666666666667,0.2371194117142654,0,0,0.18835397058835787,,0.18835397058835787,0.0
yeast,rfc-nosuite,0.16999805300132698,0.17285915437515093,0,0,0.1889497370857558,,0.1853245736017248,0.0
yeast,rfc-nosuite,0.14431106704534882,0.16290996563904295,0,0,0.17662769712480084,,0.17662769712480084,0.0
yeast,rfc-nosuite,0.16666666666666666,0.2136191930567387,0,0,0.23174089469219664,,0.17365564694539812,0.0
yeast,rfc-nosuite,0.16666666666666666,0.18845987577804924,0,0,0.21088572608813105,,0.17702795906935176,0.0
rmftsa,rfc-nosuite,0.5,0.7758198948005295,0,0,0.7758198948005295,0.5,0.7758198948005295,0.0
rmftsa,rfc-nosuite,0.5,0.5,0,0,0.5,0.5,0.5,0.0
rmftsa,rfc-nosuite,0.5,0.4526699115258531,0,0,0.5,0.5,0.5,0.0
rmftsa,rfc-nosuite,0.49999999999999994,0.8663563761193898,0,0,0.8663563761193898,0.49999999999999994,0.49999999999999994,0.0
rmftsa,rfc-nosuite,0.5,0.5068790136567487,0,0,0.5068790136567487,0.4931209863432513,0.5068790136567487,0.0
rmftsa,rfc-nosuite,0.5,0.5,0,0,0.5,0.5,0.5,0.0
rmftsa,rfc-nosuite,0.5,0.5,0,0,0.5,0.4520486971353319,0.5,0.0
rmftsa,rfc-nosuite,0.49999999999999994,0.9101395568787315,0,0,0.49999999999999994,0.08986044312126844,0.49999999999999994,0.0
rmftsa,rfc-nosuite,0.5,0.5,0,0,0.6651111057691421,0.5,0.5,0.0
rmftsa,rfc-nosuite,0.5,0.8863095991468205,0,0,0.8863095991468205,0.1136904008531795,0.8863095991468205,0.0
rmftsa,rfc-nosuite,0.49999999999999994,0.8582793266539718,0,0,0.8582793266539718,0.49999999999999994,0.49999999999999994,0.0
rmftsa,rfc-nosuite,0.5,0.5722533153641921,0,0,0.5722533153641921,0.5,0.5722533153641921,0.0
rmftsa,rfc-nosuite,0.500012226956289,0.5,0,0,0.5,0.500012226956289,0.5,0.0
rmftsa,rfc-nosuite,0.49999999999999994,0.49999999999999994,0,0,0.49999999999999994,0.49999999999999994,0.510003270950902,0.0
rmftsa,rfc-nosuite,0.5,0.8738549674157187,0,0,0.8738549674157187,0.5,0.12614503258428145,0.0
rmftsa,rfc-nosuite,0.6831380755287505,0.5,0,0,0.5,0.5,0.6831380755287505,0.0
rmftsa,rfc-nosuite,0.5,0.5,0,0,0.5,0.5,0.5019950232808401,0.0
rmftsa,rfc-nosuite,0.5,0.8863095991468205,0,0,0.8863095991468205,0.1136904008531795,0.5,0.0
rmftsa,rfc-nosuite,0.5,0.5,0,0,0.5,0.5,0.5,0.0
rmftsa,rfc-nosuite,0.5,0.4738304619093737,0,0,0.4738304619093737,0.5,0.5,0.0
rmftsa,rfc-nosuite,0.5,0.7947873420343822,0,0,0.7947873420343822,0.5,0.20521265796561783,0.0
rmftsa,rfc-nosuite,0.5,0.5,0,0,0.47620541538124933,0.5237945846187507,0.5,0.0
rmftsa,rfc-nosuite,0.5,0.5,0,0,0.5,0.4288701130755616,0.5711298869244383,0.0
rmftsa,rfc-nosuite,0.5,0.518673190568725,0,0,0.518673190568725,0.5,0.518673190568725,0.0
rmftsa,rfc-nosuite,0.5,0.8260705437326745,0,0,0.8260705437326745,0.8260705437326745,0.8260705437326745,0.0
rmftsa,rfc-nosuite,0.49999999999999994,0.49999999999999994,0,0,0.5382865747427525,0.49999999999999994,0.46171342525724735,0.0
rmftsa,rfc-nosuite,0.5,0.37666861006952357,0,0,0.5,0.5,0.5,0.0
rmftsa,rfc-nosuite,0.5,0.5,0,0,0.5,0.5,0.1941891930546649,0.0
rmftsa,rfc-nosuite,0.5,0.4755632924164824,0,0,0.5,0.4755632924164824,0.4755632924164824,0.0
rmftsa,rfc-nosuite,0.5,0.5324946832631087,0,0,0.5,0.5324946832631087,0.5324946832631087,0.0
rmftsa,rfc-nosuite,0.5,0.5,0,0,0.1300861176925215,0.5,0.5,0.0
rmftsa,rfc-nosuite,0.3820607177895183,0.5,0,0,0.5,0.3820607177895183,0.3820607177895183,0.0
rmftsa,rfc-nosuite,0.49999999999999994,0.49999999999999994,0,0,0.49999999999999994,0.49999999999999994,0.510003270950902,0.0
rmftsa,rfc-nosuite,0.5,0.5,0,0,0.5,0.7909770329084322,0.5,0.0
rmftsa,rfc-nosuite,0.5,0.578524572363208,0,0,0.578524572363208,0.5,0.5,0.0
rmftsa,rfc-nosuite,0.5,0.5,0,0,0.5,0.5,0.5,0.0
rmftsa,rfc-nosuite,0.5,0.8038691610756028,0,0,0.5,0.5,0.5,0.0
rmftsa,rfc-nosuite,0.5,0.7608148775982975,0,0,0.5,0.5,0.5,0.0
rmftsa,rfc-nosuite,0.5,0.5,0,0,0.2558755848496689,0.2558755848496689,0.2558755848496689,0.0
rmftsa,rfc-nosuite,0.7203958364848148,0.2796041635151853,0,0,0.7203958364848148,0.2796041635151853,0.5,0.0
rmftsa,rfc-nosuite,0.5,0.6684856158886234,0,0,0.5,0.6684856158886234,0.5,0.0
rmftsa,rfc-nosuite,0.49999999999999994,0.49999999999999994,0,0,0.49999999999999994,0.5097221984993602,0.5097221984993602,0.0
rmftsa,rfc-nosuite,0.5,0.7070590895601369,0,0,0.5,0.2929409104398631,0.5,0.0
rmftsa,rfc-nosuite,0.5,0.8053165657527416,0,0,0.8053165657527416,0.5,0.8053165657527416,0.0
rmftsa,rfc-nosuite,0.5,0.8031824667312765,0,0,0.5,0.5,0.19681753326872353,0.0
rmftsa,rfc-nosuite,0.5,0.8863095991468205,0,0,0.8863095991468205,0.8863095991468205,0.8863095991468205,0.0
rmftsa,rfc-nosuite,0.5,0.7070590895601369,0,0,0.5,0.2929409104398631,0.5,0.0
rmftsa,rfc-nosuite,0.49999999999999994,0.49999999999999994,0,0,0.49999999999999994,0.49999999999999994,0.49999999999999994,0.0
rmftsa,rfc-nosuite,0.5,0.5,0,0,0.5,0.5,0.5,0.0
rmftsa,rfc-nosuite,0.5,0.5010150579399376,0,0,0.5010150579399376,0.5,0.5010150579399376,0.0
banknote-authentication,rfc-nosuite,0.32668711737414097,,0,0,0.32668711737414097,0.6211656415458728,0.32668711737414097,0.0
banknote-authentication,rfc-nosuite,0.10606060593690618,,0,0,0.5324675325499991,0.5324675325499991,0.10606060593690618,0.0
banknote-authentication,rfc-nosuite,0.2587567829627507,,0,0,0.2587567829627507,0.0037000486861221856,0.2587567829627507,0.0
banknote-authentication,rfc-nosuite,0.28022496933952984,0.5426326610702672,0,0,0.28022496933952984,0.3848531676077497,0.28022496933952984,0.0
banknote-authentication,rfc-nosuite,0.28098290556541505,0.7182400909351425,0,0,0.4137529128340306,0.28098290556541505,0.4137529128340306,0.0
banknote-authentication,rfc-nosuite,0.47075817888902016,0.47075817888902016,0,0,0.47075817888902016,0.47075817888902016,0.47075817888902016,0.0
banknote-authentication,rfc-nosuite,0.3043081408604955,0.628696602764787,0,0,0.3043081408604955,0.425794085358727,0.3043081408604955,0.0
banknote-authentication,rfc-nosuite,0.30606060566036813,,0,0,0.2545454549649345,0.3530303028725169,0.30606060566036813,0.0
banknote-authentication,rfc-nosuite,0.325606060669478,0.7213636368157654,0,0,0.4484090909985021,0.37227272740366557,0.325606060669478,0.0
banknote-authentication,rfc-nosuite,0.06638588258441402,,0,0,0.06638588258441402,0.25972723551748406,0.2695547551519889,0.0
banknote-authentication,rfc-nosuite,0.32703781562871254,0.5611822407785333,0,0,0.4387062873926183,0.32703781562871254,0.4387062873926183,0.0
banknote-authentication,rfc-nosuite,0.6962209319978828,,0,0,0.37572674486669183,0.314922480754833,0.43968023282973356,0.0
banknote-authentication,rfc-nosuite,0.16716269569758513,,0,0,0.22315917065548954,0.254960316081089,0.16716269569758513,0.0
banknote-authentication,rfc-nosuite,0.2171052631333109,,0,0,0.2171052631333109,0.33725761565802354,0.297783933049343,0.0
banknote-authentication,rfc-nosuite,0.3326797384733217,,0,0,0.496732025730377,0.3326797384733217,0.496732025730377,0.0
banknote-authentication,rfc-nosuite,0.30253623185076656,0.6035079045927325,0,0,0.3787055333651412,0.34794960452021634,0.3787055333651412,0.0
banknote-authentication,rfc-nosuite,0.2598382010367225,0.5008227063473695,0,0,0.32723159180147565,0.31293706292729284,0.32723159180147565,0.0
banknote-authentication,rfc-nosuite,0.32938995095573936,0.7440457532340836,0,0,0.32938995095573936,0.32938995095573936,0.32938995095573936,0.0
banknote-authentication,rfc-nosuite,0.3154093091118899,,0,0,0.25321027089367604,0.25321027089367604,0.3154093091118899,0.0
banknote-authentication,rfc-nosuite,0.2588201278649322,,0,0,0.22353961640520337,0.2345286306385334,0.2345286306385334,0.0
banknote-authentication,rfc-nosuite,0.42814171106467924,0.4568850268845819,0,0,0.42814171106467924,0.28676470576294344,0.42814171106467924,0.0
banknote-authentication,rfc-nosuite,0.3192398913917275,0.3896243587124763,0,0,0.3192398913917275,0.4071653149567496,0.3192398913917275,0.0
banknote-authentication,rfc-nosuite,0.24976258221468228,,0,0,0.25071225335595326,0.29914529718675953,0.27492877586835807,0.0
banknote-authentication,rfc-nosuite,0.31284916332352974,,0,0,0.31284916332352974,0.39106145265857284,0.31036623244420386,0.0
banknote-authentication,rfc-nosuite,0.3219961568147866,0.39725330534814257,0,0,0.45430654411207627,0.3219961568147866,0.45430654411207627,0.0
banknote-authentication,rfc-nosuite,0.45737547947800267,,0,0,0.01580459773090116,0.4556992340390739,0.2365900386044519,0.0
banknote-authentication,rfc-nosuite,0.3167877322066253,,0,0,0.4636803873973253,0.3167877322066253,0.4636803873973253,0.0
banknote-authentication,rfc-nosuite,0.06446991451265373,,0,0,0.2757879655248642,0.2757879655248642,0.2757879655248642,0.0
banknote-authentication,rfc-nosuite,0.48318458531852726,0.9588628167447223,0,0,0.9588628167447223,0.48318458531852726,0.9588628167447223,0.0
banknote-authentication,rfc-nosuite,0.25469992798324737,,0,0,0.2827187275585544,0.2827187275585544,0.2827187275585544,0.0
banknote-authentication,rfc-nosuite,0.3186511790815902,,0,0,0.3186511790815902,0.23910938734009818,0.3814133595185211,0.0
banknote-authentication,rfc-nosuite,0.24630242931936053,,0,0,0.29370861099604095,0.49453642479133453,0.29370861099604095,0.0
banknote-authentication,rfc-nosuite,0.33148122976653355,0.1042445456716883,0,0,0.3395126758246648,0.44509957181395615,0.6734690409489302,0.0
banknote-authentication,rfc-nosuite,0.0,,0,0,0.2648026314134243,0.0,0.2648026314134243,0.0
banknote-authentication,rfc-nosuite,0.2601366239929832,0.5922212417554307,0,0,0.25,0.5922212417554307,0.2601366239929832,0.0
banknote-authentication,rfc-nosuite,0.0,,0,0,0.26027397252245704,0.26027397252245704,0.0,0.0
banknote-authentication,rfc-nosuite,0.2666666675697673,,0,0,0.3242424245563928,0.3242424245563928,0.3242424245563928,0.0
banknote-authentication,rfc-nosuite,0.5376266304314226,,0,0,0.5376266304314226,0.3039073819253474,0.3039073819253474,0.0
banknote-authentication,rfc-nosuite,0.2143179769979058,,0,0,0.3079268292040888,0.4254742541046447,0.3079268292040888,0.0
banknote-authentication,rfc-nosuite,0.0,,0,0,0.0032467531642866657,0.15584415596785572,0.0032467531642866657,0.0
banknote-authentication,rfc-nosuite,0.03846154037309187,,0,0,0.37500000032054925,0.07342657432833818,0.07342657432833818,0.0
banknote-authentication,rfc-nosuite,0.41610367252380226,0.41610367252380226,0,0,0.41610367252380226,0.41610367252380226,0.41610367252380226,0.0
banknote-authentication,rfc-nosuite,0.1247954739218576,0.35935369408330636,0,0,0.4200299967883633,0.32161848916619473,0.4200299967883633,0.0
banknote-authentication,rfc-nosuite,0.32152985364212006,0.4245420403560566,0,0,0.4245420403560566,0.4245420403560566,0.77182494078708,0.0
banknote-authentication,rfc-nosuite,0.28597883595831636,,0,0,0.37208994648054966,0.28597883595831636,0.28597883595831636,0.0
banknote-authentication,rfc-nosuite,0.3297424467456542,0.8889301634808703,0,0,0.8889301634808703,0.3297424467456542,0.3297424467456542,0.0
banknote-authentication,rfc-nosuite,0.0,,0,0,0.2800000012945384,0.2800000012945384,0.2800000012945384,0.0
banknote-authentication,rfc-nosuite,0.32324921427542846,0.3397689261113579,0,0,0.32324921427542846,0.4876862257260444,0.32324921427542846,0.0
banknote-authentication,rfc-nosuite,0.0031659883833420385,,0,0,0.0031659883833420385,0.2375621888178281,0.0031659883833420385,0.0
banknote-authentication,rfc-nosuite,0.32817517924395045,0.4440081826535619,0,0,0.31146891924270015,0.30116360919175744,0.5264286660606727,0.0
volcanoes-a2,rfc-nosuite,0.2561869837333112,0.36571952308755973,0,0,0.37809349317912905,0.31714023845622014,0.31714023845622014,0.0
volcanoes-a2,rfc-nosuite,0.2775416789975736,0.3725073550238681,0,0,0.25498528995226377,0.36122916050121323,,0.0
volcanoes-a2,rfc-nosuite,0.16666666666666666,,0,0,,0.3333333333333333,0.0,0.0
volcanoes-a2,rfc-nosuite,0.45008183307003635,,0,0,0.875613747758527,0.024549918381545705,,0.0
volcanoes-a2,rfc-nosuite,0.4610110798305902,0.4610110798305902,0,0,0.14480609424132315,0.4610110798305902,,0.0
volcanoes-a2,rfc-nosuite,0.2698412698412698,,0,0,,0.0,,0.0
volcanoes-a2,rfc-nosuite,0.41413474219198887,,0,0,0.7661822977869358,0.062087186597041905,0.062087186597041905,0.0
volcanoes-a2,rfc-nosuite,0.24901185776520923,,0,0,0.24901185776520923,0.14723320164595646,,0.0
volcanoes-a2,rfc-nosuite,0.4627236584999994,,0,0,0.07455268300000108,0.4627236584999994,0.8011928422320076,0.0
volcanoes-a2,rfc-nosuite,0.3690296632351487,,0,0,0.577174459630335,0.577174459630335,,0.0
volcanoes-a2,rfc-nosuite,0.3052747006782329,0.40396624763968647,0,0,0.38945059864353404,0.3052747006782329,0.38945059864353404,0.0
volcanoes-a2,rfc-nosuite,0.35370950872134216,,0,0,0.1828631139979642,0.5245559034447201,,0.0
volcanoes-a2,rfc-nosuite,0.26375938373098806,0.43566202824020367,0,0,0.43566202824020367,0.3988428239423835,0.43566202824020367,0.0
volcanoes-a2,rfc-nosuite,0.3419354842009179,0.3419354842009179,0,0,0.3419354842009179,0.3012288789814388,0.3419354842009179,0.0
volcanoes-a2,rfc-nosuite,0.36926605504587157,,0,0,0.26146788990825687,0.001965923984272608,,0.0
volcanoes-a2,rfc-nosuite,0.3445229684948452,,0,0,0.23674911588912667,0.4522968211005637,0.4522968211005637,0.0
volcanoes-a2,rfc-nosuite,0.4276629566618669,,0,0,0.4141494436630758,0.4276629566618669,0.17170111267384838,0.0
volcanoes-a2,rfc-nosuite,0.4520298007582357,,0,0,0.23399726321973027,0.23399726321973027,0.23399726321973027,0.0
volcanoes-a2,rfc-nosuite,0.4159388646708887,,0,0,0.4126637544571052,0.4126637544571052,0.4126637544571052,0.0
volcanoes-a2,rfc-nosuite,0.3758278144483397,,0,0,,0.5380794697987069,,0.0
volcanoes-a2,rfc-nosuite,0.47594501674184353,,0,0,0.04810996651631293,0.17182130582451086,0.17182130582451086,0.0
volcanoes-a2,rfc-nosuite,0.24686595948963316,,0,0,,0.04982320852572502,0.04982320852572502,0.0
volcanoes-a2,rfc-nosuite,0.4070588235294118,,0,0,0.0023529411764705885,0.0023529411764705885,,0.0
volcanoes-a2,rfc-nosuite,0.36986715006140247,0.5301932372751272,0,0,0.2095410628476777,0.3333333333333333,,0.0
volcanoes-a2,rfc-nosuite,0.3329129895136882,,0,0,0.33417402097262355,0.2761664587821858,0.2761664587821858,0.0
volcanoes-a2,rfc-nosuite,0.1607142865606726,,0,0,,0.09523809666358898,0.09523809666358898,0.0
volcanoes-a2,rfc-nosuite,0.36718749999999994,,0,0,0.22656249999999997,0.22656249999999997,,0.0
volcanoes-a2,rfc-nosuite,0.3903628560801682,,0,0,,0.07023019899002975,0.07023019899002975,0.0
volcanoes-a2,rfc-nosuite,0.3421750663129974,,0,0,0.002652519893899204,0.002652519893899204,,0.0
volcanoes-a2,rfc-nosuite,0.3034188038168045,,0,0,0.34188034377084714,0.34188034377084714,0.34188034377084714,0.0
volcanoes-a2,rfc-nosuite,0.07758620707304344,,0,0,,0.025862069526138006,0.025862069526138006,0.0
volcanoes-a2,rfc-nosuite,0.22727272727272727,,0,0,0.5454545454545455,0.22727272727272727,0.0,0.0
volcanoes-a2,rfc-nosuite,0.26503436385705587,,0,0,,0.4576890024289675,,0.0
volcanoes-a2,rfc-nosuite,0.15500000000000003,,0,0,0.0,0.0,0.0,0.0
volcanoes-a2,rfc-nosuite,0.32766705760031134,,0,0,0.3446658847993774,0.4331770224572266,0.4331770224572266,0.0
volcanoes-a2,rfc-nosuite,0.28308823544517553,,0,0,0.30882352756885767,0.3455882362155711,,0.0
volcanoes-a2,rfc-nosuite,0.4648711946635193,,0,0,,0.159250585537047,0.159250585537047,0.0
volcanoes-a2,rfc-nosuite,0.39858310579689626,0.3333333333333333,0,0,0.3333333333333333,0.39858310579689626,0.3333333333333333,0.0
volcanoes-a2,rfc-nosuite,0.3137254901960784,,0,0,,0.0,0.0,0.0
volcanoes-a2,rfc-nosuite,0.2655607537894496,0.2655607537894496,0,0,0.2655607537894496,0.2655607537894496,0.2655607537894496,0.0
volcanoes-a2,rfc-nosuite,0.22142857142857145,,0,0,0.04285714285714285,0.04285714285714285,0.04285714285714285,0.0
volcanoes-a2,rfc-nosuite,0.25373563225660417,,0,0,0.014367816195541975,0.2534482758411668,,0.0
volcanoes-a2,rfc-nosuite,0.44351230485113746,,0,0,,0.34787471930727965,0.34787471930727965,0.0
volcanoes-a2,rfc-nosuite,0.35242641208167347,,0,0,0.19451074002655672,0.09387430421646051,0.09387430421646051,0.0
volcanoes-a2,rfc-nosuite,0.325,,0,0,,0.18750000000000003,0.024999999999999998,0.0
volcanoes-a2,rfc-nosuite,0.38916546731010404,0.3333333333333333,0,0,0.07574584178453428,0.38916546731010404,0.4621270791077329,
volcanoes-a2,rfc-nosuite,0.24074074074074076,,0,0,0.24074074074074076,0.11111111111111109,,0.0
volcanoes-a2,rfc-nosuite,0.17870370227864402,0.17870370227864402,0,0,,0.31682098744685305,,0.0
volcanoes-a2,rfc-nosuite,0.21948717959177416,,0,0,0.37641025675986056,0.21948717959177416,0.37641025675986056,0.0
volcanoes-a2,rfc-nosuite,0.3796106550417985,,0,0,,0.3980532787873322,0.3796106550417985,0.0
volcanoes-a3,rfc-nosuite,0.6148836853013284,0.3745388842975419,0,0,0.6148836853013284,0.4329029583531223,0.4329029583531223,0.0
volcanoes-a3,rfc-nosuite,0.3786356426602397,,0,0,,0.3405605495744716,,0.0
volcanoes-a3,rfc-nosuite,0.7914828835965305,0.43813185526099985,0,0,0.45760958653726536,0.3333333333333333,0.3333333333333333,0.0
volcanoes-a3,rfc-nosuite,0.15222772246243738,,0,0,,0.09158415753082946,0.09158415753082946,0.0
volcanoes-a3,rfc-nosuite,0.13803680983566824,,0,0,0.7239263803286636,0.024539877589800578,,0.0
volcanoes-a3,rfc-nosuite,0.3064150939706876,,0,0,,0.3166037736682174,,0.0
volcanoes-a3,rfc-nosuite,0.30803571428849846,,0,0,0.3839285714230031,0.3203124992058162,,0.0
volcanoes-a3,rfc-nosuite,0.4189189188244336,,0,0,,0.1541541543242977,0.14614614629746261,0.0
volcanoes-a3,rfc-nosuite,0.31420397174304415,,0,0,,0.39414338498961515,0.39414338498961515,0.0
volcanoes-a3,rfc-nosuite,0.33268765150584145,,0,0,,0.4213075067340331,,0.0
volcanoes-a3,rfc-nosuite,0.19262295162567852,,0,0,0.053278689049022276,0.053278689049022276,0.053278689049022276,0.0
volcanoes-a3,rfc-nosuite,0.3971840207355105,0.5361820553845073,0,0,0.5361820553845073,0.5361820553845073,0.5361820553845073,0.0
volcanoes-a3,rfc-nosuite,0.33001371622752695,,0,0,,0.33001371622752695,0.43365734297777403,0.0
volcanoes-a3,rfc-nosuite,0.6445058663779517,0.40304044197884176,0,0,0.40304044197884176,0.3333333333333333,0.40304044197884176,
volcanoes-a3,rfc-nosuite,0.29823316966412183,0.435517152873902,0,0,0.435517152873902,0.435517152873902,,0.0
volcanoes-a3,rfc-nosuite,0.35631370341539526,,0,0,0.2120611554096973,0.2120611554096973,0.2120611554096973,0.0
volcanoes-a3,rfc-nosuite,0.39688888880682216,0.4888888887288394,0,0,0.4888888887288394,0.4888888887288394,0.4888888887288394,0.0
volcanoes-a3,rfc-nosuite,0.2820512820130127,,0,0,,0.07692307653272969,0.07692307653272969,0.0
volcanoes-a3,rfc-nosuite,0.18683173893803223,,0,0,,0.07315700560283181,0.07315700560283181,0.0
volcanoes-a3,rfc-nosuite,0.47891601433225794,0.7298212824232847,0,0,,0.3859946268793844,0.7298212824232847,0.0
volcanoes-a3,rfc-nosuite,0.14414414463027095,,0,0,,0.11711711714829727,,0.0
volcanoes-a3,rfc-nosuite,0.32284382269552125,0.4428904425139756,0,0,0.4428904425139756,0.4428904425139756,0.4428904425139756,0.0
volcanoes-a3,rfc-nosuite,0.25525087525825896,,0,0,0.32847141159905296,0.32847141159905296,0.32847141159905296,0.0
volcanoes-a3,rfc-nosuite,0.21441009863314325,0.21441009863314325,0,0,0.21441009863314325,0.21038310645724403,0.3968219428593276,0.0
volcanoes-a3,rfc-nosuite,0.41406663180042713,,0,0,,0.12295081938737777,,0.0
volcanoes-a3,rfc-nosuite,0.4144645338027463,,0,0,,0.24408901269473499,0.24408901269473499,0.0
volcanoes-a3,rfc-nosuite,0.37638015972457883,0.43073721707266427,0,0,0.43073721707266427,0.43073721707266427,,0.0
volcanoes-a3,rfc-nosuite,0.2937559129424866,,0,0,,0.010406811751508652,0.010406811751508652,0.0
volcanoes-a3,rfc-nosuite,0.2173913043478261,,0,0,0.5652173913043478,0.0,,0.0
volcanoes-a3,rfc-nosuite,0.4444444444444445,,0,0,,0.002178649237472767,0.002178649237472767,0.0
volcanoes-a3,rfc-nosuite,0.4274809151973585,,0,0,0.1450381696052829,0.5190839690366467,0.5190839690366467,0.0
volcanoes-a3,rfc-nosuite,0.4002659573289735,,0,0,,0.029255319562470117,0.029255319562470117,0.0
volcanoes-a3,rfc-nosuite,0.22574646156055667,0.23762785282563842,0,0,0.23762785282563842,0.22574646156055667,0.22574646156055667,0.0
volcanoes-a3,rfc-nosuite,0.38616462373120275,,0,0,0.2959719796154262,0.2959719796154262,0.2959719796154262,0.0
volcanoes-a3,rfc-nosuite,0.2953488370053079,,0,0,0.40930232598938415,0.11162790667453025,0.11162790667453025,0.0
volcanoes-a3,rfc-nosuite,0.3365721570268928,0.3365721570268928,0,0,0.4646384205783101,0.4646384205783101,,0.0
volcanoes-a3,rfc-nosuite,0.34938892864917037,0.34938892864917037,0,0,,0.4708842551288612,0.34938892864917037,0.0
volcanoes-a3,rfc-nosuite,0.40481717946828666,,0,0,0.5101567035213849,0.2994776554151885,0.2994776554151885,0.0
volcanoes-a3,rfc-nosuite,0.4398507765333171,0.5703188868458623,0,0,0.5703188868458623,0.5703188868458623,,0.0
volcanoes-a3,rfc-nosuite,0.2829071973138189,,0,0,0.10606060681876887,0.10606060681876887,0.10606060681876887,0.0
volcanoes-a3,rfc-nosuite,0.4184636118018594,,0,0,,0.013477089008161493,0.013477089008161493,0.0
volcanoes-a3,rfc-nosuite,0.3775279883441413,0.3333333333333333,0,0,0.3333333333333333,0.3333333333333333,0.3333333333333333,0.0
volcanoes-a3,rfc-nosuite,0.14642857189898434,,0,0,,0.07142857183246133,0.07142857183246133,0.0
volcanoes-a3,rfc-nosuite,0.1857142861419339,,0,0,1.9956912626501134e-09,0.3142857148559118,1.9956912626501134e-09,0.0
volcanoes-a3,rfc-nosuite,0.3244058849766993,,0,0,0.16823840210379556,0.2597133160751985,0.16823840210379556,0.0
volcanoes-a3,rfc-nosuite,0.16992187504583,,0,0,,0.08593750006394885,0.08593750006394885,0.0
volcanoes-a3,rfc-nosuite,0.3942629484478922,,0,0,,0.2895617530358106,,0.0
volcanoes-a3,rfc-nosuite,0.4289693592526202,,0,0,0.2116991644201953,0.4289693592526202,,0.0
volcanoes-a3,rfc-nosuite,0.34200000010170045,,0,0,,0.0019999999536201344,,0.0
volcanoes-a3,rfc-nosuite,0.34646739108591434,,0,0,,0.14130434783227633,0.14130434783227633,0.0
volcanoes-a4,rfc-nosuite,0.0,,0,0,,0.0,,0.0
volcanoes-a4,rfc-nosuite,0.15441176447551896,,0,0,0.15808823497878416,0.15441176447551896,,0.0
volcanoes-a4,rfc-nosuite,0.3719034708409845,0.3719034708409845,0,0,0.3719034708409845,0.3333333333333333,0.3333333333333333,0.0
volcanoes-a4,rfc-nosuite,0.5559980081410206,,0,0,,0.5559980081410206,0.5559980081410206,0.0
volcanoes-a4,rfc-nosuite,0.03278688512303286,,0,0,,0.03278688512303286,,0.0
volcanoes-a4,rfc-nosuite,0.35867925852967536,0.43559681124987826,0,0,0.43559681124987826,0.35867925852967536,0.2826414829406493,
volcanoes-a4,rfc-nosuite,0.2267587938134201,,0,0,,0.2267587938134201,0.2267587938134201,0.0
volcanoes-a4,rfc-nosuite,0.40846893522497624,0.6279585791364609,0,0,0.6279585791364609,0.4055103543432542,0.6279585791364609,0.0
volcanoes-a4,rfc-nosuite,0.727045074344615,,0,0,,0.727045074344615,0.727045074344615,0.0
volcanoes-a4,rfc-nosuite,0.5575589473256235,,0,0,,0.5575589473256235,0.5575589473256235,0.0
volcanoes-a4,rfc-nosuite,0.22775800600902926,,0,0,,0.22775800600902926,0.22775800600902926,0.0
volcanoes-a4,rfc-nosuite,0.021914648936932523,,0,0,0.3194925028399255,0.3194925028399255,0.021914648936932523,0.0
volcanoes-a4,rfc-nosuite,0.08489208621843038,,0,0,,,0.08489208621843038,0.0
volcanoes-a4,rfc-nosuite,0.06481481481481483,,0,0,,0.06481481481481483,0.06481481481481483,0.0
volcanoes-a4,rfc-nosuite,0.3073593073671614,,0,0,0.2943722942328866,0.3073593073671614,,0.0
volcanoes-a4,rfc-nosuite,0.341772151779353,,0,0,0.286919832224068,0.341772151779353,0.341772151779353,0.0
volcanoes-a4,rfc-nosuite,0.0,,0,0,,0.0,0.0,0.0
volcanoes-a4,rfc-nosuite,0.21176470588235294,,0,0,0.611764705882353,0.21176470588235294,0.21176470588235294,0.0
volcanoes-a4,rfc-nosuite,0.2307692319773643,,0,0,,0.2307692319773643,0.2307692319773643,0.0
volcanoes-a4,rfc-nosuite,0.09230769182384542,,0,0,,0.09230769182384542,0.09230769182384542,0.0
volcanoes-a4,rfc-nosuite,0.3099476437265504,,0,0,,0.3099476437265504,0.3099476437265504,0.0
volcanoes-a4,rfc-nosuite,0.3395924601415174,0.3395924601415174,0,0,0.3395924601415174,0.4125835829665459,0.4125835829665459,0.0
volcanoes-a4,rfc-nosuite,0.014285714285714287,,0,0,,0.014285714285714287,0.014285714285714287,0.0
volcanoes-a4,rfc-nosuite,0.0625000000779567,,0,0,,0.0625000000779567,,0.0
volcanoes-a4,rfc-nosuite,0.42073170707448687,0.5470811658572974,0,0,0.5470811658572974,0.42073170707448687,0.5470811658572974,
volcanoes-a4,rfc-nosuite,0.47970926739346226,,0,0,0.3640218047730885,0.47970926739346226,0.47970926739346226,0.0
volcanoes-a4,rfc-nosuite,0.36874999999999997,,0,0,,0.36874999999999997,0.36874999999999997,0.0
volcanoes-a4,rfc-nosuite,0.4511433755867875,0.5721597091276575,0,0,0.33493647897704126,0.3333333333333333,0.33493647897704126,0.0
volcanoes-a4,rfc-nosuite,0.41799339112775163,,0,0,0.36287173320155247,0.4731150490539508,0.4731150490539508,0.0
volcanoes-a4,rfc-nosuite,0.6994125323778893,,0,0,,0.6994125323778893,,0.0
volcanoes-a4,rfc-nosuite,0.4425629178239764,,0,0,0.6217558002314634,0.26337003541648946,,0.0
volcanoes-a4,rfc-nosuite,0.2275280900983594,,0,0,,0.2275280900983594,0.2275280900983594,0.0
volcanoes-a4,rfc-nosuite,0.4034927988367428,0.4034927988367428,0,0,0.182916734792318,0.4034927988367428,,0.0
volcanoes-a4,rfc-nosuite,0.28324501661400703,0.29245521045147693,0,0,0.4335099667719858,0.28324501661400703,,0.0
volcanoes-a4,rfc-nosuite,0.38374456603830515,0.38374456603830515,0,0,0.3333333333333333,0.38374456603830515,0.4088407291344973,0.0
volcanoes-a4,rfc-nosuite,0.42736897759612746,0.30111169953508715,0,0,,0.42736897759612746,,0.0
volcanoes-a4,rfc-nosuite,0.34107142878330987,,0,0,,0.34107142878330987,0.34107142878330987,0.0
volcanoes-a4,rfc-nosuite,0.3072916667320366,,0,0,,0.4088541666226131,,0.0
volcanoes-a4,rfc-nosuite,0.23199655246592454,,0,0,0.24342388974722265,0.23199655246592454,0.23199655246592454,0.0
volcanoes-a4,rfc-nosuite,0.453676170980175,0.453676170980175,0,0,0.3333333333333333,0.3333333333333333,0.3333333333333333,0.0
volcanoes-a4,rfc-nosuite,0.26780626720359657,,0,0,,0.26780626720359657,0.26780626720359657,0.0
volcanoes-a4,rfc-nosuite,0.3750113457675311,0.3016247607018683,0,0,0.3016247607018683,0.3750113457675311,0.3016247607018683,
volcanoes-a4,rfc-nosuite,0.4255517567297652,0.4255517567297652,0,0,,0.4255517567297652,0.4255517567297652,0.0
volcanoes-a4,rfc-nosuite,0.4769607836922227,,0,0,,0.4769607836922227,0.4769607836922227,0.0
volcanoes-a4,rfc-nosuite,0.8032326049405499,,0,0,,0.8032326049405499,0.8032326049405499,0.0
volcanoes-a4,rfc-nosuite,0.2762589931900748,,0,0,0.3285371693468951,0.2762589931900748,,0.0
volcanoes-a4,rfc-nosuite,0.6721166590438583,0.25320371142585363,0,0,,0.6721166590438583,0.6721166590438583,0.0
volcanoes-a4,rfc-nosuite,0.1616349283507398,0.12378077139946855,0,0,,0.1616349283507398,,0.0
volcanoes-a4,rfc-nosuite,0.31068147047577155,,0,0,,0.3035987746358366,0.3035987746358366,0.0
volcanoes-a4,rfc-nosuite,0.049180328040925626,,0,0,0.27595628411129075,0.049180328040925626,0.049180328040925626,0.0
volcanoes-e1,rfc-nosuite,0.12393162429263135,,0,0,,0.12393162429263135,,0.0
volcanoes-e1,rfc-nosuite,0.3161367729431776,,0,0,,,0.3161367729431776,0.0
volcanoes-e1,rfc-nosuite,0.27372262546616916,,0,0,,,0.328467153567507,0.0
volcanoes-e1,rfc-nosuite,0.1687170468486677,,0,0,,0.1687170468486677,0.1687170468486677,0.0
volcanoes-e1,rfc-nosuite,0.3778371133761004,,0,0,,0.3778371133761004,,0.0
volcanoes-e1,rfc-nosuite,0.26762972119842304,0.44767484150133435,0,0,0.46474055760315397,0.44767484150133435,0.46474055760315397,0.0
volcanoes-e1,rfc-nosuite,0.3366214547715607,,0,0,,,,0.0
volcanoes-e1,rfc-nosuite,0.2905375392530674,,0,0,,,0.3203020891585019,0.0
volcanoes-e1,rfc-nosuite,0.48717948785047627,,0,0,,,,0.0
volcanoes-e1,rfc-nosuite,0.41746436915274043,0.615188257977059,0,0,0.615188257977059,0.615188257977059,,0.0
volcanoes-e1,rfc-nosuite,0.5954295393986682,,0,0,0.04782056729333841,0.5954295393986682,,0.0
volcanoes-e1,rfc-nosuite,0.42369534535955883,,0,0,0.1779971790063903,,0.1779971790063903,0.0
volcanoes-e1,rfc-nosuite,0.06253682975195628,,0,0,,,,0.0
volcanoes-e1,rfc-nosuite,0.3985545330374358,0.3985545330374358,0,0,0.3044678059398097,0.3333333333333333,0.20289093392512828,0.0
volcanoes-e1,rfc-nosuite,0.18279090541137905,0.18279090541137905,0,0,0.6344181891772418,0.3713776188417519,,0.0
volcanoes-e1,rfc-nosuite,0.2690508022297814,,0,0,0.13168449150043632,,,0.0
volcanoes-e1,rfc-nosuite,0.37630876623910486,,0,0,0.2814617121977577,0.43707657560448454,0.43707657560448454,0.0
volcanoes-e1,rfc-nosuite,0.2948179279560956,,0,0,,,,0.0
volcanoes-e1,rfc-nosuite,0.30088209949295036,0.3291738381905902,0,0,,0.30088209949295036,0.34165232361881964,0.0
volcanoes-e1,rfc-nosuite,0.1585365859623986,0.15344440381439026,0,0,0.15344440381439026,0.4181856159447965,,
volcanoes-e1,rfc-nosuite,0.31503482216479406,,0,0,,0.13232281898944753,0.13232281898944753,0.0
volcanoes-e1,rfc-nosuite,0.24101796453911004,,0,0,,0.24101796453911004,,0.0
volcanoes-e1,rfc-nosuite,0.41630901208111437,0.49871244497893,0,0,0.33390557918329866,0.41630901208111437,0.33390557918329866,0.0
volcanoes-e1,rfc-nosuite,0.44484536017343107,0.3333333333333333,0,0,0.4243205252174697,0.4243205252174697,0.15135894956506069,0.0
volcanoes-e1,rfc-nosuite,0.4045801522570702,0.5557251896095158,0,0,,,0.2221374051952421,0.0
volcanoes-e1,rfc-nosuite,0.610209734355072,,0,0,,0.194895132822464,,0.0
volcanoes-e1,rfc-nosuite,0.2826271186294699,,0,0,,0.02118644093832039,,0.0
volcanoes-e1,rfc-nosuite,0.27804107395173117,,0,0,0.44391785209653783,0.1216429696556039,,0.0
volcanoes-e1,rfc-nosuite,0.29152249128428387,0.4169550174314323,0,0,0.316608997053494,0.316608997053494,0.316608997053494,0.0
volcanoes-e1,rfc-nosuite,0.3455834947029388,0.35163693694452713,0,0,0.30277956835253406,0.35163693694452713,0.30277956835253406,0.0
volcanoes-e1,rfc-nosuite,0.2554790230041504,0.3603631808572574,0,0,,,0.27927363828548524,0.0
volcanoes-e1,rfc-nosuite,0.41461449883059787,0.3318469506878837,0,0,0.33630609862423266,0.41461449883059787,0.33630609862423266,0.0
volcanoes-e1,rfc-nosuite,0.41887675521699663,,0,0,,,,0.0
volcanoes-e1,rfc-nosuite,0.3798277979039497,0.5043050426069043,0,0,0.5043050426069043,0.3798277979039497,0.5043050426069043,0.0
volcanoes-e1,rfc-nosuite,0.39997378717043275,,0,0,0.33971166412749315,0.33014416793625345,0.33014416793625345,0.0
volcanoes-e1,rfc-nosuite,0.388888888560269,0.12792792767565223,0,0,0.4831831837640787,0.388888888560269,0.388888888560269,0.0
volcanoes-e1,rfc-nosuite,0.43093220313695074,0.13813559372609852,0,0,0.6544915245426076,,0.1727542377286962,0.0
volcanoes-e1,rfc-nosuite,0.03261379644508579,,0,0,,0.9347724071098283,,0.0
volcanoes-e1,rfc-nosuite,0.3301886796222322,0.3057461403278877,0,0,0.27186963990023993,0.3301886796222322,0.27186963990023993,0.0
volcanoes-e1,rfc-nosuite,0.39057447495581044,0.20343997193278537,0,0,0.21885105008837913,0.39057447495581044,0.21885105008837913,0.0
volcanoes-e1,rfc-nosuite,0.4183454777778371,,0,0,,0.4183454777778371,0.4183454777778371,0.0
volcanoes-e1,rfc-nosuite,0.27412280706132497,0.45175438587734995,0,0,0.331140351425969,0.27412280706132497,0.331140351425969,0.0
volcanoes-e1,rfc-nosuite,0.5653104931143628,,0,0,,0.5653104931143628,0.5653104931143628,0.0
volcanoes-e1,rfc-nosuite,0.08420320087465455,,0,0,0.374739039708439,,,0.0
volcanoes-e1,rfc-nosuite,0.4300311092340548,,0,0,0.38728277170926245,,0.18268611905668264,0.0
volcanoes-e1,rfc-nosuite,0.2939110078230442,,0,0,,0.22716627607160636,,0.0
volcanoes-e1,rfc-nosuite,0.4164858999179947,,0,0,,0.13015184404161143,0.13015184404161143,0.0
volcanoes-e1,rfc-nosuite,0.2559126738239256,0.34930260653448425,0,0,,,,0.0
volcanoes-e1,rfc-nosuite,0.397051148285431,,0,0,,0.397051148285431,,0.0
volcanoes-e1,rfc-nosuite,0.2992424245447236,,0,0,,0.28374655638437674,0.4325068872312464,0.0
yeast,rfc-nosuite,0.1841273786147664,0.24354455771289898,0,0,0.1887869700492999,,0.1841273786147664,0.0
yeast,rfc-nosuite,0.16666666666666666,0.16683837671290455,0,0,0.16436830919858686,,0.19813337009129148,0.0
yeast,rfc-nosuite,0.16666666666666663,0.18923216688682756,0,0,0.23219235249385053,,0.23221195293352787,0.0
yeast,rfc-nosuite,0.25113701984908704,0.2554813297187017,0,0,0.2624704579961961,,0.25113701984908704,0.0
yeast,rfc-nosuite,0.16666666666666663,0.3071753675818229,0,0,0.18111111112753514,,0.23346395684554877,0.0
yeast,rfc-nosuite,0.16666666666666666,0.1479189294281899,0,0,0.15058470675809515,,0.16666666666666666,0.0
yeast,rfc-nosuite,0.16666666666666666,0.28309008908548755,0,0,0.207015735811407,,0.21106837195723416,0.0
yeast,rfc-nosuite,0.17804793518491144,0.13631156171115633,0,0,0.16666666666666666,,0.16666666666666666,0.0
yeast,rfc-nosuite,0.07239577004270212,0.18091189362847396,0,0,0.16666666666666666,,0.18091189362847396,0.0
yeast,rfc-nosuite,0.1369388686939062,0.22220855115800162,0,0,0.16521757737136872,,0.1491838622186598,0.0
yeast,rfc-nosuite,0.16666666666666666,0.30497506404985,0,0,0.20970099250461505,,0.21219834313972888,0.0
yeast,rfc-nosuite,0.16666666666666666,0.21013736478423606,0,0,0.19681649661285738,,0.18280499535248348,0.0
yeast,rfc-nosuite,0.1666666666666667,0.12603013744177907,0,0,0.1691192664146442,,0.17120753293701052,0.0
yeast,rfc-nosuite,0.1478697841417415,0.1906572316923928,0,0,0.16351721797382812,,0.1666666666666667,0.0
yeast,rfc-nosuite,0.2824964052210846,0.3496028780334618,0,0,0.2824964052210846,,0.2824964052210846,0.0
yeast,rfc-nosuite,0.1915312012013805,0.3042198941096078,0,0,0.1915312012013805,,0.19531258094300089,0.0
yeast,rfc-nosuite,0.17266280138515416,0.17686093069258263,0,0,0.16244662342541732,,0.1938242387546759,0.0
yeast,rfc-nosuite,0.1837268572393566,0.19633274360833475,0,0,0.21978940992169957,,0.22965857154919575,0.0
yeast,rfc-nosuite,0.2202787250956461,0.26242614438676787,0,0,0.26242614438676787,,0.26242614438676787,0.0
yeast,rfc-nosuite,0.1274964702819832,0.15959275769273587,0,0,0.18887212436415463,,0.1697281358597803,0.0
yeast,rfc-nosuite,0.16666666666666666,0.24302676659458589,0,0,0.2293917647707824,,0.3008858895415992,0.0
yeast,rfc-nosuite,0.16666666666666666,0.19007832033307007,0,0,0.18089084876433853,,0.20184824338760374,0.0
yeast,rfc-nosuite,0.16666666666666666,0.23590113405281066,0,0,0.20702364672512108,,0.19466755459759247,0.0
yeast,rfc-nosuite,0.14289607078834482,0.16666666666666666,0,0,0.16652105834172853,,0.16302832515985616,0.0
yeast,rfc-nosuite,0.16111828931773758,0.25578593421203977,0,0,0.22363343329473262,,0.201397861647172,0.0
yeast,rfc-nosuite,0.1742261025757798,0.1590653329361569,0,0,0.1811070064241764,,0.1588429874476019,0.0
yeast,rfc-nosuite,0.1671294324819388,0.15159000077535356,0,0,0.15414256813834404,,0.15414256813834404,0.0
yeast,rfc-nosuite,0.17378184953299997,0.18025139728275988,0,0,0.20409370802666635,,0.18025139728275988,0.0
yeast,rfc-nosuite,0.17819692122773836,0.20340836435722212,0,0,0.17819692122773836,,0.16666666666666666,0.0
yeast,rfc-nosuite,0.12677947636857237,0.15213537164228685,0,0,0.18624547547499257,,0.16611425210356306,0.0
yeast,rfc-nosuite,0.13780336518068573,0.11994068374123948,0,0,0.14588470181303254,,0.17489648773653133,0.0
yeast,rfc-nosuite,0.19328113067045768,0.2866857608860151,0,0,0.21238843479239047,,0.17569540405134454,0.0
yeast,rfc-nosuite,0.1023806037889527,0.18888719839053644,0,0,0.15408509982917587,,0.18888719839053644,0.0
yeast,rfc-nosuite,0.16666666666666666,0.19991856008142558,0,0,0.16666666666666666,,0.16666666666666666,0.0
yeast,rfc-nosuite,0.15952530505261658,0.12707919205649662,0,0,0.12707919205649662,,0.12707919205649662,0.0
yeast,rfc-nosuite,0.16666666666666666,0.172431044392083,0,0,0.19914796149562636,,0.172431044392083,0.0
yeast,rfc-nosuite,0.17448794398047382,0.2522338716772598,0,0,0.19328372491881976,,0.16666666666666666,0.0
yeast,rfc-nosuite,0.2225949443017974,0.23470539688289044,0,0,0.2225949443017974,,0.27890259439218906,0.0
yeast,rfc-nosuite,0.18219534557081749,0.21946487251984395,0,0,0.1714779894735489,,0.1714779894735489,0.0
yeast,rfc-nosuite,0.1650134539420439,0.17361673799988242,0,0,0.18243270711093026,,0.17444369382905234,0.0
yeast,rfc-nosuite,0.16666666666666666,0.1494710680644157,0,0,0.24257322706290718,,0.24257322706290718,0.0
yeast,rfc-nosuite,0.1297833773108606,0.18824526379431328,0,0,0.19246804989402266,,0.19246804989402266,0.0
yeast,rfc-nosuite,0.12199082516386045,0.175250551990859,0,0,0.2277587270293734,,0.17646029336557792,0.0
yeast,rfc-nosuite,0.16666666666666666,0.34986445722224413,0,0,0.22029125422703488,,0.15328616731295802,0.0
yeast,rfc-nosuite,0.1757281111834487,0.21870060099237815,0,0,0.1885139821932163,,0.24215975017784655,0.0
yeast,rfc-nosuite,0.1666666666666667,0.2371194117142654,0,0,0.18835397058835787,,0.18835397058835787,0.0
yeast,rfc-nosuite,0.16999805300132698,0.17285915437515093,0,0,0.1889497370857558,,0.1853245736017248,0.0
yeast,rfc-nosuite,0.14431106704534882,0.16290996563904295,0,0,0.17662769712480084,,0.17662769712480084,0.0
yeast,rfc-nosuite,0.16666666666666666,0.2136191930567387,0,0,0.23174089469219664,,0.17365564694539812,0.0
yeast,rfc-nosuite,0.16666666666666666,0.18845987577804924,0,0,0.21088572608813105,,0.17702795906935176,0.0
rmftsa,rfc-nosuite,0.5,0.7758198948005295,0,0,0.7758198948005295,0.5,0.7758198948005295,0.0
rmftsa,rfc-nosuite,0.5,0.5,0,0,0.5,0.5,0.5,0.0
rmftsa,rfc-nosuite,0.5,0.4526699115258531,0,0,0.5,0.5,0.5,0.0
rmftsa,rfc-nosuite,0.49999999999999994,0.8663563761193898,0,0,0.8663563761193898,0.49999999999999994,0.49999999999999994,0.0
rmftsa,rfc-nosuite,0.5,0.5068790136567487,0,0,0.5068790136567487,0.4931209863432513,0.5068790136567487,0.0
rmftsa,rfc-nosuite,0.5,0.5,0,0,0.5,0.5,0.5,0.0
rmftsa,rfc-nosuite,0.5,0.5,0,0,0.5,0.4520486971353319,0.5,0.0
rmftsa,rfc-nosuite,0.49999999999999994,0.9101395568787315,0,0,0.49999999999999994,0.08986044312126844,0.49999999999999994,0.0
rmftsa,rfc-nosuite,0.5,0.5,0,0,0.6651111057691421,0.5,0.5,0.0
rmftsa,rfc-nosuite,0.5,0.8863095991468205,0,0,0.8863095991468205,0.1136904008531795,0.8863095991468205,0.0
rmftsa,rfc-nosuite,0.49999999999999994,0.8582793266539718,0,0,0.8582793266539718,0.49999999999999994,0.49999999999999994,0.0
rmftsa,rfc-nosuite,0.5,0.5722533153641921,0,0,0.5722533153641921,0.5,0.5722533153641921,0.0
rmftsa,rfc-nosuite,0.500012226956289,0.5,0,0,0.5,0.500012226956289,0.5,0.0
rmftsa,rfc-nosuite,0.49999999999999994,0.49999999999999994,0,0,0.49999999999999994,0.49999999999999994,0.510003270950902,0.0
rmftsa,rfc-nosuite,0.5,0.8738549674157187,0,0,0.8738549674157187,0.5,0.12614503258428145,0.0
rmftsa,rfc-nosuite,0.6831380755287505,0.5,0,0,0.5,0.5,0.6831380755287505,0.0
rmftsa,rfc-nosuite,0.5,0.5,0,0,0.5,0.5,0.5019950232808401,0.0
rmftsa,rfc-nosuite,0.5,0.8863095991468205,0,0,0.8863095991468205,0.1136904008531795,0.5,0.0
rmftsa,rfc-nosuite,0.5,0.5,0,0,0.5,0.5,0.5,0.0
rmftsa,rfc-nosuite,0.5,0.4738304619093737,0,0,0.4738304619093737,0.5,0.5,0.0
rmftsa,rfc-nosuite,0.5,0.7947873420343822,0,0,0.7947873420343822,0.5,0.20521265796561783,0.0
rmftsa,rfc-nosuite,0.5,0.5,0,0,0.47620541538124933,0.5237945846187507,0.5,0.0
rmftsa,rfc-nosuite,0.5,0.5,0,0,0.5,0.4288701130755616,0.5711298869244383,0.0
rmftsa,rfc-nosuite,0.5,0.518673190568725,0,0,0.518673190568725,0.5,0.518673190568725,0.0
rmftsa,rfc-nosuite,0.5,0.8260705437326745,0,0,0.8260705437326745,0.8260705437326745,0.8260705437326745,0.0
rmftsa,rfc-nosuite,0.49999999999999994,0.49999999999999994,0,0,0.5382865747427525,0.49999999999999994,0.46171342525724735,0.0
rmftsa,rfc-nosuite,0.5,0.37666861006952357,0,0,0.5,0.5,0.5,0.0
rmftsa,rfc-nosuite,0.5,0.5,0,0,0.5,0.5,0.1941891930546649,0.0
rmftsa,rfc-nosuite,0.5,0.4755632924164824,0,0,0.5,0.4755632924164824,0.4755632924164824,0.0
rmftsa,rfc-nosuite,0.5,0.5324946832631087,0,0,0.5,0.5324946832631087,0.5324946832631087,0.0
rmftsa,rfc-nosuite,0.5,0.5,0,0,0.1300861176925215,0.5,0.5,0.0
rmftsa,rfc-nosuite,0.3820607177895183,0.5,0,0,0.5,0.3820607177895183,0.3820607177895183,0.0
rmftsa,rfc-nosuite,0.49999999999999994,0.49999999999999994,0,0,0.49999999999999994,0.49999999999999994,0.510003270950902,0.0
rmftsa,rfc-nosuite,0.5,0.5,0,0,0.5,0.7909770329084322,0.5,0.0
rmftsa,rfc-nosuite,0.5,0.578524572363208,0,0,0.578524572363208,0.5,0.5,0.0
rmftsa,rfc-nosuite,0.5,0.5,0,0,0.5,0.5,0.5,0.0
rmftsa,rfc-nosuite,0.5,0.8038691610756028,0,0,0.5,0.5,0.5,0.0
rmftsa,rfc-nosuite,0.5,0.7608148775982975,0,0,0.5,0.5,0.5,0.0
rmftsa,rfc-nosuite,0.5,0.5,0,0,0.2558755848496689,0.2558755848496689,0.2558755848496689,0.0
rmftsa,rfc-nosuite,0.7203958364848148,0.2796041635151853,0,0,0.7203958364848148,0.2796041635151853,0.5,0.0
rmftsa,rfc-nosuite,0.5,0.6684856158886234,0,0,0.5,0.6684856158886234,0.5,0.0
rmftsa,rfc-nosuite,0.49999999999999994,0.49999999999999994,0,0,0.49999999999999994,0.5097221984993602,0.5097221984993602,0.0
rmftsa,rfc-nosuite,0.5,0.7070590895601369,0,0,0.5,0.2929409104398631,0.5,0.0
rmftsa,rfc-nosuite,0.5,0.8053165657527416,0,0,0.8053165657527416,0.5,0.8053165657527416,0.0
rmftsa,rfc-nosuite,0.5,0.8031824667312765,0,0,0.5,0.5,0.19681753326872353,0.0
rmftsa,rfc-nosuite,0.5,0.8863095991468205,0,0,0.8863095991468205,0.8863095991468205,0.8863095991468205,0.0
rmftsa,rfc-nosuite,0.5,0.7070590895601369,0,0,0.5,0.2929409104398631,0.5,0.0
rmftsa,rfc-nosuite,0.49999999999999994,0.49999999999999994,0,0,0.49999999999999994,0.49999999999999994,0.49999999999999994,0.0
rmftsa,rfc-nosuite,0.5,0.5,0,0,0.5,0.5,0.5,0.0
rmftsa,rfc-nosuite,0.5,0.5010150579399376,0,0,0.5010150579399376,0.5,0.5010150579399376,0.0
banknote-authentication,rfc-nosuite,0.32668711737414097,,0,0,0.32668711737414097,0.6211656415458728,0.32668711737414097,0.0
banknote-authentication,rfc-nosuite,0.10606060593690618,,0,0,0.5324675325499991,0.5324675325499991,0.10606060593690618,0.0
banknote-authentication,rfc-nosuite,0.2587567829627507,,0,0,0.2587567829627507,0.0037000486861221856,0.2587567829627507,0.0
banknote-authentication,rfc-nosuite,0.28022496933952984,0.5426326610702672,0,0,0.28022496933952984,0.3848531676077497,0.28022496933952984,0.0
banknote-authentication,rfc-nosuite,0.28098290556541505,0.7182400909351425,0,0,0.4137529128340306,0.28098290556541505,0.4137529128340306,0.0
banknote-authentication,rfc-nosuite,0.47075817888902016,0.47075817888902016,0,0,0.47075817888902016,0.47075817888902016,0.47075817888902016,0.0
banknote-authentication,rfc-nosuite,0.3043081408604955,0.628696602764787,0,0,0.3043081408604955,0.425794085358727,0.3043081408604955,0.0
banknote-authentication,rfc-nosuite,0.30606060566036813,,0,0,0.2545454549649345,0.3530303028725169,0.30606060566036813,0.0
banknote-authentication,rfc-nosuite,0.325606060669478,0.7213636368157654,0,0,0.4484090909985021,0.37227272740366557,0.325606060669478,0.0
banknote-authentication,rfc-nosuite,0.06638588258441402,,0,0,0.06638588258441402,0.25972723551748406,0.2695547551519889,0.0
banknote-authentication,rfc-nosuite,0.32703781562871254,0.5611822407785333,0,0,0.4387062873926183,0.32703781562871254,0.4387062873926183,0.0
banknote-authentication,rfc-nosuite,0.6962209319978828,,0,0,0.37572674486669183,0.314922480754833,0.43968023282973356,0.0
banknote-authentication,rfc-nosuite,0.16716269569758513,,0,0,0.22315917065548954,0.254960316081089,0.16716269569758513,0.0
banknote-authentication,rfc-nosuite,0.2171052631333109,,0,0,0.2171052631333109,0.33725761565802354,0.297783933049343,0.0
banknote-authentication,rfc-nosuite,0.3326797384733217,,0,0,0.496732025730377,0.3326797384733217,0.496732025730377,0.0
banknote-authentication,rfc-nosuite,0.30253623185076656,0.6035079045927325,0,0,0.3787055333651412,0.34794960452021634,0.3787055333651412,0.0
banknote-authentication,rfc-nosuite,0.2598382010367225,0.5008227063473695,0,0,0.32723159180147565,0.31293706292729284,0.32723159180147565,0.0
banknote-authentication,rfc-nosuite,0.32938995095573936,0.7440457532340836,0,0,0.32938995095573936,0.32938995095573936,0.32938995095573936,0.0
banknote-authentication,rfc-nosuite,0.3154093091118899,,0,0,0.25321027089367604,0.25321027089367604,0.3154093091118899,0.0
banknote-authentication,rfc-nosuite,0.2588201278649322,,0,0,0.22353961640520337,0.2345286306385334,0.2345286306385334,0.0
banknote-authentication,rfc-nosuite,0.42814171106467924,0.4568850268845819,0,0,0.42814171106467924,0.28676470576294344,0.42814171106467924,0.0
banknote-authentication,rfc-nosuite,0.3192398913917275,0.3896243587124763,0,0,0.3192398913917275,0.4071653149567496,0.3192398913917275,0.0
banknote-authentication,rfc-nosuite,0.24976258221468228,,0,0,0.25071225335595326,0.29914529718675953,0.27492877586835807,0.0
banknote-authentication,rfc-nosuite,0.31284916332352974,,0,0,0.31284916332352974,0.39106145265857284,0.31036623244420386,0.0
banknote-authentication,rfc-nosuite,0.3219961568147866,0.39725330534814257,0,0,0.45430654411207627,0.3219961568147866,0.45430654411207627,0.0
banknote-authentication,rfc-nosuite,0.45737547947800267,,0,0,0.01580459773090116,0.4556992340390739,0.2365900386044519,0.0
banknote-authentication,rfc-nosuite,0.3167877322066253,,0,0,0.4636803873973253,0.3167877322066253,0.4636803873973253,0.0
banknote-authentication,rfc-nosuite,0.06446991451265373,,0,0,0.2757879655248642,0.2757879655248642,0.2757879655248642,0.0
banknote-authentication,rfc-nosuite,0.48318458531852726,0.9588628167447223,0,0,0.9588628167447223,0.48318458531852726,0.9588628167447223,0.0
banknote-authentication,rfc-nosuite,0.25469992798324737,,0,0,0.2827187275585544,0.2827187275585544,0.2827187275585544,0.0
banknote-authentication,rfc-nosuite,0.3186511790815902,,0,0,0.3186511790815902,0.23910938734009818,0.3814133595185211,0.0
banknote-authentication,rfc-nosuite,0.24630242931936053,,0,0,0.29370861099604095,0.49453642479133453,0.29370861099604095,0.0
banknote-authentication,rfc-nosuite,0.33148122976653355,0.1042445456716883,0,0,0.3395126758246648,0.44509957181395615,0.6734690409489302,0.0
banknote-authentication,rfc-nosuite,0.0,,0,0,0.2648026314134243,0.0,0.2648026314134243,0.0
banknote-authentication,rfc-nosuite,0.2601366239929832,0.5922212417554307,0,0,0.25,0.5922212417554307,0.2601366239929832,0.0
banknote-authentication,rfc-nosuite,0.0,,0,0,0.26027397252245704,0.26027397252245704,0.0,0.0
banknote-authentication,rfc-nosuite,0.2666666675697673,,0,0,0.3242424245563928,0.3242424245563928,0.3242424245563928,0.0
banknote-authentication,rfc-nosuite,0.5376266304314226,,0,0,0.5376266304314226,0.3039073819253474,0.3039073819253474,0.0
banknote-authentication,rfc-nosuite,0.2143179769979058,,0,0,0.3079268292040888,0.4254742541046447,0.3079268292040888,0.0
banknote-authentication,rfc-nosuite,0.0,,0,0,0.0032467531642866657,0.15584415596785572,0.0032467531642866657,0.0
banknote-authentication,rfc-nosuite,0.03846154037309187,,0,0,0.37500000032054925,0.07342657432833818,0.07342657432833818,0.0
banknote-authentication,rfc-nosuite,0.41610367252380226,0.41610367252380226,0,0,0.41610367252380226,0.41610367252380226,0.41610367252380226,0.0
banknote-authentication,rfc-nosuite,0.1247954739218576,0.35935369408330636,0,0,0.4200299967883633,0.32161848916619473,0.4200299967883633,0.0
banknote-authentication,rfc-nosuite,0.32152985364212006,0.4245420403560566,0,0,0.4245420403560566,0.4245420403560566,0.77182494078708,0.0
banknote-authentication,rfc-nosuite,0.28597883595831636,,0,0,0.37208994648054966,0.28597883595831636,0.28597883595831636,0.0
banknote-authentication,rfc-nosuite,0.3297424467456542,0.8889301634808703,0,0,0.8889301634808703,0.3297424467456542,0.3297424467456542,0.0
banknote-authentication,rfc-nosuite,0.0,,0,0,0.2800000012945384,0.2800000012945384,0.2800000012945384,0.0
banknote-authentication,rfc-nosuite,0.32324921427542846,0.3397689261113579,0,0,0.32324921427542846,0.4876862257260444,0.32324921427542846,0.0
banknote-authentication,rfc-nosuite,0.0031659883833420385,,0,0,0.0031659883833420385,0.2375621888178281,0.0031659883833420385,0.0
banknote-authentication,rfc-nosuite,0.32817517924395045,0.4440081826535619,0,0,0.31146891924270015,0.30116360919175744,0.5264286660606727,0.0
volcanoes-a2,rfc-nosuite,0.2561869837333112,0.36571952308755973,0,0,0.37809349317912905,0.31714023845622014,0.31714023845622014,0.0
volcanoes-a2,rfc-nosuite,0.2775416789975736,0.3725073550238681,0,0,0.25498528995226377,0.36122916050121323,,0.0
volcanoes-a2,rfc-nosuite,0.16666666666666666,,0,0,,0.3333333333333333,0.0,0.0
volcanoes-a2,rfc-nosuite,0.45008183307003635,,0,0,0.875613747758527,0.024549918381545705,,0.0
volcanoes-a2,rfc-nosuite,0.4610110798305902,0.4610110798305902,0,0,0.14480609424132315,0.4610110798305902,,0.0
volcanoes-a2,rfc-nosuite,0.2698412698412698,,0,0,,0.0,,0.0
volcanoes-a2,rfc-nosuite,0.41413474219198887,,0,0,0.7661822977869358,0.062087186597041905,0.062087186597041905,0.0
volcanoes-a2,rfc-nosuite,0.24901185776520923,,0,0,0.24901185776520923,0.14723320164595646,,0.0
volcanoes-a2,rfc-nosuite,0.4627236584999994,,0,0,0.07455268300000108,0.4627236584999994,0.8011928422320076,0.0
volcanoes-a2,rfc-nosuite,0.3690296632351487,,0,0,0.577174459630335,0.577174459630335,,0.0
volcanoes-a2,rfc-nosuite,0.3052747006782329,0.40396624763968647,0,0,0.38945059864353404,0.3052747006782329,0.38945059864353404,0.0
volcanoes-a2,rfc-nosuite,0.35370950872134216,,0,0,0.1828631139979642,0.5245559034447201,,0.0
volcanoes-a2,rfc-nosuite,0.26375938373098806,0.43566202824020367,0,0,0.43566202824020367,0.3988428239423835,0.43566202824020367,0.0
volcanoes-a2,rfc-nosuite,0.3419354842009179,0.3419354842009179,0,0,0.3419354842009179,0.3012288789814388,0.3419354842009179,0.0
volcanoes-a2,rfc-nosuite,0.36926605504587157,,0,0,0.26146788990825687,0.001965923984272608,,0.0
volcanoes-a2,rfc-nosuite,0.3445229684948452,,0,0,0.23674911588912667,0.4522968211005637,0.4522968211005637,0.0
volcanoes-a2,rfc-nosuite,0.4276629566618669,,0,0,0.4141494436630758,0.4276629566618669,0.17170111267384838,0.0
volcanoes-a2,rfc-nosuite,0.4520298007582357,,0,0,0.23399726321973027,0.23399726321973027,0.23399726321973027,0.0
volcanoes-a2,rfc-nosuite,0.4159388646708887,,0,0,0.4126637544571052,0.4126637544571052,0.4126637544571052,0.0
volcanoes-a2,rfc-nosuite,0.3758278144483397,,0,0,,0.5380794697987069,,0.0
volcanoes-a2,rfc-nosuite,0.47594501674184353,,0,0,0.04810996651631293,0.17182130582451086,0.17182130582451086,0.0
volcanoes-a2,rfc-nosuite,0.24686595948963316,,0,0,,0.04982320852572502,0.04982320852572502,0.0
volcanoes-a2,rfc-nosuite,0.4070588235294118,,0,0,0.0023529411764705885,0.0023529411764705885,,0.0
volcanoes-a2,rfc-nosuite,0.36986715006140247,0.5301932372751272,0,0,0.2095410628476777,0.3333333333333333,,0.0
volcanoes-a2,rfc-nosuite,0.3329129895136882,,0,0,0.33417402097262355,0.2761664587821858,0.2761664587821858,0.0
volcanoes-a2,rfc-nosuite,0.1607142865606726,,0,0,,0.09523809666358898,0.09523809666358898,0.0
volcanoes-a2,rfc-nosuite,0.36718749999999994,,0,0,0.22656249999999997,0.22656249999999997,,0.0
volcanoes-a2,rfc-nosuite,0.3903628560801682,,0,0,,0.07023019899002975,0.07023019899002975,0.0
volcanoes-a2,rfc-nosuite,0.3421750663129974,,0,0,0.002652519893899204,0.002652519893899204,,0.0
volcanoes-a2,rfc-nosuite,0.3034188038168045,,0,0,0.34188034377084714,0.34188034377084714,0.34188034377084714,0.0
volcanoes-a2,rfc-nosuite,0.07758620707304344,,0,0,,0.025862069526138006,0.025862069526138006,0.0
volcanoes-a2,rfc-nosuite,0.22727272727272727,,0,0,0.5454545454545455,0.22727272727272727,0.0,0.0
volcanoes-a2,rfc-nosuite,0.26503436385705587,,0,0,,0.4576890024289675,,0.0
volcanoes-a2,rfc-nosuite,0.15500000000000003,,0,0,0.0,0.0,0.0,0.0
volcanoes-a2,rfc-nosuite,0.32766705760031134,,0,0,0.3446658847993774,0.4331770224572266,0.4331770224572266,0.0
volcanoes-a2,rfc-nosuite,0.28308823544517553,,0,0,0.30882352756885767,0.3455882362155711,,0.0
volcanoes-a2,rfc-nosuite,0.4648711946635193,,0,0,,0.159250585537047,0.159250585537047,0.0
volcanoes-a2,rfc-nosuite,0.39858310579689626,0.3333333333333333,0,0,0.3333333333333333,0.39858310579689626,0.3333333333333333,0.0
volcanoes-a2,rfc-nosuite,0.3137254901960784,,0,0,,0.0,0.0,0.0
volcanoes-a2,rfc-nosuite,0.2655607537894496,0.2655607537894496,0,0,0.2655607537894496,0.2655607537894496,0.2655607537894496,0.0
volcanoes-a2,rfc-nosuite,0.22142857142857145,,0,0,0.04285714285714285,0.04285714285714285,0.04285714285714285,0.0
volcanoes-a2,rfc-nosuite,0.25373563225660417,,0,0,0.014367816195541975,0.2534482758411668,,0.0
volcanoes-a2,rfc-nosuite,0.44351230485113746,,0,0,,0.34787471930727965,0.34787471930727965,0.0
volcanoes-a2,rfc-nosuite,0.35242641208167347,,0,0,0.19451074002655672,0.09387430421646051,0.09387430421646051,0.0
volcanoes-a2,rfc-nosuite,0.325,,0,0,,0.18750000000000003,0.024999999999999998,0.0
volcanoes-a2,rfc-nosuite,0.38916546731010404,0.3333333333333333,0,0,0.07574584178453428,0.38916546731010404,0.4621270791077329,
volcanoes-a2,rfc-nosuite,0.24074074074074076,,0,0,0.24074074074074076,0.11111111111111109,,0.0
volcanoes-a2,rfc-nosuite,0.17870370227864402,0.17870370227864402,0,0,,0.31682098744685305,,0.0
volcanoes-a2,rfc-nosuite,0.21948717959177416,,0,0,0.37641025675986056,0.21948717959177416,0.37641025675986056,0.0
volcanoes-a2,rfc-nosuite,0.3796106550417985,,0,0,,0.3980532787873322,0.3796106550417985,0.0
volcanoes-a3,rfc-nosuite,0.6148836853013284,0.3745388842975419,0,0,0.6148836853013284,0.4329029583531223,0.4329029583531223,0.0
volcanoes-a3,rfc-nosuite,0.3786356426602397,,0,0,,0.3405605495744716,,0.0
volcanoes-a3,rfc-nosuite,0.7914828835965305,0.43813185526099985,0,0,0.45760958653726536,0.3333333333333333,0.3333333333333333,0.0
volcanoes-a3,rfc-nosuite,0.15222772246243738,,0,0,,0.09158415753082946,0.09158415753082946,0.0
volcanoes-a3,rfc-nosuite,0.13803680983566824,,0,0,0.7239263803286636,0.024539877589800578,,0.0
volcanoes-a3,rfc-nosuite,0.3064150939706876,,0,0,,0.3166037736682174,,0.0
volcanoes-a3,rfc-nosuite,0.30803571428849846,,0,0,0.3839285714230031,0.3203124992058162,,0.0
volcanoes-a3,rfc-nosuite,0.4189189188244336,,0,0,,0.1541541543242977,0.14614614629746261,0.0
volcanoes-a3,rfc-nosuite,0.31420397174304415,,0,0,,0.39414338498961515,0.39414338498961515,0.0
volcanoes-a3,rfc-nosuite,0.33268765150584145,,0,0,,0.4213075067340331,,0.0
volcanoes-a3,rfc-nosuite,0.19262295162567852,,0,0,0.053278689049022276,0.053278689049022276,0.053278689049022276,0.0
volcanoes-a3,rfc-nosuite,0.3971840207355105,0.5361820553845073,0,0,0.5361820553845073,0.5361820553845073,0.5361820553845073,0.0
volcanoes-a3,rfc-nosuite,0.33001371622752695,,0,0,,0.33001371622752695,0.43365734297777403,0.0
volcanoes-a3,rfc-nosuite,0.6445058663779517,0.40304044197884176,0,0,0.40304044197884176,0.3333333333333333,0.40304044197884176,
volcanoes-a3,rfc-nosuite,0.29823316966412183,0.435517152873902,0,0,0.435517152873902,0.435517152873902,,0.0
volcanoes-a3,rfc-nosuite,0.35631370341539526,,0,0,0.2120611554096973,0.2120611554096973,0.2120611554096973,0.0
volcanoes-a3,rfc-nosuite,0.39688888880682216,0.4888888887288394,0,0,0.4888888887288394,0.4888888887288394,0.4888888887288394,0.0
volcanoes-a3,rfc-nosuite,0.2820512820130127,,0,0,,0.07692307653272969,0.07692307653272969,0.0
volcanoes-a3,rfc-nosuite,0.18683173893803223,,0,0,,0.07315700560283181,0.07315700560283181,0.0
volcanoes-a3,rfc-nosuite,0.47891601433225794,0.7298212824232847,0,0,,0.3859946268793844,0.7298212824232847,0.0
volcanoes-a3,rfc-nosuite,0.14414414463027095,,0,0,,0.11711711714829727,,0.0
volcanoes-a3,rfc-nosuite,0.32284382269552125,0.4428904425139756,0,0,0.4428904425139756,0.4428904425139756,0.4428904425139756,0.0
volcanoes-a3,rfc-nosuite,0.25525087525825896,,0,0,0.32847141159905296,0.32847141159905296,0.32847141159905296,0.0
volcanoes-a3,rfc-nosuite,0.21441009863314325,0.21441009863314325,0,0,0.21441009863314325,0.21038310645724403,0.3968219428593276,0.0
volcanoes-a3,rfc-nosuite,0.41406663180042713,,0,0,,0.12295081938737777,,0.0
volcanoes-a3,rfc-nosuite,0.4144645338027463,,0,0,,0.24408901269473499,0.24408901269473499,0.0
volcanoes-a3,rfc-nosuite,0.37638015972457883,0.43073721707266427,0,0,0.43073721707266427,0.43073721707266427,,0.0
volcanoes-a3,rfc-nosuite,0.2937559129424866,,0,0,,0.010406811751508652,0.010406811751508652,0.0
volcanoes-a3,rfc-nosuite,0.2173913043478261,,0,0,0.5652173913043478,0.0,,0.0
volcanoes-a3,rfc-nosuite,0.4444444444444445,,0,0,,0.002178649237472767,0.002178649237472767,0.0
volcanoes-a3,rfc-nosuite,0.4274809151973585,,0,0,0.1450381696052829,0.5190839690366467,0.5190839690366467,0.0
volcanoes-a3,rfc-nosuite,0.4002659573289735,,0,0,,0.029255319562470117,0.029255319562470117,0.0
volcanoes-a3,rfc-nosuite,0.22574646156055667,0.23762785282563842,0,0,0.23762785282563842,0.22574646156055667,0.22574646156055667,0.0
volcanoes-a3,rfc-nosuite,0.38616462373120275,,0,0,0.2959719796154262,0.2959719796154262,0.2959719796154262,0.0
volcanoes-a3,rfc-nosuite,0.2953488370053079,,0,0,0.40930232598938415,0.11162790667453025,0.11162790667453025,0.0
volcanoes-a3,rfc-nosuite,0.3365721570268928,0.3365721570268928,0,0,0.4646384205783101,0.4646384205783101,,0.0
volcanoes-a3,rfc-nosuite,0.34938892864917037,0.34938892864917037,0,0,,0.4708842551288612,0.34938892864917037,0.0
volcanoes-a3,rfc-nosuite,0.40481717946828666,,0,0,0.5101567035213849,0.2994776554151885,0.2994776554151885,0.0
volcanoes-a3,rfc-nosuite,0.4398507765333171,0.5703188868458623,0,0,0.5703188868458623,0.5703188868458623,,0.0
volcanoes-a3,rfc-nosuite,0.2829071973138189,,0,0,0.10606060681876887,0.10606060681876887,0.10606060681876887,0.0
volcanoes-a3,rfc-nosuite,0.4184636118018594,,0,0,,0.013477089008161493,0.013477089008161493,0.0
volcanoes-a3,rfc-nosuite,0.3775279883441413,0.3333333333333333,0,0,0.3333333333333333,0.3333333333333333,0.3333333333333333,0.0
volcanoes-a3,rfc-nosuite,0.14642857189898434,,0,0,,0.07142857183246133,0.07142857183246133,0.0
volcanoes-a3,rfc-nosuite,0.1857142861419339,,0,0,1.9956912626501134e-09,0.3142857148559118,1.9956912626501134e-09,0.0
volcanoes-a3,rfc-nosuite,0.3244058849766993,,0,0,0.16823840210379556,0.2597133160751985,0.16823840210379556,0.0
volcanoes-a3,rfc-nosuite,0.16992187504583,,0,0,,0.08593750006394885,0.08593750006394885,0.0
volcanoes-a3,rfc-nosuite,0.3942629484478922,,0,0,,0.2895617530358106,,0.0
volcanoes-a3,rfc-nosuite,0.4289693592526202,,0,0,0.2116991644201953,0.4289693592526202,,0.0
volcanoes-a3,rfc-nosuite,0.34200000010170045,,0,0,,0.0019999999536201344,,0.0
volcanoes-a3,rfc-nosuite,0.34646739108591434,,0,0,,0.14130434783227633,0.14130434783227633,0.0
volcanoes-a4,rfc-nosuite,0.0,,0,0,,0.0,,0.0
volcanoes-a4,rfc-nosuite,0.15441176447551896,,0,0,0.15808823497878416,0.15441176447551896,,0.0
volcanoes-a4,rfc-nosuite,0.3719034708409845,0.3719034708409845,0,0,0.3719034708409845,0.3333333333333333,0.3333333333333333,0.0
volcanoes-a4,rfc-nosuite,0.5559980081410206,,0,0,,0.5559980081410206,0.5559980081410206,0.0
volcanoes-a4,rfc-nosuite,0.03278688512303286,,0,0,,0.03278688512303286,,0.0
volcanoes-a4,rfc-nosuite,0.35867925852967536,0.43559681124987826,0,0,0.43559681124987826,0.35867925852967536,0.2826414829406493,
volcanoes-a4,rfc-nosuite,0.2267587938134201,,0,0,,0.2267587938134201,0.2267587938134201,0.0
volcanoes-a4,rfc-nosuite,0.40846893522497624,0.6279585791364609,0,0,0.6279585791364609,0.4055103543432542,0.6279585791364609,0.0
volcanoes-a4,rfc-nosuite,0.727045074344615,,0,0,,0.727045074344615,0.727045074344615,0.0
volcanoes-a4,rfc-nosuite,0.5575589473256235,,0,0,,0.5575589473256235,0.5575589473256235,0.0
volcanoes-a4,rfc-nosuite,0.22775800600902926,,0,0,,0.22775800600902926,0.22775800600902926,0.0
volcanoes-a4,rfc-nosuite,0.021914648936932523,,0,0,0.3194925028399255,0.3194925028399255,0.021914648936932523,0.0
volcanoes-a4,rfc-nosuite,0.08489208621843038,,0,0,,,0.08489208621843038,0.0
volcanoes-a4,rfc-nosuite,0.06481481481481483,,0,0,,0.06481481481481483,0.06481481481481483,0.0
volcanoes-a4,rfc-nosuite,0.3073593073671614,,0,0,0.2943722942328866,0.3073593073671614,,0.0
volcanoes-a4,rfc-nosuite,0.341772151779353,,0,0,0.286919832224068,0.341772151779353,0.341772151779353,0.0
volcanoes-a4,rfc-nosuite,0.0,,0,0,,0.0,0.0,0.0
volcanoes-a4,rfc-nosuite,0.21176470588235294,,0,0,0.611764705882353,0.21176470588235294,0.21176470588235294,0.0
volcanoes-a4,rfc-nosuite,0.2307692319773643,,0,0,,0.2307692319773643,0.2307692319773643,0.0
volcanoes-a4,rfc-nosuite,0.09230769182384542,,0,0,,0.09230769182384542,0.09230769182384542,0.0
volcanoes-a4,rfc-nosuite,0.3099476437265504,,0,0,,0.3099476437265504,0.3099476437265504,0.0
volcanoes-a4,rfc-nosuite,0.3395924601415174,0.3395924601415174,0,0,0.3395924601415174,0.4125835829665459,0.4125835829665459,0.0
volcanoes-a4,rfc-nosuite,0.014285714285714287,,0,0,,0.014285714285714287,0.014285714285714287,0.0
volcanoes-a4,rfc-nosuite,0.0625000000779567,,0,0,,0.0625000000779567,,0.0
volcanoes-a4,rfc-nosuite,0.42073170707448687,0.5470811658572974,0,0,0.5470811658572974,0.42073170707448687,0.5470811658572974,
volcanoes-a4,rfc-nosuite,0.47970926739346226,,0,0,0.3640218047730885,0.47970926739346226,0.47970926739346226,0.0
volcanoes-a4,rfc-nosuite,0.36874999999999997,,0,0,,0.36874999999999997,0.36874999999999997,0.0
volcanoes-a4,rfc-nosuite,0.4511433755867875,0.5721597091276575,0,0,0.33493647897704126,0.3333333333333333,0.33493647897704126,0.0
volcanoes-a4,rfc-nosuite,0.41799339112775163,,0,0,0.36287173320155247,0.4731150490539508,0.4731150490539508,0.0
volcanoes-a4,rfc-nosuite,0.6994125323778893,,0,0,,0.6994125323778893,,0.0
volcanoes-a4,rfc-nosuite,0.4425629178239764,,0,0,0.6217558002314634,0.26337003541648946,,0.0
volcanoes-a4,rfc-nosuite,0.2275280900983594,,0,0,,0.2275280900983594,0.2275280900983594,0.0
volcanoes-a4,rfc-nosuite,0.4034927988367428,0.4034927988367428,0,0,0.182916734792318,0.4034927988367428,,0.0
volcanoes-a4,rfc-nosuite,0.28324501661400703,0.29245521045147693,0,0,0.4335099667719858,0.28324501661400703,,0.0
volcanoes-a4,rfc-nosuite,0.38374456603830515,0.38374456603830515,0,0,0.3333333333333333,0.38374456603830515,0.4088407291344973,0.0
volcanoes-a4,rfc-nosuite,0.42736897759612746,0.30111169953508715,0,0,,0.42736897759612746,,0.0
volcanoes-a4,rfc-nosuite,0.34107142878330987,,0,0,,0.34107142878330987,0.34107142878330987,0.0
volcanoes-a4,rfc-nosuite,0.3072916667320366,,0,0,,0.4088541666226131,,0.0
volcanoes-a4,rfc-nosuite,0.23199655246592454,,0,0,0.24342388974722265,0.23199655246592454,0.23199655246592454,0.0
volcanoes-a4,rfc-nosuite,0.453676170980175,0.453676170980175,0,0,0.3333333333333333,0.3333333333333333,0.3333333333333333,0.0
volcanoes-a4,rfc-nosuite,0.26780626720359657,,0,0,,0.26780626720359657,0.26780626720359657,0.0
volcanoes-a4,rfc-nosuite,0.3750113457675311,0.3016247607018683,0,0,0.3016247607018683,0.3750113457675311,0.3016247607018683,
volcanoes-a4,rfc-nosuite,0.4255517567297652,0.4255517567297652,0,0,,0.4255517567297652,0.4255517567297652,0.0
volcanoes-a4,rfc-nosuite,0.4769607836922227,,0,0,,0.4769607836922227,0.4769607836922227,0.0
volcanoes-a4,rfc-nosuite,0.8032326049405499,,0,0,,0.8032326049405499,0.8032326049405499,0.0
volcanoes-a4,rfc-nosuite,0.2762589931900748,,0,0,0.3285371693468951,0.2762589931900748,,0.0
volcanoes-a4,rfc-nosuite,0.6721166590438583,0.25320371142585363,0,0,,0.6721166590438583,0.6721166590438583,0.0
volcanoes-a4,rfc-nosuite,0.1616349283507398,0.12378077139946855,0,0,,0.1616349283507398,,0.0
volcanoes-a4,rfc-nosuite,0.31068147047577155,,0,0,,0.3035987746358366,0.3035987746358366,0.0
volcanoes-a4,rfc-nosuite,0.049180328040925626,,0,0,0.27595628411129075,0.049180328040925626,0.049180328040925626,0.0
volcanoes-e1,rfc-nosuite,0.12393162429263135,,0,0,,0.12393162429263135,,0.0
volcanoes-e1,rfc-nosuite,0.3161367729431776,,0,0,,,0.3161367729431776,0.0
volcanoes-e1,rfc-nosuite,0.27372262546616916,,0,0,,,0.328467153567507,0.0
volcanoes-e1,rfc-nosuite,0.1687170468486677,,0,0,,0.1687170468486677,0.1687170468486677,0.0
volcanoes-e1,rfc-nosuite,0.3778371133761004,,0,0,,0.3778371133761004,,0.0
volcanoes-e1,rfc-nosuite,0.26762972119842304,0.44767484150133435,0,0,0.46474055760315397,0.44767484150133435,0.46474055760315397,0.0
volcanoes-e1,rfc-nosuite,0.3366214547715607,,0,0,,,,0.0
volcanoes-e1,rfc-nosuite,0.2905375392530674,,0,0,,,0.3203020891585019,0.0
volcanoes-e1,rfc-nosuite,0.48717948785047627,,0,0,,,,0.0
volcanoes-e1,rfc-nosuite,0.41746436915274043,0.615188257977059,0,0,0.615188257977059,0.615188257977059,,0.0
volcanoes-e1,rfc-nosuite,0.5954295393986682,,0,0,0.04782056729333841,0.5954295393986682,,0.0
volcanoes-e1,rfc-nosuite,0.42369534535955883,,0,0,0.1779971790063903,,0.1779971790063903,0.0
volcanoes-e1,rfc-nosuite,0.06253682975195628,,0,0,,,,0.0
volcanoes-e1,rfc-nosuite,0.3985545330374358,0.3985545330374358,0,0,0.3044678059398097,0.3333333333333333,0.20289093392512828,0.0
volcanoes-e1,rfc-nosuite,0.18279090541137905,0.18279090541137905,0,0,0.6344181891772418,0.3713776188417519,,0.0
volcanoes-e1,rfc-nosuite,0.2690508022297814,,0,0,0.13168449150043632,,,0.0
volcanoes-e1,rfc-nosuite,0.37630876623910486,,0,0,0.2814617121977577,0.43707657560448454,0.43707657560448454,0.0
volcanoes-e1,rfc-nosuite,0.2948179279560956,,0,0,,,,0.0
volcanoes-e1,rfc-nosuite,0.30088209949295036,0.3291738381905902,0,0,,0.30088209949295036,0.34165232361881964,0.0
volcanoes-e1,rfc-nosuite,0.1585365859623986,0.15344440381439026,0,0,0.15344440381439026,0.4181856159447965,,
volcanoes-e1,rfc-nosuite,0.31503482216479406,,0,0,,0.13232281898944753,0.13232281898944753,0.0
volcanoes-e1,rfc-nosuite,0.24101796453911004,,0,0,,0.24101796453911004,,0.0
volcanoes-e1,rfc-nosuite,0.41630901208111437,0.49871244497893,0,0,0.33390557918329866,0.41630901208111437,0.33390557918329866,0.0
volcanoes-e1,rfc-nosuite,0.44484536017343107,0.3333333333333333,0,0,0.4243205252174697,0.4243205252174697,0.15135894956506069,0.0
volcanoes-e1,rfc-nosuite,0.4045801522570702,0.5557251896095158,0,0,,,0.2221374051952421,0.0
volcanoes-e1,rfc-nosuite,0.610209734355072,,0,0,,0.194895132822464,,0.0
volcanoes-e1,rfc-nosuite,0.2826271186294699,,0,0,,0.02118644093832039,,0.0
volcanoes-e1,rfc-nosuite,0.27804107395173117,,0,0,0.44391785209653783,0.1216429696556039,,0.0
volcanoes-e1,rfc-nosuite,0.29152249128428387,0.4169550174314323,0,0,0.316608997053494,0.316608997053494,0.316608997053494,0.0
volcanoes-e1,rfc-nosuite,0.3455834947029388,0.35163693694452713,0,0,0.30277956835253406,0.35163693694452713,0.30277956835253406,0.0
volcanoes-e1,rfc-nosuite,0.2554790230041504,0.3603631808572574,0,0,,,0.27927363828548524,0.0
volcanoes-e1,rfc-nosuite,0.41461449883059787,0.3318469506878837,0,0,0.33630609862423266,0.41461449883059787,0.33630609862423266,0.0
volcanoes-e1,rfc-nosuite,0.41887675521699663,,0,0,,,,0.0
volcanoes-e1,rfc-nosuite,0.3798277979039497,0.5043050426069043,0,0,0.5043050426069043,0.3798277979039497,0.5043050426069043,0.0
volcanoes-e1,rfc-nosuite,0.39997378717043275,,0,0,0.33971166412749315,0.33014416793625345,0.33014416793625345,0.0
volcanoes-e1,rfc-nosuite,0.388888888560269,0.12792792767565223,0,0,0.4831831837640787,0.388888888560269,0.388888888560269,0.0
volcanoes-e1,rfc-nosuite,0.43093220313695074,0.13813559372609852,0,0,0.6544915245426076,,0.1727542377286962,0.0
volcanoes-e1,rfc-nosuite,0.03261379644508579,,0,0,,0.9347724071098283,,0.0
volcanoes-e1,rfc-nosuite,0.3301886796222322,0.3057461403278877,0,0,0.27186963990023993,0.3301886796222322,0.27186963990023993,0.0
volcanoes-e1,rfc-nosuite,0.39057447495581044,0.20343997193278537,0,0,0.21885105008837913,0.39057447495581044,0.21885105008837913,0.0
volcanoes-e1,rfc-nosuite,0.4183454777778371,,0,0,,0.4183454777778371,0.4183454777778371,0.0
volcanoes-e1,rfc-nosuite,0.27412280706132497,0.45175438587734995,0,0,0.331140351425969,0.27412280706132497,0.331140351425969,0.0
volcanoes-e1,rfc-nosuite,0.5653104931143628,,0,0,,0.5653104931143628,0.5653104931143628,0.0
volcanoes-e1,rfc-nosuite,0.08420320087465455,,0,0,0.374739039708439,,,0.0
volcanoes-e1,rfc-nosuite,0.4300311092340548,,0,0,0.38728277170926245,,0.18268611905668264,0.0
volcanoes-e1,rfc-nosuite,0.2939110078230442,,0,0,,0.22716627607160636,,0.0
volcanoes-e1,rfc-nosuite,0.4164858999179947,,0,0,,0.13015184404161143,0.13015184404161143,0.0
volcanoes-e1,rfc-nosuite,0.2559126738239256,0.34930260653448425,0,0,,,,0.0
volcanoes-e1,rfc-nosuite,0.397051148285431,,0,0,,0.397051148285431,,0.0
volcanoes-e1,rfc-nosuite,0.2992424245447236,,0,0,,0.28374655638437674,0.4325068872312464,0.0
volcanoes-e2,rfc-nosuite,0.16444073460018088,,0,0,,,0.09265442413686838,0.0
volcanoes-e2,rfc-nosuite,0.4010243628601892,0.43023255697047963,0,0,,,,0.0
volcanoes-e2,rfc-nosuite,0.3548174215971569,,0,0,,0.635723712614653,0.635723712614653,0.0
volcanoes-e2,rfc-nosuite,0.2260111025683755,,0,0,,,0.11498810515464325,0.0
volcanoes-e2,rfc-nosuite,0.2393992940953513,,0,0,,,0.28091872859415895,0.0
volcanoes-e2,rfc-nosuite,0.33982633193296985,,0,0,,,,0.0
volcanoes-e2,rfc-nosuite,0.3731707321518065,,0,0,,0.4662020908498562,,0.0
volcanoes-e2,rfc-nosuite,0.3606210302541536,,0,0,,,0.4453069869419774,0.0
volcanoes-e2,rfc-nosuite,0.12538913928463738,0.7492217214307252,0,0,,,,0.0
volcanoes-e2,rfc-nosuite,0.3535582536635099,0.3333333333333333,0,0,0.3525976023792373,,0.41231171208549455,
volcanoes-e2,rfc-nosuite,0.196517695054086,0.3958711436978384,0,0,,,,0.0
volcanoes-e2,rfc-nosuite,0.3724279836959475,,0,0,,,0.27489712020787405,0.0
volcanoes-e2,rfc-nosuite,0.13062330625627,,0,0,,0.1252032518901349,0.1252032518901349,0.0
volcanoes-e2,rfc-nosuite,0.18020719773100288,,0,0,,,0.07279171202944189,0.0
volcanoes-e2,rfc-nosuite,0.3830022076662353,,0,0,,,,0.0
volcanoes-e2,rfc-nosuite,0.3482803654984009,0.36134087883816396,0,0,,,,0.0
volcanoes-e2,rfc-nosuite,0.0965665211580031,,0,0,,,0.08583690719636616,0.0
volcanoes-e2,rfc-nosuite,0.3401662052978405,0.295844875281257,0,0,0.295844875281257,,,0.0
volcanoes-e2,rfc-nosuite,0.33553791923851617,,0,0,,,0.16578483272960182,0.0
volcanoes-e2,rfc-nosuite,0.21735330824075377,,0,0,,,,0.0
volcanoes-e2,rfc-nosuite,0.3866050806078931,,0,0,0.38475750630387157,,0.38475750630387157,0.0
volcanoes-e2,rfc-nosuite,0.4688841189056687,0.5407725308693074,0,0,0.5407725308693074,,0.5407725308693074,0.0
volcanoes-e2,rfc-nosuite,0.12430811682550075,0.16743542276746434,0,0,0.16743542276746434,0.16743542276746434,,0.0
volcanoes-e2,rfc-nosuite,0.4322368709265644,0.4322368709265644,0,0,0.18733075947924913,,0.4322368709265644,0.0
volcanoes-e2,rfc-nosuite,0.3268809352403892,,0,0,,,0.2658875091722707,0.0
volcanoes-e2,rfc-nosuite,0.32368421061854513,0.3192982461430458,0,0,,,,0.0
volcanoes-e2,rfc-nosuite,0.2187662000003065,,0,0,,,0.0710212554901799,0.0
volcanoes-e2,rfc-nosuite,0.19690265487979253,,0,0,,,0.08849557598159903,0.0
volcanoes-e2,rfc-nosuite,0.4018942251361266,0.3943508503245044,0,0,0.2952812000261255,,0.4018942251361266,0.0
volcanoes-e2,rfc-nosuite,0.36977611927821274,,0,0,,,,0.0
volcanoes-e2,rfc-nosuite,0.3125389890780282,,0,0,,,0.1048034933944103,0.0
volcanoes-e2,rfc-nosuite,0.3218056451513659,0.4962292602156268,0,0,0.4962292602156268,,,0.0
volcanoes-e2,rfc-nosuite,0.2904858306079282,,0,0,,,0.26639676169307,0.0
volcanoes-e2,rfc-nosuite,0.3627694858616964,,0,0,,,,0.0
volcanoes-e2,rfc-nosuite,0.3265060246139428,,0,0,,,0.20662650698978255,0.0
volcanoes-e2,rfc-nosuite,0.34214162341549104,,0,0,,,0.06424870488231041,0.0
volcanoes-e2,rfc-nosuite,0.38146551723566924,,0,0,,,,0.0
volcanoes-e2,rfc-nosuite,0.3235294116515731,,0,0,,,0.15206508128084487,0.0
volcanoes-e2,rfc-nosuite,0.39406139902832044,0.3716155003977388,0,0,0.3716155003977388,,,0.0
volcanoes-e2,rfc-nosuite,0.33127572011729295,,0,0,,,,0.0
volcanoes-e2,rfc-nosuite,0.2550548815269029,,0,0,,,0.01675332306624423,0.0
volcanoes-e2,rfc-nosuite,0.4302127655093748,0.5217021243044606,0,0,,,0.5217021243044606,0.0
volcanoes-e2,rfc-nosuite,0.4514682356983346,0.4514682356983346,0,0,0.3333333333333333,,0.3333333333333333,0.0
volcanoes-e2,rfc-nosuite,0.3199225475269911,,0,0,,,0.1325301205351587,0.0
volcanoes-e2,rfc-nosuite,0.4366562825488542,,0,0,,,,0.0
volcanoes-e2,rfc-nosuite,0.3665436650847853,0.41068743972124955,0,0,,,0.41068743972124955,0.0
volcanoes-e2,rfc-nosuite,0.34111143697560753,0.3880735739778612,0,0,0.3333333333333333,,0.3333333333333333,0.0
volcanoes-e2,rfc-nosuite,0.3808215595436824,0.3808215595436824,0,0,0.5172684461505302,,0.5172684461505302,0.0
volcanoes-e2,rfc-nosuite,0.3711790380973154,,0,0,,,0.25764192380536916,0.0
volcanoes-e2,rfc-nosuite,0.3948824346228874,,0,0,,,,0.0
yeast,rfc-nosuite,0.1841273786147664,0.24354455771289898,0,0,0.1887869700492999,,0.1841273786147664,0.0
yeast,rfc-nosuite,0.16666666666666666,0.16683837671290455,0,0,0.16436830919858686,,0.19813337009129148,0.0
yeast,rfc-nosuite,0.16666666666666663,0.18923216688682756,0,0,0.23219235249385053,,0.23221195293352787,0.0
yeast,rfc-nosuite,0.25113701984908704,0.2554813297187017,0,0,0.2624704579961961,,0.25113701984908704,0.0
yeast,rfc-nosuite,0.16666666666666663,0.3071753675818229,0,0,0.18111111112753514,,0.23346395684554877,0.0
yeast,rfc-nosuite,0.16666666666666666,0.1479189294281899,0,0,0.15058470675809515,,0.16666666666666666,0.0
yeast,rfc-nosuite,0.16666666666666666,0.28309008908548755,0,0,0.207015735811407,,0.21106837195723416,0.0
yeast,rfc-nosuite,0.17804793518491144,0.13631156171115633,0,0,0.16666666666666666,,0.16666666666666666,0.0
yeast,rfc-nosuite,0.07239577004270212,0.18091189362847396,0,0,0.16666666666666666,,0.18091189362847396,0.0
yeast,rfc-nosuite,0.1369388686939062,0.22220855115800162,0,0,0.16521757737136872,,0.1491838622186598,0.0
yeast,rfc-nosuite,0.16666666666666666,0.30497506404985,0,0,0.20970099250461505,,0.21219834313972888,0.0
yeast,rfc-nosuite,0.16666666666666666,0.21013736478423606,0,0,0.19681649661285738,,0.18280499535248348,0.0
yeast,rfc-nosuite,0.1666666666666667,0.12603013744177907,0,0,0.1691192664146442,,0.17120753293701052,0.0
yeast,rfc-nosuite,0.1478697841417415,0.1906572316923928,0,0,0.16351721797382812,,0.1666666666666667,0.0
yeast,rfc-nosuite,0.2824964052210846,0.3496028780334618,0,0,0.2824964052210846,,0.2824964052210846,0.0
yeast,rfc-nosuite,0.1915312012013805,0.3042198941096078,0,0,0.1915312012013805,,0.19531258094300089,0.0
yeast,rfc-nosuite,0.17266280138515416,0.17686093069258263,0,0,0.16244662342541732,,0.1938242387546759,0.0
yeast,rfc-nosuite,0.1837268572393566,0.19633274360833475,0,0,0.21978940992169957,,0.22965857154919575,0.0
yeast,rfc-nosuite,0.2202787250956461,0.26242614438676787,0,0,0.26242614438676787,,0.26242614438676787,0.0
yeast,rfc-nosuite,0.1274964702819832,0.15959275769273587,0,0,0.18887212436415463,,0.1697281358597803,0.0
yeast,rfc-nosuite,0.16666666666666666,0.24302676659458589,0,0,0.2293917647707824,,0.3008858895415992,0.0
yeast,rfc-nosuite,0.16666666666666666,0.19007832033307007,0,0,0.18089084876433853,,0.20184824338760374,0.0
yeast,rfc-nosuite,0.16666666666666666,0.23590113405281066,0,0,0.20702364672512108,,0.19466755459759247,0.0
yeast,rfc-nosuite,0.14289607078834482,0.16666666666666666,0,0,0.16652105834172853,,0.16302832515985616,0.0
yeast,rfc-nosuite,0.16111828931773758,0.25578593421203977,0,0,0.22363343329473262,,0.201397861647172,0.0
yeast,rfc-nosuite,0.1742261025757798,0.1590653329361569,0,0,0.1811070064241764,,0.1588429874476019,0.0
yeast,rfc-nosuite,0.1671294324819388,0.15159000077535356,0,0,0.15414256813834404,,0.15414256813834404,0.0
yeast,rfc-nosuite,0.17378184953299997,0.18025139728275988,0,0,0.20409370802666635,,0.18025139728275988,0.0
yeast,rfc-nosuite,0.17819692122773836,0.20340836435722212,0,0,0.17819692122773836,,0.16666666666666666,0.0
yeast,rfc-nosuite,0.12677947636857237,0.15213537164228685,0,0,0.18624547547499257,,0.16611425210356306,0.0
yeast,rfc-nosuite,0.13780336518068573,0.11994068374123948,0,0,0.14588470181303254,,0.17489648773653133,0.0
yeast,rfc-nosuite,0.19328113067045768,0.2866857608860151,0,0,0.21238843479239047,,0.17569540405134454,0.0
yeast,rfc-nosuite,0.1023806037889527,0.18888719839053644,0,0,0.15408509982917587,,0.18888719839053644,0.0
yeast,rfc-nosuite,0.16666666666666666,0.19991856008142558,0,0,0.16666666666666666,,0.16666666666666666,0.0
yeast,rfc-nosuite,0.15952530505261658,0.12707919205649662,0,0,0.12707919205649662,,0.12707919205649662,0.0
yeast,rfc-nosuite,0.16666666666666666,0.172431044392083,0,0,0.19914796149562636,,0.172431044392083,0.0
yeast,rfc-nosuite,0.17448794398047382,0.2522338716772598,0,0,0.19328372491881976,,0.16666666666666666,0.0
yeast,rfc-nosuite,0.2225949443017974,0.23470539688289044,0,0,0.2225949443017974,,0.27890259439218906,0.0
yeast,rfc-nosuite,0.18219534557081749,0.21946487251984395,0,0,0.1714779894735489,,0.1714779894735489,0.0
yeast,rfc-nosuite,0.1650134539420439,0.17361673799988242,0,0,0.18243270711093026,,0.17444369382905234,0.0
yeast,rfc-nosuite,0.16666666666666666,0.1494710680644157,0,0,0.24257322706290718,,0.24257322706290718,0.0
yeast,rfc-nosuite,0.1297833773108606,0.18824526379431328,0,0,0.19246804989402266,,0.19246804989402266,0.0
yeast,rfc-nosuite,0.12199082516386045,0.175250551990859,0,0,0.2277587270293734,,0.17646029336557792,0.0
yeast,rfc-nosuite,0.16666666666666666,0.34986445722224413,0,0,0.22029125422703488,,0.15328616731295802,0.0
yeast,rfc-nosuite,0.1757281111834487,0.21870060099237815,0,0,0.1885139821932163,,0.24215975017784655,0.0
yeast,rfc-nosuite,0.1666666666666667,0.2371194117142654,0,0,0.18835397058835787,,0.18835397058835787,0.0
yeast,rfc-nosuite,0.16999805300132698,0.17285915437515093,0,0,0.1889497370857558,,0.1853245736017248,0.0
yeast,rfc-nosuite,0.14431106704534882,0.16290996563904295,0,0,0.17662769712480084,,0.17662769712480084,0.0
yeast,rfc-nosuite,0.16666666666666666,0.2136191930567387,0,0,0.23174089469219664,,0.17365564694539812,0.0
yeast,rfc-nosuite,0.16666666666666666,0.18845987577804924,0,0,0.21088572608813105,,0.17702795906935176,0.0
rmftsa,rfc-nosuite,0.5,0.7758198948005295,0,0,0.7758198948005295,0.5,0.7758198948005295,0.0
rmftsa,rfc-nosuite,0.5,0.5,0,0,0.5,0.5,0.5,0.0
rmftsa,rfc-nosuite,0.5,0.4526699115258531,0,0,0.5,0.5,0.5,0.0
rmftsa,rfc-nosuite,0.49999999999999994,0.8663563761193898,0,0,0.8663563761193898,0.49999999999999994,0.49999999999999994,0.0
rmftsa,rfc-nosuite,0.5,0.5068790136567487,0,0,0.5068790136567487,0.4931209863432513,0.5068790136567487,0.0
rmftsa,rfc-nosuite,0.5,0.5,0,0,0.5,0.5,0.5,0.0
rmftsa,rfc-nosuite,0.5,0.5,0,0,0.5,0.4520486971353319,0.5,0.0
rmftsa,rfc-nosuite,0.49999999999999994,0.9101395568787315,0,0,0.49999999999999994,0.08986044312126844,0.49999999999999994,0.0
rmftsa,rfc-nosuite,0.5,0.5,0,0,0.6651111057691421,0.5,0.5,0.0
rmftsa,rfc-nosuite,0.5,0.8863095991468205,0,0,0.8863095991468205,0.1136904008531795,0.8863095991468205,0.0
rmftsa,rfc-nosuite,0.49999999999999994,0.8582793266539718,0,0,0.8582793266539718,0.49999999999999994,0.49999999999999994,0.0
rmftsa,rfc-nosuite,0.5,0.5722533153641921,0,0,0.5722533153641921,0.5,0.5722533153641921,0.0
rmftsa,rfc-nosuite,0.500012226956289,0.5,0,0,0.5,0.500012226956289,0.5,0.0
rmftsa,rfc-nosuite,0.49999999999999994,0.49999999999999994,0,0,0.49999999999999994,0.49999999999999994,0.510003270950902,0.0
rmftsa,rfc-nosuite,0.5,0.8738549674157187,0,0,0.8738549674157187,0.5,0.12614503258428145,0.0
rmftsa,rfc-nosuite,0.6831380755287505,0.5,0,0,0.5,0.5,0.6831380755287505,0.0
rmftsa,rfc-nosuite,0.5,0.5,0,0,0.5,0.5,0.5019950232808401,0.0
rmftsa,rfc-nosuite,0.5,0.8863095991468205,0,0,0.8863095991468205,0.1136904008531795,0.5,0.0
rmftsa,rfc-nosuite,0.5,0.5,0,0,0.5,0.5,0.5,0.0
rmftsa,rfc-nosuite,0.5,0.4738304619093737,0,0,0.4738304619093737,0.5,0.5,0.0
rmftsa,rfc-nosuite,0.5,0.7947873420343822,0,0,0.7947873420343822,0.5,0.20521265796561783,0.0
rmftsa,rfc-nosuite,0.5,0.5,0,0,0.47620541538124933,0.5237945846187507,0.5,0.0
rmftsa,rfc-nosuite,0.5,0.5,0,0,0.5,0.4288701130755616,0.5711298869244383,0.0
rmftsa,rfc-nosuite,0.5,0.518673190568725,0,0,0.518673190568725,0.5,0.518673190568725,0.0
rmftsa,rfc-nosuite,0.5,0.8260705437326745,0,0,0.8260705437326745,0.8260705437326745,0.8260705437326745,0.0
rmftsa,rfc-nosuite,0.49999999999999994,0.49999999999999994,0,0,0.5382865747427525,0.49999999999999994,0.46171342525724735,0.0
rmftsa,rfc-nosuite,0.5,0.37666861006952357,0,0,0.5,0.5,0.5,0.0
rmftsa,rfc-nosuite,0.5,0.5,0,0,0.5,0.5,0.1941891930546649,0.0
rmftsa,rfc-nosuite,0.5,0.4755632924164824,0,0,0.5,0.4755632924164824,0.4755632924164824,0.0
rmftsa,rfc-nosuite,0.5,0.5324946832631087,0,0,0.5,0.5324946832631087,0.5324946832631087,0.0
rmftsa,rfc-nosuite,0.5,0.5,0,0,0.1300861176925215,0.5,0.5,0.0
rmftsa,rfc-nosuite,0.3820607177895183,0.5,0,0,0.5,0.3820607177895183,0.3820607177895183,0.0
rmftsa,rfc-nosuite,0.49999999999999994,0.49999999999999994,0,0,0.49999999999999994,0.49999999999999994,0.510003270950902,0.0
rmftsa,rfc-nosuite,0.5,0.5,0,0,0.5,0.7909770329084322,0.5,0.0
rmftsa,rfc-nosuite,0.5,0.578524572363208,0,0,0.578524572363208,0.5,0.5,0.0
rmftsa,rfc-nosuite,0.5,0.5,0,0,0.5,0.5,0.5,0.0
rmftsa,rfc-nosuite,0.5,0.8038691610756028,0,0,0.5,0.5,0.5,0.0
rmftsa,rfc-nosuite,0.5,0.7608148775982975,0,0,0.5,0.5,0.5,0.0
rmftsa,rfc-nosuite,0.5,0.5,0,0,0.2558755848496689,0.2558755848496689,0.2558755848496689,0.0
rmftsa,rfc-nosuite,0.7203958364848148,0.2796041635151853,0,0,0.7203958364848148,0.2796041635151853,0.5,0.0
rmftsa,rfc-nosuite,0.5,0.6684856158886234,0,0,0.5,0.6684856158886234,0.5,0.0
rmftsa,rfc-nosuite,0.49999999999999994,0.49999999999999994,0,0,0.49999999999999994,0.5097221984993602,0.5097221984993602,0.0
rmftsa,rfc-nosuite,0.5,0.7070590895601369,0,0,0.5,0.2929409104398631,0.5,0.0
rmftsa,rfc-nosuite,0.5,0.8053165657527416,0,0,0.8053165657527416,0.5,0.8053165657527416,0.0
rmftsa,rfc-nosuite,0.5,0.8031824667312765,0,0,0.5,0.5,0.19681753326872353,0.0
rmftsa,rfc-nosuite,0.5,0.8863095991468205,0,0,0.8863095991468205,0.8863095991468205,0.8863095991468205,0.0
rmftsa,rfc-nosuite,0.5,0.7070590895601369,0,0,0.5,0.2929409104398631,0.5,0.0
rmftsa,rfc-nosuite,0.49999999999999994,0.49999999999999994,0,0,0.49999999999999994,0.49999999999999994,0.49999999999999994,0.0
rmftsa,rfc-nosuite,0.5,0.5,0,0,0.5,0.5,0.5,0.0
rmftsa,rfc-nosuite,0.5,0.5010150579399376,0,0,0.5010150579399376,0.5,0.5010150579399376,0.0
banknote-authentication,rfc-nosuite,0.32668711737414097,,0,0,0.32668711737414097,0.6211656415458728,0.32668711737414097,0.0
banknote-authentication,rfc-nosuite,0.10606060593690618,,0,0,0.5324675325499991,0.5324675325499991,0.10606060593690618,0.0
banknote-authentication,rfc-nosuite,0.2587567829627507,,0,0,0.2587567829627507,0.0037000486861221856,0.2587567829627507,0.0
banknote-authentication,rfc-nosuite,0.28022496933952984,0.5426326610702672,0,0,0.28022496933952984,0.3848531676077497,0.28022496933952984,0.0
banknote-authentication,rfc-nosuite,0.28098290556541505,0.7182400909351425,0,0,0.4137529128340306,0.28098290556541505,0.4137529128340306,0.0
banknote-authentication,rfc-nosuite,0.47075817888902016,0.47075817888902016,0,0,0.47075817888902016,0.47075817888902016,0.47075817888902016,0.0
banknote-authentication,rfc-nosuite,0.3043081408604955,0.628696602764787,0,0,0.3043081408604955,0.425794085358727,0.3043081408604955,0.0
banknote-authentication,rfc-nosuite,0.30606060566036813,,0,0,0.2545454549649345,0.3530303028725169,0.30606060566036813,0.0
banknote-authentication,rfc-nosuite,0.325606060669478,0.7213636368157654,0,0,0.4484090909985021,0.37227272740366557,0.325606060669478,0.0
banknote-authentication,rfc-nosuite,0.06638588258441402,,0,0,0.06638588258441402,0.25972723551748406,0.2695547551519889,0.0
banknote-authentication,rfc-nosuite,0.32703781562871254,0.5611822407785333,0,0,0.4387062873926183,0.32703781562871254,0.4387062873926183,0.0
banknote-authentication,rfc-nosuite,0.6962209319978828,,0,0,0.37572674486669183,0.314922480754833,0.43968023282973356,0.0
banknote-authentication,rfc-nosuite,0.16716269569758513,,0,0,0.22315917065548954,0.254960316081089,0.16716269569758513,0.0
banknote-authentication,rfc-nosuite,0.2171052631333109,,0,0,0.2171052631333109,0.33725761565802354,0.297783933049343,0.0
banknote-authentication,rfc-nosuite,0.3326797384733217,,0,0,0.496732025730377,0.3326797384733217,0.496732025730377,0.0
banknote-authentication,rfc-nosuite,0.30253623185076656,0.6035079045927325,0,0,0.3787055333651412,0.34794960452021634,0.3787055333651412,0.0
banknote-authentication,rfc-nosuite,0.2598382010367225,0.5008227063473695,0,0,0.32723159180147565,0.31293706292729284,0.32723159180147565,0.0
banknote-authentication,rfc-nosuite,0.32938995095573936,0.7440457532340836,0,0,0.32938995095573936,0.32938995095573936,0.32938995095573936,0.0
banknote-authentication,rfc-nosuite,0.3154093091118899,,0,0,0.25321027089367604,0.25321027089367604,0.3154093091118899,0.0
banknote-authentication,rfc-nosuite,0.2588201278649322,,0,0,0.22353961640520337,0.2345286306385334,0.2345286306385334,0.0
banknote-authentication,rfc-nosuite,0.42814171106467924,0.4568850268845819,0,0,0.42814171106467924,0.28676470576294344,0.42814171106467924,0.0
banknote-authentication,rfc-nosuite,0.3192398913917275,0.3896243587124763,0,0,0.3192398913917275,0.4071653149567496,0.3192398913917275,0.0
banknote-authentication,rfc-nosuite,0.24976258221468228,,0,0,0.25071225335595326,0.29914529718675953,0.27492877586835807,0.0
banknote-authentication,rfc-nosuite,0.31284916332352974,,0,0,0.31284916332352974,0.39106145265857284,0.31036623244420386,0.0
banknote-authentication,rfc-nosuite,0.3219961568147866,0.39725330534814257,0,0,0.45430654411207627,0.3219961568147866,0.45430654411207627,0.0
banknote-authentication,rfc-nosuite,0.45737547947800267,,0,0,0.01580459773090116,0.4556992340390739,0.2365900386044519,0.0
banknote-authentication,rfc-nosuite,0.3167877322066253,,0,0,0.4636803873973253,0.3167877322066253,0.4636803873973253,0.0
banknote-authentication,rfc-nosuite,0.06446991451265373,,0,0,0.2757879655248642,0.2757879655248642,0.2757879655248642,0.0
banknote-authentication,rfc-nosuite,0.48318458531852726,0.9588628167447223,0,0,0.9588628167447223,0.48318458531852726,0.9588628167447223,0.0
banknote-authentication,rfc-nosuite,0.25469992798324737,,0,0,0.2827187275585544,0.2827187275585544,0.2827187275585544,0.0
banknote-authentication,rfc-nosuite,0.3186511790815902,,0,0,0.3186511790815902,0.23910938734009818,0.3814133595185211,0.0
banknote-authentication,rfc-nosuite,0.24630242931936053,,0,0,0.29370861099604095,0.49453642479133453,0.29370861099604095,0.0
banknote-authentication,rfc-nosuite,0.33148122976653355,0.1042445456716883,0,0,0.3395126758246648,0.44509957181395615,0.6734690409489302,0.0
banknote-authentication,rfc-nosuite,0.0,,0,0,0.2648026314134243,0.0,0.2648026314134243,0.0
banknote-authentication,rfc-nosuite,0.2601366239929832,0.5922212417554307,0,0,0.25,0.5922212417554307,0.2601366239929832,0.0
banknote-authentication,rfc-nosuite,0.0,,0,0,0.26027397252245704,0.26027397252245704,0.0,0.0
banknote-authentication,rfc-nosuite,0.2666666675697673,,0,0,0.3242424245563928,0.3242424245563928,0.3242424245563928,0.0
banknote-authentication,rfc-nosuite,0.5376266304314226,,0,0,0.5376266304314226,0.3039073819253474,0.3039073819253474,0.0
banknote-authentication,rfc-nosuite,0.2143179769979058,,0,0,0.3079268292040888,0.4254742541046447,0.3079268292040888,0.0
banknote-authentication,rfc-nosuite,0.0,,0,0,0.0032467531642866657,0.15584415596785572,0.0032467531642866657,0.0
banknote-authentication,rfc-nosuite,0.03846154037309187,,0,0,0.37500000032054925,0.07342657432833818,0.07342657432833818,0.0
banknote-authentication,rfc-nosuite,0.41610367252380226,0.41610367252380226,0,0,0.41610367252380226,0.41610367252380226,0.41610367252380226,0.0
banknote-authentication,rfc-nosuite,0.1247954739218576,0.35935369408330636,0,0,0.4200299967883633,0.32161848916619473,0.4200299967883633,0.0
banknote-authentication,rfc-nosuite,0.32152985364212006,0.4245420403560566,0,0,0.4245420403560566,0.4245420403560566,0.77182494078708,0.0
banknote-authentication,rfc-nosuite,0.28597883595831636,,0,0,0.37208994648054966,0.28597883595831636,0.28597883595831636,0.0
banknote-authentication,rfc-nosuite,0.3297424467456542,0.8889301634808703,0,0,0.8889301634808703,0.3297424467456542,0.3297424467456542,0.0
banknote-authentication,rfc-nosuite,0.0,,0,0,0.2800000012945384,0.2800000012945384,0.2800000012945384,0.0
banknote-authentication,rfc-nosuite,0.32324921427542846,0.3397689261113579,0,0,0.32324921427542846,0.4876862257260444,0.32324921427542846,0.0
banknote-authentication,rfc-nosuite,0.0031659883833420385,,0,0,0.0031659883833420385,0.2375621888178281,0.0031659883833420385,0.0
banknote-authentication,rfc-nosuite,0.32817517924395045,0.4440081826535619,0,0,0.31146891924270015,0.30116360919175744,0.5264286660606727,0.0
volcanoes-a2,rfc-nosuite,0.2561869837333112,0.36571952308755973,0,0,0.37809349317912905,0.31714023845622014,0.31714023845622014,0.0
volcanoes-a2,rfc-nosuite,0.2775416789975736,0.3725073550238681,0,0,0.25498528995226377,0.36122916050121323,,0.0
volcanoes-a2,rfc-nosuite,0.16666666666666666,,0,0,,0.3333333333333333,0.0,0.0
volcanoes-a2,rfc-nosuite,0.45008183307003635,,0,0,0.875613747758527,0.024549918381545705,,0.0
volcanoes-a2,rfc-nosuite,0.4610110798305902,0.4610110798305902,0,0,0.14480609424132315,0.4610110798305902,,0.0
volcanoes-a2,rfc-nosuite,0.2698412698412698,,0,0,,0.0,,0.0
volcanoes-a2,rfc-nosuite,0.41413474219198887,,0,0,0.7661822977869358,0.062087186597041905,0.062087186597041905,0.0
volcanoes-a2,rfc-nosuite,0.24901185776520923,,0,0,0.24901185776520923,0.14723320164595646,,0.0
volcanoes-a2,rfc-nosuite,0.4627236584999994,,0,0,0.07455268300000108,0.4627236584999994,0.8011928422320076,0.0
volcanoes-a2,rfc-nosuite,0.3690296632351487,,0,0,0.577174459630335,0.577174459630335,,0.0
volcanoes-a2,rfc-nosuite,0.3052747006782329,0.40396624763968647,0,0,0.38945059864353404,0.3052747006782329,0.38945059864353404,0.0
volcanoes-a2,rfc-nosuite,0.35370950872134216,,0,0,0.1828631139979642,0.5245559034447201,,0.0
volcanoes-a2,rfc-nosuite,0.26375938373098806,0.43566202824020367,0,0,0.43566202824020367,0.3988428239423835,0.43566202824020367,0.0
volcanoes-a2,rfc-nosuite,0.3419354842009179,0.3419354842009179,0,0,0.3419354842009179,0.3012288789814388,0.3419354842009179,0.0
volcanoes-a2,rfc-nosuite,0.36926605504587157,,0,0,0.26146788990825687,0.001965923984272608,,0.0
volcanoes-a2,rfc-nosuite,0.3445229684948452,,0,0,0.23674911588912667,0.4522968211005637,0.4522968211005637,0.0
volcanoes-a2,rfc-nosuite,0.4276629566618669,,0,0,0.4141494436630758,0.4276629566618669,0.17170111267384838,0.0
volcanoes-a2,rfc-nosuite,0.4520298007582357,,0,0,0.23399726321973027,0.23399726321973027,0.23399726321973027,0.0
volcanoes-a2,rfc-nosuite,0.4159388646708887,,0,0,0.4126637544571052,0.4126637544571052,0.4126637544571052,0.0
volcanoes-a2,rfc-nosuite,0.3758278144483397,,0,0,,0.5380794697987069,,0.0
volcanoes-a2,rfc-nosuite,0.47594501674184353,,0,0,0.04810996651631293,0.17182130582451086,0.17182130582451086,0.0
volcanoes-a2,rfc-nosuite,0.24686595948963316,,0,0,,0.04982320852572502,0.04982320852572502,0.0
volcanoes-a2,rfc-nosuite,0.4070588235294118,,0,0,0.0023529411764705885,0.0023529411764705885,,0.0
volcanoes-a2,rfc-nosuite,0.36986715006140247,0.5301932372751272,0,0,0.2095410628476777,0.3333333333333333,,0.0
volcanoes-a2,rfc-nosuite,0.3329129895136882,,0,0,0.33417402097262355,0.2761664587821858,0.2761664587821858,0.0
volcanoes-a2,rfc-nosuite,0.1607142865606726,,0,0,,0.09523809666358898,0.09523809666358898,0.0
volcanoes-a2,rfc-nosuite,0.36718749999999994,,0,0,0.22656249999999997,0.22656249999999997,,0.0
volcanoes-a2,rfc-nosuite,0.3903628560801682,,0,0,,0.07023019899002975,0.07023019899002975,0.0
volcanoes-a2,rfc-nosuite,0.3421750663129974,,0,0,0.002652519893899204,0.002652519893899204,,0.0
volcanoes-a2,rfc-nosuite,0.3034188038168045,,0,0,0.34188034377084714,0.34188034377084714,0.34188034377084714,0.0
volcanoes-a2,rfc-nosuite,0.07758620707304344,,0,0,,0.025862069526138006,0.025862069526138006,0.0
volcanoes-a2,rfc-nosuite,0.22727272727272727,,0,0,0.5454545454545455,0.22727272727272727,0.0,0.0
volcanoes-a2,rfc-nosuite,0.26503436385705587,,0,0,,0.4576890024289675,,0.0
volcanoes-a2,rfc-nosuite,0.15500000000000003,,0,0,0.0,0.0,0.0,0.0
volcanoes-a2,rfc-nosuite,0.32766705760031134,,0,0,0.3446658847993774,0.4331770224572266,0.4331770224572266,0.0
volcanoes-a2,rfc-nosuite,0.28308823544517553,,0,0,0.30882352756885767,0.3455882362155711,,0.0
volcanoes-a2,rfc-nosuite,0.4648711946635193,,0,0,,0.159250585537047,0.159250585537047,0.0
volcanoes-a2,rfc-nosuite,0.39858310579689626,0.3333333333333333,0,0,0.3333333333333333,0.39858310579689626,0.3333333333333333,0.0
volcanoes-a2,rfc-nosuite,0.3137254901960784,,0,0,,0.0,0.0,0.0
volcanoes-a2,rfc-nosuite,0.2655607537894496,0.2655607537894496,0,0,0.2655607537894496,0.2655607537894496,0.2655607537894496,0.0
volcanoes-a2,rfc-nosuite,0.22142857142857145,,0,0,0.04285714285714285,0.04285714285714285,0.04285714285714285,0.0
volcanoes-a2,rfc-nosuite,0.25373563225660417,,0,0,0.014367816195541975,0.2534482758411668,,0.0
volcanoes-a2,rfc-nosuite,0.44351230485113746,,0,0,,0.34787471930727965,0.34787471930727965,0.0
volcanoes-a2,rfc-nosuite,0.35242641208167347,,0,0,0.19451074002655672,0.09387430421646051,0.09387430421646051,0.0
volcanoes-a2,rfc-nosuite,0.325,,0,0,,0.18750000000000003,0.024999999999999998,0.0
volcanoes-a2,rfc-nosuite,0.38916546731010404,0.3333333333333333,0,0,0.07574584178453428,0.38916546731010404,0.4621270791077329,
volcanoes-a2,rfc-nosuite,0.24074074074074076,,0,0,0.24074074074074076,0.11111111111111109,,0.0
volcanoes-a2,rfc-nosuite,0.17870370227864402,0.17870370227864402,0,0,,0.31682098744685305,,0.0
volcanoes-a2,rfc-nosuite,0.21948717959177416,,0,0,0.37641025675986056,0.21948717959177416,0.37641025675986056,0.0
volcanoes-a2,rfc-nosuite,0.3796106550417985,,0,0,,0.3980532787873322,0.3796106550417985,0.0
volcanoes-a3,rfc-nosuite,0.6148836853013284,0.3745388842975419,0,0,0.6148836853013284,0.4329029583531223,0.4329029583531223,0.0
volcanoes-a3,rfc-nosuite,0.3786356426602397,,0,0,,0.3405605495744716,,0.0
volcanoes-a3,rfc-nosuite,0.7914828835965305,0.43813185526099985,0,0,0.45760958653726536,0.3333333333333333,0.3333333333333333,0.0
volcanoes-a3,rfc-nosuite,0.15222772246243738,,0,0,,0.09158415753082946,0.09158415753082946,0.0
volcanoes-a3,rfc-nosuite,0.13803680983566824,,0,0,0.7239263803286636,0.024539877589800578,,0.0
volcanoes-a3,rfc-nosuite,0.3064150939706876,,0,0,,0.3166037736682174,,0.0
volcanoes-a3,rfc-nosuite,0.30803571428849846,,0,0,0.3839285714230031,0.3203124992058162,,0.0
volcanoes-a3,rfc-nosuite,0.4189189188244336,,0,0,,0.1541541543242977,0.14614614629746261,0.0
volcanoes-a3,rfc-nosuite,0.31420397174304415,,0,0,,0.39414338498961515,0.39414338498961515,0.0
volcanoes-a3,rfc-nosuite,0.33268765150584145,,0,0,,0.4213075067340331,,0.0
volcanoes-a3,rfc-nosuite,0.19262295162567852,,0,0,0.053278689049022276,0.053278689049022276,0.053278689049022276,0.0
volcanoes-a3,rfc-nosuite,0.3971840207355105,0.5361820553845073,0,0,0.5361820553845073,0.5361820553845073,0.5361820553845073,0.0
volcanoes-a3,rfc-nosuite,0.33001371622752695,,0,0,,0.33001371622752695,0.43365734297777403,0.0
volcanoes-a3,rfc-nosuite,0.6445058663779517,0.40304044197884176,0,0,0.40304044197884176,0.3333333333333333,0.40304044197884176,
volcanoes-a3,rfc-nosuite,0.29823316966412183,0.435517152873902,0,0,0.435517152873902,0.435517152873902,,0.0
volcanoes-a3,rfc-nosuite,0.35631370341539526,,0,0,0.2120611554096973,0.2120611554096973,0.2120611554096973,0.0
volcanoes-a3,rfc-nosuite,0.39688888880682216,0.4888888887288394,0,0,0.4888888887288394,0.4888888887288394,0.4888888887288394,0.0
volcanoes-a3,rfc-nosuite,0.2820512820130127,,0,0,,0.07692307653272969,0.07692307653272969,0.0
volcanoes-a3,rfc-nosuite,0.18683173893803223,,0,0,,0.07315700560283181,0.07315700560283181,0.0
volcanoes-a3,rfc-nosuite,0.47891601433225794,0.7298212824232847,0,0,,0.3859946268793844,0.7298212824232847,0.0
volcanoes-a3,rfc-nosuite,0.14414414463027095,,0,0,,0.11711711714829727,,0.0
volcanoes-a3,rfc-nosuite,0.32284382269552125,0.4428904425139756,0,0,0.4428904425139756,0.4428904425139756,0.4428904425139756,0.0
volcanoes-a3,rfc-nosuite,0.25525087525825896,,0,0,0.32847141159905296,0.32847141159905296,0.32847141159905296,0.0
volcanoes-a3,rfc-nosuite,0.21441009863314325,0.21441009863314325,0,0,0.21441009863314325,0.21038310645724403,0.3968219428593276,0.0
volcanoes-a3,rfc-nosuite,0.41406663180042713,,0,0,,0.12295081938737777,,0.0
volcanoes-a3,rfc-nosuite,0.4144645338027463,,0,0,,0.24408901269473499,0.24408901269473499,0.0
volcanoes-a3,rfc-nosuite,0.37638015972457883,0.43073721707266427,0,0,0.43073721707266427,0.43073721707266427,,0.0
volcanoes-a3,rfc-nosuite,0.2937559129424866,,0,0,,0.010406811751508652,0.010406811751508652,0.0
volcanoes-a3,rfc-nosuite,0.2173913043478261,,0,0,0.5652173913043478,0.0,,0.0
volcanoes-a3,rfc-nosuite,0.4444444444444445,,0,0,,0.002178649237472767,0.002178649237472767,0.0
volcanoes-a3,rfc-nosuite,0.4274809151973585,,0,0,0.1450381696052829,0.5190839690366467,0.5190839690366467,0.0
volcanoes-a3,rfc-nosuite,0.4002659573289735,,0,0,,0.029255319562470117,0.029255319562470117,0.0
volcanoes-a3,rfc-nosuite,0.22574646156055667,0.23762785282563842,0,0,0.23762785282563842,0.22574646156055667,0.22574646156055667,0.0
volcanoes-a3,rfc-nosuite,0.38616462373120275,,0,0,0.2959719796154262,0.2959719796154262,0.2959719796154262,0.0
volcanoes-a3,rfc-nosuite,0.2953488370053079,,0,0,0.40930232598938415,0.11162790667453025,0.11162790667453025,0.0
volcanoes-a3,rfc-nosuite,0.3365721570268928,0.3365721570268928,0,0,0.4646384205783101,0.4646384205783101,,0.0
volcanoes-a3,rfc-nosuite,0.34938892864917037,0.34938892864917037,0,0,,0.4708842551288612,0.34938892864917037,0.0
volcanoes-a3,rfc-nosuite,0.40481717946828666,,0,0,0.5101567035213849,0.2994776554151885,0.2994776554151885,0.0
volcanoes-a3,rfc-nosuite,0.4398507765333171,0.5703188868458623,0,0,0.5703188868458623,0.5703188868458623,,0.0
volcanoes-a3,rfc-nosuite,0.2829071973138189,,0,0,0.10606060681876887,0.10606060681876887,0.10606060681876887,0.0
volcanoes-a3,rfc-nosuite,0.4184636118018594,,0,0,,0.013477089008161493,0.013477089008161493,0.0
volcanoes-a3,rfc-nosuite,0.3775279883441413,0.3333333333333333,0,0,0.3333333333333333,0.3333333333333333,0.3333333333333333,0.0
volcanoes-a3,rfc-nosuite,0.14642857189898434,,0,0,,0.07142857183246133,0.07142857183246133,0.0
volcanoes-a3,rfc-nosuite,0.1857142861419339,,0,0,1.9956912626501134e-09,0.3142857148559118,1.9956912626501134e-09,0.0
volcanoes-a3,rfc-nosuite,0.3244058849766993,,0,0,0.16823840210379556,0.2597133160751985,0.16823840210379556,0.0
volcanoes-a3,rfc-nosuite,0.16992187504583,,0,0,,0.08593750006394885,0.08593750006394885,0.0
volcanoes-a3,rfc-nosuite,0.3942629484478922,,0,0,,0.2895617530358106,,0.0
volcanoes-a3,rfc-nosuite,0.4289693592526202,,0,0,0.2116991644201953,0.4289693592526202,,0.0
volcanoes-a3,rfc-nosuite,0.34200000010170045,,0,0,,0.0019999999536201344,,0.0
volcanoes-a3,rfc-nosuite,0.34646739108591434,,0,0,,0.14130434783227633,0.14130434783227633,0.0
volcanoes-a4,rfc-nosuite,0.0,,0,0,,0.0,,0.0
volcanoes-a4,rfc-nosuite,0.15441176447551896,,0,0,0.15808823497878416,0.15441176447551896,,0.0
volcanoes-a4,rfc-nosuite,0.3719034708409845,0.3719034708409845,0,0,0.3719034708409845,0.3333333333333333,0.3333333333333333,0.0
volcanoes-a4,rfc-nosuite,0.5559980081410206,,0,0,,0.5559980081410206,0.5559980081410206,0.0
volcanoes-a4,rfc-nosuite,0.03278688512303286,,0,0,,0.03278688512303286,,0.0
volcanoes-a4,rfc-nosuite,0.35867925852967536,0.43559681124987826,0,0,0.43559681124987826,0.35867925852967536,0.2826414829406493,
volcanoes-a4,rfc-nosuite,0.2267587938134201,,0,0,,0.2267587938134201,0.2267587938134201,0.0
volcanoes-a4,rfc-nosuite,0.40846893522497624,0.6279585791364609,0,0,0.6279585791364609,0.4055103543432542,0.6279585791364609,0.0
volcanoes-a4,rfc-nosuite,0.727045074344615,,0,0,,0.727045074344615,0.727045074344615,0.0
volcanoes-a4,rfc-nosuite,0.5575589473256235,,0,0,,0.5575589473256235,0.5575589473256235,0.0
volcanoes-a4,rfc-nosuite,0.22775800600902926,,0,0,,0.22775800600902926,0.22775800600902926,0.0
volcanoes-a4,rfc-nosuite,0.021914648936932523,,0,0,0.3194925028399255,0.3194925028399255,0.021914648936932523,0.0
volcanoes-a4,rfc-nosuite,0.08489208621843038,,0,0,,,0.08489208621843038,0.0
volcanoes-a4,rfc-nosuite,0.06481481481481483,,0,0,,0.06481481481481483,0.06481481481481483,0.0
volcanoes-a4,rfc-nosuite,0.3073593073671614,,0,0,0.2943722942328866,0.3073593073671614,,0.0
volcanoes-a4,rfc-nosuite,0.341772151779353,,0,0,0.286919832224068,0.341772151779353,0.341772151779353,0.0
volcanoes-a4,rfc-nosuite,0.0,,0,0,,0.0,0.0,0.0
volcanoes-a4,rfc-nosuite,0.21176470588235294,,0,0,0.611764705882353,0.21176470588235294,0.21176470588235294,0.0
volcanoes-a4,rfc-nosuite,0.2307692319773643,,0,0,,0.2307692319773643,0.2307692319773643,0.0
volcanoes-a4,rfc-nosuite,0.09230769182384542,,0,0,,0.09230769182384542,0.09230769182384542,0.0
volcanoes-a4,rfc-nosuite,0.3099476437265504,,0,0,,0.3099476437265504,0.3099476437265504,0.0
volcanoes-a4,rfc-nosuite,0.3395924601415174,0.3395924601415174,0,0,0.3395924601415174,0.4125835829665459,0.4125835829665459,0.0
volcanoes-a4,rfc-nosuite,0.014285714285714287,,0,0,,0.014285714285714287,0.014285714285714287,0.0
volcanoes-a4,rfc-nosuite,0.0625000000779567,,0,0,,0.0625000000779567,,0.0
volcanoes-a4,rfc-nosuite,0.42073170707448687,0.5470811658572974,0,0,0.5470811658572974,0.42073170707448687,0.5470811658572974,
volcanoes-a4,rfc-nosuite,0.47970926739346226,,0,0,0.3640218047730885,0.47970926739346226,0.47970926739346226,0.0
volcanoes-a4,rfc-nosuite,0.36874999999999997,,0,0,,0.36874999999999997,0.36874999999999997,0.0
volcanoes-a4,rfc-nosuite,0.4511433755867875,0.5721597091276575,0,0,0.33493647897704126,0.3333333333333333,0.33493647897704126,0.0
volcanoes-a4,rfc-nosuite,0.41799339112775163,,0,0,0.36287173320155247,0.4731150490539508,0.4731150490539508,0.0
volcanoes-a4,rfc-nosuite,0.6994125323778893,,0,0,,0.6994125323778893,,0.0
volcanoes-a4,rfc-nosuite,0.4425629178239764,,0,0,0.6217558002314634,0.26337003541648946,,0.0
volcanoes-a4,rfc-nosuite,0.2275280900983594,,0,0,,0.2275280900983594,0.2275280900983594,0.0
volcanoes-a4,rfc-nosuite,0.4034927988367428,0.4034927988367428,0,0,0.182916734792318,0.4034927988367428,,0.0
volcanoes-a4,rfc-nosuite,0.28324501661400703,0.29245521045147693,0,0,0.4335099667719858,0.28324501661400703,,0.0
volcanoes-a4,rfc-nosuite,0.38374456603830515,0.38374456603830515,0,0,0.3333333333333333,0.38374456603830515,0.4088407291344973,0.0
volcanoes-a4,rfc-nosuite,0.42736897759612746,0.30111169953508715,0,0,,0.42736897759612746,,0.0
volcanoes-a4,rfc-nosuite,0.34107142878330987,,0,0,,0.34107142878330987,0.34107142878330987,0.0
volcanoes-a4,rfc-nosuite,0.3072916667320366,,0,0,,0.4088541666226131,,0.0
volcanoes-a4,rfc-nosuite,0.23199655246592454,,0,0,0.24342388974722265,0.23199655246592454,0.23199655246592454,0.0
volcanoes-a4,rfc-nosuite,0.453676170980175,0.453676170980175,0,0,0.3333333333333333,0.3333333333333333,0.3333333333333333,0.0
volcanoes-a4,rfc-nosuite,0.26780626720359657,,0,0,,0.26780626720359657,0.26780626720359657,0.0
volcanoes-a4,rfc-nosuite,0.3750113457675311,0.3016247607018683,0,0,0.3016247607018683,0.3750113457675311,0.3016247607018683,
volcanoes-a4,rfc-nosuite,0.4255517567297652,0.4255517567297652,0,0,,0.4255517567297652,0.4255517567297652,0.0
volcanoes-a4,rfc-nosuite,0.4769607836922227,,0,0,,0.4769607836922227,0.4769607836922227,0.0
volcanoes-a4,rfc-nosuite,0.8032326049405499,,0,0,,0.8032326049405499,0.8032326049405499,0.0
volcanoes-a4,rfc-nosuite,0.2762589931900748,,0,0,0.3285371693468951,0.2762589931900748,,0.0
volcanoes-a4,rfc-nosuite,0.6721166590438583,0.25320371142585363,0,0,,0.6721166590438583,0.6721166590438583,0.0
volcanoes-a4,rfc-nosuite,0.1616349283507398,0.12378077139946855,0,0,,0.1616349283507398,,0.0
volcanoes-a4,rfc-nosuite,0.31068147047577155,,0,0,,0.3035987746358366,0.3035987746358366,0.0
volcanoes-a4,rfc-nosuite,0.049180328040925626,,0,0,0.27595628411129075,0.049180328040925626,0.049180328040925626,0.0
volcanoes-e1,rfc-nosuite,0.12393162429263135,,0,0,,0.12393162429263135,,0.0
volcanoes-e1,rfc-nosuite,0.3161367729431776,,0,0,,,0.3161367729431776,0.0
volcanoes-e1,rfc-nosuite,0.27372262546616916,,0,0,,,0.328467153567507,0.0
volcanoes-e1,rfc-nosuite,0.1687170468486677,,0,0,,0.1687170468486677,0.1687170468486677,0.0
volcanoes-e1,rfc-nosuite,0.3778371133761004,,0,0,,0.3778371133761004,,0.0
volcanoes-e1,rfc-nosuite,0.26762972119842304,0.44767484150133435,0,0,0.46474055760315397,0.44767484150133435,0.46474055760315397,0.0
volcanoes-e1,rfc-nosuite,0.3366214547715607,,0,0,,,,0.0
volcanoes-e1,rfc-nosuite,0.2905375392530674,,0,0,,,0.3203020891585019,0.0
volcanoes-e1,rfc-nosuite,0.48717948785047627,,0,0,,,,0.0
volcanoes-e1,rfc-nosuite,0.41746436915274043,0.615188257977059,0,0,0.615188257977059,0.615188257977059,,0.0
volcanoes-e1,rfc-nosuite,0.5954295393986682,,0,0,0.04782056729333841,0.5954295393986682,,0.0
volcanoes-e1,rfc-nosuite,0.42369534535955883,,0,0,0.1779971790063903,,0.1779971790063903,0.0
volcanoes-e1,rfc-nosuite,0.06253682975195628,,0,0,,,,0.0
volcanoes-e1,rfc-nosuite,0.3985545330374358,0.3985545330374358,0,0,0.3044678059398097,0.3333333333333333,0.20289093392512828,0.0
volcanoes-e1,rfc-nosuite,0.18279090541137905,0.18279090541137905,0,0,0.6344181891772418,0.3713776188417519,,0.0
volcanoes-e1,rfc-nosuite,0.2690508022297814,,0,0,0.13168449150043632,,,0.0
volcanoes-e1,rfc-nosuite,0.37630876623910486,,0,0,0.2814617121977577,0.43707657560448454,0.43707657560448454,0.0
volcanoes-e1,rfc-nosuite,0.2948179279560956,,0,0,,,,0.0
volcanoes-e1,rfc-nosuite,0.30088209949295036,0.3291738381905902,0,0,,0.30088209949295036,0.34165232361881964,0.0
volcanoes-e1,rfc-nosuite,0.1585365859623986,0.15344440381439026,0,0,0.15344440381439026,0.4181856159447965,,
volcanoes-e1,rfc-nosuite,0.31503482216479406,,0,0,,0.13232281898944753,0.13232281898944753,0.0
volcanoes-e1,rfc-nosuite,0.24101796453911004,,0,0,,0.24101796453911004,,0.0
volcanoes-e1,rfc-nosuite,0.41630901208111437,0.49871244497893,0,0,0.33390557918329866,0.41630901208111437,0.33390557918329866,0.0
volcanoes-e1,rfc-nosuite,0.44484536017343107,0.3333333333333333,0,0,0.4243205252174697,0.4243205252174697,0.15135894956506069,0.0
volcanoes-e1,rfc-nosuite,0.4045801522570702,0.5557251896095158,0,0,,,0.2221374051952421,0.0
volcanoes-e1,rfc-nosuite,0.610209734355072,,0,0,,0.194895132822464,,0.0
volcanoes-e1,rfc-nosuite,0.2826271186294699,,0,0,,0.02118644093832039,,0.0
volcanoes-e1,rfc-nosuite,0.27804107395173117,,0,0,0.44391785209653783,0.1216429696556039,,0.0
volcanoes-e1,rfc-nosuite,0.29152249128428387,0.4169550174314323,0,0,0.316608997053494,0.316608997053494,0.316608997053494,0.0
volcanoes-e1,rfc-nosuite,0.3455834947029388,0.35163693694452713,0,0,0.30277956835253406,0.35163693694452713,0.30277956835253406,0.0
volcanoes-e1,rfc-nosuite,0.2554790230041504,0.3603631808572574,0,0,,,0.27927363828548524,0.0
volcanoes-e1,rfc-nosuite,0.41461449883059787,0.3318469506878837,0,0,0.33630609862423266,0.41461449883059787,0.33630609862423266,0.0
volcanoes-e1,rfc-nosuite,0.41887675521699663,,0,0,,,,0.0
volcanoes-e1,rfc-nosuite,0.3798277979039497,0.5043050426069043,0,0,0.5043050426069043,0.3798277979039497,0.5043050426069043,0.0
volcanoes-e1,rfc-nosuite,0.39997378717043275,,0,0,0.33971166412749315,0.33014416793625345,0.33014416793625345,0.0
volcanoes-e1,rfc-nosuite,0.388888888560269,0.12792792767565223,0,0,0.4831831837640787,0.388888888560269,0.388888888560269,0.0
volcanoes-e1,rfc-nosuite,0.43093220313695074,0.13813559372609852,0,0,0.6544915245426076,,0.1727542377286962,0.0
volcanoes-e1,rfc-nosuite,0.03261379644508579,,0,0,,0.9347724071098283,,0.0
volcanoes-e1,rfc-nosuite,0.3301886796222322,0.3057461403278877,0,0,0.27186963990023993,0.3301886796222322,0.27186963990023993,0.0
volcanoes-e1,rfc-nosuite,0.39057447495581044,0.20343997193278537,0,0,0.21885105008837913,0.39057447495581044,0.21885105008837913,0.0
volcanoes-e1,rfc-nosuite,0.4183454777778371,,0,0,,0.4183454777778371,0.4183454777778371,0.0
volcanoes-e1,rfc-nosuite,0.27412280706132497,0.45175438587734995,0,0,0.331140351425969,0.27412280706132497,0.331140351425969,0.0
volcanoes-e1,rfc-nosuite,0.5653104931143628,,0,0,,0.5653104931143628,0.5653104931143628,0.0
volcanoes-e1,rfc-nosuite,0.08420320087465455,,0,0,0.374739039708439,,,0.0
volcanoes-e1,rfc-nosuite,0.4300311092340548,,0,0,0.38728277170926245,,0.18268611905668264,0.0
volcanoes-e1,rfc-nosuite,0.2939110078230442,,0,0,,0.22716627607160636,,0.0
volcanoes-e1,rfc-nosuite,0.4164858999179947,,0,0,,0.13015184404161143,0.13015184404161143,0.0
volcanoes-e1,rfc-nosuite,0.2559126738239256,0.34930260653448425,0,0,,,,0.0
volcanoes-e1,rfc-nosuite,0.397051148285431,,0,0,,0.397051148285431,,0.0
volcanoes-e1,rfc-nosuite,0.2992424245447236,,0,0,,0.28374655638437674,0.4325068872312464,0.0
volcanoes-e2,rfc-nosuite,0.16444073460018088,,0,0,,,0.09265442413686838,0.0
volcanoes-e2,rfc-nosuite,0.4010243628601892,0.43023255697047963,0,0,,,,0.0
volcanoes-e2,rfc-nosuite,0.3548174215971569,,0,0,,0.635723712614653,0.635723712614653,0.0
volcanoes-e2,rfc-nosuite,0.2260111025683755,,0,0,,,0.11498810515464325,0.0
volcanoes-e2,rfc-nosuite,0.2393992940953513,,0,0,,,0.28091872859415895,0.0
volcanoes-e2,rfc-nosuite,0.33982633193296985,,0,0,,,,0.0
volcanoes-e2,rfc-nosuite,0.3731707321518065,,0,0,,0.4662020908498562,,0.0
volcanoes-e2,rfc-nosuite,0.3606210302541536,,0,0,,,0.4453069869419774,0.0
volcanoes-e2,rfc-nosuite,0.12538913928463738,0.7492217214307252,0,0,,,,0.0
volcanoes-e2,rfc-nosuite,0.3535582536635099,0.3333333333333333,0,0,0.3525976023792373,,0.41231171208549455,
volcanoes-e2,rfc-nosuite,0.196517695054086,0.3958711436978384,0,0,,,,0.0
volcanoes-e2,rfc-nosuite,0.3724279836959475,,0,0,,,0.27489712020787405,0.0
volcanoes-e2,rfc-nosuite,0.13062330625627,,0,0,,0.1252032518901349,0.1252032518901349,0.0
volcanoes-e2,rfc-nosuite,0.18020719773100288,,0,0,,,0.07279171202944189,0.0
volcanoes-e2,rfc-nosuite,0.3830022076662353,,0,0,,,,0.0
volcanoes-e2,rfc-nosuite,0.3482803654984009,0.36134087883816396,0,0,,,,0.0
volcanoes-e2,rfc-nosuite,0.0965665211580031,,0,0,,,0.08583690719636616,0.0
volcanoes-e2,rfc-nosuite,0.3401662052978405,0.295844875281257,0,0,0.295844875281257,,,0.0
volcanoes-e2,rfc-nosuite,0.33553791923851617,,0,0,,,0.16578483272960182,0.0
volcanoes-e2,rfc-nosuite,0.21735330824075377,,0,0,,,,0.0
volcanoes-e2,rfc-nosuite,0.3866050806078931,,0,0,0.38475750630387157,,0.38475750630387157,0.0
volcanoes-e2,rfc-nosuite,0.4688841189056687,0.5407725308693074,0,0,0.5407725308693074,,0.5407725308693074,0.0
volcanoes-e2,rfc-nosuite,0.12430811682550075,0.16743542276746434,0,0,0.16743542276746434,0.16743542276746434,,0.0
volcanoes-e2,rfc-nosuite,0.4322368709265644,0.4322368709265644,0,0,0.18733075947924913,,0.4322368709265644,0.0
volcanoes-e2,rfc-nosuite,0.3268809352403892,,0,0,,,0.2658875091722707,0.0
volcanoes-e2,rfc-nosuite,0.32368421061854513,0.3192982461430458,0,0,,,,0.0
volcanoes-e2,rfc-nosuite,0.2187662000003065,,0,0,,,0.0710212554901799,0.0
volcanoes-e2,rfc-nosuite,0.19690265487979253,,0,0,,,0.08849557598159903,0.0
volcanoes-e2,rfc-nosuite,0.4018942251361266,0.3943508503245044,0,0,0.2952812000261255,,0.4018942251361266,0.0
volcanoes-e2,rfc-nosuite,0.36977611927821274,,0,0,,,,0.0
volcanoes-e2,rfc-nosuite,0.3125389890780282,,0,0,,,0.1048034933944103,0.0
volcanoes-e2,rfc-nosuite,0.3218056451513659,0.4962292602156268,0,0,0.4962292602156268,,,0.0
volcanoes-e2,rfc-nosuite,0.2904858306079282,,0,0,,,0.26639676169307,0.0
volcanoes-e2,rfc-nosuite,0.3627694858616964,,0,0,,,,0.0
volcanoes-e2,rfc-nosuite,0.3265060246139428,,0,0,,,0.20662650698978255,0.0
volcanoes-e2,rfc-nosuite,0.34214162341549104,,0,0,,,0.06424870488231041,0.0
volcanoes-e2,rfc-nosuite,0.38146551723566924,,0,0,,,,0.0
volcanoes-e2,rfc-nosuite,0.3235294116515731,,0,0,,,0.15206508128084487,0.0
volcanoes-e2,rfc-nosuite,0.39406139902832044,0.3716155003977388,0,0,0.3716155003977388,,,0.0
volcanoes-e2,rfc-nosuite,0.33127572011729295,,0,0,,,,0.0
volcanoes-e2,rfc-nosuite,0.2550548815269029,,0,0,,,0.01675332306624423,0.0
volcanoes-e2,rfc-nosuite,0.4302127655093748,0.5217021243044606,0,0,,,0.5217021243044606,0.0
volcanoes-e2,rfc-nosuite,0.4514682356983346,0.4514682356983346,0,0,0.3333333333333333,,0.3333333333333333,0.0
volcanoes-e2,rfc-nosuite,0.3199225475269911,,0,0,,,0.1325301205351587,0.0
volcanoes-e2,rfc-nosuite,0.4366562825488542,,0,0,,,,0.0
volcanoes-e2,rfc-nosuite,0.3665436650847853,0.41068743972124955,0,0,,,0.41068743972124955,0.0
volcanoes-e2,rfc-nosuite,0.34111143697560753,0.3880735739778612,0,0,0.3333333333333333,,0.3333333333333333,0.0
volcanoes-e2,rfc-nosuite,0.3808215595436824,0.3808215595436824,0,0,0.5172684461505302,,0.5172684461505302,0.0
volcanoes-e2,rfc-nosuite,0.3711790380973154,,0,0,,,0.25764192380536916,0.0
volcanoes-e2,rfc-nosuite,0.3948824346228874,,0,0,,,,0.0
volcanoes-e3,rfc-nosuite,0.2832103316447755,,0,0,0.16789667987936308,,,0.0
volcanoes-e3,rfc-nosuite,0.3349786553451647,0.49546424804952566,0,0,,,0.17449306264080372,0.0
volcanoes-e3,rfc-nosuite,0.23024523186161192,,0,0,0.23024523186161192,,,0.0
volcanoes-e3,rfc-nosuite,0.49999999935324824,,0,0,,,,0.0
volcanoes-e3,rfc-nosuite,0.4455880231815804,,0,0,,,,0.0
volcanoes-e3,rfc-nosuite,0.0920709446973761,0.06353677657896971,0,0,,,0.06353677657896971,0.0
volcanoes-e3,rfc-nosuite,0.3742465338867291,0.42420132545387684,0,0,0.42420132545387684,,0.42420132545387684,0.0
volcanoes-e3,rfc-nosuite,0.25903939518135477,,0,0,0.07663248745937921,,,0.0
volcanoes-e3,rfc-nosuite,0.28416296785380146,0.43167406429239713,0,0,0.24904882775141263,,,0.0
volcanoes-e3,rfc-nosuite,0.4150210421467482,0.4150210421467482,0,0,0.6085464537977725,0.3333333333333333,0.6085464537977725,0.0
volcanoes-e3,rfc-nosuite,0.06930693036668187,,0,0,0.623762376296967,,0.06930693036668187,0.0
volcanoes-e3,rfc-nosuite,0.4455864565524798,0.6850060441784322,0,0,,0.20616686892652739,,0.0
volcanoes-e3,rfc-nosuite,0.7070484578136078,0.7070484578136078,0,0,,,,0.0
volcanoes-e3,rfc-nosuite,0.822971548650166,,0,0,,0.3333333333333333,0.822971548650166,0.0
volcanoes-e3,rfc-nosuite,0.49742886519338936,,0,0,,,0.49742886519338936,0.0
volcanoes-e3,rfc-nosuite,0.21669341933239128,,0,0,,0.39165329033380436,,0.0
volcanoes-e3,rfc-nosuite,0.3953333338047999,,0,0,,,0.3953333338047999,0.0
volcanoes-e3,rfc-nosuite,0.35746526770355547,0.46649862273998877,0,0,0.46649862273998877,,0.46649862273998877,0.0
volcanoes-e3,rfc-nosuite,0.4438687394230049,0.6538366642426666,0,0,0.6538366642426666,,0.6538366642426666,0.0
volcanoes-e3,rfc-nosuite,0.3503277496110027,,0,0,0.14930808441456941,,,0.0
volcanoes-e3,rfc-nosuite,0.303188265709628,0.3936234685807441,0,0,0.3936234685807441,,0.1973572564729602,0.0
volcanoes-e3,rfc-nosuite,0.2739319622939351,,0,0,,,,0.0
volcanoes-e3,rfc-nosuite,0.7167487683207803,0.7167487683207803,0,0,,,,0.0
volcanoes-e3,rfc-nosuite,0.4600065835155882,,0,0,,,0.38940092205016524,0.0
volcanoes-e3,rfc-nosuite,0.3220352067004537,0.32118591707012595,0,0,,,0.32288449633078153,0.0
volcanoes-e3,rfc-nosuite,0.650943396798338,,0,0,,,,0.0
volcanoes-e3,rfc-nosuite,0.8353868895267849,0.8353868895267849,0,0,0.061606702637579634,0.44849679608218224,0.8353868895267849,0.0
volcanoes-e3,rfc-nosuite,0.4436193978973423,0.6494940193896904,0,0,0.6494940193896904,,0.6494940193896904,0.0
volcanoes-e3,rfc-nosuite,0.406705539862659,,0,0,,,0.406705539862659,0.0
volcanoes-e3,rfc-nosuite,0.1964549488220791,,0,0,,,0.1964549488220791,0.0
volcanoes-e3,rfc-nosuite,0.43209660468501343,0.43209660468501343,0,0,0.4428888108509436,,0.4428888108509436,0.0
volcanoes-e3,rfc-nosuite,0.23631123959141853,,0,0,,,,0.0
volcanoes-e3,rfc-nosuite,0.3763157900831717,,0,0,,,0.3763157900831717,0.0
volcanoes-e3,rfc-nosuite,0.4590163935632977,,0,0,0.3202576105289977,0.4092505862526512,0.4590163935632977,0.0
volcanoes-e3,rfc-nosuite,0.06260720445731548,,0,0,,,,0.0
volcanoes-e3,rfc-nosuite,0.27867151049840866,,0,0,,,0.27867151049840866,0.0
volcanoes-e3,rfc-nosuite,0.0933333336779227,,0,0,,,0.0933333336779227,0.0
volcanoes-e3,rfc-nosuite,0.4301509295710781,0.7311337306401106,0,0,0.7311337306401106,,,0.0
volcanoes-e3,rfc-nosuite,0.46805349205032626,,0,0,,,0.46805349205032626,0.0
volcanoes-e3,rfc-nosuite,0.3470764626258451,,0,0,,,,0.0
volcanoes-e3,rfc-nosuite,0.22119341583998853,,0,0,0.557613168320023,,,0.0
volcanoes-e3,rfc-nosuite,0.44116385429778965,0.3784672572156811,0,0,0.24306548556863775,0.3784672572156811,0.24306548556863775,0.0
volcanoes-e3,rfc-nosuite,0.45257452607080073,,0,0,0.44932249246537914,,,0.0
volcanoes-e3,rfc-nosuite,0.12392755011738243,,0,0,,,,0.0
volcanoes-e3,rfc-nosuite,0.24348697447716264,,0,0,,,,0.0
volcanoes-e3,rfc-nosuite,0.34587332007315286,0.46142034440629076,0,0,,,,0.0
volcanoes-e3,rfc-nosuite,0.449519683454059,0.6155584847369385,0,0,0.6155584847369385,,,0.0
volcanoes-e3,rfc-nosuite,0.2034285716291897,,0,0,,,,0.0
volcanoes-e3,rfc-nosuite,0.3968133530602418,0.3990895284861708,0,0,,,,0.0
volcanoes-e3,rfc-nosuite,0.3835826620402064,0.3835826620402064,0,0,,,0.3835826620402064,0.0
yeast,rfc-nosuite,0.1841273786147664,0.24354455771289898,0,0,0.1887869700492999,,0.1841273786147664,0.0
yeast,rfc-nosuite,0.16666666666666666,0.16683837671290455,0,0,0.16436830919858686,,0.19813337009129148,0.0
yeast,rfc-nosuite,0.16666666666666663,0.18923216688682756,0,0,0.23219235249385053,,0.23221195293352787,0.0
yeast,rfc-nosuite,0.25113701984908704,0.2554813297187017,0,0,0.2624704579961961,,0.25113701984908704,0.0
yeast,rfc-nosuite,0.16666666666666663,0.3071753675818229,0,0,0.18111111112753514,,0.23346395684554877,0.0
yeast,rfc-nosuite,0.16666666666666666,0.1479189294281899,0,0,0.15058470675809515,,0.16666666666666666,0.0
yeast,rfc-nosuite,0.16666666666666666,0.28309008908548755,0,0,0.207015735811407,,0.21106837195723416,0.0
yeast,rfc-nosuite,0.17804793518491144,0.13631156171115633,0,0,0.16666666666666666,,0.16666666666666666,0.0
yeast,rfc-nosuite,0.07239577004270212,0.18091189362847396,0,0,0.16666666666666666,,0.18091189362847396,0.0
yeast,rfc-nosuite,0.1369388686939062,0.22220855115800162,0,0,0.16521757737136872,,0.1491838622186598,0.0
yeast,rfc-nosuite,0.16666666666666666,0.30497506404985,0,0,0.20970099250461505,,0.21219834313972888,0.0
yeast,rfc-nosuite,0.16666666666666666,0.21013736478423606,0,0,0.19681649661285738,,0.18280499535248348,0.0
yeast,rfc-nosuite,0.1666666666666667,0.12603013744177907,0,0,0.1691192664146442,,0.17120753293701052,0.0
yeast,rfc-nosuite,0.1478697841417415,0.1906572316923928,0,0,0.16351721797382812,,0.1666666666666667,0.0
yeast,rfc-nosuite,0.2824964052210846,0.3496028780334618,0,0,0.2824964052210846,,0.2824964052210846,0.0
yeast,rfc-nosuite,0.1915312012013805,0.3042198941096078,0,0,0.1915312012013805,,0.19531258094300089,0.0
yeast,rfc-nosuite,0.17266280138515416,0.17686093069258263,0,0,0.16244662342541732,,0.1938242387546759,0.0
yeast,rfc-nosuite,0.1837268572393566,0.19633274360833475,0,0,0.21978940992169957,,0.22965857154919575,0.0
yeast,rfc-nosuite,0.2202787250956461,0.26242614438676787,0,0,0.26242614438676787,,0.26242614438676787,0.0
yeast,rfc-nosuite,0.1274964702819832,0.15959275769273587,0,0,0.18887212436415463,,0.1697281358597803,0.0
yeast,rfc-nosuite,0.16666666666666666,0.24302676659458589,0,0,0.2293917647707824,,0.3008858895415992,0.0
yeast,rfc-nosuite,0.16666666666666666,0.19007832033307007,0,0,0.18089084876433853,,0.20184824338760374,0.0
yeast,rfc-nosuite,0.16666666666666666,0.23590113405281066,0,0,0.20702364672512108,,0.19466755459759247,0.0
yeast,rfc-nosuite,0.14289607078834482,0.16666666666666666,0,0,0.16652105834172853,,0.16302832515985616,0.0
yeast,rfc-nosuite,0.16111828931773758,0.25578593421203977,0,0,0.22363343329473262,,0.201397861647172,0.0
yeast,rfc-nosuite,0.1742261025757798,0.1590653329361569,0,0,0.1811070064241764,,0.1588429874476019,0.0
yeast,rfc-nosuite,0.1671294324819388,0.15159000077535356,0,0,0.15414256813834404,,0.15414256813834404,0.0
yeast,rfc-nosuite,0.17378184953299997,0.18025139728275988,0,0,0.20409370802666635,,0.18025139728275988,0.0
yeast,rfc-nosuite,0.17819692122773836,0.20340836435722212,0,0,0.17819692122773836,,0.16666666666666666,0.0
yeast,rfc-nosuite,0.12677947636857237,0.15213537164228685,0,0,0.18624547547499257,,0.16611425210356306,0.0
yeast,rfc-nosuite,0.13780336518068573,0.11994068374123948,0,0,0.14588470181303254,,0.17489648773653133,0.0
yeast,rfc-nosuite,0.19328113067045768,0.2866857608860151,0,0,0.21238843479239047,,0.17569540405134454,0.0
yeast,rfc-nosuite,0.1023806037889527,0.18888719839053644,0,0,0.15408509982917587,,0.18888719839053644,0.0
yeast,rfc-nosuite,0.16666666666666666,0.19991856008142558,0,0,0.16666666666666666,,0.16666666666666666,0.0
yeast,rfc-nosuite,0.15952530505261658,0.12707919205649662,0,0,0.12707919205649662,,0.12707919205649662,0.0
yeast,rfc-nosuite,0.16666666666666666,0.172431044392083,0,0,0.19914796149562636,,0.172431044392083,0.0
yeast,rfc-nosuite,0.17448794398047382,0.2522338716772598,0,0,0.19328372491881976,,0.16666666666666666,0.0
yeast,rfc-nosuite,0.2225949443017974,0.23470539688289044,0,0,0.2225949443017974,,0.27890259439218906,0.0
yeast,rfc-nosuite,0.18219534557081749,0.21946487251984395,0,0,0.1714779894735489,,0.1714779894735489,0.0
yeast,rfc-nosuite,0.1650134539420439,0.17361673799988242,0,0,0.18243270711093026,,0.17444369382905234,0.0
yeast,rfc-nosuite,0.16666666666666666,0.1494710680644157,0,0,0.24257322706290718,,0.24257322706290718,0.0
yeast,rfc-nosuite,0.1297833773108606,0.18824526379431328,0,0,0.19246804989402266,,0.19246804989402266,0.0
yeast,rfc-nosuite,0.12199082516386045,0.175250551990859,0,0,0.2277587270293734,,0.17646029336557792,0.0
yeast,rfc-nosuite,0.16666666666666666,0.34986445722224413,0,0,0.22029125422703488,,0.15328616731295802,0.0
yeast,rfc-nosuite,0.1757281111834487,0.21870060099237815,0,0,0.1885139821932163,,0.24215975017784655,0.0
yeast,rfc-nosuite,0.1666666666666667,0.2371194117142654,0,0,0.18835397058835787,,0.18835397058835787,0.0
yeast,rfc-nosuite,0.16999805300132698,0.17285915437515093,0,0,0.1889497370857558,,0.1853245736017248,0.0
yeast,rfc-nosuite,0.14431106704534882,0.16290996563904295,0,0,0.17662769712480084,,0.17662769712480084,0.0
yeast,rfc-nosuite,0.16666666666666666,0.2136191930567387,0,0,0.23174089469219664,,0.17365564694539812,0.0
yeast,rfc-nosuite,0.16666666666666666,0.18845987577804924,0,0,0.21088572608813105,,0.17702795906935176,0.0
rmftsa,rfc-nosuite,0.5,0.7758198948005295,0,0,0.7758198948005295,0.5,0.7758198948005295,0.0
rmftsa,rfc-nosuite,0.5,0.5,0,0,0.5,0.5,0.5,0.0
rmftsa,rfc-nosuite,0.5,0.4526699115258531,0,0,0.5,0.5,0.5,0.0
rmftsa,rfc-nosuite,0.49999999999999994,0.8663563761193898,0,0,0.8663563761193898,0.49999999999999994,0.49999999999999994,0.0
rmftsa,rfc-nosuite,0.5,0.5068790136567487,0,0,0.5068790136567487,0.4931209863432513,0.5068790136567487,0.0
rmftsa,rfc-nosuite,0.5,0.5,0,0,0.5,0.5,0.5,0.0
rmftsa,rfc-nosuite,0.5,0.5,0,0,0.5,0.4520486971353319,0.5,0.0
rmftsa,rfc-nosuite,0.49999999999999994,0.9101395568787315,0,0,0.49999999999999994,0.08986044312126844,0.49999999999999994,0.0
rmftsa,rfc-nosuite,0.5,0.5,0,0,0.6651111057691421,0.5,0.5,0.0
rmftsa,rfc-nosuite,0.5,0.8863095991468205,0,0,0.8863095991468205,0.1136904008531795,0.8863095991468205,0.0
rmftsa,rfc-nosuite,0.49999999999999994,0.8582793266539718,0,0,0.8582793266539718,0.49999999999999994,0.49999999999999994,0.0
rmftsa,rfc-nosuite,0.5,0.5722533153641921,0,0,0.5722533153641921,0.5,0.5722533153641921,0.0
rmftsa,rfc-nosuite,0.500012226956289,0.5,0,0,0.5,0.500012226956289,0.5,0.0
rmftsa,rfc-nosuite,0.49999999999999994,0.49999999999999994,0,0,0.49999999999999994,0.49999999999999994,0.510003270950902,0.0
rmftsa,rfc-nosuite,0.5,0.8738549674157187,0,0,0.8738549674157187,0.5,0.12614503258428145,0.0
rmftsa,rfc-nosuite,0.6831380755287505,0.5,0,0,0.5,0.5,0.6831380755287505,0.0
rmftsa,rfc-nosuite,0.5,0.5,0,0,0.5,0.5,0.5019950232808401,0.0
rmftsa,rfc-nosuite,0.5,0.8863095991468205,0,0,0.8863095991468205,0.1136904008531795,0.5,0.0
rmftsa,rfc-nosuite,0.5,0.5,0,0,0.5,0.5,0.5,0.0
rmftsa,rfc-nosuite,0.5,0.4738304619093737,0,0,0.4738304619093737,0.5,0.5,0.0
rmftsa,rfc-nosuite,0.5,0.7947873420343822,0,0,0.7947873420343822,0.5,0.20521265796561783,0.0
rmftsa,rfc-nosuite,0.5,0.5,0,0,0.47620541538124933,0.5237945846187507,0.5,0.0
rmftsa,rfc-nosuite,0.5,0.5,0,0,0.5,0.4288701130755616,0.5711298869244383,0.0
rmftsa,rfc-nosuite,0.5,0.518673190568725,0,0,0.518673190568725,0.5,0.518673190568725,0.0
rmftsa,rfc-nosuite,0.5,0.8260705437326745,0,0,0.8260705437326745,0.8260705437326745,0.8260705437326745,0.0
rmftsa,rfc-nosuite,0.49999999999999994,0.49999999999999994,0,0,0.5382865747427525,0.49999999999999994,0.46171342525724735,0.0
rmftsa,rfc-nosuite,0.5,0.37666861006952357,0,0,0.5,0.5,0.5,0.0
rmftsa,rfc-nosuite,0.5,0.5,0,0,0.5,0.5,0.1941891930546649,0.0
rmftsa,rfc-nosuite,0.5,0.4755632924164824,0,0,0.5,0.4755632924164824,0.4755632924164824,0.0
rmftsa,rfc-nosuite,0.5,0.5324946832631087,0,0,0.5,0.5324946832631087,0.5324946832631087,0.0
rmftsa,rfc-nosuite,0.5,0.5,0,0,0.1300861176925215,0.5,0.5,0.0
rmftsa,rfc-nosuite,0.3820607177895183,0.5,0,0,0.5,0.3820607177895183,0.3820607177895183,0.0
rmftsa,rfc-nosuite,0.49999999999999994,0.49999999999999994,0,0,0.49999999999999994,0.49999999999999994,0.510003270950902,0.0
rmftsa,rfc-nosuite,0.5,0.5,0,0,0.5,0.7909770329084322,0.5,0.0
rmftsa,rfc-nosuite,0.5,0.578524572363208,0,0,0.578524572363208,0.5,0.5,0.0
rmftsa,rfc-nosuite,0.5,0.5,0,0,0.5,0.5,0.5,0.0
rmftsa,rfc-nosuite,0.5,0.8038691610756028,0,0,0.5,0.5,0.5,0.0
rmftsa,rfc-nosuite,0.5,0.7608148775982975,0,0,0.5,0.5,0.5,0.0
rmftsa,rfc-nosuite,0.5,0.5,0,0,0.2558755848496689,0.2558755848496689,0.2558755848496689,0.0
rmftsa,rfc-nosuite,0.7203958364848148,0.2796041635151853,0,0,0.7203958364848148,0.2796041635151853,0.5,0.0
rmftsa,rfc-nosuite,0.5,0.6684856158886234,0,0,0.5,0.6684856158886234,0.5,0.0
rmftsa,rfc-nosuite,0.49999999999999994,0.49999999999999994,0,0,0.49999999999999994,0.5097221984993602,0.5097221984993602,0.0
rmftsa,rfc-nosuite,0.5,0.7070590895601369,0,0,0.5,0.2929409104398631,0.5,0.0
rmftsa,rfc-nosuite,0.5,0.8053165657527416,0,0,0.8053165657527416,0.5,0.8053165657527416,0.0
rmftsa,rfc-nosuite,0.5,0.8031824667312765,0,0,0.5,0.5,0.19681753326872353,0.0
rmftsa,rfc-nosuite,0.5,0.8863095991468205,0,0,0.8863095991468205,0.8863095991468205,0.8863095991468205,0.0
rmftsa,rfc-nosuite,0.5,0.7070590895601369,0,0,0.5,0.2929409104398631,0.5,0.0
rmftsa,rfc-nosuite,0.49999999999999994,0.49999999999999994,0,0,0.49999999999999994,0.49999999999999994,0.49999999999999994,0.0
rmftsa,rfc-nosuite,0.5,0.5,0,0,0.5,0.5,0.5,0.0
rmftsa,rfc-nosuite,0.5,0.5010150579399376,0,0,0.5010150579399376,0.5,0.5010150579399376,0.0
banknote-authentication,rfc-nosuite,0.32668711737414097,,0,0,0.32668711737414097,0.6211656415458728,0.32668711737414097,0.0
banknote-authentication,rfc-nosuite,0.10606060593690618,,0,0,0.5324675325499991,0.5324675325499991,0.10606060593690618,0.0
banknote-authentication,rfc-nosuite,0.2587567829627507,,0,0,0.2587567829627507,0.0037000486861221856,0.2587567829627507,0.0
banknote-authentication,rfc-nosuite,0.28022496933952984,0.5426326610702672,0,0,0.28022496933952984,0.3848531676077497,0.28022496933952984,0.0
banknote-authentication,rfc-nosuite,0.28098290556541505,0.7182400909351425,0,0,0.4137529128340306,0.28098290556541505,0.4137529128340306,0.0
banknote-authentication,rfc-nosuite,0.47075817888902016,0.47075817888902016,0,0,0.47075817888902016,0.47075817888902016,0.47075817888902016,0.0
banknote-authentication,rfc-nosuite,0.3043081408604955,0.628696602764787,0,0,0.3043081408604955,0.425794085358727,0.3043081408604955,0.0
banknote-authentication,rfc-nosuite,0.30606060566036813,,0,0,0.2545454549649345,0.3530303028725169,0.30606060566036813,0.0
banknote-authentication,rfc-nosuite,0.325606060669478,0.7213636368157654,0,0,0.4484090909985021,0.37227272740366557,0.325606060669478,0.0
banknote-authentication,rfc-nosuite,0.06638588258441402,,0,0,0.06638588258441402,0.25972723551748406,0.2695547551519889,0.0
banknote-authentication,rfc-nosuite,0.32703781562871254,0.5611822407785333,0,0,0.4387062873926183,0.32703781562871254,0.4387062873926183,0.0
banknote-authentication,rfc-nosuite,0.6962209319978828,,0,0,0.37572674486669183,0.314922480754833,0.43968023282973356,0.0
banknote-authentication,rfc-nosuite,0.16716269569758513,,0,0,0.22315917065548954,0.254960316081089,0.16716269569758513,0.0
banknote-authentication,rfc-nosuite,0.2171052631333109,,0,0,0.2171052631333109,0.33725761565802354,0.297783933049343,0.0
banknote-authentication,rfc-nosuite,0.3326797384733217,,0,0,0.496732025730377,0.3326797384733217,0.496732025730377,0.0
banknote-authentication,rfc-nosuite,0.30253623185076656,0.6035079045927325,0,0,0.3787055333651412,0.34794960452021634,0.3787055333651412,0.0
banknote-authentication,rfc-nosuite,0.2598382010367225,0.5008227063473695,0,0,0.32723159180147565,0.31293706292729284,0.32723159180147565,0.0
banknote-authentication,rfc-nosuite,0.32938995095573936,0.7440457532340836,0,0,0.32938995095573936,0.32938995095573936,0.32938995095573936,0.0
banknote-authentication,rfc-nosuite,0.3154093091118899,,0,0,0.25321027089367604,0.25321027089367604,0.3154093091118899,0.0
banknote-authentication,rfc-nosuite,0.2588201278649322,,0,0,0.22353961640520337,0.2345286306385334,0.2345286306385334,0.0
banknote-authentication,rfc-nosuite,0.42814171106467924,0.4568850268845819,0,0,0.42814171106467924,0.28676470576294344,0.42814171106467924,0.0
banknote-authentication,rfc-nosuite,0.3192398913917275,0.3896243587124763,0,0,0.3192398913917275,0.4071653149567496,0.3192398913917275,0.0
banknote-authentication,rfc-nosuite,0.24976258221468228,,0,0,0.25071225335595326,0.29914529718675953,0.27492877586835807,0.0
banknote-authentication,rfc-nosuite,0.31284916332352974,,0,0,0.31284916332352974,0.39106145265857284,0.31036623244420386,0.0
banknote-authentication,rfc-nosuite,0.3219961568147866,0.39725330534814257,0,0,0.45430654411207627,0.3219961568147866,0.45430654411207627,0.0
banknote-authentication,rfc-nosuite,0.45737547947800267,,0,0,0.01580459773090116,0.4556992340390739,0.2365900386044519,0.0
banknote-authentication,rfc-nosuite,0.3167877322066253,,0,0,0.4636803873973253,0.3167877322066253,0.4636803873973253,0.0
banknote-authentication,rfc-nosuite,0.06446991451265373,,0,0,0.2757879655248642,0.2757879655248642,0.2757879655248642,0.0
banknote-authentication,rfc-nosuite,0.48318458531852726,0.9588628167447223,0,0,0.9588628167447223,0.48318458531852726,0.9588628167447223,0.0
banknote-authentication,rfc-nosuite,0.25469992798324737,,0,0,0.2827187275585544,0.2827187275585544,0.2827187275585544,0.0
banknote-authentication,rfc-nosuite,0.3186511790815902,,0,0,0.3186511790815902,0.23910938734009818,0.3814133595185211,0.0
banknote-authentication,rfc-nosuite,0.24630242931936053,,0,0,0.29370861099604095,0.49453642479133453,0.29370861099604095,0.0
banknote-authentication,rfc-nosuite,0.33148122976653355,0.1042445456716883,0,0,0.3395126758246648,0.44509957181395615,0.6734690409489302,0.0
banknote-authentication,rfc-nosuite,0.0,,0,0,0.2648026314134243,0.0,0.2648026314134243,0.0
banknote-authentication,rfc-nosuite,0.2601366239929832,0.5922212417554307,0,0,0.25,0.5922212417554307,0.2601366239929832,0.0
banknote-authentication,rfc-nosuite,0.0,,0,0,0.26027397252245704,0.26027397252245704,0.0,0.0
banknote-authentication,rfc-nosuite,0.2666666675697673,,0,0,0.3242424245563928,0.3242424245563928,0.3242424245563928,0.0
banknote-authentication,rfc-nosuite,0.5376266304314226,,0,0,0.5376266304314226,0.3039073819253474,0.3039073819253474,0.0
banknote-authentication,rfc-nosuite,0.2143179769979058,,0,0,0.3079268292040888,0.4254742541046447,0.3079268292040888,0.0
banknote-authentication,rfc-nosuite,0.0,,0,0,0.0032467531642866657,0.15584415596785572,0.0032467531642866657,0.0
banknote-authentication,rfc-nosuite,0.03846154037309187,,0,0,0.37500000032054925,0.07342657432833818,0.07342657432833818,0.0
banknote-authentication,rfc-nosuite,0.41610367252380226,0.41610367252380226,0,0,0.41610367252380226,0.41610367252380226,0.41610367252380226,0.0
banknote-authentication,rfc-nosuite,0.1247954739218576,0.35935369408330636,0,0,0.4200299967883633,0.32161848916619473,0.4200299967883633,0.0
banknote-authentication,rfc-nosuite,0.32152985364212006,0.4245420403560566,0,0,0.4245420403560566,0.4245420403560566,0.77182494078708,0.0
banknote-authentication,rfc-nosuite,0.28597883595831636,,0,0,0.37208994648054966,0.28597883595831636,0.28597883595831636,0.0
banknote-authentication,rfc-nosuite,0.3297424467456542,0.8889301634808703,0,0,0.8889301634808703,0.3297424467456542,0.3297424467456542,0.0
banknote-authentication,rfc-nosuite,0.0,,0,0,0.2800000012945384,0.2800000012945384,0.2800000012945384,0.0
banknote-authentication,rfc-nosuite,0.32324921427542846,0.3397689261113579,0,0,0.32324921427542846,0.4876862257260444,0.32324921427542846,0.0
banknote-authentication,rfc-nosuite,0.0031659883833420385,,0,0,0.0031659883833420385,0.2375621888178281,0.0031659883833420385,0.0
banknote-authentication,rfc-nosuite,0.32817517924395045,0.4440081826535619,0,0,0.31146891924270015,0.30116360919175744,0.5264286660606727,0.0
volcanoes-a2,rfc-nosuite,0.2561869837333112,0.36571952308755973,0,0,0.37809349317912905,0.31714023845622014,0.31714023845622014,0.0
volcanoes-a2,rfc-nosuite,0.2775416789975736,0.3725073550238681,0,0,0.25498528995226377,0.36122916050121323,,0.0
volcanoes-a2,rfc-nosuite,0.16666666666666666,,0,0,,0.3333333333333333,0.0,0.0
volcanoes-a2,rfc-nosuite,0.45008183307003635,,0,0,0.875613747758527,0.024549918381545705,,0.0
volcanoes-a2,rfc-nosuite,0.4610110798305902,0.4610110798305902,0,0,0.14480609424132315,0.4610110798305902,,0.0
volcanoes-a2,rfc-nosuite,0.2698412698412698,,0,0,,0.0,,0.0
volcanoes-a2,rfc-nosuite,0.41413474219198887,,0,0,0.7661822977869358,0.062087186597041905,0.062087186597041905,0.0
volcanoes-a2,rfc-nosuite,0.24901185776520923,,0,0,0.24901185776520923,0.14723320164595646,,0.0
volcanoes-a2,rfc-nosuite,0.4627236584999994,,0,0,0.07455268300000108,0.4627236584999994,0.8011928422320076,0.0
volcanoes-a2,rfc-nosuite,0.3690296632351487,,0,0,0.577174459630335,0.577174459630335,,0.0
volcanoes-a2,rfc-nosuite,0.3052747006782329,0.40396624763968647,0,0,0.38945059864353404,0.3052747006782329,0.38945059864353404,0.0
volcanoes-a2,rfc-nosuite,0.35370950872134216,,0,0,0.1828631139979642,0.5245559034447201,,0.0
volcanoes-a2,rfc-nosuite,0.26375938373098806,0.43566202824020367,0,0,0.43566202824020367,0.3988428239423835,0.43566202824020367,0.0
volcanoes-a2,rfc-nosuite,0.3419354842009179,0.3419354842009179,0,0,0.3419354842009179,0.3012288789814388,0.3419354842009179,0.0
volcanoes-a2,rfc-nosuite,0.36926605504587157,,0,0,0.26146788990825687,0.001965923984272608,,0.0
volcanoes-a2,rfc-nosuite,0.3445229684948452,,0,0,0.23674911588912667,0.4522968211005637,0.4522968211005637,0.0
volcanoes-a2,rfc-nosuite,0.4276629566618669,,0,0,0.4141494436630758,0.4276629566618669,0.17170111267384838,0.0
volcanoes-a2,rfc-nosuite,0.4520298007582357,,0,0,0.23399726321973027,0.23399726321973027,0.23399726321973027,0.0
volcanoes-a2,rfc-nosuite,0.4159388646708887,,0,0,0.4126637544571052,0.4126637544571052,0.4126637544571052,0.0
volcanoes-a2,rfc-nosuite,0.3758278144483397,,0,0,,0.5380794697987069,,0.0
volcanoes-a2,rfc-nosuite,0.47594501674184353,,0,0,0.04810996651631293,0.17182130582451086,0.17182130582451086,0.0
volcanoes-a2,rfc-nosuite,0.24686595948963316,,0,0,,0.04982320852572502,0.04982320852572502,0.0
volcanoes-a2,rfc-nosuite,0.4070588235294118,,0,0,0.0023529411764705885,0.0023529411764705885,,0.0
volcanoes-a2,rfc-nosuite,0.36986715006140247,0.5301932372751272,0,0,0.2095410628476777,0.3333333333333333,,0.0
volcanoes-a2,rfc-nosuite,0.3329129895136882,,0,0,0.33417402097262355,0.2761664587821858,0.2761664587821858,0.0
volcanoes-a2,rfc-nosuite,0.1607142865606726,,0,0,,0.09523809666358898,0.09523809666358898,0.0
volcanoes-a2,rfc-nosuite,0.36718749999999994,,0,0,0.22656249999999997,0.22656249999999997,,0.0
volcanoes-a2,rfc-nosuite,0.3903628560801682,,0,0,,0.07023019899002975,0.07023019899002975,0.0
volcanoes-a2,rfc-nosuite,0.3421750663129974,,0,0,0.002652519893899204,0.002652519893899204,,0.0
volcanoes-a2,rfc-nosuite,0.3034188038168045,,0,0,0.34188034377084714,0.34188034377084714,0.34188034377084714,0.0
volcanoes-a2,rfc-nosuite,0.07758620707304344,,0,0,,0.025862069526138006,0.025862069526138006,0.0
volcanoes-a2,rfc-nosuite,0.22727272727272727,,0,0,0.5454545454545455,0.22727272727272727,0.0,0.0
volcanoes-a2,rfc-nosuite,0.26503436385705587,,0,0,,0.4576890024289675,,0.0
volcanoes-a2,rfc-nosuite,0.15500000000000003,,0,0,0.0,0.0,0.0,0.0
volcanoes-a2,rfc-nosuite,0.32766705760031134,,0,0,0.3446658847993774,0.4331770224572266,0.4331770224572266,0.0
volcanoes-a2,rfc-nosuite,0.28308823544517553,,0,0,0.30882352756885767,0.3455882362155711,,0.0
volcanoes-a2,rfc-nosuite,0.4648711946635193,,0,0,,0.159250585537047,0.159250585537047,0.0
volcanoes-a2,rfc-nosuite,0.39858310579689626,0.3333333333333333,0,0,0.3333333333333333,0.39858310579689626,0.3333333333333333,0.0
volcanoes-a2,rfc-nosuite,0.3137254901960784,,0,0,,0.0,0.0,0.0
volcanoes-a2,rfc-nosuite,0.2655607537894496,0.2655607537894496,0,0,0.2655607537894496,0.2655607537894496,0.2655607537894496,0.0
volcanoes-a2,rfc-nosuite,0.22142857142857145,,0,0,0.04285714285714285,0.04285714285714285,0.04285714285714285,0.0
volcanoes-a2,rfc-nosuite,0.25373563225660417,,0,0,0.014367816195541975,0.2534482758411668,,0.0
volcanoes-a2,rfc-nosuite,0.44351230485113746,,0,0,,0.34787471930727965,0.34787471930727965,0.0
volcanoes-a2,rfc-nosuite,0.35242641208167347,,0,0,0.19451074002655672,0.09387430421646051,0.09387430421646051,0.0
volcanoes-a2,rfc-nosuite,0.325,,0,0,,0.18750000000000003,0.024999999999999998,0.0
volcanoes-a2,rfc-nosuite,0.38916546731010404,0.3333333333333333,0,0,0.07574584178453428,0.38916546731010404,0.4621270791077329,
volcanoes-a2,rfc-nosuite,0.24074074074074076,,0,0,0.24074074074074076,0.11111111111111109,,0.0
volcanoes-a2,rfc-nosuite,0.17870370227864402,0.17870370227864402,0,0,,0.31682098744685305,,0.0
volcanoes-a2,rfc-nosuite,0.21948717959177416,,0,0,0.37641025675986056,0.21948717959177416,0.37641025675986056,0.0
volcanoes-a2,rfc-nosuite,0.3796106550417985,,0,0,,0.3980532787873322,0.3796106550417985,0.0
volcanoes-a3,rfc-nosuite,0.6148836853013284,0.3745388842975419,0,0,0.6148836853013284,0.4329029583531223,0.4329029583531223,0.0
volcanoes-a3,rfc-nosuite,0.3786356426602397,,0,0,,0.3405605495744716,,0.0
volcanoes-a3,rfc-nosuite,0.7914828835965305,0.43813185526099985,0,0,0.45760958653726536,0.3333333333333333,0.3333333333333333,0.0
volcanoes-a3,rfc-nosuite,0.15222772246243738,,0,0,,0.09158415753082946,0.09158415753082946,0.0
volcanoes-a3,rfc-nosuite,0.13803680983566824,,0,0,0.7239263803286636,0.024539877589800578,,0.0
volcanoes-a3,rfc-nosuite,0.3064150939706876,,0,0,,0.3166037736682174,,0.0
volcanoes-a3,rfc-nosuite,0.30803571428849846,,0,0,0.3839285714230031,0.3203124992058162,,0.0
volcanoes-a3,rfc-nosuite,0.4189189188244336,,0,0,,0.1541541543242977,0.14614614629746261,0.0
volcanoes-a3,rfc-nosuite,0.31420397174304415,,0,0,,0.39414338498961515,0.39414338498961515,0.0
volcanoes-a3,rfc-nosuite,0.33268765150584145,,0,0,,0.4213075067340331,,0.0
volcanoes-a3,rfc-nosuite,0.19262295162567852,,0,0,0.053278689049022276,0.053278689049022276,0.053278689049022276,0.0
volcanoes-a3,rfc-nosuite,0.3971840207355105,0.5361820553845073,0,0,0.5361820553845073,0.5361820553845073,0.5361820553845073,0.0
volcanoes-a3,rfc-nosuite,0.33001371622752695,,0,0,,0.33001371622752695,0.43365734297777403,0.0
volcanoes-a3,rfc-nosuite,0.6445058663779517,0.40304044197884176,0,0,0.40304044197884176,0.3333333333333333,0.40304044197884176,
volcanoes-a3,rfc-nosuite,0.29823316966412183,0.435517152873902,0,0,0.435517152873902,0.435517152873902,,0.0
volcanoes-a3,rfc-nosuite,0.35631370341539526,,0,0,0.2120611554096973,0.2120611554096973,0.2120611554096973,0.0
volcanoes-a3,rfc-nosuite,0.39688888880682216,0.4888888887288394,0,0,0.4888888887288394,0.4888888887288394,0.4888888887288394,0.0
volcanoes-a3,rfc-nosuite,0.2820512820130127,,0,0,,0.07692307653272969,0.07692307653272969,0.0
volcanoes-a3,rfc-nosuite,0.18683173893803223,,0,0,,0.07315700560283181,0.07315700560283181,0.0
volcanoes-a3,rfc-nosuite,0.47891601433225794,0.7298212824232847,0,0,,0.3859946268793844,0.7298212824232847,0.0
volcanoes-a3,rfc-nosuite,0.14414414463027095,,0,0,,0.11711711714829727,,0.0
volcanoes-a3,rfc-nosuite,0.32284382269552125,0.4428904425139756,0,0,0.4428904425139756,0.4428904425139756,0.4428904425139756,0.0
volcanoes-a3,rfc-nosuite,0.25525087525825896,,0,0,0.32847141159905296,0.32847141159905296,0.32847141159905296,0.0
volcanoes-a3,rfc-nosuite,0.21441009863314325,0.21441009863314325,0,0,0.21441009863314325,0.21038310645724403,0.3968219428593276,0.0
volcanoes-a3,rfc-nosuite,0.41406663180042713,,0,0,,0.12295081938737777,,0.0
volcanoes-a3,rfc-nosuite,0.4144645338027463,,0,0,,0.24408901269473499,0.24408901269473499,0.0
volcanoes-a3,rfc-nosuite,0.37638015972457883,0.43073721707266427,0,0,0.43073721707266427,0.43073721707266427,,0.0
volcanoes-a3,rfc-nosuite,0.2937559129424866,,0,0,,0.010406811751508652,0.010406811751508652,0.0
volcanoes-a3,rfc-nosuite,0.2173913043478261,,0,0,0.5652173913043478,0.0,,0.0
volcanoes-a3,rfc-nosuite,0.4444444444444445,,0,0,,0.002178649237472767,0.002178649237472767,0.0
volcanoes-a3,rfc-nosuite,0.4274809151973585,,0,0,0.1450381696052829,0.5190839690366467,0.5190839690366467,0.0
volcanoes-a3,rfc-nosuite,0.4002659573289735,,0,0,,0.029255319562470117,0.029255319562470117,0.0
volcanoes-a3,rfc-nosuite,0.22574646156055667,0.23762785282563842,0,0,0.23762785282563842,0.22574646156055667,0.22574646156055667,0.0
volcanoes-a3,rfc-nosuite,0.38616462373120275,,0,0,0.2959719796154262,0.2959719796154262,0.2959719796154262,0.0
volcanoes-a3,rfc-nosuite,0.2953488370053079,,0,0,0.40930232598938415,0.11162790667453025,0.11162790667453025,0.0
volcanoes-a3,rfc-nosuite,0.3365721570268928,0.3365721570268928,0,0,0.4646384205783101,0.4646384205783101,,0.0
volcanoes-a3,rfc-nosuite,0.34938892864917037,0.34938892864917037,0,0,,0.4708842551288612,0.34938892864917037,0.0
volcanoes-a3,rfc-nosuite,0.40481717946828666,,0,0,0.5101567035213849,0.2994776554151885,0.2994776554151885,0.0
volcanoes-a3,rfc-nosuite,0.4398507765333171,0.5703188868458623,0,0,0.5703188868458623,0.5703188868458623,,0.0
volcanoes-a3,rfc-nosuite,0.2829071973138189,,0,0,0.10606060681876887,0.10606060681876887,0.10606060681876887,0.0
volcanoes-a3,rfc-nosuite,0.4184636118018594,,0,0,,0.013477089008161493,0.013477089008161493,0.0
volcanoes-a3,rfc-nosuite,0.3775279883441413,0.3333333333333333,0,0,0.3333333333333333,0.3333333333333333,0.3333333333333333,0.0
volcanoes-a3,rfc-nosuite,0.14642857189898434,,0,0,,0.07142857183246133,0.07142857183246133,0.0
volcanoes-a3,rfc-nosuite,0.1857142861419339,,0,0,1.9956912626501134e-09,0.3142857148559118,1.9956912626501134e-09,0.0
volcanoes-a3,rfc-nosuite,0.3244058849766993,,0,0,0.16823840210379556,0.2597133160751985,0.16823840210379556,0.0
volcanoes-a3,rfc-nosuite,0.16992187504583,,0,0,,0.08593750006394885,0.08593750006394885,0.0
volcanoes-a3,rfc-nosuite,0.3942629484478922,,0,0,,0.2895617530358106,,0.0
volcanoes-a3,rfc-nosuite,0.4289693592526202,,0,0,0.2116991644201953,0.4289693592526202,,0.0
volcanoes-a3,rfc-nosuite,0.34200000010170045,,0,0,,0.0019999999536201344,,0.0
volcanoes-a3,rfc-nosuite,0.34646739108591434,,0,0,,0.14130434783227633,0.14130434783227633,0.0
volcanoes-a4,rfc-nosuite,0.0,,0,0,,0.0,,0.0
volcanoes-a4,rfc-nosuite,0.15441176447551896,,0,0,0.15808823497878416,0.15441176447551896,,0.0
volcanoes-a4,rfc-nosuite,0.3719034708409845,0.3719034708409845,0,0,0.3719034708409845,0.3333333333333333,0.3333333333333333,0.0
volcanoes-a4,rfc-nosuite,0.5559980081410206,,0,0,,0.5559980081410206,0.5559980081410206,0.0
volcanoes-a4,rfc-nosuite,0.03278688512303286,,0,0,,0.03278688512303286,,0.0
volcanoes-a4,rfc-nosuite,0.35867925852967536,0.43559681124987826,0,0,0.43559681124987826,0.35867925852967536,0.2826414829406493,
volcanoes-a4,rfc-nosuite,0.2267587938134201,,0,0,,0.2267587938134201,0.2267587938134201,0.0
volcanoes-a4,rfc-nosuite,0.40846893522497624,0.6279585791364609,0,0,0.6279585791364609,0.4055103543432542,0.6279585791364609,0.0
volcanoes-a4,rfc-nosuite,0.727045074344615,,0,0,,0.727045074344615,0.727045074344615,0.0
volcanoes-a4,rfc-nosuite,0.5575589473256235,,0,0,,0.5575589473256235,0.5575589473256235,0.0
volcanoes-a4,rfc-nosuite,0.22775800600902926,,0,0,,0.22775800600902926,0.22775800600902926,0.0
volcanoes-a4,rfc-nosuite,0.021914648936932523,,0,0,0.3194925028399255,0.3194925028399255,0.021914648936932523,0.0
volcanoes-a4,rfc-nosuite,0.08489208621843038,,0,0,,,0.08489208621843038,0.0
volcanoes-a4,rfc-nosuite,0.06481481481481483,,0,0,,0.06481481481481483,0.06481481481481483,0.0
volcanoes-a4,rfc-nosuite,0.3073593073671614,,0,0,0.2943722942328866,0.3073593073671614,,0.0
volcanoes-a4,rfc-nosuite,0.341772151779353,,0,0,0.286919832224068,0.341772151779353,0.341772151779353,0.0
volcanoes-a4,rfc-nosuite,0.0,,0,0,,0.0,0.0,0.0
volcanoes-a4,rfc-nosuite,0.21176470588235294,,0,0,0.611764705882353,0.21176470588235294,0.21176470588235294,0.0
volcanoes-a4,rfc-nosuite,0.2307692319773643,,0,0,,0.2307692319773643,0.2307692319773643,0.0
volcanoes-a4,rfc-nosuite,0.09230769182384542,,0,0,,0.09230769182384542,0.09230769182384542,0.0
volcanoes-a4,rfc-nosuite,0.3099476437265504,,0,0,,0.3099476437265504,0.3099476437265504,0.0
volcanoes-a4,rfc-nosuite,0.3395924601415174,0.3395924601415174,0,0,0.3395924601415174,0.4125835829665459,0.4125835829665459,0.0
volcanoes-a4,rfc-nosuite,0.014285714285714287,,0,0,,0.014285714285714287,0.014285714285714287,0.0
volcanoes-a4,rfc-nosuite,0.0625000000779567,,0,0,,0.0625000000779567,,0.0
volcanoes-a4,rfc-nosuite,0.42073170707448687,0.5470811658572974,0,0,0.5470811658572974,0.42073170707448687,0.5470811658572974,
volcanoes-a4,rfc-nosuite,0.47970926739346226,,0,0,0.3640218047730885,0.47970926739346226,0.47970926739346226,0.0
volcanoes-a4,rfc-nosuite,0.36874999999999997,,0,0,,0.36874999999999997,0.36874999999999997,0.0
volcanoes-a4,rfc-nosuite,0.4511433755867875,0.5721597091276575,0,0,0.33493647897704126,0.3333333333333333,0.33493647897704126,0.0
volcanoes-a4,rfc-nosuite,0.41799339112775163,,0,0,0.36287173320155247,0.4731150490539508,0.4731150490539508,0.0
volcanoes-a4,rfc-nosuite,0.6994125323778893,,0,0,,0.6994125323778893,,0.0
volcanoes-a4,rfc-nosuite,0.4425629178239764,,0,0,0.6217558002314634,0.26337003541648946,,0.0
volcanoes-a4,rfc-nosuite,0.2275280900983594,,0,0,,0.2275280900983594,0.2275280900983594,0.0
volcanoes-a4,rfc-nosuite,0.4034927988367428,0.4034927988367428,0,0,0.182916734792318,0.4034927988367428,,0.0
volcanoes-a4,rfc-nosuite,0.28324501661400703,0.29245521045147693,0,0,0.4335099667719858,0.28324501661400703,,0.0
volcanoes-a4,rfc-nosuite,0.38374456603830515,0.38374456603830515,0,0,0.3333333333333333,0.38374456603830515,0.4088407291344973,0.0
volcanoes-a4,rfc-nosuite,0.42736897759612746,0.30111169953508715,0,0,,0.42736897759612746,,0.0
volcanoes-a4,rfc-nosuite,0.34107142878330987,,0,0,,0.34107142878330987,0.34107142878330987,0.0
volcanoes-a4,rfc-nosuite,0.3072916667320366,,0,0,,0.4088541666226131,,0.0
volcanoes-a4,rfc-nosuite,0.23199655246592454,,0,0,0.24342388974722265,0.23199655246592454,0.23199655246592454,0.0
volcanoes-a4,rfc-nosuite,0.453676170980175,0.453676170980175,0,0,0.3333333333333333,0.3333333333333333,0.3333333333333333,0.0
volcanoes-a4,rfc-nosuite,0.26780626720359657,,0,0,,0.26780626720359657,0.26780626720359657,0.0
volcanoes-a4,rfc-nosuite,0.3750113457675311,0.3016247607018683,0,0,0.3016247607018683,0.3750113457675311,0.3016247607018683,
volcanoes-a4,rfc-nosuite,0.4255517567297652,0.4255517567297652,0,0,,0.4255517567297652,0.4255517567297652,0.0
volcanoes-a4,rfc-nosuite,0.4769607836922227,,0,0,,0.4769607836922227,0.4769607836922227,0.0
volcanoes-a4,rfc-nosuite,0.8032326049405499,,0,0,,0.8032326049405499,0.8032326049405499,0.0
volcanoes-a4,rfc-nosuite,0.2762589931900748,,0,0,0.3285371693468951,0.2762589931900748,,0.0
volcanoes-a4,rfc-nosuite,0.6721166590438583,0.25320371142585363,0,0,,0.6721166590438583,0.6721166590438583,0.0
volcanoes-a4,rfc-nosuite,0.1616349283507398,0.12378077139946855,0,0,,0.1616349283507398,,0.0
volcanoes-a4,rfc-nosuite,0.31068147047577155,,0,0,,0.3035987746358366,0.3035987746358366,0.0
volcanoes-a4,rfc-nosuite,0.049180328040925626,,0,0,0.27595628411129075,0.049180328040925626,0.049180328040925626,0.0
volcanoes-e1,rfc-nosuite,0.12393162429263135,,0,0,,0.12393162429263135,,0.0
volcanoes-e1,rfc-nosuite,0.3161367729431776,,0,0,,,0.3161367729431776,0.0
volcanoes-e1,rfc-nosuite,0.27372262546616916,,0,0,,,0.328467153567507,0.0
volcanoes-e1,rfc-nosuite,0.1687170468486677,,0,0,,0.1687170468486677,0.1687170468486677,0.0
volcanoes-e1,rfc-nosuite,0.3778371133761004,,0,0,,0.3778371133761004,,0.0
volcanoes-e1,rfc-nosuite,0.26762972119842304,0.44767484150133435,0,0,0.46474055760315397,0.44767484150133435,0.46474055760315397,0.0
volcanoes-e1,rfc-nosuite,0.3366214547715607,,0,0,,,,0.0
volcanoes-e1,rfc-nosuite,0.2905375392530674,,0,0,,,0.3203020891585019,0.0
volcanoes-e1,rfc-nosuite,0.48717948785047627,,0,0,,,,0.0
volcanoes-e1,rfc-nosuite,0.41746436915274043,0.615188257977059,0,0,0.615188257977059,0.615188257977059,,0.0
volcanoes-e1,rfc-nosuite,0.5954295393986682,,0,0,0.04782056729333841,0.5954295393986682,,0.0
volcanoes-e1,rfc-nosuite,0.42369534535955883,,0,0,0.1779971790063903,,0.1779971790063903,0.0
volcanoes-e1,rfc-nosuite,0.06253682975195628,,0,0,,,,0.0
volcanoes-e1,rfc-nosuite,0.3985545330374358,0.3985545330374358,0,0,0.3044678059398097,0.3333333333333333,0.20289093392512828,0.0
volcanoes-e1,rfc-nosuite,0.18279090541137905,0.18279090541137905,0,0,0.6344181891772418,0.3713776188417519,,0.0
volcanoes-e1,rfc-nosuite,0.2690508022297814,,0,0,0.13168449150043632,,,0.0
volcanoes-e1,rfc-nosuite,0.37630876623910486,,0,0,0.2814617121977577,0.43707657560448454,0.43707657560448454,0.0
volcanoes-e1,rfc-nosuite,0.2948179279560956,,0,0,,,,0.0
volcanoes-e1,rfc-nosuite,0.30088209949295036,0.3291738381905902,0,0,,0.30088209949295036,0.34165232361881964,0.0
volcanoes-e1,rfc-nosuite,0.1585365859623986,0.15344440381439026,0,0,0.15344440381439026,0.4181856159447965,,
volcanoes-e1,rfc-nosuite,0.31503482216479406,,0,0,,0.13232281898944753,0.13232281898944753,0.0
volcanoes-e1,rfc-nosuite,0.24101796453911004,,0,0,,0.24101796453911004,,0.0
volcanoes-e1,rfc-nosuite,0.41630901208111437,0.49871244497893,0,0,0.33390557918329866,0.41630901208111437,0.33390557918329866,0.0
volcanoes-e1,rfc-nosuite,0.44484536017343107,0.3333333333333333,0,0,0.4243205252174697,0.4243205252174697,0.15135894956506069,0.0
volcanoes-e1,rfc-nosuite,0.4045801522570702,0.5557251896095158,0,0,,,0.2221374051952421,0.0
volcanoes-e1,rfc-nosuite,0.610209734355072,,0,0,,0.194895132822464,,0.0
volcanoes-e1,rfc-nosuite,0.2826271186294699,,0,0,,0.02118644093832039,,0.0
volcanoes-e1,rfc-nosuite,0.27804107395173117,,0,0,0.44391785209653783,0.1216429696556039,,0.0
volcanoes-e1,rfc-nosuite,0.29152249128428387,0.4169550174314323,0,0,0.316608997053494,0.316608997053494,0.316608997053494,0.0
volcanoes-e1,rfc-nosuite,0.3455834947029388,0.35163693694452713,0,0,0.30277956835253406,0.35163693694452713,0.30277956835253406,0.0
volcanoes-e1,rfc-nosuite,0.2554790230041504,0.3603631808572574,0,0,,,0.27927363828548524,0.0
volcanoes-e1,rfc-nosuite,0.41461449883059787,0.3318469506878837,0,0,0.33630609862423266,0.41461449883059787,0.33630609862423266,0.0
volcanoes-e1,rfc-nosuite,0.41887675521699663,,0,0,,,,0.0
volcanoes-e1,rfc-nosuite,0.3798277979039497,0.5043050426069043,0,0,0.5043050426069043,0.3798277979039497,0.5043050426069043,0.0
volcanoes-e1,rfc-nosuite,0.39997378717043275,,0,0,0.33971166412749315,0.33014416793625345,0.33014416793625345,0.0
volcanoes-e1,rfc-nosuite,0.388888888560269,0.12792792767565223,0,0,0.4831831837640787,0.388888888560269,0.388888888560269,0.0
volcanoes-e1,rfc-nosuite,0.43093220313695074,0.13813559372609852,0,0,0.6544915245426076,,0.1727542377286962,0.0
volcanoes-e1,rfc-nosuite,0.03261379644508579,,0,0,,0.9347724071098283,,0.0
volcanoes-e1,rfc-nosuite,0.3301886796222322,0.3057461403278877,0,0,0.27186963990023993,0.3301886796222322,0.27186963990023993,0.0
volcanoes-e1,rfc-nosuite,0.39057447495581044,0.20343997193278537,0,0,0.21885105008837913,0.39057447495581044,0.21885105008837913,0.0
volcanoes-e1,rfc-nosuite,0.4183454777778371,,0,0,,0.4183454777778371,0.4183454777778371,0.0
volcanoes-e1,rfc-nosuite,0.27412280706132497,0.45175438587734995,0,0,0.331140351425969,0.27412280706132497,0.331140351425969,0.0
volcanoes-e1,rfc-nosuite,0.5653104931143628,,0,0,,0.5653104931143628,0.5653104931143628,0.0
volcanoes-e1,rfc-nosuite,0.08420320087465455,,0,0,0.374739039708439,,,0.0
volcanoes-e1,rfc-nosuite,0.4300311092340548,,0,0,0.38728277170926245,,0.18268611905668264,0.0
volcanoes-e1,rfc-nosuite,0.2939110078230442,,0,0,,0.22716627607160636,,0.0
volcanoes-e1,rfc-nosuite,0.4164858999179947,,0,0,,0.13015184404161143,0.13015184404161143,0.0
volcanoes-e1,rfc-nosuite,0.2559126738239256,0.34930260653448425,0,0,,,,0.0
volcanoes-e1,rfc-nosuite,0.397051148285431,,0,0,,0.397051148285431,,0.0
volcanoes-e1,rfc-nosuite,0.2992424245447236,,0,0,,0.28374655638437674,0.4325068872312464,0.0
volcanoes-e2,rfc-nosuite,0.16444073460018088,,0,0,,,0.09265442413686838,0.0
volcanoes-e2,rfc-nosuite,0.4010243628601892,0.43023255697047963,0,0,,,,0.0
volcanoes-e2,rfc-nosuite,0.3548174215971569,,0,0,,0.635723712614653,0.635723712614653,0.0
volcanoes-e2,rfc-nosuite,0.2260111025683755,,0,0,,,0.11498810515464325,0.0
volcanoes-e2,rfc-nosuite,0.2393992940953513,,0,0,,,0.28091872859415895,0.0
volcanoes-e2,rfc-nosuite,0.33982633193296985,,0,0,,,,0.0
volcanoes-e2,rfc-nosuite,0.3731707321518065,,0,0,,0.4662020908498562,,0.0
volcanoes-e2,rfc-nosuite,0.3606210302541536,,0,0,,,0.4453069869419774,0.0
volcanoes-e2,rfc-nosuite,0.12538913928463738,0.7492217214307252,0,0,,,,0.0
volcanoes-e2,rfc-nosuite,0.3535582536635099,0.3333333333333333,0,0,0.3525976023792373,,0.41231171208549455,
volcanoes-e2,rfc-nosuite,0.196517695054086,0.3958711436978384,0,0,,,,0.0
volcanoes-e2,rfc-nosuite,0.3724279836959475,,0,0,,,0.27489712020787405,0.0
volcanoes-e2,rfc-nosuite,0.13062330625627,,0,0,,0.1252032518901349,0.1252032518901349,0.0
volcanoes-e2,rfc-nosuite,0.18020719773100288,,0,0,,,0.07279171202944189,0.0
volcanoes-e2,rfc-nosuite,0.3830022076662353,,0,0,,,,0.0
volcanoes-e2,rfc-nosuite,0.3482803654984009,0.36134087883816396,0,0,,,,0.0
volcanoes-e2,rfc-nosuite,0.0965665211580031,,0,0,,,0.08583690719636616,0.0
volcanoes-e2,rfc-nosuite,0.3401662052978405,0.295844875281257,0,0,0.295844875281257,,,0.0
volcanoes-e2,rfc-nosuite,0.33553791923851617,,0,0,,,0.16578483272960182,0.0
volcanoes-e2,rfc-nosuite,0.21735330824075377,,0,0,,,,0.0
volcanoes-e2,rfc-nosuite,0.3866050806078931,,0,0,0.38475750630387157,,0.38475750630387157,0.0
volcanoes-e2,rfc-nosuite,0.4688841189056687,0.5407725308693074,0,0,0.5407725308693074,,0.5407725308693074,0.0
volcanoes-e2,rfc-nosuite,0.12430811682550075,0.16743542276746434,0,0,0.16743542276746434,0.16743542276746434,,0.0
volcanoes-e2,rfc-nosuite,0.4322368709265644,0.4322368709265644,0,0,0.18733075947924913,,0.4322368709265644,0.0
volcanoes-e2,rfc-nosuite,0.3268809352403892,,0,0,,,0.2658875091722707,0.0
volcanoes-e2,rfc-nosuite,0.32368421061854513,0.3192982461430458,0,0,,,,0.0
volcanoes-e2,rfc-nosuite,0.2187662000003065,,0,0,,,0.0710212554901799,0.0
volcanoes-e2,rfc-nosuite,0.19690265487979253,,0,0,,,0.08849557598159903,0.0
volcanoes-e2,rfc-nosuite,0.4018942251361266,0.3943508503245044,0,0,0.2952812000261255,,0.4018942251361266,0.0
volcanoes-e2,rfc-nosuite,0.36977611927821274,,0,0,,,,0.0
volcanoes-e2,rfc-nosuite,0.3125389890780282,,0,0,,,0.1048034933944103,0.0
volcanoes-e2,rfc-nosuite,0.3218056451513659,0.4962292602156268,0,0,0.4962292602156268,,,0.0
volcanoes-e2,rfc-nosuite,0.2904858306079282,,0,0,,,0.26639676169307,0.0
volcanoes-e2,rfc-nosuite,0.3627694858616964,,0,0,,,,0.0
volcanoes-e2,rfc-nosuite,0.3265060246139428,,0,0,,,0.20662650698978255,0.0
volcanoes-e2,rfc-nosuite,0.34214162341549104,,0,0,,,0.06424870488231041,0.0
volcanoes-e2,rfc-nosuite,0.38146551723566924,,0,0,,,,0.0
volcanoes-e2,rfc-nosuite,0.3235294116515731,,0,0,,,0.15206508128084487,0.0
volcanoes-e2,rfc-nosuite,0.39406139902832044,0.3716155003977388,0,0,0.3716155003977388,,,0.0
volcanoes-e2,rfc-nosuite,0.33127572011729295,,0,0,,,,0.0
volcanoes-e2,rfc-nosuite,0.2550548815269029,,0,0,,,0.01675332306624423,0.0
volcanoes-e2,rfc-nosuite,0.4302127655093748,0.5217021243044606,0,0,,,0.5217021243044606,0.0
volcanoes-e2,rfc-nosuite,0.4514682356983346,0.4514682356983346,0,0,0.3333333333333333,,0.3333333333333333,0.0
volcanoes-e2,rfc-nosuite,0.3199225475269911,,0,0,,,0.1325301205351587,0.0
volcanoes-e2,rfc-nosuite,0.4366562825488542,,0,0,,,,0.0
volcanoes-e2,rfc-nosuite,0.3665436650847853,0.41068743972124955,0,0,,,0.41068743972124955,0.0
volcanoes-e2,rfc-nosuite,0.34111143697560753,0.3880735739778612,0,0,0.3333333333333333,,0.3333333333333333,0.0
volcanoes-e2,rfc-nosuite,0.3808215595436824,0.3808215595436824,0,0,0.5172684461505302,,0.5172684461505302,0.0
volcanoes-e2,rfc-nosuite,0.3711790380973154,,0,0,,,0.25764192380536916,0.0
volcanoes-e2,rfc-nosuite,0.3948824346228874,,0,0,,,,0.0
volcanoes-e3,rfc-nosuite,0.2832103316447755,,0,0,0.16789667987936308,,,0.0
volcanoes-e3,rfc-nosuite,0.3349786553451647,0.49546424804952566,0,0,,,0.17449306264080372,0.0
volcanoes-e3,rfc-nosuite,0.23024523186161192,,0,0,0.23024523186161192,,,0.0
volcanoes-e3,rfc-nosuite,0.49999999935324824,,0,0,,,,0.0
volcanoes-e3,rfc-nosuite,0.4455880231815804,,0,0,,,,0.0
volcanoes-e3,rfc-nosuite,0.0920709446973761,0.06353677657896971,0,0,,,0.06353677657896971,0.0
volcanoes-e3,rfc-nosuite,0.3742465338867291,0.42420132545387684,0,0,0.42420132545387684,,0.42420132545387684,0.0
volcanoes-e3,rfc-nosuite,0.25903939518135477,,0,0,0.07663248745937921,,,0.0
volcanoes-e3,rfc-nosuite,0.28416296785380146,0.43167406429239713,0,0,0.24904882775141263,,,0.0
volcanoes-e3,rfc-nosuite,0.4150210421467482,0.4150210421467482,0,0,0.6085464537977725,0.3333333333333333,0.6085464537977725,0.0
volcanoes-e3,rfc-nosuite,0.06930693036668187,,0,0,0.623762376296967,,0.06930693036668187,0.0
volcanoes-e3,rfc-nosuite,0.4455864565524798,0.6850060441784322,0,0,,0.20616686892652739,,0.0
volcanoes-e3,rfc-nosuite,0.7070484578136078,0.7070484578136078,0,0,,,,0.0
volcanoes-e3,rfc-nosuite,0.822971548650166,,0,0,,0.3333333333333333,0.822971548650166,0.0
volcanoes-e3,rfc-nosuite,0.49742886519338936,,0,0,,,0.49742886519338936,0.0
volcanoes-e3,rfc-nosuite,0.21669341933239128,,0,0,,0.39165329033380436,,0.0
volcanoes-e3,rfc-nosuite,0.3953333338047999,,0,0,,,0.3953333338047999,0.0
volcanoes-e3,rfc-nosuite,0.35746526770355547,0.46649862273998877,0,0,0.46649862273998877,,0.46649862273998877,0.0
volcanoes-e3,rfc-nosuite,0.4438687394230049,0.6538366642426666,0,0,0.6538366642426666,,0.6538366642426666,0.0
volcanoes-e3,rfc-nosuite,0.3503277496110027,,0,0,0.14930808441456941,,,0.0
volcanoes-e3,rfc-nosuite,0.303188265709628,0.3936234685807441,0,0,0.3936234685807441,,0.1973572564729602,0.0
volcanoes-e3,rfc-nosuite,0.2739319622939351,,0,0,,,,0.0
volcanoes-e3,rfc-nosuite,0.7167487683207803,0.7167487683207803,0,0,,,,0.0
volcanoes-e3,rfc-nosuite,0.4600065835155882,,0,0,,,0.38940092205016524,0.0
volcanoes-e3,rfc-nosuite,0.3220352067004537,0.32118591707012595,0,0,,,0.32288449633078153,0.0
volcanoes-e3,rfc-nosuite,0.650943396798338,,0,0,,,,0.0
volcanoes-e3,rfc-nosuite,0.8353868895267849,0.8353868895267849,0,0,0.061606702637579634,0.44849679608218224,0.8353868895267849,0.0
volcanoes-e3,rfc-nosuite,0.4436193978973423,0.6494940193896904,0,0,0.6494940193896904,,0.6494940193896904,0.0
volcanoes-e3,rfc-nosuite,0.406705539862659,,0,0,,,0.406705539862659,0.0
volcanoes-e3,rfc-nosuite,0.1964549488220791,,0,0,,,0.1964549488220791,0.0
volcanoes-e3,rfc-nosuite,0.43209660468501343,0.43209660468501343,0,0,0.4428888108509436,,0.4428888108509436,0.0
volcanoes-e3,rfc-nosuite,0.23631123959141853,,0,0,,,,0.0
volcanoes-e3,rfc-nosuite,0.3763157900831717,,0,0,,,0.3763157900831717,0.0
volcanoes-e3,rfc-nosuite,0.4590163935632977,,0,0,0.3202576105289977,0.4092505862526512,0.4590163935632977,0.0
volcanoes-e3,rfc-nosuite,0.06260720445731548,,0,0,,,,0.0
volcanoes-e3,rfc-nosuite,0.27867151049840866,,0,0,,,0.27867151049840866,0.0
volcanoes-e3,rfc-nosuite,0.0933333336779227,,0,0,,,0.0933333336779227,0.0
volcanoes-e3,rfc-nosuite,0.4301509295710781,0.7311337306401106,0,0,0.7311337306401106,,,0.0
volcanoes-e3,rfc-nosuite,0.46805349205032626,,0,0,,,0.46805349205032626,0.0
volcanoes-e3,rfc-nosuite,0.3470764626258451,,0,0,,,,0.0
volcanoes-e3,rfc-nosuite,0.22119341583998853,,0,0,0.557613168320023,,,0.0
volcanoes-e3,rfc-nosuite,0.44116385429778965,0.3784672572156811,0,0,0.24306548556863775,0.3784672572156811,0.24306548556863775,0.0
volcanoes-e3,rfc-nosuite,0.45257452607080073,,0,0,0.44932249246537914,,,0.0
volcanoes-e3,rfc-nosuite,0.12392755011738243,,0,0,,,,0.0
volcanoes-e3,rfc-nosuite,0.24348697447716264,,0,0,,,,0.0
volcanoes-e3,rfc-nosuite,0.34587332007315286,0.46142034440629076,0,0,,,,0.0
volcanoes-e3,rfc-nosuite,0.449519683454059,0.6155584847369385,0,0,0.6155584847369385,,,0.0
volcanoes-e3,rfc-nosuite,0.2034285716291897,,0,0,,,,0.0
volcanoes-e3,rfc-nosuite,0.3968133530602418,0.3990895284861708,0,0,,,,0.0
volcanoes-e3,rfc-nosuite,0.3835826620402064,0.3835826620402064,0,0,,,0.3835826620402064,0.0
volcanoes-e4,rfc-nosuite,0.2786799369424362,,0,0,,,,0.0
volcanoes-e4,rfc-nosuite,0.3207729469918782,,0,0,,,,0.0
volcanoes-e4,rfc-nosuite,0.6702864032974807,0.42112783373346,0,0,,,,0.0
volcanoes-e4,rfc-nosuite,0.38857016701826774,,0,0,,,,0.0
volcanoes-e4,rfc-nosuite,0.42398873532732595,0.6473630306279552,0,0,0.39969277998665165,0.39969277998665165,0.3333333333333333,0.0
volcanoes-e4,rfc-nosuite,0.409778225725889,,0,0,,,,0.0
volcanoes-e4,rfc-nosuite,0.2799559920535921,0.43461192252492953,0,0,0.2799559920535921,,0.5892678529962669,0.0
volcanoes-e4,rfc-nosuite,0.3488652826209386,,0,0,0.3843553841100657,,0.3843553841100657,0.0
volcanoes-e4,rfc-nosuite,0.1573163682499876,,0,0,,,0.12377096672899249,0.0
volcanoes-e4,rfc-nosuite,0.30826558304415974,,0,0,,,0.2777777775359031,0.0
volcanoes-e4,rfc-nosuite,0.22308877230549917,0.22308877230549917,0,0,0.19738108560953682,,,0.0
volcanoes-e4,rfc-nosuite,0.2743221696326349,,0,0,,,0.3125996817145545,0.0
volcanoes-e4,rfc-nosuite,0.32231329673771203,0.4766848813868646,0,0,,0.4160291439557202,0.4766848813868646,0.0
volcanoes-e4,rfc-nosuite,0.30872483285929037,,0,0,,0.23969319343336146,,0.0
volcanoes-e4,rfc-nosuite,0.37840466970916176,,0,0,0.5107003898034947,0.5107003898034947,0.5107003898034947,0.0
volcanoes-e4,rfc-nosuite,0.26622558228707227,,0,0,,0.26622558228707227,0.40516698180066013,0.0
volcanoes-e4,rfc-nosuite,0.2624113476020512,,0,0,,,0.24645390132647405,0.0
volcanoes-e4,rfc-nosuite,0.4231927712379045,,0,0,,,,0.0
volcanoes-e4,rfc-nosuite,0.4146716824618826,0.4150706789494263,0,0,0.4146716824618826,,0.4150706789494263,0.0
volcanoes-e4,rfc-nosuite,0.28036605664844233,,0,0,,,0.38935108110715005,0.0
volcanoes-e4,rfc-nosuite,0.5874510389680063,0.4155242542331681,0,0,0.4155242542331681,0.37820126525083514,0.3333333333333334,0.0
volcanoes-e4,rfc-nosuite,0.28118040174072223,,0,0,0.42873051447942656,0.13363028900201787,0.13363028900201787,0.0
volcanoes-e4,rfc-nosuite,0.33605442176691885,,0,0,0.4603174606317226,,0.4603174606317226,0.0
volcanoes-e4,rfc-nosuite,0.30733518988370334,0.3430826359507661,0,0,0.2715877438166405,,0.3430826359507661,0.0
volcanoes-e4,rfc-nosuite,0.10000000035430753,,0,0,0.40724637674043934,,,0.0
volcanoes-e4,rfc-nosuite,0.36106004934368424,,0,0,,,,0.0
volcanoes-e4,rfc-nosuite,0.3606338706190243,,0,0,,,,0.0
volcanoes-e4,rfc-nosuite,0.34907749078775696,0.3431734323206659,0,0,0.354981549254848,,,0.0
volcanoes-e4,rfc-nosuite,0.348168654429008,,0,0,0.4880749559407287,0.2082623529172873,,0.0
volcanoes-e4,rfc-nosuite,0.39030453711684787,,0,0,0.18986948388192337,,,0.0
volcanoes-e4,rfc-nosuite,0.04346492914185621,,0,0,0.057033346260747415,,,0.0
volcanoes-e4,rfc-nosuite,0.20691923175202975,0.31228624050970977,0,0,0.31228624050970977,0.31228624050970977,,0.0
volcanoes-e4,rfc-nosuite,0.37765957429391006,,0,0,0.44042553169977033,,0.44042553169977033,0.0
volcanoes-e4,rfc-nosuite,0.40178571428571425,,0,0,,,,0.0
volcanoes-e4,rfc-nosuite,0.19275362305651247,,0,0,,,,0.0
volcanoes-e4,rfc-nosuite,0.44512487962593916,0.19524495720304605,0,0,0.6950048020488323,0.44512487962593916,0.19524495720304605,0.0
volcanoes-e4,rfc-nosuite,0.2461408333702869,0.39770564596882346,0,0,,,0.3561535206608897,0.0
volcanoes-e4,rfc-nosuite,0.3578901479548312,,0,0,0.2842197040903376,,,0.0
volcanoes-e4,rfc-nosuite,0.2969653179231594,,0,0,,,0.1430635842281168,0.0
volcanoes-e4,rfc-nosuite,0.2487811308972634,0.3137435762867038,0,0,,,0.3137435762867038,0.0
volcanoes-e4,rfc-nosuite,0.37788778954273106,,0,0,,0.37788778954273106,,0.0
volcanoes-e4,rfc-nosuite,0.35848484835360384,,0,0,,,,0.0
volcanoes-e4,rfc-nosuite,0.06594427215351284,0.07616099131623914,0,0,,,,0.0
volcanoes-e4,rfc-nosuite,0.37179487237465225,,0,0,,,,0.0
volcanoes-e4,rfc-nosuite,0.2790841583430892,,0,0,0.4418316833138217,,,0.0
volcanoes-e4,rfc-nosuite,0.3387463957728159,0.3306268021135921,0,0,0.3387463957728159,,0.3312338746921582,0.0
volcanoes-e4,rfc-nosuite,0.37917418067405245,0.07113985448820277,0,0,0.07113985448820277,0.07113985448820277,0.07113985448820277,0.0
volcanoes-e4,rfc-nosuite,0.24478057085359345,,0,0,0.510438858292813,,0.27439284266799974,0.0
volcanoes-e4,rfc-nosuite,0.3141112625174276,,0,0,0.3717774749651448,,0.3826322939703222,0.0
volcanoes-e4,rfc-nosuite,0.3557093418165415,0.5245674739578876,0,0,0.5245674739578876,,0.5245674739578876,0.0
yeast,rfc-nosuite,0.1841273786147664,0.24354455771289898,0,0,0.1887869700492999,,0.1841273786147664,0.0
yeast,rfc-nosuite,0.16666666666666666,0.16683837671290455,0,0,0.16436830919858686,,0.19813337009129148,0.0
yeast,rfc-nosuite,0.16666666666666663,0.18923216688682756,0,0,0.23219235249385053,,0.23221195293352787,0.0
yeast,rfc-nosuite,0.25113701984908704,0.2554813297187017,0,0,0.2624704579961961,,0.25113701984908704,0.0
yeast,rfc-nosuite,0.16666666666666663,0.3071753675818229,0,0,0.18111111112753514,,0.23346395684554877,0.0
yeast,rfc-nosuite,0.16666666666666666,0.1479189294281899,0,0,0.15058470675809515,,0.16666666666666666,0.0
yeast,rfc-nosuite,0.16666666666666666,0.28309008908548755,0,0,0.207015735811407,,0.21106837195723416,0.0
yeast,rfc-nosuite,0.17804793518491144,0.13631156171115633,0,0,0.16666666666666666,,0.16666666666666666,0.0
yeast,rfc-nosuite,0.07239577004270212,0.18091189362847396,0,0,0.16666666666666666,,0.18091189362847396,0.0
yeast,rfc-nosuite,0.1369388686939062,0.22220855115800162,0,0,0.16521757737136872,,0.1491838622186598,0.0
yeast,rfc-nosuite,0.16666666666666666,0.30497506404985,0,0,0.20970099250461505,,0.21219834313972888,0.0
yeast,rfc-nosuite,0.16666666666666666,0.21013736478423606,0,0,0.19681649661285738,,0.18280499535248348,0.0
yeast,rfc-nosuite,0.1666666666666667,0.12603013744177907,0,0,0.1691192664146442,,0.17120753293701052,0.0
yeast,rfc-nosuite,0.1478697841417415,0.1906572316923928,0,0,0.16351721797382812,,0.1666666666666667,0.0
yeast,rfc-nosuite,0.2824964052210846,0.3496028780334618,0,0,0.2824964052210846,,0.2824964052210846,0.0
yeast,rfc-nosuite,0.1915312012013805,0.3042198941096078,0,0,0.1915312012013805,,0.19531258094300089,0.0
yeast,rfc-nosuite,0.17266280138515416,0.17686093069258263,0,0,0.16244662342541732,,0.1938242387546759,0.0
yeast,rfc-nosuite,0.1837268572393566,0.19633274360833475,0,0,0.21978940992169957,,0.22965857154919575,0.0
yeast,rfc-nosuite,0.2202787250956461,0.26242614438676787,0,0,0.26242614438676787,,0.26242614438676787,0.0
yeast,rfc-nosuite,0.1274964702819832,0.15959275769273587,0,0,0.18887212436415463,,0.1697281358597803,0.0
yeast,rfc-nosuite,0.16666666666666666,0.24302676659458589,0,0,0.2293917647707824,,0.3008858895415992,0.0
yeast,rfc-nosuite,0.16666666666666666,0.19007832033307007,0,0,0.18089084876433853,,0.20184824338760374,0.0
yeast,rfc-nosuite,0.16666666666666666,0.23590113405281066,0,0,0.20702364672512108,,0.19466755459759247,0.0
yeast,rfc-nosuite,0.14289607078834482,0.16666666666666666,0,0,0.16652105834172853,,0.16302832515985616,0.0
yeast,rfc-nosuite,0.16111828931773758,0.25578593421203977,0,0,0.22363343329473262,,0.201397861647172,0.0
yeast,rfc-nosuite,0.1742261025757798,0.1590653329361569,0,0,0.1811070064241764,,0.1588429874476019,0.0
yeast,rfc-nosuite,0.1671294324819388,0.15159000077535356,0,0,0.15414256813834404,,0.15414256813834404,0.0
yeast,rfc-nosuite,0.17378184953299997,0.18025139728275988,0,0,0.20409370802666635,,0.18025139728275988,0.0
yeast,rfc-nosuite,0.17819692122773836,0.20340836435722212,0,0,0.17819692122773836,,0.16666666666666666,0.0
yeast,rfc-nosuite,0.12677947636857237,0.15213537164228685,0,0,0.18624547547499257,,0.16611425210356306,0.0
yeast,rfc-nosuite,0.13780336518068573,0.11994068374123948,0,0,0.14588470181303254,,0.17489648773653133,0.0
yeast,rfc-nosuite,0.19328113067045768,0.2866857608860151,0,0,0.21238843479239047,,0.17569540405134454,0.0
yeast,rfc-nosuite,0.1023806037889527,0.18888719839053644,0,0,0.15408509982917587,,0.18888719839053644,0.0
yeast,rfc-nosuite,0.16666666666666666,0.19991856008142558,0,0,0.16666666666666666,,0.16666666666666666,0.0
yeast,rfc-nosuite,0.15952530505261658,0.12707919205649662,0,0,0.12707919205649662,,0.12707919205649662,0.0
yeast,rfc-nosuite,0.16666666666666666,0.172431044392083,0,0,0.19914796149562636,,0.172431044392083,0.0
yeast,rfc-nosuite,0.17448794398047382,0.2522338716772598,0,0,0.19328372491881976,,0.16666666666666666,0.0
yeast,rfc-nosuite,0.2225949443017974,0.23470539688289044,0,0,0.2225949443017974,,0.27890259439218906,0.0
yeast,rfc-nosuite,0.18219534557081749,0.21946487251984395,0,0,0.1714779894735489,,0.1714779894735489,0.0
yeast,rfc-nosuite,0.1650134539420439,0.17361673799988242,0,0,0.18243270711093026,,0.17444369382905234,0.0
yeast,rfc-nosuite,0.16666666666666666,0.1494710680644157,0,0,0.24257322706290718,,0.24257322706290718,0.0
yeast,rfc-nosuite,0.1297833773108606,0.18824526379431328,0,0,0.19246804989402266,,0.19246804989402266,0.0
yeast,rfc-nosuite,0.12199082516386045,0.175250551990859,0,0,0.2277587270293734,,0.17646029336557792,0.0
yeast,rfc-nosuite,0.16666666666666666,0.34986445722224413,0,0,0.22029125422703488,,0.15328616731295802,0.0
yeast,rfc-nosuite,0.1757281111834487,0.21870060099237815,0,0,0.1885139821932163,,0.24215975017784655,0.0
yeast,rfc-nosuite,0.1666666666666667,0.2371194117142654,0,0,0.18835397058835787,,0.18835397058835787,0.0
yeast,rfc-nosuite,0.16999805300132698,0.17285915437515093,0,0,0.1889497370857558,,0.1853245736017248,0.0
yeast,rfc-nosuite,0.14431106704534882,0.16290996563904295,0,0,0.17662769712480084,,0.17662769712480084,0.0
yeast,rfc-nosuite,0.16666666666666666,0.2136191930567387,0,0,0.23174089469219664,,0.17365564694539812,0.0
yeast,rfc-nosuite,0.16666666666666666,0.18845987577804924,0,0,0.21088572608813105,,0.17702795906935176,0.0
rmftsa,rfc-nosuite,0.5,0.7758198948005295,0,0,0.7758198948005295,0.5,0.7758198948005295,0.0
rmftsa,rfc-nosuite,0.5,0.5,0,0,0.5,0.5,0.5,0.0
rmftsa,rfc-nosuite,0.5,0.4526699115258531,0,0,0.5,0.5,0.5,0.0
rmftsa,rfc-nosuite,0.49999999999999994,0.8663563761193898,0,0,0.8663563761193898,0.49999999999999994,0.49999999999999994,0.0
rmftsa,rfc-nosuite,0.5,0.5068790136567487,0,0,0.5068790136567487,0.4931209863432513,0.5068790136567487,0.0
rmftsa,rfc-nosuite,0.5,0.5,0,0,0.5,0.5,0.5,0.0
rmftsa,rfc-nosuite,0.5,0.5,0,0,0.5,0.4520486971353319,0.5,0.0
rmftsa,rfc-nosuite,0.49999999999999994,0.9101395568787315,0,0,0.49999999999999994,0.08986044312126844,0.49999999999999994,0.0
rmftsa,rfc-nosuite,0.5,0.5,0,0,0.6651111057691421,0.5,0.5,0.0
rmftsa,rfc-nosuite,0.5,0.8863095991468205,0,0,0.8863095991468205,0.1136904008531795,0.8863095991468205,0.0
rmftsa,rfc-nosuite,0.49999999999999994,0.8582793266539718,0,0,0.8582793266539718,0.49999999999999994,0.49999999999999994,0.0
rmftsa,rfc-nosuite,0.5,0.5722533153641921,0,0,0.5722533153641921,0.5,0.5722533153641921,0.0
rmftsa,rfc-nosuite,0.500012226956289,0.5,0,0,0.5,0.500012226956289,0.5,0.0
rmftsa,rfc-nosuite,0.49999999999999994,0.49999999999999994,0,0,0.49999999999999994,0.49999999999999994,0.510003270950902,0.0
rmftsa,rfc-nosuite,0.5,0.8738549674157187,0,0,0.8738549674157187,0.5,0.12614503258428145,0.0
rmftsa,rfc-nosuite,0.6831380755287505,0.5,0,0,0.5,0.5,0.6831380755287505,0.0
rmftsa,rfc-nosuite,0.5,0.5,0,0,0.5,0.5,0.5019950232808401,0.0
rmftsa,rfc-nosuite,0.5,0.8863095991468205,0,0,0.8863095991468205,0.1136904008531795,0.5,0.0
rmftsa,rfc-nosuite,0.5,0.5,0,0,0.5,0.5,0.5,0.0
rmftsa,rfc-nosuite,0.5,0.4738304619093737,0,0,0.4738304619093737,0.5,0.5,0.0
rmftsa,rfc-nosuite,0.5,0.7947873420343822,0,0,0.7947873420343822,0.5,0.20521265796561783,0.0
rmftsa,rfc-nosuite,0.5,0.5,0,0,0.47620541538124933,0.5237945846187507,0.5,0.0
rmftsa,rfc-nosuite,0.5,0.5,0,0,0.5,0.4288701130755616,0.5711298869244383,0.0
rmftsa,rfc-nosuite,0.5,0.518673190568725,0,0,0.518673190568725,0.5,0.518673190568725,0.0
rmftsa,rfc-nosuite,0.5,0.8260705437326745,0,0,0.8260705437326745,0.8260705437326745,0.8260705437326745,0.0
rmftsa,rfc-nosuite,0.49999999999999994,0.49999999999999994,0,0,0.5382865747427525,0.49999999999999994,0.46171342525724735,0.0
rmftsa,rfc-nosuite,0.5,0.37666861006952357,0,0,0.5,0.5,0.5,0.0
rmftsa,rfc-nosuite,0.5,0.5,0,0,0.5,0.5,0.1941891930546649,0.0
rmftsa,rfc-nosuite,0.5,0.4755632924164824,0,0,0.5,0.4755632924164824,0.4755632924164824,0.0
rmftsa,rfc-nosuite,0.5,0.5324946832631087,0,0,0.5,0.5324946832631087,0.5324946832631087,0.0
rmftsa,rfc-nosuite,0.5,0.5,0,0,0.1300861176925215,0.5,0.5,0.0
rmftsa,rfc-nosuite,0.3820607177895183,0.5,0,0,0.5,0.3820607177895183,0.3820607177895183,0.0
rmftsa,rfc-nosuite,0.49999999999999994,0.49999999999999994,0,0,0.49999999999999994,0.49999999999999994,0.510003270950902,0.0
rmftsa,rfc-nosuite,0.5,0.5,0,0,0.5,0.7909770329084322,0.5,0.0
rmftsa,rfc-nosuite,0.5,0.578524572363208,0,0,0.578524572363208,0.5,0.5,0.0
rmftsa,rfc-nosuite,0.5,0.5,0,0,0.5,0.5,0.5,0.0
rmftsa,rfc-nosuite,0.5,0.8038691610756028,0,0,0.5,0.5,0.5,0.0
rmftsa,rfc-nosuite,0.5,0.7608148775982975,0,0,0.5,0.5,0.5,0.0
rmftsa,rfc-nosuite,0.5,0.5,0,0,0.2558755848496689,0.2558755848496689,0.2558755848496689,0.0
rmftsa,rfc-nosuite,0.7203958364848148,0.2796041635151853,0,0,0.7203958364848148,0.2796041635151853,0.5,0.0
rmftsa,rfc-nosuite,0.5,0.6684856158886234,0,0,0.5,0.6684856158886234,0.5,0.0
rmftsa,rfc-nosuite,0.49999999999999994,0.49999999999999994,0,0,0.49999999999999994,0.5097221984993602,0.5097221984993602,0.0
rmftsa,rfc-nosuite,0.5,0.7070590895601369,0,0,0.5,0.2929409104398631,0.5,0.0
rmftsa,rfc-nosuite,0.5,0.8053165657527416,0,0,0.8053165657527416,0.5,0.8053165657527416,0.0
rmftsa,rfc-nosuite,0.5,0.8031824667312765,0,0,0.5,0.5,0.19681753326872353,0.0
rmftsa,rfc-nosuite,0.5,0.8863095991468205,0,0,0.8863095991468205,0.8863095991468205,0.8863095991468205,0.0
rmftsa,rfc-nosuite,0.5,0.7070590895601369,0,0,0.5,0.2929409104398631,0.5,0.0
rmftsa,rfc-nosuite,0.49999999999999994,0.49999999999999994,0,0,0.49999999999999994,0.49999999999999994,0.49999999999999994,0.0
rmftsa,rfc-nosuite,0.5,0.5,0,0,0.5,0.5,0.5,0.0
rmftsa,rfc-nosuite,0.5,0.5010150579399376,0,0,0.5010150579399376,0.5,0.5010150579399376,0.0
banknote-authentication,rfc-nosuite,0.32668711737414097,,0,0,0.32668711737414097,0.6211656415458728,0.32668711737414097,0.0
banknote-authentication,rfc-nosuite,0.10606060593690618,,0,0,0.5324675325499991,0.5324675325499991,0.10606060593690618,0.0
banknote-authentication,rfc-nosuite,0.2587567829627507,,0,0,0.2587567829627507,0.0037000486861221856,0.2587567829627507,0.0
banknote-authentication,rfc-nosuite,0.28022496933952984,0.5426326610702672,0,0,0.28022496933952984,0.3848531676077497,0.28022496933952984,0.0
banknote-authentication,rfc-nosuite,0.28098290556541505,0.7182400909351425,0,0,0.4137529128340306,0.28098290556541505,0.4137529128340306,0.0
banknote-authentication,rfc-nosuite,0.47075817888902016,0.47075817888902016,0,0,0.47075817888902016,0.47075817888902016,0.47075817888902016,0.0
banknote-authentication,rfc-nosuite,0.3043081408604955,0.628696602764787,0,0,0.3043081408604955,0.425794085358727,0.3043081408604955,0.0
banknote-authentication,rfc-nosuite,0.30606060566036813,,0,0,0.2545454549649345,0.3530303028725169,0.30606060566036813,0.0
banknote-authentication,rfc-nosuite,0.325606060669478,0.7213636368157654,0,0,0.4484090909985021,0.37227272740366557,0.325606060669478,0.0
banknote-authentication,rfc-nosuite,0.06638588258441402,,0,0,0.06638588258441402,0.25972723551748406,0.2695547551519889,0.0
banknote-authentication,rfc-nosuite,0.32703781562871254,0.5611822407785333,0,0,0.4387062873926183,0.32703781562871254,0.4387062873926183,0.0
banknote-authentication,rfc-nosuite,0.6962209319978828,,0,0,0.37572674486669183,0.314922480754833,0.43968023282973356,0.0
banknote-authentication,rfc-nosuite,0.16716269569758513,,0,0,0.22315917065548954,0.254960316081089,0.16716269569758513,0.0
banknote-authentication,rfc-nosuite,0.2171052631333109,,0,0,0.2171052631333109,0.33725761565802354,0.297783933049343,0.0
banknote-authentication,rfc-nosuite,0.3326797384733217,,0,0,0.496732025730377,0.3326797384733217,0.496732025730377,0.0
banknote-authentication,rfc-nosuite,0.30253623185076656,0.6035079045927325,0,0,0.3787055333651412,0.34794960452021634,0.3787055333651412,0.0
banknote-authentication,rfc-nosuite,0.2598382010367225,0.5008227063473695,0,0,0.32723159180147565,0.31293706292729284,0.32723159180147565,0.0
banknote-authentication,rfc-nosuite,0.32938995095573936,0.7440457532340836,0,0,0.32938995095573936,0.32938995095573936,0.32938995095573936,0.0
banknote-authentication,rfc-nosuite,0.3154093091118899,,0,0,0.25321027089367604,0.25321027089367604,0.3154093091118899,0.0
banknote-authentication,rfc-nosuite,0.2588201278649322,,0,0,0.22353961640520337,0.2345286306385334,0.2345286306385334,0.0
banknote-authentication,rfc-nosuite,0.42814171106467924,0.4568850268845819,0,0,0.42814171106467924,0.28676470576294344,0.42814171106467924,0.0
banknote-authentication,rfc-nosuite,0.3192398913917275,0.3896243587124763,0,0,0.3192398913917275,0.4071653149567496,0.3192398913917275,0.0
banknote-authentication,rfc-nosuite,0.24976258221468228,,0,0,0.25071225335595326,0.29914529718675953,0.27492877586835807,0.0
banknote-authentication,rfc-nosuite,0.31284916332352974,,0,0,0.31284916332352974,0.39106145265857284,0.31036623244420386,0.0
banknote-authentication,rfc-nosuite,0.3219961568147866,0.39725330534814257,0,0,0.45430654411207627,0.3219961568147866,0.45430654411207627,0.0
banknote-authentication,rfc-nosuite,0.45737547947800267,,0,0,0.01580459773090116,0.4556992340390739,0.2365900386044519,0.0
banknote-authentication,rfc-nosuite,0.3167877322066253,,0,0,0.4636803873973253,0.3167877322066253,0.4636803873973253,0.0
banknote-authentication,rfc-nosuite,0.06446991451265373,,0,0,0.2757879655248642,0.2757879655248642,0.2757879655248642,0.0
banknote-authentication,rfc-nosuite,0.48318458531852726,0.9588628167447223,0,0,0.9588628167447223,0.48318458531852726,0.9588628167447223,0.0
banknote-authentication,rfc-nosuite,0.25469992798324737,,0,0,0.2827187275585544,0.2827187275585544,0.2827187275585544,0.0
banknote-authentication,rfc-nosuite,0.3186511790815902,,0,0,0.3186511790815902,0.23910938734009818,0.3814133595185211,0.0
banknote-authentication,rfc-nosuite,0.24630242931936053,,0,0,0.29370861099604095,0.49453642479133453,0.29370861099604095,0.0
banknote-authentication,rfc-nosuite,0.33148122976653355,0.1042445456716883,0,0,0.3395126758246648,0.44509957181395615,0.6734690409489302,0.0
banknote-authentication,rfc-nosuite,0.0,,0,0,0.2648026314134243,0.0,0.2648026314134243,0.0
banknote-authentication,rfc-nosuite,0.2601366239929832,0.5922212417554307,0,0,0.25,0.5922212417554307,0.2601366239929832,0.0
banknote-authentication,rfc-nosuite,0.0,,0,0,0.26027397252245704,0.26027397252245704,0.0,0.0
banknote-authentication,rfc-nosuite,0.2666666675697673,,0,0,0.3242424245563928,0.3242424245563928,0.3242424245563928,0.0
banknote-authentication,rfc-nosuite,0.5376266304314226,,0,0,0.5376266304314226,0.3039073819253474,0.3039073819253474,0.0
banknote-authentication,rfc-nosuite,0.2143179769979058,,0,0,0.3079268292040888,0.4254742541046447,0.3079268292040888,0.0
banknote-authentication,rfc-nosuite,0.0,,0,0,0.0032467531642866657,0.15584415596785572,0.0032467531642866657,0.0
banknote-authentication,rfc-nosuite,0.03846154037309187,,0,0,0.37500000032054925,0.07342657432833818,0.07342657432833818,0.0
banknote-authentication,rfc-nosuite,0.41610367252380226,0.41610367252380226,0,0,0.41610367252380226,0.41610367252380226,0.41610367252380226,0.0
banknote-authentication,rfc-nosuite,0.1247954739218576,0.35935369408330636,0,0,0.4200299967883633,0.32161848916619473,0.4200299967883633,0.0
banknote-authentication,rfc-nosuite,0.32152985364212006,0.4245420403560566,0,0,0.4245420403560566,0.4245420403560566,0.77182494078708,0.0
banknote-authentication,rfc-nosuite,0.28597883595831636,,0,0,0.37208994648054966,0.28597883595831636,0.28597883595831636,0.0
banknote-authentication,rfc-nosuite,0.3297424467456542,0.8889301634808703,0,0,0.8889301634808703,0.3297424467456542,0.3297424467456542,0.0
banknote-authentication,rfc-nosuite,0.0,,0,0,0.2800000012945384,0.2800000012945384,0.2800000012945384,0.0
banknote-authentication,rfc-nosuite,0.32324921427542846,0.3397689261113579,0,0,0.32324921427542846,0.4876862257260444,0.32324921427542846,0.0
banknote-authentication,rfc-nosuite,0.0031659883833420385,,0,0,0.0031659883833420385,0.2375621888178281,0.0031659883833420385,0.0
banknote-authentication,rfc-nosuite,0.32817517924395045,0.4440081826535619,0,0,0.31146891924270015,0.30116360919175744,0.5264286660606727,0.0
volcanoes-a2,rfc-nosuite,0.2561869837333112,0.36571952308755973,0,0,0.37809349317912905,0.31714023845622014,0.31714023845622014,0.0
volcanoes-a2,rfc-nosuite,0.2775416789975736,0.3725073550238681,0,0,0.25498528995226377,0.36122916050121323,,0.0
volcanoes-a2,rfc-nosuite,0.16666666666666666,,0,0,,0.3333333333333333,0.0,0.0
volcanoes-a2,rfc-nosuite,0.45008183307003635,,0,0,0.875613747758527,0.024549918381545705,,0.0
volcanoes-a2,rfc-nosuite,0.4610110798305902,0.4610110798305902,0,0,0.14480609424132315,0.4610110798305902,,0.0
volcanoes-a2,rfc-nosuite,0.2698412698412698,,0,0,,0.0,,0.0
volcanoes-a2,rfc-nosuite,0.41413474219198887,,0,0,0.7661822977869358,0.062087186597041905,0.062087186597041905,0.0
volcanoes-a2,rfc-nosuite,0.24901185776520923,,0,0,0.24901185776520923,0.14723320164595646,,0.0
volcanoes-a2,rfc-nosuite,0.4627236584999994,,0,0,0.07455268300000108,0.4627236584999994,0.8011928422320076,0.0
volcanoes-a2,rfc-nosuite,0.3690296632351487,,0,0,0.577174459630335,0.577174459630335,,0.0
volcanoes-a2,rfc-nosuite,0.3052747006782329,0.40396624763968647,0,0,0.38945059864353404,0.3052747006782329,0.38945059864353404,0.0
volcanoes-a2,rfc-nosuite,0.35370950872134216,,0,0,0.1828631139979642,0.5245559034447201,,0.0
volcanoes-a2,rfc-nosuite,0.26375938373098806,0.43566202824020367,0,0,0.43566202824020367,0.3988428239423835,0.43566202824020367,0.0
volcanoes-a2,rfc-nosuite,0.3419354842009179,0.3419354842009179,0,0,0.3419354842009179,0.3012288789814388,0.3419354842009179,0.0
volcanoes-a2,rfc-nosuite,0.36926605504587157,,0,0,0.26146788990825687,0.001965923984272608,,0.0
volcanoes-a2,rfc-nosuite,0.3445229684948452,,0,0,0.23674911588912667,0.4522968211005637,0.4522968211005637,0.0
volcanoes-a2,rfc-nosuite,0.4276629566618669,,0,0,0.4141494436630758,0.4276629566618669,0.17170111267384838,0.0
volcanoes-a2,rfc-nosuite,0.4520298007582357,,0,0,0.23399726321973027,0.23399726321973027,0.23399726321973027,0.0
volcanoes-a2,rfc-nosuite,0.4159388646708887,,0,0,0.4126637544571052,0.4126637544571052,0.4126637544571052,0.0
volcanoes-a2,rfc-nosuite,0.3758278144483397,,0,0,,0.5380794697987069,,0.0
volcanoes-a2,rfc-nosuite,0.47594501674184353,,0,0,0.04810996651631293,0.17182130582451086,0.17182130582451086,0.0
volcanoes-a2,rfc-nosuite,0.24686595948963316,,0,0,,0.04982320852572502,0.04982320852572502,0.0
volcanoes-a2,rfc-nosuite,0.4070588235294118,,0,0,0.0023529411764705885,0.0023529411764705885,,0.0
volcanoes-a2,rfc-nosuite,0.36986715006140247,0.5301932372751272,0,0,0.2095410628476777,0.3333333333333333,,0.0
volcanoes-a2,rfc-nosuite,0.3329129895136882,,0,0,0.33417402097262355,0.2761664587821858,0.2761664587821858,0.0
volcanoes-a2,rfc-nosuite,0.1607142865606726,,0,0,,0.09523809666358898,0.09523809666358898,0.0
volcanoes-a2,rfc-nosuite,0.36718749999999994,,0,0,0.22656249999999997,0.22656249999999997,,0.0
volcanoes-a2,rfc-nosuite,0.3903628560801682,,0,0,,0.07023019899002975,0.07023019899002975,0.0
volcanoes-a2,rfc-nosuite,0.3421750663129974,,0,0,0.002652519893899204,0.002652519893899204,,0.0
volcanoes-a2,rfc-nosuite,0.3034188038168045,,0,0,0.34188034377084714,0.34188034377084714,0.34188034377084714,0.0
volcanoes-a2,rfc-nosuite,0.07758620707304344,,0,0,,0.025862069526138006,0.025862069526138006,0.0
volcanoes-a2,rfc-nosuite,0.22727272727272727,,0,0,0.5454545454545455,0.22727272727272727,0.0,0.0
volcanoes-a2,rfc-nosuite,0.26503436385705587,,0,0,,0.4576890024289675,,0.0
volcanoes-a2,rfc-nosuite,0.15500000000000003,,0,0,0.0,0.0,0.0,0.0
volcanoes-a2,rfc-nosuite,0.32766705760031134,,0,0,0.3446658847993774,0.4331770224572266,0.4331770224572266,0.0
volcanoes-a2,rfc-nosuite,0.28308823544517553,,0,0,0.30882352756885767,0.3455882362155711,,0.0
volcanoes-a2,rfc-nosuite,0.4648711946635193,,0,0,,0.159250585537047,0.159250585537047,0.0
volcanoes-a2,rfc-nosuite,0.39858310579689626,0.3333333333333333,0,0,0.3333333333333333,0.39858310579689626,0.3333333333333333,0.0
volcanoes-a2,rfc-nosuite,0.3137254901960784,,0,0,,0.0,0.0,0.0
volcanoes-a2,rfc-nosuite,0.2655607537894496,0.2655607537894496,0,0,0.2655607537894496,0.2655607537894496,0.2655607537894496,0.0
volcanoes-a2,rfc-nosuite,0.22142857142857145,,0,0,0.04285714285714285,0.04285714285714285,0.04285714285714285,0.0
volcanoes-a2,rfc-nosuite,0.25373563225660417,,0,0,0.014367816195541975,0.2534482758411668,,0.0
volcanoes-a2,rfc-nosuite,0.44351230485113746,,0,0,,0.34787471930727965,0.34787471930727965,0.0
volcanoes-a2,rfc-nosuite,0.35242641208167347,,0,0,0.19451074002655672,0.09387430421646051,0.09387430421646051,0.0
volcanoes-a2,rfc-nosuite,0.325,,0,0,,0.18750000000000003,0.024999999999999998,0.0
volcanoes-a2,rfc-nosuite,0.38916546731010404,0.3333333333333333,0,0,0.07574584178453428,0.38916546731010404,0.4621270791077329,
volcanoes-a2,rfc-nosuite,0.24074074074074076,,0,0,0.24074074074074076,0.11111111111111109,,0.0
volcanoes-a2,rfc-nosuite,0.17870370227864402,0.17870370227864402,0,0,,0.31682098744685305,,0.0
volcanoes-a2,rfc-nosuite,0.21948717959177416,,0,0,0.37641025675986056,0.21948717959177416,0.37641025675986056,0.0
volcanoes-a2,rfc-nosuite,0.3796106550417985,,0,0,,0.3980532787873322,0.3796106550417985,0.0
volcanoes-a3,rfc-nosuite,0.6148836853013284,0.3745388842975419,0,0,0.6148836853013284,0.4329029583531223,0.4329029583531223,0.0
volcanoes-a3,rfc-nosuite,0.3786356426602397,,0,0,,0.3405605495744716,,0.0
volcanoes-a3,rfc-nosuite,0.7914828835965305,0.43813185526099985,0,0,0.45760958653726536,0.3333333333333333,0.3333333333333333,0.0
volcanoes-a3,rfc-nosuite,0.15222772246243738,,0,0,,0.09158415753082946,0.09158415753082946,0.0
volcanoes-a3,rfc-nosuite,0.13803680983566824,,0,0,0.7239263803286636,0.024539877589800578,,0.0
volcanoes-a3,rfc-nosuite,0.3064150939706876,,0,0,,0.3166037736682174,,0.0
volcanoes-a3,rfc-nosuite,0.30803571428849846,,0,0,0.3839285714230031,0.3203124992058162,,0.0
volcanoes-a3,rfc-nosuite,0.4189189188244336,,0,0,,0.1541541543242977,0.14614614629746261,0.0
volcanoes-a3,rfc-nosuite,0.31420397174304415,,0,0,,0.39414338498961515,0.39414338498961515,0.0
volcanoes-a3,rfc-nosuite,0.33268765150584145,,0,0,,0.4213075067340331,,0.0
volcanoes-a3,rfc-nosuite,0.19262295162567852,,0,0,0.053278689049022276,0.053278689049022276,0.053278689049022276,0.0
volcanoes-a3,rfc-nosuite,0.3971840207355105,0.5361820553845073,0,0,0.5361820553845073,0.5361820553845073,0.5361820553845073,0.0
volcanoes-a3,rfc-nosuite,0.33001371622752695,,0,0,,0.33001371622752695,0.43365734297777403,0.0
volcanoes-a3,rfc-nosuite,0.6445058663779517,0.40304044197884176,0,0,0.40304044197884176,0.3333333333333333,0.40304044197884176,
volcanoes-a3,rfc-nosuite,0.29823316966412183,0.435517152873902,0,0,0.435517152873902,0.435517152873902,,0.0
volcanoes-a3,rfc-nosuite,0.35631370341539526,,0,0,0.2120611554096973,0.2120611554096973,0.2120611554096973,0.0
volcanoes-a3,rfc-nosuite,0.39688888880682216,0.4888888887288394,0,0,0.4888888887288394,0.4888888887288394,0.4888888887288394,0.0
volcanoes-a3,rfc-nosuite,0.2820512820130127,,0,0,,0.07692307653272969,0.07692307653272969,0.0
volcanoes-a3,rfc-nosuite,0.18683173893803223,,0,0,,0.07315700560283181,0.07315700560283181,0.0
volcanoes-a3,rfc-nosuite,0.47891601433225794,0.7298212824232847,0,0,,0.3859946268793844,0.7298212824232847,0.0
volcanoes-a3,rfc-nosuite,0.14414414463027095,,0,0,,0.11711711714829727,,0.0
volcanoes-a3,rfc-nosuite,0.32284382269552125,0.4428904425139756,0,0,0.4428904425139756,0.4428904425139756,0.4428904425139756,0.0
volcanoes-a3,rfc-nosuite,0.25525087525825896,,0,0,0.32847141159905296,0.32847141159905296,0.32847141159905296,0.0
volcanoes-a3,rfc-nosuite,0.21441009863314325,0.21441009863314325,0,0,0.21441009863314325,0.21038310645724403,0.3968219428593276,0.0
volcanoes-a3,rfc-nosuite,0.41406663180042713,,0,0,,0.12295081938737777,,0.0
volcanoes-a3,rfc-nosuite,0.4144645338027463,,0,0,,0.24408901269473499,0.24408901269473499,0.0
volcanoes-a3,rfc-nosuite,0.37638015972457883,0.43073721707266427,0,0,0.43073721707266427,0.43073721707266427,,0.0
volcanoes-a3,rfc-nosuite,0.2937559129424866,,0,0,,0.010406811751508652,0.010406811751508652,0.0
volcanoes-a3,rfc-nosuite,0.2173913043478261,,0,0,0.5652173913043478,0.0,,0.0
volcanoes-a3,rfc-nosuite,0.4444444444444445,,0,0,,0.002178649237472767,0.002178649237472767,0.0
volcanoes-a3,rfc-nosuite,0.4274809151973585,,0,0,0.1450381696052829,0.5190839690366467,0.5190839690366467,0.0
volcanoes-a3,rfc-nosuite,0.4002659573289735,,0,0,,0.029255319562470117,0.029255319562470117,0.0
volcanoes-a3,rfc-nosuite,0.22574646156055667,0.23762785282563842,0,0,0.23762785282563842,0.22574646156055667,0.22574646156055667,0.0
volcanoes-a3,rfc-nosuite,0.38616462373120275,,0,0,0.2959719796154262,0.2959719796154262,0.2959719796154262,0.0
volcanoes-a3,rfc-nosuite,0.2953488370053079,,0,0,0.40930232598938415,0.11162790667453025,0.11162790667453025,0.0
volcanoes-a3,rfc-nosuite,0.3365721570268928,0.3365721570268928,0,0,0.4646384205783101,0.4646384205783101,,0.0
volcanoes-a3,rfc-nosuite,0.34938892864917037,0.34938892864917037,0,0,,0.4708842551288612,0.34938892864917037,0.0
volcanoes-a3,rfc-nosuite,0.40481717946828666,,0,0,0.5101567035213849,0.2994776554151885,0.2994776554151885,0.0
volcanoes-a3,rfc-nosuite,0.4398507765333171,0.5703188868458623,0,0,0.5703188868458623,0.5703188868458623,,0.0
volcanoes-a3,rfc-nosuite,0.2829071973138189,,0,0,0.10606060681876887,0.10606060681876887,0.10606060681876887,0.0
volcanoes-a3,rfc-nosuite,0.4184636118018594,,0,0,,0.013477089008161493,0.013477089008161493,0.0
volcanoes-a3,rfc-nosuite,0.3775279883441413,0.3333333333333333,0,0,0.3333333333333333,0.3333333333333333,0.3333333333333333,0.0
volcanoes-a3,rfc-nosuite,0.14642857189898434,,0,0,,0.07142857183246133,0.07142857183246133,0.0
volcanoes-a3,rfc-nosuite,0.1857142861419339,,0,0,1.9956912626501134e-09,0.3142857148559118,1.9956912626501134e-09,0.0
volcanoes-a3,rfc-nosuite,0.3244058849766993,,0,0,0.16823840210379556,0.2597133160751985,0.16823840210379556,0.0
volcanoes-a3,rfc-nosuite,0.16992187504583,,0,0,,0.08593750006394885,0.08593750006394885,0.0
volcanoes-a3,rfc-nosuite,0.3942629484478922,,0,0,,0.2895617530358106,,0.0
volcanoes-a3,rfc-nosuite,0.4289693592526202,,0,0,0.2116991644201953,0.4289693592526202,,0.0
volcanoes-a3,rfc-nosuite,0.34200000010170045,,0,0,,0.0019999999536201344,,0.0
volcanoes-a3,rfc-nosuite,0.34646739108591434,,0,0,,0.14130434783227633,0.14130434783227633,0.0
volcanoes-a4,rfc-nosuite,0.0,,0,0,,0.0,,0.0
volcanoes-a4,rfc-nosuite,0.15441176447551896,,0,0,0.15808823497878416,0.15441176447551896,,0.0
volcanoes-a4,rfc-nosuite,0.3719034708409845,0.3719034708409845,0,0,0.3719034708409845,0.3333333333333333,0.3333333333333333,0.0
volcanoes-a4,rfc-nosuite,0.5559980081410206,,0,0,,0.5559980081410206,0.5559980081410206,0.0
volcanoes-a4,rfc-nosuite,0.03278688512303286,,0,0,,0.03278688512303286,,0.0
volcanoes-a4,rfc-nosuite,0.35867925852967536,0.43559681124987826,0,0,0.43559681124987826,0.35867925852967536,0.2826414829406493,
volcanoes-a4,rfc-nosuite,0.2267587938134201,,0,0,,0.2267587938134201,0.2267587938134201,0.0
volcanoes-a4,rfc-nosuite,0.40846893522497624,0.6279585791364609,0,0,0.6279585791364609,0.4055103543432542,0.6279585791364609,0.0
volcanoes-a4,rfc-nosuite,0.727045074344615,,0,0,,0.727045074344615,0.727045074344615,0.0
volcanoes-a4,rfc-nosuite,0.5575589473256235,,0,0,,0.5575589473256235,0.5575589473256235,0.0
volcanoes-a4,rfc-nosuite,0.22775800600902926,,0,0,,0.22775800600902926,0.22775800600902926,0.0
volcanoes-a4,rfc-nosuite,0.021914648936932523,,0,0,0.3194925028399255,0.3194925028399255,0.021914648936932523,0.0
volcanoes-a4,rfc-nosuite,0.08489208621843038,,0,0,,,0.08489208621843038,0.0
volcanoes-a4,rfc-nosuite,0.06481481481481483,,0,0,,0.06481481481481483,0.06481481481481483,0.0
volcanoes-a4,rfc-nosuite,0.3073593073671614,,0,0,0.2943722942328866,0.3073593073671614,,0.0
volcanoes-a4,rfc-nosuite,0.341772151779353,,0,0,0.286919832224068,0.341772151779353,0.341772151779353,0.0
volcanoes-a4,rfc-nosuite,0.0,,0,0,,0.0,0.0,0.0
volcanoes-a4,rfc-nosuite,0.21176470588235294,,0,0,0.611764705882353,0.21176470588235294,0.21176470588235294,0.0
volcanoes-a4,rfc-nosuite,0.2307692319773643,,0,0,,0.2307692319773643,0.2307692319773643,0.0
volcanoes-a4,rfc-nosuite,0.09230769182384542,,0,0,,0.09230769182384542,0.09230769182384542,0.0
volcanoes-a4,rfc-nosuite,0.3099476437265504,,0,0,,0.3099476437265504,0.3099476437265504,0.0
volcanoes-a4,rfc-nosuite,0.3395924601415174,0.3395924601415174,0,0,0.3395924601415174,0.4125835829665459,0.4125835829665459,0.0
volcanoes-a4,rfc-nosuite,0.014285714285714287,,0,0,,0.014285714285714287,0.014285714285714287,0.0
volcanoes-a4,rfc-nosuite,0.0625000000779567,,0,0,,0.0625000000779567,,0.0
volcanoes-a4,rfc-nosuite,0.42073170707448687,0.5470811658572974,0,0,0.5470811658572974,0.42073170707448687,0.5470811658572974,
volcanoes-a4,rfc-nosuite,0.47970926739346226,,0,0,0.3640218047730885,0.47970926739346226,0.47970926739346226,0.0
volcanoes-a4,rfc-nosuite,0.36874999999999997,,0,0,,0.36874999999999997,0.36874999999999997,0.0
volcanoes-a4,rfc-nosuite,0.4511433755867875,0.5721597091276575,0,0,0.33493647897704126,0.3333333333333333,0.33493647897704126,0.0
volcanoes-a4,rfc-nosuite,0.41799339112775163,,0,0,0.36287173320155247,0.4731150490539508,0.4731150490539508,0.0
volcanoes-a4,rfc-nosuite,0.6994125323778893,,0,0,,0.6994125323778893,,0.0
volcanoes-a4,rfc-nosuite,0.4425629178239764,,0,0,0.6217558002314634,0.26337003541648946,,0.0
volcanoes-a4,rfc-nosuite,0.2275280900983594,,0,0,,0.2275280900983594,0.2275280900983594,0.0
volcanoes-a4,rfc-nosuite,0.4034927988367428,0.4034927988367428,0,0,0.182916734792318,0.4034927988367428,,0.0
volcanoes-a4,rfc-nosuite,0.28324501661400703,0.29245521045147693,0,0,0.4335099667719858,0.28324501661400703,,0.0
volcanoes-a4,rfc-nosuite,0.38374456603830515,0.38374456603830515,0,0,0.3333333333333333,0.38374456603830515,0.4088407291344973,0.0
volcanoes-a4,rfc-nosuite,0.42736897759612746,0.30111169953508715,0,0,,0.42736897759612746,,0.0
volcanoes-a4,rfc-nosuite,0.34107142878330987,,0,0,,0.34107142878330987,0.34107142878330987,0.0
volcanoes-a4,rfc-nosuite,0.3072916667320366,,0,0,,0.4088541666226131,,0.0
volcanoes-a4,rfc-nosuite,0.23199655246592454,,0,0,0.24342388974722265,0.23199655246592454,0.23199655246592454,0.0
volcanoes-a4,rfc-nosuite,0.453676170980175,0.453676170980175,0,0,0.3333333333333333,0.3333333333333333,0.3333333333333333,0.0
volcanoes-a4,rfc-nosuite,0.26780626720359657,,0,0,,0.26780626720359657,0.26780626720359657,0.0
volcanoes-a4,rfc-nosuite,0.3750113457675311,0.3016247607018683,0,0,0.3016247607018683,0.3750113457675311,0.3016247607018683,
volcanoes-a4,rfc-nosuite,0.4255517567297652,0.4255517567297652,0,0,,0.4255517567297652,0.4255517567297652,0.0
volcanoes-a4,rfc-nosuite,0.4769607836922227,,0,0,,0.4769607836922227,0.4769607836922227,0.0
volcanoes-a4,rfc-nosuite,0.8032326049405499,,0,0,,0.8032326049405499,0.8032326049405499,0.0
volcanoes-a4,rfc-nosuite,0.2762589931900748,,0,0,0.3285371693468951,0.2762589931900748,,0.0
volcanoes-a4,rfc-nosuite,0.6721166590438583,0.25320371142585363,0,0,,0.6721166590438583,0.6721166590438583,0.0
volcanoes-a4,rfc-nosuite,0.1616349283507398,0.12378077139946855,0,0,,0.1616349283507398,,0.0
volcanoes-a4,rfc-nosuite,0.31068147047577155,,0,0,,0.3035987746358366,0.3035987746358366,0.0
volcanoes-a4,rfc-nosuite,0.049180328040925626,,0,0,0.27595628411129075,0.049180328040925626,0.049180328040925626,0.0
volcanoes-e1,rfc-nosuite,0.12393162429263135,,0,0,,0.12393162429263135,,0.0
volcanoes-e1,rfc-nosuite,0.3161367729431776,,0,0,,,0.3161367729431776,0.0
volcanoes-e1,rfc-nosuite,0.27372262546616916,,0,0,,,0.328467153567507,0.0
volcanoes-e1,rfc-nosuite,0.1687170468486677,,0,0,,0.1687170468486677,0.1687170468486677,0.0
volcanoes-e1,rfc-nosuite,0.3778371133761004,,0,0,,0.3778371133761004,,0.0
volcanoes-e1,rfc-nosuite,0.26762972119842304,0.44767484150133435,0,0,0.46474055760315397,0.44767484150133435,0.46474055760315397,0.0
volcanoes-e1,rfc-nosuite,0.3366214547715607,,0,0,,,,0.0
volcanoes-e1,rfc-nosuite,0.2905375392530674,,0,0,,,0.3203020891585019,0.0
volcanoes-e1,rfc-nosuite,0.48717948785047627,,0,0,,,,0.0
volcanoes-e1,rfc-nosuite,0.41746436915274043,0.615188257977059,0,0,0.615188257977059,0.615188257977059,,0.0
volcanoes-e1,rfc-nosuite,0.5954295393986682,,0,0,0.04782056729333841,0.5954295393986682,,0.0
volcanoes-e1,rfc-nosuite,0.42369534535955883,,0,0,0.1779971790063903,,0.1779971790063903,0.0
volcanoes-e1,rfc-nosuite,0.06253682975195628,,0,0,,,,0.0
volcanoes-e1,rfc-nosuite,0.3985545330374358,0.3985545330374358,0,0,0.3044678059398097,0.3333333333333333,0.20289093392512828,0.0
volcanoes-e1,rfc-nosuite,0.18279090541137905,0.18279090541137905,0,0,0.6344181891772418,0.3713776188417519,,0.0
volcanoes-e1,rfc-nosuite,0.2690508022297814,,0,0,0.13168449150043632,,,0.0
volcanoes-e1,rfc-nosuite,0.37630876623910486,,0,0,0.2814617121977577,0.43707657560448454,0.43707657560448454,0.0
volcanoes-e1,rfc-nosuite,0.2948179279560956,,0,0,,,,0.0
volcanoes-e1,rfc-nosuite,0.30088209949295036,0.3291738381905902,0,0,,0.30088209949295036,0.34165232361881964,0.0
volcanoes-e1,rfc-nosuite,0.1585365859623986,0.15344440381439026,0,0,0.15344440381439026,0.4181856159447965,,
volcanoes-e1,rfc-nosuite,0.31503482216479406,,0,0,,0.13232281898944753,0.13232281898944753,0.0
volcanoes-e1,rfc-nosuite,0.24101796453911004,,0,0,,0.24101796453911004,,0.0
volcanoes-e1,rfc-nosuite,0.41630901208111437,0.49871244497893,0,0,0.33390557918329866,0.41630901208111437,0.33390557918329866,0.0
volcanoes-e1,rfc-nosuite,0.44484536017343107,0.3333333333333333,0,0,0.4243205252174697,0.4243205252174697,0.15135894956506069,0.0
volcanoes-e1,rfc-nosuite,0.4045801522570702,0.5557251896095158,0,0,,,0.2221374051952421,0.0
volcanoes-e1,rfc-nosuite,0.610209734355072,,0,0,,0.194895132822464,,0.0
volcanoes-e1,rfc-nosuite,0.2826271186294699,,0,0,,0.02118644093832039,,0.0
volcanoes-e1,rfc-nosuite,0.27804107395173117,,0,0,0.44391785209653783,0.1216429696556039,,0.0
volcanoes-e1,rfc-nosuite,0.29152249128428387,0.4169550174314323,0,0,0.316608997053494,0.316608997053494,0.316608997053494,0.0
volcanoes-e1,rfc-nosuite,0.3455834947029388,0.35163693694452713,0,0,0.30277956835253406,0.35163693694452713,0.30277956835253406,0.0
volcanoes-e1,rfc-nosuite,0.2554790230041504,0.3603631808572574,0,0,,,0.27927363828548524,0.0
volcanoes-e1,rfc-nosuite,0.41461449883059787,0.3318469506878837,0,0,0.33630609862423266,0.41461449883059787,0.33630609862423266,0.0
volcanoes-e1,rfc-nosuite,0.41887675521699663,,0,0,,,,0.0
volcanoes-e1,rfc-nosuite,0.3798277979039497,0.5043050426069043,0,0,0.5043050426069043,0.3798277979039497,0.5043050426069043,0.0
volcanoes-e1,rfc-nosuite,0.39997378717043275,,0,0,0.33971166412749315,0.33014416793625345,0.33014416793625345,0.0
volcanoes-e1,rfc-nosuite,0.388888888560269,0.12792792767565223,0,0,0.4831831837640787,0.388888888560269,0.388888888560269,0.0
volcanoes-e1,rfc-nosuite,0.43093220313695074,0.13813559372609852,0,0,0.6544915245426076,,0.1727542377286962,0.0
volcanoes-e1,rfc-nosuite,0.03261379644508579,,0,0,,0.9347724071098283,,0.0
volcanoes-e1,rfc-nosuite,0.3301886796222322,0.3057461403278877,0,0,0.27186963990023993,0.3301886796222322,0.27186963990023993,0.0
volcanoes-e1,rfc-nosuite,0.39057447495581044,0.20343997193278537,0,0,0.21885105008837913,0.39057447495581044,0.21885105008837913,0.0
volcanoes-e1,rfc-nosuite,0.4183454777778371,,0,0,,0.4183454777778371,0.4183454777778371,0.0
volcanoes-e1,rfc-nosuite,0.27412280706132497,0.45175438587734995,0,0,0.331140351425969,0.27412280706132497,0.331140351425969,0.0
volcanoes-e1,rfc-nosuite,0.5653104931143628,,0,0,,0.5653104931143628,0.5653104931143628,0.0
volcanoes-e1,rfc-nosuite,0.08420320087465455,,0,0,0.374739039708439,,,0.0
volcanoes-e1,rfc-nosuite,0.4300311092340548,,0,0,0.38728277170926245,,0.18268611905668264,0.0
volcanoes-e1,rfc-nosuite,0.2939110078230442,,0,0,,0.22716627607160636,,0.0
volcanoes-e1,rfc-nosuite,0.4164858999179947,,0,0,,0.13015184404161143,0.13015184404161143,0.0
volcanoes-e1,rfc-nosuite,0.2559126738239256,0.34930260653448425,0,0,,,,0.0
volcanoes-e1,rfc-nosuite,0.397051148285431,,0,0,,0.397051148285431,,0.0
volcanoes-e1,rfc-nosuite,0.2992424245447236,,0,0,,0.28374655638437674,0.4325068872312464,0.0
volcanoes-e2,rfc-nosuite,0.16444073460018088,,0,0,,,0.09265442413686838,0.0
volcanoes-e2,rfc-nosuite,0.4010243628601892,0.43023255697047963,0,0,,,,0.0
volcanoes-e2,rfc-nosuite,0.3548174215971569,,0,0,,0.635723712614653,0.635723712614653,0.0
volcanoes-e2,rfc-nosuite,0.2260111025683755,,0,0,,,0.11498810515464325,0.0
volcanoes-e2,rfc-nosuite,0.2393992940953513,,0,0,,,0.28091872859415895,0.0
volcanoes-e2,rfc-nosuite,0.33982633193296985,,0,0,,,,0.0
volcanoes-e2,rfc-nosuite,0.3731707321518065,,0,0,,0.4662020908498562,,0.0
volcanoes-e2,rfc-nosuite,0.3606210302541536,,0,0,,,0.4453069869419774,0.0
volcanoes-e2,rfc-nosuite,0.12538913928463738,0.7492217214307252,0,0,,,,0.0
volcanoes-e2,rfc-nosuite,0.3535582536635099,0.3333333333333333,0,0,0.3525976023792373,,0.41231171208549455,
volcanoes-e2,rfc-nosuite,0.196517695054086,0.3958711436978384,0,0,,,,0.0
volcanoes-e2,rfc-nosuite,0.3724279836959475,,0,0,,,0.27489712020787405,0.0
volcanoes-e2,rfc-nosuite,0.13062330625627,,0,0,,0.1252032518901349,0.1252032518901349,0.0
volcanoes-e2,rfc-nosuite,0.18020719773100288,,0,0,,,0.07279171202944189,0.0
volcanoes-e2,rfc-nosuite,0.3830022076662353,,0,0,,,,0.0
volcanoes-e2,rfc-nosuite,0.3482803654984009,0.36134087883816396,0,0,,,,0.0
volcanoes-e2,rfc-nosuite,0.0965665211580031,,0,0,,,0.08583690719636616,0.0
volcanoes-e2,rfc-nosuite,0.3401662052978405,0.295844875281257,0,0,0.295844875281257,,,0.0
volcanoes-e2,rfc-nosuite,0.33553791923851617,,0,0,,,0.16578483272960182,0.0
volcanoes-e2,rfc-nosuite,0.21735330824075377,,0,0,,,,0.0
volcanoes-e2,rfc-nosuite,0.3866050806078931,,0,0,0.38475750630387157,,0.38475750630387157,0.0
volcanoes-e2,rfc-nosuite,0.4688841189056687,0.5407725308693074,0,0,0.5407725308693074,,0.5407725308693074,0.0
volcanoes-e2,rfc-nosuite,0.12430811682550075,0.16743542276746434,0,0,0.16743542276746434,0.16743542276746434,,0.0
volcanoes-e2,rfc-nosuite,0.4322368709265644,0.4322368709265644,0,0,0.18733075947924913,,0.4322368709265644,0.0
volcanoes-e2,rfc-nosuite,0.3268809352403892,,0,0,,,0.2658875091722707,0.0
volcanoes-e2,rfc-nosuite,0.32368421061854513,0.3192982461430458,0,0,,,,0.0
volcanoes-e2,rfc-nosuite,0.2187662000003065,,0,0,,,0.0710212554901799,0.0
volcanoes-e2,rfc-nosuite,0.19690265487979253,,0,0,,,0.08849557598159903,0.0
volcanoes-e2,rfc-nosuite,0.4018942251361266,0.3943508503245044,0,0,0.2952812000261255,,0.4018942251361266,0.0
volcanoes-e2,rfc-nosuite,0.36977611927821274,,0,0,,,,0.0
volcanoes-e2,rfc-nosuite,0.3125389890780282,,0,0,,,0.1048034933944103,0.0
volcanoes-e2,rfc-nosuite,0.3218056451513659,0.4962292602156268,0,0,0.4962292602156268,,,0.0
volcanoes-e2,rfc-nosuite,0.2904858306079282,,0,0,,,0.26639676169307,0.0
volcanoes-e2,rfc-nosuite,0.3627694858616964,,0,0,,,,0.0
volcanoes-e2,rfc-nosuite,0.3265060246139428,,0,0,,,0.20662650698978255,0.0
volcanoes-e2,rfc-nosuite,0.34214162341549104,,0,0,,,0.06424870488231041,0.0
volcanoes-e2,rfc-nosuite,0.38146551723566924,,0,0,,,,0.0
volcanoes-e2,rfc-nosuite,0.3235294116515731,,0,0,,,0.15206508128084487,0.0
volcanoes-e2,rfc-nosuite,0.39406139902832044,0.3716155003977388,0,0,0.3716155003977388,,,0.0
volcanoes-e2,rfc-nosuite,0.33127572011729295,,0,0,,,,0.0
volcanoes-e2,rfc-nosuite,0.2550548815269029,,0,0,,,0.01675332306624423,0.0
volcanoes-e2,rfc-nosuite,0.4302127655093748,0.5217021243044606,0,0,,,0.5217021243044606,0.0
volcanoes-e2,rfc-nosuite,0.4514682356983346,0.4514682356983346,0,0,0.3333333333333333,,0.3333333333333333,0.0
volcanoes-e2,rfc-nosuite,0.3199225475269911,,0,0,,,0.1325301205351587,0.0
volcanoes-e2,rfc-nosuite,0.4366562825488542,,0,0,,,,0.0
volcanoes-e2,rfc-nosuite,0.3665436650847853,0.41068743972124955,0,0,,,0.41068743972124955,0.0
volcanoes-e2,rfc-nosuite,0.34111143697560753,0.3880735739778612,0,0,0.3333333333333333,,0.3333333333333333,0.0
volcanoes-e2,rfc-nosuite,0.3808215595436824,0.3808215595436824,0,0,0.5172684461505302,,0.5172684461505302,0.0
volcanoes-e2,rfc-nosuite,0.3711790380973154,,0,0,,,0.25764192380536916,0.0
volcanoes-e2,rfc-nosuite,0.3948824346228874,,0,0,,,,0.0
volcanoes-e3,rfc-nosuite,0.2832103316447755,,0,0,0.16789667987936308,,,0.0
volcanoes-e3,rfc-nosuite,0.3349786553451647,0.49546424804952566,0,0,,,0.17449306264080372,0.0
volcanoes-e3,rfc-nosuite,0.23024523186161192,,0,0,0.23024523186161192,,,0.0
volcanoes-e3,rfc-nosuite,0.49999999935324824,,0,0,,,,0.0
volcanoes-e3,rfc-nosuite,0.4455880231815804,,0,0,,,,0.0
volcanoes-e3,rfc-nosuite,0.0920709446973761,0.06353677657896971,0,0,,,0.06353677657896971,0.0
volcanoes-e3,rfc-nosuite,0.3742465338867291,0.42420132545387684,0,0,0.42420132545387684,,0.42420132545387684,0.0
volcanoes-e3,rfc-nosuite,0.25903939518135477,,0,0,0.07663248745937921,,,0.0
volcanoes-e3,rfc-nosuite,0.28416296785380146,0.43167406429239713,0,0,0.24904882775141263,,,0.0
volcanoes-e3,rfc-nosuite,0.4150210421467482,0.4150210421467482,0,0,0.6085464537977725,0.3333333333333333,0.6085464537977725,0.0
volcanoes-e3,rfc-nosuite,0.06930693036668187,,0,0,0.623762376296967,,0.06930693036668187,0.0
volcanoes-e3,rfc-nosuite,0.4455864565524798,0.6850060441784322,0,0,,0.20616686892652739,,0.0
volcanoes-e3,rfc-nosuite,0.7070484578136078,0.7070484578136078,0,0,,,,0.0
volcanoes-e3,rfc-nosuite,0.822971548650166,,0,0,,0.3333333333333333,0.822971548650166,0.0
volcanoes-e3,rfc-nosuite,0.49742886519338936,,0,0,,,0.49742886519338936,0.0
volcanoes-e3,rfc-nosuite,0.21669341933239128,,0,0,,0.39165329033380436,,0.0
volcanoes-e3,rfc-nosuite,0.3953333338047999,,0,0,,,0.3953333338047999,0.0
volcanoes-e3,rfc-nosuite,0.35746526770355547,0.46649862273998877,0,0,0.46649862273998877,,0.46649862273998877,0.0
volcanoes-e3,rfc-nosuite,0.4438687394230049,0.6538366642426666,0,0,0.6538366642426666,,0.6538366642426666,0.0
volcanoes-e3,rfc-nosuite,0.3503277496110027,,0,0,0.14930808441456941,,,0.0
volcanoes-e3,rfc-nosuite,0.303188265709628,0.3936234685807441,0,0,0.3936234685807441,,0.1973572564729602,0.0
volcanoes-e3,rfc-nosuite,0.2739319622939351,,0,0,,,,0.0
volcanoes-e3,rfc-nosuite,0.7167487683207803,0.7167487683207803,0,0,,,,0.0
volcanoes-e3,rfc-nosuite,0.4600065835155882,,0,0,,,0.38940092205016524,0.0
volcanoes-e3,rfc-nosuite,0.3220352067004537,0.32118591707012595,0,0,,,0.32288449633078153,0.0
volcanoes-e3,rfc-nosuite,0.650943396798338,,0,0,,,,0.0
volcanoes-e3,rfc-nosuite,0.8353868895267849,0.8353868895267849,0,0,0.061606702637579634,0.44849679608218224,0.8353868895267849,0.0
volcanoes-e3,rfc-nosuite,0.4436193978973423,0.6494940193896904,0,0,0.6494940193896904,,0.6494940193896904,0.0
volcanoes-e3,rfc-nosuite,0.406705539862659,,0,0,,,0.406705539862659,0.0
volcanoes-e3,rfc-nosuite,0.1964549488220791,,0,0,,,0.1964549488220791,0.0
volcanoes-e3,rfc-nosuite,0.43209660468501343,0.43209660468501343,0,0,0.4428888108509436,,0.4428888108509436,0.0
volcanoes-e3,rfc-nosuite,0.23631123959141853,,0,0,,,,0.0
volcanoes-e3,rfc-nosuite,0.3763157900831717,,0,0,,,0.3763157900831717,0.0
volcanoes-e3,rfc-nosuite,0.4590163935632977,,0,0,0.3202576105289977,0.4092505862526512,0.4590163935632977,0.0
volcanoes-e3,rfc-nosuite,0.06260720445731548,,0,0,,,,0.0
volcanoes-e3,rfc-nosuite,0.27867151049840866,,0,0,,,0.27867151049840866,0.0
volcanoes-e3,rfc-nosuite,0.0933333336779227,,0,0,,,0.0933333336779227,0.0
volcanoes-e3,rfc-nosuite,0.4301509295710781,0.7311337306401106,0,0,0.7311337306401106,,,0.0
volcanoes-e3,rfc-nosuite,0.46805349205032626,,0,0,,,0.46805349205032626,0.0
volcanoes-e3,rfc-nosuite,0.3470764626258451,,0,0,,,,0.0
volcanoes-e3,rfc-nosuite,0.22119341583998853,,0,0,0.557613168320023,,,0.0
volcanoes-e3,rfc-nosuite,0.44116385429778965,0.3784672572156811,0,0,0.24306548556863775,0.3784672572156811,0.24306548556863775,0.0
volcanoes-e3,rfc-nosuite,0.45257452607080073,,0,0,0.44932249246537914,,,0.0
volcanoes-e3,rfc-nosuite,0.12392755011738243,,0,0,,,,0.0
volcanoes-e3,rfc-nosuite,0.24348697447716264,,0,0,,,,0.0
volcanoes-e3,rfc-nosuite,0.34587332007315286,0.46142034440629076,0,0,,,,0.0
volcanoes-e3,rfc-nosuite,0.449519683454059,0.6155584847369385,0,0,0.6155584847369385,,,0.0
volcanoes-e3,rfc-nosuite,0.2034285716291897,,0,0,,,,0.0
volcanoes-e3,rfc-nosuite,0.3968133530602418,0.3990895284861708,0,0,,,,0.0
volcanoes-e3,rfc-nosuite,0.3835826620402064,0.3835826620402064,0,0,,,0.3835826620402064,0.0
volcanoes-e4,rfc-nosuite,0.2786799369424362,,0,0,,,,0.0
volcanoes-e4,rfc-nosuite,0.3207729469918782,,0,0,,,,0.0
volcanoes-e4,rfc-nosuite,0.6702864032974807,0.42112783373346,0,0,,,,0.0
volcanoes-e4,rfc-nosuite,0.38857016701826774,,0,0,,,,0.0
volcanoes-e4,rfc-nosuite,0.42398873532732595,0.6473630306279552,0,0,0.39969277998665165,0.39969277998665165,0.3333333333333333,0.0
volcanoes-e4,rfc-nosuite,0.409778225725889,,0,0,,,,0.0
volcanoes-e4,rfc-nosuite,0.2799559920535921,0.43461192252492953,0,0,0.2799559920535921,,0.5892678529962669,0.0
volcanoes-e4,rfc-nosuite,0.3488652826209386,,0,0,0.3843553841100657,,0.3843553841100657,0.0
volcanoes-e4,rfc-nosuite,0.1573163682499876,,0,0,,,0.12377096672899249,0.0
volcanoes-e4,rfc-nosuite,0.30826558304415974,,0,0,,,0.2777777775359031,0.0
volcanoes-e4,rfc-nosuite,0.22308877230549917,0.22308877230549917,0,0,0.19738108560953682,,,0.0
volcanoes-e4,rfc-nosuite,0.2743221696326349,,0,0,,,0.3125996817145545,0.0
volcanoes-e4,rfc-nosuite,0.32231329673771203,0.4766848813868646,0,0,,0.4160291439557202,0.4766848813868646,0.0
volcanoes-e4,rfc-nosuite,0.30872483285929037,,0,0,,0.23969319343336146,,0.0
volcanoes-e4,rfc-nosuite,0.37840466970916176,,0,0,0.5107003898034947,0.5107003898034947,0.5107003898034947,0.0
volcanoes-e4,rfc-nosuite,0.26622558228707227,,0,0,,0.26622558228707227,0.40516698180066013,0.0
volcanoes-e4,rfc-nosuite,0.2624113476020512,,0,0,,,0.24645390132647405,0.0
volcanoes-e4,rfc-nosuite,0.4231927712379045,,0,0,,,,0.0
volcanoes-e4,rfc-nosuite,0.4146716824618826,0.4150706789494263,0,0,0.4146716824618826,,0.4150706789494263,0.0
volcanoes-e4,rfc-nosuite,0.28036605664844233,,0,0,,,0.38935108110715005,0.0
volcanoes-e4,rfc-nosuite,0.5874510389680063,0.4155242542331681,0,0,0.4155242542331681,0.37820126525083514,0.3333333333333334,0.0
volcanoes-e4,rfc-nosuite,0.28118040174072223,,0,0,0.42873051447942656,0.13363028900201787,0.13363028900201787,0.0
volcanoes-e4,rfc-nosuite,0.33605442176691885,,0,0,0.4603174606317226,,0.4603174606317226,0.0
volcanoes-e4,rfc-nosuite,0.30733518988370334,0.3430826359507661,0,0,0.2715877438166405,,0.3430826359507661,0.0
volcanoes-e4,rfc-nosuite,0.10000000035430753,,0,0,0.40724637674043934,,,0.0
volcanoes-e4,rfc-nosuite,0.36106004934368424,,0,0,,,,0.0
volcanoes-e4,rfc-nosuite,0.3606338706190243,,0,0,,,,0.0
volcanoes-e4,rfc-nosuite,0.34907749078775696,0.3431734323206659,0,0,0.354981549254848,,,0.0
volcanoes-e4,rfc-nosuite,0.348168654429008,,0,0,0.4880749559407287,0.2082623529172873,,0.0
volcanoes-e4,rfc-nosuite,0.39030453711684787,,0,0,0.18986948388192337,,,0.0
volcanoes-e4,rfc-nosuite,0.04346492914185621,,0,0,0.057033346260747415,,,0.0
volcanoes-e4,rfc-nosuite,0.20691923175202975,0.31228624050970977,0,0,0.31228624050970977,0.31228624050970977,,0.0
volcanoes-e4,rfc-nosuite,0.37765957429391006,,0,0,0.44042553169977033,,0.44042553169977033,0.0
volcanoes-e4,rfc-nosuite,0.40178571428571425,,0,0,,,,0.0
volcanoes-e4,rfc-nosuite,0.19275362305651247,,0,0,,,,0.0
volcanoes-e4,rfc-nosuite,0.44512487962593916,0.19524495720304605,0,0,0.6950048020488323,0.44512487962593916,0.19524495720304605,0.0
volcanoes-e4,rfc-nosuite,0.2461408333702869,0.39770564596882346,0,0,,,0.3561535206608897,0.0
volcanoes-e4,rfc-nosuite,0.3578901479548312,,0,0,0.2842197040903376,,,0.0
volcanoes-e4,rfc-nosuite,0.2969653179231594,,0,0,,,0.1430635842281168,0.0
volcanoes-e4,rfc-nosuite,0.2487811308972634,0.3137435762867038,0,0,,,0.3137435762867038,0.0
volcanoes-e4,rfc-nosuite,0.37788778954273106,,0,0,,0.37788778954273106,,0.0
volcanoes-e4,rfc-nosuite,0.35848484835360384,,0,0,,,,0.0
volcanoes-e4,rfc-nosuite,0.06594427215351284,0.07616099131623914,0,0,,,,0.0
volcanoes-e4,rfc-nosuite,0.37179487237465225,,0,0,,,,0.0
volcanoes-e4,rfc-nosuite,0.2790841583430892,,0,0,0.4418316833138217,,,0.0
volcanoes-e4,rfc-nosuite,0.3387463957728159,0.3306268021135921,0,0,0.3387463957728159,,0.3312338746921582,0.0
volcanoes-e4,rfc-nosuite,0.37917418067405245,0.07113985448820277,0,0,0.07113985448820277,0.07113985448820277,0.07113985448820277,0.0
volcanoes-e4,rfc-nosuite,0.24478057085359345,,0,0,0.510438858292813,,0.27439284266799974,0.0
volcanoes-e4,rfc-nosuite,0.3141112625174276,,0,0,0.3717774749651448,,0.3826322939703222,0.0
volcanoes-e4,rfc-nosuite,0.3557093418165415,0.5245674739578876,0,0,0.5245674739578876,,0.5245674739578876,0.0
volcanoes-e5,rfc-nosuite,0.3333333333333333,0.5531232296287724,0,0,0.5531232296287724,,,0.0
volcanoes-e5,rfc-nosuite,0.3944444442633539,,0,0,,,,0.0
volcanoes-e5,rfc-nosuite,0.22518248177149303,,0,0,0.11532846631735702,,0.11532846631735702,0.0
volcanoes-e5,rfc-nosuite,0.07852650526089726,,0,0,,,0.10260557077784527,0.0
volcanoes-e5,rfc-nosuite,0.3334391869298236,0.33312162614035273,0,0,,,,0.0
volcanoes-e5,rfc-nosuite,0.14825581385803463,,0,0,,,0.13538205958633925,0.0
volcanoes-e5,rfc-nosuite,0.3333333333333333,0.3333333333333333,0,0,0.25340159988033484,,0.5830410987835984,0.0
volcanoes-e5,rfc-nosuite,0.33413231028794665,,0,0,,,0.39501438215576323,0.0
volcanoes-e5,rfc-nosuite,0.447380106709596,,0,0,,,,0.0
volcanoes-e5,rfc-nosuite,0.3250289688952189,,0,0,,,,0.0
volcanoes-e5,rfc-nosuite,0.4295392954336939,,0,0,,,0.3803071368297379,0.0
volcanoes-e5,rfc-nosuite,0.39833080413587274,,0,0,,,0.294385433158135,0.0
volcanoes-e5,rfc-nosuite,0.3333333333333333,0.4375312633322125,0,0,0.27269229260030897,,0.28977644406747854,0.0
volcanoes-e5,rfc-nosuite,0.301047952177798,,0,0,,,0.33661479873548633,0.0
volcanoes-e5,rfc-nosuite,0.3600457920810214,0.2799084158379571,0,0,,,,0.0
volcanoes-e5,rfc-nosuite,0.1794001132496023,0.6411997735007955,0,0,,,,0.0
volcanoes-e5,rfc-nosuite,0.4164485970296239,,0,0,,,,0.0
volcanoes-e5,rfc-nosuite,0.33508245910672807,,0,0,,,,0.0
volcanoes-e5,rfc-nosuite,0.2645089285716026,,0,0,,,0.2098214281781649,0.0
volcanoes-e5,rfc-nosuite,0.3764781970392215,0.3764781970392215,0,0,0.24704360592155708,,0.4225794530941009,0.0
volcanoes-e5,rfc-nosuite,0.3469205595684247,,0,0,,,,0.0
volcanoes-e5,rfc-nosuite,0.2978589423279093,,0,0,,,0.28589420785107117,0.0
volcanoes-e5,rfc-nosuite,0.3333333333333333,0.5224119522996936,0,0,,,0.5224119522996936,0.0
volcanoes-e5,rfc-nosuite,0.4251849813331585,0.4251849813331585,0,0,,,,0.0
volcanoes-e5,rfc-nosuite,0.2577384712451209,,0,0,,,,0.0
volcanoes-e5,rfc-nosuite,0.180294041700078,,0,0,,,,0.0
volcanoes-e5,rfc-nosuite,0.36567164207501623,,0,0,0.2686567158499676,,,0.0
volcanoes-e5,rfc-nosuite,0.15553745958893475,0.6889250808221304,0,0,,,0.07390065170339437,0.0
volcanoes-e5,rfc-nosuite,0.2660796329055114,0.46784073418897726,0,0,,,,0.0
volcanoes-e5,rfc-nosuite,0.3271954675751257,,0,0,0.21246458967627793,,,0.0
volcanoes-e5,rfc-nosuite,0.2736886631838568,,0,0,,,0.059221658720478236,0.0
volcanoes-e5,rfc-nosuite,0.2592085616971021,,0,0,,,,0.0
volcanoes-e5,rfc-nosuite,0.41230036446797136,,0,0,,,,0.0
volcanoes-e5,rfc-nosuite,0.3723765434645018,,0,0,,,0.47932098613561863,0.0
volcanoes-e5,rfc-nosuite,0.4181673722233864,0.4586864398373563,0,0,,,0.4586864398373563,0.0
volcanoes-e5,rfc-nosuite,0.3123700624748111,,0,0,0.22834372958195248,,,0.0
volcanoes-e5,rfc-nosuite,0.4344618054090785,,0,0,,,0.3029513891572109,0.0
volcanoes-e5,rfc-nosuite,0.3333333333333333,0.3660105982203983,0,0,0.3333333333333333,,0.31734616618019806,0.0
volcanoes-e5,rfc-nosuite,0.28837555909483226,,0,0,,,,0.0
volcanoes-e5,rfc-nosuite,0.4000670684610957,,0,0,,,,0.0
volcanoes-e5,rfc-nosuite,0.3333333333333333,0.3228252875442969,0,0,0.3385873562278515,,0.3519157839791069,0.0
volcanoes-e5,rfc-nosuite,0.3333333333333333,0.33666560385414324,0,0,0.3333333333333333,,0.35245738418762973,
volcanoes-e5,rfc-nosuite,0.3333333333333333,0.27127415994091875,0,0,0.2458092884404237,,0.25854172419067123,0.0
volcanoes-e5,rfc-nosuite,0.44652803562311283,0.25046416595588267,0,0,,,0.39398440315799094,0.0
volcanoes-e5,rfc-nosuite,0.40470723343335957,,0,0,,,0.22273249172444,0.0
volcanoes-e5,rfc-nosuite,0.3195349845681993,,0,0,0.3609300308636013,,,0.0
volcanoes-e5,rfc-nosuite,0.28552631645096105,,0,0,,,0.1131578952133065,0.0
volcanoes-e5,rfc-nosuite,0.29732945588453347,0.405341088230933,0,0,,,0.2916446326356611,0.0
volcanoes-e5,rfc-nosuite,0.4305283757148629,,0,0,0.3157208084869811,,0.3157208084869811,0.0
volcanoes-e5,rfc-nosuite,0.4315673290952635,,0,0,,,,0.0
yeast,rfc-nosuite,0.1841273786147664,0.24354455771289898,0,0,0.1887869700492999,,0.1841273786147664,0.0
yeast,rfc-nosuite,0.16666666666666666,0.16683837671290455,0,0,0.16436830919858686,,0.19813337009129148,0.0
yeast,rfc-nosuite,0.16666666666666663,0.18923216688682756,0,0,0.23219235249385053,,0.23221195293352787,0.0
yeast,rfc-nosuite,0.25113701984908704,0.2554813297187017,0,0,0.2624704579961961,,0.25113701984908704,0.0
yeast,rfc-nosuite,0.16666666666666663,0.3071753675818229,0,0,0.18111111112753514,,0.23346395684554877,0.0
yeast,rfc-nosuite,0.16666666666666666,0.1479189294281899,0,0,0.15058470675809515,,0.16666666666666666,0.0
yeast,rfc-nosuite,0.16666666666666666,0.28309008908548755,0,0,0.207015735811407,,0.21106837195723416,0.0
yeast,rfc-nosuite,0.17804793518491144,0.13631156171115633,0,0,0.16666666666666666,,0.16666666666666666,0.0
yeast,rfc-nosuite,0.07239577004270212,0.18091189362847396,0,0,0.16666666666666666,,0.18091189362847396,0.0
yeast,rfc-nosuite,0.1369388686939062,0.22220855115800162,0,0,0.16521757737136872,,0.1491838622186598,0.0
yeast,rfc-nosuite,0.16666666666666666,0.30497506404985,0,0,0.20970099250461505,,0.21219834313972888,0.0
yeast,rfc-nosuite,0.16666666666666666,0.21013736478423606,0,0,0.19681649661285738,,0.18280499535248348,0.0
yeast,rfc-nosuite,0.1666666666666667,0.12603013744177907,0,0,0.1691192664146442,,0.17120753293701052,0.0
yeast,rfc-nosuite,0.1478697841417415,0.1906572316923928,0,0,0.16351721797382812,,0.1666666666666667,0.0
yeast,rfc-nosuite,0.2824964052210846,0.3496028780334618,0,0,0.2824964052210846,,0.2824964052210846,0.0
yeast,rfc-nosuite,0.1915312012013805,0.3042198941096078,0,0,0.1915312012013805,,0.19531258094300089,0.0
yeast,rfc-nosuite,0.17266280138515416,0.17686093069258263,0,0,0.16244662342541732,,0.1938242387546759,0.0
yeast,rfc-nosuite,0.1837268572393566,0.19633274360833475,0,0,0.21978940992169957,,0.22965857154919575,0.0
yeast,rfc-nosuite,0.2202787250956461,0.26242614438676787,0,0,0.26242614438676787,,0.26242614438676787,0.0
yeast,rfc-nosuite,0.1274964702819832,0.15959275769273587,0,0,0.18887212436415463,,0.1697281358597803,0.0
yeast,rfc-nosuite,0.16666666666666666,0.24302676659458589,0,0,0.2293917647707824,,0.3008858895415992,0.0
yeast,rfc-nosuite,0.16666666666666666,0.19007832033307007,0,0,0.18089084876433853,,0.20184824338760374,0.0
yeast,rfc-nosuite,0.16666666666666666,0.23590113405281066,0,0,0.20702364672512108,,0.19466755459759247,0.0
yeast,rfc-nosuite,0.14289607078834482,0.16666666666666666,0,0,0.16652105834172853,,0.16302832515985616,0.0
yeast,rfc-nosuite,0.16111828931773758,0.25578593421203977,0,0,0.22363343329473262,,0.201397861647172,0.0
yeast,rfc-nosuite,0.1742261025757798,0.1590653329361569,0,0,0.1811070064241764,,0.1588429874476019,0.0
yeast,rfc-nosuite,0.1671294324819388,0.15159000077535356,0,0,0.15414256813834404,,0.15414256813834404,0.0
yeast,rfc-nosuite,0.17378184953299997,0.18025139728275988,0,0,0.20409370802666635,,0.18025139728275988,0.0
yeast,rfc-nosuite,0.17819692122773836,0.20340836435722212,0,0,0.17819692122773836,,0.16666666666666666,0.0
yeast,rfc-nosuite,0.12677947636857237,0.15213537164228685,0,0,0.18624547547499257,,0.16611425210356306,0.0
yeast,rfc-nosuite,0.13780336518068573,0.11994068374123948,0,0,0.14588470181303254,,0.17489648773653133,0.0
yeast,rfc-nosuite,0.19328113067045768,0.2866857608860151,0,0,0.21238843479239047,,0.17569540405134454,0.0
yeast,rfc-nosuite,0.1023806037889527,0.18888719839053644,0,0,0.15408509982917587,,0.18888719839053644,0.0
yeast,rfc-nosuite,0.16666666666666666,0.19991856008142558,0,0,0.16666666666666666,,0.16666666666666666,0.0
yeast,rfc-nosuite,0.15952530505261658,0.12707919205649662,0,0,0.12707919205649662,,0.12707919205649662,0.0
yeast,rfc-nosuite,0.16666666666666666,0.172431044392083,0,0,0.19914796149562636,,0.172431044392083,0.0
yeast,rfc-nosuite,0.17448794398047382,0.2522338716772598,0,0,0.19328372491881976,,0.16666666666666666,0.0
yeast,rfc-nosuite,0.2225949443017974,0.23470539688289044,0,0,0.2225949443017974,,0.27890259439218906,0.0
yeast,rfc-nosuite,0.18219534557081749,0.21946487251984395,0,0,0.1714779894735489,,0.1714779894735489,0.0
yeast,rfc-nosuite,0.1650134539420439,0.17361673799988242,0,0,0.18243270711093026,,0.17444369382905234,0.0
yeast,rfc-nosuite,0.16666666666666666,0.1494710680644157,0,0,0.24257322706290718,,0.24257322706290718,0.0
yeast,rfc-nosuite,0.1297833773108606,0.18824526379431328,0,0,0.19246804989402266,,0.19246804989402266,0.0
yeast,rfc-nosuite,0.12199082516386045,0.175250551990859,0,0,0.2277587270293734,,0.17646029336557792,0.0
yeast,rfc-nosuite,0.16666666666666666,0.34986445722224413,0,0,0.22029125422703488,,0.15328616731295802,0.0
yeast,rfc-nosuite,0.1757281111834487,0.21870060099237815,0,0,0.1885139821932163,,0.24215975017784655,0.0
yeast,rfc-nosuite,0.1666666666666667,0.2371194117142654,0,0,0.18835397058835787,,0.18835397058835787,0.0
yeast,rfc-nosuite,0.16999805300132698,0.17285915437515093,0,0,0.1889497370857558,,0.1853245736017248,0.0
yeast,rfc-nosuite,0.14431106704534882,0.16290996563904295,0,0,0.17662769712480084,,0.17662769712480084,0.0
yeast,rfc-nosuite,0.16666666666666666,0.2136191930567387,0,0,0.23174089469219664,,0.17365564694539812,0.0
yeast,rfc-nosuite,0.16666666666666666,0.18845987577804924,0,0,0.21088572608813105,,0.17702795906935176,0.0
rmftsa,rfc-nosuite,0.5,0.7758198948005295,0,0,0.7758198948005295,0.5,0.7758198948005295,0.0
rmftsa,rfc-nosuite,0.5,0.5,0,0,0.5,0.5,0.5,0.0
rmftsa,rfc-nosuite,0.5,0.4526699115258531,0,0,0.5,0.5,0.5,0.0
rmftsa,rfc-nosuite,0.49999999999999994,0.8663563761193898,0,0,0.8663563761193898,0.49999999999999994,0.49999999999999994,0.0
rmftsa,rfc-nosuite,0.5,0.5068790136567487,0,0,0.5068790136567487,0.4931209863432513,0.5068790136567487,0.0
rmftsa,rfc-nosuite,0.5,0.5,0,0,0.5,0.5,0.5,0.0
rmftsa,rfc-nosuite,0.5,0.5,0,0,0.5,0.4520486971353319,0.5,0.0
rmftsa,rfc-nosuite,0.49999999999999994,0.9101395568787315,0,0,0.49999999999999994,0.08986044312126844,0.49999999999999994,0.0
rmftsa,rfc-nosuite,0.5,0.5,0,0,0.6651111057691421,0.5,0.5,0.0
rmftsa,rfc-nosuite,0.5,0.8863095991468205,0,0,0.8863095991468205,0.1136904008531795,0.8863095991468205,0.0
rmftsa,rfc-nosuite,0.49999999999999994,0.8582793266539718,0,0,0.8582793266539718,0.49999999999999994,0.49999999999999994,0.0
rmftsa,rfc-nosuite,0.5,0.5722533153641921,0,0,0.5722533153641921,0.5,0.5722533153641921,0.0
rmftsa,rfc-nosuite,0.500012226956289,0.5,0,0,0.5,0.500012226956289,0.5,0.0
rmftsa,rfc-nosuite,0.49999999999999994,0.49999999999999994,0,0,0.49999999999999994,0.49999999999999994,0.510003270950902,0.0
rmftsa,rfc-nosuite,0.5,0.8738549674157187,0,0,0.8738549674157187,0.5,0.12614503258428145,0.0
rmftsa,rfc-nosuite,0.6831380755287505,0.5,0,0,0.5,0.5,0.6831380755287505,0.0
rmftsa,rfc-nosuite,0.5,0.5,0,0,0.5,0.5,0.5019950232808401,0.0
rmftsa,rfc-nosuite,0.5,0.8863095991468205,0,0,0.8863095991468205,0.1136904008531795,0.5,0.0
rmftsa,rfc-nosuite,0.5,0.5,0,0,0.5,0.5,0.5,0.0
rmftsa,rfc-nosuite,0.5,0.4738304619093737,0,0,0.4738304619093737,0.5,0.5,0.0
rmftsa,rfc-nosuite,0.5,0.7947873420343822,0,0,0.7947873420343822,0.5,0.20521265796561783,0.0
rmftsa,rfc-nosuite,0.5,0.5,0,0,0.47620541538124933,0.5237945846187507,0.5,0.0
rmftsa,rfc-nosuite,0.5,0.5,0,0,0.5,0.4288701130755616,0.5711298869244383,0.0
rmftsa,rfc-nosuite,0.5,0.518673190568725,0,0,0.518673190568725,0.5,0.518673190568725,0.0
rmftsa,rfc-nosuite,0.5,0.8260705437326745,0,0,0.8260705437326745,0.8260705437326745,0.8260705437326745,0.0
rmftsa,rfc-nosuite,0.49999999999999994,0.49999999999999994,0,0,0.5382865747427525,0.49999999999999994,0.46171342525724735,0.0
rmftsa,rfc-nosuite,0.5,0.37666861006952357,0,0,0.5,0.5,0.5,0.0
rmftsa,rfc-nosuite,0.5,0.5,0,0,0.5,0.5,0.1941891930546649,0.0
rmftsa,rfc-nosuite,0.5,0.4755632924164824,0,0,0.5,0.4755632924164824,0.4755632924164824,0.0
rmftsa,rfc-nosuite,0.5,0.5324946832631087,0,0,0.5,0.5324946832631087,0.5324946832631087,0.0
rmftsa,rfc-nosuite,0.5,0.5,0,0,0.1300861176925215,0.5,0.5,0.0
rmftsa,rfc-nosuite,0.3820607177895183,0.5,0,0,0.5,0.3820607177895183,0.3820607177895183,0.0
rmftsa,rfc-nosuite,0.49999999999999994,0.49999999999999994,0,0,0.49999999999999994,0.49999999999999994,0.510003270950902,0.0
rmftsa,rfc-nosuite,0.5,0.5,0,0,0.5,0.7909770329084322,0.5,0.0
rmftsa,rfc-nosuite,0.5,0.578524572363208,0,0,0.578524572363208,0.5,0.5,0.0
rmftsa,rfc-nosuite,0.5,0.5,0,0,0.5,0.5,0.5,0.0
rmftsa,rfc-nosuite,0.5,0.8038691610756028,0,0,0.5,0.5,0.5,0.0
rmftsa,rfc-nosuite,0.5,0.7608148775982975,0,0,0.5,0.5,0.5,0.0
rmftsa,rfc-nosuite,0.5,0.5,0,0,0.2558755848496689,0.2558755848496689,0.2558755848496689,0.0
rmftsa,rfc-nosuite,0.7203958364848148,0.2796041635151853,0,0,0.7203958364848148,0.2796041635151853,0.5,0.0
rmftsa,rfc-nosuite,0.5,0.6684856158886234,0,0,0.5,0.6684856158886234,0.5,0.0
rmftsa,rfc-nosuite,0.49999999999999994,0.49999999999999994,0,0,0.49999999999999994,0.5097221984993602,0.5097221984993602,0.0
rmftsa,rfc-nosuite,0.5,0.7070590895601369,0,0,0.5,0.2929409104398631,0.5,0.0
rmftsa,rfc-nosuite,0.5,0.8053165657527416,0,0,0.8053165657527416,0.5,0.8053165657527416,0.0
rmftsa,rfc-nosuite,0.5,0.8031824667312765,0,0,0.5,0.5,0.19681753326872353,0.0
rmftsa,rfc-nosuite,0.5,0.8863095991468205,0,0,0.8863095991468205,0.8863095991468205,0.8863095991468205,0.0
rmftsa,rfc-nosuite,0.5,0.7070590895601369,0,0,0.5,0.2929409104398631,0.5,0.0
rmftsa,rfc-nosuite,0.49999999999999994,0.49999999999999994,0,0,0.49999999999999994,0.49999999999999994,0.49999999999999994,0.0
rmftsa,rfc-nosuite,0.5,0.5,0,0,0.5,0.5,0.5,0.0
rmftsa,rfc-nosuite,0.5,0.5010150579399376,0,0,0.5010150579399376,0.5,0.5010150579399376,0.0
banknote-authentication,rfc-nosuite,0.32668711737414097,,0,0,0.32668711737414097,0.6211656415458728,0.32668711737414097,0.0
banknote-authentication,rfc-nosuite,0.10606060593690618,,0,0,0.5324675325499991,0.5324675325499991,0.10606060593690618,0.0
banknote-authentication,rfc-nosuite,0.2587567829627507,,0,0,0.2587567829627507,0.0037000486861221856,0.2587567829627507,0.0
banknote-authentication,rfc-nosuite,0.28022496933952984,0.5426326610702672,0,0,0.28022496933952984,0.3848531676077497,0.28022496933952984,0.0
banknote-authentication,rfc-nosuite,0.28098290556541505,0.7182400909351425,0,0,0.4137529128340306,0.28098290556541505,0.4137529128340306,0.0
banknote-authentication,rfc-nosuite,0.47075817888902016,0.47075817888902016,0,0,0.47075817888902016,0.47075817888902016,0.47075817888902016,0.0
banknote-authentication,rfc-nosuite,0.3043081408604955,0.628696602764787,0,0,0.3043081408604955,0.425794085358727,0.3043081408604955,0.0
banknote-authentication,rfc-nosuite,0.30606060566036813,,0,0,0.2545454549649345,0.3530303028725169,0.30606060566036813,0.0
banknote-authentication,rfc-nosuite,0.325606060669478,0.7213636368157654,0,0,0.4484090909985021,0.37227272740366557,0.325606060669478,0.0
banknote-authentication,rfc-nosuite,0.06638588258441402,,0,0,0.06638588258441402,0.25972723551748406,0.2695547551519889,0.0
banknote-authentication,rfc-nosuite,0.32703781562871254,0.5611822407785333,0,0,0.4387062873926183,0.32703781562871254,0.4387062873926183,0.0
banknote-authentication,rfc-nosuite,0.6962209319978828,,0,0,0.37572674486669183,0.314922480754833,0.43968023282973356,0.0
banknote-authentication,rfc-nosuite,0.16716269569758513,,0,0,0.22315917065548954,0.254960316081089,0.16716269569758513,0.0
banknote-authentication,rfc-nosuite,0.2171052631333109,,0,0,0.2171052631333109,0.33725761565802354,0.297783933049343,0.0
banknote-authentication,rfc-nosuite,0.3326797384733217,,0,0,0.496732025730377,0.3326797384733217,0.496732025730377,0.0
banknote-authentication,rfc-nosuite,0.30253623185076656,0.6035079045927325,0,0,0.3787055333651412,0.34794960452021634,0.3787055333651412,0.0
banknote-authentication,rfc-nosuite,0.2598382010367225,0.5008227063473695,0,0,0.32723159180147565,0.31293706292729284,0.32723159180147565,0.0
banknote-authentication,rfc-nosuite,0.32938995095573936,0.7440457532340836,0,0,0.32938995095573936,0.32938995095573936,0.32938995095573936,0.0
banknote-authentication,rfc-nosuite,0.3154093091118899,,0,0,0.25321027089367604,0.25321027089367604,0.3154093091118899,0.0
banknote-authentication,rfc-nosuite,0.2588201278649322,,0,0,0.22353961640520337,0.2345286306385334,0.2345286306385334,0.0
banknote-authentication,rfc-nosuite,0.42814171106467924,0.4568850268845819,0,0,0.42814171106467924,0.28676470576294344,0.42814171106467924,0.0
banknote-authentication,rfc-nosuite,0.3192398913917275,0.3896243587124763,0,0,0.3192398913917275,0.4071653149567496,0.3192398913917275,0.0
banknote-authentication,rfc-nosuite,0.24976258221468228,,0,0,0.25071225335595326,0.29914529718675953,0.27492877586835807,0.0
banknote-authentication,rfc-nosuite,0.31284916332352974,,0,0,0.31284916332352974,0.39106145265857284,0.31036623244420386,0.0
banknote-authentication,rfc-nosuite,0.3219961568147866,0.39725330534814257,0,0,0.45430654411207627,0.3219961568147866,0.45430654411207627,0.0
banknote-authentication,rfc-nosuite,0.45737547947800267,,0,0,0.01580459773090116,0.4556992340390739,0.2365900386044519,0.0
banknote-authentication,rfc-nosuite,0.3167877322066253,,0,0,0.4636803873973253,0.3167877322066253,0.4636803873973253,0.0
banknote-authentication,rfc-nosuite,0.06446991451265373,,0,0,0.2757879655248642,0.2757879655248642,0.2757879655248642,0.0
banknote-authentication,rfc-nosuite,0.48318458531852726,0.9588628167447223,0,0,0.9588628167447223,0.48318458531852726,0.9588628167447223,0.0
banknote-authentication,rfc-nosuite,0.25469992798324737,,0,0,0.2827187275585544,0.2827187275585544,0.2827187275585544,0.0
banknote-authentication,rfc-nosuite,0.3186511790815902,,0,0,0.3186511790815902,0.23910938734009818,0.3814133595185211,0.0
banknote-authentication,rfc-nosuite,0.24630242931936053,,0,0,0.29370861099604095,0.49453642479133453,0.29370861099604095,0.0
banknote-authentication,rfc-nosuite,0.33148122976653355,0.1042445456716883,0,0,0.3395126758246648,0.44509957181395615,0.6734690409489302,0.0
banknote-authentication,rfc-nosuite,0.0,,0,0,0.2648026314134243,0.0,0.2648026314134243,0.0
banknote-authentication,rfc-nosuite,0.2601366239929832,0.5922212417554307,0,0,0.25,0.5922212417554307,0.2601366239929832,0.0
banknote-authentication,rfc-nosuite,0.0,,0,0,0.26027397252245704,0.26027397252245704,0.0,0.0
banknote-authentication,rfc-nosuite,0.2666666675697673,,0,0,0.3242424245563928,0.3242424245563928,0.3242424245563928,0.0
banknote-authentication,rfc-nosuite,0.5376266304314226,,0,0,0.5376266304314226,0.3039073819253474,0.3039073819253474,0.0
banknote-authentication,rfc-nosuite,0.2143179769979058,,0,0,0.3079268292040888,0.4254742541046447,0.3079268292040888,0.0
banknote-authentication,rfc-nosuite,0.0,,0,0,0.0032467531642866657,0.15584415596785572,0.0032467531642866657,0.0
banknote-authentication,rfc-nosuite,0.03846154037309187,,0,0,0.37500000032054925,0.07342657432833818,0.07342657432833818,0.0
banknote-authentication,rfc-nosuite,0.41610367252380226,0.41610367252380226,0,0,0.41610367252380226,0.41610367252380226,0.41610367252380226,0.0
banknote-authentication,rfc-nosuite,0.1247954739218576,0.35935369408330636,0,0,0.4200299967883633,0.32161848916619473,0.4200299967883633,0.0
banknote-authentication,rfc-nosuite,0.32152985364212006,0.4245420403560566,0,0,0.4245420403560566,0.4245420403560566,0.77182494078708,0.0
banknote-authentication,rfc-nosuite,0.28597883595831636,,0,0,0.37208994648054966,0.28597883595831636,0.28597883595831636,0.0
banknote-authentication,rfc-nosuite,0.3297424467456542,0.8889301634808703,0,0,0.8889301634808703,0.3297424467456542,0.3297424467456542,0.0
banknote-authentication,rfc-nosuite,0.0,,0,0,0.2800000012945384,0.2800000012945384,0.2800000012945384,0.0
banknote-authentication,rfc-nosuite,0.32324921427542846,0.3397689261113579,0,0,0.32324921427542846,0.4876862257260444,0.32324921427542846,0.0
banknote-authentication,rfc-nosuite,0.0031659883833420385,,0,0,0.0031659883833420385,0.2375621888178281,0.0031659883833420385,0.0
banknote-authentication,rfc-nosuite,0.32817517924395045,0.4440081826535619,0,0,0.31146891924270015,0.30116360919175744,0.5264286660606727,0.0
volcanoes-a2,rfc-nosuite,0.2561869837333112,0.36571952308755973,0,0,0.37809349317912905,0.31714023845622014,0.31714023845622014,0.0
volcanoes-a2,rfc-nosuite,0.2775416789975736,0.3725073550238681,0,0,0.25498528995226377,0.36122916050121323,,0.0
volcanoes-a2,rfc-nosuite,0.16666666666666666,,0,0,,0.3333333333333333,0.0,0.0
volcanoes-a2,rfc-nosuite,0.45008183307003635,,0,0,0.875613747758527,0.024549918381545705,,0.0
volcanoes-a2,rfc-nosuite,0.4610110798305902,0.4610110798305902,0,0,0.14480609424132315,0.4610110798305902,,0.0
volcanoes-a2,rfc-nosuite,0.2698412698412698,,0,0,,0.0,,0.0
volcanoes-a2,rfc-nosuite,0.41413474219198887,,0,0,0.7661822977869358,0.062087186597041905,0.062087186597041905,0.0
volcanoes-a2,rfc-nosuite,0.24901185776520923,,0,0,0.24901185776520923,0.14723320164595646,,0.0
volcanoes-a2,rfc-nosuite,0.4627236584999994,,0,0,0.07455268300000108,0.4627236584999994,0.8011928422320076,0.0
volcanoes-a2,rfc-nosuite,0.3690296632351487,,0,0,0.577174459630335,0.577174459630335,,0.0
volcanoes-a2,rfc-nosuite,0.3052747006782329,0.40396624763968647,0,0,0.38945059864353404,0.3052747006782329,0.38945059864353404,0.0
volcanoes-a2,rfc-nosuite,0.35370950872134216,,0,0,0.1828631139979642,0.5245559034447201,,0.0
volcanoes-a2,rfc-nosuite,0.26375938373098806,0.43566202824020367,0,0,0.43566202824020367,0.3988428239423835,0.43566202824020367,0.0
volcanoes-a2,rfc-nosuite,0.3419354842009179,0.3419354842009179,0,0,0.3419354842009179,0.3012288789814388,0.3419354842009179,0.0
volcanoes-a2,rfc-nosuite,0.36926605504587157,,0,0,0.26146788990825687,0.001965923984272608,,0.0
volcanoes-a2,rfc-nosuite,0.3445229684948452,,0,0,0.23674911588912667,0.4522968211005637,0.4522968211005637,0.0
volcanoes-a2,rfc-nosuite,0.4276629566618669,,0,0,0.4141494436630758,0.4276629566618669,0.17170111267384838,0.0
volcanoes-a2,rfc-nosuite,0.4520298007582357,,0,0,0.23399726321973027,0.23399726321973027,0.23399726321973027,0.0
volcanoes-a2,rfc-nosuite,0.4159388646708887,,0,0,0.4126637544571052,0.4126637544571052,0.4126637544571052,0.0
volcanoes-a2,rfc-nosuite,0.3758278144483397,,0,0,,0.5380794697987069,,0.0
volcanoes-a2,rfc-nosuite,0.47594501674184353,,0,0,0.04810996651631293,0.17182130582451086,0.17182130582451086,0.0
volcanoes-a2,rfc-nosuite,0.24686595948963316,,0,0,,0.04982320852572502,0.04982320852572502,0.0
volcanoes-a2,rfc-nosuite,0.4070588235294118,,0,0,0.0023529411764705885,0.0023529411764705885,,0.0
volcanoes-a2,rfc-nosuite,0.36986715006140247,0.5301932372751272,0,0,0.2095410628476777,0.3333333333333333,,0.0
volcanoes-a2,rfc-nosuite,0.3329129895136882,,0,0,0.33417402097262355,0.2761664587821858,0.2761664587821858,0.0
volcanoes-a2,rfc-nosuite,0.1607142865606726,,0,0,,0.09523809666358898,0.09523809666358898,0.0
volcanoes-a2,rfc-nosuite,0.36718749999999994,,0,0,0.22656249999999997,0.22656249999999997,,0.0
volcanoes-a2,rfc-nosuite,0.3903628560801682,,0,0,,0.07023019899002975,0.07023019899002975,0.0
volcanoes-a2,rfc-nosuite,0.3421750663129974,,0,0,0.002652519893899204,0.002652519893899204,,0.0
volcanoes-a2,rfc-nosuite,0.3034188038168045,,0,0,0.34188034377084714,0.34188034377084714,0.34188034377084714,0.0
volcanoes-a2,rfc-nosuite,0.07758620707304344,,0,0,,0.025862069526138006,0.025862069526138006,0.0
volcanoes-a2,rfc-nosuite,0.22727272727272727,,0,0,0.5454545454545455,0.22727272727272727,0.0,0.0
volcanoes-a2,rfc-nosuite,0.26503436385705587,,0,0,,0.4576890024289675,,0.0
volcanoes-a2,rfc-nosuite,0.15500000000000003,,0,0,0.0,0.0,0.0,0.0
volcanoes-a2,rfc-nosuite,0.32766705760031134,,0,0,0.3446658847993774,0.4331770224572266,0.4331770224572266,0.0
volcanoes-a2,rfc-nosuite,0.28308823544517553,,0,0,0.30882352756885767,0.3455882362155711,,0.0
volcanoes-a2,rfc-nosuite,0.4648711946635193,,0,0,,0.159250585537047,0.159250585537047,0.0
volcanoes-a2,rfc-nosuite,0.39858310579689626,0.3333333333333333,0,0,0.3333333333333333,0.39858310579689626,0.3333333333333333,0.0
volcanoes-a2,rfc-nosuite,0.3137254901960784,,0,0,,0.0,0.0,0.0
volcanoes-a2,rfc-nosuite,0.2655607537894496,0.2655607537894496,0,0,0.2655607537894496,0.2655607537894496,0.2655607537894496,0.0
volcanoes-a2,rfc-nosuite,0.22142857142857145,,0,0,0.04285714285714285,0.04285714285714285,0.04285714285714285,0.0
volcanoes-a2,rfc-nosuite,0.25373563225660417,,0,0,0.014367816195541975,0.2534482758411668,,0.0
volcanoes-a2,rfc-nosuite,0.44351230485113746,,0,0,,0.34787471930727965,0.34787471930727965,0.0
volcanoes-a2,rfc-nosuite,0.35242641208167347,,0,0,0.19451074002655672,0.09387430421646051,0.09387430421646051,0.0
volcanoes-a2,rfc-nosuite,0.325,,0,0,,0.18750000000000003,0.024999999999999998,0.0
volcanoes-a2,rfc-nosuite,0.38916546731010404,0.3333333333333333,0,0,0.07574584178453428,0.38916546731010404,0.4621270791077329,
volcanoes-a2,rfc-nosuite,0.24074074074074076,,0,0,0.24074074074074076,0.11111111111111109,,0.0
volcanoes-a2,rfc-nosuite,0.17870370227864402,0.17870370227864402,0,0,,0.31682098744685305,,0.0
volcanoes-a2,rfc-nosuite,0.21948717959177416,,0,0,0.37641025675986056,0.21948717959177416,0.37641025675986056,0.0
volcanoes-a2,rfc-nosuite,0.3796106550417985,,0,0,,0.3980532787873322,0.3796106550417985,0.0
volcanoes-a3,rfc-nosuite,0.6148836853013284,0.3745388842975419,0,0,0.6148836853013284,0.4329029583531223,0.4329029583531223,0.0
volcanoes-a3,rfc-nosuite,0.3786356426602397,,0,0,,0.3405605495744716,,0.0
volcanoes-a3,rfc-nosuite,0.7914828835965305,0.43813185526099985,0,0,0.45760958653726536,0.3333333333333333,0.3333333333333333,0.0
volcanoes-a3,rfc-nosuite,0.15222772246243738,,0,0,,0.09158415753082946,0.09158415753082946,0.0
volcanoes-a3,rfc-nosuite,0.13803680983566824,,0,0,0.7239263803286636,0.024539877589800578,,0.0
volcanoes-a3,rfc-nosuite,0.3064150939706876,,0,0,,0.3166037736682174,,0.0
volcanoes-a3,rfc-nosuite,0.30803571428849846,,0,0,0.3839285714230031,0.3203124992058162,,0.0
volcanoes-a3,rfc-nosuite,0.4189189188244336,,0,0,,0.1541541543242977,0.14614614629746261,0.0
volcanoes-a3,rfc-nosuite,0.31420397174304415,,0,0,,0.39414338498961515,0.39414338498961515,0.0
volcanoes-a3,rfc-nosuite,0.33268765150584145,,0,0,,0.4213075067340331,,0.0
volcanoes-a3,rfc-nosuite,0.19262295162567852,,0,0,0.053278689049022276,0.053278689049022276,0.053278689049022276,0.0
volcanoes-a3,rfc-nosuite,0.3971840207355105,0.5361820553845073,0,0,0.5361820553845073,0.5361820553845073,0.5361820553845073,0.0
volcanoes-a3,rfc-nosuite,0.33001371622752695,,0,0,,0.33001371622752695,0.43365734297777403,0.0
volcanoes-a3,rfc-nosuite,0.6445058663779517,0.40304044197884176,0,0,0.40304044197884176,0.3333333333333333,0.40304044197884176,
volcanoes-a3,rfc-nosuite,0.29823316966412183,0.435517152873902,0,0,0.435517152873902,0.435517152873902,,0.0
volcanoes-a3,rfc-nosuite,0.35631370341539526,,0,0,0.2120611554096973,0.2120611554096973,0.2120611554096973,0.0
volcanoes-a3,rfc-nosuite,0.39688888880682216,0.4888888887288394,0,0,0.4888888887288394,0.4888888887288394,0.4888888887288394,0.0
volcanoes-a3,rfc-nosuite,0.2820512820130127,,0,0,,0.07692307653272969,0.07692307653272969,0.0
volcanoes-a3,rfc-nosuite,0.18683173893803223,,0,0,,0.07315700560283181,0.07315700560283181,0.0
volcanoes-a3,rfc-nosuite,0.47891601433225794,0.7298212824232847,0,0,,0.3859946268793844,0.7298212824232847,0.0
volcanoes-a3,rfc-nosuite,0.14414414463027095,,0,0,,0.11711711714829727,,0.0
volcanoes-a3,rfc-nosuite,0.32284382269552125,0.4428904425139756,0,0,0.4428904425139756,0.4428904425139756,0.4428904425139756,0.0
volcanoes-a3,rfc-nosuite,0.25525087525825896,,0,0,0.32847141159905296,0.32847141159905296,0.32847141159905296,0.0
volcanoes-a3,rfc-nosuite,0.21441009863314325,0.21441009863314325,0,0,0.21441009863314325,0.21038310645724403,0.3968219428593276,0.0
volcanoes-a3,rfc-nosuite,0.41406663180042713,,0,0,,0.12295081938737777,,0.0
volcanoes-a3,rfc-nosuite,0.4144645338027463,,0,0,,0.24408901269473499,0.24408901269473499,0.0
volcanoes-a3,rfc-nosuite,0.37638015972457883,0.43073721707266427,0,0,0.43073721707266427,0.43073721707266427,,0.0
volcanoes-a3,rfc-nosuite,0.2937559129424866,,0,0,,0.010406811751508652,0.010406811751508652,0.0
volcanoes-a3,rfc-nosuite,0.2173913043478261,,0,0,0.5652173913043478,0.0,,0.0
volcanoes-a3,rfc-nosuite,0.4444444444444445,,0,0,,0.002178649237472767,0.002178649237472767,0.0
volcanoes-a3,rfc-nosuite,0.4274809151973585,,0,0,0.1450381696052829,0.5190839690366467,0.5190839690366467,0.0
volcanoes-a3,rfc-nosuite,0.4002659573289735,,0,0,,0.029255319562470117,0.029255319562470117,0.0
volcanoes-a3,rfc-nosuite,0.22574646156055667,0.23762785282563842,0,0,0.23762785282563842,0.22574646156055667,0.22574646156055667,0.0
volcanoes-a3,rfc-nosuite,0.38616462373120275,,0,0,0.2959719796154262,0.2959719796154262,0.2959719796154262,0.0
volcanoes-a3,rfc-nosuite,0.2953488370053079,,0,0,0.40930232598938415,0.11162790667453025,0.11162790667453025,0.0
volcanoes-a3,rfc-nosuite,0.3365721570268928,0.3365721570268928,0,0,0.4646384205783101,0.4646384205783101,,0.0
volcanoes-a3,rfc-nosuite,0.34938892864917037,0.34938892864917037,0,0,,0.4708842551288612,0.34938892864917037,0.0
volcanoes-a3,rfc-nosuite,0.40481717946828666,,0,0,0.5101567035213849,0.2994776554151885,0.2994776554151885,0.0
volcanoes-a3,rfc-nosuite,0.4398507765333171,0.5703188868458623,0,0,0.5703188868458623,0.5703188868458623,,0.0
volcanoes-a3,rfc-nosuite,0.2829071973138189,,0,0,0.10606060681876887,0.10606060681876887,0.10606060681876887,0.0
volcanoes-a3,rfc-nosuite,0.4184636118018594,,0,0,,0.013477089008161493,0.013477089008161493,0.0
volcanoes-a3,rfc-nosuite,0.3775279883441413,0.3333333333333333,0,0,0.3333333333333333,0.3333333333333333,0.3333333333333333,0.0
volcanoes-a3,rfc-nosuite,0.14642857189898434,,0,0,,0.07142857183246133,0.07142857183246133,0.0
volcanoes-a3,rfc-nosuite,0.1857142861419339,,0,0,1.9956912626501134e-09,0.3142857148559118,1.9956912626501134e-09,0.0
volcanoes-a3,rfc-nosuite,0.3244058849766993,,0,0,0.16823840210379556,0.2597133160751985,0.16823840210379556,0.0
volcanoes-a3,rfc-nosuite,0.16992187504583,,0,0,,0.08593750006394885,0.08593750006394885,0.0
volcanoes-a3,rfc-nosuite,0.3942629484478922,,0,0,,0.2895617530358106,,0.0
volcanoes-a3,rfc-nosuite,0.4289693592526202,,0,0,0.2116991644201953,0.4289693592526202,,0.0
volcanoes-a3,rfc-nosuite,0.34200000010170045,,0,0,,0.0019999999536201344,,0.0
volcanoes-a3,rfc-nosuite,0.34646739108591434,,0,0,,0.14130434783227633,0.14130434783227633,0.0
volcanoes-a4,rfc-nosuite,0.0,,0,0,,0.0,,0.0
volcanoes-a4,rfc-nosuite,0.15441176447551896,,0,0,0.15808823497878416,0.15441176447551896,,0.0
volcanoes-a4,rfc-nosuite,0.3719034708409845,0.3719034708409845,0,0,0.3719034708409845,0.3333333333333333,0.3333333333333333,0.0
volcanoes-a4,rfc-nosuite,0.5559980081410206,,0,0,,0.5559980081410206,0.5559980081410206,0.0
volcanoes-a4,rfc-nosuite,0.03278688512303286,,0,0,,0.03278688512303286,,0.0
volcanoes-a4,rfc-nosuite,0.35867925852967536,0.43559681124987826,0,0,0.43559681124987826,0.35867925852967536,0.2826414829406493,
volcanoes-a4,rfc-nosuite,0.2267587938134201,,0,0,,0.2267587938134201,0.2267587938134201,0.0
volcanoes-a4,rfc-nosuite,0.40846893522497624,0.6279585791364609,0,0,0.6279585791364609,0.4055103543432542,0.6279585791364609,0.0
volcanoes-a4,rfc-nosuite,0.727045074344615,,0,0,,0.727045074344615,0.727045074344615,0.0
volcanoes-a4,rfc-nosuite,0.5575589473256235,,0,0,,0.5575589473256235,0.5575589473256235,0.0
volcanoes-a4,rfc-nosuite,0.22775800600902926,,0,0,,0.22775800600902926,0.22775800600902926,0.0
volcanoes-a4,rfc-nosuite,0.021914648936932523,,0,0,0.3194925028399255,0.3194925028399255,0.021914648936932523,0.0
volcanoes-a4,rfc-nosuite,0.08489208621843038,,0,0,,,0.08489208621843038,0.0
volcanoes-a4,rfc-nosuite,0.06481481481481483,,0,0,,0.06481481481481483,0.06481481481481483,0.0
volcanoes-a4,rfc-nosuite,0.3073593073671614,,0,0,0.2943722942328866,0.3073593073671614,,0.0
volcanoes-a4,rfc-nosuite,0.341772151779353,,0,0,0.286919832224068,0.341772151779353,0.341772151779353,0.0
volcanoes-a4,rfc-nosuite,0.0,,0,0,,0.0,0.0,0.0
volcanoes-a4,rfc-nosuite,0.21176470588235294,,0,0,0.611764705882353,0.21176470588235294,0.21176470588235294,0.0
volcanoes-a4,rfc-nosuite,0.2307692319773643,,0,0,,0.2307692319773643,0.2307692319773643,0.0
volcanoes-a4,rfc-nosuite,0.09230769182384542,,0,0,,0.09230769182384542,0.09230769182384542,0.0
volcanoes-a4,rfc-nosuite,0.3099476437265504,,0,0,,0.3099476437265504,0.3099476437265504,0.0
volcanoes-a4,rfc-nosuite,0.3395924601415174,0.3395924601415174,0,0,0.3395924601415174,0.4125835829665459,0.4125835829665459,0.0
volcanoes-a4,rfc-nosuite,0.014285714285714287,,0,0,,0.014285714285714287,0.014285714285714287,0.0
volcanoes-a4,rfc-nosuite,0.0625000000779567,,0,0,,0.0625000000779567,,0.0
volcanoes-a4,rfc-nosuite,0.42073170707448687,0.5470811658572974,0,0,0.5470811658572974,0.42073170707448687,0.5470811658572974,
volcanoes-a4,rfc-nosuite,0.47970926739346226,,0,0,0.3640218047730885,0.47970926739346226,0.47970926739346226,0.0
volcanoes-a4,rfc-nosuite,0.36874999999999997,,0,0,,0.36874999999999997,0.36874999999999997,0.0
volcanoes-a4,rfc-nosuite,0.4511433755867875,0.5721597091276575,0,0,0.33493647897704126,0.3333333333333333,0.33493647897704126,0.0
volcanoes-a4,rfc-nosuite,0.41799339112775163,,0,0,0.36287173320155247,0.4731150490539508,0.4731150490539508,0.0
volcanoes-a4,rfc-nosuite,0.6994125323778893,,0,0,,0.6994125323778893,,0.0
volcanoes-a4,rfc-nosuite,0.4425629178239764,,0,0,0.6217558002314634,0.26337003541648946,,0.0
volcanoes-a4,rfc-nosuite,0.2275280900983594,,0,0,,0.2275280900983594,0.2275280900983594,0.0
volcanoes-a4,rfc-nosuite,0.4034927988367428,0.4034927988367428,0,0,0.182916734792318,0.4034927988367428,,0.0
volcanoes-a4,rfc-nosuite,0.28324501661400703,0.29245521045147693,0,0,0.4335099667719858,0.28324501661400703,,0.0
volcanoes-a4,rfc-nosuite,0.38374456603830515,0.38374456603830515,0,0,0.3333333333333333,0.38374456603830515,0.4088407291344973,0.0
volcanoes-a4,rfc-nosuite,0.42736897759612746,0.30111169953508715,0,0,,0.42736897759612746,,0.0
volcanoes-a4,rfc-nosuite,0.34107142878330987,,0,0,,0.34107142878330987,0.34107142878330987,0.0
volcanoes-a4,rfc-nosuite,0.3072916667320366,,0,0,,0.4088541666226131,,0.0
volcanoes-a4,rfc-nosuite,0.23199655246592454,,0,0,0.24342388974722265,0.23199655246592454,0.23199655246592454,0.0
volcanoes-a4,rfc-nosuite,0.453676170980175,0.453676170980175,0,0,0.3333333333333333,0.3333333333333333,0.3333333333333333,0.0
volcanoes-a4,rfc-nosuite,0.26780626720359657,,0,0,,0.26780626720359657,0.26780626720359657,0.0
volcanoes-a4,rfc-nosuite,0.3750113457675311,0.3016247607018683,0,0,0.3016247607018683,0.3750113457675311,0.3016247607018683,
volcanoes-a4,rfc-nosuite,0.4255517567297652,0.4255517567297652,0,0,,0.4255517567297652,0.4255517567297652,0.0
volcanoes-a4,rfc-nosuite,0.4769607836922227,,0,0,,0.4769607836922227,0.4769607836922227,0.0
volcanoes-a4,rfc-nosuite,0.8032326049405499,,0,0,,0.8032326049405499,0.8032326049405499,0.0
volcanoes-a4,rfc-nosuite,0.2762589931900748,,0,0,0.3285371693468951,0.2762589931900748,,0.0
volcanoes-a4,rfc-nosuite,0.6721166590438583,0.25320371142585363,0,0,,0.6721166590438583,0.6721166590438583,0.0
volcanoes-a4,rfc-nosuite,0.1616349283507398,0.12378077139946855,0,0,,0.1616349283507398,,0.0
volcanoes-a4,rfc-nosuite,0.31068147047577155,,0,0,,0.3035987746358366,0.3035987746358366,0.0
volcanoes-a4,rfc-nosuite,0.049180328040925626,,0,0,0.27595628411129075,0.049180328040925626,0.049180328040925626,0.0
volcanoes-e1,rfc-nosuite,0.12393162429263135,,0,0,,0.12393162429263135,,0.0
volcanoes-e1,rfc-nosuite,0.3161367729431776,,0,0,,,0.3161367729431776,0.0
volcanoes-e1,rfc-nosuite,0.27372262546616916,,0,0,,,0.328467153567507,0.0
volcanoes-e1,rfc-nosuite,0.1687170468486677,,0,0,,0.1687170468486677,0.1687170468486677,0.0
volcanoes-e1,rfc-nosuite,0.3778371133761004,,0,0,,0.3778371133761004,,0.0
volcanoes-e1,rfc-nosuite,0.26762972119842304,0.44767484150133435,0,0,0.46474055760315397,0.44767484150133435,0.46474055760315397,0.0
volcanoes-e1,rfc-nosuite,0.3366214547715607,,0,0,,,,0.0
volcanoes-e1,rfc-nosuite,0.2905375392530674,,0,0,,,0.3203020891585019,0.0
volcanoes-e1,rfc-nosuite,0.48717948785047627,,0,0,,,,0.0
volcanoes-e1,rfc-nosuite,0.41746436915274043,0.615188257977059,0,0,0.615188257977059,0.615188257977059,,0.0
volcanoes-e1,rfc-nosuite,0.5954295393986682,,0,0,0.04782056729333841,0.5954295393986682,,0.0
volcanoes-e1,rfc-nosuite,0.42369534535955883,,0,0,0.1779971790063903,,0.1779971790063903,0.0
volcanoes-e1,rfc-nosuite,0.06253682975195628,,0,0,,,,0.0
volcanoes-e1,rfc-nosuite,0.3985545330374358,0.3985545330374358,0,0,0.3044678059398097,0.3333333333333333,0.20289093392512828,0.0
volcanoes-e1,rfc-nosuite,0.18279090541137905,0.18279090541137905,0,0,0.6344181891772418,0.3713776188417519,,0.0
volcanoes-e1,rfc-nosuite,0.2690508022297814,,0,0,0.13168449150043632,,,0.0
volcanoes-e1,rfc-nosuite,0.37630876623910486,,0,0,0.2814617121977577,0.43707657560448454,0.43707657560448454,0.0
volcanoes-e1,rfc-nosuite,0.2948179279560956,,0,0,,,,0.0
volcanoes-e1,rfc-nosuite,0.30088209949295036,0.3291738381905902,0,0,,0.30088209949295036,0.34165232361881964,0.0
volcanoes-e1,rfc-nosuite,0.1585365859623986,0.15344440381439026,0,0,0.15344440381439026,0.4181856159447965,,
volcanoes-e1,rfc-nosuite,0.31503482216479406,,0,0,,0.13232281898944753,0.13232281898944753,0.0
volcanoes-e1,rfc-nosuite,0.24101796453911004,,0,0,,0.24101796453911004,,0.0
volcanoes-e1,rfc-nosuite,0.41630901208111437,0.49871244497893,0,0,0.33390557918329866,0.41630901208111437,0.33390557918329866,0.0
volcanoes-e1,rfc-nosuite,0.44484536017343107,0.3333333333333333,0,0,0.4243205252174697,0.4243205252174697,0.15135894956506069,0.0
volcanoes-e1,rfc-nosuite,0.4045801522570702,0.5557251896095158,0,0,,,0.2221374051952421,0.0
volcanoes-e1,rfc-nosuite,0.610209734355072,,0,0,,0.194895132822464,,0.0
volcanoes-e1,rfc-nosuite,0.2826271186294699,,0,0,,0.02118644093832039,,0.0
volcanoes-e1,rfc-nosuite,0.27804107395173117,,0,0,0.44391785209653783,0.1216429696556039,,0.0
volcanoes-e1,rfc-nosuite,0.29152249128428387,0.4169550174314323,0,0,0.316608997053494,0.316608997053494,0.316608997053494,0.0
volcanoes-e1,rfc-nosuite,0.3455834947029388,0.35163693694452713,0,0,0.30277956835253406,0.35163693694452713,0.30277956835253406,0.0
volcanoes-e1,rfc-nosuite,0.2554790230041504,0.3603631808572574,0,0,,,0.27927363828548524,0.0
volcanoes-e1,rfc-nosuite,0.41461449883059787,0.3318469506878837,0,0,0.33630609862423266,0.41461449883059787,0.33630609862423266,0.0
volcanoes-e1,rfc-nosuite,0.41887675521699663,,0,0,,,,0.0
volcanoes-e1,rfc-nosuite,0.3798277979039497,0.5043050426069043,0,0,0.5043050426069043,0.3798277979039497,0.5043050426069043,0.0
volcanoes-e1,rfc-nosuite,0.39997378717043275,,0,0,0.33971166412749315,0.33014416793625345,0.33014416793625345,0.0
volcanoes-e1,rfc-nosuite,0.388888888560269,0.12792792767565223,0,0,0.4831831837640787,0.388888888560269,0.388888888560269,0.0
volcanoes-e1,rfc-nosuite,0.43093220313695074,0.13813559372609852,0,0,0.6544915245426076,,0.1727542377286962,0.0
volcanoes-e1,rfc-nosuite,0.03261379644508579,,0,0,,0.9347724071098283,,0.0
volcanoes-e1,rfc-nosuite,0.3301886796222322,0.3057461403278877,0,0,0.27186963990023993,0.3301886796222322,0.27186963990023993,0.0
volcanoes-e1,rfc-nosuite,0.39057447495581044,0.20343997193278537,0,0,0.21885105008837913,0.39057447495581044,0.21885105008837913,0.0
volcanoes-e1,rfc-nosuite,0.4183454777778371,,0,0,,0.4183454777778371,0.4183454777778371,0.0
volcanoes-e1,rfc-nosuite,0.27412280706132497,0.45175438587734995,0,0,0.331140351425969,0.27412280706132497,0.331140351425969,0.0
volcanoes-e1,rfc-nosuite,0.5653104931143628,,0,0,,0.5653104931143628,0.5653104931143628,0.0
volcanoes-e1,rfc-nosuite,0.08420320087465455,,0,0,0.374739039708439,,,0.0
volcanoes-e1,rfc-nosuite,0.4300311092340548,,0,0,0.38728277170926245,,0.18268611905668264,0.0
volcanoes-e1,rfc-nosuite,0.2939110078230442,,0,0,,0.22716627607160636,,0.0
volcanoes-e1,rfc-nosuite,0.4164858999179947,,0,0,,0.13015184404161143,0.13015184404161143,0.0
volcanoes-e1,rfc-nosuite,0.2559126738239256,0.34930260653448425,0,0,,,,0.0
volcanoes-e1,rfc-nosuite,0.397051148285431,,0,0,,0.397051148285431,,0.0
volcanoes-e1,rfc-nosuite,0.2992424245447236,,0,0,,0.28374655638437674,0.4325068872312464,0.0
volcanoes-e2,rfc-nosuite,0.16444073460018088,,0,0,,,0.09265442413686838,0.0
volcanoes-e2,rfc-nosuite,0.4010243628601892,0.43023255697047963,0,0,,,,0.0
volcanoes-e2,rfc-nosuite,0.3548174215971569,,0,0,,0.635723712614653,0.635723712614653,0.0
volcanoes-e2,rfc-nosuite,0.2260111025683755,,0,0,,,0.11498810515464325,0.0
volcanoes-e2,rfc-nosuite,0.2393992940953513,,0,0,,,0.28091872859415895,0.0
volcanoes-e2,rfc-nosuite,0.33982633193296985,,0,0,,,,0.0
volcanoes-e2,rfc-nosuite,0.3731707321518065,,0,0,,0.4662020908498562,,0.0
volcanoes-e2,rfc-nosuite,0.3606210302541536,,0,0,,,0.4453069869419774,0.0
volcanoes-e2,rfc-nosuite,0.12538913928463738,0.7492217214307252,0,0,,,,0.0
volcanoes-e2,rfc-nosuite,0.3535582536635099,0.3333333333333333,0,0,0.3525976023792373,,0.41231171208549455,
volcanoes-e2,rfc-nosuite,0.196517695054086,0.3958711436978384,0,0,,,,0.0
volcanoes-e2,rfc-nosuite,0.3724279836959475,,0,0,,,0.27489712020787405,0.0
volcanoes-e2,rfc-nosuite,0.13062330625627,,0,0,,0.1252032518901349,0.1252032518901349,0.0
volcanoes-e2,rfc-nosuite,0.18020719773100288,,0,0,,,0.07279171202944189,0.0
volcanoes-e2,rfc-nosuite,0.3830022076662353,,0,0,,,,0.0
volcanoes-e2,rfc-nosuite,0.3482803654984009,0.36134087883816396,0,0,,,,0.0
volcanoes-e2,rfc-nosuite,0.0965665211580031,,0,0,,,0.08583690719636616,0.0
volcanoes-e2,rfc-nosuite,0.3401662052978405,0.295844875281257,0,0,0.295844875281257,,,0.0
volcanoes-e2,rfc-nosuite,0.33553791923851617,,0,0,,,0.16578483272960182,0.0
volcanoes-e2,rfc-nosuite,0.21735330824075377,,0,0,,,,0.0
volcanoes-e2,rfc-nosuite,0.3866050806078931,,0,0,0.38475750630387157,,0.38475750630387157,0.0
volcanoes-e2,rfc-nosuite,0.4688841189056687,0.5407725308693074,0,0,0.5407725308693074,,0.5407725308693074,0.0
volcanoes-e2,rfc-nosuite,0.12430811682550075,0.16743542276746434,0,0,0.16743542276746434,0.16743542276746434,,0.0
volcanoes-e2,rfc-nosuite,0.4322368709265644,0.4322368709265644,0,0,0.18733075947924913,,0.4322368709265644,0.0
volcanoes-e2,rfc-nosuite,0.3268809352403892,,0,0,,,0.2658875091722707,0.0
volcanoes-e2,rfc-nosuite,0.32368421061854513,0.3192982461430458,0,0,,,,0.0
volcanoes-e2,rfc-nosuite,0.2187662000003065,,0,0,,,0.0710212554901799,0.0
volcanoes-e2,rfc-nosuite,0.19690265487979253,,0,0,,,0.08849557598159903,0.0
volcanoes-e2,rfc-nosuite,0.4018942251361266,0.3943508503245044,0,0,0.2952812000261255,,0.4018942251361266,0.0
volcanoes-e2,rfc-nosuite,0.36977611927821274,,0,0,,,,0.0
volcanoes-e2,rfc-nosuite,0.3125389890780282,,0,0,,,0.1048034933944103,0.0
volcanoes-e2,rfc-nosuite,0.3218056451513659,0.4962292602156268,0,0,0.4962292602156268,,,0.0
volcanoes-e2,rfc-nosuite,0.2904858306079282,,0,0,,,0.26639676169307,0.0
volcanoes-e2,rfc-nosuite,0.3627694858616964,,0,0,,,,0.0
volcanoes-e2,rfc-nosuite,0.3265060246139428,,0,0,,,0.20662650698978255,0.0
volcanoes-e2,rfc-nosuite,0.34214162341549104,,0,0,,,0.06424870488231041,0.0
volcanoes-e2,rfc-nosuite,0.38146551723566924,,0,0,,,,0.0
volcanoes-e2,rfc-nosuite,0.3235294116515731,,0,0,,,0.15206508128084487,0.0
volcanoes-e2,rfc-nosuite,0.39406139902832044,0.3716155003977388,0,0,0.3716155003977388,,,0.0
volcanoes-e2,rfc-nosuite,0.33127572011729295,,0,0,,,,0.0
volcanoes-e2,rfc-nosuite,0.2550548815269029,,0,0,,,0.01675332306624423,0.0
volcanoes-e2,rfc-nosuite,0.4302127655093748,0.5217021243044606,0,0,,,0.5217021243044606,0.0
volcanoes-e2,rfc-nosuite,0.4514682356983346,0.4514682356983346,0,0,0.3333333333333333,,0.3333333333333333,0.0
volcanoes-e2,rfc-nosuite,0.3199225475269911,,0,0,,,0.1325301205351587,0.0
volcanoes-e2,rfc-nosuite,0.4366562825488542,,0,0,,,,0.0
volcanoes-e2,rfc-nosuite,0.3665436650847853,0.41068743972124955,0,0,,,0.41068743972124955,0.0
volcanoes-e2,rfc-nosuite,0.34111143697560753,0.3880735739778612,0,0,0.3333333333333333,,0.3333333333333333,0.0
volcanoes-e2,rfc-nosuite,0.3808215595436824,0.3808215595436824,0,0,0.5172684461505302,,0.5172684461505302,0.0
volcanoes-e2,rfc-nosuite,0.3711790380973154,,0,0,,,0.25764192380536916,0.0
volcanoes-e2,rfc-nosuite,0.3948824346228874,,0,0,,,,0.0
volcanoes-e3,rfc-nosuite,0.2832103316447755,,0,0,0.16789667987936308,,,0.0
volcanoes-e3,rfc-nosuite,0.3349786553451647,0.49546424804952566,0,0,,,0.17449306264080372,0.0
volcanoes-e3,rfc-nosuite,0.23024523186161192,,0,0,0.23024523186161192,,,0.0
volcanoes-e3,rfc-nosuite,0.49999999935324824,,0,0,,,,0.0
volcanoes-e3,rfc-nosuite,0.4455880231815804,,0,0,,,,0.0
volcanoes-e3,rfc-nosuite,0.0920709446973761,0.06353677657896971,0,0,,,0.06353677657896971,0.0
volcanoes-e3,rfc-nosuite,0.3742465338867291,0.42420132545387684,0,0,0.42420132545387684,,0.42420132545387684,0.0
volcanoes-e3,rfc-nosuite,0.25903939518135477,,0,0,0.07663248745937921,,,0.0
volcanoes-e3,rfc-nosuite,0.28416296785380146,0.43167406429239713,0,0,0.24904882775141263,,,0.0
volcanoes-e3,rfc-nosuite,0.4150210421467482,0.4150210421467482,0,0,0.6085464537977725,0.3333333333333333,0.6085464537977725,0.0
volcanoes-e3,rfc-nosuite,0.06930693036668187,,0,0,0.623762376296967,,0.06930693036668187,0.0
volcanoes-e3,rfc-nosuite,0.4455864565524798,0.6850060441784322,0,0,,0.20616686892652739,,0.0
volcanoes-e3,rfc-nosuite,0.7070484578136078,0.7070484578136078,0,0,,,,0.0
volcanoes-e3,rfc-nosuite,0.822971548650166,,0,0,,0.3333333333333333,0.822971548650166,0.0
volcanoes-e3,rfc-nosuite,0.49742886519338936,,0,0,,,0.49742886519338936,0.0
volcanoes-e3,rfc-nosuite,0.21669341933239128,,0,0,,0.39165329033380436,,0.0
volcanoes-e3,rfc-nosuite,0.3953333338047999,,0,0,,,0.3953333338047999,0.0
volcanoes-e3,rfc-nosuite,0.35746526770355547,0.46649862273998877,0,0,0.46649862273998877,,0.46649862273998877,0.0
volcanoes-e3,rfc-nosuite,0.4438687394230049,0.6538366642426666,0,0,0.6538366642426666,,0.6538366642426666,0.0
volcanoes-e3,rfc-nosuite,0.3503277496110027,,0,0,0.14930808441456941,,,0.0
volcanoes-e3,rfc-nosuite,0.303188265709628,0.3936234685807441,0,0,0.3936234685807441,,0.1973572564729602,0.0
volcanoes-e3,rfc-nosuite,0.2739319622939351,,0,0,,,,0.0
volcanoes-e3,rfc-nosuite,0.7167487683207803,0.7167487683207803,0,0,,,,0.0
volcanoes-e3,rfc-nosuite,0.4600065835155882,,0,0,,,0.38940092205016524,0.0
volcanoes-e3,rfc-nosuite,0.3220352067004537,0.32118591707012595,0,0,,,0.32288449633078153,0.0
volcanoes-e3,rfc-nosuite,0.650943396798338,,0,0,,,,0.0
volcanoes-e3,rfc-nosuite,0.8353868895267849,0.8353868895267849,0,0,0.061606702637579634,0.44849679608218224,0.8353868895267849,0.0
volcanoes-e3,rfc-nosuite,0.4436193978973423,0.6494940193896904,0,0,0.6494940193896904,,0.6494940193896904,0.0
volcanoes-e3,rfc-nosuite,0.406705539862659,,0,0,,,0.406705539862659,0.0
volcanoes-e3,rfc-nosuite,0.1964549488220791,,0,0,,,0.1964549488220791,0.0
volcanoes-e3,rfc-nosuite,0.43209660468501343,0.43209660468501343,0,0,0.4428888108509436,,0.4428888108509436,0.0
volcanoes-e3,rfc-nosuite,0.23631123959141853,,0,0,,,,0.0
volcanoes-e3,rfc-nosuite,0.3763157900831717,,0,0,,,0.3763157900831717,0.0
volcanoes-e3,rfc-nosuite,0.4590163935632977,,0,0,0.3202576105289977,0.4092505862526512,0.4590163935632977,0.0
volcanoes-e3,rfc-nosuite,0.06260720445731548,,0,0,,,,0.0
volcanoes-e3,rfc-nosuite,0.27867151049840866,,0,0,,,0.27867151049840866,0.0
volcanoes-e3,rfc-nosuite,0.0933333336779227,,0,0,,,0.0933333336779227,0.0
volcanoes-e3,rfc-nosuite,0.4301509295710781,0.7311337306401106,0,0,0.7311337306401106,,,0.0
volcanoes-e3,rfc-nosuite,0.46805349205032626,,0,0,,,0.46805349205032626,0.0
volcanoes-e3,rfc-nosuite,0.3470764626258451,,0,0,,,,0.0
volcanoes-e3,rfc-nosuite,0.22119341583998853,,0,0,0.557613168320023,,,0.0
volcanoes-e3,rfc-nosuite,0.44116385429778965,0.3784672572156811,0,0,0.24306548556863775,0.3784672572156811,0.24306548556863775,0.0
volcanoes-e3,rfc-nosuite,0.45257452607080073,,0,0,0.44932249246537914,,,0.0
volcanoes-e3,rfc-nosuite,0.12392755011738243,,0,0,,,,0.0
volcanoes-e3,rfc-nosuite,0.24348697447716264,,0,0,,,,0.0
volcanoes-e3,rfc-nosuite,0.34587332007315286,0.46142034440629076,0,0,,,,0.0
volcanoes-e3,rfc-nosuite,0.449519683454059,0.6155584847369385,0,0,0.6155584847369385,,,0.0
volcanoes-e3,rfc-nosuite,0.2034285716291897,,0,0,,,,0.0
volcanoes-e3,rfc-nosuite,0.3968133530602418,0.3990895284861708,0,0,,,,0.0
volcanoes-e3,rfc-nosuite,0.3835826620402064,0.3835826620402064,0,0,,,0.3835826620402064,0.0
volcanoes-e4,rfc-nosuite,0.2786799369424362,,0,0,,,,0.0
volcanoes-e4,rfc-nosuite,0.3207729469918782,,0,0,,,,0.0
volcanoes-e4,rfc-nosuite,0.6702864032974807,0.42112783373346,0,0,,,,0.0
volcanoes-e4,rfc-nosuite,0.38857016701826774,,0,0,,,,0.0
volcanoes-e4,rfc-nosuite,0.42398873532732595,0.6473630306279552,0,0,0.39969277998665165,0.39969277998665165,0.3333333333333333,0.0
volcanoes-e4,rfc-nosuite,0.409778225725889,,0,0,,,,0.0
volcanoes-e4,rfc-nosuite,0.2799559920535921,0.43461192252492953,0,0,0.2799559920535921,,0.5892678529962669,0.0
volcanoes-e4,rfc-nosuite,0.3488652826209386,,0,0,0.3843553841100657,,0.3843553841100657,0.0
volcanoes-e4,rfc-nosuite,0.1573163682499876,,0,0,,,0.12377096672899249,0.0
volcanoes-e4,rfc-nosuite,0.30826558304415974,,0,0,,,0.2777777775359031,0.0
volcanoes-e4,rfc-nosuite,0.22308877230549917,0.22308877230549917,0,0,0.19738108560953682,,,0.0
volcanoes-e4,rfc-nosuite,0.2743221696326349,,0,0,,,0.3125996817145545,0.0
volcanoes-e4,rfc-nosuite,0.32231329673771203,0.4766848813868646,0,0,,0.4160291439557202,0.4766848813868646,0.0
volcanoes-e4,rfc-nosuite,0.30872483285929037,,0,0,,0.23969319343336146,,0.0
volcanoes-e4,rfc-nosuite,0.37840466970916176,,0,0,0.5107003898034947,0.5107003898034947,0.5107003898034947,0.0
volcanoes-e4,rfc-nosuite,0.26622558228707227,,0,0,,0.26622558228707227,0.40516698180066013,0.0
volcanoes-e4,rfc-nosuite,0.2624113476020512,,0,0,,,0.24645390132647405,0.0
volcanoes-e4,rfc-nosuite,0.4231927712379045,,0,0,,,,0.0
volcanoes-e4,rfc-nosuite,0.4146716824618826,0.4150706789494263,0,0,0.4146716824618826,,0.4150706789494263,0.0
volcanoes-e4,rfc-nosuite,0.28036605664844233,,0,0,,,0.38935108110715005,0.0
volcanoes-e4,rfc-nosuite,0.5874510389680063,0.4155242542331681,0,0,0.4155242542331681,0.37820126525083514,0.3333333333333334,0.0
volcanoes-e4,rfc-nosuite,0.28118040174072223,,0,0,0.42873051447942656,0.13363028900201787,0.13363028900201787,0.0
volcanoes-e4,rfc-nosuite,0.33605442176691885,,0,0,0.4603174606317226,,0.4603174606317226,0.0
volcanoes-e4,rfc-nosuite,0.30733518988370334,0.3430826359507661,0,0,0.2715877438166405,,0.3430826359507661,0.0
volcanoes-e4,rfc-nosuite,0.10000000035430753,,0,0,0.40724637674043934,,,0.0
volcanoes-e4,rfc-nosuite,0.36106004934368424,,0,0,,,,0.0
volcanoes-e4,rfc-nosuite,0.3606338706190243,,0,0,,,,0.0
volcanoes-e4,rfc-nosuite,0.34907749078775696,0.3431734323206659,0,0,0.354981549254848,,,0.0
volcanoes-e4,rfc-nosuite,0.348168654429008,,0,0,0.4880749559407287,0.2082623529172873,,0.0
volcanoes-e4,rfc-nosuite,0.39030453711684787,,0,0,0.18986948388192337,,,0.0
volcanoes-e4,rfc-nosuite,0.04346492914185621,,0,0,0.057033346260747415,,,0.0
volcanoes-e4,rfc-nosuite,0.20691923175202975,0.31228624050970977,0,0,0.31228624050970977,0.31228624050970977,,0.0
volcanoes-e4,rfc-nosuite,0.37765957429391006,,0,0,0.44042553169977033,,0.44042553169977033,0.0
volcanoes-e4,rfc-nosuite,0.40178571428571425,,0,0,,,,0.0
volcanoes-e4,rfc-nosuite,0.19275362305651247,,0,0,,,,0.0
volcanoes-e4,rfc-nosuite,0.44512487962593916,0.19524495720304605,0,0,0.6950048020488323,0.44512487962593916,0.19524495720304605,0.0
volcanoes-e4,rfc-nosuite,0.2461408333702869,0.39770564596882346,0,0,,,0.3561535206608897,0.0
volcanoes-e4,rfc-nosuite,0.3578901479548312,,0,0,0.2842197040903376,,,0.0
volcanoes-e4,rfc-nosuite,0.2969653179231594,,0,0,,,0.1430635842281168,0.0
volcanoes-e4,rfc-nosuite,0.2487811308972634,0.3137435762867038,0,0,,,0.3137435762867038,0.0
volcanoes-e4,rfc-nosuite,0.37788778954273106,,0,0,,0.37788778954273106,,0.0
volcanoes-e4,rfc-nosuite,0.35848484835360384,,0,0,,,,0.0
volcanoes-e4,rfc-nosuite,0.06594427215351284,0.07616099131623914,0,0,,,,0.0
volcanoes-e4,rfc-nosuite,0.37179487237465225,,0,0,,,,0.0
volcanoes-e4,rfc-nosuite,0.2790841583430892,,0,0,0.4418316833138217,,,0.0
volcanoes-e4,rfc-nosuite,0.3387463957728159,0.3306268021135921,0,0,0.3387463957728159,,0.3312338746921582,0.0
volcanoes-e4,rfc-nosuite,0.37917418067405245,0.07113985448820277,0,0,0.07113985448820277,0.07113985448820277,0.07113985448820277,0.0
volcanoes-e4,rfc-nosuite,0.24478057085359345,,0,0,0.510438858292813,,0.27439284266799974,0.0
volcanoes-e4,rfc-nosuite,0.3141112625174276,,0,0,0.3717774749651448,,0.3826322939703222,0.0
volcanoes-e4,rfc-nosuite,0.3557093418165415,0.5245674739578876,0,0,0.5245674739578876,,0.5245674739578876,0.0
volcanoes-e5,rfc-nosuite,0.3333333333333333,0.5531232296287724,0,0,0.5531232296287724,,,0.0
volcanoes-e5,rfc-nosuite,0.3944444442633539,,0,0,,,,0.0
volcanoes-e5,rfc-nosuite,0.22518248177149303,,0,0,0.11532846631735702,,0.11532846631735702,0.0
volcanoes-e5,rfc-nosuite,0.07852650526089726,,0,0,,,0.10260557077784527,0.0
volcanoes-e5,rfc-nosuite,0.3334391869298236,0.33312162614035273,0,0,,,,0.0
volcanoes-e5,rfc-nosuite,0.14825581385803463,,0,0,,,0.13538205958633925,0.0
volcanoes-e5,rfc-nosuite,0.3333333333333333,0.3333333333333333,0,0,0.25340159988033484,,0.5830410987835984,0.0
volcanoes-e5,rfc-nosuite,0.33413231028794665,,0,0,,,0.39501438215576323,0.0
volcanoes-e5,rfc-nosuite,0.447380106709596,,0,0,,,,0.0
volcanoes-e5,rfc-nosuite,0.3250289688952189,,0,0,,,,0.0
volcanoes-e5,rfc-nosuite,0.4295392954336939,,0,0,,,0.3803071368297379,0.0
volcanoes-e5,rfc-nosuite,0.39833080413587274,,0,0,,,0.294385433158135,0.0
volcanoes-e5,rfc-nosuite,0.3333333333333333,0.4375312633322125,0,0,0.27269229260030897,,0.28977644406747854,0.0
volcanoes-e5,rfc-nosuite,0.301047952177798,,0,0,,,0.33661479873548633,0.0
volcanoes-e5,rfc-nosuite,0.3600457920810214,0.2799084158379571,0,0,,,,0.0
volcanoes-e5,rfc-nosuite,0.1794001132496023,0.6411997735007955,0,0,,,,0.0
volcanoes-e5,rfc-nosuite,0.4164485970296239,,0,0,,,,0.0
volcanoes-e5,rfc-nosuite,0.33508245910672807,,0,0,,,,0.0
volcanoes-e5,rfc-nosuite,0.2645089285716026,,0,0,,,0.2098214281781649,0.0
volcanoes-e5,rfc-nosuite,0.3764781970392215,0.3764781970392215,0,0,0.24704360592155708,,0.4225794530941009,0.0
volcanoes-e5,rfc-nosuite,0.3469205595684247,,0,0,,,,0.0
volcanoes-e5,rfc-nosuite,0.2978589423279093,,0,0,,,0.28589420785107117,0.0
volcanoes-e5,rfc-nosuite,0.3333333333333333,0.5224119522996936,0,0,,,0.5224119522996936,0.0
volcanoes-e5,rfc-nosuite,0.4251849813331585,0.4251849813331585,0,0,,,,0.0
volcanoes-e5,rfc-nosuite,0.2577384712451209,,0,0,,,,0.0
volcanoes-e5,rfc-nosuite,0.180294041700078,,0,0,,,,0.0
volcanoes-e5,rfc-nosuite,0.36567164207501623,,0,0,0.2686567158499676,,,0.0
volcanoes-e5,rfc-nosuite,0.15553745958893475,0.6889250808221304,0,0,,,0.07390065170339437,0.0
volcanoes-e5,rfc-nosuite,0.2660796329055114,0.46784073418897726,0,0,,,,0.0
volcanoes-e5,rfc-nosuite,0.3271954675751257,,0,0,0.21246458967627793,,,0.0
volcanoes-e5,rfc-nosuite,0.2736886631838568,,0,0,,,0.059221658720478236,0.0
volcanoes-e5,rfc-nosuite,0.2592085616971021,,0,0,,,,0.0
volcanoes-e5,rfc-nosuite,0.41230036446797136,,0,0,,,,0.0
volcanoes-e5,rfc-nosuite,0.3723765434645018,,0,0,,,0.47932098613561863,0.0
volcanoes-e5,rfc-nosuite,0.4181673722233864,0.4586864398373563,0,0,,,0.4586864398373563,0.0
volcanoes-e5,rfc-nosuite,0.3123700624748111,,0,0,0.22834372958195248,,,0.0
volcanoes-e5,rfc-nosuite,0.4344618054090785,,0,0,,,0.3029513891572109,0.0
volcanoes-e5,rfc-nosuite,0.3333333333333333,0.3660105982203983,0,0,0.3333333333333333,,0.31734616618019806,0.0
volcanoes-e5,rfc-nosuite,0.28837555909483226,,0,0,,,,0.0
volcanoes-e5,rfc-nosuite,0.4000670684610957,,0,0,,,,0.0
volcanoes-e5,rfc-nosuite,0.3333333333333333,0.3228252875442969,0,0,0.3385873562278515,,0.3519157839791069,0.0
volcanoes-e5,rfc-nosuite,0.3333333333333333,0.33666560385414324,0,0,0.3333333333333333,,0.35245738418762973,
volcanoes-e5,rfc-nosuite,0.3333333333333333,0.27127415994091875,0,0,0.2458092884404237,,0.25854172419067123,0.0
volcanoes-e5,rfc-nosuite,0.44652803562311283,0.25046416595588267,0,0,,,0.39398440315799094,0.0
volcanoes-e5,rfc-nosuite,0.40470723343335957,,0,0,,,0.22273249172444,0.0
volcanoes-e5,rfc-nosuite,0.3195349845681993,,0,0,0.3609300308636013,,,0.0
volcanoes-e5,rfc-nosuite,0.28552631645096105,,0,0,,,0.1131578952133065,0.0
volcanoes-e5,rfc-nosuite,0.29732945588453347,0.405341088230933,0,0,,,0.2916446326356611,0.0
volcanoes-e5,rfc-nosuite,0.4305283757148629,,0,0,0.3157208084869811,,0.3157208084869811,0.0
volcanoes-e5,rfc-nosuite,0.4315673290952635,,0,0,,,,0.0
wine-quality-red,rfc-nosuite,0.10299796277484506,0.13595643296254803,0,0,0.08999342421868455,,0.10051617606864693,0.0
wine-quality-red,rfc-nosuite,0.16481951855905652,0.16322164311157603,0,0,0.20049480066709746,,0.14031018431924208,0.0
wine-quality-red,rfc-nosuite,0.06954055207356612,0.07307969962462836,0,0,0.1678890542630811,,0.09782532600329809,0.0
wine-quality-red,rfc-nosuite,0.11532018563342816,0.1366097513602934,0,0,0.10636919943000263,,0.12537784255015388,0.0
wine-quality-red,rfc-nosuite,0.13841653558159409,0.1716321009723973,0,0,0.18034023794721432,,0.13738466158345067,0.0
wine-quality-red,rfc-nosuite,0.13573619853093682,0.14181518999376846,0,0,0.1773921733448858,,0.14050564248480096,0.0
wine-quality-red,rfc-nosuite,0.10074757531348967,0.1154369111034117,0,0,0.1021482090733496,,0.10431538952525612,0.0
wine-quality-red,rfc-nosuite,0.12190424903774318,0.1968852570401186,0,0,0.12815163126538387,,0.12420362771200834,0.0
wine-quality-red,rfc-nosuite,0.09820418124619479,0.11839287882020459,0,0,0.09481123870623534,,0.09509180441504667,0.0
wine-quality-red,rfc-nosuite,0.09499674366638562,0.07775296405167205,0,0,0.0869323017469305,,0.12937585338912977,0.0
wine-quality-red,rfc-nosuite,0.08693573162981269,0.09355701048247933,0,0,0.1511200679919515,,0.1297298735024664,0.0
wine-quality-red,rfc-nosuite,0.11050152265105924,0.11973579062747192,0,0,0.07763145105617814,,0.09859177495182225,0.0
wine-quality-red,rfc-nosuite,0.09086826714122778,0.075343136097046,0,0,0.07923630151247858,,0.10193137727016498,0.0
wine-quality-red,rfc-nosuite,0.11485045388135748,0.15085248403914553,0,0,0.16115379896399032,,0.14944554610166483,0.0
wine-quality-red,rfc-nosuite,0.1094606986753494,0.12074813943265926,0,0,0.14163043850644433,,0.08039788396923304,0.0
wine-quality-red,rfc-nosuite,0.11793407399435323,0.1541830489649959,0,0,0.09802487420718858,,0.11405030625737646,0.0
wine-quality-red,rfc-nosuite,0.11591734739175863,0.11333253076968056,0,0,0.12281520075867959,,0.10649121645740595,0.0
wine-quality-red,rfc-nosuite,0.11200761252532486,0.132963124322724,0,0,0.07389937705108743,,0.12645668004633603,0.0
wine-quality-red,rfc-nosuite,0.09835685615647033,0.14221111993941998,0,0,0.16520370784685942,,0.2038250593166741,0.0
wine-quality-red,rfc-nosuite,0.08118870652074027,0.0875563998132088,0,0,0.11496696566163335,,0.09878250935719701,0.0
wine-quality-red,rfc-nosuite,0.1310535769580397,0.5670122102955878,0,0,0.30821533956479485,,0.3269832079630361,0.0
wine-quality-red,rfc-nosuite,0.12871543966041668,0.12194776165257205,0,0,0.08239472946543908,,0.07062405382751921,0.0
wine-quality-red,rfc-nosuite,0.09771911425423489,0.3026823622312978,0,0,0.17362927225710356,,0.15054582022658586,0.0
wine-quality-red,rfc-nosuite,0.11479617111648104,0.113302434511773,0,0,0.13446293358102088,,0.11763143946742377,0.0
wine-quality-red,rfc-nosuite,0.09341612909825849,0.09064032828648652,0,0,0.22212090149609906,,0.10820872930943125,0.0
wine-quality-red,rfc-nosuite,0.11281407598958536,0.09758335030123298,0,0,0.08291363143235402,,0.08911610085402293,0.0
wine-quality-red,rfc-nosuite,0.08592755803844902,0.1383696055436372,0,0,0.10988465206116281,,0.09945314457461743,0.0
wine-quality-red,rfc-nosuite,0.0917569012159816,0.09731221089992703,0,0,0.06947782903713226,,0.14227881229174005,0.0
wine-quality-red,rfc-nosuite,0.21500885625001673,0.16593582904121987,0,0,0.2958576799768602,,0.2958576799768602,0.0
wine-quality-red,rfc-nosuite,0.15927303146153854,0.11791458439401846,0,0,0.15935810651610535,,0.166644575144342,0.0
wine-quality-red,rfc-nosuite,0.0912964767310539,0.14495369739781397,0,0,0.08431679655062523,,0.12622516163587907,0.0
wine-quality-red,rfc-nosuite,0.09612770113473526,0.09199946717207923,0,0,0.07258073761878985,,0.12015962641841907,0.0
wine-quality-red,rfc-nosuite,0.13750724166662784,0.13951619024499873,0,0,0.08314637246839449,,0.10189749223688263,0.0
wine-quality-red,rfc-nosuite,0.1110247417048689,0.14882508429562852,0,0,0.1270077679890141,,0.10988976129213301,0.0
wine-quality-red,rfc-nosuite,0.12084287655138246,0.16705929189779484,0,0,0.09628029977087406,,0.11642332731071375,0.0
wine-quality-red,rfc-nosuite,0.1392775274894767,0.1829975659785225,0,0,0.06591981373542036,,0.09333694071198653,0.0
wine-quality-red,rfc-nosuite,0.11109646353989618,0.3886381456997281,0,0,0.21032762786198217,,0.11212568835208395,0.0
wine-quality-red,rfc-nosuite,0.08061543240571119,0.10057183584470772,0,0,0.10209030177303602,,0.10129310273239359,0.0
wine-quality-red,rfc-nosuite,0.11298874559232998,0.16017801025858933,0,0,0.166569456210465,,0.15570450609229972,0.0
wine-quality-red,rfc-nosuite,0.10814067872790746,0.1053298134942204,0,0,0.16572704262245638,,0.12746269392105844,0.0
wine-quality-red,rfc-nosuite,0.09011552518000812,0.08128593978186992,0,0,0.087511568316434,,0.09029197230871333,0.0
wine-quality-red,rfc-nosuite,0.10138523058266784,0.10802715416375845,0,0,0.1110179732384281,,0.14367509891159402,0.0
wine-quality-red,rfc-nosuite,0.0852208031795228,0.11444563653444459,0,0,0.12222189226011855,,0.12793710248654921,0.0
wine-quality-red,rfc-nosuite,0.11225009851545457,0.10010275537071521,0,0,0.10758783333814198,,0.11155170263644379,0.0
wine-quality-red,rfc-nosuite,0.11030419028705937,0.09217755823219242,0,0,0.21639045327499373,,0.19857776413078843,0.0
wine-quality-red,rfc-nosuite,0.15205159223151135,0.1282289231734384,0,0,0.1285594205883567,,0.12002352888998526,0.0
wine-quality-red,rfc-nosuite,0.12197449567062106,0.1999881535027213,0,0,0.19086246814514707,,0.16157952646357404,0.0
wine-quality-red,rfc-nosuite,0.10552569221441455,0.12880664620744997,0,0,0.0887653882623823,,0.11705139977161846,0.0
wine-quality-red,rfc-nosuite,0.13735559973922878,0.050037729312378564,0,0,0.11745081801157871,,0.10925245644671008,0.0
wine-quality-red,rfc-nosuite,0.10890105779376959,0.08424204463299627,0,0,0.17743252134635504,,0.1428412802721657,0.0
yeast,rfc-nosuite,0.1841273786147664,0.24354455771289898,0,0,0.1887869700492999,,0.1841273786147664,0.0
yeast,rfc-nosuite,0.16666666666666666,0.16683837671290455,0,0,0.16436830919858686,,0.19813337009129148,0.0
yeast,rfc-nosuite,0.16666666666666663,0.18923216688682756,0,0,0.23219235249385053,,0.23221195293352787,0.0
yeast,rfc-nosuite,0.25113701984908704,0.2554813297187017,0,0,0.2624704579961961,,0.25113701984908704,0.0
yeast,rfc-nosuite,0.16666666666666663,0.3071753675818229,0,0,0.18111111112753514,,0.23346395684554877,0.0
yeast,rfc-nosuite,0.16666666666666666,0.1479189294281899,0,0,0.15058470675809515,,0.16666666666666666,0.0
yeast,rfc-nosuite,0.16666666666666666,0.28309008908548755,0,0,0.207015735811407,,0.21106837195723416,0.0
yeast,rfc-nosuite,0.17804793518491144,0.13631156171115633,0,0,0.16666666666666666,,0.16666666666666666,0.0
yeast,rfc-nosuite,0.07239577004270212,0.18091189362847396,0,0,0.16666666666666666,,0.18091189362847396,0.0
yeast,rfc-nosuite,0.1369388686939062,0.22220855115800162,0,0,0.16521757737136872,,0.1491838622186598,0.0
yeast,rfc-nosuite,0.16666666666666666,0.30497506404985,0,0,0.20970099250461505,,0.21219834313972888,0.0
yeast,rfc-nosuite,0.16666666666666666,0.21013736478423606,0,0,0.19681649661285738,,0.18280499535248348,0.0
yeast,rfc-nosuite,0.1666666666666667,0.12603013744177907,0,0,0.1691192664146442,,0.17120753293701052,0.0
yeast,rfc-nosuite,0.1478697841417415,0.1906572316923928,0,0,0.16351721797382812,,0.1666666666666667,0.0
yeast,rfc-nosuite,0.2824964052210846,0.3496028780334618,0,0,0.2824964052210846,,0.2824964052210846,0.0
yeast,rfc-nosuite,0.1915312012013805,0.3042198941096078,0,0,0.1915312012013805,,0.19531258094300089,0.0
yeast,rfc-nosuite,0.17266280138515416,0.17686093069258263,0,0,0.16244662342541732,,0.1938242387546759,0.0
yeast,rfc-nosuite,0.1837268572393566,0.19633274360833475,0,0,0.21978940992169957,,0.22965857154919575,0.0
yeast,rfc-nosuite,0.2202787250956461,0.26242614438676787,0,0,0.26242614438676787,,0.26242614438676787,0.0
yeast,rfc-nosuite,0.1274964702819832,0.15959275769273587,0,0,0.18887212436415463,,0.1697281358597803,0.0
yeast,rfc-nosuite,0.16666666666666666,0.24302676659458589,0,0,0.2293917647707824,,0.3008858895415992,0.0
yeast,rfc-nosuite,0.16666666666666666,0.19007832033307007,0,0,0.18089084876433853,,0.20184824338760374,0.0
yeast,rfc-nosuite,0.16666666666666666,0.23590113405281066,0,0,0.20702364672512108,,0.19466755459759247,0.0
yeast,rfc-nosuite,0.14289607078834482,0.16666666666666666,0,0,0.16652105834172853,,0.16302832515985616,0.0
yeast,rfc-nosuite,0.16111828931773758,0.25578593421203977,0,0,0.22363343329473262,,0.201397861647172,0.0
yeast,rfc-nosuite,0.1742261025757798,0.1590653329361569,0,0,0.1811070064241764,,0.1588429874476019,0.0
yeast,rfc-nosuite,0.1671294324819388,0.15159000077535356,0,0,0.15414256813834404,,0.15414256813834404,0.0
yeast,rfc-nosuite,0.17378184953299997,0.18025139728275988,0,0,0.20409370802666635,,0.18025139728275988,0.0
yeast,rfc-nosuite,0.17819692122773836,0.20340836435722212,0,0,0.17819692122773836,,0.16666666666666666,0.0
yeast,rfc-nosuite,0.12677947636857237,0.15213537164228685,0,0,0.18624547547499257,,0.16611425210356306,0.0
yeast,rfc-nosuite,0.13780336518068573,0.11994068374123948,0,0,0.14588470181303254,,0.17489648773653133,0.0
yeast,rfc-nosuite,0.19328113067045768,0.2866857608860151,0,0,0.21238843479239047,,0.17569540405134454,0.0
yeast,rfc-nosuite,0.1023806037889527,0.18888719839053644,0,0,0.15408509982917587,,0.18888719839053644,0.0
yeast,rfc-nosuite,0.16666666666666666,0.19991856008142558,0,0,0.16666666666666666,,0.16666666666666666,0.0
yeast,rfc-nosuite,0.15952530505261658,0.12707919205649662,0,0,0.12707919205649662,,0.12707919205649662,0.0
yeast,rfc-nosuite,0.16666666666666666,0.172431044392083,0,0,0.19914796149562636,,0.172431044392083,0.0
yeast,rfc-nosuite,0.17448794398047382,0.2522338716772598,0,0,0.19328372491881976,,0.16666666666666666,0.0
yeast,rfc-nosuite,0.2225949443017974,0.23470539688289044,0,0,0.2225949443017974,,0.27890259439218906,0.0
yeast,rfc-nosuite,0.18219534557081749,0.21946487251984395,0,0,0.1714779894735489,,0.1714779894735489,0.0
yeast,rfc-nosuite,0.1650134539420439,0.17361673799988242,0,0,0.18243270711093026,,0.17444369382905234,0.0
yeast,rfc-nosuite,0.16666666666666666,0.1494710680644157,0,0,0.24257322706290718,,0.24257322706290718,0.0
yeast,rfc-nosuite,0.1297833773108606,0.18824526379431328,0,0,0.19246804989402266,,0.19246804989402266,0.0
yeast,rfc-nosuite,0.12199082516386045,0.175250551990859,0,0,0.2277587270293734,,0.17646029336557792,0.0
yeast,rfc-nosuite,0.16666666666666666,0.34986445722224413,0,0,0.22029125422703488,,0.15328616731295802,0.0
yeast,rfc-nosuite,0.1757281111834487,0.21870060099237815,0,0,0.1885139821932163,,0.24215975017784655,0.0
yeast,rfc-nosuite,0.1666666666666667,0.2371194117142654,0,0,0.18835397058835787,,0.18835397058835787,0.0
yeast,rfc-nosuite,0.16999805300132698,0.17285915437515093,0,0,0.1889497370857558,,0.1853245736017248,0.0
yeast,rfc-nosuite,0.14431106704534882,0.16290996563904295,0,0,0.17662769712480084,,0.17662769712480084,0.0
yeast,rfc-nosuite,0.16666666666666666,0.2136191930567387,0,0,0.23174089469219664,,0.17365564694539812,0.0
yeast,rfc-nosuite,0.16666666666666666,0.18845987577804924,0,0,0.21088572608813105,,0.17702795906935176,0.0
rmftsa,rfc-nosuite,0.5,0.7758198948005295,0,0,0.7758198948005295,0.5,0.7758198948005295,0.0
rmftsa,rfc-nosuite,0.5,0.5,0,0,0.5,0.5,0.5,0.0
rmftsa,rfc-nosuite,0.5,0.4526699115258531,0,0,0.5,0.5,0.5,0.0
rmftsa,rfc-nosuite,0.49999999999999994,0.8663563761193898,0,0,0.8663563761193898,0.49999999999999994,0.49999999999999994,0.0
rmftsa,rfc-nosuite,0.5,0.5068790136567487,0,0,0.5068790136567487,0.4931209863432513,0.5068790136567487,0.0
rmftsa,rfc-nosuite,0.5,0.5,0,0,0.5,0.5,0.5,0.0
rmftsa,rfc-nosuite,0.5,0.5,0,0,0.5,0.4520486971353319,0.5,0.0
rmftsa,rfc-nosuite,0.49999999999999994,0.9101395568787315,0,0,0.49999999999999994,0.08986044312126844,0.49999999999999994,0.0
rmftsa,rfc-nosuite,0.5,0.5,0,0,0.6651111057691421,0.5,0.5,0.0
rmftsa,rfc-nosuite,0.5,0.8863095991468205,0,0,0.8863095991468205,0.1136904008531795,0.8863095991468205,0.0
rmftsa,rfc-nosuite,0.49999999999999994,0.8582793266539718,0,0,0.8582793266539718,0.49999999999999994,0.49999999999999994,0.0
rmftsa,rfc-nosuite,0.5,0.5722533153641921,0,0,0.5722533153641921,0.5,0.5722533153641921,0.0
rmftsa,rfc-nosuite,0.500012226956289,0.5,0,0,0.5,0.500012226956289,0.5,0.0
rmftsa,rfc-nosuite,0.49999999999999994,0.49999999999999994,0,0,0.49999999999999994,0.49999999999999994,0.510003270950902,0.0
rmftsa,rfc-nosuite,0.5,0.8738549674157187,0,0,0.8738549674157187,0.5,0.12614503258428145,0.0
rmftsa,rfc-nosuite,0.6831380755287505,0.5,0,0,0.5,0.5,0.6831380755287505,0.0
rmftsa,rfc-nosuite,0.5,0.5,0,0,0.5,0.5,0.5019950232808401,0.0
rmftsa,rfc-nosuite,0.5,0.8863095991468205,0,0,0.8863095991468205,0.1136904008531795,0.5,0.0
rmftsa,rfc-nosuite,0.5,0.5,0,0,0.5,0.5,0.5,0.0
rmftsa,rfc-nosuite,0.5,0.4738304619093737,0,0,0.4738304619093737,0.5,0.5,0.0
rmftsa,rfc-nosuite,0.5,0.7947873420343822,0,0,0.7947873420343822,0.5,0.20521265796561783,0.0
rmftsa,rfc-nosuite,0.5,0.5,0,0,0.47620541538124933,0.5237945846187507,0.5,0.0
rmftsa,rfc-nosuite,0.5,0.5,0,0,0.5,0.4288701130755616,0.5711298869244383,0.0
rmftsa,rfc-nosuite,0.5,0.518673190568725,0,0,0.518673190568725,0.5,0.518673190568725,0.0
rmftsa,rfc-nosuite,0.5,0.8260705437326745,0,0,0.8260705437326745,0.8260705437326745,0.8260705437326745,0.0
rmftsa,rfc-nosuite,0.49999999999999994,0.49999999999999994,0,0,0.5382865747427525,0.49999999999999994,0.46171342525724735,0.0
rmftsa,rfc-nosuite,0.5,0.37666861006952357,0,0,0.5,0.5,0.5,0.0
rmftsa,rfc-nosuite,0.5,0.5,0,0,0.5,0.5,0.1941891930546649,0.0
rmftsa,rfc-nosuite,0.5,0.4755632924164824,0,0,0.5,0.4755632924164824,0.4755632924164824,0.0
rmftsa,rfc-nosuite,0.5,0.5324946832631087,0,0,0.5,0.5324946832631087,0.5324946832631087,0.0
rmftsa,rfc-nosuite,0.5,0.5,0,0,0.1300861176925215,0.5,0.5,0.0
rmftsa,rfc-nosuite,0.3820607177895183,0.5,0,0,0.5,0.3820607177895183,0.3820607177895183,0.0
rmftsa,rfc-nosuite,0.49999999999999994,0.49999999999999994,0,0,0.49999999999999994,0.49999999999999994,0.510003270950902,0.0
rmftsa,rfc-nosuite,0.5,0.5,0,0,0.5,0.7909770329084322,0.5,0.0
rmftsa,rfc-nosuite,0.5,0.578524572363208,0,0,0.578524572363208,0.5,0.5,0.0
rmftsa,rfc-nosuite,0.5,0.5,0,0,0.5,0.5,0.5,0.0
rmftsa,rfc-nosuite,0.5,0.8038691610756028,0,0,0.5,0.5,0.5,0.0
rmftsa,rfc-nosuite,0.5,0.7608148775982975,0,0,0.5,0.5,0.5,0.0
rmftsa,rfc-nosuite,0.5,0.5,0,0,0.2558755848496689,0.2558755848496689,0.2558755848496689,0.0
rmftsa,rfc-nosuite,0.7203958364848148,0.2796041635151853,0,0,0.7203958364848148,0.2796041635151853,0.5,0.0
rmftsa,rfc-nosuite,0.5,0.6684856158886234,0,0,0.5,0.6684856158886234,0.5,0.0
rmftsa,rfc-nosuite,0.49999999999999994,0.49999999999999994,0,0,0.49999999999999994,0.5097221984993602,0.5097221984993602,0.0
rmftsa,rfc-nosuite,0.5,0.7070590895601369,0,0,0.5,0.2929409104398631,0.5,0.0
rmftsa,rfc-nosuite,0.5,0.8053165657527416,0,0,0.8053165657527416,0.5,0.8053165657527416,0.0
rmftsa,rfc-nosuite,0.5,0.8031824667312765,0,0,0.5,0.5,0.19681753326872353,0.0
rmftsa,rfc-nosuite,0.5,0.8863095991468205,0,0,0.8863095991468205,0.8863095991468205,0.8863095991468205,0.0
rmftsa,rfc-nosuite,0.5,0.7070590895601369,0,0,0.5,0.2929409104398631,0.5,0.0
rmftsa,rfc-nosuite,0.49999999999999994,0.49999999999999994,0,0,0.49999999999999994,0.49999999999999994,0.49999999999999994,0.0
rmftsa,rfc-nosuite,0.5,0.5,0,0,0.5,0.5,0.5,0.0
rmftsa,rfc-nosuite,0.5,0.5010150579399376,0,0,0.5010150579399376,0.5,0.5010150579399376,0.0
banknote-authentication,rfc-nosuite,0.32668711737414097,,0,0,0.32668711737414097,0.6211656415458728,0.32668711737414097,0.0
banknote-authentication,rfc-nosuite,0.10606060593690618,,0,0,0.5324675325499991,0.5324675325499991,0.10606060593690618,0.0
banknote-authentication,rfc-nosuite,0.2587567829627507,,0,0,0.2587567829627507,0.0037000486861221856,0.2587567829627507,0.0
banknote-authentication,rfc-nosuite,0.28022496933952984,0.5426326610702672,0,0,0.28022496933952984,0.3848531676077497,0.28022496933952984,0.0
banknote-authentication,rfc-nosuite,0.28098290556541505,0.7182400909351425,0,0,0.4137529128340306,0.28098290556541505,0.4137529128340306,0.0
banknote-authentication,rfc-nosuite,0.47075817888902016,0.47075817888902016,0,0,0.47075817888902016,0.47075817888902016,0.47075817888902016,0.0
banknote-authentication,rfc-nosuite,0.3043081408604955,0.628696602764787,0,0,0.3043081408604955,0.425794085358727,0.3043081408604955,0.0
banknote-authentication,rfc-nosuite,0.30606060566036813,,0,0,0.2545454549649345,0.3530303028725169,0.30606060566036813,0.0
banknote-authentication,rfc-nosuite,0.325606060669478,0.7213636368157654,0,0,0.4484090909985021,0.37227272740366557,0.325606060669478,0.0
banknote-authentication,rfc-nosuite,0.06638588258441402,,0,0,0.06638588258441402,0.25972723551748406,0.2695547551519889,0.0
banknote-authentication,rfc-nosuite,0.32703781562871254,0.5611822407785333,0,0,0.4387062873926183,0.32703781562871254,0.4387062873926183,0.0
banknote-authentication,rfc-nosuite,0.6962209319978828,,0,0,0.37572674486669183,0.314922480754833,0.43968023282973356,0.0
banknote-authentication,rfc-nosuite,0.16716269569758513,,0,0,0.22315917065548954,0.254960316081089,0.16716269569758513,0.0
banknote-authentication,rfc-nosuite,0.2171052631333109,,0,0,0.2171052631333109,0.33725761565802354,0.297783933049343,0.0
banknote-authentication,rfc-nosuite,0.3326797384733217,,0,0,0.496732025730377,0.3326797384733217,0.496732025730377,0.0
banknote-authentication,rfc-nosuite,0.30253623185076656,0.6035079045927325,0,0,0.3787055333651412,0.34794960452021634,0.3787055333651412,0.0
banknote-authentication,rfc-nosuite,0.2598382010367225,0.5008227063473695,0,0,0.32723159180147565,0.31293706292729284,0.32723159180147565,0.0
banknote-authentication,rfc-nosuite,0.32938995095573936,0.7440457532340836,0,0,0.32938995095573936,0.32938995095573936,0.32938995095573936,0.0
banknote-authentication,rfc-nosuite,0.3154093091118899,,0,0,0.25321027089367604,0.25321027089367604,0.3154093091118899,0.0
banknote-authentication,rfc-nosuite,0.2588201278649322,,0,0,0.22353961640520337,0.2345286306385334,0.2345286306385334,0.0
banknote-authentication,rfc-nosuite,0.42814171106467924,0.4568850268845819,0,0,0.42814171106467924,0.28676470576294344,0.42814171106467924,0.0
banknote-authentication,rfc-nosuite,0.3192398913917275,0.3896243587124763,0,0,0.3192398913917275,0.4071653149567496,0.3192398913917275,0.0
banknote-authentication,rfc-nosuite,0.24976258221468228,,0,0,0.25071225335595326,0.29914529718675953,0.27492877586835807,0.0
banknote-authentication,rfc-nosuite,0.31284916332352974,,0,0,0.31284916332352974,0.39106145265857284,0.31036623244420386,0.0
banknote-authentication,rfc-nosuite,0.3219961568147866,0.39725330534814257,0,0,0.45430654411207627,0.3219961568147866,0.45430654411207627,0.0
banknote-authentication,rfc-nosuite,0.45737547947800267,,0,0,0.01580459773090116,0.4556992340390739,0.2365900386044519,0.0
banknote-authentication,rfc-nosuite,0.3167877322066253,,0,0,0.4636803873973253,0.3167877322066253,0.4636803873973253,0.0
banknote-authentication,rfc-nosuite,0.06446991451265373,,0,0,0.2757879655248642,0.2757879655248642,0.2757879655248642,0.0
banknote-authentication,rfc-nosuite,0.48318458531852726,0.9588628167447223,0,0,0.9588628167447223,0.48318458531852726,0.9588628167447223,0.0
banknote-authentication,rfc-nosuite,0.25469992798324737,,0,0,0.2827187275585544,0.2827187275585544,0.2827187275585544,0.0
banknote-authentication,rfc-nosuite,0.3186511790815902,,0,0,0.3186511790815902,0.23910938734009818,0.3814133595185211,0.0
banknote-authentication,rfc-nosuite,0.24630242931936053,,0,0,0.29370861099604095,0.49453642479133453,0.29370861099604095,0.0
banknote-authentication,rfc-nosuite,0.33148122976653355,0.1042445456716883,0,0,0.3395126758246648,0.44509957181395615,0.6734690409489302,0.0
banknote-authentication,rfc-nosuite,0.0,,0,0,0.2648026314134243,0.0,0.2648026314134243,0.0
banknote-authentication,rfc-nosuite,0.2601366239929832,0.5922212417554307,0,0,0.25,0.5922212417554307,0.2601366239929832,0.0
banknote-authentication,rfc-nosuite,0.0,,0,0,0.26027397252245704,0.26027397252245704,0.0,0.0
banknote-authentication,rfc-nosuite,0.2666666675697673,,0,0,0.3242424245563928,0.3242424245563928,0.3242424245563928,0.0
banknote-authentication,rfc-nosuite,0.5376266304314226,,0,0,0.5376266304314226,0.3039073819253474,0.3039073819253474,0.0
banknote-authentication,rfc-nosuite,0.2143179769979058,,0,0,0.3079268292040888,0.4254742541046447,0.3079268292040888,0.0
banknote-authentication,rfc-nosuite,0.0,,0,0,0.0032467531642866657,0.15584415596785572,0.0032467531642866657,0.0
banknote-authentication,rfc-nosuite,0.03846154037309187,,0,0,0.37500000032054925,0.07342657432833818,0.07342657432833818,0.0
banknote-authentication,rfc-nosuite,0.41610367252380226,0.41610367252380226,0,0,0.41610367252380226,0.41610367252380226,0.41610367252380226,0.0
banknote-authentication,rfc-nosuite,0.1247954739218576,0.35935369408330636,0,0,0.4200299967883633,0.32161848916619473,0.4200299967883633,0.0
banknote-authentication,rfc-nosuite,0.32152985364212006,0.4245420403560566,0,0,0.4245420403560566,0.4245420403560566,0.77182494078708,0.0
banknote-authentication,rfc-nosuite,0.28597883595831636,,0,0,0.37208994648054966,0.28597883595831636,0.28597883595831636,0.0
banknote-authentication,rfc-nosuite,0.3297424467456542,0.8889301634808703,0,0,0.8889301634808703,0.3297424467456542,0.3297424467456542,0.0
banknote-authentication,rfc-nosuite,0.0,,0,0,0.2800000012945384,0.2800000012945384,0.2800000012945384,0.0
banknote-authentication,rfc-nosuite,0.32324921427542846,0.3397689261113579,0,0,0.32324921427542846,0.4876862257260444,0.32324921427542846,0.0
banknote-authentication,rfc-nosuite,0.0031659883833420385,,0,0,0.0031659883833420385,0.2375621888178281,0.0031659883833420385,0.0
banknote-authentication,rfc-nosuite,0.32817517924395045,0.4440081826535619,0,0,0.31146891924270015,0.30116360919175744,0.5264286660606727,0.0
volcanoes-a2,rfc-nosuite,0.2561869837333112,0.36571952308755973,0,0,0.37809349317912905,0.31714023845622014,0.31714023845622014,0.0
volcanoes-a2,rfc-nosuite,0.2775416789975736,0.3725073550238681,0,0,0.25498528995226377,0.36122916050121323,,0.0
volcanoes-a2,rfc-nosuite,0.16666666666666666,,0,0,,0.3333333333333333,0.0,0.0
volcanoes-a2,rfc-nosuite,0.45008183307003635,,0,0,0.875613747758527,0.024549918381545705,,0.0
volcanoes-a2,rfc-nosuite,0.4610110798305902,0.4610110798305902,0,0,0.14480609424132315,0.4610110798305902,,0.0
volcanoes-a2,rfc-nosuite,0.2698412698412698,,0,0,,0.0,,0.0
volcanoes-a2,rfc-nosuite,0.41413474219198887,,0,0,0.7661822977869358,0.062087186597041905,0.062087186597041905,0.0
volcanoes-a2,rfc-nosuite,0.24901185776520923,,0,0,0.24901185776520923,0.14723320164595646,,0.0
volcanoes-a2,rfc-nosuite,0.4627236584999994,,0,0,0.07455268300000108,0.4627236584999994,0.8011928422320076,0.0
volcanoes-a2,rfc-nosuite,0.3690296632351487,,0,0,0.577174459630335,0.577174459630335,,0.0
volcanoes-a2,rfc-nosuite,0.3052747006782329,0.40396624763968647,0,0,0.38945059864353404,0.3052747006782329,0.38945059864353404,0.0
volcanoes-a2,rfc-nosuite,0.35370950872134216,,0,0,0.1828631139979642,0.5245559034447201,,0.0
volcanoes-a2,rfc-nosuite,0.26375938373098806,0.43566202824020367,0,0,0.43566202824020367,0.3988428239423835,0.43566202824020367,0.0
volcanoes-a2,rfc-nosuite,0.3419354842009179,0.3419354842009179,0,0,0.3419354842009179,0.3012288789814388,0.3419354842009179,0.0
volcanoes-a2,rfc-nosuite,0.36926605504587157,,0,0,0.26146788990825687,0.001965923984272608,,0.0
volcanoes-a2,rfc-nosuite,0.3445229684948452,,0,0,0.23674911588912667,0.4522968211005637,0.4522968211005637,0.0
volcanoes-a2,rfc-nosuite,0.4276629566618669,,0,0,0.4141494436630758,0.4276629566618669,0.17170111267384838,0.0
volcanoes-a2,rfc-nosuite,0.4520298007582357,,0,0,0.23399726321973027,0.23399726321973027,0.23399726321973027,0.0
volcanoes-a2,rfc-nosuite,0.4159388646708887,,0,0,0.4126637544571052,0.4126637544571052,0.4126637544571052,0.0
volcanoes-a2,rfc-nosuite,0.3758278144483397,,0,0,,0.5380794697987069,,0.0
volcanoes-a2,rfc-nosuite,0.47594501674184353,,0,0,0.04810996651631293,0.17182130582451086,0.17182130582451086,0.0
volcanoes-a2,rfc-nosuite,0.24686595948963316,,0,0,,0.04982320852572502,0.04982320852572502,0.0
volcanoes-a2,rfc-nosuite,0.4070588235294118,,0,0,0.0023529411764705885,0.0023529411764705885,,0.0
volcanoes-a2,rfc-nosuite,0.36986715006140247,0.5301932372751272,0,0,0.2095410628476777,0.3333333333333333,,0.0
volcanoes-a2,rfc-nosuite,0.3329129895136882,,0,0,0.33417402097262355,0.2761664587821858,0.2761664587821858,0.0
volcanoes-a2,rfc-nosuite,0.1607142865606726,,0,0,,0.09523809666358898,0.09523809666358898,0.0
volcanoes-a2,rfc-nosuite,0.36718749999999994,,0,0,0.22656249999999997,0.22656249999999997,,0.0
volcanoes-a2,rfc-nosuite,0.3903628560801682,,0,0,,0.07023019899002975,0.07023019899002975,0.0
volcanoes-a2,rfc-nosuite,0.3421750663129974,,0,0,0.002652519893899204,0.002652519893899204,,0.0
volcanoes-a2,rfc-nosuite,0.3034188038168045,,0,0,0.34188034377084714,0.34188034377084714,0.34188034377084714,0.0
volcanoes-a2,rfc-nosuite,0.07758620707304344,,0,0,,0.025862069526138006,0.025862069526138006,0.0
volcanoes-a2,rfc-nosuite,0.22727272727272727,,0,0,0.5454545454545455,0.22727272727272727,0.0,0.0
volcanoes-a2,rfc-nosuite,0.26503436385705587,,0,0,,0.4576890024289675,,0.0
volcanoes-a2,rfc-nosuite,0.15500000000000003,,0,0,0.0,0.0,0.0,0.0
volcanoes-a2,rfc-nosuite,0.32766705760031134,,0,0,0.3446658847993774,0.4331770224572266,0.4331770224572266,0.0
volcanoes-a2,rfc-nosuite,0.28308823544517553,,0,0,0.30882352756885767,0.3455882362155711,,0.0
volcanoes-a2,rfc-nosuite,0.4648711946635193,,0,0,,0.159250585537047,0.159250585537047,0.0
volcanoes-a2,rfc-nosuite,0.39858310579689626,0.3333333333333333,0,0,0.3333333333333333,0.39858310579689626,0.3333333333333333,0.0
volcanoes-a2,rfc-nosuite,0.3137254901960784,,0,0,,0.0,0.0,0.0
volcanoes-a2,rfc-nosuite,0.2655607537894496,0.2655607537894496,0,0,0.2655607537894496,0.2655607537894496,0.2655607537894496,0.0
volcanoes-a2,rfc-nosuite,0.22142857142857145,,0,0,0.04285714285714285,0.04285714285714285,0.04285714285714285,0.0
volcanoes-a2,rfc-nosuite,0.25373563225660417,,0,0,0.014367816195541975,0.2534482758411668,,0.0
volcanoes-a2,rfc-nosuite,0.44351230485113746,,0,0,,0.34787471930727965,0.34787471930727965,0.0
volcanoes-a2,rfc-nosuite,0.35242641208167347,,0,0,0.19451074002655672,0.09387430421646051,0.09387430421646051,0.0
volcanoes-a2,rfc-nosuite,0.325,,0,0,,0.18750000000000003,0.024999999999999998,0.0
volcanoes-a2,rfc-nosuite,0.38916546731010404,0.3333333333333333,0,0,0.07574584178453428,0.38916546731010404,0.4621270791077329,
volcanoes-a2,rfc-nosuite,0.24074074074074076,,0,0,0.24074074074074076,0.11111111111111109,,0.0
volcanoes-a2,rfc-nosuite,0.17870370227864402,0.17870370227864402,0,0,,0.31682098744685305,,0.0
volcanoes-a2,rfc-nosuite,0.21948717959177416,,0,0,0.37641025675986056,0.21948717959177416,0.37641025675986056,0.0
volcanoes-a2,rfc-nosuite,0.3796106550417985,,0,0,,0.3980532787873322,0.3796106550417985,0.0
volcanoes-a3,rfc-nosuite,0.6148836853013284,0.3745388842975419,0,0,0.6148836853013284,0.4329029583531223,0.4329029583531223,0.0
volcanoes-a3,rfc-nosuite,0.3786356426602397,,0,0,,0.3405605495744716,,0.0
volcanoes-a3,rfc-nosuite,0.7914828835965305,0.43813185526099985,0,0,0.45760958653726536,0.3333333333333333,0.3333333333333333,0.0
volcanoes-a3,rfc-nosuite,0.15222772246243738,,0,0,,0.09158415753082946,0.09158415753082946,0.0
volcanoes-a3,rfc-nosuite,0.13803680983566824,,0,0,0.7239263803286636,0.024539877589800578,,0.0
volcanoes-a3,rfc-nosuite,0.3064150939706876,,0,0,,0.3166037736682174,,0.0
volcanoes-a3,rfc-nosuite,0.30803571428849846,,0,0,0.3839285714230031,0.3203124992058162,,0.0
volcanoes-a3,rfc-nosuite,0.4189189188244336,,0,0,,0.1541541543242977,0.14614614629746261,0.0
volcanoes-a3,rfc-nosuite,0.31420397174304415,,0,0,,0.39414338498961515,0.39414338498961515,0.0
volcanoes-a3,rfc-nosuite,0.33268765150584145,,0,0,,0.4213075067340331,,0.0
volcanoes-a3,rfc-nosuite,0.19262295162567852,,0,0,0.053278689049022276,0.053278689049022276,0.053278689049022276,0.0
volcanoes-a3,rfc-nosuite,0.3971840207355105,0.5361820553845073,0,0,0.5361820553845073,0.5361820553845073,0.5361820553845073,0.0
volcanoes-a3,rfc-nosuite,0.33001371622752695,,0,0,,0.33001371622752695,0.43365734297777403,0.0
volcanoes-a3,rfc-nosuite,0.6445058663779517,0.40304044197884176,0,0,0.40304044197884176,0.3333333333333333,0.40304044197884176,
volcanoes-a3,rfc-nosuite,0.29823316966412183,0.435517152873902,0,0,0.435517152873902,0.435517152873902,,0.0
volcanoes-a3,rfc-nosuite,0.35631370341539526,,0,0,0.2120611554096973,0.2120611554096973,0.2120611554096973,0.0
volcanoes-a3,rfc-nosuite,0.39688888880682216,0.4888888887288394,0,0,0.4888888887288394,0.4888888887288394,0.4888888887288394,0.0
volcanoes-a3,rfc-nosuite,0.2820512820130127,,0,0,,0.07692307653272969,0.07692307653272969,0.0
volcanoes-a3,rfc-nosuite,0.18683173893803223,,0,0,,0.07315700560283181,0.07315700560283181,0.0
volcanoes-a3,rfc-nosuite,0.47891601433225794,0.7298212824232847,0,0,,0.3859946268793844,0.7298212824232847,0.0
volcanoes-a3,rfc-nosuite,0.14414414463027095,,0,0,,0.11711711714829727,,0.0
volcanoes-a3,rfc-nosuite,0.32284382269552125,0.4428904425139756,0,0,0.4428904425139756,0.4428904425139756,0.4428904425139756,0.0
volcanoes-a3,rfc-nosuite,0.25525087525825896,,0,0,0.32847141159905296,0.32847141159905296,0.32847141159905296,0.0
volcanoes-a3,rfc-nosuite,0.21441009863314325,0.21441009863314325,0,0,0.21441009863314325,0.21038310645724403,0.3968219428593276,0.0
volcanoes-a3,rfc-nosuite,0.41406663180042713,,0,0,,0.12295081938737777,,0.0
volcanoes-a3,rfc-nosuite,0.4144645338027463,,0,0,,0.24408901269473499,0.24408901269473499,0.0
volcanoes-a3,rfc-nosuite,0.37638015972457883,0.43073721707266427,0,0,0.43073721707266427,0.43073721707266427,,0.0
volcanoes-a3,rfc-nosuite,0.2937559129424866,,0,0,,0.010406811751508652,0.010406811751508652,0.0
volcanoes-a3,rfc-nosuite,0.2173913043478261,,0,0,0.5652173913043478,0.0,,0.0
volcanoes-a3,rfc-nosuite,0.4444444444444445,,0,0,,0.002178649237472767,0.002178649237472767,0.0
volcanoes-a3,rfc-nosuite,0.4274809151973585,,0,0,0.1450381696052829,0.5190839690366467,0.5190839690366467,0.0
volcanoes-a3,rfc-nosuite,0.4002659573289735,,0,0,,0.029255319562470117,0.029255319562470117,0.0
volcanoes-a3,rfc-nosuite,0.22574646156055667,0.23762785282563842,0,0,0.23762785282563842,0.22574646156055667,0.22574646156055667,0.0
volcanoes-a3,rfc-nosuite,0.38616462373120275,,0,0,0.2959719796154262,0.2959719796154262,0.2959719796154262,0.0
volcanoes-a3,rfc-nosuite,0.2953488370053079,,0,0,0.40930232598938415,0.11162790667453025,0.11162790667453025,0.0
volcanoes-a3,rfc-nosuite,0.3365721570268928,0.3365721570268928,0,0,0.4646384205783101,0.4646384205783101,,0.0
volcanoes-a3,rfc-nosuite,0.34938892864917037,0.34938892864917037,0,0,,0.4708842551288612,0.34938892864917037,0.0
volcanoes-a3,rfc-nosuite,0.40481717946828666,,0,0,0.5101567035213849,0.2994776554151885,0.2994776554151885,0.0
volcanoes-a3,rfc-nosuite,0.4398507765333171,0.5703188868458623,0,0,0.5703188868458623,0.5703188868458623,,0.0
volcanoes-a3,rfc-nosuite,0.2829071973138189,,0,0,0.10606060681876887,0.10606060681876887,0.10606060681876887,0.0
volcanoes-a3,rfc-nosuite,0.4184636118018594,,0,0,,0.013477089008161493,0.013477089008161493,0.0
volcanoes-a3,rfc-nosuite,0.3775279883441413,0.3333333333333333,0,0,0.3333333333333333,0.3333333333333333,0.3333333333333333,0.0
volcanoes-a3,rfc-nosuite,0.14642857189898434,,0,0,,0.07142857183246133,0.07142857183246133,0.0
volcanoes-a3,rfc-nosuite,0.1857142861419339,,0,0,1.9956912626501134e-09,0.3142857148559118,1.9956912626501134e-09,0.0
volcanoes-a3,rfc-nosuite,0.3244058849766993,,0,0,0.16823840210379556,0.2597133160751985,0.16823840210379556,0.0
volcanoes-a3,rfc-nosuite,0.16992187504583,,0,0,,0.08593750006394885,0.08593750006394885,0.0
volcanoes-a3,rfc-nosuite,0.3942629484478922,,0,0,,0.2895617530358106,,0.0
volcanoes-a3,rfc-nosuite,0.4289693592526202,,0,0,0.2116991644201953,0.4289693592526202,,0.0
volcanoes-a3,rfc-nosuite,0.34200000010170045,,0,0,,0.0019999999536201344,,0.0
volcanoes-a3,rfc-nosuite,0.34646739108591434,,0,0,,0.14130434783227633,0.14130434783227633,0.0
volcanoes-a4,rfc-nosuite,0.0,,0,0,,0.0,,0.0
volcanoes-a4,rfc-nosuite,0.15441176447551896,,0,0,0.15808823497878416,0.15441176447551896,,0.0
volcanoes-a4,rfc-nosuite,0.3719034708409845,0.3719034708409845,0,0,0.3719034708409845,0.3333333333333333,0.3333333333333333,0.0
volcanoes-a4,rfc-nosuite,0.5559980081410206,,0,0,,0.5559980081410206,0.5559980081410206,0.0
volcanoes-a4,rfc-nosuite,0.03278688512303286,,0,0,,0.03278688512303286,,0.0
volcanoes-a4,rfc-nosuite,0.35867925852967536,0.43559681124987826,0,0,0.43559681124987826,0.35867925852967536,0.2826414829406493,
volcanoes-a4,rfc-nosuite,0.2267587938134201,,0,0,,0.2267587938134201,0.2267587938134201,0.0
volcanoes-a4,rfc-nosuite,0.40846893522497624,0.6279585791364609,0,0,0.6279585791364609,0.4055103543432542,0.6279585791364609,0.0
volcanoes-a4,rfc-nosuite,0.727045074344615,,0,0,,0.727045074344615,0.727045074344615,0.0
volcanoes-a4,rfc-nosuite,0.5575589473256235,,0,0,,0.5575589473256235,0.5575589473256235,0.0
volcanoes-a4,rfc-nosuite,0.22775800600902926,,0,0,,0.22775800600902926,0.22775800600902926,0.0
volcanoes-a4,rfc-nosuite,0.021914648936932523,,0,0,0.3194925028399255,0.3194925028399255,0.021914648936932523,0.0
volcanoes-a4,rfc-nosuite,0.08489208621843038,,0,0,,,0.08489208621843038,0.0
volcanoes-a4,rfc-nosuite,0.06481481481481483,,0,0,,0.06481481481481483,0.06481481481481483,0.0
volcanoes-a4,rfc-nosuite,0.3073593073671614,,0,0,0.2943722942328866,0.3073593073671614,,0.0
volcanoes-a4,rfc-nosuite,0.341772151779353,,0,0,0.286919832224068,0.341772151779353,0.341772151779353,0.0
volcanoes-a4,rfc-nosuite,0.0,,0,0,,0.0,0.0,0.0
volcanoes-a4,rfc-nosuite,0.21176470588235294,,0,0,0.611764705882353,0.21176470588235294,0.21176470588235294,0.0
volcanoes-a4,rfc-nosuite,0.2307692319773643,,0,0,,0.2307692319773643,0.2307692319773643,0.0
volcanoes-a4,rfc-nosuite,0.09230769182384542,,0,0,,0.09230769182384542,0.09230769182384542,0.0
volcanoes-a4,rfc-nosuite,0.3099476437265504,,0,0,,0.3099476437265504,0.3099476437265504,0.0
volcanoes-a4,rfc-nosuite,0.3395924601415174,0.3395924601415174,0,0,0.3395924601415174,0.4125835829665459,0.4125835829665459,0.0
volcanoes-a4,rfc-nosuite,0.014285714285714287,,0,0,,0.014285714285714287,0.014285714285714287,0.0
volcanoes-a4,rfc-nosuite,0.0625000000779567,,0,0,,0.0625000000779567,,0.0
volcanoes-a4,rfc-nosuite,0.42073170707448687,0.5470811658572974,0,0,0.5470811658572974,0.42073170707448687,0.5470811658572974,
volcanoes-a4,rfc-nosuite,0.47970926739346226,,0,0,0.3640218047730885,0.47970926739346226,0.47970926739346226,0.0
volcanoes-a4,rfc-nosuite,0.36874999999999997,,0,0,,0.36874999999999997,0.36874999999999997,0.0
volcanoes-a4,rfc-nosuite,0.4511433755867875,0.5721597091276575,0,0,0.33493647897704126,0.3333333333333333,0.33493647897704126,0.0
volcanoes-a4,rfc-nosuite,0.41799339112775163,,0,0,0.36287173320155247,0.4731150490539508,0.4731150490539508,0.0
volcanoes-a4,rfc-nosuite,0.6994125323778893,,0,0,,0.6994125323778893,,0.0
volcanoes-a4,rfc-nosuite,0.4425629178239764,,0,0,0.6217558002314634,0.26337003541648946,,0.0
volcanoes-a4,rfc-nosuite,0.2275280900983594,,0,0,,0.2275280900983594,0.2275280900983594,0.0
volcanoes-a4,rfc-nosuite,0.4034927988367428,0.4034927988367428,0,0,0.182916734792318,0.4034927988367428,,0.0
volcanoes-a4,rfc-nosuite,0.28324501661400703,0.29245521045147693,0,0,0.4335099667719858,0.28324501661400703,,0.0
volcanoes-a4,rfc-nosuite,0.38374456603830515,0.38374456603830515,0,0,0.3333333333333333,0.38374456603830515,0.4088407291344973,0.0
volcanoes-a4,rfc-nosuite,0.42736897759612746,0.30111169953508715,0,0,,0.42736897759612746,,0.0
volcanoes-a4,rfc-nosuite,0.34107142878330987,,0,0,,0.34107142878330987,0.34107142878330987,0.0
volcanoes-a4,rfc-nosuite,0.3072916667320366,,0,0,,0.4088541666226131,,0.0
volcanoes-a4,rfc-nosuite,0.23199655246592454,,0,0,0.24342388974722265,0.23199655246592454,0.23199655246592454,0.0
volcanoes-a4,rfc-nosuite,0.453676170980175,0.453676170980175,0,0,0.3333333333333333,0.3333333333333333,0.3333333333333333,0.0
volcanoes-a4,rfc-nosuite,0.26780626720359657,,0,0,,0.26780626720359657,0.26780626720359657,0.0
volcanoes-a4,rfc-nosuite,0.3750113457675311,0.3016247607018683,0,0,0.3016247607018683,0.3750113457675311,0.3016247607018683,
volcanoes-a4,rfc-nosuite,0.4255517567297652,0.4255517567297652,0,0,,0.4255517567297652,0.4255517567297652,0.0
volcanoes-a4,rfc-nosuite,0.4769607836922227,,0,0,,0.4769607836922227,0.4769607836922227,0.0
volcanoes-a4,rfc-nosuite,0.8032326049405499,,0,0,,0.8032326049405499,0.8032326049405499,0.0
volcanoes-a4,rfc-nosuite,0.2762589931900748,,0,0,0.3285371693468951,0.2762589931900748,,0.0
volcanoes-a4,rfc-nosuite,0.6721166590438583,0.25320371142585363,0,0,,0.6721166590438583,0.6721166590438583,0.0
volcanoes-a4,rfc-nosuite,0.1616349283507398,0.12378077139946855,0,0,,0.1616349283507398,,0.0
volcanoes-a4,rfc-nosuite,0.31068147047577155,,0,0,,0.3035987746358366,0.3035987746358366,0.0
volcanoes-a4,rfc-nosuite,0.049180328040925626,,0,0,0.27595628411129075,0.049180328040925626,0.049180328040925626,0.0
volcanoes-e1,rfc-nosuite,0.12393162429263135,,0,0,,0.12393162429263135,,0.0
volcanoes-e1,rfc-nosuite,0.3161367729431776,,0,0,,,0.3161367729431776,0.0
volcanoes-e1,rfc-nosuite,0.27372262546616916,,0,0,,,0.328467153567507,0.0
volcanoes-e1,rfc-nosuite,0.1687170468486677,,0,0,,0.1687170468486677,0.1687170468486677,0.0
volcanoes-e1,rfc-nosuite,0.3778371133761004,,0,0,,0.3778371133761004,,0.0
volcanoes-e1,rfc-nosuite,0.26762972119842304,0.44767484150133435,0,0,0.46474055760315397,0.44767484150133435,0.46474055760315397,0.0
volcanoes-e1,rfc-nosuite,0.3366214547715607,,0,0,,,,0.0
volcanoes-e1,rfc-nosuite,0.2905375392530674,,0,0,,,0.3203020891585019,0.0
volcanoes-e1,rfc-nosuite,0.48717948785047627,,0,0,,,,0.0
volcanoes-e1,rfc-nosuite,0.41746436915274043,0.615188257977059,0,0,0.615188257977059,0.615188257977059,,0.0
volcanoes-e1,rfc-nosuite,0.5954295393986682,,0,0,0.04782056729333841,0.5954295393986682,,0.0
volcanoes-e1,rfc-nosuite,0.42369534535955883,,0,0,0.1779971790063903,,0.1779971790063903,0.0
volcanoes-e1,rfc-nosuite,0.06253682975195628,,0,0,,,,0.0
volcanoes-e1,rfc-nosuite,0.3985545330374358,0.3985545330374358,0,0,0.3044678059398097,0.3333333333333333,0.20289093392512828,0.0
volcanoes-e1,rfc-nosuite,0.18279090541137905,0.18279090541137905,0,0,0.6344181891772418,0.3713776188417519,,0.0
volcanoes-e1,rfc-nosuite,0.2690508022297814,,0,0,0.13168449150043632,,,0.0
volcanoes-e1,rfc-nosuite,0.37630876623910486,,0,0,0.2814617121977577,0.43707657560448454,0.43707657560448454,0.0
volcanoes-e1,rfc-nosuite,0.2948179279560956,,0,0,,,,0.0
volcanoes-e1,rfc-nosuite,0.30088209949295036,0.3291738381905902,0,0,,0.30088209949295036,0.34165232361881964,0.0
volcanoes-e1,rfc-nosuite,0.1585365859623986,0.15344440381439026,0,0,0.15344440381439026,0.4181856159447965,,
volcanoes-e1,rfc-nosuite,0.31503482216479406,,0,0,,0.13232281898944753,0.13232281898944753,0.0
volcanoes-e1,rfc-nosuite,0.24101796453911004,,0,0,,0.24101796453911004,,0.0
volcanoes-e1,rfc-nosuite,0.41630901208111437,0.49871244497893,0,0,0.33390557918329866,0.41630901208111437,0.33390557918329866,0.0
volcanoes-e1,rfc-nosuite,0.44484536017343107,0.3333333333333333,0,0,0.4243205252174697,0.4243205252174697,0.15135894956506069,0.0
volcanoes-e1,rfc-nosuite,0.4045801522570702,0.5557251896095158,0,0,,,0.2221374051952421,0.0
volcanoes-e1,rfc-nosuite,0.610209734355072,,0,0,,0.194895132822464,,0.0
volcanoes-e1,rfc-nosuite,0.2826271186294699,,0,0,,0.02118644093832039,,0.0
volcanoes-e1,rfc-nosuite,0.27804107395173117,,0,0,0.44391785209653783,0.1216429696556039,,0.0
volcanoes-e1,rfc-nosuite,0.29152249128428387,0.4169550174314323,0,0,0.316608997053494,0.316608997053494,0.316608997053494,0.0
volcanoes-e1,rfc-nosuite,0.3455834947029388,0.35163693694452713,0,0,0.30277956835253406,0.35163693694452713,0.30277956835253406,0.0
volcanoes-e1,rfc-nosuite,0.2554790230041504,0.3603631808572574,0,0,,,0.27927363828548524,0.0
volcanoes-e1,rfc-nosuite,0.41461449883059787,0.3318469506878837,0,0,0.33630609862423266,0.41461449883059787,0.33630609862423266,0.0
volcanoes-e1,rfc-nosuite,0.41887675521699663,,0,0,,,,0.0
volcanoes-e1,rfc-nosuite,0.3798277979039497,0.5043050426069043,0,0,0.5043050426069043,0.3798277979039497,0.5043050426069043,0.0
volcanoes-e1,rfc-nosuite,0.39997378717043275,,0,0,0.33971166412749315,0.33014416793625345,0.33014416793625345,0.0
volcanoes-e1,rfc-nosuite,0.388888888560269,0.12792792767565223,0,0,0.4831831837640787,0.388888888560269,0.388888888560269,0.0
volcanoes-e1,rfc-nosuite,0.43093220313695074,0.13813559372609852,0,0,0.6544915245426076,,0.1727542377286962,0.0
volcanoes-e1,rfc-nosuite,0.03261379644508579,,0,0,,0.9347724071098283,,0.0
volcanoes-e1,rfc-nosuite,0.3301886796222322,0.3057461403278877,0,0,0.27186963990023993,0.3301886796222322,0.27186963990023993,0.0
volcanoes-e1,rfc-nosuite,0.39057447495581044,0.20343997193278537,0,0,0.21885105008837913,0.39057447495581044,0.21885105008837913,0.0
volcanoes-e1,rfc-nosuite,0.4183454777778371,,0,0,,0.4183454777778371,0.4183454777778371,0.0
volcanoes-e1,rfc-nosuite,0.27412280706132497,0.45175438587734995,0,0,0.331140351425969,0.27412280706132497,0.331140351425969,0.0
volcanoes-e1,rfc-nosuite,0.5653104931143628,,0,0,,0.5653104931143628,0.5653104931143628,0.0
volcanoes-e1,rfc-nosuite,0.08420320087465455,,0,0,0.374739039708439,,,0.0
volcanoes-e1,rfc-nosuite,0.4300311092340548,,0,0,0.38728277170926245,,0.18268611905668264,0.0
volcanoes-e1,rfc-nosuite,0.2939110078230442,,0,0,,0.22716627607160636,,0.0
volcanoes-e1,rfc-nosuite,0.4164858999179947,,0,0,,0.13015184404161143,0.13015184404161143,0.0
volcanoes-e1,rfc-nosuite,0.2559126738239256,0.34930260653448425,0,0,,,,0.0
volcanoes-e1,rfc-nosuite,0.397051148285431,,0,0,,0.397051148285431,,0.0
volcanoes-e1,rfc-nosuite,0.2992424245447236,,0,0,,0.28374655638437674,0.4325068872312464,0.0
volcanoes-e2,rfc-nosuite,0.16444073460018088,,0,0,,,0.09265442413686838,0.0
volcanoes-e2,rfc-nosuite,0.4010243628601892,0.43023255697047963,0,0,,,,0.0
volcanoes-e2,rfc-nosuite,0.3548174215971569,,0,0,,0.635723712614653,0.635723712614653,0.0
volcanoes-e2,rfc-nosuite,0.2260111025683755,,0,0,,,0.11498810515464325,0.0
volcanoes-e2,rfc-nosuite,0.2393992940953513,,0,0,,,0.28091872859415895,0.0
volcanoes-e2,rfc-nosuite,0.33982633193296985,,0,0,,,,0.0
volcanoes-e2,rfc-nosuite,0.3731707321518065,,0,0,,0.4662020908498562,,0.0
volcanoes-e2,rfc-nosuite,0.3606210302541536,,0,0,,,0.4453069869419774,0.0
volcanoes-e2,rfc-nosuite,0.12538913928463738,0.7492217214307252,0,0,,,,0.0
volcanoes-e2,rfc-nosuite,0.3535582536635099,0.3333333333333333,0,0,0.3525976023792373,,0.41231171208549455,
volcanoes-e2,rfc-nosuite,0.196517695054086,0.3958711436978384,0,0,,,,0.0
volcanoes-e2,rfc-nosuite,0.3724279836959475,,0,0,,,0.27489712020787405,0.0
volcanoes-e2,rfc-nosuite,0.13062330625627,,0,0,,0.1252032518901349,0.1252032518901349,0.0
volcanoes-e2,rfc-nosuite,0.18020719773100288,,0,0,,,0.07279171202944189,0.0
volcanoes-e2,rfc-nosuite,0.3830022076662353,,0,0,,,,0.0
volcanoes-e2,rfc-nosuite,0.3482803654984009,0.36134087883816396,0,0,,,,0.0
volcanoes-e2,rfc-nosuite,0.0965665211580031,,0,0,,,0.08583690719636616,0.0
volcanoes-e2,rfc-nosuite,0.3401662052978405,0.295844875281257,0,0,0.295844875281257,,,0.0
volcanoes-e2,rfc-nosuite,0.33553791923851617,,0,0,,,0.16578483272960182,0.0
volcanoes-e2,rfc-nosuite,0.21735330824075377,,0,0,,,,0.0
volcanoes-e2,rfc-nosuite,0.3866050806078931,,0,0,0.38475750630387157,,0.38475750630387157,0.0
volcanoes-e2,rfc-nosuite,0.4688841189056687,0.5407725308693074,0,0,0.5407725308693074,,0.5407725308693074,0.0
volcanoes-e2,rfc-nosuite,0.12430811682550075,0.16743542276746434,0,0,0.16743542276746434,0.16743542276746434,,0.0
volcanoes-e2,rfc-nosuite,0.4322368709265644,0.4322368709265644,0,0,0.18733075947924913,,0.4322368709265644,0.0
volcanoes-e2,rfc-nosuite,0.3268809352403892,,0,0,,,0.2658875091722707,0.0
volcanoes-e2,rfc-nosuite,0.32368421061854513,0.3192982461430458,0,0,,,,0.0
volcanoes-e2,rfc-nosuite,0.2187662000003065,,0,0,,,0.0710212554901799,0.0
volcanoes-e2,rfc-nosuite,0.19690265487979253,,0,0,,,0.08849557598159903,0.0
volcanoes-e2,rfc-nosuite,0.4018942251361266,0.3943508503245044,0,0,0.2952812000261255,,0.4018942251361266,0.0
volcanoes-e2,rfc-nosuite,0.36977611927821274,,0,0,,,,0.0
volcanoes-e2,rfc-nosuite,0.3125389890780282,,0,0,,,0.1048034933944103,0.0
volcanoes-e2,rfc-nosuite,0.3218056451513659,0.4962292602156268,0,0,0.4962292602156268,,,0.0
volcanoes-e2,rfc-nosuite,0.2904858306079282,,0,0,,,0.26639676169307,0.0
volcanoes-e2,rfc-nosuite,0.3627694858616964,,0,0,,,,0.0
volcanoes-e2,rfc-nosuite,0.3265060246139428,,0,0,,,0.20662650698978255,0.0
volcanoes-e2,rfc-nosuite,0.34214162341549104,,0,0,,,0.06424870488231041,0.0
volcanoes-e2,rfc-nosuite,0.38146551723566924,,0,0,,,,0.0
volcanoes-e2,rfc-nosuite,0.3235294116515731,,0,0,,,0.15206508128084487,0.0
volcanoes-e2,rfc-nosuite,0.39406139902832044,0.3716155003977388,0,0,0.3716155003977388,,,0.0
volcanoes-e2,rfc-nosuite,0.33127572011729295,,0,0,,,,0.0
volcanoes-e2,rfc-nosuite,0.2550548815269029,,0,0,,,0.01675332306624423,0.0
volcanoes-e2,rfc-nosuite,0.4302127655093748,0.5217021243044606,0,0,,,0.5217021243044606,0.0
volcanoes-e2,rfc-nosuite,0.4514682356983346,0.4514682356983346,0,0,0.3333333333333333,,0.3333333333333333,0.0
volcanoes-e2,rfc-nosuite,0.3199225475269911,,0,0,,,0.1325301205351587,0.0
volcanoes-e2,rfc-nosuite,0.4366562825488542,,0,0,,,,0.0
volcanoes-e2,rfc-nosuite,0.3665436650847853,0.41068743972124955,0,0,,,0.41068743972124955,0.0
volcanoes-e2,rfc-nosuite,0.34111143697560753,0.3880735739778612,0,0,0.3333333333333333,,0.3333333333333333,0.0
volcanoes-e2,rfc-nosuite,0.3808215595436824,0.3808215595436824,0,0,0.5172684461505302,,0.5172684461505302,0.0
volcanoes-e2,rfc-nosuite,0.3711790380973154,,0,0,,,0.25764192380536916,0.0
volcanoes-e2,rfc-nosuite,0.3948824346228874,,0,0,,,,0.0
volcanoes-e3,rfc-nosuite,0.2832103316447755,,0,0,0.16789667987936308,,,0.0
volcanoes-e3,rfc-nosuite,0.3349786553451647,0.49546424804952566,0,0,,,0.17449306264080372,0.0
volcanoes-e3,rfc-nosuite,0.23024523186161192,,0,0,0.23024523186161192,,,0.0
volcanoes-e3,rfc-nosuite,0.49999999935324824,,0,0,,,,0.0
volcanoes-e3,rfc-nosuite,0.4455880231815804,,0,0,,,,0.0
volcanoes-e3,rfc-nosuite,0.0920709446973761,0.06353677657896971,0,0,,,0.06353677657896971,0.0
volcanoes-e3,rfc-nosuite,0.3742465338867291,0.42420132545387684,0,0,0.42420132545387684,,0.42420132545387684,0.0
volcanoes-e3,rfc-nosuite,0.25903939518135477,,0,0,0.07663248745937921,,,0.0
volcanoes-e3,rfc-nosuite,0.28416296785380146,0.43167406429239713,0,0,0.24904882775141263,,,0.0
volcanoes-e3,rfc-nosuite,0.4150210421467482,0.4150210421467482,0,0,0.6085464537977725,0.3333333333333333,0.6085464537977725,0.0
volcanoes-e3,rfc-nosuite,0.06930693036668187,,0,0,0.623762376296967,,0.06930693036668187,0.0
volcanoes-e3,rfc-nosuite,0.4455864565524798,0.6850060441784322,0,0,,0.20616686892652739,,0.0
volcanoes-e3,rfc-nosuite,0.7070484578136078,0.7070484578136078,0,0,,,,0.0
volcanoes-e3,rfc-nosuite,0.822971548650166,,0,0,,0.3333333333333333,0.822971548650166,0.0
volcanoes-e3,rfc-nosuite,0.49742886519338936,,0,0,,,0.49742886519338936,0.0
volcanoes-e3,rfc-nosuite,0.21669341933239128,,0,0,,0.39165329033380436,,0.0
volcanoes-e3,rfc-nosuite,0.3953333338047999,,0,0,,,0.3953333338047999,0.0
volcanoes-e3,rfc-nosuite,0.35746526770355547,0.46649862273998877,0,0,0.46649862273998877,,0.46649862273998877,0.0
volcanoes-e3,rfc-nosuite,0.4438687394230049,0.6538366642426666,0,0,0.6538366642426666,,0.6538366642426666,0.0
volcanoes-e3,rfc-nosuite,0.3503277496110027,,0,0,0.14930808441456941,,,0.0
volcanoes-e3,rfc-nosuite,0.303188265709628,0.3936234685807441,0,0,0.3936234685807441,,0.1973572564729602,0.0
volcanoes-e3,rfc-nosuite,0.2739319622939351,,0,0,,,,0.0
volcanoes-e3,rfc-nosuite,0.7167487683207803,0.7167487683207803,0,0,,,,0.0
volcanoes-e3,rfc-nosuite,0.4600065835155882,,0,0,,,0.38940092205016524,0.0
volcanoes-e3,rfc-nosuite,0.3220352067004537,0.32118591707012595,0,0,,,0.32288449633078153,0.0
volcanoes-e3,rfc-nosuite,0.650943396798338,,0,0,,,,0.0
volcanoes-e3,rfc-nosuite,0.8353868895267849,0.8353868895267849,0,0,0.061606702637579634,0.44849679608218224,0.8353868895267849,0.0
volcanoes-e3,rfc-nosuite,0.4436193978973423,0.6494940193896904,0,0,0.6494940193896904,,0.6494940193896904,0.0
volcanoes-e3,rfc-nosuite,0.406705539862659,,0,0,,,0.406705539862659,0.0
volcanoes-e3,rfc-nosuite,0.1964549488220791,,0,0,,,0.1964549488220791,0.0
volcanoes-e3,rfc-nosuite,0.43209660468501343,0.43209660468501343,0,0,0.4428888108509436,,0.4428888108509436,0.0
volcanoes-e3,rfc-nosuite,0.23631123959141853,,0,0,,,,0.0
volcanoes-e3,rfc-nosuite,0.3763157900831717,,0,0,,,0.3763157900831717,0.0
volcanoes-e3,rfc-nosuite,0.4590163935632977,,0,0,0.3202576105289977,0.4092505862526512,0.4590163935632977,0.0
volcanoes-e3,rfc-nosuite,0.06260720445731548,,0,0,,,,0.0
volcanoes-e3,rfc-nosuite,0.27867151049840866,,0,0,,,0.27867151049840866,0.0
volcanoes-e3,rfc-nosuite,0.0933333336779227,,0,0,,,0.0933333336779227,0.0
volcanoes-e3,rfc-nosuite,0.4301509295710781,0.7311337306401106,0,0,0.7311337306401106,,,0.0
volcanoes-e3,rfc-nosuite,0.46805349205032626,,0,0,,,0.46805349205032626,0.0
volcanoes-e3,rfc-nosuite,0.3470764626258451,,0,0,,,,0.0
volcanoes-e3,rfc-nosuite,0.22119341583998853,,0,0,0.557613168320023,,,0.0
volcanoes-e3,rfc-nosuite,0.44116385429778965,0.3784672572156811,0,0,0.24306548556863775,0.3784672572156811,0.24306548556863775,0.0
volcanoes-e3,rfc-nosuite,0.45257452607080073,,0,0,0.44932249246537914,,,0.0
volcanoes-e3,rfc-nosuite,0.12392755011738243,,0,0,,,,0.0
volcanoes-e3,rfc-nosuite,0.24348697447716264,,0,0,,,,0.0
volcanoes-e3,rfc-nosuite,0.34587332007315286,0.46142034440629076,0,0,,,,0.0
volcanoes-e3,rfc-nosuite,0.449519683454059,0.6155584847369385,0,0,0.6155584847369385,,,0.0
volcanoes-e3,rfc-nosuite,0.2034285716291897,,0,0,,,,0.0
volcanoes-e3,rfc-nosuite,0.3968133530602418,0.3990895284861708,0,0,,,,0.0
volcanoes-e3,rfc-nosuite,0.3835826620402064,0.3835826620402064,0,0,,,0.3835826620402064,0.0
volcanoes-e4,rfc-nosuite,0.2786799369424362,,0,0,,,,0.0
volcanoes-e4,rfc-nosuite,0.3207729469918782,,0,0,,,,0.0
volcanoes-e4,rfc-nosuite,0.6702864032974807,0.42112783373346,0,0,,,,0.0
volcanoes-e4,rfc-nosuite,0.38857016701826774,,0,0,,,,0.0
volcanoes-e4,rfc-nosuite,0.42398873532732595,0.6473630306279552,0,0,0.39969277998665165,0.39969277998665165,0.3333333333333333,0.0
volcanoes-e4,rfc-nosuite,0.409778225725889,,0,0,,,,0.0
volcanoes-e4,rfc-nosuite,0.2799559920535921,0.43461192252492953,0,0,0.2799559920535921,,0.5892678529962669,0.0
volcanoes-e4,rfc-nosuite,0.3488652826209386,,0,0,0.3843553841100657,,0.3843553841100657,0.0
volcanoes-e4,rfc-nosuite,0.1573163682499876,,0,0,,,0.12377096672899249,0.0
volcanoes-e4,rfc-nosuite,0.30826558304415974,,0,0,,,0.2777777775359031,0.0
volcanoes-e4,rfc-nosuite,0.22308877230549917,0.22308877230549917,0,0,0.19738108560953682,,,0.0
volcanoes-e4,rfc-nosuite,0.2743221696326349,,0,0,,,0.3125996817145545,0.0
volcanoes-e4,rfc-nosuite,0.32231329673771203,0.4766848813868646,0,0,,0.4160291439557202,0.4766848813868646,0.0
volcanoes-e4,rfc-nosuite,0.30872483285929037,,0,0,,0.23969319343336146,,0.0
volcanoes-e4,rfc-nosuite,0.37840466970916176,,0,0,0.5107003898034947,0.5107003898034947,0.5107003898034947,0.0
volcanoes-e4,rfc-nosuite,0.26622558228707227,,0,0,,0.26622558228707227,0.40516698180066013,0.0
volcanoes-e4,rfc-nosuite,0.2624113476020512,,0,0,,,0.24645390132647405,0.0
volcanoes-e4,rfc-nosuite,0.4231927712379045,,0,0,,,,0.0
volcanoes-e4,rfc-nosuite,0.4146716824618826,0.4150706789494263,0,0,0.4146716824618826,,0.4150706789494263,0.0
volcanoes-e4,rfc-nosuite,0.28036605664844233,,0,0,,,0.38935108110715005,0.0
volcanoes-e4,rfc-nosuite,0.5874510389680063,0.4155242542331681,0,0,0.4155242542331681,0.37820126525083514,0.3333333333333334,0.0
volcanoes-e4,rfc-nosuite,0.28118040174072223,,0,0,0.42873051447942656,0.13363028900201787,0.13363028900201787,0.0
volcanoes-e4,rfc-nosuite,0.33605442176691885,,0,0,0.4603174606317226,,0.4603174606317226,0.0
volcanoes-e4,rfc-nosuite,0.30733518988370334,0.3430826359507661,0,0,0.2715877438166405,,0.3430826359507661,0.0
volcanoes-e4,rfc-nosuite,0.10000000035430753,,0,0,0.40724637674043934,,,0.0
volcanoes-e4,rfc-nosuite,0.36106004934368424,,0,0,,,,0.0
volcanoes-e4,rfc-nosuite,0.3606338706190243,,0,0,,,,0.0
volcanoes-e4,rfc-nosuite,0.34907749078775696,0.3431734323206659,0,0,0.354981549254848,,,0.0
volcanoes-e4,rfc-nosuite,0.348168654429008,,0,0,0.4880749559407287,0.2082623529172873,,0.0
volcanoes-e4,rfc-nosuite,0.39030453711684787,,0,0,0.18986948388192337,,,0.0
volcanoes-e4,rfc-nosuite,0.04346492914185621,,0,0,0.057033346260747415,,,0.0
volcanoes-e4,rfc-nosuite,0.20691923175202975,0.31228624050970977,0,0,0.31228624050970977,0.31228624050970977,,0.0
volcanoes-e4,rfc-nosuite,0.37765957429391006,,0,0,0.44042553169977033,,0.44042553169977033,0.0
volcanoes-e4,rfc-nosuite,0.40178571428571425,,0,0,,,,0.0
volcanoes-e4,rfc-nosuite,0.19275362305651247,,0,0,,,,0.0
volcanoes-e4,rfc-nosuite,0.44512487962593916,0.19524495720304605,0,0,0.6950048020488323,0.44512487962593916,0.19524495720304605,0.0
volcanoes-e4,rfc-nosuite,0.2461408333702869,0.39770564596882346,0,0,,,0.3561535206608897,0.0
volcanoes-e4,rfc-nosuite,0.3578901479548312,,0,0,0.2842197040903376,,,0.0
volcanoes-e4,rfc-nosuite,0.2969653179231594,,0,0,,,0.1430635842281168,0.0
volcanoes-e4,rfc-nosuite,0.2487811308972634,0.3137435762867038,0,0,,,0.3137435762867038,0.0
volcanoes-e4,rfc-nosuite,0.37788778954273106,,0,0,,0.37788778954273106,,0.0
volcanoes-e4,rfc-nosuite,0.35848484835360384,,0,0,,,,0.0
volcanoes-e4,rfc-nosuite,0.06594427215351284,0.07616099131623914,0,0,,,,0.0
volcanoes-e4,rfc-nosuite,0.37179487237465225,,0,0,,,,0.0
volcanoes-e4,rfc-nosuite,0.2790841583430892,,0,0,0.4418316833138217,,,0.0
volcanoes-e4,rfc-nosuite,0.3387463957728159,0.3306268021135921,0,0,0.3387463957728159,,0.3312338746921582,0.0
volcanoes-e4,rfc-nosuite,0.37917418067405245,0.07113985448820277,0,0,0.07113985448820277,0.07113985448820277,0.07113985448820277,0.0
volcanoes-e4,rfc-nosuite,0.24478057085359345,,0,0,0.510438858292813,,0.27439284266799974,0.0
volcanoes-e4,rfc-nosuite,0.3141112625174276,,0,0,0.3717774749651448,,0.3826322939703222,0.0
volcanoes-e4,rfc-nosuite,0.3557093418165415,0.5245674739578876,0,0,0.5245674739578876,,0.5245674739578876,0.0
volcanoes-e5,rfc-nosuite,0.3333333333333333,0.5531232296287724,0,0,0.5531232296287724,,,0.0
volcanoes-e5,rfc-nosuite,0.3944444442633539,,0,0,,,,0.0
volcanoes-e5,rfc-nosuite,0.22518248177149303,,0,0,0.11532846631735702,,0.11532846631735702,0.0
volcanoes-e5,rfc-nosuite,0.07852650526089726,,0,0,,,0.10260557077784527,0.0
volcanoes-e5,rfc-nosuite,0.3334391869298236,0.33312162614035273,0,0,,,,0.0
volcanoes-e5,rfc-nosuite,0.14825581385803463,,0,0,,,0.13538205958633925,0.0
volcanoes-e5,rfc-nosuite,0.3333333333333333,0.3333333333333333,0,0,0.25340159988033484,,0.5830410987835984,0.0
volcanoes-e5,rfc-nosuite,0.33413231028794665,,0,0,,,0.39501438215576323,0.0
volcanoes-e5,rfc-nosuite,0.447380106709596,,0,0,,,,0.0
volcanoes-e5,rfc-nosuite,0.3250289688952189,,0,0,,,,0.0
volcanoes-e5,rfc-nosuite,0.4295392954336939,,0,0,,,0.3803071368297379,0.0
volcanoes-e5,rfc-nosuite,0.39833080413587274,,0,0,,,0.294385433158135,0.0
volcanoes-e5,rfc-nosuite,0.3333333333333333,0.4375312633322125,0,0,0.27269229260030897,,0.28977644406747854,0.0
volcanoes-e5,rfc-nosuite,0.301047952177798,,0,0,,,0.33661479873548633,0.0
volcanoes-e5,rfc-nosuite,0.3600457920810214,0.2799084158379571,0,0,,,,0.0
volcanoes-e5,rfc-nosuite,0.1794001132496023,0.6411997735007955,0,0,,,,0.0
volcanoes-e5,rfc-nosuite,0.4164485970296239,,0,0,,,,0.0
volcanoes-e5,rfc-nosuite,0.33508245910672807,,0,0,,,,0.0
volcanoes-e5,rfc-nosuite,0.2645089285716026,,0,0,,,0.2098214281781649,0.0
volcanoes-e5,rfc-nosuite,0.3764781970392215,0.3764781970392215,0,0,0.24704360592155708,,0.4225794530941009,0.0
volcanoes-e5,rfc-nosuite,0.3469205595684247,,0,0,,,,0.0
volcanoes-e5,rfc-nosuite,0.2978589423279093,,0,0,,,0.28589420785107117,0.0
volcanoes-e5,rfc-nosuite,0.3333333333333333,0.5224119522996936,0,0,,,0.5224119522996936,0.0
volcanoes-e5,rfc-nosuite,0.4251849813331585,0.4251849813331585,0,0,,,,0.0
volcanoes-e5,rfc-nosuite,0.2577384712451209,,0,0,,,,0.0
volcanoes-e5,rfc-nosuite,0.180294041700078,,0,0,,,,0.0
volcanoes-e5,rfc-nosuite,0.36567164207501623,,0,0,0.2686567158499676,,,0.0
volcanoes-e5,rfc-nosuite,0.15553745958893475,0.6889250808221304,0,0,,,0.07390065170339437,0.0
volcanoes-e5,rfc-nosuite,0.2660796329055114,0.46784073418897726,0,0,,,,0.0
volcanoes-e5,rfc-nosuite,0.3271954675751257,,0,0,0.21246458967627793,,,0.0
volcanoes-e5,rfc-nosuite,0.2736886631838568,,0,0,,,0.059221658720478236,0.0
volcanoes-e5,rfc-nosuite,0.2592085616971021,,0,0,,,,0.0
volcanoes-e5,rfc-nosuite,0.41230036446797136,,0,0,,,,0.0
volcanoes-e5,rfc-nosuite,0.3723765434645018,,0,0,,,0.47932098613561863,0.0
volcanoes-e5,rfc-nosuite,0.4181673722233864,0.4586864398373563,0,0,,,0.4586864398373563,0.0
volcanoes-e5,rfc-nosuite,0.3123700624748111,,0,0,0.22834372958195248,,,0.0
volcanoes-e5,rfc-nosuite,0.4344618054090785,,0,0,,,0.3029513891572109,0.0
volcanoes-e5,rfc-nosuite,0.3333333333333333,0.3660105982203983,0,0,0.3333333333333333,,0.31734616618019806,0.0
volcanoes-e5,rfc-nosuite,0.28837555909483226,,0,0,,,,0.0
volcanoes-e5,rfc-nosuite,0.4000670684610957,,0,0,,,,0.0
volcanoes-e5,rfc-nosuite,0.3333333333333333,0.3228252875442969,0,0,0.3385873562278515,,0.3519157839791069,0.0
volcanoes-e5,rfc-nosuite,0.3333333333333333,0.33666560385414324,0,0,0.3333333333333333,,0.35245738418762973,
volcanoes-e5,rfc-nosuite,0.3333333333333333,0.27127415994091875,0,0,0.2458092884404237,,0.25854172419067123,0.0
volcanoes-e5,rfc-nosuite,0.44652803562311283,0.25046416595588267,0,0,,,0.39398440315799094,0.0
volcanoes-e5,rfc-nosuite,0.40470723343335957,,0,0,,,0.22273249172444,0.0
volcanoes-e5,rfc-nosuite,0.3195349845681993,,0,0,0.3609300308636013,,,0.0
volcanoes-e5,rfc-nosuite,0.28552631645096105,,0,0,,,0.1131578952133065,0.0
volcanoes-e5,rfc-nosuite,0.29732945588453347,0.405341088230933,0,0,,,0.2916446326356611,0.0
volcanoes-e5,rfc-nosuite,0.4305283757148629,,0,0,0.3157208084869811,,0.3157208084869811,0.0
volcanoes-e5,rfc-nosuite,0.4315673290952635,,0,0,,,,0.0
wine-quality-red,rfc-nosuite,0.10299796277484506,0.13595643296254803,0,0,0.08999342421868455,,0.10051617606864693,0.0
wine-quality-red,rfc-nosuite,0.16481951855905652,0.16322164311157603,0,0,0.20049480066709746,,0.14031018431924208,0.0
wine-quality-red,rfc-nosuite,0.06954055207356612,0.07307969962462836,0,0,0.1678890542630811,,0.09782532600329809,0.0
wine-quality-red,rfc-nosuite,0.11532018563342816,0.1366097513602934,0,0,0.10636919943000263,,0.12537784255015388,0.0
wine-quality-red,rfc-nosuite,0.13841653558159409,0.1716321009723973,0,0,0.18034023794721432,,0.13738466158345067,0.0
wine-quality-red,rfc-nosuite,0.13573619853093682,0.14181518999376846,0,0,0.1773921733448858,,0.14050564248480096,0.0
wine-quality-red,rfc-nosuite,0.10074757531348967,0.1154369111034117,0,0,0.1021482090733496,,0.10431538952525612,0.0
wine-quality-red,rfc-nosuite,0.12190424903774318,0.1968852570401186,0,0,0.12815163126538387,,0.12420362771200834,0.0
wine-quality-red,rfc-nosuite,0.09820418124619479,0.11839287882020459,0,0,0.09481123870623534,,0.09509180441504667,0.0
wine-quality-red,rfc-nosuite,0.09499674366638562,0.07775296405167205,0,0,0.0869323017469305,,0.12937585338912977,0.0
wine-quality-red,rfc-nosuite,0.08693573162981269,0.09355701048247933,0,0,0.1511200679919515,,0.1297298735024664,0.0
wine-quality-red,rfc-nosuite,0.11050152265105924,0.11973579062747192,0,0,0.07763145105617814,,0.09859177495182225,0.0
wine-quality-red,rfc-nosuite,0.09086826714122778,0.075343136097046,0,0,0.07923630151247858,,0.10193137727016498,0.0
wine-quality-red,rfc-nosuite,0.11485045388135748,0.15085248403914553,0,0,0.16115379896399032,,0.14944554610166483,0.0
wine-quality-red,rfc-nosuite,0.1094606986753494,0.12074813943265926,0,0,0.14163043850644433,,0.08039788396923304,0.0
wine-quality-red,rfc-nosuite,0.11793407399435323,0.1541830489649959,0,0,0.09802487420718858,,0.11405030625737646,0.0
wine-quality-red,rfc-nosuite,0.11591734739175863,0.11333253076968056,0,0,0.12281520075867959,,0.10649121645740595,0.0
wine-quality-red,rfc-nosuite,0.11200761252532486,0.132963124322724,0,0,0.07389937705108743,,0.12645668004633603,0.0
wine-quality-red,rfc-nosuite,0.09835685615647033,0.14221111993941998,0,0,0.16520370784685942,,0.2038250593166741,0.0
wine-quality-red,rfc-nosuite,0.08118870652074027,0.0875563998132088,0,0,0.11496696566163335,,0.09878250935719701,0.0
wine-quality-red,rfc-nosuite,0.1310535769580397,0.5670122102955878,0,0,0.30821533956479485,,0.3269832079630361,0.0
wine-quality-red,rfc-nosuite,0.12871543966041668,0.12194776165257205,0,0,0.08239472946543908,,0.07062405382751921,0.0
wine-quality-red,rfc-nosuite,0.09771911425423489,0.3026823622312978,0,0,0.17362927225710356,,0.15054582022658586,0.0
wine-quality-red,rfc-nosuite,0.11479617111648104,0.113302434511773,0,0,0.13446293358102088,,0.11763143946742377,0.0
wine-quality-red,rfc-nosuite,0.09341612909825849,0.09064032828648652,0,0,0.22212090149609906,,0.10820872930943125,0.0
wine-quality-red,rfc-nosuite,0.11281407598958536,0.09758335030123298,0,0,0.08291363143235402,,0.08911610085402293,0.0
wine-quality-red,rfc-nosuite,0.08592755803844902,0.1383696055436372,0,0,0.10988465206116281,,0.09945314457461743,0.0
wine-quality-red,rfc-nosuite,0.0917569012159816,0.09731221089992703,0,0,0.06947782903713226,,0.14227881229174005,0.0
wine-quality-red,rfc-nosuite,0.21500885625001673,0.16593582904121987,0,0,0.2958576799768602,,0.2958576799768602,0.0
wine-quality-red,rfc-nosuite,0.15927303146153854,0.11791458439401846,0,0,0.15935810651610535,,0.166644575144342,0.0
wine-quality-red,rfc-nosuite,0.0912964767310539,0.14495369739781397,0,0,0.08431679655062523,,0.12622516163587907,0.0
wine-quality-red,rfc-nosuite,0.09612770113473526,0.09199946717207923,0,0,0.07258073761878985,,0.12015962641841907,0.0
wine-quality-red,rfc-nosuite,0.13750724166662784,0.13951619024499873,0,0,0.08314637246839449,,0.10189749223688263,0.0
wine-quality-red,rfc-nosuite,0.1110247417048689,0.14882508429562852,0,0,0.1270077679890141,,0.10988976129213301,0.0
wine-quality-red,rfc-nosuite,0.12084287655138246,0.16705929189779484,0,0,0.09628029977087406,,0.11642332731071375,0.0
wine-quality-red,rfc-nosuite,0.1392775274894767,0.1829975659785225,0,0,0.06591981373542036,,0.09333694071198653,0.0
wine-quality-red,rfc-nosuite,0.11109646353989618,0.3886381456997281,0,0,0.21032762786198217,,0.11212568835208395,0.0
wine-quality-red,rfc-nosuite,0.08061543240571119,0.10057183584470772,0,0,0.10209030177303602,,0.10129310273239359,0.0
wine-quality-red,rfc-nosuite,0.11298874559232998,0.16017801025858933,0,0,0.166569456210465,,0.15570450609229972,0.0
wine-quality-red,rfc-nosuite,0.10814067872790746,0.1053298134942204,0,0,0.16572704262245638,,0.12746269392105844,0.0
wine-quality-red,rfc-nosuite,0.09011552518000812,0.08128593978186992,0,0,0.087511568316434,,0.09029197230871333,0.0
wine-quality-red,rfc-nosuite,0.10138523058266784,0.10802715416375845,0,0,0.1110179732384281,,0.14367509891159402,0.0
wine-quality-red,rfc-nosuite,0.0852208031795228,0.11444563653444459,0,0,0.12222189226011855,,0.12793710248654921,0.0
wine-quality-red,rfc-nosuite,0.11225009851545457,0.10010275537071521,0,0,0.10758783333814198,,0.11155170263644379,0.0
wine-quality-red,rfc-nosuite,0.11030419028705937,0.09217755823219242,0,0,0.21639045327499373,,0.19857776413078843,0.0
wine-quality-red,rfc-nosuite,0.15205159223151135,0.1282289231734384,0,0,0.1285594205883567,,0.12002352888998526,0.0
wine-quality-red,rfc-nosuite,0.12197449567062106,0.1999881535027213,0,0,0.19086246814514707,,0.16157952646357404,0.0
wine-quality-red,rfc-nosuite,0.10552569221441455,0.12880664620744997,0,0,0.0887653882623823,,0.11705139977161846,0.0
wine-quality-red,rfc-nosuite,0.13735559973922878,0.050037729312378564,0,0,0.11745081801157871,,0.10925245644671008,0.0
wine-quality-red,rfc-nosuite,0.10890105779376959,0.08424204463299627,0,0,0.17743252134635504,,0.1428412802721657,0.0
maternal,rfc-nosuite,0.21972647311936475,0.14855673911908437,0,0,0.3651745766791873,0.2455330415994462,0.3651745766791873,0.0
maternal,rfc-nosuite,0.15968482994420927,0.21310980081713315,0,0,0.2165887887507592,0.1912601327885779,0.2,0.0
maternal,rfc-nosuite,0.23078356047686713,0.31494403406177024,0,0,0.17081930195424228,0.21352412744280283,0.1943076879196699,0.0
maternal,rfc-nosuite,0.19481916963626386,0.24723710304410199,0,0,0.22703256231572858,0.299026220479774,0.24723710304410199,0.0
maternal,rfc-nosuite,0.3438334537698136,0.6584577093674543,0,0,0.6584577093674543,0.02824938903896116,0.3438334537698136,0.0
maternal,rfc-nosuite,0.16593835128952494,0.2899212390850337,0,0,0.2533657489031191,0.2,0.16593835128952494,0.0
maternal,rfc-nosuite,0.1835583216263646,0.2689537012709397,0,0,0.1800135666214158,0.119600264157762,0.20653710501853365,0.0
maternal,rfc-nosuite,0.1891985643727723,0.24855294346452095,0,0,0.23581582335497128,0.2140258192971424,0.19852016035879025,0.0
maternal,rfc-nosuite,0.21167275750081152,0.2997037028373277,0,0,0.39003309488159393,0.2017562093699029,0.35882064264354246,0.0
maternal,rfc-nosuite,0.17150310357434767,0.2759918940776306,0,0,0.24638145816017465,0.18674501906691335,0.19843285964257407,0.0
maternal,rfc-nosuite,0.26193666895329937,0.7204915160597415,0,0,0.3677572209194192,0.40606520200905777,0.7204915160597415,0.0
maternal,rfc-nosuite,0.299671467512103,0.6377292702359432,0,0,0.6377292702359432,0.22949351066986237,0.6377292702359432,0.0
maternal,rfc-nosuite,0.2747497404581511,0.28509484096668214,0,0,0.5118104674783008,0.08565156043488885,0.03768901343800136,0.0
maternal,rfc-nosuite,0.13900921336266128,0.42952416396027315,0,0,0.42952416396027315,0.2863494426401821,0.23888799231558597,0.0
maternal,rfc-nosuite,0.3438334537698136,0.6584577093674543,0,0,0.6584577093674543,0.23831882914845884,0.029209198172172976,0.0
maternal,rfc-nosuite,0.13851635305069465,0.14495635135264506,0,0,0.24834525704632968,0.23302901616047905,0.23302901616047905,0.0
maternal,rfc-nosuite,0.26234366499413947,0.5121989657110784,0,0,0.2560994828555392,0.27657338654187114,0.21596229388185886,0.0
maternal,rfc-nosuite,0.1855067714457898,0.18851341941312158,0,0,0.35926477074437785,0.15881557769660742,0.2,0.0
maternal,rfc-nosuite,0.24668122243869472,0.24815902672891987,0,0,0.4054591920055284,0.2,0.1973449779509558,0.0
maternal,rfc-nosuite,0.23329518669681146,0.20056847434523892,0,0,0.49977321443729805,0.23329518669681146,0.15550714182849756,0.0
maternal,rfc-nosuite,0.2686291096000797,0.20707233194471014,0,0,0.19459998513401192,0.40294366440011953,0.40294366440011953,0.0
maternal,rfc-nosuite,0.2361110009248227,0.20118971871213376,0,0,0.35416650138723405,0.23704304376985133,0.2653380509175934,0.0
maternal,rfc-nosuite,0.25451041134327795,0.23601617618876167,0,0,0.285836047713597,0.19413950237779204,0.20622412154426037,0.0
maternal,rfc-nosuite,0.10643229454356593,0.05364932731270269,0,0,0.15988913224510964,0.1419097260580879,0.1255840298276878,0.0
maternal,rfc-nosuite,0.19827445663766602,0.212583315959596,0,0,0.3164333891234238,0.233226254836133,0.233226254836133,0.0
maternal,rfc-nosuite,0.11533798180661074,0.27648859649559754,0,0,0.24451884105728525,0.1916339429206847,0.2444963772645211,0.0
maternal,rfc-nosuite,0.20125435995820687,0.24261250257825914,0,0,0.3044236045849373,0.20125435995820687,0.2,0.0
maternal,rfc-nosuite,0.2166266369502614,0.2744359455821014,0,0,0.13855691010482557,0.22549251563218722,0.2310789641082214,0.0
maternal,rfc-nosuite,0.3862299772415937,0.7271381798844051,0,0,0.7271381798844051,0.2627156822182802,0.3862299772415937,0.0
maternal,rfc-nosuite,0.2542476900195639,0.40953848213693034,0,0,0.38137153502934584,0.38137153502934584,0.2542476900195639,0.0
maternal,rfc-nosuite,0.3438334537698136,0.6584577093674543,0,0,0.6584577093674543,0.1788913283884019,0.3438334537698136,0.0
maternal,rfc-nosuite,0.12913740083210062,0.16806577472355091,0,0,0.311850355199632,0.13917187547789203,0.12913740083210062,0.0
maternal,rfc-nosuite,0.2934994547490897,0.31942541296602256,0,0,0.23956905972451692,0.23055553133730036,0.2934994547490897,0.0
maternal,rfc-nosuite,0.37410795371869526,0.18962349979272614,0,0,0.17359588128887662,0.2965855172395227,0.24524969614978995,0.0
maternal,rfc-nosuite,0.3025268966067392,0.5101145693860405,0,0,0.2709053155660644,0.3025268966067392,0.34204158912244864,0.0
maternal,rfc-nosuite,0.15283380796868135,0.3427099396185188,0,0,0.19667757715268197,0.22730437040796259,0.19667757715268197,0.0
maternal,rfc-nosuite,0.12794738190539512,0.4646805055068766,0,0,0.23338515755965494,0.1898312632456594,0.187429168825906,0.0
maternal,rfc-nosuite,0.11335673124877503,0.21249076808650486,0,0,0.18754647566839666,0.20997617262534965,0.11482267113142332,0.0
maternal,rfc-nosuite,0.3025268966067392,0.5101145693860405,0,0,0.2709053155660644,0.22807450526865458,0.2853487401293341,0.0
maternal,rfc-nosuite,0.13900921336266128,0.42952416396027315,0,0,0.42952416396027315,0.1806992717316405,0.20269748801826218,0.0
maternal,rfc-nosuite,0.18541073044822376,0.19849568369406162,0,0,0.23691504675416208,0.35973328428069135,0.2572687938482447,0.0
maternal,rfc-nosuite,0.22055676044914108,0.14164084205824296,0,0,0.3702930998691607,0.253686247314682,0.3702930998691607,0.0
maternal,rfc-nosuite,0.03033513186721082,0.47026739838715853,0,0,0.8243197013915889,0.31351159892477237,0.2353633458918961,0.0
maternal,rfc-nosuite,0.18271336025429696,0.25543786459751694,0,0,0.22791064254640256,0.17512714791925846,0.22458230539158808,0.0
maternal,rfc-nosuite,0.2185983691327432,0.19134990875392774,0,0,0.3166296223747139,0.2185983691327432,0.17181460773175983,0.0
maternal,rfc-nosuite,0.2365212337561255,0.28927142512450804,0,0,0.19027848476058715,0.2357557380650858,0.22761442646379024,0.0
maternal,rfc-nosuite,0.3608597162740662,0.7002522746033639,0,0,0.7002522746033639,0.2603081629866143,0.7002522746033639,0.0
maternal,rfc-nosuite,0.1679941506069055,0.2687430833695702,0,0,0.24965008795364874,0.2,0.17326300436193012,0.0
maternal,rfc-nosuite,0.15283380796868135,0.3427099396185188,0,0,0.19667757715268197,0.22730437040796259,0.19667757715268197,0.0
maternal,rfc-nosuite,0.22549969315910626,0.4185617454536986,0,0,0.22672119403761043,0.18796586522590014,0.24633498143138408,0.0
