dataset,num_and_cat,model_score,instance_certainty_clf,cov_ablation,cov_pure,cov_proba,cov_shap,cov_EXPLAN,cov_LORE,cov_anchor
yeast,rfc-nosuite,0.6226415094339622,0.43,0.02425876010781671,0.0,0.0,0.03234501347708895,,0.05121293800539083,1.0
yeast,rfc-nosuite,0.6226415094339622,0.79,0.0215633423180593,0.0,0.0,0.03504043126684636,,0.1725067385444744,1.0
yeast,rfc-nosuite,0.6226415094339622,0.7,0.029649595687331536,0.0,0.0,0.03234501347708895,,0.0862533692722372,1.0
yeast,rfc-nosuite,0.6226415094339622,0.74,0.11590296495956873,0.0,0.0,0.018867924528301886,,0.14555256064690028,1.0
yeast,rfc-nosuite,0.6226415094339622,0.8,0.08086253369272237,0.0,0.0,0.02425876010781671,,0.05390835579514825,1.0
yeast,rfc-nosuite,0.6226415094339622,0.42,0.04582210242587601,0.0,0.0,0.005390835579514825,,0.0026954177897574125,1.0
yeast,rfc-nosuite,0.6226415094339622,0.67,0.0215633423180593,0.0,0.0,0.07008086253369272,,0.09164420485175202,1.0
yeast,rfc-nosuite,0.6226415094339622,0.47,0.026954177897574125,0.0,0.0,0.0026954177897574125,,0.03234501347708895,1.0
yeast,rfc-nosuite,0.6226415094339622,0.57,0.018867924528301886,0.0,0.0,0.02425876010781671,,0.029649595687331536,1.0
yeast,rfc-nosuite,0.6226415094339622,0.72,0.07547169811320754,0.0,0.0,0.05390835579514825,,0.33962264150943394,1.0
yeast,rfc-nosuite,0.6226415094339622,0.86,0.09164420485175202,0.0,0.0,0.01078167115902965,,0.09703504043126684,1.0
yeast,rfc-nosuite,0.6226415094339622,0.86,0.03234501347708895,0.0,0.0,0.0215633423180593,,0.18059299191374664,1.0
yeast,rfc-nosuite,0.6226415094339622,0.59,0.06199460916442048,0.0,0.0,0.03773584905660377,,0.07547169811320754,1.0
yeast,rfc-nosuite,0.6226415094339622,0.55,0.0215633423180593,0.0,0.0,0.005390835579514825,,0.013477088948787063,1.0
yeast,rfc-nosuite,0.6226415094339622,0.72,0.1105121293800539,0.0,0.0,0.0215633423180593,,0.14285714285714285,1.0
yeast,rfc-nosuite,0.6226415094339622,0.48,0.03773584905660377,0.0,0.0,0.005390835579514825,,0.15633423180592992,1.0
yeast,rfc-nosuite,0.6226415094339622,0.56,0.01078167115902965,0.0,0.0,0.06199460916442048,,0.07816711590296496,1.0
yeast,rfc-nosuite,0.6226415094339622,0.73,0.013477088948787063,0.0,0.0,0.01078167115902965,,0.018867924528301886,1.0
yeast,rfc-nosuite,0.6226415094339622,0.6,0.0215633423180593,0.0,0.0,0.03234501347708895,,0.029649595687331536,1.0
yeast,rfc-nosuite,0.6226415094339622,0.64,0.016172506738544475,0.0,0.0,0.05121293800539083,,0.1940700808625337,1.0
yeast,rfc-nosuite,0.6226415094339622,0.77,0.04043126684636118,0.0,0.0,0.01078167115902965,,0.16172506738544473,1.0
yeast,rfc-nosuite,0.6226415094339622,0.74,0.008086253369272238,0.0,0.0,0.01078167115902965,,0.1778975741239892,1.0
yeast,rfc-nosuite,0.6226415094339622,0.9,0.07547169811320754,0.0,0.0,0.05660377358490566,,0.11859838274932614,1.0
yeast,rfc-nosuite,0.6226415094339622,0.42,0.005390835579514825,0.0,0.0,0.029649595687331536,,0.02425876010781671,1.0
yeast,rfc-nosuite,0.6226415094339622,0.54,0.04851752021563342,0.0,0.0,0.05390835579514825,,0.11859838274932614,1.0
yeast,rfc-nosuite,0.6226415094339622,0.4,0.018867924528301886,0.0,0.0,0.018867924528301886,,0.22641509433962265,1.0
yeast,rfc-nosuite,0.6226415094339622,0.52,0.013477088948787063,0.0,0.0,0.07008086253369272,,0.07008086253369272,1.0
yeast,rfc-nosuite,0.6226415094339622,0.51,0.013477088948787063,0.0,0.0,0.0026954177897574125,,0.03504043126684636,1.0
yeast,rfc-nosuite,0.6226415094339622,0.78,0.03504043126684636,0.0,0.0,0.02425876010781671,,0.1725067385444744,1.0
yeast,rfc-nosuite,0.6226415094339622,0.64,0.008086253369272238,0.0,0.0,0.04582210242587601,,0.16172506738544473,1.0
yeast,rfc-nosuite,0.6226415094339622,0.51,0.029649595687331536,0.0,0.0,0.02425876010781671,,0.19137466307277629,1.0
yeast,rfc-nosuite,0.6226415094339622,0.75,0.0431266846361186,0.0,0.0,0.0431266846361186,,0.06199460916442048,1.0
yeast,rfc-nosuite,0.6226415094339622,0.32,0.013477088948787063,0.0,0.0,0.0026954177897574125,,0.03773584905660377,1.0
yeast,rfc-nosuite,0.6226415094339622,0.37,0.02425876010781671,0.0,0.0,0.0215633423180593,,0.03773584905660377,1.0
yeast,rfc-nosuite,0.6226415094339622,0.63,0.05660377358490566,0.0,0.0,0.07816711590296496,,0.1752021563342318,1.0
yeast,rfc-nosuite,0.6226415094339622,0.45,0.05929919137466307,0.0,0.0,0.0889487870619946,,0.08355795148247978,1.0
yeast,rfc-nosuite,0.6226415094339622,0.42,0.0215633423180593,0.0,0.0,0.005390835579514825,,0.008086253369272238,1.0
yeast,rfc-nosuite,0.6226415094339622,0.92,0.029649595687331536,0.0,0.0,0.0215633423180593,,0.14285714285714285,1.0
yeast,rfc-nosuite,0.6226415094339622,0.73,0.029649595687331536,0.0,0.0,0.03773584905660377,,0.25067385444743934,1.0
yeast,rfc-nosuite,0.6226415094339622,0.44,0.03773584905660377,0.0,0.0,0.01078167115902965,,0.22911051212938005,1.0
yeast,rfc-nosuite,0.6226415094339622,0.64,0.0673854447439353,0.0,0.0,0.02425876010781671,,0.12398921832884097,1.0
yeast,rfc-nosuite,0.6226415094339622,0.57,0.07547169811320754,0.0,0.0,0.14555256064690028,,0.15633423180592992,1.0
yeast,rfc-nosuite,0.6226415094339622,0.47,0.013477088948787063,0.0,0.0,0.01078167115902965,,0.25336927223719674,1.0
yeast,rfc-nosuite,0.6226415094339622,0.56,0.008086253369272238,0.0,0.0,0.018867924528301886,,0.013477088948787063,1.0
yeast,rfc-nosuite,0.6226415094339622,0.76,0.05929919137466307,0.0,0.0,0.016172506738544475,,0.20215633423180593,1.0
yeast,rfc-nosuite,0.6226415094339622,0.55,0.40161725067385445,0.0,0.0,0.0215633423180593,,0.11859838274932614,1.0
yeast,rfc-nosuite,0.6226415094339622,0.41,0.07547169811320754,0.0,0.0,0.029649595687331536,,0.14824797843665768,1.0
yeast,rfc-nosuite,0.6226415094339622,0.55,0.01078167115902965,0.0,0.0,0.1078167115902965,,0.09433962264150944,1.0
yeast,rfc-nosuite,0.6226415094339622,0.79,0.07277628032345014,0.0,0.0,0.029649595687331536,,0.0889487870619946,1.0
yeast,rfc-nosuite,0.6226415094339622,0.85,0.14285714285714285,0.0,0.0,0.03234501347708895,,0.12398921832884097,1.0
yeast,rfc-nosuite,0.6226415094339622,0.43,0.02425876010781671,0.0,0.0,0.03234501347708895,,0.05121293800539083,1.0
yeast,rfc-nosuite,0.6226415094339622,0.79,0.0215633423180593,0.0,0.0,0.03504043126684636,,0.1725067385444744,1.0
yeast,rfc-nosuite,0.6226415094339622,0.7,0.029649595687331536,0.0,0.0,0.03234501347708895,,0.0862533692722372,1.0
yeast,rfc-nosuite,0.6226415094339622,0.74,0.11590296495956873,0.0,0.0,0.018867924528301886,,0.14555256064690028,1.0
yeast,rfc-nosuite,0.6226415094339622,0.8,0.08086253369272237,0.0,0.0,0.02425876010781671,,0.05390835579514825,1.0
yeast,rfc-nosuite,0.6226415094339622,0.42,0.04582210242587601,0.0,0.0,0.005390835579514825,,0.0026954177897574125,1.0
yeast,rfc-nosuite,0.6226415094339622,0.67,0.0215633423180593,0.0,0.0,0.07008086253369272,,0.09164420485175202,1.0
yeast,rfc-nosuite,0.6226415094339622,0.47,0.026954177897574125,0.0,0.0,0.0026954177897574125,,0.03234501347708895,1.0
yeast,rfc-nosuite,0.6226415094339622,0.57,0.018867924528301886,0.0,0.0,0.02425876010781671,,0.029649595687331536,1.0
yeast,rfc-nosuite,0.6226415094339622,0.72,0.07547169811320754,0.0,0.0,0.05390835579514825,,0.33962264150943394,1.0
yeast,rfc-nosuite,0.6226415094339622,0.86,0.09164420485175202,0.0,0.0,0.01078167115902965,,0.09703504043126684,1.0
yeast,rfc-nosuite,0.6226415094339622,0.86,0.03234501347708895,0.0,0.0,0.0215633423180593,,0.18059299191374664,1.0
yeast,rfc-nosuite,0.6226415094339622,0.59,0.06199460916442048,0.0,0.0,0.03773584905660377,,0.07547169811320754,1.0
yeast,rfc-nosuite,0.6226415094339622,0.55,0.0215633423180593,0.0,0.0,0.005390835579514825,,0.013477088948787063,1.0
yeast,rfc-nosuite,0.6226415094339622,0.72,0.1105121293800539,0.0,0.0,0.0215633423180593,,0.14285714285714285,1.0
yeast,rfc-nosuite,0.6226415094339622,0.48,0.03773584905660377,0.0,0.0,0.005390835579514825,,0.15633423180592992,1.0
yeast,rfc-nosuite,0.6226415094339622,0.56,0.01078167115902965,0.0,0.0,0.06199460916442048,,0.07816711590296496,1.0
yeast,rfc-nosuite,0.6226415094339622,0.73,0.013477088948787063,0.0,0.0,0.01078167115902965,,0.018867924528301886,1.0
yeast,rfc-nosuite,0.6226415094339622,0.6,0.0215633423180593,0.0,0.0,0.03234501347708895,,0.029649595687331536,1.0
yeast,rfc-nosuite,0.6226415094339622,0.64,0.016172506738544475,0.0,0.0,0.05121293800539083,,0.1940700808625337,1.0
yeast,rfc-nosuite,0.6226415094339622,0.77,0.04043126684636118,0.0,0.0,0.01078167115902965,,0.16172506738544473,1.0
yeast,rfc-nosuite,0.6226415094339622,0.74,0.008086253369272238,0.0,0.0,0.01078167115902965,,0.1778975741239892,1.0
yeast,rfc-nosuite,0.6226415094339622,0.9,0.07547169811320754,0.0,0.0,0.05660377358490566,,0.11859838274932614,1.0
yeast,rfc-nosuite,0.6226415094339622,0.42,0.005390835579514825,0.0,0.0,0.029649595687331536,,0.02425876010781671,1.0
yeast,rfc-nosuite,0.6226415094339622,0.54,0.04851752021563342,0.0,0.0,0.05390835579514825,,0.11859838274932614,1.0
yeast,rfc-nosuite,0.6226415094339622,0.4,0.018867924528301886,0.0,0.0,0.018867924528301886,,0.22641509433962265,1.0
yeast,rfc-nosuite,0.6226415094339622,0.52,0.013477088948787063,0.0,0.0,0.07008086253369272,,0.07008086253369272,1.0
yeast,rfc-nosuite,0.6226415094339622,0.51,0.013477088948787063,0.0,0.0,0.0026954177897574125,,0.03504043126684636,1.0
yeast,rfc-nosuite,0.6226415094339622,0.78,0.03504043126684636,0.0,0.0,0.02425876010781671,,0.1725067385444744,1.0
yeast,rfc-nosuite,0.6226415094339622,0.64,0.008086253369272238,0.0,0.0,0.04582210242587601,,0.16172506738544473,1.0
yeast,rfc-nosuite,0.6226415094339622,0.51,0.029649595687331536,0.0,0.0,0.02425876010781671,,0.19137466307277629,1.0
yeast,rfc-nosuite,0.6226415094339622,0.75,0.0431266846361186,0.0,0.0,0.0431266846361186,,0.06199460916442048,1.0
yeast,rfc-nosuite,0.6226415094339622,0.32,0.013477088948787063,0.0,0.0,0.0026954177897574125,,0.03773584905660377,1.0
yeast,rfc-nosuite,0.6226415094339622,0.37,0.02425876010781671,0.0,0.0,0.0215633423180593,,0.03773584905660377,1.0
yeast,rfc-nosuite,0.6226415094339622,0.63,0.05660377358490566,0.0,0.0,0.07816711590296496,,0.1752021563342318,1.0
yeast,rfc-nosuite,0.6226415094339622,0.45,0.05929919137466307,0.0,0.0,0.0889487870619946,,0.08355795148247978,1.0
yeast,rfc-nosuite,0.6226415094339622,0.42,0.0215633423180593,0.0,0.0,0.005390835579514825,,0.008086253369272238,1.0
yeast,rfc-nosuite,0.6226415094339622,0.92,0.029649595687331536,0.0,0.0,0.0215633423180593,,0.14285714285714285,1.0
yeast,rfc-nosuite,0.6226415094339622,0.73,0.029649595687331536,0.0,0.0,0.03773584905660377,,0.25067385444743934,1.0
yeast,rfc-nosuite,0.6226415094339622,0.44,0.03773584905660377,0.0,0.0,0.01078167115902965,,0.22911051212938005,1.0
yeast,rfc-nosuite,0.6226415094339622,0.64,0.0673854447439353,0.0,0.0,0.02425876010781671,,0.12398921832884097,1.0
yeast,rfc-nosuite,0.6226415094339622,0.57,0.07547169811320754,0.0,0.0,0.14555256064690028,,0.15633423180592992,1.0
yeast,rfc-nosuite,0.6226415094339622,0.47,0.013477088948787063,0.0,0.0,0.01078167115902965,,0.25336927223719674,1.0
yeast,rfc-nosuite,0.6226415094339622,0.56,0.008086253369272238,0.0,0.0,0.018867924528301886,,0.013477088948787063,1.0
yeast,rfc-nosuite,0.6226415094339622,0.76,0.05929919137466307,0.0,0.0,0.016172506738544475,,0.20215633423180593,1.0
yeast,rfc-nosuite,0.6226415094339622,0.55,0.40161725067385445,0.0,0.0,0.0215633423180593,,0.11859838274932614,1.0
yeast,rfc-nosuite,0.6226415094339622,0.41,0.07547169811320754,0.0,0.0,0.029649595687331536,,0.14824797843665768,1.0
yeast,rfc-nosuite,0.6226415094339622,0.55,0.01078167115902965,0.0,0.0,0.1078167115902965,,0.09433962264150944,1.0
yeast,rfc-nosuite,0.6226415094339622,0.79,0.07277628032345014,0.0,0.0,0.029649595687331536,,0.0889487870619946,1.0
yeast,rfc-nosuite,0.6226415094339622,0.85,0.14285714285714285,0.0,0.0,0.03234501347708895,,0.12398921832884097,1.0
rmftsa,rfc-nosuite,0.48828125,0.3562142857142858,0.42578125,0.0,0.0,0.38671875,0.4453125,0.0546875,1.0
rmftsa,rfc-nosuite,0.48828125,0.4576666666666667,0.21875,0.0,0.0,0.08984375,0.234375,0.20703125,1.0
rmftsa,rfc-nosuite,0.48828125,0.6425,0.50390625,0.0,0.0,0.09765625,0.13671875,0.02734375,1.0
rmftsa,rfc-nosuite,0.48828125,0.8478333333333333,0.47265625,0.0,0.0,0.42578125,0.046875,0.05859375,1.0
rmftsa,rfc-nosuite,0.48828125,0.614280303030303,0.7109375,0.0,0.0,0.28125,0.18359375,0.47265625,1.0
rmftsa,rfc-nosuite,0.48828125,0.8540349927849925,0.18359375,0.0,0.0,0.2421875,0.375,0.3671875,1.0
rmftsa,rfc-nosuite,0.48828125,0.2751865079365079,0.6875,0.0,0.0,0.1171875,0.01953125,0.1171875,1.0
rmftsa,rfc-nosuite,0.48828125,0.8464378399378396,0.26953125,0.0,0.0,0.26953125,0.26171875,0.26953125,1.0
rmftsa,rfc-nosuite,0.48828125,0.8261904761904763,0.03125,0.0,0.0,0.05078125,0.21484375,0.01953125,1.0
rmftsa,rfc-nosuite,0.48828125,0.5813382173382172,0.453125,0.0,0.0,0.26953125,0.1640625,0.26953125,1.0
rmftsa,rfc-nosuite,0.48828125,1.0,0.61328125,0.0,0.0,0.3671875,0.125,0.48046875,1.0
rmftsa,rfc-nosuite,0.48828125,0.59075,0.21484375,0.0,0.0,0.49609375,0.2265625,0.21484375,1.0
rmftsa,rfc-nosuite,0.48828125,0.861,0.08984375,0.0,0.0,0.03125,0.22265625,0.03125,1.0
rmftsa,rfc-nosuite,0.48828125,0.6853333333333335,0.3203125,0.0,0.0,0.140625,0.28515625,0.12890625,1.0
rmftsa,rfc-nosuite,0.48828125,0.6778594852859559,0.453125,0.0,0.0,0.15234375,0.23046875,0.49609375,1.0
rmftsa,rfc-nosuite,0.48828125,0.39428571428571435,0.015625,0.0,0.0,0.015625,0.12890625,0.10546875,1.0
rmftsa,rfc-nosuite,0.48828125,0.4970714285714286,0.10546875,0.0,0.0,0.0703125,0.0859375,0.2265625,1.0
rmftsa,rfc-nosuite,0.48828125,0.5813382173382172,0.453125,0.0,0.0,0.26953125,0.21484375,0.4375,1.0
rmftsa,rfc-nosuite,0.48828125,0.58,0.06640625,0.0,0.0,0.10546875,0.17578125,0.0390625,1.0
rmftsa,rfc-nosuite,0.48828125,0.9611111111111111,0.7109375,0.0,0.0,0.3203125,0.33984375,0.5859375,1.0
rmftsa,rfc-nosuite,0.48828125,0.6005757575757573,0.42578125,0.0,0.0,0.0390625,0.40625,0.1640625,1.0
rmftsa,rfc-nosuite,0.48828125,0.3537380952380953,0.04296875,0.0,0.0,0.27734375,0.16796875,0.1015625,1.0
rmftsa,rfc-nosuite,0.48828125,0.6685,0.171875,0.0,0.0,0.64453125,0.16796875,0.0546875,1.0
rmftsa,rfc-nosuite,0.48828125,0.6693243284493282,0.75390625,0.0,0.0,0.3828125,0.52734375,0.39453125,1.0
rmftsa,rfc-nosuite,0.48828125,0.7121666666666667,0.28125,0.0,0.0,0.52734375,0.28515625,0.3515625,1.0
rmftsa,rfc-nosuite,0.48828125,0.82,0.0703125,0.0,0.0,0.50390625,0.27734375,0.01171875,1.0
rmftsa,rfc-nosuite,0.48828125,0.429,0.0390625,0.0,0.0,0.00390625,0.37109375,0.265625,1.0
rmftsa,rfc-nosuite,0.48828125,0.52,0.09765625,0.0,0.0,0.62109375,0.03515625,0.34765625,1.0
rmftsa,rfc-nosuite,0.48828125,0.42683730158730154,0.1015625,0.0,0.0,0.7890625,0.453125,0.12109375,1.0
rmftsa,rfc-nosuite,0.48828125,0.6702857142857143,0.89453125,0.0,0.0,0.203125,0.171875,0.1171875,1.0
rmftsa,rfc-nosuite,0.48828125,0.6414067321567322,0.0859375,0.0,0.0,0.15625,0.37109375,0.22265625,1.0
rmftsa,rfc-nosuite,0.48828125,0.3321428571428571,0.015625,0.0,0.0,0.015625,0.22265625,0.22265625,1.0
rmftsa,rfc-nosuite,0.48828125,0.6853333333333335,0.3203125,0.0,0.0,0.140625,0.08203125,0.12890625,1.0
rmftsa,rfc-nosuite,0.48828125,0.5189999999999999,0.21875,0.0,0.0,0.171875,0.125,0.08984375,1.0
rmftsa,rfc-nosuite,0.48828125,0.8230952380952381,0.24609375,0.0,0.0,0.27734375,0.546875,0.078125,1.0
rmftsa,rfc-nosuite,0.48828125,0.5,0.078125,0.0,0.0,0.03125,0.39453125,0.0078125,1.0
rmftsa,rfc-nosuite,0.48828125,0.514142857142857,0.61328125,0.0,0.0,0.5234375,0.43359375,0.578125,1.0
rmftsa,rfc-nosuite,0.48828125,1.0,0.28125,0.0,0.0,0.015625,0.046875,0.0390625,1.0
rmftsa,rfc-nosuite,0.48828125,0.5757976190476191,0.3046875,0.0,0.0,0.5546875,0.1328125,0.18359375,1.0
rmftsa,rfc-nosuite,0.48828125,0.88,0.04296875,0.0,0.0,0.22265625,0.11328125,0.03125,1.0
rmftsa,rfc-nosuite,0.48828125,0.5973333333333334,0.1171875,0.0,0.0,0.15625,0.23046875,0.12890625,1.0
rmftsa,rfc-nosuite,0.48828125,0.4328333333333333,0.06640625,0.0,0.0,0.16796875,0.28515625,0.01953125,1.0
rmftsa,rfc-nosuite,0.48828125,0.74,0.08203125,0.0,0.0,0.0546875,0.28125,0.2421875,1.0
rmftsa,rfc-nosuite,0.48828125,0.74,0.578125,0.0,0.0,0.4296875,0.234375,0.0859375,1.0
rmftsa,rfc-nosuite,0.48828125,0.89,0.28125,0.0,0.0,0.015625,0.015625,0.38671875,1.0
rmftsa,rfc-nosuite,0.48828125,0.5813382173382172,0.453125,0.0,0.0,0.26953125,0.390625,0.2421875,1.0
rmftsa,rfc-nosuite,0.48828125,0.74,0.08203125,0.0,0.0,0.0546875,0.28125,0.265625,1.0
rmftsa,rfc-nosuite,0.48828125,0.72,0.078125,0.0,0.0,0.05859375,0.05859375,0.05859375,1.0
rmftsa,rfc-nosuite,0.48828125,0.86,0.046875,0.0,0.0,0.0390625,0.046875,0.0390625,1.0
rmftsa,rfc-nosuite,0.48828125,0.6383095238095238,0.96484375,0.0,0.0,0.16796875,0.06640625,0.12109375,1.0
yeast,rfc-nosuite,0.6226415094339622,0.43,0.02425876010781671,0.0,0.0,0.03234501347708895,,0.05121293800539083,1.0
yeast,rfc-nosuite,0.6226415094339622,0.79,0.0215633423180593,0.0,0.0,0.03504043126684636,,0.1725067385444744,1.0
yeast,rfc-nosuite,0.6226415094339622,0.7,0.029649595687331536,0.0,0.0,0.03234501347708895,,0.0862533692722372,1.0
yeast,rfc-nosuite,0.6226415094339622,0.74,0.11590296495956873,0.0,0.0,0.018867924528301886,,0.14555256064690028,1.0
yeast,rfc-nosuite,0.6226415094339622,0.8,0.08086253369272237,0.0,0.0,0.02425876010781671,,0.05390835579514825,1.0
yeast,rfc-nosuite,0.6226415094339622,0.42,0.04582210242587601,0.0,0.0,0.005390835579514825,,0.0026954177897574125,1.0
yeast,rfc-nosuite,0.6226415094339622,0.67,0.0215633423180593,0.0,0.0,0.07008086253369272,,0.09164420485175202,1.0
yeast,rfc-nosuite,0.6226415094339622,0.47,0.026954177897574125,0.0,0.0,0.0026954177897574125,,0.03234501347708895,1.0
yeast,rfc-nosuite,0.6226415094339622,0.57,0.018867924528301886,0.0,0.0,0.02425876010781671,,0.029649595687331536,1.0
yeast,rfc-nosuite,0.6226415094339622,0.72,0.07547169811320754,0.0,0.0,0.05390835579514825,,0.33962264150943394,1.0
yeast,rfc-nosuite,0.6226415094339622,0.86,0.09164420485175202,0.0,0.0,0.01078167115902965,,0.09703504043126684,1.0
yeast,rfc-nosuite,0.6226415094339622,0.86,0.03234501347708895,0.0,0.0,0.0215633423180593,,0.18059299191374664,1.0
yeast,rfc-nosuite,0.6226415094339622,0.59,0.06199460916442048,0.0,0.0,0.03773584905660377,,0.07547169811320754,1.0
yeast,rfc-nosuite,0.6226415094339622,0.55,0.0215633423180593,0.0,0.0,0.005390835579514825,,0.013477088948787063,1.0
yeast,rfc-nosuite,0.6226415094339622,0.72,0.1105121293800539,0.0,0.0,0.0215633423180593,,0.14285714285714285,1.0
yeast,rfc-nosuite,0.6226415094339622,0.48,0.03773584905660377,0.0,0.0,0.005390835579514825,,0.15633423180592992,1.0
yeast,rfc-nosuite,0.6226415094339622,0.56,0.01078167115902965,0.0,0.0,0.06199460916442048,,0.07816711590296496,1.0
yeast,rfc-nosuite,0.6226415094339622,0.73,0.013477088948787063,0.0,0.0,0.01078167115902965,,0.018867924528301886,1.0
yeast,rfc-nosuite,0.6226415094339622,0.6,0.0215633423180593,0.0,0.0,0.03234501347708895,,0.029649595687331536,1.0
yeast,rfc-nosuite,0.6226415094339622,0.64,0.016172506738544475,0.0,0.0,0.05121293800539083,,0.1940700808625337,1.0
yeast,rfc-nosuite,0.6226415094339622,0.77,0.04043126684636118,0.0,0.0,0.01078167115902965,,0.16172506738544473,1.0
yeast,rfc-nosuite,0.6226415094339622,0.74,0.008086253369272238,0.0,0.0,0.01078167115902965,,0.1778975741239892,1.0
yeast,rfc-nosuite,0.6226415094339622,0.9,0.07547169811320754,0.0,0.0,0.05660377358490566,,0.11859838274932614,1.0
yeast,rfc-nosuite,0.6226415094339622,0.42,0.005390835579514825,0.0,0.0,0.029649595687331536,,0.02425876010781671,1.0
yeast,rfc-nosuite,0.6226415094339622,0.54,0.04851752021563342,0.0,0.0,0.05390835579514825,,0.11859838274932614,1.0
yeast,rfc-nosuite,0.6226415094339622,0.4,0.018867924528301886,0.0,0.0,0.018867924528301886,,0.22641509433962265,1.0
yeast,rfc-nosuite,0.6226415094339622,0.52,0.013477088948787063,0.0,0.0,0.07008086253369272,,0.07008086253369272,1.0
yeast,rfc-nosuite,0.6226415094339622,0.51,0.013477088948787063,0.0,0.0,0.0026954177897574125,,0.03504043126684636,1.0
yeast,rfc-nosuite,0.6226415094339622,0.78,0.03504043126684636,0.0,0.0,0.02425876010781671,,0.1725067385444744,1.0
yeast,rfc-nosuite,0.6226415094339622,0.64,0.008086253369272238,0.0,0.0,0.04582210242587601,,0.16172506738544473,1.0
yeast,rfc-nosuite,0.6226415094339622,0.51,0.029649595687331536,0.0,0.0,0.02425876010781671,,0.19137466307277629,1.0
yeast,rfc-nosuite,0.6226415094339622,0.75,0.0431266846361186,0.0,0.0,0.0431266846361186,,0.06199460916442048,1.0
yeast,rfc-nosuite,0.6226415094339622,0.32,0.013477088948787063,0.0,0.0,0.0026954177897574125,,0.03773584905660377,1.0
yeast,rfc-nosuite,0.6226415094339622,0.37,0.02425876010781671,0.0,0.0,0.0215633423180593,,0.03773584905660377,1.0
yeast,rfc-nosuite,0.6226415094339622,0.63,0.05660377358490566,0.0,0.0,0.07816711590296496,,0.1752021563342318,1.0
yeast,rfc-nosuite,0.6226415094339622,0.45,0.05929919137466307,0.0,0.0,0.0889487870619946,,0.08355795148247978,1.0
yeast,rfc-nosuite,0.6226415094339622,0.42,0.0215633423180593,0.0,0.0,0.005390835579514825,,0.008086253369272238,1.0
yeast,rfc-nosuite,0.6226415094339622,0.92,0.029649595687331536,0.0,0.0,0.0215633423180593,,0.14285714285714285,1.0
yeast,rfc-nosuite,0.6226415094339622,0.73,0.029649595687331536,0.0,0.0,0.03773584905660377,,0.25067385444743934,1.0
yeast,rfc-nosuite,0.6226415094339622,0.44,0.03773584905660377,0.0,0.0,0.01078167115902965,,0.22911051212938005,1.0
yeast,rfc-nosuite,0.6226415094339622,0.64,0.0673854447439353,0.0,0.0,0.02425876010781671,,0.12398921832884097,1.0
yeast,rfc-nosuite,0.6226415094339622,0.57,0.07547169811320754,0.0,0.0,0.14555256064690028,,0.15633423180592992,1.0
yeast,rfc-nosuite,0.6226415094339622,0.47,0.013477088948787063,0.0,0.0,0.01078167115902965,,0.25336927223719674,1.0
yeast,rfc-nosuite,0.6226415094339622,0.56,0.008086253369272238,0.0,0.0,0.018867924528301886,,0.013477088948787063,1.0
yeast,rfc-nosuite,0.6226415094339622,0.76,0.05929919137466307,0.0,0.0,0.016172506738544475,,0.20215633423180593,1.0
yeast,rfc-nosuite,0.6226415094339622,0.55,0.40161725067385445,0.0,0.0,0.0215633423180593,,0.11859838274932614,1.0
yeast,rfc-nosuite,0.6226415094339622,0.41,0.07547169811320754,0.0,0.0,0.029649595687331536,,0.14824797843665768,1.0
yeast,rfc-nosuite,0.6226415094339622,0.55,0.01078167115902965,0.0,0.0,0.1078167115902965,,0.09433962264150944,1.0
yeast,rfc-nosuite,0.6226415094339622,0.79,0.07277628032345014,0.0,0.0,0.029649595687331536,,0.0889487870619946,1.0
yeast,rfc-nosuite,0.6226415094339622,0.85,0.14285714285714285,0.0,0.0,0.03234501347708895,,0.12398921832884097,1.0
rmftsa,rfc-nosuite,0.48828125,0.3562142857142858,0.42578125,0.0,0.0,0.38671875,0.4453125,0.0546875,1.0
rmftsa,rfc-nosuite,0.48828125,0.4576666666666667,0.21875,0.0,0.0,0.08984375,0.234375,0.20703125,1.0
rmftsa,rfc-nosuite,0.48828125,0.6425,0.50390625,0.0,0.0,0.09765625,0.13671875,0.02734375,1.0
rmftsa,rfc-nosuite,0.48828125,0.8478333333333333,0.47265625,0.0,0.0,0.42578125,0.046875,0.05859375,1.0
rmftsa,rfc-nosuite,0.48828125,0.614280303030303,0.7109375,0.0,0.0,0.28125,0.18359375,0.47265625,1.0
rmftsa,rfc-nosuite,0.48828125,0.8540349927849925,0.18359375,0.0,0.0,0.2421875,0.375,0.3671875,1.0
rmftsa,rfc-nosuite,0.48828125,0.2751865079365079,0.6875,0.0,0.0,0.1171875,0.01953125,0.1171875,1.0
rmftsa,rfc-nosuite,0.48828125,0.8464378399378396,0.26953125,0.0,0.0,0.26953125,0.26171875,0.26953125,1.0
rmftsa,rfc-nosuite,0.48828125,0.8261904761904763,0.03125,0.0,0.0,0.05078125,0.21484375,0.01953125,1.0
rmftsa,rfc-nosuite,0.48828125,0.5813382173382172,0.453125,0.0,0.0,0.26953125,0.1640625,0.26953125,1.0
rmftsa,rfc-nosuite,0.48828125,1.0,0.61328125,0.0,0.0,0.3671875,0.125,0.48046875,1.0
rmftsa,rfc-nosuite,0.48828125,0.59075,0.21484375,0.0,0.0,0.49609375,0.2265625,0.21484375,1.0
rmftsa,rfc-nosuite,0.48828125,0.861,0.08984375,0.0,0.0,0.03125,0.22265625,0.03125,1.0
rmftsa,rfc-nosuite,0.48828125,0.6853333333333335,0.3203125,0.0,0.0,0.140625,0.28515625,0.12890625,1.0
rmftsa,rfc-nosuite,0.48828125,0.6778594852859559,0.453125,0.0,0.0,0.15234375,0.23046875,0.49609375,1.0
rmftsa,rfc-nosuite,0.48828125,0.39428571428571435,0.015625,0.0,0.0,0.015625,0.12890625,0.10546875,1.0
rmftsa,rfc-nosuite,0.48828125,0.4970714285714286,0.10546875,0.0,0.0,0.0703125,0.0859375,0.2265625,1.0
rmftsa,rfc-nosuite,0.48828125,0.5813382173382172,0.453125,0.0,0.0,0.26953125,0.21484375,0.4375,1.0
rmftsa,rfc-nosuite,0.48828125,0.58,0.06640625,0.0,0.0,0.10546875,0.17578125,0.0390625,1.0
rmftsa,rfc-nosuite,0.48828125,0.9611111111111111,0.7109375,0.0,0.0,0.3203125,0.33984375,0.5859375,1.0
rmftsa,rfc-nosuite,0.48828125,0.6005757575757573,0.42578125,0.0,0.0,0.0390625,0.40625,0.1640625,1.0
rmftsa,rfc-nosuite,0.48828125,0.3537380952380953,0.04296875,0.0,0.0,0.27734375,0.16796875,0.1015625,1.0
rmftsa,rfc-nosuite,0.48828125,0.6685,0.171875,0.0,0.0,0.64453125,0.16796875,0.0546875,1.0
rmftsa,rfc-nosuite,0.48828125,0.6693243284493282,0.75390625,0.0,0.0,0.3828125,0.52734375,0.39453125,1.0
rmftsa,rfc-nosuite,0.48828125,0.7121666666666667,0.28125,0.0,0.0,0.52734375,0.28515625,0.3515625,1.0
rmftsa,rfc-nosuite,0.48828125,0.82,0.0703125,0.0,0.0,0.50390625,0.27734375,0.01171875,1.0
rmftsa,rfc-nosuite,0.48828125,0.429,0.0390625,0.0,0.0,0.00390625,0.37109375,0.265625,1.0
rmftsa,rfc-nosuite,0.48828125,0.52,0.09765625,0.0,0.0,0.62109375,0.03515625,0.34765625,1.0
rmftsa,rfc-nosuite,0.48828125,0.42683730158730154,0.1015625,0.0,0.0,0.7890625,0.453125,0.12109375,1.0
rmftsa,rfc-nosuite,0.48828125,0.6702857142857143,0.89453125,0.0,0.0,0.203125,0.171875,0.1171875,1.0
rmftsa,rfc-nosuite,0.48828125,0.6414067321567322,0.0859375,0.0,0.0,0.15625,0.37109375,0.22265625,1.0
rmftsa,rfc-nosuite,0.48828125,0.3321428571428571,0.015625,0.0,0.0,0.015625,0.22265625,0.22265625,1.0
rmftsa,rfc-nosuite,0.48828125,0.6853333333333335,0.3203125,0.0,0.0,0.140625,0.08203125,0.12890625,1.0
rmftsa,rfc-nosuite,0.48828125,0.5189999999999999,0.21875,0.0,0.0,0.171875,0.125,0.08984375,1.0
rmftsa,rfc-nosuite,0.48828125,0.8230952380952381,0.24609375,0.0,0.0,0.27734375,0.546875,0.078125,1.0
rmftsa,rfc-nosuite,0.48828125,0.5,0.078125,0.0,0.0,0.03125,0.39453125,0.0078125,1.0
rmftsa,rfc-nosuite,0.48828125,0.514142857142857,0.61328125,0.0,0.0,0.5234375,0.43359375,0.578125,1.0
rmftsa,rfc-nosuite,0.48828125,1.0,0.28125,0.0,0.0,0.015625,0.046875,0.0390625,1.0
rmftsa,rfc-nosuite,0.48828125,0.5757976190476191,0.3046875,0.0,0.0,0.5546875,0.1328125,0.18359375,1.0
rmftsa,rfc-nosuite,0.48828125,0.88,0.04296875,0.0,0.0,0.22265625,0.11328125,0.03125,1.0
rmftsa,rfc-nosuite,0.48828125,0.5973333333333334,0.1171875,0.0,0.0,0.15625,0.23046875,0.12890625,1.0
rmftsa,rfc-nosuite,0.48828125,0.4328333333333333,0.06640625,0.0,0.0,0.16796875,0.28515625,0.01953125,1.0
rmftsa,rfc-nosuite,0.48828125,0.74,0.08203125,0.0,0.0,0.0546875,0.28125,0.2421875,1.0
rmftsa,rfc-nosuite,0.48828125,0.74,0.578125,0.0,0.0,0.4296875,0.234375,0.0859375,1.0
rmftsa,rfc-nosuite,0.48828125,0.89,0.28125,0.0,0.0,0.015625,0.015625,0.38671875,1.0
rmftsa,rfc-nosuite,0.48828125,0.5813382173382172,0.453125,0.0,0.0,0.26953125,0.390625,0.2421875,1.0
rmftsa,rfc-nosuite,0.48828125,0.74,0.08203125,0.0,0.0,0.0546875,0.28125,0.265625,1.0
rmftsa,rfc-nosuite,0.48828125,0.72,0.078125,0.0,0.0,0.05859375,0.05859375,0.05859375,1.0
rmftsa,rfc-nosuite,0.48828125,0.86,0.046875,0.0,0.0,0.0390625,0.046875,0.0390625,1.0
rmftsa,rfc-nosuite,0.48828125,0.6383095238095238,0.96484375,0.0,0.0,0.16796875,0.06640625,0.12109375,1.0
banknote-authentication,rfc-nosuite,0.9941690962099126,0.99,1.0,0.0,0.0,0.20699708454810495,0.6647230320699709,0.31486880466472306,1.0
banknote-authentication,rfc-nosuite,0.9941690962099126,1.0,1.0,0.0,0.0,0.358600583090379,0.33819241982507287,0.36151603498542273,1.0
banknote-authentication,rfc-nosuite,0.9941690962099126,0.97,1.0,0.0,0.0,0.2565597667638484,0.7084548104956269,0.23323615160349853,1.0
banknote-authentication,rfc-nosuite,0.9941690962099126,0.95,0.4897959183673469,0.0,0.0,0.17784256559766765,0.239067055393586,0.24198250728862974,1.0
banknote-authentication,rfc-nosuite,0.9941690962099126,1.0,0.8104956268221575,0.0,0.0,0.3935860058309038,0.21574344023323616,0.34110787172011664,1.0
banknote-authentication,rfc-nosuite,0.9941690962099126,1.0,0.2594752186588921,0.0,0.0,0.30029154518950435,0.07580174927113703,0.30612244897959184,1.0
banknote-authentication,rfc-nosuite,0.9941690962099126,0.99,0.6967930029154519,0.0,0.0,0.25072886297376096,0.30612244897959184,0.2915451895043732,1.0
banknote-authentication,rfc-nosuite,0.9941690962099126,1.0,1.0,0.0,0.0,0.358600583090379,0.37900874635568516,0.2565597667638484,1.0
banknote-authentication,rfc-nosuite,0.9941690962099126,1.0,0.6676384839650146,0.0,0.0,0.4227405247813411,0.09912536443148688,0.3819241982507289,1.0
banknote-authentication,rfc-nosuite,0.9941690962099126,1.0,1.0,0.0,0.0,0.30903790087463556,0.22157434402332363,0.3323615160349854,1.0
banknote-authentication,rfc-nosuite,0.9941690962099126,0.94,0.7084548104956269,0.0,0.0,0.09912536443148688,0.026239067055393587,0.10495626822157435,1.0
banknote-authentication,rfc-nosuite,0.9941690962099126,1.0,1.0,0.0,0.0,0.4897959183673469,0.08746355685131195,0.42857142857142855,1.0
banknote-authentication,rfc-nosuite,0.9941690962099126,1.0,1.0,0.0,0.0,0.16034985422740525,0.2886297376093295,0.446064139941691,1.0
banknote-authentication,rfc-nosuite,0.9941690962099126,1.0,1.0,0.0,0.0,0.119533527696793,0.6618075801749271,0.2915451895043732,1.0
banknote-authentication,rfc-nosuite,0.9941690962099126,1.0,1.0,0.0,0.0,0.16326530612244897,0.0728862973760933,0.30612244897959184,1.0
banknote-authentication,rfc-nosuite,0.9941690962099126,1.0,0.3323615160349854,0.0,0.0,0.14868804664723032,0.061224489795918366,0.24489795918367346,1.0
banknote-authentication,rfc-nosuite,0.9941690962099126,0.99,0.3323615160349854,0.0,0.0,0.15160349854227406,0.061224489795918366,0.18075801749271136,1.0
banknote-authentication,rfc-nosuite,0.9941690962099126,0.98,0.6676384839650146,0.0,0.0,0.21282798833819241,0.3673469387755102,0.15451895043731778,1.0
banknote-authentication,rfc-nosuite,0.9941690962099126,0.99,1.0,0.0,0.0,0.33819241982507287,0.33819241982507287,0.30612244897959184,1.0
banknote-authentication,rfc-nosuite,0.9941690962099126,1.0,1.0,0.0,0.0,0.3848396501457726,0.03206997084548105,0.23323615160349853,1.0
banknote-authentication,rfc-nosuite,0.9941690962099126,1.0,0.8688046647230321,0.0,0.0,0.30612244897959184,0.0641399416909621,0.3032069970845481,1.0
banknote-authentication,rfc-nosuite,0.9941690962099126,0.97,0.20699708454810495,0.0,0.0,0.18075801749271136,0.2099125364431487,0.18658892128279883,1.0
banknote-authentication,rfc-nosuite,0.9941690962099126,1.0,1.0,0.0,0.0,0.33819241982507287,0.30903790087463556,0.3032069970845481,1.0
banknote-authentication,rfc-nosuite,0.9941690962099126,1.0,1.0,0.0,0.0,0.34402332361516036,0.26822157434402333,0.37026239067055394,1.0
banknote-authentication,rfc-nosuite,0.9941690962099126,0.89,0.6618075801749271,0.0,0.0,0.037900874635568516,0.029154518950437316,0.01749271137026239,1.0
banknote-authentication,rfc-nosuite,0.9941690962099126,1.0,1.0,0.0,0.0,0.33819241982507287,0.3498542274052478,0.24198250728862974,1.0
banknote-authentication,rfc-nosuite,0.9941690962099126,1.0,1.0,0.0,0.0,0.13119533527696792,0.11370262390670553,0.30903790087463556,1.0
banknote-authentication,rfc-nosuite,0.9941690962099126,1.0,1.0,0.0,0.0,0.31486880466472306,0.27113702623906705,0.4839650145772595,1.0
banknote-authentication,rfc-nosuite,0.9941690962099126,0.94,0.33819241982507287,0.0,0.0,0.33819241982507287,0.30612244897959184,0.33819241982507287,1.0
banknote-authentication,rfc-nosuite,0.9941690962099126,0.99,1.0,0.0,0.0,0.16326530612244897,0.16326530612244897,0.2857142857142857,1.0
banknote-authentication,rfc-nosuite,0.9941690962099126,0.99,1.0,0.0,0.0,0.20699708454810495,0.5189504373177842,0.2944606413994169,1.0
banknote-authentication,rfc-nosuite,0.9941690962099126,1.0,1.0,0.0,0.0,0.24198250728862974,0.5393586005830904,0.3206997084548105,1.0
banknote-authentication,rfc-nosuite,0.9941690962099126,0.94,0.3032069970845481,0.0,0.0,0.04081632653061224,0.03206997084548105,0.09037900874635568,1.0
banknote-authentication,rfc-nosuite,0.9941690962099126,1.0,1.0,0.0,0.0,0.30903790087463556,0.21865889212827988,0.5043731778425656,1.0
banknote-authentication,rfc-nosuite,0.9941690962099126,0.97,0.42857142857142855,0.0,0.0,0.16326530612244897,0.40233236151603496,0.25072886297376096,1.0
banknote-authentication,rfc-nosuite,0.9941690962099126,1.0,1.0,0.0,0.0,0.30903790087463556,0.21865889212827988,0.5685131195335277,1.0
banknote-authentication,rfc-nosuite,0.9941690962099126,1.0,1.0,0.0,0.0,0.2886297376093295,0.30612244897959184,0.4227405247813411,1.0
banknote-authentication,rfc-nosuite,0.9941690962099126,1.0,1.0,0.0,0.0,0.5043731778425656,0.2303206997084548,0.36151603498542273,1.0
banknote-authentication,rfc-nosuite,0.9941690962099126,0.98,1.0,0.0,0.0,0.15451895043731778,0.6618075801749271,0.40233236151603496,1.0
banknote-authentication,rfc-nosuite,0.9941690962099126,1.0,1.0,0.0,0.0,0.30903790087463556,0.11078717201166181,0.43731778425655976,1.0
banknote-authentication,rfc-nosuite,0.9941690962099126,0.99,1.0,0.0,0.0,0.36151603498542273,0.282798833819242,0.4868804664723032,1.0
banknote-authentication,rfc-nosuite,0.9941690962099126,1.0,0.30029154518950435,0.0,0.0,0.30612244897959184,0.30029154518950435,0.30612244897959184,1.0
banknote-authentication,rfc-nosuite,0.9941690962099126,0.85,0.6618075801749271,0.0,0.0,0.037900874635568516,0.11370262390670553,0.04664723032069971,1.0
banknote-authentication,rfc-nosuite,0.9941690962099126,0.99,0.2478134110787172,0.0,0.0,0.09912536443148688,0.03206997084548105,0.052478134110787174,1.0
banknote-authentication,rfc-nosuite,0.9941690962099126,1.0,1.0,0.0,0.0,0.30029154518950435,0.08454810495626822,0.239067055393586,1.0
banknote-authentication,rfc-nosuite,0.9941690962099126,1.0,0.6676384839650146,0.0,0.0,0.6618075801749271,0.2565597667638484,0.30612244897959184,1.0
banknote-authentication,rfc-nosuite,0.9941690962099126,1.0,1.0,0.0,0.0,0.2944606413994169,0.22157434402332363,0.3965014577259475,1.0
banknote-authentication,rfc-nosuite,0.9941690962099126,0.99,0.5043731778425656,0.0,0.0,0.1282798833819242,0.3965014577259475,0.23323615160349853,1.0
banknote-authentication,rfc-nosuite,0.9941690962099126,0.99,1.0,0.0,0.0,0.21574344023323616,0.26239067055393583,0.3469387755102041,1.0
banknote-authentication,rfc-nosuite,0.9941690962099126,0.94,0.01749271137026239,0.0,0.0,0.061224489795918366,0.011661807580174927,0.04956268221574344,1.0
yeast,rfc-nosuite,0.6226415094339622,0.43,0.02425876010781671,0.0,0.0,0.03234501347708895,,0.05121293800539083,1.0
yeast,rfc-nosuite,0.6226415094339622,0.79,0.0215633423180593,0.0,0.0,0.03504043126684636,,0.1725067385444744,1.0
yeast,rfc-nosuite,0.6226415094339622,0.7,0.029649595687331536,0.0,0.0,0.03234501347708895,,0.0862533692722372,1.0
yeast,rfc-nosuite,0.6226415094339622,0.74,0.11590296495956873,0.0,0.0,0.018867924528301886,,0.14555256064690028,1.0
yeast,rfc-nosuite,0.6226415094339622,0.8,0.08086253369272237,0.0,0.0,0.02425876010781671,,0.05390835579514825,1.0
yeast,rfc-nosuite,0.6226415094339622,0.42,0.04582210242587601,0.0,0.0,0.005390835579514825,,0.0026954177897574125,1.0
yeast,rfc-nosuite,0.6226415094339622,0.67,0.0215633423180593,0.0,0.0,0.07008086253369272,,0.09164420485175202,1.0
yeast,rfc-nosuite,0.6226415094339622,0.47,0.026954177897574125,0.0,0.0,0.0026954177897574125,,0.03234501347708895,1.0
yeast,rfc-nosuite,0.6226415094339622,0.57,0.018867924528301886,0.0,0.0,0.02425876010781671,,0.029649595687331536,1.0
yeast,rfc-nosuite,0.6226415094339622,0.72,0.07547169811320754,0.0,0.0,0.05390835579514825,,0.33962264150943394,1.0
yeast,rfc-nosuite,0.6226415094339622,0.86,0.09164420485175202,0.0,0.0,0.01078167115902965,,0.09703504043126684,1.0
yeast,rfc-nosuite,0.6226415094339622,0.86,0.03234501347708895,0.0,0.0,0.0215633423180593,,0.18059299191374664,1.0
yeast,rfc-nosuite,0.6226415094339622,0.59,0.06199460916442048,0.0,0.0,0.03773584905660377,,0.07547169811320754,1.0
yeast,rfc-nosuite,0.6226415094339622,0.55,0.0215633423180593,0.0,0.0,0.005390835579514825,,0.013477088948787063,1.0
yeast,rfc-nosuite,0.6226415094339622,0.72,0.1105121293800539,0.0,0.0,0.0215633423180593,,0.14285714285714285,1.0
yeast,rfc-nosuite,0.6226415094339622,0.48,0.03773584905660377,0.0,0.0,0.005390835579514825,,0.15633423180592992,1.0
yeast,rfc-nosuite,0.6226415094339622,0.56,0.01078167115902965,0.0,0.0,0.06199460916442048,,0.07816711590296496,1.0
yeast,rfc-nosuite,0.6226415094339622,0.73,0.013477088948787063,0.0,0.0,0.01078167115902965,,0.018867924528301886,1.0
yeast,rfc-nosuite,0.6226415094339622,0.6,0.0215633423180593,0.0,0.0,0.03234501347708895,,0.029649595687331536,1.0
yeast,rfc-nosuite,0.6226415094339622,0.64,0.016172506738544475,0.0,0.0,0.05121293800539083,,0.1940700808625337,1.0
yeast,rfc-nosuite,0.6226415094339622,0.77,0.04043126684636118,0.0,0.0,0.01078167115902965,,0.16172506738544473,1.0
yeast,rfc-nosuite,0.6226415094339622,0.74,0.008086253369272238,0.0,0.0,0.01078167115902965,,0.1778975741239892,1.0
yeast,rfc-nosuite,0.6226415094339622,0.9,0.07547169811320754,0.0,0.0,0.05660377358490566,,0.11859838274932614,1.0
yeast,rfc-nosuite,0.6226415094339622,0.42,0.005390835579514825,0.0,0.0,0.029649595687331536,,0.02425876010781671,1.0
yeast,rfc-nosuite,0.6226415094339622,0.54,0.04851752021563342,0.0,0.0,0.05390835579514825,,0.11859838274932614,1.0
yeast,rfc-nosuite,0.6226415094339622,0.4,0.018867924528301886,0.0,0.0,0.018867924528301886,,0.22641509433962265,1.0
yeast,rfc-nosuite,0.6226415094339622,0.52,0.013477088948787063,0.0,0.0,0.07008086253369272,,0.07008086253369272,1.0
yeast,rfc-nosuite,0.6226415094339622,0.51,0.013477088948787063,0.0,0.0,0.0026954177897574125,,0.03504043126684636,1.0
yeast,rfc-nosuite,0.6226415094339622,0.78,0.03504043126684636,0.0,0.0,0.02425876010781671,,0.1725067385444744,1.0
yeast,rfc-nosuite,0.6226415094339622,0.64,0.008086253369272238,0.0,0.0,0.04582210242587601,,0.16172506738544473,1.0
yeast,rfc-nosuite,0.6226415094339622,0.51,0.029649595687331536,0.0,0.0,0.02425876010781671,,0.19137466307277629,1.0
yeast,rfc-nosuite,0.6226415094339622,0.75,0.0431266846361186,0.0,0.0,0.0431266846361186,,0.06199460916442048,1.0
yeast,rfc-nosuite,0.6226415094339622,0.32,0.013477088948787063,0.0,0.0,0.0026954177897574125,,0.03773584905660377,1.0
yeast,rfc-nosuite,0.6226415094339622,0.37,0.02425876010781671,0.0,0.0,0.0215633423180593,,0.03773584905660377,1.0
yeast,rfc-nosuite,0.6226415094339622,0.63,0.05660377358490566,0.0,0.0,0.07816711590296496,,0.1752021563342318,1.0
yeast,rfc-nosuite,0.6226415094339622,0.45,0.05929919137466307,0.0,0.0,0.0889487870619946,,0.08355795148247978,1.0
yeast,rfc-nosuite,0.6226415094339622,0.42,0.0215633423180593,0.0,0.0,0.005390835579514825,,0.008086253369272238,1.0
yeast,rfc-nosuite,0.6226415094339622,0.92,0.029649595687331536,0.0,0.0,0.0215633423180593,,0.14285714285714285,1.0
yeast,rfc-nosuite,0.6226415094339622,0.73,0.029649595687331536,0.0,0.0,0.03773584905660377,,0.25067385444743934,1.0
yeast,rfc-nosuite,0.6226415094339622,0.44,0.03773584905660377,0.0,0.0,0.01078167115902965,,0.22911051212938005,1.0
yeast,rfc-nosuite,0.6226415094339622,0.64,0.0673854447439353,0.0,0.0,0.02425876010781671,,0.12398921832884097,1.0
yeast,rfc-nosuite,0.6226415094339622,0.57,0.07547169811320754,0.0,0.0,0.14555256064690028,,0.15633423180592992,1.0
yeast,rfc-nosuite,0.6226415094339622,0.47,0.013477088948787063,0.0,0.0,0.01078167115902965,,0.25336927223719674,1.0
yeast,rfc-nosuite,0.6226415094339622,0.56,0.008086253369272238,0.0,0.0,0.018867924528301886,,0.013477088948787063,1.0
yeast,rfc-nosuite,0.6226415094339622,0.76,0.05929919137466307,0.0,0.0,0.016172506738544475,,0.20215633423180593,1.0
yeast,rfc-nosuite,0.6226415094339622,0.55,0.40161725067385445,0.0,0.0,0.0215633423180593,,0.11859838274932614,1.0
yeast,rfc-nosuite,0.6226415094339622,0.41,0.07547169811320754,0.0,0.0,0.029649595687331536,,0.14824797843665768,1.0
yeast,rfc-nosuite,0.6226415094339622,0.55,0.01078167115902965,0.0,0.0,0.1078167115902965,,0.09433962264150944,1.0
yeast,rfc-nosuite,0.6226415094339622,0.79,0.07277628032345014,0.0,0.0,0.029649595687331536,,0.0889487870619946,1.0
yeast,rfc-nosuite,0.6226415094339622,0.85,0.14285714285714285,0.0,0.0,0.03234501347708895,,0.12398921832884097,1.0
rmftsa,rfc-nosuite,0.48828125,0.3562142857142858,0.42578125,0.0,0.0,0.38671875,0.4453125,0.0546875,1.0
rmftsa,rfc-nosuite,0.48828125,0.4576666666666667,0.21875,0.0,0.0,0.08984375,0.234375,0.20703125,1.0
rmftsa,rfc-nosuite,0.48828125,0.6425,0.50390625,0.0,0.0,0.09765625,0.13671875,0.02734375,1.0
rmftsa,rfc-nosuite,0.48828125,0.8478333333333333,0.47265625,0.0,0.0,0.42578125,0.046875,0.05859375,1.0
rmftsa,rfc-nosuite,0.48828125,0.614280303030303,0.7109375,0.0,0.0,0.28125,0.18359375,0.47265625,1.0
rmftsa,rfc-nosuite,0.48828125,0.8540349927849925,0.18359375,0.0,0.0,0.2421875,0.375,0.3671875,1.0
rmftsa,rfc-nosuite,0.48828125,0.2751865079365079,0.6875,0.0,0.0,0.1171875,0.01953125,0.1171875,1.0
rmftsa,rfc-nosuite,0.48828125,0.8464378399378396,0.26953125,0.0,0.0,0.26953125,0.26171875,0.26953125,1.0
rmftsa,rfc-nosuite,0.48828125,0.8261904761904763,0.03125,0.0,0.0,0.05078125,0.21484375,0.01953125,1.0
rmftsa,rfc-nosuite,0.48828125,0.5813382173382172,0.453125,0.0,0.0,0.26953125,0.1640625,0.26953125,1.0
rmftsa,rfc-nosuite,0.48828125,1.0,0.61328125,0.0,0.0,0.3671875,0.125,0.48046875,1.0
rmftsa,rfc-nosuite,0.48828125,0.59075,0.21484375,0.0,0.0,0.49609375,0.2265625,0.21484375,1.0
rmftsa,rfc-nosuite,0.48828125,0.861,0.08984375,0.0,0.0,0.03125,0.22265625,0.03125,1.0
rmftsa,rfc-nosuite,0.48828125,0.6853333333333335,0.3203125,0.0,0.0,0.140625,0.28515625,0.12890625,1.0
rmftsa,rfc-nosuite,0.48828125,0.6778594852859559,0.453125,0.0,0.0,0.15234375,0.23046875,0.49609375,1.0
rmftsa,rfc-nosuite,0.48828125,0.39428571428571435,0.015625,0.0,0.0,0.015625,0.12890625,0.10546875,1.0
rmftsa,rfc-nosuite,0.48828125,0.4970714285714286,0.10546875,0.0,0.0,0.0703125,0.0859375,0.2265625,1.0
rmftsa,rfc-nosuite,0.48828125,0.5813382173382172,0.453125,0.0,0.0,0.26953125,0.21484375,0.4375,1.0
rmftsa,rfc-nosuite,0.48828125,0.58,0.06640625,0.0,0.0,0.10546875,0.17578125,0.0390625,1.0
rmftsa,rfc-nosuite,0.48828125,0.9611111111111111,0.7109375,0.0,0.0,0.3203125,0.33984375,0.5859375,1.0
rmftsa,rfc-nosuite,0.48828125,0.6005757575757573,0.42578125,0.0,0.0,0.0390625,0.40625,0.1640625,1.0
rmftsa,rfc-nosuite,0.48828125,0.3537380952380953,0.04296875,0.0,0.0,0.27734375,0.16796875,0.1015625,1.0
rmftsa,rfc-nosuite,0.48828125,0.6685,0.171875,0.0,0.0,0.64453125,0.16796875,0.0546875,1.0
rmftsa,rfc-nosuite,0.48828125,0.6693243284493282,0.75390625,0.0,0.0,0.3828125,0.52734375,0.39453125,1.0
rmftsa,rfc-nosuite,0.48828125,0.7121666666666667,0.28125,0.0,0.0,0.52734375,0.28515625,0.3515625,1.0
rmftsa,rfc-nosuite,0.48828125,0.82,0.0703125,0.0,0.0,0.50390625,0.27734375,0.01171875,1.0
rmftsa,rfc-nosuite,0.48828125,0.429,0.0390625,0.0,0.0,0.00390625,0.37109375,0.265625,1.0
rmftsa,rfc-nosuite,0.48828125,0.52,0.09765625,0.0,0.0,0.62109375,0.03515625,0.34765625,1.0
rmftsa,rfc-nosuite,0.48828125,0.42683730158730154,0.1015625,0.0,0.0,0.7890625,0.453125,0.12109375,1.0
rmftsa,rfc-nosuite,0.48828125,0.6702857142857143,0.89453125,0.0,0.0,0.203125,0.171875,0.1171875,1.0
rmftsa,rfc-nosuite,0.48828125,0.6414067321567322,0.0859375,0.0,0.0,0.15625,0.37109375,0.22265625,1.0
rmftsa,rfc-nosuite,0.48828125,0.3321428571428571,0.015625,0.0,0.0,0.015625,0.22265625,0.22265625,1.0
rmftsa,rfc-nosuite,0.48828125,0.6853333333333335,0.3203125,0.0,0.0,0.140625,0.08203125,0.12890625,1.0
rmftsa,rfc-nosuite,0.48828125,0.5189999999999999,0.21875,0.0,0.0,0.171875,0.125,0.08984375,1.0
rmftsa,rfc-nosuite,0.48828125,0.8230952380952381,0.24609375,0.0,0.0,0.27734375,0.546875,0.078125,1.0
rmftsa,rfc-nosuite,0.48828125,0.5,0.078125,0.0,0.0,0.03125,0.39453125,0.0078125,1.0
rmftsa,rfc-nosuite,0.48828125,0.514142857142857,0.61328125,0.0,0.0,0.5234375,0.43359375,0.578125,1.0
rmftsa,rfc-nosuite,0.48828125,1.0,0.28125,0.0,0.0,0.015625,0.046875,0.0390625,1.0
rmftsa,rfc-nosuite,0.48828125,0.5757976190476191,0.3046875,0.0,0.0,0.5546875,0.1328125,0.18359375,1.0
rmftsa,rfc-nosuite,0.48828125,0.88,0.04296875,0.0,0.0,0.22265625,0.11328125,0.03125,1.0
rmftsa,rfc-nosuite,0.48828125,0.5973333333333334,0.1171875,0.0,0.0,0.15625,0.23046875,0.12890625,1.0
rmftsa,rfc-nosuite,0.48828125,0.4328333333333333,0.06640625,0.0,0.0,0.16796875,0.28515625,0.01953125,1.0
rmftsa,rfc-nosuite,0.48828125,0.74,0.08203125,0.0,0.0,0.0546875,0.28125,0.2421875,1.0
rmftsa,rfc-nosuite,0.48828125,0.74,0.578125,0.0,0.0,0.4296875,0.234375,0.0859375,1.0
rmftsa,rfc-nosuite,0.48828125,0.89,0.28125,0.0,0.0,0.015625,0.015625,0.38671875,1.0
rmftsa,rfc-nosuite,0.48828125,0.5813382173382172,0.453125,0.0,0.0,0.26953125,0.390625,0.2421875,1.0
rmftsa,rfc-nosuite,0.48828125,0.74,0.08203125,0.0,0.0,0.0546875,0.28125,0.265625,1.0
rmftsa,rfc-nosuite,0.48828125,0.72,0.078125,0.0,0.0,0.05859375,0.05859375,0.05859375,1.0
rmftsa,rfc-nosuite,0.48828125,0.86,0.046875,0.0,0.0,0.0390625,0.046875,0.0390625,1.0
rmftsa,rfc-nosuite,0.48828125,0.6383095238095238,0.96484375,0.0,0.0,0.16796875,0.06640625,0.12109375,1.0
banknote-authentication,rfc-nosuite,0.9941690962099126,0.99,1.0,0.0,0.0,0.20699708454810495,0.6647230320699709,0.31486880466472306,1.0
banknote-authentication,rfc-nosuite,0.9941690962099126,1.0,1.0,0.0,0.0,0.358600583090379,0.33819241982507287,0.36151603498542273,1.0
banknote-authentication,rfc-nosuite,0.9941690962099126,0.97,1.0,0.0,0.0,0.2565597667638484,0.7084548104956269,0.23323615160349853,1.0
banknote-authentication,rfc-nosuite,0.9941690962099126,0.95,0.4897959183673469,0.0,0.0,0.17784256559766765,0.239067055393586,0.24198250728862974,1.0
banknote-authentication,rfc-nosuite,0.9941690962099126,1.0,0.8104956268221575,0.0,0.0,0.3935860058309038,0.21574344023323616,0.34110787172011664,1.0
banknote-authentication,rfc-nosuite,0.9941690962099126,1.0,0.2594752186588921,0.0,0.0,0.30029154518950435,0.07580174927113703,0.30612244897959184,1.0
banknote-authentication,rfc-nosuite,0.9941690962099126,0.99,0.6967930029154519,0.0,0.0,0.25072886297376096,0.30612244897959184,0.2915451895043732,1.0
banknote-authentication,rfc-nosuite,0.9941690962099126,1.0,1.0,0.0,0.0,0.358600583090379,0.37900874635568516,0.2565597667638484,1.0
banknote-authentication,rfc-nosuite,0.9941690962099126,1.0,0.6676384839650146,0.0,0.0,0.4227405247813411,0.09912536443148688,0.3819241982507289,1.0
banknote-authentication,rfc-nosuite,0.9941690962099126,1.0,1.0,0.0,0.0,0.30903790087463556,0.22157434402332363,0.3323615160349854,1.0
banknote-authentication,rfc-nosuite,0.9941690962099126,0.94,0.7084548104956269,0.0,0.0,0.09912536443148688,0.026239067055393587,0.10495626822157435,1.0
banknote-authentication,rfc-nosuite,0.9941690962099126,1.0,1.0,0.0,0.0,0.4897959183673469,0.08746355685131195,0.42857142857142855,1.0
banknote-authentication,rfc-nosuite,0.9941690962099126,1.0,1.0,0.0,0.0,0.16034985422740525,0.2886297376093295,0.446064139941691,1.0
banknote-authentication,rfc-nosuite,0.9941690962099126,1.0,1.0,0.0,0.0,0.119533527696793,0.6618075801749271,0.2915451895043732,1.0
banknote-authentication,rfc-nosuite,0.9941690962099126,1.0,1.0,0.0,0.0,0.16326530612244897,0.0728862973760933,0.30612244897959184,1.0
banknote-authentication,rfc-nosuite,0.9941690962099126,1.0,0.3323615160349854,0.0,0.0,0.14868804664723032,0.061224489795918366,0.24489795918367346,1.0
banknote-authentication,rfc-nosuite,0.9941690962099126,0.99,0.3323615160349854,0.0,0.0,0.15160349854227406,0.061224489795918366,0.18075801749271136,1.0
banknote-authentication,rfc-nosuite,0.9941690962099126,0.98,0.6676384839650146,0.0,0.0,0.21282798833819241,0.3673469387755102,0.15451895043731778,1.0
banknote-authentication,rfc-nosuite,0.9941690962099126,0.99,1.0,0.0,0.0,0.33819241982507287,0.33819241982507287,0.30612244897959184,1.0
banknote-authentication,rfc-nosuite,0.9941690962099126,1.0,1.0,0.0,0.0,0.3848396501457726,0.03206997084548105,0.23323615160349853,1.0
banknote-authentication,rfc-nosuite,0.9941690962099126,1.0,0.8688046647230321,0.0,0.0,0.30612244897959184,0.0641399416909621,0.3032069970845481,1.0
banknote-authentication,rfc-nosuite,0.9941690962099126,0.97,0.20699708454810495,0.0,0.0,0.18075801749271136,0.2099125364431487,0.18658892128279883,1.0
banknote-authentication,rfc-nosuite,0.9941690962099126,1.0,1.0,0.0,0.0,0.33819241982507287,0.30903790087463556,0.3032069970845481,1.0
banknote-authentication,rfc-nosuite,0.9941690962099126,1.0,1.0,0.0,0.0,0.34402332361516036,0.26822157434402333,0.37026239067055394,1.0
banknote-authentication,rfc-nosuite,0.9941690962099126,0.89,0.6618075801749271,0.0,0.0,0.037900874635568516,0.029154518950437316,0.01749271137026239,1.0
banknote-authentication,rfc-nosuite,0.9941690962099126,1.0,1.0,0.0,0.0,0.33819241982507287,0.3498542274052478,0.24198250728862974,1.0
banknote-authentication,rfc-nosuite,0.9941690962099126,1.0,1.0,0.0,0.0,0.13119533527696792,0.11370262390670553,0.30903790087463556,1.0
banknote-authentication,rfc-nosuite,0.9941690962099126,1.0,1.0,0.0,0.0,0.31486880466472306,0.27113702623906705,0.4839650145772595,1.0
banknote-authentication,rfc-nosuite,0.9941690962099126,0.94,0.33819241982507287,0.0,0.0,0.33819241982507287,0.30612244897959184,0.33819241982507287,1.0
banknote-authentication,rfc-nosuite,0.9941690962099126,0.99,1.0,0.0,0.0,0.16326530612244897,0.16326530612244897,0.2857142857142857,1.0
banknote-authentication,rfc-nosuite,0.9941690962099126,0.99,1.0,0.0,0.0,0.20699708454810495,0.5189504373177842,0.2944606413994169,1.0
banknote-authentication,rfc-nosuite,0.9941690962099126,1.0,1.0,0.0,0.0,0.24198250728862974,0.5393586005830904,0.3206997084548105,1.0
banknote-authentication,rfc-nosuite,0.9941690962099126,0.94,0.3032069970845481,0.0,0.0,0.04081632653061224,0.03206997084548105,0.09037900874635568,1.0
banknote-authentication,rfc-nosuite,0.9941690962099126,1.0,1.0,0.0,0.0,0.30903790087463556,0.21865889212827988,0.5043731778425656,1.0
banknote-authentication,rfc-nosuite,0.9941690962099126,0.97,0.42857142857142855,0.0,0.0,0.16326530612244897,0.40233236151603496,0.25072886297376096,1.0
banknote-authentication,rfc-nosuite,0.9941690962099126,1.0,1.0,0.0,0.0,0.30903790087463556,0.21865889212827988,0.5685131195335277,1.0
banknote-authentication,rfc-nosuite,0.9941690962099126,1.0,1.0,0.0,0.0,0.2886297376093295,0.30612244897959184,0.4227405247813411,1.0
banknote-authentication,rfc-nosuite,0.9941690962099126,1.0,1.0,0.0,0.0,0.5043731778425656,0.2303206997084548,0.36151603498542273,1.0
banknote-authentication,rfc-nosuite,0.9941690962099126,0.98,1.0,0.0,0.0,0.15451895043731778,0.6618075801749271,0.40233236151603496,1.0
banknote-authentication,rfc-nosuite,0.9941690962099126,1.0,1.0,0.0,0.0,0.30903790087463556,0.11078717201166181,0.43731778425655976,1.0
banknote-authentication,rfc-nosuite,0.9941690962099126,0.99,1.0,0.0,0.0,0.36151603498542273,0.282798833819242,0.4868804664723032,1.0
banknote-authentication,rfc-nosuite,0.9941690962099126,1.0,0.30029154518950435,0.0,0.0,0.30612244897959184,0.30029154518950435,0.30612244897959184,1.0
banknote-authentication,rfc-nosuite,0.9941690962099126,0.85,0.6618075801749271,0.0,0.0,0.037900874635568516,0.11370262390670553,0.04664723032069971,1.0
banknote-authentication,rfc-nosuite,0.9941690962099126,0.99,0.2478134110787172,0.0,0.0,0.09912536443148688,0.03206997084548105,0.052478134110787174,1.0
banknote-authentication,rfc-nosuite,0.9941690962099126,1.0,1.0,0.0,0.0,0.30029154518950435,0.08454810495626822,0.239067055393586,1.0
banknote-authentication,rfc-nosuite,0.9941690962099126,1.0,0.6676384839650146,0.0,0.0,0.6618075801749271,0.2565597667638484,0.30612244897959184,1.0
banknote-authentication,rfc-nosuite,0.9941690962099126,1.0,1.0,0.0,0.0,0.2944606413994169,0.22157434402332363,0.3965014577259475,1.0
banknote-authentication,rfc-nosuite,0.9941690962099126,0.99,0.5043731778425656,0.0,0.0,0.1282798833819242,0.3965014577259475,0.23323615160349853,1.0
banknote-authentication,rfc-nosuite,0.9941690962099126,0.99,1.0,0.0,0.0,0.21574344023323616,0.26239067055393583,0.3469387755102041,1.0
banknote-authentication,rfc-nosuite,0.9941690962099126,0.94,0.01749271137026239,0.0,0.0,0.061224489795918366,0.011661807580174927,0.04956268221574344,1.0
volcanoes-a2,rfc-nosuite,0.9310344827586207,1.0,0.37438423645320196,0.0,0.0,0.312807881773399,0.5640394088669951,0.9014778325123153,1.0
volcanoes-a2,rfc-nosuite,0.9310344827586207,0.96,0.30295566502463056,0.0,0.0,0.034482758620689655,0.16009852216748768,,1.0
volcanoes-a2,rfc-nosuite,0.9310344827586207,1.0,1.0,0.0,0.0,1.0,0.5320197044334976,0.9211822660098522,1.0
volcanoes-a2,rfc-nosuite,0.9310344827586207,0.97,1.0,0.0,0.0,0.6551724137931034,0.8423645320197044,,1.0
volcanoes-a2,rfc-nosuite,0.9310344827586207,0.74,0.8423645320197044,0.0,0.0,0.9950738916256158,0.9137931034482759,,1.0
volcanoes-a2,rfc-nosuite,0.9310344827586207,1.0,1.0,0.0,0.0,1.0,0.9137931034482759,,1.0
volcanoes-a2,rfc-nosuite,0.9310344827586207,0.92,1.0,0.0,0.0,0.6551724137931034,0.8620689655172413,0.9334975369458128,1.0
volcanoes-a2,rfc-nosuite,0.9310344827586207,0.99,1.0,0.0,0.0,0.229064039408867,0.9137931034482759,,1.0
volcanoes-a2,rfc-nosuite,0.9310344827586207,1.0,1.0,0.0,0.0,0.5,0.7660098522167488,0.9532019704433498,1.0
volcanoes-a2,rfc-nosuite,0.9310344827586207,0.99,1.0,0.0,0.0,0.8423645320197044,0.8866995073891626,,1.0
volcanoes-a2,rfc-nosuite,0.9310344827586207,0.63,0.0049261083743842365,0.0,0.0,0.23891625615763548,0.46551724137931033,0.23891625615763548,1.0
volcanoes-a2,rfc-nosuite,0.9310344827586207,1.0,1.0,0.0,0.0,0.34236453201970446,0.8423645320197044,,1.0
volcanoes-a2,rfc-nosuite,0.9310344827586207,0.71,0.4482758620689655,0.0,0.0,0.2438423645320197,0.9137931034482759,0.21428571428571427,1.0
volcanoes-a2,rfc-nosuite,0.9310344827586207,0.72,0.9137931034482759,0.0,0.0,0.9261083743842364,0.5467980295566502,0.9334975369458128,1.0
volcanoes-a2,rfc-nosuite,0.9310344827586207,0.92,1.0,0.0,0.0,0.7955665024630542,0.854679802955665,,1.0
volcanoes-a2,rfc-nosuite,0.9310344827586207,1.0,1.0,0.0,0.0,0.4064039408866995,0.8620689655172413,0.916256157635468,1.0
volcanoes-a2,rfc-nosuite,0.9310344827586207,0.99,1.0,0.0,0.0,0.26108374384236455,0.9088669950738916,0.9679802955665024,1.0
volcanoes-a2,rfc-nosuite,0.9310344827586207,0.92,1.0,0.0,0.0,0.9137931034482759,0.916256157635468,0.9310344827586207,1.0
volcanoes-a2,rfc-nosuite,0.9310344827586207,1.0,1.0,0.0,0.0,0.7536945812807881,0.8793103448275862,0.9507389162561576,1.0
volcanoes-a2,rfc-nosuite,0.9310344827586207,1.0,1.0,0.0,0.0,1.0,0.8620689655172413,,1.0
volcanoes-a2,rfc-nosuite,0.9310344827586207,0.96,1.0,0.0,0.0,0.034482758620689655,0.8448275862068966,0.9408866995073891,1.0
volcanoes-a2,rfc-nosuite,0.9310344827586207,0.95,1.0,0.0,0.0,1.0,0.9137931034482759,0.9556650246305419,1.0
volcanoes-a2,rfc-nosuite,0.9310344827586207,0.98,1.0,0.0,0.0,0.8201970443349754,0.8325123152709359,,1.0
volcanoes-a2,rfc-nosuite,0.9310344827586207,1.0,0.7512315270935961,0.0,0.0,0.6551724137931034,0.43349753694581283,,1.0
volcanoes-a2,rfc-nosuite,0.9310344827586207,0.99,1.0,0.0,0.0,0.034482758620689655,0.8300492610837439,0.9482758620689655,1.0
volcanoes-a2,rfc-nosuite,0.9310344827586207,1.0,1.0,0.0,0.0,1.0,0.8325123152709359,0.9236453201970444,1.0
volcanoes-a2,rfc-nosuite,0.9310344827586207,1.0,1.0,0.0,0.0,0.41625615763546797,0.35960591133004927,,1.0
volcanoes-a2,rfc-nosuite,0.9310344827586207,0.96,1.0,0.0,0.0,1.0,0.9088669950738916,0.9285714285714286,1.0
volcanoes-a2,rfc-nosuite,0.9310344827586207,0.96,1.0,0.0,0.0,0.8349753694581281,0.7536945812807881,,1.0
volcanoes-a2,rfc-nosuite,0.9310344827586207,1.0,1.0,0.0,0.0,0.8842364532019704,0.9137931034482759,0.9704433497536946,1.0
volcanoes-a2,rfc-nosuite,0.9310344827586207,1.0,1.0,0.0,0.0,1.0,0.9137931034482759,0.9532019704433498,1.0
volcanoes-a2,rfc-nosuite,0.9310344827586207,1.0,1.0,0.0,0.0,0.7955665024630542,0.7216748768472906,0.9532019704433498,1.0
volcanoes-a2,rfc-nosuite,0.9310344827586207,0.99,1.0,0.0,0.0,1.0,0.7266009852216748,,1.0
volcanoes-a2,rfc-nosuite,0.9310344827586207,1.0,1.0,0.0,0.0,0.8251231527093597,0.8448275862068966,0.9433497536945813,1.0
volcanoes-a2,rfc-nosuite,0.9310344827586207,0.99,1.0,0.0,0.0,0.14532019704433496,0.9014778325123153,0.9532019704433498,1.0
volcanoes-a2,rfc-nosuite,0.9310344827586207,1.0,1.0,0.0,0.0,0.6551724137931034,0.5369458128078818,,1.0
volcanoes-a2,rfc-nosuite,0.9310344827586207,0.98,1.0,0.0,0.0,1.0,0.874384236453202,0.9458128078817734,1.0
volcanoes-a2,rfc-nosuite,0.9310344827586207,0.43,0.024630541871921183,0.0,0.0,0.014778325123152709,0.034482758620689655,0.009852216748768473,1.0
volcanoes-a2,rfc-nosuite,0.9310344827586207,1.0,1.0,0.0,0.0,1.0,0.8448275862068966,0.9458128078817734,1.0
volcanoes-a2,rfc-nosuite,0.9310344827586207,0.82,0.8793103448275862,0.0,0.0,0.8940886699507389,0.9137931034482759,0.8916256157635468,1.0
volcanoes-a2,rfc-nosuite,0.9310344827586207,1.0,1.0,0.0,0.0,0.8423645320197044,0.7684729064039408,0.8940886699507389,1.0
volcanoes-a2,rfc-nosuite,0.9310344827586207,0.97,1.0,0.0,0.0,0.7536945812807881,0.5517241379310345,,1.0
volcanoes-a2,rfc-nosuite,0.9310344827586207,0.97,1.0,0.0,0.0,1.0,0.854679802955665,0.9334975369458128,1.0
volcanoes-a2,rfc-nosuite,0.9310344827586207,0.98,1.0,0.0,0.0,0.4187192118226601,0.7586206896551724,0.9408866995073891,1.0
volcanoes-a2,rfc-nosuite,0.9310344827586207,1.0,1.0,0.0,0.0,1.0,0.37192118226600984,0.9655172413793104,1.0
volcanoes-a2,rfc-nosuite,0.9310344827586207,0.86,0.024630541871921183,0.0,0.0,0.9704433497536946,0.007389162561576354,0.2684729064039409,1.0
volcanoes-a2,rfc-nosuite,0.9310344827586207,1.0,1.0,0.0,0.0,0.229064039408867,0.874384236453202,,1.0
volcanoes-a2,rfc-nosuite,0.9310344827586207,0.96,0.9334975369458128,0.0,0.0,1.0,0.9064039408866995,,1.0
volcanoes-a2,rfc-nosuite,0.9310344827586207,1.0,1.0,0.0,0.0,0.8349753694581281,0.7660098522167488,0.9532019704433498,1.0
volcanoes-a2,rfc-nosuite,0.9310344827586207,0.99,1.0,0.0,0.0,1.0,0.8497536945812808,0.9408866995073891,1.0
yeast,rfc-nosuite,0.6226415094339622,0.43,0.02425876010781671,0.0,0.0,0.03234501347708895,,0.05121293800539083,1.0
yeast,rfc-nosuite,0.6226415094339622,0.79,0.0215633423180593,0.0,0.0,0.03504043126684636,,0.1725067385444744,1.0
yeast,rfc-nosuite,0.6226415094339622,0.7,0.029649595687331536,0.0,0.0,0.03234501347708895,,0.0862533692722372,1.0
yeast,rfc-nosuite,0.6226415094339622,0.74,0.11590296495956873,0.0,0.0,0.018867924528301886,,0.14555256064690028,1.0
yeast,rfc-nosuite,0.6226415094339622,0.8,0.08086253369272237,0.0,0.0,0.02425876010781671,,0.05390835579514825,1.0
yeast,rfc-nosuite,0.6226415094339622,0.42,0.04582210242587601,0.0,0.0,0.005390835579514825,,0.0026954177897574125,1.0
yeast,rfc-nosuite,0.6226415094339622,0.67,0.0215633423180593,0.0,0.0,0.07008086253369272,,0.09164420485175202,1.0
yeast,rfc-nosuite,0.6226415094339622,0.47,0.026954177897574125,0.0,0.0,0.0026954177897574125,,0.03234501347708895,1.0
yeast,rfc-nosuite,0.6226415094339622,0.57,0.018867924528301886,0.0,0.0,0.02425876010781671,,0.029649595687331536,1.0
yeast,rfc-nosuite,0.6226415094339622,0.72,0.07547169811320754,0.0,0.0,0.05390835579514825,,0.33962264150943394,1.0
yeast,rfc-nosuite,0.6226415094339622,0.86,0.09164420485175202,0.0,0.0,0.01078167115902965,,0.09703504043126684,1.0
yeast,rfc-nosuite,0.6226415094339622,0.86,0.03234501347708895,0.0,0.0,0.0215633423180593,,0.18059299191374664,1.0
yeast,rfc-nosuite,0.6226415094339622,0.59,0.06199460916442048,0.0,0.0,0.03773584905660377,,0.07547169811320754,1.0
yeast,rfc-nosuite,0.6226415094339622,0.55,0.0215633423180593,0.0,0.0,0.005390835579514825,,0.013477088948787063,1.0
yeast,rfc-nosuite,0.6226415094339622,0.72,0.1105121293800539,0.0,0.0,0.0215633423180593,,0.14285714285714285,1.0
yeast,rfc-nosuite,0.6226415094339622,0.48,0.03773584905660377,0.0,0.0,0.005390835579514825,,0.15633423180592992,1.0
yeast,rfc-nosuite,0.6226415094339622,0.56,0.01078167115902965,0.0,0.0,0.06199460916442048,,0.07816711590296496,1.0
yeast,rfc-nosuite,0.6226415094339622,0.73,0.013477088948787063,0.0,0.0,0.01078167115902965,,0.018867924528301886,1.0
yeast,rfc-nosuite,0.6226415094339622,0.6,0.0215633423180593,0.0,0.0,0.03234501347708895,,0.029649595687331536,1.0
yeast,rfc-nosuite,0.6226415094339622,0.64,0.016172506738544475,0.0,0.0,0.05121293800539083,,0.1940700808625337,1.0
yeast,rfc-nosuite,0.6226415094339622,0.77,0.04043126684636118,0.0,0.0,0.01078167115902965,,0.16172506738544473,1.0
yeast,rfc-nosuite,0.6226415094339622,0.74,0.008086253369272238,0.0,0.0,0.01078167115902965,,0.1778975741239892,1.0
yeast,rfc-nosuite,0.6226415094339622,0.9,0.07547169811320754,0.0,0.0,0.05660377358490566,,0.11859838274932614,1.0
yeast,rfc-nosuite,0.6226415094339622,0.42,0.005390835579514825,0.0,0.0,0.029649595687331536,,0.02425876010781671,1.0
yeast,rfc-nosuite,0.6226415094339622,0.54,0.04851752021563342,0.0,0.0,0.05390835579514825,,0.11859838274932614,1.0
yeast,rfc-nosuite,0.6226415094339622,0.4,0.018867924528301886,0.0,0.0,0.018867924528301886,,0.22641509433962265,1.0
yeast,rfc-nosuite,0.6226415094339622,0.52,0.013477088948787063,0.0,0.0,0.07008086253369272,,0.07008086253369272,1.0
yeast,rfc-nosuite,0.6226415094339622,0.51,0.013477088948787063,0.0,0.0,0.0026954177897574125,,0.03504043126684636,1.0
yeast,rfc-nosuite,0.6226415094339622,0.78,0.03504043126684636,0.0,0.0,0.02425876010781671,,0.1725067385444744,1.0
yeast,rfc-nosuite,0.6226415094339622,0.64,0.008086253369272238,0.0,0.0,0.04582210242587601,,0.16172506738544473,1.0
yeast,rfc-nosuite,0.6226415094339622,0.51,0.029649595687331536,0.0,0.0,0.02425876010781671,,0.19137466307277629,1.0
yeast,rfc-nosuite,0.6226415094339622,0.75,0.0431266846361186,0.0,0.0,0.0431266846361186,,0.06199460916442048,1.0
yeast,rfc-nosuite,0.6226415094339622,0.32,0.013477088948787063,0.0,0.0,0.0026954177897574125,,0.03773584905660377,1.0
yeast,rfc-nosuite,0.6226415094339622,0.37,0.02425876010781671,0.0,0.0,0.0215633423180593,,0.03773584905660377,1.0
yeast,rfc-nosuite,0.6226415094339622,0.63,0.05660377358490566,0.0,0.0,0.07816711590296496,,0.1752021563342318,1.0
yeast,rfc-nosuite,0.6226415094339622,0.45,0.05929919137466307,0.0,0.0,0.0889487870619946,,0.08355795148247978,1.0
yeast,rfc-nosuite,0.6226415094339622,0.42,0.0215633423180593,0.0,0.0,0.005390835579514825,,0.008086253369272238,1.0
yeast,rfc-nosuite,0.6226415094339622,0.92,0.029649595687331536,0.0,0.0,0.0215633423180593,,0.14285714285714285,1.0
yeast,rfc-nosuite,0.6226415094339622,0.73,0.029649595687331536,0.0,0.0,0.03773584905660377,,0.25067385444743934,1.0
yeast,rfc-nosuite,0.6226415094339622,0.44,0.03773584905660377,0.0,0.0,0.01078167115902965,,0.22911051212938005,1.0
yeast,rfc-nosuite,0.6226415094339622,0.64,0.0673854447439353,0.0,0.0,0.02425876010781671,,0.12398921832884097,1.0
yeast,rfc-nosuite,0.6226415094339622,0.57,0.07547169811320754,0.0,0.0,0.14555256064690028,,0.15633423180592992,1.0
yeast,rfc-nosuite,0.6226415094339622,0.47,0.013477088948787063,0.0,0.0,0.01078167115902965,,0.25336927223719674,1.0
yeast,rfc-nosuite,0.6226415094339622,0.56,0.008086253369272238,0.0,0.0,0.018867924528301886,,0.013477088948787063,1.0
yeast,rfc-nosuite,0.6226415094339622,0.76,0.05929919137466307,0.0,0.0,0.016172506738544475,,0.20215633423180593,1.0
yeast,rfc-nosuite,0.6226415094339622,0.55,0.40161725067385445,0.0,0.0,0.0215633423180593,,0.11859838274932614,1.0
yeast,rfc-nosuite,0.6226415094339622,0.41,0.07547169811320754,0.0,0.0,0.029649595687331536,,0.14824797843665768,1.0
yeast,rfc-nosuite,0.6226415094339622,0.55,0.01078167115902965,0.0,0.0,0.1078167115902965,,0.09433962264150944,1.0
yeast,rfc-nosuite,0.6226415094339622,0.79,0.07277628032345014,0.0,0.0,0.029649595687331536,,0.0889487870619946,1.0
yeast,rfc-nosuite,0.6226415094339622,0.85,0.14285714285714285,0.0,0.0,0.03234501347708895,,0.12398921832884097,1.0
rmftsa,rfc-nosuite,0.48828125,0.3562142857142858,0.42578125,0.0,0.0,0.38671875,0.4453125,0.0546875,1.0
rmftsa,rfc-nosuite,0.48828125,0.4576666666666667,0.21875,0.0,0.0,0.08984375,0.234375,0.20703125,1.0
rmftsa,rfc-nosuite,0.48828125,0.6425,0.50390625,0.0,0.0,0.09765625,0.13671875,0.02734375,1.0
rmftsa,rfc-nosuite,0.48828125,0.8478333333333333,0.47265625,0.0,0.0,0.42578125,0.046875,0.05859375,1.0
rmftsa,rfc-nosuite,0.48828125,0.614280303030303,0.7109375,0.0,0.0,0.28125,0.18359375,0.47265625,1.0
rmftsa,rfc-nosuite,0.48828125,0.8540349927849925,0.18359375,0.0,0.0,0.2421875,0.375,0.3671875,1.0
rmftsa,rfc-nosuite,0.48828125,0.2751865079365079,0.6875,0.0,0.0,0.1171875,0.01953125,0.1171875,1.0
rmftsa,rfc-nosuite,0.48828125,0.8464378399378396,0.26953125,0.0,0.0,0.26953125,0.26171875,0.26953125,1.0
rmftsa,rfc-nosuite,0.48828125,0.8261904761904763,0.03125,0.0,0.0,0.05078125,0.21484375,0.01953125,1.0
rmftsa,rfc-nosuite,0.48828125,0.5813382173382172,0.453125,0.0,0.0,0.26953125,0.1640625,0.26953125,1.0
rmftsa,rfc-nosuite,0.48828125,1.0,0.61328125,0.0,0.0,0.3671875,0.125,0.48046875,1.0
rmftsa,rfc-nosuite,0.48828125,0.59075,0.21484375,0.0,0.0,0.49609375,0.2265625,0.21484375,1.0
rmftsa,rfc-nosuite,0.48828125,0.861,0.08984375,0.0,0.0,0.03125,0.22265625,0.03125,1.0
rmftsa,rfc-nosuite,0.48828125,0.6853333333333335,0.3203125,0.0,0.0,0.140625,0.28515625,0.12890625,1.0
rmftsa,rfc-nosuite,0.48828125,0.6778594852859559,0.453125,0.0,0.0,0.15234375,0.23046875,0.49609375,1.0
rmftsa,rfc-nosuite,0.48828125,0.39428571428571435,0.015625,0.0,0.0,0.015625,0.12890625,0.10546875,1.0
rmftsa,rfc-nosuite,0.48828125,0.4970714285714286,0.10546875,0.0,0.0,0.0703125,0.0859375,0.2265625,1.0
rmftsa,rfc-nosuite,0.48828125,0.5813382173382172,0.453125,0.0,0.0,0.26953125,0.21484375,0.4375,1.0
rmftsa,rfc-nosuite,0.48828125,0.58,0.06640625,0.0,0.0,0.10546875,0.17578125,0.0390625,1.0
rmftsa,rfc-nosuite,0.48828125,0.9611111111111111,0.7109375,0.0,0.0,0.3203125,0.33984375,0.5859375,1.0
rmftsa,rfc-nosuite,0.48828125,0.6005757575757573,0.42578125,0.0,0.0,0.0390625,0.40625,0.1640625,1.0
rmftsa,rfc-nosuite,0.48828125,0.3537380952380953,0.04296875,0.0,0.0,0.27734375,0.16796875,0.1015625,1.0
rmftsa,rfc-nosuite,0.48828125,0.6685,0.171875,0.0,0.0,0.64453125,0.16796875,0.0546875,1.0
rmftsa,rfc-nosuite,0.48828125,0.6693243284493282,0.75390625,0.0,0.0,0.3828125,0.52734375,0.39453125,1.0
rmftsa,rfc-nosuite,0.48828125,0.7121666666666667,0.28125,0.0,0.0,0.52734375,0.28515625,0.3515625,1.0
rmftsa,rfc-nosuite,0.48828125,0.82,0.0703125,0.0,0.0,0.50390625,0.27734375,0.01171875,1.0
rmftsa,rfc-nosuite,0.48828125,0.429,0.0390625,0.0,0.0,0.00390625,0.37109375,0.265625,1.0
rmftsa,rfc-nosuite,0.48828125,0.52,0.09765625,0.0,0.0,0.62109375,0.03515625,0.34765625,1.0
rmftsa,rfc-nosuite,0.48828125,0.42683730158730154,0.1015625,0.0,0.0,0.7890625,0.453125,0.12109375,1.0
rmftsa,rfc-nosuite,0.48828125,0.6702857142857143,0.89453125,0.0,0.0,0.203125,0.171875,0.1171875,1.0
rmftsa,rfc-nosuite,0.48828125,0.6414067321567322,0.0859375,0.0,0.0,0.15625,0.37109375,0.22265625,1.0
rmftsa,rfc-nosuite,0.48828125,0.3321428571428571,0.015625,0.0,0.0,0.015625,0.22265625,0.22265625,1.0
rmftsa,rfc-nosuite,0.48828125,0.6853333333333335,0.3203125,0.0,0.0,0.140625,0.08203125,0.12890625,1.0
rmftsa,rfc-nosuite,0.48828125,0.5189999999999999,0.21875,0.0,0.0,0.171875,0.125,0.08984375,1.0
rmftsa,rfc-nosuite,0.48828125,0.8230952380952381,0.24609375,0.0,0.0,0.27734375,0.546875,0.078125,1.0
rmftsa,rfc-nosuite,0.48828125,0.5,0.078125,0.0,0.0,0.03125,0.39453125,0.0078125,1.0
rmftsa,rfc-nosuite,0.48828125,0.514142857142857,0.61328125,0.0,0.0,0.5234375,0.43359375,0.578125,1.0
rmftsa,rfc-nosuite,0.48828125,1.0,0.28125,0.0,0.0,0.015625,0.046875,0.0390625,1.0
rmftsa,rfc-nosuite,0.48828125,0.5757976190476191,0.3046875,0.0,0.0,0.5546875,0.1328125,0.18359375,1.0
rmftsa,rfc-nosuite,0.48828125,0.88,0.04296875,0.0,0.0,0.22265625,0.11328125,0.03125,1.0
rmftsa,rfc-nosuite,0.48828125,0.5973333333333334,0.1171875,0.0,0.0,0.15625,0.23046875,0.12890625,1.0
rmftsa,rfc-nosuite,0.48828125,0.4328333333333333,0.06640625,0.0,0.0,0.16796875,0.28515625,0.01953125,1.0
rmftsa,rfc-nosuite,0.48828125,0.74,0.08203125,0.0,0.0,0.0546875,0.28125,0.2421875,1.0
rmftsa,rfc-nosuite,0.48828125,0.74,0.578125,0.0,0.0,0.4296875,0.234375,0.0859375,1.0
rmftsa,rfc-nosuite,0.48828125,0.89,0.28125,0.0,0.0,0.015625,0.015625,0.38671875,1.0
rmftsa,rfc-nosuite,0.48828125,0.5813382173382172,0.453125,0.0,0.0,0.26953125,0.390625,0.2421875,1.0
rmftsa,rfc-nosuite,0.48828125,0.74,0.08203125,0.0,0.0,0.0546875,0.28125,0.265625,1.0
rmftsa,rfc-nosuite,0.48828125,0.72,0.078125,0.0,0.0,0.05859375,0.05859375,0.05859375,1.0
rmftsa,rfc-nosuite,0.48828125,0.86,0.046875,0.0,0.0,0.0390625,0.046875,0.0390625,1.0
rmftsa,rfc-nosuite,0.48828125,0.6383095238095238,0.96484375,0.0,0.0,0.16796875,0.06640625,0.12109375,1.0
banknote-authentication,rfc-nosuite,0.9941690962099126,0.99,1.0,0.0,0.0,0.20699708454810495,0.6647230320699709,0.31486880466472306,1.0
banknote-authentication,rfc-nosuite,0.9941690962099126,1.0,1.0,0.0,0.0,0.358600583090379,0.33819241982507287,0.36151603498542273,1.0
banknote-authentication,rfc-nosuite,0.9941690962099126,0.97,1.0,0.0,0.0,0.2565597667638484,0.7084548104956269,0.23323615160349853,1.0
banknote-authentication,rfc-nosuite,0.9941690962099126,0.95,0.4897959183673469,0.0,0.0,0.17784256559766765,0.239067055393586,0.24198250728862974,1.0
banknote-authentication,rfc-nosuite,0.9941690962099126,1.0,0.8104956268221575,0.0,0.0,0.3935860058309038,0.21574344023323616,0.34110787172011664,1.0
banknote-authentication,rfc-nosuite,0.9941690962099126,1.0,0.2594752186588921,0.0,0.0,0.30029154518950435,0.07580174927113703,0.30612244897959184,1.0
banknote-authentication,rfc-nosuite,0.9941690962099126,0.99,0.6967930029154519,0.0,0.0,0.25072886297376096,0.30612244897959184,0.2915451895043732,1.0
banknote-authentication,rfc-nosuite,0.9941690962099126,1.0,1.0,0.0,0.0,0.358600583090379,0.37900874635568516,0.2565597667638484,1.0
banknote-authentication,rfc-nosuite,0.9941690962099126,1.0,0.6676384839650146,0.0,0.0,0.4227405247813411,0.09912536443148688,0.3819241982507289,1.0
banknote-authentication,rfc-nosuite,0.9941690962099126,1.0,1.0,0.0,0.0,0.30903790087463556,0.22157434402332363,0.3323615160349854,1.0
banknote-authentication,rfc-nosuite,0.9941690962099126,0.94,0.7084548104956269,0.0,0.0,0.09912536443148688,0.026239067055393587,0.10495626822157435,1.0
banknote-authentication,rfc-nosuite,0.9941690962099126,1.0,1.0,0.0,0.0,0.4897959183673469,0.08746355685131195,0.42857142857142855,1.0
banknote-authentication,rfc-nosuite,0.9941690962099126,1.0,1.0,0.0,0.0,0.16034985422740525,0.2886297376093295,0.446064139941691,1.0
banknote-authentication,rfc-nosuite,0.9941690962099126,1.0,1.0,0.0,0.0,0.119533527696793,0.6618075801749271,0.2915451895043732,1.0
banknote-authentication,rfc-nosuite,0.9941690962099126,1.0,1.0,0.0,0.0,0.16326530612244897,0.0728862973760933,0.30612244897959184,1.0
banknote-authentication,rfc-nosuite,0.9941690962099126,1.0,0.3323615160349854,0.0,0.0,0.14868804664723032,0.061224489795918366,0.24489795918367346,1.0
banknote-authentication,rfc-nosuite,0.9941690962099126,0.99,0.3323615160349854,0.0,0.0,0.15160349854227406,0.061224489795918366,0.18075801749271136,1.0
banknote-authentication,rfc-nosuite,0.9941690962099126,0.98,0.6676384839650146,0.0,0.0,0.21282798833819241,0.3673469387755102,0.15451895043731778,1.0
banknote-authentication,rfc-nosuite,0.9941690962099126,0.99,1.0,0.0,0.0,0.33819241982507287,0.33819241982507287,0.30612244897959184,1.0
banknote-authentication,rfc-nosuite,0.9941690962099126,1.0,1.0,0.0,0.0,0.3848396501457726,0.03206997084548105,0.23323615160349853,1.0
banknote-authentication,rfc-nosuite,0.9941690962099126,1.0,0.8688046647230321,0.0,0.0,0.30612244897959184,0.0641399416909621,0.3032069970845481,1.0
banknote-authentication,rfc-nosuite,0.9941690962099126,0.97,0.20699708454810495,0.0,0.0,0.18075801749271136,0.2099125364431487,0.18658892128279883,1.0
banknote-authentication,rfc-nosuite,0.9941690962099126,1.0,1.0,0.0,0.0,0.33819241982507287,0.30903790087463556,0.3032069970845481,1.0
banknote-authentication,rfc-nosuite,0.9941690962099126,1.0,1.0,0.0,0.0,0.34402332361516036,0.26822157434402333,0.37026239067055394,1.0
banknote-authentication,rfc-nosuite,0.9941690962099126,0.89,0.6618075801749271,0.0,0.0,0.037900874635568516,0.029154518950437316,0.01749271137026239,1.0
banknote-authentication,rfc-nosuite,0.9941690962099126,1.0,1.0,0.0,0.0,0.33819241982507287,0.3498542274052478,0.24198250728862974,1.0
banknote-authentication,rfc-nosuite,0.9941690962099126,1.0,1.0,0.0,0.0,0.13119533527696792,0.11370262390670553,0.30903790087463556,1.0
banknote-authentication,rfc-nosuite,0.9941690962099126,1.0,1.0,0.0,0.0,0.31486880466472306,0.27113702623906705,0.4839650145772595,1.0
banknote-authentication,rfc-nosuite,0.9941690962099126,0.94,0.33819241982507287,0.0,0.0,0.33819241982507287,0.30612244897959184,0.33819241982507287,1.0
banknote-authentication,rfc-nosuite,0.9941690962099126,0.99,1.0,0.0,0.0,0.16326530612244897,0.16326530612244897,0.2857142857142857,1.0
banknote-authentication,rfc-nosuite,0.9941690962099126,0.99,1.0,0.0,0.0,0.20699708454810495,0.5189504373177842,0.2944606413994169,1.0
banknote-authentication,rfc-nosuite,0.9941690962099126,1.0,1.0,0.0,0.0,0.24198250728862974,0.5393586005830904,0.3206997084548105,1.0
banknote-authentication,rfc-nosuite,0.9941690962099126,0.94,0.3032069970845481,0.0,0.0,0.04081632653061224,0.03206997084548105,0.09037900874635568,1.0
banknote-authentication,rfc-nosuite,0.9941690962099126,1.0,1.0,0.0,0.0,0.30903790087463556,0.21865889212827988,0.5043731778425656,1.0
banknote-authentication,rfc-nosuite,0.9941690962099126,0.97,0.42857142857142855,0.0,0.0,0.16326530612244897,0.40233236151603496,0.25072886297376096,1.0
banknote-authentication,rfc-nosuite,0.9941690962099126,1.0,1.0,0.0,0.0,0.30903790087463556,0.21865889212827988,0.5685131195335277,1.0
banknote-authentication,rfc-nosuite,0.9941690962099126,1.0,1.0,0.0,0.0,0.2886297376093295,0.30612244897959184,0.4227405247813411,1.0
banknote-authentication,rfc-nosuite,0.9941690962099126,1.0,1.0,0.0,0.0,0.5043731778425656,0.2303206997084548,0.36151603498542273,1.0
banknote-authentication,rfc-nosuite,0.9941690962099126,0.98,1.0,0.0,0.0,0.15451895043731778,0.6618075801749271,0.40233236151603496,1.0
banknote-authentication,rfc-nosuite,0.9941690962099126,1.0,1.0,0.0,0.0,0.30903790087463556,0.11078717201166181,0.43731778425655976,1.0
banknote-authentication,rfc-nosuite,0.9941690962099126,0.99,1.0,0.0,0.0,0.36151603498542273,0.282798833819242,0.4868804664723032,1.0
banknote-authentication,rfc-nosuite,0.9941690962099126,1.0,0.30029154518950435,0.0,0.0,0.30612244897959184,0.30029154518950435,0.30612244897959184,1.0
banknote-authentication,rfc-nosuite,0.9941690962099126,0.85,0.6618075801749271,0.0,0.0,0.037900874635568516,0.11370262390670553,0.04664723032069971,1.0
banknote-authentication,rfc-nosuite,0.9941690962099126,0.99,0.2478134110787172,0.0,0.0,0.09912536443148688,0.03206997084548105,0.052478134110787174,1.0
banknote-authentication,rfc-nosuite,0.9941690962099126,1.0,1.0,0.0,0.0,0.30029154518950435,0.08454810495626822,0.239067055393586,1.0
banknote-authentication,rfc-nosuite,0.9941690962099126,1.0,0.6676384839650146,0.0,0.0,0.6618075801749271,0.2565597667638484,0.30612244897959184,1.0
banknote-authentication,rfc-nosuite,0.9941690962099126,1.0,1.0,0.0,0.0,0.2944606413994169,0.22157434402332363,0.3965014577259475,1.0
banknote-authentication,rfc-nosuite,0.9941690962099126,0.99,0.5043731778425656,0.0,0.0,0.1282798833819242,0.3965014577259475,0.23323615160349853,1.0
banknote-authentication,rfc-nosuite,0.9941690962099126,0.99,1.0,0.0,0.0,0.21574344023323616,0.26239067055393583,0.3469387755102041,1.0
banknote-authentication,rfc-nosuite,0.9941690962099126,0.94,0.01749271137026239,0.0,0.0,0.061224489795918366,0.011661807580174927,0.04956268221574344,1.0
volcanoes-a2,rfc-nosuite,0.9310344827586207,1.0,0.37438423645320196,0.0,0.0,0.312807881773399,0.5640394088669951,0.9014778325123153,1.0
volcanoes-a2,rfc-nosuite,0.9310344827586207,0.96,0.30295566502463056,0.0,0.0,0.034482758620689655,0.16009852216748768,,1.0
volcanoes-a2,rfc-nosuite,0.9310344827586207,1.0,1.0,0.0,0.0,1.0,0.5320197044334976,0.9211822660098522,1.0
volcanoes-a2,rfc-nosuite,0.9310344827586207,0.97,1.0,0.0,0.0,0.6551724137931034,0.8423645320197044,,1.0
volcanoes-a2,rfc-nosuite,0.9310344827586207,0.74,0.8423645320197044,0.0,0.0,0.9950738916256158,0.9137931034482759,,1.0
volcanoes-a2,rfc-nosuite,0.9310344827586207,1.0,1.0,0.0,0.0,1.0,0.9137931034482759,,1.0
volcanoes-a2,rfc-nosuite,0.9310344827586207,0.92,1.0,0.0,0.0,0.6551724137931034,0.8620689655172413,0.9334975369458128,1.0
volcanoes-a2,rfc-nosuite,0.9310344827586207,0.99,1.0,0.0,0.0,0.229064039408867,0.9137931034482759,,1.0
volcanoes-a2,rfc-nosuite,0.9310344827586207,1.0,1.0,0.0,0.0,0.5,0.7660098522167488,0.9532019704433498,1.0
volcanoes-a2,rfc-nosuite,0.9310344827586207,0.99,1.0,0.0,0.0,0.8423645320197044,0.8866995073891626,,1.0
volcanoes-a2,rfc-nosuite,0.9310344827586207,0.63,0.0049261083743842365,0.0,0.0,0.23891625615763548,0.46551724137931033,0.23891625615763548,1.0
volcanoes-a2,rfc-nosuite,0.9310344827586207,1.0,1.0,0.0,0.0,0.34236453201970446,0.8423645320197044,,1.0
volcanoes-a2,rfc-nosuite,0.9310344827586207,0.71,0.4482758620689655,0.0,0.0,0.2438423645320197,0.9137931034482759,0.21428571428571427,1.0
volcanoes-a2,rfc-nosuite,0.9310344827586207,0.72,0.9137931034482759,0.0,0.0,0.9261083743842364,0.5467980295566502,0.9334975369458128,1.0
volcanoes-a2,rfc-nosuite,0.9310344827586207,0.92,1.0,0.0,0.0,0.7955665024630542,0.854679802955665,,1.0
volcanoes-a2,rfc-nosuite,0.9310344827586207,1.0,1.0,0.0,0.0,0.4064039408866995,0.8620689655172413,0.916256157635468,1.0
volcanoes-a2,rfc-nosuite,0.9310344827586207,0.99,1.0,0.0,0.0,0.26108374384236455,0.9088669950738916,0.9679802955665024,1.0
volcanoes-a2,rfc-nosuite,0.9310344827586207,0.92,1.0,0.0,0.0,0.9137931034482759,0.916256157635468,0.9310344827586207,1.0
volcanoes-a2,rfc-nosuite,0.9310344827586207,1.0,1.0,0.0,0.0,0.7536945812807881,0.8793103448275862,0.9507389162561576,1.0
volcanoes-a2,rfc-nosuite,0.9310344827586207,1.0,1.0,0.0,0.0,1.0,0.8620689655172413,,1.0
volcanoes-a2,rfc-nosuite,0.9310344827586207,0.96,1.0,0.0,0.0,0.034482758620689655,0.8448275862068966,0.9408866995073891,1.0
volcanoes-a2,rfc-nosuite,0.9310344827586207,0.95,1.0,0.0,0.0,1.0,0.9137931034482759,0.9556650246305419,1.0
volcanoes-a2,rfc-nosuite,0.9310344827586207,0.98,1.0,0.0,0.0,0.8201970443349754,0.8325123152709359,,1.0
volcanoes-a2,rfc-nosuite,0.9310344827586207,1.0,0.7512315270935961,0.0,0.0,0.6551724137931034,0.43349753694581283,,1.0
volcanoes-a2,rfc-nosuite,0.9310344827586207,0.99,1.0,0.0,0.0,0.034482758620689655,0.8300492610837439,0.9482758620689655,1.0
volcanoes-a2,rfc-nosuite,0.9310344827586207,1.0,1.0,0.0,0.0,1.0,0.8325123152709359,0.9236453201970444,1.0
volcanoes-a2,rfc-nosuite,0.9310344827586207,1.0,1.0,0.0,0.0,0.41625615763546797,0.35960591133004927,,1.0
volcanoes-a2,rfc-nosuite,0.9310344827586207,0.96,1.0,0.0,0.0,1.0,0.9088669950738916,0.9285714285714286,1.0
volcanoes-a2,rfc-nosuite,0.9310344827586207,0.96,1.0,0.0,0.0,0.8349753694581281,0.7536945812807881,,1.0
volcanoes-a2,rfc-nosuite,0.9310344827586207,1.0,1.0,0.0,0.0,0.8842364532019704,0.9137931034482759,0.9704433497536946,1.0
volcanoes-a2,rfc-nosuite,0.9310344827586207,1.0,1.0,0.0,0.0,1.0,0.9137931034482759,0.9532019704433498,1.0
volcanoes-a2,rfc-nosuite,0.9310344827586207,1.0,1.0,0.0,0.0,0.7955665024630542,0.7216748768472906,0.9532019704433498,1.0
volcanoes-a2,rfc-nosuite,0.9310344827586207,0.99,1.0,0.0,0.0,1.0,0.7266009852216748,,1.0
volcanoes-a2,rfc-nosuite,0.9310344827586207,1.0,1.0,0.0,0.0,0.8251231527093597,0.8448275862068966,0.9433497536945813,1.0
volcanoes-a2,rfc-nosuite,0.9310344827586207,0.99,1.0,0.0,0.0,0.14532019704433496,0.9014778325123153,0.9532019704433498,1.0
volcanoes-a2,rfc-nosuite,0.9310344827586207,1.0,1.0,0.0,0.0,0.6551724137931034,0.5369458128078818,,1.0
volcanoes-a2,rfc-nosuite,0.9310344827586207,0.98,1.0,0.0,0.0,1.0,0.874384236453202,0.9458128078817734,1.0
volcanoes-a2,rfc-nosuite,0.9310344827586207,0.43,0.024630541871921183,0.0,0.0,0.014778325123152709,0.034482758620689655,0.009852216748768473,1.0
volcanoes-a2,rfc-nosuite,0.9310344827586207,1.0,1.0,0.0,0.0,1.0,0.8448275862068966,0.9458128078817734,1.0
volcanoes-a2,rfc-nosuite,0.9310344827586207,0.82,0.8793103448275862,0.0,0.0,0.8940886699507389,0.9137931034482759,0.8916256157635468,1.0
volcanoes-a2,rfc-nosuite,0.9310344827586207,1.0,1.0,0.0,0.0,0.8423645320197044,0.7684729064039408,0.8940886699507389,1.0
volcanoes-a2,rfc-nosuite,0.9310344827586207,0.97,1.0,0.0,0.0,0.7536945812807881,0.5517241379310345,,1.0
volcanoes-a2,rfc-nosuite,0.9310344827586207,0.97,1.0,0.0,0.0,1.0,0.854679802955665,0.9334975369458128,1.0
volcanoes-a2,rfc-nosuite,0.9310344827586207,0.98,1.0,0.0,0.0,0.4187192118226601,0.7586206896551724,0.9408866995073891,1.0
volcanoes-a2,rfc-nosuite,0.9310344827586207,1.0,1.0,0.0,0.0,1.0,0.37192118226600984,0.9655172413793104,1.0
volcanoes-a2,rfc-nosuite,0.9310344827586207,0.86,0.024630541871921183,0.0,0.0,0.9704433497536946,0.007389162561576354,0.2684729064039409,1.0
volcanoes-a2,rfc-nosuite,0.9310344827586207,1.0,1.0,0.0,0.0,0.229064039408867,0.874384236453202,,1.0
volcanoes-a2,rfc-nosuite,0.9310344827586207,0.96,0.9334975369458128,0.0,0.0,1.0,0.9064039408866995,,1.0
volcanoes-a2,rfc-nosuite,0.9310344827586207,1.0,1.0,0.0,0.0,0.8349753694581281,0.7660098522167488,0.9532019704433498,1.0
volcanoes-a2,rfc-nosuite,0.9310344827586207,0.99,1.0,0.0,0.0,1.0,0.8497536945812808,0.9408866995073891,1.0
volcanoes-a3,rfc-nosuite,0.89501312335958,0.42,0.023622047244094488,0.0,0.0,0.926509186351706,0.8398950131233596,0.8188976377952756,1.0
volcanoes-a3,rfc-nosuite,0.89501312335958,1.0,1.0,0.0,0.0,1.0,0.8661417322834646,,1.0
volcanoes-a3,rfc-nosuite,0.89501312335958,0.35,0.049868766404199474,0.0,0.0,0.49081364829396323,0.49343832020997375,0.015748031496062992,1.0
volcanoes-a3,rfc-nosuite,0.89501312335958,1.0,1.0,0.0,0.0,1.0,0.8871391076115486,0.926509186351706,1.0
volcanoes-a3,rfc-nosuite,0.89501312335958,1.0,1.0,0.0,0.0,0.30183727034120733,0.868766404199475,,1.0
volcanoes-a3,rfc-nosuite,0.89501312335958,0.99,1.0,0.0,0.0,1.0,0.5879265091863517,,1.0
volcanoes-a3,rfc-nosuite,0.89501312335958,1.0,1.0,0.0,0.0,0.6194225721784777,0.8241469816272966,,1.0
volcanoes-a3,rfc-nosuite,0.89501312335958,0.99,1.0,0.0,0.0,1.0,0.7952755905511811,0.9291338582677166,1.0
volcanoes-a3,rfc-nosuite,0.89501312335958,0.95,1.0,0.0,0.0,1.0,0.8241469816272966,0.9238845144356955,1.0
volcanoes-a3,rfc-nosuite,0.89501312335958,1.0,1.0,0.0,0.0,1.0,0.847769028871391,,1.0
volcanoes-a3,rfc-nosuite,0.89501312335958,1.0,1.0,0.0,0.0,0.5905511811023622,0.8057742782152231,0.9343832020997376,1.0
volcanoes-a3,rfc-nosuite,0.89501312335958,0.95,0.8871391076115486,0.0,0.0,0.905511811023622,0.9002624671916011,0.9212598425196851,1.0
volcanoes-a3,rfc-nosuite,0.89501312335958,0.7,1.0,0.0,0.0,1.0,0.7427821522309711,0.8871391076115486,1.0
volcanoes-a3,rfc-nosuite,0.89501312335958,0.59,0.031496062992125984,0.0,0.0,0.7375328083989501,0.06561679790026247,0.6929133858267716,1.0
volcanoes-a3,rfc-nosuite,0.89501312335958,0.9,0.8871391076115486,0.0,0.0,0.9002624671916011,0.8871391076115486,,1.0
volcanoes-a3,rfc-nosuite,0.89501312335958,0.99,1.0,0.0,0.0,0.9291338582677166,0.8923884514435696,0.9002624671916011,1.0
volcanoes-a3,rfc-nosuite,0.89501312335958,0.99,0.7795275590551181,0.0,0.0,0.8241469816272966,0.8582677165354331,0.9422572178477691,1.0
volcanoes-a3,rfc-nosuite,0.89501312335958,1.0,1.0,0.0,0.0,1.0,0.7979002624671916,0.8976377952755905,1.0
volcanoes-a3,rfc-nosuite,0.89501312335958,0.98,1.0,0.0,0.0,1.0,0.8057742782152231,0.926509186351706,1.0
volcanoes-a3,rfc-nosuite,0.89501312335958,0.85,0.7952755905511811,0.0,0.0,1.0,0.5196850393700787,0.9422572178477691,1.0
volcanoes-a3,rfc-nosuite,0.89501312335958,1.0,1.0,0.0,0.0,1.0,0.8031496062992126,,1.0
volcanoes-a3,rfc-nosuite,0.89501312335958,0.91,0.8871391076115486,0.0,0.0,0.8871391076115486,0.8871391076115486,0.868766404199475,1.0
volcanoes-a3,rfc-nosuite,0.89501312335958,1.0,1.0,0.0,0.0,0.926509186351706,0.8713910761154856,0.910761154855643,1.0
volcanoes-a3,rfc-nosuite,0.89501312335958,0.79,0.926509186351706,0.0,0.0,0.9291338582677166,0.7007874015748031,0.6404199475065617,1.0
volcanoes-a3,rfc-nosuite,0.89501312335958,0.95,1.0,0.0,0.0,1.0,0.8398950131233596,,1.0
volcanoes-a3,rfc-nosuite,0.89501312335958,0.97,1.0,0.0,0.0,1.0,0.8871391076115486,0.9422572178477691,1.0
volcanoes-a3,rfc-nosuite,0.89501312335958,0.49,0.05774278215223097,0.0,0.0,0.9291338582677166,0.9028871391076115,,1.0
volcanoes-a3,rfc-nosuite,0.89501312335958,0.98,1.0,0.0,0.0,1.0,0.7795275590551181,0.9291338582677166,1.0
volcanoes-a3,rfc-nosuite,0.89501312335958,1.0,1.0,0.0,0.0,0.6272965879265092,0.8057742782152231,,1.0
volcanoes-a3,rfc-nosuite,0.89501312335958,0.98,1.0,0.0,0.0,1.0,0.9002624671916011,0.9343832020997376,1.0
volcanoes-a3,rfc-nosuite,0.89501312335958,0.99,1.0,0.0,0.0,0.30183727034120733,0.8320209973753281,0.9186351706036745,1.0
volcanoes-a3,rfc-nosuite,0.89501312335958,1.0,1.0,0.0,0.0,1.0,0.7690288713910761,0.9606299212598425,1.0
volcanoes-a3,rfc-nosuite,0.89501312335958,0.72,0.926509186351706,0.0,0.0,0.9291338582677166,0.800524934383202,0.4199475065616798,1.0
volcanoes-a3,rfc-nosuite,0.89501312335958,0.97,1.0,0.0,0.0,0.8871391076115486,0.8451443569553806,0.8713910761154856,1.0
volcanoes-a3,rfc-nosuite,0.89501312335958,1.0,1.0,0.0,0.0,0.30183727034120733,0.8241469816272966,0.9343832020997376,1.0
volcanoes-a3,rfc-nosuite,0.89501312335958,0.89,0.5958005249343832,0.0,0.0,0.9291338582677166,0.8976377952755905,,1.0
volcanoes-a3,rfc-nosuite,0.89501312335958,0.98,0.49343832020997375,0.0,0.0,1.0,0.847769028871391,0.8766404199475065,1.0
volcanoes-a3,rfc-nosuite,0.89501312335958,0.98,1.0,0.0,0.0,0.3333333333333333,0.863517060367454,0.931758530183727,1.0
volcanoes-a3,rfc-nosuite,0.89501312335958,0.94,0.8871391076115486,0.0,0.0,0.05511811023622047,0.9081364829396326,,1.0
volcanoes-a3,rfc-nosuite,0.89501312335958,0.97,1.0,0.0,0.0,0.931758530183727,0.8057742782152231,0.9291338582677166,1.0
volcanoes-a3,rfc-nosuite,0.89501312335958,0.99,1.0,0.0,0.0,1.0,0.7979002624671916,0.9396325459317585,1.0
volcanoes-a3,rfc-nosuite,0.89501312335958,0.41,0.010498687664041995,0.0,0.0,0.007874015748031496,0.05249343832020997,0.0026246719160104987,1.0
volcanoes-a3,rfc-nosuite,0.89501312335958,0.98,1.0,0.0,0.0,1.0,0.8608923884514436,0.9396325459317585,1.0
volcanoes-a3,rfc-nosuite,0.89501312335958,1.0,1.0,0.0,0.0,0.7795275590551181,0.7191601049868767,0.926509186351706,1.0
volcanoes-a3,rfc-nosuite,0.89501312335958,0.96,1.0,0.0,0.0,0.9291338582677166,0.3464566929133858,0.9186351706036745,1.0
volcanoes-a3,rfc-nosuite,0.89501312335958,1.0,1.0,0.0,0.0,1.0,0.7900262467191601,0.9606299212598425,1.0
volcanoes-a3,rfc-nosuite,0.89501312335958,0.93,1.0,0.0,0.0,1.0,0.8871391076115486,,1.0
volcanoes-a3,rfc-nosuite,0.89501312335958,1.0,1.0,0.0,0.0,0.7952755905511811,0.5958005249343832,,1.0
volcanoes-a3,rfc-nosuite,0.89501312335958,0.99,1.0,0.0,0.0,1.0,0.821522309711286,,1.0
volcanoes-a3,rfc-nosuite,0.89501312335958,1.0,1.0,0.0,0.0,1.0,0.8451443569553806,0.8871391076115486,1.0
yeast,rfc-nosuite,0.6226415094339622,0.43,0.02425876010781671,0.0,0.0,0.03234501347708895,,0.05121293800539083,1.0
yeast,rfc-nosuite,0.6226415094339622,0.79,0.0215633423180593,0.0,0.0,0.03504043126684636,,0.1725067385444744,1.0
yeast,rfc-nosuite,0.6226415094339622,0.7,0.029649595687331536,0.0,0.0,0.03234501347708895,,0.0862533692722372,1.0
yeast,rfc-nosuite,0.6226415094339622,0.74,0.11590296495956873,0.0,0.0,0.018867924528301886,,0.14555256064690028,1.0
yeast,rfc-nosuite,0.6226415094339622,0.8,0.08086253369272237,0.0,0.0,0.02425876010781671,,0.05390835579514825,1.0
yeast,rfc-nosuite,0.6226415094339622,0.42,0.04582210242587601,0.0,0.0,0.005390835579514825,,0.0026954177897574125,1.0
yeast,rfc-nosuite,0.6226415094339622,0.67,0.0215633423180593,0.0,0.0,0.07008086253369272,,0.09164420485175202,1.0
yeast,rfc-nosuite,0.6226415094339622,0.47,0.026954177897574125,0.0,0.0,0.0026954177897574125,,0.03234501347708895,1.0
yeast,rfc-nosuite,0.6226415094339622,0.57,0.018867924528301886,0.0,0.0,0.02425876010781671,,0.029649595687331536,1.0
yeast,rfc-nosuite,0.6226415094339622,0.72,0.07547169811320754,0.0,0.0,0.05390835579514825,,0.33962264150943394,1.0
yeast,rfc-nosuite,0.6226415094339622,0.86,0.09164420485175202,0.0,0.0,0.01078167115902965,,0.09703504043126684,1.0
yeast,rfc-nosuite,0.6226415094339622,0.86,0.03234501347708895,0.0,0.0,0.0215633423180593,,0.18059299191374664,1.0
yeast,rfc-nosuite,0.6226415094339622,0.59,0.06199460916442048,0.0,0.0,0.03773584905660377,,0.07547169811320754,1.0
yeast,rfc-nosuite,0.6226415094339622,0.55,0.0215633423180593,0.0,0.0,0.005390835579514825,,0.013477088948787063,1.0
yeast,rfc-nosuite,0.6226415094339622,0.72,0.1105121293800539,0.0,0.0,0.0215633423180593,,0.14285714285714285,1.0
yeast,rfc-nosuite,0.6226415094339622,0.48,0.03773584905660377,0.0,0.0,0.005390835579514825,,0.15633423180592992,1.0
yeast,rfc-nosuite,0.6226415094339622,0.56,0.01078167115902965,0.0,0.0,0.06199460916442048,,0.07816711590296496,1.0
yeast,rfc-nosuite,0.6226415094339622,0.73,0.013477088948787063,0.0,0.0,0.01078167115902965,,0.018867924528301886,1.0
yeast,rfc-nosuite,0.6226415094339622,0.6,0.0215633423180593,0.0,0.0,0.03234501347708895,,0.029649595687331536,1.0
yeast,rfc-nosuite,0.6226415094339622,0.64,0.016172506738544475,0.0,0.0,0.05121293800539083,,0.1940700808625337,1.0
yeast,rfc-nosuite,0.6226415094339622,0.77,0.04043126684636118,0.0,0.0,0.01078167115902965,,0.16172506738544473,1.0
yeast,rfc-nosuite,0.6226415094339622,0.74,0.008086253369272238,0.0,0.0,0.01078167115902965,,0.1778975741239892,1.0
yeast,rfc-nosuite,0.6226415094339622,0.9,0.07547169811320754,0.0,0.0,0.05660377358490566,,0.11859838274932614,1.0
yeast,rfc-nosuite,0.6226415094339622,0.42,0.005390835579514825,0.0,0.0,0.029649595687331536,,0.02425876010781671,1.0
yeast,rfc-nosuite,0.6226415094339622,0.54,0.04851752021563342,0.0,0.0,0.05390835579514825,,0.11859838274932614,1.0
yeast,rfc-nosuite,0.6226415094339622,0.4,0.018867924528301886,0.0,0.0,0.018867924528301886,,0.22641509433962265,1.0
yeast,rfc-nosuite,0.6226415094339622,0.52,0.013477088948787063,0.0,0.0,0.07008086253369272,,0.07008086253369272,1.0
yeast,rfc-nosuite,0.6226415094339622,0.51,0.013477088948787063,0.0,0.0,0.0026954177897574125,,0.03504043126684636,1.0
yeast,rfc-nosuite,0.6226415094339622,0.78,0.03504043126684636,0.0,0.0,0.02425876010781671,,0.1725067385444744,1.0
yeast,rfc-nosuite,0.6226415094339622,0.64,0.008086253369272238,0.0,0.0,0.04582210242587601,,0.16172506738544473,1.0
yeast,rfc-nosuite,0.6226415094339622,0.51,0.029649595687331536,0.0,0.0,0.02425876010781671,,0.19137466307277629,1.0
yeast,rfc-nosuite,0.6226415094339622,0.75,0.0431266846361186,0.0,0.0,0.0431266846361186,,0.06199460916442048,1.0
yeast,rfc-nosuite,0.6226415094339622,0.32,0.013477088948787063,0.0,0.0,0.0026954177897574125,,0.03773584905660377,1.0
yeast,rfc-nosuite,0.6226415094339622,0.37,0.02425876010781671,0.0,0.0,0.0215633423180593,,0.03773584905660377,1.0
yeast,rfc-nosuite,0.6226415094339622,0.63,0.05660377358490566,0.0,0.0,0.07816711590296496,,0.1752021563342318,1.0
yeast,rfc-nosuite,0.6226415094339622,0.45,0.05929919137466307,0.0,0.0,0.0889487870619946,,0.08355795148247978,1.0
yeast,rfc-nosuite,0.6226415094339622,0.42,0.0215633423180593,0.0,0.0,0.005390835579514825,,0.008086253369272238,1.0
yeast,rfc-nosuite,0.6226415094339622,0.92,0.029649595687331536,0.0,0.0,0.0215633423180593,,0.14285714285714285,1.0
yeast,rfc-nosuite,0.6226415094339622,0.73,0.029649595687331536,0.0,0.0,0.03773584905660377,,0.25067385444743934,1.0
yeast,rfc-nosuite,0.6226415094339622,0.44,0.03773584905660377,0.0,0.0,0.01078167115902965,,0.22911051212938005,1.0
yeast,rfc-nosuite,0.6226415094339622,0.64,0.0673854447439353,0.0,0.0,0.02425876010781671,,0.12398921832884097,1.0
yeast,rfc-nosuite,0.6226415094339622,0.57,0.07547169811320754,0.0,0.0,0.14555256064690028,,0.15633423180592992,1.0
yeast,rfc-nosuite,0.6226415094339622,0.47,0.013477088948787063,0.0,0.0,0.01078167115902965,,0.25336927223719674,1.0
yeast,rfc-nosuite,0.6226415094339622,0.56,0.008086253369272238,0.0,0.0,0.018867924528301886,,0.013477088948787063,1.0
yeast,rfc-nosuite,0.6226415094339622,0.76,0.05929919137466307,0.0,0.0,0.016172506738544475,,0.20215633423180593,1.0
yeast,rfc-nosuite,0.6226415094339622,0.55,0.40161725067385445,0.0,0.0,0.0215633423180593,,0.11859838274932614,1.0
yeast,rfc-nosuite,0.6226415094339622,0.41,0.07547169811320754,0.0,0.0,0.029649595687331536,,0.14824797843665768,1.0
yeast,rfc-nosuite,0.6226415094339622,0.55,0.01078167115902965,0.0,0.0,0.1078167115902965,,0.09433962264150944,1.0
yeast,rfc-nosuite,0.6226415094339622,0.79,0.07277628032345014,0.0,0.0,0.029649595687331536,,0.0889487870619946,1.0
yeast,rfc-nosuite,0.6226415094339622,0.85,0.14285714285714285,0.0,0.0,0.03234501347708895,,0.12398921832884097,1.0
rmftsa,rfc-nosuite,0.48828125,0.3562142857142858,0.42578125,0.0,0.0,0.38671875,0.4453125,0.0546875,1.0
rmftsa,rfc-nosuite,0.48828125,0.4576666666666667,0.21875,0.0,0.0,0.08984375,0.234375,0.20703125,1.0
rmftsa,rfc-nosuite,0.48828125,0.6425,0.50390625,0.0,0.0,0.09765625,0.13671875,0.02734375,1.0
rmftsa,rfc-nosuite,0.48828125,0.8478333333333333,0.47265625,0.0,0.0,0.42578125,0.046875,0.05859375,1.0
rmftsa,rfc-nosuite,0.48828125,0.614280303030303,0.7109375,0.0,0.0,0.28125,0.18359375,0.47265625,1.0
rmftsa,rfc-nosuite,0.48828125,0.8540349927849925,0.18359375,0.0,0.0,0.2421875,0.375,0.3671875,1.0
rmftsa,rfc-nosuite,0.48828125,0.2751865079365079,0.6875,0.0,0.0,0.1171875,0.01953125,0.1171875,1.0
rmftsa,rfc-nosuite,0.48828125,0.8464378399378396,0.26953125,0.0,0.0,0.26953125,0.26171875,0.26953125,1.0
rmftsa,rfc-nosuite,0.48828125,0.8261904761904763,0.03125,0.0,0.0,0.05078125,0.21484375,0.01953125,1.0
rmftsa,rfc-nosuite,0.48828125,0.5813382173382172,0.453125,0.0,0.0,0.26953125,0.1640625,0.26953125,1.0
rmftsa,rfc-nosuite,0.48828125,1.0,0.61328125,0.0,0.0,0.3671875,0.125,0.48046875,1.0
rmftsa,rfc-nosuite,0.48828125,0.59075,0.21484375,0.0,0.0,0.49609375,0.2265625,0.21484375,1.0
rmftsa,rfc-nosuite,0.48828125,0.861,0.08984375,0.0,0.0,0.03125,0.22265625,0.03125,1.0
rmftsa,rfc-nosuite,0.48828125,0.6853333333333335,0.3203125,0.0,0.0,0.140625,0.28515625,0.12890625,1.0
rmftsa,rfc-nosuite,0.48828125,0.6778594852859559,0.453125,0.0,0.0,0.15234375,0.23046875,0.49609375,1.0
rmftsa,rfc-nosuite,0.48828125,0.39428571428571435,0.015625,0.0,0.0,0.015625,0.12890625,0.10546875,1.0
rmftsa,rfc-nosuite,0.48828125,0.4970714285714286,0.10546875,0.0,0.0,0.0703125,0.0859375,0.2265625,1.0
rmftsa,rfc-nosuite,0.48828125,0.5813382173382172,0.453125,0.0,0.0,0.26953125,0.21484375,0.4375,1.0
rmftsa,rfc-nosuite,0.48828125,0.58,0.06640625,0.0,0.0,0.10546875,0.17578125,0.0390625,1.0
rmftsa,rfc-nosuite,0.48828125,0.9611111111111111,0.7109375,0.0,0.0,0.3203125,0.33984375,0.5859375,1.0
rmftsa,rfc-nosuite,0.48828125,0.6005757575757573,0.42578125,0.0,0.0,0.0390625,0.40625,0.1640625,1.0
rmftsa,rfc-nosuite,0.48828125,0.3537380952380953,0.04296875,0.0,0.0,0.27734375,0.16796875,0.1015625,1.0
rmftsa,rfc-nosuite,0.48828125,0.6685,0.171875,0.0,0.0,0.64453125,0.16796875,0.0546875,1.0
rmftsa,rfc-nosuite,0.48828125,0.6693243284493282,0.75390625,0.0,0.0,0.3828125,0.52734375,0.39453125,1.0
rmftsa,rfc-nosuite,0.48828125,0.7121666666666667,0.28125,0.0,0.0,0.52734375,0.28515625,0.3515625,1.0
rmftsa,rfc-nosuite,0.48828125,0.82,0.0703125,0.0,0.0,0.50390625,0.27734375,0.01171875,1.0
rmftsa,rfc-nosuite,0.48828125,0.429,0.0390625,0.0,0.0,0.00390625,0.37109375,0.265625,1.0
rmftsa,rfc-nosuite,0.48828125,0.52,0.09765625,0.0,0.0,0.62109375,0.03515625,0.34765625,1.0
rmftsa,rfc-nosuite,0.48828125,0.42683730158730154,0.1015625,0.0,0.0,0.7890625,0.453125,0.12109375,1.0
rmftsa,rfc-nosuite,0.48828125,0.6702857142857143,0.89453125,0.0,0.0,0.203125,0.171875,0.1171875,1.0
rmftsa,rfc-nosuite,0.48828125,0.6414067321567322,0.0859375,0.0,0.0,0.15625,0.37109375,0.22265625,1.0
rmftsa,rfc-nosuite,0.48828125,0.3321428571428571,0.015625,0.0,0.0,0.015625,0.22265625,0.22265625,1.0
rmftsa,rfc-nosuite,0.48828125,0.6853333333333335,0.3203125,0.0,0.0,0.140625,0.08203125,0.12890625,1.0
rmftsa,rfc-nosuite,0.48828125,0.5189999999999999,0.21875,0.0,0.0,0.171875,0.125,0.08984375,1.0
rmftsa,rfc-nosuite,0.48828125,0.8230952380952381,0.24609375,0.0,0.0,0.27734375,0.546875,0.078125,1.0
rmftsa,rfc-nosuite,0.48828125,0.5,0.078125,0.0,0.0,0.03125,0.39453125,0.0078125,1.0
rmftsa,rfc-nosuite,0.48828125,0.514142857142857,0.61328125,0.0,0.0,0.5234375,0.43359375,0.578125,1.0
rmftsa,rfc-nosuite,0.48828125,1.0,0.28125,0.0,0.0,0.015625,0.046875,0.0390625,1.0
rmftsa,rfc-nosuite,0.48828125,0.5757976190476191,0.3046875,0.0,0.0,0.5546875,0.1328125,0.18359375,1.0
rmftsa,rfc-nosuite,0.48828125,0.88,0.04296875,0.0,0.0,0.22265625,0.11328125,0.03125,1.0
rmftsa,rfc-nosuite,0.48828125,0.5973333333333334,0.1171875,0.0,0.0,0.15625,0.23046875,0.12890625,1.0
rmftsa,rfc-nosuite,0.48828125,0.4328333333333333,0.06640625,0.0,0.0,0.16796875,0.28515625,0.01953125,1.0
rmftsa,rfc-nosuite,0.48828125,0.74,0.08203125,0.0,0.0,0.0546875,0.28125,0.2421875,1.0
rmftsa,rfc-nosuite,0.48828125,0.74,0.578125,0.0,0.0,0.4296875,0.234375,0.0859375,1.0
rmftsa,rfc-nosuite,0.48828125,0.89,0.28125,0.0,0.0,0.015625,0.015625,0.38671875,1.0
rmftsa,rfc-nosuite,0.48828125,0.5813382173382172,0.453125,0.0,0.0,0.26953125,0.390625,0.2421875,1.0
rmftsa,rfc-nosuite,0.48828125,0.74,0.08203125,0.0,0.0,0.0546875,0.28125,0.265625,1.0
rmftsa,rfc-nosuite,0.48828125,0.72,0.078125,0.0,0.0,0.05859375,0.05859375,0.05859375,1.0
rmftsa,rfc-nosuite,0.48828125,0.86,0.046875,0.0,0.0,0.0390625,0.046875,0.0390625,1.0
rmftsa,rfc-nosuite,0.48828125,0.6383095238095238,0.96484375,0.0,0.0,0.16796875,0.06640625,0.12109375,1.0
banknote-authentication,rfc-nosuite,0.9941690962099126,0.99,1.0,0.0,0.0,0.20699708454810495,0.6647230320699709,0.31486880466472306,1.0
banknote-authentication,rfc-nosuite,0.9941690962099126,1.0,1.0,0.0,0.0,0.358600583090379,0.33819241982507287,0.36151603498542273,1.0
banknote-authentication,rfc-nosuite,0.9941690962099126,0.97,1.0,0.0,0.0,0.2565597667638484,0.7084548104956269,0.23323615160349853,1.0
banknote-authentication,rfc-nosuite,0.9941690962099126,0.95,0.4897959183673469,0.0,0.0,0.17784256559766765,0.239067055393586,0.24198250728862974,1.0
banknote-authentication,rfc-nosuite,0.9941690962099126,1.0,0.8104956268221575,0.0,0.0,0.3935860058309038,0.21574344023323616,0.34110787172011664,1.0
banknote-authentication,rfc-nosuite,0.9941690962099126,1.0,0.2594752186588921,0.0,0.0,0.30029154518950435,0.07580174927113703,0.30612244897959184,1.0
banknote-authentication,rfc-nosuite,0.9941690962099126,0.99,0.6967930029154519,0.0,0.0,0.25072886297376096,0.30612244897959184,0.2915451895043732,1.0
banknote-authentication,rfc-nosuite,0.9941690962099126,1.0,1.0,0.0,0.0,0.358600583090379,0.37900874635568516,0.2565597667638484,1.0
banknote-authentication,rfc-nosuite,0.9941690962099126,1.0,0.6676384839650146,0.0,0.0,0.4227405247813411,0.09912536443148688,0.3819241982507289,1.0
banknote-authentication,rfc-nosuite,0.9941690962099126,1.0,1.0,0.0,0.0,0.30903790087463556,0.22157434402332363,0.3323615160349854,1.0
banknote-authentication,rfc-nosuite,0.9941690962099126,0.94,0.7084548104956269,0.0,0.0,0.09912536443148688,0.026239067055393587,0.10495626822157435,1.0
banknote-authentication,rfc-nosuite,0.9941690962099126,1.0,1.0,0.0,0.0,0.4897959183673469,0.08746355685131195,0.42857142857142855,1.0
banknote-authentication,rfc-nosuite,0.9941690962099126,1.0,1.0,0.0,0.0,0.16034985422740525,0.2886297376093295,0.446064139941691,1.0
banknote-authentication,rfc-nosuite,0.9941690962099126,1.0,1.0,0.0,0.0,0.119533527696793,0.6618075801749271,0.2915451895043732,1.0
banknote-authentication,rfc-nosuite,0.9941690962099126,1.0,1.0,0.0,0.0,0.16326530612244897,0.0728862973760933,0.30612244897959184,1.0
banknote-authentication,rfc-nosuite,0.9941690962099126,1.0,0.3323615160349854,0.0,0.0,0.14868804664723032,0.061224489795918366,0.24489795918367346,1.0
banknote-authentication,rfc-nosuite,0.9941690962099126,0.99,0.3323615160349854,0.0,0.0,0.15160349854227406,0.061224489795918366,0.18075801749271136,1.0
banknote-authentication,rfc-nosuite,0.9941690962099126,0.98,0.6676384839650146,0.0,0.0,0.21282798833819241,0.3673469387755102,0.15451895043731778,1.0
banknote-authentication,rfc-nosuite,0.9941690962099126,0.99,1.0,0.0,0.0,0.33819241982507287,0.33819241982507287,0.30612244897959184,1.0
banknote-authentication,rfc-nosuite,0.9941690962099126,1.0,1.0,0.0,0.0,0.3848396501457726,0.03206997084548105,0.23323615160349853,1.0
banknote-authentication,rfc-nosuite,0.9941690962099126,1.0,0.8688046647230321,0.0,0.0,0.30612244897959184,0.0641399416909621,0.3032069970845481,1.0
banknote-authentication,rfc-nosuite,0.9941690962099126,0.97,0.20699708454810495,0.0,0.0,0.18075801749271136,0.2099125364431487,0.18658892128279883,1.0
banknote-authentication,rfc-nosuite,0.9941690962099126,1.0,1.0,0.0,0.0,0.33819241982507287,0.30903790087463556,0.3032069970845481,1.0
banknote-authentication,rfc-nosuite,0.9941690962099126,1.0,1.0,0.0,0.0,0.34402332361516036,0.26822157434402333,0.37026239067055394,1.0
banknote-authentication,rfc-nosuite,0.9941690962099126,0.89,0.6618075801749271,0.0,0.0,0.037900874635568516,0.029154518950437316,0.01749271137026239,1.0
banknote-authentication,rfc-nosuite,0.9941690962099126,1.0,1.0,0.0,0.0,0.33819241982507287,0.3498542274052478,0.24198250728862974,1.0
banknote-authentication,rfc-nosuite,0.9941690962099126,1.0,1.0,0.0,0.0,0.13119533527696792,0.11370262390670553,0.30903790087463556,1.0
banknote-authentication,rfc-nosuite,0.9941690962099126,1.0,1.0,0.0,0.0,0.31486880466472306,0.27113702623906705,0.4839650145772595,1.0
banknote-authentication,rfc-nosuite,0.9941690962099126,0.94,0.33819241982507287,0.0,0.0,0.33819241982507287,0.30612244897959184,0.33819241982507287,1.0
banknote-authentication,rfc-nosuite,0.9941690962099126,0.99,1.0,0.0,0.0,0.16326530612244897,0.16326530612244897,0.2857142857142857,1.0
banknote-authentication,rfc-nosuite,0.9941690962099126,0.99,1.0,0.0,0.0,0.20699708454810495,0.5189504373177842,0.2944606413994169,1.0
banknote-authentication,rfc-nosuite,0.9941690962099126,1.0,1.0,0.0,0.0,0.24198250728862974,0.5393586005830904,0.3206997084548105,1.0
banknote-authentication,rfc-nosuite,0.9941690962099126,0.94,0.3032069970845481,0.0,0.0,0.04081632653061224,0.03206997084548105,0.09037900874635568,1.0
banknote-authentication,rfc-nosuite,0.9941690962099126,1.0,1.0,0.0,0.0,0.30903790087463556,0.21865889212827988,0.5043731778425656,1.0
banknote-authentication,rfc-nosuite,0.9941690962099126,0.97,0.42857142857142855,0.0,0.0,0.16326530612244897,0.40233236151603496,0.25072886297376096,1.0
banknote-authentication,rfc-nosuite,0.9941690962099126,1.0,1.0,0.0,0.0,0.30903790087463556,0.21865889212827988,0.5685131195335277,1.0
banknote-authentication,rfc-nosuite,0.9941690962099126,1.0,1.0,0.0,0.0,0.2886297376093295,0.30612244897959184,0.4227405247813411,1.0
banknote-authentication,rfc-nosuite,0.9941690962099126,1.0,1.0,0.0,0.0,0.5043731778425656,0.2303206997084548,0.36151603498542273,1.0
banknote-authentication,rfc-nosuite,0.9941690962099126,0.98,1.0,0.0,0.0,0.15451895043731778,0.6618075801749271,0.40233236151603496,1.0
banknote-authentication,rfc-nosuite,0.9941690962099126,1.0,1.0,0.0,0.0,0.30903790087463556,0.11078717201166181,0.43731778425655976,1.0
banknote-authentication,rfc-nosuite,0.9941690962099126,0.99,1.0,0.0,0.0,0.36151603498542273,0.282798833819242,0.4868804664723032,1.0
banknote-authentication,rfc-nosuite,0.9941690962099126,1.0,0.30029154518950435,0.0,0.0,0.30612244897959184,0.30029154518950435,0.30612244897959184,1.0
banknote-authentication,rfc-nosuite,0.9941690962099126,0.85,0.6618075801749271,0.0,0.0,0.037900874635568516,0.11370262390670553,0.04664723032069971,1.0
banknote-authentication,rfc-nosuite,0.9941690962099126,0.99,0.2478134110787172,0.0,0.0,0.09912536443148688,0.03206997084548105,0.052478134110787174,1.0
banknote-authentication,rfc-nosuite,0.9941690962099126,1.0,1.0,0.0,0.0,0.30029154518950435,0.08454810495626822,0.239067055393586,1.0
banknote-authentication,rfc-nosuite,0.9941690962099126,1.0,0.6676384839650146,0.0,0.0,0.6618075801749271,0.2565597667638484,0.30612244897959184,1.0
banknote-authentication,rfc-nosuite,0.9941690962099126,1.0,1.0,0.0,0.0,0.2944606413994169,0.22157434402332363,0.3965014577259475,1.0
banknote-authentication,rfc-nosuite,0.9941690962099126,0.99,0.5043731778425656,0.0,0.0,0.1282798833819242,0.3965014577259475,0.23323615160349853,1.0
banknote-authentication,rfc-nosuite,0.9941690962099126,0.99,1.0,0.0,0.0,0.21574344023323616,0.26239067055393583,0.3469387755102041,1.0
banknote-authentication,rfc-nosuite,0.9941690962099126,0.94,0.01749271137026239,0.0,0.0,0.061224489795918366,0.011661807580174927,0.04956268221574344,1.0
volcanoes-a2,rfc-nosuite,0.9310344827586207,1.0,0.37438423645320196,0.0,0.0,0.312807881773399,0.5640394088669951,0.9014778325123153,1.0
volcanoes-a2,rfc-nosuite,0.9310344827586207,0.96,0.30295566502463056,0.0,0.0,0.034482758620689655,0.16009852216748768,,1.0
volcanoes-a2,rfc-nosuite,0.9310344827586207,1.0,1.0,0.0,0.0,1.0,0.5320197044334976,0.9211822660098522,1.0
volcanoes-a2,rfc-nosuite,0.9310344827586207,0.97,1.0,0.0,0.0,0.6551724137931034,0.8423645320197044,,1.0
volcanoes-a2,rfc-nosuite,0.9310344827586207,0.74,0.8423645320197044,0.0,0.0,0.9950738916256158,0.9137931034482759,,1.0
volcanoes-a2,rfc-nosuite,0.9310344827586207,1.0,1.0,0.0,0.0,1.0,0.9137931034482759,,1.0
volcanoes-a2,rfc-nosuite,0.9310344827586207,0.92,1.0,0.0,0.0,0.6551724137931034,0.8620689655172413,0.9334975369458128,1.0
volcanoes-a2,rfc-nosuite,0.9310344827586207,0.99,1.0,0.0,0.0,0.229064039408867,0.9137931034482759,,1.0
volcanoes-a2,rfc-nosuite,0.9310344827586207,1.0,1.0,0.0,0.0,0.5,0.7660098522167488,0.9532019704433498,1.0
volcanoes-a2,rfc-nosuite,0.9310344827586207,0.99,1.0,0.0,0.0,0.8423645320197044,0.8866995073891626,,1.0
volcanoes-a2,rfc-nosuite,0.9310344827586207,0.63,0.0049261083743842365,0.0,0.0,0.23891625615763548,0.46551724137931033,0.23891625615763548,1.0
volcanoes-a2,rfc-nosuite,0.9310344827586207,1.0,1.0,0.0,0.0,0.34236453201970446,0.8423645320197044,,1.0
volcanoes-a2,rfc-nosuite,0.9310344827586207,0.71,0.4482758620689655,0.0,0.0,0.2438423645320197,0.9137931034482759,0.21428571428571427,1.0
volcanoes-a2,rfc-nosuite,0.9310344827586207,0.72,0.9137931034482759,0.0,0.0,0.9261083743842364,0.5467980295566502,0.9334975369458128,1.0
volcanoes-a2,rfc-nosuite,0.9310344827586207,0.92,1.0,0.0,0.0,0.7955665024630542,0.854679802955665,,1.0
volcanoes-a2,rfc-nosuite,0.9310344827586207,1.0,1.0,0.0,0.0,0.4064039408866995,0.8620689655172413,0.916256157635468,1.0
volcanoes-a2,rfc-nosuite,0.9310344827586207,0.99,1.0,0.0,0.0,0.26108374384236455,0.9088669950738916,0.9679802955665024,1.0
volcanoes-a2,rfc-nosuite,0.9310344827586207,0.92,1.0,0.0,0.0,0.9137931034482759,0.916256157635468,0.9310344827586207,1.0
volcanoes-a2,rfc-nosuite,0.9310344827586207,1.0,1.0,0.0,0.0,0.7536945812807881,0.8793103448275862,0.9507389162561576,1.0
volcanoes-a2,rfc-nosuite,0.9310344827586207,1.0,1.0,0.0,0.0,1.0,0.8620689655172413,,1.0
volcanoes-a2,rfc-nosuite,0.9310344827586207,0.96,1.0,0.0,0.0,0.034482758620689655,0.8448275862068966,0.9408866995073891,1.0
volcanoes-a2,rfc-nosuite,0.9310344827586207,0.95,1.0,0.0,0.0,1.0,0.9137931034482759,0.9556650246305419,1.0
volcanoes-a2,rfc-nosuite,0.9310344827586207,0.98,1.0,0.0,0.0,0.8201970443349754,0.8325123152709359,,1.0
volcanoes-a2,rfc-nosuite,0.9310344827586207,1.0,0.7512315270935961,0.0,0.0,0.6551724137931034,0.43349753694581283,,1.0
volcanoes-a2,rfc-nosuite,0.9310344827586207,0.99,1.0,0.0,0.0,0.034482758620689655,0.8300492610837439,0.9482758620689655,1.0
volcanoes-a2,rfc-nosuite,0.9310344827586207,1.0,1.0,0.0,0.0,1.0,0.8325123152709359,0.9236453201970444,1.0
volcanoes-a2,rfc-nosuite,0.9310344827586207,1.0,1.0,0.0,0.0,0.41625615763546797,0.35960591133004927,,1.0
volcanoes-a2,rfc-nosuite,0.9310344827586207,0.96,1.0,0.0,0.0,1.0,0.9088669950738916,0.9285714285714286,1.0
volcanoes-a2,rfc-nosuite,0.9310344827586207,0.96,1.0,0.0,0.0,0.8349753694581281,0.7536945812807881,,1.0
volcanoes-a2,rfc-nosuite,0.9310344827586207,1.0,1.0,0.0,0.0,0.8842364532019704,0.9137931034482759,0.9704433497536946,1.0
volcanoes-a2,rfc-nosuite,0.9310344827586207,1.0,1.0,0.0,0.0,1.0,0.9137931034482759,0.9532019704433498,1.0
volcanoes-a2,rfc-nosuite,0.9310344827586207,1.0,1.0,0.0,0.0,0.7955665024630542,0.7216748768472906,0.9532019704433498,1.0
volcanoes-a2,rfc-nosuite,0.9310344827586207,0.99,1.0,0.0,0.0,1.0,0.7266009852216748,,1.0
volcanoes-a2,rfc-nosuite,0.9310344827586207,1.0,1.0,0.0,0.0,0.8251231527093597,0.8448275862068966,0.9433497536945813,1.0
volcanoes-a2,rfc-nosuite,0.9310344827586207,0.99,1.0,0.0,0.0,0.14532019704433496,0.9014778325123153,0.9532019704433498,1.0
volcanoes-a2,rfc-nosuite,0.9310344827586207,1.0,1.0,0.0,0.0,0.6551724137931034,0.5369458128078818,,1.0
volcanoes-a2,rfc-nosuite,0.9310344827586207,0.98,1.0,0.0,0.0,1.0,0.874384236453202,0.9458128078817734,1.0
volcanoes-a2,rfc-nosuite,0.9310344827586207,0.43,0.024630541871921183,0.0,0.0,0.014778325123152709,0.034482758620689655,0.009852216748768473,1.0
volcanoes-a2,rfc-nosuite,0.9310344827586207,1.0,1.0,0.0,0.0,1.0,0.8448275862068966,0.9458128078817734,1.0
volcanoes-a2,rfc-nosuite,0.9310344827586207,0.82,0.8793103448275862,0.0,0.0,0.8940886699507389,0.9137931034482759,0.8916256157635468,1.0
volcanoes-a2,rfc-nosuite,0.9310344827586207,1.0,1.0,0.0,0.0,0.8423645320197044,0.7684729064039408,0.8940886699507389,1.0
volcanoes-a2,rfc-nosuite,0.9310344827586207,0.97,1.0,0.0,0.0,0.7536945812807881,0.5517241379310345,,1.0
volcanoes-a2,rfc-nosuite,0.9310344827586207,0.97,1.0,0.0,0.0,1.0,0.854679802955665,0.9334975369458128,1.0
volcanoes-a2,rfc-nosuite,0.9310344827586207,0.98,1.0,0.0,0.0,0.4187192118226601,0.7586206896551724,0.9408866995073891,1.0
volcanoes-a2,rfc-nosuite,0.9310344827586207,1.0,1.0,0.0,0.0,1.0,0.37192118226600984,0.9655172413793104,1.0
volcanoes-a2,rfc-nosuite,0.9310344827586207,0.86,0.024630541871921183,0.0,0.0,0.9704433497536946,0.007389162561576354,0.2684729064039409,1.0
volcanoes-a2,rfc-nosuite,0.9310344827586207,1.0,1.0,0.0,0.0,0.229064039408867,0.874384236453202,,1.0
volcanoes-a2,rfc-nosuite,0.9310344827586207,0.96,0.9334975369458128,0.0,0.0,1.0,0.9064039408866995,,1.0
volcanoes-a2,rfc-nosuite,0.9310344827586207,1.0,1.0,0.0,0.0,0.8349753694581281,0.7660098522167488,0.9532019704433498,1.0
volcanoes-a2,rfc-nosuite,0.9310344827586207,0.99,1.0,0.0,0.0,1.0,0.8497536945812808,0.9408866995073891,1.0
volcanoes-a3,rfc-nosuite,0.89501312335958,0.42,0.023622047244094488,0.0,0.0,0.926509186351706,0.8398950131233596,0.8188976377952756,1.0
volcanoes-a3,rfc-nosuite,0.89501312335958,1.0,1.0,0.0,0.0,1.0,0.8661417322834646,,1.0
volcanoes-a3,rfc-nosuite,0.89501312335958,0.35,0.049868766404199474,0.0,0.0,0.49081364829396323,0.49343832020997375,0.015748031496062992,1.0
volcanoes-a3,rfc-nosuite,0.89501312335958,1.0,1.0,0.0,0.0,1.0,0.8871391076115486,0.926509186351706,1.0
volcanoes-a3,rfc-nosuite,0.89501312335958,1.0,1.0,0.0,0.0,0.30183727034120733,0.868766404199475,,1.0
volcanoes-a3,rfc-nosuite,0.89501312335958,0.99,1.0,0.0,0.0,1.0,0.5879265091863517,,1.0
volcanoes-a3,rfc-nosuite,0.89501312335958,1.0,1.0,0.0,0.0,0.6194225721784777,0.8241469816272966,,1.0
volcanoes-a3,rfc-nosuite,0.89501312335958,0.99,1.0,0.0,0.0,1.0,0.7952755905511811,0.9291338582677166,1.0
volcanoes-a3,rfc-nosuite,0.89501312335958,0.95,1.0,0.0,0.0,1.0,0.8241469816272966,0.9238845144356955,1.0
volcanoes-a3,rfc-nosuite,0.89501312335958,1.0,1.0,0.0,0.0,1.0,0.847769028871391,,1.0
volcanoes-a3,rfc-nosuite,0.89501312335958,1.0,1.0,0.0,0.0,0.5905511811023622,0.8057742782152231,0.9343832020997376,1.0
volcanoes-a3,rfc-nosuite,0.89501312335958,0.95,0.8871391076115486,0.0,0.0,0.905511811023622,0.9002624671916011,0.9212598425196851,1.0
volcanoes-a3,rfc-nosuite,0.89501312335958,0.7,1.0,0.0,0.0,1.0,0.7427821522309711,0.8871391076115486,1.0
volcanoes-a3,rfc-nosuite,0.89501312335958,0.59,0.031496062992125984,0.0,0.0,0.7375328083989501,0.06561679790026247,0.6929133858267716,1.0
volcanoes-a3,rfc-nosuite,0.89501312335958,0.9,0.8871391076115486,0.0,0.0,0.9002624671916011,0.8871391076115486,,1.0
volcanoes-a3,rfc-nosuite,0.89501312335958,0.99,1.0,0.0,0.0,0.9291338582677166,0.8923884514435696,0.9002624671916011,1.0
volcanoes-a3,rfc-nosuite,0.89501312335958,0.99,0.7795275590551181,0.0,0.0,0.8241469816272966,0.8582677165354331,0.9422572178477691,1.0
volcanoes-a3,rfc-nosuite,0.89501312335958,1.0,1.0,0.0,0.0,1.0,0.7979002624671916,0.8976377952755905,1.0
volcanoes-a3,rfc-nosuite,0.89501312335958,0.98,1.0,0.0,0.0,1.0,0.8057742782152231,0.926509186351706,1.0
volcanoes-a3,rfc-nosuite,0.89501312335958,0.85,0.7952755905511811,0.0,0.0,1.0,0.5196850393700787,0.9422572178477691,1.0
volcanoes-a3,rfc-nosuite,0.89501312335958,1.0,1.0,0.0,0.0,1.0,0.8031496062992126,,1.0
volcanoes-a3,rfc-nosuite,0.89501312335958,0.91,0.8871391076115486,0.0,0.0,0.8871391076115486,0.8871391076115486,0.868766404199475,1.0
volcanoes-a3,rfc-nosuite,0.89501312335958,1.0,1.0,0.0,0.0,0.926509186351706,0.8713910761154856,0.910761154855643,1.0
volcanoes-a3,rfc-nosuite,0.89501312335958,0.79,0.926509186351706,0.0,0.0,0.9291338582677166,0.7007874015748031,0.6404199475065617,1.0
volcanoes-a3,rfc-nosuite,0.89501312335958,0.95,1.0,0.0,0.0,1.0,0.8398950131233596,,1.0
volcanoes-a3,rfc-nosuite,0.89501312335958,0.97,1.0,0.0,0.0,1.0,0.8871391076115486,0.9422572178477691,1.0
volcanoes-a3,rfc-nosuite,0.89501312335958,0.49,0.05774278215223097,0.0,0.0,0.9291338582677166,0.9028871391076115,,1.0
volcanoes-a3,rfc-nosuite,0.89501312335958,0.98,1.0,0.0,0.0,1.0,0.7795275590551181,0.9291338582677166,1.0
volcanoes-a3,rfc-nosuite,0.89501312335958,1.0,1.0,0.0,0.0,0.6272965879265092,0.8057742782152231,,1.0
volcanoes-a3,rfc-nosuite,0.89501312335958,0.98,1.0,0.0,0.0,1.0,0.9002624671916011,0.9343832020997376,1.0
volcanoes-a3,rfc-nosuite,0.89501312335958,0.99,1.0,0.0,0.0,0.30183727034120733,0.8320209973753281,0.9186351706036745,1.0
volcanoes-a3,rfc-nosuite,0.89501312335958,1.0,1.0,0.0,0.0,1.0,0.7690288713910761,0.9606299212598425,1.0
volcanoes-a3,rfc-nosuite,0.89501312335958,0.72,0.926509186351706,0.0,0.0,0.9291338582677166,0.800524934383202,0.4199475065616798,1.0
volcanoes-a3,rfc-nosuite,0.89501312335958,0.97,1.0,0.0,0.0,0.8871391076115486,0.8451443569553806,0.8713910761154856,1.0
volcanoes-a3,rfc-nosuite,0.89501312335958,1.0,1.0,0.0,0.0,0.30183727034120733,0.8241469816272966,0.9343832020997376,1.0
volcanoes-a3,rfc-nosuite,0.89501312335958,0.89,0.5958005249343832,0.0,0.0,0.9291338582677166,0.8976377952755905,,1.0
volcanoes-a3,rfc-nosuite,0.89501312335958,0.98,0.49343832020997375,0.0,0.0,1.0,0.847769028871391,0.8766404199475065,1.0
volcanoes-a3,rfc-nosuite,0.89501312335958,0.98,1.0,0.0,0.0,0.3333333333333333,0.863517060367454,0.931758530183727,1.0
volcanoes-a3,rfc-nosuite,0.89501312335958,0.94,0.8871391076115486,0.0,0.0,0.05511811023622047,0.9081364829396326,,1.0
volcanoes-a3,rfc-nosuite,0.89501312335958,0.97,1.0,0.0,0.0,0.931758530183727,0.8057742782152231,0.9291338582677166,1.0
volcanoes-a3,rfc-nosuite,0.89501312335958,0.99,1.0,0.0,0.0,1.0,0.7979002624671916,0.9396325459317585,1.0
volcanoes-a3,rfc-nosuite,0.89501312335958,0.41,0.010498687664041995,0.0,0.0,0.007874015748031496,0.05249343832020997,0.0026246719160104987,1.0
volcanoes-a3,rfc-nosuite,0.89501312335958,0.98,1.0,0.0,0.0,1.0,0.8608923884514436,0.9396325459317585,1.0
volcanoes-a3,rfc-nosuite,0.89501312335958,1.0,1.0,0.0,0.0,0.7795275590551181,0.7191601049868767,0.926509186351706,1.0
volcanoes-a3,rfc-nosuite,0.89501312335958,0.96,1.0,0.0,0.0,0.9291338582677166,0.3464566929133858,0.9186351706036745,1.0
volcanoes-a3,rfc-nosuite,0.89501312335958,1.0,1.0,0.0,0.0,1.0,0.7900262467191601,0.9606299212598425,1.0
volcanoes-a3,rfc-nosuite,0.89501312335958,0.93,1.0,0.0,0.0,1.0,0.8871391076115486,,1.0
volcanoes-a3,rfc-nosuite,0.89501312335958,1.0,1.0,0.0,0.0,0.7952755905511811,0.5958005249343832,,1.0
volcanoes-a3,rfc-nosuite,0.89501312335958,0.99,1.0,0.0,0.0,1.0,0.821522309711286,,1.0
volcanoes-a3,rfc-nosuite,0.89501312335958,1.0,1.0,0.0,0.0,1.0,0.8451443569553806,0.8871391076115486,1.0
volcanoes-a4,rfc-nosuite,0.8944591029023746,1.0,1.0,0.0,0.0,1.0,0.7889182058047494,,1.0
volcanoes-a4,rfc-nosuite,0.8944591029023746,1.0,1.0,0.0,0.0,0.16094986807387862,0.8153034300791556,,1.0
volcanoes-a4,rfc-nosuite,0.8944591029023746,0.62,0.07387862796833773,0.0,0.0,0.021108179419525065,0.07651715039577836,0.05804749340369393,1.0
volcanoes-a4,rfc-nosuite,0.8944591029023746,0.99,1.0,0.0,0.0,1.0,0.8786279683377308,0.8865435356200527,1.0
volcanoes-a4,rfc-nosuite,0.8944591029023746,0.99,1.0,0.0,0.0,1.0,0.8786279683377308,,1.0
volcanoes-a4,rfc-nosuite,0.8944591029023746,0.59,0.029023746701846966,0.0,0.0,0.316622691292876,0.06596306068601583,0.22691292875989447,1.0
volcanoes-a4,rfc-nosuite,0.8944591029023746,0.97,1.0,0.0,0.0,1.0,0.8047493403693932,0.8786279683377308,1.0
volcanoes-a4,rfc-nosuite,0.8944591029023746,0.88,0.8918205804749341,0.0,0.0,0.9050131926121372,0.525065963060686,0.8918205804749341,1.0
volcanoes-a4,rfc-nosuite,0.8944591029023746,0.92,1.0,0.0,0.0,1.0,0.841688654353562,0.9050131926121372,1.0
volcanoes-a4,rfc-nosuite,0.8944591029023746,1.0,1.0,0.0,0.0,1.0,0.8786279683377308,0.9234828496042217,1.0
volcanoes-a4,rfc-nosuite,0.8944591029023746,1.0,1.0,0.0,0.0,1.0,0.8786279683377308,0.8918205804749341,1.0
volcanoes-a4,rfc-nosuite,0.8944591029023746,0.98,1.0,0.0,0.0,0.6517150395778364,0.5672823218997362,0.9234828496042217,1.0
volcanoes-a4,rfc-nosuite,0.8944591029023746,0.99,1.0,0.0,0.0,1.0,,0.8707124010554089,1.0
volcanoes-a4,rfc-nosuite,0.8944591029023746,1.0,1.0,0.0,0.0,1.0,0.7889182058047494,0.9498680738786279,1.0
volcanoes-a4,rfc-nosuite,0.8944591029023746,1.0,1.0,0.0,0.0,0.08443271767810026,0.8284960422163589,,1.0
volcanoes-a4,rfc-nosuite,0.8944591029023746,1.0,1.0,0.0,0.0,0.29815303430079154,0.8153034300791556,0.9340369393139841,1.0
volcanoes-a4,rfc-nosuite,0.8944591029023746,1.0,1.0,0.0,0.0,1.0,0.841688654353562,0.8918205804749341,1.0
volcanoes-a4,rfc-nosuite,0.8944591029023746,1.0,1.0,0.0,0.0,0.8311345646437994,0.7519788918205804,0.9313984168865436,1.0
volcanoes-a4,rfc-nosuite,0.8944591029023746,1.0,1.0,0.0,0.0,1.0,0.8918205804749341,0.9023746701846965,1.0
volcanoes-a4,rfc-nosuite,0.8944591029023746,1.0,1.0,0.0,0.0,1.0,0.8707124010554089,0.8839050131926122,1.0
volcanoes-a4,rfc-nosuite,0.8944591029023746,0.99,1.0,0.0,0.0,1.0,0.8786279683377308,0.9287598944591029,1.0
volcanoes-a4,rfc-nosuite,0.8944591029023746,0.44,0.0395778364116095,0.0,0.0,0.018469656992084433,0.002638522427440633,0.002638522427440633,1.0
volcanoes-a4,rfc-nosuite,0.8944591029023746,1.0,1.0,0.0,0.0,1.0,0.8601583113456465,0.9102902374670184,1.0
volcanoes-a4,rfc-nosuite,0.8944591029023746,1.0,1.0,0.0,0.0,1.0,0.7651715039577837,,1.0
volcanoes-a4,rfc-nosuite,0.8944591029023746,0.85,0.8759894459102903,0.0,0.0,0.8786279683377308,0.6253298153034301,0.8918205804749341,1.0
volcanoes-a4,rfc-nosuite,0.8944591029023746,1.0,1.0,0.0,0.0,0.6517150395778364,0.8786279683377308,0.9182058047493403,1.0
volcanoes-a4,rfc-nosuite,0.8944591029023746,1.0,1.0,0.0,0.0,1.0,0.8786279683377308,0.9023746701846965,1.0
volcanoes-a4,rfc-nosuite,0.8944591029023746,0.31,0.052770448548812667,0.0,0.0,0.018469656992084433,0.07387862796833773,0.029023746701846966,1.0
volcanoes-a4,rfc-nosuite,0.8944591029023746,0.98,1.0,0.0,0.0,1.0,0.8443271767810027,0.9393139841688655,1.0
volcanoes-a4,rfc-nosuite,0.8944591029023746,0.83,1.0,0.0,0.0,1.0,0.8153034300791556,,1.0
volcanoes-a4,rfc-nosuite,0.8944591029023746,0.65,1.0,0.0,0.0,0.055408970976253295,0.8918205804749341,,1.0
volcanoes-a4,rfc-nosuite,0.8944591029023746,0.99,1.0,0.0,0.0,1.0,0.899736147757256,0.9287598944591029,1.0
volcanoes-a4,rfc-nosuite,0.8944591029023746,0.82,0.7361477572559367,0.0,0.0,0.8918205804749341,0.2955145118733509,,1.0
volcanoes-a4,rfc-nosuite,0.8944591029023746,0.99,0.8258575197889182,0.0,0.0,0.5277044854881267,0.5567282321899736,,1.0
volcanoes-a4,rfc-nosuite,0.8944591029023746,0.39,0.0316622691292876,0.0,0.0,0.055408970976253295,0.0395778364116095,0.03430079155672823,1.0
volcanoes-a4,rfc-nosuite,0.8944591029023746,0.84,0.055408970976253295,0.0,0.0,1.0,0.45382585751978893,,1.0
volcanoes-a4,rfc-nosuite,0.8944591029023746,0.81,1.0,0.0,0.0,1.0,0.6860158311345647,0.8786279683377308,1.0
volcanoes-a4,rfc-nosuite,0.8944591029023746,1.0,1.0,0.0,0.0,1.0,0.8021108179419525,,1.0
volcanoes-a4,rfc-nosuite,0.8944591029023746,0.96,1.0,0.0,0.0,0.40105540897097625,0.8522427440633246,0.8970976253298153,1.0
volcanoes-a4,rfc-nosuite,0.8944591029023746,0.49,0.018469656992084433,0.0,0.0,0.005277044854881266,0.0079155672823219,0.0079155672823219,1.0
volcanoes-a4,rfc-nosuite,0.8944591029023746,1.0,1.0,0.0,0.0,1.0,0.8153034300791556,0.8786279683377308,1.0
volcanoes-a4,rfc-nosuite,0.8944591029023746,0.91,0.8786279683377308,0.0,0.0,0.9182058047493403,0.5013192612137203,0.941952506596306,1.0
volcanoes-a4,rfc-nosuite,0.8944591029023746,0.97,0.7678100263852242,0.0,0.0,1.0,0.8707124010554089,0.8786279683377308,1.0
volcanoes-a4,rfc-nosuite,0.8944591029023746,0.98,1.0,0.0,0.0,1.0,0.8522427440633246,0.9023746701846965,1.0
volcanoes-a4,rfc-nosuite,0.8944591029023746,0.96,1.0,0.0,0.0,1.0,0.8337730870712401,0.9102902374670184,1.0
volcanoes-a4,rfc-nosuite,0.8944591029023746,1.0,1.0,0.0,0.0,0.1345646437994723,0.8707124010554089,,1.0
volcanoes-a4,rfc-nosuite,0.8944591029023746,0.93,0.3720316622691293,0.0,0.0,1.0,0.8496042216358839,0.9261213720316622,1.0
volcanoes-a4,rfc-nosuite,0.8944591029023746,0.94,0.3720316622691293,0.0,0.0,1.0,0.8364116094986808,,1.0
volcanoes-a4,rfc-nosuite,0.8944591029023746,0.84,1.0,0.0,0.0,1.0,0.8601583113456465,0.9287598944591029,1.0
volcanoes-a4,rfc-nosuite,0.8944591029023746,1.0,1.0,0.0,0.0,0.6860158311345647,0.8073878627968337,0.9340369393139841,1.0
yeast,rfc-nosuite,0.6226415094339622,0.43,0.02425876010781671,0.0,0.0,0.03234501347708895,,0.05121293800539083,1.0
yeast,rfc-nosuite,0.6226415094339622,0.79,0.0215633423180593,0.0,0.0,0.03504043126684636,,0.1725067385444744,1.0
yeast,rfc-nosuite,0.6226415094339622,0.7,0.029649595687331536,0.0,0.0,0.03234501347708895,,0.0862533692722372,1.0
yeast,rfc-nosuite,0.6226415094339622,0.74,0.11590296495956873,0.0,0.0,0.018867924528301886,,0.14555256064690028,1.0
yeast,rfc-nosuite,0.6226415094339622,0.8,0.08086253369272237,0.0,0.0,0.02425876010781671,,0.05390835579514825,1.0
yeast,rfc-nosuite,0.6226415094339622,0.42,0.04582210242587601,0.0,0.0,0.005390835579514825,,0.0026954177897574125,1.0
yeast,rfc-nosuite,0.6226415094339622,0.67,0.0215633423180593,0.0,0.0,0.07008086253369272,,0.09164420485175202,1.0
yeast,rfc-nosuite,0.6226415094339622,0.47,0.026954177897574125,0.0,0.0,0.0026954177897574125,,0.03234501347708895,1.0
yeast,rfc-nosuite,0.6226415094339622,0.57,0.018867924528301886,0.0,0.0,0.02425876010781671,,0.029649595687331536,1.0
yeast,rfc-nosuite,0.6226415094339622,0.72,0.07547169811320754,0.0,0.0,0.05390835579514825,,0.33962264150943394,1.0
yeast,rfc-nosuite,0.6226415094339622,0.86,0.09164420485175202,0.0,0.0,0.01078167115902965,,0.09703504043126684,1.0
yeast,rfc-nosuite,0.6226415094339622,0.86,0.03234501347708895,0.0,0.0,0.0215633423180593,,0.18059299191374664,1.0
yeast,rfc-nosuite,0.6226415094339622,0.59,0.06199460916442048,0.0,0.0,0.03773584905660377,,0.07547169811320754,1.0
yeast,rfc-nosuite,0.6226415094339622,0.55,0.0215633423180593,0.0,0.0,0.005390835579514825,,0.013477088948787063,1.0
yeast,rfc-nosuite,0.6226415094339622,0.72,0.1105121293800539,0.0,0.0,0.0215633423180593,,0.14285714285714285,1.0
yeast,rfc-nosuite,0.6226415094339622,0.48,0.03773584905660377,0.0,0.0,0.005390835579514825,,0.15633423180592992,1.0
yeast,rfc-nosuite,0.6226415094339622,0.56,0.01078167115902965,0.0,0.0,0.06199460916442048,,0.07816711590296496,1.0
yeast,rfc-nosuite,0.6226415094339622,0.73,0.013477088948787063,0.0,0.0,0.01078167115902965,,0.018867924528301886,1.0
yeast,rfc-nosuite,0.6226415094339622,0.6,0.0215633423180593,0.0,0.0,0.03234501347708895,,0.029649595687331536,1.0
yeast,rfc-nosuite,0.6226415094339622,0.64,0.016172506738544475,0.0,0.0,0.05121293800539083,,0.1940700808625337,1.0
yeast,rfc-nosuite,0.6226415094339622,0.77,0.04043126684636118,0.0,0.0,0.01078167115902965,,0.16172506738544473,1.0
yeast,rfc-nosuite,0.6226415094339622,0.74,0.008086253369272238,0.0,0.0,0.01078167115902965,,0.1778975741239892,1.0
yeast,rfc-nosuite,0.6226415094339622,0.9,0.07547169811320754,0.0,0.0,0.05660377358490566,,0.11859838274932614,1.0
yeast,rfc-nosuite,0.6226415094339622,0.42,0.005390835579514825,0.0,0.0,0.029649595687331536,,0.02425876010781671,1.0
yeast,rfc-nosuite,0.6226415094339622,0.54,0.04851752021563342,0.0,0.0,0.05390835579514825,,0.11859838274932614,1.0
yeast,rfc-nosuite,0.6226415094339622,0.4,0.018867924528301886,0.0,0.0,0.018867924528301886,,0.22641509433962265,1.0
yeast,rfc-nosuite,0.6226415094339622,0.52,0.013477088948787063,0.0,0.0,0.07008086253369272,,0.07008086253369272,1.0
yeast,rfc-nosuite,0.6226415094339622,0.51,0.013477088948787063,0.0,0.0,0.0026954177897574125,,0.03504043126684636,1.0
yeast,rfc-nosuite,0.6226415094339622,0.78,0.03504043126684636,0.0,0.0,0.02425876010781671,,0.1725067385444744,1.0
yeast,rfc-nosuite,0.6226415094339622,0.64,0.008086253369272238,0.0,0.0,0.04582210242587601,,0.16172506738544473,1.0
yeast,rfc-nosuite,0.6226415094339622,0.51,0.029649595687331536,0.0,0.0,0.02425876010781671,,0.19137466307277629,1.0
yeast,rfc-nosuite,0.6226415094339622,0.75,0.0431266846361186,0.0,0.0,0.0431266846361186,,0.06199460916442048,1.0
yeast,rfc-nosuite,0.6226415094339622,0.32,0.013477088948787063,0.0,0.0,0.0026954177897574125,,0.03773584905660377,1.0
yeast,rfc-nosuite,0.6226415094339622,0.37,0.02425876010781671,0.0,0.0,0.0215633423180593,,0.03773584905660377,1.0
yeast,rfc-nosuite,0.6226415094339622,0.63,0.05660377358490566,0.0,0.0,0.07816711590296496,,0.1752021563342318,1.0
yeast,rfc-nosuite,0.6226415094339622,0.45,0.05929919137466307,0.0,0.0,0.0889487870619946,,0.08355795148247978,1.0
yeast,rfc-nosuite,0.6226415094339622,0.42,0.0215633423180593,0.0,0.0,0.005390835579514825,,0.008086253369272238,1.0
yeast,rfc-nosuite,0.6226415094339622,0.92,0.029649595687331536,0.0,0.0,0.0215633423180593,,0.14285714285714285,1.0
yeast,rfc-nosuite,0.6226415094339622,0.73,0.029649595687331536,0.0,0.0,0.03773584905660377,,0.25067385444743934,1.0
yeast,rfc-nosuite,0.6226415094339622,0.44,0.03773584905660377,0.0,0.0,0.01078167115902965,,0.22911051212938005,1.0
yeast,rfc-nosuite,0.6226415094339622,0.64,0.0673854447439353,0.0,0.0,0.02425876010781671,,0.12398921832884097,1.0
yeast,rfc-nosuite,0.6226415094339622,0.57,0.07547169811320754,0.0,0.0,0.14555256064690028,,0.15633423180592992,1.0
yeast,rfc-nosuite,0.6226415094339622,0.47,0.013477088948787063,0.0,0.0,0.01078167115902965,,0.25336927223719674,1.0
yeast,rfc-nosuite,0.6226415094339622,0.56,0.008086253369272238,0.0,0.0,0.018867924528301886,,0.013477088948787063,1.0
yeast,rfc-nosuite,0.6226415094339622,0.76,0.05929919137466307,0.0,0.0,0.016172506738544475,,0.20215633423180593,1.0
yeast,rfc-nosuite,0.6226415094339622,0.55,0.40161725067385445,0.0,0.0,0.0215633423180593,,0.11859838274932614,1.0
yeast,rfc-nosuite,0.6226415094339622,0.41,0.07547169811320754,0.0,0.0,0.029649595687331536,,0.14824797843665768,1.0
yeast,rfc-nosuite,0.6226415094339622,0.55,0.01078167115902965,0.0,0.0,0.1078167115902965,,0.09433962264150944,1.0
yeast,rfc-nosuite,0.6226415094339622,0.79,0.07277628032345014,0.0,0.0,0.029649595687331536,,0.0889487870619946,1.0
yeast,rfc-nosuite,0.6226415094339622,0.85,0.14285714285714285,0.0,0.0,0.03234501347708895,,0.12398921832884097,1.0
rmftsa,rfc-nosuite,0.48828125,0.3562142857142858,0.42578125,0.0,0.0,0.38671875,0.4453125,0.0546875,1.0
rmftsa,rfc-nosuite,0.48828125,0.4576666666666667,0.21875,0.0,0.0,0.08984375,0.234375,0.20703125,1.0
rmftsa,rfc-nosuite,0.48828125,0.6425,0.50390625,0.0,0.0,0.09765625,0.13671875,0.02734375,1.0
rmftsa,rfc-nosuite,0.48828125,0.8478333333333333,0.47265625,0.0,0.0,0.42578125,0.046875,0.05859375,1.0
rmftsa,rfc-nosuite,0.48828125,0.614280303030303,0.7109375,0.0,0.0,0.28125,0.18359375,0.47265625,1.0
rmftsa,rfc-nosuite,0.48828125,0.8540349927849925,0.18359375,0.0,0.0,0.2421875,0.375,0.3671875,1.0
rmftsa,rfc-nosuite,0.48828125,0.2751865079365079,0.6875,0.0,0.0,0.1171875,0.01953125,0.1171875,1.0
rmftsa,rfc-nosuite,0.48828125,0.8464378399378396,0.26953125,0.0,0.0,0.26953125,0.26171875,0.26953125,1.0
rmftsa,rfc-nosuite,0.48828125,0.8261904761904763,0.03125,0.0,0.0,0.05078125,0.21484375,0.01953125,1.0
rmftsa,rfc-nosuite,0.48828125,0.5813382173382172,0.453125,0.0,0.0,0.26953125,0.1640625,0.26953125,1.0
rmftsa,rfc-nosuite,0.48828125,1.0,0.61328125,0.0,0.0,0.3671875,0.125,0.48046875,1.0
rmftsa,rfc-nosuite,0.48828125,0.59075,0.21484375,0.0,0.0,0.49609375,0.2265625,0.21484375,1.0
rmftsa,rfc-nosuite,0.48828125,0.861,0.08984375,0.0,0.0,0.03125,0.22265625,0.03125,1.0
rmftsa,rfc-nosuite,0.48828125,0.6853333333333335,0.3203125,0.0,0.0,0.140625,0.28515625,0.12890625,1.0
rmftsa,rfc-nosuite,0.48828125,0.6778594852859559,0.453125,0.0,0.0,0.15234375,0.23046875,0.49609375,1.0
rmftsa,rfc-nosuite,0.48828125,0.39428571428571435,0.015625,0.0,0.0,0.015625,0.12890625,0.10546875,1.0
rmftsa,rfc-nosuite,0.48828125,0.4970714285714286,0.10546875,0.0,0.0,0.0703125,0.0859375,0.2265625,1.0
rmftsa,rfc-nosuite,0.48828125,0.5813382173382172,0.453125,0.0,0.0,0.26953125,0.21484375,0.4375,1.0
rmftsa,rfc-nosuite,0.48828125,0.58,0.06640625,0.0,0.0,0.10546875,0.17578125,0.0390625,1.0
rmftsa,rfc-nosuite,0.48828125,0.9611111111111111,0.7109375,0.0,0.0,0.3203125,0.33984375,0.5859375,1.0
rmftsa,rfc-nosuite,0.48828125,0.6005757575757573,0.42578125,0.0,0.0,0.0390625,0.40625,0.1640625,1.0
rmftsa,rfc-nosuite,0.48828125,0.3537380952380953,0.04296875,0.0,0.0,0.27734375,0.16796875,0.1015625,1.0
rmftsa,rfc-nosuite,0.48828125,0.6685,0.171875,0.0,0.0,0.64453125,0.16796875,0.0546875,1.0
rmftsa,rfc-nosuite,0.48828125,0.6693243284493282,0.75390625,0.0,0.0,0.3828125,0.52734375,0.39453125,1.0
rmftsa,rfc-nosuite,0.48828125,0.7121666666666667,0.28125,0.0,0.0,0.52734375,0.28515625,0.3515625,1.0
rmftsa,rfc-nosuite,0.48828125,0.82,0.0703125,0.0,0.0,0.50390625,0.27734375,0.01171875,1.0
rmftsa,rfc-nosuite,0.48828125,0.429,0.0390625,0.0,0.0,0.00390625,0.37109375,0.265625,1.0
rmftsa,rfc-nosuite,0.48828125,0.52,0.09765625,0.0,0.0,0.62109375,0.03515625,0.34765625,1.0
rmftsa,rfc-nosuite,0.48828125,0.42683730158730154,0.1015625,0.0,0.0,0.7890625,0.453125,0.12109375,1.0
rmftsa,rfc-nosuite,0.48828125,0.6702857142857143,0.89453125,0.0,0.0,0.203125,0.171875,0.1171875,1.0
rmftsa,rfc-nosuite,0.48828125,0.6414067321567322,0.0859375,0.0,0.0,0.15625,0.37109375,0.22265625,1.0
rmftsa,rfc-nosuite,0.48828125,0.3321428571428571,0.015625,0.0,0.0,0.015625,0.22265625,0.22265625,1.0
rmftsa,rfc-nosuite,0.48828125,0.6853333333333335,0.3203125,0.0,0.0,0.140625,0.08203125,0.12890625,1.0
rmftsa,rfc-nosuite,0.48828125,0.5189999999999999,0.21875,0.0,0.0,0.171875,0.125,0.08984375,1.0
rmftsa,rfc-nosuite,0.48828125,0.8230952380952381,0.24609375,0.0,0.0,0.27734375,0.546875,0.078125,1.0
rmftsa,rfc-nosuite,0.48828125,0.5,0.078125,0.0,0.0,0.03125,0.39453125,0.0078125,1.0
rmftsa,rfc-nosuite,0.48828125,0.514142857142857,0.61328125,0.0,0.0,0.5234375,0.43359375,0.578125,1.0
rmftsa,rfc-nosuite,0.48828125,1.0,0.28125,0.0,0.0,0.015625,0.046875,0.0390625,1.0
rmftsa,rfc-nosuite,0.48828125,0.5757976190476191,0.3046875,0.0,0.0,0.5546875,0.1328125,0.18359375,1.0
rmftsa,rfc-nosuite,0.48828125,0.88,0.04296875,0.0,0.0,0.22265625,0.11328125,0.03125,1.0
rmftsa,rfc-nosuite,0.48828125,0.5973333333333334,0.1171875,0.0,0.0,0.15625,0.23046875,0.12890625,1.0
rmftsa,rfc-nosuite,0.48828125,0.4328333333333333,0.06640625,0.0,0.0,0.16796875,0.28515625,0.01953125,1.0
rmftsa,rfc-nosuite,0.48828125,0.74,0.08203125,0.0,0.0,0.0546875,0.28125,0.2421875,1.0
rmftsa,rfc-nosuite,0.48828125,0.74,0.578125,0.0,0.0,0.4296875,0.234375,0.0859375,1.0
rmftsa,rfc-nosuite,0.48828125,0.89,0.28125,0.0,0.0,0.015625,0.015625,0.38671875,1.0
rmftsa,rfc-nosuite,0.48828125,0.5813382173382172,0.453125,0.0,0.0,0.26953125,0.390625,0.2421875,1.0
rmftsa,rfc-nosuite,0.48828125,0.74,0.08203125,0.0,0.0,0.0546875,0.28125,0.265625,1.0
rmftsa,rfc-nosuite,0.48828125,0.72,0.078125,0.0,0.0,0.05859375,0.05859375,0.05859375,1.0
rmftsa,rfc-nosuite,0.48828125,0.86,0.046875,0.0,0.0,0.0390625,0.046875,0.0390625,1.0
rmftsa,rfc-nosuite,0.48828125,0.6383095238095238,0.96484375,0.0,0.0,0.16796875,0.06640625,0.12109375,1.0
banknote-authentication,rfc-nosuite,0.9941690962099126,0.99,1.0,0.0,0.0,0.20699708454810495,0.6647230320699709,0.31486880466472306,1.0
banknote-authentication,rfc-nosuite,0.9941690962099126,1.0,1.0,0.0,0.0,0.358600583090379,0.33819241982507287,0.36151603498542273,1.0
banknote-authentication,rfc-nosuite,0.9941690962099126,0.97,1.0,0.0,0.0,0.2565597667638484,0.7084548104956269,0.23323615160349853,1.0
banknote-authentication,rfc-nosuite,0.9941690962099126,0.95,0.4897959183673469,0.0,0.0,0.17784256559766765,0.239067055393586,0.24198250728862974,1.0
banknote-authentication,rfc-nosuite,0.9941690962099126,1.0,0.8104956268221575,0.0,0.0,0.3935860058309038,0.21574344023323616,0.34110787172011664,1.0
banknote-authentication,rfc-nosuite,0.9941690962099126,1.0,0.2594752186588921,0.0,0.0,0.30029154518950435,0.07580174927113703,0.30612244897959184,1.0
banknote-authentication,rfc-nosuite,0.9941690962099126,0.99,0.6967930029154519,0.0,0.0,0.25072886297376096,0.30612244897959184,0.2915451895043732,1.0
banknote-authentication,rfc-nosuite,0.9941690962099126,1.0,1.0,0.0,0.0,0.358600583090379,0.37900874635568516,0.2565597667638484,1.0
banknote-authentication,rfc-nosuite,0.9941690962099126,1.0,0.6676384839650146,0.0,0.0,0.4227405247813411,0.09912536443148688,0.3819241982507289,1.0
banknote-authentication,rfc-nosuite,0.9941690962099126,1.0,1.0,0.0,0.0,0.30903790087463556,0.22157434402332363,0.3323615160349854,1.0
banknote-authentication,rfc-nosuite,0.9941690962099126,0.94,0.7084548104956269,0.0,0.0,0.09912536443148688,0.026239067055393587,0.10495626822157435,1.0
banknote-authentication,rfc-nosuite,0.9941690962099126,1.0,1.0,0.0,0.0,0.4897959183673469,0.08746355685131195,0.42857142857142855,1.0
banknote-authentication,rfc-nosuite,0.9941690962099126,1.0,1.0,0.0,0.0,0.16034985422740525,0.2886297376093295,0.446064139941691,1.0
banknote-authentication,rfc-nosuite,0.9941690962099126,1.0,1.0,0.0,0.0,0.119533527696793,0.6618075801749271,0.2915451895043732,1.0
banknote-authentication,rfc-nosuite,0.9941690962099126,1.0,1.0,0.0,0.0,0.16326530612244897,0.0728862973760933,0.30612244897959184,1.0
banknote-authentication,rfc-nosuite,0.9941690962099126,1.0,0.3323615160349854,0.0,0.0,0.14868804664723032,0.061224489795918366,0.24489795918367346,1.0
banknote-authentication,rfc-nosuite,0.9941690962099126,0.99,0.3323615160349854,0.0,0.0,0.15160349854227406,0.061224489795918366,0.18075801749271136,1.0
banknote-authentication,rfc-nosuite,0.9941690962099126,0.98,0.6676384839650146,0.0,0.0,0.21282798833819241,0.3673469387755102,0.15451895043731778,1.0
banknote-authentication,rfc-nosuite,0.9941690962099126,0.99,1.0,0.0,0.0,0.33819241982507287,0.33819241982507287,0.30612244897959184,1.0
banknote-authentication,rfc-nosuite,0.9941690962099126,1.0,1.0,0.0,0.0,0.3848396501457726,0.03206997084548105,0.23323615160349853,1.0
banknote-authentication,rfc-nosuite,0.9941690962099126,1.0,0.8688046647230321,0.0,0.0,0.30612244897959184,0.0641399416909621,0.3032069970845481,1.0
banknote-authentication,rfc-nosuite,0.9941690962099126,0.97,0.20699708454810495,0.0,0.0,0.18075801749271136,0.2099125364431487,0.18658892128279883,1.0
banknote-authentication,rfc-nosuite,0.9941690962099126,1.0,1.0,0.0,0.0,0.33819241982507287,0.30903790087463556,0.3032069970845481,1.0
banknote-authentication,rfc-nosuite,0.9941690962099126,1.0,1.0,0.0,0.0,0.34402332361516036,0.26822157434402333,0.37026239067055394,1.0
banknote-authentication,rfc-nosuite,0.9941690962099126,0.89,0.6618075801749271,0.0,0.0,0.037900874635568516,0.029154518950437316,0.01749271137026239,1.0
banknote-authentication,rfc-nosuite,0.9941690962099126,1.0,1.0,0.0,0.0,0.33819241982507287,0.3498542274052478,0.24198250728862974,1.0
banknote-authentication,rfc-nosuite,0.9941690962099126,1.0,1.0,0.0,0.0,0.13119533527696792,0.11370262390670553,0.30903790087463556,1.0
banknote-authentication,rfc-nosuite,0.9941690962099126,1.0,1.0,0.0,0.0,0.31486880466472306,0.27113702623906705,0.4839650145772595,1.0
banknote-authentication,rfc-nosuite,0.9941690962099126,0.94,0.33819241982507287,0.0,0.0,0.33819241982507287,0.30612244897959184,0.33819241982507287,1.0
banknote-authentication,rfc-nosuite,0.9941690962099126,0.99,1.0,0.0,0.0,0.16326530612244897,0.16326530612244897,0.2857142857142857,1.0
banknote-authentication,rfc-nosuite,0.9941690962099126,0.99,1.0,0.0,0.0,0.20699708454810495,0.5189504373177842,0.2944606413994169,1.0
banknote-authentication,rfc-nosuite,0.9941690962099126,1.0,1.0,0.0,0.0,0.24198250728862974,0.5393586005830904,0.3206997084548105,1.0
banknote-authentication,rfc-nosuite,0.9941690962099126,0.94,0.3032069970845481,0.0,0.0,0.04081632653061224,0.03206997084548105,0.09037900874635568,1.0
banknote-authentication,rfc-nosuite,0.9941690962099126,1.0,1.0,0.0,0.0,0.30903790087463556,0.21865889212827988,0.5043731778425656,1.0
banknote-authentication,rfc-nosuite,0.9941690962099126,0.97,0.42857142857142855,0.0,0.0,0.16326530612244897,0.40233236151603496,0.25072886297376096,1.0
banknote-authentication,rfc-nosuite,0.9941690962099126,1.0,1.0,0.0,0.0,0.30903790087463556,0.21865889212827988,0.5685131195335277,1.0
banknote-authentication,rfc-nosuite,0.9941690962099126,1.0,1.0,0.0,0.0,0.2886297376093295,0.30612244897959184,0.4227405247813411,1.0
banknote-authentication,rfc-nosuite,0.9941690962099126,1.0,1.0,0.0,0.0,0.5043731778425656,0.2303206997084548,0.36151603498542273,1.0
banknote-authentication,rfc-nosuite,0.9941690962099126,0.98,1.0,0.0,0.0,0.15451895043731778,0.6618075801749271,0.40233236151603496,1.0
banknote-authentication,rfc-nosuite,0.9941690962099126,1.0,1.0,0.0,0.0,0.30903790087463556,0.11078717201166181,0.43731778425655976,1.0
banknote-authentication,rfc-nosuite,0.9941690962099126,0.99,1.0,0.0,0.0,0.36151603498542273,0.282798833819242,0.4868804664723032,1.0
banknote-authentication,rfc-nosuite,0.9941690962099126,1.0,0.30029154518950435,0.0,0.0,0.30612244897959184,0.30029154518950435,0.30612244897959184,1.0
banknote-authentication,rfc-nosuite,0.9941690962099126,0.85,0.6618075801749271,0.0,0.0,0.037900874635568516,0.11370262390670553,0.04664723032069971,1.0
banknote-authentication,rfc-nosuite,0.9941690962099126,0.99,0.2478134110787172,0.0,0.0,0.09912536443148688,0.03206997084548105,0.052478134110787174,1.0
banknote-authentication,rfc-nosuite,0.9941690962099126,1.0,1.0,0.0,0.0,0.30029154518950435,0.08454810495626822,0.239067055393586,1.0
banknote-authentication,rfc-nosuite,0.9941690962099126,1.0,0.6676384839650146,0.0,0.0,0.6618075801749271,0.2565597667638484,0.30612244897959184,1.0
banknote-authentication,rfc-nosuite,0.9941690962099126,1.0,1.0,0.0,0.0,0.2944606413994169,0.22157434402332363,0.3965014577259475,1.0
banknote-authentication,rfc-nosuite,0.9941690962099126,0.99,0.5043731778425656,0.0,0.0,0.1282798833819242,0.3965014577259475,0.23323615160349853,1.0
banknote-authentication,rfc-nosuite,0.9941690962099126,0.99,1.0,0.0,0.0,0.21574344023323616,0.26239067055393583,0.3469387755102041,1.0
banknote-authentication,rfc-nosuite,0.9941690962099126,0.94,0.01749271137026239,0.0,0.0,0.061224489795918366,0.011661807580174927,0.04956268221574344,1.0
volcanoes-a2,rfc-nosuite,0.9310344827586207,1.0,0.37438423645320196,0.0,0.0,0.312807881773399,0.5640394088669951,0.9014778325123153,1.0
volcanoes-a2,rfc-nosuite,0.9310344827586207,0.96,0.30295566502463056,0.0,0.0,0.034482758620689655,0.16009852216748768,,1.0
volcanoes-a2,rfc-nosuite,0.9310344827586207,1.0,1.0,0.0,0.0,1.0,0.5320197044334976,0.9211822660098522,1.0
volcanoes-a2,rfc-nosuite,0.9310344827586207,0.97,1.0,0.0,0.0,0.6551724137931034,0.8423645320197044,,1.0
volcanoes-a2,rfc-nosuite,0.9310344827586207,0.74,0.8423645320197044,0.0,0.0,0.9950738916256158,0.9137931034482759,,1.0
volcanoes-a2,rfc-nosuite,0.9310344827586207,1.0,1.0,0.0,0.0,1.0,0.9137931034482759,,1.0
volcanoes-a2,rfc-nosuite,0.9310344827586207,0.92,1.0,0.0,0.0,0.6551724137931034,0.8620689655172413,0.9334975369458128,1.0
volcanoes-a2,rfc-nosuite,0.9310344827586207,0.99,1.0,0.0,0.0,0.229064039408867,0.9137931034482759,,1.0
volcanoes-a2,rfc-nosuite,0.9310344827586207,1.0,1.0,0.0,0.0,0.5,0.7660098522167488,0.9532019704433498,1.0
volcanoes-a2,rfc-nosuite,0.9310344827586207,0.99,1.0,0.0,0.0,0.8423645320197044,0.8866995073891626,,1.0
volcanoes-a2,rfc-nosuite,0.9310344827586207,0.63,0.0049261083743842365,0.0,0.0,0.23891625615763548,0.46551724137931033,0.23891625615763548,1.0
volcanoes-a2,rfc-nosuite,0.9310344827586207,1.0,1.0,0.0,0.0,0.34236453201970446,0.8423645320197044,,1.0
volcanoes-a2,rfc-nosuite,0.9310344827586207,0.71,0.4482758620689655,0.0,0.0,0.2438423645320197,0.9137931034482759,0.21428571428571427,1.0
volcanoes-a2,rfc-nosuite,0.9310344827586207,0.72,0.9137931034482759,0.0,0.0,0.9261083743842364,0.5467980295566502,0.9334975369458128,1.0
volcanoes-a2,rfc-nosuite,0.9310344827586207,0.92,1.0,0.0,0.0,0.7955665024630542,0.854679802955665,,1.0
volcanoes-a2,rfc-nosuite,0.9310344827586207,1.0,1.0,0.0,0.0,0.4064039408866995,0.8620689655172413,0.916256157635468,1.0
volcanoes-a2,rfc-nosuite,0.9310344827586207,0.99,1.0,0.0,0.0,0.26108374384236455,0.9088669950738916,0.9679802955665024,1.0
volcanoes-a2,rfc-nosuite,0.9310344827586207,0.92,1.0,0.0,0.0,0.9137931034482759,0.916256157635468,0.9310344827586207,1.0
volcanoes-a2,rfc-nosuite,0.9310344827586207,1.0,1.0,0.0,0.0,0.7536945812807881,0.8793103448275862,0.9507389162561576,1.0
volcanoes-a2,rfc-nosuite,0.9310344827586207,1.0,1.0,0.0,0.0,1.0,0.8620689655172413,,1.0
volcanoes-a2,rfc-nosuite,0.9310344827586207,0.96,1.0,0.0,0.0,0.034482758620689655,0.8448275862068966,0.9408866995073891,1.0
volcanoes-a2,rfc-nosuite,0.9310344827586207,0.95,1.0,0.0,0.0,1.0,0.9137931034482759,0.9556650246305419,1.0
volcanoes-a2,rfc-nosuite,0.9310344827586207,0.98,1.0,0.0,0.0,0.8201970443349754,0.8325123152709359,,1.0
volcanoes-a2,rfc-nosuite,0.9310344827586207,1.0,0.7512315270935961,0.0,0.0,0.6551724137931034,0.43349753694581283,,1.0
volcanoes-a2,rfc-nosuite,0.9310344827586207,0.99,1.0,0.0,0.0,0.034482758620689655,0.8300492610837439,0.9482758620689655,1.0
volcanoes-a2,rfc-nosuite,0.9310344827586207,1.0,1.0,0.0,0.0,1.0,0.8325123152709359,0.9236453201970444,1.0
volcanoes-a2,rfc-nosuite,0.9310344827586207,1.0,1.0,0.0,0.0,0.41625615763546797,0.35960591133004927,,1.0
volcanoes-a2,rfc-nosuite,0.9310344827586207,0.96,1.0,0.0,0.0,1.0,0.9088669950738916,0.9285714285714286,1.0
volcanoes-a2,rfc-nosuite,0.9310344827586207,0.96,1.0,0.0,0.0,0.8349753694581281,0.7536945812807881,,1.0
volcanoes-a2,rfc-nosuite,0.9310344827586207,1.0,1.0,0.0,0.0,0.8842364532019704,0.9137931034482759,0.9704433497536946,1.0
volcanoes-a2,rfc-nosuite,0.9310344827586207,1.0,1.0,0.0,0.0,1.0,0.9137931034482759,0.9532019704433498,1.0
volcanoes-a2,rfc-nosuite,0.9310344827586207,1.0,1.0,0.0,0.0,0.7955665024630542,0.7216748768472906,0.9532019704433498,1.0
volcanoes-a2,rfc-nosuite,0.9310344827586207,0.99,1.0,0.0,0.0,1.0,0.7266009852216748,,1.0
volcanoes-a2,rfc-nosuite,0.9310344827586207,1.0,1.0,0.0,0.0,0.8251231527093597,0.8448275862068966,0.9433497536945813,1.0
volcanoes-a2,rfc-nosuite,0.9310344827586207,0.99,1.0,0.0,0.0,0.14532019704433496,0.9014778325123153,0.9532019704433498,1.0
volcanoes-a2,rfc-nosuite,0.9310344827586207,1.0,1.0,0.0,0.0,0.6551724137931034,0.5369458128078818,,1.0
volcanoes-a2,rfc-nosuite,0.9310344827586207,0.98,1.0,0.0,0.0,1.0,0.874384236453202,0.9458128078817734,1.0
volcanoes-a2,rfc-nosuite,0.9310344827586207,0.43,0.024630541871921183,0.0,0.0,0.014778325123152709,0.034482758620689655,0.009852216748768473,1.0
volcanoes-a2,rfc-nosuite,0.9310344827586207,1.0,1.0,0.0,0.0,1.0,0.8448275862068966,0.9458128078817734,1.0
volcanoes-a2,rfc-nosuite,0.9310344827586207,0.82,0.8793103448275862,0.0,0.0,0.8940886699507389,0.9137931034482759,0.8916256157635468,1.0
volcanoes-a2,rfc-nosuite,0.9310344827586207,1.0,1.0,0.0,0.0,0.8423645320197044,0.7684729064039408,0.8940886699507389,1.0
volcanoes-a2,rfc-nosuite,0.9310344827586207,0.97,1.0,0.0,0.0,0.7536945812807881,0.5517241379310345,,1.0
volcanoes-a2,rfc-nosuite,0.9310344827586207,0.97,1.0,0.0,0.0,1.0,0.854679802955665,0.9334975369458128,1.0
volcanoes-a2,rfc-nosuite,0.9310344827586207,0.98,1.0,0.0,0.0,0.4187192118226601,0.7586206896551724,0.9408866995073891,1.0
volcanoes-a2,rfc-nosuite,0.9310344827586207,1.0,1.0,0.0,0.0,1.0,0.37192118226600984,0.9655172413793104,1.0
volcanoes-a2,rfc-nosuite,0.9310344827586207,0.86,0.024630541871921183,0.0,0.0,0.9704433497536946,0.007389162561576354,0.2684729064039409,1.0
volcanoes-a2,rfc-nosuite,0.9310344827586207,1.0,1.0,0.0,0.0,0.229064039408867,0.874384236453202,,1.0
volcanoes-a2,rfc-nosuite,0.9310344827586207,0.96,0.9334975369458128,0.0,0.0,1.0,0.9064039408866995,,1.0
volcanoes-a2,rfc-nosuite,0.9310344827586207,1.0,1.0,0.0,0.0,0.8349753694581281,0.7660098522167488,0.9532019704433498,1.0
volcanoes-a2,rfc-nosuite,0.9310344827586207,0.99,1.0,0.0,0.0,1.0,0.8497536945812808,0.9408866995073891,1.0
volcanoes-a3,rfc-nosuite,0.89501312335958,0.42,0.023622047244094488,0.0,0.0,0.926509186351706,0.8398950131233596,0.8188976377952756,1.0
volcanoes-a3,rfc-nosuite,0.89501312335958,1.0,1.0,0.0,0.0,1.0,0.8661417322834646,,1.0
volcanoes-a3,rfc-nosuite,0.89501312335958,0.35,0.049868766404199474,0.0,0.0,0.49081364829396323,0.49343832020997375,0.015748031496062992,1.0
volcanoes-a3,rfc-nosuite,0.89501312335958,1.0,1.0,0.0,0.0,1.0,0.8871391076115486,0.926509186351706,1.0
volcanoes-a3,rfc-nosuite,0.89501312335958,1.0,1.0,0.0,0.0,0.30183727034120733,0.868766404199475,,1.0
volcanoes-a3,rfc-nosuite,0.89501312335958,0.99,1.0,0.0,0.0,1.0,0.5879265091863517,,1.0
volcanoes-a3,rfc-nosuite,0.89501312335958,1.0,1.0,0.0,0.0,0.6194225721784777,0.8241469816272966,,1.0
volcanoes-a3,rfc-nosuite,0.89501312335958,0.99,1.0,0.0,0.0,1.0,0.7952755905511811,0.9291338582677166,1.0
volcanoes-a3,rfc-nosuite,0.89501312335958,0.95,1.0,0.0,0.0,1.0,0.8241469816272966,0.9238845144356955,1.0
volcanoes-a3,rfc-nosuite,0.89501312335958,1.0,1.0,0.0,0.0,1.0,0.847769028871391,,1.0
volcanoes-a3,rfc-nosuite,0.89501312335958,1.0,1.0,0.0,0.0,0.5905511811023622,0.8057742782152231,0.9343832020997376,1.0
volcanoes-a3,rfc-nosuite,0.89501312335958,0.95,0.8871391076115486,0.0,0.0,0.905511811023622,0.9002624671916011,0.9212598425196851,1.0
volcanoes-a3,rfc-nosuite,0.89501312335958,0.7,1.0,0.0,0.0,1.0,0.7427821522309711,0.8871391076115486,1.0
volcanoes-a3,rfc-nosuite,0.89501312335958,0.59,0.031496062992125984,0.0,0.0,0.7375328083989501,0.06561679790026247,0.6929133858267716,1.0
volcanoes-a3,rfc-nosuite,0.89501312335958,0.9,0.8871391076115486,0.0,0.0,0.9002624671916011,0.8871391076115486,,1.0
volcanoes-a3,rfc-nosuite,0.89501312335958,0.99,1.0,0.0,0.0,0.9291338582677166,0.8923884514435696,0.9002624671916011,1.0
volcanoes-a3,rfc-nosuite,0.89501312335958,0.99,0.7795275590551181,0.0,0.0,0.8241469816272966,0.8582677165354331,0.9422572178477691,1.0
volcanoes-a3,rfc-nosuite,0.89501312335958,1.0,1.0,0.0,0.0,1.0,0.7979002624671916,0.8976377952755905,1.0
volcanoes-a3,rfc-nosuite,0.89501312335958,0.98,1.0,0.0,0.0,1.0,0.8057742782152231,0.926509186351706,1.0
volcanoes-a3,rfc-nosuite,0.89501312335958,0.85,0.7952755905511811,0.0,0.0,1.0,0.5196850393700787,0.9422572178477691,1.0
volcanoes-a3,rfc-nosuite,0.89501312335958,1.0,1.0,0.0,0.0,1.0,0.8031496062992126,,1.0
volcanoes-a3,rfc-nosuite,0.89501312335958,0.91,0.8871391076115486,0.0,0.0,0.8871391076115486,0.8871391076115486,0.868766404199475,1.0
volcanoes-a3,rfc-nosuite,0.89501312335958,1.0,1.0,0.0,0.0,0.926509186351706,0.8713910761154856,0.910761154855643,1.0
volcanoes-a3,rfc-nosuite,0.89501312335958,0.79,0.926509186351706,0.0,0.0,0.9291338582677166,0.7007874015748031,0.6404199475065617,1.0
volcanoes-a3,rfc-nosuite,0.89501312335958,0.95,1.0,0.0,0.0,1.0,0.8398950131233596,,1.0
volcanoes-a3,rfc-nosuite,0.89501312335958,0.97,1.0,0.0,0.0,1.0,0.8871391076115486,0.9422572178477691,1.0
volcanoes-a3,rfc-nosuite,0.89501312335958,0.49,0.05774278215223097,0.0,0.0,0.9291338582677166,0.9028871391076115,,1.0
volcanoes-a3,rfc-nosuite,0.89501312335958,0.98,1.0,0.0,0.0,1.0,0.7795275590551181,0.9291338582677166,1.0
volcanoes-a3,rfc-nosuite,0.89501312335958,1.0,1.0,0.0,0.0,0.6272965879265092,0.8057742782152231,,1.0
volcanoes-a3,rfc-nosuite,0.89501312335958,0.98,1.0,0.0,0.0,1.0,0.9002624671916011,0.9343832020997376,1.0
volcanoes-a3,rfc-nosuite,0.89501312335958,0.99,1.0,0.0,0.0,0.30183727034120733,0.8320209973753281,0.9186351706036745,1.0
volcanoes-a3,rfc-nosuite,0.89501312335958,1.0,1.0,0.0,0.0,1.0,0.7690288713910761,0.9606299212598425,1.0
volcanoes-a3,rfc-nosuite,0.89501312335958,0.72,0.926509186351706,0.0,0.0,0.9291338582677166,0.800524934383202,0.4199475065616798,1.0
volcanoes-a3,rfc-nosuite,0.89501312335958,0.97,1.0,0.0,0.0,0.8871391076115486,0.8451443569553806,0.8713910761154856,1.0
volcanoes-a3,rfc-nosuite,0.89501312335958,1.0,1.0,0.0,0.0,0.30183727034120733,0.8241469816272966,0.9343832020997376,1.0
volcanoes-a3,rfc-nosuite,0.89501312335958,0.89,0.5958005249343832,0.0,0.0,0.9291338582677166,0.8976377952755905,,1.0
volcanoes-a3,rfc-nosuite,0.89501312335958,0.98,0.49343832020997375,0.0,0.0,1.0,0.847769028871391,0.8766404199475065,1.0
volcanoes-a3,rfc-nosuite,0.89501312335958,0.98,1.0,0.0,0.0,0.3333333333333333,0.863517060367454,0.931758530183727,1.0
volcanoes-a3,rfc-nosuite,0.89501312335958,0.94,0.8871391076115486,0.0,0.0,0.05511811023622047,0.9081364829396326,,1.0
volcanoes-a3,rfc-nosuite,0.89501312335958,0.97,1.0,0.0,0.0,0.931758530183727,0.8057742782152231,0.9291338582677166,1.0
volcanoes-a3,rfc-nosuite,0.89501312335958,0.99,1.0,0.0,0.0,1.0,0.7979002624671916,0.9396325459317585,1.0
volcanoes-a3,rfc-nosuite,0.89501312335958,0.41,0.010498687664041995,0.0,0.0,0.007874015748031496,0.05249343832020997,0.0026246719160104987,1.0
volcanoes-a3,rfc-nosuite,0.89501312335958,0.98,1.0,0.0,0.0,1.0,0.8608923884514436,0.9396325459317585,1.0
volcanoes-a3,rfc-nosuite,0.89501312335958,1.0,1.0,0.0,0.0,0.7795275590551181,0.7191601049868767,0.926509186351706,1.0
volcanoes-a3,rfc-nosuite,0.89501312335958,0.96,1.0,0.0,0.0,0.9291338582677166,0.3464566929133858,0.9186351706036745,1.0
volcanoes-a3,rfc-nosuite,0.89501312335958,1.0,1.0,0.0,0.0,1.0,0.7900262467191601,0.9606299212598425,1.0
volcanoes-a3,rfc-nosuite,0.89501312335958,0.93,1.0,0.0,0.0,1.0,0.8871391076115486,,1.0
volcanoes-a3,rfc-nosuite,0.89501312335958,1.0,1.0,0.0,0.0,0.7952755905511811,0.5958005249343832,,1.0
volcanoes-a3,rfc-nosuite,0.89501312335958,0.99,1.0,0.0,0.0,1.0,0.821522309711286,,1.0
volcanoes-a3,rfc-nosuite,0.89501312335958,1.0,1.0,0.0,0.0,1.0,0.8451443569553806,0.8871391076115486,1.0
volcanoes-a4,rfc-nosuite,0.8944591029023746,1.0,1.0,0.0,0.0,1.0,0.7889182058047494,,1.0
volcanoes-a4,rfc-nosuite,0.8944591029023746,1.0,1.0,0.0,0.0,0.16094986807387862,0.8153034300791556,,1.0
volcanoes-a4,rfc-nosuite,0.8944591029023746,0.62,0.07387862796833773,0.0,0.0,0.021108179419525065,0.07651715039577836,0.05804749340369393,1.0
volcanoes-a4,rfc-nosuite,0.8944591029023746,0.99,1.0,0.0,0.0,1.0,0.8786279683377308,0.8865435356200527,1.0
volcanoes-a4,rfc-nosuite,0.8944591029023746,0.99,1.0,0.0,0.0,1.0,0.8786279683377308,,1.0
volcanoes-a4,rfc-nosuite,0.8944591029023746,0.59,0.029023746701846966,0.0,0.0,0.316622691292876,0.06596306068601583,0.22691292875989447,1.0
volcanoes-a4,rfc-nosuite,0.8944591029023746,0.97,1.0,0.0,0.0,1.0,0.8047493403693932,0.8786279683377308,1.0
volcanoes-a4,rfc-nosuite,0.8944591029023746,0.88,0.8918205804749341,0.0,0.0,0.9050131926121372,0.525065963060686,0.8918205804749341,1.0
volcanoes-a4,rfc-nosuite,0.8944591029023746,0.92,1.0,0.0,0.0,1.0,0.841688654353562,0.9050131926121372,1.0
volcanoes-a4,rfc-nosuite,0.8944591029023746,1.0,1.0,0.0,0.0,1.0,0.8786279683377308,0.9234828496042217,1.0
volcanoes-a4,rfc-nosuite,0.8944591029023746,1.0,1.0,0.0,0.0,1.0,0.8786279683377308,0.8918205804749341,1.0
volcanoes-a4,rfc-nosuite,0.8944591029023746,0.98,1.0,0.0,0.0,0.6517150395778364,0.5672823218997362,0.9234828496042217,1.0
volcanoes-a4,rfc-nosuite,0.8944591029023746,0.99,1.0,0.0,0.0,1.0,,0.8707124010554089,1.0
volcanoes-a4,rfc-nosuite,0.8944591029023746,1.0,1.0,0.0,0.0,1.0,0.7889182058047494,0.9498680738786279,1.0
volcanoes-a4,rfc-nosuite,0.8944591029023746,1.0,1.0,0.0,0.0,0.08443271767810026,0.8284960422163589,,1.0
volcanoes-a4,rfc-nosuite,0.8944591029023746,1.0,1.0,0.0,0.0,0.29815303430079154,0.8153034300791556,0.9340369393139841,1.0
volcanoes-a4,rfc-nosuite,0.8944591029023746,1.0,1.0,0.0,0.0,1.0,0.841688654353562,0.8918205804749341,1.0
volcanoes-a4,rfc-nosuite,0.8944591029023746,1.0,1.0,0.0,0.0,0.8311345646437994,0.7519788918205804,0.9313984168865436,1.0
volcanoes-a4,rfc-nosuite,0.8944591029023746,1.0,1.0,0.0,0.0,1.0,0.8918205804749341,0.9023746701846965,1.0
volcanoes-a4,rfc-nosuite,0.8944591029023746,1.0,1.0,0.0,0.0,1.0,0.8707124010554089,0.8839050131926122,1.0
volcanoes-a4,rfc-nosuite,0.8944591029023746,0.99,1.0,0.0,0.0,1.0,0.8786279683377308,0.9287598944591029,1.0
volcanoes-a4,rfc-nosuite,0.8944591029023746,0.44,0.0395778364116095,0.0,0.0,0.018469656992084433,0.002638522427440633,0.002638522427440633,1.0
volcanoes-a4,rfc-nosuite,0.8944591029023746,1.0,1.0,0.0,0.0,1.0,0.8601583113456465,0.9102902374670184,1.0
volcanoes-a4,rfc-nosuite,0.8944591029023746,1.0,1.0,0.0,0.0,1.0,0.7651715039577837,,1.0
volcanoes-a4,rfc-nosuite,0.8944591029023746,0.85,0.8759894459102903,0.0,0.0,0.8786279683377308,0.6253298153034301,0.8918205804749341,1.0
volcanoes-a4,rfc-nosuite,0.8944591029023746,1.0,1.0,0.0,0.0,0.6517150395778364,0.8786279683377308,0.9182058047493403,1.0
volcanoes-a4,rfc-nosuite,0.8944591029023746,1.0,1.0,0.0,0.0,1.0,0.8786279683377308,0.9023746701846965,1.0
volcanoes-a4,rfc-nosuite,0.8944591029023746,0.31,0.052770448548812667,0.0,0.0,0.018469656992084433,0.07387862796833773,0.029023746701846966,1.0
volcanoes-a4,rfc-nosuite,0.8944591029023746,0.98,1.0,0.0,0.0,1.0,0.8443271767810027,0.9393139841688655,1.0
volcanoes-a4,rfc-nosuite,0.8944591029023746,0.83,1.0,0.0,0.0,1.0,0.8153034300791556,,1.0
volcanoes-a4,rfc-nosuite,0.8944591029023746,0.65,1.0,0.0,0.0,0.055408970976253295,0.8918205804749341,,1.0
volcanoes-a4,rfc-nosuite,0.8944591029023746,0.99,1.0,0.0,0.0,1.0,0.899736147757256,0.9287598944591029,1.0
volcanoes-a4,rfc-nosuite,0.8944591029023746,0.82,0.7361477572559367,0.0,0.0,0.8918205804749341,0.2955145118733509,,1.0
volcanoes-a4,rfc-nosuite,0.8944591029023746,0.99,0.8258575197889182,0.0,0.0,0.5277044854881267,0.5567282321899736,,1.0
volcanoes-a4,rfc-nosuite,0.8944591029023746,0.39,0.0316622691292876,0.0,0.0,0.055408970976253295,0.0395778364116095,0.03430079155672823,1.0
volcanoes-a4,rfc-nosuite,0.8944591029023746,0.84,0.055408970976253295,0.0,0.0,1.0,0.45382585751978893,,1.0
volcanoes-a4,rfc-nosuite,0.8944591029023746,0.81,1.0,0.0,0.0,1.0,0.6860158311345647,0.8786279683377308,1.0
volcanoes-a4,rfc-nosuite,0.8944591029023746,1.0,1.0,0.0,0.0,1.0,0.8021108179419525,,1.0
volcanoes-a4,rfc-nosuite,0.8944591029023746,0.96,1.0,0.0,0.0,0.40105540897097625,0.8522427440633246,0.8970976253298153,1.0
volcanoes-a4,rfc-nosuite,0.8944591029023746,0.49,0.018469656992084433,0.0,0.0,0.005277044854881266,0.0079155672823219,0.0079155672823219,1.0
volcanoes-a4,rfc-nosuite,0.8944591029023746,1.0,1.0,0.0,0.0,1.0,0.8153034300791556,0.8786279683377308,1.0
volcanoes-a4,rfc-nosuite,0.8944591029023746,0.91,0.8786279683377308,0.0,0.0,0.9182058047493403,0.5013192612137203,0.941952506596306,1.0
volcanoes-a4,rfc-nosuite,0.8944591029023746,0.97,0.7678100263852242,0.0,0.0,1.0,0.8707124010554089,0.8786279683377308,1.0
volcanoes-a4,rfc-nosuite,0.8944591029023746,0.98,1.0,0.0,0.0,1.0,0.8522427440633246,0.9023746701846965,1.0
volcanoes-a4,rfc-nosuite,0.8944591029023746,0.96,1.0,0.0,0.0,1.0,0.8337730870712401,0.9102902374670184,1.0
volcanoes-a4,rfc-nosuite,0.8944591029023746,1.0,1.0,0.0,0.0,0.1345646437994723,0.8707124010554089,,1.0
volcanoes-a4,rfc-nosuite,0.8944591029023746,0.93,0.3720316622691293,0.0,0.0,1.0,0.8496042216358839,0.9261213720316622,1.0
volcanoes-a4,rfc-nosuite,0.8944591029023746,0.94,0.3720316622691293,0.0,0.0,1.0,0.8364116094986808,,1.0
volcanoes-a4,rfc-nosuite,0.8944591029023746,0.84,1.0,0.0,0.0,1.0,0.8601583113456465,0.9287598944591029,1.0
volcanoes-a4,rfc-nosuite,0.8944591029023746,1.0,1.0,0.0,0.0,0.6860158311345647,0.8073878627968337,0.9340369393139841,1.0
volcanoes-e1,rfc-nosuite,0.9155405405405406,1.0,1.0,0.0,0.0,1.0,0.831081081081081,,1.0
volcanoes-e1,rfc-nosuite,0.9155405405405406,0.97,1.0,0.0,0.0,1.0,,0.8378378378378378,1.0
volcanoes-e1,rfc-nosuite,0.9155405405405406,1.0,1.0,0.0,0.0,1.0,,0.6959459459459459,1.0
volcanoes-e1,rfc-nosuite,0.9155405405405406,1.0,1.0,0.0,0.0,1.0,0.8209459459459459,0.9459459459459459,1.0
volcanoes-e1,rfc-nosuite,0.9155405405405406,1.0,1.0,0.0,0.0,1.0,0.6891891891891891,,1.0
volcanoes-e1,rfc-nosuite,0.9155405405405406,0.76,0.05067567567567568,0.0,0.0,0.17905405405405406,0.17905405405405406,0.17905405405405406,1.0
volcanoes-e1,rfc-nosuite,0.9155405405405406,1.0,1.0,0.0,0.0,1.0,,,1.0
volcanoes-e1,rfc-nosuite,0.9155405405405406,0.99,1.0,0.0,0.0,1.0,,0.8378378378378378,1.0
volcanoes-e1,rfc-nosuite,0.9155405405405406,1.0,1.0,0.0,0.0,1.0,,,1.0
volcanoes-e1,rfc-nosuite,0.9155405405405406,0.86,0.7905405405405406,0.0,0.0,0.8277027027027027,0.8175675675675675,,1.0
volcanoes-e1,rfc-nosuite,0.9155405405405406,1.0,1.0,0.0,0.0,0.11824324324324324,0.75,,1.0
volcanoes-e1,rfc-nosuite,0.9155405405405406,0.89,1.0,0.0,0.0,0.8141891891891891,,0.8108108108108109,1.0
volcanoes-e1,rfc-nosuite,0.9155405405405406,0.85,1.0,0.0,0.0,1.0,,,1.0
volcanoes-e1,rfc-nosuite,0.9155405405405406,0.56,0.04391891891891892,0.0,0.0,0.14527027027027026,0.13175675675675674,0.20945945945945946,1.0
volcanoes-e1,rfc-nosuite,0.9155405405405406,0.94,0.40540540540540543,0.0,0.0,0.07432432432432433,0.4864864864864865,,1.0
volcanoes-e1,rfc-nosuite,0.9155405405405406,0.98,1.0,0.0,0.0,0.8378378378378378,,,1.0
volcanoes-e1,rfc-nosuite,0.9155405405405406,0.92,1.0,0.0,0.0,0.09797297297297297,0.7905405405405406,0.8716216216216216,1.0
volcanoes-e1,rfc-nosuite,0.9155405405405406,1.0,1.0,0.0,0.0,1.0,,,1.0
volcanoes-e1,rfc-nosuite,0.9155405405405406,0.97,0.33783783783783783,0.0,0.0,1.0,0.668918918918919,0.9493243243243243,1.0
volcanoes-e1,rfc-nosuite,0.9155405405405406,0.9,0.16554054054054054,0.0,0.0,0.9425675675675675,0.16554054054054054,,1.0
volcanoes-e1,rfc-nosuite,0.9155405405405406,0.99,1.0,0.0,0.0,1.0,0.8175675675675675,0.8378378378378378,1.0
volcanoes-e1,rfc-nosuite,0.9155405405405406,1.0,1.0,0.0,0.0,1.0,0.8006756756756757,,1.0
volcanoes-e1,rfc-nosuite,0.9155405405405406,0.95,0.3547297297297297,0.0,0.0,0.8209459459459459,0.30067567567567566,0.8277027027027027,1.0
volcanoes-e1,rfc-nosuite,0.9155405405405406,0.74,0.12837837837837837,0.0,0.0,0.11824324324324324,0.28040540540540543,0.43243243243243246,1.0
volcanoes-e1,rfc-nosuite,0.9155405405405406,0.59,0.8851351351351351,0.0,0.0,1.0,,0.13175675675675674,1.0
volcanoes-e1,rfc-nosuite,0.9155405405405406,0.98,1.0,0.0,0.0,1.0,0.21621621621621623,,1.0
volcanoes-e1,rfc-nosuite,0.9155405405405406,0.98,1.0,0.0,0.0,1.0,0.777027027027027,,1.0
volcanoes-e1,rfc-nosuite,0.9155405405405406,1.0,1.0,0.0,0.0,0.44932432432432434,0.8108108108108109,,1.0
volcanoes-e1,rfc-nosuite,0.9155405405405406,1.0,0.7195945945945946,0.0,0.0,0.831081081081081,0.777027027027027,0.8209459459459459,1.0
volcanoes-e1,rfc-nosuite,0.9155405405405406,0.84,0.0777027027027027,0.0,0.0,0.23986486486486486,0.46621621621621623,0.25675675675675674,1.0
volcanoes-e1,rfc-nosuite,0.9155405405405406,0.97,0.6824324324324325,0.0,0.0,1.0,,0.9256756756756757,1.0
volcanoes-e1,rfc-nosuite,0.9155405405405406,0.84,0.013513513513513514,0.0,0.0,0.28040540540540543,0.34121621621621623,0.3581081081081081,1.0
volcanoes-e1,rfc-nosuite,0.9155405405405406,1.0,1.0,0.0,0.0,1.0,,,1.0
volcanoes-e1,rfc-nosuite,0.9155405405405406,0.93,0.8243243243243243,0.0,0.0,0.8344594594594594,0.6148648648648649,0.8378378378378378,1.0
volcanoes-e1,rfc-nosuite,0.9155405405405406,0.5,1.0,0.0,0.0,0.3547297297297297,0.10135135135135136,0.6959459459459459,1.0
volcanoes-e1,rfc-nosuite,0.9155405405405406,1.0,0.35135135135135137,0.0,0.0,0.0777027027027027,0.7364864864864865,0.8378378378378378,1.0
volcanoes-e1,rfc-nosuite,0.9155405405405406,0.78,0.3108108108108108,0.0,0.0,0.9459459459459459,,0.24662162162162163,1.0
volcanoes-e1,rfc-nosuite,0.9155405405405406,0.96,1.0,0.0,0.0,1.0,0.28378378378378377,,1.0
volcanoes-e1,rfc-nosuite,0.9155405405405406,0.85,0.722972972972973,0.0,0.0,0.8783783783783784,0.19932432432432431,0.8209459459459459,1.0
volcanoes-e1,rfc-nosuite,0.9155405405405406,0.57,0.32094594594594594,0.0,0.0,0.6925675675675675,0.24324324324324326,0.2635135135135135,1.0
volcanoes-e1,rfc-nosuite,0.9155405405405406,0.98,1.0,0.0,0.0,1.0,0.777027027027027,0.8344594594594594,1.0
volcanoes-e1,rfc-nosuite,0.9155405405405406,1.0,0.7195945945945946,0.0,0.0,0.8378378378378378,0.5337837837837838,0.8344594594594594,1.0
volcanoes-e1,rfc-nosuite,0.9155405405405406,0.99,1.0,0.0,0.0,1.0,0.6925675675675675,0.8378378378378378,1.0
volcanoes-e1,rfc-nosuite,0.9155405405405406,0.97,1.0,0.0,0.0,0.2905405405405405,,,1.0
volcanoes-e1,rfc-nosuite,0.9155405405405406,0.5,1.0,0.0,0.0,0.02702702702702703,,0.15202702702702703,1.0
volcanoes-e1,rfc-nosuite,0.9155405405405406,1.0,1.0,0.0,0.0,1.0,0.7128378378378378,,1.0
volcanoes-e1,rfc-nosuite,0.9155405405405406,1.0,1.0,0.0,0.0,1.0,0.7331081081081081,0.8344594594594594,1.0
volcanoes-e1,rfc-nosuite,0.9155405405405406,0.99,0.8648648648648649,0.0,0.0,1.0,,,1.0
volcanoes-e1,rfc-nosuite,0.9155405405405406,0.95,1.0,0.0,0.0,1.0,0.46283783783783783,,1.0
volcanoes-e1,rfc-nosuite,0.9155405405405406,0.97,1.0,0.0,0.0,1.0,0.27702702702702703,0.8378378378378378,1.0
yeast,rfc-nosuite,0.6226415094339622,0.43,0.02425876010781671,0.0,0.0,0.03234501347708895,,0.05121293800539083,1.0
yeast,rfc-nosuite,0.6226415094339622,0.79,0.0215633423180593,0.0,0.0,0.03504043126684636,,0.1725067385444744,1.0
yeast,rfc-nosuite,0.6226415094339622,0.7,0.029649595687331536,0.0,0.0,0.03234501347708895,,0.0862533692722372,1.0
yeast,rfc-nosuite,0.6226415094339622,0.74,0.11590296495956873,0.0,0.0,0.018867924528301886,,0.14555256064690028,1.0
yeast,rfc-nosuite,0.6226415094339622,0.8,0.08086253369272237,0.0,0.0,0.02425876010781671,,0.05390835579514825,1.0
yeast,rfc-nosuite,0.6226415094339622,0.42,0.04582210242587601,0.0,0.0,0.005390835579514825,,0.0026954177897574125,1.0
yeast,rfc-nosuite,0.6226415094339622,0.67,0.0215633423180593,0.0,0.0,0.07008086253369272,,0.09164420485175202,1.0
yeast,rfc-nosuite,0.6226415094339622,0.47,0.026954177897574125,0.0,0.0,0.0026954177897574125,,0.03234501347708895,1.0
yeast,rfc-nosuite,0.6226415094339622,0.57,0.018867924528301886,0.0,0.0,0.02425876010781671,,0.029649595687331536,1.0
yeast,rfc-nosuite,0.6226415094339622,0.72,0.07547169811320754,0.0,0.0,0.05390835579514825,,0.33962264150943394,1.0
yeast,rfc-nosuite,0.6226415094339622,0.86,0.09164420485175202,0.0,0.0,0.01078167115902965,,0.09703504043126684,1.0
yeast,rfc-nosuite,0.6226415094339622,0.86,0.03234501347708895,0.0,0.0,0.0215633423180593,,0.18059299191374664,1.0
yeast,rfc-nosuite,0.6226415094339622,0.59,0.06199460916442048,0.0,0.0,0.03773584905660377,,0.07547169811320754,1.0
yeast,rfc-nosuite,0.6226415094339622,0.55,0.0215633423180593,0.0,0.0,0.005390835579514825,,0.013477088948787063,1.0
yeast,rfc-nosuite,0.6226415094339622,0.72,0.1105121293800539,0.0,0.0,0.0215633423180593,,0.14285714285714285,1.0
yeast,rfc-nosuite,0.6226415094339622,0.48,0.03773584905660377,0.0,0.0,0.005390835579514825,,0.15633423180592992,1.0
yeast,rfc-nosuite,0.6226415094339622,0.56,0.01078167115902965,0.0,0.0,0.06199460916442048,,0.07816711590296496,1.0
yeast,rfc-nosuite,0.6226415094339622,0.73,0.013477088948787063,0.0,0.0,0.01078167115902965,,0.018867924528301886,1.0
yeast,rfc-nosuite,0.6226415094339622,0.6,0.0215633423180593,0.0,0.0,0.03234501347708895,,0.029649595687331536,1.0
yeast,rfc-nosuite,0.6226415094339622,0.64,0.016172506738544475,0.0,0.0,0.05121293800539083,,0.1940700808625337,1.0
yeast,rfc-nosuite,0.6226415094339622,0.77,0.04043126684636118,0.0,0.0,0.01078167115902965,,0.16172506738544473,1.0
yeast,rfc-nosuite,0.6226415094339622,0.74,0.008086253369272238,0.0,0.0,0.01078167115902965,,0.1778975741239892,1.0
yeast,rfc-nosuite,0.6226415094339622,0.9,0.07547169811320754,0.0,0.0,0.05660377358490566,,0.11859838274932614,1.0
yeast,rfc-nosuite,0.6226415094339622,0.42,0.005390835579514825,0.0,0.0,0.029649595687331536,,0.02425876010781671,1.0
yeast,rfc-nosuite,0.6226415094339622,0.54,0.04851752021563342,0.0,0.0,0.05390835579514825,,0.11859838274932614,1.0
yeast,rfc-nosuite,0.6226415094339622,0.4,0.018867924528301886,0.0,0.0,0.018867924528301886,,0.22641509433962265,1.0
yeast,rfc-nosuite,0.6226415094339622,0.52,0.013477088948787063,0.0,0.0,0.07008086253369272,,0.07008086253369272,1.0
yeast,rfc-nosuite,0.6226415094339622,0.51,0.013477088948787063,0.0,0.0,0.0026954177897574125,,0.03504043126684636,1.0
yeast,rfc-nosuite,0.6226415094339622,0.78,0.03504043126684636,0.0,0.0,0.02425876010781671,,0.1725067385444744,1.0
yeast,rfc-nosuite,0.6226415094339622,0.64,0.008086253369272238,0.0,0.0,0.04582210242587601,,0.16172506738544473,1.0
yeast,rfc-nosuite,0.6226415094339622,0.51,0.029649595687331536,0.0,0.0,0.02425876010781671,,0.19137466307277629,1.0
yeast,rfc-nosuite,0.6226415094339622,0.75,0.0431266846361186,0.0,0.0,0.0431266846361186,,0.06199460916442048,1.0
yeast,rfc-nosuite,0.6226415094339622,0.32,0.013477088948787063,0.0,0.0,0.0026954177897574125,,0.03773584905660377,1.0
yeast,rfc-nosuite,0.6226415094339622,0.37,0.02425876010781671,0.0,0.0,0.0215633423180593,,0.03773584905660377,1.0
yeast,rfc-nosuite,0.6226415094339622,0.63,0.05660377358490566,0.0,0.0,0.07816711590296496,,0.1752021563342318,1.0
yeast,rfc-nosuite,0.6226415094339622,0.45,0.05929919137466307,0.0,0.0,0.0889487870619946,,0.08355795148247978,1.0
yeast,rfc-nosuite,0.6226415094339622,0.42,0.0215633423180593,0.0,0.0,0.005390835579514825,,0.008086253369272238,1.0
yeast,rfc-nosuite,0.6226415094339622,0.92,0.029649595687331536,0.0,0.0,0.0215633423180593,,0.14285714285714285,1.0
yeast,rfc-nosuite,0.6226415094339622,0.73,0.029649595687331536,0.0,0.0,0.03773584905660377,,0.25067385444743934,1.0
yeast,rfc-nosuite,0.6226415094339622,0.44,0.03773584905660377,0.0,0.0,0.01078167115902965,,0.22911051212938005,1.0
yeast,rfc-nosuite,0.6226415094339622,0.64,0.0673854447439353,0.0,0.0,0.02425876010781671,,0.12398921832884097,1.0
yeast,rfc-nosuite,0.6226415094339622,0.57,0.07547169811320754,0.0,0.0,0.14555256064690028,,0.15633423180592992,1.0
yeast,rfc-nosuite,0.6226415094339622,0.47,0.013477088948787063,0.0,0.0,0.01078167115902965,,0.25336927223719674,1.0
yeast,rfc-nosuite,0.6226415094339622,0.56,0.008086253369272238,0.0,0.0,0.018867924528301886,,0.013477088948787063,1.0
yeast,rfc-nosuite,0.6226415094339622,0.76,0.05929919137466307,0.0,0.0,0.016172506738544475,,0.20215633423180593,1.0
yeast,rfc-nosuite,0.6226415094339622,0.55,0.40161725067385445,0.0,0.0,0.0215633423180593,,0.11859838274932614,1.0
yeast,rfc-nosuite,0.6226415094339622,0.41,0.07547169811320754,0.0,0.0,0.029649595687331536,,0.14824797843665768,1.0
yeast,rfc-nosuite,0.6226415094339622,0.55,0.01078167115902965,0.0,0.0,0.1078167115902965,,0.09433962264150944,1.0
yeast,rfc-nosuite,0.6226415094339622,0.79,0.07277628032345014,0.0,0.0,0.029649595687331536,,0.0889487870619946,1.0
yeast,rfc-nosuite,0.6226415094339622,0.85,0.14285714285714285,0.0,0.0,0.03234501347708895,,0.12398921832884097,1.0
rmftsa,rfc-nosuite,0.48828125,0.3562142857142858,0.42578125,0.0,0.0,0.38671875,0.4453125,0.0546875,1.0
rmftsa,rfc-nosuite,0.48828125,0.4576666666666667,0.21875,0.0,0.0,0.08984375,0.234375,0.20703125,1.0
rmftsa,rfc-nosuite,0.48828125,0.6425,0.50390625,0.0,0.0,0.09765625,0.13671875,0.02734375,1.0
rmftsa,rfc-nosuite,0.48828125,0.8478333333333333,0.47265625,0.0,0.0,0.42578125,0.046875,0.05859375,1.0
rmftsa,rfc-nosuite,0.48828125,0.614280303030303,0.7109375,0.0,0.0,0.28125,0.18359375,0.47265625,1.0
rmftsa,rfc-nosuite,0.48828125,0.8540349927849925,0.18359375,0.0,0.0,0.2421875,0.375,0.3671875,1.0
rmftsa,rfc-nosuite,0.48828125,0.2751865079365079,0.6875,0.0,0.0,0.1171875,0.01953125,0.1171875,1.0
rmftsa,rfc-nosuite,0.48828125,0.8464378399378396,0.26953125,0.0,0.0,0.26953125,0.26171875,0.26953125,1.0
rmftsa,rfc-nosuite,0.48828125,0.8261904761904763,0.03125,0.0,0.0,0.05078125,0.21484375,0.01953125,1.0
rmftsa,rfc-nosuite,0.48828125,0.5813382173382172,0.453125,0.0,0.0,0.26953125,0.1640625,0.26953125,1.0
rmftsa,rfc-nosuite,0.48828125,1.0,0.61328125,0.0,0.0,0.3671875,0.125,0.48046875,1.0
rmftsa,rfc-nosuite,0.48828125,0.59075,0.21484375,0.0,0.0,0.49609375,0.2265625,0.21484375,1.0
rmftsa,rfc-nosuite,0.48828125,0.861,0.08984375,0.0,0.0,0.03125,0.22265625,0.03125,1.0
rmftsa,rfc-nosuite,0.48828125,0.6853333333333335,0.3203125,0.0,0.0,0.140625,0.28515625,0.12890625,1.0
rmftsa,rfc-nosuite,0.48828125,0.6778594852859559,0.453125,0.0,0.0,0.15234375,0.23046875,0.49609375,1.0
rmftsa,rfc-nosuite,0.48828125,0.39428571428571435,0.015625,0.0,0.0,0.015625,0.12890625,0.10546875,1.0
rmftsa,rfc-nosuite,0.48828125,0.4970714285714286,0.10546875,0.0,0.0,0.0703125,0.0859375,0.2265625,1.0
rmftsa,rfc-nosuite,0.48828125,0.5813382173382172,0.453125,0.0,0.0,0.26953125,0.21484375,0.4375,1.0
rmftsa,rfc-nosuite,0.48828125,0.58,0.06640625,0.0,0.0,0.10546875,0.17578125,0.0390625,1.0
rmftsa,rfc-nosuite,0.48828125,0.9611111111111111,0.7109375,0.0,0.0,0.3203125,0.33984375,0.5859375,1.0
rmftsa,rfc-nosuite,0.48828125,0.6005757575757573,0.42578125,0.0,0.0,0.0390625,0.40625,0.1640625,1.0
rmftsa,rfc-nosuite,0.48828125,0.3537380952380953,0.04296875,0.0,0.0,0.27734375,0.16796875,0.1015625,1.0
rmftsa,rfc-nosuite,0.48828125,0.6685,0.171875,0.0,0.0,0.64453125,0.16796875,0.0546875,1.0
rmftsa,rfc-nosuite,0.48828125,0.6693243284493282,0.75390625,0.0,0.0,0.3828125,0.52734375,0.39453125,1.0
rmftsa,rfc-nosuite,0.48828125,0.7121666666666667,0.28125,0.0,0.0,0.52734375,0.28515625,0.3515625,1.0
rmftsa,rfc-nosuite,0.48828125,0.82,0.0703125,0.0,0.0,0.50390625,0.27734375,0.01171875,1.0
rmftsa,rfc-nosuite,0.48828125,0.429,0.0390625,0.0,0.0,0.00390625,0.37109375,0.265625,1.0
rmftsa,rfc-nosuite,0.48828125,0.52,0.09765625,0.0,0.0,0.62109375,0.03515625,0.34765625,1.0
rmftsa,rfc-nosuite,0.48828125,0.42683730158730154,0.1015625,0.0,0.0,0.7890625,0.453125,0.12109375,1.0
rmftsa,rfc-nosuite,0.48828125,0.6702857142857143,0.89453125,0.0,0.0,0.203125,0.171875,0.1171875,1.0
rmftsa,rfc-nosuite,0.48828125,0.6414067321567322,0.0859375,0.0,0.0,0.15625,0.37109375,0.22265625,1.0
rmftsa,rfc-nosuite,0.48828125,0.3321428571428571,0.015625,0.0,0.0,0.015625,0.22265625,0.22265625,1.0
rmftsa,rfc-nosuite,0.48828125,0.6853333333333335,0.3203125,0.0,0.0,0.140625,0.08203125,0.12890625,1.0
rmftsa,rfc-nosuite,0.48828125,0.5189999999999999,0.21875,0.0,0.0,0.171875,0.125,0.08984375,1.0
rmftsa,rfc-nosuite,0.48828125,0.8230952380952381,0.24609375,0.0,0.0,0.27734375,0.546875,0.078125,1.0
rmftsa,rfc-nosuite,0.48828125,0.5,0.078125,0.0,0.0,0.03125,0.39453125,0.0078125,1.0
rmftsa,rfc-nosuite,0.48828125,0.514142857142857,0.61328125,0.0,0.0,0.5234375,0.43359375,0.578125,1.0
rmftsa,rfc-nosuite,0.48828125,1.0,0.28125,0.0,0.0,0.015625,0.046875,0.0390625,1.0
rmftsa,rfc-nosuite,0.48828125,0.5757976190476191,0.3046875,0.0,0.0,0.5546875,0.1328125,0.18359375,1.0
rmftsa,rfc-nosuite,0.48828125,0.88,0.04296875,0.0,0.0,0.22265625,0.11328125,0.03125,1.0
rmftsa,rfc-nosuite,0.48828125,0.5973333333333334,0.1171875,0.0,0.0,0.15625,0.23046875,0.12890625,1.0
rmftsa,rfc-nosuite,0.48828125,0.4328333333333333,0.06640625,0.0,0.0,0.16796875,0.28515625,0.01953125,1.0
rmftsa,rfc-nosuite,0.48828125,0.74,0.08203125,0.0,0.0,0.0546875,0.28125,0.2421875,1.0
rmftsa,rfc-nosuite,0.48828125,0.74,0.578125,0.0,0.0,0.4296875,0.234375,0.0859375,1.0
rmftsa,rfc-nosuite,0.48828125,0.89,0.28125,0.0,0.0,0.015625,0.015625,0.38671875,1.0
rmftsa,rfc-nosuite,0.48828125,0.5813382173382172,0.453125,0.0,0.0,0.26953125,0.390625,0.2421875,1.0
rmftsa,rfc-nosuite,0.48828125,0.74,0.08203125,0.0,0.0,0.0546875,0.28125,0.265625,1.0
rmftsa,rfc-nosuite,0.48828125,0.72,0.078125,0.0,0.0,0.05859375,0.05859375,0.05859375,1.0
rmftsa,rfc-nosuite,0.48828125,0.86,0.046875,0.0,0.0,0.0390625,0.046875,0.0390625,1.0
rmftsa,rfc-nosuite,0.48828125,0.6383095238095238,0.96484375,0.0,0.0,0.16796875,0.06640625,0.12109375,1.0
banknote-authentication,rfc-nosuite,0.9941690962099126,0.99,1.0,0.0,0.0,0.20699708454810495,0.6647230320699709,0.31486880466472306,1.0
banknote-authentication,rfc-nosuite,0.9941690962099126,1.0,1.0,0.0,0.0,0.358600583090379,0.33819241982507287,0.36151603498542273,1.0
banknote-authentication,rfc-nosuite,0.9941690962099126,0.97,1.0,0.0,0.0,0.2565597667638484,0.7084548104956269,0.23323615160349853,1.0
banknote-authentication,rfc-nosuite,0.9941690962099126,0.95,0.4897959183673469,0.0,0.0,0.17784256559766765,0.239067055393586,0.24198250728862974,1.0
banknote-authentication,rfc-nosuite,0.9941690962099126,1.0,0.8104956268221575,0.0,0.0,0.3935860058309038,0.21574344023323616,0.34110787172011664,1.0
banknote-authentication,rfc-nosuite,0.9941690962099126,1.0,0.2594752186588921,0.0,0.0,0.30029154518950435,0.07580174927113703,0.30612244897959184,1.0
banknote-authentication,rfc-nosuite,0.9941690962099126,0.99,0.6967930029154519,0.0,0.0,0.25072886297376096,0.30612244897959184,0.2915451895043732,1.0
banknote-authentication,rfc-nosuite,0.9941690962099126,1.0,1.0,0.0,0.0,0.358600583090379,0.37900874635568516,0.2565597667638484,1.0
banknote-authentication,rfc-nosuite,0.9941690962099126,1.0,0.6676384839650146,0.0,0.0,0.4227405247813411,0.09912536443148688,0.3819241982507289,1.0
banknote-authentication,rfc-nosuite,0.9941690962099126,1.0,1.0,0.0,0.0,0.30903790087463556,0.22157434402332363,0.3323615160349854,1.0
banknote-authentication,rfc-nosuite,0.9941690962099126,0.94,0.7084548104956269,0.0,0.0,0.09912536443148688,0.026239067055393587,0.10495626822157435,1.0
banknote-authentication,rfc-nosuite,0.9941690962099126,1.0,1.0,0.0,0.0,0.4897959183673469,0.08746355685131195,0.42857142857142855,1.0
banknote-authentication,rfc-nosuite,0.9941690962099126,1.0,1.0,0.0,0.0,0.16034985422740525,0.2886297376093295,0.446064139941691,1.0
banknote-authentication,rfc-nosuite,0.9941690962099126,1.0,1.0,0.0,0.0,0.119533527696793,0.6618075801749271,0.2915451895043732,1.0
banknote-authentication,rfc-nosuite,0.9941690962099126,1.0,1.0,0.0,0.0,0.16326530612244897,0.0728862973760933,0.30612244897959184,1.0
banknote-authentication,rfc-nosuite,0.9941690962099126,1.0,0.3323615160349854,0.0,0.0,0.14868804664723032,0.061224489795918366,0.24489795918367346,1.0
banknote-authentication,rfc-nosuite,0.9941690962099126,0.99,0.3323615160349854,0.0,0.0,0.15160349854227406,0.061224489795918366,0.18075801749271136,1.0
banknote-authentication,rfc-nosuite,0.9941690962099126,0.98,0.6676384839650146,0.0,0.0,0.21282798833819241,0.3673469387755102,0.15451895043731778,1.0
banknote-authentication,rfc-nosuite,0.9941690962099126,0.99,1.0,0.0,0.0,0.33819241982507287,0.33819241982507287,0.30612244897959184,1.0
banknote-authentication,rfc-nosuite,0.9941690962099126,1.0,1.0,0.0,0.0,0.3848396501457726,0.03206997084548105,0.23323615160349853,1.0
banknote-authentication,rfc-nosuite,0.9941690962099126,1.0,0.8688046647230321,0.0,0.0,0.30612244897959184,0.0641399416909621,0.3032069970845481,1.0
banknote-authentication,rfc-nosuite,0.9941690962099126,0.97,0.20699708454810495,0.0,0.0,0.18075801749271136,0.2099125364431487,0.18658892128279883,1.0
banknote-authentication,rfc-nosuite,0.9941690962099126,1.0,1.0,0.0,0.0,0.33819241982507287,0.30903790087463556,0.3032069970845481,1.0
banknote-authentication,rfc-nosuite,0.9941690962099126,1.0,1.0,0.0,0.0,0.34402332361516036,0.26822157434402333,0.37026239067055394,1.0
banknote-authentication,rfc-nosuite,0.9941690962099126,0.89,0.6618075801749271,0.0,0.0,0.037900874635568516,0.029154518950437316,0.01749271137026239,1.0
banknote-authentication,rfc-nosuite,0.9941690962099126,1.0,1.0,0.0,0.0,0.33819241982507287,0.3498542274052478,0.24198250728862974,1.0
banknote-authentication,rfc-nosuite,0.9941690962099126,1.0,1.0,0.0,0.0,0.13119533527696792,0.11370262390670553,0.30903790087463556,1.0
banknote-authentication,rfc-nosuite,0.9941690962099126,1.0,1.0,0.0,0.0,0.31486880466472306,0.27113702623906705,0.4839650145772595,1.0
banknote-authentication,rfc-nosuite,0.9941690962099126,0.94,0.33819241982507287,0.0,0.0,0.33819241982507287,0.30612244897959184,0.33819241982507287,1.0
banknote-authentication,rfc-nosuite,0.9941690962099126,0.99,1.0,0.0,0.0,0.16326530612244897,0.16326530612244897,0.2857142857142857,1.0
banknote-authentication,rfc-nosuite,0.9941690962099126,0.99,1.0,0.0,0.0,0.20699708454810495,0.5189504373177842,0.2944606413994169,1.0
banknote-authentication,rfc-nosuite,0.9941690962099126,1.0,1.0,0.0,0.0,0.24198250728862974,0.5393586005830904,0.3206997084548105,1.0
banknote-authentication,rfc-nosuite,0.9941690962099126,0.94,0.3032069970845481,0.0,0.0,0.04081632653061224,0.03206997084548105,0.09037900874635568,1.0
banknote-authentication,rfc-nosuite,0.9941690962099126,1.0,1.0,0.0,0.0,0.30903790087463556,0.21865889212827988,0.5043731778425656,1.0
banknote-authentication,rfc-nosuite,0.9941690962099126,0.97,0.42857142857142855,0.0,0.0,0.16326530612244897,0.40233236151603496,0.25072886297376096,1.0
banknote-authentication,rfc-nosuite,0.9941690962099126,1.0,1.0,0.0,0.0,0.30903790087463556,0.21865889212827988,0.5685131195335277,1.0
banknote-authentication,rfc-nosuite,0.9941690962099126,1.0,1.0,0.0,0.0,0.2886297376093295,0.30612244897959184,0.4227405247813411,1.0
banknote-authentication,rfc-nosuite,0.9941690962099126,1.0,1.0,0.0,0.0,0.5043731778425656,0.2303206997084548,0.36151603498542273,1.0
banknote-authentication,rfc-nosuite,0.9941690962099126,0.98,1.0,0.0,0.0,0.15451895043731778,0.6618075801749271,0.40233236151603496,1.0
banknote-authentication,rfc-nosuite,0.9941690962099126,1.0,1.0,0.0,0.0,0.30903790087463556,0.11078717201166181,0.43731778425655976,1.0
banknote-authentication,rfc-nosuite,0.9941690962099126,0.99,1.0,0.0,0.0,0.36151603498542273,0.282798833819242,0.4868804664723032,1.0
banknote-authentication,rfc-nosuite,0.9941690962099126,1.0,0.30029154518950435,0.0,0.0,0.30612244897959184,0.30029154518950435,0.30612244897959184,1.0
banknote-authentication,rfc-nosuite,0.9941690962099126,0.85,0.6618075801749271,0.0,0.0,0.037900874635568516,0.11370262390670553,0.04664723032069971,1.0
banknote-authentication,rfc-nosuite,0.9941690962099126,0.99,0.2478134110787172,0.0,0.0,0.09912536443148688,0.03206997084548105,0.052478134110787174,1.0
banknote-authentication,rfc-nosuite,0.9941690962099126,1.0,1.0,0.0,0.0,0.30029154518950435,0.08454810495626822,0.239067055393586,1.0
banknote-authentication,rfc-nosuite,0.9941690962099126,1.0,0.6676384839650146,0.0,0.0,0.6618075801749271,0.2565597667638484,0.30612244897959184,1.0
banknote-authentication,rfc-nosuite,0.9941690962099126,1.0,1.0,0.0,0.0,0.2944606413994169,0.22157434402332363,0.3965014577259475,1.0
banknote-authentication,rfc-nosuite,0.9941690962099126,0.99,0.5043731778425656,0.0,0.0,0.1282798833819242,0.3965014577259475,0.23323615160349853,1.0
banknote-authentication,rfc-nosuite,0.9941690962099126,0.99,1.0,0.0,0.0,0.21574344023323616,0.26239067055393583,0.3469387755102041,1.0
banknote-authentication,rfc-nosuite,0.9941690962099126,0.94,0.01749271137026239,0.0,0.0,0.061224489795918366,0.011661807580174927,0.04956268221574344,1.0
volcanoes-a2,rfc-nosuite,0.9310344827586207,1.0,0.37438423645320196,0.0,0.0,0.312807881773399,0.5640394088669951,0.9014778325123153,1.0
volcanoes-a2,rfc-nosuite,0.9310344827586207,0.96,0.30295566502463056,0.0,0.0,0.034482758620689655,0.16009852216748768,,1.0
volcanoes-a2,rfc-nosuite,0.9310344827586207,1.0,1.0,0.0,0.0,1.0,0.5320197044334976,0.9211822660098522,1.0
volcanoes-a2,rfc-nosuite,0.9310344827586207,0.97,1.0,0.0,0.0,0.6551724137931034,0.8423645320197044,,1.0
volcanoes-a2,rfc-nosuite,0.9310344827586207,0.74,0.8423645320197044,0.0,0.0,0.9950738916256158,0.9137931034482759,,1.0
volcanoes-a2,rfc-nosuite,0.9310344827586207,1.0,1.0,0.0,0.0,1.0,0.9137931034482759,,1.0
volcanoes-a2,rfc-nosuite,0.9310344827586207,0.92,1.0,0.0,0.0,0.6551724137931034,0.8620689655172413,0.9334975369458128,1.0
volcanoes-a2,rfc-nosuite,0.9310344827586207,0.99,1.0,0.0,0.0,0.229064039408867,0.9137931034482759,,1.0
volcanoes-a2,rfc-nosuite,0.9310344827586207,1.0,1.0,0.0,0.0,0.5,0.7660098522167488,0.9532019704433498,1.0
volcanoes-a2,rfc-nosuite,0.9310344827586207,0.99,1.0,0.0,0.0,0.8423645320197044,0.8866995073891626,,1.0
volcanoes-a2,rfc-nosuite,0.9310344827586207,0.63,0.0049261083743842365,0.0,0.0,0.23891625615763548,0.46551724137931033,0.23891625615763548,1.0
volcanoes-a2,rfc-nosuite,0.9310344827586207,1.0,1.0,0.0,0.0,0.34236453201970446,0.8423645320197044,,1.0
volcanoes-a2,rfc-nosuite,0.9310344827586207,0.71,0.4482758620689655,0.0,0.0,0.2438423645320197,0.9137931034482759,0.21428571428571427,1.0
volcanoes-a2,rfc-nosuite,0.9310344827586207,0.72,0.9137931034482759,0.0,0.0,0.9261083743842364,0.5467980295566502,0.9334975369458128,1.0
volcanoes-a2,rfc-nosuite,0.9310344827586207,0.92,1.0,0.0,0.0,0.7955665024630542,0.854679802955665,,1.0
volcanoes-a2,rfc-nosuite,0.9310344827586207,1.0,1.0,0.0,0.0,0.4064039408866995,0.8620689655172413,0.916256157635468,1.0
volcanoes-a2,rfc-nosuite,0.9310344827586207,0.99,1.0,0.0,0.0,0.26108374384236455,0.9088669950738916,0.9679802955665024,1.0
volcanoes-a2,rfc-nosuite,0.9310344827586207,0.92,1.0,0.0,0.0,0.9137931034482759,0.916256157635468,0.9310344827586207,1.0
volcanoes-a2,rfc-nosuite,0.9310344827586207,1.0,1.0,0.0,0.0,0.7536945812807881,0.8793103448275862,0.9507389162561576,1.0
volcanoes-a2,rfc-nosuite,0.9310344827586207,1.0,1.0,0.0,0.0,1.0,0.8620689655172413,,1.0
volcanoes-a2,rfc-nosuite,0.9310344827586207,0.96,1.0,0.0,0.0,0.034482758620689655,0.8448275862068966,0.9408866995073891,1.0
volcanoes-a2,rfc-nosuite,0.9310344827586207,0.95,1.0,0.0,0.0,1.0,0.9137931034482759,0.9556650246305419,1.0
volcanoes-a2,rfc-nosuite,0.9310344827586207,0.98,1.0,0.0,0.0,0.8201970443349754,0.8325123152709359,,1.0
volcanoes-a2,rfc-nosuite,0.9310344827586207,1.0,0.7512315270935961,0.0,0.0,0.6551724137931034,0.43349753694581283,,1.0
volcanoes-a2,rfc-nosuite,0.9310344827586207,0.99,1.0,0.0,0.0,0.034482758620689655,0.8300492610837439,0.9482758620689655,1.0
volcanoes-a2,rfc-nosuite,0.9310344827586207,1.0,1.0,0.0,0.0,1.0,0.8325123152709359,0.9236453201970444,1.0
volcanoes-a2,rfc-nosuite,0.9310344827586207,1.0,1.0,0.0,0.0,0.41625615763546797,0.35960591133004927,,1.0
volcanoes-a2,rfc-nosuite,0.9310344827586207,0.96,1.0,0.0,0.0,1.0,0.9088669950738916,0.9285714285714286,1.0
volcanoes-a2,rfc-nosuite,0.9310344827586207,0.96,1.0,0.0,0.0,0.8349753694581281,0.7536945812807881,,1.0
volcanoes-a2,rfc-nosuite,0.9310344827586207,1.0,1.0,0.0,0.0,0.8842364532019704,0.9137931034482759,0.9704433497536946,1.0
volcanoes-a2,rfc-nosuite,0.9310344827586207,1.0,1.0,0.0,0.0,1.0,0.9137931034482759,0.9532019704433498,1.0
volcanoes-a2,rfc-nosuite,0.9310344827586207,1.0,1.0,0.0,0.0,0.7955665024630542,0.7216748768472906,0.9532019704433498,1.0
volcanoes-a2,rfc-nosuite,0.9310344827586207,0.99,1.0,0.0,0.0,1.0,0.7266009852216748,,1.0
volcanoes-a2,rfc-nosuite,0.9310344827586207,1.0,1.0,0.0,0.0,0.8251231527093597,0.8448275862068966,0.9433497536945813,1.0
volcanoes-a2,rfc-nosuite,0.9310344827586207,0.99,1.0,0.0,0.0,0.14532019704433496,0.9014778325123153,0.9532019704433498,1.0
volcanoes-a2,rfc-nosuite,0.9310344827586207,1.0,1.0,0.0,0.0,0.6551724137931034,0.5369458128078818,,1.0
volcanoes-a2,rfc-nosuite,0.9310344827586207,0.98,1.0,0.0,0.0,1.0,0.874384236453202,0.9458128078817734,1.0
volcanoes-a2,rfc-nosuite,0.9310344827586207,0.43,0.024630541871921183,0.0,0.0,0.014778325123152709,0.034482758620689655,0.009852216748768473,1.0
volcanoes-a2,rfc-nosuite,0.9310344827586207,1.0,1.0,0.0,0.0,1.0,0.8448275862068966,0.9458128078817734,1.0
volcanoes-a2,rfc-nosuite,0.9310344827586207,0.82,0.8793103448275862,0.0,0.0,0.8940886699507389,0.9137931034482759,0.8916256157635468,1.0
volcanoes-a2,rfc-nosuite,0.9310344827586207,1.0,1.0,0.0,0.0,0.8423645320197044,0.7684729064039408,0.8940886699507389,1.0
volcanoes-a2,rfc-nosuite,0.9310344827586207,0.97,1.0,0.0,0.0,0.7536945812807881,0.5517241379310345,,1.0
volcanoes-a2,rfc-nosuite,0.9310344827586207,0.97,1.0,0.0,0.0,1.0,0.854679802955665,0.9334975369458128,1.0
volcanoes-a2,rfc-nosuite,0.9310344827586207,0.98,1.0,0.0,0.0,0.4187192118226601,0.7586206896551724,0.9408866995073891,1.0
volcanoes-a2,rfc-nosuite,0.9310344827586207,1.0,1.0,0.0,0.0,1.0,0.37192118226600984,0.9655172413793104,1.0
volcanoes-a2,rfc-nosuite,0.9310344827586207,0.86,0.024630541871921183,0.0,0.0,0.9704433497536946,0.007389162561576354,0.2684729064039409,1.0
volcanoes-a2,rfc-nosuite,0.9310344827586207,1.0,1.0,0.0,0.0,0.229064039408867,0.874384236453202,,1.0
volcanoes-a2,rfc-nosuite,0.9310344827586207,0.96,0.9334975369458128,0.0,0.0,1.0,0.9064039408866995,,1.0
volcanoes-a2,rfc-nosuite,0.9310344827586207,1.0,1.0,0.0,0.0,0.8349753694581281,0.7660098522167488,0.9532019704433498,1.0
volcanoes-a2,rfc-nosuite,0.9310344827586207,0.99,1.0,0.0,0.0,1.0,0.8497536945812808,0.9408866995073891,1.0
volcanoes-a3,rfc-nosuite,0.89501312335958,0.42,0.023622047244094488,0.0,0.0,0.926509186351706,0.8398950131233596,0.8188976377952756,1.0
volcanoes-a3,rfc-nosuite,0.89501312335958,1.0,1.0,0.0,0.0,1.0,0.8661417322834646,,1.0
volcanoes-a3,rfc-nosuite,0.89501312335958,0.35,0.049868766404199474,0.0,0.0,0.49081364829396323,0.49343832020997375,0.015748031496062992,1.0
volcanoes-a3,rfc-nosuite,0.89501312335958,1.0,1.0,0.0,0.0,1.0,0.8871391076115486,0.926509186351706,1.0
volcanoes-a3,rfc-nosuite,0.89501312335958,1.0,1.0,0.0,0.0,0.30183727034120733,0.868766404199475,,1.0
volcanoes-a3,rfc-nosuite,0.89501312335958,0.99,1.0,0.0,0.0,1.0,0.5879265091863517,,1.0
volcanoes-a3,rfc-nosuite,0.89501312335958,1.0,1.0,0.0,0.0,0.6194225721784777,0.8241469816272966,,1.0
volcanoes-a3,rfc-nosuite,0.89501312335958,0.99,1.0,0.0,0.0,1.0,0.7952755905511811,0.9291338582677166,1.0
volcanoes-a3,rfc-nosuite,0.89501312335958,0.95,1.0,0.0,0.0,1.0,0.8241469816272966,0.9238845144356955,1.0
volcanoes-a3,rfc-nosuite,0.89501312335958,1.0,1.0,0.0,0.0,1.0,0.847769028871391,,1.0
volcanoes-a3,rfc-nosuite,0.89501312335958,1.0,1.0,0.0,0.0,0.5905511811023622,0.8057742782152231,0.9343832020997376,1.0
volcanoes-a3,rfc-nosuite,0.89501312335958,0.95,0.8871391076115486,0.0,0.0,0.905511811023622,0.9002624671916011,0.9212598425196851,1.0
volcanoes-a3,rfc-nosuite,0.89501312335958,0.7,1.0,0.0,0.0,1.0,0.7427821522309711,0.8871391076115486,1.0
volcanoes-a3,rfc-nosuite,0.89501312335958,0.59,0.031496062992125984,0.0,0.0,0.7375328083989501,0.06561679790026247,0.6929133858267716,1.0
volcanoes-a3,rfc-nosuite,0.89501312335958,0.9,0.8871391076115486,0.0,0.0,0.9002624671916011,0.8871391076115486,,1.0
volcanoes-a3,rfc-nosuite,0.89501312335958,0.99,1.0,0.0,0.0,0.9291338582677166,0.8923884514435696,0.9002624671916011,1.0
volcanoes-a3,rfc-nosuite,0.89501312335958,0.99,0.7795275590551181,0.0,0.0,0.8241469816272966,0.8582677165354331,0.9422572178477691,1.0
volcanoes-a3,rfc-nosuite,0.89501312335958,1.0,1.0,0.0,0.0,1.0,0.7979002624671916,0.8976377952755905,1.0
volcanoes-a3,rfc-nosuite,0.89501312335958,0.98,1.0,0.0,0.0,1.0,0.8057742782152231,0.926509186351706,1.0
volcanoes-a3,rfc-nosuite,0.89501312335958,0.85,0.7952755905511811,0.0,0.0,1.0,0.5196850393700787,0.9422572178477691,1.0
volcanoes-a3,rfc-nosuite,0.89501312335958,1.0,1.0,0.0,0.0,1.0,0.8031496062992126,,1.0
volcanoes-a3,rfc-nosuite,0.89501312335958,0.91,0.8871391076115486,0.0,0.0,0.8871391076115486,0.8871391076115486,0.868766404199475,1.0
volcanoes-a3,rfc-nosuite,0.89501312335958,1.0,1.0,0.0,0.0,0.926509186351706,0.8713910761154856,0.910761154855643,1.0
volcanoes-a3,rfc-nosuite,0.89501312335958,0.79,0.926509186351706,0.0,0.0,0.9291338582677166,0.7007874015748031,0.6404199475065617,1.0
volcanoes-a3,rfc-nosuite,0.89501312335958,0.95,1.0,0.0,0.0,1.0,0.8398950131233596,,1.0
volcanoes-a3,rfc-nosuite,0.89501312335958,0.97,1.0,0.0,0.0,1.0,0.8871391076115486,0.9422572178477691,1.0
volcanoes-a3,rfc-nosuite,0.89501312335958,0.49,0.05774278215223097,0.0,0.0,0.9291338582677166,0.9028871391076115,,1.0
volcanoes-a3,rfc-nosuite,0.89501312335958,0.98,1.0,0.0,0.0,1.0,0.7795275590551181,0.9291338582677166,1.0
volcanoes-a3,rfc-nosuite,0.89501312335958,1.0,1.0,0.0,0.0,0.6272965879265092,0.8057742782152231,,1.0
volcanoes-a3,rfc-nosuite,0.89501312335958,0.98,1.0,0.0,0.0,1.0,0.9002624671916011,0.9343832020997376,1.0
volcanoes-a3,rfc-nosuite,0.89501312335958,0.99,1.0,0.0,0.0,0.30183727034120733,0.8320209973753281,0.9186351706036745,1.0
volcanoes-a3,rfc-nosuite,0.89501312335958,1.0,1.0,0.0,0.0,1.0,0.7690288713910761,0.9606299212598425,1.0
volcanoes-a3,rfc-nosuite,0.89501312335958,0.72,0.926509186351706,0.0,0.0,0.9291338582677166,0.800524934383202,0.4199475065616798,1.0
volcanoes-a3,rfc-nosuite,0.89501312335958,0.97,1.0,0.0,0.0,0.8871391076115486,0.8451443569553806,0.8713910761154856,1.0
volcanoes-a3,rfc-nosuite,0.89501312335958,1.0,1.0,0.0,0.0,0.30183727034120733,0.8241469816272966,0.9343832020997376,1.0
volcanoes-a3,rfc-nosuite,0.89501312335958,0.89,0.5958005249343832,0.0,0.0,0.9291338582677166,0.8976377952755905,,1.0
volcanoes-a3,rfc-nosuite,0.89501312335958,0.98,0.49343832020997375,0.0,0.0,1.0,0.847769028871391,0.8766404199475065,1.0
volcanoes-a3,rfc-nosuite,0.89501312335958,0.98,1.0,0.0,0.0,0.3333333333333333,0.863517060367454,0.931758530183727,1.0
volcanoes-a3,rfc-nosuite,0.89501312335958,0.94,0.8871391076115486,0.0,0.0,0.05511811023622047,0.9081364829396326,,1.0
volcanoes-a3,rfc-nosuite,0.89501312335958,0.97,1.0,0.0,0.0,0.931758530183727,0.8057742782152231,0.9291338582677166,1.0
volcanoes-a3,rfc-nosuite,0.89501312335958,0.99,1.0,0.0,0.0,1.0,0.7979002624671916,0.9396325459317585,1.0
volcanoes-a3,rfc-nosuite,0.89501312335958,0.41,0.010498687664041995,0.0,0.0,0.007874015748031496,0.05249343832020997,0.0026246719160104987,1.0
volcanoes-a3,rfc-nosuite,0.89501312335958,0.98,1.0,0.0,0.0,1.0,0.8608923884514436,0.9396325459317585,1.0
volcanoes-a3,rfc-nosuite,0.89501312335958,1.0,1.0,0.0,0.0,0.7795275590551181,0.7191601049868767,0.926509186351706,1.0
volcanoes-a3,rfc-nosuite,0.89501312335958,0.96,1.0,0.0,0.0,0.9291338582677166,0.3464566929133858,0.9186351706036745,1.0
volcanoes-a3,rfc-nosuite,0.89501312335958,1.0,1.0,0.0,0.0,1.0,0.7900262467191601,0.9606299212598425,1.0
volcanoes-a3,rfc-nosuite,0.89501312335958,0.93,1.0,0.0,0.0,1.0,0.8871391076115486,,1.0
volcanoes-a3,rfc-nosuite,0.89501312335958,1.0,1.0,0.0,0.0,0.7952755905511811,0.5958005249343832,,1.0
volcanoes-a3,rfc-nosuite,0.89501312335958,0.99,1.0,0.0,0.0,1.0,0.821522309711286,,1.0
volcanoes-a3,rfc-nosuite,0.89501312335958,1.0,1.0,0.0,0.0,1.0,0.8451443569553806,0.8871391076115486,1.0
volcanoes-a4,rfc-nosuite,0.8944591029023746,1.0,1.0,0.0,0.0,1.0,0.7889182058047494,,1.0
volcanoes-a4,rfc-nosuite,0.8944591029023746,1.0,1.0,0.0,0.0,0.16094986807387862,0.8153034300791556,,1.0
volcanoes-a4,rfc-nosuite,0.8944591029023746,0.62,0.07387862796833773,0.0,0.0,0.021108179419525065,0.07651715039577836,0.05804749340369393,1.0
volcanoes-a4,rfc-nosuite,0.8944591029023746,0.99,1.0,0.0,0.0,1.0,0.8786279683377308,0.8865435356200527,1.0
volcanoes-a4,rfc-nosuite,0.8944591029023746,0.99,1.0,0.0,0.0,1.0,0.8786279683377308,,1.0
volcanoes-a4,rfc-nosuite,0.8944591029023746,0.59,0.029023746701846966,0.0,0.0,0.316622691292876,0.06596306068601583,0.22691292875989447,1.0
volcanoes-a4,rfc-nosuite,0.8944591029023746,0.97,1.0,0.0,0.0,1.0,0.8047493403693932,0.8786279683377308,1.0
volcanoes-a4,rfc-nosuite,0.8944591029023746,0.88,0.8918205804749341,0.0,0.0,0.9050131926121372,0.525065963060686,0.8918205804749341,1.0
volcanoes-a4,rfc-nosuite,0.8944591029023746,0.92,1.0,0.0,0.0,1.0,0.841688654353562,0.9050131926121372,1.0
volcanoes-a4,rfc-nosuite,0.8944591029023746,1.0,1.0,0.0,0.0,1.0,0.8786279683377308,0.9234828496042217,1.0
volcanoes-a4,rfc-nosuite,0.8944591029023746,1.0,1.0,0.0,0.0,1.0,0.8786279683377308,0.8918205804749341,1.0
volcanoes-a4,rfc-nosuite,0.8944591029023746,0.98,1.0,0.0,0.0,0.6517150395778364,0.5672823218997362,0.9234828496042217,1.0
volcanoes-a4,rfc-nosuite,0.8944591029023746,0.99,1.0,0.0,0.0,1.0,,0.8707124010554089,1.0
volcanoes-a4,rfc-nosuite,0.8944591029023746,1.0,1.0,0.0,0.0,1.0,0.7889182058047494,0.9498680738786279,1.0
volcanoes-a4,rfc-nosuite,0.8944591029023746,1.0,1.0,0.0,0.0,0.08443271767810026,0.8284960422163589,,1.0
volcanoes-a4,rfc-nosuite,0.8944591029023746,1.0,1.0,0.0,0.0,0.29815303430079154,0.8153034300791556,0.9340369393139841,1.0
volcanoes-a4,rfc-nosuite,0.8944591029023746,1.0,1.0,0.0,0.0,1.0,0.841688654353562,0.8918205804749341,1.0
volcanoes-a4,rfc-nosuite,0.8944591029023746,1.0,1.0,0.0,0.0,0.8311345646437994,0.7519788918205804,0.9313984168865436,1.0
volcanoes-a4,rfc-nosuite,0.8944591029023746,1.0,1.0,0.0,0.0,1.0,0.8918205804749341,0.9023746701846965,1.0
volcanoes-a4,rfc-nosuite,0.8944591029023746,1.0,1.0,0.0,0.0,1.0,0.8707124010554089,0.8839050131926122,1.0
volcanoes-a4,rfc-nosuite,0.8944591029023746,0.99,1.0,0.0,0.0,1.0,0.8786279683377308,0.9287598944591029,1.0
volcanoes-a4,rfc-nosuite,0.8944591029023746,0.44,0.0395778364116095,0.0,0.0,0.018469656992084433,0.002638522427440633,0.002638522427440633,1.0
volcanoes-a4,rfc-nosuite,0.8944591029023746,1.0,1.0,0.0,0.0,1.0,0.8601583113456465,0.9102902374670184,1.0
volcanoes-a4,rfc-nosuite,0.8944591029023746,1.0,1.0,0.0,0.0,1.0,0.7651715039577837,,1.0
volcanoes-a4,rfc-nosuite,0.8944591029023746,0.85,0.8759894459102903,0.0,0.0,0.8786279683377308,0.6253298153034301,0.8918205804749341,1.0
volcanoes-a4,rfc-nosuite,0.8944591029023746,1.0,1.0,0.0,0.0,0.6517150395778364,0.8786279683377308,0.9182058047493403,1.0
volcanoes-a4,rfc-nosuite,0.8944591029023746,1.0,1.0,0.0,0.0,1.0,0.8786279683377308,0.9023746701846965,1.0
volcanoes-a4,rfc-nosuite,0.8944591029023746,0.31,0.052770448548812667,0.0,0.0,0.018469656992084433,0.07387862796833773,0.029023746701846966,1.0
volcanoes-a4,rfc-nosuite,0.8944591029023746,0.98,1.0,0.0,0.0,1.0,0.8443271767810027,0.9393139841688655,1.0
volcanoes-a4,rfc-nosuite,0.8944591029023746,0.83,1.0,0.0,0.0,1.0,0.8153034300791556,,1.0
volcanoes-a4,rfc-nosuite,0.8944591029023746,0.65,1.0,0.0,0.0,0.055408970976253295,0.8918205804749341,,1.0
volcanoes-a4,rfc-nosuite,0.8944591029023746,0.99,1.0,0.0,0.0,1.0,0.899736147757256,0.9287598944591029,1.0
volcanoes-a4,rfc-nosuite,0.8944591029023746,0.82,0.7361477572559367,0.0,0.0,0.8918205804749341,0.2955145118733509,,1.0
volcanoes-a4,rfc-nosuite,0.8944591029023746,0.99,0.8258575197889182,0.0,0.0,0.5277044854881267,0.5567282321899736,,1.0
volcanoes-a4,rfc-nosuite,0.8944591029023746,0.39,0.0316622691292876,0.0,0.0,0.055408970976253295,0.0395778364116095,0.03430079155672823,1.0
volcanoes-a4,rfc-nosuite,0.8944591029023746,0.84,0.055408970976253295,0.0,0.0,1.0,0.45382585751978893,,1.0
volcanoes-a4,rfc-nosuite,0.8944591029023746,0.81,1.0,0.0,0.0,1.0,0.6860158311345647,0.8786279683377308,1.0
volcanoes-a4,rfc-nosuite,0.8944591029023746,1.0,1.0,0.0,0.0,1.0,0.8021108179419525,,1.0
volcanoes-a4,rfc-nosuite,0.8944591029023746,0.96,1.0,0.0,0.0,0.40105540897097625,0.8522427440633246,0.8970976253298153,1.0
volcanoes-a4,rfc-nosuite,0.8944591029023746,0.49,0.018469656992084433,0.0,0.0,0.005277044854881266,0.0079155672823219,0.0079155672823219,1.0
volcanoes-a4,rfc-nosuite,0.8944591029023746,1.0,1.0,0.0,0.0,1.0,0.8153034300791556,0.8786279683377308,1.0
volcanoes-a4,rfc-nosuite,0.8944591029023746,0.91,0.8786279683377308,0.0,0.0,0.9182058047493403,0.5013192612137203,0.941952506596306,1.0
volcanoes-a4,rfc-nosuite,0.8944591029023746,0.97,0.7678100263852242,0.0,0.0,1.0,0.8707124010554089,0.8786279683377308,1.0
volcanoes-a4,rfc-nosuite,0.8944591029023746,0.98,1.0,0.0,0.0,1.0,0.8522427440633246,0.9023746701846965,1.0
volcanoes-a4,rfc-nosuite,0.8944591029023746,0.96,1.0,0.0,0.0,1.0,0.8337730870712401,0.9102902374670184,1.0
volcanoes-a4,rfc-nosuite,0.8944591029023746,1.0,1.0,0.0,0.0,0.1345646437994723,0.8707124010554089,,1.0
volcanoes-a4,rfc-nosuite,0.8944591029023746,0.93,0.3720316622691293,0.0,0.0,1.0,0.8496042216358839,0.9261213720316622,1.0
volcanoes-a4,rfc-nosuite,0.8944591029023746,0.94,0.3720316622691293,0.0,0.0,1.0,0.8364116094986808,,1.0
volcanoes-a4,rfc-nosuite,0.8944591029023746,0.84,1.0,0.0,0.0,1.0,0.8601583113456465,0.9287598944591029,1.0
volcanoes-a4,rfc-nosuite,0.8944591029023746,1.0,1.0,0.0,0.0,0.6860158311345647,0.8073878627968337,0.9340369393139841,1.0
volcanoes-e1,rfc-nosuite,0.9155405405405406,1.0,1.0,0.0,0.0,1.0,0.831081081081081,,1.0
volcanoes-e1,rfc-nosuite,0.9155405405405406,0.97,1.0,0.0,0.0,1.0,,0.8378378378378378,1.0
volcanoes-e1,rfc-nosuite,0.9155405405405406,1.0,1.0,0.0,0.0,1.0,,0.6959459459459459,1.0
volcanoes-e1,rfc-nosuite,0.9155405405405406,1.0,1.0,0.0,0.0,1.0,0.8209459459459459,0.9459459459459459,1.0
volcanoes-e1,rfc-nosuite,0.9155405405405406,1.0,1.0,0.0,0.0,1.0,0.6891891891891891,,1.0
volcanoes-e1,rfc-nosuite,0.9155405405405406,0.76,0.05067567567567568,0.0,0.0,0.17905405405405406,0.17905405405405406,0.17905405405405406,1.0
volcanoes-e1,rfc-nosuite,0.9155405405405406,1.0,1.0,0.0,0.0,1.0,,,1.0
volcanoes-e1,rfc-nosuite,0.9155405405405406,0.99,1.0,0.0,0.0,1.0,,0.8378378378378378,1.0
volcanoes-e1,rfc-nosuite,0.9155405405405406,1.0,1.0,0.0,0.0,1.0,,,1.0
volcanoes-e1,rfc-nosuite,0.9155405405405406,0.86,0.7905405405405406,0.0,0.0,0.8277027027027027,0.8175675675675675,,1.0
volcanoes-e1,rfc-nosuite,0.9155405405405406,1.0,1.0,0.0,0.0,0.11824324324324324,0.75,,1.0
volcanoes-e1,rfc-nosuite,0.9155405405405406,0.89,1.0,0.0,0.0,0.8141891891891891,,0.8108108108108109,1.0
volcanoes-e1,rfc-nosuite,0.9155405405405406,0.85,1.0,0.0,0.0,1.0,,,1.0
volcanoes-e1,rfc-nosuite,0.9155405405405406,0.56,0.04391891891891892,0.0,0.0,0.14527027027027026,0.13175675675675674,0.20945945945945946,1.0
volcanoes-e1,rfc-nosuite,0.9155405405405406,0.94,0.40540540540540543,0.0,0.0,0.07432432432432433,0.4864864864864865,,1.0
volcanoes-e1,rfc-nosuite,0.9155405405405406,0.98,1.0,0.0,0.0,0.8378378378378378,,,1.0
volcanoes-e1,rfc-nosuite,0.9155405405405406,0.92,1.0,0.0,0.0,0.09797297297297297,0.7905405405405406,0.8716216216216216,1.0
volcanoes-e1,rfc-nosuite,0.9155405405405406,1.0,1.0,0.0,0.0,1.0,,,1.0
volcanoes-e1,rfc-nosuite,0.9155405405405406,0.97,0.33783783783783783,0.0,0.0,1.0,0.668918918918919,0.9493243243243243,1.0
volcanoes-e1,rfc-nosuite,0.9155405405405406,0.9,0.16554054054054054,0.0,0.0,0.9425675675675675,0.16554054054054054,,1.0
volcanoes-e1,rfc-nosuite,0.9155405405405406,0.99,1.0,0.0,0.0,1.0,0.8175675675675675,0.8378378378378378,1.0
volcanoes-e1,rfc-nosuite,0.9155405405405406,1.0,1.0,0.0,0.0,1.0,0.8006756756756757,,1.0
volcanoes-e1,rfc-nosuite,0.9155405405405406,0.95,0.3547297297297297,0.0,0.0,0.8209459459459459,0.30067567567567566,0.8277027027027027,1.0
volcanoes-e1,rfc-nosuite,0.9155405405405406,0.74,0.12837837837837837,0.0,0.0,0.11824324324324324,0.28040540540540543,0.43243243243243246,1.0
volcanoes-e1,rfc-nosuite,0.9155405405405406,0.59,0.8851351351351351,0.0,0.0,1.0,,0.13175675675675674,1.0
volcanoes-e1,rfc-nosuite,0.9155405405405406,0.98,1.0,0.0,0.0,1.0,0.21621621621621623,,1.0
volcanoes-e1,rfc-nosuite,0.9155405405405406,0.98,1.0,0.0,0.0,1.0,0.777027027027027,,1.0
volcanoes-e1,rfc-nosuite,0.9155405405405406,1.0,1.0,0.0,0.0,0.44932432432432434,0.8108108108108109,,1.0
volcanoes-e1,rfc-nosuite,0.9155405405405406,1.0,0.7195945945945946,0.0,0.0,0.831081081081081,0.777027027027027,0.8209459459459459,1.0
volcanoes-e1,rfc-nosuite,0.9155405405405406,0.84,0.0777027027027027,0.0,0.0,0.23986486486486486,0.46621621621621623,0.25675675675675674,1.0
volcanoes-e1,rfc-nosuite,0.9155405405405406,0.97,0.6824324324324325,0.0,0.0,1.0,,0.9256756756756757,1.0
volcanoes-e1,rfc-nosuite,0.9155405405405406,0.84,0.013513513513513514,0.0,0.0,0.28040540540540543,0.34121621621621623,0.3581081081081081,1.0
volcanoes-e1,rfc-nosuite,0.9155405405405406,1.0,1.0,0.0,0.0,1.0,,,1.0
volcanoes-e1,rfc-nosuite,0.9155405405405406,0.93,0.8243243243243243,0.0,0.0,0.8344594594594594,0.6148648648648649,0.8378378378378378,1.0
volcanoes-e1,rfc-nosuite,0.9155405405405406,0.5,1.0,0.0,0.0,0.3547297297297297,0.10135135135135136,0.6959459459459459,1.0
volcanoes-e1,rfc-nosuite,0.9155405405405406,1.0,0.35135135135135137,0.0,0.0,0.0777027027027027,0.7364864864864865,0.8378378378378378,1.0
volcanoes-e1,rfc-nosuite,0.9155405405405406,0.78,0.3108108108108108,0.0,0.0,0.9459459459459459,,0.24662162162162163,1.0
volcanoes-e1,rfc-nosuite,0.9155405405405406,0.96,1.0,0.0,0.0,1.0,0.28378378378378377,,1.0
volcanoes-e1,rfc-nosuite,0.9155405405405406,0.85,0.722972972972973,0.0,0.0,0.8783783783783784,0.19932432432432431,0.8209459459459459,1.0
volcanoes-e1,rfc-nosuite,0.9155405405405406,0.57,0.32094594594594594,0.0,0.0,0.6925675675675675,0.24324324324324326,0.2635135135135135,1.0
volcanoes-e1,rfc-nosuite,0.9155405405405406,0.98,1.0,0.0,0.0,1.0,0.777027027027027,0.8344594594594594,1.0
volcanoes-e1,rfc-nosuite,0.9155405405405406,1.0,0.7195945945945946,0.0,0.0,0.8378378378378378,0.5337837837837838,0.8344594594594594,1.0
volcanoes-e1,rfc-nosuite,0.9155405405405406,0.99,1.0,0.0,0.0,1.0,0.6925675675675675,0.8378378378378378,1.0
volcanoes-e1,rfc-nosuite,0.9155405405405406,0.97,1.0,0.0,0.0,0.2905405405405405,,,1.0
volcanoes-e1,rfc-nosuite,0.9155405405405406,0.5,1.0,0.0,0.0,0.02702702702702703,,0.15202702702702703,1.0
volcanoes-e1,rfc-nosuite,0.9155405405405406,1.0,1.0,0.0,0.0,1.0,0.7128378378378378,,1.0
volcanoes-e1,rfc-nosuite,0.9155405405405406,1.0,1.0,0.0,0.0,1.0,0.7331081081081081,0.8344594594594594,1.0
volcanoes-e1,rfc-nosuite,0.9155405405405406,0.99,0.8648648648648649,0.0,0.0,1.0,,,1.0
volcanoes-e1,rfc-nosuite,0.9155405405405406,0.95,1.0,0.0,0.0,1.0,0.46283783783783783,,1.0
volcanoes-e1,rfc-nosuite,0.9155405405405406,0.97,1.0,0.0,0.0,1.0,0.27702702702702703,0.8378378378378378,1.0
volcanoes-e2,rfc-nosuite,0.9148148148148149,1.0,1.0,0.0,0.0,1.0,,0.8703703703703703,1.0
volcanoes-e2,rfc-nosuite,0.9148148148148149,0.93,0.837037037037037,0.0,0.0,1.0,,,1.0
volcanoes-e2,rfc-nosuite,0.9148148148148149,0.96,1.0,0.0,0.0,1.0,0.8296296296296296,0.8,1.0
volcanoes-e2,rfc-nosuite,0.9148148148148149,0.98,1.0,0.0,0.0,1.0,,0.837037037037037,1.0
volcanoes-e2,rfc-nosuite,0.9148148148148149,1.0,1.0,0.0,0.0,1.0,,0.9481481481481482,1.0
volcanoes-e2,rfc-nosuite,0.9148148148148149,0.95,1.0,0.0,0.0,1.0,,,1.0
volcanoes-e2,rfc-nosuite,0.9148148148148149,0.98,1.0,0.0,0.0,1.0,0.8296296296296296,,1.0
volcanoes-e2,rfc-nosuite,0.9148148148148149,0.97,1.0,0.0,0.0,1.0,,0.8740740740740741,1.0
volcanoes-e2,rfc-nosuite,0.9148148148148149,0.98,0.337037037037037,0.0,0.0,1.0,,,1.0
volcanoes-e2,rfc-nosuite,0.9148148148148149,0.76,0.022222222222222223,0.0,0.0,0.25555555555555554,,0.4888888888888889,1.0
volcanoes-e2,rfc-nosuite,0.9148148148148149,0.96,0.04814814814814815,0.0,0.0,1.0,,,1.0
volcanoes-e2,rfc-nosuite,0.9148148148148149,0.96,1.0,0.0,0.0,1.0,,0.8296296296296296,1.0
volcanoes-e2,rfc-nosuite,0.9148148148148149,0.96,1.0,0.0,0.0,1.0,0.7,0.8296296296296296,1.0
volcanoes-e2,rfc-nosuite,0.9148148148148149,0.91,1.0,0.0,0.0,1.0,,0.8444444444444444,1.0
volcanoes-e2,rfc-nosuite,0.9148148148148149,1.0,1.0,0.0,0.0,1.0,,,1.0
volcanoes-e2,rfc-nosuite,0.9148148148148149,0.98,0.7851851851851852,0.0,0.0,1.0,,,1.0
volcanoes-e2,rfc-nosuite,0.9148148148148149,1.0,1.0,0.0,0.0,1.0,,0.8777777777777778,1.0
volcanoes-e2,rfc-nosuite,0.9148148148148149,0.77,0.9888888888888889,0.0,0.0,0.9925925925925926,,,1.0
volcanoes-e2,rfc-nosuite,0.9148148148148149,0.99,1.0,0.0,0.0,1.0,,0.8703703703703703,1.0
volcanoes-e2,rfc-nosuite,0.9148148148148149,0.97,1.0,0.0,0.0,1.0,,,1.0
volcanoes-e2,rfc-nosuite,0.9148148148148149,0.98,1.0,0.0,0.0,0.6777777777777778,,0.9481481481481482,1.0
volcanoes-e2,rfc-nosuite,0.9148148148148149,0.88,0.7851851851851852,0.0,0.0,0.7962962962962963,,0.9444444444444444,1.0
volcanoes-e2,rfc-nosuite,0.9148148148148149,0.92,0.7814814814814814,0.0,0.0,0.8703703703703703,0.7962962962962963,,1.0
volcanoes-e2,rfc-nosuite,0.9148148148148149,0.36,0.03333333333333333,0.0,0.0,0.5370370370370371,,0.5185185185185185,1.0
volcanoes-e2,rfc-nosuite,0.9148148148148149,1.0,1.0,0.0,0.0,1.0,,0.8740740740740741,1.0
volcanoes-e2,rfc-nosuite,0.9148148148148149,1.0,0.4925925925925926,0.0,0.0,1.0,,,1.0
volcanoes-e2,rfc-nosuite,0.9148148148148149,1.0,1.0,0.0,0.0,1.0,,0.8962962962962963,1.0
volcanoes-e2,rfc-nosuite,0.9148148148148149,1.0,1.0,0.0,0.0,1.0,,0.9,1.0
volcanoes-e2,rfc-nosuite,0.9148148148148149,0.71,0.1037037037037037,0.0,0.0,0.9185185185185185,,0.5185185185185185,1.0
volcanoes-e2,rfc-nosuite,0.9148148148148149,0.97,1.0,0.0,0.0,1.0,,,1.0
volcanoes-e2,rfc-nosuite,0.9148148148148149,0.98,1.0,0.0,0.0,1.0,,0.9703703703703703,1.0
volcanoes-e2,rfc-nosuite,0.9148148148148149,0.96,0.8703703703703703,0.0,0.0,0.8407407407407408,,,1.0
volcanoes-e2,rfc-nosuite,0.9148148148148149,1.0,1.0,0.0,0.0,1.0,,0.9629629629629629,1.0
volcanoes-e2,rfc-nosuite,0.9148148148148149,0.99,1.0,0.0,0.0,1.0,,,1.0
volcanoes-e2,rfc-nosuite,0.9148148148148149,0.98,1.0,0.0,0.0,1.0,,0.837037037037037,1.0
volcanoes-e2,rfc-nosuite,0.9148148148148149,0.96,1.0,0.0,0.0,1.0,,0.8592592592592593,1.0
volcanoes-e2,rfc-nosuite,0.9148148148148149,0.98,1.0,0.0,0.0,1.0,,,1.0
volcanoes-e2,rfc-nosuite,0.9148148148148149,0.98,1.0,0.0,0.0,1.0,,0.8703703703703703,1.0
volcanoes-e2,rfc-nosuite,0.9148148148148149,0.97,0.8703703703703703,0.0,0.0,0.9074074074074074,,,1.0
volcanoes-e2,rfc-nosuite,0.9148148148148149,1.0,1.0,0.0,0.0,1.0,,,1.0
volcanoes-e2,rfc-nosuite,0.9148148148148149,1.0,1.0,0.0,0.0,1.0,,0.9222222222222223,1.0
volcanoes-e2,rfc-nosuite,0.9148148148148149,0.97,0.8148148148148148,0.0,0.0,1.0,,0.8629629629629629,1.0
volcanoes-e2,rfc-nosuite,0.9148148148148149,0.45,0.025925925925925925,0.0,0.0,0.022222222222222223,,0.011111111111111112,1.0
volcanoes-e2,rfc-nosuite,0.9148148148148149,1.0,1.0,0.0,0.0,1.0,,0.8444444444444444,1.0
volcanoes-e2,rfc-nosuite,0.9148148148148149,0.98,1.0,0.0,0.0,1.0,,,1.0
volcanoes-e2,rfc-nosuite,0.9148148148148149,0.83,0.8703703703703703,0.0,0.0,1.0,,0.8703703703703703,1.0
volcanoes-e2,rfc-nosuite,0.9148148148148149,0.54,0.05185185185185185,0.0,0.0,0.003703703703703704,,0.003703703703703704,1.0
volcanoes-e2,rfc-nosuite,0.9148148148148149,0.96,0.6037037037037037,0.0,0.0,0.8777777777777778,,0.8814814814814815,1.0
volcanoes-e2,rfc-nosuite,0.9148148148148149,1.0,1.0,0.0,0.0,1.0,,0.9148148148148149,1.0
volcanoes-e2,rfc-nosuite,0.9148148148148149,0.99,1.0,0.0,0.0,1.0,,,1.0
yeast,rfc-nosuite,0.6226415094339622,0.43,0.02425876010781671,0.0,0.0,0.03234501347708895,,0.05121293800539083,1.0
yeast,rfc-nosuite,0.6226415094339622,0.79,0.0215633423180593,0.0,0.0,0.03504043126684636,,0.1725067385444744,1.0
yeast,rfc-nosuite,0.6226415094339622,0.7,0.029649595687331536,0.0,0.0,0.03234501347708895,,0.0862533692722372,1.0
yeast,rfc-nosuite,0.6226415094339622,0.74,0.11590296495956873,0.0,0.0,0.018867924528301886,,0.14555256064690028,1.0
yeast,rfc-nosuite,0.6226415094339622,0.8,0.08086253369272237,0.0,0.0,0.02425876010781671,,0.05390835579514825,1.0
yeast,rfc-nosuite,0.6226415094339622,0.42,0.04582210242587601,0.0,0.0,0.005390835579514825,,0.0026954177897574125,1.0
yeast,rfc-nosuite,0.6226415094339622,0.67,0.0215633423180593,0.0,0.0,0.07008086253369272,,0.09164420485175202,1.0
yeast,rfc-nosuite,0.6226415094339622,0.47,0.026954177897574125,0.0,0.0,0.0026954177897574125,,0.03234501347708895,1.0
yeast,rfc-nosuite,0.6226415094339622,0.57,0.018867924528301886,0.0,0.0,0.02425876010781671,,0.029649595687331536,1.0
yeast,rfc-nosuite,0.6226415094339622,0.72,0.07547169811320754,0.0,0.0,0.05390835579514825,,0.33962264150943394,1.0
yeast,rfc-nosuite,0.6226415094339622,0.86,0.09164420485175202,0.0,0.0,0.01078167115902965,,0.09703504043126684,1.0
yeast,rfc-nosuite,0.6226415094339622,0.86,0.03234501347708895,0.0,0.0,0.0215633423180593,,0.18059299191374664,1.0
yeast,rfc-nosuite,0.6226415094339622,0.59,0.06199460916442048,0.0,0.0,0.03773584905660377,,0.07547169811320754,1.0
yeast,rfc-nosuite,0.6226415094339622,0.55,0.0215633423180593,0.0,0.0,0.005390835579514825,,0.013477088948787063,1.0
yeast,rfc-nosuite,0.6226415094339622,0.72,0.1105121293800539,0.0,0.0,0.0215633423180593,,0.14285714285714285,1.0
yeast,rfc-nosuite,0.6226415094339622,0.48,0.03773584905660377,0.0,0.0,0.005390835579514825,,0.15633423180592992,1.0
yeast,rfc-nosuite,0.6226415094339622,0.56,0.01078167115902965,0.0,0.0,0.06199460916442048,,0.07816711590296496,1.0
yeast,rfc-nosuite,0.6226415094339622,0.73,0.013477088948787063,0.0,0.0,0.01078167115902965,,0.018867924528301886,1.0
yeast,rfc-nosuite,0.6226415094339622,0.6,0.0215633423180593,0.0,0.0,0.03234501347708895,,0.029649595687331536,1.0
yeast,rfc-nosuite,0.6226415094339622,0.64,0.016172506738544475,0.0,0.0,0.05121293800539083,,0.1940700808625337,1.0
yeast,rfc-nosuite,0.6226415094339622,0.77,0.04043126684636118,0.0,0.0,0.01078167115902965,,0.16172506738544473,1.0
yeast,rfc-nosuite,0.6226415094339622,0.74,0.008086253369272238,0.0,0.0,0.01078167115902965,,0.1778975741239892,1.0
yeast,rfc-nosuite,0.6226415094339622,0.9,0.07547169811320754,0.0,0.0,0.05660377358490566,,0.11859838274932614,1.0
yeast,rfc-nosuite,0.6226415094339622,0.42,0.005390835579514825,0.0,0.0,0.029649595687331536,,0.02425876010781671,1.0
yeast,rfc-nosuite,0.6226415094339622,0.54,0.04851752021563342,0.0,0.0,0.05390835579514825,,0.11859838274932614,1.0
yeast,rfc-nosuite,0.6226415094339622,0.4,0.018867924528301886,0.0,0.0,0.018867924528301886,,0.22641509433962265,1.0
yeast,rfc-nosuite,0.6226415094339622,0.52,0.013477088948787063,0.0,0.0,0.07008086253369272,,0.07008086253369272,1.0
yeast,rfc-nosuite,0.6226415094339622,0.51,0.013477088948787063,0.0,0.0,0.0026954177897574125,,0.03504043126684636,1.0
yeast,rfc-nosuite,0.6226415094339622,0.78,0.03504043126684636,0.0,0.0,0.02425876010781671,,0.1725067385444744,1.0
yeast,rfc-nosuite,0.6226415094339622,0.64,0.008086253369272238,0.0,0.0,0.04582210242587601,,0.16172506738544473,1.0
yeast,rfc-nosuite,0.6226415094339622,0.51,0.029649595687331536,0.0,0.0,0.02425876010781671,,0.19137466307277629,1.0
yeast,rfc-nosuite,0.6226415094339622,0.75,0.0431266846361186,0.0,0.0,0.0431266846361186,,0.06199460916442048,1.0
yeast,rfc-nosuite,0.6226415094339622,0.32,0.013477088948787063,0.0,0.0,0.0026954177897574125,,0.03773584905660377,1.0
yeast,rfc-nosuite,0.6226415094339622,0.37,0.02425876010781671,0.0,0.0,0.0215633423180593,,0.03773584905660377,1.0
yeast,rfc-nosuite,0.6226415094339622,0.63,0.05660377358490566,0.0,0.0,0.07816711590296496,,0.1752021563342318,1.0
yeast,rfc-nosuite,0.6226415094339622,0.45,0.05929919137466307,0.0,0.0,0.0889487870619946,,0.08355795148247978,1.0
yeast,rfc-nosuite,0.6226415094339622,0.42,0.0215633423180593,0.0,0.0,0.005390835579514825,,0.008086253369272238,1.0
yeast,rfc-nosuite,0.6226415094339622,0.92,0.029649595687331536,0.0,0.0,0.0215633423180593,,0.14285714285714285,1.0
yeast,rfc-nosuite,0.6226415094339622,0.73,0.029649595687331536,0.0,0.0,0.03773584905660377,,0.25067385444743934,1.0
yeast,rfc-nosuite,0.6226415094339622,0.44,0.03773584905660377,0.0,0.0,0.01078167115902965,,0.22911051212938005,1.0
yeast,rfc-nosuite,0.6226415094339622,0.64,0.0673854447439353,0.0,0.0,0.02425876010781671,,0.12398921832884097,1.0
yeast,rfc-nosuite,0.6226415094339622,0.57,0.07547169811320754,0.0,0.0,0.14555256064690028,,0.15633423180592992,1.0
yeast,rfc-nosuite,0.6226415094339622,0.47,0.013477088948787063,0.0,0.0,0.01078167115902965,,0.25336927223719674,1.0
yeast,rfc-nosuite,0.6226415094339622,0.56,0.008086253369272238,0.0,0.0,0.018867924528301886,,0.013477088948787063,1.0
yeast,rfc-nosuite,0.6226415094339622,0.76,0.05929919137466307,0.0,0.0,0.016172506738544475,,0.20215633423180593,1.0
yeast,rfc-nosuite,0.6226415094339622,0.55,0.40161725067385445,0.0,0.0,0.0215633423180593,,0.11859838274932614,1.0
yeast,rfc-nosuite,0.6226415094339622,0.41,0.07547169811320754,0.0,0.0,0.029649595687331536,,0.14824797843665768,1.0
yeast,rfc-nosuite,0.6226415094339622,0.55,0.01078167115902965,0.0,0.0,0.1078167115902965,,0.09433962264150944,1.0
yeast,rfc-nosuite,0.6226415094339622,0.79,0.07277628032345014,0.0,0.0,0.029649595687331536,,0.0889487870619946,1.0
yeast,rfc-nosuite,0.6226415094339622,0.85,0.14285714285714285,0.0,0.0,0.03234501347708895,,0.12398921832884097,1.0
rmftsa,rfc-nosuite,0.48828125,0.3562142857142858,0.42578125,0.0,0.0,0.38671875,0.4453125,0.0546875,1.0
rmftsa,rfc-nosuite,0.48828125,0.4576666666666667,0.21875,0.0,0.0,0.08984375,0.234375,0.20703125,1.0
rmftsa,rfc-nosuite,0.48828125,0.6425,0.50390625,0.0,0.0,0.09765625,0.13671875,0.02734375,1.0
rmftsa,rfc-nosuite,0.48828125,0.8478333333333333,0.47265625,0.0,0.0,0.42578125,0.046875,0.05859375,1.0
rmftsa,rfc-nosuite,0.48828125,0.614280303030303,0.7109375,0.0,0.0,0.28125,0.18359375,0.47265625,1.0
rmftsa,rfc-nosuite,0.48828125,0.8540349927849925,0.18359375,0.0,0.0,0.2421875,0.375,0.3671875,1.0
rmftsa,rfc-nosuite,0.48828125,0.2751865079365079,0.6875,0.0,0.0,0.1171875,0.01953125,0.1171875,1.0
rmftsa,rfc-nosuite,0.48828125,0.8464378399378396,0.26953125,0.0,0.0,0.26953125,0.26171875,0.26953125,1.0
rmftsa,rfc-nosuite,0.48828125,0.8261904761904763,0.03125,0.0,0.0,0.05078125,0.21484375,0.01953125,1.0
rmftsa,rfc-nosuite,0.48828125,0.5813382173382172,0.453125,0.0,0.0,0.26953125,0.1640625,0.26953125,1.0
rmftsa,rfc-nosuite,0.48828125,1.0,0.61328125,0.0,0.0,0.3671875,0.125,0.48046875,1.0
rmftsa,rfc-nosuite,0.48828125,0.59075,0.21484375,0.0,0.0,0.49609375,0.2265625,0.21484375,1.0
rmftsa,rfc-nosuite,0.48828125,0.861,0.08984375,0.0,0.0,0.03125,0.22265625,0.03125,1.0
rmftsa,rfc-nosuite,0.48828125,0.6853333333333335,0.3203125,0.0,0.0,0.140625,0.28515625,0.12890625,1.0
rmftsa,rfc-nosuite,0.48828125,0.6778594852859559,0.453125,0.0,0.0,0.15234375,0.23046875,0.49609375,1.0
rmftsa,rfc-nosuite,0.48828125,0.39428571428571435,0.015625,0.0,0.0,0.015625,0.12890625,0.10546875,1.0
rmftsa,rfc-nosuite,0.48828125,0.4970714285714286,0.10546875,0.0,0.0,0.0703125,0.0859375,0.2265625,1.0
rmftsa,rfc-nosuite,0.48828125,0.5813382173382172,0.453125,0.0,0.0,0.26953125,0.21484375,0.4375,1.0
rmftsa,rfc-nosuite,0.48828125,0.58,0.06640625,0.0,0.0,0.10546875,0.17578125,0.0390625,1.0
rmftsa,rfc-nosuite,0.48828125,0.9611111111111111,0.7109375,0.0,0.0,0.3203125,0.33984375,0.5859375,1.0
rmftsa,rfc-nosuite,0.48828125,0.6005757575757573,0.42578125,0.0,0.0,0.0390625,0.40625,0.1640625,1.0
rmftsa,rfc-nosuite,0.48828125,0.3537380952380953,0.04296875,0.0,0.0,0.27734375,0.16796875,0.1015625,1.0
rmftsa,rfc-nosuite,0.48828125,0.6685,0.171875,0.0,0.0,0.64453125,0.16796875,0.0546875,1.0
rmftsa,rfc-nosuite,0.48828125,0.6693243284493282,0.75390625,0.0,0.0,0.3828125,0.52734375,0.39453125,1.0
rmftsa,rfc-nosuite,0.48828125,0.7121666666666667,0.28125,0.0,0.0,0.52734375,0.28515625,0.3515625,1.0
rmftsa,rfc-nosuite,0.48828125,0.82,0.0703125,0.0,0.0,0.50390625,0.27734375,0.01171875,1.0
rmftsa,rfc-nosuite,0.48828125,0.429,0.0390625,0.0,0.0,0.00390625,0.37109375,0.265625,1.0
rmftsa,rfc-nosuite,0.48828125,0.52,0.09765625,0.0,0.0,0.62109375,0.03515625,0.34765625,1.0
rmftsa,rfc-nosuite,0.48828125,0.42683730158730154,0.1015625,0.0,0.0,0.7890625,0.453125,0.12109375,1.0
rmftsa,rfc-nosuite,0.48828125,0.6702857142857143,0.89453125,0.0,0.0,0.203125,0.171875,0.1171875,1.0
rmftsa,rfc-nosuite,0.48828125,0.6414067321567322,0.0859375,0.0,0.0,0.15625,0.37109375,0.22265625,1.0
rmftsa,rfc-nosuite,0.48828125,0.3321428571428571,0.015625,0.0,0.0,0.015625,0.22265625,0.22265625,1.0
rmftsa,rfc-nosuite,0.48828125,0.6853333333333335,0.3203125,0.0,0.0,0.140625,0.08203125,0.12890625,1.0
rmftsa,rfc-nosuite,0.48828125,0.5189999999999999,0.21875,0.0,0.0,0.171875,0.125,0.08984375,1.0
rmftsa,rfc-nosuite,0.48828125,0.8230952380952381,0.24609375,0.0,0.0,0.27734375,0.546875,0.078125,1.0
rmftsa,rfc-nosuite,0.48828125,0.5,0.078125,0.0,0.0,0.03125,0.39453125,0.0078125,1.0
rmftsa,rfc-nosuite,0.48828125,0.514142857142857,0.61328125,0.0,0.0,0.5234375,0.43359375,0.578125,1.0
rmftsa,rfc-nosuite,0.48828125,1.0,0.28125,0.0,0.0,0.015625,0.046875,0.0390625,1.0
rmftsa,rfc-nosuite,0.48828125,0.5757976190476191,0.3046875,0.0,0.0,0.5546875,0.1328125,0.18359375,1.0
rmftsa,rfc-nosuite,0.48828125,0.88,0.04296875,0.0,0.0,0.22265625,0.11328125,0.03125,1.0
rmftsa,rfc-nosuite,0.48828125,0.5973333333333334,0.1171875,0.0,0.0,0.15625,0.23046875,0.12890625,1.0
rmftsa,rfc-nosuite,0.48828125,0.4328333333333333,0.06640625,0.0,0.0,0.16796875,0.28515625,0.01953125,1.0
rmftsa,rfc-nosuite,0.48828125,0.74,0.08203125,0.0,0.0,0.0546875,0.28125,0.2421875,1.0
rmftsa,rfc-nosuite,0.48828125,0.74,0.578125,0.0,0.0,0.4296875,0.234375,0.0859375,1.0
rmftsa,rfc-nosuite,0.48828125,0.89,0.28125,0.0,0.0,0.015625,0.015625,0.38671875,1.0
rmftsa,rfc-nosuite,0.48828125,0.5813382173382172,0.453125,0.0,0.0,0.26953125,0.390625,0.2421875,1.0
rmftsa,rfc-nosuite,0.48828125,0.74,0.08203125,0.0,0.0,0.0546875,0.28125,0.265625,1.0
rmftsa,rfc-nosuite,0.48828125,0.72,0.078125,0.0,0.0,0.05859375,0.05859375,0.05859375,1.0
rmftsa,rfc-nosuite,0.48828125,0.86,0.046875,0.0,0.0,0.0390625,0.046875,0.0390625,1.0
rmftsa,rfc-nosuite,0.48828125,0.6383095238095238,0.96484375,0.0,0.0,0.16796875,0.06640625,0.12109375,1.0
banknote-authentication,rfc-nosuite,0.9941690962099126,0.99,1.0,0.0,0.0,0.20699708454810495,0.6647230320699709,0.31486880466472306,1.0
banknote-authentication,rfc-nosuite,0.9941690962099126,1.0,1.0,0.0,0.0,0.358600583090379,0.33819241982507287,0.36151603498542273,1.0
banknote-authentication,rfc-nosuite,0.9941690962099126,0.97,1.0,0.0,0.0,0.2565597667638484,0.7084548104956269,0.23323615160349853,1.0
banknote-authentication,rfc-nosuite,0.9941690962099126,0.95,0.4897959183673469,0.0,0.0,0.17784256559766765,0.239067055393586,0.24198250728862974,1.0
banknote-authentication,rfc-nosuite,0.9941690962099126,1.0,0.8104956268221575,0.0,0.0,0.3935860058309038,0.21574344023323616,0.34110787172011664,1.0
banknote-authentication,rfc-nosuite,0.9941690962099126,1.0,0.2594752186588921,0.0,0.0,0.30029154518950435,0.07580174927113703,0.30612244897959184,1.0
banknote-authentication,rfc-nosuite,0.9941690962099126,0.99,0.6967930029154519,0.0,0.0,0.25072886297376096,0.30612244897959184,0.2915451895043732,1.0
banknote-authentication,rfc-nosuite,0.9941690962099126,1.0,1.0,0.0,0.0,0.358600583090379,0.37900874635568516,0.2565597667638484,1.0
banknote-authentication,rfc-nosuite,0.9941690962099126,1.0,0.6676384839650146,0.0,0.0,0.4227405247813411,0.09912536443148688,0.3819241982507289,1.0
banknote-authentication,rfc-nosuite,0.9941690962099126,1.0,1.0,0.0,0.0,0.30903790087463556,0.22157434402332363,0.3323615160349854,1.0
banknote-authentication,rfc-nosuite,0.9941690962099126,0.94,0.7084548104956269,0.0,0.0,0.09912536443148688,0.026239067055393587,0.10495626822157435,1.0
banknote-authentication,rfc-nosuite,0.9941690962099126,1.0,1.0,0.0,0.0,0.4897959183673469,0.08746355685131195,0.42857142857142855,1.0
banknote-authentication,rfc-nosuite,0.9941690962099126,1.0,1.0,0.0,0.0,0.16034985422740525,0.2886297376093295,0.446064139941691,1.0
banknote-authentication,rfc-nosuite,0.9941690962099126,1.0,1.0,0.0,0.0,0.119533527696793,0.6618075801749271,0.2915451895043732,1.0
banknote-authentication,rfc-nosuite,0.9941690962099126,1.0,1.0,0.0,0.0,0.16326530612244897,0.0728862973760933,0.30612244897959184,1.0
banknote-authentication,rfc-nosuite,0.9941690962099126,1.0,0.3323615160349854,0.0,0.0,0.14868804664723032,0.061224489795918366,0.24489795918367346,1.0
banknote-authentication,rfc-nosuite,0.9941690962099126,0.99,0.3323615160349854,0.0,0.0,0.15160349854227406,0.061224489795918366,0.18075801749271136,1.0
banknote-authentication,rfc-nosuite,0.9941690962099126,0.98,0.6676384839650146,0.0,0.0,0.21282798833819241,0.3673469387755102,0.15451895043731778,1.0
banknote-authentication,rfc-nosuite,0.9941690962099126,0.99,1.0,0.0,0.0,0.33819241982507287,0.33819241982507287,0.30612244897959184,1.0
banknote-authentication,rfc-nosuite,0.9941690962099126,1.0,1.0,0.0,0.0,0.3848396501457726,0.03206997084548105,0.23323615160349853,1.0
banknote-authentication,rfc-nosuite,0.9941690962099126,1.0,0.8688046647230321,0.0,0.0,0.30612244897959184,0.0641399416909621,0.3032069970845481,1.0
banknote-authentication,rfc-nosuite,0.9941690962099126,0.97,0.20699708454810495,0.0,0.0,0.18075801749271136,0.2099125364431487,0.18658892128279883,1.0
banknote-authentication,rfc-nosuite,0.9941690962099126,1.0,1.0,0.0,0.0,0.33819241982507287,0.30903790087463556,0.3032069970845481,1.0
banknote-authentication,rfc-nosuite,0.9941690962099126,1.0,1.0,0.0,0.0,0.34402332361516036,0.26822157434402333,0.37026239067055394,1.0
banknote-authentication,rfc-nosuite,0.9941690962099126,0.89,0.6618075801749271,0.0,0.0,0.037900874635568516,0.029154518950437316,0.01749271137026239,1.0
banknote-authentication,rfc-nosuite,0.9941690962099126,1.0,1.0,0.0,0.0,0.33819241982507287,0.3498542274052478,0.24198250728862974,1.0
banknote-authentication,rfc-nosuite,0.9941690962099126,1.0,1.0,0.0,0.0,0.13119533527696792,0.11370262390670553,0.30903790087463556,1.0
banknote-authentication,rfc-nosuite,0.9941690962099126,1.0,1.0,0.0,0.0,0.31486880466472306,0.27113702623906705,0.4839650145772595,1.0
banknote-authentication,rfc-nosuite,0.9941690962099126,0.94,0.33819241982507287,0.0,0.0,0.33819241982507287,0.30612244897959184,0.33819241982507287,1.0
banknote-authentication,rfc-nosuite,0.9941690962099126,0.99,1.0,0.0,0.0,0.16326530612244897,0.16326530612244897,0.2857142857142857,1.0
banknote-authentication,rfc-nosuite,0.9941690962099126,0.99,1.0,0.0,0.0,0.20699708454810495,0.5189504373177842,0.2944606413994169,1.0
banknote-authentication,rfc-nosuite,0.9941690962099126,1.0,1.0,0.0,0.0,0.24198250728862974,0.5393586005830904,0.3206997084548105,1.0
banknote-authentication,rfc-nosuite,0.9941690962099126,0.94,0.3032069970845481,0.0,0.0,0.04081632653061224,0.03206997084548105,0.09037900874635568,1.0
banknote-authentication,rfc-nosuite,0.9941690962099126,1.0,1.0,0.0,0.0,0.30903790087463556,0.21865889212827988,0.5043731778425656,1.0
banknote-authentication,rfc-nosuite,0.9941690962099126,0.97,0.42857142857142855,0.0,0.0,0.16326530612244897,0.40233236151603496,0.25072886297376096,1.0
banknote-authentication,rfc-nosuite,0.9941690962099126,1.0,1.0,0.0,0.0,0.30903790087463556,0.21865889212827988,0.5685131195335277,1.0
banknote-authentication,rfc-nosuite,0.9941690962099126,1.0,1.0,0.0,0.0,0.2886297376093295,0.30612244897959184,0.4227405247813411,1.0
banknote-authentication,rfc-nosuite,0.9941690962099126,1.0,1.0,0.0,0.0,0.5043731778425656,0.2303206997084548,0.36151603498542273,1.0
banknote-authentication,rfc-nosuite,0.9941690962099126,0.98,1.0,0.0,0.0,0.15451895043731778,0.6618075801749271,0.40233236151603496,1.0
banknote-authentication,rfc-nosuite,0.9941690962099126,1.0,1.0,0.0,0.0,0.30903790087463556,0.11078717201166181,0.43731778425655976,1.0
banknote-authentication,rfc-nosuite,0.9941690962099126,0.99,1.0,0.0,0.0,0.36151603498542273,0.282798833819242,0.4868804664723032,1.0
banknote-authentication,rfc-nosuite,0.9941690962099126,1.0,0.30029154518950435,0.0,0.0,0.30612244897959184,0.30029154518950435,0.30612244897959184,1.0
banknote-authentication,rfc-nosuite,0.9941690962099126,0.85,0.6618075801749271,0.0,0.0,0.037900874635568516,0.11370262390670553,0.04664723032069971,1.0
banknote-authentication,rfc-nosuite,0.9941690962099126,0.99,0.2478134110787172,0.0,0.0,0.09912536443148688,0.03206997084548105,0.052478134110787174,1.0
banknote-authentication,rfc-nosuite,0.9941690962099126,1.0,1.0,0.0,0.0,0.30029154518950435,0.08454810495626822,0.239067055393586,1.0
banknote-authentication,rfc-nosuite,0.9941690962099126,1.0,0.6676384839650146,0.0,0.0,0.6618075801749271,0.2565597667638484,0.30612244897959184,1.0
banknote-authentication,rfc-nosuite,0.9941690962099126,1.0,1.0,0.0,0.0,0.2944606413994169,0.22157434402332363,0.3965014577259475,1.0
banknote-authentication,rfc-nosuite,0.9941690962099126,0.99,0.5043731778425656,0.0,0.0,0.1282798833819242,0.3965014577259475,0.23323615160349853,1.0
banknote-authentication,rfc-nosuite,0.9941690962099126,0.99,1.0,0.0,0.0,0.21574344023323616,0.26239067055393583,0.3469387755102041,1.0
banknote-authentication,rfc-nosuite,0.9941690962099126,0.94,0.01749271137026239,0.0,0.0,0.061224489795918366,0.011661807580174927,0.04956268221574344,1.0
volcanoes-a2,rfc-nosuite,0.9310344827586207,1.0,0.37438423645320196,0.0,0.0,0.312807881773399,0.5640394088669951,0.9014778325123153,1.0
volcanoes-a2,rfc-nosuite,0.9310344827586207,0.96,0.30295566502463056,0.0,0.0,0.034482758620689655,0.16009852216748768,,1.0
volcanoes-a2,rfc-nosuite,0.9310344827586207,1.0,1.0,0.0,0.0,1.0,0.5320197044334976,0.9211822660098522,1.0
volcanoes-a2,rfc-nosuite,0.9310344827586207,0.97,1.0,0.0,0.0,0.6551724137931034,0.8423645320197044,,1.0
volcanoes-a2,rfc-nosuite,0.9310344827586207,0.74,0.8423645320197044,0.0,0.0,0.9950738916256158,0.9137931034482759,,1.0
volcanoes-a2,rfc-nosuite,0.9310344827586207,1.0,1.0,0.0,0.0,1.0,0.9137931034482759,,1.0
volcanoes-a2,rfc-nosuite,0.9310344827586207,0.92,1.0,0.0,0.0,0.6551724137931034,0.8620689655172413,0.9334975369458128,1.0
volcanoes-a2,rfc-nosuite,0.9310344827586207,0.99,1.0,0.0,0.0,0.229064039408867,0.9137931034482759,,1.0
volcanoes-a2,rfc-nosuite,0.9310344827586207,1.0,1.0,0.0,0.0,0.5,0.7660098522167488,0.9532019704433498,1.0
volcanoes-a2,rfc-nosuite,0.9310344827586207,0.99,1.0,0.0,0.0,0.8423645320197044,0.8866995073891626,,1.0
volcanoes-a2,rfc-nosuite,0.9310344827586207,0.63,0.0049261083743842365,0.0,0.0,0.23891625615763548,0.46551724137931033,0.23891625615763548,1.0
volcanoes-a2,rfc-nosuite,0.9310344827586207,1.0,1.0,0.0,0.0,0.34236453201970446,0.8423645320197044,,1.0
volcanoes-a2,rfc-nosuite,0.9310344827586207,0.71,0.4482758620689655,0.0,0.0,0.2438423645320197,0.9137931034482759,0.21428571428571427,1.0
volcanoes-a2,rfc-nosuite,0.9310344827586207,0.72,0.9137931034482759,0.0,0.0,0.9261083743842364,0.5467980295566502,0.9334975369458128,1.0
volcanoes-a2,rfc-nosuite,0.9310344827586207,0.92,1.0,0.0,0.0,0.7955665024630542,0.854679802955665,,1.0
volcanoes-a2,rfc-nosuite,0.9310344827586207,1.0,1.0,0.0,0.0,0.4064039408866995,0.8620689655172413,0.916256157635468,1.0
volcanoes-a2,rfc-nosuite,0.9310344827586207,0.99,1.0,0.0,0.0,0.26108374384236455,0.9088669950738916,0.9679802955665024,1.0
volcanoes-a2,rfc-nosuite,0.9310344827586207,0.92,1.0,0.0,0.0,0.9137931034482759,0.916256157635468,0.9310344827586207,1.0
volcanoes-a2,rfc-nosuite,0.9310344827586207,1.0,1.0,0.0,0.0,0.7536945812807881,0.8793103448275862,0.9507389162561576,1.0
volcanoes-a2,rfc-nosuite,0.9310344827586207,1.0,1.0,0.0,0.0,1.0,0.8620689655172413,,1.0
volcanoes-a2,rfc-nosuite,0.9310344827586207,0.96,1.0,0.0,0.0,0.034482758620689655,0.8448275862068966,0.9408866995073891,1.0
volcanoes-a2,rfc-nosuite,0.9310344827586207,0.95,1.0,0.0,0.0,1.0,0.9137931034482759,0.9556650246305419,1.0
volcanoes-a2,rfc-nosuite,0.9310344827586207,0.98,1.0,0.0,0.0,0.8201970443349754,0.8325123152709359,,1.0
volcanoes-a2,rfc-nosuite,0.9310344827586207,1.0,0.7512315270935961,0.0,0.0,0.6551724137931034,0.43349753694581283,,1.0
volcanoes-a2,rfc-nosuite,0.9310344827586207,0.99,1.0,0.0,0.0,0.034482758620689655,0.8300492610837439,0.9482758620689655,1.0
volcanoes-a2,rfc-nosuite,0.9310344827586207,1.0,1.0,0.0,0.0,1.0,0.8325123152709359,0.9236453201970444,1.0
volcanoes-a2,rfc-nosuite,0.9310344827586207,1.0,1.0,0.0,0.0,0.41625615763546797,0.35960591133004927,,1.0
volcanoes-a2,rfc-nosuite,0.9310344827586207,0.96,1.0,0.0,0.0,1.0,0.9088669950738916,0.9285714285714286,1.0
volcanoes-a2,rfc-nosuite,0.9310344827586207,0.96,1.0,0.0,0.0,0.8349753694581281,0.7536945812807881,,1.0
volcanoes-a2,rfc-nosuite,0.9310344827586207,1.0,1.0,0.0,0.0,0.8842364532019704,0.9137931034482759,0.9704433497536946,1.0
volcanoes-a2,rfc-nosuite,0.9310344827586207,1.0,1.0,0.0,0.0,1.0,0.9137931034482759,0.9532019704433498,1.0
volcanoes-a2,rfc-nosuite,0.9310344827586207,1.0,1.0,0.0,0.0,0.7955665024630542,0.7216748768472906,0.9532019704433498,1.0
volcanoes-a2,rfc-nosuite,0.9310344827586207,0.99,1.0,0.0,0.0,1.0,0.7266009852216748,,1.0
volcanoes-a2,rfc-nosuite,0.9310344827586207,1.0,1.0,0.0,0.0,0.8251231527093597,0.8448275862068966,0.9433497536945813,1.0
volcanoes-a2,rfc-nosuite,0.9310344827586207,0.99,1.0,0.0,0.0,0.14532019704433496,0.9014778325123153,0.9532019704433498,1.0
volcanoes-a2,rfc-nosuite,0.9310344827586207,1.0,1.0,0.0,0.0,0.6551724137931034,0.5369458128078818,,1.0
volcanoes-a2,rfc-nosuite,0.9310344827586207,0.98,1.0,0.0,0.0,1.0,0.874384236453202,0.9458128078817734,1.0
volcanoes-a2,rfc-nosuite,0.9310344827586207,0.43,0.024630541871921183,0.0,0.0,0.014778325123152709,0.034482758620689655,0.009852216748768473,1.0
volcanoes-a2,rfc-nosuite,0.9310344827586207,1.0,1.0,0.0,0.0,1.0,0.8448275862068966,0.9458128078817734,1.0
volcanoes-a2,rfc-nosuite,0.9310344827586207,0.82,0.8793103448275862,0.0,0.0,0.8940886699507389,0.9137931034482759,0.8916256157635468,1.0
volcanoes-a2,rfc-nosuite,0.9310344827586207,1.0,1.0,0.0,0.0,0.8423645320197044,0.7684729064039408,0.8940886699507389,1.0
volcanoes-a2,rfc-nosuite,0.9310344827586207,0.97,1.0,0.0,0.0,0.7536945812807881,0.5517241379310345,,1.0
volcanoes-a2,rfc-nosuite,0.9310344827586207,0.97,1.0,0.0,0.0,1.0,0.854679802955665,0.9334975369458128,1.0
volcanoes-a2,rfc-nosuite,0.9310344827586207,0.98,1.0,0.0,0.0,0.4187192118226601,0.7586206896551724,0.9408866995073891,1.0
volcanoes-a2,rfc-nosuite,0.9310344827586207,1.0,1.0,0.0,0.0,1.0,0.37192118226600984,0.9655172413793104,1.0
volcanoes-a2,rfc-nosuite,0.9310344827586207,0.86,0.024630541871921183,0.0,0.0,0.9704433497536946,0.007389162561576354,0.2684729064039409,1.0
volcanoes-a2,rfc-nosuite,0.9310344827586207,1.0,1.0,0.0,0.0,0.229064039408867,0.874384236453202,,1.0
volcanoes-a2,rfc-nosuite,0.9310344827586207,0.96,0.9334975369458128,0.0,0.0,1.0,0.9064039408866995,,1.0
volcanoes-a2,rfc-nosuite,0.9310344827586207,1.0,1.0,0.0,0.0,0.8349753694581281,0.7660098522167488,0.9532019704433498,1.0
volcanoes-a2,rfc-nosuite,0.9310344827586207,0.99,1.0,0.0,0.0,1.0,0.8497536945812808,0.9408866995073891,1.0
volcanoes-a3,rfc-nosuite,0.89501312335958,0.42,0.023622047244094488,0.0,0.0,0.926509186351706,0.8398950131233596,0.8188976377952756,1.0
volcanoes-a3,rfc-nosuite,0.89501312335958,1.0,1.0,0.0,0.0,1.0,0.8661417322834646,,1.0
volcanoes-a3,rfc-nosuite,0.89501312335958,0.35,0.049868766404199474,0.0,0.0,0.49081364829396323,0.49343832020997375,0.015748031496062992,1.0
volcanoes-a3,rfc-nosuite,0.89501312335958,1.0,1.0,0.0,0.0,1.0,0.8871391076115486,0.926509186351706,1.0
volcanoes-a3,rfc-nosuite,0.89501312335958,1.0,1.0,0.0,0.0,0.30183727034120733,0.868766404199475,,1.0
volcanoes-a3,rfc-nosuite,0.89501312335958,0.99,1.0,0.0,0.0,1.0,0.5879265091863517,,1.0
volcanoes-a3,rfc-nosuite,0.89501312335958,1.0,1.0,0.0,0.0,0.6194225721784777,0.8241469816272966,,1.0
volcanoes-a3,rfc-nosuite,0.89501312335958,0.99,1.0,0.0,0.0,1.0,0.7952755905511811,0.9291338582677166,1.0
volcanoes-a3,rfc-nosuite,0.89501312335958,0.95,1.0,0.0,0.0,1.0,0.8241469816272966,0.9238845144356955,1.0
volcanoes-a3,rfc-nosuite,0.89501312335958,1.0,1.0,0.0,0.0,1.0,0.847769028871391,,1.0
volcanoes-a3,rfc-nosuite,0.89501312335958,1.0,1.0,0.0,0.0,0.5905511811023622,0.8057742782152231,0.9343832020997376,1.0
volcanoes-a3,rfc-nosuite,0.89501312335958,0.95,0.8871391076115486,0.0,0.0,0.905511811023622,0.9002624671916011,0.9212598425196851,1.0
volcanoes-a3,rfc-nosuite,0.89501312335958,0.7,1.0,0.0,0.0,1.0,0.7427821522309711,0.8871391076115486,1.0
volcanoes-a3,rfc-nosuite,0.89501312335958,0.59,0.031496062992125984,0.0,0.0,0.7375328083989501,0.06561679790026247,0.6929133858267716,1.0
volcanoes-a3,rfc-nosuite,0.89501312335958,0.9,0.8871391076115486,0.0,0.0,0.9002624671916011,0.8871391076115486,,1.0
volcanoes-a3,rfc-nosuite,0.89501312335958,0.99,1.0,0.0,0.0,0.9291338582677166,0.8923884514435696,0.9002624671916011,1.0
volcanoes-a3,rfc-nosuite,0.89501312335958,0.99,0.7795275590551181,0.0,0.0,0.8241469816272966,0.8582677165354331,0.9422572178477691,1.0
volcanoes-a3,rfc-nosuite,0.89501312335958,1.0,1.0,0.0,0.0,1.0,0.7979002624671916,0.8976377952755905,1.0
volcanoes-a3,rfc-nosuite,0.89501312335958,0.98,1.0,0.0,0.0,1.0,0.8057742782152231,0.926509186351706,1.0
volcanoes-a3,rfc-nosuite,0.89501312335958,0.85,0.7952755905511811,0.0,0.0,1.0,0.5196850393700787,0.9422572178477691,1.0
volcanoes-a3,rfc-nosuite,0.89501312335958,1.0,1.0,0.0,0.0,1.0,0.8031496062992126,,1.0
volcanoes-a3,rfc-nosuite,0.89501312335958,0.91,0.8871391076115486,0.0,0.0,0.8871391076115486,0.8871391076115486,0.868766404199475,1.0
volcanoes-a3,rfc-nosuite,0.89501312335958,1.0,1.0,0.0,0.0,0.926509186351706,0.8713910761154856,0.910761154855643,1.0
volcanoes-a3,rfc-nosuite,0.89501312335958,0.79,0.926509186351706,0.0,0.0,0.9291338582677166,0.7007874015748031,0.6404199475065617,1.0
volcanoes-a3,rfc-nosuite,0.89501312335958,0.95,1.0,0.0,0.0,1.0,0.8398950131233596,,1.0
volcanoes-a3,rfc-nosuite,0.89501312335958,0.97,1.0,0.0,0.0,1.0,0.8871391076115486,0.9422572178477691,1.0
volcanoes-a3,rfc-nosuite,0.89501312335958,0.49,0.05774278215223097,0.0,0.0,0.9291338582677166,0.9028871391076115,,1.0
volcanoes-a3,rfc-nosuite,0.89501312335958,0.98,1.0,0.0,0.0,1.0,0.7795275590551181,0.9291338582677166,1.0
volcanoes-a3,rfc-nosuite,0.89501312335958,1.0,1.0,0.0,0.0,0.6272965879265092,0.8057742782152231,,1.0
volcanoes-a3,rfc-nosuite,0.89501312335958,0.98,1.0,0.0,0.0,1.0,0.9002624671916011,0.9343832020997376,1.0
volcanoes-a3,rfc-nosuite,0.89501312335958,0.99,1.0,0.0,0.0,0.30183727034120733,0.8320209973753281,0.9186351706036745,1.0
volcanoes-a3,rfc-nosuite,0.89501312335958,1.0,1.0,0.0,0.0,1.0,0.7690288713910761,0.9606299212598425,1.0
volcanoes-a3,rfc-nosuite,0.89501312335958,0.72,0.926509186351706,0.0,0.0,0.9291338582677166,0.800524934383202,0.4199475065616798,1.0
volcanoes-a3,rfc-nosuite,0.89501312335958,0.97,1.0,0.0,0.0,0.8871391076115486,0.8451443569553806,0.8713910761154856,1.0
volcanoes-a3,rfc-nosuite,0.89501312335958,1.0,1.0,0.0,0.0,0.30183727034120733,0.8241469816272966,0.9343832020997376,1.0
volcanoes-a3,rfc-nosuite,0.89501312335958,0.89,0.5958005249343832,0.0,0.0,0.9291338582677166,0.8976377952755905,,1.0
volcanoes-a3,rfc-nosuite,0.89501312335958,0.98,0.49343832020997375,0.0,0.0,1.0,0.847769028871391,0.8766404199475065,1.0
volcanoes-a3,rfc-nosuite,0.89501312335958,0.98,1.0,0.0,0.0,0.3333333333333333,0.863517060367454,0.931758530183727,1.0
volcanoes-a3,rfc-nosuite,0.89501312335958,0.94,0.8871391076115486,0.0,0.0,0.05511811023622047,0.9081364829396326,,1.0
volcanoes-a3,rfc-nosuite,0.89501312335958,0.97,1.0,0.0,0.0,0.931758530183727,0.8057742782152231,0.9291338582677166,1.0
volcanoes-a3,rfc-nosuite,0.89501312335958,0.99,1.0,0.0,0.0,1.0,0.7979002624671916,0.9396325459317585,1.0
volcanoes-a3,rfc-nosuite,0.89501312335958,0.41,0.010498687664041995,0.0,0.0,0.007874015748031496,0.05249343832020997,0.0026246719160104987,1.0
volcanoes-a3,rfc-nosuite,0.89501312335958,0.98,1.0,0.0,0.0,1.0,0.8608923884514436,0.9396325459317585,1.0
volcanoes-a3,rfc-nosuite,0.89501312335958,1.0,1.0,0.0,0.0,0.7795275590551181,0.7191601049868767,0.926509186351706,1.0
volcanoes-a3,rfc-nosuite,0.89501312335958,0.96,1.0,0.0,0.0,0.9291338582677166,0.3464566929133858,0.9186351706036745,1.0
volcanoes-a3,rfc-nosuite,0.89501312335958,1.0,1.0,0.0,0.0,1.0,0.7900262467191601,0.9606299212598425,1.0
volcanoes-a3,rfc-nosuite,0.89501312335958,0.93,1.0,0.0,0.0,1.0,0.8871391076115486,,1.0
volcanoes-a3,rfc-nosuite,0.89501312335958,1.0,1.0,0.0,0.0,0.7952755905511811,0.5958005249343832,,1.0
volcanoes-a3,rfc-nosuite,0.89501312335958,0.99,1.0,0.0,0.0,1.0,0.821522309711286,,1.0
volcanoes-a3,rfc-nosuite,0.89501312335958,1.0,1.0,0.0,0.0,1.0,0.8451443569553806,0.8871391076115486,1.0
volcanoes-a4,rfc-nosuite,0.8944591029023746,1.0,1.0,0.0,0.0,1.0,0.7889182058047494,,1.0
volcanoes-a4,rfc-nosuite,0.8944591029023746,1.0,1.0,0.0,0.0,0.16094986807387862,0.8153034300791556,,1.0
volcanoes-a4,rfc-nosuite,0.8944591029023746,0.62,0.07387862796833773,0.0,0.0,0.021108179419525065,0.07651715039577836,0.05804749340369393,1.0
volcanoes-a4,rfc-nosuite,0.8944591029023746,0.99,1.0,0.0,0.0,1.0,0.8786279683377308,0.8865435356200527,1.0
volcanoes-a4,rfc-nosuite,0.8944591029023746,0.99,1.0,0.0,0.0,1.0,0.8786279683377308,,1.0
volcanoes-a4,rfc-nosuite,0.8944591029023746,0.59,0.029023746701846966,0.0,0.0,0.316622691292876,0.06596306068601583,0.22691292875989447,1.0
volcanoes-a4,rfc-nosuite,0.8944591029023746,0.97,1.0,0.0,0.0,1.0,0.8047493403693932,0.8786279683377308,1.0
volcanoes-a4,rfc-nosuite,0.8944591029023746,0.88,0.8918205804749341,0.0,0.0,0.9050131926121372,0.525065963060686,0.8918205804749341,1.0
volcanoes-a4,rfc-nosuite,0.8944591029023746,0.92,1.0,0.0,0.0,1.0,0.841688654353562,0.9050131926121372,1.0
volcanoes-a4,rfc-nosuite,0.8944591029023746,1.0,1.0,0.0,0.0,1.0,0.8786279683377308,0.9234828496042217,1.0
volcanoes-a4,rfc-nosuite,0.8944591029023746,1.0,1.0,0.0,0.0,1.0,0.8786279683377308,0.8918205804749341,1.0
volcanoes-a4,rfc-nosuite,0.8944591029023746,0.98,1.0,0.0,0.0,0.6517150395778364,0.5672823218997362,0.9234828496042217,1.0
volcanoes-a4,rfc-nosuite,0.8944591029023746,0.99,1.0,0.0,0.0,1.0,,0.8707124010554089,1.0
volcanoes-a4,rfc-nosuite,0.8944591029023746,1.0,1.0,0.0,0.0,1.0,0.7889182058047494,0.9498680738786279,1.0
volcanoes-a4,rfc-nosuite,0.8944591029023746,1.0,1.0,0.0,0.0,0.08443271767810026,0.8284960422163589,,1.0
volcanoes-a4,rfc-nosuite,0.8944591029023746,1.0,1.0,0.0,0.0,0.29815303430079154,0.8153034300791556,0.9340369393139841,1.0
volcanoes-a4,rfc-nosuite,0.8944591029023746,1.0,1.0,0.0,0.0,1.0,0.841688654353562,0.8918205804749341,1.0
volcanoes-a4,rfc-nosuite,0.8944591029023746,1.0,1.0,0.0,0.0,0.8311345646437994,0.7519788918205804,0.9313984168865436,1.0
volcanoes-a4,rfc-nosuite,0.8944591029023746,1.0,1.0,0.0,0.0,1.0,0.8918205804749341,0.9023746701846965,1.0
volcanoes-a4,rfc-nosuite,0.8944591029023746,1.0,1.0,0.0,0.0,1.0,0.8707124010554089,0.8839050131926122,1.0
volcanoes-a4,rfc-nosuite,0.8944591029023746,0.99,1.0,0.0,0.0,1.0,0.8786279683377308,0.9287598944591029,1.0
volcanoes-a4,rfc-nosuite,0.8944591029023746,0.44,0.0395778364116095,0.0,0.0,0.018469656992084433,0.002638522427440633,0.002638522427440633,1.0
volcanoes-a4,rfc-nosuite,0.8944591029023746,1.0,1.0,0.0,0.0,1.0,0.8601583113456465,0.9102902374670184,1.0
volcanoes-a4,rfc-nosuite,0.8944591029023746,1.0,1.0,0.0,0.0,1.0,0.7651715039577837,,1.0
volcanoes-a4,rfc-nosuite,0.8944591029023746,0.85,0.8759894459102903,0.0,0.0,0.8786279683377308,0.6253298153034301,0.8918205804749341,1.0
volcanoes-a4,rfc-nosuite,0.8944591029023746,1.0,1.0,0.0,0.0,0.6517150395778364,0.8786279683377308,0.9182058047493403,1.0
volcanoes-a4,rfc-nosuite,0.8944591029023746,1.0,1.0,0.0,0.0,1.0,0.8786279683377308,0.9023746701846965,1.0
volcanoes-a4,rfc-nosuite,0.8944591029023746,0.31,0.052770448548812667,0.0,0.0,0.018469656992084433,0.07387862796833773,0.029023746701846966,1.0
volcanoes-a4,rfc-nosuite,0.8944591029023746,0.98,1.0,0.0,0.0,1.0,0.8443271767810027,0.9393139841688655,1.0
volcanoes-a4,rfc-nosuite,0.8944591029023746,0.83,1.0,0.0,0.0,1.0,0.8153034300791556,,1.0
volcanoes-a4,rfc-nosuite,0.8944591029023746,0.65,1.0,0.0,0.0,0.055408970976253295,0.8918205804749341,,1.0
volcanoes-a4,rfc-nosuite,0.8944591029023746,0.99,1.0,0.0,0.0,1.0,0.899736147757256,0.9287598944591029,1.0
volcanoes-a4,rfc-nosuite,0.8944591029023746,0.82,0.7361477572559367,0.0,0.0,0.8918205804749341,0.2955145118733509,,1.0
volcanoes-a4,rfc-nosuite,0.8944591029023746,0.99,0.8258575197889182,0.0,0.0,0.5277044854881267,0.5567282321899736,,1.0
volcanoes-a4,rfc-nosuite,0.8944591029023746,0.39,0.0316622691292876,0.0,0.0,0.055408970976253295,0.0395778364116095,0.03430079155672823,1.0
volcanoes-a4,rfc-nosuite,0.8944591029023746,0.84,0.055408970976253295,0.0,0.0,1.0,0.45382585751978893,,1.0
volcanoes-a4,rfc-nosuite,0.8944591029023746,0.81,1.0,0.0,0.0,1.0,0.6860158311345647,0.8786279683377308,1.0
volcanoes-a4,rfc-nosuite,0.8944591029023746,1.0,1.0,0.0,0.0,1.0,0.8021108179419525,,1.0
volcanoes-a4,rfc-nosuite,0.8944591029023746,0.96,1.0,0.0,0.0,0.40105540897097625,0.8522427440633246,0.8970976253298153,1.0
volcanoes-a4,rfc-nosuite,0.8944591029023746,0.49,0.018469656992084433,0.0,0.0,0.005277044854881266,0.0079155672823219,0.0079155672823219,1.0
volcanoes-a4,rfc-nosuite,0.8944591029023746,1.0,1.0,0.0,0.0,1.0,0.8153034300791556,0.8786279683377308,1.0
volcanoes-a4,rfc-nosuite,0.8944591029023746,0.91,0.8786279683377308,0.0,0.0,0.9182058047493403,0.5013192612137203,0.941952506596306,1.0
volcanoes-a4,rfc-nosuite,0.8944591029023746,0.97,0.7678100263852242,0.0,0.0,1.0,0.8707124010554089,0.8786279683377308,1.0
volcanoes-a4,rfc-nosuite,0.8944591029023746,0.98,1.0,0.0,0.0,1.0,0.8522427440633246,0.9023746701846965,1.0
volcanoes-a4,rfc-nosuite,0.8944591029023746,0.96,1.0,0.0,0.0,1.0,0.8337730870712401,0.9102902374670184,1.0
volcanoes-a4,rfc-nosuite,0.8944591029023746,1.0,1.0,0.0,0.0,0.1345646437994723,0.8707124010554089,,1.0
volcanoes-a4,rfc-nosuite,0.8944591029023746,0.93,0.3720316622691293,0.0,0.0,1.0,0.8496042216358839,0.9261213720316622,1.0
volcanoes-a4,rfc-nosuite,0.8944591029023746,0.94,0.3720316622691293,0.0,0.0,1.0,0.8364116094986808,,1.0
volcanoes-a4,rfc-nosuite,0.8944591029023746,0.84,1.0,0.0,0.0,1.0,0.8601583113456465,0.9287598944591029,1.0
volcanoes-a4,rfc-nosuite,0.8944591029023746,1.0,1.0,0.0,0.0,0.6860158311345647,0.8073878627968337,0.9340369393139841,1.0
volcanoes-e1,rfc-nosuite,0.9155405405405406,1.0,1.0,0.0,0.0,1.0,0.831081081081081,,1.0
volcanoes-e1,rfc-nosuite,0.9155405405405406,0.97,1.0,0.0,0.0,1.0,,0.8378378378378378,1.0
volcanoes-e1,rfc-nosuite,0.9155405405405406,1.0,1.0,0.0,0.0,1.0,,0.6959459459459459,1.0
volcanoes-e1,rfc-nosuite,0.9155405405405406,1.0,1.0,0.0,0.0,1.0,0.8209459459459459,0.9459459459459459,1.0
volcanoes-e1,rfc-nosuite,0.9155405405405406,1.0,1.0,0.0,0.0,1.0,0.6891891891891891,,1.0
volcanoes-e1,rfc-nosuite,0.9155405405405406,0.76,0.05067567567567568,0.0,0.0,0.17905405405405406,0.17905405405405406,0.17905405405405406,1.0
volcanoes-e1,rfc-nosuite,0.9155405405405406,1.0,1.0,0.0,0.0,1.0,,,1.0
volcanoes-e1,rfc-nosuite,0.9155405405405406,0.99,1.0,0.0,0.0,1.0,,0.8378378378378378,1.0
volcanoes-e1,rfc-nosuite,0.9155405405405406,1.0,1.0,0.0,0.0,1.0,,,1.0
volcanoes-e1,rfc-nosuite,0.9155405405405406,0.86,0.7905405405405406,0.0,0.0,0.8277027027027027,0.8175675675675675,,1.0
volcanoes-e1,rfc-nosuite,0.9155405405405406,1.0,1.0,0.0,0.0,0.11824324324324324,0.75,,1.0
volcanoes-e1,rfc-nosuite,0.9155405405405406,0.89,1.0,0.0,0.0,0.8141891891891891,,0.8108108108108109,1.0
volcanoes-e1,rfc-nosuite,0.9155405405405406,0.85,1.0,0.0,0.0,1.0,,,1.0
volcanoes-e1,rfc-nosuite,0.9155405405405406,0.56,0.04391891891891892,0.0,0.0,0.14527027027027026,0.13175675675675674,0.20945945945945946,1.0
volcanoes-e1,rfc-nosuite,0.9155405405405406,0.94,0.40540540540540543,0.0,0.0,0.07432432432432433,0.4864864864864865,,1.0
volcanoes-e1,rfc-nosuite,0.9155405405405406,0.98,1.0,0.0,0.0,0.8378378378378378,,,1.0
volcanoes-e1,rfc-nosuite,0.9155405405405406,0.92,1.0,0.0,0.0,0.09797297297297297,0.7905405405405406,0.8716216216216216,1.0
volcanoes-e1,rfc-nosuite,0.9155405405405406,1.0,1.0,0.0,0.0,1.0,,,1.0
volcanoes-e1,rfc-nosuite,0.9155405405405406,0.97,0.33783783783783783,0.0,0.0,1.0,0.668918918918919,0.9493243243243243,1.0
volcanoes-e1,rfc-nosuite,0.9155405405405406,0.9,0.16554054054054054,0.0,0.0,0.9425675675675675,0.16554054054054054,,1.0
volcanoes-e1,rfc-nosuite,0.9155405405405406,0.99,1.0,0.0,0.0,1.0,0.8175675675675675,0.8378378378378378,1.0
volcanoes-e1,rfc-nosuite,0.9155405405405406,1.0,1.0,0.0,0.0,1.0,0.8006756756756757,,1.0
volcanoes-e1,rfc-nosuite,0.9155405405405406,0.95,0.3547297297297297,0.0,0.0,0.8209459459459459,0.30067567567567566,0.8277027027027027,1.0
volcanoes-e1,rfc-nosuite,0.9155405405405406,0.74,0.12837837837837837,0.0,0.0,0.11824324324324324,0.28040540540540543,0.43243243243243246,1.0
volcanoes-e1,rfc-nosuite,0.9155405405405406,0.59,0.8851351351351351,0.0,0.0,1.0,,0.13175675675675674,1.0
volcanoes-e1,rfc-nosuite,0.9155405405405406,0.98,1.0,0.0,0.0,1.0,0.21621621621621623,,1.0
volcanoes-e1,rfc-nosuite,0.9155405405405406,0.98,1.0,0.0,0.0,1.0,0.777027027027027,,1.0
volcanoes-e1,rfc-nosuite,0.9155405405405406,1.0,1.0,0.0,0.0,0.44932432432432434,0.8108108108108109,,1.0
volcanoes-e1,rfc-nosuite,0.9155405405405406,1.0,0.7195945945945946,0.0,0.0,0.831081081081081,0.777027027027027,0.8209459459459459,1.0
volcanoes-e1,rfc-nosuite,0.9155405405405406,0.84,0.0777027027027027,0.0,0.0,0.23986486486486486,0.46621621621621623,0.25675675675675674,1.0
volcanoes-e1,rfc-nosuite,0.9155405405405406,0.97,0.6824324324324325,0.0,0.0,1.0,,0.9256756756756757,1.0
volcanoes-e1,rfc-nosuite,0.9155405405405406,0.84,0.013513513513513514,0.0,0.0,0.28040540540540543,0.34121621621621623,0.3581081081081081,1.0
volcanoes-e1,rfc-nosuite,0.9155405405405406,1.0,1.0,0.0,0.0,1.0,,,1.0
volcanoes-e1,rfc-nosuite,0.9155405405405406,0.93,0.8243243243243243,0.0,0.0,0.8344594594594594,0.6148648648648649,0.8378378378378378,1.0
volcanoes-e1,rfc-nosuite,0.9155405405405406,0.5,1.0,0.0,0.0,0.3547297297297297,0.10135135135135136,0.6959459459459459,1.0
volcanoes-e1,rfc-nosuite,0.9155405405405406,1.0,0.35135135135135137,0.0,0.0,0.0777027027027027,0.7364864864864865,0.8378378378378378,1.0
volcanoes-e1,rfc-nosuite,0.9155405405405406,0.78,0.3108108108108108,0.0,0.0,0.9459459459459459,,0.24662162162162163,1.0
volcanoes-e1,rfc-nosuite,0.9155405405405406,0.96,1.0,0.0,0.0,1.0,0.28378378378378377,,1.0
volcanoes-e1,rfc-nosuite,0.9155405405405406,0.85,0.722972972972973,0.0,0.0,0.8783783783783784,0.19932432432432431,0.8209459459459459,1.0
volcanoes-e1,rfc-nosuite,0.9155405405405406,0.57,0.32094594594594594,0.0,0.0,0.6925675675675675,0.24324324324324326,0.2635135135135135,1.0
volcanoes-e1,rfc-nosuite,0.9155405405405406,0.98,1.0,0.0,0.0,1.0,0.777027027027027,0.8344594594594594,1.0
volcanoes-e1,rfc-nosuite,0.9155405405405406,1.0,0.7195945945945946,0.0,0.0,0.8378378378378378,0.5337837837837838,0.8344594594594594,1.0
volcanoes-e1,rfc-nosuite,0.9155405405405406,0.99,1.0,0.0,0.0,1.0,0.6925675675675675,0.8378378378378378,1.0
volcanoes-e1,rfc-nosuite,0.9155405405405406,0.97,1.0,0.0,0.0,0.2905405405405405,,,1.0
volcanoes-e1,rfc-nosuite,0.9155405405405406,0.5,1.0,0.0,0.0,0.02702702702702703,,0.15202702702702703,1.0
volcanoes-e1,rfc-nosuite,0.9155405405405406,1.0,1.0,0.0,0.0,1.0,0.7128378378378378,,1.0
volcanoes-e1,rfc-nosuite,0.9155405405405406,1.0,1.0,0.0,0.0,1.0,0.7331081081081081,0.8344594594594594,1.0
volcanoes-e1,rfc-nosuite,0.9155405405405406,0.99,0.8648648648648649,0.0,0.0,1.0,,,1.0
volcanoes-e1,rfc-nosuite,0.9155405405405406,0.95,1.0,0.0,0.0,1.0,0.46283783783783783,,1.0
volcanoes-e1,rfc-nosuite,0.9155405405405406,0.97,1.0,0.0,0.0,1.0,0.27702702702702703,0.8378378378378378,1.0
volcanoes-e2,rfc-nosuite,0.9148148148148149,1.0,1.0,0.0,0.0,1.0,,0.8703703703703703,1.0
volcanoes-e2,rfc-nosuite,0.9148148148148149,0.93,0.837037037037037,0.0,0.0,1.0,,,1.0
volcanoes-e2,rfc-nosuite,0.9148148148148149,0.96,1.0,0.0,0.0,1.0,0.8296296296296296,0.8,1.0
volcanoes-e2,rfc-nosuite,0.9148148148148149,0.98,1.0,0.0,0.0,1.0,,0.837037037037037,1.0
volcanoes-e2,rfc-nosuite,0.9148148148148149,1.0,1.0,0.0,0.0,1.0,,0.9481481481481482,1.0
volcanoes-e2,rfc-nosuite,0.9148148148148149,0.95,1.0,0.0,0.0,1.0,,,1.0
volcanoes-e2,rfc-nosuite,0.9148148148148149,0.98,1.0,0.0,0.0,1.0,0.8296296296296296,,1.0
volcanoes-e2,rfc-nosuite,0.9148148148148149,0.97,1.0,0.0,0.0,1.0,,0.8740740740740741,1.0
volcanoes-e2,rfc-nosuite,0.9148148148148149,0.98,0.337037037037037,0.0,0.0,1.0,,,1.0
volcanoes-e2,rfc-nosuite,0.9148148148148149,0.76,0.022222222222222223,0.0,0.0,0.25555555555555554,,0.4888888888888889,1.0
volcanoes-e2,rfc-nosuite,0.9148148148148149,0.96,0.04814814814814815,0.0,0.0,1.0,,,1.0
volcanoes-e2,rfc-nosuite,0.9148148148148149,0.96,1.0,0.0,0.0,1.0,,0.8296296296296296,1.0
volcanoes-e2,rfc-nosuite,0.9148148148148149,0.96,1.0,0.0,0.0,1.0,0.7,0.8296296296296296,1.0
volcanoes-e2,rfc-nosuite,0.9148148148148149,0.91,1.0,0.0,0.0,1.0,,0.8444444444444444,1.0
volcanoes-e2,rfc-nosuite,0.9148148148148149,1.0,1.0,0.0,0.0,1.0,,,1.0
volcanoes-e2,rfc-nosuite,0.9148148148148149,0.98,0.7851851851851852,0.0,0.0,1.0,,,1.0
volcanoes-e2,rfc-nosuite,0.9148148148148149,1.0,1.0,0.0,0.0,1.0,,0.8777777777777778,1.0
volcanoes-e2,rfc-nosuite,0.9148148148148149,0.77,0.9888888888888889,0.0,0.0,0.9925925925925926,,,1.0
volcanoes-e2,rfc-nosuite,0.9148148148148149,0.99,1.0,0.0,0.0,1.0,,0.8703703703703703,1.0
volcanoes-e2,rfc-nosuite,0.9148148148148149,0.97,1.0,0.0,0.0,1.0,,,1.0
volcanoes-e2,rfc-nosuite,0.9148148148148149,0.98,1.0,0.0,0.0,0.6777777777777778,,0.9481481481481482,1.0
volcanoes-e2,rfc-nosuite,0.9148148148148149,0.88,0.7851851851851852,0.0,0.0,0.7962962962962963,,0.9444444444444444,1.0
volcanoes-e2,rfc-nosuite,0.9148148148148149,0.92,0.7814814814814814,0.0,0.0,0.8703703703703703,0.7962962962962963,,1.0
volcanoes-e2,rfc-nosuite,0.9148148148148149,0.36,0.03333333333333333,0.0,0.0,0.5370370370370371,,0.5185185185185185,1.0
volcanoes-e2,rfc-nosuite,0.9148148148148149,1.0,1.0,0.0,0.0,1.0,,0.8740740740740741,1.0
volcanoes-e2,rfc-nosuite,0.9148148148148149,1.0,0.4925925925925926,0.0,0.0,1.0,,,1.0
volcanoes-e2,rfc-nosuite,0.9148148148148149,1.0,1.0,0.0,0.0,1.0,,0.8962962962962963,1.0
volcanoes-e2,rfc-nosuite,0.9148148148148149,1.0,1.0,0.0,0.0,1.0,,0.9,1.0
volcanoes-e2,rfc-nosuite,0.9148148148148149,0.71,0.1037037037037037,0.0,0.0,0.9185185185185185,,0.5185185185185185,1.0
volcanoes-e2,rfc-nosuite,0.9148148148148149,0.97,1.0,0.0,0.0,1.0,,,1.0
volcanoes-e2,rfc-nosuite,0.9148148148148149,0.98,1.0,0.0,0.0,1.0,,0.9703703703703703,1.0
volcanoes-e2,rfc-nosuite,0.9148148148148149,0.96,0.8703703703703703,0.0,0.0,0.8407407407407408,,,1.0
volcanoes-e2,rfc-nosuite,0.9148148148148149,1.0,1.0,0.0,0.0,1.0,,0.9629629629629629,1.0
volcanoes-e2,rfc-nosuite,0.9148148148148149,0.99,1.0,0.0,0.0,1.0,,,1.0
volcanoes-e2,rfc-nosuite,0.9148148148148149,0.98,1.0,0.0,0.0,1.0,,0.837037037037037,1.0
volcanoes-e2,rfc-nosuite,0.9148148148148149,0.96,1.0,0.0,0.0,1.0,,0.8592592592592593,1.0
volcanoes-e2,rfc-nosuite,0.9148148148148149,0.98,1.0,0.0,0.0,1.0,,,1.0
volcanoes-e2,rfc-nosuite,0.9148148148148149,0.98,1.0,0.0,0.0,1.0,,0.8703703703703703,1.0
volcanoes-e2,rfc-nosuite,0.9148148148148149,0.97,0.8703703703703703,0.0,0.0,0.9074074074074074,,,1.0
volcanoes-e2,rfc-nosuite,0.9148148148148149,1.0,1.0,0.0,0.0,1.0,,,1.0
volcanoes-e2,rfc-nosuite,0.9148148148148149,1.0,1.0,0.0,0.0,1.0,,0.9222222222222223,1.0
volcanoes-e2,rfc-nosuite,0.9148148148148149,0.97,0.8148148148148148,0.0,0.0,1.0,,0.8629629629629629,1.0
volcanoes-e2,rfc-nosuite,0.9148148148148149,0.45,0.025925925925925925,0.0,0.0,0.022222222222222223,,0.011111111111111112,1.0
volcanoes-e2,rfc-nosuite,0.9148148148148149,1.0,1.0,0.0,0.0,1.0,,0.8444444444444444,1.0
volcanoes-e2,rfc-nosuite,0.9148148148148149,0.98,1.0,0.0,0.0,1.0,,,1.0
volcanoes-e2,rfc-nosuite,0.9148148148148149,0.83,0.8703703703703703,0.0,0.0,1.0,,0.8703703703703703,1.0
volcanoes-e2,rfc-nosuite,0.9148148148148149,0.54,0.05185185185185185,0.0,0.0,0.003703703703703704,,0.003703703703703704,1.0
volcanoes-e2,rfc-nosuite,0.9148148148148149,0.96,0.6037037037037037,0.0,0.0,0.8777777777777778,,0.8814814814814815,1.0
volcanoes-e2,rfc-nosuite,0.9148148148148149,1.0,1.0,0.0,0.0,1.0,,0.9148148148148149,1.0
volcanoes-e2,rfc-nosuite,0.9148148148148149,0.99,1.0,0.0,0.0,1.0,,,1.0
volcanoes-e3,rfc-nosuite,0.915625,0.99,1.0,0.0,0.0,0.0875,,,1.0
volcanoes-e3,rfc-nosuite,0.915625,0.93,0.553125,0.0,0.0,1.0,,0.903125,1.0
volcanoes-e3,rfc-nosuite,0.915625,0.99,1.0,0.0,0.0,0.840625,,,1.0
volcanoes-e3,rfc-nosuite,0.915625,1.0,1.0,0.0,0.0,1.0,,,1.0
volcanoes-e3,rfc-nosuite,0.915625,0.87,1.0,0.0,0.0,1.0,,,1.0
volcanoes-e3,rfc-nosuite,0.915625,0.83,0.7375,0.0,0.0,1.0,,0.80625,1.0
volcanoes-e3,rfc-nosuite,0.915625,1.0,0.8375,0.0,0.0,0.865625,,0.8625,1.0
volcanoes-e3,rfc-nosuite,0.915625,1.0,1.0,0.0,0.0,0.815625,,,1.0
volcanoes-e3,rfc-nosuite,0.915625,0.95,0.33125,0.0,0.0,0.05625,,,1.0
volcanoes-e3,rfc-nosuite,0.915625,0.57,0.775,0.0,0.0,0.853125,0.4375,0.85625,1.0
volcanoes-e3,rfc-nosuite,0.915625,1.0,1.0,0.0,0.0,0.584375,,0.859375,1.0
volcanoes-e3,rfc-nosuite,0.915625,0.96,0.821875,0.0,0.0,1.0,0.853125,,1.0
volcanoes-e3,rfc-nosuite,0.915625,0.99,0.59375,0.0,0.0,1.0,,,1.0
volcanoes-e3,rfc-nosuite,0.915625,1.0,1.0,0.0,0.0,1.0,0.521875,0.840625,1.0
volcanoes-e3,rfc-nosuite,0.915625,1.0,1.0,0.0,0.0,1.0,,0.865625,1.0
volcanoes-e3,rfc-nosuite,0.915625,0.99,1.0,0.0,0.0,1.0,0.553125,,1.0
volcanoes-e3,rfc-nosuite,0.915625,1.0,1.0,0.0,0.0,1.0,,0.8625,1.0
volcanoes-e3,rfc-nosuite,0.915625,0.81,0.321875,0.0,0.0,0.309375,,0.315625,1.0
volcanoes-e3,rfc-nosuite,0.915625,0.99,0.85625,0.0,0.0,0.859375,,0.859375,1.0
volcanoes-e3,rfc-nosuite,0.915625,1.0,1.0,0.0,0.0,0.0875,,,1.0
volcanoes-e3,rfc-nosuite,0.915625,0.94,0.440625,0.0,0.0,0.4,,0.859375,1.0
volcanoes-e3,rfc-nosuite,0.915625,0.98,1.0,0.0,0.0,1.0,,,1.0
volcanoes-e3,rfc-nosuite,0.915625,1.0,0.590625,0.0,0.0,1.0,,,1.0
volcanoes-e3,rfc-nosuite,0.915625,0.99,1.0,0.0,0.0,1.0,,0.91875,1.0
volcanoes-e3,rfc-nosuite,0.915625,0.94,0.525,0.0,0.0,1.0,,0.96875,1.0
volcanoes-e3,rfc-nosuite,0.915625,1.0,1.0,0.0,0.0,1.0,,,1.0
volcanoes-e3,rfc-nosuite,0.915625,0.99,0.596875,0.0,0.0,0.2125,0.60625,0.84375,1.0
volcanoes-e3,rfc-nosuite,0.915625,0.96,0.840625,0.0,0.0,0.8625,,0.85625,1.0
volcanoes-e3,rfc-nosuite,0.915625,0.99,1.0,0.0,0.0,1.0,,0.86875,1.0
volcanoes-e3,rfc-nosuite,0.915625,0.99,1.0,0.0,0.0,1.0,,0.86875,1.0
volcanoes-e3,rfc-nosuite,0.915625,0.78,0.03125,0.0,0.0,0.271875,,0.26875,1.0
volcanoes-e3,rfc-nosuite,0.915625,0.97,1.0,0.0,0.0,1.0,,,1.0
volcanoes-e3,rfc-nosuite,0.915625,0.99,1.0,0.0,0.0,1.0,,0.859375,1.0
volcanoes-e3,rfc-nosuite,0.915625,0.99,1.0,0.0,0.0,0.534375,0.4,0.8625,1.0
volcanoes-e3,rfc-nosuite,0.915625,0.94,1.0,0.0,0.0,1.0,,,1.0
volcanoes-e3,rfc-nosuite,0.915625,0.82,1.0,0.0,0.0,1.0,,0.840625,1.0
volcanoes-e3,rfc-nosuite,0.915625,1.0,1.0,0.0,0.0,1.0,,0.853125,1.0
volcanoes-e3,rfc-nosuite,0.915625,0.98,0.85625,0.0,0.0,0.840625,,,1.0
volcanoes-e3,rfc-nosuite,0.915625,0.99,1.0,0.0,0.0,1.0,,0.86875,1.0
volcanoes-e3,rfc-nosuite,0.915625,1.0,1.0,0.0,0.0,1.0,,,1.0
volcanoes-e3,rfc-nosuite,0.915625,1.0,1.0,0.0,0.0,0.503125,,,1.0
volcanoes-e3,rfc-nosuite,0.915625,0.66,0.140625,0.0,0.0,0.91875,0.096875,0.53125,1.0
volcanoes-e3,rfc-nosuite,0.915625,1.0,1.0,0.0,0.0,0.7125,,,1.0
volcanoes-e3,rfc-nosuite,0.915625,0.95,1.0,0.0,0.0,1.0,,,1.0
volcanoes-e3,rfc-nosuite,0.915625,1.0,1.0,0.0,0.0,1.0,,,1.0
volcanoes-e3,rfc-nosuite,0.915625,0.95,0.653125,0.0,0.0,1.0,,,1.0
volcanoes-e3,rfc-nosuite,0.915625,0.96,0.840625,0.0,0.0,0.859375,,,1.0
volcanoes-e3,rfc-nosuite,0.915625,1.0,1.0,0.0,0.0,1.0,,,1.0
volcanoes-e3,rfc-nosuite,0.915625,0.98,0.85625,0.0,0.0,1.0,,,1.0
volcanoes-e3,rfc-nosuite,0.915625,0.95,0.653125,0.0,0.0,1.0,,0.953125,1.0
yeast,rfc-nosuite,0.6226415094339622,0.43,0.02425876010781671,0.0,0.0,0.03234501347708895,,0.05121293800539083,1.0
yeast,rfc-nosuite,0.6226415094339622,0.79,0.0215633423180593,0.0,0.0,0.03504043126684636,,0.1725067385444744,1.0
yeast,rfc-nosuite,0.6226415094339622,0.7,0.029649595687331536,0.0,0.0,0.03234501347708895,,0.0862533692722372,1.0
yeast,rfc-nosuite,0.6226415094339622,0.74,0.11590296495956873,0.0,0.0,0.018867924528301886,,0.14555256064690028,1.0
yeast,rfc-nosuite,0.6226415094339622,0.8,0.08086253369272237,0.0,0.0,0.02425876010781671,,0.05390835579514825,1.0
yeast,rfc-nosuite,0.6226415094339622,0.42,0.04582210242587601,0.0,0.0,0.005390835579514825,,0.0026954177897574125,1.0
yeast,rfc-nosuite,0.6226415094339622,0.67,0.0215633423180593,0.0,0.0,0.07008086253369272,,0.09164420485175202,1.0
yeast,rfc-nosuite,0.6226415094339622,0.47,0.026954177897574125,0.0,0.0,0.0026954177897574125,,0.03234501347708895,1.0
yeast,rfc-nosuite,0.6226415094339622,0.57,0.018867924528301886,0.0,0.0,0.02425876010781671,,0.029649595687331536,1.0
yeast,rfc-nosuite,0.6226415094339622,0.72,0.07547169811320754,0.0,0.0,0.05390835579514825,,0.33962264150943394,1.0
yeast,rfc-nosuite,0.6226415094339622,0.86,0.09164420485175202,0.0,0.0,0.01078167115902965,,0.09703504043126684,1.0
yeast,rfc-nosuite,0.6226415094339622,0.86,0.03234501347708895,0.0,0.0,0.0215633423180593,,0.18059299191374664,1.0
yeast,rfc-nosuite,0.6226415094339622,0.59,0.06199460916442048,0.0,0.0,0.03773584905660377,,0.07547169811320754,1.0
yeast,rfc-nosuite,0.6226415094339622,0.55,0.0215633423180593,0.0,0.0,0.005390835579514825,,0.013477088948787063,1.0
yeast,rfc-nosuite,0.6226415094339622,0.72,0.1105121293800539,0.0,0.0,0.0215633423180593,,0.14285714285714285,1.0
yeast,rfc-nosuite,0.6226415094339622,0.48,0.03773584905660377,0.0,0.0,0.005390835579514825,,0.15633423180592992,1.0
yeast,rfc-nosuite,0.6226415094339622,0.56,0.01078167115902965,0.0,0.0,0.06199460916442048,,0.07816711590296496,1.0
yeast,rfc-nosuite,0.6226415094339622,0.73,0.013477088948787063,0.0,0.0,0.01078167115902965,,0.018867924528301886,1.0
yeast,rfc-nosuite,0.6226415094339622,0.6,0.0215633423180593,0.0,0.0,0.03234501347708895,,0.029649595687331536,1.0
yeast,rfc-nosuite,0.6226415094339622,0.64,0.016172506738544475,0.0,0.0,0.05121293800539083,,0.1940700808625337,1.0
yeast,rfc-nosuite,0.6226415094339622,0.77,0.04043126684636118,0.0,0.0,0.01078167115902965,,0.16172506738544473,1.0
yeast,rfc-nosuite,0.6226415094339622,0.74,0.008086253369272238,0.0,0.0,0.01078167115902965,,0.1778975741239892,1.0
yeast,rfc-nosuite,0.6226415094339622,0.9,0.07547169811320754,0.0,0.0,0.05660377358490566,,0.11859838274932614,1.0
yeast,rfc-nosuite,0.6226415094339622,0.42,0.005390835579514825,0.0,0.0,0.029649595687331536,,0.02425876010781671,1.0
yeast,rfc-nosuite,0.6226415094339622,0.54,0.04851752021563342,0.0,0.0,0.05390835579514825,,0.11859838274932614,1.0
yeast,rfc-nosuite,0.6226415094339622,0.4,0.018867924528301886,0.0,0.0,0.018867924528301886,,0.22641509433962265,1.0
yeast,rfc-nosuite,0.6226415094339622,0.52,0.013477088948787063,0.0,0.0,0.07008086253369272,,0.07008086253369272,1.0
yeast,rfc-nosuite,0.6226415094339622,0.51,0.013477088948787063,0.0,0.0,0.0026954177897574125,,0.03504043126684636,1.0
yeast,rfc-nosuite,0.6226415094339622,0.78,0.03504043126684636,0.0,0.0,0.02425876010781671,,0.1725067385444744,1.0
yeast,rfc-nosuite,0.6226415094339622,0.64,0.008086253369272238,0.0,0.0,0.04582210242587601,,0.16172506738544473,1.0
yeast,rfc-nosuite,0.6226415094339622,0.51,0.029649595687331536,0.0,0.0,0.02425876010781671,,0.19137466307277629,1.0
yeast,rfc-nosuite,0.6226415094339622,0.75,0.0431266846361186,0.0,0.0,0.0431266846361186,,0.06199460916442048,1.0
yeast,rfc-nosuite,0.6226415094339622,0.32,0.013477088948787063,0.0,0.0,0.0026954177897574125,,0.03773584905660377,1.0
yeast,rfc-nosuite,0.6226415094339622,0.37,0.02425876010781671,0.0,0.0,0.0215633423180593,,0.03773584905660377,1.0
yeast,rfc-nosuite,0.6226415094339622,0.63,0.05660377358490566,0.0,0.0,0.07816711590296496,,0.1752021563342318,1.0
yeast,rfc-nosuite,0.6226415094339622,0.45,0.05929919137466307,0.0,0.0,0.0889487870619946,,0.08355795148247978,1.0
yeast,rfc-nosuite,0.6226415094339622,0.42,0.0215633423180593,0.0,0.0,0.005390835579514825,,0.008086253369272238,1.0
yeast,rfc-nosuite,0.6226415094339622,0.92,0.029649595687331536,0.0,0.0,0.0215633423180593,,0.14285714285714285,1.0
yeast,rfc-nosuite,0.6226415094339622,0.73,0.029649595687331536,0.0,0.0,0.03773584905660377,,0.25067385444743934,1.0
yeast,rfc-nosuite,0.6226415094339622,0.44,0.03773584905660377,0.0,0.0,0.01078167115902965,,0.22911051212938005,1.0
yeast,rfc-nosuite,0.6226415094339622,0.64,0.0673854447439353,0.0,0.0,0.02425876010781671,,0.12398921832884097,1.0
yeast,rfc-nosuite,0.6226415094339622,0.57,0.07547169811320754,0.0,0.0,0.14555256064690028,,0.15633423180592992,1.0
yeast,rfc-nosuite,0.6226415094339622,0.47,0.013477088948787063,0.0,0.0,0.01078167115902965,,0.25336927223719674,1.0
yeast,rfc-nosuite,0.6226415094339622,0.56,0.008086253369272238,0.0,0.0,0.018867924528301886,,0.013477088948787063,1.0
yeast,rfc-nosuite,0.6226415094339622,0.76,0.05929919137466307,0.0,0.0,0.016172506738544475,,0.20215633423180593,1.0
yeast,rfc-nosuite,0.6226415094339622,0.55,0.40161725067385445,0.0,0.0,0.0215633423180593,,0.11859838274932614,1.0
yeast,rfc-nosuite,0.6226415094339622,0.41,0.07547169811320754,0.0,0.0,0.029649595687331536,,0.14824797843665768,1.0
yeast,rfc-nosuite,0.6226415094339622,0.55,0.01078167115902965,0.0,0.0,0.1078167115902965,,0.09433962264150944,1.0
yeast,rfc-nosuite,0.6226415094339622,0.79,0.07277628032345014,0.0,0.0,0.029649595687331536,,0.0889487870619946,1.0
yeast,rfc-nosuite,0.6226415094339622,0.85,0.14285714285714285,0.0,0.0,0.03234501347708895,,0.12398921832884097,1.0
rmftsa,rfc-nosuite,0.48828125,0.3562142857142858,0.42578125,0.0,0.0,0.38671875,0.4453125,0.0546875,1.0
rmftsa,rfc-nosuite,0.48828125,0.4576666666666667,0.21875,0.0,0.0,0.08984375,0.234375,0.20703125,1.0
rmftsa,rfc-nosuite,0.48828125,0.6425,0.50390625,0.0,0.0,0.09765625,0.13671875,0.02734375,1.0
rmftsa,rfc-nosuite,0.48828125,0.8478333333333333,0.47265625,0.0,0.0,0.42578125,0.046875,0.05859375,1.0
rmftsa,rfc-nosuite,0.48828125,0.614280303030303,0.7109375,0.0,0.0,0.28125,0.18359375,0.47265625,1.0
rmftsa,rfc-nosuite,0.48828125,0.8540349927849925,0.18359375,0.0,0.0,0.2421875,0.375,0.3671875,1.0
rmftsa,rfc-nosuite,0.48828125,0.2751865079365079,0.6875,0.0,0.0,0.1171875,0.01953125,0.1171875,1.0
rmftsa,rfc-nosuite,0.48828125,0.8464378399378396,0.26953125,0.0,0.0,0.26953125,0.26171875,0.26953125,1.0
rmftsa,rfc-nosuite,0.48828125,0.8261904761904763,0.03125,0.0,0.0,0.05078125,0.21484375,0.01953125,1.0
rmftsa,rfc-nosuite,0.48828125,0.5813382173382172,0.453125,0.0,0.0,0.26953125,0.1640625,0.26953125,1.0
rmftsa,rfc-nosuite,0.48828125,1.0,0.61328125,0.0,0.0,0.3671875,0.125,0.48046875,1.0
rmftsa,rfc-nosuite,0.48828125,0.59075,0.21484375,0.0,0.0,0.49609375,0.2265625,0.21484375,1.0
rmftsa,rfc-nosuite,0.48828125,0.861,0.08984375,0.0,0.0,0.03125,0.22265625,0.03125,1.0
rmftsa,rfc-nosuite,0.48828125,0.6853333333333335,0.3203125,0.0,0.0,0.140625,0.28515625,0.12890625,1.0
rmftsa,rfc-nosuite,0.48828125,0.6778594852859559,0.453125,0.0,0.0,0.15234375,0.23046875,0.49609375,1.0
rmftsa,rfc-nosuite,0.48828125,0.39428571428571435,0.015625,0.0,0.0,0.015625,0.12890625,0.10546875,1.0
rmftsa,rfc-nosuite,0.48828125,0.4970714285714286,0.10546875,0.0,0.0,0.0703125,0.0859375,0.2265625,1.0
rmftsa,rfc-nosuite,0.48828125,0.5813382173382172,0.453125,0.0,0.0,0.26953125,0.21484375,0.4375,1.0
rmftsa,rfc-nosuite,0.48828125,0.58,0.06640625,0.0,0.0,0.10546875,0.17578125,0.0390625,1.0
rmftsa,rfc-nosuite,0.48828125,0.9611111111111111,0.7109375,0.0,0.0,0.3203125,0.33984375,0.5859375,1.0
rmftsa,rfc-nosuite,0.48828125,0.6005757575757573,0.42578125,0.0,0.0,0.0390625,0.40625,0.1640625,1.0
rmftsa,rfc-nosuite,0.48828125,0.3537380952380953,0.04296875,0.0,0.0,0.27734375,0.16796875,0.1015625,1.0
rmftsa,rfc-nosuite,0.48828125,0.6685,0.171875,0.0,0.0,0.64453125,0.16796875,0.0546875,1.0
rmftsa,rfc-nosuite,0.48828125,0.6693243284493282,0.75390625,0.0,0.0,0.3828125,0.52734375,0.39453125,1.0
rmftsa,rfc-nosuite,0.48828125,0.7121666666666667,0.28125,0.0,0.0,0.52734375,0.28515625,0.3515625,1.0
rmftsa,rfc-nosuite,0.48828125,0.82,0.0703125,0.0,0.0,0.50390625,0.27734375,0.01171875,1.0
rmftsa,rfc-nosuite,0.48828125,0.429,0.0390625,0.0,0.0,0.00390625,0.37109375,0.265625,1.0
rmftsa,rfc-nosuite,0.48828125,0.52,0.09765625,0.0,0.0,0.62109375,0.03515625,0.34765625,1.0
rmftsa,rfc-nosuite,0.48828125,0.42683730158730154,0.1015625,0.0,0.0,0.7890625,0.453125,0.12109375,1.0
rmftsa,rfc-nosuite,0.48828125,0.6702857142857143,0.89453125,0.0,0.0,0.203125,0.171875,0.1171875,1.0
rmftsa,rfc-nosuite,0.48828125,0.6414067321567322,0.0859375,0.0,0.0,0.15625,0.37109375,0.22265625,1.0
rmftsa,rfc-nosuite,0.48828125,0.3321428571428571,0.015625,0.0,0.0,0.015625,0.22265625,0.22265625,1.0
rmftsa,rfc-nosuite,0.48828125,0.6853333333333335,0.3203125,0.0,0.0,0.140625,0.08203125,0.12890625,1.0
rmftsa,rfc-nosuite,0.48828125,0.5189999999999999,0.21875,0.0,0.0,0.171875,0.125,0.08984375,1.0
rmftsa,rfc-nosuite,0.48828125,0.8230952380952381,0.24609375,0.0,0.0,0.27734375,0.546875,0.078125,1.0
rmftsa,rfc-nosuite,0.48828125,0.5,0.078125,0.0,0.0,0.03125,0.39453125,0.0078125,1.0
rmftsa,rfc-nosuite,0.48828125,0.514142857142857,0.61328125,0.0,0.0,0.5234375,0.43359375,0.578125,1.0
rmftsa,rfc-nosuite,0.48828125,1.0,0.28125,0.0,0.0,0.015625,0.046875,0.0390625,1.0
rmftsa,rfc-nosuite,0.48828125,0.5757976190476191,0.3046875,0.0,0.0,0.5546875,0.1328125,0.18359375,1.0
rmftsa,rfc-nosuite,0.48828125,0.88,0.04296875,0.0,0.0,0.22265625,0.11328125,0.03125,1.0
rmftsa,rfc-nosuite,0.48828125,0.5973333333333334,0.1171875,0.0,0.0,0.15625,0.23046875,0.12890625,1.0
rmftsa,rfc-nosuite,0.48828125,0.4328333333333333,0.06640625,0.0,0.0,0.16796875,0.28515625,0.01953125,1.0
rmftsa,rfc-nosuite,0.48828125,0.74,0.08203125,0.0,0.0,0.0546875,0.28125,0.2421875,1.0
rmftsa,rfc-nosuite,0.48828125,0.74,0.578125,0.0,0.0,0.4296875,0.234375,0.0859375,1.0
rmftsa,rfc-nosuite,0.48828125,0.89,0.28125,0.0,0.0,0.015625,0.015625,0.38671875,1.0
rmftsa,rfc-nosuite,0.48828125,0.5813382173382172,0.453125,0.0,0.0,0.26953125,0.390625,0.2421875,1.0
rmftsa,rfc-nosuite,0.48828125,0.74,0.08203125,0.0,0.0,0.0546875,0.28125,0.265625,1.0
rmftsa,rfc-nosuite,0.48828125,0.72,0.078125,0.0,0.0,0.05859375,0.05859375,0.05859375,1.0
rmftsa,rfc-nosuite,0.48828125,0.86,0.046875,0.0,0.0,0.0390625,0.046875,0.0390625,1.0
rmftsa,rfc-nosuite,0.48828125,0.6383095238095238,0.96484375,0.0,0.0,0.16796875,0.06640625,0.12109375,1.0
banknote-authentication,rfc-nosuite,0.9941690962099126,0.99,1.0,0.0,0.0,0.20699708454810495,0.6647230320699709,0.31486880466472306,1.0
banknote-authentication,rfc-nosuite,0.9941690962099126,1.0,1.0,0.0,0.0,0.358600583090379,0.33819241982507287,0.36151603498542273,1.0
banknote-authentication,rfc-nosuite,0.9941690962099126,0.97,1.0,0.0,0.0,0.2565597667638484,0.7084548104956269,0.23323615160349853,1.0
banknote-authentication,rfc-nosuite,0.9941690962099126,0.95,0.4897959183673469,0.0,0.0,0.17784256559766765,0.239067055393586,0.24198250728862974,1.0
banknote-authentication,rfc-nosuite,0.9941690962099126,1.0,0.8104956268221575,0.0,0.0,0.3935860058309038,0.21574344023323616,0.34110787172011664,1.0
banknote-authentication,rfc-nosuite,0.9941690962099126,1.0,0.2594752186588921,0.0,0.0,0.30029154518950435,0.07580174927113703,0.30612244897959184,1.0
banknote-authentication,rfc-nosuite,0.9941690962099126,0.99,0.6967930029154519,0.0,0.0,0.25072886297376096,0.30612244897959184,0.2915451895043732,1.0
banknote-authentication,rfc-nosuite,0.9941690962099126,1.0,1.0,0.0,0.0,0.358600583090379,0.37900874635568516,0.2565597667638484,1.0
banknote-authentication,rfc-nosuite,0.9941690962099126,1.0,0.6676384839650146,0.0,0.0,0.4227405247813411,0.09912536443148688,0.3819241982507289,1.0
banknote-authentication,rfc-nosuite,0.9941690962099126,1.0,1.0,0.0,0.0,0.30903790087463556,0.22157434402332363,0.3323615160349854,1.0
banknote-authentication,rfc-nosuite,0.9941690962099126,0.94,0.7084548104956269,0.0,0.0,0.09912536443148688,0.026239067055393587,0.10495626822157435,1.0
banknote-authentication,rfc-nosuite,0.9941690962099126,1.0,1.0,0.0,0.0,0.4897959183673469,0.08746355685131195,0.42857142857142855,1.0
banknote-authentication,rfc-nosuite,0.9941690962099126,1.0,1.0,0.0,0.0,0.16034985422740525,0.2886297376093295,0.446064139941691,1.0
banknote-authentication,rfc-nosuite,0.9941690962099126,1.0,1.0,0.0,0.0,0.119533527696793,0.6618075801749271,0.2915451895043732,1.0
banknote-authentication,rfc-nosuite,0.9941690962099126,1.0,1.0,0.0,0.0,0.16326530612244897,0.0728862973760933,0.30612244897959184,1.0
banknote-authentication,rfc-nosuite,0.9941690962099126,1.0,0.3323615160349854,0.0,0.0,0.14868804664723032,0.061224489795918366,0.24489795918367346,1.0
banknote-authentication,rfc-nosuite,0.9941690962099126,0.99,0.3323615160349854,0.0,0.0,0.15160349854227406,0.061224489795918366,0.18075801749271136,1.0
banknote-authentication,rfc-nosuite,0.9941690962099126,0.98,0.6676384839650146,0.0,0.0,0.21282798833819241,0.3673469387755102,0.15451895043731778,1.0
banknote-authentication,rfc-nosuite,0.9941690962099126,0.99,1.0,0.0,0.0,0.33819241982507287,0.33819241982507287,0.30612244897959184,1.0
banknote-authentication,rfc-nosuite,0.9941690962099126,1.0,1.0,0.0,0.0,0.3848396501457726,0.03206997084548105,0.23323615160349853,1.0
banknote-authentication,rfc-nosuite,0.9941690962099126,1.0,0.8688046647230321,0.0,0.0,0.30612244897959184,0.0641399416909621,0.3032069970845481,1.0
banknote-authentication,rfc-nosuite,0.9941690962099126,0.97,0.20699708454810495,0.0,0.0,0.18075801749271136,0.2099125364431487,0.18658892128279883,1.0
banknote-authentication,rfc-nosuite,0.9941690962099126,1.0,1.0,0.0,0.0,0.33819241982507287,0.30903790087463556,0.3032069970845481,1.0
banknote-authentication,rfc-nosuite,0.9941690962099126,1.0,1.0,0.0,0.0,0.34402332361516036,0.26822157434402333,0.37026239067055394,1.0
banknote-authentication,rfc-nosuite,0.9941690962099126,0.89,0.6618075801749271,0.0,0.0,0.037900874635568516,0.029154518950437316,0.01749271137026239,1.0
banknote-authentication,rfc-nosuite,0.9941690962099126,1.0,1.0,0.0,0.0,0.33819241982507287,0.3498542274052478,0.24198250728862974,1.0
banknote-authentication,rfc-nosuite,0.9941690962099126,1.0,1.0,0.0,0.0,0.13119533527696792,0.11370262390670553,0.30903790087463556,1.0
banknote-authentication,rfc-nosuite,0.9941690962099126,1.0,1.0,0.0,0.0,0.31486880466472306,0.27113702623906705,0.4839650145772595,1.0
banknote-authentication,rfc-nosuite,0.9941690962099126,0.94,0.33819241982507287,0.0,0.0,0.33819241982507287,0.30612244897959184,0.33819241982507287,1.0
banknote-authentication,rfc-nosuite,0.9941690962099126,0.99,1.0,0.0,0.0,0.16326530612244897,0.16326530612244897,0.2857142857142857,1.0
banknote-authentication,rfc-nosuite,0.9941690962099126,0.99,1.0,0.0,0.0,0.20699708454810495,0.5189504373177842,0.2944606413994169,1.0
banknote-authentication,rfc-nosuite,0.9941690962099126,1.0,1.0,0.0,0.0,0.24198250728862974,0.5393586005830904,0.3206997084548105,1.0
banknote-authentication,rfc-nosuite,0.9941690962099126,0.94,0.3032069970845481,0.0,0.0,0.04081632653061224,0.03206997084548105,0.09037900874635568,1.0
banknote-authentication,rfc-nosuite,0.9941690962099126,1.0,1.0,0.0,0.0,0.30903790087463556,0.21865889212827988,0.5043731778425656,1.0
banknote-authentication,rfc-nosuite,0.9941690962099126,0.97,0.42857142857142855,0.0,0.0,0.16326530612244897,0.40233236151603496,0.25072886297376096,1.0
banknote-authentication,rfc-nosuite,0.9941690962099126,1.0,1.0,0.0,0.0,0.30903790087463556,0.21865889212827988,0.5685131195335277,1.0
banknote-authentication,rfc-nosuite,0.9941690962099126,1.0,1.0,0.0,0.0,0.2886297376093295,0.30612244897959184,0.4227405247813411,1.0
banknote-authentication,rfc-nosuite,0.9941690962099126,1.0,1.0,0.0,0.0,0.5043731778425656,0.2303206997084548,0.36151603498542273,1.0
banknote-authentication,rfc-nosuite,0.9941690962099126,0.98,1.0,0.0,0.0,0.15451895043731778,0.6618075801749271,0.40233236151603496,1.0
banknote-authentication,rfc-nosuite,0.9941690962099126,1.0,1.0,0.0,0.0,0.30903790087463556,0.11078717201166181,0.43731778425655976,1.0
banknote-authentication,rfc-nosuite,0.9941690962099126,0.99,1.0,0.0,0.0,0.36151603498542273,0.282798833819242,0.4868804664723032,1.0
banknote-authentication,rfc-nosuite,0.9941690962099126,1.0,0.30029154518950435,0.0,0.0,0.30612244897959184,0.30029154518950435,0.30612244897959184,1.0
banknote-authentication,rfc-nosuite,0.9941690962099126,0.85,0.6618075801749271,0.0,0.0,0.037900874635568516,0.11370262390670553,0.04664723032069971,1.0
banknote-authentication,rfc-nosuite,0.9941690962099126,0.99,0.2478134110787172,0.0,0.0,0.09912536443148688,0.03206997084548105,0.052478134110787174,1.0
banknote-authentication,rfc-nosuite,0.9941690962099126,1.0,1.0,0.0,0.0,0.30029154518950435,0.08454810495626822,0.239067055393586,1.0
banknote-authentication,rfc-nosuite,0.9941690962099126,1.0,0.6676384839650146,0.0,0.0,0.6618075801749271,0.2565597667638484,0.30612244897959184,1.0
banknote-authentication,rfc-nosuite,0.9941690962099126,1.0,1.0,0.0,0.0,0.2944606413994169,0.22157434402332363,0.3965014577259475,1.0
banknote-authentication,rfc-nosuite,0.9941690962099126,0.99,0.5043731778425656,0.0,0.0,0.1282798833819242,0.3965014577259475,0.23323615160349853,1.0
banknote-authentication,rfc-nosuite,0.9941690962099126,0.99,1.0,0.0,0.0,0.21574344023323616,0.26239067055393583,0.3469387755102041,1.0
banknote-authentication,rfc-nosuite,0.9941690962099126,0.94,0.01749271137026239,0.0,0.0,0.061224489795918366,0.011661807580174927,0.04956268221574344,1.0
volcanoes-a2,rfc-nosuite,0.9310344827586207,1.0,0.37438423645320196,0.0,0.0,0.312807881773399,0.5640394088669951,0.9014778325123153,1.0
volcanoes-a2,rfc-nosuite,0.9310344827586207,0.96,0.30295566502463056,0.0,0.0,0.034482758620689655,0.16009852216748768,,1.0
volcanoes-a2,rfc-nosuite,0.9310344827586207,1.0,1.0,0.0,0.0,1.0,0.5320197044334976,0.9211822660098522,1.0
volcanoes-a2,rfc-nosuite,0.9310344827586207,0.97,1.0,0.0,0.0,0.6551724137931034,0.8423645320197044,,1.0
volcanoes-a2,rfc-nosuite,0.9310344827586207,0.74,0.8423645320197044,0.0,0.0,0.9950738916256158,0.9137931034482759,,1.0
volcanoes-a2,rfc-nosuite,0.9310344827586207,1.0,1.0,0.0,0.0,1.0,0.9137931034482759,,1.0
volcanoes-a2,rfc-nosuite,0.9310344827586207,0.92,1.0,0.0,0.0,0.6551724137931034,0.8620689655172413,0.9334975369458128,1.0
volcanoes-a2,rfc-nosuite,0.9310344827586207,0.99,1.0,0.0,0.0,0.229064039408867,0.9137931034482759,,1.0
volcanoes-a2,rfc-nosuite,0.9310344827586207,1.0,1.0,0.0,0.0,0.5,0.7660098522167488,0.9532019704433498,1.0
volcanoes-a2,rfc-nosuite,0.9310344827586207,0.99,1.0,0.0,0.0,0.8423645320197044,0.8866995073891626,,1.0
volcanoes-a2,rfc-nosuite,0.9310344827586207,0.63,0.0049261083743842365,0.0,0.0,0.23891625615763548,0.46551724137931033,0.23891625615763548,1.0
volcanoes-a2,rfc-nosuite,0.9310344827586207,1.0,1.0,0.0,0.0,0.34236453201970446,0.8423645320197044,,1.0
volcanoes-a2,rfc-nosuite,0.9310344827586207,0.71,0.4482758620689655,0.0,0.0,0.2438423645320197,0.9137931034482759,0.21428571428571427,1.0
volcanoes-a2,rfc-nosuite,0.9310344827586207,0.72,0.9137931034482759,0.0,0.0,0.9261083743842364,0.5467980295566502,0.9334975369458128,1.0
volcanoes-a2,rfc-nosuite,0.9310344827586207,0.92,1.0,0.0,0.0,0.7955665024630542,0.854679802955665,,1.0
volcanoes-a2,rfc-nosuite,0.9310344827586207,1.0,1.0,0.0,0.0,0.4064039408866995,0.8620689655172413,0.916256157635468,1.0
volcanoes-a2,rfc-nosuite,0.9310344827586207,0.99,1.0,0.0,0.0,0.26108374384236455,0.9088669950738916,0.9679802955665024,1.0
volcanoes-a2,rfc-nosuite,0.9310344827586207,0.92,1.0,0.0,0.0,0.9137931034482759,0.916256157635468,0.9310344827586207,1.0
volcanoes-a2,rfc-nosuite,0.9310344827586207,1.0,1.0,0.0,0.0,0.7536945812807881,0.8793103448275862,0.9507389162561576,1.0
volcanoes-a2,rfc-nosuite,0.9310344827586207,1.0,1.0,0.0,0.0,1.0,0.8620689655172413,,1.0
volcanoes-a2,rfc-nosuite,0.9310344827586207,0.96,1.0,0.0,0.0,0.034482758620689655,0.8448275862068966,0.9408866995073891,1.0
volcanoes-a2,rfc-nosuite,0.9310344827586207,0.95,1.0,0.0,0.0,1.0,0.9137931034482759,0.9556650246305419,1.0
volcanoes-a2,rfc-nosuite,0.9310344827586207,0.98,1.0,0.0,0.0,0.8201970443349754,0.8325123152709359,,1.0
volcanoes-a2,rfc-nosuite,0.9310344827586207,1.0,0.7512315270935961,0.0,0.0,0.6551724137931034,0.43349753694581283,,1.0
volcanoes-a2,rfc-nosuite,0.9310344827586207,0.99,1.0,0.0,0.0,0.034482758620689655,0.8300492610837439,0.9482758620689655,1.0
volcanoes-a2,rfc-nosuite,0.9310344827586207,1.0,1.0,0.0,0.0,1.0,0.8325123152709359,0.9236453201970444,1.0
volcanoes-a2,rfc-nosuite,0.9310344827586207,1.0,1.0,0.0,0.0,0.41625615763546797,0.35960591133004927,,1.0
volcanoes-a2,rfc-nosuite,0.9310344827586207,0.96,1.0,0.0,0.0,1.0,0.9088669950738916,0.9285714285714286,1.0
volcanoes-a2,rfc-nosuite,0.9310344827586207,0.96,1.0,0.0,0.0,0.8349753694581281,0.7536945812807881,,1.0
volcanoes-a2,rfc-nosuite,0.9310344827586207,1.0,1.0,0.0,0.0,0.8842364532019704,0.9137931034482759,0.9704433497536946,1.0
volcanoes-a2,rfc-nosuite,0.9310344827586207,1.0,1.0,0.0,0.0,1.0,0.9137931034482759,0.9532019704433498,1.0
volcanoes-a2,rfc-nosuite,0.9310344827586207,1.0,1.0,0.0,0.0,0.7955665024630542,0.7216748768472906,0.9532019704433498,1.0
volcanoes-a2,rfc-nosuite,0.9310344827586207,0.99,1.0,0.0,0.0,1.0,0.7266009852216748,,1.0
volcanoes-a2,rfc-nosuite,0.9310344827586207,1.0,1.0,0.0,0.0,0.8251231527093597,0.8448275862068966,0.9433497536945813,1.0
volcanoes-a2,rfc-nosuite,0.9310344827586207,0.99,1.0,0.0,0.0,0.14532019704433496,0.9014778325123153,0.9532019704433498,1.0
volcanoes-a2,rfc-nosuite,0.9310344827586207,1.0,1.0,0.0,0.0,0.6551724137931034,0.5369458128078818,,1.0
volcanoes-a2,rfc-nosuite,0.9310344827586207,0.98,1.0,0.0,0.0,1.0,0.874384236453202,0.9458128078817734,1.0
volcanoes-a2,rfc-nosuite,0.9310344827586207,0.43,0.024630541871921183,0.0,0.0,0.014778325123152709,0.034482758620689655,0.009852216748768473,1.0
volcanoes-a2,rfc-nosuite,0.9310344827586207,1.0,1.0,0.0,0.0,1.0,0.8448275862068966,0.9458128078817734,1.0
volcanoes-a2,rfc-nosuite,0.9310344827586207,0.82,0.8793103448275862,0.0,0.0,0.8940886699507389,0.9137931034482759,0.8916256157635468,1.0
volcanoes-a2,rfc-nosuite,0.9310344827586207,1.0,1.0,0.0,0.0,0.8423645320197044,0.7684729064039408,0.8940886699507389,1.0
volcanoes-a2,rfc-nosuite,0.9310344827586207,0.97,1.0,0.0,0.0,0.7536945812807881,0.5517241379310345,,1.0
volcanoes-a2,rfc-nosuite,0.9310344827586207,0.97,1.0,0.0,0.0,1.0,0.854679802955665,0.9334975369458128,1.0
volcanoes-a2,rfc-nosuite,0.9310344827586207,0.98,1.0,0.0,0.0,0.4187192118226601,0.7586206896551724,0.9408866995073891,1.0
volcanoes-a2,rfc-nosuite,0.9310344827586207,1.0,1.0,0.0,0.0,1.0,0.37192118226600984,0.9655172413793104,1.0
volcanoes-a2,rfc-nosuite,0.9310344827586207,0.86,0.024630541871921183,0.0,0.0,0.9704433497536946,0.007389162561576354,0.2684729064039409,1.0
volcanoes-a2,rfc-nosuite,0.9310344827586207,1.0,1.0,0.0,0.0,0.229064039408867,0.874384236453202,,1.0
volcanoes-a2,rfc-nosuite,0.9310344827586207,0.96,0.9334975369458128,0.0,0.0,1.0,0.9064039408866995,,1.0
volcanoes-a2,rfc-nosuite,0.9310344827586207,1.0,1.0,0.0,0.0,0.8349753694581281,0.7660098522167488,0.9532019704433498,1.0
volcanoes-a2,rfc-nosuite,0.9310344827586207,0.99,1.0,0.0,0.0,1.0,0.8497536945812808,0.9408866995073891,1.0
volcanoes-a3,rfc-nosuite,0.89501312335958,0.42,0.023622047244094488,0.0,0.0,0.926509186351706,0.8398950131233596,0.8188976377952756,1.0
volcanoes-a3,rfc-nosuite,0.89501312335958,1.0,1.0,0.0,0.0,1.0,0.8661417322834646,,1.0
volcanoes-a3,rfc-nosuite,0.89501312335958,0.35,0.049868766404199474,0.0,0.0,0.49081364829396323,0.49343832020997375,0.015748031496062992,1.0
volcanoes-a3,rfc-nosuite,0.89501312335958,1.0,1.0,0.0,0.0,1.0,0.8871391076115486,0.926509186351706,1.0
volcanoes-a3,rfc-nosuite,0.89501312335958,1.0,1.0,0.0,0.0,0.30183727034120733,0.868766404199475,,1.0
volcanoes-a3,rfc-nosuite,0.89501312335958,0.99,1.0,0.0,0.0,1.0,0.5879265091863517,,1.0
volcanoes-a3,rfc-nosuite,0.89501312335958,1.0,1.0,0.0,0.0,0.6194225721784777,0.8241469816272966,,1.0
volcanoes-a3,rfc-nosuite,0.89501312335958,0.99,1.0,0.0,0.0,1.0,0.7952755905511811,0.9291338582677166,1.0
volcanoes-a3,rfc-nosuite,0.89501312335958,0.95,1.0,0.0,0.0,1.0,0.8241469816272966,0.9238845144356955,1.0
volcanoes-a3,rfc-nosuite,0.89501312335958,1.0,1.0,0.0,0.0,1.0,0.847769028871391,,1.0
volcanoes-a3,rfc-nosuite,0.89501312335958,1.0,1.0,0.0,0.0,0.5905511811023622,0.8057742782152231,0.9343832020997376,1.0
volcanoes-a3,rfc-nosuite,0.89501312335958,0.95,0.8871391076115486,0.0,0.0,0.905511811023622,0.9002624671916011,0.9212598425196851,1.0
volcanoes-a3,rfc-nosuite,0.89501312335958,0.7,1.0,0.0,0.0,1.0,0.7427821522309711,0.8871391076115486,1.0
volcanoes-a3,rfc-nosuite,0.89501312335958,0.59,0.031496062992125984,0.0,0.0,0.7375328083989501,0.06561679790026247,0.6929133858267716,1.0
volcanoes-a3,rfc-nosuite,0.89501312335958,0.9,0.8871391076115486,0.0,0.0,0.9002624671916011,0.8871391076115486,,1.0
volcanoes-a3,rfc-nosuite,0.89501312335958,0.99,1.0,0.0,0.0,0.9291338582677166,0.8923884514435696,0.9002624671916011,1.0
volcanoes-a3,rfc-nosuite,0.89501312335958,0.99,0.7795275590551181,0.0,0.0,0.8241469816272966,0.8582677165354331,0.9422572178477691,1.0
volcanoes-a3,rfc-nosuite,0.89501312335958,1.0,1.0,0.0,0.0,1.0,0.7979002624671916,0.8976377952755905,1.0
volcanoes-a3,rfc-nosuite,0.89501312335958,0.98,1.0,0.0,0.0,1.0,0.8057742782152231,0.926509186351706,1.0
volcanoes-a3,rfc-nosuite,0.89501312335958,0.85,0.7952755905511811,0.0,0.0,1.0,0.5196850393700787,0.9422572178477691,1.0
volcanoes-a3,rfc-nosuite,0.89501312335958,1.0,1.0,0.0,0.0,1.0,0.8031496062992126,,1.0
volcanoes-a3,rfc-nosuite,0.89501312335958,0.91,0.8871391076115486,0.0,0.0,0.8871391076115486,0.8871391076115486,0.868766404199475,1.0
volcanoes-a3,rfc-nosuite,0.89501312335958,1.0,1.0,0.0,0.0,0.926509186351706,0.8713910761154856,0.910761154855643,1.0
volcanoes-a3,rfc-nosuite,0.89501312335958,0.79,0.926509186351706,0.0,0.0,0.9291338582677166,0.7007874015748031,0.6404199475065617,1.0
volcanoes-a3,rfc-nosuite,0.89501312335958,0.95,1.0,0.0,0.0,1.0,0.8398950131233596,,1.0
volcanoes-a3,rfc-nosuite,0.89501312335958,0.97,1.0,0.0,0.0,1.0,0.8871391076115486,0.9422572178477691,1.0
volcanoes-a3,rfc-nosuite,0.89501312335958,0.49,0.05774278215223097,0.0,0.0,0.9291338582677166,0.9028871391076115,,1.0
volcanoes-a3,rfc-nosuite,0.89501312335958,0.98,1.0,0.0,0.0,1.0,0.7795275590551181,0.9291338582677166,1.0
volcanoes-a3,rfc-nosuite,0.89501312335958,1.0,1.0,0.0,0.0,0.6272965879265092,0.8057742782152231,,1.0
volcanoes-a3,rfc-nosuite,0.89501312335958,0.98,1.0,0.0,0.0,1.0,0.9002624671916011,0.9343832020997376,1.0
volcanoes-a3,rfc-nosuite,0.89501312335958,0.99,1.0,0.0,0.0,0.30183727034120733,0.8320209973753281,0.9186351706036745,1.0
volcanoes-a3,rfc-nosuite,0.89501312335958,1.0,1.0,0.0,0.0,1.0,0.7690288713910761,0.9606299212598425,1.0
volcanoes-a3,rfc-nosuite,0.89501312335958,0.72,0.926509186351706,0.0,0.0,0.9291338582677166,0.800524934383202,0.4199475065616798,1.0
volcanoes-a3,rfc-nosuite,0.89501312335958,0.97,1.0,0.0,0.0,0.8871391076115486,0.8451443569553806,0.8713910761154856,1.0
volcanoes-a3,rfc-nosuite,0.89501312335958,1.0,1.0,0.0,0.0,0.30183727034120733,0.8241469816272966,0.9343832020997376,1.0
volcanoes-a3,rfc-nosuite,0.89501312335958,0.89,0.5958005249343832,0.0,0.0,0.9291338582677166,0.8976377952755905,,1.0
volcanoes-a3,rfc-nosuite,0.89501312335958,0.98,0.49343832020997375,0.0,0.0,1.0,0.847769028871391,0.8766404199475065,1.0
volcanoes-a3,rfc-nosuite,0.89501312335958,0.98,1.0,0.0,0.0,0.3333333333333333,0.863517060367454,0.931758530183727,1.0
volcanoes-a3,rfc-nosuite,0.89501312335958,0.94,0.8871391076115486,0.0,0.0,0.05511811023622047,0.9081364829396326,,1.0
volcanoes-a3,rfc-nosuite,0.89501312335958,0.97,1.0,0.0,0.0,0.931758530183727,0.8057742782152231,0.9291338582677166,1.0
volcanoes-a3,rfc-nosuite,0.89501312335958,0.99,1.0,0.0,0.0,1.0,0.7979002624671916,0.9396325459317585,1.0
volcanoes-a3,rfc-nosuite,0.89501312335958,0.41,0.010498687664041995,0.0,0.0,0.007874015748031496,0.05249343832020997,0.0026246719160104987,1.0
volcanoes-a3,rfc-nosuite,0.89501312335958,0.98,1.0,0.0,0.0,1.0,0.8608923884514436,0.9396325459317585,1.0
volcanoes-a3,rfc-nosuite,0.89501312335958,1.0,1.0,0.0,0.0,0.7795275590551181,0.7191601049868767,0.926509186351706,1.0
volcanoes-a3,rfc-nosuite,0.89501312335958,0.96,1.0,0.0,0.0,0.9291338582677166,0.3464566929133858,0.9186351706036745,1.0
volcanoes-a3,rfc-nosuite,0.89501312335958,1.0,1.0,0.0,0.0,1.0,0.7900262467191601,0.9606299212598425,1.0
volcanoes-a3,rfc-nosuite,0.89501312335958,0.93,1.0,0.0,0.0,1.0,0.8871391076115486,,1.0
volcanoes-a3,rfc-nosuite,0.89501312335958,1.0,1.0,0.0,0.0,0.7952755905511811,0.5958005249343832,,1.0
volcanoes-a3,rfc-nosuite,0.89501312335958,0.99,1.0,0.0,0.0,1.0,0.821522309711286,,1.0
volcanoes-a3,rfc-nosuite,0.89501312335958,1.0,1.0,0.0,0.0,1.0,0.8451443569553806,0.8871391076115486,1.0
volcanoes-a4,rfc-nosuite,0.8944591029023746,1.0,1.0,0.0,0.0,1.0,0.7889182058047494,,1.0
volcanoes-a4,rfc-nosuite,0.8944591029023746,1.0,1.0,0.0,0.0,0.16094986807387862,0.8153034300791556,,1.0
volcanoes-a4,rfc-nosuite,0.8944591029023746,0.62,0.07387862796833773,0.0,0.0,0.021108179419525065,0.07651715039577836,0.05804749340369393,1.0
volcanoes-a4,rfc-nosuite,0.8944591029023746,0.99,1.0,0.0,0.0,1.0,0.8786279683377308,0.8865435356200527,1.0
volcanoes-a4,rfc-nosuite,0.8944591029023746,0.99,1.0,0.0,0.0,1.0,0.8786279683377308,,1.0
volcanoes-a4,rfc-nosuite,0.8944591029023746,0.59,0.029023746701846966,0.0,0.0,0.316622691292876,0.06596306068601583,0.22691292875989447,1.0
volcanoes-a4,rfc-nosuite,0.8944591029023746,0.97,1.0,0.0,0.0,1.0,0.8047493403693932,0.8786279683377308,1.0
volcanoes-a4,rfc-nosuite,0.8944591029023746,0.88,0.8918205804749341,0.0,0.0,0.9050131926121372,0.525065963060686,0.8918205804749341,1.0
volcanoes-a4,rfc-nosuite,0.8944591029023746,0.92,1.0,0.0,0.0,1.0,0.841688654353562,0.9050131926121372,1.0
volcanoes-a4,rfc-nosuite,0.8944591029023746,1.0,1.0,0.0,0.0,1.0,0.8786279683377308,0.9234828496042217,1.0
volcanoes-a4,rfc-nosuite,0.8944591029023746,1.0,1.0,0.0,0.0,1.0,0.8786279683377308,0.8918205804749341,1.0
volcanoes-a4,rfc-nosuite,0.8944591029023746,0.98,1.0,0.0,0.0,0.6517150395778364,0.5672823218997362,0.9234828496042217,1.0
volcanoes-a4,rfc-nosuite,0.8944591029023746,0.99,1.0,0.0,0.0,1.0,,0.8707124010554089,1.0
volcanoes-a4,rfc-nosuite,0.8944591029023746,1.0,1.0,0.0,0.0,1.0,0.7889182058047494,0.9498680738786279,1.0
volcanoes-a4,rfc-nosuite,0.8944591029023746,1.0,1.0,0.0,0.0,0.08443271767810026,0.8284960422163589,,1.0
volcanoes-a4,rfc-nosuite,0.8944591029023746,1.0,1.0,0.0,0.0,0.29815303430079154,0.8153034300791556,0.9340369393139841,1.0
volcanoes-a4,rfc-nosuite,0.8944591029023746,1.0,1.0,0.0,0.0,1.0,0.841688654353562,0.8918205804749341,1.0
volcanoes-a4,rfc-nosuite,0.8944591029023746,1.0,1.0,0.0,0.0,0.8311345646437994,0.7519788918205804,0.9313984168865436,1.0
volcanoes-a4,rfc-nosuite,0.8944591029023746,1.0,1.0,0.0,0.0,1.0,0.8918205804749341,0.9023746701846965,1.0
volcanoes-a4,rfc-nosuite,0.8944591029023746,1.0,1.0,0.0,0.0,1.0,0.8707124010554089,0.8839050131926122,1.0
volcanoes-a4,rfc-nosuite,0.8944591029023746,0.99,1.0,0.0,0.0,1.0,0.8786279683377308,0.9287598944591029,1.0
volcanoes-a4,rfc-nosuite,0.8944591029023746,0.44,0.0395778364116095,0.0,0.0,0.018469656992084433,0.002638522427440633,0.002638522427440633,1.0
volcanoes-a4,rfc-nosuite,0.8944591029023746,1.0,1.0,0.0,0.0,1.0,0.8601583113456465,0.9102902374670184,1.0
volcanoes-a4,rfc-nosuite,0.8944591029023746,1.0,1.0,0.0,0.0,1.0,0.7651715039577837,,1.0
volcanoes-a4,rfc-nosuite,0.8944591029023746,0.85,0.8759894459102903,0.0,0.0,0.8786279683377308,0.6253298153034301,0.8918205804749341,1.0
volcanoes-a4,rfc-nosuite,0.8944591029023746,1.0,1.0,0.0,0.0,0.6517150395778364,0.8786279683377308,0.9182058047493403,1.0
volcanoes-a4,rfc-nosuite,0.8944591029023746,1.0,1.0,0.0,0.0,1.0,0.8786279683377308,0.9023746701846965,1.0
volcanoes-a4,rfc-nosuite,0.8944591029023746,0.31,0.052770448548812667,0.0,0.0,0.018469656992084433,0.07387862796833773,0.029023746701846966,1.0
volcanoes-a4,rfc-nosuite,0.8944591029023746,0.98,1.0,0.0,0.0,1.0,0.8443271767810027,0.9393139841688655,1.0
volcanoes-a4,rfc-nosuite,0.8944591029023746,0.83,1.0,0.0,0.0,1.0,0.8153034300791556,,1.0
volcanoes-a4,rfc-nosuite,0.8944591029023746,0.65,1.0,0.0,0.0,0.055408970976253295,0.8918205804749341,,1.0
volcanoes-a4,rfc-nosuite,0.8944591029023746,0.99,1.0,0.0,0.0,1.0,0.899736147757256,0.9287598944591029,1.0
volcanoes-a4,rfc-nosuite,0.8944591029023746,0.82,0.7361477572559367,0.0,0.0,0.8918205804749341,0.2955145118733509,,1.0
volcanoes-a4,rfc-nosuite,0.8944591029023746,0.99,0.8258575197889182,0.0,0.0,0.5277044854881267,0.5567282321899736,,1.0
volcanoes-a4,rfc-nosuite,0.8944591029023746,0.39,0.0316622691292876,0.0,0.0,0.055408970976253295,0.0395778364116095,0.03430079155672823,1.0
volcanoes-a4,rfc-nosuite,0.8944591029023746,0.84,0.055408970976253295,0.0,0.0,1.0,0.45382585751978893,,1.0
volcanoes-a4,rfc-nosuite,0.8944591029023746,0.81,1.0,0.0,0.0,1.0,0.6860158311345647,0.8786279683377308,1.0
volcanoes-a4,rfc-nosuite,0.8944591029023746,1.0,1.0,0.0,0.0,1.0,0.8021108179419525,,1.0
volcanoes-a4,rfc-nosuite,0.8944591029023746,0.96,1.0,0.0,0.0,0.40105540897097625,0.8522427440633246,0.8970976253298153,1.0
volcanoes-a4,rfc-nosuite,0.8944591029023746,0.49,0.018469656992084433,0.0,0.0,0.005277044854881266,0.0079155672823219,0.0079155672823219,1.0
volcanoes-a4,rfc-nosuite,0.8944591029023746,1.0,1.0,0.0,0.0,1.0,0.8153034300791556,0.8786279683377308,1.0
volcanoes-a4,rfc-nosuite,0.8944591029023746,0.91,0.8786279683377308,0.0,0.0,0.9182058047493403,0.5013192612137203,0.941952506596306,1.0
volcanoes-a4,rfc-nosuite,0.8944591029023746,0.97,0.7678100263852242,0.0,0.0,1.0,0.8707124010554089,0.8786279683377308,1.0
volcanoes-a4,rfc-nosuite,0.8944591029023746,0.98,1.0,0.0,0.0,1.0,0.8522427440633246,0.9023746701846965,1.0
volcanoes-a4,rfc-nosuite,0.8944591029023746,0.96,1.0,0.0,0.0,1.0,0.8337730870712401,0.9102902374670184,1.0
volcanoes-a4,rfc-nosuite,0.8944591029023746,1.0,1.0,0.0,0.0,0.1345646437994723,0.8707124010554089,,1.0
volcanoes-a4,rfc-nosuite,0.8944591029023746,0.93,0.3720316622691293,0.0,0.0,1.0,0.8496042216358839,0.9261213720316622,1.0
volcanoes-a4,rfc-nosuite,0.8944591029023746,0.94,0.3720316622691293,0.0,0.0,1.0,0.8364116094986808,,1.0
volcanoes-a4,rfc-nosuite,0.8944591029023746,0.84,1.0,0.0,0.0,1.0,0.8601583113456465,0.9287598944591029,1.0
volcanoes-a4,rfc-nosuite,0.8944591029023746,1.0,1.0,0.0,0.0,0.6860158311345647,0.8073878627968337,0.9340369393139841,1.0
volcanoes-e1,rfc-nosuite,0.9155405405405406,1.0,1.0,0.0,0.0,1.0,0.831081081081081,,1.0
volcanoes-e1,rfc-nosuite,0.9155405405405406,0.97,1.0,0.0,0.0,1.0,,0.8378378378378378,1.0
volcanoes-e1,rfc-nosuite,0.9155405405405406,1.0,1.0,0.0,0.0,1.0,,0.6959459459459459,1.0
volcanoes-e1,rfc-nosuite,0.9155405405405406,1.0,1.0,0.0,0.0,1.0,0.8209459459459459,0.9459459459459459,1.0
volcanoes-e1,rfc-nosuite,0.9155405405405406,1.0,1.0,0.0,0.0,1.0,0.6891891891891891,,1.0
volcanoes-e1,rfc-nosuite,0.9155405405405406,0.76,0.05067567567567568,0.0,0.0,0.17905405405405406,0.17905405405405406,0.17905405405405406,1.0
volcanoes-e1,rfc-nosuite,0.9155405405405406,1.0,1.0,0.0,0.0,1.0,,,1.0
volcanoes-e1,rfc-nosuite,0.9155405405405406,0.99,1.0,0.0,0.0,1.0,,0.8378378378378378,1.0
volcanoes-e1,rfc-nosuite,0.9155405405405406,1.0,1.0,0.0,0.0,1.0,,,1.0
volcanoes-e1,rfc-nosuite,0.9155405405405406,0.86,0.7905405405405406,0.0,0.0,0.8277027027027027,0.8175675675675675,,1.0
volcanoes-e1,rfc-nosuite,0.9155405405405406,1.0,1.0,0.0,0.0,0.11824324324324324,0.75,,1.0
volcanoes-e1,rfc-nosuite,0.9155405405405406,0.89,1.0,0.0,0.0,0.8141891891891891,,0.8108108108108109,1.0
volcanoes-e1,rfc-nosuite,0.9155405405405406,0.85,1.0,0.0,0.0,1.0,,,1.0
volcanoes-e1,rfc-nosuite,0.9155405405405406,0.56,0.04391891891891892,0.0,0.0,0.14527027027027026,0.13175675675675674,0.20945945945945946,1.0
volcanoes-e1,rfc-nosuite,0.9155405405405406,0.94,0.40540540540540543,0.0,0.0,0.07432432432432433,0.4864864864864865,,1.0
volcanoes-e1,rfc-nosuite,0.9155405405405406,0.98,1.0,0.0,0.0,0.8378378378378378,,,1.0
volcanoes-e1,rfc-nosuite,0.9155405405405406,0.92,1.0,0.0,0.0,0.09797297297297297,0.7905405405405406,0.8716216216216216,1.0
volcanoes-e1,rfc-nosuite,0.9155405405405406,1.0,1.0,0.0,0.0,1.0,,,1.0
volcanoes-e1,rfc-nosuite,0.9155405405405406,0.97,0.33783783783783783,0.0,0.0,1.0,0.668918918918919,0.9493243243243243,1.0
volcanoes-e1,rfc-nosuite,0.9155405405405406,0.9,0.16554054054054054,0.0,0.0,0.9425675675675675,0.16554054054054054,,1.0
volcanoes-e1,rfc-nosuite,0.9155405405405406,0.99,1.0,0.0,0.0,1.0,0.8175675675675675,0.8378378378378378,1.0
volcanoes-e1,rfc-nosuite,0.9155405405405406,1.0,1.0,0.0,0.0,1.0,0.8006756756756757,,1.0
volcanoes-e1,rfc-nosuite,0.9155405405405406,0.95,0.3547297297297297,0.0,0.0,0.8209459459459459,0.30067567567567566,0.8277027027027027,1.0
volcanoes-e1,rfc-nosuite,0.9155405405405406,0.74,0.12837837837837837,0.0,0.0,0.11824324324324324,0.28040540540540543,0.43243243243243246,1.0
volcanoes-e1,rfc-nosuite,0.9155405405405406,0.59,0.8851351351351351,0.0,0.0,1.0,,0.13175675675675674,1.0
volcanoes-e1,rfc-nosuite,0.9155405405405406,0.98,1.0,0.0,0.0,1.0,0.21621621621621623,,1.0
volcanoes-e1,rfc-nosuite,0.9155405405405406,0.98,1.0,0.0,0.0,1.0,0.777027027027027,,1.0
volcanoes-e1,rfc-nosuite,0.9155405405405406,1.0,1.0,0.0,0.0,0.44932432432432434,0.8108108108108109,,1.0
volcanoes-e1,rfc-nosuite,0.9155405405405406,1.0,0.7195945945945946,0.0,0.0,0.831081081081081,0.777027027027027,0.8209459459459459,1.0
volcanoes-e1,rfc-nosuite,0.9155405405405406,0.84,0.0777027027027027,0.0,0.0,0.23986486486486486,0.46621621621621623,0.25675675675675674,1.0
volcanoes-e1,rfc-nosuite,0.9155405405405406,0.97,0.6824324324324325,0.0,0.0,1.0,,0.9256756756756757,1.0
volcanoes-e1,rfc-nosuite,0.9155405405405406,0.84,0.013513513513513514,0.0,0.0,0.28040540540540543,0.34121621621621623,0.3581081081081081,1.0
volcanoes-e1,rfc-nosuite,0.9155405405405406,1.0,1.0,0.0,0.0,1.0,,,1.0
volcanoes-e1,rfc-nosuite,0.9155405405405406,0.93,0.8243243243243243,0.0,0.0,0.8344594594594594,0.6148648648648649,0.8378378378378378,1.0
volcanoes-e1,rfc-nosuite,0.9155405405405406,0.5,1.0,0.0,0.0,0.3547297297297297,0.10135135135135136,0.6959459459459459,1.0
volcanoes-e1,rfc-nosuite,0.9155405405405406,1.0,0.35135135135135137,0.0,0.0,0.0777027027027027,0.7364864864864865,0.8378378378378378,1.0
volcanoes-e1,rfc-nosuite,0.9155405405405406,0.78,0.3108108108108108,0.0,0.0,0.9459459459459459,,0.24662162162162163,1.0
volcanoes-e1,rfc-nosuite,0.9155405405405406,0.96,1.0,0.0,0.0,1.0,0.28378378378378377,,1.0
volcanoes-e1,rfc-nosuite,0.9155405405405406,0.85,0.722972972972973,0.0,0.0,0.8783783783783784,0.19932432432432431,0.8209459459459459,1.0
volcanoes-e1,rfc-nosuite,0.9155405405405406,0.57,0.32094594594594594,0.0,0.0,0.6925675675675675,0.24324324324324326,0.2635135135135135,1.0
volcanoes-e1,rfc-nosuite,0.9155405405405406,0.98,1.0,0.0,0.0,1.0,0.777027027027027,0.8344594594594594,1.0
volcanoes-e1,rfc-nosuite,0.9155405405405406,1.0,0.7195945945945946,0.0,0.0,0.8378378378378378,0.5337837837837838,0.8344594594594594,1.0
volcanoes-e1,rfc-nosuite,0.9155405405405406,0.99,1.0,0.0,0.0,1.0,0.6925675675675675,0.8378378378378378,1.0
volcanoes-e1,rfc-nosuite,0.9155405405405406,0.97,1.0,0.0,0.0,0.2905405405405405,,,1.0
volcanoes-e1,rfc-nosuite,0.9155405405405406,0.5,1.0,0.0,0.0,0.02702702702702703,,0.15202702702702703,1.0
volcanoes-e1,rfc-nosuite,0.9155405405405406,1.0,1.0,0.0,0.0,1.0,0.7128378378378378,,1.0
volcanoes-e1,rfc-nosuite,0.9155405405405406,1.0,1.0,0.0,0.0,1.0,0.7331081081081081,0.8344594594594594,1.0
volcanoes-e1,rfc-nosuite,0.9155405405405406,0.99,0.8648648648648649,0.0,0.0,1.0,,,1.0
volcanoes-e1,rfc-nosuite,0.9155405405405406,0.95,1.0,0.0,0.0,1.0,0.46283783783783783,,1.0
volcanoes-e1,rfc-nosuite,0.9155405405405406,0.97,1.0,0.0,0.0,1.0,0.27702702702702703,0.8378378378378378,1.0
volcanoes-e2,rfc-nosuite,0.9148148148148149,1.0,1.0,0.0,0.0,1.0,,0.8703703703703703,1.0
volcanoes-e2,rfc-nosuite,0.9148148148148149,0.93,0.837037037037037,0.0,0.0,1.0,,,1.0
volcanoes-e2,rfc-nosuite,0.9148148148148149,0.96,1.0,0.0,0.0,1.0,0.8296296296296296,0.8,1.0
volcanoes-e2,rfc-nosuite,0.9148148148148149,0.98,1.0,0.0,0.0,1.0,,0.837037037037037,1.0
volcanoes-e2,rfc-nosuite,0.9148148148148149,1.0,1.0,0.0,0.0,1.0,,0.9481481481481482,1.0
volcanoes-e2,rfc-nosuite,0.9148148148148149,0.95,1.0,0.0,0.0,1.0,,,1.0
volcanoes-e2,rfc-nosuite,0.9148148148148149,0.98,1.0,0.0,0.0,1.0,0.8296296296296296,,1.0
volcanoes-e2,rfc-nosuite,0.9148148148148149,0.97,1.0,0.0,0.0,1.0,,0.8740740740740741,1.0
volcanoes-e2,rfc-nosuite,0.9148148148148149,0.98,0.337037037037037,0.0,0.0,1.0,,,1.0
volcanoes-e2,rfc-nosuite,0.9148148148148149,0.76,0.022222222222222223,0.0,0.0,0.25555555555555554,,0.4888888888888889,1.0
volcanoes-e2,rfc-nosuite,0.9148148148148149,0.96,0.04814814814814815,0.0,0.0,1.0,,,1.0
volcanoes-e2,rfc-nosuite,0.9148148148148149,0.96,1.0,0.0,0.0,1.0,,0.8296296296296296,1.0
volcanoes-e2,rfc-nosuite,0.9148148148148149,0.96,1.0,0.0,0.0,1.0,0.7,0.8296296296296296,1.0
volcanoes-e2,rfc-nosuite,0.9148148148148149,0.91,1.0,0.0,0.0,1.0,,0.8444444444444444,1.0
volcanoes-e2,rfc-nosuite,0.9148148148148149,1.0,1.0,0.0,0.0,1.0,,,1.0
volcanoes-e2,rfc-nosuite,0.9148148148148149,0.98,0.7851851851851852,0.0,0.0,1.0,,,1.0
volcanoes-e2,rfc-nosuite,0.9148148148148149,1.0,1.0,0.0,0.0,1.0,,0.8777777777777778,1.0
volcanoes-e2,rfc-nosuite,0.9148148148148149,0.77,0.9888888888888889,0.0,0.0,0.9925925925925926,,,1.0
volcanoes-e2,rfc-nosuite,0.9148148148148149,0.99,1.0,0.0,0.0,1.0,,0.8703703703703703,1.0
volcanoes-e2,rfc-nosuite,0.9148148148148149,0.97,1.0,0.0,0.0,1.0,,,1.0
volcanoes-e2,rfc-nosuite,0.9148148148148149,0.98,1.0,0.0,0.0,0.6777777777777778,,0.9481481481481482,1.0
volcanoes-e2,rfc-nosuite,0.9148148148148149,0.88,0.7851851851851852,0.0,0.0,0.7962962962962963,,0.9444444444444444,1.0
volcanoes-e2,rfc-nosuite,0.9148148148148149,0.92,0.7814814814814814,0.0,0.0,0.8703703703703703,0.7962962962962963,,1.0
volcanoes-e2,rfc-nosuite,0.9148148148148149,0.36,0.03333333333333333,0.0,0.0,0.5370370370370371,,0.5185185185185185,1.0
volcanoes-e2,rfc-nosuite,0.9148148148148149,1.0,1.0,0.0,0.0,1.0,,0.8740740740740741,1.0
volcanoes-e2,rfc-nosuite,0.9148148148148149,1.0,0.4925925925925926,0.0,0.0,1.0,,,1.0
volcanoes-e2,rfc-nosuite,0.9148148148148149,1.0,1.0,0.0,0.0,1.0,,0.8962962962962963,1.0
volcanoes-e2,rfc-nosuite,0.9148148148148149,1.0,1.0,0.0,0.0,1.0,,0.9,1.0
volcanoes-e2,rfc-nosuite,0.9148148148148149,0.71,0.1037037037037037,0.0,0.0,0.9185185185185185,,0.5185185185185185,1.0
volcanoes-e2,rfc-nosuite,0.9148148148148149,0.97,1.0,0.0,0.0,1.0,,,1.0
volcanoes-e2,rfc-nosuite,0.9148148148148149,0.98,1.0,0.0,0.0,1.0,,0.9703703703703703,1.0
volcanoes-e2,rfc-nosuite,0.9148148148148149,0.96,0.8703703703703703,0.0,0.0,0.8407407407407408,,,1.0
volcanoes-e2,rfc-nosuite,0.9148148148148149,1.0,1.0,0.0,0.0,1.0,,0.9629629629629629,1.0
volcanoes-e2,rfc-nosuite,0.9148148148148149,0.99,1.0,0.0,0.0,1.0,,,1.0
volcanoes-e2,rfc-nosuite,0.9148148148148149,0.98,1.0,0.0,0.0,1.0,,0.837037037037037,1.0
volcanoes-e2,rfc-nosuite,0.9148148148148149,0.96,1.0,0.0,0.0,1.0,,0.8592592592592593,1.0
volcanoes-e2,rfc-nosuite,0.9148148148148149,0.98,1.0,0.0,0.0,1.0,,,1.0
volcanoes-e2,rfc-nosuite,0.9148148148148149,0.98,1.0,0.0,0.0,1.0,,0.8703703703703703,1.0
volcanoes-e2,rfc-nosuite,0.9148148148148149,0.97,0.8703703703703703,0.0,0.0,0.9074074074074074,,,1.0
volcanoes-e2,rfc-nosuite,0.9148148148148149,1.0,1.0,0.0,0.0,1.0,,,1.0
volcanoes-e2,rfc-nosuite,0.9148148148148149,1.0,1.0,0.0,0.0,1.0,,0.9222222222222223,1.0
volcanoes-e2,rfc-nosuite,0.9148148148148149,0.97,0.8148148148148148,0.0,0.0,1.0,,0.8629629629629629,1.0
volcanoes-e2,rfc-nosuite,0.9148148148148149,0.45,0.025925925925925925,0.0,0.0,0.022222222222222223,,0.011111111111111112,1.0
volcanoes-e2,rfc-nosuite,0.9148148148148149,1.0,1.0,0.0,0.0,1.0,,0.8444444444444444,1.0
volcanoes-e2,rfc-nosuite,0.9148148148148149,0.98,1.0,0.0,0.0,1.0,,,1.0
volcanoes-e2,rfc-nosuite,0.9148148148148149,0.83,0.8703703703703703,0.0,0.0,1.0,,0.8703703703703703,1.0
volcanoes-e2,rfc-nosuite,0.9148148148148149,0.54,0.05185185185185185,0.0,0.0,0.003703703703703704,,0.003703703703703704,1.0
volcanoes-e2,rfc-nosuite,0.9148148148148149,0.96,0.6037037037037037,0.0,0.0,0.8777777777777778,,0.8814814814814815,1.0
volcanoes-e2,rfc-nosuite,0.9148148148148149,1.0,1.0,0.0,0.0,1.0,,0.9148148148148149,1.0
volcanoes-e2,rfc-nosuite,0.9148148148148149,0.99,1.0,0.0,0.0,1.0,,,1.0
volcanoes-e3,rfc-nosuite,0.915625,0.99,1.0,0.0,0.0,0.0875,,,1.0
volcanoes-e3,rfc-nosuite,0.915625,0.93,0.553125,0.0,0.0,1.0,,0.903125,1.0
volcanoes-e3,rfc-nosuite,0.915625,0.99,1.0,0.0,0.0,0.840625,,,1.0
volcanoes-e3,rfc-nosuite,0.915625,1.0,1.0,0.0,0.0,1.0,,,1.0
volcanoes-e3,rfc-nosuite,0.915625,0.87,1.0,0.0,0.0,1.0,,,1.0
volcanoes-e3,rfc-nosuite,0.915625,0.83,0.7375,0.0,0.0,1.0,,0.80625,1.0
volcanoes-e3,rfc-nosuite,0.915625,1.0,0.8375,0.0,0.0,0.865625,,0.8625,1.0
volcanoes-e3,rfc-nosuite,0.915625,1.0,1.0,0.0,0.0,0.815625,,,1.0
volcanoes-e3,rfc-nosuite,0.915625,0.95,0.33125,0.0,0.0,0.05625,,,1.0
volcanoes-e3,rfc-nosuite,0.915625,0.57,0.775,0.0,0.0,0.853125,0.4375,0.85625,1.0
volcanoes-e3,rfc-nosuite,0.915625,1.0,1.0,0.0,0.0,0.584375,,0.859375,1.0
volcanoes-e3,rfc-nosuite,0.915625,0.96,0.821875,0.0,0.0,1.0,0.853125,,1.0
volcanoes-e3,rfc-nosuite,0.915625,0.99,0.59375,0.0,0.0,1.0,,,1.0
volcanoes-e3,rfc-nosuite,0.915625,1.0,1.0,0.0,0.0,1.0,0.521875,0.840625,1.0
volcanoes-e3,rfc-nosuite,0.915625,1.0,1.0,0.0,0.0,1.0,,0.865625,1.0
volcanoes-e3,rfc-nosuite,0.915625,0.99,1.0,0.0,0.0,1.0,0.553125,,1.0
volcanoes-e3,rfc-nosuite,0.915625,1.0,1.0,0.0,0.0,1.0,,0.8625,1.0
volcanoes-e3,rfc-nosuite,0.915625,0.81,0.321875,0.0,0.0,0.309375,,0.315625,1.0
volcanoes-e3,rfc-nosuite,0.915625,0.99,0.85625,0.0,0.0,0.859375,,0.859375,1.0
volcanoes-e3,rfc-nosuite,0.915625,1.0,1.0,0.0,0.0,0.0875,,,1.0
volcanoes-e3,rfc-nosuite,0.915625,0.94,0.440625,0.0,0.0,0.4,,0.859375,1.0
volcanoes-e3,rfc-nosuite,0.915625,0.98,1.0,0.0,0.0,1.0,,,1.0
volcanoes-e3,rfc-nosuite,0.915625,1.0,0.590625,0.0,0.0,1.0,,,1.0
volcanoes-e3,rfc-nosuite,0.915625,0.99,1.0,0.0,0.0,1.0,,0.91875,1.0
volcanoes-e3,rfc-nosuite,0.915625,0.94,0.525,0.0,0.0,1.0,,0.96875,1.0
volcanoes-e3,rfc-nosuite,0.915625,1.0,1.0,0.0,0.0,1.0,,,1.0
volcanoes-e3,rfc-nosuite,0.915625,0.99,0.596875,0.0,0.0,0.2125,0.60625,0.84375,1.0
volcanoes-e3,rfc-nosuite,0.915625,0.96,0.840625,0.0,0.0,0.8625,,0.85625,1.0
volcanoes-e3,rfc-nosuite,0.915625,0.99,1.0,0.0,0.0,1.0,,0.86875,1.0
volcanoes-e3,rfc-nosuite,0.915625,0.99,1.0,0.0,0.0,1.0,,0.86875,1.0
volcanoes-e3,rfc-nosuite,0.915625,0.78,0.03125,0.0,0.0,0.271875,,0.26875,1.0
volcanoes-e3,rfc-nosuite,0.915625,0.97,1.0,0.0,0.0,1.0,,,1.0
volcanoes-e3,rfc-nosuite,0.915625,0.99,1.0,0.0,0.0,1.0,,0.859375,1.0
volcanoes-e3,rfc-nosuite,0.915625,0.99,1.0,0.0,0.0,0.534375,0.4,0.8625,1.0
volcanoes-e3,rfc-nosuite,0.915625,0.94,1.0,0.0,0.0,1.0,,,1.0
volcanoes-e3,rfc-nosuite,0.915625,0.82,1.0,0.0,0.0,1.0,,0.840625,1.0
volcanoes-e3,rfc-nosuite,0.915625,1.0,1.0,0.0,0.0,1.0,,0.853125,1.0
volcanoes-e3,rfc-nosuite,0.915625,0.98,0.85625,0.0,0.0,0.840625,,,1.0
volcanoes-e3,rfc-nosuite,0.915625,0.99,1.0,0.0,0.0,1.0,,0.86875,1.0
volcanoes-e3,rfc-nosuite,0.915625,1.0,1.0,0.0,0.0,1.0,,,1.0
volcanoes-e3,rfc-nosuite,0.915625,1.0,1.0,0.0,0.0,0.503125,,,1.0
volcanoes-e3,rfc-nosuite,0.915625,0.66,0.140625,0.0,0.0,0.91875,0.096875,0.53125,1.0
volcanoes-e3,rfc-nosuite,0.915625,1.0,1.0,0.0,0.0,0.7125,,,1.0
volcanoes-e3,rfc-nosuite,0.915625,0.95,1.0,0.0,0.0,1.0,,,1.0
volcanoes-e3,rfc-nosuite,0.915625,1.0,1.0,0.0,0.0,1.0,,,1.0
volcanoes-e3,rfc-nosuite,0.915625,0.95,0.653125,0.0,0.0,1.0,,,1.0
volcanoes-e3,rfc-nosuite,0.915625,0.96,0.840625,0.0,0.0,0.859375,,,1.0
volcanoes-e3,rfc-nosuite,0.915625,1.0,1.0,0.0,0.0,1.0,,,1.0
volcanoes-e3,rfc-nosuite,0.915625,0.98,0.85625,0.0,0.0,1.0,,,1.0
volcanoes-e3,rfc-nosuite,0.915625,0.95,0.653125,0.0,0.0,1.0,,0.953125,1.0
volcanoes-e4,rfc-nosuite,0.939297124600639,1.0,1.0,0.0,0.0,1.0,,,1.0
volcanoes-e4,rfc-nosuite,0.939297124600639,0.96,1.0,0.0,0.0,1.0,,,1.0
volcanoes-e4,rfc-nosuite,0.939297124600639,0.68,0.2939297124600639,0.0,0.0,1.0,,,1.0
volcanoes-e4,rfc-nosuite,0.939297124600639,0.95,1.0,0.0,0.0,1.0,,,1.0
volcanoes-e4,rfc-nosuite,0.939297124600639,0.45,0.10862619808306709,0.0,0.0,0.012779552715654952,0.019169329073482427,0.45686900958466453,1.0
volcanoes-e4,rfc-nosuite,0.939297124600639,0.99,1.0,0.0,0.0,1.0,,,1.0
volcanoes-e4,rfc-nosuite,0.939297124600639,0.75,0.009584664536741214,0.0,0.0,1.0,,0.3003194888178914,1.0
volcanoes-e4,rfc-nosuite,0.939297124600639,0.99,1.0,0.0,0.0,0.7060702875399361,,0.8753993610223643,1.0
volcanoes-e4,rfc-nosuite,0.939297124600639,0.98,1.0,0.0,0.0,1.0,,0.9137380191693291,1.0
volcanoes-e4,rfc-nosuite,0.939297124600639,1.0,1.0,0.0,0.0,1.0,,0.8306709265175719,1.0
volcanoes-e4,rfc-nosuite,0.939297124600639,0.84,0.054313099041533544,0.0,0.0,0.9936102236421726,,,1.0
volcanoes-e4,rfc-nosuite,0.939297124600639,1.0,1.0,0.0,0.0,1.0,,0.9840255591054313,1.0
volcanoes-e4,rfc-nosuite,0.939297124600639,0.96,0.8594249201277955,0.0,0.0,1.0,0.34824281150159747,0.9041533546325878,1.0
volcanoes-e4,rfc-nosuite,0.939297124600639,1.0,1.0,0.0,0.0,1.0,0.9137380191693291,,1.0
volcanoes-e4,rfc-nosuite,0.939297124600639,0.98,1.0,0.0,0.0,0.8753993610223643,0.8753993610223643,0.8594249201277955,1.0
volcanoes-e4,rfc-nosuite,0.939297124600639,0.95,1.0,0.0,0.0,1.0,0.5527156549520766,0.9009584664536742,1.0
volcanoes-e4,rfc-nosuite,0.939297124600639,1.0,1.0,0.0,0.0,1.0,,0.9840255591054313,1.0
volcanoes-e4,rfc-nosuite,0.939297124600639,1.0,1.0,0.0,0.0,1.0,,,1.0
volcanoes-e4,rfc-nosuite,0.939297124600639,0.88,0.8753993610223643,0.0,0.0,0.28753993610223644,,0.9137380191693291,1.0
volcanoes-e4,rfc-nosuite,0.939297124600639,1.0,1.0,0.0,0.0,1.0,,0.8881789137380192,1.0
volcanoes-e4,rfc-nosuite,0.939297124600639,0.68,0.009584664536741214,0.0,0.0,0.003194888178913738,0.006389776357827476,0.003194888178913738,1.0
volcanoes-e4,rfc-nosuite,0.939297124600639,0.99,1.0,0.0,0.0,0.6198083067092651,0.8753993610223643,0.9137380191693291,1.0
volcanoes-e4,rfc-nosuite,0.939297124600639,0.98,1.0,0.0,0.0,0.8753993610223643,,0.8753993610223643,1.0
volcanoes-e4,rfc-nosuite,0.939297124600639,0.97,0.7060702875399361,0.0,0.0,0.5718849840255591,,0.8753993610223643,1.0
volcanoes-e4,rfc-nosuite,0.939297124600639,0.99,1.0,0.0,0.0,0.35782747603833864,,,1.0
volcanoes-e4,rfc-nosuite,0.939297124600639,0.97,1.0,0.0,0.0,1.0,,,1.0
volcanoes-e4,rfc-nosuite,0.939297124600639,0.78,1.0,0.0,0.0,1.0,,,1.0
volcanoes-e4,rfc-nosuite,0.939297124600639,1.0,0.670926517571885,0.0,0.0,0.65814696485623,,,1.0
volcanoes-e4,rfc-nosuite,0.939297124600639,0.98,1.0,0.0,0.0,0.22044728434504793,0.7795527156549521,,1.0
volcanoes-e4,rfc-nosuite,0.939297124600639,0.97,1.0,0.0,0.0,0.36421725239616615,,,1.0
volcanoes-e4,rfc-nosuite,0.939297124600639,0.79,1.0,0.0,0.0,0.6198083067092651,,,1.0
volcanoes-e4,rfc-nosuite,0.939297124600639,0.96,0.8594249201277955,0.0,0.0,0.8753993610223643,0.8977635782747604,,1.0
volcanoes-e4,rfc-nosuite,0.939297124600639,1.0,1.0,0.0,0.0,0.7060702875399361,,0.9137380191693291,1.0
volcanoes-e4,rfc-nosuite,0.939297124600639,1.0,1.0,0.0,0.0,1.0,,,1.0
volcanoes-e4,rfc-nosuite,0.939297124600639,1.0,1.0,0.0,0.0,1.0,,,1.0
volcanoes-e4,rfc-nosuite,0.939297124600639,0.69,0.2939297124600639,0.0,0.0,0.9616613418530351,0.2971246006389776,0.29073482428115016,1.0
volcanoes-e4,rfc-nosuite,0.939297124600639,0.74,0.5175718849840255,0.0,0.0,1.0,,0.3801916932907348,1.0
volcanoes-e4,rfc-nosuite,0.939297124600639,0.99,1.0,0.0,0.0,0.6198083067092651,,,1.0
volcanoes-e4,rfc-nosuite,0.939297124600639,1.0,1.0,0.0,0.0,1.0,,0.9137380191693291,1.0
volcanoes-e4,rfc-nosuite,0.939297124600639,0.98,0.05750798722044728,0.0,0.0,1.0,,0.8019169329073482,1.0
volcanoes-e4,rfc-nosuite,0.939297124600639,1.0,1.0,0.0,0.0,1.0,0.43130990415335463,,1.0
volcanoes-e4,rfc-nosuite,0.939297124600639,1.0,1.0,0.0,0.0,1.0,,,1.0
volcanoes-e4,rfc-nosuite,0.939297124600639,0.96,0.8594249201277955,0.0,0.0,1.0,,,1.0
volcanoes-e4,rfc-nosuite,0.939297124600639,1.0,1.0,0.0,0.0,1.0,,,1.0
volcanoes-e4,rfc-nosuite,0.939297124600639,0.99,1.0,0.0,0.0,0.22044728434504793,,,1.0
volcanoes-e4,rfc-nosuite,0.939297124600639,0.71,0.3865814696485623,0.0,0.0,0.9840255591054313,,0.06389776357827476,1.0
volcanoes-e4,rfc-nosuite,0.939297124600639,0.71,0.670926517571885,0.0,0.0,0.7060702875399361,0.8753993610223643,0.6900958466453674,1.0
volcanoes-e4,rfc-nosuite,0.939297124600639,1.0,1.0,0.0,0.0,0.23961661341853036,,0.8753993610223643,1.0
volcanoes-e4,rfc-nosuite,0.939297124600639,1.0,1.0,0.0,0.0,0.134185303514377,,0.8785942492012779,1.0
volcanoes-e4,rfc-nosuite,0.939297124600639,0.99,0.8594249201277955,0.0,0.0,0.8753993610223643,,0.9584664536741214,1.0
yeast,rfc-nosuite,0.6226415094339622,0.43,0.02425876010781671,0.0,0.0,0.03234501347708895,,0.05121293800539083,1.0
yeast,rfc-nosuite,0.6226415094339622,0.79,0.0215633423180593,0.0,0.0,0.03504043126684636,,0.1725067385444744,1.0
yeast,rfc-nosuite,0.6226415094339622,0.7,0.029649595687331536,0.0,0.0,0.03234501347708895,,0.0862533692722372,1.0
yeast,rfc-nosuite,0.6226415094339622,0.74,0.11590296495956873,0.0,0.0,0.018867924528301886,,0.14555256064690028,1.0
yeast,rfc-nosuite,0.6226415094339622,0.8,0.08086253369272237,0.0,0.0,0.02425876010781671,,0.05390835579514825,1.0
yeast,rfc-nosuite,0.6226415094339622,0.42,0.04582210242587601,0.0,0.0,0.005390835579514825,,0.0026954177897574125,1.0
yeast,rfc-nosuite,0.6226415094339622,0.67,0.0215633423180593,0.0,0.0,0.07008086253369272,,0.09164420485175202,1.0
yeast,rfc-nosuite,0.6226415094339622,0.47,0.026954177897574125,0.0,0.0,0.0026954177897574125,,0.03234501347708895,1.0
yeast,rfc-nosuite,0.6226415094339622,0.57,0.018867924528301886,0.0,0.0,0.02425876010781671,,0.029649595687331536,1.0
yeast,rfc-nosuite,0.6226415094339622,0.72,0.07547169811320754,0.0,0.0,0.05390835579514825,,0.33962264150943394,1.0
yeast,rfc-nosuite,0.6226415094339622,0.86,0.09164420485175202,0.0,0.0,0.01078167115902965,,0.09703504043126684,1.0
yeast,rfc-nosuite,0.6226415094339622,0.86,0.03234501347708895,0.0,0.0,0.0215633423180593,,0.18059299191374664,1.0
yeast,rfc-nosuite,0.6226415094339622,0.59,0.06199460916442048,0.0,0.0,0.03773584905660377,,0.07547169811320754,1.0
yeast,rfc-nosuite,0.6226415094339622,0.55,0.0215633423180593,0.0,0.0,0.005390835579514825,,0.013477088948787063,1.0
yeast,rfc-nosuite,0.6226415094339622,0.72,0.1105121293800539,0.0,0.0,0.0215633423180593,,0.14285714285714285,1.0
yeast,rfc-nosuite,0.6226415094339622,0.48,0.03773584905660377,0.0,0.0,0.005390835579514825,,0.15633423180592992,1.0
yeast,rfc-nosuite,0.6226415094339622,0.56,0.01078167115902965,0.0,0.0,0.06199460916442048,,0.07816711590296496,1.0
yeast,rfc-nosuite,0.6226415094339622,0.73,0.013477088948787063,0.0,0.0,0.01078167115902965,,0.018867924528301886,1.0
yeast,rfc-nosuite,0.6226415094339622,0.6,0.0215633423180593,0.0,0.0,0.03234501347708895,,0.029649595687331536,1.0
yeast,rfc-nosuite,0.6226415094339622,0.64,0.016172506738544475,0.0,0.0,0.05121293800539083,,0.1940700808625337,1.0
yeast,rfc-nosuite,0.6226415094339622,0.77,0.04043126684636118,0.0,0.0,0.01078167115902965,,0.16172506738544473,1.0
yeast,rfc-nosuite,0.6226415094339622,0.74,0.008086253369272238,0.0,0.0,0.01078167115902965,,0.1778975741239892,1.0
yeast,rfc-nosuite,0.6226415094339622,0.9,0.07547169811320754,0.0,0.0,0.05660377358490566,,0.11859838274932614,1.0
yeast,rfc-nosuite,0.6226415094339622,0.42,0.005390835579514825,0.0,0.0,0.029649595687331536,,0.02425876010781671,1.0
yeast,rfc-nosuite,0.6226415094339622,0.54,0.04851752021563342,0.0,0.0,0.05390835579514825,,0.11859838274932614,1.0
yeast,rfc-nosuite,0.6226415094339622,0.4,0.018867924528301886,0.0,0.0,0.018867924528301886,,0.22641509433962265,1.0
yeast,rfc-nosuite,0.6226415094339622,0.52,0.013477088948787063,0.0,0.0,0.07008086253369272,,0.07008086253369272,1.0
yeast,rfc-nosuite,0.6226415094339622,0.51,0.013477088948787063,0.0,0.0,0.0026954177897574125,,0.03504043126684636,1.0
yeast,rfc-nosuite,0.6226415094339622,0.78,0.03504043126684636,0.0,0.0,0.02425876010781671,,0.1725067385444744,1.0
yeast,rfc-nosuite,0.6226415094339622,0.64,0.008086253369272238,0.0,0.0,0.04582210242587601,,0.16172506738544473,1.0
yeast,rfc-nosuite,0.6226415094339622,0.51,0.029649595687331536,0.0,0.0,0.02425876010781671,,0.19137466307277629,1.0
yeast,rfc-nosuite,0.6226415094339622,0.75,0.0431266846361186,0.0,0.0,0.0431266846361186,,0.06199460916442048,1.0
yeast,rfc-nosuite,0.6226415094339622,0.32,0.013477088948787063,0.0,0.0,0.0026954177897574125,,0.03773584905660377,1.0
yeast,rfc-nosuite,0.6226415094339622,0.37,0.02425876010781671,0.0,0.0,0.0215633423180593,,0.03773584905660377,1.0
yeast,rfc-nosuite,0.6226415094339622,0.63,0.05660377358490566,0.0,0.0,0.07816711590296496,,0.1752021563342318,1.0
yeast,rfc-nosuite,0.6226415094339622,0.45,0.05929919137466307,0.0,0.0,0.0889487870619946,,0.08355795148247978,1.0
yeast,rfc-nosuite,0.6226415094339622,0.42,0.0215633423180593,0.0,0.0,0.005390835579514825,,0.008086253369272238,1.0
yeast,rfc-nosuite,0.6226415094339622,0.92,0.029649595687331536,0.0,0.0,0.0215633423180593,,0.14285714285714285,1.0
yeast,rfc-nosuite,0.6226415094339622,0.73,0.029649595687331536,0.0,0.0,0.03773584905660377,,0.25067385444743934,1.0
yeast,rfc-nosuite,0.6226415094339622,0.44,0.03773584905660377,0.0,0.0,0.01078167115902965,,0.22911051212938005,1.0
yeast,rfc-nosuite,0.6226415094339622,0.64,0.0673854447439353,0.0,0.0,0.02425876010781671,,0.12398921832884097,1.0
yeast,rfc-nosuite,0.6226415094339622,0.57,0.07547169811320754,0.0,0.0,0.14555256064690028,,0.15633423180592992,1.0
yeast,rfc-nosuite,0.6226415094339622,0.47,0.013477088948787063,0.0,0.0,0.01078167115902965,,0.25336927223719674,1.0
yeast,rfc-nosuite,0.6226415094339622,0.56,0.008086253369272238,0.0,0.0,0.018867924528301886,,0.013477088948787063,1.0
yeast,rfc-nosuite,0.6226415094339622,0.76,0.05929919137466307,0.0,0.0,0.016172506738544475,,0.20215633423180593,1.0
yeast,rfc-nosuite,0.6226415094339622,0.55,0.40161725067385445,0.0,0.0,0.0215633423180593,,0.11859838274932614,1.0
yeast,rfc-nosuite,0.6226415094339622,0.41,0.07547169811320754,0.0,0.0,0.029649595687331536,,0.14824797843665768,1.0
yeast,rfc-nosuite,0.6226415094339622,0.55,0.01078167115902965,0.0,0.0,0.1078167115902965,,0.09433962264150944,1.0
yeast,rfc-nosuite,0.6226415094339622,0.79,0.07277628032345014,0.0,0.0,0.029649595687331536,,0.0889487870619946,1.0
yeast,rfc-nosuite,0.6226415094339622,0.85,0.14285714285714285,0.0,0.0,0.03234501347708895,,0.12398921832884097,1.0
rmftsa,rfc-nosuite,0.48828125,0.3562142857142858,0.42578125,0.0,0.0,0.38671875,0.4453125,0.0546875,1.0
rmftsa,rfc-nosuite,0.48828125,0.4576666666666667,0.21875,0.0,0.0,0.08984375,0.234375,0.20703125,1.0
rmftsa,rfc-nosuite,0.48828125,0.6425,0.50390625,0.0,0.0,0.09765625,0.13671875,0.02734375,1.0
rmftsa,rfc-nosuite,0.48828125,0.8478333333333333,0.47265625,0.0,0.0,0.42578125,0.046875,0.05859375,1.0
rmftsa,rfc-nosuite,0.48828125,0.614280303030303,0.7109375,0.0,0.0,0.28125,0.18359375,0.47265625,1.0
rmftsa,rfc-nosuite,0.48828125,0.8540349927849925,0.18359375,0.0,0.0,0.2421875,0.375,0.3671875,1.0
rmftsa,rfc-nosuite,0.48828125,0.2751865079365079,0.6875,0.0,0.0,0.1171875,0.01953125,0.1171875,1.0
rmftsa,rfc-nosuite,0.48828125,0.8464378399378396,0.26953125,0.0,0.0,0.26953125,0.26171875,0.26953125,1.0
rmftsa,rfc-nosuite,0.48828125,0.8261904761904763,0.03125,0.0,0.0,0.05078125,0.21484375,0.01953125,1.0
rmftsa,rfc-nosuite,0.48828125,0.5813382173382172,0.453125,0.0,0.0,0.26953125,0.1640625,0.26953125,1.0
rmftsa,rfc-nosuite,0.48828125,1.0,0.61328125,0.0,0.0,0.3671875,0.125,0.48046875,1.0
rmftsa,rfc-nosuite,0.48828125,0.59075,0.21484375,0.0,0.0,0.49609375,0.2265625,0.21484375,1.0
rmftsa,rfc-nosuite,0.48828125,0.861,0.08984375,0.0,0.0,0.03125,0.22265625,0.03125,1.0
rmftsa,rfc-nosuite,0.48828125,0.6853333333333335,0.3203125,0.0,0.0,0.140625,0.28515625,0.12890625,1.0
rmftsa,rfc-nosuite,0.48828125,0.6778594852859559,0.453125,0.0,0.0,0.15234375,0.23046875,0.49609375,1.0
rmftsa,rfc-nosuite,0.48828125,0.39428571428571435,0.015625,0.0,0.0,0.015625,0.12890625,0.10546875,1.0
rmftsa,rfc-nosuite,0.48828125,0.4970714285714286,0.10546875,0.0,0.0,0.0703125,0.0859375,0.2265625,1.0
rmftsa,rfc-nosuite,0.48828125,0.5813382173382172,0.453125,0.0,0.0,0.26953125,0.21484375,0.4375,1.0
rmftsa,rfc-nosuite,0.48828125,0.58,0.06640625,0.0,0.0,0.10546875,0.17578125,0.0390625,1.0
rmftsa,rfc-nosuite,0.48828125,0.9611111111111111,0.7109375,0.0,0.0,0.3203125,0.33984375,0.5859375,1.0
rmftsa,rfc-nosuite,0.48828125,0.6005757575757573,0.42578125,0.0,0.0,0.0390625,0.40625,0.1640625,1.0
rmftsa,rfc-nosuite,0.48828125,0.3537380952380953,0.04296875,0.0,0.0,0.27734375,0.16796875,0.1015625,1.0
rmftsa,rfc-nosuite,0.48828125,0.6685,0.171875,0.0,0.0,0.64453125,0.16796875,0.0546875,1.0
rmftsa,rfc-nosuite,0.48828125,0.6693243284493282,0.75390625,0.0,0.0,0.3828125,0.52734375,0.39453125,1.0
rmftsa,rfc-nosuite,0.48828125,0.7121666666666667,0.28125,0.0,0.0,0.52734375,0.28515625,0.3515625,1.0
rmftsa,rfc-nosuite,0.48828125,0.82,0.0703125,0.0,0.0,0.50390625,0.27734375,0.01171875,1.0
rmftsa,rfc-nosuite,0.48828125,0.429,0.0390625,0.0,0.0,0.00390625,0.37109375,0.265625,1.0
rmftsa,rfc-nosuite,0.48828125,0.52,0.09765625,0.0,0.0,0.62109375,0.03515625,0.34765625,1.0
rmftsa,rfc-nosuite,0.48828125,0.42683730158730154,0.1015625,0.0,0.0,0.7890625,0.453125,0.12109375,1.0
rmftsa,rfc-nosuite,0.48828125,0.6702857142857143,0.89453125,0.0,0.0,0.203125,0.171875,0.1171875,1.0
rmftsa,rfc-nosuite,0.48828125,0.6414067321567322,0.0859375,0.0,0.0,0.15625,0.37109375,0.22265625,1.0
rmftsa,rfc-nosuite,0.48828125,0.3321428571428571,0.015625,0.0,0.0,0.015625,0.22265625,0.22265625,1.0
rmftsa,rfc-nosuite,0.48828125,0.6853333333333335,0.3203125,0.0,0.0,0.140625,0.08203125,0.12890625,1.0
rmftsa,rfc-nosuite,0.48828125,0.5189999999999999,0.21875,0.0,0.0,0.171875,0.125,0.08984375,1.0
rmftsa,rfc-nosuite,0.48828125,0.8230952380952381,0.24609375,0.0,0.0,0.27734375,0.546875,0.078125,1.0
rmftsa,rfc-nosuite,0.48828125,0.5,0.078125,0.0,0.0,0.03125,0.39453125,0.0078125,1.0
rmftsa,rfc-nosuite,0.48828125,0.514142857142857,0.61328125,0.0,0.0,0.5234375,0.43359375,0.578125,1.0
rmftsa,rfc-nosuite,0.48828125,1.0,0.28125,0.0,0.0,0.015625,0.046875,0.0390625,1.0
rmftsa,rfc-nosuite,0.48828125,0.5757976190476191,0.3046875,0.0,0.0,0.5546875,0.1328125,0.18359375,1.0
rmftsa,rfc-nosuite,0.48828125,0.88,0.04296875,0.0,0.0,0.22265625,0.11328125,0.03125,1.0
rmftsa,rfc-nosuite,0.48828125,0.5973333333333334,0.1171875,0.0,0.0,0.15625,0.23046875,0.12890625,1.0
rmftsa,rfc-nosuite,0.48828125,0.4328333333333333,0.06640625,0.0,0.0,0.16796875,0.28515625,0.01953125,1.0
rmftsa,rfc-nosuite,0.48828125,0.74,0.08203125,0.0,0.0,0.0546875,0.28125,0.2421875,1.0
rmftsa,rfc-nosuite,0.48828125,0.74,0.578125,0.0,0.0,0.4296875,0.234375,0.0859375,1.0
rmftsa,rfc-nosuite,0.48828125,0.89,0.28125,0.0,0.0,0.015625,0.015625,0.38671875,1.0
rmftsa,rfc-nosuite,0.48828125,0.5813382173382172,0.453125,0.0,0.0,0.26953125,0.390625,0.2421875,1.0
rmftsa,rfc-nosuite,0.48828125,0.74,0.08203125,0.0,0.0,0.0546875,0.28125,0.265625,1.0
rmftsa,rfc-nosuite,0.48828125,0.72,0.078125,0.0,0.0,0.05859375,0.05859375,0.05859375,1.0
rmftsa,rfc-nosuite,0.48828125,0.86,0.046875,0.0,0.0,0.0390625,0.046875,0.0390625,1.0
rmftsa,rfc-nosuite,0.48828125,0.6383095238095238,0.96484375,0.0,0.0,0.16796875,0.06640625,0.12109375,1.0
banknote-authentication,rfc-nosuite,0.9941690962099126,0.99,1.0,0.0,0.0,0.20699708454810495,0.6647230320699709,0.31486880466472306,1.0
banknote-authentication,rfc-nosuite,0.9941690962099126,1.0,1.0,0.0,0.0,0.358600583090379,0.33819241982507287,0.36151603498542273,1.0
banknote-authentication,rfc-nosuite,0.9941690962099126,0.97,1.0,0.0,0.0,0.2565597667638484,0.7084548104956269,0.23323615160349853,1.0
banknote-authentication,rfc-nosuite,0.9941690962099126,0.95,0.4897959183673469,0.0,0.0,0.17784256559766765,0.239067055393586,0.24198250728862974,1.0
banknote-authentication,rfc-nosuite,0.9941690962099126,1.0,0.8104956268221575,0.0,0.0,0.3935860058309038,0.21574344023323616,0.34110787172011664,1.0
banknote-authentication,rfc-nosuite,0.9941690962099126,1.0,0.2594752186588921,0.0,0.0,0.30029154518950435,0.07580174927113703,0.30612244897959184,1.0
banknote-authentication,rfc-nosuite,0.9941690962099126,0.99,0.6967930029154519,0.0,0.0,0.25072886297376096,0.30612244897959184,0.2915451895043732,1.0
banknote-authentication,rfc-nosuite,0.9941690962099126,1.0,1.0,0.0,0.0,0.358600583090379,0.37900874635568516,0.2565597667638484,1.0
banknote-authentication,rfc-nosuite,0.9941690962099126,1.0,0.6676384839650146,0.0,0.0,0.4227405247813411,0.09912536443148688,0.3819241982507289,1.0
banknote-authentication,rfc-nosuite,0.9941690962099126,1.0,1.0,0.0,0.0,0.30903790087463556,0.22157434402332363,0.3323615160349854,1.0
banknote-authentication,rfc-nosuite,0.9941690962099126,0.94,0.7084548104956269,0.0,0.0,0.09912536443148688,0.026239067055393587,0.10495626822157435,1.0
banknote-authentication,rfc-nosuite,0.9941690962099126,1.0,1.0,0.0,0.0,0.4897959183673469,0.08746355685131195,0.42857142857142855,1.0
banknote-authentication,rfc-nosuite,0.9941690962099126,1.0,1.0,0.0,0.0,0.16034985422740525,0.2886297376093295,0.446064139941691,1.0
banknote-authentication,rfc-nosuite,0.9941690962099126,1.0,1.0,0.0,0.0,0.119533527696793,0.6618075801749271,0.2915451895043732,1.0
banknote-authentication,rfc-nosuite,0.9941690962099126,1.0,1.0,0.0,0.0,0.16326530612244897,0.0728862973760933,0.30612244897959184,1.0
banknote-authentication,rfc-nosuite,0.9941690962099126,1.0,0.3323615160349854,0.0,0.0,0.14868804664723032,0.061224489795918366,0.24489795918367346,1.0
banknote-authentication,rfc-nosuite,0.9941690962099126,0.99,0.3323615160349854,0.0,0.0,0.15160349854227406,0.061224489795918366,0.18075801749271136,1.0
banknote-authentication,rfc-nosuite,0.9941690962099126,0.98,0.6676384839650146,0.0,0.0,0.21282798833819241,0.3673469387755102,0.15451895043731778,1.0
banknote-authentication,rfc-nosuite,0.9941690962099126,0.99,1.0,0.0,0.0,0.33819241982507287,0.33819241982507287,0.30612244897959184,1.0
banknote-authentication,rfc-nosuite,0.9941690962099126,1.0,1.0,0.0,0.0,0.3848396501457726,0.03206997084548105,0.23323615160349853,1.0
banknote-authentication,rfc-nosuite,0.9941690962099126,1.0,0.8688046647230321,0.0,0.0,0.30612244897959184,0.0641399416909621,0.3032069970845481,1.0
banknote-authentication,rfc-nosuite,0.9941690962099126,0.97,0.20699708454810495,0.0,0.0,0.18075801749271136,0.2099125364431487,0.18658892128279883,1.0
banknote-authentication,rfc-nosuite,0.9941690962099126,1.0,1.0,0.0,0.0,0.33819241982507287,0.30903790087463556,0.3032069970845481,1.0
banknote-authentication,rfc-nosuite,0.9941690962099126,1.0,1.0,0.0,0.0,0.34402332361516036,0.26822157434402333,0.37026239067055394,1.0
banknote-authentication,rfc-nosuite,0.9941690962099126,0.89,0.6618075801749271,0.0,0.0,0.037900874635568516,0.029154518950437316,0.01749271137026239,1.0
banknote-authentication,rfc-nosuite,0.9941690962099126,1.0,1.0,0.0,0.0,0.33819241982507287,0.3498542274052478,0.24198250728862974,1.0
banknote-authentication,rfc-nosuite,0.9941690962099126,1.0,1.0,0.0,0.0,0.13119533527696792,0.11370262390670553,0.30903790087463556,1.0
banknote-authentication,rfc-nosuite,0.9941690962099126,1.0,1.0,0.0,0.0,0.31486880466472306,0.27113702623906705,0.4839650145772595,1.0
banknote-authentication,rfc-nosuite,0.9941690962099126,0.94,0.33819241982507287,0.0,0.0,0.33819241982507287,0.30612244897959184,0.33819241982507287,1.0
banknote-authentication,rfc-nosuite,0.9941690962099126,0.99,1.0,0.0,0.0,0.16326530612244897,0.16326530612244897,0.2857142857142857,1.0
banknote-authentication,rfc-nosuite,0.9941690962099126,0.99,1.0,0.0,0.0,0.20699708454810495,0.5189504373177842,0.2944606413994169,1.0
banknote-authentication,rfc-nosuite,0.9941690962099126,1.0,1.0,0.0,0.0,0.24198250728862974,0.5393586005830904,0.3206997084548105,1.0
banknote-authentication,rfc-nosuite,0.9941690962099126,0.94,0.3032069970845481,0.0,0.0,0.04081632653061224,0.03206997084548105,0.09037900874635568,1.0
banknote-authentication,rfc-nosuite,0.9941690962099126,1.0,1.0,0.0,0.0,0.30903790087463556,0.21865889212827988,0.5043731778425656,1.0
banknote-authentication,rfc-nosuite,0.9941690962099126,0.97,0.42857142857142855,0.0,0.0,0.16326530612244897,0.40233236151603496,0.25072886297376096,1.0
banknote-authentication,rfc-nosuite,0.9941690962099126,1.0,1.0,0.0,0.0,0.30903790087463556,0.21865889212827988,0.5685131195335277,1.0
banknote-authentication,rfc-nosuite,0.9941690962099126,1.0,1.0,0.0,0.0,0.2886297376093295,0.30612244897959184,0.4227405247813411,1.0
banknote-authentication,rfc-nosuite,0.9941690962099126,1.0,1.0,0.0,0.0,0.5043731778425656,0.2303206997084548,0.36151603498542273,1.0
banknote-authentication,rfc-nosuite,0.9941690962099126,0.98,1.0,0.0,0.0,0.15451895043731778,0.6618075801749271,0.40233236151603496,1.0
banknote-authentication,rfc-nosuite,0.9941690962099126,1.0,1.0,0.0,0.0,0.30903790087463556,0.11078717201166181,0.43731778425655976,1.0
banknote-authentication,rfc-nosuite,0.9941690962099126,0.99,1.0,0.0,0.0,0.36151603498542273,0.282798833819242,0.4868804664723032,1.0
banknote-authentication,rfc-nosuite,0.9941690962099126,1.0,0.30029154518950435,0.0,0.0,0.30612244897959184,0.30029154518950435,0.30612244897959184,1.0
banknote-authentication,rfc-nosuite,0.9941690962099126,0.85,0.6618075801749271,0.0,0.0,0.037900874635568516,0.11370262390670553,0.04664723032069971,1.0
banknote-authentication,rfc-nosuite,0.9941690962099126,0.99,0.2478134110787172,0.0,0.0,0.09912536443148688,0.03206997084548105,0.052478134110787174,1.0
banknote-authentication,rfc-nosuite,0.9941690962099126,1.0,1.0,0.0,0.0,0.30029154518950435,0.08454810495626822,0.239067055393586,1.0
banknote-authentication,rfc-nosuite,0.9941690962099126,1.0,0.6676384839650146,0.0,0.0,0.6618075801749271,0.2565597667638484,0.30612244897959184,1.0
banknote-authentication,rfc-nosuite,0.9941690962099126,1.0,1.0,0.0,0.0,0.2944606413994169,0.22157434402332363,0.3965014577259475,1.0
banknote-authentication,rfc-nosuite,0.9941690962099126,0.99,0.5043731778425656,0.0,0.0,0.1282798833819242,0.3965014577259475,0.23323615160349853,1.0
banknote-authentication,rfc-nosuite,0.9941690962099126,0.99,1.0,0.0,0.0,0.21574344023323616,0.26239067055393583,0.3469387755102041,1.0
banknote-authentication,rfc-nosuite,0.9941690962099126,0.94,0.01749271137026239,0.0,0.0,0.061224489795918366,0.011661807580174927,0.04956268221574344,1.0
volcanoes-a2,rfc-nosuite,0.9310344827586207,1.0,0.37438423645320196,0.0,0.0,0.312807881773399,0.5640394088669951,0.9014778325123153,1.0
volcanoes-a2,rfc-nosuite,0.9310344827586207,0.96,0.30295566502463056,0.0,0.0,0.034482758620689655,0.16009852216748768,,1.0
volcanoes-a2,rfc-nosuite,0.9310344827586207,1.0,1.0,0.0,0.0,1.0,0.5320197044334976,0.9211822660098522,1.0
volcanoes-a2,rfc-nosuite,0.9310344827586207,0.97,1.0,0.0,0.0,0.6551724137931034,0.8423645320197044,,1.0
volcanoes-a2,rfc-nosuite,0.9310344827586207,0.74,0.8423645320197044,0.0,0.0,0.9950738916256158,0.9137931034482759,,1.0
volcanoes-a2,rfc-nosuite,0.9310344827586207,1.0,1.0,0.0,0.0,1.0,0.9137931034482759,,1.0
volcanoes-a2,rfc-nosuite,0.9310344827586207,0.92,1.0,0.0,0.0,0.6551724137931034,0.8620689655172413,0.9334975369458128,1.0
volcanoes-a2,rfc-nosuite,0.9310344827586207,0.99,1.0,0.0,0.0,0.229064039408867,0.9137931034482759,,1.0
volcanoes-a2,rfc-nosuite,0.9310344827586207,1.0,1.0,0.0,0.0,0.5,0.7660098522167488,0.9532019704433498,1.0
volcanoes-a2,rfc-nosuite,0.9310344827586207,0.99,1.0,0.0,0.0,0.8423645320197044,0.8866995073891626,,1.0
volcanoes-a2,rfc-nosuite,0.9310344827586207,0.63,0.0049261083743842365,0.0,0.0,0.23891625615763548,0.46551724137931033,0.23891625615763548,1.0
volcanoes-a2,rfc-nosuite,0.9310344827586207,1.0,1.0,0.0,0.0,0.34236453201970446,0.8423645320197044,,1.0
volcanoes-a2,rfc-nosuite,0.9310344827586207,0.71,0.4482758620689655,0.0,0.0,0.2438423645320197,0.9137931034482759,0.21428571428571427,1.0
volcanoes-a2,rfc-nosuite,0.9310344827586207,0.72,0.9137931034482759,0.0,0.0,0.9261083743842364,0.5467980295566502,0.9334975369458128,1.0
volcanoes-a2,rfc-nosuite,0.9310344827586207,0.92,1.0,0.0,0.0,0.7955665024630542,0.854679802955665,,1.0
volcanoes-a2,rfc-nosuite,0.9310344827586207,1.0,1.0,0.0,0.0,0.4064039408866995,0.8620689655172413,0.916256157635468,1.0
volcanoes-a2,rfc-nosuite,0.9310344827586207,0.99,1.0,0.0,0.0,0.26108374384236455,0.9088669950738916,0.9679802955665024,1.0
volcanoes-a2,rfc-nosuite,0.9310344827586207,0.92,1.0,0.0,0.0,0.9137931034482759,0.916256157635468,0.9310344827586207,1.0
volcanoes-a2,rfc-nosuite,0.9310344827586207,1.0,1.0,0.0,0.0,0.7536945812807881,0.8793103448275862,0.9507389162561576,1.0
volcanoes-a2,rfc-nosuite,0.9310344827586207,1.0,1.0,0.0,0.0,1.0,0.8620689655172413,,1.0
volcanoes-a2,rfc-nosuite,0.9310344827586207,0.96,1.0,0.0,0.0,0.034482758620689655,0.8448275862068966,0.9408866995073891,1.0
volcanoes-a2,rfc-nosuite,0.9310344827586207,0.95,1.0,0.0,0.0,1.0,0.9137931034482759,0.9556650246305419,1.0
volcanoes-a2,rfc-nosuite,0.9310344827586207,0.98,1.0,0.0,0.0,0.8201970443349754,0.8325123152709359,,1.0
volcanoes-a2,rfc-nosuite,0.9310344827586207,1.0,0.7512315270935961,0.0,0.0,0.6551724137931034,0.43349753694581283,,1.0
volcanoes-a2,rfc-nosuite,0.9310344827586207,0.99,1.0,0.0,0.0,0.034482758620689655,0.8300492610837439,0.9482758620689655,1.0
volcanoes-a2,rfc-nosuite,0.9310344827586207,1.0,1.0,0.0,0.0,1.0,0.8325123152709359,0.9236453201970444,1.0
volcanoes-a2,rfc-nosuite,0.9310344827586207,1.0,1.0,0.0,0.0,0.41625615763546797,0.35960591133004927,,1.0
volcanoes-a2,rfc-nosuite,0.9310344827586207,0.96,1.0,0.0,0.0,1.0,0.9088669950738916,0.9285714285714286,1.0
volcanoes-a2,rfc-nosuite,0.9310344827586207,0.96,1.0,0.0,0.0,0.8349753694581281,0.7536945812807881,,1.0
volcanoes-a2,rfc-nosuite,0.9310344827586207,1.0,1.0,0.0,0.0,0.8842364532019704,0.9137931034482759,0.9704433497536946,1.0
volcanoes-a2,rfc-nosuite,0.9310344827586207,1.0,1.0,0.0,0.0,1.0,0.9137931034482759,0.9532019704433498,1.0
volcanoes-a2,rfc-nosuite,0.9310344827586207,1.0,1.0,0.0,0.0,0.7955665024630542,0.7216748768472906,0.9532019704433498,1.0
volcanoes-a2,rfc-nosuite,0.9310344827586207,0.99,1.0,0.0,0.0,1.0,0.7266009852216748,,1.0
volcanoes-a2,rfc-nosuite,0.9310344827586207,1.0,1.0,0.0,0.0,0.8251231527093597,0.8448275862068966,0.9433497536945813,1.0
volcanoes-a2,rfc-nosuite,0.9310344827586207,0.99,1.0,0.0,0.0,0.14532019704433496,0.9014778325123153,0.9532019704433498,1.0
volcanoes-a2,rfc-nosuite,0.9310344827586207,1.0,1.0,0.0,0.0,0.6551724137931034,0.5369458128078818,,1.0
volcanoes-a2,rfc-nosuite,0.9310344827586207,0.98,1.0,0.0,0.0,1.0,0.874384236453202,0.9458128078817734,1.0
volcanoes-a2,rfc-nosuite,0.9310344827586207,0.43,0.024630541871921183,0.0,0.0,0.014778325123152709,0.034482758620689655,0.009852216748768473,1.0
volcanoes-a2,rfc-nosuite,0.9310344827586207,1.0,1.0,0.0,0.0,1.0,0.8448275862068966,0.9458128078817734,1.0
volcanoes-a2,rfc-nosuite,0.9310344827586207,0.82,0.8793103448275862,0.0,0.0,0.8940886699507389,0.9137931034482759,0.8916256157635468,1.0
volcanoes-a2,rfc-nosuite,0.9310344827586207,1.0,1.0,0.0,0.0,0.8423645320197044,0.7684729064039408,0.8940886699507389,1.0
volcanoes-a2,rfc-nosuite,0.9310344827586207,0.97,1.0,0.0,0.0,0.7536945812807881,0.5517241379310345,,1.0
volcanoes-a2,rfc-nosuite,0.9310344827586207,0.97,1.0,0.0,0.0,1.0,0.854679802955665,0.9334975369458128,1.0
volcanoes-a2,rfc-nosuite,0.9310344827586207,0.98,1.0,0.0,0.0,0.4187192118226601,0.7586206896551724,0.9408866995073891,1.0
volcanoes-a2,rfc-nosuite,0.9310344827586207,1.0,1.0,0.0,0.0,1.0,0.37192118226600984,0.9655172413793104,1.0
volcanoes-a2,rfc-nosuite,0.9310344827586207,0.86,0.024630541871921183,0.0,0.0,0.9704433497536946,0.007389162561576354,0.2684729064039409,1.0
volcanoes-a2,rfc-nosuite,0.9310344827586207,1.0,1.0,0.0,0.0,0.229064039408867,0.874384236453202,,1.0
volcanoes-a2,rfc-nosuite,0.9310344827586207,0.96,0.9334975369458128,0.0,0.0,1.0,0.9064039408866995,,1.0
volcanoes-a2,rfc-nosuite,0.9310344827586207,1.0,1.0,0.0,0.0,0.8349753694581281,0.7660098522167488,0.9532019704433498,1.0
volcanoes-a2,rfc-nosuite,0.9310344827586207,0.99,1.0,0.0,0.0,1.0,0.8497536945812808,0.9408866995073891,1.0
volcanoes-a3,rfc-nosuite,0.89501312335958,0.42,0.023622047244094488,0.0,0.0,0.926509186351706,0.8398950131233596,0.8188976377952756,1.0
volcanoes-a3,rfc-nosuite,0.89501312335958,1.0,1.0,0.0,0.0,1.0,0.8661417322834646,,1.0
volcanoes-a3,rfc-nosuite,0.89501312335958,0.35,0.049868766404199474,0.0,0.0,0.49081364829396323,0.49343832020997375,0.015748031496062992,1.0
volcanoes-a3,rfc-nosuite,0.89501312335958,1.0,1.0,0.0,0.0,1.0,0.8871391076115486,0.926509186351706,1.0
volcanoes-a3,rfc-nosuite,0.89501312335958,1.0,1.0,0.0,0.0,0.30183727034120733,0.868766404199475,,1.0
volcanoes-a3,rfc-nosuite,0.89501312335958,0.99,1.0,0.0,0.0,1.0,0.5879265091863517,,1.0
volcanoes-a3,rfc-nosuite,0.89501312335958,1.0,1.0,0.0,0.0,0.6194225721784777,0.8241469816272966,,1.0
volcanoes-a3,rfc-nosuite,0.89501312335958,0.99,1.0,0.0,0.0,1.0,0.7952755905511811,0.9291338582677166,1.0
volcanoes-a3,rfc-nosuite,0.89501312335958,0.95,1.0,0.0,0.0,1.0,0.8241469816272966,0.9238845144356955,1.0
volcanoes-a3,rfc-nosuite,0.89501312335958,1.0,1.0,0.0,0.0,1.0,0.847769028871391,,1.0
volcanoes-a3,rfc-nosuite,0.89501312335958,1.0,1.0,0.0,0.0,0.5905511811023622,0.8057742782152231,0.9343832020997376,1.0
volcanoes-a3,rfc-nosuite,0.89501312335958,0.95,0.8871391076115486,0.0,0.0,0.905511811023622,0.9002624671916011,0.9212598425196851,1.0
volcanoes-a3,rfc-nosuite,0.89501312335958,0.7,1.0,0.0,0.0,1.0,0.7427821522309711,0.8871391076115486,1.0
volcanoes-a3,rfc-nosuite,0.89501312335958,0.59,0.031496062992125984,0.0,0.0,0.7375328083989501,0.06561679790026247,0.6929133858267716,1.0
volcanoes-a3,rfc-nosuite,0.89501312335958,0.9,0.8871391076115486,0.0,0.0,0.9002624671916011,0.8871391076115486,,1.0
volcanoes-a3,rfc-nosuite,0.89501312335958,0.99,1.0,0.0,0.0,0.9291338582677166,0.8923884514435696,0.9002624671916011,1.0
volcanoes-a3,rfc-nosuite,0.89501312335958,0.99,0.7795275590551181,0.0,0.0,0.8241469816272966,0.8582677165354331,0.9422572178477691,1.0
volcanoes-a3,rfc-nosuite,0.89501312335958,1.0,1.0,0.0,0.0,1.0,0.7979002624671916,0.8976377952755905,1.0
volcanoes-a3,rfc-nosuite,0.89501312335958,0.98,1.0,0.0,0.0,1.0,0.8057742782152231,0.926509186351706,1.0
volcanoes-a3,rfc-nosuite,0.89501312335958,0.85,0.7952755905511811,0.0,0.0,1.0,0.5196850393700787,0.9422572178477691,1.0
volcanoes-a3,rfc-nosuite,0.89501312335958,1.0,1.0,0.0,0.0,1.0,0.8031496062992126,,1.0
volcanoes-a3,rfc-nosuite,0.89501312335958,0.91,0.8871391076115486,0.0,0.0,0.8871391076115486,0.8871391076115486,0.868766404199475,1.0
volcanoes-a3,rfc-nosuite,0.89501312335958,1.0,1.0,0.0,0.0,0.926509186351706,0.8713910761154856,0.910761154855643,1.0
volcanoes-a3,rfc-nosuite,0.89501312335958,0.79,0.926509186351706,0.0,0.0,0.9291338582677166,0.7007874015748031,0.6404199475065617,1.0
volcanoes-a3,rfc-nosuite,0.89501312335958,0.95,1.0,0.0,0.0,1.0,0.8398950131233596,,1.0
volcanoes-a3,rfc-nosuite,0.89501312335958,0.97,1.0,0.0,0.0,1.0,0.8871391076115486,0.9422572178477691,1.0
volcanoes-a3,rfc-nosuite,0.89501312335958,0.49,0.05774278215223097,0.0,0.0,0.9291338582677166,0.9028871391076115,,1.0
volcanoes-a3,rfc-nosuite,0.89501312335958,0.98,1.0,0.0,0.0,1.0,0.7795275590551181,0.9291338582677166,1.0
volcanoes-a3,rfc-nosuite,0.89501312335958,1.0,1.0,0.0,0.0,0.6272965879265092,0.8057742782152231,,1.0
volcanoes-a3,rfc-nosuite,0.89501312335958,0.98,1.0,0.0,0.0,1.0,0.9002624671916011,0.9343832020997376,1.0
volcanoes-a3,rfc-nosuite,0.89501312335958,0.99,1.0,0.0,0.0,0.30183727034120733,0.8320209973753281,0.9186351706036745,1.0
volcanoes-a3,rfc-nosuite,0.89501312335958,1.0,1.0,0.0,0.0,1.0,0.7690288713910761,0.9606299212598425,1.0
volcanoes-a3,rfc-nosuite,0.89501312335958,0.72,0.926509186351706,0.0,0.0,0.9291338582677166,0.800524934383202,0.4199475065616798,1.0
volcanoes-a3,rfc-nosuite,0.89501312335958,0.97,1.0,0.0,0.0,0.8871391076115486,0.8451443569553806,0.8713910761154856,1.0
volcanoes-a3,rfc-nosuite,0.89501312335958,1.0,1.0,0.0,0.0,0.30183727034120733,0.8241469816272966,0.9343832020997376,1.0
volcanoes-a3,rfc-nosuite,0.89501312335958,0.89,0.5958005249343832,0.0,0.0,0.9291338582677166,0.8976377952755905,,1.0
volcanoes-a3,rfc-nosuite,0.89501312335958,0.98,0.49343832020997375,0.0,0.0,1.0,0.847769028871391,0.8766404199475065,1.0
volcanoes-a3,rfc-nosuite,0.89501312335958,0.98,1.0,0.0,0.0,0.3333333333333333,0.863517060367454,0.931758530183727,1.0
volcanoes-a3,rfc-nosuite,0.89501312335958,0.94,0.8871391076115486,0.0,0.0,0.05511811023622047,0.9081364829396326,,1.0
volcanoes-a3,rfc-nosuite,0.89501312335958,0.97,1.0,0.0,0.0,0.931758530183727,0.8057742782152231,0.9291338582677166,1.0
volcanoes-a3,rfc-nosuite,0.89501312335958,0.99,1.0,0.0,0.0,1.0,0.7979002624671916,0.9396325459317585,1.0
volcanoes-a3,rfc-nosuite,0.89501312335958,0.41,0.010498687664041995,0.0,0.0,0.007874015748031496,0.05249343832020997,0.0026246719160104987,1.0
volcanoes-a3,rfc-nosuite,0.89501312335958,0.98,1.0,0.0,0.0,1.0,0.8608923884514436,0.9396325459317585,1.0
volcanoes-a3,rfc-nosuite,0.89501312335958,1.0,1.0,0.0,0.0,0.7795275590551181,0.7191601049868767,0.926509186351706,1.0
volcanoes-a3,rfc-nosuite,0.89501312335958,0.96,1.0,0.0,0.0,0.9291338582677166,0.3464566929133858,0.9186351706036745,1.0
volcanoes-a3,rfc-nosuite,0.89501312335958,1.0,1.0,0.0,0.0,1.0,0.7900262467191601,0.9606299212598425,1.0
volcanoes-a3,rfc-nosuite,0.89501312335958,0.93,1.0,0.0,0.0,1.0,0.8871391076115486,,1.0
volcanoes-a3,rfc-nosuite,0.89501312335958,1.0,1.0,0.0,0.0,0.7952755905511811,0.5958005249343832,,1.0
volcanoes-a3,rfc-nosuite,0.89501312335958,0.99,1.0,0.0,0.0,1.0,0.821522309711286,,1.0
volcanoes-a3,rfc-nosuite,0.89501312335958,1.0,1.0,0.0,0.0,1.0,0.8451443569553806,0.8871391076115486,1.0
volcanoes-a4,rfc-nosuite,0.8944591029023746,1.0,1.0,0.0,0.0,1.0,0.7889182058047494,,1.0
volcanoes-a4,rfc-nosuite,0.8944591029023746,1.0,1.0,0.0,0.0,0.16094986807387862,0.8153034300791556,,1.0
volcanoes-a4,rfc-nosuite,0.8944591029023746,0.62,0.07387862796833773,0.0,0.0,0.021108179419525065,0.07651715039577836,0.05804749340369393,1.0
volcanoes-a4,rfc-nosuite,0.8944591029023746,0.99,1.0,0.0,0.0,1.0,0.8786279683377308,0.8865435356200527,1.0
volcanoes-a4,rfc-nosuite,0.8944591029023746,0.99,1.0,0.0,0.0,1.0,0.8786279683377308,,1.0
volcanoes-a4,rfc-nosuite,0.8944591029023746,0.59,0.029023746701846966,0.0,0.0,0.316622691292876,0.06596306068601583,0.22691292875989447,1.0
volcanoes-a4,rfc-nosuite,0.8944591029023746,0.97,1.0,0.0,0.0,1.0,0.8047493403693932,0.8786279683377308,1.0
volcanoes-a4,rfc-nosuite,0.8944591029023746,0.88,0.8918205804749341,0.0,0.0,0.9050131926121372,0.525065963060686,0.8918205804749341,1.0
volcanoes-a4,rfc-nosuite,0.8944591029023746,0.92,1.0,0.0,0.0,1.0,0.841688654353562,0.9050131926121372,1.0
volcanoes-a4,rfc-nosuite,0.8944591029023746,1.0,1.0,0.0,0.0,1.0,0.8786279683377308,0.9234828496042217,1.0
volcanoes-a4,rfc-nosuite,0.8944591029023746,1.0,1.0,0.0,0.0,1.0,0.8786279683377308,0.8918205804749341,1.0
volcanoes-a4,rfc-nosuite,0.8944591029023746,0.98,1.0,0.0,0.0,0.6517150395778364,0.5672823218997362,0.9234828496042217,1.0
volcanoes-a4,rfc-nosuite,0.8944591029023746,0.99,1.0,0.0,0.0,1.0,,0.8707124010554089,1.0
volcanoes-a4,rfc-nosuite,0.8944591029023746,1.0,1.0,0.0,0.0,1.0,0.7889182058047494,0.9498680738786279,1.0
volcanoes-a4,rfc-nosuite,0.8944591029023746,1.0,1.0,0.0,0.0,0.08443271767810026,0.8284960422163589,,1.0
volcanoes-a4,rfc-nosuite,0.8944591029023746,1.0,1.0,0.0,0.0,0.29815303430079154,0.8153034300791556,0.9340369393139841,1.0
volcanoes-a4,rfc-nosuite,0.8944591029023746,1.0,1.0,0.0,0.0,1.0,0.841688654353562,0.8918205804749341,1.0
volcanoes-a4,rfc-nosuite,0.8944591029023746,1.0,1.0,0.0,0.0,0.8311345646437994,0.7519788918205804,0.9313984168865436,1.0
volcanoes-a4,rfc-nosuite,0.8944591029023746,1.0,1.0,0.0,0.0,1.0,0.8918205804749341,0.9023746701846965,1.0
volcanoes-a4,rfc-nosuite,0.8944591029023746,1.0,1.0,0.0,0.0,1.0,0.8707124010554089,0.8839050131926122,1.0
volcanoes-a4,rfc-nosuite,0.8944591029023746,0.99,1.0,0.0,0.0,1.0,0.8786279683377308,0.9287598944591029,1.0
volcanoes-a4,rfc-nosuite,0.8944591029023746,0.44,0.0395778364116095,0.0,0.0,0.018469656992084433,0.002638522427440633,0.002638522427440633,1.0
volcanoes-a4,rfc-nosuite,0.8944591029023746,1.0,1.0,0.0,0.0,1.0,0.8601583113456465,0.9102902374670184,1.0
volcanoes-a4,rfc-nosuite,0.8944591029023746,1.0,1.0,0.0,0.0,1.0,0.7651715039577837,,1.0
volcanoes-a4,rfc-nosuite,0.8944591029023746,0.85,0.8759894459102903,0.0,0.0,0.8786279683377308,0.6253298153034301,0.8918205804749341,1.0
volcanoes-a4,rfc-nosuite,0.8944591029023746,1.0,1.0,0.0,0.0,0.6517150395778364,0.8786279683377308,0.9182058047493403,1.0
volcanoes-a4,rfc-nosuite,0.8944591029023746,1.0,1.0,0.0,0.0,1.0,0.8786279683377308,0.9023746701846965,1.0
volcanoes-a4,rfc-nosuite,0.8944591029023746,0.31,0.052770448548812667,0.0,0.0,0.018469656992084433,0.07387862796833773,0.029023746701846966,1.0
volcanoes-a4,rfc-nosuite,0.8944591029023746,0.98,1.0,0.0,0.0,1.0,0.8443271767810027,0.9393139841688655,1.0
volcanoes-a4,rfc-nosuite,0.8944591029023746,0.83,1.0,0.0,0.0,1.0,0.8153034300791556,,1.0
volcanoes-a4,rfc-nosuite,0.8944591029023746,0.65,1.0,0.0,0.0,0.055408970976253295,0.8918205804749341,,1.0
volcanoes-a4,rfc-nosuite,0.8944591029023746,0.99,1.0,0.0,0.0,1.0,0.899736147757256,0.9287598944591029,1.0
volcanoes-a4,rfc-nosuite,0.8944591029023746,0.82,0.7361477572559367,0.0,0.0,0.8918205804749341,0.2955145118733509,,1.0
volcanoes-a4,rfc-nosuite,0.8944591029023746,0.99,0.8258575197889182,0.0,0.0,0.5277044854881267,0.5567282321899736,,1.0
volcanoes-a4,rfc-nosuite,0.8944591029023746,0.39,0.0316622691292876,0.0,0.0,0.055408970976253295,0.0395778364116095,0.03430079155672823,1.0
volcanoes-a4,rfc-nosuite,0.8944591029023746,0.84,0.055408970976253295,0.0,0.0,1.0,0.45382585751978893,,1.0
volcanoes-a4,rfc-nosuite,0.8944591029023746,0.81,1.0,0.0,0.0,1.0,0.6860158311345647,0.8786279683377308,1.0
volcanoes-a4,rfc-nosuite,0.8944591029023746,1.0,1.0,0.0,0.0,1.0,0.8021108179419525,,1.0
volcanoes-a4,rfc-nosuite,0.8944591029023746,0.96,1.0,0.0,0.0,0.40105540897097625,0.8522427440633246,0.8970976253298153,1.0
volcanoes-a4,rfc-nosuite,0.8944591029023746,0.49,0.018469656992084433,0.0,0.0,0.005277044854881266,0.0079155672823219,0.0079155672823219,1.0
volcanoes-a4,rfc-nosuite,0.8944591029023746,1.0,1.0,0.0,0.0,1.0,0.8153034300791556,0.8786279683377308,1.0
volcanoes-a4,rfc-nosuite,0.8944591029023746,0.91,0.8786279683377308,0.0,0.0,0.9182058047493403,0.5013192612137203,0.941952506596306,1.0
volcanoes-a4,rfc-nosuite,0.8944591029023746,0.97,0.7678100263852242,0.0,0.0,1.0,0.8707124010554089,0.8786279683377308,1.0
volcanoes-a4,rfc-nosuite,0.8944591029023746,0.98,1.0,0.0,0.0,1.0,0.8522427440633246,0.9023746701846965,1.0
volcanoes-a4,rfc-nosuite,0.8944591029023746,0.96,1.0,0.0,0.0,1.0,0.8337730870712401,0.9102902374670184,1.0
volcanoes-a4,rfc-nosuite,0.8944591029023746,1.0,1.0,0.0,0.0,0.1345646437994723,0.8707124010554089,,1.0
volcanoes-a4,rfc-nosuite,0.8944591029023746,0.93,0.3720316622691293,0.0,0.0,1.0,0.8496042216358839,0.9261213720316622,1.0
volcanoes-a4,rfc-nosuite,0.8944591029023746,0.94,0.3720316622691293,0.0,0.0,1.0,0.8364116094986808,,1.0
volcanoes-a4,rfc-nosuite,0.8944591029023746,0.84,1.0,0.0,0.0,1.0,0.8601583113456465,0.9287598944591029,1.0
volcanoes-a4,rfc-nosuite,0.8944591029023746,1.0,1.0,0.0,0.0,0.6860158311345647,0.8073878627968337,0.9340369393139841,1.0
volcanoes-e1,rfc-nosuite,0.9155405405405406,1.0,1.0,0.0,0.0,1.0,0.831081081081081,,1.0
volcanoes-e1,rfc-nosuite,0.9155405405405406,0.97,1.0,0.0,0.0,1.0,,0.8378378378378378,1.0
volcanoes-e1,rfc-nosuite,0.9155405405405406,1.0,1.0,0.0,0.0,1.0,,0.6959459459459459,1.0
volcanoes-e1,rfc-nosuite,0.9155405405405406,1.0,1.0,0.0,0.0,1.0,0.8209459459459459,0.9459459459459459,1.0
volcanoes-e1,rfc-nosuite,0.9155405405405406,1.0,1.0,0.0,0.0,1.0,0.6891891891891891,,1.0
volcanoes-e1,rfc-nosuite,0.9155405405405406,0.76,0.05067567567567568,0.0,0.0,0.17905405405405406,0.17905405405405406,0.17905405405405406,1.0
volcanoes-e1,rfc-nosuite,0.9155405405405406,1.0,1.0,0.0,0.0,1.0,,,1.0
volcanoes-e1,rfc-nosuite,0.9155405405405406,0.99,1.0,0.0,0.0,1.0,,0.8378378378378378,1.0
volcanoes-e1,rfc-nosuite,0.9155405405405406,1.0,1.0,0.0,0.0,1.0,,,1.0
volcanoes-e1,rfc-nosuite,0.9155405405405406,0.86,0.7905405405405406,0.0,0.0,0.8277027027027027,0.8175675675675675,,1.0
volcanoes-e1,rfc-nosuite,0.9155405405405406,1.0,1.0,0.0,0.0,0.11824324324324324,0.75,,1.0
volcanoes-e1,rfc-nosuite,0.9155405405405406,0.89,1.0,0.0,0.0,0.8141891891891891,,0.8108108108108109,1.0
volcanoes-e1,rfc-nosuite,0.9155405405405406,0.85,1.0,0.0,0.0,1.0,,,1.0
volcanoes-e1,rfc-nosuite,0.9155405405405406,0.56,0.04391891891891892,0.0,0.0,0.14527027027027026,0.13175675675675674,0.20945945945945946,1.0
volcanoes-e1,rfc-nosuite,0.9155405405405406,0.94,0.40540540540540543,0.0,0.0,0.07432432432432433,0.4864864864864865,,1.0
volcanoes-e1,rfc-nosuite,0.9155405405405406,0.98,1.0,0.0,0.0,0.8378378378378378,,,1.0
volcanoes-e1,rfc-nosuite,0.9155405405405406,0.92,1.0,0.0,0.0,0.09797297297297297,0.7905405405405406,0.8716216216216216,1.0
volcanoes-e1,rfc-nosuite,0.9155405405405406,1.0,1.0,0.0,0.0,1.0,,,1.0
volcanoes-e1,rfc-nosuite,0.9155405405405406,0.97,0.33783783783783783,0.0,0.0,1.0,0.668918918918919,0.9493243243243243,1.0
volcanoes-e1,rfc-nosuite,0.9155405405405406,0.9,0.16554054054054054,0.0,0.0,0.9425675675675675,0.16554054054054054,,1.0
volcanoes-e1,rfc-nosuite,0.9155405405405406,0.99,1.0,0.0,0.0,1.0,0.8175675675675675,0.8378378378378378,1.0
volcanoes-e1,rfc-nosuite,0.9155405405405406,1.0,1.0,0.0,0.0,1.0,0.8006756756756757,,1.0
volcanoes-e1,rfc-nosuite,0.9155405405405406,0.95,0.3547297297297297,0.0,0.0,0.8209459459459459,0.30067567567567566,0.8277027027027027,1.0
volcanoes-e1,rfc-nosuite,0.9155405405405406,0.74,0.12837837837837837,0.0,0.0,0.11824324324324324,0.28040540540540543,0.43243243243243246,1.0
volcanoes-e1,rfc-nosuite,0.9155405405405406,0.59,0.8851351351351351,0.0,0.0,1.0,,0.13175675675675674,1.0
volcanoes-e1,rfc-nosuite,0.9155405405405406,0.98,1.0,0.0,0.0,1.0,0.21621621621621623,,1.0
volcanoes-e1,rfc-nosuite,0.9155405405405406,0.98,1.0,0.0,0.0,1.0,0.777027027027027,,1.0
volcanoes-e1,rfc-nosuite,0.9155405405405406,1.0,1.0,0.0,0.0,0.44932432432432434,0.8108108108108109,,1.0
volcanoes-e1,rfc-nosuite,0.9155405405405406,1.0,0.7195945945945946,0.0,0.0,0.831081081081081,0.777027027027027,0.8209459459459459,1.0
volcanoes-e1,rfc-nosuite,0.9155405405405406,0.84,0.0777027027027027,0.0,0.0,0.23986486486486486,0.46621621621621623,0.25675675675675674,1.0
volcanoes-e1,rfc-nosuite,0.9155405405405406,0.97,0.6824324324324325,0.0,0.0,1.0,,0.9256756756756757,1.0
volcanoes-e1,rfc-nosuite,0.9155405405405406,0.84,0.013513513513513514,0.0,0.0,0.28040540540540543,0.34121621621621623,0.3581081081081081,1.0
volcanoes-e1,rfc-nosuite,0.9155405405405406,1.0,1.0,0.0,0.0,1.0,,,1.0
volcanoes-e1,rfc-nosuite,0.9155405405405406,0.93,0.8243243243243243,0.0,0.0,0.8344594594594594,0.6148648648648649,0.8378378378378378,1.0
volcanoes-e1,rfc-nosuite,0.9155405405405406,0.5,1.0,0.0,0.0,0.3547297297297297,0.10135135135135136,0.6959459459459459,1.0
volcanoes-e1,rfc-nosuite,0.9155405405405406,1.0,0.35135135135135137,0.0,0.0,0.0777027027027027,0.7364864864864865,0.8378378378378378,1.0
volcanoes-e1,rfc-nosuite,0.9155405405405406,0.78,0.3108108108108108,0.0,0.0,0.9459459459459459,,0.24662162162162163,1.0
volcanoes-e1,rfc-nosuite,0.9155405405405406,0.96,1.0,0.0,0.0,1.0,0.28378378378378377,,1.0
volcanoes-e1,rfc-nosuite,0.9155405405405406,0.85,0.722972972972973,0.0,0.0,0.8783783783783784,0.19932432432432431,0.8209459459459459,1.0
volcanoes-e1,rfc-nosuite,0.9155405405405406,0.57,0.32094594594594594,0.0,0.0,0.6925675675675675,0.24324324324324326,0.2635135135135135,1.0
volcanoes-e1,rfc-nosuite,0.9155405405405406,0.98,1.0,0.0,0.0,1.0,0.777027027027027,0.8344594594594594,1.0
volcanoes-e1,rfc-nosuite,0.9155405405405406,1.0,0.7195945945945946,0.0,0.0,0.8378378378378378,0.5337837837837838,0.8344594594594594,1.0
volcanoes-e1,rfc-nosuite,0.9155405405405406,0.99,1.0,0.0,0.0,1.0,0.6925675675675675,0.8378378378378378,1.0
volcanoes-e1,rfc-nosuite,0.9155405405405406,0.97,1.0,0.0,0.0,0.2905405405405405,,,1.0
volcanoes-e1,rfc-nosuite,0.9155405405405406,0.5,1.0,0.0,0.0,0.02702702702702703,,0.15202702702702703,1.0
volcanoes-e1,rfc-nosuite,0.9155405405405406,1.0,1.0,0.0,0.0,1.0,0.7128378378378378,,1.0
volcanoes-e1,rfc-nosuite,0.9155405405405406,1.0,1.0,0.0,0.0,1.0,0.7331081081081081,0.8344594594594594,1.0
volcanoes-e1,rfc-nosuite,0.9155405405405406,0.99,0.8648648648648649,0.0,0.0,1.0,,,1.0
volcanoes-e1,rfc-nosuite,0.9155405405405406,0.95,1.0,0.0,0.0,1.0,0.46283783783783783,,1.0
volcanoes-e1,rfc-nosuite,0.9155405405405406,0.97,1.0,0.0,0.0,1.0,0.27702702702702703,0.8378378378378378,1.0
volcanoes-e2,rfc-nosuite,0.9148148148148149,1.0,1.0,0.0,0.0,1.0,,0.8703703703703703,1.0
volcanoes-e2,rfc-nosuite,0.9148148148148149,0.93,0.837037037037037,0.0,0.0,1.0,,,1.0
volcanoes-e2,rfc-nosuite,0.9148148148148149,0.96,1.0,0.0,0.0,1.0,0.8296296296296296,0.8,1.0
volcanoes-e2,rfc-nosuite,0.9148148148148149,0.98,1.0,0.0,0.0,1.0,,0.837037037037037,1.0
volcanoes-e2,rfc-nosuite,0.9148148148148149,1.0,1.0,0.0,0.0,1.0,,0.9481481481481482,1.0
volcanoes-e2,rfc-nosuite,0.9148148148148149,0.95,1.0,0.0,0.0,1.0,,,1.0
volcanoes-e2,rfc-nosuite,0.9148148148148149,0.98,1.0,0.0,0.0,1.0,0.8296296296296296,,1.0
volcanoes-e2,rfc-nosuite,0.9148148148148149,0.97,1.0,0.0,0.0,1.0,,0.8740740740740741,1.0
volcanoes-e2,rfc-nosuite,0.9148148148148149,0.98,0.337037037037037,0.0,0.0,1.0,,,1.0
volcanoes-e2,rfc-nosuite,0.9148148148148149,0.76,0.022222222222222223,0.0,0.0,0.25555555555555554,,0.4888888888888889,1.0
volcanoes-e2,rfc-nosuite,0.9148148148148149,0.96,0.04814814814814815,0.0,0.0,1.0,,,1.0
volcanoes-e2,rfc-nosuite,0.9148148148148149,0.96,1.0,0.0,0.0,1.0,,0.8296296296296296,1.0
volcanoes-e2,rfc-nosuite,0.9148148148148149,0.96,1.0,0.0,0.0,1.0,0.7,0.8296296296296296,1.0
volcanoes-e2,rfc-nosuite,0.9148148148148149,0.91,1.0,0.0,0.0,1.0,,0.8444444444444444,1.0
volcanoes-e2,rfc-nosuite,0.9148148148148149,1.0,1.0,0.0,0.0,1.0,,,1.0
volcanoes-e2,rfc-nosuite,0.9148148148148149,0.98,0.7851851851851852,0.0,0.0,1.0,,,1.0
volcanoes-e2,rfc-nosuite,0.9148148148148149,1.0,1.0,0.0,0.0,1.0,,0.8777777777777778,1.0
volcanoes-e2,rfc-nosuite,0.9148148148148149,0.77,0.9888888888888889,0.0,0.0,0.9925925925925926,,,1.0
volcanoes-e2,rfc-nosuite,0.9148148148148149,0.99,1.0,0.0,0.0,1.0,,0.8703703703703703,1.0
volcanoes-e2,rfc-nosuite,0.9148148148148149,0.97,1.0,0.0,0.0,1.0,,,1.0
volcanoes-e2,rfc-nosuite,0.9148148148148149,0.98,1.0,0.0,0.0,0.6777777777777778,,0.9481481481481482,1.0
volcanoes-e2,rfc-nosuite,0.9148148148148149,0.88,0.7851851851851852,0.0,0.0,0.7962962962962963,,0.9444444444444444,1.0
volcanoes-e2,rfc-nosuite,0.9148148148148149,0.92,0.7814814814814814,0.0,0.0,0.8703703703703703,0.7962962962962963,,1.0
volcanoes-e2,rfc-nosuite,0.9148148148148149,0.36,0.03333333333333333,0.0,0.0,0.5370370370370371,,0.5185185185185185,1.0
volcanoes-e2,rfc-nosuite,0.9148148148148149,1.0,1.0,0.0,0.0,1.0,,0.8740740740740741,1.0
volcanoes-e2,rfc-nosuite,0.9148148148148149,1.0,0.4925925925925926,0.0,0.0,1.0,,,1.0
volcanoes-e2,rfc-nosuite,0.9148148148148149,1.0,1.0,0.0,0.0,1.0,,0.8962962962962963,1.0
volcanoes-e2,rfc-nosuite,0.9148148148148149,1.0,1.0,0.0,0.0,1.0,,0.9,1.0
volcanoes-e2,rfc-nosuite,0.9148148148148149,0.71,0.1037037037037037,0.0,0.0,0.9185185185185185,,0.5185185185185185,1.0
volcanoes-e2,rfc-nosuite,0.9148148148148149,0.97,1.0,0.0,0.0,1.0,,,1.0
volcanoes-e2,rfc-nosuite,0.9148148148148149,0.98,1.0,0.0,0.0,1.0,,0.9703703703703703,1.0
volcanoes-e2,rfc-nosuite,0.9148148148148149,0.96,0.8703703703703703,0.0,0.0,0.8407407407407408,,,1.0
volcanoes-e2,rfc-nosuite,0.9148148148148149,1.0,1.0,0.0,0.0,1.0,,0.9629629629629629,1.0
volcanoes-e2,rfc-nosuite,0.9148148148148149,0.99,1.0,0.0,0.0,1.0,,,1.0
volcanoes-e2,rfc-nosuite,0.9148148148148149,0.98,1.0,0.0,0.0,1.0,,0.837037037037037,1.0
volcanoes-e2,rfc-nosuite,0.9148148148148149,0.96,1.0,0.0,0.0,1.0,,0.8592592592592593,1.0
volcanoes-e2,rfc-nosuite,0.9148148148148149,0.98,1.0,0.0,0.0,1.0,,,1.0
volcanoes-e2,rfc-nosuite,0.9148148148148149,0.98,1.0,0.0,0.0,1.0,,0.8703703703703703,1.0
volcanoes-e2,rfc-nosuite,0.9148148148148149,0.97,0.8703703703703703,0.0,0.0,0.9074074074074074,,,1.0
volcanoes-e2,rfc-nosuite,0.9148148148148149,1.0,1.0,0.0,0.0,1.0,,,1.0
volcanoes-e2,rfc-nosuite,0.9148148148148149,1.0,1.0,0.0,0.0,1.0,,0.9222222222222223,1.0
volcanoes-e2,rfc-nosuite,0.9148148148148149,0.97,0.8148148148148148,0.0,0.0,1.0,,0.8629629629629629,1.0
volcanoes-e2,rfc-nosuite,0.9148148148148149,0.45,0.025925925925925925,0.0,0.0,0.022222222222222223,,0.011111111111111112,1.0
volcanoes-e2,rfc-nosuite,0.9148148148148149,1.0,1.0,0.0,0.0,1.0,,0.8444444444444444,1.0
volcanoes-e2,rfc-nosuite,0.9148148148148149,0.98,1.0,0.0,0.0,1.0,,,1.0
volcanoes-e2,rfc-nosuite,0.9148148148148149,0.83,0.8703703703703703,0.0,0.0,1.0,,0.8703703703703703,1.0
volcanoes-e2,rfc-nosuite,0.9148148148148149,0.54,0.05185185185185185,0.0,0.0,0.003703703703703704,,0.003703703703703704,1.0
volcanoes-e2,rfc-nosuite,0.9148148148148149,0.96,0.6037037037037037,0.0,0.0,0.8777777777777778,,0.8814814814814815,1.0
volcanoes-e2,rfc-nosuite,0.9148148148148149,1.0,1.0,0.0,0.0,1.0,,0.9148148148148149,1.0
volcanoes-e2,rfc-nosuite,0.9148148148148149,0.99,1.0,0.0,0.0,1.0,,,1.0
volcanoes-e3,rfc-nosuite,0.915625,0.99,1.0,0.0,0.0,0.0875,,,1.0
volcanoes-e3,rfc-nosuite,0.915625,0.93,0.553125,0.0,0.0,1.0,,0.903125,1.0
volcanoes-e3,rfc-nosuite,0.915625,0.99,1.0,0.0,0.0,0.840625,,,1.0
volcanoes-e3,rfc-nosuite,0.915625,1.0,1.0,0.0,0.0,1.0,,,1.0
volcanoes-e3,rfc-nosuite,0.915625,0.87,1.0,0.0,0.0,1.0,,,1.0
volcanoes-e3,rfc-nosuite,0.915625,0.83,0.7375,0.0,0.0,1.0,,0.80625,1.0
volcanoes-e3,rfc-nosuite,0.915625,1.0,0.8375,0.0,0.0,0.865625,,0.8625,1.0
volcanoes-e3,rfc-nosuite,0.915625,1.0,1.0,0.0,0.0,0.815625,,,1.0
volcanoes-e3,rfc-nosuite,0.915625,0.95,0.33125,0.0,0.0,0.05625,,,1.0
volcanoes-e3,rfc-nosuite,0.915625,0.57,0.775,0.0,0.0,0.853125,0.4375,0.85625,1.0
volcanoes-e3,rfc-nosuite,0.915625,1.0,1.0,0.0,0.0,0.584375,,0.859375,1.0
volcanoes-e3,rfc-nosuite,0.915625,0.96,0.821875,0.0,0.0,1.0,0.853125,,1.0
volcanoes-e3,rfc-nosuite,0.915625,0.99,0.59375,0.0,0.0,1.0,,,1.0
volcanoes-e3,rfc-nosuite,0.915625,1.0,1.0,0.0,0.0,1.0,0.521875,0.840625,1.0
volcanoes-e3,rfc-nosuite,0.915625,1.0,1.0,0.0,0.0,1.0,,0.865625,1.0
volcanoes-e3,rfc-nosuite,0.915625,0.99,1.0,0.0,0.0,1.0,0.553125,,1.0
volcanoes-e3,rfc-nosuite,0.915625,1.0,1.0,0.0,0.0,1.0,,0.8625,1.0
volcanoes-e3,rfc-nosuite,0.915625,0.81,0.321875,0.0,0.0,0.309375,,0.315625,1.0
volcanoes-e3,rfc-nosuite,0.915625,0.99,0.85625,0.0,0.0,0.859375,,0.859375,1.0
volcanoes-e3,rfc-nosuite,0.915625,1.0,1.0,0.0,0.0,0.0875,,,1.0
volcanoes-e3,rfc-nosuite,0.915625,0.94,0.440625,0.0,0.0,0.4,,0.859375,1.0
volcanoes-e3,rfc-nosuite,0.915625,0.98,1.0,0.0,0.0,1.0,,,1.0
volcanoes-e3,rfc-nosuite,0.915625,1.0,0.590625,0.0,0.0,1.0,,,1.0
volcanoes-e3,rfc-nosuite,0.915625,0.99,1.0,0.0,0.0,1.0,,0.91875,1.0
volcanoes-e3,rfc-nosuite,0.915625,0.94,0.525,0.0,0.0,1.0,,0.96875,1.0
volcanoes-e3,rfc-nosuite,0.915625,1.0,1.0,0.0,0.0,1.0,,,1.0
volcanoes-e3,rfc-nosuite,0.915625,0.99,0.596875,0.0,0.0,0.2125,0.60625,0.84375,1.0
volcanoes-e3,rfc-nosuite,0.915625,0.96,0.840625,0.0,0.0,0.8625,,0.85625,1.0
volcanoes-e3,rfc-nosuite,0.915625,0.99,1.0,0.0,0.0,1.0,,0.86875,1.0
volcanoes-e3,rfc-nosuite,0.915625,0.99,1.0,0.0,0.0,1.0,,0.86875,1.0
volcanoes-e3,rfc-nosuite,0.915625,0.78,0.03125,0.0,0.0,0.271875,,0.26875,1.0
volcanoes-e3,rfc-nosuite,0.915625,0.97,1.0,0.0,0.0,1.0,,,1.0
volcanoes-e3,rfc-nosuite,0.915625,0.99,1.0,0.0,0.0,1.0,,0.859375,1.0
volcanoes-e3,rfc-nosuite,0.915625,0.99,1.0,0.0,0.0,0.534375,0.4,0.8625,1.0
volcanoes-e3,rfc-nosuite,0.915625,0.94,1.0,0.0,0.0,1.0,,,1.0
volcanoes-e3,rfc-nosuite,0.915625,0.82,1.0,0.0,0.0,1.0,,0.840625,1.0
volcanoes-e3,rfc-nosuite,0.915625,1.0,1.0,0.0,0.0,1.0,,0.853125,1.0
volcanoes-e3,rfc-nosuite,0.915625,0.98,0.85625,0.0,0.0,0.840625,,,1.0
volcanoes-e3,rfc-nosuite,0.915625,0.99,1.0,0.0,0.0,1.0,,0.86875,1.0
volcanoes-e3,rfc-nosuite,0.915625,1.0,1.0,0.0,0.0,1.0,,,1.0
volcanoes-e3,rfc-nosuite,0.915625,1.0,1.0,0.0,0.0,0.503125,,,1.0
volcanoes-e3,rfc-nosuite,0.915625,0.66,0.140625,0.0,0.0,0.91875,0.096875,0.53125,1.0
volcanoes-e3,rfc-nosuite,0.915625,1.0,1.0,0.0,0.0,0.7125,,,1.0
volcanoes-e3,rfc-nosuite,0.915625,0.95,1.0,0.0,0.0,1.0,,,1.0
volcanoes-e3,rfc-nosuite,0.915625,1.0,1.0,0.0,0.0,1.0,,,1.0
volcanoes-e3,rfc-nosuite,0.915625,0.95,0.653125,0.0,0.0,1.0,,,1.0
volcanoes-e3,rfc-nosuite,0.915625,0.96,0.840625,0.0,0.0,0.859375,,,1.0
volcanoes-e3,rfc-nosuite,0.915625,1.0,1.0,0.0,0.0,1.0,,,1.0
volcanoes-e3,rfc-nosuite,0.915625,0.98,0.85625,0.0,0.0,1.0,,,1.0
volcanoes-e3,rfc-nosuite,0.915625,0.95,0.653125,0.0,0.0,1.0,,0.953125,1.0
volcanoes-e4,rfc-nosuite,0.939297124600639,1.0,1.0,0.0,0.0,1.0,,,1.0
volcanoes-e4,rfc-nosuite,0.939297124600639,0.96,1.0,0.0,0.0,1.0,,,1.0
volcanoes-e4,rfc-nosuite,0.939297124600639,0.68,0.2939297124600639,0.0,0.0,1.0,,,1.0
volcanoes-e4,rfc-nosuite,0.939297124600639,0.95,1.0,0.0,0.0,1.0,,,1.0
volcanoes-e4,rfc-nosuite,0.939297124600639,0.45,0.10862619808306709,0.0,0.0,0.012779552715654952,0.019169329073482427,0.45686900958466453,1.0
volcanoes-e4,rfc-nosuite,0.939297124600639,0.99,1.0,0.0,0.0,1.0,,,1.0
volcanoes-e4,rfc-nosuite,0.939297124600639,0.75,0.009584664536741214,0.0,0.0,1.0,,0.3003194888178914,1.0
volcanoes-e4,rfc-nosuite,0.939297124600639,0.99,1.0,0.0,0.0,0.7060702875399361,,0.8753993610223643,1.0
volcanoes-e4,rfc-nosuite,0.939297124600639,0.98,1.0,0.0,0.0,1.0,,0.9137380191693291,1.0
volcanoes-e4,rfc-nosuite,0.939297124600639,1.0,1.0,0.0,0.0,1.0,,0.8306709265175719,1.0
volcanoes-e4,rfc-nosuite,0.939297124600639,0.84,0.054313099041533544,0.0,0.0,0.9936102236421726,,,1.0
volcanoes-e4,rfc-nosuite,0.939297124600639,1.0,1.0,0.0,0.0,1.0,,0.9840255591054313,1.0
volcanoes-e4,rfc-nosuite,0.939297124600639,0.96,0.8594249201277955,0.0,0.0,1.0,0.34824281150159747,0.9041533546325878,1.0
volcanoes-e4,rfc-nosuite,0.939297124600639,1.0,1.0,0.0,0.0,1.0,0.9137380191693291,,1.0
volcanoes-e4,rfc-nosuite,0.939297124600639,0.98,1.0,0.0,0.0,0.8753993610223643,0.8753993610223643,0.8594249201277955,1.0
volcanoes-e4,rfc-nosuite,0.939297124600639,0.95,1.0,0.0,0.0,1.0,0.5527156549520766,0.9009584664536742,1.0
volcanoes-e4,rfc-nosuite,0.939297124600639,1.0,1.0,0.0,0.0,1.0,,0.9840255591054313,1.0
volcanoes-e4,rfc-nosuite,0.939297124600639,1.0,1.0,0.0,0.0,1.0,,,1.0
volcanoes-e4,rfc-nosuite,0.939297124600639,0.88,0.8753993610223643,0.0,0.0,0.28753993610223644,,0.9137380191693291,1.0
volcanoes-e4,rfc-nosuite,0.939297124600639,1.0,1.0,0.0,0.0,1.0,,0.8881789137380192,1.0
volcanoes-e4,rfc-nosuite,0.939297124600639,0.68,0.009584664536741214,0.0,0.0,0.003194888178913738,0.006389776357827476,0.003194888178913738,1.0
volcanoes-e4,rfc-nosuite,0.939297124600639,0.99,1.0,0.0,0.0,0.6198083067092651,0.8753993610223643,0.9137380191693291,1.0
volcanoes-e4,rfc-nosuite,0.939297124600639,0.98,1.0,0.0,0.0,0.8753993610223643,,0.8753993610223643,1.0
volcanoes-e4,rfc-nosuite,0.939297124600639,0.97,0.7060702875399361,0.0,0.0,0.5718849840255591,,0.8753993610223643,1.0
volcanoes-e4,rfc-nosuite,0.939297124600639,0.99,1.0,0.0,0.0,0.35782747603833864,,,1.0
volcanoes-e4,rfc-nosuite,0.939297124600639,0.97,1.0,0.0,0.0,1.0,,,1.0
volcanoes-e4,rfc-nosuite,0.939297124600639,0.78,1.0,0.0,0.0,1.0,,,1.0
volcanoes-e4,rfc-nosuite,0.939297124600639,1.0,0.670926517571885,0.0,0.0,0.65814696485623,,,1.0
volcanoes-e4,rfc-nosuite,0.939297124600639,0.98,1.0,0.0,0.0,0.22044728434504793,0.7795527156549521,,1.0
volcanoes-e4,rfc-nosuite,0.939297124600639,0.97,1.0,0.0,0.0,0.36421725239616615,,,1.0
volcanoes-e4,rfc-nosuite,0.939297124600639,0.79,1.0,0.0,0.0,0.6198083067092651,,,1.0
volcanoes-e4,rfc-nosuite,0.939297124600639,0.96,0.8594249201277955,0.0,0.0,0.8753993610223643,0.8977635782747604,,1.0
volcanoes-e4,rfc-nosuite,0.939297124600639,1.0,1.0,0.0,0.0,0.7060702875399361,,0.9137380191693291,1.0
volcanoes-e4,rfc-nosuite,0.939297124600639,1.0,1.0,0.0,0.0,1.0,,,1.0
volcanoes-e4,rfc-nosuite,0.939297124600639,1.0,1.0,0.0,0.0,1.0,,,1.0
volcanoes-e4,rfc-nosuite,0.939297124600639,0.69,0.2939297124600639,0.0,0.0,0.9616613418530351,0.2971246006389776,0.29073482428115016,1.0
volcanoes-e4,rfc-nosuite,0.939297124600639,0.74,0.5175718849840255,0.0,0.0,1.0,,0.3801916932907348,1.0
volcanoes-e4,rfc-nosuite,0.939297124600639,0.99,1.0,0.0,0.0,0.6198083067092651,,,1.0
volcanoes-e4,rfc-nosuite,0.939297124600639,1.0,1.0,0.0,0.0,1.0,,0.9137380191693291,1.0
volcanoes-e4,rfc-nosuite,0.939297124600639,0.98,0.05750798722044728,0.0,0.0,1.0,,0.8019169329073482,1.0
volcanoes-e4,rfc-nosuite,0.939297124600639,1.0,1.0,0.0,0.0,1.0,0.43130990415335463,,1.0
volcanoes-e4,rfc-nosuite,0.939297124600639,1.0,1.0,0.0,0.0,1.0,,,1.0
volcanoes-e4,rfc-nosuite,0.939297124600639,0.96,0.8594249201277955,0.0,0.0,1.0,,,1.0
volcanoes-e4,rfc-nosuite,0.939297124600639,1.0,1.0,0.0,0.0,1.0,,,1.0
volcanoes-e4,rfc-nosuite,0.939297124600639,0.99,1.0,0.0,0.0,0.22044728434504793,,,1.0
volcanoes-e4,rfc-nosuite,0.939297124600639,0.71,0.3865814696485623,0.0,0.0,0.9840255591054313,,0.06389776357827476,1.0
volcanoes-e4,rfc-nosuite,0.939297124600639,0.71,0.670926517571885,0.0,0.0,0.7060702875399361,0.8753993610223643,0.6900958466453674,1.0
volcanoes-e4,rfc-nosuite,0.939297124600639,1.0,1.0,0.0,0.0,0.23961661341853036,,0.8753993610223643,1.0
volcanoes-e4,rfc-nosuite,0.939297124600639,1.0,1.0,0.0,0.0,0.134185303514377,,0.8785942492012779,1.0
volcanoes-e4,rfc-nosuite,0.939297124600639,0.99,0.8594249201277955,0.0,0.0,0.8753993610223643,,0.9584664536741214,1.0
volcanoes-e5,rfc-nosuite,0.9028776978417267,0.93,0.8633093525179856,0.0,0.0,0.9532374100719424,,,1.0
volcanoes-e5,rfc-nosuite,0.9028776978417267,1.0,1.0,0.0,0.0,1.0,,,1.0
volcanoes-e5,rfc-nosuite,0.9028776978417267,0.97,1.0,0.0,0.0,0.8633093525179856,,0.8633093525179856,1.0
volcanoes-e5,rfc-nosuite,0.9028776978417267,0.9,1.0,0.0,0.0,1.0,,0.8453237410071942,1.0
volcanoes-e5,rfc-nosuite,0.9028776978417267,0.95,0.3669064748201439,0.0,0.0,1.0,,,1.0
volcanoes-e5,rfc-nosuite,0.9028776978417267,0.96,1.0,0.0,0.0,1.0,,0.9532374100719424,1.0
volcanoes-e5,rfc-nosuite,0.9028776978417267,0.8,0.014388489208633094,0.0,0.0,0.6223021582733813,,0.2841726618705036,1.0
volcanoes-e5,rfc-nosuite,0.9028776978417267,0.98,1.0,0.0,0.0,1.0,,0.8381294964028777,1.0
volcanoes-e5,rfc-nosuite,0.9028776978417267,0.97,1.0,0.0,0.0,1.0,,,1.0
volcanoes-e5,rfc-nosuite,0.9028776978417267,1.0,1.0,0.0,0.0,1.0,,,1.0
volcanoes-e5,rfc-nosuite,0.9028776978417267,0.97,1.0,0.0,0.0,1.0,,0.9064748201438849,1.0
volcanoes-e5,rfc-nosuite,0.9028776978417267,0.98,1.0,0.0,0.0,1.0,,0.89568345323741,1.0
volcanoes-e5,rfc-nosuite,0.9028776978417267,0.54,0.01079136690647482,0.0,0.0,0.014388489208633094,,0.35251798561151076,1.0
volcanoes-e5,rfc-nosuite,0.9028776978417267,0.97,1.0,0.0,0.0,1.0,,0.9064748201438849,1.0
volcanoes-e5,rfc-nosuite,0.9028776978417267,0.99,0.3669064748201439,0.0,0.0,1.0,,,1.0
volcanoes-e5,rfc-nosuite,0.9028776978417267,1.0,0.4244604316546763,0.0,0.0,1.0,,,1.0
volcanoes-e5,rfc-nosuite,0.9028776978417267,0.9,1.0,0.0,0.0,1.0,,,1.0
volcanoes-e5,rfc-nosuite,0.9028776978417267,0.96,1.0,0.0,0.0,1.0,,,1.0
volcanoes-e5,rfc-nosuite,0.9028776978417267,1.0,1.0,0.0,0.0,1.0,,0.960431654676259,1.0
volcanoes-e5,rfc-nosuite,0.9028776978417267,0.84,0.6870503597122302,0.0,0.0,0.48201438848920863,,0.9064748201438849,1.0
volcanoes-e5,rfc-nosuite,0.9028776978417267,0.95,1.0,0.0,0.0,1.0,,,1.0
volcanoes-e5,rfc-nosuite,0.9028776978417267,1.0,1.0,0.0,0.0,1.0,,0.9568345323741008,1.0
volcanoes-e5,rfc-nosuite,0.9028776978417267,0.94,0.41007194244604317,0.0,0.0,1.0,,0.4172661870503597,1.0
volcanoes-e5,rfc-nosuite,0.9028776978417267,0.98,0.17985611510791366,0.0,0.0,1.0,,,1.0
volcanoes-e5,rfc-nosuite,0.9028776978417267,1.0,1.0,0.0,0.0,1.0,,,1.0
volcanoes-e5,rfc-nosuite,0.9028776978417267,0.98,1.0,0.0,0.0,1.0,,,1.0
volcanoes-e5,rfc-nosuite,0.9028776978417267,1.0,1.0,0.0,0.0,0.5683453237410072,,,1.0
volcanoes-e5,rfc-nosuite,0.9028776978417267,0.93,0.5035971223021583,0.0,0.0,1.0,,0.9496402877697842,1.0
volcanoes-e5,rfc-nosuite,0.9028776978417267,0.99,0.4244604316546763,0.0,0.0,1.0,,,1.0
volcanoes-e5,rfc-nosuite,0.9028776978417267,1.0,1.0,0.0,0.0,0.8633093525179856,,,1.0
volcanoes-e5,rfc-nosuite,0.9028776978417267,1.0,1.0,0.0,0.0,1.0,,0.9532374100719424,1.0
volcanoes-e5,rfc-nosuite,0.9028776978417267,0.97,1.0,0.0,0.0,1.0,,,1.0
volcanoes-e5,rfc-nosuite,0.9028776978417267,0.96,1.0,0.0,0.0,1.0,,,1.0
volcanoes-e5,rfc-nosuite,0.9028776978417267,0.89,1.0,0.0,0.0,1.0,,0.89568345323741,1.0
volcanoes-e5,rfc-nosuite,0.9028776978417267,0.98,0.7589928057553957,0.0,0.0,1.0,,0.8884892086330936,1.0
volcanoes-e5,rfc-nosuite,0.9028776978417267,0.97,1.0,0.0,0.0,0.8633093525179856,,,1.0
volcanoes-e5,rfc-nosuite,0.9028776978417267,1.0,1.0,0.0,0.0,1.0,,0.8705035971223022,1.0
volcanoes-e5,rfc-nosuite,0.9028776978417267,0.5,0.29856115107913667,0.0,0.0,0.014388489208633094,,0.014388489208633094,1.0
volcanoes-e5,rfc-nosuite,0.9028776978417267,1.0,1.0,0.0,0.0,1.0,,,1.0
volcanoes-e5,rfc-nosuite,0.9028776978417267,0.99,1.0,0.0,0.0,1.0,,,1.0
volcanoes-e5,rfc-nosuite,0.9028776978417267,0.78,0.960431654676259,0.0,0.0,0.2158273381294964,,0.3057553956834532,1.0
volcanoes-e5,rfc-nosuite,0.9028776978417267,0.33,0.15467625899280577,0.0,0.0,0.3129496402877698,,0.7122302158273381,1.0
volcanoes-e5,rfc-nosuite,0.9028776978417267,0.71,0.3129496402877698,0.0,0.0,1.0,,0.6798561151079137,1.0
volcanoes-e5,rfc-nosuite,0.9028776978417267,0.98,0.3669064748201439,0.0,0.0,1.0,,0.89568345323741,1.0
volcanoes-e5,rfc-nosuite,0.9028776978417267,1.0,1.0,0.0,0.0,1.0,,0.8812949640287769,1.0
volcanoes-e5,rfc-nosuite,0.9028776978417267,0.97,1.0,0.0,0.0,0.37050359712230213,,,1.0
volcanoes-e5,rfc-nosuite,0.9028776978417267,1.0,1.0,0.0,0.0,1.0,,0.9568345323741008,1.0
volcanoes-e5,rfc-nosuite,0.9028776978417267,0.98,0.3381294964028777,0.0,0.0,1.0,,0.9532374100719424,1.0
volcanoes-e5,rfc-nosuite,0.9028776978417267,0.99,1.0,0.0,0.0,0.8633093525179856,,0.9640287769784173,1.0
volcanoes-e5,rfc-nosuite,0.9028776978417267,0.99,1.0,0.0,0.0,1.0,,,1.0
yeast,rfc-nosuite,0.6226415094339622,0.43,0.02425876010781671,0.0,0.0,0.03234501347708895,,0.05121293800539083,1.0
yeast,rfc-nosuite,0.6226415094339622,0.79,0.0215633423180593,0.0,0.0,0.03504043126684636,,0.1725067385444744,1.0
yeast,rfc-nosuite,0.6226415094339622,0.7,0.029649595687331536,0.0,0.0,0.03234501347708895,,0.0862533692722372,1.0
yeast,rfc-nosuite,0.6226415094339622,0.74,0.11590296495956873,0.0,0.0,0.018867924528301886,,0.14555256064690028,1.0
yeast,rfc-nosuite,0.6226415094339622,0.8,0.08086253369272237,0.0,0.0,0.02425876010781671,,0.05390835579514825,1.0
yeast,rfc-nosuite,0.6226415094339622,0.42,0.04582210242587601,0.0,0.0,0.005390835579514825,,0.0026954177897574125,1.0
yeast,rfc-nosuite,0.6226415094339622,0.67,0.0215633423180593,0.0,0.0,0.07008086253369272,,0.09164420485175202,1.0
yeast,rfc-nosuite,0.6226415094339622,0.47,0.026954177897574125,0.0,0.0,0.0026954177897574125,,0.03234501347708895,1.0
yeast,rfc-nosuite,0.6226415094339622,0.57,0.018867924528301886,0.0,0.0,0.02425876010781671,,0.029649595687331536,1.0
yeast,rfc-nosuite,0.6226415094339622,0.72,0.07547169811320754,0.0,0.0,0.05390835579514825,,0.33962264150943394,1.0
yeast,rfc-nosuite,0.6226415094339622,0.86,0.09164420485175202,0.0,0.0,0.01078167115902965,,0.09703504043126684,1.0
yeast,rfc-nosuite,0.6226415094339622,0.86,0.03234501347708895,0.0,0.0,0.0215633423180593,,0.18059299191374664,1.0
yeast,rfc-nosuite,0.6226415094339622,0.59,0.06199460916442048,0.0,0.0,0.03773584905660377,,0.07547169811320754,1.0
yeast,rfc-nosuite,0.6226415094339622,0.55,0.0215633423180593,0.0,0.0,0.005390835579514825,,0.013477088948787063,1.0
yeast,rfc-nosuite,0.6226415094339622,0.72,0.1105121293800539,0.0,0.0,0.0215633423180593,,0.14285714285714285,1.0
yeast,rfc-nosuite,0.6226415094339622,0.48,0.03773584905660377,0.0,0.0,0.005390835579514825,,0.15633423180592992,1.0
yeast,rfc-nosuite,0.6226415094339622,0.56,0.01078167115902965,0.0,0.0,0.06199460916442048,,0.07816711590296496,1.0
yeast,rfc-nosuite,0.6226415094339622,0.73,0.013477088948787063,0.0,0.0,0.01078167115902965,,0.018867924528301886,1.0
yeast,rfc-nosuite,0.6226415094339622,0.6,0.0215633423180593,0.0,0.0,0.03234501347708895,,0.029649595687331536,1.0
yeast,rfc-nosuite,0.6226415094339622,0.64,0.016172506738544475,0.0,0.0,0.05121293800539083,,0.1940700808625337,1.0
yeast,rfc-nosuite,0.6226415094339622,0.77,0.04043126684636118,0.0,0.0,0.01078167115902965,,0.16172506738544473,1.0
yeast,rfc-nosuite,0.6226415094339622,0.74,0.008086253369272238,0.0,0.0,0.01078167115902965,,0.1778975741239892,1.0
yeast,rfc-nosuite,0.6226415094339622,0.9,0.07547169811320754,0.0,0.0,0.05660377358490566,,0.11859838274932614,1.0
yeast,rfc-nosuite,0.6226415094339622,0.42,0.005390835579514825,0.0,0.0,0.029649595687331536,,0.02425876010781671,1.0
yeast,rfc-nosuite,0.6226415094339622,0.54,0.04851752021563342,0.0,0.0,0.05390835579514825,,0.11859838274932614,1.0
yeast,rfc-nosuite,0.6226415094339622,0.4,0.018867924528301886,0.0,0.0,0.018867924528301886,,0.22641509433962265,1.0
yeast,rfc-nosuite,0.6226415094339622,0.52,0.013477088948787063,0.0,0.0,0.07008086253369272,,0.07008086253369272,1.0
yeast,rfc-nosuite,0.6226415094339622,0.51,0.013477088948787063,0.0,0.0,0.0026954177897574125,,0.03504043126684636,1.0
yeast,rfc-nosuite,0.6226415094339622,0.78,0.03504043126684636,0.0,0.0,0.02425876010781671,,0.1725067385444744,1.0
yeast,rfc-nosuite,0.6226415094339622,0.64,0.008086253369272238,0.0,0.0,0.04582210242587601,,0.16172506738544473,1.0
yeast,rfc-nosuite,0.6226415094339622,0.51,0.029649595687331536,0.0,0.0,0.02425876010781671,,0.19137466307277629,1.0
yeast,rfc-nosuite,0.6226415094339622,0.75,0.0431266846361186,0.0,0.0,0.0431266846361186,,0.06199460916442048,1.0
yeast,rfc-nosuite,0.6226415094339622,0.32,0.013477088948787063,0.0,0.0,0.0026954177897574125,,0.03773584905660377,1.0
yeast,rfc-nosuite,0.6226415094339622,0.37,0.02425876010781671,0.0,0.0,0.0215633423180593,,0.03773584905660377,1.0
yeast,rfc-nosuite,0.6226415094339622,0.63,0.05660377358490566,0.0,0.0,0.07816711590296496,,0.1752021563342318,1.0
yeast,rfc-nosuite,0.6226415094339622,0.45,0.05929919137466307,0.0,0.0,0.0889487870619946,,0.08355795148247978,1.0
yeast,rfc-nosuite,0.6226415094339622,0.42,0.0215633423180593,0.0,0.0,0.005390835579514825,,0.008086253369272238,1.0
yeast,rfc-nosuite,0.6226415094339622,0.92,0.029649595687331536,0.0,0.0,0.0215633423180593,,0.14285714285714285,1.0
yeast,rfc-nosuite,0.6226415094339622,0.73,0.029649595687331536,0.0,0.0,0.03773584905660377,,0.25067385444743934,1.0
yeast,rfc-nosuite,0.6226415094339622,0.44,0.03773584905660377,0.0,0.0,0.01078167115902965,,0.22911051212938005,1.0
yeast,rfc-nosuite,0.6226415094339622,0.64,0.0673854447439353,0.0,0.0,0.02425876010781671,,0.12398921832884097,1.0
yeast,rfc-nosuite,0.6226415094339622,0.57,0.07547169811320754,0.0,0.0,0.14555256064690028,,0.15633423180592992,1.0
yeast,rfc-nosuite,0.6226415094339622,0.47,0.013477088948787063,0.0,0.0,0.01078167115902965,,0.25336927223719674,1.0
yeast,rfc-nosuite,0.6226415094339622,0.56,0.008086253369272238,0.0,0.0,0.018867924528301886,,0.013477088948787063,1.0
yeast,rfc-nosuite,0.6226415094339622,0.76,0.05929919137466307,0.0,0.0,0.016172506738544475,,0.20215633423180593,1.0
yeast,rfc-nosuite,0.6226415094339622,0.55,0.40161725067385445,0.0,0.0,0.0215633423180593,,0.11859838274932614,1.0
yeast,rfc-nosuite,0.6226415094339622,0.41,0.07547169811320754,0.0,0.0,0.029649595687331536,,0.14824797843665768,1.0
yeast,rfc-nosuite,0.6226415094339622,0.55,0.01078167115902965,0.0,0.0,0.1078167115902965,,0.09433962264150944,1.0
yeast,rfc-nosuite,0.6226415094339622,0.79,0.07277628032345014,0.0,0.0,0.029649595687331536,,0.0889487870619946,1.0
yeast,rfc-nosuite,0.6226415094339622,0.85,0.14285714285714285,0.0,0.0,0.03234501347708895,,0.12398921832884097,1.0
rmftsa,rfc-nosuite,0.48828125,0.3562142857142858,0.42578125,0.0,0.0,0.38671875,0.4453125,0.0546875,1.0
rmftsa,rfc-nosuite,0.48828125,0.4576666666666667,0.21875,0.0,0.0,0.08984375,0.234375,0.20703125,1.0
rmftsa,rfc-nosuite,0.48828125,0.6425,0.50390625,0.0,0.0,0.09765625,0.13671875,0.02734375,1.0
rmftsa,rfc-nosuite,0.48828125,0.8478333333333333,0.47265625,0.0,0.0,0.42578125,0.046875,0.05859375,1.0
rmftsa,rfc-nosuite,0.48828125,0.614280303030303,0.7109375,0.0,0.0,0.28125,0.18359375,0.47265625,1.0
rmftsa,rfc-nosuite,0.48828125,0.8540349927849925,0.18359375,0.0,0.0,0.2421875,0.375,0.3671875,1.0
rmftsa,rfc-nosuite,0.48828125,0.2751865079365079,0.6875,0.0,0.0,0.1171875,0.01953125,0.1171875,1.0
rmftsa,rfc-nosuite,0.48828125,0.8464378399378396,0.26953125,0.0,0.0,0.26953125,0.26171875,0.26953125,1.0
rmftsa,rfc-nosuite,0.48828125,0.8261904761904763,0.03125,0.0,0.0,0.05078125,0.21484375,0.01953125,1.0
rmftsa,rfc-nosuite,0.48828125,0.5813382173382172,0.453125,0.0,0.0,0.26953125,0.1640625,0.26953125,1.0
rmftsa,rfc-nosuite,0.48828125,1.0,0.61328125,0.0,0.0,0.3671875,0.125,0.48046875,1.0
rmftsa,rfc-nosuite,0.48828125,0.59075,0.21484375,0.0,0.0,0.49609375,0.2265625,0.21484375,1.0
rmftsa,rfc-nosuite,0.48828125,0.861,0.08984375,0.0,0.0,0.03125,0.22265625,0.03125,1.0
rmftsa,rfc-nosuite,0.48828125,0.6853333333333335,0.3203125,0.0,0.0,0.140625,0.28515625,0.12890625,1.0
rmftsa,rfc-nosuite,0.48828125,0.6778594852859559,0.453125,0.0,0.0,0.15234375,0.23046875,0.49609375,1.0
rmftsa,rfc-nosuite,0.48828125,0.39428571428571435,0.015625,0.0,0.0,0.015625,0.12890625,0.10546875,1.0
rmftsa,rfc-nosuite,0.48828125,0.4970714285714286,0.10546875,0.0,0.0,0.0703125,0.0859375,0.2265625,1.0
rmftsa,rfc-nosuite,0.48828125,0.5813382173382172,0.453125,0.0,0.0,0.26953125,0.21484375,0.4375,1.0
rmftsa,rfc-nosuite,0.48828125,0.58,0.06640625,0.0,0.0,0.10546875,0.17578125,0.0390625,1.0
rmftsa,rfc-nosuite,0.48828125,0.9611111111111111,0.7109375,0.0,0.0,0.3203125,0.33984375,0.5859375,1.0
rmftsa,rfc-nosuite,0.48828125,0.6005757575757573,0.42578125,0.0,0.0,0.0390625,0.40625,0.1640625,1.0
rmftsa,rfc-nosuite,0.48828125,0.3537380952380953,0.04296875,0.0,0.0,0.27734375,0.16796875,0.1015625,1.0
rmftsa,rfc-nosuite,0.48828125,0.6685,0.171875,0.0,0.0,0.64453125,0.16796875,0.0546875,1.0
rmftsa,rfc-nosuite,0.48828125,0.6693243284493282,0.75390625,0.0,0.0,0.3828125,0.52734375,0.39453125,1.0
rmftsa,rfc-nosuite,0.48828125,0.7121666666666667,0.28125,0.0,0.0,0.52734375,0.28515625,0.3515625,1.0
rmftsa,rfc-nosuite,0.48828125,0.82,0.0703125,0.0,0.0,0.50390625,0.27734375,0.01171875,1.0
rmftsa,rfc-nosuite,0.48828125,0.429,0.0390625,0.0,0.0,0.00390625,0.37109375,0.265625,1.0
rmftsa,rfc-nosuite,0.48828125,0.52,0.09765625,0.0,0.0,0.62109375,0.03515625,0.34765625,1.0
rmftsa,rfc-nosuite,0.48828125,0.42683730158730154,0.1015625,0.0,0.0,0.7890625,0.453125,0.12109375,1.0
rmftsa,rfc-nosuite,0.48828125,0.6702857142857143,0.89453125,0.0,0.0,0.203125,0.171875,0.1171875,1.0
rmftsa,rfc-nosuite,0.48828125,0.6414067321567322,0.0859375,0.0,0.0,0.15625,0.37109375,0.22265625,1.0
rmftsa,rfc-nosuite,0.48828125,0.3321428571428571,0.015625,0.0,0.0,0.015625,0.22265625,0.22265625,1.0
rmftsa,rfc-nosuite,0.48828125,0.6853333333333335,0.3203125,0.0,0.0,0.140625,0.08203125,0.12890625,1.0
rmftsa,rfc-nosuite,0.48828125,0.5189999999999999,0.21875,0.0,0.0,0.171875,0.125,0.08984375,1.0
rmftsa,rfc-nosuite,0.48828125,0.8230952380952381,0.24609375,0.0,0.0,0.27734375,0.546875,0.078125,1.0
rmftsa,rfc-nosuite,0.48828125,0.5,0.078125,0.0,0.0,0.03125,0.39453125,0.0078125,1.0
rmftsa,rfc-nosuite,0.48828125,0.514142857142857,0.61328125,0.0,0.0,0.5234375,0.43359375,0.578125,1.0
rmftsa,rfc-nosuite,0.48828125,1.0,0.28125,0.0,0.0,0.015625,0.046875,0.0390625,1.0
rmftsa,rfc-nosuite,0.48828125,0.5757976190476191,0.3046875,0.0,0.0,0.5546875,0.1328125,0.18359375,1.0
rmftsa,rfc-nosuite,0.48828125,0.88,0.04296875,0.0,0.0,0.22265625,0.11328125,0.03125,1.0
rmftsa,rfc-nosuite,0.48828125,0.5973333333333334,0.1171875,0.0,0.0,0.15625,0.23046875,0.12890625,1.0
rmftsa,rfc-nosuite,0.48828125,0.4328333333333333,0.06640625,0.0,0.0,0.16796875,0.28515625,0.01953125,1.0
rmftsa,rfc-nosuite,0.48828125,0.74,0.08203125,0.0,0.0,0.0546875,0.28125,0.2421875,1.0
rmftsa,rfc-nosuite,0.48828125,0.74,0.578125,0.0,0.0,0.4296875,0.234375,0.0859375,1.0
rmftsa,rfc-nosuite,0.48828125,0.89,0.28125,0.0,0.0,0.015625,0.015625,0.38671875,1.0
rmftsa,rfc-nosuite,0.48828125,0.5813382173382172,0.453125,0.0,0.0,0.26953125,0.390625,0.2421875,1.0
rmftsa,rfc-nosuite,0.48828125,0.74,0.08203125,0.0,0.0,0.0546875,0.28125,0.265625,1.0
rmftsa,rfc-nosuite,0.48828125,0.72,0.078125,0.0,0.0,0.05859375,0.05859375,0.05859375,1.0
rmftsa,rfc-nosuite,0.48828125,0.86,0.046875,0.0,0.0,0.0390625,0.046875,0.0390625,1.0
rmftsa,rfc-nosuite,0.48828125,0.6383095238095238,0.96484375,0.0,0.0,0.16796875,0.06640625,0.12109375,1.0
banknote-authentication,rfc-nosuite,0.9941690962099126,0.99,1.0,0.0,0.0,0.20699708454810495,0.6647230320699709,0.31486880466472306,1.0
banknote-authentication,rfc-nosuite,0.9941690962099126,1.0,1.0,0.0,0.0,0.358600583090379,0.33819241982507287,0.36151603498542273,1.0
banknote-authentication,rfc-nosuite,0.9941690962099126,0.97,1.0,0.0,0.0,0.2565597667638484,0.7084548104956269,0.23323615160349853,1.0
banknote-authentication,rfc-nosuite,0.9941690962099126,0.95,0.4897959183673469,0.0,0.0,0.17784256559766765,0.239067055393586,0.24198250728862974,1.0
banknote-authentication,rfc-nosuite,0.9941690962099126,1.0,0.8104956268221575,0.0,0.0,0.3935860058309038,0.21574344023323616,0.34110787172011664,1.0
banknote-authentication,rfc-nosuite,0.9941690962099126,1.0,0.2594752186588921,0.0,0.0,0.30029154518950435,0.07580174927113703,0.30612244897959184,1.0
banknote-authentication,rfc-nosuite,0.9941690962099126,0.99,0.6967930029154519,0.0,0.0,0.25072886297376096,0.30612244897959184,0.2915451895043732,1.0
banknote-authentication,rfc-nosuite,0.9941690962099126,1.0,1.0,0.0,0.0,0.358600583090379,0.37900874635568516,0.2565597667638484,1.0
banknote-authentication,rfc-nosuite,0.9941690962099126,1.0,0.6676384839650146,0.0,0.0,0.4227405247813411,0.09912536443148688,0.3819241982507289,1.0
banknote-authentication,rfc-nosuite,0.9941690962099126,1.0,1.0,0.0,0.0,0.30903790087463556,0.22157434402332363,0.3323615160349854,1.0
banknote-authentication,rfc-nosuite,0.9941690962099126,0.94,0.7084548104956269,0.0,0.0,0.09912536443148688,0.026239067055393587,0.10495626822157435,1.0
banknote-authentication,rfc-nosuite,0.9941690962099126,1.0,1.0,0.0,0.0,0.4897959183673469,0.08746355685131195,0.42857142857142855,1.0
banknote-authentication,rfc-nosuite,0.9941690962099126,1.0,1.0,0.0,0.0,0.16034985422740525,0.2886297376093295,0.446064139941691,1.0
banknote-authentication,rfc-nosuite,0.9941690962099126,1.0,1.0,0.0,0.0,0.119533527696793,0.6618075801749271,0.2915451895043732,1.0
banknote-authentication,rfc-nosuite,0.9941690962099126,1.0,1.0,0.0,0.0,0.16326530612244897,0.0728862973760933,0.30612244897959184,1.0
banknote-authentication,rfc-nosuite,0.9941690962099126,1.0,0.3323615160349854,0.0,0.0,0.14868804664723032,0.061224489795918366,0.24489795918367346,1.0
banknote-authentication,rfc-nosuite,0.9941690962099126,0.99,0.3323615160349854,0.0,0.0,0.15160349854227406,0.061224489795918366,0.18075801749271136,1.0
banknote-authentication,rfc-nosuite,0.9941690962099126,0.98,0.6676384839650146,0.0,0.0,0.21282798833819241,0.3673469387755102,0.15451895043731778,1.0
banknote-authentication,rfc-nosuite,0.9941690962099126,0.99,1.0,0.0,0.0,0.33819241982507287,0.33819241982507287,0.30612244897959184,1.0
banknote-authentication,rfc-nosuite,0.9941690962099126,1.0,1.0,0.0,0.0,0.3848396501457726,0.03206997084548105,0.23323615160349853,1.0
banknote-authentication,rfc-nosuite,0.9941690962099126,1.0,0.8688046647230321,0.0,0.0,0.30612244897959184,0.0641399416909621,0.3032069970845481,1.0
banknote-authentication,rfc-nosuite,0.9941690962099126,0.97,0.20699708454810495,0.0,0.0,0.18075801749271136,0.2099125364431487,0.18658892128279883,1.0
banknote-authentication,rfc-nosuite,0.9941690962099126,1.0,1.0,0.0,0.0,0.33819241982507287,0.30903790087463556,0.3032069970845481,1.0
banknote-authentication,rfc-nosuite,0.9941690962099126,1.0,1.0,0.0,0.0,0.34402332361516036,0.26822157434402333,0.37026239067055394,1.0
banknote-authentication,rfc-nosuite,0.9941690962099126,0.89,0.6618075801749271,0.0,0.0,0.037900874635568516,0.029154518950437316,0.01749271137026239,1.0
banknote-authentication,rfc-nosuite,0.9941690962099126,1.0,1.0,0.0,0.0,0.33819241982507287,0.3498542274052478,0.24198250728862974,1.0
banknote-authentication,rfc-nosuite,0.9941690962099126,1.0,1.0,0.0,0.0,0.13119533527696792,0.11370262390670553,0.30903790087463556,1.0
banknote-authentication,rfc-nosuite,0.9941690962099126,1.0,1.0,0.0,0.0,0.31486880466472306,0.27113702623906705,0.4839650145772595,1.0
banknote-authentication,rfc-nosuite,0.9941690962099126,0.94,0.33819241982507287,0.0,0.0,0.33819241982507287,0.30612244897959184,0.33819241982507287,1.0
banknote-authentication,rfc-nosuite,0.9941690962099126,0.99,1.0,0.0,0.0,0.16326530612244897,0.16326530612244897,0.2857142857142857,1.0
banknote-authentication,rfc-nosuite,0.9941690962099126,0.99,1.0,0.0,0.0,0.20699708454810495,0.5189504373177842,0.2944606413994169,1.0
banknote-authentication,rfc-nosuite,0.9941690962099126,1.0,1.0,0.0,0.0,0.24198250728862974,0.5393586005830904,0.3206997084548105,1.0
banknote-authentication,rfc-nosuite,0.9941690962099126,0.94,0.3032069970845481,0.0,0.0,0.04081632653061224,0.03206997084548105,0.09037900874635568,1.0
banknote-authentication,rfc-nosuite,0.9941690962099126,1.0,1.0,0.0,0.0,0.30903790087463556,0.21865889212827988,0.5043731778425656,1.0
banknote-authentication,rfc-nosuite,0.9941690962099126,0.97,0.42857142857142855,0.0,0.0,0.16326530612244897,0.40233236151603496,0.25072886297376096,1.0
banknote-authentication,rfc-nosuite,0.9941690962099126,1.0,1.0,0.0,0.0,0.30903790087463556,0.21865889212827988,0.5685131195335277,1.0
banknote-authentication,rfc-nosuite,0.9941690962099126,1.0,1.0,0.0,0.0,0.2886297376093295,0.30612244897959184,0.4227405247813411,1.0
banknote-authentication,rfc-nosuite,0.9941690962099126,1.0,1.0,0.0,0.0,0.5043731778425656,0.2303206997084548,0.36151603498542273,1.0
banknote-authentication,rfc-nosuite,0.9941690962099126,0.98,1.0,0.0,0.0,0.15451895043731778,0.6618075801749271,0.40233236151603496,1.0
banknote-authentication,rfc-nosuite,0.9941690962099126,1.0,1.0,0.0,0.0,0.30903790087463556,0.11078717201166181,0.43731778425655976,1.0
banknote-authentication,rfc-nosuite,0.9941690962099126,0.99,1.0,0.0,0.0,0.36151603498542273,0.282798833819242,0.4868804664723032,1.0
banknote-authentication,rfc-nosuite,0.9941690962099126,1.0,0.30029154518950435,0.0,0.0,0.30612244897959184,0.30029154518950435,0.30612244897959184,1.0
banknote-authentication,rfc-nosuite,0.9941690962099126,0.85,0.6618075801749271,0.0,0.0,0.037900874635568516,0.11370262390670553,0.04664723032069971,1.0
banknote-authentication,rfc-nosuite,0.9941690962099126,0.99,0.2478134110787172,0.0,0.0,0.09912536443148688,0.03206997084548105,0.052478134110787174,1.0
banknote-authentication,rfc-nosuite,0.9941690962099126,1.0,1.0,0.0,0.0,0.30029154518950435,0.08454810495626822,0.239067055393586,1.0
banknote-authentication,rfc-nosuite,0.9941690962099126,1.0,0.6676384839650146,0.0,0.0,0.6618075801749271,0.2565597667638484,0.30612244897959184,1.0
banknote-authentication,rfc-nosuite,0.9941690962099126,1.0,1.0,0.0,0.0,0.2944606413994169,0.22157434402332363,0.3965014577259475,1.0
banknote-authentication,rfc-nosuite,0.9941690962099126,0.99,0.5043731778425656,0.0,0.0,0.1282798833819242,0.3965014577259475,0.23323615160349853,1.0
banknote-authentication,rfc-nosuite,0.9941690962099126,0.99,1.0,0.0,0.0,0.21574344023323616,0.26239067055393583,0.3469387755102041,1.0
banknote-authentication,rfc-nosuite,0.9941690962099126,0.94,0.01749271137026239,0.0,0.0,0.061224489795918366,0.011661807580174927,0.04956268221574344,1.0
volcanoes-a2,rfc-nosuite,0.9310344827586207,1.0,0.37438423645320196,0.0,0.0,0.312807881773399,0.5640394088669951,0.9014778325123153,1.0
volcanoes-a2,rfc-nosuite,0.9310344827586207,0.96,0.30295566502463056,0.0,0.0,0.034482758620689655,0.16009852216748768,,1.0
volcanoes-a2,rfc-nosuite,0.9310344827586207,1.0,1.0,0.0,0.0,1.0,0.5320197044334976,0.9211822660098522,1.0
volcanoes-a2,rfc-nosuite,0.9310344827586207,0.97,1.0,0.0,0.0,0.6551724137931034,0.8423645320197044,,1.0
volcanoes-a2,rfc-nosuite,0.9310344827586207,0.74,0.8423645320197044,0.0,0.0,0.9950738916256158,0.9137931034482759,,1.0
volcanoes-a2,rfc-nosuite,0.9310344827586207,1.0,1.0,0.0,0.0,1.0,0.9137931034482759,,1.0
volcanoes-a2,rfc-nosuite,0.9310344827586207,0.92,1.0,0.0,0.0,0.6551724137931034,0.8620689655172413,0.9334975369458128,1.0
volcanoes-a2,rfc-nosuite,0.9310344827586207,0.99,1.0,0.0,0.0,0.229064039408867,0.9137931034482759,,1.0
volcanoes-a2,rfc-nosuite,0.9310344827586207,1.0,1.0,0.0,0.0,0.5,0.7660098522167488,0.9532019704433498,1.0
volcanoes-a2,rfc-nosuite,0.9310344827586207,0.99,1.0,0.0,0.0,0.8423645320197044,0.8866995073891626,,1.0
volcanoes-a2,rfc-nosuite,0.9310344827586207,0.63,0.0049261083743842365,0.0,0.0,0.23891625615763548,0.46551724137931033,0.23891625615763548,1.0
volcanoes-a2,rfc-nosuite,0.9310344827586207,1.0,1.0,0.0,0.0,0.34236453201970446,0.8423645320197044,,1.0
volcanoes-a2,rfc-nosuite,0.9310344827586207,0.71,0.4482758620689655,0.0,0.0,0.2438423645320197,0.9137931034482759,0.21428571428571427,1.0
volcanoes-a2,rfc-nosuite,0.9310344827586207,0.72,0.9137931034482759,0.0,0.0,0.9261083743842364,0.5467980295566502,0.9334975369458128,1.0
volcanoes-a2,rfc-nosuite,0.9310344827586207,0.92,1.0,0.0,0.0,0.7955665024630542,0.854679802955665,,1.0
volcanoes-a2,rfc-nosuite,0.9310344827586207,1.0,1.0,0.0,0.0,0.4064039408866995,0.8620689655172413,0.916256157635468,1.0
volcanoes-a2,rfc-nosuite,0.9310344827586207,0.99,1.0,0.0,0.0,0.26108374384236455,0.9088669950738916,0.9679802955665024,1.0
volcanoes-a2,rfc-nosuite,0.9310344827586207,0.92,1.0,0.0,0.0,0.9137931034482759,0.916256157635468,0.9310344827586207,1.0
volcanoes-a2,rfc-nosuite,0.9310344827586207,1.0,1.0,0.0,0.0,0.7536945812807881,0.8793103448275862,0.9507389162561576,1.0
volcanoes-a2,rfc-nosuite,0.9310344827586207,1.0,1.0,0.0,0.0,1.0,0.8620689655172413,,1.0
volcanoes-a2,rfc-nosuite,0.9310344827586207,0.96,1.0,0.0,0.0,0.034482758620689655,0.8448275862068966,0.9408866995073891,1.0
volcanoes-a2,rfc-nosuite,0.9310344827586207,0.95,1.0,0.0,0.0,1.0,0.9137931034482759,0.9556650246305419,1.0
volcanoes-a2,rfc-nosuite,0.9310344827586207,0.98,1.0,0.0,0.0,0.8201970443349754,0.8325123152709359,,1.0
volcanoes-a2,rfc-nosuite,0.9310344827586207,1.0,0.7512315270935961,0.0,0.0,0.6551724137931034,0.43349753694581283,,1.0
volcanoes-a2,rfc-nosuite,0.9310344827586207,0.99,1.0,0.0,0.0,0.034482758620689655,0.8300492610837439,0.9482758620689655,1.0
volcanoes-a2,rfc-nosuite,0.9310344827586207,1.0,1.0,0.0,0.0,1.0,0.8325123152709359,0.9236453201970444,1.0
volcanoes-a2,rfc-nosuite,0.9310344827586207,1.0,1.0,0.0,0.0,0.41625615763546797,0.35960591133004927,,1.0
volcanoes-a2,rfc-nosuite,0.9310344827586207,0.96,1.0,0.0,0.0,1.0,0.9088669950738916,0.9285714285714286,1.0
volcanoes-a2,rfc-nosuite,0.9310344827586207,0.96,1.0,0.0,0.0,0.8349753694581281,0.7536945812807881,,1.0
volcanoes-a2,rfc-nosuite,0.9310344827586207,1.0,1.0,0.0,0.0,0.8842364532019704,0.9137931034482759,0.9704433497536946,1.0
volcanoes-a2,rfc-nosuite,0.9310344827586207,1.0,1.0,0.0,0.0,1.0,0.9137931034482759,0.9532019704433498,1.0
volcanoes-a2,rfc-nosuite,0.9310344827586207,1.0,1.0,0.0,0.0,0.7955665024630542,0.7216748768472906,0.9532019704433498,1.0
volcanoes-a2,rfc-nosuite,0.9310344827586207,0.99,1.0,0.0,0.0,1.0,0.7266009852216748,,1.0
volcanoes-a2,rfc-nosuite,0.9310344827586207,1.0,1.0,0.0,0.0,0.8251231527093597,0.8448275862068966,0.9433497536945813,1.0
volcanoes-a2,rfc-nosuite,0.9310344827586207,0.99,1.0,0.0,0.0,0.14532019704433496,0.9014778325123153,0.9532019704433498,1.0
volcanoes-a2,rfc-nosuite,0.9310344827586207,1.0,1.0,0.0,0.0,0.6551724137931034,0.5369458128078818,,1.0
volcanoes-a2,rfc-nosuite,0.9310344827586207,0.98,1.0,0.0,0.0,1.0,0.874384236453202,0.9458128078817734,1.0
volcanoes-a2,rfc-nosuite,0.9310344827586207,0.43,0.024630541871921183,0.0,0.0,0.014778325123152709,0.034482758620689655,0.009852216748768473,1.0
volcanoes-a2,rfc-nosuite,0.9310344827586207,1.0,1.0,0.0,0.0,1.0,0.8448275862068966,0.9458128078817734,1.0
volcanoes-a2,rfc-nosuite,0.9310344827586207,0.82,0.8793103448275862,0.0,0.0,0.8940886699507389,0.9137931034482759,0.8916256157635468,1.0
volcanoes-a2,rfc-nosuite,0.9310344827586207,1.0,1.0,0.0,0.0,0.8423645320197044,0.7684729064039408,0.8940886699507389,1.0
volcanoes-a2,rfc-nosuite,0.9310344827586207,0.97,1.0,0.0,0.0,0.7536945812807881,0.5517241379310345,,1.0
volcanoes-a2,rfc-nosuite,0.9310344827586207,0.97,1.0,0.0,0.0,1.0,0.854679802955665,0.9334975369458128,1.0
volcanoes-a2,rfc-nosuite,0.9310344827586207,0.98,1.0,0.0,0.0,0.4187192118226601,0.7586206896551724,0.9408866995073891,1.0
volcanoes-a2,rfc-nosuite,0.9310344827586207,1.0,1.0,0.0,0.0,1.0,0.37192118226600984,0.9655172413793104,1.0
volcanoes-a2,rfc-nosuite,0.9310344827586207,0.86,0.024630541871921183,0.0,0.0,0.9704433497536946,0.007389162561576354,0.2684729064039409,1.0
volcanoes-a2,rfc-nosuite,0.9310344827586207,1.0,1.0,0.0,0.0,0.229064039408867,0.874384236453202,,1.0
volcanoes-a2,rfc-nosuite,0.9310344827586207,0.96,0.9334975369458128,0.0,0.0,1.0,0.9064039408866995,,1.0
volcanoes-a2,rfc-nosuite,0.9310344827586207,1.0,1.0,0.0,0.0,0.8349753694581281,0.7660098522167488,0.9532019704433498,1.0
volcanoes-a2,rfc-nosuite,0.9310344827586207,0.99,1.0,0.0,0.0,1.0,0.8497536945812808,0.9408866995073891,1.0
volcanoes-a3,rfc-nosuite,0.89501312335958,0.42,0.023622047244094488,0.0,0.0,0.926509186351706,0.8398950131233596,0.8188976377952756,1.0
volcanoes-a3,rfc-nosuite,0.89501312335958,1.0,1.0,0.0,0.0,1.0,0.8661417322834646,,1.0
volcanoes-a3,rfc-nosuite,0.89501312335958,0.35,0.049868766404199474,0.0,0.0,0.49081364829396323,0.49343832020997375,0.015748031496062992,1.0
volcanoes-a3,rfc-nosuite,0.89501312335958,1.0,1.0,0.0,0.0,1.0,0.8871391076115486,0.926509186351706,1.0
volcanoes-a3,rfc-nosuite,0.89501312335958,1.0,1.0,0.0,0.0,0.30183727034120733,0.868766404199475,,1.0
volcanoes-a3,rfc-nosuite,0.89501312335958,0.99,1.0,0.0,0.0,1.0,0.5879265091863517,,1.0
volcanoes-a3,rfc-nosuite,0.89501312335958,1.0,1.0,0.0,0.0,0.6194225721784777,0.8241469816272966,,1.0
volcanoes-a3,rfc-nosuite,0.89501312335958,0.99,1.0,0.0,0.0,1.0,0.7952755905511811,0.9291338582677166,1.0
volcanoes-a3,rfc-nosuite,0.89501312335958,0.95,1.0,0.0,0.0,1.0,0.8241469816272966,0.9238845144356955,1.0
volcanoes-a3,rfc-nosuite,0.89501312335958,1.0,1.0,0.0,0.0,1.0,0.847769028871391,,1.0
volcanoes-a3,rfc-nosuite,0.89501312335958,1.0,1.0,0.0,0.0,0.5905511811023622,0.8057742782152231,0.9343832020997376,1.0
volcanoes-a3,rfc-nosuite,0.89501312335958,0.95,0.8871391076115486,0.0,0.0,0.905511811023622,0.9002624671916011,0.9212598425196851,1.0
volcanoes-a3,rfc-nosuite,0.89501312335958,0.7,1.0,0.0,0.0,1.0,0.7427821522309711,0.8871391076115486,1.0
volcanoes-a3,rfc-nosuite,0.89501312335958,0.59,0.031496062992125984,0.0,0.0,0.7375328083989501,0.06561679790026247,0.6929133858267716,1.0
volcanoes-a3,rfc-nosuite,0.89501312335958,0.9,0.8871391076115486,0.0,0.0,0.9002624671916011,0.8871391076115486,,1.0
volcanoes-a3,rfc-nosuite,0.89501312335958,0.99,1.0,0.0,0.0,0.9291338582677166,0.8923884514435696,0.9002624671916011,1.0
volcanoes-a3,rfc-nosuite,0.89501312335958,0.99,0.7795275590551181,0.0,0.0,0.8241469816272966,0.8582677165354331,0.9422572178477691,1.0
volcanoes-a3,rfc-nosuite,0.89501312335958,1.0,1.0,0.0,0.0,1.0,0.7979002624671916,0.8976377952755905,1.0
volcanoes-a3,rfc-nosuite,0.89501312335958,0.98,1.0,0.0,0.0,1.0,0.8057742782152231,0.926509186351706,1.0
volcanoes-a3,rfc-nosuite,0.89501312335958,0.85,0.7952755905511811,0.0,0.0,1.0,0.5196850393700787,0.9422572178477691,1.0
volcanoes-a3,rfc-nosuite,0.89501312335958,1.0,1.0,0.0,0.0,1.0,0.8031496062992126,,1.0
volcanoes-a3,rfc-nosuite,0.89501312335958,0.91,0.8871391076115486,0.0,0.0,0.8871391076115486,0.8871391076115486,0.868766404199475,1.0
volcanoes-a3,rfc-nosuite,0.89501312335958,1.0,1.0,0.0,0.0,0.926509186351706,0.8713910761154856,0.910761154855643,1.0
volcanoes-a3,rfc-nosuite,0.89501312335958,0.79,0.926509186351706,0.0,0.0,0.9291338582677166,0.7007874015748031,0.6404199475065617,1.0
volcanoes-a3,rfc-nosuite,0.89501312335958,0.95,1.0,0.0,0.0,1.0,0.8398950131233596,,1.0
volcanoes-a3,rfc-nosuite,0.89501312335958,0.97,1.0,0.0,0.0,1.0,0.8871391076115486,0.9422572178477691,1.0
volcanoes-a3,rfc-nosuite,0.89501312335958,0.49,0.05774278215223097,0.0,0.0,0.9291338582677166,0.9028871391076115,,1.0
volcanoes-a3,rfc-nosuite,0.89501312335958,0.98,1.0,0.0,0.0,1.0,0.7795275590551181,0.9291338582677166,1.0
volcanoes-a3,rfc-nosuite,0.89501312335958,1.0,1.0,0.0,0.0,0.6272965879265092,0.8057742782152231,,1.0
volcanoes-a3,rfc-nosuite,0.89501312335958,0.98,1.0,0.0,0.0,1.0,0.9002624671916011,0.9343832020997376,1.0
volcanoes-a3,rfc-nosuite,0.89501312335958,0.99,1.0,0.0,0.0,0.30183727034120733,0.8320209973753281,0.9186351706036745,1.0
volcanoes-a3,rfc-nosuite,0.89501312335958,1.0,1.0,0.0,0.0,1.0,0.7690288713910761,0.9606299212598425,1.0
volcanoes-a3,rfc-nosuite,0.89501312335958,0.72,0.926509186351706,0.0,0.0,0.9291338582677166,0.800524934383202,0.4199475065616798,1.0
volcanoes-a3,rfc-nosuite,0.89501312335958,0.97,1.0,0.0,0.0,0.8871391076115486,0.8451443569553806,0.8713910761154856,1.0
volcanoes-a3,rfc-nosuite,0.89501312335958,1.0,1.0,0.0,0.0,0.30183727034120733,0.8241469816272966,0.9343832020997376,1.0
volcanoes-a3,rfc-nosuite,0.89501312335958,0.89,0.5958005249343832,0.0,0.0,0.9291338582677166,0.8976377952755905,,1.0
volcanoes-a3,rfc-nosuite,0.89501312335958,0.98,0.49343832020997375,0.0,0.0,1.0,0.847769028871391,0.8766404199475065,1.0
volcanoes-a3,rfc-nosuite,0.89501312335958,0.98,1.0,0.0,0.0,0.3333333333333333,0.863517060367454,0.931758530183727,1.0
volcanoes-a3,rfc-nosuite,0.89501312335958,0.94,0.8871391076115486,0.0,0.0,0.05511811023622047,0.9081364829396326,,1.0
volcanoes-a3,rfc-nosuite,0.89501312335958,0.97,1.0,0.0,0.0,0.931758530183727,0.8057742782152231,0.9291338582677166,1.0
volcanoes-a3,rfc-nosuite,0.89501312335958,0.99,1.0,0.0,0.0,1.0,0.7979002624671916,0.9396325459317585,1.0
volcanoes-a3,rfc-nosuite,0.89501312335958,0.41,0.010498687664041995,0.0,0.0,0.007874015748031496,0.05249343832020997,0.0026246719160104987,1.0
volcanoes-a3,rfc-nosuite,0.89501312335958,0.98,1.0,0.0,0.0,1.0,0.8608923884514436,0.9396325459317585,1.0
volcanoes-a3,rfc-nosuite,0.89501312335958,1.0,1.0,0.0,0.0,0.7795275590551181,0.7191601049868767,0.926509186351706,1.0
volcanoes-a3,rfc-nosuite,0.89501312335958,0.96,1.0,0.0,0.0,0.9291338582677166,0.3464566929133858,0.9186351706036745,1.0
volcanoes-a3,rfc-nosuite,0.89501312335958,1.0,1.0,0.0,0.0,1.0,0.7900262467191601,0.9606299212598425,1.0
volcanoes-a3,rfc-nosuite,0.89501312335958,0.93,1.0,0.0,0.0,1.0,0.8871391076115486,,1.0
volcanoes-a3,rfc-nosuite,0.89501312335958,1.0,1.0,0.0,0.0,0.7952755905511811,0.5958005249343832,,1.0
volcanoes-a3,rfc-nosuite,0.89501312335958,0.99,1.0,0.0,0.0,1.0,0.821522309711286,,1.0
volcanoes-a3,rfc-nosuite,0.89501312335958,1.0,1.0,0.0,0.0,1.0,0.8451443569553806,0.8871391076115486,1.0
volcanoes-a4,rfc-nosuite,0.8944591029023746,1.0,1.0,0.0,0.0,1.0,0.7889182058047494,,1.0
volcanoes-a4,rfc-nosuite,0.8944591029023746,1.0,1.0,0.0,0.0,0.16094986807387862,0.8153034300791556,,1.0
volcanoes-a4,rfc-nosuite,0.8944591029023746,0.62,0.07387862796833773,0.0,0.0,0.021108179419525065,0.07651715039577836,0.05804749340369393,1.0
volcanoes-a4,rfc-nosuite,0.8944591029023746,0.99,1.0,0.0,0.0,1.0,0.8786279683377308,0.8865435356200527,1.0
volcanoes-a4,rfc-nosuite,0.8944591029023746,0.99,1.0,0.0,0.0,1.0,0.8786279683377308,,1.0
volcanoes-a4,rfc-nosuite,0.8944591029023746,0.59,0.029023746701846966,0.0,0.0,0.316622691292876,0.06596306068601583,0.22691292875989447,1.0
volcanoes-a4,rfc-nosuite,0.8944591029023746,0.97,1.0,0.0,0.0,1.0,0.8047493403693932,0.8786279683377308,1.0
volcanoes-a4,rfc-nosuite,0.8944591029023746,0.88,0.8918205804749341,0.0,0.0,0.9050131926121372,0.525065963060686,0.8918205804749341,1.0
volcanoes-a4,rfc-nosuite,0.8944591029023746,0.92,1.0,0.0,0.0,1.0,0.841688654353562,0.9050131926121372,1.0
volcanoes-a4,rfc-nosuite,0.8944591029023746,1.0,1.0,0.0,0.0,1.0,0.8786279683377308,0.9234828496042217,1.0
volcanoes-a4,rfc-nosuite,0.8944591029023746,1.0,1.0,0.0,0.0,1.0,0.8786279683377308,0.8918205804749341,1.0
volcanoes-a4,rfc-nosuite,0.8944591029023746,0.98,1.0,0.0,0.0,0.6517150395778364,0.5672823218997362,0.9234828496042217,1.0
volcanoes-a4,rfc-nosuite,0.8944591029023746,0.99,1.0,0.0,0.0,1.0,,0.8707124010554089,1.0
volcanoes-a4,rfc-nosuite,0.8944591029023746,1.0,1.0,0.0,0.0,1.0,0.7889182058047494,0.9498680738786279,1.0
volcanoes-a4,rfc-nosuite,0.8944591029023746,1.0,1.0,0.0,0.0,0.08443271767810026,0.8284960422163589,,1.0
volcanoes-a4,rfc-nosuite,0.8944591029023746,1.0,1.0,0.0,0.0,0.29815303430079154,0.8153034300791556,0.9340369393139841,1.0
volcanoes-a4,rfc-nosuite,0.8944591029023746,1.0,1.0,0.0,0.0,1.0,0.841688654353562,0.8918205804749341,1.0
volcanoes-a4,rfc-nosuite,0.8944591029023746,1.0,1.0,0.0,0.0,0.8311345646437994,0.7519788918205804,0.9313984168865436,1.0
volcanoes-a4,rfc-nosuite,0.8944591029023746,1.0,1.0,0.0,0.0,1.0,0.8918205804749341,0.9023746701846965,1.0
volcanoes-a4,rfc-nosuite,0.8944591029023746,1.0,1.0,0.0,0.0,1.0,0.8707124010554089,0.8839050131926122,1.0
volcanoes-a4,rfc-nosuite,0.8944591029023746,0.99,1.0,0.0,0.0,1.0,0.8786279683377308,0.9287598944591029,1.0
volcanoes-a4,rfc-nosuite,0.8944591029023746,0.44,0.0395778364116095,0.0,0.0,0.018469656992084433,0.002638522427440633,0.002638522427440633,1.0
volcanoes-a4,rfc-nosuite,0.8944591029023746,1.0,1.0,0.0,0.0,1.0,0.8601583113456465,0.9102902374670184,1.0
volcanoes-a4,rfc-nosuite,0.8944591029023746,1.0,1.0,0.0,0.0,1.0,0.7651715039577837,,1.0
volcanoes-a4,rfc-nosuite,0.8944591029023746,0.85,0.8759894459102903,0.0,0.0,0.8786279683377308,0.6253298153034301,0.8918205804749341,1.0
volcanoes-a4,rfc-nosuite,0.8944591029023746,1.0,1.0,0.0,0.0,0.6517150395778364,0.8786279683377308,0.9182058047493403,1.0
volcanoes-a4,rfc-nosuite,0.8944591029023746,1.0,1.0,0.0,0.0,1.0,0.8786279683377308,0.9023746701846965,1.0
volcanoes-a4,rfc-nosuite,0.8944591029023746,0.31,0.052770448548812667,0.0,0.0,0.018469656992084433,0.07387862796833773,0.029023746701846966,1.0
volcanoes-a4,rfc-nosuite,0.8944591029023746,0.98,1.0,0.0,0.0,1.0,0.8443271767810027,0.9393139841688655,1.0
volcanoes-a4,rfc-nosuite,0.8944591029023746,0.83,1.0,0.0,0.0,1.0,0.8153034300791556,,1.0
volcanoes-a4,rfc-nosuite,0.8944591029023746,0.65,1.0,0.0,0.0,0.055408970976253295,0.8918205804749341,,1.0
volcanoes-a4,rfc-nosuite,0.8944591029023746,0.99,1.0,0.0,0.0,1.0,0.899736147757256,0.9287598944591029,1.0
volcanoes-a4,rfc-nosuite,0.8944591029023746,0.82,0.7361477572559367,0.0,0.0,0.8918205804749341,0.2955145118733509,,1.0
volcanoes-a4,rfc-nosuite,0.8944591029023746,0.99,0.8258575197889182,0.0,0.0,0.5277044854881267,0.5567282321899736,,1.0
volcanoes-a4,rfc-nosuite,0.8944591029023746,0.39,0.0316622691292876,0.0,0.0,0.055408970976253295,0.0395778364116095,0.03430079155672823,1.0
volcanoes-a4,rfc-nosuite,0.8944591029023746,0.84,0.055408970976253295,0.0,0.0,1.0,0.45382585751978893,,1.0
volcanoes-a4,rfc-nosuite,0.8944591029023746,0.81,1.0,0.0,0.0,1.0,0.6860158311345647,0.8786279683377308,1.0
volcanoes-a4,rfc-nosuite,0.8944591029023746,1.0,1.0,0.0,0.0,1.0,0.8021108179419525,,1.0
volcanoes-a4,rfc-nosuite,0.8944591029023746,0.96,1.0,0.0,0.0,0.40105540897097625,0.8522427440633246,0.8970976253298153,1.0
volcanoes-a4,rfc-nosuite,0.8944591029023746,0.49,0.018469656992084433,0.0,0.0,0.005277044854881266,0.0079155672823219,0.0079155672823219,1.0
volcanoes-a4,rfc-nosuite,0.8944591029023746,1.0,1.0,0.0,0.0,1.0,0.8153034300791556,0.8786279683377308,1.0
volcanoes-a4,rfc-nosuite,0.8944591029023746,0.91,0.8786279683377308,0.0,0.0,0.9182058047493403,0.5013192612137203,0.941952506596306,1.0
volcanoes-a4,rfc-nosuite,0.8944591029023746,0.97,0.7678100263852242,0.0,0.0,1.0,0.8707124010554089,0.8786279683377308,1.0
volcanoes-a4,rfc-nosuite,0.8944591029023746,0.98,1.0,0.0,0.0,1.0,0.8522427440633246,0.9023746701846965,1.0
volcanoes-a4,rfc-nosuite,0.8944591029023746,0.96,1.0,0.0,0.0,1.0,0.8337730870712401,0.9102902374670184,1.0
volcanoes-a4,rfc-nosuite,0.8944591029023746,1.0,1.0,0.0,0.0,0.1345646437994723,0.8707124010554089,,1.0
volcanoes-a4,rfc-nosuite,0.8944591029023746,0.93,0.3720316622691293,0.0,0.0,1.0,0.8496042216358839,0.9261213720316622,1.0
volcanoes-a4,rfc-nosuite,0.8944591029023746,0.94,0.3720316622691293,0.0,0.0,1.0,0.8364116094986808,,1.0
volcanoes-a4,rfc-nosuite,0.8944591029023746,0.84,1.0,0.0,0.0,1.0,0.8601583113456465,0.9287598944591029,1.0
volcanoes-a4,rfc-nosuite,0.8944591029023746,1.0,1.0,0.0,0.0,0.6860158311345647,0.8073878627968337,0.9340369393139841,1.0
volcanoes-e1,rfc-nosuite,0.9155405405405406,1.0,1.0,0.0,0.0,1.0,0.831081081081081,,1.0
volcanoes-e1,rfc-nosuite,0.9155405405405406,0.97,1.0,0.0,0.0,1.0,,0.8378378378378378,1.0
volcanoes-e1,rfc-nosuite,0.9155405405405406,1.0,1.0,0.0,0.0,1.0,,0.6959459459459459,1.0
volcanoes-e1,rfc-nosuite,0.9155405405405406,1.0,1.0,0.0,0.0,1.0,0.8209459459459459,0.9459459459459459,1.0
volcanoes-e1,rfc-nosuite,0.9155405405405406,1.0,1.0,0.0,0.0,1.0,0.6891891891891891,,1.0
volcanoes-e1,rfc-nosuite,0.9155405405405406,0.76,0.05067567567567568,0.0,0.0,0.17905405405405406,0.17905405405405406,0.17905405405405406,1.0
volcanoes-e1,rfc-nosuite,0.9155405405405406,1.0,1.0,0.0,0.0,1.0,,,1.0
volcanoes-e1,rfc-nosuite,0.9155405405405406,0.99,1.0,0.0,0.0,1.0,,0.8378378378378378,1.0
volcanoes-e1,rfc-nosuite,0.9155405405405406,1.0,1.0,0.0,0.0,1.0,,,1.0
volcanoes-e1,rfc-nosuite,0.9155405405405406,0.86,0.7905405405405406,0.0,0.0,0.8277027027027027,0.8175675675675675,,1.0
volcanoes-e1,rfc-nosuite,0.9155405405405406,1.0,1.0,0.0,0.0,0.11824324324324324,0.75,,1.0
volcanoes-e1,rfc-nosuite,0.9155405405405406,0.89,1.0,0.0,0.0,0.8141891891891891,,0.8108108108108109,1.0
volcanoes-e1,rfc-nosuite,0.9155405405405406,0.85,1.0,0.0,0.0,1.0,,,1.0
volcanoes-e1,rfc-nosuite,0.9155405405405406,0.56,0.04391891891891892,0.0,0.0,0.14527027027027026,0.13175675675675674,0.20945945945945946,1.0
volcanoes-e1,rfc-nosuite,0.9155405405405406,0.94,0.40540540540540543,0.0,0.0,0.07432432432432433,0.4864864864864865,,1.0
volcanoes-e1,rfc-nosuite,0.9155405405405406,0.98,1.0,0.0,0.0,0.8378378378378378,,,1.0
volcanoes-e1,rfc-nosuite,0.9155405405405406,0.92,1.0,0.0,0.0,0.09797297297297297,0.7905405405405406,0.8716216216216216,1.0
volcanoes-e1,rfc-nosuite,0.9155405405405406,1.0,1.0,0.0,0.0,1.0,,,1.0
volcanoes-e1,rfc-nosuite,0.9155405405405406,0.97,0.33783783783783783,0.0,0.0,1.0,0.668918918918919,0.9493243243243243,1.0
volcanoes-e1,rfc-nosuite,0.9155405405405406,0.9,0.16554054054054054,0.0,0.0,0.9425675675675675,0.16554054054054054,,1.0
volcanoes-e1,rfc-nosuite,0.9155405405405406,0.99,1.0,0.0,0.0,1.0,0.8175675675675675,0.8378378378378378,1.0
volcanoes-e1,rfc-nosuite,0.9155405405405406,1.0,1.0,0.0,0.0,1.0,0.8006756756756757,,1.0
volcanoes-e1,rfc-nosuite,0.9155405405405406,0.95,0.3547297297297297,0.0,0.0,0.8209459459459459,0.30067567567567566,0.8277027027027027,1.0
volcanoes-e1,rfc-nosuite,0.9155405405405406,0.74,0.12837837837837837,0.0,0.0,0.11824324324324324,0.28040540540540543,0.43243243243243246,1.0
volcanoes-e1,rfc-nosuite,0.9155405405405406,0.59,0.8851351351351351,0.0,0.0,1.0,,0.13175675675675674,1.0
volcanoes-e1,rfc-nosuite,0.9155405405405406,0.98,1.0,0.0,0.0,1.0,0.21621621621621623,,1.0
volcanoes-e1,rfc-nosuite,0.9155405405405406,0.98,1.0,0.0,0.0,1.0,0.777027027027027,,1.0
volcanoes-e1,rfc-nosuite,0.9155405405405406,1.0,1.0,0.0,0.0,0.44932432432432434,0.8108108108108109,,1.0
volcanoes-e1,rfc-nosuite,0.9155405405405406,1.0,0.7195945945945946,0.0,0.0,0.831081081081081,0.777027027027027,0.8209459459459459,1.0
volcanoes-e1,rfc-nosuite,0.9155405405405406,0.84,0.0777027027027027,0.0,0.0,0.23986486486486486,0.46621621621621623,0.25675675675675674,1.0
volcanoes-e1,rfc-nosuite,0.9155405405405406,0.97,0.6824324324324325,0.0,0.0,1.0,,0.9256756756756757,1.0
volcanoes-e1,rfc-nosuite,0.9155405405405406,0.84,0.013513513513513514,0.0,0.0,0.28040540540540543,0.34121621621621623,0.3581081081081081,1.0
volcanoes-e1,rfc-nosuite,0.9155405405405406,1.0,1.0,0.0,0.0,1.0,,,1.0
volcanoes-e1,rfc-nosuite,0.9155405405405406,0.93,0.8243243243243243,0.0,0.0,0.8344594594594594,0.6148648648648649,0.8378378378378378,1.0
volcanoes-e1,rfc-nosuite,0.9155405405405406,0.5,1.0,0.0,0.0,0.3547297297297297,0.10135135135135136,0.6959459459459459,1.0
volcanoes-e1,rfc-nosuite,0.9155405405405406,1.0,0.35135135135135137,0.0,0.0,0.0777027027027027,0.7364864864864865,0.8378378378378378,1.0
volcanoes-e1,rfc-nosuite,0.9155405405405406,0.78,0.3108108108108108,0.0,0.0,0.9459459459459459,,0.24662162162162163,1.0
volcanoes-e1,rfc-nosuite,0.9155405405405406,0.96,1.0,0.0,0.0,1.0,0.28378378378378377,,1.0
volcanoes-e1,rfc-nosuite,0.9155405405405406,0.85,0.722972972972973,0.0,0.0,0.8783783783783784,0.19932432432432431,0.8209459459459459,1.0
volcanoes-e1,rfc-nosuite,0.9155405405405406,0.57,0.32094594594594594,0.0,0.0,0.6925675675675675,0.24324324324324326,0.2635135135135135,1.0
volcanoes-e1,rfc-nosuite,0.9155405405405406,0.98,1.0,0.0,0.0,1.0,0.777027027027027,0.8344594594594594,1.0
volcanoes-e1,rfc-nosuite,0.9155405405405406,1.0,0.7195945945945946,0.0,0.0,0.8378378378378378,0.5337837837837838,0.8344594594594594,1.0
volcanoes-e1,rfc-nosuite,0.9155405405405406,0.99,1.0,0.0,0.0,1.0,0.6925675675675675,0.8378378378378378,1.0
volcanoes-e1,rfc-nosuite,0.9155405405405406,0.97,1.0,0.0,0.0,0.2905405405405405,,,1.0
volcanoes-e1,rfc-nosuite,0.9155405405405406,0.5,1.0,0.0,0.0,0.02702702702702703,,0.15202702702702703,1.0
volcanoes-e1,rfc-nosuite,0.9155405405405406,1.0,1.0,0.0,0.0,1.0,0.7128378378378378,,1.0
volcanoes-e1,rfc-nosuite,0.9155405405405406,1.0,1.0,0.0,0.0,1.0,0.7331081081081081,0.8344594594594594,1.0
volcanoes-e1,rfc-nosuite,0.9155405405405406,0.99,0.8648648648648649,0.0,0.0,1.0,,,1.0
volcanoes-e1,rfc-nosuite,0.9155405405405406,0.95,1.0,0.0,0.0,1.0,0.46283783783783783,,1.0
volcanoes-e1,rfc-nosuite,0.9155405405405406,0.97,1.0,0.0,0.0,1.0,0.27702702702702703,0.8378378378378378,1.0
volcanoes-e2,rfc-nosuite,0.9148148148148149,1.0,1.0,0.0,0.0,1.0,,0.8703703703703703,1.0
volcanoes-e2,rfc-nosuite,0.9148148148148149,0.93,0.837037037037037,0.0,0.0,1.0,,,1.0
volcanoes-e2,rfc-nosuite,0.9148148148148149,0.96,1.0,0.0,0.0,1.0,0.8296296296296296,0.8,1.0
volcanoes-e2,rfc-nosuite,0.9148148148148149,0.98,1.0,0.0,0.0,1.0,,0.837037037037037,1.0
volcanoes-e2,rfc-nosuite,0.9148148148148149,1.0,1.0,0.0,0.0,1.0,,0.9481481481481482,1.0
volcanoes-e2,rfc-nosuite,0.9148148148148149,0.95,1.0,0.0,0.0,1.0,,,1.0
volcanoes-e2,rfc-nosuite,0.9148148148148149,0.98,1.0,0.0,0.0,1.0,0.8296296296296296,,1.0
volcanoes-e2,rfc-nosuite,0.9148148148148149,0.97,1.0,0.0,0.0,1.0,,0.8740740740740741,1.0
volcanoes-e2,rfc-nosuite,0.9148148148148149,0.98,0.337037037037037,0.0,0.0,1.0,,,1.0
volcanoes-e2,rfc-nosuite,0.9148148148148149,0.76,0.022222222222222223,0.0,0.0,0.25555555555555554,,0.4888888888888889,1.0
volcanoes-e2,rfc-nosuite,0.9148148148148149,0.96,0.04814814814814815,0.0,0.0,1.0,,,1.0
volcanoes-e2,rfc-nosuite,0.9148148148148149,0.96,1.0,0.0,0.0,1.0,,0.8296296296296296,1.0
volcanoes-e2,rfc-nosuite,0.9148148148148149,0.96,1.0,0.0,0.0,1.0,0.7,0.8296296296296296,1.0
volcanoes-e2,rfc-nosuite,0.9148148148148149,0.91,1.0,0.0,0.0,1.0,,0.8444444444444444,1.0
volcanoes-e2,rfc-nosuite,0.9148148148148149,1.0,1.0,0.0,0.0,1.0,,,1.0
volcanoes-e2,rfc-nosuite,0.9148148148148149,0.98,0.7851851851851852,0.0,0.0,1.0,,,1.0
volcanoes-e2,rfc-nosuite,0.9148148148148149,1.0,1.0,0.0,0.0,1.0,,0.8777777777777778,1.0
volcanoes-e2,rfc-nosuite,0.9148148148148149,0.77,0.9888888888888889,0.0,0.0,0.9925925925925926,,,1.0
volcanoes-e2,rfc-nosuite,0.9148148148148149,0.99,1.0,0.0,0.0,1.0,,0.8703703703703703,1.0
volcanoes-e2,rfc-nosuite,0.9148148148148149,0.97,1.0,0.0,0.0,1.0,,,1.0
volcanoes-e2,rfc-nosuite,0.9148148148148149,0.98,1.0,0.0,0.0,0.6777777777777778,,0.9481481481481482,1.0
volcanoes-e2,rfc-nosuite,0.9148148148148149,0.88,0.7851851851851852,0.0,0.0,0.7962962962962963,,0.9444444444444444,1.0
volcanoes-e2,rfc-nosuite,0.9148148148148149,0.92,0.7814814814814814,0.0,0.0,0.8703703703703703,0.7962962962962963,,1.0
volcanoes-e2,rfc-nosuite,0.9148148148148149,0.36,0.03333333333333333,0.0,0.0,0.5370370370370371,,0.5185185185185185,1.0
volcanoes-e2,rfc-nosuite,0.9148148148148149,1.0,1.0,0.0,0.0,1.0,,0.8740740740740741,1.0
volcanoes-e2,rfc-nosuite,0.9148148148148149,1.0,0.4925925925925926,0.0,0.0,1.0,,,1.0
volcanoes-e2,rfc-nosuite,0.9148148148148149,1.0,1.0,0.0,0.0,1.0,,0.8962962962962963,1.0
volcanoes-e2,rfc-nosuite,0.9148148148148149,1.0,1.0,0.0,0.0,1.0,,0.9,1.0
volcanoes-e2,rfc-nosuite,0.9148148148148149,0.71,0.1037037037037037,0.0,0.0,0.9185185185185185,,0.5185185185185185,1.0
volcanoes-e2,rfc-nosuite,0.9148148148148149,0.97,1.0,0.0,0.0,1.0,,,1.0
volcanoes-e2,rfc-nosuite,0.9148148148148149,0.98,1.0,0.0,0.0,1.0,,0.9703703703703703,1.0
volcanoes-e2,rfc-nosuite,0.9148148148148149,0.96,0.8703703703703703,0.0,0.0,0.8407407407407408,,,1.0
volcanoes-e2,rfc-nosuite,0.9148148148148149,1.0,1.0,0.0,0.0,1.0,,0.9629629629629629,1.0
volcanoes-e2,rfc-nosuite,0.9148148148148149,0.99,1.0,0.0,0.0,1.0,,,1.0
volcanoes-e2,rfc-nosuite,0.9148148148148149,0.98,1.0,0.0,0.0,1.0,,0.837037037037037,1.0
volcanoes-e2,rfc-nosuite,0.9148148148148149,0.96,1.0,0.0,0.0,1.0,,0.8592592592592593,1.0
volcanoes-e2,rfc-nosuite,0.9148148148148149,0.98,1.0,0.0,0.0,1.0,,,1.0
volcanoes-e2,rfc-nosuite,0.9148148148148149,0.98,1.0,0.0,0.0,1.0,,0.8703703703703703,1.0
volcanoes-e2,rfc-nosuite,0.9148148148148149,0.97,0.8703703703703703,0.0,0.0,0.9074074074074074,,,1.0
volcanoes-e2,rfc-nosuite,0.9148148148148149,1.0,1.0,0.0,0.0,1.0,,,1.0
volcanoes-e2,rfc-nosuite,0.9148148148148149,1.0,1.0,0.0,0.0,1.0,,0.9222222222222223,1.0
volcanoes-e2,rfc-nosuite,0.9148148148148149,0.97,0.8148148148148148,0.0,0.0,1.0,,0.8629629629629629,1.0
volcanoes-e2,rfc-nosuite,0.9148148148148149,0.45,0.025925925925925925,0.0,0.0,0.022222222222222223,,0.011111111111111112,1.0
volcanoes-e2,rfc-nosuite,0.9148148148148149,1.0,1.0,0.0,0.0,1.0,,0.8444444444444444,1.0
volcanoes-e2,rfc-nosuite,0.9148148148148149,0.98,1.0,0.0,0.0,1.0,,,1.0
volcanoes-e2,rfc-nosuite,0.9148148148148149,0.83,0.8703703703703703,0.0,0.0,1.0,,0.8703703703703703,1.0
volcanoes-e2,rfc-nosuite,0.9148148148148149,0.54,0.05185185185185185,0.0,0.0,0.003703703703703704,,0.003703703703703704,1.0
volcanoes-e2,rfc-nosuite,0.9148148148148149,0.96,0.6037037037037037,0.0,0.0,0.8777777777777778,,0.8814814814814815,1.0
volcanoes-e2,rfc-nosuite,0.9148148148148149,1.0,1.0,0.0,0.0,1.0,,0.9148148148148149,1.0
volcanoes-e2,rfc-nosuite,0.9148148148148149,0.99,1.0,0.0,0.0,1.0,,,1.0
volcanoes-e3,rfc-nosuite,0.915625,0.99,1.0,0.0,0.0,0.0875,,,1.0
volcanoes-e3,rfc-nosuite,0.915625,0.93,0.553125,0.0,0.0,1.0,,0.903125,1.0
volcanoes-e3,rfc-nosuite,0.915625,0.99,1.0,0.0,0.0,0.840625,,,1.0
volcanoes-e3,rfc-nosuite,0.915625,1.0,1.0,0.0,0.0,1.0,,,1.0
volcanoes-e3,rfc-nosuite,0.915625,0.87,1.0,0.0,0.0,1.0,,,1.0
volcanoes-e3,rfc-nosuite,0.915625,0.83,0.7375,0.0,0.0,1.0,,0.80625,1.0
volcanoes-e3,rfc-nosuite,0.915625,1.0,0.8375,0.0,0.0,0.865625,,0.8625,1.0
volcanoes-e3,rfc-nosuite,0.915625,1.0,1.0,0.0,0.0,0.815625,,,1.0
volcanoes-e3,rfc-nosuite,0.915625,0.95,0.33125,0.0,0.0,0.05625,,,1.0
volcanoes-e3,rfc-nosuite,0.915625,0.57,0.775,0.0,0.0,0.853125,0.4375,0.85625,1.0
volcanoes-e3,rfc-nosuite,0.915625,1.0,1.0,0.0,0.0,0.584375,,0.859375,1.0
volcanoes-e3,rfc-nosuite,0.915625,0.96,0.821875,0.0,0.0,1.0,0.853125,,1.0
volcanoes-e3,rfc-nosuite,0.915625,0.99,0.59375,0.0,0.0,1.0,,,1.0
volcanoes-e3,rfc-nosuite,0.915625,1.0,1.0,0.0,0.0,1.0,0.521875,0.840625,1.0
volcanoes-e3,rfc-nosuite,0.915625,1.0,1.0,0.0,0.0,1.0,,0.865625,1.0
volcanoes-e3,rfc-nosuite,0.915625,0.99,1.0,0.0,0.0,1.0,0.553125,,1.0
volcanoes-e3,rfc-nosuite,0.915625,1.0,1.0,0.0,0.0,1.0,,0.8625,1.0
volcanoes-e3,rfc-nosuite,0.915625,0.81,0.321875,0.0,0.0,0.309375,,0.315625,1.0
volcanoes-e3,rfc-nosuite,0.915625,0.99,0.85625,0.0,0.0,0.859375,,0.859375,1.0
volcanoes-e3,rfc-nosuite,0.915625,1.0,1.0,0.0,0.0,0.0875,,,1.0
volcanoes-e3,rfc-nosuite,0.915625,0.94,0.440625,0.0,0.0,0.4,,0.859375,1.0
volcanoes-e3,rfc-nosuite,0.915625,0.98,1.0,0.0,0.0,1.0,,,1.0
volcanoes-e3,rfc-nosuite,0.915625,1.0,0.590625,0.0,0.0,1.0,,,1.0
volcanoes-e3,rfc-nosuite,0.915625,0.99,1.0,0.0,0.0,1.0,,0.91875,1.0
volcanoes-e3,rfc-nosuite,0.915625,0.94,0.525,0.0,0.0,1.0,,0.96875,1.0
volcanoes-e3,rfc-nosuite,0.915625,1.0,1.0,0.0,0.0,1.0,,,1.0
volcanoes-e3,rfc-nosuite,0.915625,0.99,0.596875,0.0,0.0,0.2125,0.60625,0.84375,1.0
volcanoes-e3,rfc-nosuite,0.915625,0.96,0.840625,0.0,0.0,0.8625,,0.85625,1.0
volcanoes-e3,rfc-nosuite,0.915625,0.99,1.0,0.0,0.0,1.0,,0.86875,1.0
volcanoes-e3,rfc-nosuite,0.915625,0.99,1.0,0.0,0.0,1.0,,0.86875,1.0
volcanoes-e3,rfc-nosuite,0.915625,0.78,0.03125,0.0,0.0,0.271875,,0.26875,1.0
volcanoes-e3,rfc-nosuite,0.915625,0.97,1.0,0.0,0.0,1.0,,,1.0
volcanoes-e3,rfc-nosuite,0.915625,0.99,1.0,0.0,0.0,1.0,,0.859375,1.0
volcanoes-e3,rfc-nosuite,0.915625,0.99,1.0,0.0,0.0,0.534375,0.4,0.8625,1.0
volcanoes-e3,rfc-nosuite,0.915625,0.94,1.0,0.0,0.0,1.0,,,1.0
volcanoes-e3,rfc-nosuite,0.915625,0.82,1.0,0.0,0.0,1.0,,0.840625,1.0
volcanoes-e3,rfc-nosuite,0.915625,1.0,1.0,0.0,0.0,1.0,,0.853125,1.0
volcanoes-e3,rfc-nosuite,0.915625,0.98,0.85625,0.0,0.0,0.840625,,,1.0
volcanoes-e3,rfc-nosuite,0.915625,0.99,1.0,0.0,0.0,1.0,,0.86875,1.0
volcanoes-e3,rfc-nosuite,0.915625,1.0,1.0,0.0,0.0,1.0,,,1.0
volcanoes-e3,rfc-nosuite,0.915625,1.0,1.0,0.0,0.0,0.503125,,,1.0
volcanoes-e3,rfc-nosuite,0.915625,0.66,0.140625,0.0,0.0,0.91875,0.096875,0.53125,1.0
volcanoes-e3,rfc-nosuite,0.915625,1.0,1.0,0.0,0.0,0.7125,,,1.0
volcanoes-e3,rfc-nosuite,0.915625,0.95,1.0,0.0,0.0,1.0,,,1.0
volcanoes-e3,rfc-nosuite,0.915625,1.0,1.0,0.0,0.0,1.0,,,1.0
volcanoes-e3,rfc-nosuite,0.915625,0.95,0.653125,0.0,0.0,1.0,,,1.0
volcanoes-e3,rfc-nosuite,0.915625,0.96,0.840625,0.0,0.0,0.859375,,,1.0
volcanoes-e3,rfc-nosuite,0.915625,1.0,1.0,0.0,0.0,1.0,,,1.0
volcanoes-e3,rfc-nosuite,0.915625,0.98,0.85625,0.0,0.0,1.0,,,1.0
volcanoes-e3,rfc-nosuite,0.915625,0.95,0.653125,0.0,0.0,1.0,,0.953125,1.0
volcanoes-e4,rfc-nosuite,0.939297124600639,1.0,1.0,0.0,0.0,1.0,,,1.0
volcanoes-e4,rfc-nosuite,0.939297124600639,0.96,1.0,0.0,0.0,1.0,,,1.0
volcanoes-e4,rfc-nosuite,0.939297124600639,0.68,0.2939297124600639,0.0,0.0,1.0,,,1.0
volcanoes-e4,rfc-nosuite,0.939297124600639,0.95,1.0,0.0,0.0,1.0,,,1.0
volcanoes-e4,rfc-nosuite,0.939297124600639,0.45,0.10862619808306709,0.0,0.0,0.012779552715654952,0.019169329073482427,0.45686900958466453,1.0
volcanoes-e4,rfc-nosuite,0.939297124600639,0.99,1.0,0.0,0.0,1.0,,,1.0
volcanoes-e4,rfc-nosuite,0.939297124600639,0.75,0.009584664536741214,0.0,0.0,1.0,,0.3003194888178914,1.0
volcanoes-e4,rfc-nosuite,0.939297124600639,0.99,1.0,0.0,0.0,0.7060702875399361,,0.8753993610223643,1.0
volcanoes-e4,rfc-nosuite,0.939297124600639,0.98,1.0,0.0,0.0,1.0,,0.9137380191693291,1.0
volcanoes-e4,rfc-nosuite,0.939297124600639,1.0,1.0,0.0,0.0,1.0,,0.8306709265175719,1.0
volcanoes-e4,rfc-nosuite,0.939297124600639,0.84,0.054313099041533544,0.0,0.0,0.9936102236421726,,,1.0
volcanoes-e4,rfc-nosuite,0.939297124600639,1.0,1.0,0.0,0.0,1.0,,0.9840255591054313,1.0
volcanoes-e4,rfc-nosuite,0.939297124600639,0.96,0.8594249201277955,0.0,0.0,1.0,0.34824281150159747,0.9041533546325878,1.0
volcanoes-e4,rfc-nosuite,0.939297124600639,1.0,1.0,0.0,0.0,1.0,0.9137380191693291,,1.0
volcanoes-e4,rfc-nosuite,0.939297124600639,0.98,1.0,0.0,0.0,0.8753993610223643,0.8753993610223643,0.8594249201277955,1.0
volcanoes-e4,rfc-nosuite,0.939297124600639,0.95,1.0,0.0,0.0,1.0,0.5527156549520766,0.9009584664536742,1.0
volcanoes-e4,rfc-nosuite,0.939297124600639,1.0,1.0,0.0,0.0,1.0,,0.9840255591054313,1.0
volcanoes-e4,rfc-nosuite,0.939297124600639,1.0,1.0,0.0,0.0,1.0,,,1.0
volcanoes-e4,rfc-nosuite,0.939297124600639,0.88,0.8753993610223643,0.0,0.0,0.28753993610223644,,0.9137380191693291,1.0
volcanoes-e4,rfc-nosuite,0.939297124600639,1.0,1.0,0.0,0.0,1.0,,0.8881789137380192,1.0
volcanoes-e4,rfc-nosuite,0.939297124600639,0.68,0.009584664536741214,0.0,0.0,0.003194888178913738,0.006389776357827476,0.003194888178913738,1.0
volcanoes-e4,rfc-nosuite,0.939297124600639,0.99,1.0,0.0,0.0,0.6198083067092651,0.8753993610223643,0.9137380191693291,1.0
volcanoes-e4,rfc-nosuite,0.939297124600639,0.98,1.0,0.0,0.0,0.8753993610223643,,0.8753993610223643,1.0
volcanoes-e4,rfc-nosuite,0.939297124600639,0.97,0.7060702875399361,0.0,0.0,0.5718849840255591,,0.8753993610223643,1.0
volcanoes-e4,rfc-nosuite,0.939297124600639,0.99,1.0,0.0,0.0,0.35782747603833864,,,1.0
volcanoes-e4,rfc-nosuite,0.939297124600639,0.97,1.0,0.0,0.0,1.0,,,1.0
volcanoes-e4,rfc-nosuite,0.939297124600639,0.78,1.0,0.0,0.0,1.0,,,1.0
volcanoes-e4,rfc-nosuite,0.939297124600639,1.0,0.670926517571885,0.0,0.0,0.65814696485623,,,1.0
volcanoes-e4,rfc-nosuite,0.939297124600639,0.98,1.0,0.0,0.0,0.22044728434504793,0.7795527156549521,,1.0
volcanoes-e4,rfc-nosuite,0.939297124600639,0.97,1.0,0.0,0.0,0.36421725239616615,,,1.0
volcanoes-e4,rfc-nosuite,0.939297124600639,0.79,1.0,0.0,0.0,0.6198083067092651,,,1.0
volcanoes-e4,rfc-nosuite,0.939297124600639,0.96,0.8594249201277955,0.0,0.0,0.8753993610223643,0.8977635782747604,,1.0
volcanoes-e4,rfc-nosuite,0.939297124600639,1.0,1.0,0.0,0.0,0.7060702875399361,,0.9137380191693291,1.0
volcanoes-e4,rfc-nosuite,0.939297124600639,1.0,1.0,0.0,0.0,1.0,,,1.0
volcanoes-e4,rfc-nosuite,0.939297124600639,1.0,1.0,0.0,0.0,1.0,,,1.0
volcanoes-e4,rfc-nosuite,0.939297124600639,0.69,0.2939297124600639,0.0,0.0,0.9616613418530351,0.2971246006389776,0.29073482428115016,1.0
volcanoes-e4,rfc-nosuite,0.939297124600639,0.74,0.5175718849840255,0.0,0.0,1.0,,0.3801916932907348,1.0
volcanoes-e4,rfc-nosuite,0.939297124600639,0.99,1.0,0.0,0.0,0.6198083067092651,,,1.0
volcanoes-e4,rfc-nosuite,0.939297124600639,1.0,1.0,0.0,0.0,1.0,,0.9137380191693291,1.0
volcanoes-e4,rfc-nosuite,0.939297124600639,0.98,0.05750798722044728,0.0,0.0,1.0,,0.8019169329073482,1.0
volcanoes-e4,rfc-nosuite,0.939297124600639,1.0,1.0,0.0,0.0,1.0,0.43130990415335463,,1.0
volcanoes-e4,rfc-nosuite,0.939297124600639,1.0,1.0,0.0,0.0,1.0,,,1.0
volcanoes-e4,rfc-nosuite,0.939297124600639,0.96,0.8594249201277955,0.0,0.0,1.0,,,1.0
volcanoes-e4,rfc-nosuite,0.939297124600639,1.0,1.0,0.0,0.0,1.0,,,1.0
volcanoes-e4,rfc-nosuite,0.939297124600639,0.99,1.0,0.0,0.0,0.22044728434504793,,,1.0
volcanoes-e4,rfc-nosuite,0.939297124600639,0.71,0.3865814696485623,0.0,0.0,0.9840255591054313,,0.06389776357827476,1.0
volcanoes-e4,rfc-nosuite,0.939297124600639,0.71,0.670926517571885,0.0,0.0,0.7060702875399361,0.8753993610223643,0.6900958466453674,1.0
volcanoes-e4,rfc-nosuite,0.939297124600639,1.0,1.0,0.0,0.0,0.23961661341853036,,0.8753993610223643,1.0
volcanoes-e4,rfc-nosuite,0.939297124600639,1.0,1.0,0.0,0.0,0.134185303514377,,0.8785942492012779,1.0
volcanoes-e4,rfc-nosuite,0.939297124600639,0.99,0.8594249201277955,0.0,0.0,0.8753993610223643,,0.9584664536741214,1.0
volcanoes-e5,rfc-nosuite,0.9028776978417267,0.93,0.8633093525179856,0.0,0.0,0.9532374100719424,,,1.0
volcanoes-e5,rfc-nosuite,0.9028776978417267,1.0,1.0,0.0,0.0,1.0,,,1.0
volcanoes-e5,rfc-nosuite,0.9028776978417267,0.97,1.0,0.0,0.0,0.8633093525179856,,0.8633093525179856,1.0
volcanoes-e5,rfc-nosuite,0.9028776978417267,0.9,1.0,0.0,0.0,1.0,,0.8453237410071942,1.0
volcanoes-e5,rfc-nosuite,0.9028776978417267,0.95,0.3669064748201439,0.0,0.0,1.0,,,1.0
volcanoes-e5,rfc-nosuite,0.9028776978417267,0.96,1.0,0.0,0.0,1.0,,0.9532374100719424,1.0
volcanoes-e5,rfc-nosuite,0.9028776978417267,0.8,0.014388489208633094,0.0,0.0,0.6223021582733813,,0.2841726618705036,1.0
volcanoes-e5,rfc-nosuite,0.9028776978417267,0.98,1.0,0.0,0.0,1.0,,0.8381294964028777,1.0
volcanoes-e5,rfc-nosuite,0.9028776978417267,0.97,1.0,0.0,0.0,1.0,,,1.0
volcanoes-e5,rfc-nosuite,0.9028776978417267,1.0,1.0,0.0,0.0,1.0,,,1.0
volcanoes-e5,rfc-nosuite,0.9028776978417267,0.97,1.0,0.0,0.0,1.0,,0.9064748201438849,1.0
volcanoes-e5,rfc-nosuite,0.9028776978417267,0.98,1.0,0.0,0.0,1.0,,0.89568345323741,1.0
volcanoes-e5,rfc-nosuite,0.9028776978417267,0.54,0.01079136690647482,0.0,0.0,0.014388489208633094,,0.35251798561151076,1.0
volcanoes-e5,rfc-nosuite,0.9028776978417267,0.97,1.0,0.0,0.0,1.0,,0.9064748201438849,1.0
volcanoes-e5,rfc-nosuite,0.9028776978417267,0.99,0.3669064748201439,0.0,0.0,1.0,,,1.0
volcanoes-e5,rfc-nosuite,0.9028776978417267,1.0,0.4244604316546763,0.0,0.0,1.0,,,1.0
volcanoes-e5,rfc-nosuite,0.9028776978417267,0.9,1.0,0.0,0.0,1.0,,,1.0
volcanoes-e5,rfc-nosuite,0.9028776978417267,0.96,1.0,0.0,0.0,1.0,,,1.0
volcanoes-e5,rfc-nosuite,0.9028776978417267,1.0,1.0,0.0,0.0,1.0,,0.960431654676259,1.0
volcanoes-e5,rfc-nosuite,0.9028776978417267,0.84,0.6870503597122302,0.0,0.0,0.48201438848920863,,0.9064748201438849,1.0
volcanoes-e5,rfc-nosuite,0.9028776978417267,0.95,1.0,0.0,0.0,1.0,,,1.0
volcanoes-e5,rfc-nosuite,0.9028776978417267,1.0,1.0,0.0,0.0,1.0,,0.9568345323741008,1.0
volcanoes-e5,rfc-nosuite,0.9028776978417267,0.94,0.41007194244604317,0.0,0.0,1.0,,0.4172661870503597,1.0
volcanoes-e5,rfc-nosuite,0.9028776978417267,0.98,0.17985611510791366,0.0,0.0,1.0,,,1.0
volcanoes-e5,rfc-nosuite,0.9028776978417267,1.0,1.0,0.0,0.0,1.0,,,1.0
volcanoes-e5,rfc-nosuite,0.9028776978417267,0.98,1.0,0.0,0.0,1.0,,,1.0
volcanoes-e5,rfc-nosuite,0.9028776978417267,1.0,1.0,0.0,0.0,0.5683453237410072,,,1.0
volcanoes-e5,rfc-nosuite,0.9028776978417267,0.93,0.5035971223021583,0.0,0.0,1.0,,0.9496402877697842,1.0
volcanoes-e5,rfc-nosuite,0.9028776978417267,0.99,0.4244604316546763,0.0,0.0,1.0,,,1.0
volcanoes-e5,rfc-nosuite,0.9028776978417267,1.0,1.0,0.0,0.0,0.8633093525179856,,,1.0
volcanoes-e5,rfc-nosuite,0.9028776978417267,1.0,1.0,0.0,0.0,1.0,,0.9532374100719424,1.0
volcanoes-e5,rfc-nosuite,0.9028776978417267,0.97,1.0,0.0,0.0,1.0,,,1.0
volcanoes-e5,rfc-nosuite,0.9028776978417267,0.96,1.0,0.0,0.0,1.0,,,1.0
volcanoes-e5,rfc-nosuite,0.9028776978417267,0.89,1.0,0.0,0.0,1.0,,0.89568345323741,1.0
volcanoes-e5,rfc-nosuite,0.9028776978417267,0.98,0.7589928057553957,0.0,0.0,1.0,,0.8884892086330936,1.0
volcanoes-e5,rfc-nosuite,0.9028776978417267,0.97,1.0,0.0,0.0,0.8633093525179856,,,1.0
volcanoes-e5,rfc-nosuite,0.9028776978417267,1.0,1.0,0.0,0.0,1.0,,0.8705035971223022,1.0
volcanoes-e5,rfc-nosuite,0.9028776978417267,0.5,0.29856115107913667,0.0,0.0,0.014388489208633094,,0.014388489208633094,1.0
volcanoes-e5,rfc-nosuite,0.9028776978417267,1.0,1.0,0.0,0.0,1.0,,,1.0
volcanoes-e5,rfc-nosuite,0.9028776978417267,0.99,1.0,0.0,0.0,1.0,,,1.0
volcanoes-e5,rfc-nosuite,0.9028776978417267,0.78,0.960431654676259,0.0,0.0,0.2158273381294964,,0.3057553956834532,1.0
volcanoes-e5,rfc-nosuite,0.9028776978417267,0.33,0.15467625899280577,0.0,0.0,0.3129496402877698,,0.7122302158273381,1.0
volcanoes-e5,rfc-nosuite,0.9028776978417267,0.71,0.3129496402877698,0.0,0.0,1.0,,0.6798561151079137,1.0
volcanoes-e5,rfc-nosuite,0.9028776978417267,0.98,0.3669064748201439,0.0,0.0,1.0,,0.89568345323741,1.0
volcanoes-e5,rfc-nosuite,0.9028776978417267,1.0,1.0,0.0,0.0,1.0,,0.8812949640287769,1.0
volcanoes-e5,rfc-nosuite,0.9028776978417267,0.97,1.0,0.0,0.0,0.37050359712230213,,,1.0
volcanoes-e5,rfc-nosuite,0.9028776978417267,1.0,1.0,0.0,0.0,1.0,,0.9568345323741008,1.0
volcanoes-e5,rfc-nosuite,0.9028776978417267,0.98,0.3381294964028777,0.0,0.0,1.0,,0.9532374100719424,1.0
volcanoes-e5,rfc-nosuite,0.9028776978417267,0.99,1.0,0.0,0.0,0.8633093525179856,,0.9640287769784173,1.0
volcanoes-e5,rfc-nosuite,0.9028776978417267,0.99,1.0,0.0,0.0,1.0,,,1.0
wine-quality-red,rfc-nosuite,0.675,0.37,0.005,0.0,0.0,0.0025,,0.005,1.0
wine-quality-red,rfc-nosuite,0.675,0.91,0.0575,0.0,0.0,0.0225,,0.0875,1.0
wine-quality-red,rfc-nosuite,0.675,0.58,0.0325,0.0,0.0,0.03,,0.0425,1.0
wine-quality-red,rfc-nosuite,0.675,0.43,0.015,0.0,0.0,0.0025,,0.0025,1.0
wine-quality-red,rfc-nosuite,0.675,0.76,0.145,0.0,0.0,0.075,,0.095,1.0
wine-quality-red,rfc-nosuite,0.675,0.55,0.055,0.0,0.0,0.0225,,0.345,1.0
wine-quality-red,rfc-nosuite,0.675,0.77,0.015,0.0,0.0,0.015,,0.18,1.0
wine-quality-red,rfc-nosuite,0.675,0.52,0.1925,0.0,0.0,0.1275,,0.2625,1.0
wine-quality-red,rfc-nosuite,0.675,0.47,0.0175,0.0,0.0,0.0025,,0.0025,1.0
wine-quality-red,rfc-nosuite,0.675,0.51,0.01,0.0,0.0,0.045,,0.13,1.0
wine-quality-red,rfc-nosuite,0.675,0.7,0.015,0.0,0.0,0.0825,,0.1325,1.0
wine-quality-red,rfc-nosuite,0.675,0.44,0.055,0.0,0.0,0.0025,,0.0025,1.0
wine-quality-red,rfc-nosuite,0.675,0.88,0.01,0.0,0.0,0.0425,,0.3375,1.0
wine-quality-red,rfc-nosuite,0.675,0.58,0.045,0.0,0.0,0.1225,,0.075,1.0
wine-quality-red,rfc-nosuite,0.675,0.93,0.06,0.0,0.0,0.1575,,0.3175,1.0
wine-quality-red,rfc-nosuite,0.675,0.56,0.035,0.0,0.0,0.0075,,0.09,1.0
wine-quality-red,rfc-nosuite,0.675,0.49,0.005,0.0,0.0,0.0275,,0.21,1.0
wine-quality-red,rfc-nosuite,0.675,0.77,0.025,0.0,0.0,0.02,,0.005,1.0
wine-quality-red,rfc-nosuite,0.675,0.52,0.0075,0.0,0.0,0.085,,0.2475,1.0
wine-quality-red,rfc-nosuite,0.675,0.66,0.01,0.0,0.0,0.005,,0.0025,1.0
wine-quality-red,rfc-nosuite,0.675,0.81,0.0525,0.0,0.0,0.1025,,0.1125,1.0
wine-quality-red,rfc-nosuite,0.675,0.47,0.005,0.0,0.0,0.0175,,0.02,1.0
wine-quality-red,rfc-nosuite,0.675,0.73,0.1875,0.0,0.0,0.0875,,0.18,1.0
wine-quality-red,rfc-nosuite,0.675,0.62,0.1675,0.0,0.0,0.1925,,0.1475,1.0
wine-quality-red,rfc-nosuite,0.675,0.87,0.0125,0.0,0.0,0.085,,0.3425,1.0
wine-quality-red,rfc-nosuite,0.675,0.55,0.025,0.0,0.0,0.05,,0.035,1.0
wine-quality-red,rfc-nosuite,0.675,0.45,0.01,0.0,0.0,0.06,,0.0725,1.0
wine-quality-red,rfc-nosuite,0.675,0.68,0.04,0.0,0.0,0.06,,0.3075,1.0
wine-quality-red,rfc-nosuite,0.675,0.8,0.05,0.0,0.0,0.0625,,0.2925,1.0
wine-quality-red,rfc-nosuite,0.675,0.64,0.065,0.0,0.0,0.1875,,0.0425,1.0
wine-quality-red,rfc-nosuite,0.675,0.82,0.2225,0.0,0.0,0.0175,,0.415,1.0
wine-quality-red,rfc-nosuite,0.675,0.48,0.075,0.0,0.0,0.03,,0.12,1.0
wine-quality-red,rfc-nosuite,0.675,0.33,0.005,0.0,0.0,0.0025,,0.0025,1.0
wine-quality-red,rfc-nosuite,0.675,0.48,0.0075,0.0,0.0,0.1575,,0.035,1.0
wine-quality-red,rfc-nosuite,0.675,0.54,0.015,0.0,0.0,0.01,,0.02,1.0
wine-quality-red,rfc-nosuite,0.675,0.42,0.0125,0.0,0.0,0.0025,,0.01,1.0
wine-quality-red,rfc-nosuite,0.675,1.0,0.0875,0.0,0.0,0.0325,,0.3775,1.0
wine-quality-red,rfc-nosuite,0.675,0.39,0.0575,0.0,0.0,0.005,,0.005,1.0
wine-quality-red,rfc-nosuite,0.675,0.67,0.085,0.0,0.0,0.0675,,0.15,1.0
wine-quality-red,rfc-nosuite,0.675,0.49,0.0775,0.0,0.0,0.005,,0.05,1.0
wine-quality-red,rfc-nosuite,0.675,0.36,0.0175,0.0,0.0,0.0025,,0.0025,1.0
wine-quality-red,rfc-nosuite,0.675,0.68,0.0125,0.0,0.0,0.1025,,0.34,1.0
wine-quality-red,rfc-nosuite,0.675,0.46,0.015,0.0,0.0,0.005,,0.0075,1.0
wine-quality-red,rfc-nosuite,0.675,0.88,0.0075,0.0,0.0,0.16,,0.265,1.0
wine-quality-red,rfc-nosuite,0.675,0.86,0.005,0.0,0.0,0.035,,0.315,1.0
wine-quality-red,rfc-nosuite,0.675,0.48,0.0125,0.0,0.0,0.0225,,0.0175,1.0
wine-quality-red,rfc-nosuite,0.675,0.54,0.125,0.0,0.0,0.1425,,0.29,1.0
wine-quality-red,rfc-nosuite,0.675,0.35,0.0125,0.0,0.0,0.0025,,0.0025,1.0
wine-quality-red,rfc-nosuite,0.675,0.55,0.0025,0.0,0.0,0.0275,,0.0225,1.0
wine-quality-red,rfc-nosuite,0.675,0.61,0.05,0.0,0.0,0.015,,0.2375,1.0
yeast,rfc-nosuite,0.6226415094339622,0.43,0.02425876010781671,0.0,0.0,0.03234501347708895,,0.05121293800539083,1.0
yeast,rfc-nosuite,0.6226415094339622,0.79,0.0215633423180593,0.0,0.0,0.03504043126684636,,0.1725067385444744,1.0
yeast,rfc-nosuite,0.6226415094339622,0.7,0.029649595687331536,0.0,0.0,0.03234501347708895,,0.0862533692722372,1.0
yeast,rfc-nosuite,0.6226415094339622,0.74,0.11590296495956873,0.0,0.0,0.018867924528301886,,0.14555256064690028,1.0
yeast,rfc-nosuite,0.6226415094339622,0.8,0.08086253369272237,0.0,0.0,0.02425876010781671,,0.05390835579514825,1.0
yeast,rfc-nosuite,0.6226415094339622,0.42,0.04582210242587601,0.0,0.0,0.005390835579514825,,0.0026954177897574125,1.0
yeast,rfc-nosuite,0.6226415094339622,0.67,0.0215633423180593,0.0,0.0,0.07008086253369272,,0.09164420485175202,1.0
yeast,rfc-nosuite,0.6226415094339622,0.47,0.026954177897574125,0.0,0.0,0.0026954177897574125,,0.03234501347708895,1.0
yeast,rfc-nosuite,0.6226415094339622,0.57,0.018867924528301886,0.0,0.0,0.02425876010781671,,0.029649595687331536,1.0
yeast,rfc-nosuite,0.6226415094339622,0.72,0.07547169811320754,0.0,0.0,0.05390835579514825,,0.33962264150943394,1.0
yeast,rfc-nosuite,0.6226415094339622,0.86,0.09164420485175202,0.0,0.0,0.01078167115902965,,0.09703504043126684,1.0
yeast,rfc-nosuite,0.6226415094339622,0.86,0.03234501347708895,0.0,0.0,0.0215633423180593,,0.18059299191374664,1.0
yeast,rfc-nosuite,0.6226415094339622,0.59,0.06199460916442048,0.0,0.0,0.03773584905660377,,0.07547169811320754,1.0
yeast,rfc-nosuite,0.6226415094339622,0.55,0.0215633423180593,0.0,0.0,0.005390835579514825,,0.013477088948787063,1.0
yeast,rfc-nosuite,0.6226415094339622,0.72,0.1105121293800539,0.0,0.0,0.0215633423180593,,0.14285714285714285,1.0
yeast,rfc-nosuite,0.6226415094339622,0.48,0.03773584905660377,0.0,0.0,0.005390835579514825,,0.15633423180592992,1.0
yeast,rfc-nosuite,0.6226415094339622,0.56,0.01078167115902965,0.0,0.0,0.06199460916442048,,0.07816711590296496,1.0
yeast,rfc-nosuite,0.6226415094339622,0.73,0.013477088948787063,0.0,0.0,0.01078167115902965,,0.018867924528301886,1.0
yeast,rfc-nosuite,0.6226415094339622,0.6,0.0215633423180593,0.0,0.0,0.03234501347708895,,0.029649595687331536,1.0
yeast,rfc-nosuite,0.6226415094339622,0.64,0.016172506738544475,0.0,0.0,0.05121293800539083,,0.1940700808625337,1.0
yeast,rfc-nosuite,0.6226415094339622,0.77,0.04043126684636118,0.0,0.0,0.01078167115902965,,0.16172506738544473,1.0
yeast,rfc-nosuite,0.6226415094339622,0.74,0.008086253369272238,0.0,0.0,0.01078167115902965,,0.1778975741239892,1.0
yeast,rfc-nosuite,0.6226415094339622,0.9,0.07547169811320754,0.0,0.0,0.05660377358490566,,0.11859838274932614,1.0
yeast,rfc-nosuite,0.6226415094339622,0.42,0.005390835579514825,0.0,0.0,0.029649595687331536,,0.02425876010781671,1.0
yeast,rfc-nosuite,0.6226415094339622,0.54,0.04851752021563342,0.0,0.0,0.05390835579514825,,0.11859838274932614,1.0
yeast,rfc-nosuite,0.6226415094339622,0.4,0.018867924528301886,0.0,0.0,0.018867924528301886,,0.22641509433962265,1.0
yeast,rfc-nosuite,0.6226415094339622,0.52,0.013477088948787063,0.0,0.0,0.07008086253369272,,0.07008086253369272,1.0
yeast,rfc-nosuite,0.6226415094339622,0.51,0.013477088948787063,0.0,0.0,0.0026954177897574125,,0.03504043126684636,1.0
yeast,rfc-nosuite,0.6226415094339622,0.78,0.03504043126684636,0.0,0.0,0.02425876010781671,,0.1725067385444744,1.0
yeast,rfc-nosuite,0.6226415094339622,0.64,0.008086253369272238,0.0,0.0,0.04582210242587601,,0.16172506738544473,1.0
yeast,rfc-nosuite,0.6226415094339622,0.51,0.029649595687331536,0.0,0.0,0.02425876010781671,,0.19137466307277629,1.0
yeast,rfc-nosuite,0.6226415094339622,0.75,0.0431266846361186,0.0,0.0,0.0431266846361186,,0.06199460916442048,1.0
yeast,rfc-nosuite,0.6226415094339622,0.32,0.013477088948787063,0.0,0.0,0.0026954177897574125,,0.03773584905660377,1.0
yeast,rfc-nosuite,0.6226415094339622,0.37,0.02425876010781671,0.0,0.0,0.0215633423180593,,0.03773584905660377,1.0
yeast,rfc-nosuite,0.6226415094339622,0.63,0.05660377358490566,0.0,0.0,0.07816711590296496,,0.1752021563342318,1.0
yeast,rfc-nosuite,0.6226415094339622,0.45,0.05929919137466307,0.0,0.0,0.0889487870619946,,0.08355795148247978,1.0
yeast,rfc-nosuite,0.6226415094339622,0.42,0.0215633423180593,0.0,0.0,0.005390835579514825,,0.008086253369272238,1.0
yeast,rfc-nosuite,0.6226415094339622,0.92,0.029649595687331536,0.0,0.0,0.0215633423180593,,0.14285714285714285,1.0
yeast,rfc-nosuite,0.6226415094339622,0.73,0.029649595687331536,0.0,0.0,0.03773584905660377,,0.25067385444743934,1.0
yeast,rfc-nosuite,0.6226415094339622,0.44,0.03773584905660377,0.0,0.0,0.01078167115902965,,0.22911051212938005,1.0
yeast,rfc-nosuite,0.6226415094339622,0.64,0.0673854447439353,0.0,0.0,0.02425876010781671,,0.12398921832884097,1.0
yeast,rfc-nosuite,0.6226415094339622,0.57,0.07547169811320754,0.0,0.0,0.14555256064690028,,0.15633423180592992,1.0
yeast,rfc-nosuite,0.6226415094339622,0.47,0.013477088948787063,0.0,0.0,0.01078167115902965,,0.25336927223719674,1.0
yeast,rfc-nosuite,0.6226415094339622,0.56,0.008086253369272238,0.0,0.0,0.018867924528301886,,0.013477088948787063,1.0
yeast,rfc-nosuite,0.6226415094339622,0.76,0.05929919137466307,0.0,0.0,0.016172506738544475,,0.20215633423180593,1.0
yeast,rfc-nosuite,0.6226415094339622,0.55,0.40161725067385445,0.0,0.0,0.0215633423180593,,0.11859838274932614,1.0
yeast,rfc-nosuite,0.6226415094339622,0.41,0.07547169811320754,0.0,0.0,0.029649595687331536,,0.14824797843665768,1.0
yeast,rfc-nosuite,0.6226415094339622,0.55,0.01078167115902965,0.0,0.0,0.1078167115902965,,0.09433962264150944,1.0
yeast,rfc-nosuite,0.6226415094339622,0.79,0.07277628032345014,0.0,0.0,0.029649595687331536,,0.0889487870619946,1.0
yeast,rfc-nosuite,0.6226415094339622,0.85,0.14285714285714285,0.0,0.0,0.03234501347708895,,0.12398921832884097,1.0
rmftsa,rfc-nosuite,0.48828125,0.3562142857142858,0.42578125,0.0,0.0,0.38671875,0.4453125,0.0546875,1.0
rmftsa,rfc-nosuite,0.48828125,0.4576666666666667,0.21875,0.0,0.0,0.08984375,0.234375,0.20703125,1.0
rmftsa,rfc-nosuite,0.48828125,0.6425,0.50390625,0.0,0.0,0.09765625,0.13671875,0.02734375,1.0
rmftsa,rfc-nosuite,0.48828125,0.8478333333333333,0.47265625,0.0,0.0,0.42578125,0.046875,0.05859375,1.0
rmftsa,rfc-nosuite,0.48828125,0.614280303030303,0.7109375,0.0,0.0,0.28125,0.18359375,0.47265625,1.0
rmftsa,rfc-nosuite,0.48828125,0.8540349927849925,0.18359375,0.0,0.0,0.2421875,0.375,0.3671875,1.0
rmftsa,rfc-nosuite,0.48828125,0.2751865079365079,0.6875,0.0,0.0,0.1171875,0.01953125,0.1171875,1.0
rmftsa,rfc-nosuite,0.48828125,0.8464378399378396,0.26953125,0.0,0.0,0.26953125,0.26171875,0.26953125,1.0
rmftsa,rfc-nosuite,0.48828125,0.8261904761904763,0.03125,0.0,0.0,0.05078125,0.21484375,0.01953125,1.0
rmftsa,rfc-nosuite,0.48828125,0.5813382173382172,0.453125,0.0,0.0,0.26953125,0.1640625,0.26953125,1.0
rmftsa,rfc-nosuite,0.48828125,1.0,0.61328125,0.0,0.0,0.3671875,0.125,0.48046875,1.0
rmftsa,rfc-nosuite,0.48828125,0.59075,0.21484375,0.0,0.0,0.49609375,0.2265625,0.21484375,1.0
rmftsa,rfc-nosuite,0.48828125,0.861,0.08984375,0.0,0.0,0.03125,0.22265625,0.03125,1.0
rmftsa,rfc-nosuite,0.48828125,0.6853333333333335,0.3203125,0.0,0.0,0.140625,0.28515625,0.12890625,1.0
rmftsa,rfc-nosuite,0.48828125,0.6778594852859559,0.453125,0.0,0.0,0.15234375,0.23046875,0.49609375,1.0
rmftsa,rfc-nosuite,0.48828125,0.39428571428571435,0.015625,0.0,0.0,0.015625,0.12890625,0.10546875,1.0
rmftsa,rfc-nosuite,0.48828125,0.4970714285714286,0.10546875,0.0,0.0,0.0703125,0.0859375,0.2265625,1.0
rmftsa,rfc-nosuite,0.48828125,0.5813382173382172,0.453125,0.0,0.0,0.26953125,0.21484375,0.4375,1.0
rmftsa,rfc-nosuite,0.48828125,0.58,0.06640625,0.0,0.0,0.10546875,0.17578125,0.0390625,1.0
rmftsa,rfc-nosuite,0.48828125,0.9611111111111111,0.7109375,0.0,0.0,0.3203125,0.33984375,0.5859375,1.0
rmftsa,rfc-nosuite,0.48828125,0.6005757575757573,0.42578125,0.0,0.0,0.0390625,0.40625,0.1640625,1.0
rmftsa,rfc-nosuite,0.48828125,0.3537380952380953,0.04296875,0.0,0.0,0.27734375,0.16796875,0.1015625,1.0
rmftsa,rfc-nosuite,0.48828125,0.6685,0.171875,0.0,0.0,0.64453125,0.16796875,0.0546875,1.0
rmftsa,rfc-nosuite,0.48828125,0.6693243284493282,0.75390625,0.0,0.0,0.3828125,0.52734375,0.39453125,1.0
rmftsa,rfc-nosuite,0.48828125,0.7121666666666667,0.28125,0.0,0.0,0.52734375,0.28515625,0.3515625,1.0
rmftsa,rfc-nosuite,0.48828125,0.82,0.0703125,0.0,0.0,0.50390625,0.27734375,0.01171875,1.0
rmftsa,rfc-nosuite,0.48828125,0.429,0.0390625,0.0,0.0,0.00390625,0.37109375,0.265625,1.0
rmftsa,rfc-nosuite,0.48828125,0.52,0.09765625,0.0,0.0,0.62109375,0.03515625,0.34765625,1.0
rmftsa,rfc-nosuite,0.48828125,0.42683730158730154,0.1015625,0.0,0.0,0.7890625,0.453125,0.12109375,1.0
rmftsa,rfc-nosuite,0.48828125,0.6702857142857143,0.89453125,0.0,0.0,0.203125,0.171875,0.1171875,1.0
rmftsa,rfc-nosuite,0.48828125,0.6414067321567322,0.0859375,0.0,0.0,0.15625,0.37109375,0.22265625,1.0
rmftsa,rfc-nosuite,0.48828125,0.3321428571428571,0.015625,0.0,0.0,0.015625,0.22265625,0.22265625,1.0
rmftsa,rfc-nosuite,0.48828125,0.6853333333333335,0.3203125,0.0,0.0,0.140625,0.08203125,0.12890625,1.0
rmftsa,rfc-nosuite,0.48828125,0.5189999999999999,0.21875,0.0,0.0,0.171875,0.125,0.08984375,1.0
rmftsa,rfc-nosuite,0.48828125,0.8230952380952381,0.24609375,0.0,0.0,0.27734375,0.546875,0.078125,1.0
rmftsa,rfc-nosuite,0.48828125,0.5,0.078125,0.0,0.0,0.03125,0.39453125,0.0078125,1.0
rmftsa,rfc-nosuite,0.48828125,0.514142857142857,0.61328125,0.0,0.0,0.5234375,0.43359375,0.578125,1.0
rmftsa,rfc-nosuite,0.48828125,1.0,0.28125,0.0,0.0,0.015625,0.046875,0.0390625,1.0
rmftsa,rfc-nosuite,0.48828125,0.5757976190476191,0.3046875,0.0,0.0,0.5546875,0.1328125,0.18359375,1.0
rmftsa,rfc-nosuite,0.48828125,0.88,0.04296875,0.0,0.0,0.22265625,0.11328125,0.03125,1.0
rmftsa,rfc-nosuite,0.48828125,0.5973333333333334,0.1171875,0.0,0.0,0.15625,0.23046875,0.12890625,1.0
rmftsa,rfc-nosuite,0.48828125,0.4328333333333333,0.06640625,0.0,0.0,0.16796875,0.28515625,0.01953125,1.0
rmftsa,rfc-nosuite,0.48828125,0.74,0.08203125,0.0,0.0,0.0546875,0.28125,0.2421875,1.0
rmftsa,rfc-nosuite,0.48828125,0.74,0.578125,0.0,0.0,0.4296875,0.234375,0.0859375,1.0
rmftsa,rfc-nosuite,0.48828125,0.89,0.28125,0.0,0.0,0.015625,0.015625,0.38671875,1.0
rmftsa,rfc-nosuite,0.48828125,0.5813382173382172,0.453125,0.0,0.0,0.26953125,0.390625,0.2421875,1.0
rmftsa,rfc-nosuite,0.48828125,0.74,0.08203125,0.0,0.0,0.0546875,0.28125,0.265625,1.0
rmftsa,rfc-nosuite,0.48828125,0.72,0.078125,0.0,0.0,0.05859375,0.05859375,0.05859375,1.0
rmftsa,rfc-nosuite,0.48828125,0.86,0.046875,0.0,0.0,0.0390625,0.046875,0.0390625,1.0
rmftsa,rfc-nosuite,0.48828125,0.6383095238095238,0.96484375,0.0,0.0,0.16796875,0.06640625,0.12109375,1.0
banknote-authentication,rfc-nosuite,0.9941690962099126,0.99,1.0,0.0,0.0,0.20699708454810495,0.6647230320699709,0.31486880466472306,1.0
banknote-authentication,rfc-nosuite,0.9941690962099126,1.0,1.0,0.0,0.0,0.358600583090379,0.33819241982507287,0.36151603498542273,1.0
banknote-authentication,rfc-nosuite,0.9941690962099126,0.97,1.0,0.0,0.0,0.2565597667638484,0.7084548104956269,0.23323615160349853,1.0
banknote-authentication,rfc-nosuite,0.9941690962099126,0.95,0.4897959183673469,0.0,0.0,0.17784256559766765,0.239067055393586,0.24198250728862974,1.0
banknote-authentication,rfc-nosuite,0.9941690962099126,1.0,0.8104956268221575,0.0,0.0,0.3935860058309038,0.21574344023323616,0.34110787172011664,1.0
banknote-authentication,rfc-nosuite,0.9941690962099126,1.0,0.2594752186588921,0.0,0.0,0.30029154518950435,0.07580174927113703,0.30612244897959184,1.0
banknote-authentication,rfc-nosuite,0.9941690962099126,0.99,0.6967930029154519,0.0,0.0,0.25072886297376096,0.30612244897959184,0.2915451895043732,1.0
banknote-authentication,rfc-nosuite,0.9941690962099126,1.0,1.0,0.0,0.0,0.358600583090379,0.37900874635568516,0.2565597667638484,1.0
banknote-authentication,rfc-nosuite,0.9941690962099126,1.0,0.6676384839650146,0.0,0.0,0.4227405247813411,0.09912536443148688,0.3819241982507289,1.0
banknote-authentication,rfc-nosuite,0.9941690962099126,1.0,1.0,0.0,0.0,0.30903790087463556,0.22157434402332363,0.3323615160349854,1.0
banknote-authentication,rfc-nosuite,0.9941690962099126,0.94,0.7084548104956269,0.0,0.0,0.09912536443148688,0.026239067055393587,0.10495626822157435,1.0
banknote-authentication,rfc-nosuite,0.9941690962099126,1.0,1.0,0.0,0.0,0.4897959183673469,0.08746355685131195,0.42857142857142855,1.0
banknote-authentication,rfc-nosuite,0.9941690962099126,1.0,1.0,0.0,0.0,0.16034985422740525,0.2886297376093295,0.446064139941691,1.0
banknote-authentication,rfc-nosuite,0.9941690962099126,1.0,1.0,0.0,0.0,0.119533527696793,0.6618075801749271,0.2915451895043732,1.0
banknote-authentication,rfc-nosuite,0.9941690962099126,1.0,1.0,0.0,0.0,0.16326530612244897,0.0728862973760933,0.30612244897959184,1.0
banknote-authentication,rfc-nosuite,0.9941690962099126,1.0,0.3323615160349854,0.0,0.0,0.14868804664723032,0.061224489795918366,0.24489795918367346,1.0
banknote-authentication,rfc-nosuite,0.9941690962099126,0.99,0.3323615160349854,0.0,0.0,0.15160349854227406,0.061224489795918366,0.18075801749271136,1.0
banknote-authentication,rfc-nosuite,0.9941690962099126,0.98,0.6676384839650146,0.0,0.0,0.21282798833819241,0.3673469387755102,0.15451895043731778,1.0
banknote-authentication,rfc-nosuite,0.9941690962099126,0.99,1.0,0.0,0.0,0.33819241982507287,0.33819241982507287,0.30612244897959184,1.0
banknote-authentication,rfc-nosuite,0.9941690962099126,1.0,1.0,0.0,0.0,0.3848396501457726,0.03206997084548105,0.23323615160349853,1.0
banknote-authentication,rfc-nosuite,0.9941690962099126,1.0,0.8688046647230321,0.0,0.0,0.30612244897959184,0.0641399416909621,0.3032069970845481,1.0
banknote-authentication,rfc-nosuite,0.9941690962099126,0.97,0.20699708454810495,0.0,0.0,0.18075801749271136,0.2099125364431487,0.18658892128279883,1.0
banknote-authentication,rfc-nosuite,0.9941690962099126,1.0,1.0,0.0,0.0,0.33819241982507287,0.30903790087463556,0.3032069970845481,1.0
banknote-authentication,rfc-nosuite,0.9941690962099126,1.0,1.0,0.0,0.0,0.34402332361516036,0.26822157434402333,0.37026239067055394,1.0
banknote-authentication,rfc-nosuite,0.9941690962099126,0.89,0.6618075801749271,0.0,0.0,0.037900874635568516,0.029154518950437316,0.01749271137026239,1.0
banknote-authentication,rfc-nosuite,0.9941690962099126,1.0,1.0,0.0,0.0,0.33819241982507287,0.3498542274052478,0.24198250728862974,1.0
banknote-authentication,rfc-nosuite,0.9941690962099126,1.0,1.0,0.0,0.0,0.13119533527696792,0.11370262390670553,0.30903790087463556,1.0
banknote-authentication,rfc-nosuite,0.9941690962099126,1.0,1.0,0.0,0.0,0.31486880466472306,0.27113702623906705,0.4839650145772595,1.0
banknote-authentication,rfc-nosuite,0.9941690962099126,0.94,0.33819241982507287,0.0,0.0,0.33819241982507287,0.30612244897959184,0.33819241982507287,1.0
banknote-authentication,rfc-nosuite,0.9941690962099126,0.99,1.0,0.0,0.0,0.16326530612244897,0.16326530612244897,0.2857142857142857,1.0
banknote-authentication,rfc-nosuite,0.9941690962099126,0.99,1.0,0.0,0.0,0.20699708454810495,0.5189504373177842,0.2944606413994169,1.0
banknote-authentication,rfc-nosuite,0.9941690962099126,1.0,1.0,0.0,0.0,0.24198250728862974,0.5393586005830904,0.3206997084548105,1.0
banknote-authentication,rfc-nosuite,0.9941690962099126,0.94,0.3032069970845481,0.0,0.0,0.04081632653061224,0.03206997084548105,0.09037900874635568,1.0
banknote-authentication,rfc-nosuite,0.9941690962099126,1.0,1.0,0.0,0.0,0.30903790087463556,0.21865889212827988,0.5043731778425656,1.0
banknote-authentication,rfc-nosuite,0.9941690962099126,0.97,0.42857142857142855,0.0,0.0,0.16326530612244897,0.40233236151603496,0.25072886297376096,1.0
banknote-authentication,rfc-nosuite,0.9941690962099126,1.0,1.0,0.0,0.0,0.30903790087463556,0.21865889212827988,0.5685131195335277,1.0
banknote-authentication,rfc-nosuite,0.9941690962099126,1.0,1.0,0.0,0.0,0.2886297376093295,0.30612244897959184,0.4227405247813411,1.0
banknote-authentication,rfc-nosuite,0.9941690962099126,1.0,1.0,0.0,0.0,0.5043731778425656,0.2303206997084548,0.36151603498542273,1.0
banknote-authentication,rfc-nosuite,0.9941690962099126,0.98,1.0,0.0,0.0,0.15451895043731778,0.6618075801749271,0.40233236151603496,1.0
banknote-authentication,rfc-nosuite,0.9941690962099126,1.0,1.0,0.0,0.0,0.30903790087463556,0.11078717201166181,0.43731778425655976,1.0
banknote-authentication,rfc-nosuite,0.9941690962099126,0.99,1.0,0.0,0.0,0.36151603498542273,0.282798833819242,0.4868804664723032,1.0
banknote-authentication,rfc-nosuite,0.9941690962099126,1.0,0.30029154518950435,0.0,0.0,0.30612244897959184,0.30029154518950435,0.30612244897959184,1.0
banknote-authentication,rfc-nosuite,0.9941690962099126,0.85,0.6618075801749271,0.0,0.0,0.037900874635568516,0.11370262390670553,0.04664723032069971,1.0
banknote-authentication,rfc-nosuite,0.9941690962099126,0.99,0.2478134110787172,0.0,0.0,0.09912536443148688,0.03206997084548105,0.052478134110787174,1.0
banknote-authentication,rfc-nosuite,0.9941690962099126,1.0,1.0,0.0,0.0,0.30029154518950435,0.08454810495626822,0.239067055393586,1.0
banknote-authentication,rfc-nosuite,0.9941690962099126,1.0,0.6676384839650146,0.0,0.0,0.6618075801749271,0.2565597667638484,0.30612244897959184,1.0
banknote-authentication,rfc-nosuite,0.9941690962099126,1.0,1.0,0.0,0.0,0.2944606413994169,0.22157434402332363,0.3965014577259475,1.0
banknote-authentication,rfc-nosuite,0.9941690962099126,0.99,0.5043731778425656,0.0,0.0,0.1282798833819242,0.3965014577259475,0.23323615160349853,1.0
banknote-authentication,rfc-nosuite,0.9941690962099126,0.99,1.0,0.0,0.0,0.21574344023323616,0.26239067055393583,0.3469387755102041,1.0
banknote-authentication,rfc-nosuite,0.9941690962099126,0.94,0.01749271137026239,0.0,0.0,0.061224489795918366,0.011661807580174927,0.04956268221574344,1.0
volcanoes-a2,rfc-nosuite,0.9310344827586207,1.0,0.37438423645320196,0.0,0.0,0.312807881773399,0.5640394088669951,0.9014778325123153,1.0
volcanoes-a2,rfc-nosuite,0.9310344827586207,0.96,0.30295566502463056,0.0,0.0,0.034482758620689655,0.16009852216748768,,1.0
volcanoes-a2,rfc-nosuite,0.9310344827586207,1.0,1.0,0.0,0.0,1.0,0.5320197044334976,0.9211822660098522,1.0
volcanoes-a2,rfc-nosuite,0.9310344827586207,0.97,1.0,0.0,0.0,0.6551724137931034,0.8423645320197044,,1.0
volcanoes-a2,rfc-nosuite,0.9310344827586207,0.74,0.8423645320197044,0.0,0.0,0.9950738916256158,0.9137931034482759,,1.0
volcanoes-a2,rfc-nosuite,0.9310344827586207,1.0,1.0,0.0,0.0,1.0,0.9137931034482759,,1.0
volcanoes-a2,rfc-nosuite,0.9310344827586207,0.92,1.0,0.0,0.0,0.6551724137931034,0.8620689655172413,0.9334975369458128,1.0
volcanoes-a2,rfc-nosuite,0.9310344827586207,0.99,1.0,0.0,0.0,0.229064039408867,0.9137931034482759,,1.0
volcanoes-a2,rfc-nosuite,0.9310344827586207,1.0,1.0,0.0,0.0,0.5,0.7660098522167488,0.9532019704433498,1.0
volcanoes-a2,rfc-nosuite,0.9310344827586207,0.99,1.0,0.0,0.0,0.8423645320197044,0.8866995073891626,,1.0
volcanoes-a2,rfc-nosuite,0.9310344827586207,0.63,0.0049261083743842365,0.0,0.0,0.23891625615763548,0.46551724137931033,0.23891625615763548,1.0
volcanoes-a2,rfc-nosuite,0.9310344827586207,1.0,1.0,0.0,0.0,0.34236453201970446,0.8423645320197044,,1.0
volcanoes-a2,rfc-nosuite,0.9310344827586207,0.71,0.4482758620689655,0.0,0.0,0.2438423645320197,0.9137931034482759,0.21428571428571427,1.0
volcanoes-a2,rfc-nosuite,0.9310344827586207,0.72,0.9137931034482759,0.0,0.0,0.9261083743842364,0.5467980295566502,0.9334975369458128,1.0
volcanoes-a2,rfc-nosuite,0.9310344827586207,0.92,1.0,0.0,0.0,0.7955665024630542,0.854679802955665,,1.0
volcanoes-a2,rfc-nosuite,0.9310344827586207,1.0,1.0,0.0,0.0,0.4064039408866995,0.8620689655172413,0.916256157635468,1.0
volcanoes-a2,rfc-nosuite,0.9310344827586207,0.99,1.0,0.0,0.0,0.26108374384236455,0.9088669950738916,0.9679802955665024,1.0
volcanoes-a2,rfc-nosuite,0.9310344827586207,0.92,1.0,0.0,0.0,0.9137931034482759,0.916256157635468,0.9310344827586207,1.0
volcanoes-a2,rfc-nosuite,0.9310344827586207,1.0,1.0,0.0,0.0,0.7536945812807881,0.8793103448275862,0.9507389162561576,1.0
volcanoes-a2,rfc-nosuite,0.9310344827586207,1.0,1.0,0.0,0.0,1.0,0.8620689655172413,,1.0
volcanoes-a2,rfc-nosuite,0.9310344827586207,0.96,1.0,0.0,0.0,0.034482758620689655,0.8448275862068966,0.9408866995073891,1.0
volcanoes-a2,rfc-nosuite,0.9310344827586207,0.95,1.0,0.0,0.0,1.0,0.9137931034482759,0.9556650246305419,1.0
volcanoes-a2,rfc-nosuite,0.9310344827586207,0.98,1.0,0.0,0.0,0.8201970443349754,0.8325123152709359,,1.0
volcanoes-a2,rfc-nosuite,0.9310344827586207,1.0,0.7512315270935961,0.0,0.0,0.6551724137931034,0.43349753694581283,,1.0
volcanoes-a2,rfc-nosuite,0.9310344827586207,0.99,1.0,0.0,0.0,0.034482758620689655,0.8300492610837439,0.9482758620689655,1.0
volcanoes-a2,rfc-nosuite,0.9310344827586207,1.0,1.0,0.0,0.0,1.0,0.8325123152709359,0.9236453201970444,1.0
volcanoes-a2,rfc-nosuite,0.9310344827586207,1.0,1.0,0.0,0.0,0.41625615763546797,0.35960591133004927,,1.0
volcanoes-a2,rfc-nosuite,0.9310344827586207,0.96,1.0,0.0,0.0,1.0,0.9088669950738916,0.9285714285714286,1.0
volcanoes-a2,rfc-nosuite,0.9310344827586207,0.96,1.0,0.0,0.0,0.8349753694581281,0.7536945812807881,,1.0
volcanoes-a2,rfc-nosuite,0.9310344827586207,1.0,1.0,0.0,0.0,0.8842364532019704,0.9137931034482759,0.9704433497536946,1.0
volcanoes-a2,rfc-nosuite,0.9310344827586207,1.0,1.0,0.0,0.0,1.0,0.9137931034482759,0.9532019704433498,1.0
volcanoes-a2,rfc-nosuite,0.9310344827586207,1.0,1.0,0.0,0.0,0.7955665024630542,0.7216748768472906,0.9532019704433498,1.0
volcanoes-a2,rfc-nosuite,0.9310344827586207,0.99,1.0,0.0,0.0,1.0,0.7266009852216748,,1.0
volcanoes-a2,rfc-nosuite,0.9310344827586207,1.0,1.0,0.0,0.0,0.8251231527093597,0.8448275862068966,0.9433497536945813,1.0
volcanoes-a2,rfc-nosuite,0.9310344827586207,0.99,1.0,0.0,0.0,0.14532019704433496,0.9014778325123153,0.9532019704433498,1.0
volcanoes-a2,rfc-nosuite,0.9310344827586207,1.0,1.0,0.0,0.0,0.6551724137931034,0.5369458128078818,,1.0
volcanoes-a2,rfc-nosuite,0.9310344827586207,0.98,1.0,0.0,0.0,1.0,0.874384236453202,0.9458128078817734,1.0
volcanoes-a2,rfc-nosuite,0.9310344827586207,0.43,0.024630541871921183,0.0,0.0,0.014778325123152709,0.034482758620689655,0.009852216748768473,1.0
volcanoes-a2,rfc-nosuite,0.9310344827586207,1.0,1.0,0.0,0.0,1.0,0.8448275862068966,0.9458128078817734,1.0
volcanoes-a2,rfc-nosuite,0.9310344827586207,0.82,0.8793103448275862,0.0,0.0,0.8940886699507389,0.9137931034482759,0.8916256157635468,1.0
volcanoes-a2,rfc-nosuite,0.9310344827586207,1.0,1.0,0.0,0.0,0.8423645320197044,0.7684729064039408,0.8940886699507389,1.0
volcanoes-a2,rfc-nosuite,0.9310344827586207,0.97,1.0,0.0,0.0,0.7536945812807881,0.5517241379310345,,1.0
volcanoes-a2,rfc-nosuite,0.9310344827586207,0.97,1.0,0.0,0.0,1.0,0.854679802955665,0.9334975369458128,1.0
volcanoes-a2,rfc-nosuite,0.9310344827586207,0.98,1.0,0.0,0.0,0.4187192118226601,0.7586206896551724,0.9408866995073891,1.0
volcanoes-a2,rfc-nosuite,0.9310344827586207,1.0,1.0,0.0,0.0,1.0,0.37192118226600984,0.9655172413793104,1.0
volcanoes-a2,rfc-nosuite,0.9310344827586207,0.86,0.024630541871921183,0.0,0.0,0.9704433497536946,0.007389162561576354,0.2684729064039409,1.0
volcanoes-a2,rfc-nosuite,0.9310344827586207,1.0,1.0,0.0,0.0,0.229064039408867,0.874384236453202,,1.0
volcanoes-a2,rfc-nosuite,0.9310344827586207,0.96,0.9334975369458128,0.0,0.0,1.0,0.9064039408866995,,1.0
volcanoes-a2,rfc-nosuite,0.9310344827586207,1.0,1.0,0.0,0.0,0.8349753694581281,0.7660098522167488,0.9532019704433498,1.0
volcanoes-a2,rfc-nosuite,0.9310344827586207,0.99,1.0,0.0,0.0,1.0,0.8497536945812808,0.9408866995073891,1.0
volcanoes-a3,rfc-nosuite,0.89501312335958,0.42,0.023622047244094488,0.0,0.0,0.926509186351706,0.8398950131233596,0.8188976377952756,1.0
volcanoes-a3,rfc-nosuite,0.89501312335958,1.0,1.0,0.0,0.0,1.0,0.8661417322834646,,1.0
volcanoes-a3,rfc-nosuite,0.89501312335958,0.35,0.049868766404199474,0.0,0.0,0.49081364829396323,0.49343832020997375,0.015748031496062992,1.0
volcanoes-a3,rfc-nosuite,0.89501312335958,1.0,1.0,0.0,0.0,1.0,0.8871391076115486,0.926509186351706,1.0
volcanoes-a3,rfc-nosuite,0.89501312335958,1.0,1.0,0.0,0.0,0.30183727034120733,0.868766404199475,,1.0
volcanoes-a3,rfc-nosuite,0.89501312335958,0.99,1.0,0.0,0.0,1.0,0.5879265091863517,,1.0
volcanoes-a3,rfc-nosuite,0.89501312335958,1.0,1.0,0.0,0.0,0.6194225721784777,0.8241469816272966,,1.0
volcanoes-a3,rfc-nosuite,0.89501312335958,0.99,1.0,0.0,0.0,1.0,0.7952755905511811,0.9291338582677166,1.0
volcanoes-a3,rfc-nosuite,0.89501312335958,0.95,1.0,0.0,0.0,1.0,0.8241469816272966,0.9238845144356955,1.0
volcanoes-a3,rfc-nosuite,0.89501312335958,1.0,1.0,0.0,0.0,1.0,0.847769028871391,,1.0
volcanoes-a3,rfc-nosuite,0.89501312335958,1.0,1.0,0.0,0.0,0.5905511811023622,0.8057742782152231,0.9343832020997376,1.0
volcanoes-a3,rfc-nosuite,0.89501312335958,0.95,0.8871391076115486,0.0,0.0,0.905511811023622,0.9002624671916011,0.9212598425196851,1.0
volcanoes-a3,rfc-nosuite,0.89501312335958,0.7,1.0,0.0,0.0,1.0,0.7427821522309711,0.8871391076115486,1.0
volcanoes-a3,rfc-nosuite,0.89501312335958,0.59,0.031496062992125984,0.0,0.0,0.7375328083989501,0.06561679790026247,0.6929133858267716,1.0
volcanoes-a3,rfc-nosuite,0.89501312335958,0.9,0.8871391076115486,0.0,0.0,0.9002624671916011,0.8871391076115486,,1.0
volcanoes-a3,rfc-nosuite,0.89501312335958,0.99,1.0,0.0,0.0,0.9291338582677166,0.8923884514435696,0.9002624671916011,1.0
volcanoes-a3,rfc-nosuite,0.89501312335958,0.99,0.7795275590551181,0.0,0.0,0.8241469816272966,0.8582677165354331,0.9422572178477691,1.0
volcanoes-a3,rfc-nosuite,0.89501312335958,1.0,1.0,0.0,0.0,1.0,0.7979002624671916,0.8976377952755905,1.0
volcanoes-a3,rfc-nosuite,0.89501312335958,0.98,1.0,0.0,0.0,1.0,0.8057742782152231,0.926509186351706,1.0
volcanoes-a3,rfc-nosuite,0.89501312335958,0.85,0.7952755905511811,0.0,0.0,1.0,0.5196850393700787,0.9422572178477691,1.0
volcanoes-a3,rfc-nosuite,0.89501312335958,1.0,1.0,0.0,0.0,1.0,0.8031496062992126,,1.0
volcanoes-a3,rfc-nosuite,0.89501312335958,0.91,0.8871391076115486,0.0,0.0,0.8871391076115486,0.8871391076115486,0.868766404199475,1.0
volcanoes-a3,rfc-nosuite,0.89501312335958,1.0,1.0,0.0,0.0,0.926509186351706,0.8713910761154856,0.910761154855643,1.0
volcanoes-a3,rfc-nosuite,0.89501312335958,0.79,0.926509186351706,0.0,0.0,0.9291338582677166,0.7007874015748031,0.6404199475065617,1.0
volcanoes-a3,rfc-nosuite,0.89501312335958,0.95,1.0,0.0,0.0,1.0,0.8398950131233596,,1.0
volcanoes-a3,rfc-nosuite,0.89501312335958,0.97,1.0,0.0,0.0,1.0,0.8871391076115486,0.9422572178477691,1.0
volcanoes-a3,rfc-nosuite,0.89501312335958,0.49,0.05774278215223097,0.0,0.0,0.9291338582677166,0.9028871391076115,,1.0
volcanoes-a3,rfc-nosuite,0.89501312335958,0.98,1.0,0.0,0.0,1.0,0.7795275590551181,0.9291338582677166,1.0
volcanoes-a3,rfc-nosuite,0.89501312335958,1.0,1.0,0.0,0.0,0.6272965879265092,0.8057742782152231,,1.0
volcanoes-a3,rfc-nosuite,0.89501312335958,0.98,1.0,0.0,0.0,1.0,0.9002624671916011,0.9343832020997376,1.0
volcanoes-a3,rfc-nosuite,0.89501312335958,0.99,1.0,0.0,0.0,0.30183727034120733,0.8320209973753281,0.9186351706036745,1.0
volcanoes-a3,rfc-nosuite,0.89501312335958,1.0,1.0,0.0,0.0,1.0,0.7690288713910761,0.9606299212598425,1.0
volcanoes-a3,rfc-nosuite,0.89501312335958,0.72,0.926509186351706,0.0,0.0,0.9291338582677166,0.800524934383202,0.4199475065616798,1.0
volcanoes-a3,rfc-nosuite,0.89501312335958,0.97,1.0,0.0,0.0,0.8871391076115486,0.8451443569553806,0.8713910761154856,1.0
volcanoes-a3,rfc-nosuite,0.89501312335958,1.0,1.0,0.0,0.0,0.30183727034120733,0.8241469816272966,0.9343832020997376,1.0
volcanoes-a3,rfc-nosuite,0.89501312335958,0.89,0.5958005249343832,0.0,0.0,0.9291338582677166,0.8976377952755905,,1.0
volcanoes-a3,rfc-nosuite,0.89501312335958,0.98,0.49343832020997375,0.0,0.0,1.0,0.847769028871391,0.8766404199475065,1.0
volcanoes-a3,rfc-nosuite,0.89501312335958,0.98,1.0,0.0,0.0,0.3333333333333333,0.863517060367454,0.931758530183727,1.0
volcanoes-a3,rfc-nosuite,0.89501312335958,0.94,0.8871391076115486,0.0,0.0,0.05511811023622047,0.9081364829396326,,1.0
volcanoes-a3,rfc-nosuite,0.89501312335958,0.97,1.0,0.0,0.0,0.931758530183727,0.8057742782152231,0.9291338582677166,1.0
volcanoes-a3,rfc-nosuite,0.89501312335958,0.99,1.0,0.0,0.0,1.0,0.7979002624671916,0.9396325459317585,1.0
volcanoes-a3,rfc-nosuite,0.89501312335958,0.41,0.010498687664041995,0.0,0.0,0.007874015748031496,0.05249343832020997,0.0026246719160104987,1.0
volcanoes-a3,rfc-nosuite,0.89501312335958,0.98,1.0,0.0,0.0,1.0,0.8608923884514436,0.9396325459317585,1.0
volcanoes-a3,rfc-nosuite,0.89501312335958,1.0,1.0,0.0,0.0,0.7795275590551181,0.7191601049868767,0.926509186351706,1.0
volcanoes-a3,rfc-nosuite,0.89501312335958,0.96,1.0,0.0,0.0,0.9291338582677166,0.3464566929133858,0.9186351706036745,1.0
volcanoes-a3,rfc-nosuite,0.89501312335958,1.0,1.0,0.0,0.0,1.0,0.7900262467191601,0.9606299212598425,1.0
volcanoes-a3,rfc-nosuite,0.89501312335958,0.93,1.0,0.0,0.0,1.0,0.8871391076115486,,1.0
volcanoes-a3,rfc-nosuite,0.89501312335958,1.0,1.0,0.0,0.0,0.7952755905511811,0.5958005249343832,,1.0
volcanoes-a3,rfc-nosuite,0.89501312335958,0.99,1.0,0.0,0.0,1.0,0.821522309711286,,1.0
volcanoes-a3,rfc-nosuite,0.89501312335958,1.0,1.0,0.0,0.0,1.0,0.8451443569553806,0.8871391076115486,1.0
volcanoes-a4,rfc-nosuite,0.8944591029023746,1.0,1.0,0.0,0.0,1.0,0.7889182058047494,,1.0
volcanoes-a4,rfc-nosuite,0.8944591029023746,1.0,1.0,0.0,0.0,0.16094986807387862,0.8153034300791556,,1.0
volcanoes-a4,rfc-nosuite,0.8944591029023746,0.62,0.07387862796833773,0.0,0.0,0.021108179419525065,0.07651715039577836,0.05804749340369393,1.0
volcanoes-a4,rfc-nosuite,0.8944591029023746,0.99,1.0,0.0,0.0,1.0,0.8786279683377308,0.8865435356200527,1.0
volcanoes-a4,rfc-nosuite,0.8944591029023746,0.99,1.0,0.0,0.0,1.0,0.8786279683377308,,1.0
volcanoes-a4,rfc-nosuite,0.8944591029023746,0.59,0.029023746701846966,0.0,0.0,0.316622691292876,0.06596306068601583,0.22691292875989447,1.0
volcanoes-a4,rfc-nosuite,0.8944591029023746,0.97,1.0,0.0,0.0,1.0,0.8047493403693932,0.8786279683377308,1.0
volcanoes-a4,rfc-nosuite,0.8944591029023746,0.88,0.8918205804749341,0.0,0.0,0.9050131926121372,0.525065963060686,0.8918205804749341,1.0
volcanoes-a4,rfc-nosuite,0.8944591029023746,0.92,1.0,0.0,0.0,1.0,0.841688654353562,0.9050131926121372,1.0
volcanoes-a4,rfc-nosuite,0.8944591029023746,1.0,1.0,0.0,0.0,1.0,0.8786279683377308,0.9234828496042217,1.0
volcanoes-a4,rfc-nosuite,0.8944591029023746,1.0,1.0,0.0,0.0,1.0,0.8786279683377308,0.8918205804749341,1.0
volcanoes-a4,rfc-nosuite,0.8944591029023746,0.98,1.0,0.0,0.0,0.6517150395778364,0.5672823218997362,0.9234828496042217,1.0
volcanoes-a4,rfc-nosuite,0.8944591029023746,0.99,1.0,0.0,0.0,1.0,,0.8707124010554089,1.0
volcanoes-a4,rfc-nosuite,0.8944591029023746,1.0,1.0,0.0,0.0,1.0,0.7889182058047494,0.9498680738786279,1.0
volcanoes-a4,rfc-nosuite,0.8944591029023746,1.0,1.0,0.0,0.0,0.08443271767810026,0.8284960422163589,,1.0
volcanoes-a4,rfc-nosuite,0.8944591029023746,1.0,1.0,0.0,0.0,0.29815303430079154,0.8153034300791556,0.9340369393139841,1.0
volcanoes-a4,rfc-nosuite,0.8944591029023746,1.0,1.0,0.0,0.0,1.0,0.841688654353562,0.8918205804749341,1.0
volcanoes-a4,rfc-nosuite,0.8944591029023746,1.0,1.0,0.0,0.0,0.8311345646437994,0.7519788918205804,0.9313984168865436,1.0
volcanoes-a4,rfc-nosuite,0.8944591029023746,1.0,1.0,0.0,0.0,1.0,0.8918205804749341,0.9023746701846965,1.0
volcanoes-a4,rfc-nosuite,0.8944591029023746,1.0,1.0,0.0,0.0,1.0,0.8707124010554089,0.8839050131926122,1.0
volcanoes-a4,rfc-nosuite,0.8944591029023746,0.99,1.0,0.0,0.0,1.0,0.8786279683377308,0.9287598944591029,1.0
volcanoes-a4,rfc-nosuite,0.8944591029023746,0.44,0.0395778364116095,0.0,0.0,0.018469656992084433,0.002638522427440633,0.002638522427440633,1.0
volcanoes-a4,rfc-nosuite,0.8944591029023746,1.0,1.0,0.0,0.0,1.0,0.8601583113456465,0.9102902374670184,1.0
volcanoes-a4,rfc-nosuite,0.8944591029023746,1.0,1.0,0.0,0.0,1.0,0.7651715039577837,,1.0
volcanoes-a4,rfc-nosuite,0.8944591029023746,0.85,0.8759894459102903,0.0,0.0,0.8786279683377308,0.6253298153034301,0.8918205804749341,1.0
volcanoes-a4,rfc-nosuite,0.8944591029023746,1.0,1.0,0.0,0.0,0.6517150395778364,0.8786279683377308,0.9182058047493403,1.0
volcanoes-a4,rfc-nosuite,0.8944591029023746,1.0,1.0,0.0,0.0,1.0,0.8786279683377308,0.9023746701846965,1.0
volcanoes-a4,rfc-nosuite,0.8944591029023746,0.31,0.052770448548812667,0.0,0.0,0.018469656992084433,0.07387862796833773,0.029023746701846966,1.0
volcanoes-a4,rfc-nosuite,0.8944591029023746,0.98,1.0,0.0,0.0,1.0,0.8443271767810027,0.9393139841688655,1.0
volcanoes-a4,rfc-nosuite,0.8944591029023746,0.83,1.0,0.0,0.0,1.0,0.8153034300791556,,1.0
volcanoes-a4,rfc-nosuite,0.8944591029023746,0.65,1.0,0.0,0.0,0.055408970976253295,0.8918205804749341,,1.0
volcanoes-a4,rfc-nosuite,0.8944591029023746,0.99,1.0,0.0,0.0,1.0,0.899736147757256,0.9287598944591029,1.0
volcanoes-a4,rfc-nosuite,0.8944591029023746,0.82,0.7361477572559367,0.0,0.0,0.8918205804749341,0.2955145118733509,,1.0
volcanoes-a4,rfc-nosuite,0.8944591029023746,0.99,0.8258575197889182,0.0,0.0,0.5277044854881267,0.5567282321899736,,1.0
volcanoes-a4,rfc-nosuite,0.8944591029023746,0.39,0.0316622691292876,0.0,0.0,0.055408970976253295,0.0395778364116095,0.03430079155672823,1.0
volcanoes-a4,rfc-nosuite,0.8944591029023746,0.84,0.055408970976253295,0.0,0.0,1.0,0.45382585751978893,,1.0
volcanoes-a4,rfc-nosuite,0.8944591029023746,0.81,1.0,0.0,0.0,1.0,0.6860158311345647,0.8786279683377308,1.0
volcanoes-a4,rfc-nosuite,0.8944591029023746,1.0,1.0,0.0,0.0,1.0,0.8021108179419525,,1.0
volcanoes-a4,rfc-nosuite,0.8944591029023746,0.96,1.0,0.0,0.0,0.40105540897097625,0.8522427440633246,0.8970976253298153,1.0
volcanoes-a4,rfc-nosuite,0.8944591029023746,0.49,0.018469656992084433,0.0,0.0,0.005277044854881266,0.0079155672823219,0.0079155672823219,1.0
volcanoes-a4,rfc-nosuite,0.8944591029023746,1.0,1.0,0.0,0.0,1.0,0.8153034300791556,0.8786279683377308,1.0
volcanoes-a4,rfc-nosuite,0.8944591029023746,0.91,0.8786279683377308,0.0,0.0,0.9182058047493403,0.5013192612137203,0.941952506596306,1.0
volcanoes-a4,rfc-nosuite,0.8944591029023746,0.97,0.7678100263852242,0.0,0.0,1.0,0.8707124010554089,0.8786279683377308,1.0
volcanoes-a4,rfc-nosuite,0.8944591029023746,0.98,1.0,0.0,0.0,1.0,0.8522427440633246,0.9023746701846965,1.0
volcanoes-a4,rfc-nosuite,0.8944591029023746,0.96,1.0,0.0,0.0,1.0,0.8337730870712401,0.9102902374670184,1.0
volcanoes-a4,rfc-nosuite,0.8944591029023746,1.0,1.0,0.0,0.0,0.1345646437994723,0.8707124010554089,,1.0
volcanoes-a4,rfc-nosuite,0.8944591029023746,0.93,0.3720316622691293,0.0,0.0,1.0,0.8496042216358839,0.9261213720316622,1.0
volcanoes-a4,rfc-nosuite,0.8944591029023746,0.94,0.3720316622691293,0.0,0.0,1.0,0.8364116094986808,,1.0
volcanoes-a4,rfc-nosuite,0.8944591029023746,0.84,1.0,0.0,0.0,1.0,0.8601583113456465,0.9287598944591029,1.0
volcanoes-a4,rfc-nosuite,0.8944591029023746,1.0,1.0,0.0,0.0,0.6860158311345647,0.8073878627968337,0.9340369393139841,1.0
volcanoes-e1,rfc-nosuite,0.9155405405405406,1.0,1.0,0.0,0.0,1.0,0.831081081081081,,1.0
volcanoes-e1,rfc-nosuite,0.9155405405405406,0.97,1.0,0.0,0.0,1.0,,0.8378378378378378,1.0
volcanoes-e1,rfc-nosuite,0.9155405405405406,1.0,1.0,0.0,0.0,1.0,,0.6959459459459459,1.0
volcanoes-e1,rfc-nosuite,0.9155405405405406,1.0,1.0,0.0,0.0,1.0,0.8209459459459459,0.9459459459459459,1.0
volcanoes-e1,rfc-nosuite,0.9155405405405406,1.0,1.0,0.0,0.0,1.0,0.6891891891891891,,1.0
volcanoes-e1,rfc-nosuite,0.9155405405405406,0.76,0.05067567567567568,0.0,0.0,0.17905405405405406,0.17905405405405406,0.17905405405405406,1.0
volcanoes-e1,rfc-nosuite,0.9155405405405406,1.0,1.0,0.0,0.0,1.0,,,1.0
volcanoes-e1,rfc-nosuite,0.9155405405405406,0.99,1.0,0.0,0.0,1.0,,0.8378378378378378,1.0
volcanoes-e1,rfc-nosuite,0.9155405405405406,1.0,1.0,0.0,0.0,1.0,,,1.0
volcanoes-e1,rfc-nosuite,0.9155405405405406,0.86,0.7905405405405406,0.0,0.0,0.8277027027027027,0.8175675675675675,,1.0
volcanoes-e1,rfc-nosuite,0.9155405405405406,1.0,1.0,0.0,0.0,0.11824324324324324,0.75,,1.0
volcanoes-e1,rfc-nosuite,0.9155405405405406,0.89,1.0,0.0,0.0,0.8141891891891891,,0.8108108108108109,1.0
volcanoes-e1,rfc-nosuite,0.9155405405405406,0.85,1.0,0.0,0.0,1.0,,,1.0
volcanoes-e1,rfc-nosuite,0.9155405405405406,0.56,0.04391891891891892,0.0,0.0,0.14527027027027026,0.13175675675675674,0.20945945945945946,1.0
volcanoes-e1,rfc-nosuite,0.9155405405405406,0.94,0.40540540540540543,0.0,0.0,0.07432432432432433,0.4864864864864865,,1.0
volcanoes-e1,rfc-nosuite,0.9155405405405406,0.98,1.0,0.0,0.0,0.8378378378378378,,,1.0
volcanoes-e1,rfc-nosuite,0.9155405405405406,0.92,1.0,0.0,0.0,0.09797297297297297,0.7905405405405406,0.8716216216216216,1.0
volcanoes-e1,rfc-nosuite,0.9155405405405406,1.0,1.0,0.0,0.0,1.0,,,1.0
volcanoes-e1,rfc-nosuite,0.9155405405405406,0.97,0.33783783783783783,0.0,0.0,1.0,0.668918918918919,0.9493243243243243,1.0
volcanoes-e1,rfc-nosuite,0.9155405405405406,0.9,0.16554054054054054,0.0,0.0,0.9425675675675675,0.16554054054054054,,1.0
volcanoes-e1,rfc-nosuite,0.9155405405405406,0.99,1.0,0.0,0.0,1.0,0.8175675675675675,0.8378378378378378,1.0
volcanoes-e1,rfc-nosuite,0.9155405405405406,1.0,1.0,0.0,0.0,1.0,0.8006756756756757,,1.0
volcanoes-e1,rfc-nosuite,0.9155405405405406,0.95,0.3547297297297297,0.0,0.0,0.8209459459459459,0.30067567567567566,0.8277027027027027,1.0
volcanoes-e1,rfc-nosuite,0.9155405405405406,0.74,0.12837837837837837,0.0,0.0,0.11824324324324324,0.28040540540540543,0.43243243243243246,1.0
volcanoes-e1,rfc-nosuite,0.9155405405405406,0.59,0.8851351351351351,0.0,0.0,1.0,,0.13175675675675674,1.0
volcanoes-e1,rfc-nosuite,0.9155405405405406,0.98,1.0,0.0,0.0,1.0,0.21621621621621623,,1.0
volcanoes-e1,rfc-nosuite,0.9155405405405406,0.98,1.0,0.0,0.0,1.0,0.777027027027027,,1.0
volcanoes-e1,rfc-nosuite,0.9155405405405406,1.0,1.0,0.0,0.0,0.44932432432432434,0.8108108108108109,,1.0
volcanoes-e1,rfc-nosuite,0.9155405405405406,1.0,0.7195945945945946,0.0,0.0,0.831081081081081,0.777027027027027,0.8209459459459459,1.0
volcanoes-e1,rfc-nosuite,0.9155405405405406,0.84,0.0777027027027027,0.0,0.0,0.23986486486486486,0.46621621621621623,0.25675675675675674,1.0
volcanoes-e1,rfc-nosuite,0.9155405405405406,0.97,0.6824324324324325,0.0,0.0,1.0,,0.9256756756756757,1.0
volcanoes-e1,rfc-nosuite,0.9155405405405406,0.84,0.013513513513513514,0.0,0.0,0.28040540540540543,0.34121621621621623,0.3581081081081081,1.0
volcanoes-e1,rfc-nosuite,0.9155405405405406,1.0,1.0,0.0,0.0,1.0,,,1.0
volcanoes-e1,rfc-nosuite,0.9155405405405406,0.93,0.8243243243243243,0.0,0.0,0.8344594594594594,0.6148648648648649,0.8378378378378378,1.0
volcanoes-e1,rfc-nosuite,0.9155405405405406,0.5,1.0,0.0,0.0,0.3547297297297297,0.10135135135135136,0.6959459459459459,1.0
volcanoes-e1,rfc-nosuite,0.9155405405405406,1.0,0.35135135135135137,0.0,0.0,0.0777027027027027,0.7364864864864865,0.8378378378378378,1.0
volcanoes-e1,rfc-nosuite,0.9155405405405406,0.78,0.3108108108108108,0.0,0.0,0.9459459459459459,,0.24662162162162163,1.0
volcanoes-e1,rfc-nosuite,0.9155405405405406,0.96,1.0,0.0,0.0,1.0,0.28378378378378377,,1.0
volcanoes-e1,rfc-nosuite,0.9155405405405406,0.85,0.722972972972973,0.0,0.0,0.8783783783783784,0.19932432432432431,0.8209459459459459,1.0
volcanoes-e1,rfc-nosuite,0.9155405405405406,0.57,0.32094594594594594,0.0,0.0,0.6925675675675675,0.24324324324324326,0.2635135135135135,1.0
volcanoes-e1,rfc-nosuite,0.9155405405405406,0.98,1.0,0.0,0.0,1.0,0.777027027027027,0.8344594594594594,1.0
volcanoes-e1,rfc-nosuite,0.9155405405405406,1.0,0.7195945945945946,0.0,0.0,0.8378378378378378,0.5337837837837838,0.8344594594594594,1.0
volcanoes-e1,rfc-nosuite,0.9155405405405406,0.99,1.0,0.0,0.0,1.0,0.6925675675675675,0.8378378378378378,1.0
volcanoes-e1,rfc-nosuite,0.9155405405405406,0.97,1.0,0.0,0.0,0.2905405405405405,,,1.0
volcanoes-e1,rfc-nosuite,0.9155405405405406,0.5,1.0,0.0,0.0,0.02702702702702703,,0.15202702702702703,1.0
volcanoes-e1,rfc-nosuite,0.9155405405405406,1.0,1.0,0.0,0.0,1.0,0.7128378378378378,,1.0
volcanoes-e1,rfc-nosuite,0.9155405405405406,1.0,1.0,0.0,0.0,1.0,0.7331081081081081,0.8344594594594594,1.0
volcanoes-e1,rfc-nosuite,0.9155405405405406,0.99,0.8648648648648649,0.0,0.0,1.0,,,1.0
volcanoes-e1,rfc-nosuite,0.9155405405405406,0.95,1.0,0.0,0.0,1.0,0.46283783783783783,,1.0
volcanoes-e1,rfc-nosuite,0.9155405405405406,0.97,1.0,0.0,0.0,1.0,0.27702702702702703,0.8378378378378378,1.0
volcanoes-e2,rfc-nosuite,0.9148148148148149,1.0,1.0,0.0,0.0,1.0,,0.8703703703703703,1.0
volcanoes-e2,rfc-nosuite,0.9148148148148149,0.93,0.837037037037037,0.0,0.0,1.0,,,1.0
volcanoes-e2,rfc-nosuite,0.9148148148148149,0.96,1.0,0.0,0.0,1.0,0.8296296296296296,0.8,1.0
volcanoes-e2,rfc-nosuite,0.9148148148148149,0.98,1.0,0.0,0.0,1.0,,0.837037037037037,1.0
volcanoes-e2,rfc-nosuite,0.9148148148148149,1.0,1.0,0.0,0.0,1.0,,0.9481481481481482,1.0
volcanoes-e2,rfc-nosuite,0.9148148148148149,0.95,1.0,0.0,0.0,1.0,,,1.0
volcanoes-e2,rfc-nosuite,0.9148148148148149,0.98,1.0,0.0,0.0,1.0,0.8296296296296296,,1.0
volcanoes-e2,rfc-nosuite,0.9148148148148149,0.97,1.0,0.0,0.0,1.0,,0.8740740740740741,1.0
volcanoes-e2,rfc-nosuite,0.9148148148148149,0.98,0.337037037037037,0.0,0.0,1.0,,,1.0
volcanoes-e2,rfc-nosuite,0.9148148148148149,0.76,0.022222222222222223,0.0,0.0,0.25555555555555554,,0.4888888888888889,1.0
volcanoes-e2,rfc-nosuite,0.9148148148148149,0.96,0.04814814814814815,0.0,0.0,1.0,,,1.0
volcanoes-e2,rfc-nosuite,0.9148148148148149,0.96,1.0,0.0,0.0,1.0,,0.8296296296296296,1.0
volcanoes-e2,rfc-nosuite,0.9148148148148149,0.96,1.0,0.0,0.0,1.0,0.7,0.8296296296296296,1.0
volcanoes-e2,rfc-nosuite,0.9148148148148149,0.91,1.0,0.0,0.0,1.0,,0.8444444444444444,1.0
volcanoes-e2,rfc-nosuite,0.9148148148148149,1.0,1.0,0.0,0.0,1.0,,,1.0
volcanoes-e2,rfc-nosuite,0.9148148148148149,0.98,0.7851851851851852,0.0,0.0,1.0,,,1.0
volcanoes-e2,rfc-nosuite,0.9148148148148149,1.0,1.0,0.0,0.0,1.0,,0.8777777777777778,1.0
volcanoes-e2,rfc-nosuite,0.9148148148148149,0.77,0.9888888888888889,0.0,0.0,0.9925925925925926,,,1.0
volcanoes-e2,rfc-nosuite,0.9148148148148149,0.99,1.0,0.0,0.0,1.0,,0.8703703703703703,1.0
volcanoes-e2,rfc-nosuite,0.9148148148148149,0.97,1.0,0.0,0.0,1.0,,,1.0
volcanoes-e2,rfc-nosuite,0.9148148148148149,0.98,1.0,0.0,0.0,0.6777777777777778,,0.9481481481481482,1.0
volcanoes-e2,rfc-nosuite,0.9148148148148149,0.88,0.7851851851851852,0.0,0.0,0.7962962962962963,,0.9444444444444444,1.0
volcanoes-e2,rfc-nosuite,0.9148148148148149,0.92,0.7814814814814814,0.0,0.0,0.8703703703703703,0.7962962962962963,,1.0
volcanoes-e2,rfc-nosuite,0.9148148148148149,0.36,0.03333333333333333,0.0,0.0,0.5370370370370371,,0.5185185185185185,1.0
volcanoes-e2,rfc-nosuite,0.9148148148148149,1.0,1.0,0.0,0.0,1.0,,0.8740740740740741,1.0
volcanoes-e2,rfc-nosuite,0.9148148148148149,1.0,0.4925925925925926,0.0,0.0,1.0,,,1.0
volcanoes-e2,rfc-nosuite,0.9148148148148149,1.0,1.0,0.0,0.0,1.0,,0.8962962962962963,1.0
volcanoes-e2,rfc-nosuite,0.9148148148148149,1.0,1.0,0.0,0.0,1.0,,0.9,1.0
volcanoes-e2,rfc-nosuite,0.9148148148148149,0.71,0.1037037037037037,0.0,0.0,0.9185185185185185,,0.5185185185185185,1.0
volcanoes-e2,rfc-nosuite,0.9148148148148149,0.97,1.0,0.0,0.0,1.0,,,1.0
volcanoes-e2,rfc-nosuite,0.9148148148148149,0.98,1.0,0.0,0.0,1.0,,0.9703703703703703,1.0
volcanoes-e2,rfc-nosuite,0.9148148148148149,0.96,0.8703703703703703,0.0,0.0,0.8407407407407408,,,1.0
volcanoes-e2,rfc-nosuite,0.9148148148148149,1.0,1.0,0.0,0.0,1.0,,0.9629629629629629,1.0
volcanoes-e2,rfc-nosuite,0.9148148148148149,0.99,1.0,0.0,0.0,1.0,,,1.0
volcanoes-e2,rfc-nosuite,0.9148148148148149,0.98,1.0,0.0,0.0,1.0,,0.837037037037037,1.0
volcanoes-e2,rfc-nosuite,0.9148148148148149,0.96,1.0,0.0,0.0,1.0,,0.8592592592592593,1.0
volcanoes-e2,rfc-nosuite,0.9148148148148149,0.98,1.0,0.0,0.0,1.0,,,1.0
volcanoes-e2,rfc-nosuite,0.9148148148148149,0.98,1.0,0.0,0.0,1.0,,0.8703703703703703,1.0
volcanoes-e2,rfc-nosuite,0.9148148148148149,0.97,0.8703703703703703,0.0,0.0,0.9074074074074074,,,1.0
volcanoes-e2,rfc-nosuite,0.9148148148148149,1.0,1.0,0.0,0.0,1.0,,,1.0
volcanoes-e2,rfc-nosuite,0.9148148148148149,1.0,1.0,0.0,0.0,1.0,,0.9222222222222223,1.0
volcanoes-e2,rfc-nosuite,0.9148148148148149,0.97,0.8148148148148148,0.0,0.0,1.0,,0.8629629629629629,1.0
volcanoes-e2,rfc-nosuite,0.9148148148148149,0.45,0.025925925925925925,0.0,0.0,0.022222222222222223,,0.011111111111111112,1.0
volcanoes-e2,rfc-nosuite,0.9148148148148149,1.0,1.0,0.0,0.0,1.0,,0.8444444444444444,1.0
volcanoes-e2,rfc-nosuite,0.9148148148148149,0.98,1.0,0.0,0.0,1.0,,,1.0
volcanoes-e2,rfc-nosuite,0.9148148148148149,0.83,0.8703703703703703,0.0,0.0,1.0,,0.8703703703703703,1.0
volcanoes-e2,rfc-nosuite,0.9148148148148149,0.54,0.05185185185185185,0.0,0.0,0.003703703703703704,,0.003703703703703704,1.0
volcanoes-e2,rfc-nosuite,0.9148148148148149,0.96,0.6037037037037037,0.0,0.0,0.8777777777777778,,0.8814814814814815,1.0
volcanoes-e2,rfc-nosuite,0.9148148148148149,1.0,1.0,0.0,0.0,1.0,,0.9148148148148149,1.0
volcanoes-e2,rfc-nosuite,0.9148148148148149,0.99,1.0,0.0,0.0,1.0,,,1.0
volcanoes-e3,rfc-nosuite,0.915625,0.99,1.0,0.0,0.0,0.0875,,,1.0
volcanoes-e3,rfc-nosuite,0.915625,0.93,0.553125,0.0,0.0,1.0,,0.903125,1.0
volcanoes-e3,rfc-nosuite,0.915625,0.99,1.0,0.0,0.0,0.840625,,,1.0
volcanoes-e3,rfc-nosuite,0.915625,1.0,1.0,0.0,0.0,1.0,,,1.0
volcanoes-e3,rfc-nosuite,0.915625,0.87,1.0,0.0,0.0,1.0,,,1.0
volcanoes-e3,rfc-nosuite,0.915625,0.83,0.7375,0.0,0.0,1.0,,0.80625,1.0
volcanoes-e3,rfc-nosuite,0.915625,1.0,0.8375,0.0,0.0,0.865625,,0.8625,1.0
volcanoes-e3,rfc-nosuite,0.915625,1.0,1.0,0.0,0.0,0.815625,,,1.0
volcanoes-e3,rfc-nosuite,0.915625,0.95,0.33125,0.0,0.0,0.05625,,,1.0
volcanoes-e3,rfc-nosuite,0.915625,0.57,0.775,0.0,0.0,0.853125,0.4375,0.85625,1.0
volcanoes-e3,rfc-nosuite,0.915625,1.0,1.0,0.0,0.0,0.584375,,0.859375,1.0
volcanoes-e3,rfc-nosuite,0.915625,0.96,0.821875,0.0,0.0,1.0,0.853125,,1.0
volcanoes-e3,rfc-nosuite,0.915625,0.99,0.59375,0.0,0.0,1.0,,,1.0
volcanoes-e3,rfc-nosuite,0.915625,1.0,1.0,0.0,0.0,1.0,0.521875,0.840625,1.0
volcanoes-e3,rfc-nosuite,0.915625,1.0,1.0,0.0,0.0,1.0,,0.865625,1.0
volcanoes-e3,rfc-nosuite,0.915625,0.99,1.0,0.0,0.0,1.0,0.553125,,1.0
volcanoes-e3,rfc-nosuite,0.915625,1.0,1.0,0.0,0.0,1.0,,0.8625,1.0
volcanoes-e3,rfc-nosuite,0.915625,0.81,0.321875,0.0,0.0,0.309375,,0.315625,1.0
volcanoes-e3,rfc-nosuite,0.915625,0.99,0.85625,0.0,0.0,0.859375,,0.859375,1.0
volcanoes-e3,rfc-nosuite,0.915625,1.0,1.0,0.0,0.0,0.0875,,,1.0
volcanoes-e3,rfc-nosuite,0.915625,0.94,0.440625,0.0,0.0,0.4,,0.859375,1.0
volcanoes-e3,rfc-nosuite,0.915625,0.98,1.0,0.0,0.0,1.0,,,1.0
volcanoes-e3,rfc-nosuite,0.915625,1.0,0.590625,0.0,0.0,1.0,,,1.0
volcanoes-e3,rfc-nosuite,0.915625,0.99,1.0,0.0,0.0,1.0,,0.91875,1.0
volcanoes-e3,rfc-nosuite,0.915625,0.94,0.525,0.0,0.0,1.0,,0.96875,1.0
volcanoes-e3,rfc-nosuite,0.915625,1.0,1.0,0.0,0.0,1.0,,,1.0
volcanoes-e3,rfc-nosuite,0.915625,0.99,0.596875,0.0,0.0,0.2125,0.60625,0.84375,1.0
volcanoes-e3,rfc-nosuite,0.915625,0.96,0.840625,0.0,0.0,0.8625,,0.85625,1.0
volcanoes-e3,rfc-nosuite,0.915625,0.99,1.0,0.0,0.0,1.0,,0.86875,1.0
volcanoes-e3,rfc-nosuite,0.915625,0.99,1.0,0.0,0.0,1.0,,0.86875,1.0
volcanoes-e3,rfc-nosuite,0.915625,0.78,0.03125,0.0,0.0,0.271875,,0.26875,1.0
volcanoes-e3,rfc-nosuite,0.915625,0.97,1.0,0.0,0.0,1.0,,,1.0
volcanoes-e3,rfc-nosuite,0.915625,0.99,1.0,0.0,0.0,1.0,,0.859375,1.0
volcanoes-e3,rfc-nosuite,0.915625,0.99,1.0,0.0,0.0,0.534375,0.4,0.8625,1.0
volcanoes-e3,rfc-nosuite,0.915625,0.94,1.0,0.0,0.0,1.0,,,1.0
volcanoes-e3,rfc-nosuite,0.915625,0.82,1.0,0.0,0.0,1.0,,0.840625,1.0
volcanoes-e3,rfc-nosuite,0.915625,1.0,1.0,0.0,0.0,1.0,,0.853125,1.0
volcanoes-e3,rfc-nosuite,0.915625,0.98,0.85625,0.0,0.0,0.840625,,,1.0
volcanoes-e3,rfc-nosuite,0.915625,0.99,1.0,0.0,0.0,1.0,,0.86875,1.0
volcanoes-e3,rfc-nosuite,0.915625,1.0,1.0,0.0,0.0,1.0,,,1.0
volcanoes-e3,rfc-nosuite,0.915625,1.0,1.0,0.0,0.0,0.503125,,,1.0
volcanoes-e3,rfc-nosuite,0.915625,0.66,0.140625,0.0,0.0,0.91875,0.096875,0.53125,1.0
volcanoes-e3,rfc-nosuite,0.915625,1.0,1.0,0.0,0.0,0.7125,,,1.0
volcanoes-e3,rfc-nosuite,0.915625,0.95,1.0,0.0,0.0,1.0,,,1.0
volcanoes-e3,rfc-nosuite,0.915625,1.0,1.0,0.0,0.0,1.0,,,1.0
volcanoes-e3,rfc-nosuite,0.915625,0.95,0.653125,0.0,0.0,1.0,,,1.0
volcanoes-e3,rfc-nosuite,0.915625,0.96,0.840625,0.0,0.0,0.859375,,,1.0
volcanoes-e3,rfc-nosuite,0.915625,1.0,1.0,0.0,0.0,1.0,,,1.0
volcanoes-e3,rfc-nosuite,0.915625,0.98,0.85625,0.0,0.0,1.0,,,1.0
volcanoes-e3,rfc-nosuite,0.915625,0.95,0.653125,0.0,0.0,1.0,,0.953125,1.0
volcanoes-e4,rfc-nosuite,0.939297124600639,1.0,1.0,0.0,0.0,1.0,,,1.0
volcanoes-e4,rfc-nosuite,0.939297124600639,0.96,1.0,0.0,0.0,1.0,,,1.0
volcanoes-e4,rfc-nosuite,0.939297124600639,0.68,0.2939297124600639,0.0,0.0,1.0,,,1.0
volcanoes-e4,rfc-nosuite,0.939297124600639,0.95,1.0,0.0,0.0,1.0,,,1.0
volcanoes-e4,rfc-nosuite,0.939297124600639,0.45,0.10862619808306709,0.0,0.0,0.012779552715654952,0.019169329073482427,0.45686900958466453,1.0
volcanoes-e4,rfc-nosuite,0.939297124600639,0.99,1.0,0.0,0.0,1.0,,,1.0
volcanoes-e4,rfc-nosuite,0.939297124600639,0.75,0.009584664536741214,0.0,0.0,1.0,,0.3003194888178914,1.0
volcanoes-e4,rfc-nosuite,0.939297124600639,0.99,1.0,0.0,0.0,0.7060702875399361,,0.8753993610223643,1.0
volcanoes-e4,rfc-nosuite,0.939297124600639,0.98,1.0,0.0,0.0,1.0,,0.9137380191693291,1.0
volcanoes-e4,rfc-nosuite,0.939297124600639,1.0,1.0,0.0,0.0,1.0,,0.8306709265175719,1.0
volcanoes-e4,rfc-nosuite,0.939297124600639,0.84,0.054313099041533544,0.0,0.0,0.9936102236421726,,,1.0
volcanoes-e4,rfc-nosuite,0.939297124600639,1.0,1.0,0.0,0.0,1.0,,0.9840255591054313,1.0
volcanoes-e4,rfc-nosuite,0.939297124600639,0.96,0.8594249201277955,0.0,0.0,1.0,0.34824281150159747,0.9041533546325878,1.0
volcanoes-e4,rfc-nosuite,0.939297124600639,1.0,1.0,0.0,0.0,1.0,0.9137380191693291,,1.0
volcanoes-e4,rfc-nosuite,0.939297124600639,0.98,1.0,0.0,0.0,0.8753993610223643,0.8753993610223643,0.8594249201277955,1.0
volcanoes-e4,rfc-nosuite,0.939297124600639,0.95,1.0,0.0,0.0,1.0,0.5527156549520766,0.9009584664536742,1.0
volcanoes-e4,rfc-nosuite,0.939297124600639,1.0,1.0,0.0,0.0,1.0,,0.9840255591054313,1.0
volcanoes-e4,rfc-nosuite,0.939297124600639,1.0,1.0,0.0,0.0,1.0,,,1.0
volcanoes-e4,rfc-nosuite,0.939297124600639,0.88,0.8753993610223643,0.0,0.0,0.28753993610223644,,0.9137380191693291,1.0
volcanoes-e4,rfc-nosuite,0.939297124600639,1.0,1.0,0.0,0.0,1.0,,0.8881789137380192,1.0
volcanoes-e4,rfc-nosuite,0.939297124600639,0.68,0.009584664536741214,0.0,0.0,0.003194888178913738,0.006389776357827476,0.003194888178913738,1.0
volcanoes-e4,rfc-nosuite,0.939297124600639,0.99,1.0,0.0,0.0,0.6198083067092651,0.8753993610223643,0.9137380191693291,1.0
volcanoes-e4,rfc-nosuite,0.939297124600639,0.98,1.0,0.0,0.0,0.8753993610223643,,0.8753993610223643,1.0
volcanoes-e4,rfc-nosuite,0.939297124600639,0.97,0.7060702875399361,0.0,0.0,0.5718849840255591,,0.8753993610223643,1.0
volcanoes-e4,rfc-nosuite,0.939297124600639,0.99,1.0,0.0,0.0,0.35782747603833864,,,1.0
volcanoes-e4,rfc-nosuite,0.939297124600639,0.97,1.0,0.0,0.0,1.0,,,1.0
volcanoes-e4,rfc-nosuite,0.939297124600639,0.78,1.0,0.0,0.0,1.0,,,1.0
volcanoes-e4,rfc-nosuite,0.939297124600639,1.0,0.670926517571885,0.0,0.0,0.65814696485623,,,1.0
volcanoes-e4,rfc-nosuite,0.939297124600639,0.98,1.0,0.0,0.0,0.22044728434504793,0.7795527156549521,,1.0
volcanoes-e4,rfc-nosuite,0.939297124600639,0.97,1.0,0.0,0.0,0.36421725239616615,,,1.0
volcanoes-e4,rfc-nosuite,0.939297124600639,0.79,1.0,0.0,0.0,0.6198083067092651,,,1.0
volcanoes-e4,rfc-nosuite,0.939297124600639,0.96,0.8594249201277955,0.0,0.0,0.8753993610223643,0.8977635782747604,,1.0
volcanoes-e4,rfc-nosuite,0.939297124600639,1.0,1.0,0.0,0.0,0.7060702875399361,,0.9137380191693291,1.0
volcanoes-e4,rfc-nosuite,0.939297124600639,1.0,1.0,0.0,0.0,1.0,,,1.0
volcanoes-e4,rfc-nosuite,0.939297124600639,1.0,1.0,0.0,0.0,1.0,,,1.0
volcanoes-e4,rfc-nosuite,0.939297124600639,0.69,0.2939297124600639,0.0,0.0,0.9616613418530351,0.2971246006389776,0.29073482428115016,1.0
volcanoes-e4,rfc-nosuite,0.939297124600639,0.74,0.5175718849840255,0.0,0.0,1.0,,0.3801916932907348,1.0
volcanoes-e4,rfc-nosuite,0.939297124600639,0.99,1.0,0.0,0.0,0.6198083067092651,,,1.0
volcanoes-e4,rfc-nosuite,0.939297124600639,1.0,1.0,0.0,0.0,1.0,,0.9137380191693291,1.0
volcanoes-e4,rfc-nosuite,0.939297124600639,0.98,0.05750798722044728,0.0,0.0,1.0,,0.8019169329073482,1.0
volcanoes-e4,rfc-nosuite,0.939297124600639,1.0,1.0,0.0,0.0,1.0,0.43130990415335463,,1.0
volcanoes-e4,rfc-nosuite,0.939297124600639,1.0,1.0,0.0,0.0,1.0,,,1.0
volcanoes-e4,rfc-nosuite,0.939297124600639,0.96,0.8594249201277955,0.0,0.0,1.0,,,1.0
volcanoes-e4,rfc-nosuite,0.939297124600639,1.0,1.0,0.0,0.0,1.0,,,1.0
volcanoes-e4,rfc-nosuite,0.939297124600639,0.99,1.0,0.0,0.0,0.22044728434504793,,,1.0
volcanoes-e4,rfc-nosuite,0.939297124600639,0.71,0.3865814696485623,0.0,0.0,0.9840255591054313,,0.06389776357827476,1.0
volcanoes-e4,rfc-nosuite,0.939297124600639,0.71,0.670926517571885,0.0,0.0,0.7060702875399361,0.8753993610223643,0.6900958466453674,1.0
volcanoes-e4,rfc-nosuite,0.939297124600639,1.0,1.0,0.0,0.0,0.23961661341853036,,0.8753993610223643,1.0
volcanoes-e4,rfc-nosuite,0.939297124600639,1.0,1.0,0.0,0.0,0.134185303514377,,0.8785942492012779,1.0
volcanoes-e4,rfc-nosuite,0.939297124600639,0.99,0.8594249201277955,0.0,0.0,0.8753993610223643,,0.9584664536741214,1.0
volcanoes-e5,rfc-nosuite,0.9028776978417267,0.93,0.8633093525179856,0.0,0.0,0.9532374100719424,,,1.0
volcanoes-e5,rfc-nosuite,0.9028776978417267,1.0,1.0,0.0,0.0,1.0,,,1.0
volcanoes-e5,rfc-nosuite,0.9028776978417267,0.97,1.0,0.0,0.0,0.8633093525179856,,0.8633093525179856,1.0
volcanoes-e5,rfc-nosuite,0.9028776978417267,0.9,1.0,0.0,0.0,1.0,,0.8453237410071942,1.0
volcanoes-e5,rfc-nosuite,0.9028776978417267,0.95,0.3669064748201439,0.0,0.0,1.0,,,1.0
volcanoes-e5,rfc-nosuite,0.9028776978417267,0.96,1.0,0.0,0.0,1.0,,0.9532374100719424,1.0
volcanoes-e5,rfc-nosuite,0.9028776978417267,0.8,0.014388489208633094,0.0,0.0,0.6223021582733813,,0.2841726618705036,1.0
volcanoes-e5,rfc-nosuite,0.9028776978417267,0.98,1.0,0.0,0.0,1.0,,0.8381294964028777,1.0
volcanoes-e5,rfc-nosuite,0.9028776978417267,0.97,1.0,0.0,0.0,1.0,,,1.0
volcanoes-e5,rfc-nosuite,0.9028776978417267,1.0,1.0,0.0,0.0,1.0,,,1.0
volcanoes-e5,rfc-nosuite,0.9028776978417267,0.97,1.0,0.0,0.0,1.0,,0.9064748201438849,1.0
volcanoes-e5,rfc-nosuite,0.9028776978417267,0.98,1.0,0.0,0.0,1.0,,0.89568345323741,1.0
volcanoes-e5,rfc-nosuite,0.9028776978417267,0.54,0.01079136690647482,0.0,0.0,0.014388489208633094,,0.35251798561151076,1.0
volcanoes-e5,rfc-nosuite,0.9028776978417267,0.97,1.0,0.0,0.0,1.0,,0.9064748201438849,1.0
volcanoes-e5,rfc-nosuite,0.9028776978417267,0.99,0.3669064748201439,0.0,0.0,1.0,,,1.0
volcanoes-e5,rfc-nosuite,0.9028776978417267,1.0,0.4244604316546763,0.0,0.0,1.0,,,1.0
volcanoes-e5,rfc-nosuite,0.9028776978417267,0.9,1.0,0.0,0.0,1.0,,,1.0
volcanoes-e5,rfc-nosuite,0.9028776978417267,0.96,1.0,0.0,0.0,1.0,,,1.0
volcanoes-e5,rfc-nosuite,0.9028776978417267,1.0,1.0,0.0,0.0,1.0,,0.960431654676259,1.0
volcanoes-e5,rfc-nosuite,0.9028776978417267,0.84,0.6870503597122302,0.0,0.0,0.48201438848920863,,0.9064748201438849,1.0
volcanoes-e5,rfc-nosuite,0.9028776978417267,0.95,1.0,0.0,0.0,1.0,,,1.0
volcanoes-e5,rfc-nosuite,0.9028776978417267,1.0,1.0,0.0,0.0,1.0,,0.9568345323741008,1.0
volcanoes-e5,rfc-nosuite,0.9028776978417267,0.94,0.41007194244604317,0.0,0.0,1.0,,0.4172661870503597,1.0
volcanoes-e5,rfc-nosuite,0.9028776978417267,0.98,0.17985611510791366,0.0,0.0,1.0,,,1.0
volcanoes-e5,rfc-nosuite,0.9028776978417267,1.0,1.0,0.0,0.0,1.0,,,1.0
volcanoes-e5,rfc-nosuite,0.9028776978417267,0.98,1.0,0.0,0.0,1.0,,,1.0
volcanoes-e5,rfc-nosuite,0.9028776978417267,1.0,1.0,0.0,0.0,0.5683453237410072,,,1.0
volcanoes-e5,rfc-nosuite,0.9028776978417267,0.93,0.5035971223021583,0.0,0.0,1.0,,0.9496402877697842,1.0
volcanoes-e5,rfc-nosuite,0.9028776978417267,0.99,0.4244604316546763,0.0,0.0,1.0,,,1.0
volcanoes-e5,rfc-nosuite,0.9028776978417267,1.0,1.0,0.0,0.0,0.8633093525179856,,,1.0
volcanoes-e5,rfc-nosuite,0.9028776978417267,1.0,1.0,0.0,0.0,1.0,,0.9532374100719424,1.0
volcanoes-e5,rfc-nosuite,0.9028776978417267,0.97,1.0,0.0,0.0,1.0,,,1.0
volcanoes-e5,rfc-nosuite,0.9028776978417267,0.96,1.0,0.0,0.0,1.0,,,1.0
volcanoes-e5,rfc-nosuite,0.9028776978417267,0.89,1.0,0.0,0.0,1.0,,0.89568345323741,1.0
volcanoes-e5,rfc-nosuite,0.9028776978417267,0.98,0.7589928057553957,0.0,0.0,1.0,,0.8884892086330936,1.0
volcanoes-e5,rfc-nosuite,0.9028776978417267,0.97,1.0,0.0,0.0,0.8633093525179856,,,1.0
volcanoes-e5,rfc-nosuite,0.9028776978417267,1.0,1.0,0.0,0.0,1.0,,0.8705035971223022,1.0
volcanoes-e5,rfc-nosuite,0.9028776978417267,0.5,0.29856115107913667,0.0,0.0,0.014388489208633094,,0.014388489208633094,1.0
volcanoes-e5,rfc-nosuite,0.9028776978417267,1.0,1.0,0.0,0.0,1.0,,,1.0
volcanoes-e5,rfc-nosuite,0.9028776978417267,0.99,1.0,0.0,0.0,1.0,,,1.0
volcanoes-e5,rfc-nosuite,0.9028776978417267,0.78,0.960431654676259,0.0,0.0,0.2158273381294964,,0.3057553956834532,1.0
volcanoes-e5,rfc-nosuite,0.9028776978417267,0.33,0.15467625899280577,0.0,0.0,0.3129496402877698,,0.7122302158273381,1.0
volcanoes-e5,rfc-nosuite,0.9028776978417267,0.71,0.3129496402877698,0.0,0.0,1.0,,0.6798561151079137,1.0
volcanoes-e5,rfc-nosuite,0.9028776978417267,0.98,0.3669064748201439,0.0,0.0,1.0,,0.89568345323741,1.0
volcanoes-e5,rfc-nosuite,0.9028776978417267,1.0,1.0,0.0,0.0,1.0,,0.8812949640287769,1.0
volcanoes-e5,rfc-nosuite,0.9028776978417267,0.97,1.0,0.0,0.0,0.37050359712230213,,,1.0
volcanoes-e5,rfc-nosuite,0.9028776978417267,1.0,1.0,0.0,0.0,1.0,,0.9568345323741008,1.0
volcanoes-e5,rfc-nosuite,0.9028776978417267,0.98,0.3381294964028777,0.0,0.0,1.0,,0.9532374100719424,1.0
volcanoes-e5,rfc-nosuite,0.9028776978417267,0.99,1.0,0.0,0.0,0.8633093525179856,,0.9640287769784173,1.0
volcanoes-e5,rfc-nosuite,0.9028776978417267,0.99,1.0,0.0,0.0,1.0,,,1.0
wine-quality-red,rfc-nosuite,0.675,0.37,0.005,0.0,0.0,0.0025,,0.005,1.0
wine-quality-red,rfc-nosuite,0.675,0.91,0.0575,0.0,0.0,0.0225,,0.0875,1.0
wine-quality-red,rfc-nosuite,0.675,0.58,0.0325,0.0,0.0,0.03,,0.0425,1.0
wine-quality-red,rfc-nosuite,0.675,0.43,0.015,0.0,0.0,0.0025,,0.0025,1.0
wine-quality-red,rfc-nosuite,0.675,0.76,0.145,0.0,0.0,0.075,,0.095,1.0
wine-quality-red,rfc-nosuite,0.675,0.55,0.055,0.0,0.0,0.0225,,0.345,1.0
wine-quality-red,rfc-nosuite,0.675,0.77,0.015,0.0,0.0,0.015,,0.18,1.0
wine-quality-red,rfc-nosuite,0.675,0.52,0.1925,0.0,0.0,0.1275,,0.2625,1.0
wine-quality-red,rfc-nosuite,0.675,0.47,0.0175,0.0,0.0,0.0025,,0.0025,1.0
wine-quality-red,rfc-nosuite,0.675,0.51,0.01,0.0,0.0,0.045,,0.13,1.0
wine-quality-red,rfc-nosuite,0.675,0.7,0.015,0.0,0.0,0.0825,,0.1325,1.0
wine-quality-red,rfc-nosuite,0.675,0.44,0.055,0.0,0.0,0.0025,,0.0025,1.0
wine-quality-red,rfc-nosuite,0.675,0.88,0.01,0.0,0.0,0.0425,,0.3375,1.0
wine-quality-red,rfc-nosuite,0.675,0.58,0.045,0.0,0.0,0.1225,,0.075,1.0
wine-quality-red,rfc-nosuite,0.675,0.93,0.06,0.0,0.0,0.1575,,0.3175,1.0
wine-quality-red,rfc-nosuite,0.675,0.56,0.035,0.0,0.0,0.0075,,0.09,1.0
wine-quality-red,rfc-nosuite,0.675,0.49,0.005,0.0,0.0,0.0275,,0.21,1.0
wine-quality-red,rfc-nosuite,0.675,0.77,0.025,0.0,0.0,0.02,,0.005,1.0
wine-quality-red,rfc-nosuite,0.675,0.52,0.0075,0.0,0.0,0.085,,0.2475,1.0
wine-quality-red,rfc-nosuite,0.675,0.66,0.01,0.0,0.0,0.005,,0.0025,1.0
wine-quality-red,rfc-nosuite,0.675,0.81,0.0525,0.0,0.0,0.1025,,0.1125,1.0
wine-quality-red,rfc-nosuite,0.675,0.47,0.005,0.0,0.0,0.0175,,0.02,1.0
wine-quality-red,rfc-nosuite,0.675,0.73,0.1875,0.0,0.0,0.0875,,0.18,1.0
wine-quality-red,rfc-nosuite,0.675,0.62,0.1675,0.0,0.0,0.1925,,0.1475,1.0
wine-quality-red,rfc-nosuite,0.675,0.87,0.0125,0.0,0.0,0.085,,0.3425,1.0
wine-quality-red,rfc-nosuite,0.675,0.55,0.025,0.0,0.0,0.05,,0.035,1.0
wine-quality-red,rfc-nosuite,0.675,0.45,0.01,0.0,0.0,0.06,,0.0725,1.0
wine-quality-red,rfc-nosuite,0.675,0.68,0.04,0.0,0.0,0.06,,0.3075,1.0
wine-quality-red,rfc-nosuite,0.675,0.8,0.05,0.0,0.0,0.0625,,0.2925,1.0
wine-quality-red,rfc-nosuite,0.675,0.64,0.065,0.0,0.0,0.1875,,0.0425,1.0
wine-quality-red,rfc-nosuite,0.675,0.82,0.2225,0.0,0.0,0.0175,,0.415,1.0
wine-quality-red,rfc-nosuite,0.675,0.48,0.075,0.0,0.0,0.03,,0.12,1.0
wine-quality-red,rfc-nosuite,0.675,0.33,0.005,0.0,0.0,0.0025,,0.0025,1.0
wine-quality-red,rfc-nosuite,0.675,0.48,0.0075,0.0,0.0,0.1575,,0.035,1.0
wine-quality-red,rfc-nosuite,0.675,0.54,0.015,0.0,0.0,0.01,,0.02,1.0
wine-quality-red,rfc-nosuite,0.675,0.42,0.0125,0.0,0.0,0.0025,,0.01,1.0
wine-quality-red,rfc-nosuite,0.675,1.0,0.0875,0.0,0.0,0.0325,,0.3775,1.0
wine-quality-red,rfc-nosuite,0.675,0.39,0.0575,0.0,0.0,0.005,,0.005,1.0
wine-quality-red,rfc-nosuite,0.675,0.67,0.085,0.0,0.0,0.0675,,0.15,1.0
wine-quality-red,rfc-nosuite,0.675,0.49,0.0775,0.0,0.0,0.005,,0.05,1.0
wine-quality-red,rfc-nosuite,0.675,0.36,0.0175,0.0,0.0,0.0025,,0.0025,1.0
wine-quality-red,rfc-nosuite,0.675,0.68,0.0125,0.0,0.0,0.1025,,0.34,1.0
wine-quality-red,rfc-nosuite,0.675,0.46,0.015,0.0,0.0,0.005,,0.0075,1.0
wine-quality-red,rfc-nosuite,0.675,0.88,0.0075,0.0,0.0,0.16,,0.265,1.0
wine-quality-red,rfc-nosuite,0.675,0.86,0.005,0.0,0.0,0.035,,0.315,1.0
wine-quality-red,rfc-nosuite,0.675,0.48,0.0125,0.0,0.0,0.0225,,0.0175,1.0
wine-quality-red,rfc-nosuite,0.675,0.54,0.125,0.0,0.0,0.1425,,0.29,1.0
wine-quality-red,rfc-nosuite,0.675,0.35,0.0125,0.0,0.0,0.0025,,0.0025,1.0
wine-quality-red,rfc-nosuite,0.675,0.55,0.0025,0.0,0.0,0.0275,,0.0225,1.0
wine-quality-red,rfc-nosuite,0.675,0.61,0.05,0.0,0.0,0.015,,0.2375,1.0
maternal,rfc-nosuite,0.7992125984251969,1.0,0.051181102362204724,0.0,0.0,0.051181102362204724,0.047244094488188976,0.0984251968503937,1.0
maternal,rfc-nosuite,0.7992125984251969,0.605,0.07480314960629922,0.0,0.0,0.1062992125984252,0.08267716535433071,0.003937007874015748,1.0
maternal,rfc-nosuite,0.7992125984251969,0.85,0.01968503937007874,0.0,0.0,0.37401574803149606,0.14566929133858267,0.5275590551181102,1.0
maternal,rfc-nosuite,0.7992125984251969,0.7475,0.03543307086614173,0.0,0.0,0.09055118110236221,0.1062992125984252,0.06299212598425197,1.0
maternal,rfc-nosuite,0.7992125984251969,0.955,0.10236220472440945,0.0,0.0,0.10236220472440945,0.04330708661417323,0.05511811023622047,1.0
maternal,rfc-nosuite,0.7992125984251969,0.9710833333333333,0.2047244094488189,0.0,0.0,0.023622047244094488,0.015748031496062992,0.5590551181102362,1.0
maternal,rfc-nosuite,0.7992125984251969,0.9466666666666668,0.05905511811023622,0.0,0.0,0.047244094488188976,0.15354330708661418,0.08267716535433071,1.0
maternal,rfc-nosuite,0.7992125984251969,0.5185,0.01968503937007874,0.0,0.0,0.011811023622047244,0.027559055118110236,0.11023622047244094,1.0
maternal,rfc-nosuite,0.7992125984251969,0.6767976190476189,0.015748031496062992,0.0,0.0,0.04330708661417323,0.04330708661417323,0.2637795275590551,1.0
maternal,rfc-nosuite,0.7992125984251969,0.6163809523809524,0.003937007874015748,0.0,0.0,0.003937007874015748,0.007874015748031496,0.003937007874015748,1.0
maternal,rfc-nosuite,0.7992125984251969,0.99,0.18110236220472442,0.0,0.0,0.2125984251968504,0.051181102362204724,0.2125984251968504,1.0
maternal,rfc-nosuite,0.7992125984251969,0.8311764069264065,0.1220472440944882,0.0,0.0,0.047244094488188976,0.04330708661417323,0.2125984251968504,1.0
maternal,rfc-nosuite,0.7992125984251969,1.0,0.0984251968503937,0.0,0.0,0.10236220472440945,0.08267716535433071,0.2125984251968504,1.0
maternal,rfc-nosuite,0.7992125984251969,0.8389162416382702,0.06692913385826772,0.0,0.0,0.051181102362204724,0.2125984251968504,0.07874015748031496,1.0
maternal,rfc-nosuite,0.7992125984251969,0.955,0.10236220472440945,0.0,0.0,0.10236220472440945,0.031496062992125984,0.18110236220472442,1.0
maternal,rfc-nosuite,0.7992125984251969,0.95,0.12992125984251968,0.0,0.0,0.007874015748031496,0.003937007874015748,0.007874015748031496,1.0
maternal,rfc-nosuite,0.7992125984251969,0.93,0.65748031496063,0.0,0.0,0.37401574803149606,0.27165354330708663,0.4566929133858268,1.0
maternal,rfc-nosuite,0.7992125984251969,0.86,0.01968503937007874,0.0,0.0,0.05511811023622047,0.05905511811023622,0.003937007874015748,1.0
maternal,rfc-nosuite,0.7992125984251969,0.6333928571428572,0.023622047244094488,0.0,0.0,0.031496062992125984,0.003937007874015748,0.003937007874015748,1.0
maternal,rfc-nosuite,0.7992125984251969,0.6746666666666665,0.007874015748031496,0.0,0.0,0.1889763779527559,0.031496062992125984,0.23228346456692914,1.0
maternal,rfc-nosuite,0.7992125984251969,0.7023333333333334,0.04330708661417323,0.0,0.0,0.047244094488188976,0.2204724409448819,0.25984251968503935,1.0
maternal,rfc-nosuite,0.7992125984251969,0.9966666666666667,0.051181102362204724,0.0,0.0,0.051181102362204724,0.0984251968503937,0.051181102362204724,1.0
maternal,rfc-nosuite,0.7992125984251969,0.98,0.015748031496062992,0.0,0.0,0.015748031496062992,0.01968503937007874,0.015748031496062992,1.0
maternal,rfc-nosuite,0.7992125984251969,0.8216611896322221,0.08661417322834646,0.0,0.0,0.2559055118110236,0.33070866141732286,0.4566929133858268,1.0
maternal,rfc-nosuite,0.7992125984251969,0.8260303921568627,0.08267716535433071,0.0,0.0,0.12992125984251968,0.18503937007874016,0.20078740157480315,1.0
maternal,rfc-nosuite,0.7992125984251969,0.62,0.08267716535433071,0.0,0.0,0.007874015748031496,0.08661417322834646,0.003937007874015748,1.0
maternal,rfc-nosuite,0.7992125984251969,0.7436118326118326,0.10236220472440945,0.0,0.0,0.03937007874015748,0.023622047244094488,0.007874015748031496,1.0
maternal,rfc-nosuite,0.7992125984251969,0.97,0.08661417322834646,0.0,0.0,0.07480314960629922,0.14960629921259844,0.5118110236220472,1.0
maternal,rfc-nosuite,0.7992125984251969,1.0,0.10236220472440945,0.0,0.0,0.10236220472440945,0.031496062992125984,0.07480314960629922,1.0
maternal,rfc-nosuite,0.7992125984251969,1.0,0.2952755905511811,0.0,0.0,0.25984251968503935,0.2204724409448819,0.24015748031496062,1.0
maternal,rfc-nosuite,0.7992125984251969,0.955,0.10236220472440945,0.0,0.0,0.10236220472440945,0.031496062992125984,0.05511811023622047,1.0
maternal,rfc-nosuite,0.7992125984251969,0.602,0.36220472440944884,0.0,0.0,0.16929133858267717,0.14960629921259844,0.5590551181102362,1.0
maternal,rfc-nosuite,0.7992125984251969,0.94,0.10236220472440945,0.0,0.0,0.11023622047244094,0.14566929133858267,0.22440944881889763,1.0
maternal,rfc-nosuite,0.7992125984251969,0.98,0.2677165354330709,0.0,0.0,0.047244094488188976,0.007874015748031496,0.007874015748031496,1.0
maternal,rfc-nosuite,0.7992125984251969,0.6149915310062972,0.15354330708661418,0.0,0.0,0.09055118110236221,0.03937007874015748,0.1377952755905512,1.0
maternal,rfc-nosuite,0.7992125984251969,0.6447921327375156,0.07874015748031496,0.0,0.0,0.051181102362204724,0.031496062992125984,0.023622047244094488,1.0
maternal,rfc-nosuite,0.7992125984251969,1.0,0.16929133858267717,0.0,0.0,0.21653543307086615,0.1220472440944882,0.44881889763779526,1.0
maternal,rfc-nosuite,0.7992125984251969,0.83,0.011811023622047244,0.0,0.0,0.07874015748031496,0.10236220472440945,0.5669291338582677,1.0
maternal,rfc-nosuite,0.7992125984251969,0.6149915310062972,0.15354330708661418,0.0,0.0,0.09055118110236221,0.0984251968503937,0.1220472440944882,1.0
maternal,rfc-nosuite,0.7992125984251969,0.8389162416382702,0.06692913385826772,0.0,0.0,0.051181102362204724,0.2559055118110236,0.08267716535433071,1.0
maternal,rfc-nosuite,0.7992125984251969,0.4645,0.5433070866141733,0.0,0.0,0.06692913385826772,0.07086614173228346,0.015748031496062992,1.0
maternal,rfc-nosuite,0.7992125984251969,0.9563636363636363,0.051181102362204724,0.0,0.0,0.051181102362204724,0.051181102362204724,0.051181102362204724,1.0
maternal,rfc-nosuite,0.7992125984251969,0.8894324252606025,0.06299212598425197,0.0,0.0,0.08661417322834646,0.11023622047244094,0.09055118110236221,1.0
maternal,rfc-nosuite,0.7992125984251969,0.7743333333333333,0.031496062992125984,0.0,0.0,0.09448818897637795,0.23622047244094488,0.011811023622047244,1.0
maternal,rfc-nosuite,0.7992125984251969,0.94,0.031496062992125984,0.0,0.0,0.003937007874015748,0.047244094488188976,0.023622047244094488,1.0
maternal,rfc-nosuite,0.7992125984251969,0.850404761904762,0.06692913385826772,0.0,0.0,0.031496062992125984,0.007874015748031496,0.015748031496062992,1.0
maternal,rfc-nosuite,0.7992125984251969,1.0,0.10236220472440945,0.0,0.0,0.10236220472440945,0.06299212598425197,0.10236220472440945,1.0
maternal,rfc-nosuite,0.7992125984251969,0.7546666666666667,0.027559055118110236,0.0,0.0,0.03543307086614173,0.003937007874015748,0.07086614173228346,1.0
maternal,rfc-nosuite,0.7992125984251969,0.6447921327375156,0.07874015748031496,0.0,0.0,0.051181102362204724,0.031496062992125984,0.05905511811023622,1.0
maternal,rfc-nosuite,0.7992125984251969,0.9625,0.07086614173228346,0.0,0.0,0.0984251968503937,0.11023622047244094,0.07874015748031496,1.0
