dataset,num_and_cat,instance_certainty_clf,ac_score_ablation_acc,ac_score_pure_acc,ac_score_proba_acc,ac_score_shap_acc,model_score,dectree_score_acc,ac_score_explan_acc,ac_score_lore_acc
yeast,rfc-nosuite,0.43,0.5405405405405406,0.0,0.0,0.5675675675675675,0.6226415094339622,0.5405405405405406,,0.6756756756756757
yeast,rfc-nosuite,0.79,0.43243243243243246,0.0,0.0,0.6216216216216216,0.6226415094339622,0.5405405405405406,,0.5405405405405406
yeast,rfc-nosuite,0.7,0.4864864864864865,0.0,0.0,0.5405405405405406,0.6226415094339622,0.5945945945945946,,0.5135135135135135
yeast,rfc-nosuite,0.74,0.6756756756756757,0.0,0.0,0.5405405405405406,0.6226415094339622,0.5405405405405406,,0.5945945945945946
yeast,rfc-nosuite,0.8,0.5405405405405406,0.0,0.0,0.5405405405405406,0.6226415094339622,0.5945945945945946,,0.5945945945945946
yeast,rfc-nosuite,0.42,0.4594594594594595,0.0,0.0,0.32432432432432434,0.6226415094339622,0.40540540540540543,,0.40540540540540543
yeast,rfc-nosuite,0.67,0.5405405405405406,0.0,0.0,0.6486486486486487,0.6226415094339622,0.5945945945945946,,0.7297297297297297
yeast,rfc-nosuite,0.47,0.4864864864864865,0.0,0.0,0.7297297297297297,0.6226415094339622,0.7027027027027027,,0.43243243243243246
yeast,rfc-nosuite,0.57,0.4864864864864865,0.0,0.0,0.3783783783783784,0.6226415094339622,0.4594594594594595,,0.43243243243243246
yeast,rfc-nosuite,0.72,0.5135135135135135,0.0,0.0,0.6756756756756757,0.6226415094339622,0.7837837837837838,,0.8108108108108109
yeast,rfc-nosuite,0.86,0.7567567567567568,0.0,0.0,0.7837837837837838,0.6226415094339622,0.7837837837837838,,0.8108108108108109
yeast,rfc-nosuite,0.86,0.6486486486486487,0.0,0.0,0.5135135135135135,0.6226415094339622,0.5405405405405406,,0.7297297297297297
yeast,rfc-nosuite,0.59,0.6486486486486487,0.0,0.0,0.6216216216216216,0.6226415094339622,0.7027027027027027,,0.5675675675675675
yeast,rfc-nosuite,0.55,0.6216216216216216,0.0,0.0,0.5945945945945946,0.6226415094339622,0.5945945945945946,,0.4864864864864865
yeast,rfc-nosuite,0.72,0.43243243243243246,0.0,0.0,0.5945945945945946,0.6226415094339622,0.6486486486486487,,0.7027027027027027
yeast,rfc-nosuite,0.48,0.5675675675675675,0.0,0.0,0.6216216216216216,0.6226415094339622,0.5135135135135135,,0.5945945945945946
yeast,rfc-nosuite,0.56,0.5405405405405406,0.0,0.0,0.4864864864864865,0.6226415094339622,0.5135135135135135,,0.5945945945945946
yeast,rfc-nosuite,0.73,0.5405405405405406,0.0,0.0,0.21621621621621623,0.6226415094339622,0.5135135135135135,,0.5675675675675675
yeast,rfc-nosuite,0.6,0.5405405405405406,0.0,0.0,0.4594594594594595,0.6226415094339622,0.5405405405405406,,0.4864864864864865
yeast,rfc-nosuite,0.64,0.32432432432432434,0.0,0.0,0.6486486486486487,0.6226415094339622,0.7027027027027027,,0.7027027027027027
yeast,rfc-nosuite,0.77,0.6216216216216216,0.0,0.0,0.6756756756756757,0.6226415094339622,0.6216216216216216,,0.7837837837837838
yeast,rfc-nosuite,0.74,0.3783783783783784,0.0,0.0,0.2702702702702703,0.6226415094339622,0.43243243243243246,,0.3783783783783784
yeast,rfc-nosuite,0.9,0.6486486486486487,0.0,0.0,0.6756756756756757,0.6226415094339622,0.5675675675675675,,0.5945945945945946
yeast,rfc-nosuite,0.42,0.35135135135135137,0.0,0.0,0.40540540540540543,0.6226415094339622,0.5405405405405406,,0.5675675675675675
yeast,rfc-nosuite,0.54,0.43243243243243246,0.0,0.0,0.5675675675675675,0.6226415094339622,0.5945945945945946,,0.4864864864864865
yeast,rfc-nosuite,0.4,0.2972972972972973,0.0,0.0,0.3783783783783784,0.6226415094339622,0.5945945945945946,,0.43243243243243246
yeast,rfc-nosuite,0.52,0.4594594594594595,0.0,0.0,0.5135135135135135,0.6226415094339622,0.5405405405405406,,0.4864864864864865
yeast,rfc-nosuite,0.51,0.4864864864864865,0.0,0.0,0.4594594594594595,0.6226415094339622,0.7027027027027027,,0.7027027027027027
yeast,rfc-nosuite,0.78,0.4864864864864865,0.0,0.0,0.7027027027027027,0.6226415094339622,0.7297297297297297,,0.8108108108108109
yeast,rfc-nosuite,0.64,0.5945945945945946,0.0,0.0,0.5135135135135135,0.6226415094339622,0.4864864864864865,,0.5135135135135135
yeast,rfc-nosuite,0.51,0.2972972972972973,0.0,0.0,0.2972972972972973,0.6226415094339622,0.4864864864864865,,0.5405405405405406
yeast,rfc-nosuite,0.75,0.5405405405405406,0.0,0.0,0.4864864864864865,0.6226415094339622,0.7567567567567568,,0.7297297297297297
yeast,rfc-nosuite,0.32,0.5405405405405406,0.0,0.0,0.6486486486486487,0.6226415094339622,0.7297297297297297,,0.7837837837837838
yeast,rfc-nosuite,0.37,0.5405405405405406,0.0,0.0,0.5135135135135135,0.6226415094339622,0.4864864864864865,,0.5675675675675675
yeast,rfc-nosuite,0.63,0.43243243243243246,0.0,0.0,0.40540540540540543,0.6226415094339622,0.40540540540540543,,0.4864864864864865
yeast,rfc-nosuite,0.45,0.40540540540540543,0.0,0.0,0.4594594594594595,0.6226415094339622,0.4864864864864865,,0.5405405405405406
yeast,rfc-nosuite,0.42,0.5135135135135135,0.0,0.0,0.35135135135135137,0.6226415094339622,0.5135135135135135,,0.43243243243243246
yeast,rfc-nosuite,0.92,0.6756756756756757,0.0,0.0,0.5945945945945946,0.6226415094339622,0.7297297297297297,,0.6756756756756757
yeast,rfc-nosuite,0.73,0.5675675675675675,0.0,0.0,0.4594594594594595,0.6226415094339622,0.5405405405405406,,0.5405405405405406
yeast,rfc-nosuite,0.44,0.4594594594594595,0.0,0.0,0.5945945945945946,0.6226415094339622,0.5945945945945946,,0.6486486486486487
yeast,rfc-nosuite,0.64,0.4864864864864865,0.0,0.0,0.4864864864864865,0.6226415094339622,0.6216216216216216,,0.5945945945945946
yeast,rfc-nosuite,0.57,0.4594594594594595,0.0,0.0,0.4864864864864865,0.6226415094339622,0.5405405405405406,,0.4864864864864865
yeast,rfc-nosuite,0.47,0.43243243243243246,0.0,0.0,0.3783783783783784,0.6226415094339622,0.4594594594594595,,0.5135135135135135
yeast,rfc-nosuite,0.56,0.5135135135135135,0.0,0.0,0.5405405405405406,0.6226415094339622,0.6216216216216216,,0.5405405405405406
yeast,rfc-nosuite,0.76,0.40540540540540543,0.0,0.0,0.43243243243243246,0.6226415094339622,0.5135135135135135,,0.5675675675675675
yeast,rfc-nosuite,0.55,0.6486486486486487,0.0,0.0,0.4864864864864865,0.6226415094339622,0.43243243243243246,,0.5945945945945946
yeast,rfc-nosuite,0.41,0.43243243243243246,0.0,0.0,0.43243243243243246,0.6226415094339622,0.4594594594594595,,0.5405405405405406
yeast,rfc-nosuite,0.55,0.43243243243243246,0.0,0.0,0.6216216216216216,0.6226415094339622,0.7837837837837838,,0.6486486486486487
yeast,rfc-nosuite,0.79,0.6486486486486487,0.0,0.0,0.5945945945945946,0.6226415094339622,0.5675675675675675,,0.6756756756756757
yeast,rfc-nosuite,0.85,0.6216216216216216,0.0,0.0,0.5945945945945946,0.6226415094339622,0.5675675675675675,,0.7567567567567568
yeast,rfc-nosuite,0.43,0.5405405405405406,0.0,0.0,0.5675675675675675,0.6226415094339622,0.5405405405405406,,0.6756756756756757
yeast,rfc-nosuite,0.79,0.43243243243243246,0.0,0.0,0.6216216216216216,0.6226415094339622,0.5405405405405406,,0.5405405405405406
yeast,rfc-nosuite,0.7,0.4864864864864865,0.0,0.0,0.5405405405405406,0.6226415094339622,0.5945945945945946,,0.5135135135135135
yeast,rfc-nosuite,0.74,0.6756756756756757,0.0,0.0,0.5405405405405406,0.6226415094339622,0.5405405405405406,,0.5945945945945946
yeast,rfc-nosuite,0.8,0.5405405405405406,0.0,0.0,0.5405405405405406,0.6226415094339622,0.5945945945945946,,0.5945945945945946
yeast,rfc-nosuite,0.42,0.4594594594594595,0.0,0.0,0.32432432432432434,0.6226415094339622,0.40540540540540543,,0.40540540540540543
yeast,rfc-nosuite,0.67,0.5405405405405406,0.0,0.0,0.6486486486486487,0.6226415094339622,0.5945945945945946,,0.7297297297297297
yeast,rfc-nosuite,0.47,0.4864864864864865,0.0,0.0,0.7297297297297297,0.6226415094339622,0.7027027027027027,,0.43243243243243246
yeast,rfc-nosuite,0.57,0.4864864864864865,0.0,0.0,0.3783783783783784,0.6226415094339622,0.4594594594594595,,0.43243243243243246
yeast,rfc-nosuite,0.72,0.5135135135135135,0.0,0.0,0.6756756756756757,0.6226415094339622,0.7837837837837838,,0.8108108108108109
yeast,rfc-nosuite,0.86,0.7567567567567568,0.0,0.0,0.7837837837837838,0.6226415094339622,0.7837837837837838,,0.8108108108108109
yeast,rfc-nosuite,0.86,0.6486486486486487,0.0,0.0,0.5135135135135135,0.6226415094339622,0.5405405405405406,,0.7297297297297297
yeast,rfc-nosuite,0.59,0.6486486486486487,0.0,0.0,0.6216216216216216,0.6226415094339622,0.7027027027027027,,0.5675675675675675
yeast,rfc-nosuite,0.55,0.6216216216216216,0.0,0.0,0.5945945945945946,0.6226415094339622,0.5945945945945946,,0.4864864864864865
yeast,rfc-nosuite,0.72,0.43243243243243246,0.0,0.0,0.5945945945945946,0.6226415094339622,0.6486486486486487,,0.7027027027027027
yeast,rfc-nosuite,0.48,0.5675675675675675,0.0,0.0,0.6216216216216216,0.6226415094339622,0.5135135135135135,,0.5945945945945946
yeast,rfc-nosuite,0.56,0.5405405405405406,0.0,0.0,0.4864864864864865,0.6226415094339622,0.5135135135135135,,0.5945945945945946
yeast,rfc-nosuite,0.73,0.5405405405405406,0.0,0.0,0.21621621621621623,0.6226415094339622,0.5135135135135135,,0.5675675675675675
yeast,rfc-nosuite,0.6,0.5405405405405406,0.0,0.0,0.4594594594594595,0.6226415094339622,0.5405405405405406,,0.4864864864864865
yeast,rfc-nosuite,0.64,0.32432432432432434,0.0,0.0,0.6486486486486487,0.6226415094339622,0.7027027027027027,,0.7027027027027027
yeast,rfc-nosuite,0.77,0.6216216216216216,0.0,0.0,0.6756756756756757,0.6226415094339622,0.6216216216216216,,0.7837837837837838
yeast,rfc-nosuite,0.74,0.3783783783783784,0.0,0.0,0.2702702702702703,0.6226415094339622,0.43243243243243246,,0.3783783783783784
yeast,rfc-nosuite,0.9,0.6486486486486487,0.0,0.0,0.6756756756756757,0.6226415094339622,0.5675675675675675,,0.5945945945945946
yeast,rfc-nosuite,0.42,0.35135135135135137,0.0,0.0,0.40540540540540543,0.6226415094339622,0.5405405405405406,,0.5675675675675675
yeast,rfc-nosuite,0.54,0.43243243243243246,0.0,0.0,0.5675675675675675,0.6226415094339622,0.5945945945945946,,0.4864864864864865
yeast,rfc-nosuite,0.4,0.2972972972972973,0.0,0.0,0.3783783783783784,0.6226415094339622,0.5945945945945946,,0.43243243243243246
yeast,rfc-nosuite,0.52,0.4594594594594595,0.0,0.0,0.5135135135135135,0.6226415094339622,0.5405405405405406,,0.4864864864864865
yeast,rfc-nosuite,0.51,0.4864864864864865,0.0,0.0,0.4594594594594595,0.6226415094339622,0.7027027027027027,,0.7027027027027027
yeast,rfc-nosuite,0.78,0.4864864864864865,0.0,0.0,0.7027027027027027,0.6226415094339622,0.7297297297297297,,0.8108108108108109
yeast,rfc-nosuite,0.64,0.5945945945945946,0.0,0.0,0.5135135135135135,0.6226415094339622,0.4864864864864865,,0.5135135135135135
yeast,rfc-nosuite,0.51,0.2972972972972973,0.0,0.0,0.2972972972972973,0.6226415094339622,0.4864864864864865,,0.5405405405405406
yeast,rfc-nosuite,0.75,0.5405405405405406,0.0,0.0,0.4864864864864865,0.6226415094339622,0.7567567567567568,,0.7297297297297297
yeast,rfc-nosuite,0.32,0.5405405405405406,0.0,0.0,0.6486486486486487,0.6226415094339622,0.7297297297297297,,0.7837837837837838
yeast,rfc-nosuite,0.37,0.5405405405405406,0.0,0.0,0.5135135135135135,0.6226415094339622,0.4864864864864865,,0.5675675675675675
yeast,rfc-nosuite,0.63,0.43243243243243246,0.0,0.0,0.40540540540540543,0.6226415094339622,0.40540540540540543,,0.4864864864864865
yeast,rfc-nosuite,0.45,0.40540540540540543,0.0,0.0,0.4594594594594595,0.6226415094339622,0.4864864864864865,,0.5405405405405406
yeast,rfc-nosuite,0.42,0.5135135135135135,0.0,0.0,0.35135135135135137,0.6226415094339622,0.5135135135135135,,0.43243243243243246
yeast,rfc-nosuite,0.92,0.6756756756756757,0.0,0.0,0.5945945945945946,0.6226415094339622,0.7297297297297297,,0.6756756756756757
yeast,rfc-nosuite,0.73,0.5675675675675675,0.0,0.0,0.4594594594594595,0.6226415094339622,0.5405405405405406,,0.5405405405405406
yeast,rfc-nosuite,0.44,0.4594594594594595,0.0,0.0,0.5945945945945946,0.6226415094339622,0.5945945945945946,,0.6486486486486487
yeast,rfc-nosuite,0.64,0.4864864864864865,0.0,0.0,0.4864864864864865,0.6226415094339622,0.6216216216216216,,0.5945945945945946
yeast,rfc-nosuite,0.57,0.4594594594594595,0.0,0.0,0.4864864864864865,0.6226415094339622,0.5405405405405406,,0.4864864864864865
yeast,rfc-nosuite,0.47,0.43243243243243246,0.0,0.0,0.3783783783783784,0.6226415094339622,0.4594594594594595,,0.5135135135135135
yeast,rfc-nosuite,0.56,0.5135135135135135,0.0,0.0,0.5405405405405406,0.6226415094339622,0.6216216216216216,,0.5405405405405406
yeast,rfc-nosuite,0.76,0.40540540540540543,0.0,0.0,0.43243243243243246,0.6226415094339622,0.5135135135135135,,0.5675675675675675
yeast,rfc-nosuite,0.55,0.6486486486486487,0.0,0.0,0.4864864864864865,0.6226415094339622,0.43243243243243246,,0.5945945945945946
yeast,rfc-nosuite,0.41,0.43243243243243246,0.0,0.0,0.43243243243243246,0.6226415094339622,0.4594594594594595,,0.5405405405405406
yeast,rfc-nosuite,0.55,0.43243243243243246,0.0,0.0,0.6216216216216216,0.6226415094339622,0.7837837837837838,,0.6486486486486487
yeast,rfc-nosuite,0.79,0.6486486486486487,0.0,0.0,0.5945945945945946,0.6226415094339622,0.5675675675675675,,0.6756756756756757
yeast,rfc-nosuite,0.85,0.6216216216216216,0.0,0.0,0.5945945945945946,0.6226415094339622,0.5675675675675675,,0.7567567567567568
rmftsa,rfc-nosuite,0.3562142857142858,0.48,0.0,0.0,0.52,0.48828125,0.56,0.2,0.6
rmftsa,rfc-nosuite,0.4576666666666667,0.52,0.0,0.0,0.44,0.48828125,0.28,0.36,0.32
rmftsa,rfc-nosuite,0.6425,0.44,0.0,0.0,0.48,0.48828125,0.4,0.4,0.28
rmftsa,rfc-nosuite,0.8478333333333333,0.4,0.0,0.0,0.52,0.48828125,0.52,0.52,0.36
rmftsa,rfc-nosuite,0.614280303030303,0.76,0.0,0.0,0.6,0.48828125,0.8,0.68,0.8
rmftsa,rfc-nosuite,0.8540349927849925,0.64,0.0,0.0,0.64,0.48828125,0.76,0.76,0.76
rmftsa,rfc-nosuite,0.2751865079365079,0.52,0.0,0.0,0.4,0.48828125,0.24,0.4,0.12
rmftsa,rfc-nosuite,0.8464378399378396,0.56,0.0,0.0,0.56,0.48828125,0.52,0.52,0.56
rmftsa,rfc-nosuite,0.8261904761904763,0.28,0.0,0.0,0.32,0.48828125,0.24,0.24,0.28
rmftsa,rfc-nosuite,0.5813382173382172,0.56,0.0,0.0,0.56,0.48828125,0.52,0.52,0.56
rmftsa,rfc-nosuite,1.0,0.8,0.0,0.0,0.8,0.48828125,0.84,0.4,0.56
rmftsa,rfc-nosuite,0.59075,0.48,0.0,0.0,0.36,0.48828125,0.16,0.44,0.64
rmftsa,rfc-nosuite,0.861,0.44,0.0,0.0,0.32,0.48828125,0.36,0.28,0.12
rmftsa,rfc-nosuite,0.6853333333333335,0.12,0.0,0.0,0.28,0.48828125,0.24,0.2,0.28
rmftsa,rfc-nosuite,0.6778594852859559,0.6,0.0,0.0,0.4,0.48828125,0.56,0.56,0.56
rmftsa,rfc-nosuite,0.39428571428571435,0.44,0.0,0.0,0.44,0.48828125,0.4,0.24,0.32
rmftsa,rfc-nosuite,0.4970714285714286,0.36,0.0,0.0,0.24,0.48828125,0.2,0.36,0.56
rmftsa,rfc-nosuite,0.5813382173382172,0.56,0.0,0.0,0.56,0.48828125,0.52,0.52,0.56
rmftsa,rfc-nosuite,0.58,0.28,0.0,0.0,0.28,0.48828125,0.32,0.32,0.24
rmftsa,rfc-nosuite,0.9611111111111111,0.68,0.0,0.0,0.68,0.48828125,0.72,0.68,0.68
rmftsa,rfc-nosuite,0.6005757575757573,0.48,0.0,0.0,0.48,0.48828125,0.56,0.2,0.36
rmftsa,rfc-nosuite,0.3537380952380953,0.2,0.0,0.0,0.48,0.48828125,0.36,0.36,0.4
rmftsa,rfc-nosuite,0.6685,0.32,0.0,0.0,0.08,0.48828125,0.2,0.28,0.32
rmftsa,rfc-nosuite,0.6693243284493282,0.76,0.0,0.0,0.76,0.48828125,0.84,0.76,0.76
rmftsa,rfc-nosuite,0.7121666666666667,0.4,0.0,0.0,0.48,0.48828125,0.44,0.28,0.28
rmftsa,rfc-nosuite,0.82,0.24,0.0,0.0,0.56,0.48828125,0.44,0.56,0.32
rmftsa,rfc-nosuite,0.429,0.36,0.0,0.0,0.52,0.48828125,0.52,0.52,0.16
rmftsa,rfc-nosuite,0.52,0.44,0.0,0.0,0.48,0.48828125,0.36,0.4,0.52
rmftsa,rfc-nosuite,0.42683730158730154,0.52,0.0,0.0,0.2,0.48828125,0.64,0.64,0.56
rmftsa,rfc-nosuite,0.6702857142857143,0.48,0.0,0.0,0.28,0.48828125,0.4,0.52,0.24
rmftsa,rfc-nosuite,0.6414067321567322,0.44,0.0,0.0,0.56,0.48828125,0.48,0.48,0.48
rmftsa,rfc-nosuite,0.3321428571428571,0.44,0.0,0.0,0.4,0.48828125,0.36,0.28,0.28
rmftsa,rfc-nosuite,0.6853333333333335,0.12,0.0,0.0,0.28,0.48828125,0.24,0.36,0.28
rmftsa,rfc-nosuite,0.5189999999999999,0.32,0.0,0.0,0.28,0.48828125,0.24,0.16,0.2
rmftsa,rfc-nosuite,0.8230952380952381,0.64,0.0,0.0,0.48,0.48828125,0.68,0.68,0.48
rmftsa,rfc-nosuite,0.5,0.4,0.0,0.0,0.48,0.48828125,0.32,0.4,0.32
rmftsa,rfc-nosuite,0.514142857142857,0.72,0.0,0.0,0.72,0.48828125,0.8,0.64,0.72
rmftsa,rfc-nosuite,1.0,0.6,0.0,0.0,0.56,0.48828125,0.36,0.64,0.6
rmftsa,rfc-nosuite,0.5757976190476191,0.8,0.0,0.0,0.64,0.48828125,0.88,0.48,0.56
rmftsa,rfc-nosuite,0.88,0.36,0.0,0.0,0.28,0.48828125,0.44,0.52,0.16
rmftsa,rfc-nosuite,0.5973333333333334,0.32,0.0,0.0,0.36,0.48828125,0.36,0.36,0.32
rmftsa,rfc-nosuite,0.4328333333333333,0.24,0.0,0.0,0.36,0.48828125,0.36,0.36,0.16
rmftsa,rfc-nosuite,0.74,0.44,0.0,0.0,0.16,0.48828125,0.52,0.52,0.2
rmftsa,rfc-nosuite,0.74,0.4,0.0,0.0,0.48,0.48828125,0.48,0.48,0.36
rmftsa,rfc-nosuite,0.89,0.6,0.0,0.0,0.6,0.48828125,0.32,0.56,0.32
rmftsa,rfc-nosuite,0.5813382173382172,0.56,0.0,0.0,0.56,0.48828125,0.52,0.52,0.56
rmftsa,rfc-nosuite,0.74,0.44,0.0,0.0,0.16,0.48828125,0.52,0.52,0.2
rmftsa,rfc-nosuite,0.72,0.4,0.0,0.0,0.24,0.48828125,0.24,0.24,0.24
rmftsa,rfc-nosuite,0.86,0.4,0.0,0.0,0.4,0.48828125,0.4,0.4,0.4
rmftsa,rfc-nosuite,0.6383095238095238,0.28,0.0,0.0,0.32,0.48828125,0.32,0.28,0.44
yeast,rfc-nosuite,0.43,0.5405405405405406,0.0,0.0,0.5675675675675675,0.6226415094339622,0.5405405405405406,,0.6756756756756757
yeast,rfc-nosuite,0.79,0.43243243243243246,0.0,0.0,0.6216216216216216,0.6226415094339622,0.5405405405405406,,0.5405405405405406
yeast,rfc-nosuite,0.7,0.4864864864864865,0.0,0.0,0.5405405405405406,0.6226415094339622,0.5945945945945946,,0.5135135135135135
yeast,rfc-nosuite,0.74,0.6756756756756757,0.0,0.0,0.5405405405405406,0.6226415094339622,0.5405405405405406,,0.5945945945945946
yeast,rfc-nosuite,0.8,0.5405405405405406,0.0,0.0,0.5405405405405406,0.6226415094339622,0.5945945945945946,,0.5945945945945946
yeast,rfc-nosuite,0.42,0.4594594594594595,0.0,0.0,0.32432432432432434,0.6226415094339622,0.40540540540540543,,0.40540540540540543
yeast,rfc-nosuite,0.67,0.5405405405405406,0.0,0.0,0.6486486486486487,0.6226415094339622,0.5945945945945946,,0.7297297297297297
yeast,rfc-nosuite,0.47,0.4864864864864865,0.0,0.0,0.7297297297297297,0.6226415094339622,0.7027027027027027,,0.43243243243243246
yeast,rfc-nosuite,0.57,0.4864864864864865,0.0,0.0,0.3783783783783784,0.6226415094339622,0.4594594594594595,,0.43243243243243246
yeast,rfc-nosuite,0.72,0.5135135135135135,0.0,0.0,0.6756756756756757,0.6226415094339622,0.7837837837837838,,0.8108108108108109
yeast,rfc-nosuite,0.86,0.7567567567567568,0.0,0.0,0.7837837837837838,0.6226415094339622,0.7837837837837838,,0.8108108108108109
yeast,rfc-nosuite,0.86,0.6486486486486487,0.0,0.0,0.5135135135135135,0.6226415094339622,0.5405405405405406,,0.7297297297297297
yeast,rfc-nosuite,0.59,0.6486486486486487,0.0,0.0,0.6216216216216216,0.6226415094339622,0.7027027027027027,,0.5675675675675675
yeast,rfc-nosuite,0.55,0.6216216216216216,0.0,0.0,0.5945945945945946,0.6226415094339622,0.5945945945945946,,0.4864864864864865
yeast,rfc-nosuite,0.72,0.43243243243243246,0.0,0.0,0.5945945945945946,0.6226415094339622,0.6486486486486487,,0.7027027027027027
yeast,rfc-nosuite,0.48,0.5675675675675675,0.0,0.0,0.6216216216216216,0.6226415094339622,0.5135135135135135,,0.5945945945945946
yeast,rfc-nosuite,0.56,0.5405405405405406,0.0,0.0,0.4864864864864865,0.6226415094339622,0.5135135135135135,,0.5945945945945946
yeast,rfc-nosuite,0.73,0.5405405405405406,0.0,0.0,0.21621621621621623,0.6226415094339622,0.5135135135135135,,0.5675675675675675
yeast,rfc-nosuite,0.6,0.5405405405405406,0.0,0.0,0.4594594594594595,0.6226415094339622,0.5405405405405406,,0.4864864864864865
yeast,rfc-nosuite,0.64,0.32432432432432434,0.0,0.0,0.6486486486486487,0.6226415094339622,0.7027027027027027,,0.7027027027027027
yeast,rfc-nosuite,0.77,0.6216216216216216,0.0,0.0,0.6756756756756757,0.6226415094339622,0.6216216216216216,,0.7837837837837838
yeast,rfc-nosuite,0.74,0.3783783783783784,0.0,0.0,0.2702702702702703,0.6226415094339622,0.43243243243243246,,0.3783783783783784
yeast,rfc-nosuite,0.9,0.6486486486486487,0.0,0.0,0.6756756756756757,0.6226415094339622,0.5675675675675675,,0.5945945945945946
yeast,rfc-nosuite,0.42,0.35135135135135137,0.0,0.0,0.40540540540540543,0.6226415094339622,0.5405405405405406,,0.5675675675675675
yeast,rfc-nosuite,0.54,0.43243243243243246,0.0,0.0,0.5675675675675675,0.6226415094339622,0.5945945945945946,,0.4864864864864865
yeast,rfc-nosuite,0.4,0.2972972972972973,0.0,0.0,0.3783783783783784,0.6226415094339622,0.5945945945945946,,0.43243243243243246
yeast,rfc-nosuite,0.52,0.4594594594594595,0.0,0.0,0.5135135135135135,0.6226415094339622,0.5405405405405406,,0.4864864864864865
yeast,rfc-nosuite,0.51,0.4864864864864865,0.0,0.0,0.4594594594594595,0.6226415094339622,0.7027027027027027,,0.7027027027027027
yeast,rfc-nosuite,0.78,0.4864864864864865,0.0,0.0,0.7027027027027027,0.6226415094339622,0.7297297297297297,,0.8108108108108109
yeast,rfc-nosuite,0.64,0.5945945945945946,0.0,0.0,0.5135135135135135,0.6226415094339622,0.4864864864864865,,0.5135135135135135
yeast,rfc-nosuite,0.51,0.2972972972972973,0.0,0.0,0.2972972972972973,0.6226415094339622,0.4864864864864865,,0.5405405405405406
yeast,rfc-nosuite,0.75,0.5405405405405406,0.0,0.0,0.4864864864864865,0.6226415094339622,0.7567567567567568,,0.7297297297297297
yeast,rfc-nosuite,0.32,0.5405405405405406,0.0,0.0,0.6486486486486487,0.6226415094339622,0.7297297297297297,,0.7837837837837838
yeast,rfc-nosuite,0.37,0.5405405405405406,0.0,0.0,0.5135135135135135,0.6226415094339622,0.4864864864864865,,0.5675675675675675
yeast,rfc-nosuite,0.63,0.43243243243243246,0.0,0.0,0.40540540540540543,0.6226415094339622,0.40540540540540543,,0.4864864864864865
yeast,rfc-nosuite,0.45,0.40540540540540543,0.0,0.0,0.4594594594594595,0.6226415094339622,0.4864864864864865,,0.5405405405405406
yeast,rfc-nosuite,0.42,0.5135135135135135,0.0,0.0,0.35135135135135137,0.6226415094339622,0.5135135135135135,,0.43243243243243246
yeast,rfc-nosuite,0.92,0.6756756756756757,0.0,0.0,0.5945945945945946,0.6226415094339622,0.7297297297297297,,0.6756756756756757
yeast,rfc-nosuite,0.73,0.5675675675675675,0.0,0.0,0.4594594594594595,0.6226415094339622,0.5405405405405406,,0.5405405405405406
yeast,rfc-nosuite,0.44,0.4594594594594595,0.0,0.0,0.5945945945945946,0.6226415094339622,0.5945945945945946,,0.6486486486486487
yeast,rfc-nosuite,0.64,0.4864864864864865,0.0,0.0,0.4864864864864865,0.6226415094339622,0.6216216216216216,,0.5945945945945946
yeast,rfc-nosuite,0.57,0.4594594594594595,0.0,0.0,0.4864864864864865,0.6226415094339622,0.5405405405405406,,0.4864864864864865
yeast,rfc-nosuite,0.47,0.43243243243243246,0.0,0.0,0.3783783783783784,0.6226415094339622,0.4594594594594595,,0.5135135135135135
yeast,rfc-nosuite,0.56,0.5135135135135135,0.0,0.0,0.5405405405405406,0.6226415094339622,0.6216216216216216,,0.5405405405405406
yeast,rfc-nosuite,0.76,0.40540540540540543,0.0,0.0,0.43243243243243246,0.6226415094339622,0.5135135135135135,,0.5675675675675675
yeast,rfc-nosuite,0.55,0.6486486486486487,0.0,0.0,0.4864864864864865,0.6226415094339622,0.43243243243243246,,0.5945945945945946
yeast,rfc-nosuite,0.41,0.43243243243243246,0.0,0.0,0.43243243243243246,0.6226415094339622,0.4594594594594595,,0.5405405405405406
yeast,rfc-nosuite,0.55,0.43243243243243246,0.0,0.0,0.6216216216216216,0.6226415094339622,0.7837837837837838,,0.6486486486486487
yeast,rfc-nosuite,0.79,0.6486486486486487,0.0,0.0,0.5945945945945946,0.6226415094339622,0.5675675675675675,,0.6756756756756757
yeast,rfc-nosuite,0.85,0.6216216216216216,0.0,0.0,0.5945945945945946,0.6226415094339622,0.5675675675675675,,0.7567567567567568
rmftsa,rfc-nosuite,0.3562142857142858,0.48,0.0,0.0,0.52,0.48828125,0.56,0.2,0.6
rmftsa,rfc-nosuite,0.4576666666666667,0.52,0.0,0.0,0.44,0.48828125,0.28,0.36,0.32
rmftsa,rfc-nosuite,0.6425,0.44,0.0,0.0,0.48,0.48828125,0.4,0.4,0.28
rmftsa,rfc-nosuite,0.8478333333333333,0.4,0.0,0.0,0.52,0.48828125,0.52,0.52,0.36
rmftsa,rfc-nosuite,0.614280303030303,0.76,0.0,0.0,0.6,0.48828125,0.8,0.68,0.8
rmftsa,rfc-nosuite,0.8540349927849925,0.64,0.0,0.0,0.64,0.48828125,0.76,0.76,0.76
rmftsa,rfc-nosuite,0.2751865079365079,0.52,0.0,0.0,0.4,0.48828125,0.24,0.4,0.12
rmftsa,rfc-nosuite,0.8464378399378396,0.56,0.0,0.0,0.56,0.48828125,0.52,0.52,0.56
rmftsa,rfc-nosuite,0.8261904761904763,0.28,0.0,0.0,0.32,0.48828125,0.24,0.24,0.28
rmftsa,rfc-nosuite,0.5813382173382172,0.56,0.0,0.0,0.56,0.48828125,0.52,0.52,0.56
rmftsa,rfc-nosuite,1.0,0.8,0.0,0.0,0.8,0.48828125,0.84,0.4,0.56
rmftsa,rfc-nosuite,0.59075,0.48,0.0,0.0,0.36,0.48828125,0.16,0.44,0.64
rmftsa,rfc-nosuite,0.861,0.44,0.0,0.0,0.32,0.48828125,0.36,0.28,0.12
rmftsa,rfc-nosuite,0.6853333333333335,0.12,0.0,0.0,0.28,0.48828125,0.24,0.2,0.28
rmftsa,rfc-nosuite,0.6778594852859559,0.6,0.0,0.0,0.4,0.48828125,0.56,0.56,0.56
rmftsa,rfc-nosuite,0.39428571428571435,0.44,0.0,0.0,0.44,0.48828125,0.4,0.24,0.32
rmftsa,rfc-nosuite,0.4970714285714286,0.36,0.0,0.0,0.24,0.48828125,0.2,0.36,0.56
rmftsa,rfc-nosuite,0.5813382173382172,0.56,0.0,0.0,0.56,0.48828125,0.52,0.52,0.56
rmftsa,rfc-nosuite,0.58,0.28,0.0,0.0,0.28,0.48828125,0.32,0.32,0.24
rmftsa,rfc-nosuite,0.9611111111111111,0.68,0.0,0.0,0.68,0.48828125,0.72,0.68,0.68
rmftsa,rfc-nosuite,0.6005757575757573,0.48,0.0,0.0,0.48,0.48828125,0.56,0.2,0.36
rmftsa,rfc-nosuite,0.3537380952380953,0.2,0.0,0.0,0.48,0.48828125,0.36,0.36,0.4
rmftsa,rfc-nosuite,0.6685,0.32,0.0,0.0,0.08,0.48828125,0.2,0.28,0.32
rmftsa,rfc-nosuite,0.6693243284493282,0.76,0.0,0.0,0.76,0.48828125,0.84,0.76,0.76
rmftsa,rfc-nosuite,0.7121666666666667,0.4,0.0,0.0,0.48,0.48828125,0.44,0.28,0.28
rmftsa,rfc-nosuite,0.82,0.24,0.0,0.0,0.56,0.48828125,0.44,0.56,0.32
rmftsa,rfc-nosuite,0.429,0.36,0.0,0.0,0.52,0.48828125,0.52,0.52,0.16
rmftsa,rfc-nosuite,0.52,0.44,0.0,0.0,0.48,0.48828125,0.36,0.4,0.52
rmftsa,rfc-nosuite,0.42683730158730154,0.52,0.0,0.0,0.2,0.48828125,0.64,0.64,0.56
rmftsa,rfc-nosuite,0.6702857142857143,0.48,0.0,0.0,0.28,0.48828125,0.4,0.52,0.24
rmftsa,rfc-nosuite,0.6414067321567322,0.44,0.0,0.0,0.56,0.48828125,0.48,0.48,0.48
rmftsa,rfc-nosuite,0.3321428571428571,0.44,0.0,0.0,0.4,0.48828125,0.36,0.28,0.28
rmftsa,rfc-nosuite,0.6853333333333335,0.12,0.0,0.0,0.28,0.48828125,0.24,0.36,0.28
rmftsa,rfc-nosuite,0.5189999999999999,0.32,0.0,0.0,0.28,0.48828125,0.24,0.16,0.2
rmftsa,rfc-nosuite,0.8230952380952381,0.64,0.0,0.0,0.48,0.48828125,0.68,0.68,0.48
rmftsa,rfc-nosuite,0.5,0.4,0.0,0.0,0.48,0.48828125,0.32,0.4,0.32
rmftsa,rfc-nosuite,0.514142857142857,0.72,0.0,0.0,0.72,0.48828125,0.8,0.64,0.72
rmftsa,rfc-nosuite,1.0,0.6,0.0,0.0,0.56,0.48828125,0.36,0.64,0.6
rmftsa,rfc-nosuite,0.5757976190476191,0.8,0.0,0.0,0.64,0.48828125,0.88,0.48,0.56
rmftsa,rfc-nosuite,0.88,0.36,0.0,0.0,0.28,0.48828125,0.44,0.52,0.16
rmftsa,rfc-nosuite,0.5973333333333334,0.32,0.0,0.0,0.36,0.48828125,0.36,0.36,0.32
rmftsa,rfc-nosuite,0.4328333333333333,0.24,0.0,0.0,0.36,0.48828125,0.36,0.36,0.16
rmftsa,rfc-nosuite,0.74,0.44,0.0,0.0,0.16,0.48828125,0.52,0.52,0.2
rmftsa,rfc-nosuite,0.74,0.4,0.0,0.0,0.48,0.48828125,0.48,0.48,0.36
rmftsa,rfc-nosuite,0.89,0.6,0.0,0.0,0.6,0.48828125,0.32,0.56,0.32
rmftsa,rfc-nosuite,0.5813382173382172,0.56,0.0,0.0,0.56,0.48828125,0.52,0.52,0.56
rmftsa,rfc-nosuite,0.74,0.44,0.0,0.0,0.16,0.48828125,0.52,0.52,0.2
rmftsa,rfc-nosuite,0.72,0.4,0.0,0.0,0.24,0.48828125,0.24,0.24,0.24
rmftsa,rfc-nosuite,0.86,0.4,0.0,0.0,0.4,0.48828125,0.4,0.4,0.4
rmftsa,rfc-nosuite,0.6383095238095238,0.28,0.0,0.0,0.32,0.48828125,0.32,0.28,0.44
banknote-authentication,rfc-nosuite,0.99,1.0,0.0,0.0,1.0,0.9941690962099126,1.0,1.0,1.0
banknote-authentication,rfc-nosuite,1.0,1.0,0.0,0.0,1.0,0.9941690962099126,1.0,0.9705882352941176,1.0
banknote-authentication,rfc-nosuite,0.97,1.0,0.0,0.0,1.0,0.9941690962099126,0.9705882352941176,1.0,1.0
banknote-authentication,rfc-nosuite,0.95,1.0,0.0,0.0,1.0,0.9941690962099126,0.8235294117647058,0.9705882352941176,1.0
banknote-authentication,rfc-nosuite,1.0,0.9705882352941176,0.0,0.0,1.0,0.9941690962099126,1.0,1.0,0.8235294117647058
banknote-authentication,rfc-nosuite,1.0,1.0,0.0,0.0,1.0,0.9941690962099126,1.0,0.9411764705882353,1.0
banknote-authentication,rfc-nosuite,0.99,1.0,0.0,0.0,1.0,0.9941690962099126,1.0,1.0,1.0
banknote-authentication,rfc-nosuite,1.0,1.0,0.0,0.0,1.0,0.9941690962099126,1.0,1.0,1.0
banknote-authentication,rfc-nosuite,1.0,1.0,0.0,0.0,1.0,0.9941690962099126,1.0,0.7647058823529411,1.0
banknote-authentication,rfc-nosuite,1.0,1.0,0.0,0.0,1.0,0.9941690962099126,1.0,0.9705882352941176,1.0
banknote-authentication,rfc-nosuite,0.94,1.0,0.0,0.0,1.0,0.9941690962099126,0.9705882352941176,0.9705882352941176,1.0
banknote-authentication,rfc-nosuite,1.0,0.9705882352941176,0.0,0.0,0.9411764705882353,0.9941690962099126,1.0,1.0,1.0
banknote-authentication,rfc-nosuite,1.0,1.0,0.0,0.0,0.9117647058823529,0.9941690962099126,1.0,0.7352941176470589,1.0
banknote-authentication,rfc-nosuite,1.0,1.0,0.0,0.0,0.9117647058823529,0.9941690962099126,0.9705882352941176,1.0,1.0
banknote-authentication,rfc-nosuite,1.0,0.9705882352941176,0.0,0.0,0.9705882352941176,0.9941690962099126,1.0,1.0,0.9705882352941176
banknote-authentication,rfc-nosuite,1.0,0.9705882352941176,0.0,0.0,0.9705882352941176,0.9941690962099126,1.0,1.0,0.9705882352941176
banknote-authentication,rfc-nosuite,0.99,0.9705882352941176,0.0,0.0,0.9705882352941176,0.9941690962099126,1.0,1.0,1.0
banknote-authentication,rfc-nosuite,0.98,1.0,0.0,0.0,1.0,0.9941690962099126,0.9705882352941176,1.0,0.8529411764705882
banknote-authentication,rfc-nosuite,0.99,1.0,0.0,0.0,1.0,0.9941690962099126,1.0,1.0,1.0
banknote-authentication,rfc-nosuite,1.0,1.0,0.0,0.0,0.9117647058823529,0.9941690962099126,1.0,0.8235294117647058,0.9411764705882353
banknote-authentication,rfc-nosuite,1.0,1.0,0.0,0.0,1.0,0.9941690962099126,1.0,1.0,1.0
banknote-authentication,rfc-nosuite,0.97,0.9705882352941176,0.0,0.0,0.9705882352941176,0.9941690962099126,0.7941176470588235,0.9705882352941176,0.9705882352941176
banknote-authentication,rfc-nosuite,1.0,1.0,0.0,0.0,1.0,0.9941690962099126,1.0,0.8235294117647058,1.0
banknote-authentication,rfc-nosuite,1.0,1.0,0.0,0.0,1.0,0.9941690962099126,1.0,1.0,1.0
banknote-authentication,rfc-nosuite,0.89,1.0,0.0,0.0,1.0,0.9941690962099126,0.9705882352941176,1.0,0.8235294117647058
banknote-authentication,rfc-nosuite,1.0,1.0,0.0,0.0,1.0,0.9941690962099126,1.0,0.9411764705882353,1.0
banknote-authentication,rfc-nosuite,1.0,1.0,0.0,0.0,1.0,0.9941690962099126,1.0,1.0,1.0
banknote-authentication,rfc-nosuite,1.0,1.0,0.0,0.0,1.0,0.9941690962099126,1.0,1.0,1.0
banknote-authentication,rfc-nosuite,0.94,1.0,0.0,0.0,1.0,0.9941690962099126,1.0,1.0,1.0
banknote-authentication,rfc-nosuite,0.99,1.0,0.0,0.0,0.9705882352941176,0.9941690962099126,1.0,0.9117647058823529,0.9705882352941176
banknote-authentication,rfc-nosuite,0.99,1.0,0.0,0.0,1.0,0.9941690962099126,0.9705882352941176,1.0,1.0
banknote-authentication,rfc-nosuite,1.0,1.0,0.0,0.0,1.0,0.9941690962099126,1.0,1.0,0.9411764705882353
banknote-authentication,rfc-nosuite,0.94,1.0,0.0,0.0,1.0,0.9941690962099126,1.0,1.0,1.0
banknote-authentication,rfc-nosuite,1.0,1.0,0.0,0.0,1.0,0.9941690962099126,1.0,1.0,1.0
banknote-authentication,rfc-nosuite,0.97,0.9705882352941176,0.0,0.0,0.9705882352941176,0.9941690962099126,0.9705882352941176,1.0,1.0
banknote-authentication,rfc-nosuite,1.0,1.0,0.0,0.0,1.0,0.9941690962099126,1.0,1.0,1.0
banknote-authentication,rfc-nosuite,1.0,1.0,0.0,0.0,1.0,0.9941690962099126,1.0,1.0,1.0
banknote-authentication,rfc-nosuite,1.0,1.0,0.0,0.0,1.0,0.9941690962099126,1.0,1.0,1.0
banknote-authentication,rfc-nosuite,0.98,1.0,0.0,0.0,0.8529411764705882,0.9941690962099126,1.0,1.0,1.0
banknote-authentication,rfc-nosuite,1.0,1.0,0.0,0.0,1.0,0.9941690962099126,1.0,0.5588235294117647,1.0
banknote-authentication,rfc-nosuite,0.99,0.9705882352941176,0.0,0.0,1.0,0.9941690962099126,1.0,1.0,1.0
banknote-authentication,rfc-nosuite,1.0,1.0,0.0,0.0,1.0,0.9941690962099126,1.0,1.0,1.0
banknote-authentication,rfc-nosuite,0.85,1.0,0.0,0.0,1.0,0.9941690962099126,0.9705882352941176,1.0,0.7058823529411765
banknote-authentication,rfc-nosuite,0.99,0.9705882352941176,0.0,0.0,1.0,0.9941690962099126,1.0,1.0,1.0
banknote-authentication,rfc-nosuite,1.0,1.0,0.0,0.0,0.9705882352941176,0.9941690962099126,0.9117647058823529,0.6176470588235294,0.9705882352941176
banknote-authentication,rfc-nosuite,1.0,1.0,0.0,0.0,1.0,0.9941690962099126,1.0,1.0,1.0
banknote-authentication,rfc-nosuite,1.0,1.0,0.0,0.0,1.0,0.9941690962099126,1.0,1.0,1.0
banknote-authentication,rfc-nosuite,0.99,0.9705882352941176,0.0,0.0,1.0,0.9941690962099126,0.8235294117647058,1.0,0.9705882352941176
banknote-authentication,rfc-nosuite,0.99,1.0,0.0,0.0,1.0,0.9941690962099126,1.0,1.0,1.0
banknote-authentication,rfc-nosuite,0.94,1.0,0.0,0.0,1.0,0.9941690962099126,1.0,1.0,0.7352941176470589
yeast,rfc-nosuite,0.43,0.5405405405405406,0.0,0.0,0.5675675675675675,0.6226415094339622,0.5405405405405406,,0.6756756756756757
yeast,rfc-nosuite,0.79,0.43243243243243246,0.0,0.0,0.6216216216216216,0.6226415094339622,0.5405405405405406,,0.5405405405405406
yeast,rfc-nosuite,0.7,0.4864864864864865,0.0,0.0,0.5405405405405406,0.6226415094339622,0.5945945945945946,,0.5135135135135135
yeast,rfc-nosuite,0.74,0.6756756756756757,0.0,0.0,0.5405405405405406,0.6226415094339622,0.5405405405405406,,0.5945945945945946
yeast,rfc-nosuite,0.8,0.5405405405405406,0.0,0.0,0.5405405405405406,0.6226415094339622,0.5945945945945946,,0.5945945945945946
yeast,rfc-nosuite,0.42,0.4594594594594595,0.0,0.0,0.32432432432432434,0.6226415094339622,0.40540540540540543,,0.40540540540540543
yeast,rfc-nosuite,0.67,0.5405405405405406,0.0,0.0,0.6486486486486487,0.6226415094339622,0.5945945945945946,,0.7297297297297297
yeast,rfc-nosuite,0.47,0.4864864864864865,0.0,0.0,0.7297297297297297,0.6226415094339622,0.7027027027027027,,0.43243243243243246
yeast,rfc-nosuite,0.57,0.4864864864864865,0.0,0.0,0.3783783783783784,0.6226415094339622,0.4594594594594595,,0.43243243243243246
yeast,rfc-nosuite,0.72,0.5135135135135135,0.0,0.0,0.6756756756756757,0.6226415094339622,0.7837837837837838,,0.8108108108108109
yeast,rfc-nosuite,0.86,0.7567567567567568,0.0,0.0,0.7837837837837838,0.6226415094339622,0.7837837837837838,,0.8108108108108109
yeast,rfc-nosuite,0.86,0.6486486486486487,0.0,0.0,0.5135135135135135,0.6226415094339622,0.5405405405405406,,0.7297297297297297
yeast,rfc-nosuite,0.59,0.6486486486486487,0.0,0.0,0.6216216216216216,0.6226415094339622,0.7027027027027027,,0.5675675675675675
yeast,rfc-nosuite,0.55,0.6216216216216216,0.0,0.0,0.5945945945945946,0.6226415094339622,0.5945945945945946,,0.4864864864864865
yeast,rfc-nosuite,0.72,0.43243243243243246,0.0,0.0,0.5945945945945946,0.6226415094339622,0.6486486486486487,,0.7027027027027027
yeast,rfc-nosuite,0.48,0.5675675675675675,0.0,0.0,0.6216216216216216,0.6226415094339622,0.5135135135135135,,0.5945945945945946
yeast,rfc-nosuite,0.56,0.5405405405405406,0.0,0.0,0.4864864864864865,0.6226415094339622,0.5135135135135135,,0.5945945945945946
yeast,rfc-nosuite,0.73,0.5405405405405406,0.0,0.0,0.21621621621621623,0.6226415094339622,0.5135135135135135,,0.5675675675675675
yeast,rfc-nosuite,0.6,0.5405405405405406,0.0,0.0,0.4594594594594595,0.6226415094339622,0.5405405405405406,,0.4864864864864865
yeast,rfc-nosuite,0.64,0.32432432432432434,0.0,0.0,0.6486486486486487,0.6226415094339622,0.7027027027027027,,0.7027027027027027
yeast,rfc-nosuite,0.77,0.6216216216216216,0.0,0.0,0.6756756756756757,0.6226415094339622,0.6216216216216216,,0.7837837837837838
yeast,rfc-nosuite,0.74,0.3783783783783784,0.0,0.0,0.2702702702702703,0.6226415094339622,0.43243243243243246,,0.3783783783783784
yeast,rfc-nosuite,0.9,0.6486486486486487,0.0,0.0,0.6756756756756757,0.6226415094339622,0.5675675675675675,,0.5945945945945946
yeast,rfc-nosuite,0.42,0.35135135135135137,0.0,0.0,0.40540540540540543,0.6226415094339622,0.5405405405405406,,0.5675675675675675
yeast,rfc-nosuite,0.54,0.43243243243243246,0.0,0.0,0.5675675675675675,0.6226415094339622,0.5945945945945946,,0.4864864864864865
yeast,rfc-nosuite,0.4,0.2972972972972973,0.0,0.0,0.3783783783783784,0.6226415094339622,0.5945945945945946,,0.43243243243243246
yeast,rfc-nosuite,0.52,0.4594594594594595,0.0,0.0,0.5135135135135135,0.6226415094339622,0.5405405405405406,,0.4864864864864865
yeast,rfc-nosuite,0.51,0.4864864864864865,0.0,0.0,0.4594594594594595,0.6226415094339622,0.7027027027027027,,0.7027027027027027
yeast,rfc-nosuite,0.78,0.4864864864864865,0.0,0.0,0.7027027027027027,0.6226415094339622,0.7297297297297297,,0.8108108108108109
yeast,rfc-nosuite,0.64,0.5945945945945946,0.0,0.0,0.5135135135135135,0.6226415094339622,0.4864864864864865,,0.5135135135135135
yeast,rfc-nosuite,0.51,0.2972972972972973,0.0,0.0,0.2972972972972973,0.6226415094339622,0.4864864864864865,,0.5405405405405406
yeast,rfc-nosuite,0.75,0.5405405405405406,0.0,0.0,0.4864864864864865,0.6226415094339622,0.7567567567567568,,0.7297297297297297
yeast,rfc-nosuite,0.32,0.5405405405405406,0.0,0.0,0.6486486486486487,0.6226415094339622,0.7297297297297297,,0.7837837837837838
yeast,rfc-nosuite,0.37,0.5405405405405406,0.0,0.0,0.5135135135135135,0.6226415094339622,0.4864864864864865,,0.5675675675675675
yeast,rfc-nosuite,0.63,0.43243243243243246,0.0,0.0,0.40540540540540543,0.6226415094339622,0.40540540540540543,,0.4864864864864865
yeast,rfc-nosuite,0.45,0.40540540540540543,0.0,0.0,0.4594594594594595,0.6226415094339622,0.4864864864864865,,0.5405405405405406
yeast,rfc-nosuite,0.42,0.5135135135135135,0.0,0.0,0.35135135135135137,0.6226415094339622,0.5135135135135135,,0.43243243243243246
yeast,rfc-nosuite,0.92,0.6756756756756757,0.0,0.0,0.5945945945945946,0.6226415094339622,0.7297297297297297,,0.6756756756756757
yeast,rfc-nosuite,0.73,0.5675675675675675,0.0,0.0,0.4594594594594595,0.6226415094339622,0.5405405405405406,,0.5405405405405406
yeast,rfc-nosuite,0.44,0.4594594594594595,0.0,0.0,0.5945945945945946,0.6226415094339622,0.5945945945945946,,0.6486486486486487
yeast,rfc-nosuite,0.64,0.4864864864864865,0.0,0.0,0.4864864864864865,0.6226415094339622,0.6216216216216216,,0.5945945945945946
yeast,rfc-nosuite,0.57,0.4594594594594595,0.0,0.0,0.4864864864864865,0.6226415094339622,0.5405405405405406,,0.4864864864864865
yeast,rfc-nosuite,0.47,0.43243243243243246,0.0,0.0,0.3783783783783784,0.6226415094339622,0.4594594594594595,,0.5135135135135135
yeast,rfc-nosuite,0.56,0.5135135135135135,0.0,0.0,0.5405405405405406,0.6226415094339622,0.6216216216216216,,0.5405405405405406
yeast,rfc-nosuite,0.76,0.40540540540540543,0.0,0.0,0.43243243243243246,0.6226415094339622,0.5135135135135135,,0.5675675675675675
yeast,rfc-nosuite,0.55,0.6486486486486487,0.0,0.0,0.4864864864864865,0.6226415094339622,0.43243243243243246,,0.5945945945945946
yeast,rfc-nosuite,0.41,0.43243243243243246,0.0,0.0,0.43243243243243246,0.6226415094339622,0.4594594594594595,,0.5405405405405406
yeast,rfc-nosuite,0.55,0.43243243243243246,0.0,0.0,0.6216216216216216,0.6226415094339622,0.7837837837837838,,0.6486486486486487
yeast,rfc-nosuite,0.79,0.6486486486486487,0.0,0.0,0.5945945945945946,0.6226415094339622,0.5675675675675675,,0.6756756756756757
yeast,rfc-nosuite,0.85,0.6216216216216216,0.0,0.0,0.5945945945945946,0.6226415094339622,0.5675675675675675,,0.7567567567567568
rmftsa,rfc-nosuite,0.3562142857142858,0.48,0.0,0.0,0.52,0.48828125,0.56,0.2,0.6
rmftsa,rfc-nosuite,0.4576666666666667,0.52,0.0,0.0,0.44,0.48828125,0.28,0.36,0.32
rmftsa,rfc-nosuite,0.6425,0.44,0.0,0.0,0.48,0.48828125,0.4,0.4,0.28
rmftsa,rfc-nosuite,0.8478333333333333,0.4,0.0,0.0,0.52,0.48828125,0.52,0.52,0.36
rmftsa,rfc-nosuite,0.614280303030303,0.76,0.0,0.0,0.6,0.48828125,0.8,0.68,0.8
rmftsa,rfc-nosuite,0.8540349927849925,0.64,0.0,0.0,0.64,0.48828125,0.76,0.76,0.76
rmftsa,rfc-nosuite,0.2751865079365079,0.52,0.0,0.0,0.4,0.48828125,0.24,0.4,0.12
rmftsa,rfc-nosuite,0.8464378399378396,0.56,0.0,0.0,0.56,0.48828125,0.52,0.52,0.56
rmftsa,rfc-nosuite,0.8261904761904763,0.28,0.0,0.0,0.32,0.48828125,0.24,0.24,0.28
rmftsa,rfc-nosuite,0.5813382173382172,0.56,0.0,0.0,0.56,0.48828125,0.52,0.52,0.56
rmftsa,rfc-nosuite,1.0,0.8,0.0,0.0,0.8,0.48828125,0.84,0.4,0.56
rmftsa,rfc-nosuite,0.59075,0.48,0.0,0.0,0.36,0.48828125,0.16,0.44,0.64
rmftsa,rfc-nosuite,0.861,0.44,0.0,0.0,0.32,0.48828125,0.36,0.28,0.12
rmftsa,rfc-nosuite,0.6853333333333335,0.12,0.0,0.0,0.28,0.48828125,0.24,0.2,0.28
rmftsa,rfc-nosuite,0.6778594852859559,0.6,0.0,0.0,0.4,0.48828125,0.56,0.56,0.56
rmftsa,rfc-nosuite,0.39428571428571435,0.44,0.0,0.0,0.44,0.48828125,0.4,0.24,0.32
rmftsa,rfc-nosuite,0.4970714285714286,0.36,0.0,0.0,0.24,0.48828125,0.2,0.36,0.56
rmftsa,rfc-nosuite,0.5813382173382172,0.56,0.0,0.0,0.56,0.48828125,0.52,0.52,0.56
rmftsa,rfc-nosuite,0.58,0.28,0.0,0.0,0.28,0.48828125,0.32,0.32,0.24
rmftsa,rfc-nosuite,0.9611111111111111,0.68,0.0,0.0,0.68,0.48828125,0.72,0.68,0.68
rmftsa,rfc-nosuite,0.6005757575757573,0.48,0.0,0.0,0.48,0.48828125,0.56,0.2,0.36
rmftsa,rfc-nosuite,0.3537380952380953,0.2,0.0,0.0,0.48,0.48828125,0.36,0.36,0.4
rmftsa,rfc-nosuite,0.6685,0.32,0.0,0.0,0.08,0.48828125,0.2,0.28,0.32
rmftsa,rfc-nosuite,0.6693243284493282,0.76,0.0,0.0,0.76,0.48828125,0.84,0.76,0.76
rmftsa,rfc-nosuite,0.7121666666666667,0.4,0.0,0.0,0.48,0.48828125,0.44,0.28,0.28
rmftsa,rfc-nosuite,0.82,0.24,0.0,0.0,0.56,0.48828125,0.44,0.56,0.32
rmftsa,rfc-nosuite,0.429,0.36,0.0,0.0,0.52,0.48828125,0.52,0.52,0.16
rmftsa,rfc-nosuite,0.52,0.44,0.0,0.0,0.48,0.48828125,0.36,0.4,0.52
rmftsa,rfc-nosuite,0.42683730158730154,0.52,0.0,0.0,0.2,0.48828125,0.64,0.64,0.56
rmftsa,rfc-nosuite,0.6702857142857143,0.48,0.0,0.0,0.28,0.48828125,0.4,0.52,0.24
rmftsa,rfc-nosuite,0.6414067321567322,0.44,0.0,0.0,0.56,0.48828125,0.48,0.48,0.48
rmftsa,rfc-nosuite,0.3321428571428571,0.44,0.0,0.0,0.4,0.48828125,0.36,0.28,0.28
rmftsa,rfc-nosuite,0.6853333333333335,0.12,0.0,0.0,0.28,0.48828125,0.24,0.36,0.28
rmftsa,rfc-nosuite,0.5189999999999999,0.32,0.0,0.0,0.28,0.48828125,0.24,0.16,0.2
rmftsa,rfc-nosuite,0.8230952380952381,0.64,0.0,0.0,0.48,0.48828125,0.68,0.68,0.48
rmftsa,rfc-nosuite,0.5,0.4,0.0,0.0,0.48,0.48828125,0.32,0.4,0.32
rmftsa,rfc-nosuite,0.514142857142857,0.72,0.0,0.0,0.72,0.48828125,0.8,0.64,0.72
rmftsa,rfc-nosuite,1.0,0.6,0.0,0.0,0.56,0.48828125,0.36,0.64,0.6
rmftsa,rfc-nosuite,0.5757976190476191,0.8,0.0,0.0,0.64,0.48828125,0.88,0.48,0.56
rmftsa,rfc-nosuite,0.88,0.36,0.0,0.0,0.28,0.48828125,0.44,0.52,0.16
rmftsa,rfc-nosuite,0.5973333333333334,0.32,0.0,0.0,0.36,0.48828125,0.36,0.36,0.32
rmftsa,rfc-nosuite,0.4328333333333333,0.24,0.0,0.0,0.36,0.48828125,0.36,0.36,0.16
rmftsa,rfc-nosuite,0.74,0.44,0.0,0.0,0.16,0.48828125,0.52,0.52,0.2
rmftsa,rfc-nosuite,0.74,0.4,0.0,0.0,0.48,0.48828125,0.48,0.48,0.36
rmftsa,rfc-nosuite,0.89,0.6,0.0,0.0,0.6,0.48828125,0.32,0.56,0.32
rmftsa,rfc-nosuite,0.5813382173382172,0.56,0.0,0.0,0.56,0.48828125,0.52,0.52,0.56
rmftsa,rfc-nosuite,0.74,0.44,0.0,0.0,0.16,0.48828125,0.52,0.52,0.2
rmftsa,rfc-nosuite,0.72,0.4,0.0,0.0,0.24,0.48828125,0.24,0.24,0.24
rmftsa,rfc-nosuite,0.86,0.4,0.0,0.0,0.4,0.48828125,0.4,0.4,0.4
rmftsa,rfc-nosuite,0.6383095238095238,0.28,0.0,0.0,0.32,0.48828125,0.32,0.28,0.44
banknote-authentication,rfc-nosuite,0.99,1.0,0.0,0.0,1.0,0.9941690962099126,1.0,1.0,1.0
banknote-authentication,rfc-nosuite,1.0,1.0,0.0,0.0,1.0,0.9941690962099126,1.0,0.9705882352941176,1.0
banknote-authentication,rfc-nosuite,0.97,1.0,0.0,0.0,1.0,0.9941690962099126,0.9705882352941176,1.0,1.0
banknote-authentication,rfc-nosuite,0.95,1.0,0.0,0.0,1.0,0.9941690962099126,0.8235294117647058,0.9705882352941176,1.0
banknote-authentication,rfc-nosuite,1.0,0.9705882352941176,0.0,0.0,1.0,0.9941690962099126,1.0,1.0,0.8235294117647058
banknote-authentication,rfc-nosuite,1.0,1.0,0.0,0.0,1.0,0.9941690962099126,1.0,0.9411764705882353,1.0
banknote-authentication,rfc-nosuite,0.99,1.0,0.0,0.0,1.0,0.9941690962099126,1.0,1.0,1.0
banknote-authentication,rfc-nosuite,1.0,1.0,0.0,0.0,1.0,0.9941690962099126,1.0,1.0,1.0
banknote-authentication,rfc-nosuite,1.0,1.0,0.0,0.0,1.0,0.9941690962099126,1.0,0.7647058823529411,1.0
banknote-authentication,rfc-nosuite,1.0,1.0,0.0,0.0,1.0,0.9941690962099126,1.0,0.9705882352941176,1.0
banknote-authentication,rfc-nosuite,0.94,1.0,0.0,0.0,1.0,0.9941690962099126,0.9705882352941176,0.9705882352941176,1.0
banknote-authentication,rfc-nosuite,1.0,0.9705882352941176,0.0,0.0,0.9411764705882353,0.9941690962099126,1.0,1.0,1.0
banknote-authentication,rfc-nosuite,1.0,1.0,0.0,0.0,0.9117647058823529,0.9941690962099126,1.0,0.7352941176470589,1.0
banknote-authentication,rfc-nosuite,1.0,1.0,0.0,0.0,0.9117647058823529,0.9941690962099126,0.9705882352941176,1.0,1.0
banknote-authentication,rfc-nosuite,1.0,0.9705882352941176,0.0,0.0,0.9705882352941176,0.9941690962099126,1.0,1.0,0.9705882352941176
banknote-authentication,rfc-nosuite,1.0,0.9705882352941176,0.0,0.0,0.9705882352941176,0.9941690962099126,1.0,1.0,0.9705882352941176
banknote-authentication,rfc-nosuite,0.99,0.9705882352941176,0.0,0.0,0.9705882352941176,0.9941690962099126,1.0,1.0,1.0
banknote-authentication,rfc-nosuite,0.98,1.0,0.0,0.0,1.0,0.9941690962099126,0.9705882352941176,1.0,0.8529411764705882
banknote-authentication,rfc-nosuite,0.99,1.0,0.0,0.0,1.0,0.9941690962099126,1.0,1.0,1.0
banknote-authentication,rfc-nosuite,1.0,1.0,0.0,0.0,0.9117647058823529,0.9941690962099126,1.0,0.8235294117647058,0.9411764705882353
banknote-authentication,rfc-nosuite,1.0,1.0,0.0,0.0,1.0,0.9941690962099126,1.0,1.0,1.0
banknote-authentication,rfc-nosuite,0.97,0.9705882352941176,0.0,0.0,0.9705882352941176,0.9941690962099126,0.7941176470588235,0.9705882352941176,0.9705882352941176
banknote-authentication,rfc-nosuite,1.0,1.0,0.0,0.0,1.0,0.9941690962099126,1.0,0.8235294117647058,1.0
banknote-authentication,rfc-nosuite,1.0,1.0,0.0,0.0,1.0,0.9941690962099126,1.0,1.0,1.0
banknote-authentication,rfc-nosuite,0.89,1.0,0.0,0.0,1.0,0.9941690962099126,0.9705882352941176,1.0,0.8235294117647058
banknote-authentication,rfc-nosuite,1.0,1.0,0.0,0.0,1.0,0.9941690962099126,1.0,0.9411764705882353,1.0
banknote-authentication,rfc-nosuite,1.0,1.0,0.0,0.0,1.0,0.9941690962099126,1.0,1.0,1.0
banknote-authentication,rfc-nosuite,1.0,1.0,0.0,0.0,1.0,0.9941690962099126,1.0,1.0,1.0
banknote-authentication,rfc-nosuite,0.94,1.0,0.0,0.0,1.0,0.9941690962099126,1.0,1.0,1.0
banknote-authentication,rfc-nosuite,0.99,1.0,0.0,0.0,0.9705882352941176,0.9941690962099126,1.0,0.9117647058823529,0.9705882352941176
banknote-authentication,rfc-nosuite,0.99,1.0,0.0,0.0,1.0,0.9941690962099126,0.9705882352941176,1.0,1.0
banknote-authentication,rfc-nosuite,1.0,1.0,0.0,0.0,1.0,0.9941690962099126,1.0,1.0,0.9411764705882353
banknote-authentication,rfc-nosuite,0.94,1.0,0.0,0.0,1.0,0.9941690962099126,1.0,1.0,1.0
banknote-authentication,rfc-nosuite,1.0,1.0,0.0,0.0,1.0,0.9941690962099126,1.0,1.0,1.0
banknote-authentication,rfc-nosuite,0.97,0.9705882352941176,0.0,0.0,0.9705882352941176,0.9941690962099126,0.9705882352941176,1.0,1.0
banknote-authentication,rfc-nosuite,1.0,1.0,0.0,0.0,1.0,0.9941690962099126,1.0,1.0,1.0
banknote-authentication,rfc-nosuite,1.0,1.0,0.0,0.0,1.0,0.9941690962099126,1.0,1.0,1.0
banknote-authentication,rfc-nosuite,1.0,1.0,0.0,0.0,1.0,0.9941690962099126,1.0,1.0,1.0
banknote-authentication,rfc-nosuite,0.98,1.0,0.0,0.0,0.8529411764705882,0.9941690962099126,1.0,1.0,1.0
banknote-authentication,rfc-nosuite,1.0,1.0,0.0,0.0,1.0,0.9941690962099126,1.0,0.5588235294117647,1.0
banknote-authentication,rfc-nosuite,0.99,0.9705882352941176,0.0,0.0,1.0,0.9941690962099126,1.0,1.0,1.0
banknote-authentication,rfc-nosuite,1.0,1.0,0.0,0.0,1.0,0.9941690962099126,1.0,1.0,1.0
banknote-authentication,rfc-nosuite,0.85,1.0,0.0,0.0,1.0,0.9941690962099126,0.9705882352941176,1.0,0.7058823529411765
banknote-authentication,rfc-nosuite,0.99,0.9705882352941176,0.0,0.0,1.0,0.9941690962099126,1.0,1.0,1.0
banknote-authentication,rfc-nosuite,1.0,1.0,0.0,0.0,0.9705882352941176,0.9941690962099126,0.9117647058823529,0.6176470588235294,0.9705882352941176
banknote-authentication,rfc-nosuite,1.0,1.0,0.0,0.0,1.0,0.9941690962099126,1.0,1.0,1.0
banknote-authentication,rfc-nosuite,1.0,1.0,0.0,0.0,1.0,0.9941690962099126,1.0,1.0,1.0
banknote-authentication,rfc-nosuite,0.99,0.9705882352941176,0.0,0.0,1.0,0.9941690962099126,0.8235294117647058,1.0,0.9705882352941176
banknote-authentication,rfc-nosuite,0.99,1.0,0.0,0.0,1.0,0.9941690962099126,1.0,1.0,1.0
banknote-authentication,rfc-nosuite,0.94,1.0,0.0,0.0,1.0,0.9941690962099126,1.0,1.0,0.7352941176470589
volcanoes-a2,rfc-nosuite,1.0,0.95,0.0,0.0,0.975,0.9310344827586207,0.975,0.975,0.975
volcanoes-a2,rfc-nosuite,0.96,0.975,0.0,0.0,0.975,0.9310344827586207,0.95,0.6,
volcanoes-a2,rfc-nosuite,1.0,1.0,0.0,0.0,1.0,0.9310344827586207,1.0,1.0,1.0
volcanoes-a2,rfc-nosuite,0.97,1.0,0.0,0.0,1.0,0.9310344827586207,1.0,1.0,
volcanoes-a2,rfc-nosuite,0.74,0.975,0.0,0.0,0.975,0.9310344827586207,0.975,0.975,
volcanoes-a2,rfc-nosuite,1.0,1.0,0.0,0.0,1.0,0.9310344827586207,1.0,1.0,
volcanoes-a2,rfc-nosuite,0.92,0.975,0.0,0.0,0.975,0.9310344827586207,0.975,0.975,0.975
volcanoes-a2,rfc-nosuite,0.99,1.0,0.0,0.0,1.0,0.9310344827586207,1.0,1.0,
volcanoes-a2,rfc-nosuite,1.0,0.975,0.0,0.0,0.975,0.9310344827586207,0.975,0.975,0.975
volcanoes-a2,rfc-nosuite,0.99,1.0,0.0,0.0,1.0,0.9310344827586207,1.0,1.0,
volcanoes-a2,rfc-nosuite,0.63,0.625,0.0,0.0,0.725,0.9310344827586207,0.675,0.45,0.575
volcanoes-a2,rfc-nosuite,1.0,1.0,0.0,0.0,1.0,0.9310344827586207,1.0,1.0,
volcanoes-a2,rfc-nosuite,0.71,0.85,0.0,0.0,0.95,0.9310344827586207,0.875,0.875,0.625
volcanoes-a2,rfc-nosuite,0.72,0.85,0.0,0.0,0.95,0.9310344827586207,0.925,0.775,0.925
volcanoes-a2,rfc-nosuite,0.92,1.0,0.0,0.0,1.0,0.9310344827586207,1.0,1.0,
volcanoes-a2,rfc-nosuite,1.0,1.0,0.0,0.0,1.0,0.9310344827586207,1.0,1.0,1.0
volcanoes-a2,rfc-nosuite,0.99,0.975,0.0,0.0,0.975,0.9310344827586207,0.975,0.975,0.975
volcanoes-a2,rfc-nosuite,0.92,0.975,0.0,0.0,0.975,0.9310344827586207,0.925,0.975,0.975
volcanoes-a2,rfc-nosuite,1.0,1.0,0.0,0.0,0.975,0.9310344827586207,0.95,1.0,1.0
volcanoes-a2,rfc-nosuite,1.0,1.0,0.0,0.0,1.0,0.9310344827586207,1.0,1.0,
volcanoes-a2,rfc-nosuite,0.96,1.0,0.0,0.0,1.0,0.9310344827586207,1.0,1.0,1.0
volcanoes-a2,rfc-nosuite,0.95,1.0,0.0,0.0,1.0,0.9310344827586207,1.0,1.0,1.0
volcanoes-a2,rfc-nosuite,0.98,1.0,0.0,0.0,1.0,0.9310344827586207,1.0,1.0,
volcanoes-a2,rfc-nosuite,1.0,0.975,0.0,0.0,0.95,0.9310344827586207,0.975,0.7,
volcanoes-a2,rfc-nosuite,0.99,1.0,0.0,0.0,1.0,0.9310344827586207,0.95,1.0,1.0
volcanoes-a2,rfc-nosuite,1.0,0.975,0.0,0.0,0.975,0.9310344827586207,0.975,0.975,0.975
volcanoes-a2,rfc-nosuite,1.0,1.0,0.0,0.0,1.0,0.9310344827586207,1.0,1.0,
volcanoes-a2,rfc-nosuite,0.96,1.0,0.0,0.0,1.0,0.9310344827586207,1.0,1.0,1.0
volcanoes-a2,rfc-nosuite,0.96,1.0,0.0,0.0,1.0,0.9310344827586207,1.0,1.0,
volcanoes-a2,rfc-nosuite,1.0,1.0,0.0,0.0,1.0,0.9310344827586207,1.0,1.0,1.0
volcanoes-a2,rfc-nosuite,1.0,0.975,0.0,0.0,0.975,0.9310344827586207,0.975,0.975,0.975
volcanoes-a2,rfc-nosuite,1.0,1.0,0.0,0.0,1.0,0.9310344827586207,1.0,1.0,1.0
volcanoes-a2,rfc-nosuite,0.99,0.975,0.0,0.0,0.975,0.9310344827586207,0.95,0.975,
volcanoes-a2,rfc-nosuite,1.0,1.0,0.0,0.0,1.0,0.9310344827586207,1.0,1.0,1.0
volcanoes-a2,rfc-nosuite,0.99,0.975,0.0,0.0,0.975,0.9310344827586207,0.975,0.975,0.975
volcanoes-a2,rfc-nosuite,1.0,0.975,0.0,0.0,0.975,0.9310344827586207,0.975,0.975,
volcanoes-a2,rfc-nosuite,0.98,1.0,0.0,0.0,1.0,0.9310344827586207,1.0,1.0,1.0
volcanoes-a2,rfc-nosuite,0.43,0.6,0.0,0.0,0.7,0.9310344827586207,0.55,0.525,0.625
volcanoes-a2,rfc-nosuite,1.0,1.0,0.0,0.0,1.0,0.9310344827586207,1.0,1.0,1.0
volcanoes-a2,rfc-nosuite,0.82,0.875,0.0,0.0,0.9,0.9310344827586207,0.925,0.95,0.85
volcanoes-a2,rfc-nosuite,1.0,1.0,0.0,0.0,1.0,0.9310344827586207,1.0,1.0,1.0
volcanoes-a2,rfc-nosuite,0.97,0.975,0.0,0.0,0.975,0.9310344827586207,0.975,0.975,
volcanoes-a2,rfc-nosuite,0.97,0.975,0.0,0.0,0.975,0.9310344827586207,0.975,0.975,0.975
volcanoes-a2,rfc-nosuite,0.98,0.975,0.0,0.0,0.975,0.9310344827586207,0.975,0.925,0.975
volcanoes-a2,rfc-nosuite,1.0,1.0,0.0,0.0,1.0,0.9310344827586207,1.0,1.0,1.0
volcanoes-a2,rfc-nosuite,0.86,0.525,0.0,0.0,0.75,0.9310344827586207,0.575,0.375,0.625
volcanoes-a2,rfc-nosuite,1.0,1.0,0.0,0.0,1.0,0.9310344827586207,1.0,1.0,
volcanoes-a2,rfc-nosuite,0.96,0.925,0.0,0.0,0.95,0.9310344827586207,0.9,0.95,
volcanoes-a2,rfc-nosuite,1.0,0.975,0.0,0.0,0.975,0.9310344827586207,0.975,0.975,0.975
volcanoes-a2,rfc-nosuite,0.99,0.975,0.0,0.0,0.975,0.9310344827586207,0.95,0.95,0.975
yeast,rfc-nosuite,0.43,0.5405405405405406,0.0,0.0,0.5675675675675675,0.6226415094339622,0.5405405405405406,,0.6756756756756757
yeast,rfc-nosuite,0.79,0.43243243243243246,0.0,0.0,0.6216216216216216,0.6226415094339622,0.5405405405405406,,0.5405405405405406
yeast,rfc-nosuite,0.7,0.4864864864864865,0.0,0.0,0.5405405405405406,0.6226415094339622,0.5945945945945946,,0.5135135135135135
yeast,rfc-nosuite,0.74,0.6756756756756757,0.0,0.0,0.5405405405405406,0.6226415094339622,0.5405405405405406,,0.5945945945945946
yeast,rfc-nosuite,0.8,0.5405405405405406,0.0,0.0,0.5405405405405406,0.6226415094339622,0.5945945945945946,,0.5945945945945946
yeast,rfc-nosuite,0.42,0.4594594594594595,0.0,0.0,0.32432432432432434,0.6226415094339622,0.40540540540540543,,0.40540540540540543
yeast,rfc-nosuite,0.67,0.5405405405405406,0.0,0.0,0.6486486486486487,0.6226415094339622,0.5945945945945946,,0.7297297297297297
yeast,rfc-nosuite,0.47,0.4864864864864865,0.0,0.0,0.7297297297297297,0.6226415094339622,0.7027027027027027,,0.43243243243243246
yeast,rfc-nosuite,0.57,0.4864864864864865,0.0,0.0,0.3783783783783784,0.6226415094339622,0.4594594594594595,,0.43243243243243246
yeast,rfc-nosuite,0.72,0.5135135135135135,0.0,0.0,0.6756756756756757,0.6226415094339622,0.7837837837837838,,0.8108108108108109
yeast,rfc-nosuite,0.86,0.7567567567567568,0.0,0.0,0.7837837837837838,0.6226415094339622,0.7837837837837838,,0.8108108108108109
yeast,rfc-nosuite,0.86,0.6486486486486487,0.0,0.0,0.5135135135135135,0.6226415094339622,0.5405405405405406,,0.7297297297297297
yeast,rfc-nosuite,0.59,0.6486486486486487,0.0,0.0,0.6216216216216216,0.6226415094339622,0.7027027027027027,,0.5675675675675675
yeast,rfc-nosuite,0.55,0.6216216216216216,0.0,0.0,0.5945945945945946,0.6226415094339622,0.5945945945945946,,0.4864864864864865
yeast,rfc-nosuite,0.72,0.43243243243243246,0.0,0.0,0.5945945945945946,0.6226415094339622,0.6486486486486487,,0.7027027027027027
yeast,rfc-nosuite,0.48,0.5675675675675675,0.0,0.0,0.6216216216216216,0.6226415094339622,0.5135135135135135,,0.5945945945945946
yeast,rfc-nosuite,0.56,0.5405405405405406,0.0,0.0,0.4864864864864865,0.6226415094339622,0.5135135135135135,,0.5945945945945946
yeast,rfc-nosuite,0.73,0.5405405405405406,0.0,0.0,0.21621621621621623,0.6226415094339622,0.5135135135135135,,0.5675675675675675
yeast,rfc-nosuite,0.6,0.5405405405405406,0.0,0.0,0.4594594594594595,0.6226415094339622,0.5405405405405406,,0.4864864864864865
yeast,rfc-nosuite,0.64,0.32432432432432434,0.0,0.0,0.6486486486486487,0.6226415094339622,0.7027027027027027,,0.7027027027027027
yeast,rfc-nosuite,0.77,0.6216216216216216,0.0,0.0,0.6756756756756757,0.6226415094339622,0.6216216216216216,,0.7837837837837838
yeast,rfc-nosuite,0.74,0.3783783783783784,0.0,0.0,0.2702702702702703,0.6226415094339622,0.43243243243243246,,0.3783783783783784
yeast,rfc-nosuite,0.9,0.6486486486486487,0.0,0.0,0.6756756756756757,0.6226415094339622,0.5675675675675675,,0.5945945945945946
yeast,rfc-nosuite,0.42,0.35135135135135137,0.0,0.0,0.40540540540540543,0.6226415094339622,0.5405405405405406,,0.5675675675675675
yeast,rfc-nosuite,0.54,0.43243243243243246,0.0,0.0,0.5675675675675675,0.6226415094339622,0.5945945945945946,,0.4864864864864865
yeast,rfc-nosuite,0.4,0.2972972972972973,0.0,0.0,0.3783783783783784,0.6226415094339622,0.5945945945945946,,0.43243243243243246
yeast,rfc-nosuite,0.52,0.4594594594594595,0.0,0.0,0.5135135135135135,0.6226415094339622,0.5405405405405406,,0.4864864864864865
yeast,rfc-nosuite,0.51,0.4864864864864865,0.0,0.0,0.4594594594594595,0.6226415094339622,0.7027027027027027,,0.7027027027027027
yeast,rfc-nosuite,0.78,0.4864864864864865,0.0,0.0,0.7027027027027027,0.6226415094339622,0.7297297297297297,,0.8108108108108109
yeast,rfc-nosuite,0.64,0.5945945945945946,0.0,0.0,0.5135135135135135,0.6226415094339622,0.4864864864864865,,0.5135135135135135
yeast,rfc-nosuite,0.51,0.2972972972972973,0.0,0.0,0.2972972972972973,0.6226415094339622,0.4864864864864865,,0.5405405405405406
yeast,rfc-nosuite,0.75,0.5405405405405406,0.0,0.0,0.4864864864864865,0.6226415094339622,0.7567567567567568,,0.7297297297297297
yeast,rfc-nosuite,0.32,0.5405405405405406,0.0,0.0,0.6486486486486487,0.6226415094339622,0.7297297297297297,,0.7837837837837838
yeast,rfc-nosuite,0.37,0.5405405405405406,0.0,0.0,0.5135135135135135,0.6226415094339622,0.4864864864864865,,0.5675675675675675
yeast,rfc-nosuite,0.63,0.43243243243243246,0.0,0.0,0.40540540540540543,0.6226415094339622,0.40540540540540543,,0.4864864864864865
yeast,rfc-nosuite,0.45,0.40540540540540543,0.0,0.0,0.4594594594594595,0.6226415094339622,0.4864864864864865,,0.5405405405405406
yeast,rfc-nosuite,0.42,0.5135135135135135,0.0,0.0,0.35135135135135137,0.6226415094339622,0.5135135135135135,,0.43243243243243246
yeast,rfc-nosuite,0.92,0.6756756756756757,0.0,0.0,0.5945945945945946,0.6226415094339622,0.7297297297297297,,0.6756756756756757
yeast,rfc-nosuite,0.73,0.5675675675675675,0.0,0.0,0.4594594594594595,0.6226415094339622,0.5405405405405406,,0.5405405405405406
yeast,rfc-nosuite,0.44,0.4594594594594595,0.0,0.0,0.5945945945945946,0.6226415094339622,0.5945945945945946,,0.6486486486486487
yeast,rfc-nosuite,0.64,0.4864864864864865,0.0,0.0,0.4864864864864865,0.6226415094339622,0.6216216216216216,,0.5945945945945946
yeast,rfc-nosuite,0.57,0.4594594594594595,0.0,0.0,0.4864864864864865,0.6226415094339622,0.5405405405405406,,0.4864864864864865
yeast,rfc-nosuite,0.47,0.43243243243243246,0.0,0.0,0.3783783783783784,0.6226415094339622,0.4594594594594595,,0.5135135135135135
yeast,rfc-nosuite,0.56,0.5135135135135135,0.0,0.0,0.5405405405405406,0.6226415094339622,0.6216216216216216,,0.5405405405405406
yeast,rfc-nosuite,0.76,0.40540540540540543,0.0,0.0,0.43243243243243246,0.6226415094339622,0.5135135135135135,,0.5675675675675675
yeast,rfc-nosuite,0.55,0.6486486486486487,0.0,0.0,0.4864864864864865,0.6226415094339622,0.43243243243243246,,0.5945945945945946
yeast,rfc-nosuite,0.41,0.43243243243243246,0.0,0.0,0.43243243243243246,0.6226415094339622,0.4594594594594595,,0.5405405405405406
yeast,rfc-nosuite,0.55,0.43243243243243246,0.0,0.0,0.6216216216216216,0.6226415094339622,0.7837837837837838,,0.6486486486486487
yeast,rfc-nosuite,0.79,0.6486486486486487,0.0,0.0,0.5945945945945946,0.6226415094339622,0.5675675675675675,,0.6756756756756757
yeast,rfc-nosuite,0.85,0.6216216216216216,0.0,0.0,0.5945945945945946,0.6226415094339622,0.5675675675675675,,0.7567567567567568
rmftsa,rfc-nosuite,0.3562142857142858,0.48,0.0,0.0,0.52,0.48828125,0.56,0.2,0.6
rmftsa,rfc-nosuite,0.4576666666666667,0.52,0.0,0.0,0.44,0.48828125,0.28,0.36,0.32
rmftsa,rfc-nosuite,0.6425,0.44,0.0,0.0,0.48,0.48828125,0.4,0.4,0.28
rmftsa,rfc-nosuite,0.8478333333333333,0.4,0.0,0.0,0.52,0.48828125,0.52,0.52,0.36
rmftsa,rfc-nosuite,0.614280303030303,0.76,0.0,0.0,0.6,0.48828125,0.8,0.68,0.8
rmftsa,rfc-nosuite,0.8540349927849925,0.64,0.0,0.0,0.64,0.48828125,0.76,0.76,0.76
rmftsa,rfc-nosuite,0.2751865079365079,0.52,0.0,0.0,0.4,0.48828125,0.24,0.4,0.12
rmftsa,rfc-nosuite,0.8464378399378396,0.56,0.0,0.0,0.56,0.48828125,0.52,0.52,0.56
rmftsa,rfc-nosuite,0.8261904761904763,0.28,0.0,0.0,0.32,0.48828125,0.24,0.24,0.28
rmftsa,rfc-nosuite,0.5813382173382172,0.56,0.0,0.0,0.56,0.48828125,0.52,0.52,0.56
rmftsa,rfc-nosuite,1.0,0.8,0.0,0.0,0.8,0.48828125,0.84,0.4,0.56
rmftsa,rfc-nosuite,0.59075,0.48,0.0,0.0,0.36,0.48828125,0.16,0.44,0.64
rmftsa,rfc-nosuite,0.861,0.44,0.0,0.0,0.32,0.48828125,0.36,0.28,0.12
rmftsa,rfc-nosuite,0.6853333333333335,0.12,0.0,0.0,0.28,0.48828125,0.24,0.2,0.28
rmftsa,rfc-nosuite,0.6778594852859559,0.6,0.0,0.0,0.4,0.48828125,0.56,0.56,0.56
rmftsa,rfc-nosuite,0.39428571428571435,0.44,0.0,0.0,0.44,0.48828125,0.4,0.24,0.32
rmftsa,rfc-nosuite,0.4970714285714286,0.36,0.0,0.0,0.24,0.48828125,0.2,0.36,0.56
rmftsa,rfc-nosuite,0.5813382173382172,0.56,0.0,0.0,0.56,0.48828125,0.52,0.52,0.56
rmftsa,rfc-nosuite,0.58,0.28,0.0,0.0,0.28,0.48828125,0.32,0.32,0.24
rmftsa,rfc-nosuite,0.9611111111111111,0.68,0.0,0.0,0.68,0.48828125,0.72,0.68,0.68
rmftsa,rfc-nosuite,0.6005757575757573,0.48,0.0,0.0,0.48,0.48828125,0.56,0.2,0.36
rmftsa,rfc-nosuite,0.3537380952380953,0.2,0.0,0.0,0.48,0.48828125,0.36,0.36,0.4
rmftsa,rfc-nosuite,0.6685,0.32,0.0,0.0,0.08,0.48828125,0.2,0.28,0.32
rmftsa,rfc-nosuite,0.6693243284493282,0.76,0.0,0.0,0.76,0.48828125,0.84,0.76,0.76
rmftsa,rfc-nosuite,0.7121666666666667,0.4,0.0,0.0,0.48,0.48828125,0.44,0.28,0.28
rmftsa,rfc-nosuite,0.82,0.24,0.0,0.0,0.56,0.48828125,0.44,0.56,0.32
rmftsa,rfc-nosuite,0.429,0.36,0.0,0.0,0.52,0.48828125,0.52,0.52,0.16
rmftsa,rfc-nosuite,0.52,0.44,0.0,0.0,0.48,0.48828125,0.36,0.4,0.52
rmftsa,rfc-nosuite,0.42683730158730154,0.52,0.0,0.0,0.2,0.48828125,0.64,0.64,0.56
rmftsa,rfc-nosuite,0.6702857142857143,0.48,0.0,0.0,0.28,0.48828125,0.4,0.52,0.24
rmftsa,rfc-nosuite,0.6414067321567322,0.44,0.0,0.0,0.56,0.48828125,0.48,0.48,0.48
rmftsa,rfc-nosuite,0.3321428571428571,0.44,0.0,0.0,0.4,0.48828125,0.36,0.28,0.28
rmftsa,rfc-nosuite,0.6853333333333335,0.12,0.0,0.0,0.28,0.48828125,0.24,0.36,0.28
rmftsa,rfc-nosuite,0.5189999999999999,0.32,0.0,0.0,0.28,0.48828125,0.24,0.16,0.2
rmftsa,rfc-nosuite,0.8230952380952381,0.64,0.0,0.0,0.48,0.48828125,0.68,0.68,0.48
rmftsa,rfc-nosuite,0.5,0.4,0.0,0.0,0.48,0.48828125,0.32,0.4,0.32
rmftsa,rfc-nosuite,0.514142857142857,0.72,0.0,0.0,0.72,0.48828125,0.8,0.64,0.72
rmftsa,rfc-nosuite,1.0,0.6,0.0,0.0,0.56,0.48828125,0.36,0.64,0.6
rmftsa,rfc-nosuite,0.5757976190476191,0.8,0.0,0.0,0.64,0.48828125,0.88,0.48,0.56
rmftsa,rfc-nosuite,0.88,0.36,0.0,0.0,0.28,0.48828125,0.44,0.52,0.16
rmftsa,rfc-nosuite,0.5973333333333334,0.32,0.0,0.0,0.36,0.48828125,0.36,0.36,0.32
rmftsa,rfc-nosuite,0.4328333333333333,0.24,0.0,0.0,0.36,0.48828125,0.36,0.36,0.16
rmftsa,rfc-nosuite,0.74,0.44,0.0,0.0,0.16,0.48828125,0.52,0.52,0.2
rmftsa,rfc-nosuite,0.74,0.4,0.0,0.0,0.48,0.48828125,0.48,0.48,0.36
rmftsa,rfc-nosuite,0.89,0.6,0.0,0.0,0.6,0.48828125,0.32,0.56,0.32
rmftsa,rfc-nosuite,0.5813382173382172,0.56,0.0,0.0,0.56,0.48828125,0.52,0.52,0.56
rmftsa,rfc-nosuite,0.74,0.44,0.0,0.0,0.16,0.48828125,0.52,0.52,0.2
rmftsa,rfc-nosuite,0.72,0.4,0.0,0.0,0.24,0.48828125,0.24,0.24,0.24
rmftsa,rfc-nosuite,0.86,0.4,0.0,0.0,0.4,0.48828125,0.4,0.4,0.4
rmftsa,rfc-nosuite,0.6383095238095238,0.28,0.0,0.0,0.32,0.48828125,0.32,0.28,0.44
banknote-authentication,rfc-nosuite,0.99,1.0,0.0,0.0,1.0,0.9941690962099126,1.0,1.0,1.0
banknote-authentication,rfc-nosuite,1.0,1.0,0.0,0.0,1.0,0.9941690962099126,1.0,0.9705882352941176,1.0
banknote-authentication,rfc-nosuite,0.97,1.0,0.0,0.0,1.0,0.9941690962099126,0.9705882352941176,1.0,1.0
banknote-authentication,rfc-nosuite,0.95,1.0,0.0,0.0,1.0,0.9941690962099126,0.8235294117647058,0.9705882352941176,1.0
banknote-authentication,rfc-nosuite,1.0,0.9705882352941176,0.0,0.0,1.0,0.9941690962099126,1.0,1.0,0.8235294117647058
banknote-authentication,rfc-nosuite,1.0,1.0,0.0,0.0,1.0,0.9941690962099126,1.0,0.9411764705882353,1.0
banknote-authentication,rfc-nosuite,0.99,1.0,0.0,0.0,1.0,0.9941690962099126,1.0,1.0,1.0
banknote-authentication,rfc-nosuite,1.0,1.0,0.0,0.0,1.0,0.9941690962099126,1.0,1.0,1.0
banknote-authentication,rfc-nosuite,1.0,1.0,0.0,0.0,1.0,0.9941690962099126,1.0,0.7647058823529411,1.0
banknote-authentication,rfc-nosuite,1.0,1.0,0.0,0.0,1.0,0.9941690962099126,1.0,0.9705882352941176,1.0
banknote-authentication,rfc-nosuite,0.94,1.0,0.0,0.0,1.0,0.9941690962099126,0.9705882352941176,0.9705882352941176,1.0
banknote-authentication,rfc-nosuite,1.0,0.9705882352941176,0.0,0.0,0.9411764705882353,0.9941690962099126,1.0,1.0,1.0
banknote-authentication,rfc-nosuite,1.0,1.0,0.0,0.0,0.9117647058823529,0.9941690962099126,1.0,0.7352941176470589,1.0
banknote-authentication,rfc-nosuite,1.0,1.0,0.0,0.0,0.9117647058823529,0.9941690962099126,0.9705882352941176,1.0,1.0
banknote-authentication,rfc-nosuite,1.0,0.9705882352941176,0.0,0.0,0.9705882352941176,0.9941690962099126,1.0,1.0,0.9705882352941176
banknote-authentication,rfc-nosuite,1.0,0.9705882352941176,0.0,0.0,0.9705882352941176,0.9941690962099126,1.0,1.0,0.9705882352941176
banknote-authentication,rfc-nosuite,0.99,0.9705882352941176,0.0,0.0,0.9705882352941176,0.9941690962099126,1.0,1.0,1.0
banknote-authentication,rfc-nosuite,0.98,1.0,0.0,0.0,1.0,0.9941690962099126,0.9705882352941176,1.0,0.8529411764705882
banknote-authentication,rfc-nosuite,0.99,1.0,0.0,0.0,1.0,0.9941690962099126,1.0,1.0,1.0
banknote-authentication,rfc-nosuite,1.0,1.0,0.0,0.0,0.9117647058823529,0.9941690962099126,1.0,0.8235294117647058,0.9411764705882353
banknote-authentication,rfc-nosuite,1.0,1.0,0.0,0.0,1.0,0.9941690962099126,1.0,1.0,1.0
banknote-authentication,rfc-nosuite,0.97,0.9705882352941176,0.0,0.0,0.9705882352941176,0.9941690962099126,0.7941176470588235,0.9705882352941176,0.9705882352941176
banknote-authentication,rfc-nosuite,1.0,1.0,0.0,0.0,1.0,0.9941690962099126,1.0,0.8235294117647058,1.0
banknote-authentication,rfc-nosuite,1.0,1.0,0.0,0.0,1.0,0.9941690962099126,1.0,1.0,1.0
banknote-authentication,rfc-nosuite,0.89,1.0,0.0,0.0,1.0,0.9941690962099126,0.9705882352941176,1.0,0.8235294117647058
banknote-authentication,rfc-nosuite,1.0,1.0,0.0,0.0,1.0,0.9941690962099126,1.0,0.9411764705882353,1.0
banknote-authentication,rfc-nosuite,1.0,1.0,0.0,0.0,1.0,0.9941690962099126,1.0,1.0,1.0
banknote-authentication,rfc-nosuite,1.0,1.0,0.0,0.0,1.0,0.9941690962099126,1.0,1.0,1.0
banknote-authentication,rfc-nosuite,0.94,1.0,0.0,0.0,1.0,0.9941690962099126,1.0,1.0,1.0
banknote-authentication,rfc-nosuite,0.99,1.0,0.0,0.0,0.9705882352941176,0.9941690962099126,1.0,0.9117647058823529,0.9705882352941176
banknote-authentication,rfc-nosuite,0.99,1.0,0.0,0.0,1.0,0.9941690962099126,0.9705882352941176,1.0,1.0
banknote-authentication,rfc-nosuite,1.0,1.0,0.0,0.0,1.0,0.9941690962099126,1.0,1.0,0.9411764705882353
banknote-authentication,rfc-nosuite,0.94,1.0,0.0,0.0,1.0,0.9941690962099126,1.0,1.0,1.0
banknote-authentication,rfc-nosuite,1.0,1.0,0.0,0.0,1.0,0.9941690962099126,1.0,1.0,1.0
banknote-authentication,rfc-nosuite,0.97,0.9705882352941176,0.0,0.0,0.9705882352941176,0.9941690962099126,0.9705882352941176,1.0,1.0
banknote-authentication,rfc-nosuite,1.0,1.0,0.0,0.0,1.0,0.9941690962099126,1.0,1.0,1.0
banknote-authentication,rfc-nosuite,1.0,1.0,0.0,0.0,1.0,0.9941690962099126,1.0,1.0,1.0
banknote-authentication,rfc-nosuite,1.0,1.0,0.0,0.0,1.0,0.9941690962099126,1.0,1.0,1.0
banknote-authentication,rfc-nosuite,0.98,1.0,0.0,0.0,0.8529411764705882,0.9941690962099126,1.0,1.0,1.0
banknote-authentication,rfc-nosuite,1.0,1.0,0.0,0.0,1.0,0.9941690962099126,1.0,0.5588235294117647,1.0
banknote-authentication,rfc-nosuite,0.99,0.9705882352941176,0.0,0.0,1.0,0.9941690962099126,1.0,1.0,1.0
banknote-authentication,rfc-nosuite,1.0,1.0,0.0,0.0,1.0,0.9941690962099126,1.0,1.0,1.0
banknote-authentication,rfc-nosuite,0.85,1.0,0.0,0.0,1.0,0.9941690962099126,0.9705882352941176,1.0,0.7058823529411765
banknote-authentication,rfc-nosuite,0.99,0.9705882352941176,0.0,0.0,1.0,0.9941690962099126,1.0,1.0,1.0
banknote-authentication,rfc-nosuite,1.0,1.0,0.0,0.0,0.9705882352941176,0.9941690962099126,0.9117647058823529,0.6176470588235294,0.9705882352941176
banknote-authentication,rfc-nosuite,1.0,1.0,0.0,0.0,1.0,0.9941690962099126,1.0,1.0,1.0
banknote-authentication,rfc-nosuite,1.0,1.0,0.0,0.0,1.0,0.9941690962099126,1.0,1.0,1.0
banknote-authentication,rfc-nosuite,0.99,0.9705882352941176,0.0,0.0,1.0,0.9941690962099126,0.8235294117647058,1.0,0.9705882352941176
banknote-authentication,rfc-nosuite,0.99,1.0,0.0,0.0,1.0,0.9941690962099126,1.0,1.0,1.0
banknote-authentication,rfc-nosuite,0.94,1.0,0.0,0.0,1.0,0.9941690962099126,1.0,1.0,0.7352941176470589
volcanoes-a2,rfc-nosuite,1.0,0.95,0.0,0.0,0.975,0.9310344827586207,0.975,0.975,0.975
volcanoes-a2,rfc-nosuite,0.96,0.975,0.0,0.0,0.975,0.9310344827586207,0.95,0.6,
volcanoes-a2,rfc-nosuite,1.0,1.0,0.0,0.0,1.0,0.9310344827586207,1.0,1.0,1.0
volcanoes-a2,rfc-nosuite,0.97,1.0,0.0,0.0,1.0,0.9310344827586207,1.0,1.0,
volcanoes-a2,rfc-nosuite,0.74,0.975,0.0,0.0,0.975,0.9310344827586207,0.975,0.975,
volcanoes-a2,rfc-nosuite,1.0,1.0,0.0,0.0,1.0,0.9310344827586207,1.0,1.0,
volcanoes-a2,rfc-nosuite,0.92,0.975,0.0,0.0,0.975,0.9310344827586207,0.975,0.975,0.975
volcanoes-a2,rfc-nosuite,0.99,1.0,0.0,0.0,1.0,0.9310344827586207,1.0,1.0,
volcanoes-a2,rfc-nosuite,1.0,0.975,0.0,0.0,0.975,0.9310344827586207,0.975,0.975,0.975
volcanoes-a2,rfc-nosuite,0.99,1.0,0.0,0.0,1.0,0.9310344827586207,1.0,1.0,
volcanoes-a2,rfc-nosuite,0.63,0.625,0.0,0.0,0.725,0.9310344827586207,0.675,0.45,0.575
volcanoes-a2,rfc-nosuite,1.0,1.0,0.0,0.0,1.0,0.9310344827586207,1.0,1.0,
volcanoes-a2,rfc-nosuite,0.71,0.85,0.0,0.0,0.95,0.9310344827586207,0.875,0.875,0.625
volcanoes-a2,rfc-nosuite,0.72,0.85,0.0,0.0,0.95,0.9310344827586207,0.925,0.775,0.925
volcanoes-a2,rfc-nosuite,0.92,1.0,0.0,0.0,1.0,0.9310344827586207,1.0,1.0,
volcanoes-a2,rfc-nosuite,1.0,1.0,0.0,0.0,1.0,0.9310344827586207,1.0,1.0,1.0
volcanoes-a2,rfc-nosuite,0.99,0.975,0.0,0.0,0.975,0.9310344827586207,0.975,0.975,0.975
volcanoes-a2,rfc-nosuite,0.92,0.975,0.0,0.0,0.975,0.9310344827586207,0.925,0.975,0.975
volcanoes-a2,rfc-nosuite,1.0,1.0,0.0,0.0,0.975,0.9310344827586207,0.95,1.0,1.0
volcanoes-a2,rfc-nosuite,1.0,1.0,0.0,0.0,1.0,0.9310344827586207,1.0,1.0,
volcanoes-a2,rfc-nosuite,0.96,1.0,0.0,0.0,1.0,0.9310344827586207,1.0,1.0,1.0
volcanoes-a2,rfc-nosuite,0.95,1.0,0.0,0.0,1.0,0.9310344827586207,1.0,1.0,1.0
volcanoes-a2,rfc-nosuite,0.98,1.0,0.0,0.0,1.0,0.9310344827586207,1.0,1.0,
volcanoes-a2,rfc-nosuite,1.0,0.975,0.0,0.0,0.95,0.9310344827586207,0.975,0.7,
volcanoes-a2,rfc-nosuite,0.99,1.0,0.0,0.0,1.0,0.9310344827586207,0.95,1.0,1.0
volcanoes-a2,rfc-nosuite,1.0,0.975,0.0,0.0,0.975,0.9310344827586207,0.975,0.975,0.975
volcanoes-a2,rfc-nosuite,1.0,1.0,0.0,0.0,1.0,0.9310344827586207,1.0,1.0,
volcanoes-a2,rfc-nosuite,0.96,1.0,0.0,0.0,1.0,0.9310344827586207,1.0,1.0,1.0
volcanoes-a2,rfc-nosuite,0.96,1.0,0.0,0.0,1.0,0.9310344827586207,1.0,1.0,
volcanoes-a2,rfc-nosuite,1.0,1.0,0.0,0.0,1.0,0.9310344827586207,1.0,1.0,1.0
volcanoes-a2,rfc-nosuite,1.0,0.975,0.0,0.0,0.975,0.9310344827586207,0.975,0.975,0.975
volcanoes-a2,rfc-nosuite,1.0,1.0,0.0,0.0,1.0,0.9310344827586207,1.0,1.0,1.0
volcanoes-a2,rfc-nosuite,0.99,0.975,0.0,0.0,0.975,0.9310344827586207,0.95,0.975,
volcanoes-a2,rfc-nosuite,1.0,1.0,0.0,0.0,1.0,0.9310344827586207,1.0,1.0,1.0
volcanoes-a2,rfc-nosuite,0.99,0.975,0.0,0.0,0.975,0.9310344827586207,0.975,0.975,0.975
volcanoes-a2,rfc-nosuite,1.0,0.975,0.0,0.0,0.975,0.9310344827586207,0.975,0.975,
volcanoes-a2,rfc-nosuite,0.98,1.0,0.0,0.0,1.0,0.9310344827586207,1.0,1.0,1.0
volcanoes-a2,rfc-nosuite,0.43,0.6,0.0,0.0,0.7,0.9310344827586207,0.55,0.525,0.625
volcanoes-a2,rfc-nosuite,1.0,1.0,0.0,0.0,1.0,0.9310344827586207,1.0,1.0,1.0
volcanoes-a2,rfc-nosuite,0.82,0.875,0.0,0.0,0.9,0.9310344827586207,0.925,0.95,0.85
volcanoes-a2,rfc-nosuite,1.0,1.0,0.0,0.0,1.0,0.9310344827586207,1.0,1.0,1.0
volcanoes-a2,rfc-nosuite,0.97,0.975,0.0,0.0,0.975,0.9310344827586207,0.975,0.975,
volcanoes-a2,rfc-nosuite,0.97,0.975,0.0,0.0,0.975,0.9310344827586207,0.975,0.975,0.975
volcanoes-a2,rfc-nosuite,0.98,0.975,0.0,0.0,0.975,0.9310344827586207,0.975,0.925,0.975
volcanoes-a2,rfc-nosuite,1.0,1.0,0.0,0.0,1.0,0.9310344827586207,1.0,1.0,1.0
volcanoes-a2,rfc-nosuite,0.86,0.525,0.0,0.0,0.75,0.9310344827586207,0.575,0.375,0.625
volcanoes-a2,rfc-nosuite,1.0,1.0,0.0,0.0,1.0,0.9310344827586207,1.0,1.0,
volcanoes-a2,rfc-nosuite,0.96,0.925,0.0,0.0,0.95,0.9310344827586207,0.9,0.95,
volcanoes-a2,rfc-nosuite,1.0,0.975,0.0,0.0,0.975,0.9310344827586207,0.975,0.975,0.975
volcanoes-a2,rfc-nosuite,0.99,0.975,0.0,0.0,0.975,0.9310344827586207,0.95,0.95,0.975
volcanoes-a3,rfc-nosuite,0.42,0.6578947368421053,0.0,0.0,0.7105263157894737,0.89501312335958,0.7368421052631579,0.631578947368421,0.7105263157894737
volcanoes-a3,rfc-nosuite,1.0,1.0,0.0,0.0,1.0,0.89501312335958,1.0,0.9736842105263158,
volcanoes-a3,rfc-nosuite,0.35,0.5789473684210527,0.0,0.0,0.6052631578947368,0.89501312335958,0.6052631578947368,0.5263157894736842,0.34210526315789475
volcanoes-a3,rfc-nosuite,1.0,1.0,0.0,0.0,1.0,0.89501312335958,1.0,1.0,1.0
volcanoes-a3,rfc-nosuite,1.0,1.0,0.0,0.0,1.0,0.89501312335958,1.0,1.0,
volcanoes-a3,rfc-nosuite,0.99,1.0,0.0,0.0,1.0,0.89501312335958,1.0,1.0,
volcanoes-a3,rfc-nosuite,1.0,0.9210526315789473,0.0,0.0,0.9210526315789473,0.89501312335958,0.9210526315789473,0.9210526315789473,
volcanoes-a3,rfc-nosuite,0.99,1.0,0.0,0.0,1.0,0.89501312335958,1.0,1.0,1.0
volcanoes-a3,rfc-nosuite,0.95,1.0,0.0,0.0,1.0,0.89501312335958,1.0,1.0,1.0
volcanoes-a3,rfc-nosuite,1.0,0.9473684210526315,0.0,0.0,0.9473684210526315,0.89501312335958,0.9473684210526315,0.9473684210526315,
volcanoes-a3,rfc-nosuite,1.0,0.9736842105263158,0.0,0.0,0.9736842105263158,0.89501312335958,0.9736842105263158,0.9736842105263158,0.9736842105263158
volcanoes-a3,rfc-nosuite,0.95,0.7105263157894737,0.0,0.0,0.7631578947368421,0.89501312335958,0.7894736842105263,0.6578947368421053,0.7105263157894737
volcanoes-a3,rfc-nosuite,0.7,0.9210526315789473,0.0,0.0,0.9210526315789473,0.89501312335958,0.9210526315789473,0.8947368421052632,0.9210526315789473
volcanoes-a3,rfc-nosuite,0.59,0.631578947368421,0.0,0.0,0.7631578947368421,0.89501312335958,0.7894736842105263,0.5789473684210527,0.42105263157894735
volcanoes-a3,rfc-nosuite,0.9,0.9473684210526315,0.0,0.0,0.9210526315789473,0.89501312335958,0.9210526315789473,0.8157894736842105,
volcanoes-a3,rfc-nosuite,0.99,0.9473684210526315,0.0,0.0,0.9473684210526315,0.89501312335958,0.9473684210526315,0.9473684210526315,0.9473684210526315
volcanoes-a3,rfc-nosuite,0.99,0.9473684210526315,0.0,0.0,0.9473684210526315,0.89501312335958,0.9473684210526315,0.9473684210526315,0.9473684210526315
volcanoes-a3,rfc-nosuite,1.0,1.0,0.0,0.0,1.0,0.89501312335958,1.0,1.0,1.0
volcanoes-a3,rfc-nosuite,0.98,1.0,0.0,0.0,1.0,0.89501312335958,1.0,1.0,1.0
volcanoes-a3,rfc-nosuite,0.85,0.9473684210526315,0.0,0.0,0.9736842105263158,0.89501312335958,0.9736842105263158,0.9736842105263158,0.9736842105263158
volcanoes-a3,rfc-nosuite,1.0,1.0,0.0,0.0,1.0,0.89501312335958,1.0,1.0,
volcanoes-a3,rfc-nosuite,0.91,0.9473684210526315,0.0,0.0,0.9473684210526315,0.89501312335958,0.9473684210526315,0.8947368421052632,0.868421052631579
volcanoes-a3,rfc-nosuite,1.0,0.9736842105263158,0.0,0.0,0.9736842105263158,0.89501312335958,0.9736842105263158,0.9736842105263158,0.9736842105263158
volcanoes-a3,rfc-nosuite,0.79,0.7368421052631579,0.0,0.0,0.8157894736842105,0.89501312335958,0.8157894736842105,0.7105263157894737,0.7631578947368421
volcanoes-a3,rfc-nosuite,0.95,1.0,0.0,0.0,1.0,0.89501312335958,1.0,1.0,
volcanoes-a3,rfc-nosuite,0.97,1.0,0.0,0.0,1.0,0.89501312335958,1.0,1.0,1.0
volcanoes-a3,rfc-nosuite,0.49,0.8157894736842105,0.0,0.0,0.8157894736842105,0.89501312335958,0.8421052631578947,0.8157894736842105,
volcanoes-a3,rfc-nosuite,0.98,1.0,0.0,0.0,1.0,0.89501312335958,1.0,1.0,1.0
volcanoes-a3,rfc-nosuite,1.0,1.0,0.0,0.0,1.0,0.89501312335958,1.0,1.0,
volcanoes-a3,rfc-nosuite,0.98,1.0,0.0,0.0,1.0,0.89501312335958,1.0,1.0,1.0
volcanoes-a3,rfc-nosuite,0.99,1.0,0.0,0.0,1.0,0.89501312335958,1.0,1.0,1.0
volcanoes-a3,rfc-nosuite,1.0,1.0,0.0,0.0,1.0,0.89501312335958,1.0,1.0,1.0
volcanoes-a3,rfc-nosuite,0.72,0.8157894736842105,0.0,0.0,0.8157894736842105,0.89501312335958,0.8421052631578947,0.7368421052631579,0.7105263157894737
volcanoes-a3,rfc-nosuite,0.97,1.0,0.0,0.0,1.0,0.89501312335958,1.0,1.0,1.0
volcanoes-a3,rfc-nosuite,1.0,1.0,0.0,0.0,1.0,0.89501312335958,1.0,1.0,1.0
volcanoes-a3,rfc-nosuite,0.89,0.8421052631578947,0.0,0.0,0.8421052631578947,0.89501312335958,0.8421052631578947,0.7894736842105263,
volcanoes-a3,rfc-nosuite,0.98,0.7631578947368421,0.0,0.0,0.868421052631579,0.89501312335958,0.868421052631579,0.868421052631579,0.868421052631579
volcanoes-a3,rfc-nosuite,0.98,0.9736842105263158,0.0,0.0,0.9736842105263158,0.89501312335958,0.9736842105263158,0.9736842105263158,0.9736842105263158
volcanoes-a3,rfc-nosuite,0.94,0.7105263157894737,0.0,0.0,0.7631578947368421,0.89501312335958,0.7631578947368421,0.6842105263157895,
volcanoes-a3,rfc-nosuite,0.97,1.0,0.0,0.0,1.0,0.89501312335958,1.0,1.0,1.0
volcanoes-a3,rfc-nosuite,0.99,1.0,0.0,0.0,1.0,0.89501312335958,1.0,1.0,1.0
volcanoes-a3,rfc-nosuite,0.41,0.3684210526315789,0.0,0.0,0.39473684210526316,0.89501312335958,0.42105263157894735,0.07894736842105263,0.42105263157894735
volcanoes-a3,rfc-nosuite,0.98,1.0,0.0,0.0,1.0,0.89501312335958,1.0,1.0,1.0
volcanoes-a3,rfc-nosuite,1.0,1.0,0.0,0.0,1.0,0.89501312335958,1.0,1.0,1.0
volcanoes-a3,rfc-nosuite,0.96,0.9736842105263158,0.0,0.0,0.9736842105263158,0.89501312335958,0.9736842105263158,0.8947368421052632,0.9736842105263158
volcanoes-a3,rfc-nosuite,1.0,1.0,0.0,0.0,1.0,0.89501312335958,1.0,1.0,1.0
volcanoes-a3,rfc-nosuite,0.93,0.9736842105263158,0.0,0.0,0.9736842105263158,0.89501312335958,0.9736842105263158,0.9736842105263158,
volcanoes-a3,rfc-nosuite,1.0,1.0,0.0,0.0,1.0,0.89501312335958,1.0,1.0,
volcanoes-a3,rfc-nosuite,0.99,1.0,0.0,0.0,1.0,0.89501312335958,1.0,1.0,
volcanoes-a3,rfc-nosuite,1.0,0.9736842105263158,0.0,0.0,0.9736842105263158,0.89501312335958,0.9736842105263158,0.9736842105263158,0.9736842105263158
yeast,rfc-nosuite,0.43,0.5405405405405406,0.0,0.0,0.5675675675675675,0.6226415094339622,0.5405405405405406,,0.6756756756756757
yeast,rfc-nosuite,0.79,0.43243243243243246,0.0,0.0,0.6216216216216216,0.6226415094339622,0.5405405405405406,,0.5405405405405406
yeast,rfc-nosuite,0.7,0.4864864864864865,0.0,0.0,0.5405405405405406,0.6226415094339622,0.5945945945945946,,0.5135135135135135
yeast,rfc-nosuite,0.74,0.6756756756756757,0.0,0.0,0.5405405405405406,0.6226415094339622,0.5405405405405406,,0.5945945945945946
yeast,rfc-nosuite,0.8,0.5405405405405406,0.0,0.0,0.5405405405405406,0.6226415094339622,0.5945945945945946,,0.5945945945945946
yeast,rfc-nosuite,0.42,0.4594594594594595,0.0,0.0,0.32432432432432434,0.6226415094339622,0.40540540540540543,,0.40540540540540543
yeast,rfc-nosuite,0.67,0.5405405405405406,0.0,0.0,0.6486486486486487,0.6226415094339622,0.5945945945945946,,0.7297297297297297
yeast,rfc-nosuite,0.47,0.4864864864864865,0.0,0.0,0.7297297297297297,0.6226415094339622,0.7027027027027027,,0.43243243243243246
yeast,rfc-nosuite,0.57,0.4864864864864865,0.0,0.0,0.3783783783783784,0.6226415094339622,0.4594594594594595,,0.43243243243243246
yeast,rfc-nosuite,0.72,0.5135135135135135,0.0,0.0,0.6756756756756757,0.6226415094339622,0.7837837837837838,,0.8108108108108109
yeast,rfc-nosuite,0.86,0.7567567567567568,0.0,0.0,0.7837837837837838,0.6226415094339622,0.7837837837837838,,0.8108108108108109
yeast,rfc-nosuite,0.86,0.6486486486486487,0.0,0.0,0.5135135135135135,0.6226415094339622,0.5405405405405406,,0.7297297297297297
yeast,rfc-nosuite,0.59,0.6486486486486487,0.0,0.0,0.6216216216216216,0.6226415094339622,0.7027027027027027,,0.5675675675675675
yeast,rfc-nosuite,0.55,0.6216216216216216,0.0,0.0,0.5945945945945946,0.6226415094339622,0.5945945945945946,,0.4864864864864865
yeast,rfc-nosuite,0.72,0.43243243243243246,0.0,0.0,0.5945945945945946,0.6226415094339622,0.6486486486486487,,0.7027027027027027
yeast,rfc-nosuite,0.48,0.5675675675675675,0.0,0.0,0.6216216216216216,0.6226415094339622,0.5135135135135135,,0.5945945945945946
yeast,rfc-nosuite,0.56,0.5405405405405406,0.0,0.0,0.4864864864864865,0.6226415094339622,0.5135135135135135,,0.5945945945945946
yeast,rfc-nosuite,0.73,0.5405405405405406,0.0,0.0,0.21621621621621623,0.6226415094339622,0.5135135135135135,,0.5675675675675675
yeast,rfc-nosuite,0.6,0.5405405405405406,0.0,0.0,0.4594594594594595,0.6226415094339622,0.5405405405405406,,0.4864864864864865
yeast,rfc-nosuite,0.64,0.32432432432432434,0.0,0.0,0.6486486486486487,0.6226415094339622,0.7027027027027027,,0.7027027027027027
yeast,rfc-nosuite,0.77,0.6216216216216216,0.0,0.0,0.6756756756756757,0.6226415094339622,0.6216216216216216,,0.7837837837837838
yeast,rfc-nosuite,0.74,0.3783783783783784,0.0,0.0,0.2702702702702703,0.6226415094339622,0.43243243243243246,,0.3783783783783784
yeast,rfc-nosuite,0.9,0.6486486486486487,0.0,0.0,0.6756756756756757,0.6226415094339622,0.5675675675675675,,0.5945945945945946
yeast,rfc-nosuite,0.42,0.35135135135135137,0.0,0.0,0.40540540540540543,0.6226415094339622,0.5405405405405406,,0.5675675675675675
yeast,rfc-nosuite,0.54,0.43243243243243246,0.0,0.0,0.5675675675675675,0.6226415094339622,0.5945945945945946,,0.4864864864864865
yeast,rfc-nosuite,0.4,0.2972972972972973,0.0,0.0,0.3783783783783784,0.6226415094339622,0.5945945945945946,,0.43243243243243246
yeast,rfc-nosuite,0.52,0.4594594594594595,0.0,0.0,0.5135135135135135,0.6226415094339622,0.5405405405405406,,0.4864864864864865
yeast,rfc-nosuite,0.51,0.4864864864864865,0.0,0.0,0.4594594594594595,0.6226415094339622,0.7027027027027027,,0.7027027027027027
yeast,rfc-nosuite,0.78,0.4864864864864865,0.0,0.0,0.7027027027027027,0.6226415094339622,0.7297297297297297,,0.8108108108108109
yeast,rfc-nosuite,0.64,0.5945945945945946,0.0,0.0,0.5135135135135135,0.6226415094339622,0.4864864864864865,,0.5135135135135135
yeast,rfc-nosuite,0.51,0.2972972972972973,0.0,0.0,0.2972972972972973,0.6226415094339622,0.4864864864864865,,0.5405405405405406
yeast,rfc-nosuite,0.75,0.5405405405405406,0.0,0.0,0.4864864864864865,0.6226415094339622,0.7567567567567568,,0.7297297297297297
yeast,rfc-nosuite,0.32,0.5405405405405406,0.0,0.0,0.6486486486486487,0.6226415094339622,0.7297297297297297,,0.7837837837837838
yeast,rfc-nosuite,0.37,0.5405405405405406,0.0,0.0,0.5135135135135135,0.6226415094339622,0.4864864864864865,,0.5675675675675675
yeast,rfc-nosuite,0.63,0.43243243243243246,0.0,0.0,0.40540540540540543,0.6226415094339622,0.40540540540540543,,0.4864864864864865
yeast,rfc-nosuite,0.45,0.40540540540540543,0.0,0.0,0.4594594594594595,0.6226415094339622,0.4864864864864865,,0.5405405405405406
yeast,rfc-nosuite,0.42,0.5135135135135135,0.0,0.0,0.35135135135135137,0.6226415094339622,0.5135135135135135,,0.43243243243243246
yeast,rfc-nosuite,0.92,0.6756756756756757,0.0,0.0,0.5945945945945946,0.6226415094339622,0.7297297297297297,,0.6756756756756757
yeast,rfc-nosuite,0.73,0.5675675675675675,0.0,0.0,0.4594594594594595,0.6226415094339622,0.5405405405405406,,0.5405405405405406
yeast,rfc-nosuite,0.44,0.4594594594594595,0.0,0.0,0.5945945945945946,0.6226415094339622,0.5945945945945946,,0.6486486486486487
yeast,rfc-nosuite,0.64,0.4864864864864865,0.0,0.0,0.4864864864864865,0.6226415094339622,0.6216216216216216,,0.5945945945945946
yeast,rfc-nosuite,0.57,0.4594594594594595,0.0,0.0,0.4864864864864865,0.6226415094339622,0.5405405405405406,,0.4864864864864865
yeast,rfc-nosuite,0.47,0.43243243243243246,0.0,0.0,0.3783783783783784,0.6226415094339622,0.4594594594594595,,0.5135135135135135
yeast,rfc-nosuite,0.56,0.5135135135135135,0.0,0.0,0.5405405405405406,0.6226415094339622,0.6216216216216216,,0.5405405405405406
yeast,rfc-nosuite,0.76,0.40540540540540543,0.0,0.0,0.43243243243243246,0.6226415094339622,0.5135135135135135,,0.5675675675675675
yeast,rfc-nosuite,0.55,0.6486486486486487,0.0,0.0,0.4864864864864865,0.6226415094339622,0.43243243243243246,,0.5945945945945946
yeast,rfc-nosuite,0.41,0.43243243243243246,0.0,0.0,0.43243243243243246,0.6226415094339622,0.4594594594594595,,0.5405405405405406
yeast,rfc-nosuite,0.55,0.43243243243243246,0.0,0.0,0.6216216216216216,0.6226415094339622,0.7837837837837838,,0.6486486486486487
yeast,rfc-nosuite,0.79,0.6486486486486487,0.0,0.0,0.5945945945945946,0.6226415094339622,0.5675675675675675,,0.6756756756756757
yeast,rfc-nosuite,0.85,0.6216216216216216,0.0,0.0,0.5945945945945946,0.6226415094339622,0.5675675675675675,,0.7567567567567568
rmftsa,rfc-nosuite,0.3562142857142858,0.48,0.0,0.0,0.52,0.48828125,0.56,0.2,0.6
rmftsa,rfc-nosuite,0.4576666666666667,0.52,0.0,0.0,0.44,0.48828125,0.28,0.36,0.32
rmftsa,rfc-nosuite,0.6425,0.44,0.0,0.0,0.48,0.48828125,0.4,0.4,0.28
rmftsa,rfc-nosuite,0.8478333333333333,0.4,0.0,0.0,0.52,0.48828125,0.52,0.52,0.36
rmftsa,rfc-nosuite,0.614280303030303,0.76,0.0,0.0,0.6,0.48828125,0.8,0.68,0.8
rmftsa,rfc-nosuite,0.8540349927849925,0.64,0.0,0.0,0.64,0.48828125,0.76,0.76,0.76
rmftsa,rfc-nosuite,0.2751865079365079,0.52,0.0,0.0,0.4,0.48828125,0.24,0.4,0.12
rmftsa,rfc-nosuite,0.8464378399378396,0.56,0.0,0.0,0.56,0.48828125,0.52,0.52,0.56
rmftsa,rfc-nosuite,0.8261904761904763,0.28,0.0,0.0,0.32,0.48828125,0.24,0.24,0.28
rmftsa,rfc-nosuite,0.5813382173382172,0.56,0.0,0.0,0.56,0.48828125,0.52,0.52,0.56
rmftsa,rfc-nosuite,1.0,0.8,0.0,0.0,0.8,0.48828125,0.84,0.4,0.56
rmftsa,rfc-nosuite,0.59075,0.48,0.0,0.0,0.36,0.48828125,0.16,0.44,0.64
rmftsa,rfc-nosuite,0.861,0.44,0.0,0.0,0.32,0.48828125,0.36,0.28,0.12
rmftsa,rfc-nosuite,0.6853333333333335,0.12,0.0,0.0,0.28,0.48828125,0.24,0.2,0.28
rmftsa,rfc-nosuite,0.6778594852859559,0.6,0.0,0.0,0.4,0.48828125,0.56,0.56,0.56
rmftsa,rfc-nosuite,0.39428571428571435,0.44,0.0,0.0,0.44,0.48828125,0.4,0.24,0.32
rmftsa,rfc-nosuite,0.4970714285714286,0.36,0.0,0.0,0.24,0.48828125,0.2,0.36,0.56
rmftsa,rfc-nosuite,0.5813382173382172,0.56,0.0,0.0,0.56,0.48828125,0.52,0.52,0.56
rmftsa,rfc-nosuite,0.58,0.28,0.0,0.0,0.28,0.48828125,0.32,0.32,0.24
rmftsa,rfc-nosuite,0.9611111111111111,0.68,0.0,0.0,0.68,0.48828125,0.72,0.68,0.68
rmftsa,rfc-nosuite,0.6005757575757573,0.48,0.0,0.0,0.48,0.48828125,0.56,0.2,0.36
rmftsa,rfc-nosuite,0.3537380952380953,0.2,0.0,0.0,0.48,0.48828125,0.36,0.36,0.4
rmftsa,rfc-nosuite,0.6685,0.32,0.0,0.0,0.08,0.48828125,0.2,0.28,0.32
rmftsa,rfc-nosuite,0.6693243284493282,0.76,0.0,0.0,0.76,0.48828125,0.84,0.76,0.76
rmftsa,rfc-nosuite,0.7121666666666667,0.4,0.0,0.0,0.48,0.48828125,0.44,0.28,0.28
rmftsa,rfc-nosuite,0.82,0.24,0.0,0.0,0.56,0.48828125,0.44,0.56,0.32
rmftsa,rfc-nosuite,0.429,0.36,0.0,0.0,0.52,0.48828125,0.52,0.52,0.16
rmftsa,rfc-nosuite,0.52,0.44,0.0,0.0,0.48,0.48828125,0.36,0.4,0.52
rmftsa,rfc-nosuite,0.42683730158730154,0.52,0.0,0.0,0.2,0.48828125,0.64,0.64,0.56
rmftsa,rfc-nosuite,0.6702857142857143,0.48,0.0,0.0,0.28,0.48828125,0.4,0.52,0.24
rmftsa,rfc-nosuite,0.6414067321567322,0.44,0.0,0.0,0.56,0.48828125,0.48,0.48,0.48
rmftsa,rfc-nosuite,0.3321428571428571,0.44,0.0,0.0,0.4,0.48828125,0.36,0.28,0.28
rmftsa,rfc-nosuite,0.6853333333333335,0.12,0.0,0.0,0.28,0.48828125,0.24,0.36,0.28
rmftsa,rfc-nosuite,0.5189999999999999,0.32,0.0,0.0,0.28,0.48828125,0.24,0.16,0.2
rmftsa,rfc-nosuite,0.8230952380952381,0.64,0.0,0.0,0.48,0.48828125,0.68,0.68,0.48
rmftsa,rfc-nosuite,0.5,0.4,0.0,0.0,0.48,0.48828125,0.32,0.4,0.32
rmftsa,rfc-nosuite,0.514142857142857,0.72,0.0,0.0,0.72,0.48828125,0.8,0.64,0.72
rmftsa,rfc-nosuite,1.0,0.6,0.0,0.0,0.56,0.48828125,0.36,0.64,0.6
rmftsa,rfc-nosuite,0.5757976190476191,0.8,0.0,0.0,0.64,0.48828125,0.88,0.48,0.56
rmftsa,rfc-nosuite,0.88,0.36,0.0,0.0,0.28,0.48828125,0.44,0.52,0.16
rmftsa,rfc-nosuite,0.5973333333333334,0.32,0.0,0.0,0.36,0.48828125,0.36,0.36,0.32
rmftsa,rfc-nosuite,0.4328333333333333,0.24,0.0,0.0,0.36,0.48828125,0.36,0.36,0.16
rmftsa,rfc-nosuite,0.74,0.44,0.0,0.0,0.16,0.48828125,0.52,0.52,0.2
rmftsa,rfc-nosuite,0.74,0.4,0.0,0.0,0.48,0.48828125,0.48,0.48,0.36
rmftsa,rfc-nosuite,0.89,0.6,0.0,0.0,0.6,0.48828125,0.32,0.56,0.32
rmftsa,rfc-nosuite,0.5813382173382172,0.56,0.0,0.0,0.56,0.48828125,0.52,0.52,0.56
rmftsa,rfc-nosuite,0.74,0.44,0.0,0.0,0.16,0.48828125,0.52,0.52,0.2
rmftsa,rfc-nosuite,0.72,0.4,0.0,0.0,0.24,0.48828125,0.24,0.24,0.24
rmftsa,rfc-nosuite,0.86,0.4,0.0,0.0,0.4,0.48828125,0.4,0.4,0.4
rmftsa,rfc-nosuite,0.6383095238095238,0.28,0.0,0.0,0.32,0.48828125,0.32,0.28,0.44
banknote-authentication,rfc-nosuite,0.99,1.0,0.0,0.0,1.0,0.9941690962099126,1.0,1.0,1.0
banknote-authentication,rfc-nosuite,1.0,1.0,0.0,0.0,1.0,0.9941690962099126,1.0,0.9705882352941176,1.0
banknote-authentication,rfc-nosuite,0.97,1.0,0.0,0.0,1.0,0.9941690962099126,0.9705882352941176,1.0,1.0
banknote-authentication,rfc-nosuite,0.95,1.0,0.0,0.0,1.0,0.9941690962099126,0.8235294117647058,0.9705882352941176,1.0
banknote-authentication,rfc-nosuite,1.0,0.9705882352941176,0.0,0.0,1.0,0.9941690962099126,1.0,1.0,0.8235294117647058
banknote-authentication,rfc-nosuite,1.0,1.0,0.0,0.0,1.0,0.9941690962099126,1.0,0.9411764705882353,1.0
banknote-authentication,rfc-nosuite,0.99,1.0,0.0,0.0,1.0,0.9941690962099126,1.0,1.0,1.0
banknote-authentication,rfc-nosuite,1.0,1.0,0.0,0.0,1.0,0.9941690962099126,1.0,1.0,1.0
banknote-authentication,rfc-nosuite,1.0,1.0,0.0,0.0,1.0,0.9941690962099126,1.0,0.7647058823529411,1.0
banknote-authentication,rfc-nosuite,1.0,1.0,0.0,0.0,1.0,0.9941690962099126,1.0,0.9705882352941176,1.0
banknote-authentication,rfc-nosuite,0.94,1.0,0.0,0.0,1.0,0.9941690962099126,0.9705882352941176,0.9705882352941176,1.0
banknote-authentication,rfc-nosuite,1.0,0.9705882352941176,0.0,0.0,0.9411764705882353,0.9941690962099126,1.0,1.0,1.0
banknote-authentication,rfc-nosuite,1.0,1.0,0.0,0.0,0.9117647058823529,0.9941690962099126,1.0,0.7352941176470589,1.0
banknote-authentication,rfc-nosuite,1.0,1.0,0.0,0.0,0.9117647058823529,0.9941690962099126,0.9705882352941176,1.0,1.0
banknote-authentication,rfc-nosuite,1.0,0.9705882352941176,0.0,0.0,0.9705882352941176,0.9941690962099126,1.0,1.0,0.9705882352941176
banknote-authentication,rfc-nosuite,1.0,0.9705882352941176,0.0,0.0,0.9705882352941176,0.9941690962099126,1.0,1.0,0.9705882352941176
banknote-authentication,rfc-nosuite,0.99,0.9705882352941176,0.0,0.0,0.9705882352941176,0.9941690962099126,1.0,1.0,1.0
banknote-authentication,rfc-nosuite,0.98,1.0,0.0,0.0,1.0,0.9941690962099126,0.9705882352941176,1.0,0.8529411764705882
banknote-authentication,rfc-nosuite,0.99,1.0,0.0,0.0,1.0,0.9941690962099126,1.0,1.0,1.0
banknote-authentication,rfc-nosuite,1.0,1.0,0.0,0.0,0.9117647058823529,0.9941690962099126,1.0,0.8235294117647058,0.9411764705882353
banknote-authentication,rfc-nosuite,1.0,1.0,0.0,0.0,1.0,0.9941690962099126,1.0,1.0,1.0
banknote-authentication,rfc-nosuite,0.97,0.9705882352941176,0.0,0.0,0.9705882352941176,0.9941690962099126,0.7941176470588235,0.9705882352941176,0.9705882352941176
banknote-authentication,rfc-nosuite,1.0,1.0,0.0,0.0,1.0,0.9941690962099126,1.0,0.8235294117647058,1.0
banknote-authentication,rfc-nosuite,1.0,1.0,0.0,0.0,1.0,0.9941690962099126,1.0,1.0,1.0
banknote-authentication,rfc-nosuite,0.89,1.0,0.0,0.0,1.0,0.9941690962099126,0.9705882352941176,1.0,0.8235294117647058
banknote-authentication,rfc-nosuite,1.0,1.0,0.0,0.0,1.0,0.9941690962099126,1.0,0.9411764705882353,1.0
banknote-authentication,rfc-nosuite,1.0,1.0,0.0,0.0,1.0,0.9941690962099126,1.0,1.0,1.0
banknote-authentication,rfc-nosuite,1.0,1.0,0.0,0.0,1.0,0.9941690962099126,1.0,1.0,1.0
banknote-authentication,rfc-nosuite,0.94,1.0,0.0,0.0,1.0,0.9941690962099126,1.0,1.0,1.0
banknote-authentication,rfc-nosuite,0.99,1.0,0.0,0.0,0.9705882352941176,0.9941690962099126,1.0,0.9117647058823529,0.9705882352941176
banknote-authentication,rfc-nosuite,0.99,1.0,0.0,0.0,1.0,0.9941690962099126,0.9705882352941176,1.0,1.0
banknote-authentication,rfc-nosuite,1.0,1.0,0.0,0.0,1.0,0.9941690962099126,1.0,1.0,0.9411764705882353
banknote-authentication,rfc-nosuite,0.94,1.0,0.0,0.0,1.0,0.9941690962099126,1.0,1.0,1.0
banknote-authentication,rfc-nosuite,1.0,1.0,0.0,0.0,1.0,0.9941690962099126,1.0,1.0,1.0
banknote-authentication,rfc-nosuite,0.97,0.9705882352941176,0.0,0.0,0.9705882352941176,0.9941690962099126,0.9705882352941176,1.0,1.0
banknote-authentication,rfc-nosuite,1.0,1.0,0.0,0.0,1.0,0.9941690962099126,1.0,1.0,1.0
banknote-authentication,rfc-nosuite,1.0,1.0,0.0,0.0,1.0,0.9941690962099126,1.0,1.0,1.0
banknote-authentication,rfc-nosuite,1.0,1.0,0.0,0.0,1.0,0.9941690962099126,1.0,1.0,1.0
banknote-authentication,rfc-nosuite,0.98,1.0,0.0,0.0,0.8529411764705882,0.9941690962099126,1.0,1.0,1.0
banknote-authentication,rfc-nosuite,1.0,1.0,0.0,0.0,1.0,0.9941690962099126,1.0,0.5588235294117647,1.0
banknote-authentication,rfc-nosuite,0.99,0.9705882352941176,0.0,0.0,1.0,0.9941690962099126,1.0,1.0,1.0
banknote-authentication,rfc-nosuite,1.0,1.0,0.0,0.0,1.0,0.9941690962099126,1.0,1.0,1.0
banknote-authentication,rfc-nosuite,0.85,1.0,0.0,0.0,1.0,0.9941690962099126,0.9705882352941176,1.0,0.7058823529411765
banknote-authentication,rfc-nosuite,0.99,0.9705882352941176,0.0,0.0,1.0,0.9941690962099126,1.0,1.0,1.0
banknote-authentication,rfc-nosuite,1.0,1.0,0.0,0.0,0.9705882352941176,0.9941690962099126,0.9117647058823529,0.6176470588235294,0.9705882352941176
banknote-authentication,rfc-nosuite,1.0,1.0,0.0,0.0,1.0,0.9941690962099126,1.0,1.0,1.0
banknote-authentication,rfc-nosuite,1.0,1.0,0.0,0.0,1.0,0.9941690962099126,1.0,1.0,1.0
banknote-authentication,rfc-nosuite,0.99,0.9705882352941176,0.0,0.0,1.0,0.9941690962099126,0.8235294117647058,1.0,0.9705882352941176
banknote-authentication,rfc-nosuite,0.99,1.0,0.0,0.0,1.0,0.9941690962099126,1.0,1.0,1.0
banknote-authentication,rfc-nosuite,0.94,1.0,0.0,0.0,1.0,0.9941690962099126,1.0,1.0,0.7352941176470589
volcanoes-a2,rfc-nosuite,1.0,0.95,0.0,0.0,0.975,0.9310344827586207,0.975,0.975,0.975
volcanoes-a2,rfc-nosuite,0.96,0.975,0.0,0.0,0.975,0.9310344827586207,0.95,0.6,
volcanoes-a2,rfc-nosuite,1.0,1.0,0.0,0.0,1.0,0.9310344827586207,1.0,1.0,1.0
volcanoes-a2,rfc-nosuite,0.97,1.0,0.0,0.0,1.0,0.9310344827586207,1.0,1.0,
volcanoes-a2,rfc-nosuite,0.74,0.975,0.0,0.0,0.975,0.9310344827586207,0.975,0.975,
volcanoes-a2,rfc-nosuite,1.0,1.0,0.0,0.0,1.0,0.9310344827586207,1.0,1.0,
volcanoes-a2,rfc-nosuite,0.92,0.975,0.0,0.0,0.975,0.9310344827586207,0.975,0.975,0.975
volcanoes-a2,rfc-nosuite,0.99,1.0,0.0,0.0,1.0,0.9310344827586207,1.0,1.0,
volcanoes-a2,rfc-nosuite,1.0,0.975,0.0,0.0,0.975,0.9310344827586207,0.975,0.975,0.975
volcanoes-a2,rfc-nosuite,0.99,1.0,0.0,0.0,1.0,0.9310344827586207,1.0,1.0,
volcanoes-a2,rfc-nosuite,0.63,0.625,0.0,0.0,0.725,0.9310344827586207,0.675,0.45,0.575
volcanoes-a2,rfc-nosuite,1.0,1.0,0.0,0.0,1.0,0.9310344827586207,1.0,1.0,
volcanoes-a2,rfc-nosuite,0.71,0.85,0.0,0.0,0.95,0.9310344827586207,0.875,0.875,0.625
volcanoes-a2,rfc-nosuite,0.72,0.85,0.0,0.0,0.95,0.9310344827586207,0.925,0.775,0.925
volcanoes-a2,rfc-nosuite,0.92,1.0,0.0,0.0,1.0,0.9310344827586207,1.0,1.0,
volcanoes-a2,rfc-nosuite,1.0,1.0,0.0,0.0,1.0,0.9310344827586207,1.0,1.0,1.0
volcanoes-a2,rfc-nosuite,0.99,0.975,0.0,0.0,0.975,0.9310344827586207,0.975,0.975,0.975
volcanoes-a2,rfc-nosuite,0.92,0.975,0.0,0.0,0.975,0.9310344827586207,0.925,0.975,0.975
volcanoes-a2,rfc-nosuite,1.0,1.0,0.0,0.0,0.975,0.9310344827586207,0.95,1.0,1.0
volcanoes-a2,rfc-nosuite,1.0,1.0,0.0,0.0,1.0,0.9310344827586207,1.0,1.0,
volcanoes-a2,rfc-nosuite,0.96,1.0,0.0,0.0,1.0,0.9310344827586207,1.0,1.0,1.0
volcanoes-a2,rfc-nosuite,0.95,1.0,0.0,0.0,1.0,0.9310344827586207,1.0,1.0,1.0
volcanoes-a2,rfc-nosuite,0.98,1.0,0.0,0.0,1.0,0.9310344827586207,1.0,1.0,
volcanoes-a2,rfc-nosuite,1.0,0.975,0.0,0.0,0.95,0.9310344827586207,0.975,0.7,
volcanoes-a2,rfc-nosuite,0.99,1.0,0.0,0.0,1.0,0.9310344827586207,0.95,1.0,1.0
volcanoes-a2,rfc-nosuite,1.0,0.975,0.0,0.0,0.975,0.9310344827586207,0.975,0.975,0.975
volcanoes-a2,rfc-nosuite,1.0,1.0,0.0,0.0,1.0,0.9310344827586207,1.0,1.0,
volcanoes-a2,rfc-nosuite,0.96,1.0,0.0,0.0,1.0,0.9310344827586207,1.0,1.0,1.0
volcanoes-a2,rfc-nosuite,0.96,1.0,0.0,0.0,1.0,0.9310344827586207,1.0,1.0,
volcanoes-a2,rfc-nosuite,1.0,1.0,0.0,0.0,1.0,0.9310344827586207,1.0,1.0,1.0
volcanoes-a2,rfc-nosuite,1.0,0.975,0.0,0.0,0.975,0.9310344827586207,0.975,0.975,0.975
volcanoes-a2,rfc-nosuite,1.0,1.0,0.0,0.0,1.0,0.9310344827586207,1.0,1.0,1.0
volcanoes-a2,rfc-nosuite,0.99,0.975,0.0,0.0,0.975,0.9310344827586207,0.95,0.975,
volcanoes-a2,rfc-nosuite,1.0,1.0,0.0,0.0,1.0,0.9310344827586207,1.0,1.0,1.0
volcanoes-a2,rfc-nosuite,0.99,0.975,0.0,0.0,0.975,0.9310344827586207,0.975,0.975,0.975
volcanoes-a2,rfc-nosuite,1.0,0.975,0.0,0.0,0.975,0.9310344827586207,0.975,0.975,
volcanoes-a2,rfc-nosuite,0.98,1.0,0.0,0.0,1.0,0.9310344827586207,1.0,1.0,1.0
volcanoes-a2,rfc-nosuite,0.43,0.6,0.0,0.0,0.7,0.9310344827586207,0.55,0.525,0.625
volcanoes-a2,rfc-nosuite,1.0,1.0,0.0,0.0,1.0,0.9310344827586207,1.0,1.0,1.0
volcanoes-a2,rfc-nosuite,0.82,0.875,0.0,0.0,0.9,0.9310344827586207,0.925,0.95,0.85
volcanoes-a2,rfc-nosuite,1.0,1.0,0.0,0.0,1.0,0.9310344827586207,1.0,1.0,1.0
volcanoes-a2,rfc-nosuite,0.97,0.975,0.0,0.0,0.975,0.9310344827586207,0.975,0.975,
volcanoes-a2,rfc-nosuite,0.97,0.975,0.0,0.0,0.975,0.9310344827586207,0.975,0.975,0.975
volcanoes-a2,rfc-nosuite,0.98,0.975,0.0,0.0,0.975,0.9310344827586207,0.975,0.925,0.975
volcanoes-a2,rfc-nosuite,1.0,1.0,0.0,0.0,1.0,0.9310344827586207,1.0,1.0,1.0
volcanoes-a2,rfc-nosuite,0.86,0.525,0.0,0.0,0.75,0.9310344827586207,0.575,0.375,0.625
volcanoes-a2,rfc-nosuite,1.0,1.0,0.0,0.0,1.0,0.9310344827586207,1.0,1.0,
volcanoes-a2,rfc-nosuite,0.96,0.925,0.0,0.0,0.95,0.9310344827586207,0.9,0.95,
volcanoes-a2,rfc-nosuite,1.0,0.975,0.0,0.0,0.975,0.9310344827586207,0.975,0.975,0.975
volcanoes-a2,rfc-nosuite,0.99,0.975,0.0,0.0,0.975,0.9310344827586207,0.95,0.95,0.975
volcanoes-a3,rfc-nosuite,0.42,0.6578947368421053,0.0,0.0,0.7105263157894737,0.89501312335958,0.7368421052631579,0.631578947368421,0.7105263157894737
volcanoes-a3,rfc-nosuite,1.0,1.0,0.0,0.0,1.0,0.89501312335958,1.0,0.9736842105263158,
volcanoes-a3,rfc-nosuite,0.35,0.5789473684210527,0.0,0.0,0.6052631578947368,0.89501312335958,0.6052631578947368,0.5263157894736842,0.34210526315789475
volcanoes-a3,rfc-nosuite,1.0,1.0,0.0,0.0,1.0,0.89501312335958,1.0,1.0,1.0
volcanoes-a3,rfc-nosuite,1.0,1.0,0.0,0.0,1.0,0.89501312335958,1.0,1.0,
volcanoes-a3,rfc-nosuite,0.99,1.0,0.0,0.0,1.0,0.89501312335958,1.0,1.0,
volcanoes-a3,rfc-nosuite,1.0,0.9210526315789473,0.0,0.0,0.9210526315789473,0.89501312335958,0.9210526315789473,0.9210526315789473,
volcanoes-a3,rfc-nosuite,0.99,1.0,0.0,0.0,1.0,0.89501312335958,1.0,1.0,1.0
volcanoes-a3,rfc-nosuite,0.95,1.0,0.0,0.0,1.0,0.89501312335958,1.0,1.0,1.0
volcanoes-a3,rfc-nosuite,1.0,0.9473684210526315,0.0,0.0,0.9473684210526315,0.89501312335958,0.9473684210526315,0.9473684210526315,
volcanoes-a3,rfc-nosuite,1.0,0.9736842105263158,0.0,0.0,0.9736842105263158,0.89501312335958,0.9736842105263158,0.9736842105263158,0.9736842105263158
volcanoes-a3,rfc-nosuite,0.95,0.7105263157894737,0.0,0.0,0.7631578947368421,0.89501312335958,0.7894736842105263,0.6578947368421053,0.7105263157894737
volcanoes-a3,rfc-nosuite,0.7,0.9210526315789473,0.0,0.0,0.9210526315789473,0.89501312335958,0.9210526315789473,0.8947368421052632,0.9210526315789473
volcanoes-a3,rfc-nosuite,0.59,0.631578947368421,0.0,0.0,0.7631578947368421,0.89501312335958,0.7894736842105263,0.5789473684210527,0.42105263157894735
volcanoes-a3,rfc-nosuite,0.9,0.9473684210526315,0.0,0.0,0.9210526315789473,0.89501312335958,0.9210526315789473,0.8157894736842105,
volcanoes-a3,rfc-nosuite,0.99,0.9473684210526315,0.0,0.0,0.9473684210526315,0.89501312335958,0.9473684210526315,0.9473684210526315,0.9473684210526315
volcanoes-a3,rfc-nosuite,0.99,0.9473684210526315,0.0,0.0,0.9473684210526315,0.89501312335958,0.9473684210526315,0.9473684210526315,0.9473684210526315
volcanoes-a3,rfc-nosuite,1.0,1.0,0.0,0.0,1.0,0.89501312335958,1.0,1.0,1.0
volcanoes-a3,rfc-nosuite,0.98,1.0,0.0,0.0,1.0,0.89501312335958,1.0,1.0,1.0
volcanoes-a3,rfc-nosuite,0.85,0.9473684210526315,0.0,0.0,0.9736842105263158,0.89501312335958,0.9736842105263158,0.9736842105263158,0.9736842105263158
volcanoes-a3,rfc-nosuite,1.0,1.0,0.0,0.0,1.0,0.89501312335958,1.0,1.0,
volcanoes-a3,rfc-nosuite,0.91,0.9473684210526315,0.0,0.0,0.9473684210526315,0.89501312335958,0.9473684210526315,0.8947368421052632,0.868421052631579
volcanoes-a3,rfc-nosuite,1.0,0.9736842105263158,0.0,0.0,0.9736842105263158,0.89501312335958,0.9736842105263158,0.9736842105263158,0.9736842105263158
volcanoes-a3,rfc-nosuite,0.79,0.7368421052631579,0.0,0.0,0.8157894736842105,0.89501312335958,0.8157894736842105,0.7105263157894737,0.7631578947368421
volcanoes-a3,rfc-nosuite,0.95,1.0,0.0,0.0,1.0,0.89501312335958,1.0,1.0,
volcanoes-a3,rfc-nosuite,0.97,1.0,0.0,0.0,1.0,0.89501312335958,1.0,1.0,1.0
volcanoes-a3,rfc-nosuite,0.49,0.8157894736842105,0.0,0.0,0.8157894736842105,0.89501312335958,0.8421052631578947,0.8157894736842105,
volcanoes-a3,rfc-nosuite,0.98,1.0,0.0,0.0,1.0,0.89501312335958,1.0,1.0,1.0
volcanoes-a3,rfc-nosuite,1.0,1.0,0.0,0.0,1.0,0.89501312335958,1.0,1.0,
volcanoes-a3,rfc-nosuite,0.98,1.0,0.0,0.0,1.0,0.89501312335958,1.0,1.0,1.0
volcanoes-a3,rfc-nosuite,0.99,1.0,0.0,0.0,1.0,0.89501312335958,1.0,1.0,1.0
volcanoes-a3,rfc-nosuite,1.0,1.0,0.0,0.0,1.0,0.89501312335958,1.0,1.0,1.0
volcanoes-a3,rfc-nosuite,0.72,0.8157894736842105,0.0,0.0,0.8157894736842105,0.89501312335958,0.8421052631578947,0.7368421052631579,0.7105263157894737
volcanoes-a3,rfc-nosuite,0.97,1.0,0.0,0.0,1.0,0.89501312335958,1.0,1.0,1.0
volcanoes-a3,rfc-nosuite,1.0,1.0,0.0,0.0,1.0,0.89501312335958,1.0,1.0,1.0
volcanoes-a3,rfc-nosuite,0.89,0.8421052631578947,0.0,0.0,0.8421052631578947,0.89501312335958,0.8421052631578947,0.7894736842105263,
volcanoes-a3,rfc-nosuite,0.98,0.7631578947368421,0.0,0.0,0.868421052631579,0.89501312335958,0.868421052631579,0.868421052631579,0.868421052631579
volcanoes-a3,rfc-nosuite,0.98,0.9736842105263158,0.0,0.0,0.9736842105263158,0.89501312335958,0.9736842105263158,0.9736842105263158,0.9736842105263158
volcanoes-a3,rfc-nosuite,0.94,0.7105263157894737,0.0,0.0,0.7631578947368421,0.89501312335958,0.7631578947368421,0.6842105263157895,
volcanoes-a3,rfc-nosuite,0.97,1.0,0.0,0.0,1.0,0.89501312335958,1.0,1.0,1.0
volcanoes-a3,rfc-nosuite,0.99,1.0,0.0,0.0,1.0,0.89501312335958,1.0,1.0,1.0
volcanoes-a3,rfc-nosuite,0.41,0.3684210526315789,0.0,0.0,0.39473684210526316,0.89501312335958,0.42105263157894735,0.07894736842105263,0.42105263157894735
volcanoes-a3,rfc-nosuite,0.98,1.0,0.0,0.0,1.0,0.89501312335958,1.0,1.0,1.0
volcanoes-a3,rfc-nosuite,1.0,1.0,0.0,0.0,1.0,0.89501312335958,1.0,1.0,1.0
volcanoes-a3,rfc-nosuite,0.96,0.9736842105263158,0.0,0.0,0.9736842105263158,0.89501312335958,0.9736842105263158,0.8947368421052632,0.9736842105263158
volcanoes-a3,rfc-nosuite,1.0,1.0,0.0,0.0,1.0,0.89501312335958,1.0,1.0,1.0
volcanoes-a3,rfc-nosuite,0.93,0.9736842105263158,0.0,0.0,0.9736842105263158,0.89501312335958,0.9736842105263158,0.9736842105263158,
volcanoes-a3,rfc-nosuite,1.0,1.0,0.0,0.0,1.0,0.89501312335958,1.0,1.0,
volcanoes-a3,rfc-nosuite,0.99,1.0,0.0,0.0,1.0,0.89501312335958,1.0,1.0,
volcanoes-a3,rfc-nosuite,1.0,0.9736842105263158,0.0,0.0,0.9736842105263158,0.89501312335958,0.9736842105263158,0.9736842105263158,0.9736842105263158
volcanoes-a4,rfc-nosuite,1.0,1.0,0.0,0.0,1.0,0.8944591029023746,1.0,1.0,
volcanoes-a4,rfc-nosuite,1.0,1.0,0.0,0.0,1.0,0.8944591029023746,1.0,1.0,
volcanoes-a4,rfc-nosuite,0.62,0.4864864864864865,0.0,0.0,0.4594594594594595,0.8944591029023746,0.2972972972972973,0.35135135135135137,0.35135135135135137
volcanoes-a4,rfc-nosuite,0.99,0.9459459459459459,0.0,0.0,0.9459459459459459,0.8944591029023746,0.9459459459459459,0.9459459459459459,0.9459459459459459
volcanoes-a4,rfc-nosuite,0.99,0.972972972972973,0.0,0.0,0.972972972972973,0.8944591029023746,0.972972972972973,0.972972972972973,
volcanoes-a4,rfc-nosuite,0.59,0.5675675675675675,0.0,0.0,0.6486486486486487,0.8944591029023746,0.40540540540540543,0.43243243243243246,0.3783783783783784
volcanoes-a4,rfc-nosuite,0.97,0.972972972972973,0.0,0.0,0.972972972972973,0.8944591029023746,0.972972972972973,0.972972972972973,0.972972972972973
volcanoes-a4,rfc-nosuite,0.88,0.918918918918919,0.0,0.0,0.8918918918918919,0.8944591029023746,0.8648648648648649,0.918918918918919,0.8918918918918919
volcanoes-a4,rfc-nosuite,0.92,0.9459459459459459,0.0,0.0,0.9459459459459459,0.8944591029023746,0.9459459459459459,0.9459459459459459,0.9459459459459459
volcanoes-a4,rfc-nosuite,1.0,1.0,0.0,0.0,1.0,0.8944591029023746,1.0,1.0,1.0
volcanoes-a4,rfc-nosuite,1.0,1.0,0.0,0.0,1.0,0.8944591029023746,1.0,1.0,1.0
volcanoes-a4,rfc-nosuite,0.98,0.972972972972973,0.0,0.0,0.9459459459459459,0.8944591029023746,0.972972972972973,0.7567567567567568,0.972972972972973
volcanoes-a4,rfc-nosuite,0.99,1.0,0.0,0.0,1.0,0.8944591029023746,1.0,,1.0
volcanoes-a4,rfc-nosuite,1.0,1.0,0.0,0.0,1.0,0.8944591029023746,1.0,1.0,1.0
volcanoes-a4,rfc-nosuite,1.0,0.972972972972973,0.0,0.0,0.972972972972973,0.8944591029023746,0.972972972972973,0.972972972972973,
volcanoes-a4,rfc-nosuite,1.0,0.972972972972973,0.0,0.0,0.972972972972973,0.8944591029023746,0.972972972972973,0.972972972972973,0.972972972972973
volcanoes-a4,rfc-nosuite,1.0,1.0,0.0,0.0,1.0,0.8944591029023746,1.0,1.0,1.0
volcanoes-a4,rfc-nosuite,1.0,1.0,0.0,0.0,1.0,0.8944591029023746,1.0,1.0,1.0
volcanoes-a4,rfc-nosuite,1.0,0.972972972972973,0.0,0.0,0.972972972972973,0.8944591029023746,0.972972972972973,0.972972972972973,0.972972972972973
volcanoes-a4,rfc-nosuite,1.0,1.0,0.0,0.0,1.0,0.8944591029023746,1.0,1.0,1.0
volcanoes-a4,rfc-nosuite,0.99,0.972972972972973,0.0,0.0,0.972972972972973,0.8944591029023746,0.972972972972973,0.972972972972973,0.972972972972973
volcanoes-a4,rfc-nosuite,0.44,0.32432432432432434,0.0,0.0,0.4594594594594595,0.8944591029023746,0.2702702702702703,0.35135135135135137,0.32432432432432434
volcanoes-a4,rfc-nosuite,1.0,1.0,0.0,0.0,1.0,0.8944591029023746,1.0,1.0,1.0
volcanoes-a4,rfc-nosuite,1.0,1.0,0.0,0.0,1.0,0.8944591029023746,1.0,1.0,
volcanoes-a4,rfc-nosuite,0.85,0.6216216216216216,0.0,0.0,0.7027027027027027,0.8944591029023746,0.7027027027027027,0.6756756756756757,0.7027027027027027
volcanoes-a4,rfc-nosuite,1.0,0.972972972972973,0.0,0.0,0.972972972972973,0.8944591029023746,0.972972972972973,0.972972972972973,0.972972972972973
volcanoes-a4,rfc-nosuite,1.0,0.972972972972973,0.0,0.0,0.972972972972973,0.8944591029023746,0.972972972972973,0.972972972972973,0.972972972972973
volcanoes-a4,rfc-nosuite,0.31,0.40540540540540543,0.0,0.0,0.43243243243243246,0.8944591029023746,0.32432432432432434,0.32432432432432434,0.32432432432432434
volcanoes-a4,rfc-nosuite,0.98,0.9459459459459459,0.0,0.0,0.9459459459459459,0.8944591029023746,0.9459459459459459,0.9459459459459459,0.9459459459459459
volcanoes-a4,rfc-nosuite,0.83,0.972972972972973,0.0,0.0,0.972972972972973,0.8944591029023746,0.972972972972973,0.972972972972973,
volcanoes-a4,rfc-nosuite,0.65,0.9459459459459459,0.0,0.0,0.9459459459459459,0.8944591029023746,0.9459459459459459,0.9459459459459459,
volcanoes-a4,rfc-nosuite,0.99,0.972972972972973,0.0,0.0,0.972972972972973,0.8944591029023746,0.972972972972973,0.972972972972973,0.972972972972973
volcanoes-a4,rfc-nosuite,0.82,0.7567567567567568,0.0,0.0,0.8378378378378378,0.8944591029023746,0.8648648648648649,0.4864864864864865,
volcanoes-a4,rfc-nosuite,0.99,0.8648648648648649,0.0,0.0,0.8648648648648649,0.8944591029023746,0.8918918918918919,0.8918918918918919,
volcanoes-a4,rfc-nosuite,0.39,0.5945945945945946,0.0,0.0,0.5405405405405406,0.8944591029023746,0.4594594594594595,0.43243243243243246,0.5675675675675675
volcanoes-a4,rfc-nosuite,0.84,0.8918918918918919,0.0,0.0,0.9459459459459459,0.8944591029023746,0.9459459459459459,0.9459459459459459,
volcanoes-a4,rfc-nosuite,0.81,0.972972972972973,0.0,0.0,0.972972972972973,0.8944591029023746,0.972972972972973,0.972972972972973,0.972972972972973
volcanoes-a4,rfc-nosuite,1.0,1.0,0.0,0.0,1.0,0.8944591029023746,1.0,1.0,
volcanoes-a4,rfc-nosuite,0.96,1.0,0.0,0.0,1.0,0.8944591029023746,1.0,1.0,1.0
volcanoes-a4,rfc-nosuite,0.49,0.35135135135135137,0.0,0.0,0.6216216216216216,0.8944591029023746,0.4594594594594595,0.35135135135135137,0.5135135135135135
volcanoes-a4,rfc-nosuite,1.0,1.0,0.0,0.0,1.0,0.8944591029023746,1.0,1.0,1.0
volcanoes-a4,rfc-nosuite,0.91,0.6486486486486487,0.0,0.0,0.7297297297297297,0.8944591029023746,0.6756756756756757,0.5675675675675675,0.7567567567567568
volcanoes-a4,rfc-nosuite,0.97,0.918918918918919,0.0,0.0,0.918918918918919,0.8944591029023746,0.918918918918919,0.918918918918919,0.918918918918919
volcanoes-a4,rfc-nosuite,0.98,0.9459459459459459,0.0,0.0,0.9459459459459459,0.8944591029023746,0.9459459459459459,0.9459459459459459,0.9459459459459459
volcanoes-a4,rfc-nosuite,0.96,0.972972972972973,0.0,0.0,0.972972972972973,0.8944591029023746,0.972972972972973,0.9459459459459459,0.972972972972973
volcanoes-a4,rfc-nosuite,1.0,0.972972972972973,0.0,0.0,0.9459459459459459,0.8944591029023746,0.972972972972973,0.972972972972973,
volcanoes-a4,rfc-nosuite,0.93,1.0,0.0,0.0,1.0,0.8944591029023746,1.0,1.0,1.0
volcanoes-a4,rfc-nosuite,0.94,0.972972972972973,0.0,0.0,1.0,0.8944591029023746,1.0,1.0,
volcanoes-a4,rfc-nosuite,0.84,0.9459459459459459,0.0,0.0,0.9459459459459459,0.8944591029023746,0.9459459459459459,0.9459459459459459,0.9459459459459459
volcanoes-a4,rfc-nosuite,1.0,1.0,0.0,0.0,1.0,0.8944591029023746,1.0,1.0,1.0
yeast,rfc-nosuite,0.43,0.5405405405405406,0.0,0.0,0.5675675675675675,0.6226415094339622,0.5405405405405406,,0.6756756756756757
yeast,rfc-nosuite,0.79,0.43243243243243246,0.0,0.0,0.6216216216216216,0.6226415094339622,0.5405405405405406,,0.5405405405405406
yeast,rfc-nosuite,0.7,0.4864864864864865,0.0,0.0,0.5405405405405406,0.6226415094339622,0.5945945945945946,,0.5135135135135135
yeast,rfc-nosuite,0.74,0.6756756756756757,0.0,0.0,0.5405405405405406,0.6226415094339622,0.5405405405405406,,0.5945945945945946
yeast,rfc-nosuite,0.8,0.5405405405405406,0.0,0.0,0.5405405405405406,0.6226415094339622,0.5945945945945946,,0.5945945945945946
yeast,rfc-nosuite,0.42,0.4594594594594595,0.0,0.0,0.32432432432432434,0.6226415094339622,0.40540540540540543,,0.40540540540540543
yeast,rfc-nosuite,0.67,0.5405405405405406,0.0,0.0,0.6486486486486487,0.6226415094339622,0.5945945945945946,,0.7297297297297297
yeast,rfc-nosuite,0.47,0.4864864864864865,0.0,0.0,0.7297297297297297,0.6226415094339622,0.7027027027027027,,0.43243243243243246
yeast,rfc-nosuite,0.57,0.4864864864864865,0.0,0.0,0.3783783783783784,0.6226415094339622,0.4594594594594595,,0.43243243243243246
yeast,rfc-nosuite,0.72,0.5135135135135135,0.0,0.0,0.6756756756756757,0.6226415094339622,0.7837837837837838,,0.8108108108108109
yeast,rfc-nosuite,0.86,0.7567567567567568,0.0,0.0,0.7837837837837838,0.6226415094339622,0.7837837837837838,,0.8108108108108109
yeast,rfc-nosuite,0.86,0.6486486486486487,0.0,0.0,0.5135135135135135,0.6226415094339622,0.5405405405405406,,0.7297297297297297
yeast,rfc-nosuite,0.59,0.6486486486486487,0.0,0.0,0.6216216216216216,0.6226415094339622,0.7027027027027027,,0.5675675675675675
yeast,rfc-nosuite,0.55,0.6216216216216216,0.0,0.0,0.5945945945945946,0.6226415094339622,0.5945945945945946,,0.4864864864864865
yeast,rfc-nosuite,0.72,0.43243243243243246,0.0,0.0,0.5945945945945946,0.6226415094339622,0.6486486486486487,,0.7027027027027027
yeast,rfc-nosuite,0.48,0.5675675675675675,0.0,0.0,0.6216216216216216,0.6226415094339622,0.5135135135135135,,0.5945945945945946
yeast,rfc-nosuite,0.56,0.5405405405405406,0.0,0.0,0.4864864864864865,0.6226415094339622,0.5135135135135135,,0.5945945945945946
yeast,rfc-nosuite,0.73,0.5405405405405406,0.0,0.0,0.21621621621621623,0.6226415094339622,0.5135135135135135,,0.5675675675675675
yeast,rfc-nosuite,0.6,0.5405405405405406,0.0,0.0,0.4594594594594595,0.6226415094339622,0.5405405405405406,,0.4864864864864865
yeast,rfc-nosuite,0.64,0.32432432432432434,0.0,0.0,0.6486486486486487,0.6226415094339622,0.7027027027027027,,0.7027027027027027
yeast,rfc-nosuite,0.77,0.6216216216216216,0.0,0.0,0.6756756756756757,0.6226415094339622,0.6216216216216216,,0.7837837837837838
yeast,rfc-nosuite,0.74,0.3783783783783784,0.0,0.0,0.2702702702702703,0.6226415094339622,0.43243243243243246,,0.3783783783783784
yeast,rfc-nosuite,0.9,0.6486486486486487,0.0,0.0,0.6756756756756757,0.6226415094339622,0.5675675675675675,,0.5945945945945946
yeast,rfc-nosuite,0.42,0.35135135135135137,0.0,0.0,0.40540540540540543,0.6226415094339622,0.5405405405405406,,0.5675675675675675
yeast,rfc-nosuite,0.54,0.43243243243243246,0.0,0.0,0.5675675675675675,0.6226415094339622,0.5945945945945946,,0.4864864864864865
yeast,rfc-nosuite,0.4,0.2972972972972973,0.0,0.0,0.3783783783783784,0.6226415094339622,0.5945945945945946,,0.43243243243243246
yeast,rfc-nosuite,0.52,0.4594594594594595,0.0,0.0,0.5135135135135135,0.6226415094339622,0.5405405405405406,,0.4864864864864865
yeast,rfc-nosuite,0.51,0.4864864864864865,0.0,0.0,0.4594594594594595,0.6226415094339622,0.7027027027027027,,0.7027027027027027
yeast,rfc-nosuite,0.78,0.4864864864864865,0.0,0.0,0.7027027027027027,0.6226415094339622,0.7297297297297297,,0.8108108108108109
yeast,rfc-nosuite,0.64,0.5945945945945946,0.0,0.0,0.5135135135135135,0.6226415094339622,0.4864864864864865,,0.5135135135135135
yeast,rfc-nosuite,0.51,0.2972972972972973,0.0,0.0,0.2972972972972973,0.6226415094339622,0.4864864864864865,,0.5405405405405406
yeast,rfc-nosuite,0.75,0.5405405405405406,0.0,0.0,0.4864864864864865,0.6226415094339622,0.7567567567567568,,0.7297297297297297
yeast,rfc-nosuite,0.32,0.5405405405405406,0.0,0.0,0.6486486486486487,0.6226415094339622,0.7297297297297297,,0.7837837837837838
yeast,rfc-nosuite,0.37,0.5405405405405406,0.0,0.0,0.5135135135135135,0.6226415094339622,0.4864864864864865,,0.5675675675675675
yeast,rfc-nosuite,0.63,0.43243243243243246,0.0,0.0,0.40540540540540543,0.6226415094339622,0.40540540540540543,,0.4864864864864865
yeast,rfc-nosuite,0.45,0.40540540540540543,0.0,0.0,0.4594594594594595,0.6226415094339622,0.4864864864864865,,0.5405405405405406
yeast,rfc-nosuite,0.42,0.5135135135135135,0.0,0.0,0.35135135135135137,0.6226415094339622,0.5135135135135135,,0.43243243243243246
yeast,rfc-nosuite,0.92,0.6756756756756757,0.0,0.0,0.5945945945945946,0.6226415094339622,0.7297297297297297,,0.6756756756756757
yeast,rfc-nosuite,0.73,0.5675675675675675,0.0,0.0,0.4594594594594595,0.6226415094339622,0.5405405405405406,,0.5405405405405406
yeast,rfc-nosuite,0.44,0.4594594594594595,0.0,0.0,0.5945945945945946,0.6226415094339622,0.5945945945945946,,0.6486486486486487
yeast,rfc-nosuite,0.64,0.4864864864864865,0.0,0.0,0.4864864864864865,0.6226415094339622,0.6216216216216216,,0.5945945945945946
yeast,rfc-nosuite,0.57,0.4594594594594595,0.0,0.0,0.4864864864864865,0.6226415094339622,0.5405405405405406,,0.4864864864864865
yeast,rfc-nosuite,0.47,0.43243243243243246,0.0,0.0,0.3783783783783784,0.6226415094339622,0.4594594594594595,,0.5135135135135135
yeast,rfc-nosuite,0.56,0.5135135135135135,0.0,0.0,0.5405405405405406,0.6226415094339622,0.6216216216216216,,0.5405405405405406
yeast,rfc-nosuite,0.76,0.40540540540540543,0.0,0.0,0.43243243243243246,0.6226415094339622,0.5135135135135135,,0.5675675675675675
yeast,rfc-nosuite,0.55,0.6486486486486487,0.0,0.0,0.4864864864864865,0.6226415094339622,0.43243243243243246,,0.5945945945945946
yeast,rfc-nosuite,0.41,0.43243243243243246,0.0,0.0,0.43243243243243246,0.6226415094339622,0.4594594594594595,,0.5405405405405406
yeast,rfc-nosuite,0.55,0.43243243243243246,0.0,0.0,0.6216216216216216,0.6226415094339622,0.7837837837837838,,0.6486486486486487
yeast,rfc-nosuite,0.79,0.6486486486486487,0.0,0.0,0.5945945945945946,0.6226415094339622,0.5675675675675675,,0.6756756756756757
yeast,rfc-nosuite,0.85,0.6216216216216216,0.0,0.0,0.5945945945945946,0.6226415094339622,0.5675675675675675,,0.7567567567567568
rmftsa,rfc-nosuite,0.3562142857142858,0.48,0.0,0.0,0.52,0.48828125,0.56,0.2,0.6
rmftsa,rfc-nosuite,0.4576666666666667,0.52,0.0,0.0,0.44,0.48828125,0.28,0.36,0.32
rmftsa,rfc-nosuite,0.6425,0.44,0.0,0.0,0.48,0.48828125,0.4,0.4,0.28
rmftsa,rfc-nosuite,0.8478333333333333,0.4,0.0,0.0,0.52,0.48828125,0.52,0.52,0.36
rmftsa,rfc-nosuite,0.614280303030303,0.76,0.0,0.0,0.6,0.48828125,0.8,0.68,0.8
rmftsa,rfc-nosuite,0.8540349927849925,0.64,0.0,0.0,0.64,0.48828125,0.76,0.76,0.76
rmftsa,rfc-nosuite,0.2751865079365079,0.52,0.0,0.0,0.4,0.48828125,0.24,0.4,0.12
rmftsa,rfc-nosuite,0.8464378399378396,0.56,0.0,0.0,0.56,0.48828125,0.52,0.52,0.56
rmftsa,rfc-nosuite,0.8261904761904763,0.28,0.0,0.0,0.32,0.48828125,0.24,0.24,0.28
rmftsa,rfc-nosuite,0.5813382173382172,0.56,0.0,0.0,0.56,0.48828125,0.52,0.52,0.56
rmftsa,rfc-nosuite,1.0,0.8,0.0,0.0,0.8,0.48828125,0.84,0.4,0.56
rmftsa,rfc-nosuite,0.59075,0.48,0.0,0.0,0.36,0.48828125,0.16,0.44,0.64
rmftsa,rfc-nosuite,0.861,0.44,0.0,0.0,0.32,0.48828125,0.36,0.28,0.12
rmftsa,rfc-nosuite,0.6853333333333335,0.12,0.0,0.0,0.28,0.48828125,0.24,0.2,0.28
rmftsa,rfc-nosuite,0.6778594852859559,0.6,0.0,0.0,0.4,0.48828125,0.56,0.56,0.56
rmftsa,rfc-nosuite,0.39428571428571435,0.44,0.0,0.0,0.44,0.48828125,0.4,0.24,0.32
rmftsa,rfc-nosuite,0.4970714285714286,0.36,0.0,0.0,0.24,0.48828125,0.2,0.36,0.56
rmftsa,rfc-nosuite,0.5813382173382172,0.56,0.0,0.0,0.56,0.48828125,0.52,0.52,0.56
rmftsa,rfc-nosuite,0.58,0.28,0.0,0.0,0.28,0.48828125,0.32,0.32,0.24
rmftsa,rfc-nosuite,0.9611111111111111,0.68,0.0,0.0,0.68,0.48828125,0.72,0.68,0.68
rmftsa,rfc-nosuite,0.6005757575757573,0.48,0.0,0.0,0.48,0.48828125,0.56,0.2,0.36
rmftsa,rfc-nosuite,0.3537380952380953,0.2,0.0,0.0,0.48,0.48828125,0.36,0.36,0.4
rmftsa,rfc-nosuite,0.6685,0.32,0.0,0.0,0.08,0.48828125,0.2,0.28,0.32
rmftsa,rfc-nosuite,0.6693243284493282,0.76,0.0,0.0,0.76,0.48828125,0.84,0.76,0.76
rmftsa,rfc-nosuite,0.7121666666666667,0.4,0.0,0.0,0.48,0.48828125,0.44,0.28,0.28
rmftsa,rfc-nosuite,0.82,0.24,0.0,0.0,0.56,0.48828125,0.44,0.56,0.32
rmftsa,rfc-nosuite,0.429,0.36,0.0,0.0,0.52,0.48828125,0.52,0.52,0.16
rmftsa,rfc-nosuite,0.52,0.44,0.0,0.0,0.48,0.48828125,0.36,0.4,0.52
rmftsa,rfc-nosuite,0.42683730158730154,0.52,0.0,0.0,0.2,0.48828125,0.64,0.64,0.56
rmftsa,rfc-nosuite,0.6702857142857143,0.48,0.0,0.0,0.28,0.48828125,0.4,0.52,0.24
rmftsa,rfc-nosuite,0.6414067321567322,0.44,0.0,0.0,0.56,0.48828125,0.48,0.48,0.48
rmftsa,rfc-nosuite,0.3321428571428571,0.44,0.0,0.0,0.4,0.48828125,0.36,0.28,0.28
rmftsa,rfc-nosuite,0.6853333333333335,0.12,0.0,0.0,0.28,0.48828125,0.24,0.36,0.28
rmftsa,rfc-nosuite,0.5189999999999999,0.32,0.0,0.0,0.28,0.48828125,0.24,0.16,0.2
rmftsa,rfc-nosuite,0.8230952380952381,0.64,0.0,0.0,0.48,0.48828125,0.68,0.68,0.48
rmftsa,rfc-nosuite,0.5,0.4,0.0,0.0,0.48,0.48828125,0.32,0.4,0.32
rmftsa,rfc-nosuite,0.514142857142857,0.72,0.0,0.0,0.72,0.48828125,0.8,0.64,0.72
rmftsa,rfc-nosuite,1.0,0.6,0.0,0.0,0.56,0.48828125,0.36,0.64,0.6
rmftsa,rfc-nosuite,0.5757976190476191,0.8,0.0,0.0,0.64,0.48828125,0.88,0.48,0.56
rmftsa,rfc-nosuite,0.88,0.36,0.0,0.0,0.28,0.48828125,0.44,0.52,0.16
rmftsa,rfc-nosuite,0.5973333333333334,0.32,0.0,0.0,0.36,0.48828125,0.36,0.36,0.32
rmftsa,rfc-nosuite,0.4328333333333333,0.24,0.0,0.0,0.36,0.48828125,0.36,0.36,0.16
rmftsa,rfc-nosuite,0.74,0.44,0.0,0.0,0.16,0.48828125,0.52,0.52,0.2
rmftsa,rfc-nosuite,0.74,0.4,0.0,0.0,0.48,0.48828125,0.48,0.48,0.36
rmftsa,rfc-nosuite,0.89,0.6,0.0,0.0,0.6,0.48828125,0.32,0.56,0.32
rmftsa,rfc-nosuite,0.5813382173382172,0.56,0.0,0.0,0.56,0.48828125,0.52,0.52,0.56
rmftsa,rfc-nosuite,0.74,0.44,0.0,0.0,0.16,0.48828125,0.52,0.52,0.2
rmftsa,rfc-nosuite,0.72,0.4,0.0,0.0,0.24,0.48828125,0.24,0.24,0.24
rmftsa,rfc-nosuite,0.86,0.4,0.0,0.0,0.4,0.48828125,0.4,0.4,0.4
rmftsa,rfc-nosuite,0.6383095238095238,0.28,0.0,0.0,0.32,0.48828125,0.32,0.28,0.44
banknote-authentication,rfc-nosuite,0.99,1.0,0.0,0.0,1.0,0.9941690962099126,1.0,1.0,1.0
banknote-authentication,rfc-nosuite,1.0,1.0,0.0,0.0,1.0,0.9941690962099126,1.0,0.9705882352941176,1.0
banknote-authentication,rfc-nosuite,0.97,1.0,0.0,0.0,1.0,0.9941690962099126,0.9705882352941176,1.0,1.0
banknote-authentication,rfc-nosuite,0.95,1.0,0.0,0.0,1.0,0.9941690962099126,0.8235294117647058,0.9705882352941176,1.0
banknote-authentication,rfc-nosuite,1.0,0.9705882352941176,0.0,0.0,1.0,0.9941690962099126,1.0,1.0,0.8235294117647058
banknote-authentication,rfc-nosuite,1.0,1.0,0.0,0.0,1.0,0.9941690962099126,1.0,0.9411764705882353,1.0
banknote-authentication,rfc-nosuite,0.99,1.0,0.0,0.0,1.0,0.9941690962099126,1.0,1.0,1.0
banknote-authentication,rfc-nosuite,1.0,1.0,0.0,0.0,1.0,0.9941690962099126,1.0,1.0,1.0
banknote-authentication,rfc-nosuite,1.0,1.0,0.0,0.0,1.0,0.9941690962099126,1.0,0.7647058823529411,1.0
banknote-authentication,rfc-nosuite,1.0,1.0,0.0,0.0,1.0,0.9941690962099126,1.0,0.9705882352941176,1.0
banknote-authentication,rfc-nosuite,0.94,1.0,0.0,0.0,1.0,0.9941690962099126,0.9705882352941176,0.9705882352941176,1.0
banknote-authentication,rfc-nosuite,1.0,0.9705882352941176,0.0,0.0,0.9411764705882353,0.9941690962099126,1.0,1.0,1.0
banknote-authentication,rfc-nosuite,1.0,1.0,0.0,0.0,0.9117647058823529,0.9941690962099126,1.0,0.7352941176470589,1.0
banknote-authentication,rfc-nosuite,1.0,1.0,0.0,0.0,0.9117647058823529,0.9941690962099126,0.9705882352941176,1.0,1.0
banknote-authentication,rfc-nosuite,1.0,0.9705882352941176,0.0,0.0,0.9705882352941176,0.9941690962099126,1.0,1.0,0.9705882352941176
banknote-authentication,rfc-nosuite,1.0,0.9705882352941176,0.0,0.0,0.9705882352941176,0.9941690962099126,1.0,1.0,0.9705882352941176
banknote-authentication,rfc-nosuite,0.99,0.9705882352941176,0.0,0.0,0.9705882352941176,0.9941690962099126,1.0,1.0,1.0
banknote-authentication,rfc-nosuite,0.98,1.0,0.0,0.0,1.0,0.9941690962099126,0.9705882352941176,1.0,0.8529411764705882
banknote-authentication,rfc-nosuite,0.99,1.0,0.0,0.0,1.0,0.9941690962099126,1.0,1.0,1.0
banknote-authentication,rfc-nosuite,1.0,1.0,0.0,0.0,0.9117647058823529,0.9941690962099126,1.0,0.8235294117647058,0.9411764705882353
banknote-authentication,rfc-nosuite,1.0,1.0,0.0,0.0,1.0,0.9941690962099126,1.0,1.0,1.0
banknote-authentication,rfc-nosuite,0.97,0.9705882352941176,0.0,0.0,0.9705882352941176,0.9941690962099126,0.7941176470588235,0.9705882352941176,0.9705882352941176
banknote-authentication,rfc-nosuite,1.0,1.0,0.0,0.0,1.0,0.9941690962099126,1.0,0.8235294117647058,1.0
banknote-authentication,rfc-nosuite,1.0,1.0,0.0,0.0,1.0,0.9941690962099126,1.0,1.0,1.0
banknote-authentication,rfc-nosuite,0.89,1.0,0.0,0.0,1.0,0.9941690962099126,0.9705882352941176,1.0,0.8235294117647058
banknote-authentication,rfc-nosuite,1.0,1.0,0.0,0.0,1.0,0.9941690962099126,1.0,0.9411764705882353,1.0
banknote-authentication,rfc-nosuite,1.0,1.0,0.0,0.0,1.0,0.9941690962099126,1.0,1.0,1.0
banknote-authentication,rfc-nosuite,1.0,1.0,0.0,0.0,1.0,0.9941690962099126,1.0,1.0,1.0
banknote-authentication,rfc-nosuite,0.94,1.0,0.0,0.0,1.0,0.9941690962099126,1.0,1.0,1.0
banknote-authentication,rfc-nosuite,0.99,1.0,0.0,0.0,0.9705882352941176,0.9941690962099126,1.0,0.9117647058823529,0.9705882352941176
banknote-authentication,rfc-nosuite,0.99,1.0,0.0,0.0,1.0,0.9941690962099126,0.9705882352941176,1.0,1.0
banknote-authentication,rfc-nosuite,1.0,1.0,0.0,0.0,1.0,0.9941690962099126,1.0,1.0,0.9411764705882353
banknote-authentication,rfc-nosuite,0.94,1.0,0.0,0.0,1.0,0.9941690962099126,1.0,1.0,1.0
banknote-authentication,rfc-nosuite,1.0,1.0,0.0,0.0,1.0,0.9941690962099126,1.0,1.0,1.0
banknote-authentication,rfc-nosuite,0.97,0.9705882352941176,0.0,0.0,0.9705882352941176,0.9941690962099126,0.9705882352941176,1.0,1.0
banknote-authentication,rfc-nosuite,1.0,1.0,0.0,0.0,1.0,0.9941690962099126,1.0,1.0,1.0
banknote-authentication,rfc-nosuite,1.0,1.0,0.0,0.0,1.0,0.9941690962099126,1.0,1.0,1.0
banknote-authentication,rfc-nosuite,1.0,1.0,0.0,0.0,1.0,0.9941690962099126,1.0,1.0,1.0
banknote-authentication,rfc-nosuite,0.98,1.0,0.0,0.0,0.8529411764705882,0.9941690962099126,1.0,1.0,1.0
banknote-authentication,rfc-nosuite,1.0,1.0,0.0,0.0,1.0,0.9941690962099126,1.0,0.5588235294117647,1.0
banknote-authentication,rfc-nosuite,0.99,0.9705882352941176,0.0,0.0,1.0,0.9941690962099126,1.0,1.0,1.0
banknote-authentication,rfc-nosuite,1.0,1.0,0.0,0.0,1.0,0.9941690962099126,1.0,1.0,1.0
banknote-authentication,rfc-nosuite,0.85,1.0,0.0,0.0,1.0,0.9941690962099126,0.9705882352941176,1.0,0.7058823529411765
banknote-authentication,rfc-nosuite,0.99,0.9705882352941176,0.0,0.0,1.0,0.9941690962099126,1.0,1.0,1.0
banknote-authentication,rfc-nosuite,1.0,1.0,0.0,0.0,0.9705882352941176,0.9941690962099126,0.9117647058823529,0.6176470588235294,0.9705882352941176
banknote-authentication,rfc-nosuite,1.0,1.0,0.0,0.0,1.0,0.9941690962099126,1.0,1.0,1.0
banknote-authentication,rfc-nosuite,1.0,1.0,0.0,0.0,1.0,0.9941690962099126,1.0,1.0,1.0
banknote-authentication,rfc-nosuite,0.99,0.9705882352941176,0.0,0.0,1.0,0.9941690962099126,0.8235294117647058,1.0,0.9705882352941176
banknote-authentication,rfc-nosuite,0.99,1.0,0.0,0.0,1.0,0.9941690962099126,1.0,1.0,1.0
banknote-authentication,rfc-nosuite,0.94,1.0,0.0,0.0,1.0,0.9941690962099126,1.0,1.0,0.7352941176470589
volcanoes-a2,rfc-nosuite,1.0,0.95,0.0,0.0,0.975,0.9310344827586207,0.975,0.975,0.975
volcanoes-a2,rfc-nosuite,0.96,0.975,0.0,0.0,0.975,0.9310344827586207,0.95,0.6,
volcanoes-a2,rfc-nosuite,1.0,1.0,0.0,0.0,1.0,0.9310344827586207,1.0,1.0,1.0
volcanoes-a2,rfc-nosuite,0.97,1.0,0.0,0.0,1.0,0.9310344827586207,1.0,1.0,
volcanoes-a2,rfc-nosuite,0.74,0.975,0.0,0.0,0.975,0.9310344827586207,0.975,0.975,
volcanoes-a2,rfc-nosuite,1.0,1.0,0.0,0.0,1.0,0.9310344827586207,1.0,1.0,
volcanoes-a2,rfc-nosuite,0.92,0.975,0.0,0.0,0.975,0.9310344827586207,0.975,0.975,0.975
volcanoes-a2,rfc-nosuite,0.99,1.0,0.0,0.0,1.0,0.9310344827586207,1.0,1.0,
volcanoes-a2,rfc-nosuite,1.0,0.975,0.0,0.0,0.975,0.9310344827586207,0.975,0.975,0.975
volcanoes-a2,rfc-nosuite,0.99,1.0,0.0,0.0,1.0,0.9310344827586207,1.0,1.0,
volcanoes-a2,rfc-nosuite,0.63,0.625,0.0,0.0,0.725,0.9310344827586207,0.675,0.45,0.575
volcanoes-a2,rfc-nosuite,1.0,1.0,0.0,0.0,1.0,0.9310344827586207,1.0,1.0,
volcanoes-a2,rfc-nosuite,0.71,0.85,0.0,0.0,0.95,0.9310344827586207,0.875,0.875,0.625
volcanoes-a2,rfc-nosuite,0.72,0.85,0.0,0.0,0.95,0.9310344827586207,0.925,0.775,0.925
volcanoes-a2,rfc-nosuite,0.92,1.0,0.0,0.0,1.0,0.9310344827586207,1.0,1.0,
volcanoes-a2,rfc-nosuite,1.0,1.0,0.0,0.0,1.0,0.9310344827586207,1.0,1.0,1.0
volcanoes-a2,rfc-nosuite,0.99,0.975,0.0,0.0,0.975,0.9310344827586207,0.975,0.975,0.975
volcanoes-a2,rfc-nosuite,0.92,0.975,0.0,0.0,0.975,0.9310344827586207,0.925,0.975,0.975
volcanoes-a2,rfc-nosuite,1.0,1.0,0.0,0.0,0.975,0.9310344827586207,0.95,1.0,1.0
volcanoes-a2,rfc-nosuite,1.0,1.0,0.0,0.0,1.0,0.9310344827586207,1.0,1.0,
volcanoes-a2,rfc-nosuite,0.96,1.0,0.0,0.0,1.0,0.9310344827586207,1.0,1.0,1.0
volcanoes-a2,rfc-nosuite,0.95,1.0,0.0,0.0,1.0,0.9310344827586207,1.0,1.0,1.0
volcanoes-a2,rfc-nosuite,0.98,1.0,0.0,0.0,1.0,0.9310344827586207,1.0,1.0,
volcanoes-a2,rfc-nosuite,1.0,0.975,0.0,0.0,0.95,0.9310344827586207,0.975,0.7,
volcanoes-a2,rfc-nosuite,0.99,1.0,0.0,0.0,1.0,0.9310344827586207,0.95,1.0,1.0
volcanoes-a2,rfc-nosuite,1.0,0.975,0.0,0.0,0.975,0.9310344827586207,0.975,0.975,0.975
volcanoes-a2,rfc-nosuite,1.0,1.0,0.0,0.0,1.0,0.9310344827586207,1.0,1.0,
volcanoes-a2,rfc-nosuite,0.96,1.0,0.0,0.0,1.0,0.9310344827586207,1.0,1.0,1.0
volcanoes-a2,rfc-nosuite,0.96,1.0,0.0,0.0,1.0,0.9310344827586207,1.0,1.0,
volcanoes-a2,rfc-nosuite,1.0,1.0,0.0,0.0,1.0,0.9310344827586207,1.0,1.0,1.0
volcanoes-a2,rfc-nosuite,1.0,0.975,0.0,0.0,0.975,0.9310344827586207,0.975,0.975,0.975
volcanoes-a2,rfc-nosuite,1.0,1.0,0.0,0.0,1.0,0.9310344827586207,1.0,1.0,1.0
volcanoes-a2,rfc-nosuite,0.99,0.975,0.0,0.0,0.975,0.9310344827586207,0.95,0.975,
volcanoes-a2,rfc-nosuite,1.0,1.0,0.0,0.0,1.0,0.9310344827586207,1.0,1.0,1.0
volcanoes-a2,rfc-nosuite,0.99,0.975,0.0,0.0,0.975,0.9310344827586207,0.975,0.975,0.975
volcanoes-a2,rfc-nosuite,1.0,0.975,0.0,0.0,0.975,0.9310344827586207,0.975,0.975,
volcanoes-a2,rfc-nosuite,0.98,1.0,0.0,0.0,1.0,0.9310344827586207,1.0,1.0,1.0
volcanoes-a2,rfc-nosuite,0.43,0.6,0.0,0.0,0.7,0.9310344827586207,0.55,0.525,0.625
volcanoes-a2,rfc-nosuite,1.0,1.0,0.0,0.0,1.0,0.9310344827586207,1.0,1.0,1.0
volcanoes-a2,rfc-nosuite,0.82,0.875,0.0,0.0,0.9,0.9310344827586207,0.925,0.95,0.85
volcanoes-a2,rfc-nosuite,1.0,1.0,0.0,0.0,1.0,0.9310344827586207,1.0,1.0,1.0
volcanoes-a2,rfc-nosuite,0.97,0.975,0.0,0.0,0.975,0.9310344827586207,0.975,0.975,
volcanoes-a2,rfc-nosuite,0.97,0.975,0.0,0.0,0.975,0.9310344827586207,0.975,0.975,0.975
volcanoes-a2,rfc-nosuite,0.98,0.975,0.0,0.0,0.975,0.9310344827586207,0.975,0.925,0.975
volcanoes-a2,rfc-nosuite,1.0,1.0,0.0,0.0,1.0,0.9310344827586207,1.0,1.0,1.0
volcanoes-a2,rfc-nosuite,0.86,0.525,0.0,0.0,0.75,0.9310344827586207,0.575,0.375,0.625
volcanoes-a2,rfc-nosuite,1.0,1.0,0.0,0.0,1.0,0.9310344827586207,1.0,1.0,
volcanoes-a2,rfc-nosuite,0.96,0.925,0.0,0.0,0.95,0.9310344827586207,0.9,0.95,
volcanoes-a2,rfc-nosuite,1.0,0.975,0.0,0.0,0.975,0.9310344827586207,0.975,0.975,0.975
volcanoes-a2,rfc-nosuite,0.99,0.975,0.0,0.0,0.975,0.9310344827586207,0.95,0.95,0.975
volcanoes-a3,rfc-nosuite,0.42,0.6578947368421053,0.0,0.0,0.7105263157894737,0.89501312335958,0.7368421052631579,0.631578947368421,0.7105263157894737
volcanoes-a3,rfc-nosuite,1.0,1.0,0.0,0.0,1.0,0.89501312335958,1.0,0.9736842105263158,
volcanoes-a3,rfc-nosuite,0.35,0.5789473684210527,0.0,0.0,0.6052631578947368,0.89501312335958,0.6052631578947368,0.5263157894736842,0.34210526315789475
volcanoes-a3,rfc-nosuite,1.0,1.0,0.0,0.0,1.0,0.89501312335958,1.0,1.0,1.0
volcanoes-a3,rfc-nosuite,1.0,1.0,0.0,0.0,1.0,0.89501312335958,1.0,1.0,
volcanoes-a3,rfc-nosuite,0.99,1.0,0.0,0.0,1.0,0.89501312335958,1.0,1.0,
volcanoes-a3,rfc-nosuite,1.0,0.9210526315789473,0.0,0.0,0.9210526315789473,0.89501312335958,0.9210526315789473,0.9210526315789473,
volcanoes-a3,rfc-nosuite,0.99,1.0,0.0,0.0,1.0,0.89501312335958,1.0,1.0,1.0
volcanoes-a3,rfc-nosuite,0.95,1.0,0.0,0.0,1.0,0.89501312335958,1.0,1.0,1.0
volcanoes-a3,rfc-nosuite,1.0,0.9473684210526315,0.0,0.0,0.9473684210526315,0.89501312335958,0.9473684210526315,0.9473684210526315,
volcanoes-a3,rfc-nosuite,1.0,0.9736842105263158,0.0,0.0,0.9736842105263158,0.89501312335958,0.9736842105263158,0.9736842105263158,0.9736842105263158
volcanoes-a3,rfc-nosuite,0.95,0.7105263157894737,0.0,0.0,0.7631578947368421,0.89501312335958,0.7894736842105263,0.6578947368421053,0.7105263157894737
volcanoes-a3,rfc-nosuite,0.7,0.9210526315789473,0.0,0.0,0.9210526315789473,0.89501312335958,0.9210526315789473,0.8947368421052632,0.9210526315789473
volcanoes-a3,rfc-nosuite,0.59,0.631578947368421,0.0,0.0,0.7631578947368421,0.89501312335958,0.7894736842105263,0.5789473684210527,0.42105263157894735
volcanoes-a3,rfc-nosuite,0.9,0.9473684210526315,0.0,0.0,0.9210526315789473,0.89501312335958,0.9210526315789473,0.8157894736842105,
volcanoes-a3,rfc-nosuite,0.99,0.9473684210526315,0.0,0.0,0.9473684210526315,0.89501312335958,0.9473684210526315,0.9473684210526315,0.9473684210526315
volcanoes-a3,rfc-nosuite,0.99,0.9473684210526315,0.0,0.0,0.9473684210526315,0.89501312335958,0.9473684210526315,0.9473684210526315,0.9473684210526315
volcanoes-a3,rfc-nosuite,1.0,1.0,0.0,0.0,1.0,0.89501312335958,1.0,1.0,1.0
volcanoes-a3,rfc-nosuite,0.98,1.0,0.0,0.0,1.0,0.89501312335958,1.0,1.0,1.0
volcanoes-a3,rfc-nosuite,0.85,0.9473684210526315,0.0,0.0,0.9736842105263158,0.89501312335958,0.9736842105263158,0.9736842105263158,0.9736842105263158
volcanoes-a3,rfc-nosuite,1.0,1.0,0.0,0.0,1.0,0.89501312335958,1.0,1.0,
volcanoes-a3,rfc-nosuite,0.91,0.9473684210526315,0.0,0.0,0.9473684210526315,0.89501312335958,0.9473684210526315,0.8947368421052632,0.868421052631579
volcanoes-a3,rfc-nosuite,1.0,0.9736842105263158,0.0,0.0,0.9736842105263158,0.89501312335958,0.9736842105263158,0.9736842105263158,0.9736842105263158
volcanoes-a3,rfc-nosuite,0.79,0.7368421052631579,0.0,0.0,0.8157894736842105,0.89501312335958,0.8157894736842105,0.7105263157894737,0.7631578947368421
volcanoes-a3,rfc-nosuite,0.95,1.0,0.0,0.0,1.0,0.89501312335958,1.0,1.0,
volcanoes-a3,rfc-nosuite,0.97,1.0,0.0,0.0,1.0,0.89501312335958,1.0,1.0,1.0
volcanoes-a3,rfc-nosuite,0.49,0.8157894736842105,0.0,0.0,0.8157894736842105,0.89501312335958,0.8421052631578947,0.8157894736842105,
volcanoes-a3,rfc-nosuite,0.98,1.0,0.0,0.0,1.0,0.89501312335958,1.0,1.0,1.0
volcanoes-a3,rfc-nosuite,1.0,1.0,0.0,0.0,1.0,0.89501312335958,1.0,1.0,
volcanoes-a3,rfc-nosuite,0.98,1.0,0.0,0.0,1.0,0.89501312335958,1.0,1.0,1.0
volcanoes-a3,rfc-nosuite,0.99,1.0,0.0,0.0,1.0,0.89501312335958,1.0,1.0,1.0
volcanoes-a3,rfc-nosuite,1.0,1.0,0.0,0.0,1.0,0.89501312335958,1.0,1.0,1.0
volcanoes-a3,rfc-nosuite,0.72,0.8157894736842105,0.0,0.0,0.8157894736842105,0.89501312335958,0.8421052631578947,0.7368421052631579,0.7105263157894737
volcanoes-a3,rfc-nosuite,0.97,1.0,0.0,0.0,1.0,0.89501312335958,1.0,1.0,1.0
volcanoes-a3,rfc-nosuite,1.0,1.0,0.0,0.0,1.0,0.89501312335958,1.0,1.0,1.0
volcanoes-a3,rfc-nosuite,0.89,0.8421052631578947,0.0,0.0,0.8421052631578947,0.89501312335958,0.8421052631578947,0.7894736842105263,
volcanoes-a3,rfc-nosuite,0.98,0.7631578947368421,0.0,0.0,0.868421052631579,0.89501312335958,0.868421052631579,0.868421052631579,0.868421052631579
volcanoes-a3,rfc-nosuite,0.98,0.9736842105263158,0.0,0.0,0.9736842105263158,0.89501312335958,0.9736842105263158,0.9736842105263158,0.9736842105263158
volcanoes-a3,rfc-nosuite,0.94,0.7105263157894737,0.0,0.0,0.7631578947368421,0.89501312335958,0.7631578947368421,0.6842105263157895,
volcanoes-a3,rfc-nosuite,0.97,1.0,0.0,0.0,1.0,0.89501312335958,1.0,1.0,1.0
volcanoes-a3,rfc-nosuite,0.99,1.0,0.0,0.0,1.0,0.89501312335958,1.0,1.0,1.0
volcanoes-a3,rfc-nosuite,0.41,0.3684210526315789,0.0,0.0,0.39473684210526316,0.89501312335958,0.42105263157894735,0.07894736842105263,0.42105263157894735
volcanoes-a3,rfc-nosuite,0.98,1.0,0.0,0.0,1.0,0.89501312335958,1.0,1.0,1.0
volcanoes-a3,rfc-nosuite,1.0,1.0,0.0,0.0,1.0,0.89501312335958,1.0,1.0,1.0
volcanoes-a3,rfc-nosuite,0.96,0.9736842105263158,0.0,0.0,0.9736842105263158,0.89501312335958,0.9736842105263158,0.8947368421052632,0.9736842105263158
volcanoes-a3,rfc-nosuite,1.0,1.0,0.0,0.0,1.0,0.89501312335958,1.0,1.0,1.0
volcanoes-a3,rfc-nosuite,0.93,0.9736842105263158,0.0,0.0,0.9736842105263158,0.89501312335958,0.9736842105263158,0.9736842105263158,
volcanoes-a3,rfc-nosuite,1.0,1.0,0.0,0.0,1.0,0.89501312335958,1.0,1.0,
volcanoes-a3,rfc-nosuite,0.99,1.0,0.0,0.0,1.0,0.89501312335958,1.0,1.0,
volcanoes-a3,rfc-nosuite,1.0,0.9736842105263158,0.0,0.0,0.9736842105263158,0.89501312335958,0.9736842105263158,0.9736842105263158,0.9736842105263158
volcanoes-a4,rfc-nosuite,1.0,1.0,0.0,0.0,1.0,0.8944591029023746,1.0,1.0,
volcanoes-a4,rfc-nosuite,1.0,1.0,0.0,0.0,1.0,0.8944591029023746,1.0,1.0,
volcanoes-a4,rfc-nosuite,0.62,0.4864864864864865,0.0,0.0,0.4594594594594595,0.8944591029023746,0.2972972972972973,0.35135135135135137,0.35135135135135137
volcanoes-a4,rfc-nosuite,0.99,0.9459459459459459,0.0,0.0,0.9459459459459459,0.8944591029023746,0.9459459459459459,0.9459459459459459,0.9459459459459459
volcanoes-a4,rfc-nosuite,0.99,0.972972972972973,0.0,0.0,0.972972972972973,0.8944591029023746,0.972972972972973,0.972972972972973,
volcanoes-a4,rfc-nosuite,0.59,0.5675675675675675,0.0,0.0,0.6486486486486487,0.8944591029023746,0.40540540540540543,0.43243243243243246,0.3783783783783784
volcanoes-a4,rfc-nosuite,0.97,0.972972972972973,0.0,0.0,0.972972972972973,0.8944591029023746,0.972972972972973,0.972972972972973,0.972972972972973
volcanoes-a4,rfc-nosuite,0.88,0.918918918918919,0.0,0.0,0.8918918918918919,0.8944591029023746,0.8648648648648649,0.918918918918919,0.8918918918918919
volcanoes-a4,rfc-nosuite,0.92,0.9459459459459459,0.0,0.0,0.9459459459459459,0.8944591029023746,0.9459459459459459,0.9459459459459459,0.9459459459459459
volcanoes-a4,rfc-nosuite,1.0,1.0,0.0,0.0,1.0,0.8944591029023746,1.0,1.0,1.0
volcanoes-a4,rfc-nosuite,1.0,1.0,0.0,0.0,1.0,0.8944591029023746,1.0,1.0,1.0
volcanoes-a4,rfc-nosuite,0.98,0.972972972972973,0.0,0.0,0.9459459459459459,0.8944591029023746,0.972972972972973,0.7567567567567568,0.972972972972973
volcanoes-a4,rfc-nosuite,0.99,1.0,0.0,0.0,1.0,0.8944591029023746,1.0,,1.0
volcanoes-a4,rfc-nosuite,1.0,1.0,0.0,0.0,1.0,0.8944591029023746,1.0,1.0,1.0
volcanoes-a4,rfc-nosuite,1.0,0.972972972972973,0.0,0.0,0.972972972972973,0.8944591029023746,0.972972972972973,0.972972972972973,
volcanoes-a4,rfc-nosuite,1.0,0.972972972972973,0.0,0.0,0.972972972972973,0.8944591029023746,0.972972972972973,0.972972972972973,0.972972972972973
volcanoes-a4,rfc-nosuite,1.0,1.0,0.0,0.0,1.0,0.8944591029023746,1.0,1.0,1.0
volcanoes-a4,rfc-nosuite,1.0,1.0,0.0,0.0,1.0,0.8944591029023746,1.0,1.0,1.0
volcanoes-a4,rfc-nosuite,1.0,0.972972972972973,0.0,0.0,0.972972972972973,0.8944591029023746,0.972972972972973,0.972972972972973,0.972972972972973
volcanoes-a4,rfc-nosuite,1.0,1.0,0.0,0.0,1.0,0.8944591029023746,1.0,1.0,1.0
volcanoes-a4,rfc-nosuite,0.99,0.972972972972973,0.0,0.0,0.972972972972973,0.8944591029023746,0.972972972972973,0.972972972972973,0.972972972972973
volcanoes-a4,rfc-nosuite,0.44,0.32432432432432434,0.0,0.0,0.4594594594594595,0.8944591029023746,0.2702702702702703,0.35135135135135137,0.32432432432432434
volcanoes-a4,rfc-nosuite,1.0,1.0,0.0,0.0,1.0,0.8944591029023746,1.0,1.0,1.0
volcanoes-a4,rfc-nosuite,1.0,1.0,0.0,0.0,1.0,0.8944591029023746,1.0,1.0,
volcanoes-a4,rfc-nosuite,0.85,0.6216216216216216,0.0,0.0,0.7027027027027027,0.8944591029023746,0.7027027027027027,0.6756756756756757,0.7027027027027027
volcanoes-a4,rfc-nosuite,1.0,0.972972972972973,0.0,0.0,0.972972972972973,0.8944591029023746,0.972972972972973,0.972972972972973,0.972972972972973
volcanoes-a4,rfc-nosuite,1.0,0.972972972972973,0.0,0.0,0.972972972972973,0.8944591029023746,0.972972972972973,0.972972972972973,0.972972972972973
volcanoes-a4,rfc-nosuite,0.31,0.40540540540540543,0.0,0.0,0.43243243243243246,0.8944591029023746,0.32432432432432434,0.32432432432432434,0.32432432432432434
volcanoes-a4,rfc-nosuite,0.98,0.9459459459459459,0.0,0.0,0.9459459459459459,0.8944591029023746,0.9459459459459459,0.9459459459459459,0.9459459459459459
volcanoes-a4,rfc-nosuite,0.83,0.972972972972973,0.0,0.0,0.972972972972973,0.8944591029023746,0.972972972972973,0.972972972972973,
volcanoes-a4,rfc-nosuite,0.65,0.9459459459459459,0.0,0.0,0.9459459459459459,0.8944591029023746,0.9459459459459459,0.9459459459459459,
volcanoes-a4,rfc-nosuite,0.99,0.972972972972973,0.0,0.0,0.972972972972973,0.8944591029023746,0.972972972972973,0.972972972972973,0.972972972972973
volcanoes-a4,rfc-nosuite,0.82,0.7567567567567568,0.0,0.0,0.8378378378378378,0.8944591029023746,0.8648648648648649,0.4864864864864865,
volcanoes-a4,rfc-nosuite,0.99,0.8648648648648649,0.0,0.0,0.8648648648648649,0.8944591029023746,0.8918918918918919,0.8918918918918919,
volcanoes-a4,rfc-nosuite,0.39,0.5945945945945946,0.0,0.0,0.5405405405405406,0.8944591029023746,0.4594594594594595,0.43243243243243246,0.5675675675675675
volcanoes-a4,rfc-nosuite,0.84,0.8918918918918919,0.0,0.0,0.9459459459459459,0.8944591029023746,0.9459459459459459,0.9459459459459459,
volcanoes-a4,rfc-nosuite,0.81,0.972972972972973,0.0,0.0,0.972972972972973,0.8944591029023746,0.972972972972973,0.972972972972973,0.972972972972973
volcanoes-a4,rfc-nosuite,1.0,1.0,0.0,0.0,1.0,0.8944591029023746,1.0,1.0,
volcanoes-a4,rfc-nosuite,0.96,1.0,0.0,0.0,1.0,0.8944591029023746,1.0,1.0,1.0
volcanoes-a4,rfc-nosuite,0.49,0.35135135135135137,0.0,0.0,0.6216216216216216,0.8944591029023746,0.4594594594594595,0.35135135135135137,0.5135135135135135
volcanoes-a4,rfc-nosuite,1.0,1.0,0.0,0.0,1.0,0.8944591029023746,1.0,1.0,1.0
volcanoes-a4,rfc-nosuite,0.91,0.6486486486486487,0.0,0.0,0.7297297297297297,0.8944591029023746,0.6756756756756757,0.5675675675675675,0.7567567567567568
volcanoes-a4,rfc-nosuite,0.97,0.918918918918919,0.0,0.0,0.918918918918919,0.8944591029023746,0.918918918918919,0.918918918918919,0.918918918918919
volcanoes-a4,rfc-nosuite,0.98,0.9459459459459459,0.0,0.0,0.9459459459459459,0.8944591029023746,0.9459459459459459,0.9459459459459459,0.9459459459459459
volcanoes-a4,rfc-nosuite,0.96,0.972972972972973,0.0,0.0,0.972972972972973,0.8944591029023746,0.972972972972973,0.9459459459459459,0.972972972972973
volcanoes-a4,rfc-nosuite,1.0,0.972972972972973,0.0,0.0,0.9459459459459459,0.8944591029023746,0.972972972972973,0.972972972972973,
volcanoes-a4,rfc-nosuite,0.93,1.0,0.0,0.0,1.0,0.8944591029023746,1.0,1.0,1.0
volcanoes-a4,rfc-nosuite,0.94,0.972972972972973,0.0,0.0,1.0,0.8944591029023746,1.0,1.0,
volcanoes-a4,rfc-nosuite,0.84,0.9459459459459459,0.0,0.0,0.9459459459459459,0.8944591029023746,0.9459459459459459,0.9459459459459459,0.9459459459459459
volcanoes-a4,rfc-nosuite,1.0,1.0,0.0,0.0,1.0,0.8944591029023746,1.0,1.0,1.0
volcanoes-e1,rfc-nosuite,1.0,0.9655172413793104,0.0,0.0,0.9655172413793104,0.9155405405405406,0.9655172413793104,0.9655172413793104,
volcanoes-e1,rfc-nosuite,0.97,1.0,0.0,0.0,1.0,0.9155405405405406,1.0,,1.0
volcanoes-e1,rfc-nosuite,1.0,1.0,0.0,0.0,1.0,0.9155405405405406,1.0,,1.0
volcanoes-e1,rfc-nosuite,1.0,1.0,0.0,0.0,1.0,0.9155405405405406,1.0,1.0,1.0
volcanoes-e1,rfc-nosuite,1.0,1.0,0.0,0.0,1.0,0.9155405405405406,1.0,1.0,
volcanoes-e1,rfc-nosuite,0.76,0.6551724137931034,0.0,0.0,0.7586206896551724,0.9155405405405406,0.7241379310344828,0.6896551724137931,0.4482758620689655
volcanoes-e1,rfc-nosuite,1.0,1.0,0.0,0.0,1.0,0.9155405405405406,1.0,,
volcanoes-e1,rfc-nosuite,0.99,1.0,0.0,0.0,1.0,0.9155405405405406,1.0,,1.0
volcanoes-e1,rfc-nosuite,1.0,1.0,0.0,0.0,1.0,0.9155405405405406,1.0,,
volcanoes-e1,rfc-nosuite,0.86,0.896551724137931,0.0,0.0,0.896551724137931,0.9155405405405406,0.896551724137931,0.896551724137931,
volcanoes-e1,rfc-nosuite,1.0,0.896551724137931,0.0,0.0,0.896551724137931,0.9155405405405406,0.896551724137931,0.896551724137931,
volcanoes-e1,rfc-nosuite,0.89,0.8620689655172413,0.0,0.0,0.8620689655172413,0.9155405405405406,0.8620689655172413,,0.8620689655172413
volcanoes-e1,rfc-nosuite,0.85,1.0,0.0,0.0,1.0,0.9155405405405406,1.0,,
volcanoes-e1,rfc-nosuite,0.56,0.6896551724137931,0.0,0.0,0.7241379310344828,0.9155405405405406,0.7586206896551724,0.3793103448275862,0.7586206896551724
volcanoes-e1,rfc-nosuite,0.94,0.896551724137931,0.0,0.0,0.896551724137931,0.9155405405405406,0.896551724137931,0.896551724137931,
volcanoes-e1,rfc-nosuite,0.98,1.0,0.0,0.0,1.0,0.9155405405405406,1.0,,
volcanoes-e1,rfc-nosuite,0.92,1.0,0.0,0.0,1.0,0.9155405405405406,1.0,1.0,1.0
volcanoes-e1,rfc-nosuite,1.0,0.9655172413793104,0.0,0.0,0.9655172413793104,0.9155405405405406,0.9655172413793104,,
volcanoes-e1,rfc-nosuite,0.97,0.8275862068965517,0.0,0.0,0.9655172413793104,0.9155405405405406,0.9655172413793104,0.9310344827586207,0.9655172413793104
volcanoes-e1,rfc-nosuite,0.9,0.6206896551724138,0.0,0.0,0.6551724137931034,0.9155405405405406,0.6551724137931034,0.3103448275862069,
volcanoes-e1,rfc-nosuite,0.99,0.9310344827586207,0.0,0.0,0.9310344827586207,0.9155405405405406,0.9310344827586207,0.9310344827586207,0.9310344827586207
volcanoes-e1,rfc-nosuite,1.0,1.0,0.0,0.0,1.0,0.9155405405405406,1.0,1.0,
volcanoes-e1,rfc-nosuite,0.95,0.896551724137931,0.0,0.0,0.9310344827586207,0.9155405405405406,0.9310344827586207,0.5862068965517241,0.9310344827586207
volcanoes-e1,rfc-nosuite,0.74,0.6551724137931034,0.0,0.0,0.7241379310344828,0.9155405405405406,0.8620689655172413,0.7241379310344828,0.7586206896551724
volcanoes-e1,rfc-nosuite,0.59,0.7241379310344828,0.0,0.0,0.7241379310344828,0.9155405405405406,0.7241379310344828,,0.5517241379310345
volcanoes-e1,rfc-nosuite,0.98,1.0,0.0,0.0,1.0,0.9155405405405406,1.0,0.7931034482758621,
volcanoes-e1,rfc-nosuite,0.98,0.9655172413793104,0.0,0.0,0.9655172413793104,0.9155405405405406,0.9655172413793104,0.9655172413793104,
volcanoes-e1,rfc-nosuite,1.0,1.0,0.0,0.0,1.0,0.9155405405405406,1.0,1.0,
volcanoes-e1,rfc-nosuite,1.0,0.9655172413793104,0.0,0.0,1.0,0.9155405405405406,1.0,1.0,1.0
volcanoes-e1,rfc-nosuite,0.84,0.8620689655172413,0.0,0.0,0.8620689655172413,0.9155405405405406,0.8620689655172413,0.8275862068965517,0.7586206896551724
volcanoes-e1,rfc-nosuite,0.97,1.0,0.0,0.0,1.0,0.9155405405405406,1.0,,1.0
volcanoes-e1,rfc-nosuite,0.84,0.7586206896551724,0.0,0.0,0.8620689655172413,0.9155405405405406,0.8620689655172413,0.6551724137931034,0.6896551724137931
volcanoes-e1,rfc-nosuite,1.0,0.9655172413793104,0.0,0.0,0.9655172413793104,0.9155405405405406,0.9655172413793104,,
volcanoes-e1,rfc-nosuite,0.93,0.8620689655172413,0.0,0.0,0.9310344827586207,0.9155405405405406,0.9310344827586207,0.8275862068965517,0.8275862068965517
volcanoes-e1,rfc-nosuite,0.5,0.8620689655172413,0.0,0.0,0.896551724137931,0.9155405405405406,0.8620689655172413,0.41379310344827586,0.8275862068965517
volcanoes-e1,rfc-nosuite,1.0,0.9655172413793104,0.0,0.0,0.9655172413793104,0.9155405405405406,0.9655172413793104,0.9655172413793104,0.9655172413793104
volcanoes-e1,rfc-nosuite,0.78,0.9310344827586207,0.0,0.0,0.9655172413793104,0.9155405405405406,0.9655172413793104,,0.9310344827586207
volcanoes-e1,rfc-nosuite,0.96,0.9655172413793104,0.0,0.0,0.9655172413793104,0.9155405405405406,0.9655172413793104,0.8275862068965517,
volcanoes-e1,rfc-nosuite,0.85,0.7931034482758621,0.0,0.0,0.7931034482758621,0.9155405405405406,0.7931034482758621,0.5862068965517241,0.7931034482758621
volcanoes-e1,rfc-nosuite,0.57,0.7586206896551724,0.0,0.0,0.6896551724137931,0.9155405405405406,0.7586206896551724,0.41379310344827586,0.4827586206896552
volcanoes-e1,rfc-nosuite,0.98,1.0,0.0,0.0,1.0,0.9155405405405406,1.0,1.0,1.0
volcanoes-e1,rfc-nosuite,1.0,1.0,0.0,0.0,1.0,0.9155405405405406,1.0,1.0,1.0
volcanoes-e1,rfc-nosuite,0.99,1.0,0.0,0.0,1.0,0.9155405405405406,1.0,1.0,1.0
volcanoes-e1,rfc-nosuite,0.97,0.9655172413793104,0.0,0.0,0.9655172413793104,0.9155405405405406,0.9655172413793104,,
volcanoes-e1,rfc-nosuite,0.5,0.7931034482758621,0.0,0.0,0.7931034482758621,0.9155405405405406,0.7931034482758621,,0.6551724137931034
volcanoes-e1,rfc-nosuite,1.0,1.0,0.0,0.0,1.0,0.9155405405405406,1.0,1.0,
volcanoes-e1,rfc-nosuite,1.0,1.0,0.0,0.0,1.0,0.9155405405405406,1.0,1.0,1.0
volcanoes-e1,rfc-nosuite,0.99,0.8275862068965517,0.0,0.0,0.9655172413793104,0.9155405405405406,0.9655172413793104,,
volcanoes-e1,rfc-nosuite,0.95,0.9310344827586207,0.0,0.0,0.9310344827586207,0.9155405405405406,0.9310344827586207,0.9310344827586207,
volcanoes-e1,rfc-nosuite,0.97,1.0,0.0,0.0,1.0,0.9155405405405406,1.0,0.7241379310344828,1.0
yeast,rfc-nosuite,0.43,0.5405405405405406,0.0,0.0,0.5675675675675675,0.6226415094339622,0.5405405405405406,,0.6756756756756757
yeast,rfc-nosuite,0.79,0.43243243243243246,0.0,0.0,0.6216216216216216,0.6226415094339622,0.5405405405405406,,0.5405405405405406
yeast,rfc-nosuite,0.7,0.4864864864864865,0.0,0.0,0.5405405405405406,0.6226415094339622,0.5945945945945946,,0.5135135135135135
yeast,rfc-nosuite,0.74,0.6756756756756757,0.0,0.0,0.5405405405405406,0.6226415094339622,0.5405405405405406,,0.5945945945945946
yeast,rfc-nosuite,0.8,0.5405405405405406,0.0,0.0,0.5405405405405406,0.6226415094339622,0.5945945945945946,,0.5945945945945946
yeast,rfc-nosuite,0.42,0.4594594594594595,0.0,0.0,0.32432432432432434,0.6226415094339622,0.40540540540540543,,0.40540540540540543
yeast,rfc-nosuite,0.67,0.5405405405405406,0.0,0.0,0.6486486486486487,0.6226415094339622,0.5945945945945946,,0.7297297297297297
yeast,rfc-nosuite,0.47,0.4864864864864865,0.0,0.0,0.7297297297297297,0.6226415094339622,0.7027027027027027,,0.43243243243243246
yeast,rfc-nosuite,0.57,0.4864864864864865,0.0,0.0,0.3783783783783784,0.6226415094339622,0.4594594594594595,,0.43243243243243246
yeast,rfc-nosuite,0.72,0.5135135135135135,0.0,0.0,0.6756756756756757,0.6226415094339622,0.7837837837837838,,0.8108108108108109
yeast,rfc-nosuite,0.86,0.7567567567567568,0.0,0.0,0.7837837837837838,0.6226415094339622,0.7837837837837838,,0.8108108108108109
yeast,rfc-nosuite,0.86,0.6486486486486487,0.0,0.0,0.5135135135135135,0.6226415094339622,0.5405405405405406,,0.7297297297297297
yeast,rfc-nosuite,0.59,0.6486486486486487,0.0,0.0,0.6216216216216216,0.6226415094339622,0.7027027027027027,,0.5675675675675675
yeast,rfc-nosuite,0.55,0.6216216216216216,0.0,0.0,0.5945945945945946,0.6226415094339622,0.5945945945945946,,0.4864864864864865
yeast,rfc-nosuite,0.72,0.43243243243243246,0.0,0.0,0.5945945945945946,0.6226415094339622,0.6486486486486487,,0.7027027027027027
yeast,rfc-nosuite,0.48,0.5675675675675675,0.0,0.0,0.6216216216216216,0.6226415094339622,0.5135135135135135,,0.5945945945945946
yeast,rfc-nosuite,0.56,0.5405405405405406,0.0,0.0,0.4864864864864865,0.6226415094339622,0.5135135135135135,,0.5945945945945946
yeast,rfc-nosuite,0.73,0.5405405405405406,0.0,0.0,0.21621621621621623,0.6226415094339622,0.5135135135135135,,0.5675675675675675
yeast,rfc-nosuite,0.6,0.5405405405405406,0.0,0.0,0.4594594594594595,0.6226415094339622,0.5405405405405406,,0.4864864864864865
yeast,rfc-nosuite,0.64,0.32432432432432434,0.0,0.0,0.6486486486486487,0.6226415094339622,0.7027027027027027,,0.7027027027027027
yeast,rfc-nosuite,0.77,0.6216216216216216,0.0,0.0,0.6756756756756757,0.6226415094339622,0.6216216216216216,,0.7837837837837838
yeast,rfc-nosuite,0.74,0.3783783783783784,0.0,0.0,0.2702702702702703,0.6226415094339622,0.43243243243243246,,0.3783783783783784
yeast,rfc-nosuite,0.9,0.6486486486486487,0.0,0.0,0.6756756756756757,0.6226415094339622,0.5675675675675675,,0.5945945945945946
yeast,rfc-nosuite,0.42,0.35135135135135137,0.0,0.0,0.40540540540540543,0.6226415094339622,0.5405405405405406,,0.5675675675675675
yeast,rfc-nosuite,0.54,0.43243243243243246,0.0,0.0,0.5675675675675675,0.6226415094339622,0.5945945945945946,,0.4864864864864865
yeast,rfc-nosuite,0.4,0.2972972972972973,0.0,0.0,0.3783783783783784,0.6226415094339622,0.5945945945945946,,0.43243243243243246
yeast,rfc-nosuite,0.52,0.4594594594594595,0.0,0.0,0.5135135135135135,0.6226415094339622,0.5405405405405406,,0.4864864864864865
yeast,rfc-nosuite,0.51,0.4864864864864865,0.0,0.0,0.4594594594594595,0.6226415094339622,0.7027027027027027,,0.7027027027027027
yeast,rfc-nosuite,0.78,0.4864864864864865,0.0,0.0,0.7027027027027027,0.6226415094339622,0.7297297297297297,,0.8108108108108109
yeast,rfc-nosuite,0.64,0.5945945945945946,0.0,0.0,0.5135135135135135,0.6226415094339622,0.4864864864864865,,0.5135135135135135
yeast,rfc-nosuite,0.51,0.2972972972972973,0.0,0.0,0.2972972972972973,0.6226415094339622,0.4864864864864865,,0.5405405405405406
yeast,rfc-nosuite,0.75,0.5405405405405406,0.0,0.0,0.4864864864864865,0.6226415094339622,0.7567567567567568,,0.7297297297297297
yeast,rfc-nosuite,0.32,0.5405405405405406,0.0,0.0,0.6486486486486487,0.6226415094339622,0.7297297297297297,,0.7837837837837838
yeast,rfc-nosuite,0.37,0.5405405405405406,0.0,0.0,0.5135135135135135,0.6226415094339622,0.4864864864864865,,0.5675675675675675
yeast,rfc-nosuite,0.63,0.43243243243243246,0.0,0.0,0.40540540540540543,0.6226415094339622,0.40540540540540543,,0.4864864864864865
yeast,rfc-nosuite,0.45,0.40540540540540543,0.0,0.0,0.4594594594594595,0.6226415094339622,0.4864864864864865,,0.5405405405405406
yeast,rfc-nosuite,0.42,0.5135135135135135,0.0,0.0,0.35135135135135137,0.6226415094339622,0.5135135135135135,,0.43243243243243246
yeast,rfc-nosuite,0.92,0.6756756756756757,0.0,0.0,0.5945945945945946,0.6226415094339622,0.7297297297297297,,0.6756756756756757
yeast,rfc-nosuite,0.73,0.5675675675675675,0.0,0.0,0.4594594594594595,0.6226415094339622,0.5405405405405406,,0.5405405405405406
yeast,rfc-nosuite,0.44,0.4594594594594595,0.0,0.0,0.5945945945945946,0.6226415094339622,0.5945945945945946,,0.6486486486486487
yeast,rfc-nosuite,0.64,0.4864864864864865,0.0,0.0,0.4864864864864865,0.6226415094339622,0.6216216216216216,,0.5945945945945946
yeast,rfc-nosuite,0.57,0.4594594594594595,0.0,0.0,0.4864864864864865,0.6226415094339622,0.5405405405405406,,0.4864864864864865
yeast,rfc-nosuite,0.47,0.43243243243243246,0.0,0.0,0.3783783783783784,0.6226415094339622,0.4594594594594595,,0.5135135135135135
yeast,rfc-nosuite,0.56,0.5135135135135135,0.0,0.0,0.5405405405405406,0.6226415094339622,0.6216216216216216,,0.5405405405405406
yeast,rfc-nosuite,0.76,0.40540540540540543,0.0,0.0,0.43243243243243246,0.6226415094339622,0.5135135135135135,,0.5675675675675675
yeast,rfc-nosuite,0.55,0.6486486486486487,0.0,0.0,0.4864864864864865,0.6226415094339622,0.43243243243243246,,0.5945945945945946
yeast,rfc-nosuite,0.41,0.43243243243243246,0.0,0.0,0.43243243243243246,0.6226415094339622,0.4594594594594595,,0.5405405405405406
yeast,rfc-nosuite,0.55,0.43243243243243246,0.0,0.0,0.6216216216216216,0.6226415094339622,0.7837837837837838,,0.6486486486486487
yeast,rfc-nosuite,0.79,0.6486486486486487,0.0,0.0,0.5945945945945946,0.6226415094339622,0.5675675675675675,,0.6756756756756757
yeast,rfc-nosuite,0.85,0.6216216216216216,0.0,0.0,0.5945945945945946,0.6226415094339622,0.5675675675675675,,0.7567567567567568
rmftsa,rfc-nosuite,0.3562142857142858,0.48,0.0,0.0,0.52,0.48828125,0.56,0.2,0.6
rmftsa,rfc-nosuite,0.4576666666666667,0.52,0.0,0.0,0.44,0.48828125,0.28,0.36,0.32
rmftsa,rfc-nosuite,0.6425,0.44,0.0,0.0,0.48,0.48828125,0.4,0.4,0.28
rmftsa,rfc-nosuite,0.8478333333333333,0.4,0.0,0.0,0.52,0.48828125,0.52,0.52,0.36
rmftsa,rfc-nosuite,0.614280303030303,0.76,0.0,0.0,0.6,0.48828125,0.8,0.68,0.8
rmftsa,rfc-nosuite,0.8540349927849925,0.64,0.0,0.0,0.64,0.48828125,0.76,0.76,0.76
rmftsa,rfc-nosuite,0.2751865079365079,0.52,0.0,0.0,0.4,0.48828125,0.24,0.4,0.12
rmftsa,rfc-nosuite,0.8464378399378396,0.56,0.0,0.0,0.56,0.48828125,0.52,0.52,0.56
rmftsa,rfc-nosuite,0.8261904761904763,0.28,0.0,0.0,0.32,0.48828125,0.24,0.24,0.28
rmftsa,rfc-nosuite,0.5813382173382172,0.56,0.0,0.0,0.56,0.48828125,0.52,0.52,0.56
rmftsa,rfc-nosuite,1.0,0.8,0.0,0.0,0.8,0.48828125,0.84,0.4,0.56
rmftsa,rfc-nosuite,0.59075,0.48,0.0,0.0,0.36,0.48828125,0.16,0.44,0.64
rmftsa,rfc-nosuite,0.861,0.44,0.0,0.0,0.32,0.48828125,0.36,0.28,0.12
rmftsa,rfc-nosuite,0.6853333333333335,0.12,0.0,0.0,0.28,0.48828125,0.24,0.2,0.28
rmftsa,rfc-nosuite,0.6778594852859559,0.6,0.0,0.0,0.4,0.48828125,0.56,0.56,0.56
rmftsa,rfc-nosuite,0.39428571428571435,0.44,0.0,0.0,0.44,0.48828125,0.4,0.24,0.32
rmftsa,rfc-nosuite,0.4970714285714286,0.36,0.0,0.0,0.24,0.48828125,0.2,0.36,0.56
rmftsa,rfc-nosuite,0.5813382173382172,0.56,0.0,0.0,0.56,0.48828125,0.52,0.52,0.56
rmftsa,rfc-nosuite,0.58,0.28,0.0,0.0,0.28,0.48828125,0.32,0.32,0.24
rmftsa,rfc-nosuite,0.9611111111111111,0.68,0.0,0.0,0.68,0.48828125,0.72,0.68,0.68
rmftsa,rfc-nosuite,0.6005757575757573,0.48,0.0,0.0,0.48,0.48828125,0.56,0.2,0.36
rmftsa,rfc-nosuite,0.3537380952380953,0.2,0.0,0.0,0.48,0.48828125,0.36,0.36,0.4
rmftsa,rfc-nosuite,0.6685,0.32,0.0,0.0,0.08,0.48828125,0.2,0.28,0.32
rmftsa,rfc-nosuite,0.6693243284493282,0.76,0.0,0.0,0.76,0.48828125,0.84,0.76,0.76
rmftsa,rfc-nosuite,0.7121666666666667,0.4,0.0,0.0,0.48,0.48828125,0.44,0.28,0.28
rmftsa,rfc-nosuite,0.82,0.24,0.0,0.0,0.56,0.48828125,0.44,0.56,0.32
rmftsa,rfc-nosuite,0.429,0.36,0.0,0.0,0.52,0.48828125,0.52,0.52,0.16
rmftsa,rfc-nosuite,0.52,0.44,0.0,0.0,0.48,0.48828125,0.36,0.4,0.52
rmftsa,rfc-nosuite,0.42683730158730154,0.52,0.0,0.0,0.2,0.48828125,0.64,0.64,0.56
rmftsa,rfc-nosuite,0.6702857142857143,0.48,0.0,0.0,0.28,0.48828125,0.4,0.52,0.24
rmftsa,rfc-nosuite,0.6414067321567322,0.44,0.0,0.0,0.56,0.48828125,0.48,0.48,0.48
rmftsa,rfc-nosuite,0.3321428571428571,0.44,0.0,0.0,0.4,0.48828125,0.36,0.28,0.28
rmftsa,rfc-nosuite,0.6853333333333335,0.12,0.0,0.0,0.28,0.48828125,0.24,0.36,0.28
rmftsa,rfc-nosuite,0.5189999999999999,0.32,0.0,0.0,0.28,0.48828125,0.24,0.16,0.2
rmftsa,rfc-nosuite,0.8230952380952381,0.64,0.0,0.0,0.48,0.48828125,0.68,0.68,0.48
rmftsa,rfc-nosuite,0.5,0.4,0.0,0.0,0.48,0.48828125,0.32,0.4,0.32
rmftsa,rfc-nosuite,0.514142857142857,0.72,0.0,0.0,0.72,0.48828125,0.8,0.64,0.72
rmftsa,rfc-nosuite,1.0,0.6,0.0,0.0,0.56,0.48828125,0.36,0.64,0.6
rmftsa,rfc-nosuite,0.5757976190476191,0.8,0.0,0.0,0.64,0.48828125,0.88,0.48,0.56
rmftsa,rfc-nosuite,0.88,0.36,0.0,0.0,0.28,0.48828125,0.44,0.52,0.16
rmftsa,rfc-nosuite,0.5973333333333334,0.32,0.0,0.0,0.36,0.48828125,0.36,0.36,0.32
rmftsa,rfc-nosuite,0.4328333333333333,0.24,0.0,0.0,0.36,0.48828125,0.36,0.36,0.16
rmftsa,rfc-nosuite,0.74,0.44,0.0,0.0,0.16,0.48828125,0.52,0.52,0.2
rmftsa,rfc-nosuite,0.74,0.4,0.0,0.0,0.48,0.48828125,0.48,0.48,0.36
rmftsa,rfc-nosuite,0.89,0.6,0.0,0.0,0.6,0.48828125,0.32,0.56,0.32
rmftsa,rfc-nosuite,0.5813382173382172,0.56,0.0,0.0,0.56,0.48828125,0.52,0.52,0.56
rmftsa,rfc-nosuite,0.74,0.44,0.0,0.0,0.16,0.48828125,0.52,0.52,0.2
rmftsa,rfc-nosuite,0.72,0.4,0.0,0.0,0.24,0.48828125,0.24,0.24,0.24
rmftsa,rfc-nosuite,0.86,0.4,0.0,0.0,0.4,0.48828125,0.4,0.4,0.4
rmftsa,rfc-nosuite,0.6383095238095238,0.28,0.0,0.0,0.32,0.48828125,0.32,0.28,0.44
banknote-authentication,rfc-nosuite,0.99,1.0,0.0,0.0,1.0,0.9941690962099126,1.0,1.0,1.0
banknote-authentication,rfc-nosuite,1.0,1.0,0.0,0.0,1.0,0.9941690962099126,1.0,0.9705882352941176,1.0
banknote-authentication,rfc-nosuite,0.97,1.0,0.0,0.0,1.0,0.9941690962099126,0.9705882352941176,1.0,1.0
banknote-authentication,rfc-nosuite,0.95,1.0,0.0,0.0,1.0,0.9941690962099126,0.8235294117647058,0.9705882352941176,1.0
banknote-authentication,rfc-nosuite,1.0,0.9705882352941176,0.0,0.0,1.0,0.9941690962099126,1.0,1.0,0.8235294117647058
banknote-authentication,rfc-nosuite,1.0,1.0,0.0,0.0,1.0,0.9941690962099126,1.0,0.9411764705882353,1.0
banknote-authentication,rfc-nosuite,0.99,1.0,0.0,0.0,1.0,0.9941690962099126,1.0,1.0,1.0
banknote-authentication,rfc-nosuite,1.0,1.0,0.0,0.0,1.0,0.9941690962099126,1.0,1.0,1.0
banknote-authentication,rfc-nosuite,1.0,1.0,0.0,0.0,1.0,0.9941690962099126,1.0,0.7647058823529411,1.0
banknote-authentication,rfc-nosuite,1.0,1.0,0.0,0.0,1.0,0.9941690962099126,1.0,0.9705882352941176,1.0
banknote-authentication,rfc-nosuite,0.94,1.0,0.0,0.0,1.0,0.9941690962099126,0.9705882352941176,0.9705882352941176,1.0
banknote-authentication,rfc-nosuite,1.0,0.9705882352941176,0.0,0.0,0.9411764705882353,0.9941690962099126,1.0,1.0,1.0
banknote-authentication,rfc-nosuite,1.0,1.0,0.0,0.0,0.9117647058823529,0.9941690962099126,1.0,0.7352941176470589,1.0
banknote-authentication,rfc-nosuite,1.0,1.0,0.0,0.0,0.9117647058823529,0.9941690962099126,0.9705882352941176,1.0,1.0
banknote-authentication,rfc-nosuite,1.0,0.9705882352941176,0.0,0.0,0.9705882352941176,0.9941690962099126,1.0,1.0,0.9705882352941176
banknote-authentication,rfc-nosuite,1.0,0.9705882352941176,0.0,0.0,0.9705882352941176,0.9941690962099126,1.0,1.0,0.9705882352941176
banknote-authentication,rfc-nosuite,0.99,0.9705882352941176,0.0,0.0,0.9705882352941176,0.9941690962099126,1.0,1.0,1.0
banknote-authentication,rfc-nosuite,0.98,1.0,0.0,0.0,1.0,0.9941690962099126,0.9705882352941176,1.0,0.8529411764705882
banknote-authentication,rfc-nosuite,0.99,1.0,0.0,0.0,1.0,0.9941690962099126,1.0,1.0,1.0
banknote-authentication,rfc-nosuite,1.0,1.0,0.0,0.0,0.9117647058823529,0.9941690962099126,1.0,0.8235294117647058,0.9411764705882353
banknote-authentication,rfc-nosuite,1.0,1.0,0.0,0.0,1.0,0.9941690962099126,1.0,1.0,1.0
banknote-authentication,rfc-nosuite,0.97,0.9705882352941176,0.0,0.0,0.9705882352941176,0.9941690962099126,0.7941176470588235,0.9705882352941176,0.9705882352941176
banknote-authentication,rfc-nosuite,1.0,1.0,0.0,0.0,1.0,0.9941690962099126,1.0,0.8235294117647058,1.0
banknote-authentication,rfc-nosuite,1.0,1.0,0.0,0.0,1.0,0.9941690962099126,1.0,1.0,1.0
banknote-authentication,rfc-nosuite,0.89,1.0,0.0,0.0,1.0,0.9941690962099126,0.9705882352941176,1.0,0.8235294117647058
banknote-authentication,rfc-nosuite,1.0,1.0,0.0,0.0,1.0,0.9941690962099126,1.0,0.9411764705882353,1.0
banknote-authentication,rfc-nosuite,1.0,1.0,0.0,0.0,1.0,0.9941690962099126,1.0,1.0,1.0
banknote-authentication,rfc-nosuite,1.0,1.0,0.0,0.0,1.0,0.9941690962099126,1.0,1.0,1.0
banknote-authentication,rfc-nosuite,0.94,1.0,0.0,0.0,1.0,0.9941690962099126,1.0,1.0,1.0
banknote-authentication,rfc-nosuite,0.99,1.0,0.0,0.0,0.9705882352941176,0.9941690962099126,1.0,0.9117647058823529,0.9705882352941176
banknote-authentication,rfc-nosuite,0.99,1.0,0.0,0.0,1.0,0.9941690962099126,0.9705882352941176,1.0,1.0
banknote-authentication,rfc-nosuite,1.0,1.0,0.0,0.0,1.0,0.9941690962099126,1.0,1.0,0.9411764705882353
banknote-authentication,rfc-nosuite,0.94,1.0,0.0,0.0,1.0,0.9941690962099126,1.0,1.0,1.0
banknote-authentication,rfc-nosuite,1.0,1.0,0.0,0.0,1.0,0.9941690962099126,1.0,1.0,1.0
banknote-authentication,rfc-nosuite,0.97,0.9705882352941176,0.0,0.0,0.9705882352941176,0.9941690962099126,0.9705882352941176,1.0,1.0
banknote-authentication,rfc-nosuite,1.0,1.0,0.0,0.0,1.0,0.9941690962099126,1.0,1.0,1.0
banknote-authentication,rfc-nosuite,1.0,1.0,0.0,0.0,1.0,0.9941690962099126,1.0,1.0,1.0
banknote-authentication,rfc-nosuite,1.0,1.0,0.0,0.0,1.0,0.9941690962099126,1.0,1.0,1.0
banknote-authentication,rfc-nosuite,0.98,1.0,0.0,0.0,0.8529411764705882,0.9941690962099126,1.0,1.0,1.0
banknote-authentication,rfc-nosuite,1.0,1.0,0.0,0.0,1.0,0.9941690962099126,1.0,0.5588235294117647,1.0
banknote-authentication,rfc-nosuite,0.99,0.9705882352941176,0.0,0.0,1.0,0.9941690962099126,1.0,1.0,1.0
banknote-authentication,rfc-nosuite,1.0,1.0,0.0,0.0,1.0,0.9941690962099126,1.0,1.0,1.0
banknote-authentication,rfc-nosuite,0.85,1.0,0.0,0.0,1.0,0.9941690962099126,0.9705882352941176,1.0,0.7058823529411765
banknote-authentication,rfc-nosuite,0.99,0.9705882352941176,0.0,0.0,1.0,0.9941690962099126,1.0,1.0,1.0
banknote-authentication,rfc-nosuite,1.0,1.0,0.0,0.0,0.9705882352941176,0.9941690962099126,0.9117647058823529,0.6176470588235294,0.9705882352941176
banknote-authentication,rfc-nosuite,1.0,1.0,0.0,0.0,1.0,0.9941690962099126,1.0,1.0,1.0
banknote-authentication,rfc-nosuite,1.0,1.0,0.0,0.0,1.0,0.9941690962099126,1.0,1.0,1.0
banknote-authentication,rfc-nosuite,0.99,0.9705882352941176,0.0,0.0,1.0,0.9941690962099126,0.8235294117647058,1.0,0.9705882352941176
banknote-authentication,rfc-nosuite,0.99,1.0,0.0,0.0,1.0,0.9941690962099126,1.0,1.0,1.0
banknote-authentication,rfc-nosuite,0.94,1.0,0.0,0.0,1.0,0.9941690962099126,1.0,1.0,0.7352941176470589
volcanoes-a2,rfc-nosuite,1.0,0.95,0.0,0.0,0.975,0.9310344827586207,0.975,0.975,0.975
volcanoes-a2,rfc-nosuite,0.96,0.975,0.0,0.0,0.975,0.9310344827586207,0.95,0.6,
volcanoes-a2,rfc-nosuite,1.0,1.0,0.0,0.0,1.0,0.9310344827586207,1.0,1.0,1.0
volcanoes-a2,rfc-nosuite,0.97,1.0,0.0,0.0,1.0,0.9310344827586207,1.0,1.0,
volcanoes-a2,rfc-nosuite,0.74,0.975,0.0,0.0,0.975,0.9310344827586207,0.975,0.975,
volcanoes-a2,rfc-nosuite,1.0,1.0,0.0,0.0,1.0,0.9310344827586207,1.0,1.0,
volcanoes-a2,rfc-nosuite,0.92,0.975,0.0,0.0,0.975,0.9310344827586207,0.975,0.975,0.975
volcanoes-a2,rfc-nosuite,0.99,1.0,0.0,0.0,1.0,0.9310344827586207,1.0,1.0,
volcanoes-a2,rfc-nosuite,1.0,0.975,0.0,0.0,0.975,0.9310344827586207,0.975,0.975,0.975
volcanoes-a2,rfc-nosuite,0.99,1.0,0.0,0.0,1.0,0.9310344827586207,1.0,1.0,
volcanoes-a2,rfc-nosuite,0.63,0.625,0.0,0.0,0.725,0.9310344827586207,0.675,0.45,0.575
volcanoes-a2,rfc-nosuite,1.0,1.0,0.0,0.0,1.0,0.9310344827586207,1.0,1.0,
volcanoes-a2,rfc-nosuite,0.71,0.85,0.0,0.0,0.95,0.9310344827586207,0.875,0.875,0.625
volcanoes-a2,rfc-nosuite,0.72,0.85,0.0,0.0,0.95,0.9310344827586207,0.925,0.775,0.925
volcanoes-a2,rfc-nosuite,0.92,1.0,0.0,0.0,1.0,0.9310344827586207,1.0,1.0,
volcanoes-a2,rfc-nosuite,1.0,1.0,0.0,0.0,1.0,0.9310344827586207,1.0,1.0,1.0
volcanoes-a2,rfc-nosuite,0.99,0.975,0.0,0.0,0.975,0.9310344827586207,0.975,0.975,0.975
volcanoes-a2,rfc-nosuite,0.92,0.975,0.0,0.0,0.975,0.9310344827586207,0.925,0.975,0.975
volcanoes-a2,rfc-nosuite,1.0,1.0,0.0,0.0,0.975,0.9310344827586207,0.95,1.0,1.0
volcanoes-a2,rfc-nosuite,1.0,1.0,0.0,0.0,1.0,0.9310344827586207,1.0,1.0,
volcanoes-a2,rfc-nosuite,0.96,1.0,0.0,0.0,1.0,0.9310344827586207,1.0,1.0,1.0
volcanoes-a2,rfc-nosuite,0.95,1.0,0.0,0.0,1.0,0.9310344827586207,1.0,1.0,1.0
volcanoes-a2,rfc-nosuite,0.98,1.0,0.0,0.0,1.0,0.9310344827586207,1.0,1.0,
volcanoes-a2,rfc-nosuite,1.0,0.975,0.0,0.0,0.95,0.9310344827586207,0.975,0.7,
volcanoes-a2,rfc-nosuite,0.99,1.0,0.0,0.0,1.0,0.9310344827586207,0.95,1.0,1.0
volcanoes-a2,rfc-nosuite,1.0,0.975,0.0,0.0,0.975,0.9310344827586207,0.975,0.975,0.975
volcanoes-a2,rfc-nosuite,1.0,1.0,0.0,0.0,1.0,0.9310344827586207,1.0,1.0,
volcanoes-a2,rfc-nosuite,0.96,1.0,0.0,0.0,1.0,0.9310344827586207,1.0,1.0,1.0
volcanoes-a2,rfc-nosuite,0.96,1.0,0.0,0.0,1.0,0.9310344827586207,1.0,1.0,
volcanoes-a2,rfc-nosuite,1.0,1.0,0.0,0.0,1.0,0.9310344827586207,1.0,1.0,1.0
volcanoes-a2,rfc-nosuite,1.0,0.975,0.0,0.0,0.975,0.9310344827586207,0.975,0.975,0.975
volcanoes-a2,rfc-nosuite,1.0,1.0,0.0,0.0,1.0,0.9310344827586207,1.0,1.0,1.0
volcanoes-a2,rfc-nosuite,0.99,0.975,0.0,0.0,0.975,0.9310344827586207,0.95,0.975,
volcanoes-a2,rfc-nosuite,1.0,1.0,0.0,0.0,1.0,0.9310344827586207,1.0,1.0,1.0
volcanoes-a2,rfc-nosuite,0.99,0.975,0.0,0.0,0.975,0.9310344827586207,0.975,0.975,0.975
volcanoes-a2,rfc-nosuite,1.0,0.975,0.0,0.0,0.975,0.9310344827586207,0.975,0.975,
volcanoes-a2,rfc-nosuite,0.98,1.0,0.0,0.0,1.0,0.9310344827586207,1.0,1.0,1.0
volcanoes-a2,rfc-nosuite,0.43,0.6,0.0,0.0,0.7,0.9310344827586207,0.55,0.525,0.625
volcanoes-a2,rfc-nosuite,1.0,1.0,0.0,0.0,1.0,0.9310344827586207,1.0,1.0,1.0
volcanoes-a2,rfc-nosuite,0.82,0.875,0.0,0.0,0.9,0.9310344827586207,0.925,0.95,0.85
volcanoes-a2,rfc-nosuite,1.0,1.0,0.0,0.0,1.0,0.9310344827586207,1.0,1.0,1.0
volcanoes-a2,rfc-nosuite,0.97,0.975,0.0,0.0,0.975,0.9310344827586207,0.975,0.975,
volcanoes-a2,rfc-nosuite,0.97,0.975,0.0,0.0,0.975,0.9310344827586207,0.975,0.975,0.975
volcanoes-a2,rfc-nosuite,0.98,0.975,0.0,0.0,0.975,0.9310344827586207,0.975,0.925,0.975
volcanoes-a2,rfc-nosuite,1.0,1.0,0.0,0.0,1.0,0.9310344827586207,1.0,1.0,1.0
volcanoes-a2,rfc-nosuite,0.86,0.525,0.0,0.0,0.75,0.9310344827586207,0.575,0.375,0.625
volcanoes-a2,rfc-nosuite,1.0,1.0,0.0,0.0,1.0,0.9310344827586207,1.0,1.0,
volcanoes-a2,rfc-nosuite,0.96,0.925,0.0,0.0,0.95,0.9310344827586207,0.9,0.95,
volcanoes-a2,rfc-nosuite,1.0,0.975,0.0,0.0,0.975,0.9310344827586207,0.975,0.975,0.975
volcanoes-a2,rfc-nosuite,0.99,0.975,0.0,0.0,0.975,0.9310344827586207,0.95,0.95,0.975
volcanoes-a3,rfc-nosuite,0.42,0.6578947368421053,0.0,0.0,0.7105263157894737,0.89501312335958,0.7368421052631579,0.631578947368421,0.7105263157894737
volcanoes-a3,rfc-nosuite,1.0,1.0,0.0,0.0,1.0,0.89501312335958,1.0,0.9736842105263158,
volcanoes-a3,rfc-nosuite,0.35,0.5789473684210527,0.0,0.0,0.6052631578947368,0.89501312335958,0.6052631578947368,0.5263157894736842,0.34210526315789475
volcanoes-a3,rfc-nosuite,1.0,1.0,0.0,0.0,1.0,0.89501312335958,1.0,1.0,1.0
volcanoes-a3,rfc-nosuite,1.0,1.0,0.0,0.0,1.0,0.89501312335958,1.0,1.0,
volcanoes-a3,rfc-nosuite,0.99,1.0,0.0,0.0,1.0,0.89501312335958,1.0,1.0,
volcanoes-a3,rfc-nosuite,1.0,0.9210526315789473,0.0,0.0,0.9210526315789473,0.89501312335958,0.9210526315789473,0.9210526315789473,
volcanoes-a3,rfc-nosuite,0.99,1.0,0.0,0.0,1.0,0.89501312335958,1.0,1.0,1.0
volcanoes-a3,rfc-nosuite,0.95,1.0,0.0,0.0,1.0,0.89501312335958,1.0,1.0,1.0
volcanoes-a3,rfc-nosuite,1.0,0.9473684210526315,0.0,0.0,0.9473684210526315,0.89501312335958,0.9473684210526315,0.9473684210526315,
volcanoes-a3,rfc-nosuite,1.0,0.9736842105263158,0.0,0.0,0.9736842105263158,0.89501312335958,0.9736842105263158,0.9736842105263158,0.9736842105263158
volcanoes-a3,rfc-nosuite,0.95,0.7105263157894737,0.0,0.0,0.7631578947368421,0.89501312335958,0.7894736842105263,0.6578947368421053,0.7105263157894737
volcanoes-a3,rfc-nosuite,0.7,0.9210526315789473,0.0,0.0,0.9210526315789473,0.89501312335958,0.9210526315789473,0.8947368421052632,0.9210526315789473
volcanoes-a3,rfc-nosuite,0.59,0.631578947368421,0.0,0.0,0.7631578947368421,0.89501312335958,0.7894736842105263,0.5789473684210527,0.42105263157894735
volcanoes-a3,rfc-nosuite,0.9,0.9473684210526315,0.0,0.0,0.9210526315789473,0.89501312335958,0.9210526315789473,0.8157894736842105,
volcanoes-a3,rfc-nosuite,0.99,0.9473684210526315,0.0,0.0,0.9473684210526315,0.89501312335958,0.9473684210526315,0.9473684210526315,0.9473684210526315
volcanoes-a3,rfc-nosuite,0.99,0.9473684210526315,0.0,0.0,0.9473684210526315,0.89501312335958,0.9473684210526315,0.9473684210526315,0.9473684210526315
volcanoes-a3,rfc-nosuite,1.0,1.0,0.0,0.0,1.0,0.89501312335958,1.0,1.0,1.0
volcanoes-a3,rfc-nosuite,0.98,1.0,0.0,0.0,1.0,0.89501312335958,1.0,1.0,1.0
volcanoes-a3,rfc-nosuite,0.85,0.9473684210526315,0.0,0.0,0.9736842105263158,0.89501312335958,0.9736842105263158,0.9736842105263158,0.9736842105263158
volcanoes-a3,rfc-nosuite,1.0,1.0,0.0,0.0,1.0,0.89501312335958,1.0,1.0,
volcanoes-a3,rfc-nosuite,0.91,0.9473684210526315,0.0,0.0,0.9473684210526315,0.89501312335958,0.9473684210526315,0.8947368421052632,0.868421052631579
volcanoes-a3,rfc-nosuite,1.0,0.9736842105263158,0.0,0.0,0.9736842105263158,0.89501312335958,0.9736842105263158,0.9736842105263158,0.9736842105263158
volcanoes-a3,rfc-nosuite,0.79,0.7368421052631579,0.0,0.0,0.8157894736842105,0.89501312335958,0.8157894736842105,0.7105263157894737,0.7631578947368421
volcanoes-a3,rfc-nosuite,0.95,1.0,0.0,0.0,1.0,0.89501312335958,1.0,1.0,
volcanoes-a3,rfc-nosuite,0.97,1.0,0.0,0.0,1.0,0.89501312335958,1.0,1.0,1.0
volcanoes-a3,rfc-nosuite,0.49,0.8157894736842105,0.0,0.0,0.8157894736842105,0.89501312335958,0.8421052631578947,0.8157894736842105,
volcanoes-a3,rfc-nosuite,0.98,1.0,0.0,0.0,1.0,0.89501312335958,1.0,1.0,1.0
volcanoes-a3,rfc-nosuite,1.0,1.0,0.0,0.0,1.0,0.89501312335958,1.0,1.0,
volcanoes-a3,rfc-nosuite,0.98,1.0,0.0,0.0,1.0,0.89501312335958,1.0,1.0,1.0
volcanoes-a3,rfc-nosuite,0.99,1.0,0.0,0.0,1.0,0.89501312335958,1.0,1.0,1.0
volcanoes-a3,rfc-nosuite,1.0,1.0,0.0,0.0,1.0,0.89501312335958,1.0,1.0,1.0
volcanoes-a3,rfc-nosuite,0.72,0.8157894736842105,0.0,0.0,0.8157894736842105,0.89501312335958,0.8421052631578947,0.7368421052631579,0.7105263157894737
volcanoes-a3,rfc-nosuite,0.97,1.0,0.0,0.0,1.0,0.89501312335958,1.0,1.0,1.0
volcanoes-a3,rfc-nosuite,1.0,1.0,0.0,0.0,1.0,0.89501312335958,1.0,1.0,1.0
volcanoes-a3,rfc-nosuite,0.89,0.8421052631578947,0.0,0.0,0.8421052631578947,0.89501312335958,0.8421052631578947,0.7894736842105263,
volcanoes-a3,rfc-nosuite,0.98,0.7631578947368421,0.0,0.0,0.868421052631579,0.89501312335958,0.868421052631579,0.868421052631579,0.868421052631579
volcanoes-a3,rfc-nosuite,0.98,0.9736842105263158,0.0,0.0,0.9736842105263158,0.89501312335958,0.9736842105263158,0.9736842105263158,0.9736842105263158
volcanoes-a3,rfc-nosuite,0.94,0.7105263157894737,0.0,0.0,0.7631578947368421,0.89501312335958,0.7631578947368421,0.6842105263157895,
volcanoes-a3,rfc-nosuite,0.97,1.0,0.0,0.0,1.0,0.89501312335958,1.0,1.0,1.0
volcanoes-a3,rfc-nosuite,0.99,1.0,0.0,0.0,1.0,0.89501312335958,1.0,1.0,1.0
volcanoes-a3,rfc-nosuite,0.41,0.3684210526315789,0.0,0.0,0.39473684210526316,0.89501312335958,0.42105263157894735,0.07894736842105263,0.42105263157894735
volcanoes-a3,rfc-nosuite,0.98,1.0,0.0,0.0,1.0,0.89501312335958,1.0,1.0,1.0
volcanoes-a3,rfc-nosuite,1.0,1.0,0.0,0.0,1.0,0.89501312335958,1.0,1.0,1.0
volcanoes-a3,rfc-nosuite,0.96,0.9736842105263158,0.0,0.0,0.9736842105263158,0.89501312335958,0.9736842105263158,0.8947368421052632,0.9736842105263158
volcanoes-a3,rfc-nosuite,1.0,1.0,0.0,0.0,1.0,0.89501312335958,1.0,1.0,1.0
volcanoes-a3,rfc-nosuite,0.93,0.9736842105263158,0.0,0.0,0.9736842105263158,0.89501312335958,0.9736842105263158,0.9736842105263158,
volcanoes-a3,rfc-nosuite,1.0,1.0,0.0,0.0,1.0,0.89501312335958,1.0,1.0,
volcanoes-a3,rfc-nosuite,0.99,1.0,0.0,0.0,1.0,0.89501312335958,1.0,1.0,
volcanoes-a3,rfc-nosuite,1.0,0.9736842105263158,0.0,0.0,0.9736842105263158,0.89501312335958,0.9736842105263158,0.9736842105263158,0.9736842105263158
volcanoes-a4,rfc-nosuite,1.0,1.0,0.0,0.0,1.0,0.8944591029023746,1.0,1.0,
volcanoes-a4,rfc-nosuite,1.0,1.0,0.0,0.0,1.0,0.8944591029023746,1.0,1.0,
volcanoes-a4,rfc-nosuite,0.62,0.4864864864864865,0.0,0.0,0.4594594594594595,0.8944591029023746,0.2972972972972973,0.35135135135135137,0.35135135135135137
volcanoes-a4,rfc-nosuite,0.99,0.9459459459459459,0.0,0.0,0.9459459459459459,0.8944591029023746,0.9459459459459459,0.9459459459459459,0.9459459459459459
volcanoes-a4,rfc-nosuite,0.99,0.972972972972973,0.0,0.0,0.972972972972973,0.8944591029023746,0.972972972972973,0.972972972972973,
volcanoes-a4,rfc-nosuite,0.59,0.5675675675675675,0.0,0.0,0.6486486486486487,0.8944591029023746,0.40540540540540543,0.43243243243243246,0.3783783783783784
volcanoes-a4,rfc-nosuite,0.97,0.972972972972973,0.0,0.0,0.972972972972973,0.8944591029023746,0.972972972972973,0.972972972972973,0.972972972972973
volcanoes-a4,rfc-nosuite,0.88,0.918918918918919,0.0,0.0,0.8918918918918919,0.8944591029023746,0.8648648648648649,0.918918918918919,0.8918918918918919
volcanoes-a4,rfc-nosuite,0.92,0.9459459459459459,0.0,0.0,0.9459459459459459,0.8944591029023746,0.9459459459459459,0.9459459459459459,0.9459459459459459
volcanoes-a4,rfc-nosuite,1.0,1.0,0.0,0.0,1.0,0.8944591029023746,1.0,1.0,1.0
volcanoes-a4,rfc-nosuite,1.0,1.0,0.0,0.0,1.0,0.8944591029023746,1.0,1.0,1.0
volcanoes-a4,rfc-nosuite,0.98,0.972972972972973,0.0,0.0,0.9459459459459459,0.8944591029023746,0.972972972972973,0.7567567567567568,0.972972972972973
volcanoes-a4,rfc-nosuite,0.99,1.0,0.0,0.0,1.0,0.8944591029023746,1.0,,1.0
volcanoes-a4,rfc-nosuite,1.0,1.0,0.0,0.0,1.0,0.8944591029023746,1.0,1.0,1.0
volcanoes-a4,rfc-nosuite,1.0,0.972972972972973,0.0,0.0,0.972972972972973,0.8944591029023746,0.972972972972973,0.972972972972973,
volcanoes-a4,rfc-nosuite,1.0,0.972972972972973,0.0,0.0,0.972972972972973,0.8944591029023746,0.972972972972973,0.972972972972973,0.972972972972973
volcanoes-a4,rfc-nosuite,1.0,1.0,0.0,0.0,1.0,0.8944591029023746,1.0,1.0,1.0
volcanoes-a4,rfc-nosuite,1.0,1.0,0.0,0.0,1.0,0.8944591029023746,1.0,1.0,1.0
volcanoes-a4,rfc-nosuite,1.0,0.972972972972973,0.0,0.0,0.972972972972973,0.8944591029023746,0.972972972972973,0.972972972972973,0.972972972972973
volcanoes-a4,rfc-nosuite,1.0,1.0,0.0,0.0,1.0,0.8944591029023746,1.0,1.0,1.0
volcanoes-a4,rfc-nosuite,0.99,0.972972972972973,0.0,0.0,0.972972972972973,0.8944591029023746,0.972972972972973,0.972972972972973,0.972972972972973
volcanoes-a4,rfc-nosuite,0.44,0.32432432432432434,0.0,0.0,0.4594594594594595,0.8944591029023746,0.2702702702702703,0.35135135135135137,0.32432432432432434
volcanoes-a4,rfc-nosuite,1.0,1.0,0.0,0.0,1.0,0.8944591029023746,1.0,1.0,1.0
volcanoes-a4,rfc-nosuite,1.0,1.0,0.0,0.0,1.0,0.8944591029023746,1.0,1.0,
volcanoes-a4,rfc-nosuite,0.85,0.6216216216216216,0.0,0.0,0.7027027027027027,0.8944591029023746,0.7027027027027027,0.6756756756756757,0.7027027027027027
volcanoes-a4,rfc-nosuite,1.0,0.972972972972973,0.0,0.0,0.972972972972973,0.8944591029023746,0.972972972972973,0.972972972972973,0.972972972972973
volcanoes-a4,rfc-nosuite,1.0,0.972972972972973,0.0,0.0,0.972972972972973,0.8944591029023746,0.972972972972973,0.972972972972973,0.972972972972973
volcanoes-a4,rfc-nosuite,0.31,0.40540540540540543,0.0,0.0,0.43243243243243246,0.8944591029023746,0.32432432432432434,0.32432432432432434,0.32432432432432434
volcanoes-a4,rfc-nosuite,0.98,0.9459459459459459,0.0,0.0,0.9459459459459459,0.8944591029023746,0.9459459459459459,0.9459459459459459,0.9459459459459459
volcanoes-a4,rfc-nosuite,0.83,0.972972972972973,0.0,0.0,0.972972972972973,0.8944591029023746,0.972972972972973,0.972972972972973,
volcanoes-a4,rfc-nosuite,0.65,0.9459459459459459,0.0,0.0,0.9459459459459459,0.8944591029023746,0.9459459459459459,0.9459459459459459,
volcanoes-a4,rfc-nosuite,0.99,0.972972972972973,0.0,0.0,0.972972972972973,0.8944591029023746,0.972972972972973,0.972972972972973,0.972972972972973
volcanoes-a4,rfc-nosuite,0.82,0.7567567567567568,0.0,0.0,0.8378378378378378,0.8944591029023746,0.8648648648648649,0.4864864864864865,
volcanoes-a4,rfc-nosuite,0.99,0.8648648648648649,0.0,0.0,0.8648648648648649,0.8944591029023746,0.8918918918918919,0.8918918918918919,
volcanoes-a4,rfc-nosuite,0.39,0.5945945945945946,0.0,0.0,0.5405405405405406,0.8944591029023746,0.4594594594594595,0.43243243243243246,0.5675675675675675
volcanoes-a4,rfc-nosuite,0.84,0.8918918918918919,0.0,0.0,0.9459459459459459,0.8944591029023746,0.9459459459459459,0.9459459459459459,
volcanoes-a4,rfc-nosuite,0.81,0.972972972972973,0.0,0.0,0.972972972972973,0.8944591029023746,0.972972972972973,0.972972972972973,0.972972972972973
volcanoes-a4,rfc-nosuite,1.0,1.0,0.0,0.0,1.0,0.8944591029023746,1.0,1.0,
volcanoes-a4,rfc-nosuite,0.96,1.0,0.0,0.0,1.0,0.8944591029023746,1.0,1.0,1.0
volcanoes-a4,rfc-nosuite,0.49,0.35135135135135137,0.0,0.0,0.6216216216216216,0.8944591029023746,0.4594594594594595,0.35135135135135137,0.5135135135135135
volcanoes-a4,rfc-nosuite,1.0,1.0,0.0,0.0,1.0,0.8944591029023746,1.0,1.0,1.0
volcanoes-a4,rfc-nosuite,0.91,0.6486486486486487,0.0,0.0,0.7297297297297297,0.8944591029023746,0.6756756756756757,0.5675675675675675,0.7567567567567568
volcanoes-a4,rfc-nosuite,0.97,0.918918918918919,0.0,0.0,0.918918918918919,0.8944591029023746,0.918918918918919,0.918918918918919,0.918918918918919
volcanoes-a4,rfc-nosuite,0.98,0.9459459459459459,0.0,0.0,0.9459459459459459,0.8944591029023746,0.9459459459459459,0.9459459459459459,0.9459459459459459
volcanoes-a4,rfc-nosuite,0.96,0.972972972972973,0.0,0.0,0.972972972972973,0.8944591029023746,0.972972972972973,0.9459459459459459,0.972972972972973
volcanoes-a4,rfc-nosuite,1.0,0.972972972972973,0.0,0.0,0.9459459459459459,0.8944591029023746,0.972972972972973,0.972972972972973,
volcanoes-a4,rfc-nosuite,0.93,1.0,0.0,0.0,1.0,0.8944591029023746,1.0,1.0,1.0
volcanoes-a4,rfc-nosuite,0.94,0.972972972972973,0.0,0.0,1.0,0.8944591029023746,1.0,1.0,
volcanoes-a4,rfc-nosuite,0.84,0.9459459459459459,0.0,0.0,0.9459459459459459,0.8944591029023746,0.9459459459459459,0.9459459459459459,0.9459459459459459
volcanoes-a4,rfc-nosuite,1.0,1.0,0.0,0.0,1.0,0.8944591029023746,1.0,1.0,1.0
volcanoes-e1,rfc-nosuite,1.0,0.9655172413793104,0.0,0.0,0.9655172413793104,0.9155405405405406,0.9655172413793104,0.9655172413793104,
volcanoes-e1,rfc-nosuite,0.97,1.0,0.0,0.0,1.0,0.9155405405405406,1.0,,1.0
volcanoes-e1,rfc-nosuite,1.0,1.0,0.0,0.0,1.0,0.9155405405405406,1.0,,1.0
volcanoes-e1,rfc-nosuite,1.0,1.0,0.0,0.0,1.0,0.9155405405405406,1.0,1.0,1.0
volcanoes-e1,rfc-nosuite,1.0,1.0,0.0,0.0,1.0,0.9155405405405406,1.0,1.0,
volcanoes-e1,rfc-nosuite,0.76,0.6551724137931034,0.0,0.0,0.7586206896551724,0.9155405405405406,0.7241379310344828,0.6896551724137931,0.4482758620689655
volcanoes-e1,rfc-nosuite,1.0,1.0,0.0,0.0,1.0,0.9155405405405406,1.0,,
volcanoes-e1,rfc-nosuite,0.99,1.0,0.0,0.0,1.0,0.9155405405405406,1.0,,1.0
volcanoes-e1,rfc-nosuite,1.0,1.0,0.0,0.0,1.0,0.9155405405405406,1.0,,
volcanoes-e1,rfc-nosuite,0.86,0.896551724137931,0.0,0.0,0.896551724137931,0.9155405405405406,0.896551724137931,0.896551724137931,
volcanoes-e1,rfc-nosuite,1.0,0.896551724137931,0.0,0.0,0.896551724137931,0.9155405405405406,0.896551724137931,0.896551724137931,
volcanoes-e1,rfc-nosuite,0.89,0.8620689655172413,0.0,0.0,0.8620689655172413,0.9155405405405406,0.8620689655172413,,0.8620689655172413
volcanoes-e1,rfc-nosuite,0.85,1.0,0.0,0.0,1.0,0.9155405405405406,1.0,,
volcanoes-e1,rfc-nosuite,0.56,0.6896551724137931,0.0,0.0,0.7241379310344828,0.9155405405405406,0.7586206896551724,0.3793103448275862,0.7586206896551724
volcanoes-e1,rfc-nosuite,0.94,0.896551724137931,0.0,0.0,0.896551724137931,0.9155405405405406,0.896551724137931,0.896551724137931,
volcanoes-e1,rfc-nosuite,0.98,1.0,0.0,0.0,1.0,0.9155405405405406,1.0,,
volcanoes-e1,rfc-nosuite,0.92,1.0,0.0,0.0,1.0,0.9155405405405406,1.0,1.0,1.0
volcanoes-e1,rfc-nosuite,1.0,0.9655172413793104,0.0,0.0,0.9655172413793104,0.9155405405405406,0.9655172413793104,,
volcanoes-e1,rfc-nosuite,0.97,0.8275862068965517,0.0,0.0,0.9655172413793104,0.9155405405405406,0.9655172413793104,0.9310344827586207,0.9655172413793104
volcanoes-e1,rfc-nosuite,0.9,0.6206896551724138,0.0,0.0,0.6551724137931034,0.9155405405405406,0.6551724137931034,0.3103448275862069,
volcanoes-e1,rfc-nosuite,0.99,0.9310344827586207,0.0,0.0,0.9310344827586207,0.9155405405405406,0.9310344827586207,0.9310344827586207,0.9310344827586207
volcanoes-e1,rfc-nosuite,1.0,1.0,0.0,0.0,1.0,0.9155405405405406,1.0,1.0,
volcanoes-e1,rfc-nosuite,0.95,0.896551724137931,0.0,0.0,0.9310344827586207,0.9155405405405406,0.9310344827586207,0.5862068965517241,0.9310344827586207
volcanoes-e1,rfc-nosuite,0.74,0.6551724137931034,0.0,0.0,0.7241379310344828,0.9155405405405406,0.8620689655172413,0.7241379310344828,0.7586206896551724
volcanoes-e1,rfc-nosuite,0.59,0.7241379310344828,0.0,0.0,0.7241379310344828,0.9155405405405406,0.7241379310344828,,0.5517241379310345
volcanoes-e1,rfc-nosuite,0.98,1.0,0.0,0.0,1.0,0.9155405405405406,1.0,0.7931034482758621,
volcanoes-e1,rfc-nosuite,0.98,0.9655172413793104,0.0,0.0,0.9655172413793104,0.9155405405405406,0.9655172413793104,0.9655172413793104,
volcanoes-e1,rfc-nosuite,1.0,1.0,0.0,0.0,1.0,0.9155405405405406,1.0,1.0,
volcanoes-e1,rfc-nosuite,1.0,0.9655172413793104,0.0,0.0,1.0,0.9155405405405406,1.0,1.0,1.0
volcanoes-e1,rfc-nosuite,0.84,0.8620689655172413,0.0,0.0,0.8620689655172413,0.9155405405405406,0.8620689655172413,0.8275862068965517,0.7586206896551724
volcanoes-e1,rfc-nosuite,0.97,1.0,0.0,0.0,1.0,0.9155405405405406,1.0,,1.0
volcanoes-e1,rfc-nosuite,0.84,0.7586206896551724,0.0,0.0,0.8620689655172413,0.9155405405405406,0.8620689655172413,0.6551724137931034,0.6896551724137931
volcanoes-e1,rfc-nosuite,1.0,0.9655172413793104,0.0,0.0,0.9655172413793104,0.9155405405405406,0.9655172413793104,,
volcanoes-e1,rfc-nosuite,0.93,0.8620689655172413,0.0,0.0,0.9310344827586207,0.9155405405405406,0.9310344827586207,0.8275862068965517,0.8275862068965517
volcanoes-e1,rfc-nosuite,0.5,0.8620689655172413,0.0,0.0,0.896551724137931,0.9155405405405406,0.8620689655172413,0.41379310344827586,0.8275862068965517
volcanoes-e1,rfc-nosuite,1.0,0.9655172413793104,0.0,0.0,0.9655172413793104,0.9155405405405406,0.9655172413793104,0.9655172413793104,0.9655172413793104
volcanoes-e1,rfc-nosuite,0.78,0.9310344827586207,0.0,0.0,0.9655172413793104,0.9155405405405406,0.9655172413793104,,0.9310344827586207
volcanoes-e1,rfc-nosuite,0.96,0.9655172413793104,0.0,0.0,0.9655172413793104,0.9155405405405406,0.9655172413793104,0.8275862068965517,
volcanoes-e1,rfc-nosuite,0.85,0.7931034482758621,0.0,0.0,0.7931034482758621,0.9155405405405406,0.7931034482758621,0.5862068965517241,0.7931034482758621
volcanoes-e1,rfc-nosuite,0.57,0.7586206896551724,0.0,0.0,0.6896551724137931,0.9155405405405406,0.7586206896551724,0.41379310344827586,0.4827586206896552
volcanoes-e1,rfc-nosuite,0.98,1.0,0.0,0.0,1.0,0.9155405405405406,1.0,1.0,1.0
volcanoes-e1,rfc-nosuite,1.0,1.0,0.0,0.0,1.0,0.9155405405405406,1.0,1.0,1.0
volcanoes-e1,rfc-nosuite,0.99,1.0,0.0,0.0,1.0,0.9155405405405406,1.0,1.0,1.0
volcanoes-e1,rfc-nosuite,0.97,0.9655172413793104,0.0,0.0,0.9655172413793104,0.9155405405405406,0.9655172413793104,,
volcanoes-e1,rfc-nosuite,0.5,0.7931034482758621,0.0,0.0,0.7931034482758621,0.9155405405405406,0.7931034482758621,,0.6551724137931034
volcanoes-e1,rfc-nosuite,1.0,1.0,0.0,0.0,1.0,0.9155405405405406,1.0,1.0,
volcanoes-e1,rfc-nosuite,1.0,1.0,0.0,0.0,1.0,0.9155405405405406,1.0,1.0,1.0
volcanoes-e1,rfc-nosuite,0.99,0.8275862068965517,0.0,0.0,0.9655172413793104,0.9155405405405406,0.9655172413793104,,
volcanoes-e1,rfc-nosuite,0.95,0.9310344827586207,0.0,0.0,0.9310344827586207,0.9155405405405406,0.9310344827586207,0.9310344827586207,
volcanoes-e1,rfc-nosuite,0.97,1.0,0.0,0.0,1.0,0.9155405405405406,1.0,0.7241379310344828,1.0
volcanoes-e2,rfc-nosuite,1.0,1.0,0.0,0.0,1.0,0.9148148148148149,1.0,,1.0
volcanoes-e2,rfc-nosuite,0.93,0.8518518518518519,0.0,0.0,0.9629629629629629,0.9148148148148149,0.9629629629629629,,
volcanoes-e2,rfc-nosuite,0.96,0.9629629629629629,0.0,0.0,0.9629629629629629,0.9148148148148149,0.9629629629629629,0.9629629629629629,0.9629629629629629
volcanoes-e2,rfc-nosuite,0.98,0.9629629629629629,0.0,0.0,0.9629629629629629,0.9148148148148149,0.9629629629629629,,0.9629629629629629
volcanoes-e2,rfc-nosuite,1.0,1.0,0.0,0.0,1.0,0.9148148148148149,1.0,,1.0
volcanoes-e2,rfc-nosuite,0.95,1.0,0.0,0.0,1.0,0.9148148148148149,1.0,,
volcanoes-e2,rfc-nosuite,0.98,1.0,0.0,0.0,1.0,0.9148148148148149,1.0,1.0,
volcanoes-e2,rfc-nosuite,0.97,0.8518518518518519,0.0,0.0,0.8518518518518519,0.9148148148148149,0.8518518518518519,,0.8518518518518519
volcanoes-e2,rfc-nosuite,0.98,0.8888888888888888,0.0,0.0,0.9629629629629629,0.9148148148148149,0.9629629629629629,,
volcanoes-e2,rfc-nosuite,0.76,0.6296296296296297,0.0,0.0,0.7407407407407407,0.9148148148148149,0.7037037037037037,,0.7037037037037037
volcanoes-e2,rfc-nosuite,0.96,0.8518518518518519,0.0,0.0,0.8888888888888888,0.9148148148148149,0.8888888888888888,,
volcanoes-e2,rfc-nosuite,0.96,1.0,0.0,0.0,1.0,0.9148148148148149,1.0,,1.0
volcanoes-e2,rfc-nosuite,0.96,0.9629629629629629,0.0,0.0,0.9629629629629629,0.9148148148148149,0.9629629629629629,0.9629629629629629,0.9629629629629629
volcanoes-e2,rfc-nosuite,0.91,0.8518518518518519,0.0,0.0,0.8518518518518519,0.9148148148148149,0.8518518518518519,,0.8518518518518519
volcanoes-e2,rfc-nosuite,1.0,1.0,0.0,0.0,1.0,0.9148148148148149,1.0,,
volcanoes-e2,rfc-nosuite,0.98,0.9629629629629629,0.0,0.0,0.9629629629629629,0.9148148148148149,0.9629629629629629,,
volcanoes-e2,rfc-nosuite,1.0,1.0,0.0,0.0,1.0,0.9148148148148149,1.0,,1.0
volcanoes-e2,rfc-nosuite,0.77,0.8518518518518519,0.0,0.0,0.8518518518518519,0.9148148148148149,0.8518518518518519,,
volcanoes-e2,rfc-nosuite,0.99,0.9259259259259259,0.0,0.0,0.9259259259259259,0.9148148148148149,0.9259259259259259,,0.9259259259259259
volcanoes-e2,rfc-nosuite,0.97,0.9629629629629629,0.0,0.0,0.9629629629629629,0.9148148148148149,0.9629629629629629,,
volcanoes-e2,rfc-nosuite,0.98,0.9629629629629629,0.0,0.0,0.9629629629629629,0.9148148148148149,0.9629629629629629,,0.9629629629629629
volcanoes-e2,rfc-nosuite,0.88,0.9259259259259259,0.0,0.0,0.9259259259259259,0.9148148148148149,0.9259259259259259,,0.9259259259259259
volcanoes-e2,rfc-nosuite,0.92,0.9629629629629629,0.0,0.0,0.9259259259259259,0.9148148148148149,0.9259259259259259,0.9259259259259259,
volcanoes-e2,rfc-nosuite,0.36,0.5925925925925926,0.0,0.0,0.7037037037037037,0.9148148148148149,0.7037037037037037,,0.2962962962962963
volcanoes-e2,rfc-nosuite,1.0,0.9629629629629629,0.0,0.0,0.9629629629629629,0.9148148148148149,0.9629629629629629,,0.9629629629629629
volcanoes-e2,rfc-nosuite,1.0,0.9259259259259259,0.0,0.0,0.9629629629629629,0.9148148148148149,0.9629629629629629,,
volcanoes-e2,rfc-nosuite,1.0,0.9629629629629629,0.0,0.0,0.9629629629629629,0.9148148148148149,0.9629629629629629,,0.9629629629629629
volcanoes-e2,rfc-nosuite,1.0,1.0,0.0,0.0,1.0,0.9148148148148149,1.0,,1.0
volcanoes-e2,rfc-nosuite,0.71,0.7037037037037037,0.0,0.0,0.7407407407407407,0.9148148148148149,0.7407407407407407,,0.7037037037037037
volcanoes-e2,rfc-nosuite,0.97,1.0,0.0,0.0,1.0,0.9148148148148149,1.0,,
volcanoes-e2,rfc-nosuite,0.98,0.9259259259259259,0.0,0.0,0.9259259259259259,0.9148148148148149,0.9259259259259259,,0.9259259259259259
volcanoes-e2,rfc-nosuite,0.96,0.9259259259259259,0.0,0.0,0.9259259259259259,0.9148148148148149,0.9629629629629629,,
volcanoes-e2,rfc-nosuite,1.0,0.8888888888888888,0.0,0.0,0.8888888888888888,0.9148148148148149,0.8888888888888888,,0.8888888888888888
volcanoes-e2,rfc-nosuite,0.99,0.9629629629629629,0.0,0.0,0.9629629629629629,0.9148148148148149,0.9629629629629629,,
volcanoes-e2,rfc-nosuite,0.98,1.0,0.0,0.0,1.0,0.9148148148148149,1.0,,1.0
volcanoes-e2,rfc-nosuite,0.96,0.9259259259259259,0.0,0.0,0.9259259259259259,0.9148148148148149,0.9259259259259259,,0.9259259259259259
volcanoes-e2,rfc-nosuite,0.98,0.9629629629629629,0.0,0.0,0.9629629629629629,0.9148148148148149,0.9629629629629629,,
volcanoes-e2,rfc-nosuite,0.98,0.9629629629629629,0.0,0.0,0.9629629629629629,0.9148148148148149,0.9629629629629629,,0.9629629629629629
volcanoes-e2,rfc-nosuite,0.97,0.7777777777777778,0.0,0.0,0.7407407407407407,0.9148148148148149,0.7407407407407407,,
volcanoes-e2,rfc-nosuite,1.0,1.0,0.0,0.0,1.0,0.9148148148148149,1.0,,
volcanoes-e2,rfc-nosuite,1.0,1.0,0.0,0.0,1.0,0.9148148148148149,1.0,,1.0
volcanoes-e2,rfc-nosuite,0.97,0.8888888888888888,0.0,0.0,0.9259259259259259,0.9148148148148149,0.9259259259259259,,0.9259259259259259
volcanoes-e2,rfc-nosuite,0.45,0.48148148148148145,0.0,0.0,0.5555555555555556,0.9148148148148149,0.5555555555555556,,0.5185185185185185
volcanoes-e2,rfc-nosuite,1.0,0.8888888888888888,0.0,0.0,0.8888888888888888,0.9148148148148149,0.8888888888888888,,0.8888888888888888
volcanoes-e2,rfc-nosuite,0.98,0.8888888888888888,0.0,0.0,0.8888888888888888,0.9148148148148149,0.8888888888888888,,
volcanoes-e2,rfc-nosuite,0.83,0.9259259259259259,0.0,0.0,0.9629629629629629,0.9148148148148149,0.9629629629629629,,0.9629629629629629
volcanoes-e2,rfc-nosuite,0.54,0.7037037037037037,0.0,0.0,0.8148148148148148,0.9148148148148149,0.7777777777777778,,0.7777777777777778
volcanoes-e2,rfc-nosuite,0.96,0.9259259259259259,0.0,0.0,0.9629629629629629,0.9148148148148149,0.9629629629629629,,0.9259259259259259
volcanoes-e2,rfc-nosuite,1.0,0.9629629629629629,0.0,0.0,0.9629629629629629,0.9148148148148149,0.9629629629629629,,0.9629629629629629
volcanoes-e2,rfc-nosuite,0.99,0.9629629629629629,0.0,0.0,0.9629629629629629,0.9148148148148149,0.9629629629629629,,
yeast,rfc-nosuite,0.43,0.5405405405405406,0.0,0.0,0.5675675675675675,0.6226415094339622,0.5405405405405406,,0.6756756756756757
yeast,rfc-nosuite,0.79,0.43243243243243246,0.0,0.0,0.6216216216216216,0.6226415094339622,0.5405405405405406,,0.5405405405405406
yeast,rfc-nosuite,0.7,0.4864864864864865,0.0,0.0,0.5405405405405406,0.6226415094339622,0.5945945945945946,,0.5135135135135135
yeast,rfc-nosuite,0.74,0.6756756756756757,0.0,0.0,0.5405405405405406,0.6226415094339622,0.5405405405405406,,0.5945945945945946
yeast,rfc-nosuite,0.8,0.5405405405405406,0.0,0.0,0.5405405405405406,0.6226415094339622,0.5945945945945946,,0.5945945945945946
yeast,rfc-nosuite,0.42,0.4594594594594595,0.0,0.0,0.32432432432432434,0.6226415094339622,0.40540540540540543,,0.40540540540540543
yeast,rfc-nosuite,0.67,0.5405405405405406,0.0,0.0,0.6486486486486487,0.6226415094339622,0.5945945945945946,,0.7297297297297297
yeast,rfc-nosuite,0.47,0.4864864864864865,0.0,0.0,0.7297297297297297,0.6226415094339622,0.7027027027027027,,0.43243243243243246
yeast,rfc-nosuite,0.57,0.4864864864864865,0.0,0.0,0.3783783783783784,0.6226415094339622,0.4594594594594595,,0.43243243243243246
yeast,rfc-nosuite,0.72,0.5135135135135135,0.0,0.0,0.6756756756756757,0.6226415094339622,0.7837837837837838,,0.8108108108108109
yeast,rfc-nosuite,0.86,0.7567567567567568,0.0,0.0,0.7837837837837838,0.6226415094339622,0.7837837837837838,,0.8108108108108109
yeast,rfc-nosuite,0.86,0.6486486486486487,0.0,0.0,0.5135135135135135,0.6226415094339622,0.5405405405405406,,0.7297297297297297
yeast,rfc-nosuite,0.59,0.6486486486486487,0.0,0.0,0.6216216216216216,0.6226415094339622,0.7027027027027027,,0.5675675675675675
yeast,rfc-nosuite,0.55,0.6216216216216216,0.0,0.0,0.5945945945945946,0.6226415094339622,0.5945945945945946,,0.4864864864864865
yeast,rfc-nosuite,0.72,0.43243243243243246,0.0,0.0,0.5945945945945946,0.6226415094339622,0.6486486486486487,,0.7027027027027027
yeast,rfc-nosuite,0.48,0.5675675675675675,0.0,0.0,0.6216216216216216,0.6226415094339622,0.5135135135135135,,0.5945945945945946
yeast,rfc-nosuite,0.56,0.5405405405405406,0.0,0.0,0.4864864864864865,0.6226415094339622,0.5135135135135135,,0.5945945945945946
yeast,rfc-nosuite,0.73,0.5405405405405406,0.0,0.0,0.21621621621621623,0.6226415094339622,0.5135135135135135,,0.5675675675675675
yeast,rfc-nosuite,0.6,0.5405405405405406,0.0,0.0,0.4594594594594595,0.6226415094339622,0.5405405405405406,,0.4864864864864865
yeast,rfc-nosuite,0.64,0.32432432432432434,0.0,0.0,0.6486486486486487,0.6226415094339622,0.7027027027027027,,0.7027027027027027
yeast,rfc-nosuite,0.77,0.6216216216216216,0.0,0.0,0.6756756756756757,0.6226415094339622,0.6216216216216216,,0.7837837837837838
yeast,rfc-nosuite,0.74,0.3783783783783784,0.0,0.0,0.2702702702702703,0.6226415094339622,0.43243243243243246,,0.3783783783783784
yeast,rfc-nosuite,0.9,0.6486486486486487,0.0,0.0,0.6756756756756757,0.6226415094339622,0.5675675675675675,,0.5945945945945946
yeast,rfc-nosuite,0.42,0.35135135135135137,0.0,0.0,0.40540540540540543,0.6226415094339622,0.5405405405405406,,0.5675675675675675
yeast,rfc-nosuite,0.54,0.43243243243243246,0.0,0.0,0.5675675675675675,0.6226415094339622,0.5945945945945946,,0.4864864864864865
yeast,rfc-nosuite,0.4,0.2972972972972973,0.0,0.0,0.3783783783783784,0.6226415094339622,0.5945945945945946,,0.43243243243243246
yeast,rfc-nosuite,0.52,0.4594594594594595,0.0,0.0,0.5135135135135135,0.6226415094339622,0.5405405405405406,,0.4864864864864865
yeast,rfc-nosuite,0.51,0.4864864864864865,0.0,0.0,0.4594594594594595,0.6226415094339622,0.7027027027027027,,0.7027027027027027
yeast,rfc-nosuite,0.78,0.4864864864864865,0.0,0.0,0.7027027027027027,0.6226415094339622,0.7297297297297297,,0.8108108108108109
yeast,rfc-nosuite,0.64,0.5945945945945946,0.0,0.0,0.5135135135135135,0.6226415094339622,0.4864864864864865,,0.5135135135135135
yeast,rfc-nosuite,0.51,0.2972972972972973,0.0,0.0,0.2972972972972973,0.6226415094339622,0.4864864864864865,,0.5405405405405406
yeast,rfc-nosuite,0.75,0.5405405405405406,0.0,0.0,0.4864864864864865,0.6226415094339622,0.7567567567567568,,0.7297297297297297
yeast,rfc-nosuite,0.32,0.5405405405405406,0.0,0.0,0.6486486486486487,0.6226415094339622,0.7297297297297297,,0.7837837837837838
yeast,rfc-nosuite,0.37,0.5405405405405406,0.0,0.0,0.5135135135135135,0.6226415094339622,0.4864864864864865,,0.5675675675675675
yeast,rfc-nosuite,0.63,0.43243243243243246,0.0,0.0,0.40540540540540543,0.6226415094339622,0.40540540540540543,,0.4864864864864865
yeast,rfc-nosuite,0.45,0.40540540540540543,0.0,0.0,0.4594594594594595,0.6226415094339622,0.4864864864864865,,0.5405405405405406
yeast,rfc-nosuite,0.42,0.5135135135135135,0.0,0.0,0.35135135135135137,0.6226415094339622,0.5135135135135135,,0.43243243243243246
yeast,rfc-nosuite,0.92,0.6756756756756757,0.0,0.0,0.5945945945945946,0.6226415094339622,0.7297297297297297,,0.6756756756756757
yeast,rfc-nosuite,0.73,0.5675675675675675,0.0,0.0,0.4594594594594595,0.6226415094339622,0.5405405405405406,,0.5405405405405406
yeast,rfc-nosuite,0.44,0.4594594594594595,0.0,0.0,0.5945945945945946,0.6226415094339622,0.5945945945945946,,0.6486486486486487
yeast,rfc-nosuite,0.64,0.4864864864864865,0.0,0.0,0.4864864864864865,0.6226415094339622,0.6216216216216216,,0.5945945945945946
yeast,rfc-nosuite,0.57,0.4594594594594595,0.0,0.0,0.4864864864864865,0.6226415094339622,0.5405405405405406,,0.4864864864864865
yeast,rfc-nosuite,0.47,0.43243243243243246,0.0,0.0,0.3783783783783784,0.6226415094339622,0.4594594594594595,,0.5135135135135135
yeast,rfc-nosuite,0.56,0.5135135135135135,0.0,0.0,0.5405405405405406,0.6226415094339622,0.6216216216216216,,0.5405405405405406
yeast,rfc-nosuite,0.76,0.40540540540540543,0.0,0.0,0.43243243243243246,0.6226415094339622,0.5135135135135135,,0.5675675675675675
yeast,rfc-nosuite,0.55,0.6486486486486487,0.0,0.0,0.4864864864864865,0.6226415094339622,0.43243243243243246,,0.5945945945945946
yeast,rfc-nosuite,0.41,0.43243243243243246,0.0,0.0,0.43243243243243246,0.6226415094339622,0.4594594594594595,,0.5405405405405406
yeast,rfc-nosuite,0.55,0.43243243243243246,0.0,0.0,0.6216216216216216,0.6226415094339622,0.7837837837837838,,0.6486486486486487
yeast,rfc-nosuite,0.79,0.6486486486486487,0.0,0.0,0.5945945945945946,0.6226415094339622,0.5675675675675675,,0.6756756756756757
yeast,rfc-nosuite,0.85,0.6216216216216216,0.0,0.0,0.5945945945945946,0.6226415094339622,0.5675675675675675,,0.7567567567567568
rmftsa,rfc-nosuite,0.3562142857142858,0.48,0.0,0.0,0.52,0.48828125,0.56,0.2,0.6
rmftsa,rfc-nosuite,0.4576666666666667,0.52,0.0,0.0,0.44,0.48828125,0.28,0.36,0.32
rmftsa,rfc-nosuite,0.6425,0.44,0.0,0.0,0.48,0.48828125,0.4,0.4,0.28
rmftsa,rfc-nosuite,0.8478333333333333,0.4,0.0,0.0,0.52,0.48828125,0.52,0.52,0.36
rmftsa,rfc-nosuite,0.614280303030303,0.76,0.0,0.0,0.6,0.48828125,0.8,0.68,0.8
rmftsa,rfc-nosuite,0.8540349927849925,0.64,0.0,0.0,0.64,0.48828125,0.76,0.76,0.76
rmftsa,rfc-nosuite,0.2751865079365079,0.52,0.0,0.0,0.4,0.48828125,0.24,0.4,0.12
rmftsa,rfc-nosuite,0.8464378399378396,0.56,0.0,0.0,0.56,0.48828125,0.52,0.52,0.56
rmftsa,rfc-nosuite,0.8261904761904763,0.28,0.0,0.0,0.32,0.48828125,0.24,0.24,0.28
rmftsa,rfc-nosuite,0.5813382173382172,0.56,0.0,0.0,0.56,0.48828125,0.52,0.52,0.56
rmftsa,rfc-nosuite,1.0,0.8,0.0,0.0,0.8,0.48828125,0.84,0.4,0.56
rmftsa,rfc-nosuite,0.59075,0.48,0.0,0.0,0.36,0.48828125,0.16,0.44,0.64
rmftsa,rfc-nosuite,0.861,0.44,0.0,0.0,0.32,0.48828125,0.36,0.28,0.12
rmftsa,rfc-nosuite,0.6853333333333335,0.12,0.0,0.0,0.28,0.48828125,0.24,0.2,0.28
rmftsa,rfc-nosuite,0.6778594852859559,0.6,0.0,0.0,0.4,0.48828125,0.56,0.56,0.56
rmftsa,rfc-nosuite,0.39428571428571435,0.44,0.0,0.0,0.44,0.48828125,0.4,0.24,0.32
rmftsa,rfc-nosuite,0.4970714285714286,0.36,0.0,0.0,0.24,0.48828125,0.2,0.36,0.56
rmftsa,rfc-nosuite,0.5813382173382172,0.56,0.0,0.0,0.56,0.48828125,0.52,0.52,0.56
rmftsa,rfc-nosuite,0.58,0.28,0.0,0.0,0.28,0.48828125,0.32,0.32,0.24
rmftsa,rfc-nosuite,0.9611111111111111,0.68,0.0,0.0,0.68,0.48828125,0.72,0.68,0.68
rmftsa,rfc-nosuite,0.6005757575757573,0.48,0.0,0.0,0.48,0.48828125,0.56,0.2,0.36
rmftsa,rfc-nosuite,0.3537380952380953,0.2,0.0,0.0,0.48,0.48828125,0.36,0.36,0.4
rmftsa,rfc-nosuite,0.6685,0.32,0.0,0.0,0.08,0.48828125,0.2,0.28,0.32
rmftsa,rfc-nosuite,0.6693243284493282,0.76,0.0,0.0,0.76,0.48828125,0.84,0.76,0.76
rmftsa,rfc-nosuite,0.7121666666666667,0.4,0.0,0.0,0.48,0.48828125,0.44,0.28,0.28
rmftsa,rfc-nosuite,0.82,0.24,0.0,0.0,0.56,0.48828125,0.44,0.56,0.32
rmftsa,rfc-nosuite,0.429,0.36,0.0,0.0,0.52,0.48828125,0.52,0.52,0.16
rmftsa,rfc-nosuite,0.52,0.44,0.0,0.0,0.48,0.48828125,0.36,0.4,0.52
rmftsa,rfc-nosuite,0.42683730158730154,0.52,0.0,0.0,0.2,0.48828125,0.64,0.64,0.56
rmftsa,rfc-nosuite,0.6702857142857143,0.48,0.0,0.0,0.28,0.48828125,0.4,0.52,0.24
rmftsa,rfc-nosuite,0.6414067321567322,0.44,0.0,0.0,0.56,0.48828125,0.48,0.48,0.48
rmftsa,rfc-nosuite,0.3321428571428571,0.44,0.0,0.0,0.4,0.48828125,0.36,0.28,0.28
rmftsa,rfc-nosuite,0.6853333333333335,0.12,0.0,0.0,0.28,0.48828125,0.24,0.36,0.28
rmftsa,rfc-nosuite,0.5189999999999999,0.32,0.0,0.0,0.28,0.48828125,0.24,0.16,0.2
rmftsa,rfc-nosuite,0.8230952380952381,0.64,0.0,0.0,0.48,0.48828125,0.68,0.68,0.48
rmftsa,rfc-nosuite,0.5,0.4,0.0,0.0,0.48,0.48828125,0.32,0.4,0.32
rmftsa,rfc-nosuite,0.514142857142857,0.72,0.0,0.0,0.72,0.48828125,0.8,0.64,0.72
rmftsa,rfc-nosuite,1.0,0.6,0.0,0.0,0.56,0.48828125,0.36,0.64,0.6
rmftsa,rfc-nosuite,0.5757976190476191,0.8,0.0,0.0,0.64,0.48828125,0.88,0.48,0.56
rmftsa,rfc-nosuite,0.88,0.36,0.0,0.0,0.28,0.48828125,0.44,0.52,0.16
rmftsa,rfc-nosuite,0.5973333333333334,0.32,0.0,0.0,0.36,0.48828125,0.36,0.36,0.32
rmftsa,rfc-nosuite,0.4328333333333333,0.24,0.0,0.0,0.36,0.48828125,0.36,0.36,0.16
rmftsa,rfc-nosuite,0.74,0.44,0.0,0.0,0.16,0.48828125,0.52,0.52,0.2
rmftsa,rfc-nosuite,0.74,0.4,0.0,0.0,0.48,0.48828125,0.48,0.48,0.36
rmftsa,rfc-nosuite,0.89,0.6,0.0,0.0,0.6,0.48828125,0.32,0.56,0.32
rmftsa,rfc-nosuite,0.5813382173382172,0.56,0.0,0.0,0.56,0.48828125,0.52,0.52,0.56
rmftsa,rfc-nosuite,0.74,0.44,0.0,0.0,0.16,0.48828125,0.52,0.52,0.2
rmftsa,rfc-nosuite,0.72,0.4,0.0,0.0,0.24,0.48828125,0.24,0.24,0.24
rmftsa,rfc-nosuite,0.86,0.4,0.0,0.0,0.4,0.48828125,0.4,0.4,0.4
rmftsa,rfc-nosuite,0.6383095238095238,0.28,0.0,0.0,0.32,0.48828125,0.32,0.28,0.44
banknote-authentication,rfc-nosuite,0.99,1.0,0.0,0.0,1.0,0.9941690962099126,1.0,1.0,1.0
banknote-authentication,rfc-nosuite,1.0,1.0,0.0,0.0,1.0,0.9941690962099126,1.0,0.9705882352941176,1.0
banknote-authentication,rfc-nosuite,0.97,1.0,0.0,0.0,1.0,0.9941690962099126,0.9705882352941176,1.0,1.0
banknote-authentication,rfc-nosuite,0.95,1.0,0.0,0.0,1.0,0.9941690962099126,0.8235294117647058,0.9705882352941176,1.0
banknote-authentication,rfc-nosuite,1.0,0.9705882352941176,0.0,0.0,1.0,0.9941690962099126,1.0,1.0,0.8235294117647058
banknote-authentication,rfc-nosuite,1.0,1.0,0.0,0.0,1.0,0.9941690962099126,1.0,0.9411764705882353,1.0
banknote-authentication,rfc-nosuite,0.99,1.0,0.0,0.0,1.0,0.9941690962099126,1.0,1.0,1.0
banknote-authentication,rfc-nosuite,1.0,1.0,0.0,0.0,1.0,0.9941690962099126,1.0,1.0,1.0
banknote-authentication,rfc-nosuite,1.0,1.0,0.0,0.0,1.0,0.9941690962099126,1.0,0.7647058823529411,1.0
banknote-authentication,rfc-nosuite,1.0,1.0,0.0,0.0,1.0,0.9941690962099126,1.0,0.9705882352941176,1.0
banknote-authentication,rfc-nosuite,0.94,1.0,0.0,0.0,1.0,0.9941690962099126,0.9705882352941176,0.9705882352941176,1.0
banknote-authentication,rfc-nosuite,1.0,0.9705882352941176,0.0,0.0,0.9411764705882353,0.9941690962099126,1.0,1.0,1.0
banknote-authentication,rfc-nosuite,1.0,1.0,0.0,0.0,0.9117647058823529,0.9941690962099126,1.0,0.7352941176470589,1.0
banknote-authentication,rfc-nosuite,1.0,1.0,0.0,0.0,0.9117647058823529,0.9941690962099126,0.9705882352941176,1.0,1.0
banknote-authentication,rfc-nosuite,1.0,0.9705882352941176,0.0,0.0,0.9705882352941176,0.9941690962099126,1.0,1.0,0.9705882352941176
banknote-authentication,rfc-nosuite,1.0,0.9705882352941176,0.0,0.0,0.9705882352941176,0.9941690962099126,1.0,1.0,0.9705882352941176
banknote-authentication,rfc-nosuite,0.99,0.9705882352941176,0.0,0.0,0.9705882352941176,0.9941690962099126,1.0,1.0,1.0
banknote-authentication,rfc-nosuite,0.98,1.0,0.0,0.0,1.0,0.9941690962099126,0.9705882352941176,1.0,0.8529411764705882
banknote-authentication,rfc-nosuite,0.99,1.0,0.0,0.0,1.0,0.9941690962099126,1.0,1.0,1.0
banknote-authentication,rfc-nosuite,1.0,1.0,0.0,0.0,0.9117647058823529,0.9941690962099126,1.0,0.8235294117647058,0.9411764705882353
banknote-authentication,rfc-nosuite,1.0,1.0,0.0,0.0,1.0,0.9941690962099126,1.0,1.0,1.0
banknote-authentication,rfc-nosuite,0.97,0.9705882352941176,0.0,0.0,0.9705882352941176,0.9941690962099126,0.7941176470588235,0.9705882352941176,0.9705882352941176
banknote-authentication,rfc-nosuite,1.0,1.0,0.0,0.0,1.0,0.9941690962099126,1.0,0.8235294117647058,1.0
banknote-authentication,rfc-nosuite,1.0,1.0,0.0,0.0,1.0,0.9941690962099126,1.0,1.0,1.0
banknote-authentication,rfc-nosuite,0.89,1.0,0.0,0.0,1.0,0.9941690962099126,0.9705882352941176,1.0,0.8235294117647058
banknote-authentication,rfc-nosuite,1.0,1.0,0.0,0.0,1.0,0.9941690962099126,1.0,0.9411764705882353,1.0
banknote-authentication,rfc-nosuite,1.0,1.0,0.0,0.0,1.0,0.9941690962099126,1.0,1.0,1.0
banknote-authentication,rfc-nosuite,1.0,1.0,0.0,0.0,1.0,0.9941690962099126,1.0,1.0,1.0
banknote-authentication,rfc-nosuite,0.94,1.0,0.0,0.0,1.0,0.9941690962099126,1.0,1.0,1.0
banknote-authentication,rfc-nosuite,0.99,1.0,0.0,0.0,0.9705882352941176,0.9941690962099126,1.0,0.9117647058823529,0.9705882352941176
banknote-authentication,rfc-nosuite,0.99,1.0,0.0,0.0,1.0,0.9941690962099126,0.9705882352941176,1.0,1.0
banknote-authentication,rfc-nosuite,1.0,1.0,0.0,0.0,1.0,0.9941690962099126,1.0,1.0,0.9411764705882353
banknote-authentication,rfc-nosuite,0.94,1.0,0.0,0.0,1.0,0.9941690962099126,1.0,1.0,1.0
banknote-authentication,rfc-nosuite,1.0,1.0,0.0,0.0,1.0,0.9941690962099126,1.0,1.0,1.0
banknote-authentication,rfc-nosuite,0.97,0.9705882352941176,0.0,0.0,0.9705882352941176,0.9941690962099126,0.9705882352941176,1.0,1.0
banknote-authentication,rfc-nosuite,1.0,1.0,0.0,0.0,1.0,0.9941690962099126,1.0,1.0,1.0
banknote-authentication,rfc-nosuite,1.0,1.0,0.0,0.0,1.0,0.9941690962099126,1.0,1.0,1.0
banknote-authentication,rfc-nosuite,1.0,1.0,0.0,0.0,1.0,0.9941690962099126,1.0,1.0,1.0
banknote-authentication,rfc-nosuite,0.98,1.0,0.0,0.0,0.8529411764705882,0.9941690962099126,1.0,1.0,1.0
banknote-authentication,rfc-nosuite,1.0,1.0,0.0,0.0,1.0,0.9941690962099126,1.0,0.5588235294117647,1.0
banknote-authentication,rfc-nosuite,0.99,0.9705882352941176,0.0,0.0,1.0,0.9941690962099126,1.0,1.0,1.0
banknote-authentication,rfc-nosuite,1.0,1.0,0.0,0.0,1.0,0.9941690962099126,1.0,1.0,1.0
banknote-authentication,rfc-nosuite,0.85,1.0,0.0,0.0,1.0,0.9941690962099126,0.9705882352941176,1.0,0.7058823529411765
banknote-authentication,rfc-nosuite,0.99,0.9705882352941176,0.0,0.0,1.0,0.9941690962099126,1.0,1.0,1.0
banknote-authentication,rfc-nosuite,1.0,1.0,0.0,0.0,0.9705882352941176,0.9941690962099126,0.9117647058823529,0.6176470588235294,0.9705882352941176
banknote-authentication,rfc-nosuite,1.0,1.0,0.0,0.0,1.0,0.9941690962099126,1.0,1.0,1.0
banknote-authentication,rfc-nosuite,1.0,1.0,0.0,0.0,1.0,0.9941690962099126,1.0,1.0,1.0
banknote-authentication,rfc-nosuite,0.99,0.9705882352941176,0.0,0.0,1.0,0.9941690962099126,0.8235294117647058,1.0,0.9705882352941176
banknote-authentication,rfc-nosuite,0.99,1.0,0.0,0.0,1.0,0.9941690962099126,1.0,1.0,1.0
banknote-authentication,rfc-nosuite,0.94,1.0,0.0,0.0,1.0,0.9941690962099126,1.0,1.0,0.7352941176470589
volcanoes-a2,rfc-nosuite,1.0,0.95,0.0,0.0,0.975,0.9310344827586207,0.975,0.975,0.975
volcanoes-a2,rfc-nosuite,0.96,0.975,0.0,0.0,0.975,0.9310344827586207,0.95,0.6,
volcanoes-a2,rfc-nosuite,1.0,1.0,0.0,0.0,1.0,0.9310344827586207,1.0,1.0,1.0
volcanoes-a2,rfc-nosuite,0.97,1.0,0.0,0.0,1.0,0.9310344827586207,1.0,1.0,
volcanoes-a2,rfc-nosuite,0.74,0.975,0.0,0.0,0.975,0.9310344827586207,0.975,0.975,
volcanoes-a2,rfc-nosuite,1.0,1.0,0.0,0.0,1.0,0.9310344827586207,1.0,1.0,
volcanoes-a2,rfc-nosuite,0.92,0.975,0.0,0.0,0.975,0.9310344827586207,0.975,0.975,0.975
volcanoes-a2,rfc-nosuite,0.99,1.0,0.0,0.0,1.0,0.9310344827586207,1.0,1.0,
volcanoes-a2,rfc-nosuite,1.0,0.975,0.0,0.0,0.975,0.9310344827586207,0.975,0.975,0.975
volcanoes-a2,rfc-nosuite,0.99,1.0,0.0,0.0,1.0,0.9310344827586207,1.0,1.0,
volcanoes-a2,rfc-nosuite,0.63,0.625,0.0,0.0,0.725,0.9310344827586207,0.675,0.45,0.575
volcanoes-a2,rfc-nosuite,1.0,1.0,0.0,0.0,1.0,0.9310344827586207,1.0,1.0,
volcanoes-a2,rfc-nosuite,0.71,0.85,0.0,0.0,0.95,0.9310344827586207,0.875,0.875,0.625
volcanoes-a2,rfc-nosuite,0.72,0.85,0.0,0.0,0.95,0.9310344827586207,0.925,0.775,0.925
volcanoes-a2,rfc-nosuite,0.92,1.0,0.0,0.0,1.0,0.9310344827586207,1.0,1.0,
volcanoes-a2,rfc-nosuite,1.0,1.0,0.0,0.0,1.0,0.9310344827586207,1.0,1.0,1.0
volcanoes-a2,rfc-nosuite,0.99,0.975,0.0,0.0,0.975,0.9310344827586207,0.975,0.975,0.975
volcanoes-a2,rfc-nosuite,0.92,0.975,0.0,0.0,0.975,0.9310344827586207,0.925,0.975,0.975
volcanoes-a2,rfc-nosuite,1.0,1.0,0.0,0.0,0.975,0.9310344827586207,0.95,1.0,1.0
volcanoes-a2,rfc-nosuite,1.0,1.0,0.0,0.0,1.0,0.9310344827586207,1.0,1.0,
volcanoes-a2,rfc-nosuite,0.96,1.0,0.0,0.0,1.0,0.9310344827586207,1.0,1.0,1.0
volcanoes-a2,rfc-nosuite,0.95,1.0,0.0,0.0,1.0,0.9310344827586207,1.0,1.0,1.0
volcanoes-a2,rfc-nosuite,0.98,1.0,0.0,0.0,1.0,0.9310344827586207,1.0,1.0,
volcanoes-a2,rfc-nosuite,1.0,0.975,0.0,0.0,0.95,0.9310344827586207,0.975,0.7,
volcanoes-a2,rfc-nosuite,0.99,1.0,0.0,0.0,1.0,0.9310344827586207,0.95,1.0,1.0
volcanoes-a2,rfc-nosuite,1.0,0.975,0.0,0.0,0.975,0.9310344827586207,0.975,0.975,0.975
volcanoes-a2,rfc-nosuite,1.0,1.0,0.0,0.0,1.0,0.9310344827586207,1.0,1.0,
volcanoes-a2,rfc-nosuite,0.96,1.0,0.0,0.0,1.0,0.9310344827586207,1.0,1.0,1.0
volcanoes-a2,rfc-nosuite,0.96,1.0,0.0,0.0,1.0,0.9310344827586207,1.0,1.0,
volcanoes-a2,rfc-nosuite,1.0,1.0,0.0,0.0,1.0,0.9310344827586207,1.0,1.0,1.0
volcanoes-a2,rfc-nosuite,1.0,0.975,0.0,0.0,0.975,0.9310344827586207,0.975,0.975,0.975
volcanoes-a2,rfc-nosuite,1.0,1.0,0.0,0.0,1.0,0.9310344827586207,1.0,1.0,1.0
volcanoes-a2,rfc-nosuite,0.99,0.975,0.0,0.0,0.975,0.9310344827586207,0.95,0.975,
volcanoes-a2,rfc-nosuite,1.0,1.0,0.0,0.0,1.0,0.9310344827586207,1.0,1.0,1.0
volcanoes-a2,rfc-nosuite,0.99,0.975,0.0,0.0,0.975,0.9310344827586207,0.975,0.975,0.975
volcanoes-a2,rfc-nosuite,1.0,0.975,0.0,0.0,0.975,0.9310344827586207,0.975,0.975,
volcanoes-a2,rfc-nosuite,0.98,1.0,0.0,0.0,1.0,0.9310344827586207,1.0,1.0,1.0
volcanoes-a2,rfc-nosuite,0.43,0.6,0.0,0.0,0.7,0.9310344827586207,0.55,0.525,0.625
volcanoes-a2,rfc-nosuite,1.0,1.0,0.0,0.0,1.0,0.9310344827586207,1.0,1.0,1.0
volcanoes-a2,rfc-nosuite,0.82,0.875,0.0,0.0,0.9,0.9310344827586207,0.925,0.95,0.85
volcanoes-a2,rfc-nosuite,1.0,1.0,0.0,0.0,1.0,0.9310344827586207,1.0,1.0,1.0
volcanoes-a2,rfc-nosuite,0.97,0.975,0.0,0.0,0.975,0.9310344827586207,0.975,0.975,
volcanoes-a2,rfc-nosuite,0.97,0.975,0.0,0.0,0.975,0.9310344827586207,0.975,0.975,0.975
volcanoes-a2,rfc-nosuite,0.98,0.975,0.0,0.0,0.975,0.9310344827586207,0.975,0.925,0.975
volcanoes-a2,rfc-nosuite,1.0,1.0,0.0,0.0,1.0,0.9310344827586207,1.0,1.0,1.0
volcanoes-a2,rfc-nosuite,0.86,0.525,0.0,0.0,0.75,0.9310344827586207,0.575,0.375,0.625
volcanoes-a2,rfc-nosuite,1.0,1.0,0.0,0.0,1.0,0.9310344827586207,1.0,1.0,
volcanoes-a2,rfc-nosuite,0.96,0.925,0.0,0.0,0.95,0.9310344827586207,0.9,0.95,
volcanoes-a2,rfc-nosuite,1.0,0.975,0.0,0.0,0.975,0.9310344827586207,0.975,0.975,0.975
volcanoes-a2,rfc-nosuite,0.99,0.975,0.0,0.0,0.975,0.9310344827586207,0.95,0.95,0.975
volcanoes-a3,rfc-nosuite,0.42,0.6578947368421053,0.0,0.0,0.7105263157894737,0.89501312335958,0.7368421052631579,0.631578947368421,0.7105263157894737
volcanoes-a3,rfc-nosuite,1.0,1.0,0.0,0.0,1.0,0.89501312335958,1.0,0.9736842105263158,
volcanoes-a3,rfc-nosuite,0.35,0.5789473684210527,0.0,0.0,0.6052631578947368,0.89501312335958,0.6052631578947368,0.5263157894736842,0.34210526315789475
volcanoes-a3,rfc-nosuite,1.0,1.0,0.0,0.0,1.0,0.89501312335958,1.0,1.0,1.0
volcanoes-a3,rfc-nosuite,1.0,1.0,0.0,0.0,1.0,0.89501312335958,1.0,1.0,
volcanoes-a3,rfc-nosuite,0.99,1.0,0.0,0.0,1.0,0.89501312335958,1.0,1.0,
volcanoes-a3,rfc-nosuite,1.0,0.9210526315789473,0.0,0.0,0.9210526315789473,0.89501312335958,0.9210526315789473,0.9210526315789473,
volcanoes-a3,rfc-nosuite,0.99,1.0,0.0,0.0,1.0,0.89501312335958,1.0,1.0,1.0
volcanoes-a3,rfc-nosuite,0.95,1.0,0.0,0.0,1.0,0.89501312335958,1.0,1.0,1.0
volcanoes-a3,rfc-nosuite,1.0,0.9473684210526315,0.0,0.0,0.9473684210526315,0.89501312335958,0.9473684210526315,0.9473684210526315,
volcanoes-a3,rfc-nosuite,1.0,0.9736842105263158,0.0,0.0,0.9736842105263158,0.89501312335958,0.9736842105263158,0.9736842105263158,0.9736842105263158
volcanoes-a3,rfc-nosuite,0.95,0.7105263157894737,0.0,0.0,0.7631578947368421,0.89501312335958,0.7894736842105263,0.6578947368421053,0.7105263157894737
volcanoes-a3,rfc-nosuite,0.7,0.9210526315789473,0.0,0.0,0.9210526315789473,0.89501312335958,0.9210526315789473,0.8947368421052632,0.9210526315789473
volcanoes-a3,rfc-nosuite,0.59,0.631578947368421,0.0,0.0,0.7631578947368421,0.89501312335958,0.7894736842105263,0.5789473684210527,0.42105263157894735
volcanoes-a3,rfc-nosuite,0.9,0.9473684210526315,0.0,0.0,0.9210526315789473,0.89501312335958,0.9210526315789473,0.8157894736842105,
volcanoes-a3,rfc-nosuite,0.99,0.9473684210526315,0.0,0.0,0.9473684210526315,0.89501312335958,0.9473684210526315,0.9473684210526315,0.9473684210526315
volcanoes-a3,rfc-nosuite,0.99,0.9473684210526315,0.0,0.0,0.9473684210526315,0.89501312335958,0.9473684210526315,0.9473684210526315,0.9473684210526315
volcanoes-a3,rfc-nosuite,1.0,1.0,0.0,0.0,1.0,0.89501312335958,1.0,1.0,1.0
volcanoes-a3,rfc-nosuite,0.98,1.0,0.0,0.0,1.0,0.89501312335958,1.0,1.0,1.0
volcanoes-a3,rfc-nosuite,0.85,0.9473684210526315,0.0,0.0,0.9736842105263158,0.89501312335958,0.9736842105263158,0.9736842105263158,0.9736842105263158
volcanoes-a3,rfc-nosuite,1.0,1.0,0.0,0.0,1.0,0.89501312335958,1.0,1.0,
volcanoes-a3,rfc-nosuite,0.91,0.9473684210526315,0.0,0.0,0.9473684210526315,0.89501312335958,0.9473684210526315,0.8947368421052632,0.868421052631579
volcanoes-a3,rfc-nosuite,1.0,0.9736842105263158,0.0,0.0,0.9736842105263158,0.89501312335958,0.9736842105263158,0.9736842105263158,0.9736842105263158
volcanoes-a3,rfc-nosuite,0.79,0.7368421052631579,0.0,0.0,0.8157894736842105,0.89501312335958,0.8157894736842105,0.7105263157894737,0.7631578947368421
volcanoes-a3,rfc-nosuite,0.95,1.0,0.0,0.0,1.0,0.89501312335958,1.0,1.0,
volcanoes-a3,rfc-nosuite,0.97,1.0,0.0,0.0,1.0,0.89501312335958,1.0,1.0,1.0
volcanoes-a3,rfc-nosuite,0.49,0.8157894736842105,0.0,0.0,0.8157894736842105,0.89501312335958,0.8421052631578947,0.8157894736842105,
volcanoes-a3,rfc-nosuite,0.98,1.0,0.0,0.0,1.0,0.89501312335958,1.0,1.0,1.0
volcanoes-a3,rfc-nosuite,1.0,1.0,0.0,0.0,1.0,0.89501312335958,1.0,1.0,
volcanoes-a3,rfc-nosuite,0.98,1.0,0.0,0.0,1.0,0.89501312335958,1.0,1.0,1.0
volcanoes-a3,rfc-nosuite,0.99,1.0,0.0,0.0,1.0,0.89501312335958,1.0,1.0,1.0
volcanoes-a3,rfc-nosuite,1.0,1.0,0.0,0.0,1.0,0.89501312335958,1.0,1.0,1.0
volcanoes-a3,rfc-nosuite,0.72,0.8157894736842105,0.0,0.0,0.8157894736842105,0.89501312335958,0.8421052631578947,0.7368421052631579,0.7105263157894737
volcanoes-a3,rfc-nosuite,0.97,1.0,0.0,0.0,1.0,0.89501312335958,1.0,1.0,1.0
volcanoes-a3,rfc-nosuite,1.0,1.0,0.0,0.0,1.0,0.89501312335958,1.0,1.0,1.0
volcanoes-a3,rfc-nosuite,0.89,0.8421052631578947,0.0,0.0,0.8421052631578947,0.89501312335958,0.8421052631578947,0.7894736842105263,
volcanoes-a3,rfc-nosuite,0.98,0.7631578947368421,0.0,0.0,0.868421052631579,0.89501312335958,0.868421052631579,0.868421052631579,0.868421052631579
volcanoes-a3,rfc-nosuite,0.98,0.9736842105263158,0.0,0.0,0.9736842105263158,0.89501312335958,0.9736842105263158,0.9736842105263158,0.9736842105263158
volcanoes-a3,rfc-nosuite,0.94,0.7105263157894737,0.0,0.0,0.7631578947368421,0.89501312335958,0.7631578947368421,0.6842105263157895,
volcanoes-a3,rfc-nosuite,0.97,1.0,0.0,0.0,1.0,0.89501312335958,1.0,1.0,1.0
volcanoes-a3,rfc-nosuite,0.99,1.0,0.0,0.0,1.0,0.89501312335958,1.0,1.0,1.0
volcanoes-a3,rfc-nosuite,0.41,0.3684210526315789,0.0,0.0,0.39473684210526316,0.89501312335958,0.42105263157894735,0.07894736842105263,0.42105263157894735
volcanoes-a3,rfc-nosuite,0.98,1.0,0.0,0.0,1.0,0.89501312335958,1.0,1.0,1.0
volcanoes-a3,rfc-nosuite,1.0,1.0,0.0,0.0,1.0,0.89501312335958,1.0,1.0,1.0
volcanoes-a3,rfc-nosuite,0.96,0.9736842105263158,0.0,0.0,0.9736842105263158,0.89501312335958,0.9736842105263158,0.8947368421052632,0.9736842105263158
volcanoes-a3,rfc-nosuite,1.0,1.0,0.0,0.0,1.0,0.89501312335958,1.0,1.0,1.0
volcanoes-a3,rfc-nosuite,0.93,0.9736842105263158,0.0,0.0,0.9736842105263158,0.89501312335958,0.9736842105263158,0.9736842105263158,
volcanoes-a3,rfc-nosuite,1.0,1.0,0.0,0.0,1.0,0.89501312335958,1.0,1.0,
volcanoes-a3,rfc-nosuite,0.99,1.0,0.0,0.0,1.0,0.89501312335958,1.0,1.0,
volcanoes-a3,rfc-nosuite,1.0,0.9736842105263158,0.0,0.0,0.9736842105263158,0.89501312335958,0.9736842105263158,0.9736842105263158,0.9736842105263158
volcanoes-a4,rfc-nosuite,1.0,1.0,0.0,0.0,1.0,0.8944591029023746,1.0,1.0,
volcanoes-a4,rfc-nosuite,1.0,1.0,0.0,0.0,1.0,0.8944591029023746,1.0,1.0,
volcanoes-a4,rfc-nosuite,0.62,0.4864864864864865,0.0,0.0,0.4594594594594595,0.8944591029023746,0.2972972972972973,0.35135135135135137,0.35135135135135137
volcanoes-a4,rfc-nosuite,0.99,0.9459459459459459,0.0,0.0,0.9459459459459459,0.8944591029023746,0.9459459459459459,0.9459459459459459,0.9459459459459459
volcanoes-a4,rfc-nosuite,0.99,0.972972972972973,0.0,0.0,0.972972972972973,0.8944591029023746,0.972972972972973,0.972972972972973,
volcanoes-a4,rfc-nosuite,0.59,0.5675675675675675,0.0,0.0,0.6486486486486487,0.8944591029023746,0.40540540540540543,0.43243243243243246,0.3783783783783784
volcanoes-a4,rfc-nosuite,0.97,0.972972972972973,0.0,0.0,0.972972972972973,0.8944591029023746,0.972972972972973,0.972972972972973,0.972972972972973
volcanoes-a4,rfc-nosuite,0.88,0.918918918918919,0.0,0.0,0.8918918918918919,0.8944591029023746,0.8648648648648649,0.918918918918919,0.8918918918918919
volcanoes-a4,rfc-nosuite,0.92,0.9459459459459459,0.0,0.0,0.9459459459459459,0.8944591029023746,0.9459459459459459,0.9459459459459459,0.9459459459459459
volcanoes-a4,rfc-nosuite,1.0,1.0,0.0,0.0,1.0,0.8944591029023746,1.0,1.0,1.0
volcanoes-a4,rfc-nosuite,1.0,1.0,0.0,0.0,1.0,0.8944591029023746,1.0,1.0,1.0
volcanoes-a4,rfc-nosuite,0.98,0.972972972972973,0.0,0.0,0.9459459459459459,0.8944591029023746,0.972972972972973,0.7567567567567568,0.972972972972973
volcanoes-a4,rfc-nosuite,0.99,1.0,0.0,0.0,1.0,0.8944591029023746,1.0,,1.0
volcanoes-a4,rfc-nosuite,1.0,1.0,0.0,0.0,1.0,0.8944591029023746,1.0,1.0,1.0
volcanoes-a4,rfc-nosuite,1.0,0.972972972972973,0.0,0.0,0.972972972972973,0.8944591029023746,0.972972972972973,0.972972972972973,
volcanoes-a4,rfc-nosuite,1.0,0.972972972972973,0.0,0.0,0.972972972972973,0.8944591029023746,0.972972972972973,0.972972972972973,0.972972972972973
volcanoes-a4,rfc-nosuite,1.0,1.0,0.0,0.0,1.0,0.8944591029023746,1.0,1.0,1.0
volcanoes-a4,rfc-nosuite,1.0,1.0,0.0,0.0,1.0,0.8944591029023746,1.0,1.0,1.0
volcanoes-a4,rfc-nosuite,1.0,0.972972972972973,0.0,0.0,0.972972972972973,0.8944591029023746,0.972972972972973,0.972972972972973,0.972972972972973
volcanoes-a4,rfc-nosuite,1.0,1.0,0.0,0.0,1.0,0.8944591029023746,1.0,1.0,1.0
volcanoes-a4,rfc-nosuite,0.99,0.972972972972973,0.0,0.0,0.972972972972973,0.8944591029023746,0.972972972972973,0.972972972972973,0.972972972972973
volcanoes-a4,rfc-nosuite,0.44,0.32432432432432434,0.0,0.0,0.4594594594594595,0.8944591029023746,0.2702702702702703,0.35135135135135137,0.32432432432432434
volcanoes-a4,rfc-nosuite,1.0,1.0,0.0,0.0,1.0,0.8944591029023746,1.0,1.0,1.0
volcanoes-a4,rfc-nosuite,1.0,1.0,0.0,0.0,1.0,0.8944591029023746,1.0,1.0,
volcanoes-a4,rfc-nosuite,0.85,0.6216216216216216,0.0,0.0,0.7027027027027027,0.8944591029023746,0.7027027027027027,0.6756756756756757,0.7027027027027027
volcanoes-a4,rfc-nosuite,1.0,0.972972972972973,0.0,0.0,0.972972972972973,0.8944591029023746,0.972972972972973,0.972972972972973,0.972972972972973
volcanoes-a4,rfc-nosuite,1.0,0.972972972972973,0.0,0.0,0.972972972972973,0.8944591029023746,0.972972972972973,0.972972972972973,0.972972972972973
volcanoes-a4,rfc-nosuite,0.31,0.40540540540540543,0.0,0.0,0.43243243243243246,0.8944591029023746,0.32432432432432434,0.32432432432432434,0.32432432432432434
volcanoes-a4,rfc-nosuite,0.98,0.9459459459459459,0.0,0.0,0.9459459459459459,0.8944591029023746,0.9459459459459459,0.9459459459459459,0.9459459459459459
volcanoes-a4,rfc-nosuite,0.83,0.972972972972973,0.0,0.0,0.972972972972973,0.8944591029023746,0.972972972972973,0.972972972972973,
volcanoes-a4,rfc-nosuite,0.65,0.9459459459459459,0.0,0.0,0.9459459459459459,0.8944591029023746,0.9459459459459459,0.9459459459459459,
volcanoes-a4,rfc-nosuite,0.99,0.972972972972973,0.0,0.0,0.972972972972973,0.8944591029023746,0.972972972972973,0.972972972972973,0.972972972972973
volcanoes-a4,rfc-nosuite,0.82,0.7567567567567568,0.0,0.0,0.8378378378378378,0.8944591029023746,0.8648648648648649,0.4864864864864865,
volcanoes-a4,rfc-nosuite,0.99,0.8648648648648649,0.0,0.0,0.8648648648648649,0.8944591029023746,0.8918918918918919,0.8918918918918919,
volcanoes-a4,rfc-nosuite,0.39,0.5945945945945946,0.0,0.0,0.5405405405405406,0.8944591029023746,0.4594594594594595,0.43243243243243246,0.5675675675675675
volcanoes-a4,rfc-nosuite,0.84,0.8918918918918919,0.0,0.0,0.9459459459459459,0.8944591029023746,0.9459459459459459,0.9459459459459459,
volcanoes-a4,rfc-nosuite,0.81,0.972972972972973,0.0,0.0,0.972972972972973,0.8944591029023746,0.972972972972973,0.972972972972973,0.972972972972973
volcanoes-a4,rfc-nosuite,1.0,1.0,0.0,0.0,1.0,0.8944591029023746,1.0,1.0,
volcanoes-a4,rfc-nosuite,0.96,1.0,0.0,0.0,1.0,0.8944591029023746,1.0,1.0,1.0
volcanoes-a4,rfc-nosuite,0.49,0.35135135135135137,0.0,0.0,0.6216216216216216,0.8944591029023746,0.4594594594594595,0.35135135135135137,0.5135135135135135
volcanoes-a4,rfc-nosuite,1.0,1.0,0.0,0.0,1.0,0.8944591029023746,1.0,1.0,1.0
volcanoes-a4,rfc-nosuite,0.91,0.6486486486486487,0.0,0.0,0.7297297297297297,0.8944591029023746,0.6756756756756757,0.5675675675675675,0.7567567567567568
volcanoes-a4,rfc-nosuite,0.97,0.918918918918919,0.0,0.0,0.918918918918919,0.8944591029023746,0.918918918918919,0.918918918918919,0.918918918918919
volcanoes-a4,rfc-nosuite,0.98,0.9459459459459459,0.0,0.0,0.9459459459459459,0.8944591029023746,0.9459459459459459,0.9459459459459459,0.9459459459459459
volcanoes-a4,rfc-nosuite,0.96,0.972972972972973,0.0,0.0,0.972972972972973,0.8944591029023746,0.972972972972973,0.9459459459459459,0.972972972972973
volcanoes-a4,rfc-nosuite,1.0,0.972972972972973,0.0,0.0,0.9459459459459459,0.8944591029023746,0.972972972972973,0.972972972972973,
volcanoes-a4,rfc-nosuite,0.93,1.0,0.0,0.0,1.0,0.8944591029023746,1.0,1.0,1.0
volcanoes-a4,rfc-nosuite,0.94,0.972972972972973,0.0,0.0,1.0,0.8944591029023746,1.0,1.0,
volcanoes-a4,rfc-nosuite,0.84,0.9459459459459459,0.0,0.0,0.9459459459459459,0.8944591029023746,0.9459459459459459,0.9459459459459459,0.9459459459459459
volcanoes-a4,rfc-nosuite,1.0,1.0,0.0,0.0,1.0,0.8944591029023746,1.0,1.0,1.0
volcanoes-e1,rfc-nosuite,1.0,0.9655172413793104,0.0,0.0,0.9655172413793104,0.9155405405405406,0.9655172413793104,0.9655172413793104,
volcanoes-e1,rfc-nosuite,0.97,1.0,0.0,0.0,1.0,0.9155405405405406,1.0,,1.0
volcanoes-e1,rfc-nosuite,1.0,1.0,0.0,0.0,1.0,0.9155405405405406,1.0,,1.0
volcanoes-e1,rfc-nosuite,1.0,1.0,0.0,0.0,1.0,0.9155405405405406,1.0,1.0,1.0
volcanoes-e1,rfc-nosuite,1.0,1.0,0.0,0.0,1.0,0.9155405405405406,1.0,1.0,
volcanoes-e1,rfc-nosuite,0.76,0.6551724137931034,0.0,0.0,0.7586206896551724,0.9155405405405406,0.7241379310344828,0.6896551724137931,0.4482758620689655
volcanoes-e1,rfc-nosuite,1.0,1.0,0.0,0.0,1.0,0.9155405405405406,1.0,,
volcanoes-e1,rfc-nosuite,0.99,1.0,0.0,0.0,1.0,0.9155405405405406,1.0,,1.0
volcanoes-e1,rfc-nosuite,1.0,1.0,0.0,0.0,1.0,0.9155405405405406,1.0,,
volcanoes-e1,rfc-nosuite,0.86,0.896551724137931,0.0,0.0,0.896551724137931,0.9155405405405406,0.896551724137931,0.896551724137931,
volcanoes-e1,rfc-nosuite,1.0,0.896551724137931,0.0,0.0,0.896551724137931,0.9155405405405406,0.896551724137931,0.896551724137931,
volcanoes-e1,rfc-nosuite,0.89,0.8620689655172413,0.0,0.0,0.8620689655172413,0.9155405405405406,0.8620689655172413,,0.8620689655172413
volcanoes-e1,rfc-nosuite,0.85,1.0,0.0,0.0,1.0,0.9155405405405406,1.0,,
volcanoes-e1,rfc-nosuite,0.56,0.6896551724137931,0.0,0.0,0.7241379310344828,0.9155405405405406,0.7586206896551724,0.3793103448275862,0.7586206896551724
volcanoes-e1,rfc-nosuite,0.94,0.896551724137931,0.0,0.0,0.896551724137931,0.9155405405405406,0.896551724137931,0.896551724137931,
volcanoes-e1,rfc-nosuite,0.98,1.0,0.0,0.0,1.0,0.9155405405405406,1.0,,
volcanoes-e1,rfc-nosuite,0.92,1.0,0.0,0.0,1.0,0.9155405405405406,1.0,1.0,1.0
volcanoes-e1,rfc-nosuite,1.0,0.9655172413793104,0.0,0.0,0.9655172413793104,0.9155405405405406,0.9655172413793104,,
volcanoes-e1,rfc-nosuite,0.97,0.8275862068965517,0.0,0.0,0.9655172413793104,0.9155405405405406,0.9655172413793104,0.9310344827586207,0.9655172413793104
volcanoes-e1,rfc-nosuite,0.9,0.6206896551724138,0.0,0.0,0.6551724137931034,0.9155405405405406,0.6551724137931034,0.3103448275862069,
volcanoes-e1,rfc-nosuite,0.99,0.9310344827586207,0.0,0.0,0.9310344827586207,0.9155405405405406,0.9310344827586207,0.9310344827586207,0.9310344827586207
volcanoes-e1,rfc-nosuite,1.0,1.0,0.0,0.0,1.0,0.9155405405405406,1.0,1.0,
volcanoes-e1,rfc-nosuite,0.95,0.896551724137931,0.0,0.0,0.9310344827586207,0.9155405405405406,0.9310344827586207,0.5862068965517241,0.9310344827586207
volcanoes-e1,rfc-nosuite,0.74,0.6551724137931034,0.0,0.0,0.7241379310344828,0.9155405405405406,0.8620689655172413,0.7241379310344828,0.7586206896551724
volcanoes-e1,rfc-nosuite,0.59,0.7241379310344828,0.0,0.0,0.7241379310344828,0.9155405405405406,0.7241379310344828,,0.5517241379310345
volcanoes-e1,rfc-nosuite,0.98,1.0,0.0,0.0,1.0,0.9155405405405406,1.0,0.7931034482758621,
volcanoes-e1,rfc-nosuite,0.98,0.9655172413793104,0.0,0.0,0.9655172413793104,0.9155405405405406,0.9655172413793104,0.9655172413793104,
volcanoes-e1,rfc-nosuite,1.0,1.0,0.0,0.0,1.0,0.9155405405405406,1.0,1.0,
volcanoes-e1,rfc-nosuite,1.0,0.9655172413793104,0.0,0.0,1.0,0.9155405405405406,1.0,1.0,1.0
volcanoes-e1,rfc-nosuite,0.84,0.8620689655172413,0.0,0.0,0.8620689655172413,0.9155405405405406,0.8620689655172413,0.8275862068965517,0.7586206896551724
volcanoes-e1,rfc-nosuite,0.97,1.0,0.0,0.0,1.0,0.9155405405405406,1.0,,1.0
volcanoes-e1,rfc-nosuite,0.84,0.7586206896551724,0.0,0.0,0.8620689655172413,0.9155405405405406,0.8620689655172413,0.6551724137931034,0.6896551724137931
volcanoes-e1,rfc-nosuite,1.0,0.9655172413793104,0.0,0.0,0.9655172413793104,0.9155405405405406,0.9655172413793104,,
volcanoes-e1,rfc-nosuite,0.93,0.8620689655172413,0.0,0.0,0.9310344827586207,0.9155405405405406,0.9310344827586207,0.8275862068965517,0.8275862068965517
volcanoes-e1,rfc-nosuite,0.5,0.8620689655172413,0.0,0.0,0.896551724137931,0.9155405405405406,0.8620689655172413,0.41379310344827586,0.8275862068965517
volcanoes-e1,rfc-nosuite,1.0,0.9655172413793104,0.0,0.0,0.9655172413793104,0.9155405405405406,0.9655172413793104,0.9655172413793104,0.9655172413793104
volcanoes-e1,rfc-nosuite,0.78,0.9310344827586207,0.0,0.0,0.9655172413793104,0.9155405405405406,0.9655172413793104,,0.9310344827586207
volcanoes-e1,rfc-nosuite,0.96,0.9655172413793104,0.0,0.0,0.9655172413793104,0.9155405405405406,0.9655172413793104,0.8275862068965517,
volcanoes-e1,rfc-nosuite,0.85,0.7931034482758621,0.0,0.0,0.7931034482758621,0.9155405405405406,0.7931034482758621,0.5862068965517241,0.7931034482758621
volcanoes-e1,rfc-nosuite,0.57,0.7586206896551724,0.0,0.0,0.6896551724137931,0.9155405405405406,0.7586206896551724,0.41379310344827586,0.4827586206896552
volcanoes-e1,rfc-nosuite,0.98,1.0,0.0,0.0,1.0,0.9155405405405406,1.0,1.0,1.0
volcanoes-e1,rfc-nosuite,1.0,1.0,0.0,0.0,1.0,0.9155405405405406,1.0,1.0,1.0
volcanoes-e1,rfc-nosuite,0.99,1.0,0.0,0.0,1.0,0.9155405405405406,1.0,1.0,1.0
volcanoes-e1,rfc-nosuite,0.97,0.9655172413793104,0.0,0.0,0.9655172413793104,0.9155405405405406,0.9655172413793104,,
volcanoes-e1,rfc-nosuite,0.5,0.7931034482758621,0.0,0.0,0.7931034482758621,0.9155405405405406,0.7931034482758621,,0.6551724137931034
volcanoes-e1,rfc-nosuite,1.0,1.0,0.0,0.0,1.0,0.9155405405405406,1.0,1.0,
volcanoes-e1,rfc-nosuite,1.0,1.0,0.0,0.0,1.0,0.9155405405405406,1.0,1.0,1.0
volcanoes-e1,rfc-nosuite,0.99,0.8275862068965517,0.0,0.0,0.9655172413793104,0.9155405405405406,0.9655172413793104,,
volcanoes-e1,rfc-nosuite,0.95,0.9310344827586207,0.0,0.0,0.9310344827586207,0.9155405405405406,0.9310344827586207,0.9310344827586207,
volcanoes-e1,rfc-nosuite,0.97,1.0,0.0,0.0,1.0,0.9155405405405406,1.0,0.7241379310344828,1.0
volcanoes-e2,rfc-nosuite,1.0,1.0,0.0,0.0,1.0,0.9148148148148149,1.0,,1.0
volcanoes-e2,rfc-nosuite,0.93,0.8518518518518519,0.0,0.0,0.9629629629629629,0.9148148148148149,0.9629629629629629,,
volcanoes-e2,rfc-nosuite,0.96,0.9629629629629629,0.0,0.0,0.9629629629629629,0.9148148148148149,0.9629629629629629,0.9629629629629629,0.9629629629629629
volcanoes-e2,rfc-nosuite,0.98,0.9629629629629629,0.0,0.0,0.9629629629629629,0.9148148148148149,0.9629629629629629,,0.9629629629629629
volcanoes-e2,rfc-nosuite,1.0,1.0,0.0,0.0,1.0,0.9148148148148149,1.0,,1.0
volcanoes-e2,rfc-nosuite,0.95,1.0,0.0,0.0,1.0,0.9148148148148149,1.0,,
volcanoes-e2,rfc-nosuite,0.98,1.0,0.0,0.0,1.0,0.9148148148148149,1.0,1.0,
volcanoes-e2,rfc-nosuite,0.97,0.8518518518518519,0.0,0.0,0.8518518518518519,0.9148148148148149,0.8518518518518519,,0.8518518518518519
volcanoes-e2,rfc-nosuite,0.98,0.8888888888888888,0.0,0.0,0.9629629629629629,0.9148148148148149,0.9629629629629629,,
volcanoes-e2,rfc-nosuite,0.76,0.6296296296296297,0.0,0.0,0.7407407407407407,0.9148148148148149,0.7037037037037037,,0.7037037037037037
volcanoes-e2,rfc-nosuite,0.96,0.8518518518518519,0.0,0.0,0.8888888888888888,0.9148148148148149,0.8888888888888888,,
volcanoes-e2,rfc-nosuite,0.96,1.0,0.0,0.0,1.0,0.9148148148148149,1.0,,1.0
volcanoes-e2,rfc-nosuite,0.96,0.9629629629629629,0.0,0.0,0.9629629629629629,0.9148148148148149,0.9629629629629629,0.9629629629629629,0.9629629629629629
volcanoes-e2,rfc-nosuite,0.91,0.8518518518518519,0.0,0.0,0.8518518518518519,0.9148148148148149,0.8518518518518519,,0.8518518518518519
volcanoes-e2,rfc-nosuite,1.0,1.0,0.0,0.0,1.0,0.9148148148148149,1.0,,
volcanoes-e2,rfc-nosuite,0.98,0.9629629629629629,0.0,0.0,0.9629629629629629,0.9148148148148149,0.9629629629629629,,
volcanoes-e2,rfc-nosuite,1.0,1.0,0.0,0.0,1.0,0.9148148148148149,1.0,,1.0
volcanoes-e2,rfc-nosuite,0.77,0.8518518518518519,0.0,0.0,0.8518518518518519,0.9148148148148149,0.8518518518518519,,
volcanoes-e2,rfc-nosuite,0.99,0.9259259259259259,0.0,0.0,0.9259259259259259,0.9148148148148149,0.9259259259259259,,0.9259259259259259
volcanoes-e2,rfc-nosuite,0.97,0.9629629629629629,0.0,0.0,0.9629629629629629,0.9148148148148149,0.9629629629629629,,
volcanoes-e2,rfc-nosuite,0.98,0.9629629629629629,0.0,0.0,0.9629629629629629,0.9148148148148149,0.9629629629629629,,0.9629629629629629
volcanoes-e2,rfc-nosuite,0.88,0.9259259259259259,0.0,0.0,0.9259259259259259,0.9148148148148149,0.9259259259259259,,0.9259259259259259
volcanoes-e2,rfc-nosuite,0.92,0.9629629629629629,0.0,0.0,0.9259259259259259,0.9148148148148149,0.9259259259259259,0.9259259259259259,
volcanoes-e2,rfc-nosuite,0.36,0.5925925925925926,0.0,0.0,0.7037037037037037,0.9148148148148149,0.7037037037037037,,0.2962962962962963
volcanoes-e2,rfc-nosuite,1.0,0.9629629629629629,0.0,0.0,0.9629629629629629,0.9148148148148149,0.9629629629629629,,0.9629629629629629
volcanoes-e2,rfc-nosuite,1.0,0.9259259259259259,0.0,0.0,0.9629629629629629,0.9148148148148149,0.9629629629629629,,
volcanoes-e2,rfc-nosuite,1.0,0.9629629629629629,0.0,0.0,0.9629629629629629,0.9148148148148149,0.9629629629629629,,0.9629629629629629
volcanoes-e2,rfc-nosuite,1.0,1.0,0.0,0.0,1.0,0.9148148148148149,1.0,,1.0
volcanoes-e2,rfc-nosuite,0.71,0.7037037037037037,0.0,0.0,0.7407407407407407,0.9148148148148149,0.7407407407407407,,0.7037037037037037
volcanoes-e2,rfc-nosuite,0.97,1.0,0.0,0.0,1.0,0.9148148148148149,1.0,,
volcanoes-e2,rfc-nosuite,0.98,0.9259259259259259,0.0,0.0,0.9259259259259259,0.9148148148148149,0.9259259259259259,,0.9259259259259259
volcanoes-e2,rfc-nosuite,0.96,0.9259259259259259,0.0,0.0,0.9259259259259259,0.9148148148148149,0.9629629629629629,,
volcanoes-e2,rfc-nosuite,1.0,0.8888888888888888,0.0,0.0,0.8888888888888888,0.9148148148148149,0.8888888888888888,,0.8888888888888888
volcanoes-e2,rfc-nosuite,0.99,0.9629629629629629,0.0,0.0,0.9629629629629629,0.9148148148148149,0.9629629629629629,,
volcanoes-e2,rfc-nosuite,0.98,1.0,0.0,0.0,1.0,0.9148148148148149,1.0,,1.0
volcanoes-e2,rfc-nosuite,0.96,0.9259259259259259,0.0,0.0,0.9259259259259259,0.9148148148148149,0.9259259259259259,,0.9259259259259259
volcanoes-e2,rfc-nosuite,0.98,0.9629629629629629,0.0,0.0,0.9629629629629629,0.9148148148148149,0.9629629629629629,,
volcanoes-e2,rfc-nosuite,0.98,0.9629629629629629,0.0,0.0,0.9629629629629629,0.9148148148148149,0.9629629629629629,,0.9629629629629629
volcanoes-e2,rfc-nosuite,0.97,0.7777777777777778,0.0,0.0,0.7407407407407407,0.9148148148148149,0.7407407407407407,,
volcanoes-e2,rfc-nosuite,1.0,1.0,0.0,0.0,1.0,0.9148148148148149,1.0,,
volcanoes-e2,rfc-nosuite,1.0,1.0,0.0,0.0,1.0,0.9148148148148149,1.0,,1.0
volcanoes-e2,rfc-nosuite,0.97,0.8888888888888888,0.0,0.0,0.9259259259259259,0.9148148148148149,0.9259259259259259,,0.9259259259259259
volcanoes-e2,rfc-nosuite,0.45,0.48148148148148145,0.0,0.0,0.5555555555555556,0.9148148148148149,0.5555555555555556,,0.5185185185185185
volcanoes-e2,rfc-nosuite,1.0,0.8888888888888888,0.0,0.0,0.8888888888888888,0.9148148148148149,0.8888888888888888,,0.8888888888888888
volcanoes-e2,rfc-nosuite,0.98,0.8888888888888888,0.0,0.0,0.8888888888888888,0.9148148148148149,0.8888888888888888,,
volcanoes-e2,rfc-nosuite,0.83,0.9259259259259259,0.0,0.0,0.9629629629629629,0.9148148148148149,0.9629629629629629,,0.9629629629629629
volcanoes-e2,rfc-nosuite,0.54,0.7037037037037037,0.0,0.0,0.8148148148148148,0.9148148148148149,0.7777777777777778,,0.7777777777777778
volcanoes-e2,rfc-nosuite,0.96,0.9259259259259259,0.0,0.0,0.9629629629629629,0.9148148148148149,0.9629629629629629,,0.9259259259259259
volcanoes-e2,rfc-nosuite,1.0,0.9629629629629629,0.0,0.0,0.9629629629629629,0.9148148148148149,0.9629629629629629,,0.9629629629629629
volcanoes-e2,rfc-nosuite,0.99,0.9629629629629629,0.0,0.0,0.9629629629629629,0.9148148148148149,0.9629629629629629,,
volcanoes-e3,rfc-nosuite,0.99,1.0,0.0,0.0,1.0,0.915625,1.0,,
volcanoes-e3,rfc-nosuite,0.93,0.8125,0.0,0.0,0.84375,0.915625,0.84375,,0.84375
volcanoes-e3,rfc-nosuite,0.99,1.0,0.0,0.0,1.0,0.915625,1.0,,
volcanoes-e3,rfc-nosuite,1.0,0.96875,0.0,0.0,0.96875,0.915625,0.96875,,
volcanoes-e3,rfc-nosuite,0.87,0.96875,0.0,0.0,0.96875,0.915625,0.96875,,
volcanoes-e3,rfc-nosuite,0.83,1.0,0.0,0.0,1.0,0.915625,1.0,,0.96875
volcanoes-e3,rfc-nosuite,1.0,0.84375,0.0,0.0,0.9375,0.915625,0.9375,,0.9375
volcanoes-e3,rfc-nosuite,1.0,1.0,0.0,0.0,1.0,0.915625,1.0,,
volcanoes-e3,rfc-nosuite,0.95,0.90625,0.0,0.0,0.9375,0.915625,0.9375,,
volcanoes-e3,rfc-nosuite,0.57,0.75,0.0,0.0,0.78125,0.915625,0.78125,0.59375,0.71875
volcanoes-e3,rfc-nosuite,1.0,1.0,0.0,0.0,1.0,0.915625,1.0,,1.0
volcanoes-e3,rfc-nosuite,0.96,0.96875,0.0,0.0,0.96875,0.915625,0.96875,0.96875,
volcanoes-e3,rfc-nosuite,0.99,0.96875,0.0,0.0,0.96875,0.915625,0.96875,,
volcanoes-e3,rfc-nosuite,1.0,0.96875,0.0,0.0,0.96875,0.915625,0.96875,0.96875,0.96875
volcanoes-e3,rfc-nosuite,1.0,0.96875,0.0,0.0,0.96875,0.915625,0.96875,,0.96875
volcanoes-e3,rfc-nosuite,0.99,1.0,0.0,0.0,1.0,0.915625,1.0,1.0,
volcanoes-e3,rfc-nosuite,1.0,1.0,0.0,0.0,1.0,0.915625,1.0,,1.0
volcanoes-e3,rfc-nosuite,0.81,0.90625,0.0,0.0,0.875,0.915625,0.84375,,0.75
volcanoes-e3,rfc-nosuite,0.99,0.9375,0.0,0.0,0.96875,0.915625,0.96875,,0.9375
volcanoes-e3,rfc-nosuite,1.0,1.0,0.0,0.0,1.0,0.915625,1.0,,
volcanoes-e3,rfc-nosuite,0.94,1.0,0.0,0.0,1.0,0.915625,1.0,,1.0
volcanoes-e3,rfc-nosuite,0.98,1.0,0.0,0.0,1.0,0.915625,1.0,,
volcanoes-e3,rfc-nosuite,1.0,0.90625,0.0,0.0,0.96875,0.915625,0.96875,,
volcanoes-e3,rfc-nosuite,0.99,0.96875,0.0,0.0,0.96875,0.915625,0.96875,,0.96875
volcanoes-e3,rfc-nosuite,0.94,0.84375,0.0,0.0,0.875,0.915625,0.875,,0.875
volcanoes-e3,rfc-nosuite,1.0,0.96875,0.0,0.0,0.96875,0.915625,0.96875,,
volcanoes-e3,rfc-nosuite,0.99,0.9375,0.0,0.0,0.9375,0.915625,0.9375,0.9375,0.9375
volcanoes-e3,rfc-nosuite,0.96,0.90625,0.0,0.0,0.90625,0.915625,0.9375,,0.875
volcanoes-e3,rfc-nosuite,0.99,1.0,0.0,0.0,1.0,0.915625,1.0,,1.0
volcanoes-e3,rfc-nosuite,0.99,1.0,0.0,0.0,1.0,0.915625,1.0,,1.0
volcanoes-e3,rfc-nosuite,0.78,0.78125,0.0,0.0,0.875,0.915625,0.90625,,0.65625
volcanoes-e3,rfc-nosuite,0.97,0.96875,0.0,0.0,0.96875,0.915625,0.96875,,
volcanoes-e3,rfc-nosuite,0.99,1.0,0.0,0.0,1.0,0.915625,1.0,,1.0
volcanoes-e3,rfc-nosuite,0.99,0.96875,0.0,0.0,0.96875,0.915625,0.96875,0.90625,0.96875
volcanoes-e3,rfc-nosuite,0.94,1.0,0.0,0.0,1.0,0.915625,1.0,,
volcanoes-e3,rfc-nosuite,0.82,1.0,0.0,0.0,1.0,0.915625,1.0,,1.0
volcanoes-e3,rfc-nosuite,1.0,1.0,0.0,0.0,1.0,0.915625,1.0,,1.0
volcanoes-e3,rfc-nosuite,0.98,0.9375,0.0,0.0,0.9375,0.915625,0.96875,,
volcanoes-e3,rfc-nosuite,0.99,1.0,0.0,0.0,1.0,0.915625,1.0,,1.0
volcanoes-e3,rfc-nosuite,1.0,0.96875,0.0,0.0,0.96875,0.915625,0.96875,,
volcanoes-e3,rfc-nosuite,1.0,0.96875,0.0,0.0,0.96875,0.915625,0.96875,,
volcanoes-e3,rfc-nosuite,0.66,0.71875,0.0,0.0,0.71875,0.915625,0.71875,0.65625,0.59375
volcanoes-e3,rfc-nosuite,1.0,1.0,0.0,0.0,1.0,0.915625,1.0,,
volcanoes-e3,rfc-nosuite,0.95,0.96875,0.0,0.0,0.96875,0.915625,0.96875,,
volcanoes-e3,rfc-nosuite,1.0,1.0,0.0,0.0,1.0,0.915625,1.0,,
volcanoes-e3,rfc-nosuite,0.95,0.9375,0.0,0.0,0.9375,0.915625,0.9375,,
volcanoes-e3,rfc-nosuite,0.96,0.875,0.0,0.0,0.9375,0.915625,0.96875,,
volcanoes-e3,rfc-nosuite,1.0,1.0,0.0,0.0,1.0,0.915625,1.0,,
volcanoes-e3,rfc-nosuite,0.98,0.90625,0.0,0.0,0.9375,0.915625,0.9375,,
volcanoes-e3,rfc-nosuite,0.95,0.9375,0.0,0.0,0.9375,0.915625,0.9375,,0.9375
yeast,rfc-nosuite,0.43,0.5405405405405406,0.0,0.0,0.5675675675675675,0.6226415094339622,0.5405405405405406,,0.6756756756756757
yeast,rfc-nosuite,0.79,0.43243243243243246,0.0,0.0,0.6216216216216216,0.6226415094339622,0.5405405405405406,,0.5405405405405406
yeast,rfc-nosuite,0.7,0.4864864864864865,0.0,0.0,0.5405405405405406,0.6226415094339622,0.5945945945945946,,0.5135135135135135
yeast,rfc-nosuite,0.74,0.6756756756756757,0.0,0.0,0.5405405405405406,0.6226415094339622,0.5405405405405406,,0.5945945945945946
yeast,rfc-nosuite,0.8,0.5405405405405406,0.0,0.0,0.5405405405405406,0.6226415094339622,0.5945945945945946,,0.5945945945945946
yeast,rfc-nosuite,0.42,0.4594594594594595,0.0,0.0,0.32432432432432434,0.6226415094339622,0.40540540540540543,,0.40540540540540543
yeast,rfc-nosuite,0.67,0.5405405405405406,0.0,0.0,0.6486486486486487,0.6226415094339622,0.5945945945945946,,0.7297297297297297
yeast,rfc-nosuite,0.47,0.4864864864864865,0.0,0.0,0.7297297297297297,0.6226415094339622,0.7027027027027027,,0.43243243243243246
yeast,rfc-nosuite,0.57,0.4864864864864865,0.0,0.0,0.3783783783783784,0.6226415094339622,0.4594594594594595,,0.43243243243243246
yeast,rfc-nosuite,0.72,0.5135135135135135,0.0,0.0,0.6756756756756757,0.6226415094339622,0.7837837837837838,,0.8108108108108109
yeast,rfc-nosuite,0.86,0.7567567567567568,0.0,0.0,0.7837837837837838,0.6226415094339622,0.7837837837837838,,0.8108108108108109
yeast,rfc-nosuite,0.86,0.6486486486486487,0.0,0.0,0.5135135135135135,0.6226415094339622,0.5405405405405406,,0.7297297297297297
yeast,rfc-nosuite,0.59,0.6486486486486487,0.0,0.0,0.6216216216216216,0.6226415094339622,0.7027027027027027,,0.5675675675675675
yeast,rfc-nosuite,0.55,0.6216216216216216,0.0,0.0,0.5945945945945946,0.6226415094339622,0.5945945945945946,,0.4864864864864865
yeast,rfc-nosuite,0.72,0.43243243243243246,0.0,0.0,0.5945945945945946,0.6226415094339622,0.6486486486486487,,0.7027027027027027
yeast,rfc-nosuite,0.48,0.5675675675675675,0.0,0.0,0.6216216216216216,0.6226415094339622,0.5135135135135135,,0.5945945945945946
yeast,rfc-nosuite,0.56,0.5405405405405406,0.0,0.0,0.4864864864864865,0.6226415094339622,0.5135135135135135,,0.5945945945945946
yeast,rfc-nosuite,0.73,0.5405405405405406,0.0,0.0,0.21621621621621623,0.6226415094339622,0.5135135135135135,,0.5675675675675675
yeast,rfc-nosuite,0.6,0.5405405405405406,0.0,0.0,0.4594594594594595,0.6226415094339622,0.5405405405405406,,0.4864864864864865
yeast,rfc-nosuite,0.64,0.32432432432432434,0.0,0.0,0.6486486486486487,0.6226415094339622,0.7027027027027027,,0.7027027027027027
yeast,rfc-nosuite,0.77,0.6216216216216216,0.0,0.0,0.6756756756756757,0.6226415094339622,0.6216216216216216,,0.7837837837837838
yeast,rfc-nosuite,0.74,0.3783783783783784,0.0,0.0,0.2702702702702703,0.6226415094339622,0.43243243243243246,,0.3783783783783784
yeast,rfc-nosuite,0.9,0.6486486486486487,0.0,0.0,0.6756756756756757,0.6226415094339622,0.5675675675675675,,0.5945945945945946
yeast,rfc-nosuite,0.42,0.35135135135135137,0.0,0.0,0.40540540540540543,0.6226415094339622,0.5405405405405406,,0.5675675675675675
yeast,rfc-nosuite,0.54,0.43243243243243246,0.0,0.0,0.5675675675675675,0.6226415094339622,0.5945945945945946,,0.4864864864864865
yeast,rfc-nosuite,0.4,0.2972972972972973,0.0,0.0,0.3783783783783784,0.6226415094339622,0.5945945945945946,,0.43243243243243246
yeast,rfc-nosuite,0.52,0.4594594594594595,0.0,0.0,0.5135135135135135,0.6226415094339622,0.5405405405405406,,0.4864864864864865
yeast,rfc-nosuite,0.51,0.4864864864864865,0.0,0.0,0.4594594594594595,0.6226415094339622,0.7027027027027027,,0.7027027027027027
yeast,rfc-nosuite,0.78,0.4864864864864865,0.0,0.0,0.7027027027027027,0.6226415094339622,0.7297297297297297,,0.8108108108108109
yeast,rfc-nosuite,0.64,0.5945945945945946,0.0,0.0,0.5135135135135135,0.6226415094339622,0.4864864864864865,,0.5135135135135135
yeast,rfc-nosuite,0.51,0.2972972972972973,0.0,0.0,0.2972972972972973,0.6226415094339622,0.4864864864864865,,0.5405405405405406
yeast,rfc-nosuite,0.75,0.5405405405405406,0.0,0.0,0.4864864864864865,0.6226415094339622,0.7567567567567568,,0.7297297297297297
yeast,rfc-nosuite,0.32,0.5405405405405406,0.0,0.0,0.6486486486486487,0.6226415094339622,0.7297297297297297,,0.7837837837837838
yeast,rfc-nosuite,0.37,0.5405405405405406,0.0,0.0,0.5135135135135135,0.6226415094339622,0.4864864864864865,,0.5675675675675675
yeast,rfc-nosuite,0.63,0.43243243243243246,0.0,0.0,0.40540540540540543,0.6226415094339622,0.40540540540540543,,0.4864864864864865
yeast,rfc-nosuite,0.45,0.40540540540540543,0.0,0.0,0.4594594594594595,0.6226415094339622,0.4864864864864865,,0.5405405405405406
yeast,rfc-nosuite,0.42,0.5135135135135135,0.0,0.0,0.35135135135135137,0.6226415094339622,0.5135135135135135,,0.43243243243243246
yeast,rfc-nosuite,0.92,0.6756756756756757,0.0,0.0,0.5945945945945946,0.6226415094339622,0.7297297297297297,,0.6756756756756757
yeast,rfc-nosuite,0.73,0.5675675675675675,0.0,0.0,0.4594594594594595,0.6226415094339622,0.5405405405405406,,0.5405405405405406
yeast,rfc-nosuite,0.44,0.4594594594594595,0.0,0.0,0.5945945945945946,0.6226415094339622,0.5945945945945946,,0.6486486486486487
yeast,rfc-nosuite,0.64,0.4864864864864865,0.0,0.0,0.4864864864864865,0.6226415094339622,0.6216216216216216,,0.5945945945945946
yeast,rfc-nosuite,0.57,0.4594594594594595,0.0,0.0,0.4864864864864865,0.6226415094339622,0.5405405405405406,,0.4864864864864865
yeast,rfc-nosuite,0.47,0.43243243243243246,0.0,0.0,0.3783783783783784,0.6226415094339622,0.4594594594594595,,0.5135135135135135
yeast,rfc-nosuite,0.56,0.5135135135135135,0.0,0.0,0.5405405405405406,0.6226415094339622,0.6216216216216216,,0.5405405405405406
yeast,rfc-nosuite,0.76,0.40540540540540543,0.0,0.0,0.43243243243243246,0.6226415094339622,0.5135135135135135,,0.5675675675675675
yeast,rfc-nosuite,0.55,0.6486486486486487,0.0,0.0,0.4864864864864865,0.6226415094339622,0.43243243243243246,,0.5945945945945946
yeast,rfc-nosuite,0.41,0.43243243243243246,0.0,0.0,0.43243243243243246,0.6226415094339622,0.4594594594594595,,0.5405405405405406
yeast,rfc-nosuite,0.55,0.43243243243243246,0.0,0.0,0.6216216216216216,0.6226415094339622,0.7837837837837838,,0.6486486486486487
yeast,rfc-nosuite,0.79,0.6486486486486487,0.0,0.0,0.5945945945945946,0.6226415094339622,0.5675675675675675,,0.6756756756756757
yeast,rfc-nosuite,0.85,0.6216216216216216,0.0,0.0,0.5945945945945946,0.6226415094339622,0.5675675675675675,,0.7567567567567568
rmftsa,rfc-nosuite,0.3562142857142858,0.48,0.0,0.0,0.52,0.48828125,0.56,0.2,0.6
rmftsa,rfc-nosuite,0.4576666666666667,0.52,0.0,0.0,0.44,0.48828125,0.28,0.36,0.32
rmftsa,rfc-nosuite,0.6425,0.44,0.0,0.0,0.48,0.48828125,0.4,0.4,0.28
rmftsa,rfc-nosuite,0.8478333333333333,0.4,0.0,0.0,0.52,0.48828125,0.52,0.52,0.36
rmftsa,rfc-nosuite,0.614280303030303,0.76,0.0,0.0,0.6,0.48828125,0.8,0.68,0.8
rmftsa,rfc-nosuite,0.8540349927849925,0.64,0.0,0.0,0.64,0.48828125,0.76,0.76,0.76
rmftsa,rfc-nosuite,0.2751865079365079,0.52,0.0,0.0,0.4,0.48828125,0.24,0.4,0.12
rmftsa,rfc-nosuite,0.8464378399378396,0.56,0.0,0.0,0.56,0.48828125,0.52,0.52,0.56
rmftsa,rfc-nosuite,0.8261904761904763,0.28,0.0,0.0,0.32,0.48828125,0.24,0.24,0.28
rmftsa,rfc-nosuite,0.5813382173382172,0.56,0.0,0.0,0.56,0.48828125,0.52,0.52,0.56
rmftsa,rfc-nosuite,1.0,0.8,0.0,0.0,0.8,0.48828125,0.84,0.4,0.56
rmftsa,rfc-nosuite,0.59075,0.48,0.0,0.0,0.36,0.48828125,0.16,0.44,0.64
rmftsa,rfc-nosuite,0.861,0.44,0.0,0.0,0.32,0.48828125,0.36,0.28,0.12
rmftsa,rfc-nosuite,0.6853333333333335,0.12,0.0,0.0,0.28,0.48828125,0.24,0.2,0.28
rmftsa,rfc-nosuite,0.6778594852859559,0.6,0.0,0.0,0.4,0.48828125,0.56,0.56,0.56
rmftsa,rfc-nosuite,0.39428571428571435,0.44,0.0,0.0,0.44,0.48828125,0.4,0.24,0.32
rmftsa,rfc-nosuite,0.4970714285714286,0.36,0.0,0.0,0.24,0.48828125,0.2,0.36,0.56
rmftsa,rfc-nosuite,0.5813382173382172,0.56,0.0,0.0,0.56,0.48828125,0.52,0.52,0.56
rmftsa,rfc-nosuite,0.58,0.28,0.0,0.0,0.28,0.48828125,0.32,0.32,0.24
rmftsa,rfc-nosuite,0.9611111111111111,0.68,0.0,0.0,0.68,0.48828125,0.72,0.68,0.68
rmftsa,rfc-nosuite,0.6005757575757573,0.48,0.0,0.0,0.48,0.48828125,0.56,0.2,0.36
rmftsa,rfc-nosuite,0.3537380952380953,0.2,0.0,0.0,0.48,0.48828125,0.36,0.36,0.4
rmftsa,rfc-nosuite,0.6685,0.32,0.0,0.0,0.08,0.48828125,0.2,0.28,0.32
rmftsa,rfc-nosuite,0.6693243284493282,0.76,0.0,0.0,0.76,0.48828125,0.84,0.76,0.76
rmftsa,rfc-nosuite,0.7121666666666667,0.4,0.0,0.0,0.48,0.48828125,0.44,0.28,0.28
rmftsa,rfc-nosuite,0.82,0.24,0.0,0.0,0.56,0.48828125,0.44,0.56,0.32
rmftsa,rfc-nosuite,0.429,0.36,0.0,0.0,0.52,0.48828125,0.52,0.52,0.16
rmftsa,rfc-nosuite,0.52,0.44,0.0,0.0,0.48,0.48828125,0.36,0.4,0.52
rmftsa,rfc-nosuite,0.42683730158730154,0.52,0.0,0.0,0.2,0.48828125,0.64,0.64,0.56
rmftsa,rfc-nosuite,0.6702857142857143,0.48,0.0,0.0,0.28,0.48828125,0.4,0.52,0.24
rmftsa,rfc-nosuite,0.6414067321567322,0.44,0.0,0.0,0.56,0.48828125,0.48,0.48,0.48
rmftsa,rfc-nosuite,0.3321428571428571,0.44,0.0,0.0,0.4,0.48828125,0.36,0.28,0.28
rmftsa,rfc-nosuite,0.6853333333333335,0.12,0.0,0.0,0.28,0.48828125,0.24,0.36,0.28
rmftsa,rfc-nosuite,0.5189999999999999,0.32,0.0,0.0,0.28,0.48828125,0.24,0.16,0.2
rmftsa,rfc-nosuite,0.8230952380952381,0.64,0.0,0.0,0.48,0.48828125,0.68,0.68,0.48
rmftsa,rfc-nosuite,0.5,0.4,0.0,0.0,0.48,0.48828125,0.32,0.4,0.32
rmftsa,rfc-nosuite,0.514142857142857,0.72,0.0,0.0,0.72,0.48828125,0.8,0.64,0.72
rmftsa,rfc-nosuite,1.0,0.6,0.0,0.0,0.56,0.48828125,0.36,0.64,0.6
rmftsa,rfc-nosuite,0.5757976190476191,0.8,0.0,0.0,0.64,0.48828125,0.88,0.48,0.56
rmftsa,rfc-nosuite,0.88,0.36,0.0,0.0,0.28,0.48828125,0.44,0.52,0.16
rmftsa,rfc-nosuite,0.5973333333333334,0.32,0.0,0.0,0.36,0.48828125,0.36,0.36,0.32
rmftsa,rfc-nosuite,0.4328333333333333,0.24,0.0,0.0,0.36,0.48828125,0.36,0.36,0.16
rmftsa,rfc-nosuite,0.74,0.44,0.0,0.0,0.16,0.48828125,0.52,0.52,0.2
rmftsa,rfc-nosuite,0.74,0.4,0.0,0.0,0.48,0.48828125,0.48,0.48,0.36
rmftsa,rfc-nosuite,0.89,0.6,0.0,0.0,0.6,0.48828125,0.32,0.56,0.32
rmftsa,rfc-nosuite,0.5813382173382172,0.56,0.0,0.0,0.56,0.48828125,0.52,0.52,0.56
rmftsa,rfc-nosuite,0.74,0.44,0.0,0.0,0.16,0.48828125,0.52,0.52,0.2
rmftsa,rfc-nosuite,0.72,0.4,0.0,0.0,0.24,0.48828125,0.24,0.24,0.24
rmftsa,rfc-nosuite,0.86,0.4,0.0,0.0,0.4,0.48828125,0.4,0.4,0.4
rmftsa,rfc-nosuite,0.6383095238095238,0.28,0.0,0.0,0.32,0.48828125,0.32,0.28,0.44
banknote-authentication,rfc-nosuite,0.99,1.0,0.0,0.0,1.0,0.9941690962099126,1.0,1.0,1.0
banknote-authentication,rfc-nosuite,1.0,1.0,0.0,0.0,1.0,0.9941690962099126,1.0,0.9705882352941176,1.0
banknote-authentication,rfc-nosuite,0.97,1.0,0.0,0.0,1.0,0.9941690962099126,0.9705882352941176,1.0,1.0
banknote-authentication,rfc-nosuite,0.95,1.0,0.0,0.0,1.0,0.9941690962099126,0.8235294117647058,0.9705882352941176,1.0
banknote-authentication,rfc-nosuite,1.0,0.9705882352941176,0.0,0.0,1.0,0.9941690962099126,1.0,1.0,0.8235294117647058
banknote-authentication,rfc-nosuite,1.0,1.0,0.0,0.0,1.0,0.9941690962099126,1.0,0.9411764705882353,1.0
banknote-authentication,rfc-nosuite,0.99,1.0,0.0,0.0,1.0,0.9941690962099126,1.0,1.0,1.0
banknote-authentication,rfc-nosuite,1.0,1.0,0.0,0.0,1.0,0.9941690962099126,1.0,1.0,1.0
banknote-authentication,rfc-nosuite,1.0,1.0,0.0,0.0,1.0,0.9941690962099126,1.0,0.7647058823529411,1.0
banknote-authentication,rfc-nosuite,1.0,1.0,0.0,0.0,1.0,0.9941690962099126,1.0,0.9705882352941176,1.0
banknote-authentication,rfc-nosuite,0.94,1.0,0.0,0.0,1.0,0.9941690962099126,0.9705882352941176,0.9705882352941176,1.0
banknote-authentication,rfc-nosuite,1.0,0.9705882352941176,0.0,0.0,0.9411764705882353,0.9941690962099126,1.0,1.0,1.0
banknote-authentication,rfc-nosuite,1.0,1.0,0.0,0.0,0.9117647058823529,0.9941690962099126,1.0,0.7352941176470589,1.0
banknote-authentication,rfc-nosuite,1.0,1.0,0.0,0.0,0.9117647058823529,0.9941690962099126,0.9705882352941176,1.0,1.0
banknote-authentication,rfc-nosuite,1.0,0.9705882352941176,0.0,0.0,0.9705882352941176,0.9941690962099126,1.0,1.0,0.9705882352941176
banknote-authentication,rfc-nosuite,1.0,0.9705882352941176,0.0,0.0,0.9705882352941176,0.9941690962099126,1.0,1.0,0.9705882352941176
banknote-authentication,rfc-nosuite,0.99,0.9705882352941176,0.0,0.0,0.9705882352941176,0.9941690962099126,1.0,1.0,1.0
banknote-authentication,rfc-nosuite,0.98,1.0,0.0,0.0,1.0,0.9941690962099126,0.9705882352941176,1.0,0.8529411764705882
banknote-authentication,rfc-nosuite,0.99,1.0,0.0,0.0,1.0,0.9941690962099126,1.0,1.0,1.0
banknote-authentication,rfc-nosuite,1.0,1.0,0.0,0.0,0.9117647058823529,0.9941690962099126,1.0,0.8235294117647058,0.9411764705882353
banknote-authentication,rfc-nosuite,1.0,1.0,0.0,0.0,1.0,0.9941690962099126,1.0,1.0,1.0
banknote-authentication,rfc-nosuite,0.97,0.9705882352941176,0.0,0.0,0.9705882352941176,0.9941690962099126,0.7941176470588235,0.9705882352941176,0.9705882352941176
banknote-authentication,rfc-nosuite,1.0,1.0,0.0,0.0,1.0,0.9941690962099126,1.0,0.8235294117647058,1.0
banknote-authentication,rfc-nosuite,1.0,1.0,0.0,0.0,1.0,0.9941690962099126,1.0,1.0,1.0
banknote-authentication,rfc-nosuite,0.89,1.0,0.0,0.0,1.0,0.9941690962099126,0.9705882352941176,1.0,0.8235294117647058
banknote-authentication,rfc-nosuite,1.0,1.0,0.0,0.0,1.0,0.9941690962099126,1.0,0.9411764705882353,1.0
banknote-authentication,rfc-nosuite,1.0,1.0,0.0,0.0,1.0,0.9941690962099126,1.0,1.0,1.0
banknote-authentication,rfc-nosuite,1.0,1.0,0.0,0.0,1.0,0.9941690962099126,1.0,1.0,1.0
banknote-authentication,rfc-nosuite,0.94,1.0,0.0,0.0,1.0,0.9941690962099126,1.0,1.0,1.0
banknote-authentication,rfc-nosuite,0.99,1.0,0.0,0.0,0.9705882352941176,0.9941690962099126,1.0,0.9117647058823529,0.9705882352941176
banknote-authentication,rfc-nosuite,0.99,1.0,0.0,0.0,1.0,0.9941690962099126,0.9705882352941176,1.0,1.0
banknote-authentication,rfc-nosuite,1.0,1.0,0.0,0.0,1.0,0.9941690962099126,1.0,1.0,0.9411764705882353
banknote-authentication,rfc-nosuite,0.94,1.0,0.0,0.0,1.0,0.9941690962099126,1.0,1.0,1.0
banknote-authentication,rfc-nosuite,1.0,1.0,0.0,0.0,1.0,0.9941690962099126,1.0,1.0,1.0
banknote-authentication,rfc-nosuite,0.97,0.9705882352941176,0.0,0.0,0.9705882352941176,0.9941690962099126,0.9705882352941176,1.0,1.0
banknote-authentication,rfc-nosuite,1.0,1.0,0.0,0.0,1.0,0.9941690962099126,1.0,1.0,1.0
banknote-authentication,rfc-nosuite,1.0,1.0,0.0,0.0,1.0,0.9941690962099126,1.0,1.0,1.0
banknote-authentication,rfc-nosuite,1.0,1.0,0.0,0.0,1.0,0.9941690962099126,1.0,1.0,1.0
banknote-authentication,rfc-nosuite,0.98,1.0,0.0,0.0,0.8529411764705882,0.9941690962099126,1.0,1.0,1.0
banknote-authentication,rfc-nosuite,1.0,1.0,0.0,0.0,1.0,0.9941690962099126,1.0,0.5588235294117647,1.0
banknote-authentication,rfc-nosuite,0.99,0.9705882352941176,0.0,0.0,1.0,0.9941690962099126,1.0,1.0,1.0
banknote-authentication,rfc-nosuite,1.0,1.0,0.0,0.0,1.0,0.9941690962099126,1.0,1.0,1.0
banknote-authentication,rfc-nosuite,0.85,1.0,0.0,0.0,1.0,0.9941690962099126,0.9705882352941176,1.0,0.7058823529411765
banknote-authentication,rfc-nosuite,0.99,0.9705882352941176,0.0,0.0,1.0,0.9941690962099126,1.0,1.0,1.0
banknote-authentication,rfc-nosuite,1.0,1.0,0.0,0.0,0.9705882352941176,0.9941690962099126,0.9117647058823529,0.6176470588235294,0.9705882352941176
banknote-authentication,rfc-nosuite,1.0,1.0,0.0,0.0,1.0,0.9941690962099126,1.0,1.0,1.0
banknote-authentication,rfc-nosuite,1.0,1.0,0.0,0.0,1.0,0.9941690962099126,1.0,1.0,1.0
banknote-authentication,rfc-nosuite,0.99,0.9705882352941176,0.0,0.0,1.0,0.9941690962099126,0.8235294117647058,1.0,0.9705882352941176
banknote-authentication,rfc-nosuite,0.99,1.0,0.0,0.0,1.0,0.9941690962099126,1.0,1.0,1.0
banknote-authentication,rfc-nosuite,0.94,1.0,0.0,0.0,1.0,0.9941690962099126,1.0,1.0,0.7352941176470589
volcanoes-a2,rfc-nosuite,1.0,0.95,0.0,0.0,0.975,0.9310344827586207,0.975,0.975,0.975
volcanoes-a2,rfc-nosuite,0.96,0.975,0.0,0.0,0.975,0.9310344827586207,0.95,0.6,
volcanoes-a2,rfc-nosuite,1.0,1.0,0.0,0.0,1.0,0.9310344827586207,1.0,1.0,1.0
volcanoes-a2,rfc-nosuite,0.97,1.0,0.0,0.0,1.0,0.9310344827586207,1.0,1.0,
volcanoes-a2,rfc-nosuite,0.74,0.975,0.0,0.0,0.975,0.9310344827586207,0.975,0.975,
volcanoes-a2,rfc-nosuite,1.0,1.0,0.0,0.0,1.0,0.9310344827586207,1.0,1.0,
volcanoes-a2,rfc-nosuite,0.92,0.975,0.0,0.0,0.975,0.9310344827586207,0.975,0.975,0.975
volcanoes-a2,rfc-nosuite,0.99,1.0,0.0,0.0,1.0,0.9310344827586207,1.0,1.0,
volcanoes-a2,rfc-nosuite,1.0,0.975,0.0,0.0,0.975,0.9310344827586207,0.975,0.975,0.975
volcanoes-a2,rfc-nosuite,0.99,1.0,0.0,0.0,1.0,0.9310344827586207,1.0,1.0,
volcanoes-a2,rfc-nosuite,0.63,0.625,0.0,0.0,0.725,0.9310344827586207,0.675,0.45,0.575
volcanoes-a2,rfc-nosuite,1.0,1.0,0.0,0.0,1.0,0.9310344827586207,1.0,1.0,
volcanoes-a2,rfc-nosuite,0.71,0.85,0.0,0.0,0.95,0.9310344827586207,0.875,0.875,0.625
volcanoes-a2,rfc-nosuite,0.72,0.85,0.0,0.0,0.95,0.9310344827586207,0.925,0.775,0.925
volcanoes-a2,rfc-nosuite,0.92,1.0,0.0,0.0,1.0,0.9310344827586207,1.0,1.0,
volcanoes-a2,rfc-nosuite,1.0,1.0,0.0,0.0,1.0,0.9310344827586207,1.0,1.0,1.0
volcanoes-a2,rfc-nosuite,0.99,0.975,0.0,0.0,0.975,0.9310344827586207,0.975,0.975,0.975
volcanoes-a2,rfc-nosuite,0.92,0.975,0.0,0.0,0.975,0.9310344827586207,0.925,0.975,0.975
volcanoes-a2,rfc-nosuite,1.0,1.0,0.0,0.0,0.975,0.9310344827586207,0.95,1.0,1.0
volcanoes-a2,rfc-nosuite,1.0,1.0,0.0,0.0,1.0,0.9310344827586207,1.0,1.0,
volcanoes-a2,rfc-nosuite,0.96,1.0,0.0,0.0,1.0,0.9310344827586207,1.0,1.0,1.0
volcanoes-a2,rfc-nosuite,0.95,1.0,0.0,0.0,1.0,0.9310344827586207,1.0,1.0,1.0
volcanoes-a2,rfc-nosuite,0.98,1.0,0.0,0.0,1.0,0.9310344827586207,1.0,1.0,
volcanoes-a2,rfc-nosuite,1.0,0.975,0.0,0.0,0.95,0.9310344827586207,0.975,0.7,
volcanoes-a2,rfc-nosuite,0.99,1.0,0.0,0.0,1.0,0.9310344827586207,0.95,1.0,1.0
volcanoes-a2,rfc-nosuite,1.0,0.975,0.0,0.0,0.975,0.9310344827586207,0.975,0.975,0.975
volcanoes-a2,rfc-nosuite,1.0,1.0,0.0,0.0,1.0,0.9310344827586207,1.0,1.0,
volcanoes-a2,rfc-nosuite,0.96,1.0,0.0,0.0,1.0,0.9310344827586207,1.0,1.0,1.0
volcanoes-a2,rfc-nosuite,0.96,1.0,0.0,0.0,1.0,0.9310344827586207,1.0,1.0,
volcanoes-a2,rfc-nosuite,1.0,1.0,0.0,0.0,1.0,0.9310344827586207,1.0,1.0,1.0
volcanoes-a2,rfc-nosuite,1.0,0.975,0.0,0.0,0.975,0.9310344827586207,0.975,0.975,0.975
volcanoes-a2,rfc-nosuite,1.0,1.0,0.0,0.0,1.0,0.9310344827586207,1.0,1.0,1.0
volcanoes-a2,rfc-nosuite,0.99,0.975,0.0,0.0,0.975,0.9310344827586207,0.95,0.975,
volcanoes-a2,rfc-nosuite,1.0,1.0,0.0,0.0,1.0,0.9310344827586207,1.0,1.0,1.0
volcanoes-a2,rfc-nosuite,0.99,0.975,0.0,0.0,0.975,0.9310344827586207,0.975,0.975,0.975
volcanoes-a2,rfc-nosuite,1.0,0.975,0.0,0.0,0.975,0.9310344827586207,0.975,0.975,
volcanoes-a2,rfc-nosuite,0.98,1.0,0.0,0.0,1.0,0.9310344827586207,1.0,1.0,1.0
volcanoes-a2,rfc-nosuite,0.43,0.6,0.0,0.0,0.7,0.9310344827586207,0.55,0.525,0.625
volcanoes-a2,rfc-nosuite,1.0,1.0,0.0,0.0,1.0,0.9310344827586207,1.0,1.0,1.0
volcanoes-a2,rfc-nosuite,0.82,0.875,0.0,0.0,0.9,0.9310344827586207,0.925,0.95,0.85
volcanoes-a2,rfc-nosuite,1.0,1.0,0.0,0.0,1.0,0.9310344827586207,1.0,1.0,1.0
volcanoes-a2,rfc-nosuite,0.97,0.975,0.0,0.0,0.975,0.9310344827586207,0.975,0.975,
volcanoes-a2,rfc-nosuite,0.97,0.975,0.0,0.0,0.975,0.9310344827586207,0.975,0.975,0.975
volcanoes-a2,rfc-nosuite,0.98,0.975,0.0,0.0,0.975,0.9310344827586207,0.975,0.925,0.975
volcanoes-a2,rfc-nosuite,1.0,1.0,0.0,0.0,1.0,0.9310344827586207,1.0,1.0,1.0
volcanoes-a2,rfc-nosuite,0.86,0.525,0.0,0.0,0.75,0.9310344827586207,0.575,0.375,0.625
volcanoes-a2,rfc-nosuite,1.0,1.0,0.0,0.0,1.0,0.9310344827586207,1.0,1.0,
volcanoes-a2,rfc-nosuite,0.96,0.925,0.0,0.0,0.95,0.9310344827586207,0.9,0.95,
volcanoes-a2,rfc-nosuite,1.0,0.975,0.0,0.0,0.975,0.9310344827586207,0.975,0.975,0.975
volcanoes-a2,rfc-nosuite,0.99,0.975,0.0,0.0,0.975,0.9310344827586207,0.95,0.95,0.975
volcanoes-a3,rfc-nosuite,0.42,0.6578947368421053,0.0,0.0,0.7105263157894737,0.89501312335958,0.7368421052631579,0.631578947368421,0.7105263157894737
volcanoes-a3,rfc-nosuite,1.0,1.0,0.0,0.0,1.0,0.89501312335958,1.0,0.9736842105263158,
volcanoes-a3,rfc-nosuite,0.35,0.5789473684210527,0.0,0.0,0.6052631578947368,0.89501312335958,0.6052631578947368,0.5263157894736842,0.34210526315789475
volcanoes-a3,rfc-nosuite,1.0,1.0,0.0,0.0,1.0,0.89501312335958,1.0,1.0,1.0
volcanoes-a3,rfc-nosuite,1.0,1.0,0.0,0.0,1.0,0.89501312335958,1.0,1.0,
volcanoes-a3,rfc-nosuite,0.99,1.0,0.0,0.0,1.0,0.89501312335958,1.0,1.0,
volcanoes-a3,rfc-nosuite,1.0,0.9210526315789473,0.0,0.0,0.9210526315789473,0.89501312335958,0.9210526315789473,0.9210526315789473,
volcanoes-a3,rfc-nosuite,0.99,1.0,0.0,0.0,1.0,0.89501312335958,1.0,1.0,1.0
volcanoes-a3,rfc-nosuite,0.95,1.0,0.0,0.0,1.0,0.89501312335958,1.0,1.0,1.0
volcanoes-a3,rfc-nosuite,1.0,0.9473684210526315,0.0,0.0,0.9473684210526315,0.89501312335958,0.9473684210526315,0.9473684210526315,
volcanoes-a3,rfc-nosuite,1.0,0.9736842105263158,0.0,0.0,0.9736842105263158,0.89501312335958,0.9736842105263158,0.9736842105263158,0.9736842105263158
volcanoes-a3,rfc-nosuite,0.95,0.7105263157894737,0.0,0.0,0.7631578947368421,0.89501312335958,0.7894736842105263,0.6578947368421053,0.7105263157894737
volcanoes-a3,rfc-nosuite,0.7,0.9210526315789473,0.0,0.0,0.9210526315789473,0.89501312335958,0.9210526315789473,0.8947368421052632,0.9210526315789473
volcanoes-a3,rfc-nosuite,0.59,0.631578947368421,0.0,0.0,0.7631578947368421,0.89501312335958,0.7894736842105263,0.5789473684210527,0.42105263157894735
volcanoes-a3,rfc-nosuite,0.9,0.9473684210526315,0.0,0.0,0.9210526315789473,0.89501312335958,0.9210526315789473,0.8157894736842105,
volcanoes-a3,rfc-nosuite,0.99,0.9473684210526315,0.0,0.0,0.9473684210526315,0.89501312335958,0.9473684210526315,0.9473684210526315,0.9473684210526315
volcanoes-a3,rfc-nosuite,0.99,0.9473684210526315,0.0,0.0,0.9473684210526315,0.89501312335958,0.9473684210526315,0.9473684210526315,0.9473684210526315
volcanoes-a3,rfc-nosuite,1.0,1.0,0.0,0.0,1.0,0.89501312335958,1.0,1.0,1.0
volcanoes-a3,rfc-nosuite,0.98,1.0,0.0,0.0,1.0,0.89501312335958,1.0,1.0,1.0
volcanoes-a3,rfc-nosuite,0.85,0.9473684210526315,0.0,0.0,0.9736842105263158,0.89501312335958,0.9736842105263158,0.9736842105263158,0.9736842105263158
volcanoes-a3,rfc-nosuite,1.0,1.0,0.0,0.0,1.0,0.89501312335958,1.0,1.0,
volcanoes-a3,rfc-nosuite,0.91,0.9473684210526315,0.0,0.0,0.9473684210526315,0.89501312335958,0.9473684210526315,0.8947368421052632,0.868421052631579
volcanoes-a3,rfc-nosuite,1.0,0.9736842105263158,0.0,0.0,0.9736842105263158,0.89501312335958,0.9736842105263158,0.9736842105263158,0.9736842105263158
volcanoes-a3,rfc-nosuite,0.79,0.7368421052631579,0.0,0.0,0.8157894736842105,0.89501312335958,0.8157894736842105,0.7105263157894737,0.7631578947368421
volcanoes-a3,rfc-nosuite,0.95,1.0,0.0,0.0,1.0,0.89501312335958,1.0,1.0,
volcanoes-a3,rfc-nosuite,0.97,1.0,0.0,0.0,1.0,0.89501312335958,1.0,1.0,1.0
volcanoes-a3,rfc-nosuite,0.49,0.8157894736842105,0.0,0.0,0.8157894736842105,0.89501312335958,0.8421052631578947,0.8157894736842105,
volcanoes-a3,rfc-nosuite,0.98,1.0,0.0,0.0,1.0,0.89501312335958,1.0,1.0,1.0
volcanoes-a3,rfc-nosuite,1.0,1.0,0.0,0.0,1.0,0.89501312335958,1.0,1.0,
volcanoes-a3,rfc-nosuite,0.98,1.0,0.0,0.0,1.0,0.89501312335958,1.0,1.0,1.0
volcanoes-a3,rfc-nosuite,0.99,1.0,0.0,0.0,1.0,0.89501312335958,1.0,1.0,1.0
volcanoes-a3,rfc-nosuite,1.0,1.0,0.0,0.0,1.0,0.89501312335958,1.0,1.0,1.0
volcanoes-a3,rfc-nosuite,0.72,0.8157894736842105,0.0,0.0,0.8157894736842105,0.89501312335958,0.8421052631578947,0.7368421052631579,0.7105263157894737
volcanoes-a3,rfc-nosuite,0.97,1.0,0.0,0.0,1.0,0.89501312335958,1.0,1.0,1.0
volcanoes-a3,rfc-nosuite,1.0,1.0,0.0,0.0,1.0,0.89501312335958,1.0,1.0,1.0
volcanoes-a3,rfc-nosuite,0.89,0.8421052631578947,0.0,0.0,0.8421052631578947,0.89501312335958,0.8421052631578947,0.7894736842105263,
volcanoes-a3,rfc-nosuite,0.98,0.7631578947368421,0.0,0.0,0.868421052631579,0.89501312335958,0.868421052631579,0.868421052631579,0.868421052631579
volcanoes-a3,rfc-nosuite,0.98,0.9736842105263158,0.0,0.0,0.9736842105263158,0.89501312335958,0.9736842105263158,0.9736842105263158,0.9736842105263158
volcanoes-a3,rfc-nosuite,0.94,0.7105263157894737,0.0,0.0,0.7631578947368421,0.89501312335958,0.7631578947368421,0.6842105263157895,
volcanoes-a3,rfc-nosuite,0.97,1.0,0.0,0.0,1.0,0.89501312335958,1.0,1.0,1.0
volcanoes-a3,rfc-nosuite,0.99,1.0,0.0,0.0,1.0,0.89501312335958,1.0,1.0,1.0
volcanoes-a3,rfc-nosuite,0.41,0.3684210526315789,0.0,0.0,0.39473684210526316,0.89501312335958,0.42105263157894735,0.07894736842105263,0.42105263157894735
volcanoes-a3,rfc-nosuite,0.98,1.0,0.0,0.0,1.0,0.89501312335958,1.0,1.0,1.0
volcanoes-a3,rfc-nosuite,1.0,1.0,0.0,0.0,1.0,0.89501312335958,1.0,1.0,1.0
volcanoes-a3,rfc-nosuite,0.96,0.9736842105263158,0.0,0.0,0.9736842105263158,0.89501312335958,0.9736842105263158,0.8947368421052632,0.9736842105263158
volcanoes-a3,rfc-nosuite,1.0,1.0,0.0,0.0,1.0,0.89501312335958,1.0,1.0,1.0
volcanoes-a3,rfc-nosuite,0.93,0.9736842105263158,0.0,0.0,0.9736842105263158,0.89501312335958,0.9736842105263158,0.9736842105263158,
volcanoes-a3,rfc-nosuite,1.0,1.0,0.0,0.0,1.0,0.89501312335958,1.0,1.0,
volcanoes-a3,rfc-nosuite,0.99,1.0,0.0,0.0,1.0,0.89501312335958,1.0,1.0,
volcanoes-a3,rfc-nosuite,1.0,0.9736842105263158,0.0,0.0,0.9736842105263158,0.89501312335958,0.9736842105263158,0.9736842105263158,0.9736842105263158
volcanoes-a4,rfc-nosuite,1.0,1.0,0.0,0.0,1.0,0.8944591029023746,1.0,1.0,
volcanoes-a4,rfc-nosuite,1.0,1.0,0.0,0.0,1.0,0.8944591029023746,1.0,1.0,
volcanoes-a4,rfc-nosuite,0.62,0.4864864864864865,0.0,0.0,0.4594594594594595,0.8944591029023746,0.2972972972972973,0.35135135135135137,0.35135135135135137
volcanoes-a4,rfc-nosuite,0.99,0.9459459459459459,0.0,0.0,0.9459459459459459,0.8944591029023746,0.9459459459459459,0.9459459459459459,0.9459459459459459
volcanoes-a4,rfc-nosuite,0.99,0.972972972972973,0.0,0.0,0.972972972972973,0.8944591029023746,0.972972972972973,0.972972972972973,
volcanoes-a4,rfc-nosuite,0.59,0.5675675675675675,0.0,0.0,0.6486486486486487,0.8944591029023746,0.40540540540540543,0.43243243243243246,0.3783783783783784
volcanoes-a4,rfc-nosuite,0.97,0.972972972972973,0.0,0.0,0.972972972972973,0.8944591029023746,0.972972972972973,0.972972972972973,0.972972972972973
volcanoes-a4,rfc-nosuite,0.88,0.918918918918919,0.0,0.0,0.8918918918918919,0.8944591029023746,0.8648648648648649,0.918918918918919,0.8918918918918919
volcanoes-a4,rfc-nosuite,0.92,0.9459459459459459,0.0,0.0,0.9459459459459459,0.8944591029023746,0.9459459459459459,0.9459459459459459,0.9459459459459459
volcanoes-a4,rfc-nosuite,1.0,1.0,0.0,0.0,1.0,0.8944591029023746,1.0,1.0,1.0
volcanoes-a4,rfc-nosuite,1.0,1.0,0.0,0.0,1.0,0.8944591029023746,1.0,1.0,1.0
volcanoes-a4,rfc-nosuite,0.98,0.972972972972973,0.0,0.0,0.9459459459459459,0.8944591029023746,0.972972972972973,0.7567567567567568,0.972972972972973
volcanoes-a4,rfc-nosuite,0.99,1.0,0.0,0.0,1.0,0.8944591029023746,1.0,,1.0
volcanoes-a4,rfc-nosuite,1.0,1.0,0.0,0.0,1.0,0.8944591029023746,1.0,1.0,1.0
volcanoes-a4,rfc-nosuite,1.0,0.972972972972973,0.0,0.0,0.972972972972973,0.8944591029023746,0.972972972972973,0.972972972972973,
volcanoes-a4,rfc-nosuite,1.0,0.972972972972973,0.0,0.0,0.972972972972973,0.8944591029023746,0.972972972972973,0.972972972972973,0.972972972972973
volcanoes-a4,rfc-nosuite,1.0,1.0,0.0,0.0,1.0,0.8944591029023746,1.0,1.0,1.0
volcanoes-a4,rfc-nosuite,1.0,1.0,0.0,0.0,1.0,0.8944591029023746,1.0,1.0,1.0
volcanoes-a4,rfc-nosuite,1.0,0.972972972972973,0.0,0.0,0.972972972972973,0.8944591029023746,0.972972972972973,0.972972972972973,0.972972972972973
volcanoes-a4,rfc-nosuite,1.0,1.0,0.0,0.0,1.0,0.8944591029023746,1.0,1.0,1.0
volcanoes-a4,rfc-nosuite,0.99,0.972972972972973,0.0,0.0,0.972972972972973,0.8944591029023746,0.972972972972973,0.972972972972973,0.972972972972973
volcanoes-a4,rfc-nosuite,0.44,0.32432432432432434,0.0,0.0,0.4594594594594595,0.8944591029023746,0.2702702702702703,0.35135135135135137,0.32432432432432434
volcanoes-a4,rfc-nosuite,1.0,1.0,0.0,0.0,1.0,0.8944591029023746,1.0,1.0,1.0
volcanoes-a4,rfc-nosuite,1.0,1.0,0.0,0.0,1.0,0.8944591029023746,1.0,1.0,
volcanoes-a4,rfc-nosuite,0.85,0.6216216216216216,0.0,0.0,0.7027027027027027,0.8944591029023746,0.7027027027027027,0.6756756756756757,0.7027027027027027
volcanoes-a4,rfc-nosuite,1.0,0.972972972972973,0.0,0.0,0.972972972972973,0.8944591029023746,0.972972972972973,0.972972972972973,0.972972972972973
volcanoes-a4,rfc-nosuite,1.0,0.972972972972973,0.0,0.0,0.972972972972973,0.8944591029023746,0.972972972972973,0.972972972972973,0.972972972972973
volcanoes-a4,rfc-nosuite,0.31,0.40540540540540543,0.0,0.0,0.43243243243243246,0.8944591029023746,0.32432432432432434,0.32432432432432434,0.32432432432432434
volcanoes-a4,rfc-nosuite,0.98,0.9459459459459459,0.0,0.0,0.9459459459459459,0.8944591029023746,0.9459459459459459,0.9459459459459459,0.9459459459459459
volcanoes-a4,rfc-nosuite,0.83,0.972972972972973,0.0,0.0,0.972972972972973,0.8944591029023746,0.972972972972973,0.972972972972973,
volcanoes-a4,rfc-nosuite,0.65,0.9459459459459459,0.0,0.0,0.9459459459459459,0.8944591029023746,0.9459459459459459,0.9459459459459459,
volcanoes-a4,rfc-nosuite,0.99,0.972972972972973,0.0,0.0,0.972972972972973,0.8944591029023746,0.972972972972973,0.972972972972973,0.972972972972973
volcanoes-a4,rfc-nosuite,0.82,0.7567567567567568,0.0,0.0,0.8378378378378378,0.8944591029023746,0.8648648648648649,0.4864864864864865,
volcanoes-a4,rfc-nosuite,0.99,0.8648648648648649,0.0,0.0,0.8648648648648649,0.8944591029023746,0.8918918918918919,0.8918918918918919,
volcanoes-a4,rfc-nosuite,0.39,0.5945945945945946,0.0,0.0,0.5405405405405406,0.8944591029023746,0.4594594594594595,0.43243243243243246,0.5675675675675675
volcanoes-a4,rfc-nosuite,0.84,0.8918918918918919,0.0,0.0,0.9459459459459459,0.8944591029023746,0.9459459459459459,0.9459459459459459,
volcanoes-a4,rfc-nosuite,0.81,0.972972972972973,0.0,0.0,0.972972972972973,0.8944591029023746,0.972972972972973,0.972972972972973,0.972972972972973
volcanoes-a4,rfc-nosuite,1.0,1.0,0.0,0.0,1.0,0.8944591029023746,1.0,1.0,
volcanoes-a4,rfc-nosuite,0.96,1.0,0.0,0.0,1.0,0.8944591029023746,1.0,1.0,1.0
volcanoes-a4,rfc-nosuite,0.49,0.35135135135135137,0.0,0.0,0.6216216216216216,0.8944591029023746,0.4594594594594595,0.35135135135135137,0.5135135135135135
volcanoes-a4,rfc-nosuite,1.0,1.0,0.0,0.0,1.0,0.8944591029023746,1.0,1.0,1.0
volcanoes-a4,rfc-nosuite,0.91,0.6486486486486487,0.0,0.0,0.7297297297297297,0.8944591029023746,0.6756756756756757,0.5675675675675675,0.7567567567567568
volcanoes-a4,rfc-nosuite,0.97,0.918918918918919,0.0,0.0,0.918918918918919,0.8944591029023746,0.918918918918919,0.918918918918919,0.918918918918919
volcanoes-a4,rfc-nosuite,0.98,0.9459459459459459,0.0,0.0,0.9459459459459459,0.8944591029023746,0.9459459459459459,0.9459459459459459,0.9459459459459459
volcanoes-a4,rfc-nosuite,0.96,0.972972972972973,0.0,0.0,0.972972972972973,0.8944591029023746,0.972972972972973,0.9459459459459459,0.972972972972973
volcanoes-a4,rfc-nosuite,1.0,0.972972972972973,0.0,0.0,0.9459459459459459,0.8944591029023746,0.972972972972973,0.972972972972973,
volcanoes-a4,rfc-nosuite,0.93,1.0,0.0,0.0,1.0,0.8944591029023746,1.0,1.0,1.0
volcanoes-a4,rfc-nosuite,0.94,0.972972972972973,0.0,0.0,1.0,0.8944591029023746,1.0,1.0,
volcanoes-a4,rfc-nosuite,0.84,0.9459459459459459,0.0,0.0,0.9459459459459459,0.8944591029023746,0.9459459459459459,0.9459459459459459,0.9459459459459459
volcanoes-a4,rfc-nosuite,1.0,1.0,0.0,0.0,1.0,0.8944591029023746,1.0,1.0,1.0
volcanoes-e1,rfc-nosuite,1.0,0.9655172413793104,0.0,0.0,0.9655172413793104,0.9155405405405406,0.9655172413793104,0.9655172413793104,
volcanoes-e1,rfc-nosuite,0.97,1.0,0.0,0.0,1.0,0.9155405405405406,1.0,,1.0
volcanoes-e1,rfc-nosuite,1.0,1.0,0.0,0.0,1.0,0.9155405405405406,1.0,,1.0
volcanoes-e1,rfc-nosuite,1.0,1.0,0.0,0.0,1.0,0.9155405405405406,1.0,1.0,1.0
volcanoes-e1,rfc-nosuite,1.0,1.0,0.0,0.0,1.0,0.9155405405405406,1.0,1.0,
volcanoes-e1,rfc-nosuite,0.76,0.6551724137931034,0.0,0.0,0.7586206896551724,0.9155405405405406,0.7241379310344828,0.6896551724137931,0.4482758620689655
volcanoes-e1,rfc-nosuite,1.0,1.0,0.0,0.0,1.0,0.9155405405405406,1.0,,
volcanoes-e1,rfc-nosuite,0.99,1.0,0.0,0.0,1.0,0.9155405405405406,1.0,,1.0
volcanoes-e1,rfc-nosuite,1.0,1.0,0.0,0.0,1.0,0.9155405405405406,1.0,,
volcanoes-e1,rfc-nosuite,0.86,0.896551724137931,0.0,0.0,0.896551724137931,0.9155405405405406,0.896551724137931,0.896551724137931,
volcanoes-e1,rfc-nosuite,1.0,0.896551724137931,0.0,0.0,0.896551724137931,0.9155405405405406,0.896551724137931,0.896551724137931,
volcanoes-e1,rfc-nosuite,0.89,0.8620689655172413,0.0,0.0,0.8620689655172413,0.9155405405405406,0.8620689655172413,,0.8620689655172413
volcanoes-e1,rfc-nosuite,0.85,1.0,0.0,0.0,1.0,0.9155405405405406,1.0,,
volcanoes-e1,rfc-nosuite,0.56,0.6896551724137931,0.0,0.0,0.7241379310344828,0.9155405405405406,0.7586206896551724,0.3793103448275862,0.7586206896551724
volcanoes-e1,rfc-nosuite,0.94,0.896551724137931,0.0,0.0,0.896551724137931,0.9155405405405406,0.896551724137931,0.896551724137931,
volcanoes-e1,rfc-nosuite,0.98,1.0,0.0,0.0,1.0,0.9155405405405406,1.0,,
volcanoes-e1,rfc-nosuite,0.92,1.0,0.0,0.0,1.0,0.9155405405405406,1.0,1.0,1.0
volcanoes-e1,rfc-nosuite,1.0,0.9655172413793104,0.0,0.0,0.9655172413793104,0.9155405405405406,0.9655172413793104,,
volcanoes-e1,rfc-nosuite,0.97,0.8275862068965517,0.0,0.0,0.9655172413793104,0.9155405405405406,0.9655172413793104,0.9310344827586207,0.9655172413793104
volcanoes-e1,rfc-nosuite,0.9,0.6206896551724138,0.0,0.0,0.6551724137931034,0.9155405405405406,0.6551724137931034,0.3103448275862069,
volcanoes-e1,rfc-nosuite,0.99,0.9310344827586207,0.0,0.0,0.9310344827586207,0.9155405405405406,0.9310344827586207,0.9310344827586207,0.9310344827586207
volcanoes-e1,rfc-nosuite,1.0,1.0,0.0,0.0,1.0,0.9155405405405406,1.0,1.0,
volcanoes-e1,rfc-nosuite,0.95,0.896551724137931,0.0,0.0,0.9310344827586207,0.9155405405405406,0.9310344827586207,0.5862068965517241,0.9310344827586207
volcanoes-e1,rfc-nosuite,0.74,0.6551724137931034,0.0,0.0,0.7241379310344828,0.9155405405405406,0.8620689655172413,0.7241379310344828,0.7586206896551724
volcanoes-e1,rfc-nosuite,0.59,0.7241379310344828,0.0,0.0,0.7241379310344828,0.9155405405405406,0.7241379310344828,,0.5517241379310345
volcanoes-e1,rfc-nosuite,0.98,1.0,0.0,0.0,1.0,0.9155405405405406,1.0,0.7931034482758621,
volcanoes-e1,rfc-nosuite,0.98,0.9655172413793104,0.0,0.0,0.9655172413793104,0.9155405405405406,0.9655172413793104,0.9655172413793104,
volcanoes-e1,rfc-nosuite,1.0,1.0,0.0,0.0,1.0,0.9155405405405406,1.0,1.0,
volcanoes-e1,rfc-nosuite,1.0,0.9655172413793104,0.0,0.0,1.0,0.9155405405405406,1.0,1.0,1.0
volcanoes-e1,rfc-nosuite,0.84,0.8620689655172413,0.0,0.0,0.8620689655172413,0.9155405405405406,0.8620689655172413,0.8275862068965517,0.7586206896551724
volcanoes-e1,rfc-nosuite,0.97,1.0,0.0,0.0,1.0,0.9155405405405406,1.0,,1.0
volcanoes-e1,rfc-nosuite,0.84,0.7586206896551724,0.0,0.0,0.8620689655172413,0.9155405405405406,0.8620689655172413,0.6551724137931034,0.6896551724137931
volcanoes-e1,rfc-nosuite,1.0,0.9655172413793104,0.0,0.0,0.9655172413793104,0.9155405405405406,0.9655172413793104,,
volcanoes-e1,rfc-nosuite,0.93,0.8620689655172413,0.0,0.0,0.9310344827586207,0.9155405405405406,0.9310344827586207,0.8275862068965517,0.8275862068965517
volcanoes-e1,rfc-nosuite,0.5,0.8620689655172413,0.0,0.0,0.896551724137931,0.9155405405405406,0.8620689655172413,0.41379310344827586,0.8275862068965517
volcanoes-e1,rfc-nosuite,1.0,0.9655172413793104,0.0,0.0,0.9655172413793104,0.9155405405405406,0.9655172413793104,0.9655172413793104,0.9655172413793104
volcanoes-e1,rfc-nosuite,0.78,0.9310344827586207,0.0,0.0,0.9655172413793104,0.9155405405405406,0.9655172413793104,,0.9310344827586207
volcanoes-e1,rfc-nosuite,0.96,0.9655172413793104,0.0,0.0,0.9655172413793104,0.9155405405405406,0.9655172413793104,0.8275862068965517,
volcanoes-e1,rfc-nosuite,0.85,0.7931034482758621,0.0,0.0,0.7931034482758621,0.9155405405405406,0.7931034482758621,0.5862068965517241,0.7931034482758621
volcanoes-e1,rfc-nosuite,0.57,0.7586206896551724,0.0,0.0,0.6896551724137931,0.9155405405405406,0.7586206896551724,0.41379310344827586,0.4827586206896552
volcanoes-e1,rfc-nosuite,0.98,1.0,0.0,0.0,1.0,0.9155405405405406,1.0,1.0,1.0
volcanoes-e1,rfc-nosuite,1.0,1.0,0.0,0.0,1.0,0.9155405405405406,1.0,1.0,1.0
volcanoes-e1,rfc-nosuite,0.99,1.0,0.0,0.0,1.0,0.9155405405405406,1.0,1.0,1.0
volcanoes-e1,rfc-nosuite,0.97,0.9655172413793104,0.0,0.0,0.9655172413793104,0.9155405405405406,0.9655172413793104,,
volcanoes-e1,rfc-nosuite,0.5,0.7931034482758621,0.0,0.0,0.7931034482758621,0.9155405405405406,0.7931034482758621,,0.6551724137931034
volcanoes-e1,rfc-nosuite,1.0,1.0,0.0,0.0,1.0,0.9155405405405406,1.0,1.0,
volcanoes-e1,rfc-nosuite,1.0,1.0,0.0,0.0,1.0,0.9155405405405406,1.0,1.0,1.0
volcanoes-e1,rfc-nosuite,0.99,0.8275862068965517,0.0,0.0,0.9655172413793104,0.9155405405405406,0.9655172413793104,,
volcanoes-e1,rfc-nosuite,0.95,0.9310344827586207,0.0,0.0,0.9310344827586207,0.9155405405405406,0.9310344827586207,0.9310344827586207,
volcanoes-e1,rfc-nosuite,0.97,1.0,0.0,0.0,1.0,0.9155405405405406,1.0,0.7241379310344828,1.0
volcanoes-e2,rfc-nosuite,1.0,1.0,0.0,0.0,1.0,0.9148148148148149,1.0,,1.0
volcanoes-e2,rfc-nosuite,0.93,0.8518518518518519,0.0,0.0,0.9629629629629629,0.9148148148148149,0.9629629629629629,,
volcanoes-e2,rfc-nosuite,0.96,0.9629629629629629,0.0,0.0,0.9629629629629629,0.9148148148148149,0.9629629629629629,0.9629629629629629,0.9629629629629629
volcanoes-e2,rfc-nosuite,0.98,0.9629629629629629,0.0,0.0,0.9629629629629629,0.9148148148148149,0.9629629629629629,,0.9629629629629629
volcanoes-e2,rfc-nosuite,1.0,1.0,0.0,0.0,1.0,0.9148148148148149,1.0,,1.0
volcanoes-e2,rfc-nosuite,0.95,1.0,0.0,0.0,1.0,0.9148148148148149,1.0,,
volcanoes-e2,rfc-nosuite,0.98,1.0,0.0,0.0,1.0,0.9148148148148149,1.0,1.0,
volcanoes-e2,rfc-nosuite,0.97,0.8518518518518519,0.0,0.0,0.8518518518518519,0.9148148148148149,0.8518518518518519,,0.8518518518518519
volcanoes-e2,rfc-nosuite,0.98,0.8888888888888888,0.0,0.0,0.9629629629629629,0.9148148148148149,0.9629629629629629,,
volcanoes-e2,rfc-nosuite,0.76,0.6296296296296297,0.0,0.0,0.7407407407407407,0.9148148148148149,0.7037037037037037,,0.7037037037037037
volcanoes-e2,rfc-nosuite,0.96,0.8518518518518519,0.0,0.0,0.8888888888888888,0.9148148148148149,0.8888888888888888,,
volcanoes-e2,rfc-nosuite,0.96,1.0,0.0,0.0,1.0,0.9148148148148149,1.0,,1.0
volcanoes-e2,rfc-nosuite,0.96,0.9629629629629629,0.0,0.0,0.9629629629629629,0.9148148148148149,0.9629629629629629,0.9629629629629629,0.9629629629629629
volcanoes-e2,rfc-nosuite,0.91,0.8518518518518519,0.0,0.0,0.8518518518518519,0.9148148148148149,0.8518518518518519,,0.8518518518518519
volcanoes-e2,rfc-nosuite,1.0,1.0,0.0,0.0,1.0,0.9148148148148149,1.0,,
volcanoes-e2,rfc-nosuite,0.98,0.9629629629629629,0.0,0.0,0.9629629629629629,0.9148148148148149,0.9629629629629629,,
volcanoes-e2,rfc-nosuite,1.0,1.0,0.0,0.0,1.0,0.9148148148148149,1.0,,1.0
volcanoes-e2,rfc-nosuite,0.77,0.8518518518518519,0.0,0.0,0.8518518518518519,0.9148148148148149,0.8518518518518519,,
volcanoes-e2,rfc-nosuite,0.99,0.9259259259259259,0.0,0.0,0.9259259259259259,0.9148148148148149,0.9259259259259259,,0.9259259259259259
volcanoes-e2,rfc-nosuite,0.97,0.9629629629629629,0.0,0.0,0.9629629629629629,0.9148148148148149,0.9629629629629629,,
volcanoes-e2,rfc-nosuite,0.98,0.9629629629629629,0.0,0.0,0.9629629629629629,0.9148148148148149,0.9629629629629629,,0.9629629629629629
volcanoes-e2,rfc-nosuite,0.88,0.9259259259259259,0.0,0.0,0.9259259259259259,0.9148148148148149,0.9259259259259259,,0.9259259259259259
volcanoes-e2,rfc-nosuite,0.92,0.9629629629629629,0.0,0.0,0.9259259259259259,0.9148148148148149,0.9259259259259259,0.9259259259259259,
volcanoes-e2,rfc-nosuite,0.36,0.5925925925925926,0.0,0.0,0.7037037037037037,0.9148148148148149,0.7037037037037037,,0.2962962962962963
volcanoes-e2,rfc-nosuite,1.0,0.9629629629629629,0.0,0.0,0.9629629629629629,0.9148148148148149,0.9629629629629629,,0.9629629629629629
volcanoes-e2,rfc-nosuite,1.0,0.9259259259259259,0.0,0.0,0.9629629629629629,0.9148148148148149,0.9629629629629629,,
volcanoes-e2,rfc-nosuite,1.0,0.9629629629629629,0.0,0.0,0.9629629629629629,0.9148148148148149,0.9629629629629629,,0.9629629629629629
volcanoes-e2,rfc-nosuite,1.0,1.0,0.0,0.0,1.0,0.9148148148148149,1.0,,1.0
volcanoes-e2,rfc-nosuite,0.71,0.7037037037037037,0.0,0.0,0.7407407407407407,0.9148148148148149,0.7407407407407407,,0.7037037037037037
volcanoes-e2,rfc-nosuite,0.97,1.0,0.0,0.0,1.0,0.9148148148148149,1.0,,
volcanoes-e2,rfc-nosuite,0.98,0.9259259259259259,0.0,0.0,0.9259259259259259,0.9148148148148149,0.9259259259259259,,0.9259259259259259
volcanoes-e2,rfc-nosuite,0.96,0.9259259259259259,0.0,0.0,0.9259259259259259,0.9148148148148149,0.9629629629629629,,
volcanoes-e2,rfc-nosuite,1.0,0.8888888888888888,0.0,0.0,0.8888888888888888,0.9148148148148149,0.8888888888888888,,0.8888888888888888
volcanoes-e2,rfc-nosuite,0.99,0.9629629629629629,0.0,0.0,0.9629629629629629,0.9148148148148149,0.9629629629629629,,
volcanoes-e2,rfc-nosuite,0.98,1.0,0.0,0.0,1.0,0.9148148148148149,1.0,,1.0
volcanoes-e2,rfc-nosuite,0.96,0.9259259259259259,0.0,0.0,0.9259259259259259,0.9148148148148149,0.9259259259259259,,0.9259259259259259
volcanoes-e2,rfc-nosuite,0.98,0.9629629629629629,0.0,0.0,0.9629629629629629,0.9148148148148149,0.9629629629629629,,
volcanoes-e2,rfc-nosuite,0.98,0.9629629629629629,0.0,0.0,0.9629629629629629,0.9148148148148149,0.9629629629629629,,0.9629629629629629
volcanoes-e2,rfc-nosuite,0.97,0.7777777777777778,0.0,0.0,0.7407407407407407,0.9148148148148149,0.7407407407407407,,
volcanoes-e2,rfc-nosuite,1.0,1.0,0.0,0.0,1.0,0.9148148148148149,1.0,,
volcanoes-e2,rfc-nosuite,1.0,1.0,0.0,0.0,1.0,0.9148148148148149,1.0,,1.0
volcanoes-e2,rfc-nosuite,0.97,0.8888888888888888,0.0,0.0,0.9259259259259259,0.9148148148148149,0.9259259259259259,,0.9259259259259259
volcanoes-e2,rfc-nosuite,0.45,0.48148148148148145,0.0,0.0,0.5555555555555556,0.9148148148148149,0.5555555555555556,,0.5185185185185185
volcanoes-e2,rfc-nosuite,1.0,0.8888888888888888,0.0,0.0,0.8888888888888888,0.9148148148148149,0.8888888888888888,,0.8888888888888888
volcanoes-e2,rfc-nosuite,0.98,0.8888888888888888,0.0,0.0,0.8888888888888888,0.9148148148148149,0.8888888888888888,,
volcanoes-e2,rfc-nosuite,0.83,0.9259259259259259,0.0,0.0,0.9629629629629629,0.9148148148148149,0.9629629629629629,,0.9629629629629629
volcanoes-e2,rfc-nosuite,0.54,0.7037037037037037,0.0,0.0,0.8148148148148148,0.9148148148148149,0.7777777777777778,,0.7777777777777778
volcanoes-e2,rfc-nosuite,0.96,0.9259259259259259,0.0,0.0,0.9629629629629629,0.9148148148148149,0.9629629629629629,,0.9259259259259259
volcanoes-e2,rfc-nosuite,1.0,0.9629629629629629,0.0,0.0,0.9629629629629629,0.9148148148148149,0.9629629629629629,,0.9629629629629629
volcanoes-e2,rfc-nosuite,0.99,0.9629629629629629,0.0,0.0,0.9629629629629629,0.9148148148148149,0.9629629629629629,,
volcanoes-e3,rfc-nosuite,0.99,1.0,0.0,0.0,1.0,0.915625,1.0,,
volcanoes-e3,rfc-nosuite,0.93,0.8125,0.0,0.0,0.84375,0.915625,0.84375,,0.84375
volcanoes-e3,rfc-nosuite,0.99,1.0,0.0,0.0,1.0,0.915625,1.0,,
volcanoes-e3,rfc-nosuite,1.0,0.96875,0.0,0.0,0.96875,0.915625,0.96875,,
volcanoes-e3,rfc-nosuite,0.87,0.96875,0.0,0.0,0.96875,0.915625,0.96875,,
volcanoes-e3,rfc-nosuite,0.83,1.0,0.0,0.0,1.0,0.915625,1.0,,0.96875
volcanoes-e3,rfc-nosuite,1.0,0.84375,0.0,0.0,0.9375,0.915625,0.9375,,0.9375
volcanoes-e3,rfc-nosuite,1.0,1.0,0.0,0.0,1.0,0.915625,1.0,,
volcanoes-e3,rfc-nosuite,0.95,0.90625,0.0,0.0,0.9375,0.915625,0.9375,,
volcanoes-e3,rfc-nosuite,0.57,0.75,0.0,0.0,0.78125,0.915625,0.78125,0.59375,0.71875
volcanoes-e3,rfc-nosuite,1.0,1.0,0.0,0.0,1.0,0.915625,1.0,,1.0
volcanoes-e3,rfc-nosuite,0.96,0.96875,0.0,0.0,0.96875,0.915625,0.96875,0.96875,
volcanoes-e3,rfc-nosuite,0.99,0.96875,0.0,0.0,0.96875,0.915625,0.96875,,
volcanoes-e3,rfc-nosuite,1.0,0.96875,0.0,0.0,0.96875,0.915625,0.96875,0.96875,0.96875
volcanoes-e3,rfc-nosuite,1.0,0.96875,0.0,0.0,0.96875,0.915625,0.96875,,0.96875
volcanoes-e3,rfc-nosuite,0.99,1.0,0.0,0.0,1.0,0.915625,1.0,1.0,
volcanoes-e3,rfc-nosuite,1.0,1.0,0.0,0.0,1.0,0.915625,1.0,,1.0
volcanoes-e3,rfc-nosuite,0.81,0.90625,0.0,0.0,0.875,0.915625,0.84375,,0.75
volcanoes-e3,rfc-nosuite,0.99,0.9375,0.0,0.0,0.96875,0.915625,0.96875,,0.9375
volcanoes-e3,rfc-nosuite,1.0,1.0,0.0,0.0,1.0,0.915625,1.0,,
volcanoes-e3,rfc-nosuite,0.94,1.0,0.0,0.0,1.0,0.915625,1.0,,1.0
volcanoes-e3,rfc-nosuite,0.98,1.0,0.0,0.0,1.0,0.915625,1.0,,
volcanoes-e3,rfc-nosuite,1.0,0.90625,0.0,0.0,0.96875,0.915625,0.96875,,
volcanoes-e3,rfc-nosuite,0.99,0.96875,0.0,0.0,0.96875,0.915625,0.96875,,0.96875
volcanoes-e3,rfc-nosuite,0.94,0.84375,0.0,0.0,0.875,0.915625,0.875,,0.875
volcanoes-e3,rfc-nosuite,1.0,0.96875,0.0,0.0,0.96875,0.915625,0.96875,,
volcanoes-e3,rfc-nosuite,0.99,0.9375,0.0,0.0,0.9375,0.915625,0.9375,0.9375,0.9375
volcanoes-e3,rfc-nosuite,0.96,0.90625,0.0,0.0,0.90625,0.915625,0.9375,,0.875
volcanoes-e3,rfc-nosuite,0.99,1.0,0.0,0.0,1.0,0.915625,1.0,,1.0
volcanoes-e3,rfc-nosuite,0.99,1.0,0.0,0.0,1.0,0.915625,1.0,,1.0
volcanoes-e3,rfc-nosuite,0.78,0.78125,0.0,0.0,0.875,0.915625,0.90625,,0.65625
volcanoes-e3,rfc-nosuite,0.97,0.96875,0.0,0.0,0.96875,0.915625,0.96875,,
volcanoes-e3,rfc-nosuite,0.99,1.0,0.0,0.0,1.0,0.915625,1.0,,1.0
volcanoes-e3,rfc-nosuite,0.99,0.96875,0.0,0.0,0.96875,0.915625,0.96875,0.90625,0.96875
volcanoes-e3,rfc-nosuite,0.94,1.0,0.0,0.0,1.0,0.915625,1.0,,
volcanoes-e3,rfc-nosuite,0.82,1.0,0.0,0.0,1.0,0.915625,1.0,,1.0
volcanoes-e3,rfc-nosuite,1.0,1.0,0.0,0.0,1.0,0.915625,1.0,,1.0
volcanoes-e3,rfc-nosuite,0.98,0.9375,0.0,0.0,0.9375,0.915625,0.96875,,
volcanoes-e3,rfc-nosuite,0.99,1.0,0.0,0.0,1.0,0.915625,1.0,,1.0
volcanoes-e3,rfc-nosuite,1.0,0.96875,0.0,0.0,0.96875,0.915625,0.96875,,
volcanoes-e3,rfc-nosuite,1.0,0.96875,0.0,0.0,0.96875,0.915625,0.96875,,
volcanoes-e3,rfc-nosuite,0.66,0.71875,0.0,0.0,0.71875,0.915625,0.71875,0.65625,0.59375
volcanoes-e3,rfc-nosuite,1.0,1.0,0.0,0.0,1.0,0.915625,1.0,,
volcanoes-e3,rfc-nosuite,0.95,0.96875,0.0,0.0,0.96875,0.915625,0.96875,,
volcanoes-e3,rfc-nosuite,1.0,1.0,0.0,0.0,1.0,0.915625,1.0,,
volcanoes-e3,rfc-nosuite,0.95,0.9375,0.0,0.0,0.9375,0.915625,0.9375,,
volcanoes-e3,rfc-nosuite,0.96,0.875,0.0,0.0,0.9375,0.915625,0.96875,,
volcanoes-e3,rfc-nosuite,1.0,1.0,0.0,0.0,1.0,0.915625,1.0,,
volcanoes-e3,rfc-nosuite,0.98,0.90625,0.0,0.0,0.9375,0.915625,0.9375,,
volcanoes-e3,rfc-nosuite,0.95,0.9375,0.0,0.0,0.9375,0.915625,0.9375,,0.9375
volcanoes-e4,rfc-nosuite,1.0,0.8709677419354839,0.0,0.0,0.8709677419354839,0.939297124600639,0.8709677419354839,,
volcanoes-e4,rfc-nosuite,0.96,0.967741935483871,0.0,0.0,0.967741935483871,0.939297124600639,0.967741935483871,,
volcanoes-e4,rfc-nosuite,0.68,0.8064516129032258,0.0,0.0,0.8387096774193549,0.939297124600639,0.8387096774193549,,
volcanoes-e4,rfc-nosuite,0.95,1.0,0.0,0.0,1.0,0.939297124600639,1.0,,
volcanoes-e4,rfc-nosuite,0.45,0.8064516129032258,0.0,0.0,0.7741935483870968,0.939297124600639,0.8064516129032258,0.7419354838709677,0.6129032258064516
volcanoes-e4,rfc-nosuite,0.99,1.0,0.0,0.0,1.0,0.939297124600639,1.0,,
volcanoes-e4,rfc-nosuite,0.75,0.7096774193548387,0.0,0.0,0.7419354838709677,0.939297124600639,0.7419354838709677,,0.7419354838709677
volcanoes-e4,rfc-nosuite,0.99,1.0,0.0,0.0,1.0,0.939297124600639,1.0,,1.0
volcanoes-e4,rfc-nosuite,0.98,0.967741935483871,0.0,0.0,0.967741935483871,0.939297124600639,0.967741935483871,,0.967741935483871
volcanoes-e4,rfc-nosuite,1.0,1.0,0.0,0.0,1.0,0.939297124600639,1.0,,1.0
volcanoes-e4,rfc-nosuite,0.84,0.8709677419354839,0.0,0.0,0.9032258064516129,0.939297124600639,0.9032258064516129,,
volcanoes-e4,rfc-nosuite,1.0,0.967741935483871,0.0,0.0,0.967741935483871,0.939297124600639,0.967741935483871,,0.967741935483871
volcanoes-e4,rfc-nosuite,0.96,1.0,0.0,0.0,1.0,0.939297124600639,1.0,0.8064516129032258,0.9354838709677419
volcanoes-e4,rfc-nosuite,1.0,0.967741935483871,0.0,0.0,0.967741935483871,0.939297124600639,0.967741935483871,0.967741935483871,
volcanoes-e4,rfc-nosuite,0.98,0.967741935483871,0.0,0.0,0.967741935483871,0.939297124600639,0.967741935483871,0.967741935483871,0.967741935483871
volcanoes-e4,rfc-nosuite,0.95,0.9354838709677419,0.0,0.0,0.9354838709677419,0.939297124600639,0.9354838709677419,0.9354838709677419,0.9354838709677419
volcanoes-e4,rfc-nosuite,1.0,0.967741935483871,0.0,0.0,0.967741935483871,0.939297124600639,0.967741935483871,,0.967741935483871
volcanoes-e4,rfc-nosuite,1.0,0.967741935483871,0.0,0.0,0.967741935483871,0.939297124600639,0.967741935483871,,
volcanoes-e4,rfc-nosuite,0.88,0.7741935483870968,0.0,0.0,0.7419354838709677,0.939297124600639,0.7741935483870968,,0.7419354838709677
volcanoes-e4,rfc-nosuite,1.0,1.0,0.0,0.0,1.0,0.939297124600639,1.0,,1.0
volcanoes-e4,rfc-nosuite,0.68,0.8064516129032258,0.0,0.0,0.8387096774193549,0.939297124600639,0.8064516129032258,0.6129032258064516,0.8709677419354839
volcanoes-e4,rfc-nosuite,0.99,1.0,0.0,0.0,1.0,0.939297124600639,1.0,1.0,1.0
volcanoes-e4,rfc-nosuite,0.98,0.9354838709677419,0.0,0.0,0.9354838709677419,0.939297124600639,0.9354838709677419,,0.9354838709677419
volcanoes-e4,rfc-nosuite,0.97,0.8064516129032258,0.0,0.0,0.8387096774193549,0.939297124600639,0.8387096774193549,,0.8387096774193549
volcanoes-e4,rfc-nosuite,0.99,1.0,0.0,0.0,1.0,0.939297124600639,1.0,,
volcanoes-e4,rfc-nosuite,0.97,0.9032258064516129,0.0,0.0,0.9032258064516129,0.939297124600639,0.9032258064516129,,
volcanoes-e4,rfc-nosuite,0.78,0.9032258064516129,0.0,0.0,0.9032258064516129,0.939297124600639,0.9032258064516129,,
volcanoes-e4,rfc-nosuite,1.0,0.9354838709677419,0.0,0.0,0.9354838709677419,0.939297124600639,0.9354838709677419,,
volcanoes-e4,rfc-nosuite,0.98,1.0,0.0,0.0,0.967741935483871,0.939297124600639,1.0,1.0,
volcanoes-e4,rfc-nosuite,0.97,0.9354838709677419,0.0,0.0,0.9354838709677419,0.939297124600639,0.9354838709677419,,
volcanoes-e4,rfc-nosuite,0.79,1.0,0.0,0.0,1.0,0.939297124600639,1.0,,
volcanoes-e4,rfc-nosuite,0.96,0.967741935483871,0.0,0.0,1.0,0.939297124600639,1.0,0.967741935483871,
volcanoes-e4,rfc-nosuite,1.0,1.0,0.0,0.0,1.0,0.939297124600639,1.0,,1.0
volcanoes-e4,rfc-nosuite,1.0,0.967741935483871,0.0,0.0,0.967741935483871,0.939297124600639,0.967741935483871,,
volcanoes-e4,rfc-nosuite,1.0,1.0,0.0,0.0,1.0,0.939297124600639,1.0,,
volcanoes-e4,rfc-nosuite,0.69,0.9032258064516129,0.0,0.0,0.9354838709677419,0.939297124600639,0.9354838709677419,0.6774193548387096,0.7419354838709677
volcanoes-e4,rfc-nosuite,0.74,0.8064516129032258,0.0,0.0,0.8064516129032258,0.939297124600639,0.8064516129032258,,0.8064516129032258
volcanoes-e4,rfc-nosuite,0.99,1.0,0.0,0.0,1.0,0.939297124600639,1.0,,
volcanoes-e4,rfc-nosuite,1.0,0.967741935483871,0.0,0.0,0.967741935483871,0.939297124600639,0.967741935483871,,0.967741935483871
volcanoes-e4,rfc-nosuite,0.98,0.8064516129032258,0.0,0.0,0.8387096774193549,0.939297124600639,0.8387096774193549,,0.8387096774193549
volcanoes-e4,rfc-nosuite,1.0,0.967741935483871,0.0,0.0,0.967741935483871,0.939297124600639,0.967741935483871,0.967741935483871,
volcanoes-e4,rfc-nosuite,1.0,0.8709677419354839,0.0,0.0,0.8709677419354839,0.939297124600639,0.8709677419354839,,
volcanoes-e4,rfc-nosuite,0.96,0.8709677419354839,0.0,0.0,0.9354838709677419,0.939297124600639,0.9354838709677419,,
volcanoes-e4,rfc-nosuite,1.0,0.967741935483871,0.0,0.0,0.967741935483871,0.939297124600639,0.967741935483871,,
volcanoes-e4,rfc-nosuite,0.99,1.0,0.0,0.0,1.0,0.939297124600639,1.0,,
volcanoes-e4,rfc-nosuite,0.71,0.7419354838709677,0.0,0.0,0.7419354838709677,0.939297124600639,0.7419354838709677,,0.7096774193548387
volcanoes-e4,rfc-nosuite,0.71,0.9354838709677419,0.0,0.0,0.9354838709677419,0.939297124600639,0.9354838709677419,0.9354838709677419,0.9354838709677419
volcanoes-e4,rfc-nosuite,1.0,1.0,0.0,0.0,1.0,0.939297124600639,1.0,,1.0
volcanoes-e4,rfc-nosuite,1.0,0.9354838709677419,0.0,0.0,0.9354838709677419,0.939297124600639,0.9354838709677419,,0.9354838709677419
volcanoes-e4,rfc-nosuite,0.99,0.967741935483871,0.0,0.0,0.967741935483871,0.939297124600639,0.967741935483871,,0.967741935483871
yeast,rfc-nosuite,0.43,0.5405405405405406,0.0,0.0,0.5675675675675675,0.6226415094339622,0.5405405405405406,,0.6756756756756757
yeast,rfc-nosuite,0.79,0.43243243243243246,0.0,0.0,0.6216216216216216,0.6226415094339622,0.5405405405405406,,0.5405405405405406
yeast,rfc-nosuite,0.7,0.4864864864864865,0.0,0.0,0.5405405405405406,0.6226415094339622,0.5945945945945946,,0.5135135135135135
yeast,rfc-nosuite,0.74,0.6756756756756757,0.0,0.0,0.5405405405405406,0.6226415094339622,0.5405405405405406,,0.5945945945945946
yeast,rfc-nosuite,0.8,0.5405405405405406,0.0,0.0,0.5405405405405406,0.6226415094339622,0.5945945945945946,,0.5945945945945946
yeast,rfc-nosuite,0.42,0.4594594594594595,0.0,0.0,0.32432432432432434,0.6226415094339622,0.40540540540540543,,0.40540540540540543
yeast,rfc-nosuite,0.67,0.5405405405405406,0.0,0.0,0.6486486486486487,0.6226415094339622,0.5945945945945946,,0.7297297297297297
yeast,rfc-nosuite,0.47,0.4864864864864865,0.0,0.0,0.7297297297297297,0.6226415094339622,0.7027027027027027,,0.43243243243243246
yeast,rfc-nosuite,0.57,0.4864864864864865,0.0,0.0,0.3783783783783784,0.6226415094339622,0.4594594594594595,,0.43243243243243246
yeast,rfc-nosuite,0.72,0.5135135135135135,0.0,0.0,0.6756756756756757,0.6226415094339622,0.7837837837837838,,0.8108108108108109
yeast,rfc-nosuite,0.86,0.7567567567567568,0.0,0.0,0.7837837837837838,0.6226415094339622,0.7837837837837838,,0.8108108108108109
yeast,rfc-nosuite,0.86,0.6486486486486487,0.0,0.0,0.5135135135135135,0.6226415094339622,0.5405405405405406,,0.7297297297297297
yeast,rfc-nosuite,0.59,0.6486486486486487,0.0,0.0,0.6216216216216216,0.6226415094339622,0.7027027027027027,,0.5675675675675675
yeast,rfc-nosuite,0.55,0.6216216216216216,0.0,0.0,0.5945945945945946,0.6226415094339622,0.5945945945945946,,0.4864864864864865
yeast,rfc-nosuite,0.72,0.43243243243243246,0.0,0.0,0.5945945945945946,0.6226415094339622,0.6486486486486487,,0.7027027027027027
yeast,rfc-nosuite,0.48,0.5675675675675675,0.0,0.0,0.6216216216216216,0.6226415094339622,0.5135135135135135,,0.5945945945945946
yeast,rfc-nosuite,0.56,0.5405405405405406,0.0,0.0,0.4864864864864865,0.6226415094339622,0.5135135135135135,,0.5945945945945946
yeast,rfc-nosuite,0.73,0.5405405405405406,0.0,0.0,0.21621621621621623,0.6226415094339622,0.5135135135135135,,0.5675675675675675
yeast,rfc-nosuite,0.6,0.5405405405405406,0.0,0.0,0.4594594594594595,0.6226415094339622,0.5405405405405406,,0.4864864864864865
yeast,rfc-nosuite,0.64,0.32432432432432434,0.0,0.0,0.6486486486486487,0.6226415094339622,0.7027027027027027,,0.7027027027027027
yeast,rfc-nosuite,0.77,0.6216216216216216,0.0,0.0,0.6756756756756757,0.6226415094339622,0.6216216216216216,,0.7837837837837838
yeast,rfc-nosuite,0.74,0.3783783783783784,0.0,0.0,0.2702702702702703,0.6226415094339622,0.43243243243243246,,0.3783783783783784
yeast,rfc-nosuite,0.9,0.6486486486486487,0.0,0.0,0.6756756756756757,0.6226415094339622,0.5675675675675675,,0.5945945945945946
yeast,rfc-nosuite,0.42,0.35135135135135137,0.0,0.0,0.40540540540540543,0.6226415094339622,0.5405405405405406,,0.5675675675675675
yeast,rfc-nosuite,0.54,0.43243243243243246,0.0,0.0,0.5675675675675675,0.6226415094339622,0.5945945945945946,,0.4864864864864865
yeast,rfc-nosuite,0.4,0.2972972972972973,0.0,0.0,0.3783783783783784,0.6226415094339622,0.5945945945945946,,0.43243243243243246
yeast,rfc-nosuite,0.52,0.4594594594594595,0.0,0.0,0.5135135135135135,0.6226415094339622,0.5405405405405406,,0.4864864864864865
yeast,rfc-nosuite,0.51,0.4864864864864865,0.0,0.0,0.4594594594594595,0.6226415094339622,0.7027027027027027,,0.7027027027027027
yeast,rfc-nosuite,0.78,0.4864864864864865,0.0,0.0,0.7027027027027027,0.6226415094339622,0.7297297297297297,,0.8108108108108109
yeast,rfc-nosuite,0.64,0.5945945945945946,0.0,0.0,0.5135135135135135,0.6226415094339622,0.4864864864864865,,0.5135135135135135
yeast,rfc-nosuite,0.51,0.2972972972972973,0.0,0.0,0.2972972972972973,0.6226415094339622,0.4864864864864865,,0.5405405405405406
yeast,rfc-nosuite,0.75,0.5405405405405406,0.0,0.0,0.4864864864864865,0.6226415094339622,0.7567567567567568,,0.7297297297297297
yeast,rfc-nosuite,0.32,0.5405405405405406,0.0,0.0,0.6486486486486487,0.6226415094339622,0.7297297297297297,,0.7837837837837838
yeast,rfc-nosuite,0.37,0.5405405405405406,0.0,0.0,0.5135135135135135,0.6226415094339622,0.4864864864864865,,0.5675675675675675
yeast,rfc-nosuite,0.63,0.43243243243243246,0.0,0.0,0.40540540540540543,0.6226415094339622,0.40540540540540543,,0.4864864864864865
yeast,rfc-nosuite,0.45,0.40540540540540543,0.0,0.0,0.4594594594594595,0.6226415094339622,0.4864864864864865,,0.5405405405405406
yeast,rfc-nosuite,0.42,0.5135135135135135,0.0,0.0,0.35135135135135137,0.6226415094339622,0.5135135135135135,,0.43243243243243246
yeast,rfc-nosuite,0.92,0.6756756756756757,0.0,0.0,0.5945945945945946,0.6226415094339622,0.7297297297297297,,0.6756756756756757
yeast,rfc-nosuite,0.73,0.5675675675675675,0.0,0.0,0.4594594594594595,0.6226415094339622,0.5405405405405406,,0.5405405405405406
yeast,rfc-nosuite,0.44,0.4594594594594595,0.0,0.0,0.5945945945945946,0.6226415094339622,0.5945945945945946,,0.6486486486486487
yeast,rfc-nosuite,0.64,0.4864864864864865,0.0,0.0,0.4864864864864865,0.6226415094339622,0.6216216216216216,,0.5945945945945946
yeast,rfc-nosuite,0.57,0.4594594594594595,0.0,0.0,0.4864864864864865,0.6226415094339622,0.5405405405405406,,0.4864864864864865
yeast,rfc-nosuite,0.47,0.43243243243243246,0.0,0.0,0.3783783783783784,0.6226415094339622,0.4594594594594595,,0.5135135135135135
yeast,rfc-nosuite,0.56,0.5135135135135135,0.0,0.0,0.5405405405405406,0.6226415094339622,0.6216216216216216,,0.5405405405405406
yeast,rfc-nosuite,0.76,0.40540540540540543,0.0,0.0,0.43243243243243246,0.6226415094339622,0.5135135135135135,,0.5675675675675675
yeast,rfc-nosuite,0.55,0.6486486486486487,0.0,0.0,0.4864864864864865,0.6226415094339622,0.43243243243243246,,0.5945945945945946
yeast,rfc-nosuite,0.41,0.43243243243243246,0.0,0.0,0.43243243243243246,0.6226415094339622,0.4594594594594595,,0.5405405405405406
yeast,rfc-nosuite,0.55,0.43243243243243246,0.0,0.0,0.6216216216216216,0.6226415094339622,0.7837837837837838,,0.6486486486486487
yeast,rfc-nosuite,0.79,0.6486486486486487,0.0,0.0,0.5945945945945946,0.6226415094339622,0.5675675675675675,,0.6756756756756757
yeast,rfc-nosuite,0.85,0.6216216216216216,0.0,0.0,0.5945945945945946,0.6226415094339622,0.5675675675675675,,0.7567567567567568
rmftsa,rfc-nosuite,0.3562142857142858,0.48,0.0,0.0,0.52,0.48828125,0.56,0.2,0.6
rmftsa,rfc-nosuite,0.4576666666666667,0.52,0.0,0.0,0.44,0.48828125,0.28,0.36,0.32
rmftsa,rfc-nosuite,0.6425,0.44,0.0,0.0,0.48,0.48828125,0.4,0.4,0.28
rmftsa,rfc-nosuite,0.8478333333333333,0.4,0.0,0.0,0.52,0.48828125,0.52,0.52,0.36
rmftsa,rfc-nosuite,0.614280303030303,0.76,0.0,0.0,0.6,0.48828125,0.8,0.68,0.8
rmftsa,rfc-nosuite,0.8540349927849925,0.64,0.0,0.0,0.64,0.48828125,0.76,0.76,0.76
rmftsa,rfc-nosuite,0.2751865079365079,0.52,0.0,0.0,0.4,0.48828125,0.24,0.4,0.12
rmftsa,rfc-nosuite,0.8464378399378396,0.56,0.0,0.0,0.56,0.48828125,0.52,0.52,0.56
rmftsa,rfc-nosuite,0.8261904761904763,0.28,0.0,0.0,0.32,0.48828125,0.24,0.24,0.28
rmftsa,rfc-nosuite,0.5813382173382172,0.56,0.0,0.0,0.56,0.48828125,0.52,0.52,0.56
rmftsa,rfc-nosuite,1.0,0.8,0.0,0.0,0.8,0.48828125,0.84,0.4,0.56
rmftsa,rfc-nosuite,0.59075,0.48,0.0,0.0,0.36,0.48828125,0.16,0.44,0.64
rmftsa,rfc-nosuite,0.861,0.44,0.0,0.0,0.32,0.48828125,0.36,0.28,0.12
rmftsa,rfc-nosuite,0.6853333333333335,0.12,0.0,0.0,0.28,0.48828125,0.24,0.2,0.28
rmftsa,rfc-nosuite,0.6778594852859559,0.6,0.0,0.0,0.4,0.48828125,0.56,0.56,0.56
rmftsa,rfc-nosuite,0.39428571428571435,0.44,0.0,0.0,0.44,0.48828125,0.4,0.24,0.32
rmftsa,rfc-nosuite,0.4970714285714286,0.36,0.0,0.0,0.24,0.48828125,0.2,0.36,0.56
rmftsa,rfc-nosuite,0.5813382173382172,0.56,0.0,0.0,0.56,0.48828125,0.52,0.52,0.56
rmftsa,rfc-nosuite,0.58,0.28,0.0,0.0,0.28,0.48828125,0.32,0.32,0.24
rmftsa,rfc-nosuite,0.9611111111111111,0.68,0.0,0.0,0.68,0.48828125,0.72,0.68,0.68
rmftsa,rfc-nosuite,0.6005757575757573,0.48,0.0,0.0,0.48,0.48828125,0.56,0.2,0.36
rmftsa,rfc-nosuite,0.3537380952380953,0.2,0.0,0.0,0.48,0.48828125,0.36,0.36,0.4
rmftsa,rfc-nosuite,0.6685,0.32,0.0,0.0,0.08,0.48828125,0.2,0.28,0.32
rmftsa,rfc-nosuite,0.6693243284493282,0.76,0.0,0.0,0.76,0.48828125,0.84,0.76,0.76
rmftsa,rfc-nosuite,0.7121666666666667,0.4,0.0,0.0,0.48,0.48828125,0.44,0.28,0.28
rmftsa,rfc-nosuite,0.82,0.24,0.0,0.0,0.56,0.48828125,0.44,0.56,0.32
rmftsa,rfc-nosuite,0.429,0.36,0.0,0.0,0.52,0.48828125,0.52,0.52,0.16
rmftsa,rfc-nosuite,0.52,0.44,0.0,0.0,0.48,0.48828125,0.36,0.4,0.52
rmftsa,rfc-nosuite,0.42683730158730154,0.52,0.0,0.0,0.2,0.48828125,0.64,0.64,0.56
rmftsa,rfc-nosuite,0.6702857142857143,0.48,0.0,0.0,0.28,0.48828125,0.4,0.52,0.24
rmftsa,rfc-nosuite,0.6414067321567322,0.44,0.0,0.0,0.56,0.48828125,0.48,0.48,0.48
rmftsa,rfc-nosuite,0.3321428571428571,0.44,0.0,0.0,0.4,0.48828125,0.36,0.28,0.28
rmftsa,rfc-nosuite,0.6853333333333335,0.12,0.0,0.0,0.28,0.48828125,0.24,0.36,0.28
rmftsa,rfc-nosuite,0.5189999999999999,0.32,0.0,0.0,0.28,0.48828125,0.24,0.16,0.2
rmftsa,rfc-nosuite,0.8230952380952381,0.64,0.0,0.0,0.48,0.48828125,0.68,0.68,0.48
rmftsa,rfc-nosuite,0.5,0.4,0.0,0.0,0.48,0.48828125,0.32,0.4,0.32
rmftsa,rfc-nosuite,0.514142857142857,0.72,0.0,0.0,0.72,0.48828125,0.8,0.64,0.72
rmftsa,rfc-nosuite,1.0,0.6,0.0,0.0,0.56,0.48828125,0.36,0.64,0.6
rmftsa,rfc-nosuite,0.5757976190476191,0.8,0.0,0.0,0.64,0.48828125,0.88,0.48,0.56
rmftsa,rfc-nosuite,0.88,0.36,0.0,0.0,0.28,0.48828125,0.44,0.52,0.16
rmftsa,rfc-nosuite,0.5973333333333334,0.32,0.0,0.0,0.36,0.48828125,0.36,0.36,0.32
rmftsa,rfc-nosuite,0.4328333333333333,0.24,0.0,0.0,0.36,0.48828125,0.36,0.36,0.16
rmftsa,rfc-nosuite,0.74,0.44,0.0,0.0,0.16,0.48828125,0.52,0.52,0.2
rmftsa,rfc-nosuite,0.74,0.4,0.0,0.0,0.48,0.48828125,0.48,0.48,0.36
rmftsa,rfc-nosuite,0.89,0.6,0.0,0.0,0.6,0.48828125,0.32,0.56,0.32
rmftsa,rfc-nosuite,0.5813382173382172,0.56,0.0,0.0,0.56,0.48828125,0.52,0.52,0.56
rmftsa,rfc-nosuite,0.74,0.44,0.0,0.0,0.16,0.48828125,0.52,0.52,0.2
rmftsa,rfc-nosuite,0.72,0.4,0.0,0.0,0.24,0.48828125,0.24,0.24,0.24
rmftsa,rfc-nosuite,0.86,0.4,0.0,0.0,0.4,0.48828125,0.4,0.4,0.4
rmftsa,rfc-nosuite,0.6383095238095238,0.28,0.0,0.0,0.32,0.48828125,0.32,0.28,0.44
banknote-authentication,rfc-nosuite,0.99,1.0,0.0,0.0,1.0,0.9941690962099126,1.0,1.0,1.0
banknote-authentication,rfc-nosuite,1.0,1.0,0.0,0.0,1.0,0.9941690962099126,1.0,0.9705882352941176,1.0
banknote-authentication,rfc-nosuite,0.97,1.0,0.0,0.0,1.0,0.9941690962099126,0.9705882352941176,1.0,1.0
banknote-authentication,rfc-nosuite,0.95,1.0,0.0,0.0,1.0,0.9941690962099126,0.8235294117647058,0.9705882352941176,1.0
banknote-authentication,rfc-nosuite,1.0,0.9705882352941176,0.0,0.0,1.0,0.9941690962099126,1.0,1.0,0.8235294117647058
banknote-authentication,rfc-nosuite,1.0,1.0,0.0,0.0,1.0,0.9941690962099126,1.0,0.9411764705882353,1.0
banknote-authentication,rfc-nosuite,0.99,1.0,0.0,0.0,1.0,0.9941690962099126,1.0,1.0,1.0
banknote-authentication,rfc-nosuite,1.0,1.0,0.0,0.0,1.0,0.9941690962099126,1.0,1.0,1.0
banknote-authentication,rfc-nosuite,1.0,1.0,0.0,0.0,1.0,0.9941690962099126,1.0,0.7647058823529411,1.0
banknote-authentication,rfc-nosuite,1.0,1.0,0.0,0.0,1.0,0.9941690962099126,1.0,0.9705882352941176,1.0
banknote-authentication,rfc-nosuite,0.94,1.0,0.0,0.0,1.0,0.9941690962099126,0.9705882352941176,0.9705882352941176,1.0
banknote-authentication,rfc-nosuite,1.0,0.9705882352941176,0.0,0.0,0.9411764705882353,0.9941690962099126,1.0,1.0,1.0
banknote-authentication,rfc-nosuite,1.0,1.0,0.0,0.0,0.9117647058823529,0.9941690962099126,1.0,0.7352941176470589,1.0
banknote-authentication,rfc-nosuite,1.0,1.0,0.0,0.0,0.9117647058823529,0.9941690962099126,0.9705882352941176,1.0,1.0
banknote-authentication,rfc-nosuite,1.0,0.9705882352941176,0.0,0.0,0.9705882352941176,0.9941690962099126,1.0,1.0,0.9705882352941176
banknote-authentication,rfc-nosuite,1.0,0.9705882352941176,0.0,0.0,0.9705882352941176,0.9941690962099126,1.0,1.0,0.9705882352941176
banknote-authentication,rfc-nosuite,0.99,0.9705882352941176,0.0,0.0,0.9705882352941176,0.9941690962099126,1.0,1.0,1.0
banknote-authentication,rfc-nosuite,0.98,1.0,0.0,0.0,1.0,0.9941690962099126,0.9705882352941176,1.0,0.8529411764705882
banknote-authentication,rfc-nosuite,0.99,1.0,0.0,0.0,1.0,0.9941690962099126,1.0,1.0,1.0
banknote-authentication,rfc-nosuite,1.0,1.0,0.0,0.0,0.9117647058823529,0.9941690962099126,1.0,0.8235294117647058,0.9411764705882353
banknote-authentication,rfc-nosuite,1.0,1.0,0.0,0.0,1.0,0.9941690962099126,1.0,1.0,1.0
banknote-authentication,rfc-nosuite,0.97,0.9705882352941176,0.0,0.0,0.9705882352941176,0.9941690962099126,0.7941176470588235,0.9705882352941176,0.9705882352941176
banknote-authentication,rfc-nosuite,1.0,1.0,0.0,0.0,1.0,0.9941690962099126,1.0,0.8235294117647058,1.0
banknote-authentication,rfc-nosuite,1.0,1.0,0.0,0.0,1.0,0.9941690962099126,1.0,1.0,1.0
banknote-authentication,rfc-nosuite,0.89,1.0,0.0,0.0,1.0,0.9941690962099126,0.9705882352941176,1.0,0.8235294117647058
banknote-authentication,rfc-nosuite,1.0,1.0,0.0,0.0,1.0,0.9941690962099126,1.0,0.9411764705882353,1.0
banknote-authentication,rfc-nosuite,1.0,1.0,0.0,0.0,1.0,0.9941690962099126,1.0,1.0,1.0
banknote-authentication,rfc-nosuite,1.0,1.0,0.0,0.0,1.0,0.9941690962099126,1.0,1.0,1.0
banknote-authentication,rfc-nosuite,0.94,1.0,0.0,0.0,1.0,0.9941690962099126,1.0,1.0,1.0
banknote-authentication,rfc-nosuite,0.99,1.0,0.0,0.0,0.9705882352941176,0.9941690962099126,1.0,0.9117647058823529,0.9705882352941176
banknote-authentication,rfc-nosuite,0.99,1.0,0.0,0.0,1.0,0.9941690962099126,0.9705882352941176,1.0,1.0
banknote-authentication,rfc-nosuite,1.0,1.0,0.0,0.0,1.0,0.9941690962099126,1.0,1.0,0.9411764705882353
banknote-authentication,rfc-nosuite,0.94,1.0,0.0,0.0,1.0,0.9941690962099126,1.0,1.0,1.0
banknote-authentication,rfc-nosuite,1.0,1.0,0.0,0.0,1.0,0.9941690962099126,1.0,1.0,1.0
banknote-authentication,rfc-nosuite,0.97,0.9705882352941176,0.0,0.0,0.9705882352941176,0.9941690962099126,0.9705882352941176,1.0,1.0
banknote-authentication,rfc-nosuite,1.0,1.0,0.0,0.0,1.0,0.9941690962099126,1.0,1.0,1.0
banknote-authentication,rfc-nosuite,1.0,1.0,0.0,0.0,1.0,0.9941690962099126,1.0,1.0,1.0
banknote-authentication,rfc-nosuite,1.0,1.0,0.0,0.0,1.0,0.9941690962099126,1.0,1.0,1.0
banknote-authentication,rfc-nosuite,0.98,1.0,0.0,0.0,0.8529411764705882,0.9941690962099126,1.0,1.0,1.0
banknote-authentication,rfc-nosuite,1.0,1.0,0.0,0.0,1.0,0.9941690962099126,1.0,0.5588235294117647,1.0
banknote-authentication,rfc-nosuite,0.99,0.9705882352941176,0.0,0.0,1.0,0.9941690962099126,1.0,1.0,1.0
banknote-authentication,rfc-nosuite,1.0,1.0,0.0,0.0,1.0,0.9941690962099126,1.0,1.0,1.0
banknote-authentication,rfc-nosuite,0.85,1.0,0.0,0.0,1.0,0.9941690962099126,0.9705882352941176,1.0,0.7058823529411765
banknote-authentication,rfc-nosuite,0.99,0.9705882352941176,0.0,0.0,1.0,0.9941690962099126,1.0,1.0,1.0
banknote-authentication,rfc-nosuite,1.0,1.0,0.0,0.0,0.9705882352941176,0.9941690962099126,0.9117647058823529,0.6176470588235294,0.9705882352941176
banknote-authentication,rfc-nosuite,1.0,1.0,0.0,0.0,1.0,0.9941690962099126,1.0,1.0,1.0
banknote-authentication,rfc-nosuite,1.0,1.0,0.0,0.0,1.0,0.9941690962099126,1.0,1.0,1.0
banknote-authentication,rfc-nosuite,0.99,0.9705882352941176,0.0,0.0,1.0,0.9941690962099126,0.8235294117647058,1.0,0.9705882352941176
banknote-authentication,rfc-nosuite,0.99,1.0,0.0,0.0,1.0,0.9941690962099126,1.0,1.0,1.0
banknote-authentication,rfc-nosuite,0.94,1.0,0.0,0.0,1.0,0.9941690962099126,1.0,1.0,0.7352941176470589
volcanoes-a2,rfc-nosuite,1.0,0.95,0.0,0.0,0.975,0.9310344827586207,0.975,0.975,0.975
volcanoes-a2,rfc-nosuite,0.96,0.975,0.0,0.0,0.975,0.9310344827586207,0.95,0.6,
volcanoes-a2,rfc-nosuite,1.0,1.0,0.0,0.0,1.0,0.9310344827586207,1.0,1.0,1.0
volcanoes-a2,rfc-nosuite,0.97,1.0,0.0,0.0,1.0,0.9310344827586207,1.0,1.0,
volcanoes-a2,rfc-nosuite,0.74,0.975,0.0,0.0,0.975,0.9310344827586207,0.975,0.975,
volcanoes-a2,rfc-nosuite,1.0,1.0,0.0,0.0,1.0,0.9310344827586207,1.0,1.0,
volcanoes-a2,rfc-nosuite,0.92,0.975,0.0,0.0,0.975,0.9310344827586207,0.975,0.975,0.975
volcanoes-a2,rfc-nosuite,0.99,1.0,0.0,0.0,1.0,0.9310344827586207,1.0,1.0,
volcanoes-a2,rfc-nosuite,1.0,0.975,0.0,0.0,0.975,0.9310344827586207,0.975,0.975,0.975
volcanoes-a2,rfc-nosuite,0.99,1.0,0.0,0.0,1.0,0.9310344827586207,1.0,1.0,
volcanoes-a2,rfc-nosuite,0.63,0.625,0.0,0.0,0.725,0.9310344827586207,0.675,0.45,0.575
volcanoes-a2,rfc-nosuite,1.0,1.0,0.0,0.0,1.0,0.9310344827586207,1.0,1.0,
volcanoes-a2,rfc-nosuite,0.71,0.85,0.0,0.0,0.95,0.9310344827586207,0.875,0.875,0.625
volcanoes-a2,rfc-nosuite,0.72,0.85,0.0,0.0,0.95,0.9310344827586207,0.925,0.775,0.925
volcanoes-a2,rfc-nosuite,0.92,1.0,0.0,0.0,1.0,0.9310344827586207,1.0,1.0,
volcanoes-a2,rfc-nosuite,1.0,1.0,0.0,0.0,1.0,0.9310344827586207,1.0,1.0,1.0
volcanoes-a2,rfc-nosuite,0.99,0.975,0.0,0.0,0.975,0.9310344827586207,0.975,0.975,0.975
volcanoes-a2,rfc-nosuite,0.92,0.975,0.0,0.0,0.975,0.9310344827586207,0.925,0.975,0.975
volcanoes-a2,rfc-nosuite,1.0,1.0,0.0,0.0,0.975,0.9310344827586207,0.95,1.0,1.0
volcanoes-a2,rfc-nosuite,1.0,1.0,0.0,0.0,1.0,0.9310344827586207,1.0,1.0,
volcanoes-a2,rfc-nosuite,0.96,1.0,0.0,0.0,1.0,0.9310344827586207,1.0,1.0,1.0
volcanoes-a2,rfc-nosuite,0.95,1.0,0.0,0.0,1.0,0.9310344827586207,1.0,1.0,1.0
volcanoes-a2,rfc-nosuite,0.98,1.0,0.0,0.0,1.0,0.9310344827586207,1.0,1.0,
volcanoes-a2,rfc-nosuite,1.0,0.975,0.0,0.0,0.95,0.9310344827586207,0.975,0.7,
volcanoes-a2,rfc-nosuite,0.99,1.0,0.0,0.0,1.0,0.9310344827586207,0.95,1.0,1.0
volcanoes-a2,rfc-nosuite,1.0,0.975,0.0,0.0,0.975,0.9310344827586207,0.975,0.975,0.975
volcanoes-a2,rfc-nosuite,1.0,1.0,0.0,0.0,1.0,0.9310344827586207,1.0,1.0,
volcanoes-a2,rfc-nosuite,0.96,1.0,0.0,0.0,1.0,0.9310344827586207,1.0,1.0,1.0
volcanoes-a2,rfc-nosuite,0.96,1.0,0.0,0.0,1.0,0.9310344827586207,1.0,1.0,
volcanoes-a2,rfc-nosuite,1.0,1.0,0.0,0.0,1.0,0.9310344827586207,1.0,1.0,1.0
volcanoes-a2,rfc-nosuite,1.0,0.975,0.0,0.0,0.975,0.9310344827586207,0.975,0.975,0.975
volcanoes-a2,rfc-nosuite,1.0,1.0,0.0,0.0,1.0,0.9310344827586207,1.0,1.0,1.0
volcanoes-a2,rfc-nosuite,0.99,0.975,0.0,0.0,0.975,0.9310344827586207,0.95,0.975,
volcanoes-a2,rfc-nosuite,1.0,1.0,0.0,0.0,1.0,0.9310344827586207,1.0,1.0,1.0
volcanoes-a2,rfc-nosuite,0.99,0.975,0.0,0.0,0.975,0.9310344827586207,0.975,0.975,0.975
volcanoes-a2,rfc-nosuite,1.0,0.975,0.0,0.0,0.975,0.9310344827586207,0.975,0.975,
volcanoes-a2,rfc-nosuite,0.98,1.0,0.0,0.0,1.0,0.9310344827586207,1.0,1.0,1.0
volcanoes-a2,rfc-nosuite,0.43,0.6,0.0,0.0,0.7,0.9310344827586207,0.55,0.525,0.625
volcanoes-a2,rfc-nosuite,1.0,1.0,0.0,0.0,1.0,0.9310344827586207,1.0,1.0,1.0
volcanoes-a2,rfc-nosuite,0.82,0.875,0.0,0.0,0.9,0.9310344827586207,0.925,0.95,0.85
volcanoes-a2,rfc-nosuite,1.0,1.0,0.0,0.0,1.0,0.9310344827586207,1.0,1.0,1.0
volcanoes-a2,rfc-nosuite,0.97,0.975,0.0,0.0,0.975,0.9310344827586207,0.975,0.975,
volcanoes-a2,rfc-nosuite,0.97,0.975,0.0,0.0,0.975,0.9310344827586207,0.975,0.975,0.975
volcanoes-a2,rfc-nosuite,0.98,0.975,0.0,0.0,0.975,0.9310344827586207,0.975,0.925,0.975
volcanoes-a2,rfc-nosuite,1.0,1.0,0.0,0.0,1.0,0.9310344827586207,1.0,1.0,1.0
volcanoes-a2,rfc-nosuite,0.86,0.525,0.0,0.0,0.75,0.9310344827586207,0.575,0.375,0.625
volcanoes-a2,rfc-nosuite,1.0,1.0,0.0,0.0,1.0,0.9310344827586207,1.0,1.0,
volcanoes-a2,rfc-nosuite,0.96,0.925,0.0,0.0,0.95,0.9310344827586207,0.9,0.95,
volcanoes-a2,rfc-nosuite,1.0,0.975,0.0,0.0,0.975,0.9310344827586207,0.975,0.975,0.975
volcanoes-a2,rfc-nosuite,0.99,0.975,0.0,0.0,0.975,0.9310344827586207,0.95,0.95,0.975
volcanoes-a3,rfc-nosuite,0.42,0.6578947368421053,0.0,0.0,0.7105263157894737,0.89501312335958,0.7368421052631579,0.631578947368421,0.7105263157894737
volcanoes-a3,rfc-nosuite,1.0,1.0,0.0,0.0,1.0,0.89501312335958,1.0,0.9736842105263158,
volcanoes-a3,rfc-nosuite,0.35,0.5789473684210527,0.0,0.0,0.6052631578947368,0.89501312335958,0.6052631578947368,0.5263157894736842,0.34210526315789475
volcanoes-a3,rfc-nosuite,1.0,1.0,0.0,0.0,1.0,0.89501312335958,1.0,1.0,1.0
volcanoes-a3,rfc-nosuite,1.0,1.0,0.0,0.0,1.0,0.89501312335958,1.0,1.0,
volcanoes-a3,rfc-nosuite,0.99,1.0,0.0,0.0,1.0,0.89501312335958,1.0,1.0,
volcanoes-a3,rfc-nosuite,1.0,0.9210526315789473,0.0,0.0,0.9210526315789473,0.89501312335958,0.9210526315789473,0.9210526315789473,
volcanoes-a3,rfc-nosuite,0.99,1.0,0.0,0.0,1.0,0.89501312335958,1.0,1.0,1.0
volcanoes-a3,rfc-nosuite,0.95,1.0,0.0,0.0,1.0,0.89501312335958,1.0,1.0,1.0
volcanoes-a3,rfc-nosuite,1.0,0.9473684210526315,0.0,0.0,0.9473684210526315,0.89501312335958,0.9473684210526315,0.9473684210526315,
volcanoes-a3,rfc-nosuite,1.0,0.9736842105263158,0.0,0.0,0.9736842105263158,0.89501312335958,0.9736842105263158,0.9736842105263158,0.9736842105263158
volcanoes-a3,rfc-nosuite,0.95,0.7105263157894737,0.0,0.0,0.7631578947368421,0.89501312335958,0.7894736842105263,0.6578947368421053,0.7105263157894737
volcanoes-a3,rfc-nosuite,0.7,0.9210526315789473,0.0,0.0,0.9210526315789473,0.89501312335958,0.9210526315789473,0.8947368421052632,0.9210526315789473
volcanoes-a3,rfc-nosuite,0.59,0.631578947368421,0.0,0.0,0.7631578947368421,0.89501312335958,0.7894736842105263,0.5789473684210527,0.42105263157894735
volcanoes-a3,rfc-nosuite,0.9,0.9473684210526315,0.0,0.0,0.9210526315789473,0.89501312335958,0.9210526315789473,0.8157894736842105,
volcanoes-a3,rfc-nosuite,0.99,0.9473684210526315,0.0,0.0,0.9473684210526315,0.89501312335958,0.9473684210526315,0.9473684210526315,0.9473684210526315
volcanoes-a3,rfc-nosuite,0.99,0.9473684210526315,0.0,0.0,0.9473684210526315,0.89501312335958,0.9473684210526315,0.9473684210526315,0.9473684210526315
volcanoes-a3,rfc-nosuite,1.0,1.0,0.0,0.0,1.0,0.89501312335958,1.0,1.0,1.0
volcanoes-a3,rfc-nosuite,0.98,1.0,0.0,0.0,1.0,0.89501312335958,1.0,1.0,1.0
volcanoes-a3,rfc-nosuite,0.85,0.9473684210526315,0.0,0.0,0.9736842105263158,0.89501312335958,0.9736842105263158,0.9736842105263158,0.9736842105263158
volcanoes-a3,rfc-nosuite,1.0,1.0,0.0,0.0,1.0,0.89501312335958,1.0,1.0,
volcanoes-a3,rfc-nosuite,0.91,0.9473684210526315,0.0,0.0,0.9473684210526315,0.89501312335958,0.9473684210526315,0.8947368421052632,0.868421052631579
volcanoes-a3,rfc-nosuite,1.0,0.9736842105263158,0.0,0.0,0.9736842105263158,0.89501312335958,0.9736842105263158,0.9736842105263158,0.9736842105263158
volcanoes-a3,rfc-nosuite,0.79,0.7368421052631579,0.0,0.0,0.8157894736842105,0.89501312335958,0.8157894736842105,0.7105263157894737,0.7631578947368421
volcanoes-a3,rfc-nosuite,0.95,1.0,0.0,0.0,1.0,0.89501312335958,1.0,1.0,
volcanoes-a3,rfc-nosuite,0.97,1.0,0.0,0.0,1.0,0.89501312335958,1.0,1.0,1.0
volcanoes-a3,rfc-nosuite,0.49,0.8157894736842105,0.0,0.0,0.8157894736842105,0.89501312335958,0.8421052631578947,0.8157894736842105,
volcanoes-a3,rfc-nosuite,0.98,1.0,0.0,0.0,1.0,0.89501312335958,1.0,1.0,1.0
volcanoes-a3,rfc-nosuite,1.0,1.0,0.0,0.0,1.0,0.89501312335958,1.0,1.0,
volcanoes-a3,rfc-nosuite,0.98,1.0,0.0,0.0,1.0,0.89501312335958,1.0,1.0,1.0
volcanoes-a3,rfc-nosuite,0.99,1.0,0.0,0.0,1.0,0.89501312335958,1.0,1.0,1.0
volcanoes-a3,rfc-nosuite,1.0,1.0,0.0,0.0,1.0,0.89501312335958,1.0,1.0,1.0
volcanoes-a3,rfc-nosuite,0.72,0.8157894736842105,0.0,0.0,0.8157894736842105,0.89501312335958,0.8421052631578947,0.7368421052631579,0.7105263157894737
volcanoes-a3,rfc-nosuite,0.97,1.0,0.0,0.0,1.0,0.89501312335958,1.0,1.0,1.0
volcanoes-a3,rfc-nosuite,1.0,1.0,0.0,0.0,1.0,0.89501312335958,1.0,1.0,1.0
volcanoes-a3,rfc-nosuite,0.89,0.8421052631578947,0.0,0.0,0.8421052631578947,0.89501312335958,0.8421052631578947,0.7894736842105263,
volcanoes-a3,rfc-nosuite,0.98,0.7631578947368421,0.0,0.0,0.868421052631579,0.89501312335958,0.868421052631579,0.868421052631579,0.868421052631579
volcanoes-a3,rfc-nosuite,0.98,0.9736842105263158,0.0,0.0,0.9736842105263158,0.89501312335958,0.9736842105263158,0.9736842105263158,0.9736842105263158
volcanoes-a3,rfc-nosuite,0.94,0.7105263157894737,0.0,0.0,0.7631578947368421,0.89501312335958,0.7631578947368421,0.6842105263157895,
volcanoes-a3,rfc-nosuite,0.97,1.0,0.0,0.0,1.0,0.89501312335958,1.0,1.0,1.0
volcanoes-a3,rfc-nosuite,0.99,1.0,0.0,0.0,1.0,0.89501312335958,1.0,1.0,1.0
volcanoes-a3,rfc-nosuite,0.41,0.3684210526315789,0.0,0.0,0.39473684210526316,0.89501312335958,0.42105263157894735,0.07894736842105263,0.42105263157894735
volcanoes-a3,rfc-nosuite,0.98,1.0,0.0,0.0,1.0,0.89501312335958,1.0,1.0,1.0
volcanoes-a3,rfc-nosuite,1.0,1.0,0.0,0.0,1.0,0.89501312335958,1.0,1.0,1.0
volcanoes-a3,rfc-nosuite,0.96,0.9736842105263158,0.0,0.0,0.9736842105263158,0.89501312335958,0.9736842105263158,0.8947368421052632,0.9736842105263158
volcanoes-a3,rfc-nosuite,1.0,1.0,0.0,0.0,1.0,0.89501312335958,1.0,1.0,1.0
volcanoes-a3,rfc-nosuite,0.93,0.9736842105263158,0.0,0.0,0.9736842105263158,0.89501312335958,0.9736842105263158,0.9736842105263158,
volcanoes-a3,rfc-nosuite,1.0,1.0,0.0,0.0,1.0,0.89501312335958,1.0,1.0,
volcanoes-a3,rfc-nosuite,0.99,1.0,0.0,0.0,1.0,0.89501312335958,1.0,1.0,
volcanoes-a3,rfc-nosuite,1.0,0.9736842105263158,0.0,0.0,0.9736842105263158,0.89501312335958,0.9736842105263158,0.9736842105263158,0.9736842105263158
volcanoes-a4,rfc-nosuite,1.0,1.0,0.0,0.0,1.0,0.8944591029023746,1.0,1.0,
volcanoes-a4,rfc-nosuite,1.0,1.0,0.0,0.0,1.0,0.8944591029023746,1.0,1.0,
volcanoes-a4,rfc-nosuite,0.62,0.4864864864864865,0.0,0.0,0.4594594594594595,0.8944591029023746,0.2972972972972973,0.35135135135135137,0.35135135135135137
volcanoes-a4,rfc-nosuite,0.99,0.9459459459459459,0.0,0.0,0.9459459459459459,0.8944591029023746,0.9459459459459459,0.9459459459459459,0.9459459459459459
volcanoes-a4,rfc-nosuite,0.99,0.972972972972973,0.0,0.0,0.972972972972973,0.8944591029023746,0.972972972972973,0.972972972972973,
volcanoes-a4,rfc-nosuite,0.59,0.5675675675675675,0.0,0.0,0.6486486486486487,0.8944591029023746,0.40540540540540543,0.43243243243243246,0.3783783783783784
volcanoes-a4,rfc-nosuite,0.97,0.972972972972973,0.0,0.0,0.972972972972973,0.8944591029023746,0.972972972972973,0.972972972972973,0.972972972972973
volcanoes-a4,rfc-nosuite,0.88,0.918918918918919,0.0,0.0,0.8918918918918919,0.8944591029023746,0.8648648648648649,0.918918918918919,0.8918918918918919
volcanoes-a4,rfc-nosuite,0.92,0.9459459459459459,0.0,0.0,0.9459459459459459,0.8944591029023746,0.9459459459459459,0.9459459459459459,0.9459459459459459
volcanoes-a4,rfc-nosuite,1.0,1.0,0.0,0.0,1.0,0.8944591029023746,1.0,1.0,1.0
volcanoes-a4,rfc-nosuite,1.0,1.0,0.0,0.0,1.0,0.8944591029023746,1.0,1.0,1.0
volcanoes-a4,rfc-nosuite,0.98,0.972972972972973,0.0,0.0,0.9459459459459459,0.8944591029023746,0.972972972972973,0.7567567567567568,0.972972972972973
volcanoes-a4,rfc-nosuite,0.99,1.0,0.0,0.0,1.0,0.8944591029023746,1.0,,1.0
volcanoes-a4,rfc-nosuite,1.0,1.0,0.0,0.0,1.0,0.8944591029023746,1.0,1.0,1.0
volcanoes-a4,rfc-nosuite,1.0,0.972972972972973,0.0,0.0,0.972972972972973,0.8944591029023746,0.972972972972973,0.972972972972973,
volcanoes-a4,rfc-nosuite,1.0,0.972972972972973,0.0,0.0,0.972972972972973,0.8944591029023746,0.972972972972973,0.972972972972973,0.972972972972973
volcanoes-a4,rfc-nosuite,1.0,1.0,0.0,0.0,1.0,0.8944591029023746,1.0,1.0,1.0
volcanoes-a4,rfc-nosuite,1.0,1.0,0.0,0.0,1.0,0.8944591029023746,1.0,1.0,1.0
volcanoes-a4,rfc-nosuite,1.0,0.972972972972973,0.0,0.0,0.972972972972973,0.8944591029023746,0.972972972972973,0.972972972972973,0.972972972972973
volcanoes-a4,rfc-nosuite,1.0,1.0,0.0,0.0,1.0,0.8944591029023746,1.0,1.0,1.0
volcanoes-a4,rfc-nosuite,0.99,0.972972972972973,0.0,0.0,0.972972972972973,0.8944591029023746,0.972972972972973,0.972972972972973,0.972972972972973
volcanoes-a4,rfc-nosuite,0.44,0.32432432432432434,0.0,0.0,0.4594594594594595,0.8944591029023746,0.2702702702702703,0.35135135135135137,0.32432432432432434
volcanoes-a4,rfc-nosuite,1.0,1.0,0.0,0.0,1.0,0.8944591029023746,1.0,1.0,1.0
volcanoes-a4,rfc-nosuite,1.0,1.0,0.0,0.0,1.0,0.8944591029023746,1.0,1.0,
volcanoes-a4,rfc-nosuite,0.85,0.6216216216216216,0.0,0.0,0.7027027027027027,0.8944591029023746,0.7027027027027027,0.6756756756756757,0.7027027027027027
volcanoes-a4,rfc-nosuite,1.0,0.972972972972973,0.0,0.0,0.972972972972973,0.8944591029023746,0.972972972972973,0.972972972972973,0.972972972972973
volcanoes-a4,rfc-nosuite,1.0,0.972972972972973,0.0,0.0,0.972972972972973,0.8944591029023746,0.972972972972973,0.972972972972973,0.972972972972973
volcanoes-a4,rfc-nosuite,0.31,0.40540540540540543,0.0,0.0,0.43243243243243246,0.8944591029023746,0.32432432432432434,0.32432432432432434,0.32432432432432434
volcanoes-a4,rfc-nosuite,0.98,0.9459459459459459,0.0,0.0,0.9459459459459459,0.8944591029023746,0.9459459459459459,0.9459459459459459,0.9459459459459459
volcanoes-a4,rfc-nosuite,0.83,0.972972972972973,0.0,0.0,0.972972972972973,0.8944591029023746,0.972972972972973,0.972972972972973,
volcanoes-a4,rfc-nosuite,0.65,0.9459459459459459,0.0,0.0,0.9459459459459459,0.8944591029023746,0.9459459459459459,0.9459459459459459,
volcanoes-a4,rfc-nosuite,0.99,0.972972972972973,0.0,0.0,0.972972972972973,0.8944591029023746,0.972972972972973,0.972972972972973,0.972972972972973
volcanoes-a4,rfc-nosuite,0.82,0.7567567567567568,0.0,0.0,0.8378378378378378,0.8944591029023746,0.8648648648648649,0.4864864864864865,
volcanoes-a4,rfc-nosuite,0.99,0.8648648648648649,0.0,0.0,0.8648648648648649,0.8944591029023746,0.8918918918918919,0.8918918918918919,
volcanoes-a4,rfc-nosuite,0.39,0.5945945945945946,0.0,0.0,0.5405405405405406,0.8944591029023746,0.4594594594594595,0.43243243243243246,0.5675675675675675
volcanoes-a4,rfc-nosuite,0.84,0.8918918918918919,0.0,0.0,0.9459459459459459,0.8944591029023746,0.9459459459459459,0.9459459459459459,
volcanoes-a4,rfc-nosuite,0.81,0.972972972972973,0.0,0.0,0.972972972972973,0.8944591029023746,0.972972972972973,0.972972972972973,0.972972972972973
volcanoes-a4,rfc-nosuite,1.0,1.0,0.0,0.0,1.0,0.8944591029023746,1.0,1.0,
volcanoes-a4,rfc-nosuite,0.96,1.0,0.0,0.0,1.0,0.8944591029023746,1.0,1.0,1.0
volcanoes-a4,rfc-nosuite,0.49,0.35135135135135137,0.0,0.0,0.6216216216216216,0.8944591029023746,0.4594594594594595,0.35135135135135137,0.5135135135135135
volcanoes-a4,rfc-nosuite,1.0,1.0,0.0,0.0,1.0,0.8944591029023746,1.0,1.0,1.0
volcanoes-a4,rfc-nosuite,0.91,0.6486486486486487,0.0,0.0,0.7297297297297297,0.8944591029023746,0.6756756756756757,0.5675675675675675,0.7567567567567568
volcanoes-a4,rfc-nosuite,0.97,0.918918918918919,0.0,0.0,0.918918918918919,0.8944591029023746,0.918918918918919,0.918918918918919,0.918918918918919
volcanoes-a4,rfc-nosuite,0.98,0.9459459459459459,0.0,0.0,0.9459459459459459,0.8944591029023746,0.9459459459459459,0.9459459459459459,0.9459459459459459
volcanoes-a4,rfc-nosuite,0.96,0.972972972972973,0.0,0.0,0.972972972972973,0.8944591029023746,0.972972972972973,0.9459459459459459,0.972972972972973
volcanoes-a4,rfc-nosuite,1.0,0.972972972972973,0.0,0.0,0.9459459459459459,0.8944591029023746,0.972972972972973,0.972972972972973,
volcanoes-a4,rfc-nosuite,0.93,1.0,0.0,0.0,1.0,0.8944591029023746,1.0,1.0,1.0
volcanoes-a4,rfc-nosuite,0.94,0.972972972972973,0.0,0.0,1.0,0.8944591029023746,1.0,1.0,
volcanoes-a4,rfc-nosuite,0.84,0.9459459459459459,0.0,0.0,0.9459459459459459,0.8944591029023746,0.9459459459459459,0.9459459459459459,0.9459459459459459
volcanoes-a4,rfc-nosuite,1.0,1.0,0.0,0.0,1.0,0.8944591029023746,1.0,1.0,1.0
volcanoes-e1,rfc-nosuite,1.0,0.9655172413793104,0.0,0.0,0.9655172413793104,0.9155405405405406,0.9655172413793104,0.9655172413793104,
volcanoes-e1,rfc-nosuite,0.97,1.0,0.0,0.0,1.0,0.9155405405405406,1.0,,1.0
volcanoes-e1,rfc-nosuite,1.0,1.0,0.0,0.0,1.0,0.9155405405405406,1.0,,1.0
volcanoes-e1,rfc-nosuite,1.0,1.0,0.0,0.0,1.0,0.9155405405405406,1.0,1.0,1.0
volcanoes-e1,rfc-nosuite,1.0,1.0,0.0,0.0,1.0,0.9155405405405406,1.0,1.0,
volcanoes-e1,rfc-nosuite,0.76,0.6551724137931034,0.0,0.0,0.7586206896551724,0.9155405405405406,0.7241379310344828,0.6896551724137931,0.4482758620689655
volcanoes-e1,rfc-nosuite,1.0,1.0,0.0,0.0,1.0,0.9155405405405406,1.0,,
volcanoes-e1,rfc-nosuite,0.99,1.0,0.0,0.0,1.0,0.9155405405405406,1.0,,1.0
volcanoes-e1,rfc-nosuite,1.0,1.0,0.0,0.0,1.0,0.9155405405405406,1.0,,
volcanoes-e1,rfc-nosuite,0.86,0.896551724137931,0.0,0.0,0.896551724137931,0.9155405405405406,0.896551724137931,0.896551724137931,
volcanoes-e1,rfc-nosuite,1.0,0.896551724137931,0.0,0.0,0.896551724137931,0.9155405405405406,0.896551724137931,0.896551724137931,
volcanoes-e1,rfc-nosuite,0.89,0.8620689655172413,0.0,0.0,0.8620689655172413,0.9155405405405406,0.8620689655172413,,0.8620689655172413
volcanoes-e1,rfc-nosuite,0.85,1.0,0.0,0.0,1.0,0.9155405405405406,1.0,,
volcanoes-e1,rfc-nosuite,0.56,0.6896551724137931,0.0,0.0,0.7241379310344828,0.9155405405405406,0.7586206896551724,0.3793103448275862,0.7586206896551724
volcanoes-e1,rfc-nosuite,0.94,0.896551724137931,0.0,0.0,0.896551724137931,0.9155405405405406,0.896551724137931,0.896551724137931,
volcanoes-e1,rfc-nosuite,0.98,1.0,0.0,0.0,1.0,0.9155405405405406,1.0,,
volcanoes-e1,rfc-nosuite,0.92,1.0,0.0,0.0,1.0,0.9155405405405406,1.0,1.0,1.0
volcanoes-e1,rfc-nosuite,1.0,0.9655172413793104,0.0,0.0,0.9655172413793104,0.9155405405405406,0.9655172413793104,,
volcanoes-e1,rfc-nosuite,0.97,0.8275862068965517,0.0,0.0,0.9655172413793104,0.9155405405405406,0.9655172413793104,0.9310344827586207,0.9655172413793104
volcanoes-e1,rfc-nosuite,0.9,0.6206896551724138,0.0,0.0,0.6551724137931034,0.9155405405405406,0.6551724137931034,0.3103448275862069,
volcanoes-e1,rfc-nosuite,0.99,0.9310344827586207,0.0,0.0,0.9310344827586207,0.9155405405405406,0.9310344827586207,0.9310344827586207,0.9310344827586207
volcanoes-e1,rfc-nosuite,1.0,1.0,0.0,0.0,1.0,0.9155405405405406,1.0,1.0,
volcanoes-e1,rfc-nosuite,0.95,0.896551724137931,0.0,0.0,0.9310344827586207,0.9155405405405406,0.9310344827586207,0.5862068965517241,0.9310344827586207
volcanoes-e1,rfc-nosuite,0.74,0.6551724137931034,0.0,0.0,0.7241379310344828,0.9155405405405406,0.8620689655172413,0.7241379310344828,0.7586206896551724
volcanoes-e1,rfc-nosuite,0.59,0.7241379310344828,0.0,0.0,0.7241379310344828,0.9155405405405406,0.7241379310344828,,0.5517241379310345
volcanoes-e1,rfc-nosuite,0.98,1.0,0.0,0.0,1.0,0.9155405405405406,1.0,0.7931034482758621,
volcanoes-e1,rfc-nosuite,0.98,0.9655172413793104,0.0,0.0,0.9655172413793104,0.9155405405405406,0.9655172413793104,0.9655172413793104,
volcanoes-e1,rfc-nosuite,1.0,1.0,0.0,0.0,1.0,0.9155405405405406,1.0,1.0,
volcanoes-e1,rfc-nosuite,1.0,0.9655172413793104,0.0,0.0,1.0,0.9155405405405406,1.0,1.0,1.0
volcanoes-e1,rfc-nosuite,0.84,0.8620689655172413,0.0,0.0,0.8620689655172413,0.9155405405405406,0.8620689655172413,0.8275862068965517,0.7586206896551724
volcanoes-e1,rfc-nosuite,0.97,1.0,0.0,0.0,1.0,0.9155405405405406,1.0,,1.0
volcanoes-e1,rfc-nosuite,0.84,0.7586206896551724,0.0,0.0,0.8620689655172413,0.9155405405405406,0.8620689655172413,0.6551724137931034,0.6896551724137931
volcanoes-e1,rfc-nosuite,1.0,0.9655172413793104,0.0,0.0,0.9655172413793104,0.9155405405405406,0.9655172413793104,,
volcanoes-e1,rfc-nosuite,0.93,0.8620689655172413,0.0,0.0,0.9310344827586207,0.9155405405405406,0.9310344827586207,0.8275862068965517,0.8275862068965517
volcanoes-e1,rfc-nosuite,0.5,0.8620689655172413,0.0,0.0,0.896551724137931,0.9155405405405406,0.8620689655172413,0.41379310344827586,0.8275862068965517
volcanoes-e1,rfc-nosuite,1.0,0.9655172413793104,0.0,0.0,0.9655172413793104,0.9155405405405406,0.9655172413793104,0.9655172413793104,0.9655172413793104
volcanoes-e1,rfc-nosuite,0.78,0.9310344827586207,0.0,0.0,0.9655172413793104,0.9155405405405406,0.9655172413793104,,0.9310344827586207
volcanoes-e1,rfc-nosuite,0.96,0.9655172413793104,0.0,0.0,0.9655172413793104,0.9155405405405406,0.9655172413793104,0.8275862068965517,
volcanoes-e1,rfc-nosuite,0.85,0.7931034482758621,0.0,0.0,0.7931034482758621,0.9155405405405406,0.7931034482758621,0.5862068965517241,0.7931034482758621
volcanoes-e1,rfc-nosuite,0.57,0.7586206896551724,0.0,0.0,0.6896551724137931,0.9155405405405406,0.7586206896551724,0.41379310344827586,0.4827586206896552
volcanoes-e1,rfc-nosuite,0.98,1.0,0.0,0.0,1.0,0.9155405405405406,1.0,1.0,1.0
volcanoes-e1,rfc-nosuite,1.0,1.0,0.0,0.0,1.0,0.9155405405405406,1.0,1.0,1.0
volcanoes-e1,rfc-nosuite,0.99,1.0,0.0,0.0,1.0,0.9155405405405406,1.0,1.0,1.0
volcanoes-e1,rfc-nosuite,0.97,0.9655172413793104,0.0,0.0,0.9655172413793104,0.9155405405405406,0.9655172413793104,,
volcanoes-e1,rfc-nosuite,0.5,0.7931034482758621,0.0,0.0,0.7931034482758621,0.9155405405405406,0.7931034482758621,,0.6551724137931034
volcanoes-e1,rfc-nosuite,1.0,1.0,0.0,0.0,1.0,0.9155405405405406,1.0,1.0,
volcanoes-e1,rfc-nosuite,1.0,1.0,0.0,0.0,1.0,0.9155405405405406,1.0,1.0,1.0
volcanoes-e1,rfc-nosuite,0.99,0.8275862068965517,0.0,0.0,0.9655172413793104,0.9155405405405406,0.9655172413793104,,
volcanoes-e1,rfc-nosuite,0.95,0.9310344827586207,0.0,0.0,0.9310344827586207,0.9155405405405406,0.9310344827586207,0.9310344827586207,
volcanoes-e1,rfc-nosuite,0.97,1.0,0.0,0.0,1.0,0.9155405405405406,1.0,0.7241379310344828,1.0
volcanoes-e2,rfc-nosuite,1.0,1.0,0.0,0.0,1.0,0.9148148148148149,1.0,,1.0
volcanoes-e2,rfc-nosuite,0.93,0.8518518518518519,0.0,0.0,0.9629629629629629,0.9148148148148149,0.9629629629629629,,
volcanoes-e2,rfc-nosuite,0.96,0.9629629629629629,0.0,0.0,0.9629629629629629,0.9148148148148149,0.9629629629629629,0.9629629629629629,0.9629629629629629
volcanoes-e2,rfc-nosuite,0.98,0.9629629629629629,0.0,0.0,0.9629629629629629,0.9148148148148149,0.9629629629629629,,0.9629629629629629
volcanoes-e2,rfc-nosuite,1.0,1.0,0.0,0.0,1.0,0.9148148148148149,1.0,,1.0
volcanoes-e2,rfc-nosuite,0.95,1.0,0.0,0.0,1.0,0.9148148148148149,1.0,,
volcanoes-e2,rfc-nosuite,0.98,1.0,0.0,0.0,1.0,0.9148148148148149,1.0,1.0,
volcanoes-e2,rfc-nosuite,0.97,0.8518518518518519,0.0,0.0,0.8518518518518519,0.9148148148148149,0.8518518518518519,,0.8518518518518519
volcanoes-e2,rfc-nosuite,0.98,0.8888888888888888,0.0,0.0,0.9629629629629629,0.9148148148148149,0.9629629629629629,,
volcanoes-e2,rfc-nosuite,0.76,0.6296296296296297,0.0,0.0,0.7407407407407407,0.9148148148148149,0.7037037037037037,,0.7037037037037037
volcanoes-e2,rfc-nosuite,0.96,0.8518518518518519,0.0,0.0,0.8888888888888888,0.9148148148148149,0.8888888888888888,,
volcanoes-e2,rfc-nosuite,0.96,1.0,0.0,0.0,1.0,0.9148148148148149,1.0,,1.0
volcanoes-e2,rfc-nosuite,0.96,0.9629629629629629,0.0,0.0,0.9629629629629629,0.9148148148148149,0.9629629629629629,0.9629629629629629,0.9629629629629629
volcanoes-e2,rfc-nosuite,0.91,0.8518518518518519,0.0,0.0,0.8518518518518519,0.9148148148148149,0.8518518518518519,,0.8518518518518519
volcanoes-e2,rfc-nosuite,1.0,1.0,0.0,0.0,1.0,0.9148148148148149,1.0,,
volcanoes-e2,rfc-nosuite,0.98,0.9629629629629629,0.0,0.0,0.9629629629629629,0.9148148148148149,0.9629629629629629,,
volcanoes-e2,rfc-nosuite,1.0,1.0,0.0,0.0,1.0,0.9148148148148149,1.0,,1.0
volcanoes-e2,rfc-nosuite,0.77,0.8518518518518519,0.0,0.0,0.8518518518518519,0.9148148148148149,0.8518518518518519,,
volcanoes-e2,rfc-nosuite,0.99,0.9259259259259259,0.0,0.0,0.9259259259259259,0.9148148148148149,0.9259259259259259,,0.9259259259259259
volcanoes-e2,rfc-nosuite,0.97,0.9629629629629629,0.0,0.0,0.9629629629629629,0.9148148148148149,0.9629629629629629,,
volcanoes-e2,rfc-nosuite,0.98,0.9629629629629629,0.0,0.0,0.9629629629629629,0.9148148148148149,0.9629629629629629,,0.9629629629629629
volcanoes-e2,rfc-nosuite,0.88,0.9259259259259259,0.0,0.0,0.9259259259259259,0.9148148148148149,0.9259259259259259,,0.9259259259259259
volcanoes-e2,rfc-nosuite,0.92,0.9629629629629629,0.0,0.0,0.9259259259259259,0.9148148148148149,0.9259259259259259,0.9259259259259259,
volcanoes-e2,rfc-nosuite,0.36,0.5925925925925926,0.0,0.0,0.7037037037037037,0.9148148148148149,0.7037037037037037,,0.2962962962962963
volcanoes-e2,rfc-nosuite,1.0,0.9629629629629629,0.0,0.0,0.9629629629629629,0.9148148148148149,0.9629629629629629,,0.9629629629629629
volcanoes-e2,rfc-nosuite,1.0,0.9259259259259259,0.0,0.0,0.9629629629629629,0.9148148148148149,0.9629629629629629,,
volcanoes-e2,rfc-nosuite,1.0,0.9629629629629629,0.0,0.0,0.9629629629629629,0.9148148148148149,0.9629629629629629,,0.9629629629629629
volcanoes-e2,rfc-nosuite,1.0,1.0,0.0,0.0,1.0,0.9148148148148149,1.0,,1.0
volcanoes-e2,rfc-nosuite,0.71,0.7037037037037037,0.0,0.0,0.7407407407407407,0.9148148148148149,0.7407407407407407,,0.7037037037037037
volcanoes-e2,rfc-nosuite,0.97,1.0,0.0,0.0,1.0,0.9148148148148149,1.0,,
volcanoes-e2,rfc-nosuite,0.98,0.9259259259259259,0.0,0.0,0.9259259259259259,0.9148148148148149,0.9259259259259259,,0.9259259259259259
volcanoes-e2,rfc-nosuite,0.96,0.9259259259259259,0.0,0.0,0.9259259259259259,0.9148148148148149,0.9629629629629629,,
volcanoes-e2,rfc-nosuite,1.0,0.8888888888888888,0.0,0.0,0.8888888888888888,0.9148148148148149,0.8888888888888888,,0.8888888888888888
volcanoes-e2,rfc-nosuite,0.99,0.9629629629629629,0.0,0.0,0.9629629629629629,0.9148148148148149,0.9629629629629629,,
volcanoes-e2,rfc-nosuite,0.98,1.0,0.0,0.0,1.0,0.9148148148148149,1.0,,1.0
volcanoes-e2,rfc-nosuite,0.96,0.9259259259259259,0.0,0.0,0.9259259259259259,0.9148148148148149,0.9259259259259259,,0.9259259259259259
volcanoes-e2,rfc-nosuite,0.98,0.9629629629629629,0.0,0.0,0.9629629629629629,0.9148148148148149,0.9629629629629629,,
volcanoes-e2,rfc-nosuite,0.98,0.9629629629629629,0.0,0.0,0.9629629629629629,0.9148148148148149,0.9629629629629629,,0.9629629629629629
volcanoes-e2,rfc-nosuite,0.97,0.7777777777777778,0.0,0.0,0.7407407407407407,0.9148148148148149,0.7407407407407407,,
volcanoes-e2,rfc-nosuite,1.0,1.0,0.0,0.0,1.0,0.9148148148148149,1.0,,
volcanoes-e2,rfc-nosuite,1.0,1.0,0.0,0.0,1.0,0.9148148148148149,1.0,,1.0
volcanoes-e2,rfc-nosuite,0.97,0.8888888888888888,0.0,0.0,0.9259259259259259,0.9148148148148149,0.9259259259259259,,0.9259259259259259
volcanoes-e2,rfc-nosuite,0.45,0.48148148148148145,0.0,0.0,0.5555555555555556,0.9148148148148149,0.5555555555555556,,0.5185185185185185
volcanoes-e2,rfc-nosuite,1.0,0.8888888888888888,0.0,0.0,0.8888888888888888,0.9148148148148149,0.8888888888888888,,0.8888888888888888
volcanoes-e2,rfc-nosuite,0.98,0.8888888888888888,0.0,0.0,0.8888888888888888,0.9148148148148149,0.8888888888888888,,
volcanoes-e2,rfc-nosuite,0.83,0.9259259259259259,0.0,0.0,0.9629629629629629,0.9148148148148149,0.9629629629629629,,0.9629629629629629
volcanoes-e2,rfc-nosuite,0.54,0.7037037037037037,0.0,0.0,0.8148148148148148,0.9148148148148149,0.7777777777777778,,0.7777777777777778
volcanoes-e2,rfc-nosuite,0.96,0.9259259259259259,0.0,0.0,0.9629629629629629,0.9148148148148149,0.9629629629629629,,0.9259259259259259
volcanoes-e2,rfc-nosuite,1.0,0.9629629629629629,0.0,0.0,0.9629629629629629,0.9148148148148149,0.9629629629629629,,0.9629629629629629
volcanoes-e2,rfc-nosuite,0.99,0.9629629629629629,0.0,0.0,0.9629629629629629,0.9148148148148149,0.9629629629629629,,
volcanoes-e3,rfc-nosuite,0.99,1.0,0.0,0.0,1.0,0.915625,1.0,,
volcanoes-e3,rfc-nosuite,0.93,0.8125,0.0,0.0,0.84375,0.915625,0.84375,,0.84375
volcanoes-e3,rfc-nosuite,0.99,1.0,0.0,0.0,1.0,0.915625,1.0,,
volcanoes-e3,rfc-nosuite,1.0,0.96875,0.0,0.0,0.96875,0.915625,0.96875,,
volcanoes-e3,rfc-nosuite,0.87,0.96875,0.0,0.0,0.96875,0.915625,0.96875,,
volcanoes-e3,rfc-nosuite,0.83,1.0,0.0,0.0,1.0,0.915625,1.0,,0.96875
volcanoes-e3,rfc-nosuite,1.0,0.84375,0.0,0.0,0.9375,0.915625,0.9375,,0.9375
volcanoes-e3,rfc-nosuite,1.0,1.0,0.0,0.0,1.0,0.915625,1.0,,
volcanoes-e3,rfc-nosuite,0.95,0.90625,0.0,0.0,0.9375,0.915625,0.9375,,
volcanoes-e3,rfc-nosuite,0.57,0.75,0.0,0.0,0.78125,0.915625,0.78125,0.59375,0.71875
volcanoes-e3,rfc-nosuite,1.0,1.0,0.0,0.0,1.0,0.915625,1.0,,1.0
volcanoes-e3,rfc-nosuite,0.96,0.96875,0.0,0.0,0.96875,0.915625,0.96875,0.96875,
volcanoes-e3,rfc-nosuite,0.99,0.96875,0.0,0.0,0.96875,0.915625,0.96875,,
volcanoes-e3,rfc-nosuite,1.0,0.96875,0.0,0.0,0.96875,0.915625,0.96875,0.96875,0.96875
volcanoes-e3,rfc-nosuite,1.0,0.96875,0.0,0.0,0.96875,0.915625,0.96875,,0.96875
volcanoes-e3,rfc-nosuite,0.99,1.0,0.0,0.0,1.0,0.915625,1.0,1.0,
volcanoes-e3,rfc-nosuite,1.0,1.0,0.0,0.0,1.0,0.915625,1.0,,1.0
volcanoes-e3,rfc-nosuite,0.81,0.90625,0.0,0.0,0.875,0.915625,0.84375,,0.75
volcanoes-e3,rfc-nosuite,0.99,0.9375,0.0,0.0,0.96875,0.915625,0.96875,,0.9375
volcanoes-e3,rfc-nosuite,1.0,1.0,0.0,0.0,1.0,0.915625,1.0,,
volcanoes-e3,rfc-nosuite,0.94,1.0,0.0,0.0,1.0,0.915625,1.0,,1.0
volcanoes-e3,rfc-nosuite,0.98,1.0,0.0,0.0,1.0,0.915625,1.0,,
volcanoes-e3,rfc-nosuite,1.0,0.90625,0.0,0.0,0.96875,0.915625,0.96875,,
volcanoes-e3,rfc-nosuite,0.99,0.96875,0.0,0.0,0.96875,0.915625,0.96875,,0.96875
volcanoes-e3,rfc-nosuite,0.94,0.84375,0.0,0.0,0.875,0.915625,0.875,,0.875
volcanoes-e3,rfc-nosuite,1.0,0.96875,0.0,0.0,0.96875,0.915625,0.96875,,
volcanoes-e3,rfc-nosuite,0.99,0.9375,0.0,0.0,0.9375,0.915625,0.9375,0.9375,0.9375
volcanoes-e3,rfc-nosuite,0.96,0.90625,0.0,0.0,0.90625,0.915625,0.9375,,0.875
volcanoes-e3,rfc-nosuite,0.99,1.0,0.0,0.0,1.0,0.915625,1.0,,1.0
volcanoes-e3,rfc-nosuite,0.99,1.0,0.0,0.0,1.0,0.915625,1.0,,1.0
volcanoes-e3,rfc-nosuite,0.78,0.78125,0.0,0.0,0.875,0.915625,0.90625,,0.65625
volcanoes-e3,rfc-nosuite,0.97,0.96875,0.0,0.0,0.96875,0.915625,0.96875,,
volcanoes-e3,rfc-nosuite,0.99,1.0,0.0,0.0,1.0,0.915625,1.0,,1.0
volcanoes-e3,rfc-nosuite,0.99,0.96875,0.0,0.0,0.96875,0.915625,0.96875,0.90625,0.96875
volcanoes-e3,rfc-nosuite,0.94,1.0,0.0,0.0,1.0,0.915625,1.0,,
volcanoes-e3,rfc-nosuite,0.82,1.0,0.0,0.0,1.0,0.915625,1.0,,1.0
volcanoes-e3,rfc-nosuite,1.0,1.0,0.0,0.0,1.0,0.915625,1.0,,1.0
volcanoes-e3,rfc-nosuite,0.98,0.9375,0.0,0.0,0.9375,0.915625,0.96875,,
volcanoes-e3,rfc-nosuite,0.99,1.0,0.0,0.0,1.0,0.915625,1.0,,1.0
volcanoes-e3,rfc-nosuite,1.0,0.96875,0.0,0.0,0.96875,0.915625,0.96875,,
volcanoes-e3,rfc-nosuite,1.0,0.96875,0.0,0.0,0.96875,0.915625,0.96875,,
volcanoes-e3,rfc-nosuite,0.66,0.71875,0.0,0.0,0.71875,0.915625,0.71875,0.65625,0.59375
volcanoes-e3,rfc-nosuite,1.0,1.0,0.0,0.0,1.0,0.915625,1.0,,
volcanoes-e3,rfc-nosuite,0.95,0.96875,0.0,0.0,0.96875,0.915625,0.96875,,
volcanoes-e3,rfc-nosuite,1.0,1.0,0.0,0.0,1.0,0.915625,1.0,,
volcanoes-e3,rfc-nosuite,0.95,0.9375,0.0,0.0,0.9375,0.915625,0.9375,,
volcanoes-e3,rfc-nosuite,0.96,0.875,0.0,0.0,0.9375,0.915625,0.96875,,
volcanoes-e3,rfc-nosuite,1.0,1.0,0.0,0.0,1.0,0.915625,1.0,,
volcanoes-e3,rfc-nosuite,0.98,0.90625,0.0,0.0,0.9375,0.915625,0.9375,,
volcanoes-e3,rfc-nosuite,0.95,0.9375,0.0,0.0,0.9375,0.915625,0.9375,,0.9375
volcanoes-e4,rfc-nosuite,1.0,0.8709677419354839,0.0,0.0,0.8709677419354839,0.939297124600639,0.8709677419354839,,
volcanoes-e4,rfc-nosuite,0.96,0.967741935483871,0.0,0.0,0.967741935483871,0.939297124600639,0.967741935483871,,
volcanoes-e4,rfc-nosuite,0.68,0.8064516129032258,0.0,0.0,0.8387096774193549,0.939297124600639,0.8387096774193549,,
volcanoes-e4,rfc-nosuite,0.95,1.0,0.0,0.0,1.0,0.939297124600639,1.0,,
volcanoes-e4,rfc-nosuite,0.45,0.8064516129032258,0.0,0.0,0.7741935483870968,0.939297124600639,0.8064516129032258,0.7419354838709677,0.6129032258064516
volcanoes-e4,rfc-nosuite,0.99,1.0,0.0,0.0,1.0,0.939297124600639,1.0,,
volcanoes-e4,rfc-nosuite,0.75,0.7096774193548387,0.0,0.0,0.7419354838709677,0.939297124600639,0.7419354838709677,,0.7419354838709677
volcanoes-e4,rfc-nosuite,0.99,1.0,0.0,0.0,1.0,0.939297124600639,1.0,,1.0
volcanoes-e4,rfc-nosuite,0.98,0.967741935483871,0.0,0.0,0.967741935483871,0.939297124600639,0.967741935483871,,0.967741935483871
volcanoes-e4,rfc-nosuite,1.0,1.0,0.0,0.0,1.0,0.939297124600639,1.0,,1.0
volcanoes-e4,rfc-nosuite,0.84,0.8709677419354839,0.0,0.0,0.9032258064516129,0.939297124600639,0.9032258064516129,,
volcanoes-e4,rfc-nosuite,1.0,0.967741935483871,0.0,0.0,0.967741935483871,0.939297124600639,0.967741935483871,,0.967741935483871
volcanoes-e4,rfc-nosuite,0.96,1.0,0.0,0.0,1.0,0.939297124600639,1.0,0.8064516129032258,0.9354838709677419
volcanoes-e4,rfc-nosuite,1.0,0.967741935483871,0.0,0.0,0.967741935483871,0.939297124600639,0.967741935483871,0.967741935483871,
volcanoes-e4,rfc-nosuite,0.98,0.967741935483871,0.0,0.0,0.967741935483871,0.939297124600639,0.967741935483871,0.967741935483871,0.967741935483871
volcanoes-e4,rfc-nosuite,0.95,0.9354838709677419,0.0,0.0,0.9354838709677419,0.939297124600639,0.9354838709677419,0.9354838709677419,0.9354838709677419
volcanoes-e4,rfc-nosuite,1.0,0.967741935483871,0.0,0.0,0.967741935483871,0.939297124600639,0.967741935483871,,0.967741935483871
volcanoes-e4,rfc-nosuite,1.0,0.967741935483871,0.0,0.0,0.967741935483871,0.939297124600639,0.967741935483871,,
volcanoes-e4,rfc-nosuite,0.88,0.7741935483870968,0.0,0.0,0.7419354838709677,0.939297124600639,0.7741935483870968,,0.7419354838709677
volcanoes-e4,rfc-nosuite,1.0,1.0,0.0,0.0,1.0,0.939297124600639,1.0,,1.0
volcanoes-e4,rfc-nosuite,0.68,0.8064516129032258,0.0,0.0,0.8387096774193549,0.939297124600639,0.8064516129032258,0.6129032258064516,0.8709677419354839
volcanoes-e4,rfc-nosuite,0.99,1.0,0.0,0.0,1.0,0.939297124600639,1.0,1.0,1.0
volcanoes-e4,rfc-nosuite,0.98,0.9354838709677419,0.0,0.0,0.9354838709677419,0.939297124600639,0.9354838709677419,,0.9354838709677419
volcanoes-e4,rfc-nosuite,0.97,0.8064516129032258,0.0,0.0,0.8387096774193549,0.939297124600639,0.8387096774193549,,0.8387096774193549
volcanoes-e4,rfc-nosuite,0.99,1.0,0.0,0.0,1.0,0.939297124600639,1.0,,
volcanoes-e4,rfc-nosuite,0.97,0.9032258064516129,0.0,0.0,0.9032258064516129,0.939297124600639,0.9032258064516129,,
volcanoes-e4,rfc-nosuite,0.78,0.9032258064516129,0.0,0.0,0.9032258064516129,0.939297124600639,0.9032258064516129,,
volcanoes-e4,rfc-nosuite,1.0,0.9354838709677419,0.0,0.0,0.9354838709677419,0.939297124600639,0.9354838709677419,,
volcanoes-e4,rfc-nosuite,0.98,1.0,0.0,0.0,0.967741935483871,0.939297124600639,1.0,1.0,
volcanoes-e4,rfc-nosuite,0.97,0.9354838709677419,0.0,0.0,0.9354838709677419,0.939297124600639,0.9354838709677419,,
volcanoes-e4,rfc-nosuite,0.79,1.0,0.0,0.0,1.0,0.939297124600639,1.0,,
volcanoes-e4,rfc-nosuite,0.96,0.967741935483871,0.0,0.0,1.0,0.939297124600639,1.0,0.967741935483871,
volcanoes-e4,rfc-nosuite,1.0,1.0,0.0,0.0,1.0,0.939297124600639,1.0,,1.0
volcanoes-e4,rfc-nosuite,1.0,0.967741935483871,0.0,0.0,0.967741935483871,0.939297124600639,0.967741935483871,,
volcanoes-e4,rfc-nosuite,1.0,1.0,0.0,0.0,1.0,0.939297124600639,1.0,,
volcanoes-e4,rfc-nosuite,0.69,0.9032258064516129,0.0,0.0,0.9354838709677419,0.939297124600639,0.9354838709677419,0.6774193548387096,0.7419354838709677
volcanoes-e4,rfc-nosuite,0.74,0.8064516129032258,0.0,0.0,0.8064516129032258,0.939297124600639,0.8064516129032258,,0.8064516129032258
volcanoes-e4,rfc-nosuite,0.99,1.0,0.0,0.0,1.0,0.939297124600639,1.0,,
volcanoes-e4,rfc-nosuite,1.0,0.967741935483871,0.0,0.0,0.967741935483871,0.939297124600639,0.967741935483871,,0.967741935483871
volcanoes-e4,rfc-nosuite,0.98,0.8064516129032258,0.0,0.0,0.8387096774193549,0.939297124600639,0.8387096774193549,,0.8387096774193549
volcanoes-e4,rfc-nosuite,1.0,0.967741935483871,0.0,0.0,0.967741935483871,0.939297124600639,0.967741935483871,0.967741935483871,
volcanoes-e4,rfc-nosuite,1.0,0.8709677419354839,0.0,0.0,0.8709677419354839,0.939297124600639,0.8709677419354839,,
volcanoes-e4,rfc-nosuite,0.96,0.8709677419354839,0.0,0.0,0.9354838709677419,0.939297124600639,0.9354838709677419,,
volcanoes-e4,rfc-nosuite,1.0,0.967741935483871,0.0,0.0,0.967741935483871,0.939297124600639,0.967741935483871,,
volcanoes-e4,rfc-nosuite,0.99,1.0,0.0,0.0,1.0,0.939297124600639,1.0,,
volcanoes-e4,rfc-nosuite,0.71,0.7419354838709677,0.0,0.0,0.7419354838709677,0.939297124600639,0.7419354838709677,,0.7096774193548387
volcanoes-e4,rfc-nosuite,0.71,0.9354838709677419,0.0,0.0,0.9354838709677419,0.939297124600639,0.9354838709677419,0.9354838709677419,0.9354838709677419
volcanoes-e4,rfc-nosuite,1.0,1.0,0.0,0.0,1.0,0.939297124600639,1.0,,1.0
volcanoes-e4,rfc-nosuite,1.0,0.9354838709677419,0.0,0.0,0.9354838709677419,0.939297124600639,0.9354838709677419,,0.9354838709677419
volcanoes-e4,rfc-nosuite,0.99,0.967741935483871,0.0,0.0,0.967741935483871,0.939297124600639,0.967741935483871,,0.967741935483871
volcanoes-e5,rfc-nosuite,0.93,0.9259259259259259,0.0,0.0,0.9259259259259259,0.9028776978417267,0.9259259259259259,,
volcanoes-e5,rfc-nosuite,1.0,0.9259259259259259,0.0,0.0,0.9259259259259259,0.9028776978417267,0.9259259259259259,,
volcanoes-e5,rfc-nosuite,0.97,1.0,0.0,0.0,1.0,0.9028776978417267,1.0,,1.0
volcanoes-e5,rfc-nosuite,0.9,0.9629629629629629,0.0,0.0,0.9629629629629629,0.9028776978417267,0.9629629629629629,,0.9629629629629629
volcanoes-e5,rfc-nosuite,0.95,0.9629629629629629,0.0,0.0,0.9629629629629629,0.9028776978417267,0.9629629629629629,,
volcanoes-e5,rfc-nosuite,0.96,0.9259259259259259,0.0,0.0,0.9259259259259259,0.9028776978417267,0.9259259259259259,,0.9259259259259259
volcanoes-e5,rfc-nosuite,0.8,0.6296296296296297,0.0,0.0,0.7777777777777778,0.9028776978417267,0.7407407407407407,,0.7037037037037037
volcanoes-e5,rfc-nosuite,0.98,1.0,0.0,0.0,1.0,0.9028776978417267,1.0,,1.0
volcanoes-e5,rfc-nosuite,0.97,1.0,0.0,0.0,1.0,0.9028776978417267,1.0,,
volcanoes-e5,rfc-nosuite,1.0,0.9629629629629629,0.0,0.0,0.9629629629629629,0.9028776978417267,0.9629629629629629,,
volcanoes-e5,rfc-nosuite,0.97,1.0,0.0,0.0,1.0,0.9028776978417267,1.0,,1.0
volcanoes-e5,rfc-nosuite,0.98,0.9259259259259259,0.0,0.0,0.9259259259259259,0.9028776978417267,0.9259259259259259,,0.9259259259259259
volcanoes-e5,rfc-nosuite,0.54,0.5185185185185185,0.0,0.0,0.5185185185185185,0.9028776978417267,0.5555555555555556,,0.4074074074074074
volcanoes-e5,rfc-nosuite,0.97,1.0,0.0,0.0,1.0,0.9028776978417267,1.0,,1.0
volcanoes-e5,rfc-nosuite,0.99,0.9259259259259259,0.0,0.0,0.9259259259259259,0.9028776978417267,0.9259259259259259,,
volcanoes-e5,rfc-nosuite,1.0,0.9629629629629629,0.0,0.0,0.9629629629629629,0.9028776978417267,0.9629629629629629,,
volcanoes-e5,rfc-nosuite,0.9,0.9629629629629629,0.0,0.0,0.9629629629629629,0.9028776978417267,0.9629629629629629,,
volcanoes-e5,rfc-nosuite,0.96,1.0,0.0,0.0,1.0,0.9028776978417267,1.0,,
volcanoes-e5,rfc-nosuite,1.0,0.9629629629629629,0.0,0.0,0.9629629629629629,0.9028776978417267,0.9629629629629629,,0.9629629629629629
volcanoes-e5,rfc-nosuite,0.84,0.9259259259259259,0.0,0.0,0.9259259259259259,0.9028776978417267,0.9259259259259259,,0.9259259259259259
volcanoes-e5,rfc-nosuite,0.95,0.9629629629629629,0.0,0.0,0.9629629629629629,0.9028776978417267,0.9629629629629629,,
volcanoes-e5,rfc-nosuite,1.0,1.0,0.0,0.0,1.0,0.9028776978417267,1.0,,1.0
volcanoes-e5,rfc-nosuite,0.94,0.8888888888888888,0.0,0.0,0.8518518518518519,0.9028776978417267,0.8518518518518519,,0.8518518518518519
volcanoes-e5,rfc-nosuite,0.98,0.9259259259259259,0.0,0.0,0.9259259259259259,0.9028776978417267,0.9259259259259259,,
volcanoes-e5,rfc-nosuite,1.0,1.0,0.0,0.0,1.0,0.9028776978417267,1.0,,
volcanoes-e5,rfc-nosuite,0.98,0.9259259259259259,0.0,0.0,0.9259259259259259,0.9028776978417267,0.9259259259259259,,
volcanoes-e5,rfc-nosuite,1.0,1.0,0.0,0.0,1.0,0.9028776978417267,1.0,,
volcanoes-e5,rfc-nosuite,0.93,0.9259259259259259,0.0,0.0,0.9259259259259259,0.9028776978417267,0.9259259259259259,,0.9259259259259259
volcanoes-e5,rfc-nosuite,0.99,0.9629629629629629,0.0,0.0,0.9629629629629629,0.9028776978417267,0.9629629629629629,,
volcanoes-e5,rfc-nosuite,1.0,1.0,0.0,0.0,1.0,0.9028776978417267,1.0,,
volcanoes-e5,rfc-nosuite,1.0,0.9259259259259259,0.0,0.0,0.9259259259259259,0.9028776978417267,0.9259259259259259,,0.9259259259259259
volcanoes-e5,rfc-nosuite,0.97,1.0,0.0,0.0,1.0,0.9028776978417267,1.0,,
volcanoes-e5,rfc-nosuite,0.96,0.9629629629629629,0.0,0.0,0.9629629629629629,0.9028776978417267,0.9629629629629629,,
volcanoes-e5,rfc-nosuite,0.89,0.9629629629629629,0.0,0.0,0.9629629629629629,0.9028776978417267,0.9629629629629629,,0.9629629629629629
volcanoes-e5,rfc-nosuite,0.98,0.8888888888888888,0.0,0.0,0.9259259259259259,0.9028776978417267,0.9259259259259259,,0.9259259259259259
volcanoes-e5,rfc-nosuite,0.97,1.0,0.0,0.0,1.0,0.9028776978417267,1.0,,
volcanoes-e5,rfc-nosuite,1.0,1.0,0.0,0.0,1.0,0.9028776978417267,1.0,,1.0
volcanoes-e5,rfc-nosuite,0.5,0.5555555555555556,0.0,0.0,0.48148148148148145,0.9028776978417267,0.5555555555555556,,0.6296296296296297
volcanoes-e5,rfc-nosuite,1.0,1.0,0.0,0.0,1.0,0.9028776978417267,1.0,,
volcanoes-e5,rfc-nosuite,0.99,0.9629629629629629,0.0,0.0,0.9629629629629629,0.9028776978417267,0.9629629629629629,,
volcanoes-e5,rfc-nosuite,0.78,0.8888888888888888,0.0,0.0,0.8518518518518519,0.9028776978417267,0.8888888888888888,,0.8148148148148148
volcanoes-e5,rfc-nosuite,0.33,0.6666666666666666,0.0,0.0,0.6296296296296297,0.9028776978417267,0.6666666666666666,,0.5185185185185185
volcanoes-e5,rfc-nosuite,0.71,0.6296296296296297,0.0,0.0,0.5925925925925926,0.9028776978417267,0.5925925925925926,,0.5925925925925926
volcanoes-e5,rfc-nosuite,0.98,0.7777777777777778,0.0,0.0,0.8518518518518519,0.9028776978417267,0.8518518518518519,,0.8518518518518519
volcanoes-e5,rfc-nosuite,1.0,0.9629629629629629,0.0,0.0,0.9629629629629629,0.9028776978417267,0.9629629629629629,,0.9629629629629629
volcanoes-e5,rfc-nosuite,0.97,0.9629629629629629,0.0,0.0,0.9629629629629629,0.9028776978417267,0.9629629629629629,,
volcanoes-e5,rfc-nosuite,1.0,0.9629629629629629,0.0,0.0,0.9629629629629629,0.9028776978417267,0.9629629629629629,,0.9629629629629629
volcanoes-e5,rfc-nosuite,0.98,0.8148148148148148,0.0,0.0,0.9629629629629629,0.9028776978417267,0.9629629629629629,,0.9629629629629629
volcanoes-e5,rfc-nosuite,0.99,1.0,0.0,0.0,1.0,0.9028776978417267,1.0,,1.0
volcanoes-e5,rfc-nosuite,0.99,0.9629629629629629,0.0,0.0,0.9629629629629629,0.9028776978417267,0.9629629629629629,,
yeast,rfc-nosuite,0.43,0.5405405405405406,0.0,0.0,0.5675675675675675,0.6226415094339622,0.5405405405405406,,0.6756756756756757
yeast,rfc-nosuite,0.79,0.43243243243243246,0.0,0.0,0.6216216216216216,0.6226415094339622,0.5405405405405406,,0.5405405405405406
yeast,rfc-nosuite,0.7,0.4864864864864865,0.0,0.0,0.5405405405405406,0.6226415094339622,0.5945945945945946,,0.5135135135135135
yeast,rfc-nosuite,0.74,0.6756756756756757,0.0,0.0,0.5405405405405406,0.6226415094339622,0.5405405405405406,,0.5945945945945946
yeast,rfc-nosuite,0.8,0.5405405405405406,0.0,0.0,0.5405405405405406,0.6226415094339622,0.5945945945945946,,0.5945945945945946
yeast,rfc-nosuite,0.42,0.4594594594594595,0.0,0.0,0.32432432432432434,0.6226415094339622,0.40540540540540543,,0.40540540540540543
yeast,rfc-nosuite,0.67,0.5405405405405406,0.0,0.0,0.6486486486486487,0.6226415094339622,0.5945945945945946,,0.7297297297297297
yeast,rfc-nosuite,0.47,0.4864864864864865,0.0,0.0,0.7297297297297297,0.6226415094339622,0.7027027027027027,,0.43243243243243246
yeast,rfc-nosuite,0.57,0.4864864864864865,0.0,0.0,0.3783783783783784,0.6226415094339622,0.4594594594594595,,0.43243243243243246
yeast,rfc-nosuite,0.72,0.5135135135135135,0.0,0.0,0.6756756756756757,0.6226415094339622,0.7837837837837838,,0.8108108108108109
yeast,rfc-nosuite,0.86,0.7567567567567568,0.0,0.0,0.7837837837837838,0.6226415094339622,0.7837837837837838,,0.8108108108108109
yeast,rfc-nosuite,0.86,0.6486486486486487,0.0,0.0,0.5135135135135135,0.6226415094339622,0.5405405405405406,,0.7297297297297297
yeast,rfc-nosuite,0.59,0.6486486486486487,0.0,0.0,0.6216216216216216,0.6226415094339622,0.7027027027027027,,0.5675675675675675
yeast,rfc-nosuite,0.55,0.6216216216216216,0.0,0.0,0.5945945945945946,0.6226415094339622,0.5945945945945946,,0.4864864864864865
yeast,rfc-nosuite,0.72,0.43243243243243246,0.0,0.0,0.5945945945945946,0.6226415094339622,0.6486486486486487,,0.7027027027027027
yeast,rfc-nosuite,0.48,0.5675675675675675,0.0,0.0,0.6216216216216216,0.6226415094339622,0.5135135135135135,,0.5945945945945946
yeast,rfc-nosuite,0.56,0.5405405405405406,0.0,0.0,0.4864864864864865,0.6226415094339622,0.5135135135135135,,0.5945945945945946
yeast,rfc-nosuite,0.73,0.5405405405405406,0.0,0.0,0.21621621621621623,0.6226415094339622,0.5135135135135135,,0.5675675675675675
yeast,rfc-nosuite,0.6,0.5405405405405406,0.0,0.0,0.4594594594594595,0.6226415094339622,0.5405405405405406,,0.4864864864864865
yeast,rfc-nosuite,0.64,0.32432432432432434,0.0,0.0,0.6486486486486487,0.6226415094339622,0.7027027027027027,,0.7027027027027027
yeast,rfc-nosuite,0.77,0.6216216216216216,0.0,0.0,0.6756756756756757,0.6226415094339622,0.6216216216216216,,0.7837837837837838
yeast,rfc-nosuite,0.74,0.3783783783783784,0.0,0.0,0.2702702702702703,0.6226415094339622,0.43243243243243246,,0.3783783783783784
yeast,rfc-nosuite,0.9,0.6486486486486487,0.0,0.0,0.6756756756756757,0.6226415094339622,0.5675675675675675,,0.5945945945945946
yeast,rfc-nosuite,0.42,0.35135135135135137,0.0,0.0,0.40540540540540543,0.6226415094339622,0.5405405405405406,,0.5675675675675675
yeast,rfc-nosuite,0.54,0.43243243243243246,0.0,0.0,0.5675675675675675,0.6226415094339622,0.5945945945945946,,0.4864864864864865
yeast,rfc-nosuite,0.4,0.2972972972972973,0.0,0.0,0.3783783783783784,0.6226415094339622,0.5945945945945946,,0.43243243243243246
yeast,rfc-nosuite,0.52,0.4594594594594595,0.0,0.0,0.5135135135135135,0.6226415094339622,0.5405405405405406,,0.4864864864864865
yeast,rfc-nosuite,0.51,0.4864864864864865,0.0,0.0,0.4594594594594595,0.6226415094339622,0.7027027027027027,,0.7027027027027027
yeast,rfc-nosuite,0.78,0.4864864864864865,0.0,0.0,0.7027027027027027,0.6226415094339622,0.7297297297297297,,0.8108108108108109
yeast,rfc-nosuite,0.64,0.5945945945945946,0.0,0.0,0.5135135135135135,0.6226415094339622,0.4864864864864865,,0.5135135135135135
yeast,rfc-nosuite,0.51,0.2972972972972973,0.0,0.0,0.2972972972972973,0.6226415094339622,0.4864864864864865,,0.5405405405405406
yeast,rfc-nosuite,0.75,0.5405405405405406,0.0,0.0,0.4864864864864865,0.6226415094339622,0.7567567567567568,,0.7297297297297297
yeast,rfc-nosuite,0.32,0.5405405405405406,0.0,0.0,0.6486486486486487,0.6226415094339622,0.7297297297297297,,0.7837837837837838
yeast,rfc-nosuite,0.37,0.5405405405405406,0.0,0.0,0.5135135135135135,0.6226415094339622,0.4864864864864865,,0.5675675675675675
yeast,rfc-nosuite,0.63,0.43243243243243246,0.0,0.0,0.40540540540540543,0.6226415094339622,0.40540540540540543,,0.4864864864864865
yeast,rfc-nosuite,0.45,0.40540540540540543,0.0,0.0,0.4594594594594595,0.6226415094339622,0.4864864864864865,,0.5405405405405406
yeast,rfc-nosuite,0.42,0.5135135135135135,0.0,0.0,0.35135135135135137,0.6226415094339622,0.5135135135135135,,0.43243243243243246
yeast,rfc-nosuite,0.92,0.6756756756756757,0.0,0.0,0.5945945945945946,0.6226415094339622,0.7297297297297297,,0.6756756756756757
yeast,rfc-nosuite,0.73,0.5675675675675675,0.0,0.0,0.4594594594594595,0.6226415094339622,0.5405405405405406,,0.5405405405405406
yeast,rfc-nosuite,0.44,0.4594594594594595,0.0,0.0,0.5945945945945946,0.6226415094339622,0.5945945945945946,,0.6486486486486487
yeast,rfc-nosuite,0.64,0.4864864864864865,0.0,0.0,0.4864864864864865,0.6226415094339622,0.6216216216216216,,0.5945945945945946
yeast,rfc-nosuite,0.57,0.4594594594594595,0.0,0.0,0.4864864864864865,0.6226415094339622,0.5405405405405406,,0.4864864864864865
yeast,rfc-nosuite,0.47,0.43243243243243246,0.0,0.0,0.3783783783783784,0.6226415094339622,0.4594594594594595,,0.5135135135135135
yeast,rfc-nosuite,0.56,0.5135135135135135,0.0,0.0,0.5405405405405406,0.6226415094339622,0.6216216216216216,,0.5405405405405406
yeast,rfc-nosuite,0.76,0.40540540540540543,0.0,0.0,0.43243243243243246,0.6226415094339622,0.5135135135135135,,0.5675675675675675
yeast,rfc-nosuite,0.55,0.6486486486486487,0.0,0.0,0.4864864864864865,0.6226415094339622,0.43243243243243246,,0.5945945945945946
yeast,rfc-nosuite,0.41,0.43243243243243246,0.0,0.0,0.43243243243243246,0.6226415094339622,0.4594594594594595,,0.5405405405405406
yeast,rfc-nosuite,0.55,0.43243243243243246,0.0,0.0,0.6216216216216216,0.6226415094339622,0.7837837837837838,,0.6486486486486487
yeast,rfc-nosuite,0.79,0.6486486486486487,0.0,0.0,0.5945945945945946,0.6226415094339622,0.5675675675675675,,0.6756756756756757
yeast,rfc-nosuite,0.85,0.6216216216216216,0.0,0.0,0.5945945945945946,0.6226415094339622,0.5675675675675675,,0.7567567567567568
rmftsa,rfc-nosuite,0.3562142857142858,0.48,0.0,0.0,0.52,0.48828125,0.56,0.2,0.6
rmftsa,rfc-nosuite,0.4576666666666667,0.52,0.0,0.0,0.44,0.48828125,0.28,0.36,0.32
rmftsa,rfc-nosuite,0.6425,0.44,0.0,0.0,0.48,0.48828125,0.4,0.4,0.28
rmftsa,rfc-nosuite,0.8478333333333333,0.4,0.0,0.0,0.52,0.48828125,0.52,0.52,0.36
rmftsa,rfc-nosuite,0.614280303030303,0.76,0.0,0.0,0.6,0.48828125,0.8,0.68,0.8
rmftsa,rfc-nosuite,0.8540349927849925,0.64,0.0,0.0,0.64,0.48828125,0.76,0.76,0.76
rmftsa,rfc-nosuite,0.2751865079365079,0.52,0.0,0.0,0.4,0.48828125,0.24,0.4,0.12
rmftsa,rfc-nosuite,0.8464378399378396,0.56,0.0,0.0,0.56,0.48828125,0.52,0.52,0.56
rmftsa,rfc-nosuite,0.8261904761904763,0.28,0.0,0.0,0.32,0.48828125,0.24,0.24,0.28
rmftsa,rfc-nosuite,0.5813382173382172,0.56,0.0,0.0,0.56,0.48828125,0.52,0.52,0.56
rmftsa,rfc-nosuite,1.0,0.8,0.0,0.0,0.8,0.48828125,0.84,0.4,0.56
rmftsa,rfc-nosuite,0.59075,0.48,0.0,0.0,0.36,0.48828125,0.16,0.44,0.64
rmftsa,rfc-nosuite,0.861,0.44,0.0,0.0,0.32,0.48828125,0.36,0.28,0.12
rmftsa,rfc-nosuite,0.6853333333333335,0.12,0.0,0.0,0.28,0.48828125,0.24,0.2,0.28
rmftsa,rfc-nosuite,0.6778594852859559,0.6,0.0,0.0,0.4,0.48828125,0.56,0.56,0.56
rmftsa,rfc-nosuite,0.39428571428571435,0.44,0.0,0.0,0.44,0.48828125,0.4,0.24,0.32
rmftsa,rfc-nosuite,0.4970714285714286,0.36,0.0,0.0,0.24,0.48828125,0.2,0.36,0.56
rmftsa,rfc-nosuite,0.5813382173382172,0.56,0.0,0.0,0.56,0.48828125,0.52,0.52,0.56
rmftsa,rfc-nosuite,0.58,0.28,0.0,0.0,0.28,0.48828125,0.32,0.32,0.24
rmftsa,rfc-nosuite,0.9611111111111111,0.68,0.0,0.0,0.68,0.48828125,0.72,0.68,0.68
rmftsa,rfc-nosuite,0.6005757575757573,0.48,0.0,0.0,0.48,0.48828125,0.56,0.2,0.36
rmftsa,rfc-nosuite,0.3537380952380953,0.2,0.0,0.0,0.48,0.48828125,0.36,0.36,0.4
rmftsa,rfc-nosuite,0.6685,0.32,0.0,0.0,0.08,0.48828125,0.2,0.28,0.32
rmftsa,rfc-nosuite,0.6693243284493282,0.76,0.0,0.0,0.76,0.48828125,0.84,0.76,0.76
rmftsa,rfc-nosuite,0.7121666666666667,0.4,0.0,0.0,0.48,0.48828125,0.44,0.28,0.28
rmftsa,rfc-nosuite,0.82,0.24,0.0,0.0,0.56,0.48828125,0.44,0.56,0.32
rmftsa,rfc-nosuite,0.429,0.36,0.0,0.0,0.52,0.48828125,0.52,0.52,0.16
rmftsa,rfc-nosuite,0.52,0.44,0.0,0.0,0.48,0.48828125,0.36,0.4,0.52
rmftsa,rfc-nosuite,0.42683730158730154,0.52,0.0,0.0,0.2,0.48828125,0.64,0.64,0.56
rmftsa,rfc-nosuite,0.6702857142857143,0.48,0.0,0.0,0.28,0.48828125,0.4,0.52,0.24
rmftsa,rfc-nosuite,0.6414067321567322,0.44,0.0,0.0,0.56,0.48828125,0.48,0.48,0.48
rmftsa,rfc-nosuite,0.3321428571428571,0.44,0.0,0.0,0.4,0.48828125,0.36,0.28,0.28
rmftsa,rfc-nosuite,0.6853333333333335,0.12,0.0,0.0,0.28,0.48828125,0.24,0.36,0.28
rmftsa,rfc-nosuite,0.5189999999999999,0.32,0.0,0.0,0.28,0.48828125,0.24,0.16,0.2
rmftsa,rfc-nosuite,0.8230952380952381,0.64,0.0,0.0,0.48,0.48828125,0.68,0.68,0.48
rmftsa,rfc-nosuite,0.5,0.4,0.0,0.0,0.48,0.48828125,0.32,0.4,0.32
rmftsa,rfc-nosuite,0.514142857142857,0.72,0.0,0.0,0.72,0.48828125,0.8,0.64,0.72
rmftsa,rfc-nosuite,1.0,0.6,0.0,0.0,0.56,0.48828125,0.36,0.64,0.6
rmftsa,rfc-nosuite,0.5757976190476191,0.8,0.0,0.0,0.64,0.48828125,0.88,0.48,0.56
rmftsa,rfc-nosuite,0.88,0.36,0.0,0.0,0.28,0.48828125,0.44,0.52,0.16
rmftsa,rfc-nosuite,0.5973333333333334,0.32,0.0,0.0,0.36,0.48828125,0.36,0.36,0.32
rmftsa,rfc-nosuite,0.4328333333333333,0.24,0.0,0.0,0.36,0.48828125,0.36,0.36,0.16
rmftsa,rfc-nosuite,0.74,0.44,0.0,0.0,0.16,0.48828125,0.52,0.52,0.2
rmftsa,rfc-nosuite,0.74,0.4,0.0,0.0,0.48,0.48828125,0.48,0.48,0.36
rmftsa,rfc-nosuite,0.89,0.6,0.0,0.0,0.6,0.48828125,0.32,0.56,0.32
rmftsa,rfc-nosuite,0.5813382173382172,0.56,0.0,0.0,0.56,0.48828125,0.52,0.52,0.56
rmftsa,rfc-nosuite,0.74,0.44,0.0,0.0,0.16,0.48828125,0.52,0.52,0.2
rmftsa,rfc-nosuite,0.72,0.4,0.0,0.0,0.24,0.48828125,0.24,0.24,0.24
rmftsa,rfc-nosuite,0.86,0.4,0.0,0.0,0.4,0.48828125,0.4,0.4,0.4
rmftsa,rfc-nosuite,0.6383095238095238,0.28,0.0,0.0,0.32,0.48828125,0.32,0.28,0.44
banknote-authentication,rfc-nosuite,0.99,1.0,0.0,0.0,1.0,0.9941690962099126,1.0,1.0,1.0
banknote-authentication,rfc-nosuite,1.0,1.0,0.0,0.0,1.0,0.9941690962099126,1.0,0.9705882352941176,1.0
banknote-authentication,rfc-nosuite,0.97,1.0,0.0,0.0,1.0,0.9941690962099126,0.9705882352941176,1.0,1.0
banknote-authentication,rfc-nosuite,0.95,1.0,0.0,0.0,1.0,0.9941690962099126,0.8235294117647058,0.9705882352941176,1.0
banknote-authentication,rfc-nosuite,1.0,0.9705882352941176,0.0,0.0,1.0,0.9941690962099126,1.0,1.0,0.8235294117647058
banknote-authentication,rfc-nosuite,1.0,1.0,0.0,0.0,1.0,0.9941690962099126,1.0,0.9411764705882353,1.0
banknote-authentication,rfc-nosuite,0.99,1.0,0.0,0.0,1.0,0.9941690962099126,1.0,1.0,1.0
banknote-authentication,rfc-nosuite,1.0,1.0,0.0,0.0,1.0,0.9941690962099126,1.0,1.0,1.0
banknote-authentication,rfc-nosuite,1.0,1.0,0.0,0.0,1.0,0.9941690962099126,1.0,0.7647058823529411,1.0
banknote-authentication,rfc-nosuite,1.0,1.0,0.0,0.0,1.0,0.9941690962099126,1.0,0.9705882352941176,1.0
banknote-authentication,rfc-nosuite,0.94,1.0,0.0,0.0,1.0,0.9941690962099126,0.9705882352941176,0.9705882352941176,1.0
banknote-authentication,rfc-nosuite,1.0,0.9705882352941176,0.0,0.0,0.9411764705882353,0.9941690962099126,1.0,1.0,1.0
banknote-authentication,rfc-nosuite,1.0,1.0,0.0,0.0,0.9117647058823529,0.9941690962099126,1.0,0.7352941176470589,1.0
banknote-authentication,rfc-nosuite,1.0,1.0,0.0,0.0,0.9117647058823529,0.9941690962099126,0.9705882352941176,1.0,1.0
banknote-authentication,rfc-nosuite,1.0,0.9705882352941176,0.0,0.0,0.9705882352941176,0.9941690962099126,1.0,1.0,0.9705882352941176
banknote-authentication,rfc-nosuite,1.0,0.9705882352941176,0.0,0.0,0.9705882352941176,0.9941690962099126,1.0,1.0,0.9705882352941176
banknote-authentication,rfc-nosuite,0.99,0.9705882352941176,0.0,0.0,0.9705882352941176,0.9941690962099126,1.0,1.0,1.0
banknote-authentication,rfc-nosuite,0.98,1.0,0.0,0.0,1.0,0.9941690962099126,0.9705882352941176,1.0,0.8529411764705882
banknote-authentication,rfc-nosuite,0.99,1.0,0.0,0.0,1.0,0.9941690962099126,1.0,1.0,1.0
banknote-authentication,rfc-nosuite,1.0,1.0,0.0,0.0,0.9117647058823529,0.9941690962099126,1.0,0.8235294117647058,0.9411764705882353
banknote-authentication,rfc-nosuite,1.0,1.0,0.0,0.0,1.0,0.9941690962099126,1.0,1.0,1.0
banknote-authentication,rfc-nosuite,0.97,0.9705882352941176,0.0,0.0,0.9705882352941176,0.9941690962099126,0.7941176470588235,0.9705882352941176,0.9705882352941176
banknote-authentication,rfc-nosuite,1.0,1.0,0.0,0.0,1.0,0.9941690962099126,1.0,0.8235294117647058,1.0
banknote-authentication,rfc-nosuite,1.0,1.0,0.0,0.0,1.0,0.9941690962099126,1.0,1.0,1.0
banknote-authentication,rfc-nosuite,0.89,1.0,0.0,0.0,1.0,0.9941690962099126,0.9705882352941176,1.0,0.8235294117647058
banknote-authentication,rfc-nosuite,1.0,1.0,0.0,0.0,1.0,0.9941690962099126,1.0,0.9411764705882353,1.0
banknote-authentication,rfc-nosuite,1.0,1.0,0.0,0.0,1.0,0.9941690962099126,1.0,1.0,1.0
banknote-authentication,rfc-nosuite,1.0,1.0,0.0,0.0,1.0,0.9941690962099126,1.0,1.0,1.0
banknote-authentication,rfc-nosuite,0.94,1.0,0.0,0.0,1.0,0.9941690962099126,1.0,1.0,1.0
banknote-authentication,rfc-nosuite,0.99,1.0,0.0,0.0,0.9705882352941176,0.9941690962099126,1.0,0.9117647058823529,0.9705882352941176
banknote-authentication,rfc-nosuite,0.99,1.0,0.0,0.0,1.0,0.9941690962099126,0.9705882352941176,1.0,1.0
banknote-authentication,rfc-nosuite,1.0,1.0,0.0,0.0,1.0,0.9941690962099126,1.0,1.0,0.9411764705882353
banknote-authentication,rfc-nosuite,0.94,1.0,0.0,0.0,1.0,0.9941690962099126,1.0,1.0,1.0
banknote-authentication,rfc-nosuite,1.0,1.0,0.0,0.0,1.0,0.9941690962099126,1.0,1.0,1.0
banknote-authentication,rfc-nosuite,0.97,0.9705882352941176,0.0,0.0,0.9705882352941176,0.9941690962099126,0.9705882352941176,1.0,1.0
banknote-authentication,rfc-nosuite,1.0,1.0,0.0,0.0,1.0,0.9941690962099126,1.0,1.0,1.0
banknote-authentication,rfc-nosuite,1.0,1.0,0.0,0.0,1.0,0.9941690962099126,1.0,1.0,1.0
banknote-authentication,rfc-nosuite,1.0,1.0,0.0,0.0,1.0,0.9941690962099126,1.0,1.0,1.0
banknote-authentication,rfc-nosuite,0.98,1.0,0.0,0.0,0.8529411764705882,0.9941690962099126,1.0,1.0,1.0
banknote-authentication,rfc-nosuite,1.0,1.0,0.0,0.0,1.0,0.9941690962099126,1.0,0.5588235294117647,1.0
banknote-authentication,rfc-nosuite,0.99,0.9705882352941176,0.0,0.0,1.0,0.9941690962099126,1.0,1.0,1.0
banknote-authentication,rfc-nosuite,1.0,1.0,0.0,0.0,1.0,0.9941690962099126,1.0,1.0,1.0
banknote-authentication,rfc-nosuite,0.85,1.0,0.0,0.0,1.0,0.9941690962099126,0.9705882352941176,1.0,0.7058823529411765
banknote-authentication,rfc-nosuite,0.99,0.9705882352941176,0.0,0.0,1.0,0.9941690962099126,1.0,1.0,1.0
banknote-authentication,rfc-nosuite,1.0,1.0,0.0,0.0,0.9705882352941176,0.9941690962099126,0.9117647058823529,0.6176470588235294,0.9705882352941176
banknote-authentication,rfc-nosuite,1.0,1.0,0.0,0.0,1.0,0.9941690962099126,1.0,1.0,1.0
banknote-authentication,rfc-nosuite,1.0,1.0,0.0,0.0,1.0,0.9941690962099126,1.0,1.0,1.0
banknote-authentication,rfc-nosuite,0.99,0.9705882352941176,0.0,0.0,1.0,0.9941690962099126,0.8235294117647058,1.0,0.9705882352941176
banknote-authentication,rfc-nosuite,0.99,1.0,0.0,0.0,1.0,0.9941690962099126,1.0,1.0,1.0
banknote-authentication,rfc-nosuite,0.94,1.0,0.0,0.0,1.0,0.9941690962099126,1.0,1.0,0.7352941176470589
volcanoes-a2,rfc-nosuite,1.0,0.95,0.0,0.0,0.975,0.9310344827586207,0.975,0.975,0.975
volcanoes-a2,rfc-nosuite,0.96,0.975,0.0,0.0,0.975,0.9310344827586207,0.95,0.6,
volcanoes-a2,rfc-nosuite,1.0,1.0,0.0,0.0,1.0,0.9310344827586207,1.0,1.0,1.0
volcanoes-a2,rfc-nosuite,0.97,1.0,0.0,0.0,1.0,0.9310344827586207,1.0,1.0,
volcanoes-a2,rfc-nosuite,0.74,0.975,0.0,0.0,0.975,0.9310344827586207,0.975,0.975,
volcanoes-a2,rfc-nosuite,1.0,1.0,0.0,0.0,1.0,0.9310344827586207,1.0,1.0,
volcanoes-a2,rfc-nosuite,0.92,0.975,0.0,0.0,0.975,0.9310344827586207,0.975,0.975,0.975
volcanoes-a2,rfc-nosuite,0.99,1.0,0.0,0.0,1.0,0.9310344827586207,1.0,1.0,
volcanoes-a2,rfc-nosuite,1.0,0.975,0.0,0.0,0.975,0.9310344827586207,0.975,0.975,0.975
volcanoes-a2,rfc-nosuite,0.99,1.0,0.0,0.0,1.0,0.9310344827586207,1.0,1.0,
volcanoes-a2,rfc-nosuite,0.63,0.625,0.0,0.0,0.725,0.9310344827586207,0.675,0.45,0.575
volcanoes-a2,rfc-nosuite,1.0,1.0,0.0,0.0,1.0,0.9310344827586207,1.0,1.0,
volcanoes-a2,rfc-nosuite,0.71,0.85,0.0,0.0,0.95,0.9310344827586207,0.875,0.875,0.625
volcanoes-a2,rfc-nosuite,0.72,0.85,0.0,0.0,0.95,0.9310344827586207,0.925,0.775,0.925
volcanoes-a2,rfc-nosuite,0.92,1.0,0.0,0.0,1.0,0.9310344827586207,1.0,1.0,
volcanoes-a2,rfc-nosuite,1.0,1.0,0.0,0.0,1.0,0.9310344827586207,1.0,1.0,1.0
volcanoes-a2,rfc-nosuite,0.99,0.975,0.0,0.0,0.975,0.9310344827586207,0.975,0.975,0.975
volcanoes-a2,rfc-nosuite,0.92,0.975,0.0,0.0,0.975,0.9310344827586207,0.925,0.975,0.975
volcanoes-a2,rfc-nosuite,1.0,1.0,0.0,0.0,0.975,0.9310344827586207,0.95,1.0,1.0
volcanoes-a2,rfc-nosuite,1.0,1.0,0.0,0.0,1.0,0.9310344827586207,1.0,1.0,
volcanoes-a2,rfc-nosuite,0.96,1.0,0.0,0.0,1.0,0.9310344827586207,1.0,1.0,1.0
volcanoes-a2,rfc-nosuite,0.95,1.0,0.0,0.0,1.0,0.9310344827586207,1.0,1.0,1.0
volcanoes-a2,rfc-nosuite,0.98,1.0,0.0,0.0,1.0,0.9310344827586207,1.0,1.0,
volcanoes-a2,rfc-nosuite,1.0,0.975,0.0,0.0,0.95,0.9310344827586207,0.975,0.7,
volcanoes-a2,rfc-nosuite,0.99,1.0,0.0,0.0,1.0,0.9310344827586207,0.95,1.0,1.0
volcanoes-a2,rfc-nosuite,1.0,0.975,0.0,0.0,0.975,0.9310344827586207,0.975,0.975,0.975
volcanoes-a2,rfc-nosuite,1.0,1.0,0.0,0.0,1.0,0.9310344827586207,1.0,1.0,
volcanoes-a2,rfc-nosuite,0.96,1.0,0.0,0.0,1.0,0.9310344827586207,1.0,1.0,1.0
volcanoes-a2,rfc-nosuite,0.96,1.0,0.0,0.0,1.0,0.9310344827586207,1.0,1.0,
volcanoes-a2,rfc-nosuite,1.0,1.0,0.0,0.0,1.0,0.9310344827586207,1.0,1.0,1.0
volcanoes-a2,rfc-nosuite,1.0,0.975,0.0,0.0,0.975,0.9310344827586207,0.975,0.975,0.975
volcanoes-a2,rfc-nosuite,1.0,1.0,0.0,0.0,1.0,0.9310344827586207,1.0,1.0,1.0
volcanoes-a2,rfc-nosuite,0.99,0.975,0.0,0.0,0.975,0.9310344827586207,0.95,0.975,
volcanoes-a2,rfc-nosuite,1.0,1.0,0.0,0.0,1.0,0.9310344827586207,1.0,1.0,1.0
volcanoes-a2,rfc-nosuite,0.99,0.975,0.0,0.0,0.975,0.9310344827586207,0.975,0.975,0.975
volcanoes-a2,rfc-nosuite,1.0,0.975,0.0,0.0,0.975,0.9310344827586207,0.975,0.975,
volcanoes-a2,rfc-nosuite,0.98,1.0,0.0,0.0,1.0,0.9310344827586207,1.0,1.0,1.0
volcanoes-a2,rfc-nosuite,0.43,0.6,0.0,0.0,0.7,0.9310344827586207,0.55,0.525,0.625
volcanoes-a2,rfc-nosuite,1.0,1.0,0.0,0.0,1.0,0.9310344827586207,1.0,1.0,1.0
volcanoes-a2,rfc-nosuite,0.82,0.875,0.0,0.0,0.9,0.9310344827586207,0.925,0.95,0.85
volcanoes-a2,rfc-nosuite,1.0,1.0,0.0,0.0,1.0,0.9310344827586207,1.0,1.0,1.0
volcanoes-a2,rfc-nosuite,0.97,0.975,0.0,0.0,0.975,0.9310344827586207,0.975,0.975,
volcanoes-a2,rfc-nosuite,0.97,0.975,0.0,0.0,0.975,0.9310344827586207,0.975,0.975,0.975
volcanoes-a2,rfc-nosuite,0.98,0.975,0.0,0.0,0.975,0.9310344827586207,0.975,0.925,0.975
volcanoes-a2,rfc-nosuite,1.0,1.0,0.0,0.0,1.0,0.9310344827586207,1.0,1.0,1.0
volcanoes-a2,rfc-nosuite,0.86,0.525,0.0,0.0,0.75,0.9310344827586207,0.575,0.375,0.625
volcanoes-a2,rfc-nosuite,1.0,1.0,0.0,0.0,1.0,0.9310344827586207,1.0,1.0,
volcanoes-a2,rfc-nosuite,0.96,0.925,0.0,0.0,0.95,0.9310344827586207,0.9,0.95,
volcanoes-a2,rfc-nosuite,1.0,0.975,0.0,0.0,0.975,0.9310344827586207,0.975,0.975,0.975
volcanoes-a2,rfc-nosuite,0.99,0.975,0.0,0.0,0.975,0.9310344827586207,0.95,0.95,0.975
volcanoes-a3,rfc-nosuite,0.42,0.6578947368421053,0.0,0.0,0.7105263157894737,0.89501312335958,0.7368421052631579,0.631578947368421,0.7105263157894737
volcanoes-a3,rfc-nosuite,1.0,1.0,0.0,0.0,1.0,0.89501312335958,1.0,0.9736842105263158,
volcanoes-a3,rfc-nosuite,0.35,0.5789473684210527,0.0,0.0,0.6052631578947368,0.89501312335958,0.6052631578947368,0.5263157894736842,0.34210526315789475
volcanoes-a3,rfc-nosuite,1.0,1.0,0.0,0.0,1.0,0.89501312335958,1.0,1.0,1.0
volcanoes-a3,rfc-nosuite,1.0,1.0,0.0,0.0,1.0,0.89501312335958,1.0,1.0,
volcanoes-a3,rfc-nosuite,0.99,1.0,0.0,0.0,1.0,0.89501312335958,1.0,1.0,
volcanoes-a3,rfc-nosuite,1.0,0.9210526315789473,0.0,0.0,0.9210526315789473,0.89501312335958,0.9210526315789473,0.9210526315789473,
volcanoes-a3,rfc-nosuite,0.99,1.0,0.0,0.0,1.0,0.89501312335958,1.0,1.0,1.0
volcanoes-a3,rfc-nosuite,0.95,1.0,0.0,0.0,1.0,0.89501312335958,1.0,1.0,1.0
volcanoes-a3,rfc-nosuite,1.0,0.9473684210526315,0.0,0.0,0.9473684210526315,0.89501312335958,0.9473684210526315,0.9473684210526315,
volcanoes-a3,rfc-nosuite,1.0,0.9736842105263158,0.0,0.0,0.9736842105263158,0.89501312335958,0.9736842105263158,0.9736842105263158,0.9736842105263158
volcanoes-a3,rfc-nosuite,0.95,0.7105263157894737,0.0,0.0,0.7631578947368421,0.89501312335958,0.7894736842105263,0.6578947368421053,0.7105263157894737
volcanoes-a3,rfc-nosuite,0.7,0.9210526315789473,0.0,0.0,0.9210526315789473,0.89501312335958,0.9210526315789473,0.8947368421052632,0.9210526315789473
volcanoes-a3,rfc-nosuite,0.59,0.631578947368421,0.0,0.0,0.7631578947368421,0.89501312335958,0.7894736842105263,0.5789473684210527,0.42105263157894735
volcanoes-a3,rfc-nosuite,0.9,0.9473684210526315,0.0,0.0,0.9210526315789473,0.89501312335958,0.9210526315789473,0.8157894736842105,
volcanoes-a3,rfc-nosuite,0.99,0.9473684210526315,0.0,0.0,0.9473684210526315,0.89501312335958,0.9473684210526315,0.9473684210526315,0.9473684210526315
volcanoes-a3,rfc-nosuite,0.99,0.9473684210526315,0.0,0.0,0.9473684210526315,0.89501312335958,0.9473684210526315,0.9473684210526315,0.9473684210526315
volcanoes-a3,rfc-nosuite,1.0,1.0,0.0,0.0,1.0,0.89501312335958,1.0,1.0,1.0
volcanoes-a3,rfc-nosuite,0.98,1.0,0.0,0.0,1.0,0.89501312335958,1.0,1.0,1.0
volcanoes-a3,rfc-nosuite,0.85,0.9473684210526315,0.0,0.0,0.9736842105263158,0.89501312335958,0.9736842105263158,0.9736842105263158,0.9736842105263158
volcanoes-a3,rfc-nosuite,1.0,1.0,0.0,0.0,1.0,0.89501312335958,1.0,1.0,
volcanoes-a3,rfc-nosuite,0.91,0.9473684210526315,0.0,0.0,0.9473684210526315,0.89501312335958,0.9473684210526315,0.8947368421052632,0.868421052631579
volcanoes-a3,rfc-nosuite,1.0,0.9736842105263158,0.0,0.0,0.9736842105263158,0.89501312335958,0.9736842105263158,0.9736842105263158,0.9736842105263158
volcanoes-a3,rfc-nosuite,0.79,0.7368421052631579,0.0,0.0,0.8157894736842105,0.89501312335958,0.8157894736842105,0.7105263157894737,0.7631578947368421
volcanoes-a3,rfc-nosuite,0.95,1.0,0.0,0.0,1.0,0.89501312335958,1.0,1.0,
volcanoes-a3,rfc-nosuite,0.97,1.0,0.0,0.0,1.0,0.89501312335958,1.0,1.0,1.0
volcanoes-a3,rfc-nosuite,0.49,0.8157894736842105,0.0,0.0,0.8157894736842105,0.89501312335958,0.8421052631578947,0.8157894736842105,
volcanoes-a3,rfc-nosuite,0.98,1.0,0.0,0.0,1.0,0.89501312335958,1.0,1.0,1.0
volcanoes-a3,rfc-nosuite,1.0,1.0,0.0,0.0,1.0,0.89501312335958,1.0,1.0,
volcanoes-a3,rfc-nosuite,0.98,1.0,0.0,0.0,1.0,0.89501312335958,1.0,1.0,1.0
volcanoes-a3,rfc-nosuite,0.99,1.0,0.0,0.0,1.0,0.89501312335958,1.0,1.0,1.0
volcanoes-a3,rfc-nosuite,1.0,1.0,0.0,0.0,1.0,0.89501312335958,1.0,1.0,1.0
volcanoes-a3,rfc-nosuite,0.72,0.8157894736842105,0.0,0.0,0.8157894736842105,0.89501312335958,0.8421052631578947,0.7368421052631579,0.7105263157894737
volcanoes-a3,rfc-nosuite,0.97,1.0,0.0,0.0,1.0,0.89501312335958,1.0,1.0,1.0
volcanoes-a3,rfc-nosuite,1.0,1.0,0.0,0.0,1.0,0.89501312335958,1.0,1.0,1.0
volcanoes-a3,rfc-nosuite,0.89,0.8421052631578947,0.0,0.0,0.8421052631578947,0.89501312335958,0.8421052631578947,0.7894736842105263,
volcanoes-a3,rfc-nosuite,0.98,0.7631578947368421,0.0,0.0,0.868421052631579,0.89501312335958,0.868421052631579,0.868421052631579,0.868421052631579
volcanoes-a3,rfc-nosuite,0.98,0.9736842105263158,0.0,0.0,0.9736842105263158,0.89501312335958,0.9736842105263158,0.9736842105263158,0.9736842105263158
volcanoes-a3,rfc-nosuite,0.94,0.7105263157894737,0.0,0.0,0.7631578947368421,0.89501312335958,0.7631578947368421,0.6842105263157895,
volcanoes-a3,rfc-nosuite,0.97,1.0,0.0,0.0,1.0,0.89501312335958,1.0,1.0,1.0
volcanoes-a3,rfc-nosuite,0.99,1.0,0.0,0.0,1.0,0.89501312335958,1.0,1.0,1.0
volcanoes-a3,rfc-nosuite,0.41,0.3684210526315789,0.0,0.0,0.39473684210526316,0.89501312335958,0.42105263157894735,0.07894736842105263,0.42105263157894735
volcanoes-a3,rfc-nosuite,0.98,1.0,0.0,0.0,1.0,0.89501312335958,1.0,1.0,1.0
volcanoes-a3,rfc-nosuite,1.0,1.0,0.0,0.0,1.0,0.89501312335958,1.0,1.0,1.0
volcanoes-a3,rfc-nosuite,0.96,0.9736842105263158,0.0,0.0,0.9736842105263158,0.89501312335958,0.9736842105263158,0.8947368421052632,0.9736842105263158
volcanoes-a3,rfc-nosuite,1.0,1.0,0.0,0.0,1.0,0.89501312335958,1.0,1.0,1.0
volcanoes-a3,rfc-nosuite,0.93,0.9736842105263158,0.0,0.0,0.9736842105263158,0.89501312335958,0.9736842105263158,0.9736842105263158,
volcanoes-a3,rfc-nosuite,1.0,1.0,0.0,0.0,1.0,0.89501312335958,1.0,1.0,
volcanoes-a3,rfc-nosuite,0.99,1.0,0.0,0.0,1.0,0.89501312335958,1.0,1.0,
volcanoes-a3,rfc-nosuite,1.0,0.9736842105263158,0.0,0.0,0.9736842105263158,0.89501312335958,0.9736842105263158,0.9736842105263158,0.9736842105263158
volcanoes-a4,rfc-nosuite,1.0,1.0,0.0,0.0,1.0,0.8944591029023746,1.0,1.0,
volcanoes-a4,rfc-nosuite,1.0,1.0,0.0,0.0,1.0,0.8944591029023746,1.0,1.0,
volcanoes-a4,rfc-nosuite,0.62,0.4864864864864865,0.0,0.0,0.4594594594594595,0.8944591029023746,0.2972972972972973,0.35135135135135137,0.35135135135135137
volcanoes-a4,rfc-nosuite,0.99,0.9459459459459459,0.0,0.0,0.9459459459459459,0.8944591029023746,0.9459459459459459,0.9459459459459459,0.9459459459459459
volcanoes-a4,rfc-nosuite,0.99,0.972972972972973,0.0,0.0,0.972972972972973,0.8944591029023746,0.972972972972973,0.972972972972973,
volcanoes-a4,rfc-nosuite,0.59,0.5675675675675675,0.0,0.0,0.6486486486486487,0.8944591029023746,0.40540540540540543,0.43243243243243246,0.3783783783783784
volcanoes-a4,rfc-nosuite,0.97,0.972972972972973,0.0,0.0,0.972972972972973,0.8944591029023746,0.972972972972973,0.972972972972973,0.972972972972973
volcanoes-a4,rfc-nosuite,0.88,0.918918918918919,0.0,0.0,0.8918918918918919,0.8944591029023746,0.8648648648648649,0.918918918918919,0.8918918918918919
volcanoes-a4,rfc-nosuite,0.92,0.9459459459459459,0.0,0.0,0.9459459459459459,0.8944591029023746,0.9459459459459459,0.9459459459459459,0.9459459459459459
volcanoes-a4,rfc-nosuite,1.0,1.0,0.0,0.0,1.0,0.8944591029023746,1.0,1.0,1.0
volcanoes-a4,rfc-nosuite,1.0,1.0,0.0,0.0,1.0,0.8944591029023746,1.0,1.0,1.0
volcanoes-a4,rfc-nosuite,0.98,0.972972972972973,0.0,0.0,0.9459459459459459,0.8944591029023746,0.972972972972973,0.7567567567567568,0.972972972972973
volcanoes-a4,rfc-nosuite,0.99,1.0,0.0,0.0,1.0,0.8944591029023746,1.0,,1.0
volcanoes-a4,rfc-nosuite,1.0,1.0,0.0,0.0,1.0,0.8944591029023746,1.0,1.0,1.0
volcanoes-a4,rfc-nosuite,1.0,0.972972972972973,0.0,0.0,0.972972972972973,0.8944591029023746,0.972972972972973,0.972972972972973,
volcanoes-a4,rfc-nosuite,1.0,0.972972972972973,0.0,0.0,0.972972972972973,0.8944591029023746,0.972972972972973,0.972972972972973,0.972972972972973
volcanoes-a4,rfc-nosuite,1.0,1.0,0.0,0.0,1.0,0.8944591029023746,1.0,1.0,1.0
volcanoes-a4,rfc-nosuite,1.0,1.0,0.0,0.0,1.0,0.8944591029023746,1.0,1.0,1.0
volcanoes-a4,rfc-nosuite,1.0,0.972972972972973,0.0,0.0,0.972972972972973,0.8944591029023746,0.972972972972973,0.972972972972973,0.972972972972973
volcanoes-a4,rfc-nosuite,1.0,1.0,0.0,0.0,1.0,0.8944591029023746,1.0,1.0,1.0
volcanoes-a4,rfc-nosuite,0.99,0.972972972972973,0.0,0.0,0.972972972972973,0.8944591029023746,0.972972972972973,0.972972972972973,0.972972972972973
volcanoes-a4,rfc-nosuite,0.44,0.32432432432432434,0.0,0.0,0.4594594594594595,0.8944591029023746,0.2702702702702703,0.35135135135135137,0.32432432432432434
volcanoes-a4,rfc-nosuite,1.0,1.0,0.0,0.0,1.0,0.8944591029023746,1.0,1.0,1.0
volcanoes-a4,rfc-nosuite,1.0,1.0,0.0,0.0,1.0,0.8944591029023746,1.0,1.0,
volcanoes-a4,rfc-nosuite,0.85,0.6216216216216216,0.0,0.0,0.7027027027027027,0.8944591029023746,0.7027027027027027,0.6756756756756757,0.7027027027027027
volcanoes-a4,rfc-nosuite,1.0,0.972972972972973,0.0,0.0,0.972972972972973,0.8944591029023746,0.972972972972973,0.972972972972973,0.972972972972973
volcanoes-a4,rfc-nosuite,1.0,0.972972972972973,0.0,0.0,0.972972972972973,0.8944591029023746,0.972972972972973,0.972972972972973,0.972972972972973
volcanoes-a4,rfc-nosuite,0.31,0.40540540540540543,0.0,0.0,0.43243243243243246,0.8944591029023746,0.32432432432432434,0.32432432432432434,0.32432432432432434
volcanoes-a4,rfc-nosuite,0.98,0.9459459459459459,0.0,0.0,0.9459459459459459,0.8944591029023746,0.9459459459459459,0.9459459459459459,0.9459459459459459
volcanoes-a4,rfc-nosuite,0.83,0.972972972972973,0.0,0.0,0.972972972972973,0.8944591029023746,0.972972972972973,0.972972972972973,
volcanoes-a4,rfc-nosuite,0.65,0.9459459459459459,0.0,0.0,0.9459459459459459,0.8944591029023746,0.9459459459459459,0.9459459459459459,
volcanoes-a4,rfc-nosuite,0.99,0.972972972972973,0.0,0.0,0.972972972972973,0.8944591029023746,0.972972972972973,0.972972972972973,0.972972972972973
volcanoes-a4,rfc-nosuite,0.82,0.7567567567567568,0.0,0.0,0.8378378378378378,0.8944591029023746,0.8648648648648649,0.4864864864864865,
volcanoes-a4,rfc-nosuite,0.99,0.8648648648648649,0.0,0.0,0.8648648648648649,0.8944591029023746,0.8918918918918919,0.8918918918918919,
volcanoes-a4,rfc-nosuite,0.39,0.5945945945945946,0.0,0.0,0.5405405405405406,0.8944591029023746,0.4594594594594595,0.43243243243243246,0.5675675675675675
volcanoes-a4,rfc-nosuite,0.84,0.8918918918918919,0.0,0.0,0.9459459459459459,0.8944591029023746,0.9459459459459459,0.9459459459459459,
volcanoes-a4,rfc-nosuite,0.81,0.972972972972973,0.0,0.0,0.972972972972973,0.8944591029023746,0.972972972972973,0.972972972972973,0.972972972972973
volcanoes-a4,rfc-nosuite,1.0,1.0,0.0,0.0,1.0,0.8944591029023746,1.0,1.0,
volcanoes-a4,rfc-nosuite,0.96,1.0,0.0,0.0,1.0,0.8944591029023746,1.0,1.0,1.0
volcanoes-a4,rfc-nosuite,0.49,0.35135135135135137,0.0,0.0,0.6216216216216216,0.8944591029023746,0.4594594594594595,0.35135135135135137,0.5135135135135135
volcanoes-a4,rfc-nosuite,1.0,1.0,0.0,0.0,1.0,0.8944591029023746,1.0,1.0,1.0
volcanoes-a4,rfc-nosuite,0.91,0.6486486486486487,0.0,0.0,0.7297297297297297,0.8944591029023746,0.6756756756756757,0.5675675675675675,0.7567567567567568
volcanoes-a4,rfc-nosuite,0.97,0.918918918918919,0.0,0.0,0.918918918918919,0.8944591029023746,0.918918918918919,0.918918918918919,0.918918918918919
volcanoes-a4,rfc-nosuite,0.98,0.9459459459459459,0.0,0.0,0.9459459459459459,0.8944591029023746,0.9459459459459459,0.9459459459459459,0.9459459459459459
volcanoes-a4,rfc-nosuite,0.96,0.972972972972973,0.0,0.0,0.972972972972973,0.8944591029023746,0.972972972972973,0.9459459459459459,0.972972972972973
volcanoes-a4,rfc-nosuite,1.0,0.972972972972973,0.0,0.0,0.9459459459459459,0.8944591029023746,0.972972972972973,0.972972972972973,
volcanoes-a4,rfc-nosuite,0.93,1.0,0.0,0.0,1.0,0.8944591029023746,1.0,1.0,1.0
volcanoes-a4,rfc-nosuite,0.94,0.972972972972973,0.0,0.0,1.0,0.8944591029023746,1.0,1.0,
volcanoes-a4,rfc-nosuite,0.84,0.9459459459459459,0.0,0.0,0.9459459459459459,0.8944591029023746,0.9459459459459459,0.9459459459459459,0.9459459459459459
volcanoes-a4,rfc-nosuite,1.0,1.0,0.0,0.0,1.0,0.8944591029023746,1.0,1.0,1.0
volcanoes-e1,rfc-nosuite,1.0,0.9655172413793104,0.0,0.0,0.9655172413793104,0.9155405405405406,0.9655172413793104,0.9655172413793104,
volcanoes-e1,rfc-nosuite,0.97,1.0,0.0,0.0,1.0,0.9155405405405406,1.0,,1.0
volcanoes-e1,rfc-nosuite,1.0,1.0,0.0,0.0,1.0,0.9155405405405406,1.0,,1.0
volcanoes-e1,rfc-nosuite,1.0,1.0,0.0,0.0,1.0,0.9155405405405406,1.0,1.0,1.0
volcanoes-e1,rfc-nosuite,1.0,1.0,0.0,0.0,1.0,0.9155405405405406,1.0,1.0,
volcanoes-e1,rfc-nosuite,0.76,0.6551724137931034,0.0,0.0,0.7586206896551724,0.9155405405405406,0.7241379310344828,0.6896551724137931,0.4482758620689655
volcanoes-e1,rfc-nosuite,1.0,1.0,0.0,0.0,1.0,0.9155405405405406,1.0,,
volcanoes-e1,rfc-nosuite,0.99,1.0,0.0,0.0,1.0,0.9155405405405406,1.0,,1.0
volcanoes-e1,rfc-nosuite,1.0,1.0,0.0,0.0,1.0,0.9155405405405406,1.0,,
volcanoes-e1,rfc-nosuite,0.86,0.896551724137931,0.0,0.0,0.896551724137931,0.9155405405405406,0.896551724137931,0.896551724137931,
volcanoes-e1,rfc-nosuite,1.0,0.896551724137931,0.0,0.0,0.896551724137931,0.9155405405405406,0.896551724137931,0.896551724137931,
volcanoes-e1,rfc-nosuite,0.89,0.8620689655172413,0.0,0.0,0.8620689655172413,0.9155405405405406,0.8620689655172413,,0.8620689655172413
volcanoes-e1,rfc-nosuite,0.85,1.0,0.0,0.0,1.0,0.9155405405405406,1.0,,
volcanoes-e1,rfc-nosuite,0.56,0.6896551724137931,0.0,0.0,0.7241379310344828,0.9155405405405406,0.7586206896551724,0.3793103448275862,0.7586206896551724
volcanoes-e1,rfc-nosuite,0.94,0.896551724137931,0.0,0.0,0.896551724137931,0.9155405405405406,0.896551724137931,0.896551724137931,
volcanoes-e1,rfc-nosuite,0.98,1.0,0.0,0.0,1.0,0.9155405405405406,1.0,,
volcanoes-e1,rfc-nosuite,0.92,1.0,0.0,0.0,1.0,0.9155405405405406,1.0,1.0,1.0
volcanoes-e1,rfc-nosuite,1.0,0.9655172413793104,0.0,0.0,0.9655172413793104,0.9155405405405406,0.9655172413793104,,
volcanoes-e1,rfc-nosuite,0.97,0.8275862068965517,0.0,0.0,0.9655172413793104,0.9155405405405406,0.9655172413793104,0.9310344827586207,0.9655172413793104
volcanoes-e1,rfc-nosuite,0.9,0.6206896551724138,0.0,0.0,0.6551724137931034,0.9155405405405406,0.6551724137931034,0.3103448275862069,
volcanoes-e1,rfc-nosuite,0.99,0.9310344827586207,0.0,0.0,0.9310344827586207,0.9155405405405406,0.9310344827586207,0.9310344827586207,0.9310344827586207
volcanoes-e1,rfc-nosuite,1.0,1.0,0.0,0.0,1.0,0.9155405405405406,1.0,1.0,
volcanoes-e1,rfc-nosuite,0.95,0.896551724137931,0.0,0.0,0.9310344827586207,0.9155405405405406,0.9310344827586207,0.5862068965517241,0.9310344827586207
volcanoes-e1,rfc-nosuite,0.74,0.6551724137931034,0.0,0.0,0.7241379310344828,0.9155405405405406,0.8620689655172413,0.7241379310344828,0.7586206896551724
volcanoes-e1,rfc-nosuite,0.59,0.7241379310344828,0.0,0.0,0.7241379310344828,0.9155405405405406,0.7241379310344828,,0.5517241379310345
volcanoes-e1,rfc-nosuite,0.98,1.0,0.0,0.0,1.0,0.9155405405405406,1.0,0.7931034482758621,
volcanoes-e1,rfc-nosuite,0.98,0.9655172413793104,0.0,0.0,0.9655172413793104,0.9155405405405406,0.9655172413793104,0.9655172413793104,
volcanoes-e1,rfc-nosuite,1.0,1.0,0.0,0.0,1.0,0.9155405405405406,1.0,1.0,
volcanoes-e1,rfc-nosuite,1.0,0.9655172413793104,0.0,0.0,1.0,0.9155405405405406,1.0,1.0,1.0
volcanoes-e1,rfc-nosuite,0.84,0.8620689655172413,0.0,0.0,0.8620689655172413,0.9155405405405406,0.8620689655172413,0.8275862068965517,0.7586206896551724
volcanoes-e1,rfc-nosuite,0.97,1.0,0.0,0.0,1.0,0.9155405405405406,1.0,,1.0
volcanoes-e1,rfc-nosuite,0.84,0.7586206896551724,0.0,0.0,0.8620689655172413,0.9155405405405406,0.8620689655172413,0.6551724137931034,0.6896551724137931
volcanoes-e1,rfc-nosuite,1.0,0.9655172413793104,0.0,0.0,0.9655172413793104,0.9155405405405406,0.9655172413793104,,
volcanoes-e1,rfc-nosuite,0.93,0.8620689655172413,0.0,0.0,0.9310344827586207,0.9155405405405406,0.9310344827586207,0.8275862068965517,0.8275862068965517
volcanoes-e1,rfc-nosuite,0.5,0.8620689655172413,0.0,0.0,0.896551724137931,0.9155405405405406,0.8620689655172413,0.41379310344827586,0.8275862068965517
volcanoes-e1,rfc-nosuite,1.0,0.9655172413793104,0.0,0.0,0.9655172413793104,0.9155405405405406,0.9655172413793104,0.9655172413793104,0.9655172413793104
volcanoes-e1,rfc-nosuite,0.78,0.9310344827586207,0.0,0.0,0.9655172413793104,0.9155405405405406,0.9655172413793104,,0.9310344827586207
volcanoes-e1,rfc-nosuite,0.96,0.9655172413793104,0.0,0.0,0.9655172413793104,0.9155405405405406,0.9655172413793104,0.8275862068965517,
volcanoes-e1,rfc-nosuite,0.85,0.7931034482758621,0.0,0.0,0.7931034482758621,0.9155405405405406,0.7931034482758621,0.5862068965517241,0.7931034482758621
volcanoes-e1,rfc-nosuite,0.57,0.7586206896551724,0.0,0.0,0.6896551724137931,0.9155405405405406,0.7586206896551724,0.41379310344827586,0.4827586206896552
volcanoes-e1,rfc-nosuite,0.98,1.0,0.0,0.0,1.0,0.9155405405405406,1.0,1.0,1.0
volcanoes-e1,rfc-nosuite,1.0,1.0,0.0,0.0,1.0,0.9155405405405406,1.0,1.0,1.0
volcanoes-e1,rfc-nosuite,0.99,1.0,0.0,0.0,1.0,0.9155405405405406,1.0,1.0,1.0
volcanoes-e1,rfc-nosuite,0.97,0.9655172413793104,0.0,0.0,0.9655172413793104,0.9155405405405406,0.9655172413793104,,
volcanoes-e1,rfc-nosuite,0.5,0.7931034482758621,0.0,0.0,0.7931034482758621,0.9155405405405406,0.7931034482758621,,0.6551724137931034
volcanoes-e1,rfc-nosuite,1.0,1.0,0.0,0.0,1.0,0.9155405405405406,1.0,1.0,
volcanoes-e1,rfc-nosuite,1.0,1.0,0.0,0.0,1.0,0.9155405405405406,1.0,1.0,1.0
volcanoes-e1,rfc-nosuite,0.99,0.8275862068965517,0.0,0.0,0.9655172413793104,0.9155405405405406,0.9655172413793104,,
volcanoes-e1,rfc-nosuite,0.95,0.9310344827586207,0.0,0.0,0.9310344827586207,0.9155405405405406,0.9310344827586207,0.9310344827586207,
volcanoes-e1,rfc-nosuite,0.97,1.0,0.0,0.0,1.0,0.9155405405405406,1.0,0.7241379310344828,1.0
volcanoes-e2,rfc-nosuite,1.0,1.0,0.0,0.0,1.0,0.9148148148148149,1.0,,1.0
volcanoes-e2,rfc-nosuite,0.93,0.8518518518518519,0.0,0.0,0.9629629629629629,0.9148148148148149,0.9629629629629629,,
volcanoes-e2,rfc-nosuite,0.96,0.9629629629629629,0.0,0.0,0.9629629629629629,0.9148148148148149,0.9629629629629629,0.9629629629629629,0.9629629629629629
volcanoes-e2,rfc-nosuite,0.98,0.9629629629629629,0.0,0.0,0.9629629629629629,0.9148148148148149,0.9629629629629629,,0.9629629629629629
volcanoes-e2,rfc-nosuite,1.0,1.0,0.0,0.0,1.0,0.9148148148148149,1.0,,1.0
volcanoes-e2,rfc-nosuite,0.95,1.0,0.0,0.0,1.0,0.9148148148148149,1.0,,
volcanoes-e2,rfc-nosuite,0.98,1.0,0.0,0.0,1.0,0.9148148148148149,1.0,1.0,
volcanoes-e2,rfc-nosuite,0.97,0.8518518518518519,0.0,0.0,0.8518518518518519,0.9148148148148149,0.8518518518518519,,0.8518518518518519
volcanoes-e2,rfc-nosuite,0.98,0.8888888888888888,0.0,0.0,0.9629629629629629,0.9148148148148149,0.9629629629629629,,
volcanoes-e2,rfc-nosuite,0.76,0.6296296296296297,0.0,0.0,0.7407407407407407,0.9148148148148149,0.7037037037037037,,0.7037037037037037
volcanoes-e2,rfc-nosuite,0.96,0.8518518518518519,0.0,0.0,0.8888888888888888,0.9148148148148149,0.8888888888888888,,
volcanoes-e2,rfc-nosuite,0.96,1.0,0.0,0.0,1.0,0.9148148148148149,1.0,,1.0
volcanoes-e2,rfc-nosuite,0.96,0.9629629629629629,0.0,0.0,0.9629629629629629,0.9148148148148149,0.9629629629629629,0.9629629629629629,0.9629629629629629
volcanoes-e2,rfc-nosuite,0.91,0.8518518518518519,0.0,0.0,0.8518518518518519,0.9148148148148149,0.8518518518518519,,0.8518518518518519
volcanoes-e2,rfc-nosuite,1.0,1.0,0.0,0.0,1.0,0.9148148148148149,1.0,,
volcanoes-e2,rfc-nosuite,0.98,0.9629629629629629,0.0,0.0,0.9629629629629629,0.9148148148148149,0.9629629629629629,,
volcanoes-e2,rfc-nosuite,1.0,1.0,0.0,0.0,1.0,0.9148148148148149,1.0,,1.0
volcanoes-e2,rfc-nosuite,0.77,0.8518518518518519,0.0,0.0,0.8518518518518519,0.9148148148148149,0.8518518518518519,,
volcanoes-e2,rfc-nosuite,0.99,0.9259259259259259,0.0,0.0,0.9259259259259259,0.9148148148148149,0.9259259259259259,,0.9259259259259259
volcanoes-e2,rfc-nosuite,0.97,0.9629629629629629,0.0,0.0,0.9629629629629629,0.9148148148148149,0.9629629629629629,,
volcanoes-e2,rfc-nosuite,0.98,0.9629629629629629,0.0,0.0,0.9629629629629629,0.9148148148148149,0.9629629629629629,,0.9629629629629629
volcanoes-e2,rfc-nosuite,0.88,0.9259259259259259,0.0,0.0,0.9259259259259259,0.9148148148148149,0.9259259259259259,,0.9259259259259259
volcanoes-e2,rfc-nosuite,0.92,0.9629629629629629,0.0,0.0,0.9259259259259259,0.9148148148148149,0.9259259259259259,0.9259259259259259,
volcanoes-e2,rfc-nosuite,0.36,0.5925925925925926,0.0,0.0,0.7037037037037037,0.9148148148148149,0.7037037037037037,,0.2962962962962963
volcanoes-e2,rfc-nosuite,1.0,0.9629629629629629,0.0,0.0,0.9629629629629629,0.9148148148148149,0.9629629629629629,,0.9629629629629629
volcanoes-e2,rfc-nosuite,1.0,0.9259259259259259,0.0,0.0,0.9629629629629629,0.9148148148148149,0.9629629629629629,,
volcanoes-e2,rfc-nosuite,1.0,0.9629629629629629,0.0,0.0,0.9629629629629629,0.9148148148148149,0.9629629629629629,,0.9629629629629629
volcanoes-e2,rfc-nosuite,1.0,1.0,0.0,0.0,1.0,0.9148148148148149,1.0,,1.0
volcanoes-e2,rfc-nosuite,0.71,0.7037037037037037,0.0,0.0,0.7407407407407407,0.9148148148148149,0.7407407407407407,,0.7037037037037037
volcanoes-e2,rfc-nosuite,0.97,1.0,0.0,0.0,1.0,0.9148148148148149,1.0,,
volcanoes-e2,rfc-nosuite,0.98,0.9259259259259259,0.0,0.0,0.9259259259259259,0.9148148148148149,0.9259259259259259,,0.9259259259259259
volcanoes-e2,rfc-nosuite,0.96,0.9259259259259259,0.0,0.0,0.9259259259259259,0.9148148148148149,0.9629629629629629,,
volcanoes-e2,rfc-nosuite,1.0,0.8888888888888888,0.0,0.0,0.8888888888888888,0.9148148148148149,0.8888888888888888,,0.8888888888888888
volcanoes-e2,rfc-nosuite,0.99,0.9629629629629629,0.0,0.0,0.9629629629629629,0.9148148148148149,0.9629629629629629,,
volcanoes-e2,rfc-nosuite,0.98,1.0,0.0,0.0,1.0,0.9148148148148149,1.0,,1.0
volcanoes-e2,rfc-nosuite,0.96,0.9259259259259259,0.0,0.0,0.9259259259259259,0.9148148148148149,0.9259259259259259,,0.9259259259259259
volcanoes-e2,rfc-nosuite,0.98,0.9629629629629629,0.0,0.0,0.9629629629629629,0.9148148148148149,0.9629629629629629,,
volcanoes-e2,rfc-nosuite,0.98,0.9629629629629629,0.0,0.0,0.9629629629629629,0.9148148148148149,0.9629629629629629,,0.9629629629629629
volcanoes-e2,rfc-nosuite,0.97,0.7777777777777778,0.0,0.0,0.7407407407407407,0.9148148148148149,0.7407407407407407,,
volcanoes-e2,rfc-nosuite,1.0,1.0,0.0,0.0,1.0,0.9148148148148149,1.0,,
volcanoes-e2,rfc-nosuite,1.0,1.0,0.0,0.0,1.0,0.9148148148148149,1.0,,1.0
volcanoes-e2,rfc-nosuite,0.97,0.8888888888888888,0.0,0.0,0.9259259259259259,0.9148148148148149,0.9259259259259259,,0.9259259259259259
volcanoes-e2,rfc-nosuite,0.45,0.48148148148148145,0.0,0.0,0.5555555555555556,0.9148148148148149,0.5555555555555556,,0.5185185185185185
volcanoes-e2,rfc-nosuite,1.0,0.8888888888888888,0.0,0.0,0.8888888888888888,0.9148148148148149,0.8888888888888888,,0.8888888888888888
volcanoes-e2,rfc-nosuite,0.98,0.8888888888888888,0.0,0.0,0.8888888888888888,0.9148148148148149,0.8888888888888888,,
volcanoes-e2,rfc-nosuite,0.83,0.9259259259259259,0.0,0.0,0.9629629629629629,0.9148148148148149,0.9629629629629629,,0.9629629629629629
volcanoes-e2,rfc-nosuite,0.54,0.7037037037037037,0.0,0.0,0.8148148148148148,0.9148148148148149,0.7777777777777778,,0.7777777777777778
volcanoes-e2,rfc-nosuite,0.96,0.9259259259259259,0.0,0.0,0.9629629629629629,0.9148148148148149,0.9629629629629629,,0.9259259259259259
volcanoes-e2,rfc-nosuite,1.0,0.9629629629629629,0.0,0.0,0.9629629629629629,0.9148148148148149,0.9629629629629629,,0.9629629629629629
volcanoes-e2,rfc-nosuite,0.99,0.9629629629629629,0.0,0.0,0.9629629629629629,0.9148148148148149,0.9629629629629629,,
volcanoes-e3,rfc-nosuite,0.99,1.0,0.0,0.0,1.0,0.915625,1.0,,
volcanoes-e3,rfc-nosuite,0.93,0.8125,0.0,0.0,0.84375,0.915625,0.84375,,0.84375
volcanoes-e3,rfc-nosuite,0.99,1.0,0.0,0.0,1.0,0.915625,1.0,,
volcanoes-e3,rfc-nosuite,1.0,0.96875,0.0,0.0,0.96875,0.915625,0.96875,,
volcanoes-e3,rfc-nosuite,0.87,0.96875,0.0,0.0,0.96875,0.915625,0.96875,,
volcanoes-e3,rfc-nosuite,0.83,1.0,0.0,0.0,1.0,0.915625,1.0,,0.96875
volcanoes-e3,rfc-nosuite,1.0,0.84375,0.0,0.0,0.9375,0.915625,0.9375,,0.9375
volcanoes-e3,rfc-nosuite,1.0,1.0,0.0,0.0,1.0,0.915625,1.0,,
volcanoes-e3,rfc-nosuite,0.95,0.90625,0.0,0.0,0.9375,0.915625,0.9375,,
volcanoes-e3,rfc-nosuite,0.57,0.75,0.0,0.0,0.78125,0.915625,0.78125,0.59375,0.71875
volcanoes-e3,rfc-nosuite,1.0,1.0,0.0,0.0,1.0,0.915625,1.0,,1.0
volcanoes-e3,rfc-nosuite,0.96,0.96875,0.0,0.0,0.96875,0.915625,0.96875,0.96875,
volcanoes-e3,rfc-nosuite,0.99,0.96875,0.0,0.0,0.96875,0.915625,0.96875,,
volcanoes-e3,rfc-nosuite,1.0,0.96875,0.0,0.0,0.96875,0.915625,0.96875,0.96875,0.96875
volcanoes-e3,rfc-nosuite,1.0,0.96875,0.0,0.0,0.96875,0.915625,0.96875,,0.96875
volcanoes-e3,rfc-nosuite,0.99,1.0,0.0,0.0,1.0,0.915625,1.0,1.0,
volcanoes-e3,rfc-nosuite,1.0,1.0,0.0,0.0,1.0,0.915625,1.0,,1.0
volcanoes-e3,rfc-nosuite,0.81,0.90625,0.0,0.0,0.875,0.915625,0.84375,,0.75
volcanoes-e3,rfc-nosuite,0.99,0.9375,0.0,0.0,0.96875,0.915625,0.96875,,0.9375
volcanoes-e3,rfc-nosuite,1.0,1.0,0.0,0.0,1.0,0.915625,1.0,,
volcanoes-e3,rfc-nosuite,0.94,1.0,0.0,0.0,1.0,0.915625,1.0,,1.0
volcanoes-e3,rfc-nosuite,0.98,1.0,0.0,0.0,1.0,0.915625,1.0,,
volcanoes-e3,rfc-nosuite,1.0,0.90625,0.0,0.0,0.96875,0.915625,0.96875,,
volcanoes-e3,rfc-nosuite,0.99,0.96875,0.0,0.0,0.96875,0.915625,0.96875,,0.96875
volcanoes-e3,rfc-nosuite,0.94,0.84375,0.0,0.0,0.875,0.915625,0.875,,0.875
volcanoes-e3,rfc-nosuite,1.0,0.96875,0.0,0.0,0.96875,0.915625,0.96875,,
volcanoes-e3,rfc-nosuite,0.99,0.9375,0.0,0.0,0.9375,0.915625,0.9375,0.9375,0.9375
volcanoes-e3,rfc-nosuite,0.96,0.90625,0.0,0.0,0.90625,0.915625,0.9375,,0.875
volcanoes-e3,rfc-nosuite,0.99,1.0,0.0,0.0,1.0,0.915625,1.0,,1.0
volcanoes-e3,rfc-nosuite,0.99,1.0,0.0,0.0,1.0,0.915625,1.0,,1.0
volcanoes-e3,rfc-nosuite,0.78,0.78125,0.0,0.0,0.875,0.915625,0.90625,,0.65625
volcanoes-e3,rfc-nosuite,0.97,0.96875,0.0,0.0,0.96875,0.915625,0.96875,,
volcanoes-e3,rfc-nosuite,0.99,1.0,0.0,0.0,1.0,0.915625,1.0,,1.0
volcanoes-e3,rfc-nosuite,0.99,0.96875,0.0,0.0,0.96875,0.915625,0.96875,0.90625,0.96875
volcanoes-e3,rfc-nosuite,0.94,1.0,0.0,0.0,1.0,0.915625,1.0,,
volcanoes-e3,rfc-nosuite,0.82,1.0,0.0,0.0,1.0,0.915625,1.0,,1.0
volcanoes-e3,rfc-nosuite,1.0,1.0,0.0,0.0,1.0,0.915625,1.0,,1.0
volcanoes-e3,rfc-nosuite,0.98,0.9375,0.0,0.0,0.9375,0.915625,0.96875,,
volcanoes-e3,rfc-nosuite,0.99,1.0,0.0,0.0,1.0,0.915625,1.0,,1.0
volcanoes-e3,rfc-nosuite,1.0,0.96875,0.0,0.0,0.96875,0.915625,0.96875,,
volcanoes-e3,rfc-nosuite,1.0,0.96875,0.0,0.0,0.96875,0.915625,0.96875,,
volcanoes-e3,rfc-nosuite,0.66,0.71875,0.0,0.0,0.71875,0.915625,0.71875,0.65625,0.59375
volcanoes-e3,rfc-nosuite,1.0,1.0,0.0,0.0,1.0,0.915625,1.0,,
volcanoes-e3,rfc-nosuite,0.95,0.96875,0.0,0.0,0.96875,0.915625,0.96875,,
volcanoes-e3,rfc-nosuite,1.0,1.0,0.0,0.0,1.0,0.915625,1.0,,
volcanoes-e3,rfc-nosuite,0.95,0.9375,0.0,0.0,0.9375,0.915625,0.9375,,
volcanoes-e3,rfc-nosuite,0.96,0.875,0.0,0.0,0.9375,0.915625,0.96875,,
volcanoes-e3,rfc-nosuite,1.0,1.0,0.0,0.0,1.0,0.915625,1.0,,
volcanoes-e3,rfc-nosuite,0.98,0.90625,0.0,0.0,0.9375,0.915625,0.9375,,
volcanoes-e3,rfc-nosuite,0.95,0.9375,0.0,0.0,0.9375,0.915625,0.9375,,0.9375
volcanoes-e4,rfc-nosuite,1.0,0.8709677419354839,0.0,0.0,0.8709677419354839,0.939297124600639,0.8709677419354839,,
volcanoes-e4,rfc-nosuite,0.96,0.967741935483871,0.0,0.0,0.967741935483871,0.939297124600639,0.967741935483871,,
volcanoes-e4,rfc-nosuite,0.68,0.8064516129032258,0.0,0.0,0.8387096774193549,0.939297124600639,0.8387096774193549,,
volcanoes-e4,rfc-nosuite,0.95,1.0,0.0,0.0,1.0,0.939297124600639,1.0,,
volcanoes-e4,rfc-nosuite,0.45,0.8064516129032258,0.0,0.0,0.7741935483870968,0.939297124600639,0.8064516129032258,0.7419354838709677,0.6129032258064516
volcanoes-e4,rfc-nosuite,0.99,1.0,0.0,0.0,1.0,0.939297124600639,1.0,,
volcanoes-e4,rfc-nosuite,0.75,0.7096774193548387,0.0,0.0,0.7419354838709677,0.939297124600639,0.7419354838709677,,0.7419354838709677
volcanoes-e4,rfc-nosuite,0.99,1.0,0.0,0.0,1.0,0.939297124600639,1.0,,1.0
volcanoes-e4,rfc-nosuite,0.98,0.967741935483871,0.0,0.0,0.967741935483871,0.939297124600639,0.967741935483871,,0.967741935483871
volcanoes-e4,rfc-nosuite,1.0,1.0,0.0,0.0,1.0,0.939297124600639,1.0,,1.0
volcanoes-e4,rfc-nosuite,0.84,0.8709677419354839,0.0,0.0,0.9032258064516129,0.939297124600639,0.9032258064516129,,
volcanoes-e4,rfc-nosuite,1.0,0.967741935483871,0.0,0.0,0.967741935483871,0.939297124600639,0.967741935483871,,0.967741935483871
volcanoes-e4,rfc-nosuite,0.96,1.0,0.0,0.0,1.0,0.939297124600639,1.0,0.8064516129032258,0.9354838709677419
volcanoes-e4,rfc-nosuite,1.0,0.967741935483871,0.0,0.0,0.967741935483871,0.939297124600639,0.967741935483871,0.967741935483871,
volcanoes-e4,rfc-nosuite,0.98,0.967741935483871,0.0,0.0,0.967741935483871,0.939297124600639,0.967741935483871,0.967741935483871,0.967741935483871
volcanoes-e4,rfc-nosuite,0.95,0.9354838709677419,0.0,0.0,0.9354838709677419,0.939297124600639,0.9354838709677419,0.9354838709677419,0.9354838709677419
volcanoes-e4,rfc-nosuite,1.0,0.967741935483871,0.0,0.0,0.967741935483871,0.939297124600639,0.967741935483871,,0.967741935483871
volcanoes-e4,rfc-nosuite,1.0,0.967741935483871,0.0,0.0,0.967741935483871,0.939297124600639,0.967741935483871,,
volcanoes-e4,rfc-nosuite,0.88,0.7741935483870968,0.0,0.0,0.7419354838709677,0.939297124600639,0.7741935483870968,,0.7419354838709677
volcanoes-e4,rfc-nosuite,1.0,1.0,0.0,0.0,1.0,0.939297124600639,1.0,,1.0
volcanoes-e4,rfc-nosuite,0.68,0.8064516129032258,0.0,0.0,0.8387096774193549,0.939297124600639,0.8064516129032258,0.6129032258064516,0.8709677419354839
volcanoes-e4,rfc-nosuite,0.99,1.0,0.0,0.0,1.0,0.939297124600639,1.0,1.0,1.0
volcanoes-e4,rfc-nosuite,0.98,0.9354838709677419,0.0,0.0,0.9354838709677419,0.939297124600639,0.9354838709677419,,0.9354838709677419
volcanoes-e4,rfc-nosuite,0.97,0.8064516129032258,0.0,0.0,0.8387096774193549,0.939297124600639,0.8387096774193549,,0.8387096774193549
volcanoes-e4,rfc-nosuite,0.99,1.0,0.0,0.0,1.0,0.939297124600639,1.0,,
volcanoes-e4,rfc-nosuite,0.97,0.9032258064516129,0.0,0.0,0.9032258064516129,0.939297124600639,0.9032258064516129,,
volcanoes-e4,rfc-nosuite,0.78,0.9032258064516129,0.0,0.0,0.9032258064516129,0.939297124600639,0.9032258064516129,,
volcanoes-e4,rfc-nosuite,1.0,0.9354838709677419,0.0,0.0,0.9354838709677419,0.939297124600639,0.9354838709677419,,
volcanoes-e4,rfc-nosuite,0.98,1.0,0.0,0.0,0.967741935483871,0.939297124600639,1.0,1.0,
volcanoes-e4,rfc-nosuite,0.97,0.9354838709677419,0.0,0.0,0.9354838709677419,0.939297124600639,0.9354838709677419,,
volcanoes-e4,rfc-nosuite,0.79,1.0,0.0,0.0,1.0,0.939297124600639,1.0,,
volcanoes-e4,rfc-nosuite,0.96,0.967741935483871,0.0,0.0,1.0,0.939297124600639,1.0,0.967741935483871,
volcanoes-e4,rfc-nosuite,1.0,1.0,0.0,0.0,1.0,0.939297124600639,1.0,,1.0
volcanoes-e4,rfc-nosuite,1.0,0.967741935483871,0.0,0.0,0.967741935483871,0.939297124600639,0.967741935483871,,
volcanoes-e4,rfc-nosuite,1.0,1.0,0.0,0.0,1.0,0.939297124600639,1.0,,
volcanoes-e4,rfc-nosuite,0.69,0.9032258064516129,0.0,0.0,0.9354838709677419,0.939297124600639,0.9354838709677419,0.6774193548387096,0.7419354838709677
volcanoes-e4,rfc-nosuite,0.74,0.8064516129032258,0.0,0.0,0.8064516129032258,0.939297124600639,0.8064516129032258,,0.8064516129032258
volcanoes-e4,rfc-nosuite,0.99,1.0,0.0,0.0,1.0,0.939297124600639,1.0,,
volcanoes-e4,rfc-nosuite,1.0,0.967741935483871,0.0,0.0,0.967741935483871,0.939297124600639,0.967741935483871,,0.967741935483871
volcanoes-e4,rfc-nosuite,0.98,0.8064516129032258,0.0,0.0,0.8387096774193549,0.939297124600639,0.8387096774193549,,0.8387096774193549
volcanoes-e4,rfc-nosuite,1.0,0.967741935483871,0.0,0.0,0.967741935483871,0.939297124600639,0.967741935483871,0.967741935483871,
volcanoes-e4,rfc-nosuite,1.0,0.8709677419354839,0.0,0.0,0.8709677419354839,0.939297124600639,0.8709677419354839,,
volcanoes-e4,rfc-nosuite,0.96,0.8709677419354839,0.0,0.0,0.9354838709677419,0.939297124600639,0.9354838709677419,,
volcanoes-e4,rfc-nosuite,1.0,0.967741935483871,0.0,0.0,0.967741935483871,0.939297124600639,0.967741935483871,,
volcanoes-e4,rfc-nosuite,0.99,1.0,0.0,0.0,1.0,0.939297124600639,1.0,,
volcanoes-e4,rfc-nosuite,0.71,0.7419354838709677,0.0,0.0,0.7419354838709677,0.939297124600639,0.7419354838709677,,0.7096774193548387
volcanoes-e4,rfc-nosuite,0.71,0.9354838709677419,0.0,0.0,0.9354838709677419,0.939297124600639,0.9354838709677419,0.9354838709677419,0.9354838709677419
volcanoes-e4,rfc-nosuite,1.0,1.0,0.0,0.0,1.0,0.939297124600639,1.0,,1.0
volcanoes-e4,rfc-nosuite,1.0,0.9354838709677419,0.0,0.0,0.9354838709677419,0.939297124600639,0.9354838709677419,,0.9354838709677419
volcanoes-e4,rfc-nosuite,0.99,0.967741935483871,0.0,0.0,0.967741935483871,0.939297124600639,0.967741935483871,,0.967741935483871
volcanoes-e5,rfc-nosuite,0.93,0.9259259259259259,0.0,0.0,0.9259259259259259,0.9028776978417267,0.9259259259259259,,
volcanoes-e5,rfc-nosuite,1.0,0.9259259259259259,0.0,0.0,0.9259259259259259,0.9028776978417267,0.9259259259259259,,
volcanoes-e5,rfc-nosuite,0.97,1.0,0.0,0.0,1.0,0.9028776978417267,1.0,,1.0
volcanoes-e5,rfc-nosuite,0.9,0.9629629629629629,0.0,0.0,0.9629629629629629,0.9028776978417267,0.9629629629629629,,0.9629629629629629
volcanoes-e5,rfc-nosuite,0.95,0.9629629629629629,0.0,0.0,0.9629629629629629,0.9028776978417267,0.9629629629629629,,
volcanoes-e5,rfc-nosuite,0.96,0.9259259259259259,0.0,0.0,0.9259259259259259,0.9028776978417267,0.9259259259259259,,0.9259259259259259
volcanoes-e5,rfc-nosuite,0.8,0.6296296296296297,0.0,0.0,0.7777777777777778,0.9028776978417267,0.7407407407407407,,0.7037037037037037
volcanoes-e5,rfc-nosuite,0.98,1.0,0.0,0.0,1.0,0.9028776978417267,1.0,,1.0
volcanoes-e5,rfc-nosuite,0.97,1.0,0.0,0.0,1.0,0.9028776978417267,1.0,,
volcanoes-e5,rfc-nosuite,1.0,0.9629629629629629,0.0,0.0,0.9629629629629629,0.9028776978417267,0.9629629629629629,,
volcanoes-e5,rfc-nosuite,0.97,1.0,0.0,0.0,1.0,0.9028776978417267,1.0,,1.0
volcanoes-e5,rfc-nosuite,0.98,0.9259259259259259,0.0,0.0,0.9259259259259259,0.9028776978417267,0.9259259259259259,,0.9259259259259259
volcanoes-e5,rfc-nosuite,0.54,0.5185185185185185,0.0,0.0,0.5185185185185185,0.9028776978417267,0.5555555555555556,,0.4074074074074074
volcanoes-e5,rfc-nosuite,0.97,1.0,0.0,0.0,1.0,0.9028776978417267,1.0,,1.0
volcanoes-e5,rfc-nosuite,0.99,0.9259259259259259,0.0,0.0,0.9259259259259259,0.9028776978417267,0.9259259259259259,,
volcanoes-e5,rfc-nosuite,1.0,0.9629629629629629,0.0,0.0,0.9629629629629629,0.9028776978417267,0.9629629629629629,,
volcanoes-e5,rfc-nosuite,0.9,0.9629629629629629,0.0,0.0,0.9629629629629629,0.9028776978417267,0.9629629629629629,,
volcanoes-e5,rfc-nosuite,0.96,1.0,0.0,0.0,1.0,0.9028776978417267,1.0,,
volcanoes-e5,rfc-nosuite,1.0,0.9629629629629629,0.0,0.0,0.9629629629629629,0.9028776978417267,0.9629629629629629,,0.9629629629629629
volcanoes-e5,rfc-nosuite,0.84,0.9259259259259259,0.0,0.0,0.9259259259259259,0.9028776978417267,0.9259259259259259,,0.9259259259259259
volcanoes-e5,rfc-nosuite,0.95,0.9629629629629629,0.0,0.0,0.9629629629629629,0.9028776978417267,0.9629629629629629,,
volcanoes-e5,rfc-nosuite,1.0,1.0,0.0,0.0,1.0,0.9028776978417267,1.0,,1.0
volcanoes-e5,rfc-nosuite,0.94,0.8888888888888888,0.0,0.0,0.8518518518518519,0.9028776978417267,0.8518518518518519,,0.8518518518518519
volcanoes-e5,rfc-nosuite,0.98,0.9259259259259259,0.0,0.0,0.9259259259259259,0.9028776978417267,0.9259259259259259,,
volcanoes-e5,rfc-nosuite,1.0,1.0,0.0,0.0,1.0,0.9028776978417267,1.0,,
volcanoes-e5,rfc-nosuite,0.98,0.9259259259259259,0.0,0.0,0.9259259259259259,0.9028776978417267,0.9259259259259259,,
volcanoes-e5,rfc-nosuite,1.0,1.0,0.0,0.0,1.0,0.9028776978417267,1.0,,
volcanoes-e5,rfc-nosuite,0.93,0.9259259259259259,0.0,0.0,0.9259259259259259,0.9028776978417267,0.9259259259259259,,0.9259259259259259
volcanoes-e5,rfc-nosuite,0.99,0.9629629629629629,0.0,0.0,0.9629629629629629,0.9028776978417267,0.9629629629629629,,
volcanoes-e5,rfc-nosuite,1.0,1.0,0.0,0.0,1.0,0.9028776978417267,1.0,,
volcanoes-e5,rfc-nosuite,1.0,0.9259259259259259,0.0,0.0,0.9259259259259259,0.9028776978417267,0.9259259259259259,,0.9259259259259259
volcanoes-e5,rfc-nosuite,0.97,1.0,0.0,0.0,1.0,0.9028776978417267,1.0,,
volcanoes-e5,rfc-nosuite,0.96,0.9629629629629629,0.0,0.0,0.9629629629629629,0.9028776978417267,0.9629629629629629,,
volcanoes-e5,rfc-nosuite,0.89,0.9629629629629629,0.0,0.0,0.9629629629629629,0.9028776978417267,0.9629629629629629,,0.9629629629629629
volcanoes-e5,rfc-nosuite,0.98,0.8888888888888888,0.0,0.0,0.9259259259259259,0.9028776978417267,0.9259259259259259,,0.9259259259259259
volcanoes-e5,rfc-nosuite,0.97,1.0,0.0,0.0,1.0,0.9028776978417267,1.0,,
volcanoes-e5,rfc-nosuite,1.0,1.0,0.0,0.0,1.0,0.9028776978417267,1.0,,1.0
volcanoes-e5,rfc-nosuite,0.5,0.5555555555555556,0.0,0.0,0.48148148148148145,0.9028776978417267,0.5555555555555556,,0.6296296296296297
volcanoes-e5,rfc-nosuite,1.0,1.0,0.0,0.0,1.0,0.9028776978417267,1.0,,
volcanoes-e5,rfc-nosuite,0.99,0.9629629629629629,0.0,0.0,0.9629629629629629,0.9028776978417267,0.9629629629629629,,
volcanoes-e5,rfc-nosuite,0.78,0.8888888888888888,0.0,0.0,0.8518518518518519,0.9028776978417267,0.8888888888888888,,0.8148148148148148
volcanoes-e5,rfc-nosuite,0.33,0.6666666666666666,0.0,0.0,0.6296296296296297,0.9028776978417267,0.6666666666666666,,0.5185185185185185
volcanoes-e5,rfc-nosuite,0.71,0.6296296296296297,0.0,0.0,0.5925925925925926,0.9028776978417267,0.5925925925925926,,0.5925925925925926
volcanoes-e5,rfc-nosuite,0.98,0.7777777777777778,0.0,0.0,0.8518518518518519,0.9028776978417267,0.8518518518518519,,0.8518518518518519
volcanoes-e5,rfc-nosuite,1.0,0.9629629629629629,0.0,0.0,0.9629629629629629,0.9028776978417267,0.9629629629629629,,0.9629629629629629
volcanoes-e5,rfc-nosuite,0.97,0.9629629629629629,0.0,0.0,0.9629629629629629,0.9028776978417267,0.9629629629629629,,
volcanoes-e5,rfc-nosuite,1.0,0.9629629629629629,0.0,0.0,0.9629629629629629,0.9028776978417267,0.9629629629629629,,0.9629629629629629
volcanoes-e5,rfc-nosuite,0.98,0.8148148148148148,0.0,0.0,0.9629629629629629,0.9028776978417267,0.9629629629629629,,0.9629629629629629
volcanoes-e5,rfc-nosuite,0.99,1.0,0.0,0.0,1.0,0.9028776978417267,1.0,,1.0
volcanoes-e5,rfc-nosuite,0.99,0.9629629629629629,0.0,0.0,0.9629629629629629,0.9028776978417267,0.9629629629629629,,
wine-quality-red,rfc-nosuite,0.37,0.6,0.0,0.0,0.65,0.675,0.675,,0.35
wine-quality-red,rfc-nosuite,0.91,0.5,0.0,0.0,0.4,0.675,0.525,,0.5
wine-quality-red,rfc-nosuite,0.58,0.475,0.0,0.0,0.475,0.675,0.6,,0.325
wine-quality-red,rfc-nosuite,0.43,0.625,0.0,0.0,0.6,0.675,0.45,,0.525
wine-quality-red,rfc-nosuite,0.76,0.4,0.0,0.0,0.3,0.675,0.6,,0.35
wine-quality-red,rfc-nosuite,0.55,0.7,0.0,0.0,0.525,0.675,0.575,,0.55
wine-quality-red,rfc-nosuite,0.77,0.5,0.0,0.0,0.575,0.675,0.475,,0.425
wine-quality-red,rfc-nosuite,0.52,0.65,0.0,0.0,0.725,0.675,0.625,,0.55
wine-quality-red,rfc-nosuite,0.47,0.7,0.0,0.0,0.7,0.675,0.575,,0.65
wine-quality-red,rfc-nosuite,0.51,0.55,0.0,0.0,0.4,0.675,0.6,,0.5
wine-quality-red,rfc-nosuite,0.7,0.575,0.0,0.0,0.6,0.675,0.525,,0.45
wine-quality-red,rfc-nosuite,0.44,0.625,0.0,0.0,0.5,0.675,0.65,,0.55
wine-quality-red,rfc-nosuite,0.88,0.4,0.0,0.0,0.55,0.675,0.525,,0.6
wine-quality-red,rfc-nosuite,0.58,0.5,0.0,0.0,0.625,0.675,0.525,,0.5
wine-quality-red,rfc-nosuite,0.93,0.725,0.0,0.0,0.725,0.675,0.625,,0.675
wine-quality-red,rfc-nosuite,0.56,0.475,0.0,0.0,0.45,0.675,0.525,,0.525
wine-quality-red,rfc-nosuite,0.49,0.55,0.0,0.0,0.675,0.675,0.475,,0.475
wine-quality-red,rfc-nosuite,0.77,0.45,0.0,0.0,0.5,0.675,0.7,,0.525
wine-quality-red,rfc-nosuite,0.52,0.475,0.0,0.0,0.575,0.675,0.475,,0.475
wine-quality-red,rfc-nosuite,0.66,0.45,0.0,0.0,0.475,0.675,0.575,,0.575
wine-quality-red,rfc-nosuite,0.81,0.45,0.0,0.0,0.5,0.675,0.625,,0.525
wine-quality-red,rfc-nosuite,0.47,0.6,0.0,0.0,0.475,0.675,0.5,,0.525
wine-quality-red,rfc-nosuite,0.73,0.475,0.0,0.0,0.575,0.675,0.575,,0.525
wine-quality-red,rfc-nosuite,0.62,0.65,0.0,0.0,0.475,0.675,0.675,,0.475
wine-quality-red,rfc-nosuite,0.87,0.6,0.0,0.0,0.675,0.675,0.45,,0.475
wine-quality-red,rfc-nosuite,0.55,0.4,0.0,0.0,0.4,0.675,0.5,,0.475
wine-quality-red,rfc-nosuite,0.45,0.475,0.0,0.0,0.3,0.675,0.575,,0.4
wine-quality-red,rfc-nosuite,0.68,0.525,0.0,0.0,0.575,0.675,0.55,,0.6
wine-quality-red,rfc-nosuite,0.8,0.55,0.0,0.0,0.35,0.675,0.6,,0.625
wine-quality-red,rfc-nosuite,0.64,0.75,0.0,0.0,0.65,0.675,0.575,,0.75
wine-quality-red,rfc-nosuite,0.82,0.725,0.0,0.0,0.625,0.675,0.525,,0.625
wine-quality-red,rfc-nosuite,0.48,0.6,0.0,0.0,0.425,0.675,0.475,,0.575
wine-quality-red,rfc-nosuite,0.33,0.5,0.0,0.0,0.35,0.675,0.475,,0.5
wine-quality-red,rfc-nosuite,0.48,0.65,0.0,0.0,0.525,0.675,0.525,,0.475
wine-quality-red,rfc-nosuite,0.54,0.55,0.0,0.0,0.525,0.675,0.5,,0.55
wine-quality-red,rfc-nosuite,0.42,0.475,0.0,0.0,0.5,0.675,0.4,,0.55
wine-quality-red,rfc-nosuite,1.0,0.725,0.0,0.0,0.85,0.675,0.8,,0.85
wine-quality-red,rfc-nosuite,0.39,0.6,0.0,0.0,0.575,0.675,0.475,,0.475
wine-quality-red,rfc-nosuite,0.67,0.575,0.0,0.0,0.625,0.675,0.5,,0.625
wine-quality-red,rfc-nosuite,0.49,0.7,0.0,0.0,0.575,0.675,0.6,,0.525
wine-quality-red,rfc-nosuite,0.36,0.4,0.0,0.0,0.325,0.675,0.55,,0.575
wine-quality-red,rfc-nosuite,0.68,0.675,0.0,0.0,0.625,0.675,0.65,,0.6
wine-quality-red,rfc-nosuite,0.46,0.5,0.0,0.0,0.45,0.675,0.45,,0.625
wine-quality-red,rfc-nosuite,0.88,0.575,0.0,0.0,0.725,0.675,0.575,,0.5
wine-quality-red,rfc-nosuite,0.86,0.75,0.0,0.0,0.55,0.675,0.625,,0.65
wine-quality-red,rfc-nosuite,0.48,0.475,0.0,0.0,0.325,0.675,0.5,,0.375
wine-quality-red,rfc-nosuite,0.54,0.5,0.0,0.0,0.5,0.675,0.65,,0.575
wine-quality-red,rfc-nosuite,0.35,0.5,0.0,0.0,0.425,0.675,0.525,,0.525
wine-quality-red,rfc-nosuite,0.55,0.475,0.0,0.0,0.6,0.675,0.45,,0.625
wine-quality-red,rfc-nosuite,0.61,0.6,0.0,0.0,0.55,0.675,0.65,,0.45
yeast,rfc-nosuite,0.43,0.5405405405405406,0.0,0.0,0.5675675675675675,0.6226415094339622,0.5405405405405406,,0.6756756756756757
yeast,rfc-nosuite,0.79,0.43243243243243246,0.0,0.0,0.6216216216216216,0.6226415094339622,0.5405405405405406,,0.5405405405405406
yeast,rfc-nosuite,0.7,0.4864864864864865,0.0,0.0,0.5405405405405406,0.6226415094339622,0.5945945945945946,,0.5135135135135135
yeast,rfc-nosuite,0.74,0.6756756756756757,0.0,0.0,0.5405405405405406,0.6226415094339622,0.5405405405405406,,0.5945945945945946
yeast,rfc-nosuite,0.8,0.5405405405405406,0.0,0.0,0.5405405405405406,0.6226415094339622,0.5945945945945946,,0.5945945945945946
yeast,rfc-nosuite,0.42,0.4594594594594595,0.0,0.0,0.32432432432432434,0.6226415094339622,0.40540540540540543,,0.40540540540540543
yeast,rfc-nosuite,0.67,0.5405405405405406,0.0,0.0,0.6486486486486487,0.6226415094339622,0.5945945945945946,,0.7297297297297297
yeast,rfc-nosuite,0.47,0.4864864864864865,0.0,0.0,0.7297297297297297,0.6226415094339622,0.7027027027027027,,0.43243243243243246
yeast,rfc-nosuite,0.57,0.4864864864864865,0.0,0.0,0.3783783783783784,0.6226415094339622,0.4594594594594595,,0.43243243243243246
yeast,rfc-nosuite,0.72,0.5135135135135135,0.0,0.0,0.6756756756756757,0.6226415094339622,0.7837837837837838,,0.8108108108108109
yeast,rfc-nosuite,0.86,0.7567567567567568,0.0,0.0,0.7837837837837838,0.6226415094339622,0.7837837837837838,,0.8108108108108109
yeast,rfc-nosuite,0.86,0.6486486486486487,0.0,0.0,0.5135135135135135,0.6226415094339622,0.5405405405405406,,0.7297297297297297
yeast,rfc-nosuite,0.59,0.6486486486486487,0.0,0.0,0.6216216216216216,0.6226415094339622,0.7027027027027027,,0.5675675675675675
yeast,rfc-nosuite,0.55,0.6216216216216216,0.0,0.0,0.5945945945945946,0.6226415094339622,0.5945945945945946,,0.4864864864864865
yeast,rfc-nosuite,0.72,0.43243243243243246,0.0,0.0,0.5945945945945946,0.6226415094339622,0.6486486486486487,,0.7027027027027027
yeast,rfc-nosuite,0.48,0.5675675675675675,0.0,0.0,0.6216216216216216,0.6226415094339622,0.5135135135135135,,0.5945945945945946
yeast,rfc-nosuite,0.56,0.5405405405405406,0.0,0.0,0.4864864864864865,0.6226415094339622,0.5135135135135135,,0.5945945945945946
yeast,rfc-nosuite,0.73,0.5405405405405406,0.0,0.0,0.21621621621621623,0.6226415094339622,0.5135135135135135,,0.5675675675675675
yeast,rfc-nosuite,0.6,0.5405405405405406,0.0,0.0,0.4594594594594595,0.6226415094339622,0.5405405405405406,,0.4864864864864865
yeast,rfc-nosuite,0.64,0.32432432432432434,0.0,0.0,0.6486486486486487,0.6226415094339622,0.7027027027027027,,0.7027027027027027
yeast,rfc-nosuite,0.77,0.6216216216216216,0.0,0.0,0.6756756756756757,0.6226415094339622,0.6216216216216216,,0.7837837837837838
yeast,rfc-nosuite,0.74,0.3783783783783784,0.0,0.0,0.2702702702702703,0.6226415094339622,0.43243243243243246,,0.3783783783783784
yeast,rfc-nosuite,0.9,0.6486486486486487,0.0,0.0,0.6756756756756757,0.6226415094339622,0.5675675675675675,,0.5945945945945946
yeast,rfc-nosuite,0.42,0.35135135135135137,0.0,0.0,0.40540540540540543,0.6226415094339622,0.5405405405405406,,0.5675675675675675
yeast,rfc-nosuite,0.54,0.43243243243243246,0.0,0.0,0.5675675675675675,0.6226415094339622,0.5945945945945946,,0.4864864864864865
yeast,rfc-nosuite,0.4,0.2972972972972973,0.0,0.0,0.3783783783783784,0.6226415094339622,0.5945945945945946,,0.43243243243243246
yeast,rfc-nosuite,0.52,0.4594594594594595,0.0,0.0,0.5135135135135135,0.6226415094339622,0.5405405405405406,,0.4864864864864865
yeast,rfc-nosuite,0.51,0.4864864864864865,0.0,0.0,0.4594594594594595,0.6226415094339622,0.7027027027027027,,0.7027027027027027
yeast,rfc-nosuite,0.78,0.4864864864864865,0.0,0.0,0.7027027027027027,0.6226415094339622,0.7297297297297297,,0.8108108108108109
yeast,rfc-nosuite,0.64,0.5945945945945946,0.0,0.0,0.5135135135135135,0.6226415094339622,0.4864864864864865,,0.5135135135135135
yeast,rfc-nosuite,0.51,0.2972972972972973,0.0,0.0,0.2972972972972973,0.6226415094339622,0.4864864864864865,,0.5405405405405406
yeast,rfc-nosuite,0.75,0.5405405405405406,0.0,0.0,0.4864864864864865,0.6226415094339622,0.7567567567567568,,0.7297297297297297
yeast,rfc-nosuite,0.32,0.5405405405405406,0.0,0.0,0.6486486486486487,0.6226415094339622,0.7297297297297297,,0.7837837837837838
yeast,rfc-nosuite,0.37,0.5405405405405406,0.0,0.0,0.5135135135135135,0.6226415094339622,0.4864864864864865,,0.5675675675675675
yeast,rfc-nosuite,0.63,0.43243243243243246,0.0,0.0,0.40540540540540543,0.6226415094339622,0.40540540540540543,,0.4864864864864865
yeast,rfc-nosuite,0.45,0.40540540540540543,0.0,0.0,0.4594594594594595,0.6226415094339622,0.4864864864864865,,0.5405405405405406
yeast,rfc-nosuite,0.42,0.5135135135135135,0.0,0.0,0.35135135135135137,0.6226415094339622,0.5135135135135135,,0.43243243243243246
yeast,rfc-nosuite,0.92,0.6756756756756757,0.0,0.0,0.5945945945945946,0.6226415094339622,0.7297297297297297,,0.6756756756756757
yeast,rfc-nosuite,0.73,0.5675675675675675,0.0,0.0,0.4594594594594595,0.6226415094339622,0.5405405405405406,,0.5405405405405406
yeast,rfc-nosuite,0.44,0.4594594594594595,0.0,0.0,0.5945945945945946,0.6226415094339622,0.5945945945945946,,0.6486486486486487
yeast,rfc-nosuite,0.64,0.4864864864864865,0.0,0.0,0.4864864864864865,0.6226415094339622,0.6216216216216216,,0.5945945945945946
yeast,rfc-nosuite,0.57,0.4594594594594595,0.0,0.0,0.4864864864864865,0.6226415094339622,0.5405405405405406,,0.4864864864864865
yeast,rfc-nosuite,0.47,0.43243243243243246,0.0,0.0,0.3783783783783784,0.6226415094339622,0.4594594594594595,,0.5135135135135135
yeast,rfc-nosuite,0.56,0.5135135135135135,0.0,0.0,0.5405405405405406,0.6226415094339622,0.6216216216216216,,0.5405405405405406
yeast,rfc-nosuite,0.76,0.40540540540540543,0.0,0.0,0.43243243243243246,0.6226415094339622,0.5135135135135135,,0.5675675675675675
yeast,rfc-nosuite,0.55,0.6486486486486487,0.0,0.0,0.4864864864864865,0.6226415094339622,0.43243243243243246,,0.5945945945945946
yeast,rfc-nosuite,0.41,0.43243243243243246,0.0,0.0,0.43243243243243246,0.6226415094339622,0.4594594594594595,,0.5405405405405406
yeast,rfc-nosuite,0.55,0.43243243243243246,0.0,0.0,0.6216216216216216,0.6226415094339622,0.7837837837837838,,0.6486486486486487
yeast,rfc-nosuite,0.79,0.6486486486486487,0.0,0.0,0.5945945945945946,0.6226415094339622,0.5675675675675675,,0.6756756756756757
yeast,rfc-nosuite,0.85,0.6216216216216216,0.0,0.0,0.5945945945945946,0.6226415094339622,0.5675675675675675,,0.7567567567567568
rmftsa,rfc-nosuite,0.3562142857142858,0.48,0.0,0.0,0.52,0.48828125,0.56,0.2,0.6
rmftsa,rfc-nosuite,0.4576666666666667,0.52,0.0,0.0,0.44,0.48828125,0.28,0.36,0.32
rmftsa,rfc-nosuite,0.6425,0.44,0.0,0.0,0.48,0.48828125,0.4,0.4,0.28
rmftsa,rfc-nosuite,0.8478333333333333,0.4,0.0,0.0,0.52,0.48828125,0.52,0.52,0.36
rmftsa,rfc-nosuite,0.614280303030303,0.76,0.0,0.0,0.6,0.48828125,0.8,0.68,0.8
rmftsa,rfc-nosuite,0.8540349927849925,0.64,0.0,0.0,0.64,0.48828125,0.76,0.76,0.76
rmftsa,rfc-nosuite,0.2751865079365079,0.52,0.0,0.0,0.4,0.48828125,0.24,0.4,0.12
rmftsa,rfc-nosuite,0.8464378399378396,0.56,0.0,0.0,0.56,0.48828125,0.52,0.52,0.56
rmftsa,rfc-nosuite,0.8261904761904763,0.28,0.0,0.0,0.32,0.48828125,0.24,0.24,0.28
rmftsa,rfc-nosuite,0.5813382173382172,0.56,0.0,0.0,0.56,0.48828125,0.52,0.52,0.56
rmftsa,rfc-nosuite,1.0,0.8,0.0,0.0,0.8,0.48828125,0.84,0.4,0.56
rmftsa,rfc-nosuite,0.59075,0.48,0.0,0.0,0.36,0.48828125,0.16,0.44,0.64
rmftsa,rfc-nosuite,0.861,0.44,0.0,0.0,0.32,0.48828125,0.36,0.28,0.12
rmftsa,rfc-nosuite,0.6853333333333335,0.12,0.0,0.0,0.28,0.48828125,0.24,0.2,0.28
rmftsa,rfc-nosuite,0.6778594852859559,0.6,0.0,0.0,0.4,0.48828125,0.56,0.56,0.56
rmftsa,rfc-nosuite,0.39428571428571435,0.44,0.0,0.0,0.44,0.48828125,0.4,0.24,0.32
rmftsa,rfc-nosuite,0.4970714285714286,0.36,0.0,0.0,0.24,0.48828125,0.2,0.36,0.56
rmftsa,rfc-nosuite,0.5813382173382172,0.56,0.0,0.0,0.56,0.48828125,0.52,0.52,0.56
rmftsa,rfc-nosuite,0.58,0.28,0.0,0.0,0.28,0.48828125,0.32,0.32,0.24
rmftsa,rfc-nosuite,0.9611111111111111,0.68,0.0,0.0,0.68,0.48828125,0.72,0.68,0.68
rmftsa,rfc-nosuite,0.6005757575757573,0.48,0.0,0.0,0.48,0.48828125,0.56,0.2,0.36
rmftsa,rfc-nosuite,0.3537380952380953,0.2,0.0,0.0,0.48,0.48828125,0.36,0.36,0.4
rmftsa,rfc-nosuite,0.6685,0.32,0.0,0.0,0.08,0.48828125,0.2,0.28,0.32
rmftsa,rfc-nosuite,0.6693243284493282,0.76,0.0,0.0,0.76,0.48828125,0.84,0.76,0.76
rmftsa,rfc-nosuite,0.7121666666666667,0.4,0.0,0.0,0.48,0.48828125,0.44,0.28,0.28
rmftsa,rfc-nosuite,0.82,0.24,0.0,0.0,0.56,0.48828125,0.44,0.56,0.32
rmftsa,rfc-nosuite,0.429,0.36,0.0,0.0,0.52,0.48828125,0.52,0.52,0.16
rmftsa,rfc-nosuite,0.52,0.44,0.0,0.0,0.48,0.48828125,0.36,0.4,0.52
rmftsa,rfc-nosuite,0.42683730158730154,0.52,0.0,0.0,0.2,0.48828125,0.64,0.64,0.56
rmftsa,rfc-nosuite,0.6702857142857143,0.48,0.0,0.0,0.28,0.48828125,0.4,0.52,0.24
rmftsa,rfc-nosuite,0.6414067321567322,0.44,0.0,0.0,0.56,0.48828125,0.48,0.48,0.48
rmftsa,rfc-nosuite,0.3321428571428571,0.44,0.0,0.0,0.4,0.48828125,0.36,0.28,0.28
rmftsa,rfc-nosuite,0.6853333333333335,0.12,0.0,0.0,0.28,0.48828125,0.24,0.36,0.28
rmftsa,rfc-nosuite,0.5189999999999999,0.32,0.0,0.0,0.28,0.48828125,0.24,0.16,0.2
rmftsa,rfc-nosuite,0.8230952380952381,0.64,0.0,0.0,0.48,0.48828125,0.68,0.68,0.48
rmftsa,rfc-nosuite,0.5,0.4,0.0,0.0,0.48,0.48828125,0.32,0.4,0.32
rmftsa,rfc-nosuite,0.514142857142857,0.72,0.0,0.0,0.72,0.48828125,0.8,0.64,0.72
rmftsa,rfc-nosuite,1.0,0.6,0.0,0.0,0.56,0.48828125,0.36,0.64,0.6
rmftsa,rfc-nosuite,0.5757976190476191,0.8,0.0,0.0,0.64,0.48828125,0.88,0.48,0.56
rmftsa,rfc-nosuite,0.88,0.36,0.0,0.0,0.28,0.48828125,0.44,0.52,0.16
rmftsa,rfc-nosuite,0.5973333333333334,0.32,0.0,0.0,0.36,0.48828125,0.36,0.36,0.32
rmftsa,rfc-nosuite,0.4328333333333333,0.24,0.0,0.0,0.36,0.48828125,0.36,0.36,0.16
rmftsa,rfc-nosuite,0.74,0.44,0.0,0.0,0.16,0.48828125,0.52,0.52,0.2
rmftsa,rfc-nosuite,0.74,0.4,0.0,0.0,0.48,0.48828125,0.48,0.48,0.36
rmftsa,rfc-nosuite,0.89,0.6,0.0,0.0,0.6,0.48828125,0.32,0.56,0.32
rmftsa,rfc-nosuite,0.5813382173382172,0.56,0.0,0.0,0.56,0.48828125,0.52,0.52,0.56
rmftsa,rfc-nosuite,0.74,0.44,0.0,0.0,0.16,0.48828125,0.52,0.52,0.2
rmftsa,rfc-nosuite,0.72,0.4,0.0,0.0,0.24,0.48828125,0.24,0.24,0.24
rmftsa,rfc-nosuite,0.86,0.4,0.0,0.0,0.4,0.48828125,0.4,0.4,0.4
rmftsa,rfc-nosuite,0.6383095238095238,0.28,0.0,0.0,0.32,0.48828125,0.32,0.28,0.44
banknote-authentication,rfc-nosuite,0.99,1.0,0.0,0.0,1.0,0.9941690962099126,1.0,1.0,1.0
banknote-authentication,rfc-nosuite,1.0,1.0,0.0,0.0,1.0,0.9941690962099126,1.0,0.9705882352941176,1.0
banknote-authentication,rfc-nosuite,0.97,1.0,0.0,0.0,1.0,0.9941690962099126,0.9705882352941176,1.0,1.0
banknote-authentication,rfc-nosuite,0.95,1.0,0.0,0.0,1.0,0.9941690962099126,0.8235294117647058,0.9705882352941176,1.0
banknote-authentication,rfc-nosuite,1.0,0.9705882352941176,0.0,0.0,1.0,0.9941690962099126,1.0,1.0,0.8235294117647058
banknote-authentication,rfc-nosuite,1.0,1.0,0.0,0.0,1.0,0.9941690962099126,1.0,0.9411764705882353,1.0
banknote-authentication,rfc-nosuite,0.99,1.0,0.0,0.0,1.0,0.9941690962099126,1.0,1.0,1.0
banknote-authentication,rfc-nosuite,1.0,1.0,0.0,0.0,1.0,0.9941690962099126,1.0,1.0,1.0
banknote-authentication,rfc-nosuite,1.0,1.0,0.0,0.0,1.0,0.9941690962099126,1.0,0.7647058823529411,1.0
banknote-authentication,rfc-nosuite,1.0,1.0,0.0,0.0,1.0,0.9941690962099126,1.0,0.9705882352941176,1.0
banknote-authentication,rfc-nosuite,0.94,1.0,0.0,0.0,1.0,0.9941690962099126,0.9705882352941176,0.9705882352941176,1.0
banknote-authentication,rfc-nosuite,1.0,0.9705882352941176,0.0,0.0,0.9411764705882353,0.9941690962099126,1.0,1.0,1.0
banknote-authentication,rfc-nosuite,1.0,1.0,0.0,0.0,0.9117647058823529,0.9941690962099126,1.0,0.7352941176470589,1.0
banknote-authentication,rfc-nosuite,1.0,1.0,0.0,0.0,0.9117647058823529,0.9941690962099126,0.9705882352941176,1.0,1.0
banknote-authentication,rfc-nosuite,1.0,0.9705882352941176,0.0,0.0,0.9705882352941176,0.9941690962099126,1.0,1.0,0.9705882352941176
banknote-authentication,rfc-nosuite,1.0,0.9705882352941176,0.0,0.0,0.9705882352941176,0.9941690962099126,1.0,1.0,0.9705882352941176
banknote-authentication,rfc-nosuite,0.99,0.9705882352941176,0.0,0.0,0.9705882352941176,0.9941690962099126,1.0,1.0,1.0
banknote-authentication,rfc-nosuite,0.98,1.0,0.0,0.0,1.0,0.9941690962099126,0.9705882352941176,1.0,0.8529411764705882
banknote-authentication,rfc-nosuite,0.99,1.0,0.0,0.0,1.0,0.9941690962099126,1.0,1.0,1.0
banknote-authentication,rfc-nosuite,1.0,1.0,0.0,0.0,0.9117647058823529,0.9941690962099126,1.0,0.8235294117647058,0.9411764705882353
banknote-authentication,rfc-nosuite,1.0,1.0,0.0,0.0,1.0,0.9941690962099126,1.0,1.0,1.0
banknote-authentication,rfc-nosuite,0.97,0.9705882352941176,0.0,0.0,0.9705882352941176,0.9941690962099126,0.7941176470588235,0.9705882352941176,0.9705882352941176
banknote-authentication,rfc-nosuite,1.0,1.0,0.0,0.0,1.0,0.9941690962099126,1.0,0.8235294117647058,1.0
banknote-authentication,rfc-nosuite,1.0,1.0,0.0,0.0,1.0,0.9941690962099126,1.0,1.0,1.0
banknote-authentication,rfc-nosuite,0.89,1.0,0.0,0.0,1.0,0.9941690962099126,0.9705882352941176,1.0,0.8235294117647058
banknote-authentication,rfc-nosuite,1.0,1.0,0.0,0.0,1.0,0.9941690962099126,1.0,0.9411764705882353,1.0
banknote-authentication,rfc-nosuite,1.0,1.0,0.0,0.0,1.0,0.9941690962099126,1.0,1.0,1.0
banknote-authentication,rfc-nosuite,1.0,1.0,0.0,0.0,1.0,0.9941690962099126,1.0,1.0,1.0
banknote-authentication,rfc-nosuite,0.94,1.0,0.0,0.0,1.0,0.9941690962099126,1.0,1.0,1.0
banknote-authentication,rfc-nosuite,0.99,1.0,0.0,0.0,0.9705882352941176,0.9941690962099126,1.0,0.9117647058823529,0.9705882352941176
banknote-authentication,rfc-nosuite,0.99,1.0,0.0,0.0,1.0,0.9941690962099126,0.9705882352941176,1.0,1.0
banknote-authentication,rfc-nosuite,1.0,1.0,0.0,0.0,1.0,0.9941690962099126,1.0,1.0,0.9411764705882353
banknote-authentication,rfc-nosuite,0.94,1.0,0.0,0.0,1.0,0.9941690962099126,1.0,1.0,1.0
banknote-authentication,rfc-nosuite,1.0,1.0,0.0,0.0,1.0,0.9941690962099126,1.0,1.0,1.0
banknote-authentication,rfc-nosuite,0.97,0.9705882352941176,0.0,0.0,0.9705882352941176,0.9941690962099126,0.9705882352941176,1.0,1.0
banknote-authentication,rfc-nosuite,1.0,1.0,0.0,0.0,1.0,0.9941690962099126,1.0,1.0,1.0
banknote-authentication,rfc-nosuite,1.0,1.0,0.0,0.0,1.0,0.9941690962099126,1.0,1.0,1.0
banknote-authentication,rfc-nosuite,1.0,1.0,0.0,0.0,1.0,0.9941690962099126,1.0,1.0,1.0
banknote-authentication,rfc-nosuite,0.98,1.0,0.0,0.0,0.8529411764705882,0.9941690962099126,1.0,1.0,1.0
banknote-authentication,rfc-nosuite,1.0,1.0,0.0,0.0,1.0,0.9941690962099126,1.0,0.5588235294117647,1.0
banknote-authentication,rfc-nosuite,0.99,0.9705882352941176,0.0,0.0,1.0,0.9941690962099126,1.0,1.0,1.0
banknote-authentication,rfc-nosuite,1.0,1.0,0.0,0.0,1.0,0.9941690962099126,1.0,1.0,1.0
banknote-authentication,rfc-nosuite,0.85,1.0,0.0,0.0,1.0,0.9941690962099126,0.9705882352941176,1.0,0.7058823529411765
banknote-authentication,rfc-nosuite,0.99,0.9705882352941176,0.0,0.0,1.0,0.9941690962099126,1.0,1.0,1.0
banknote-authentication,rfc-nosuite,1.0,1.0,0.0,0.0,0.9705882352941176,0.9941690962099126,0.9117647058823529,0.6176470588235294,0.9705882352941176
banknote-authentication,rfc-nosuite,1.0,1.0,0.0,0.0,1.0,0.9941690962099126,1.0,1.0,1.0
banknote-authentication,rfc-nosuite,1.0,1.0,0.0,0.0,1.0,0.9941690962099126,1.0,1.0,1.0
banknote-authentication,rfc-nosuite,0.99,0.9705882352941176,0.0,0.0,1.0,0.9941690962099126,0.8235294117647058,1.0,0.9705882352941176
banknote-authentication,rfc-nosuite,0.99,1.0,0.0,0.0,1.0,0.9941690962099126,1.0,1.0,1.0
banknote-authentication,rfc-nosuite,0.94,1.0,0.0,0.0,1.0,0.9941690962099126,1.0,1.0,0.7352941176470589
volcanoes-a2,rfc-nosuite,1.0,0.95,0.0,0.0,0.975,0.9310344827586207,0.975,0.975,0.975
volcanoes-a2,rfc-nosuite,0.96,0.975,0.0,0.0,0.975,0.9310344827586207,0.95,0.6,
volcanoes-a2,rfc-nosuite,1.0,1.0,0.0,0.0,1.0,0.9310344827586207,1.0,1.0,1.0
volcanoes-a2,rfc-nosuite,0.97,1.0,0.0,0.0,1.0,0.9310344827586207,1.0,1.0,
volcanoes-a2,rfc-nosuite,0.74,0.975,0.0,0.0,0.975,0.9310344827586207,0.975,0.975,
volcanoes-a2,rfc-nosuite,1.0,1.0,0.0,0.0,1.0,0.9310344827586207,1.0,1.0,
volcanoes-a2,rfc-nosuite,0.92,0.975,0.0,0.0,0.975,0.9310344827586207,0.975,0.975,0.975
volcanoes-a2,rfc-nosuite,0.99,1.0,0.0,0.0,1.0,0.9310344827586207,1.0,1.0,
volcanoes-a2,rfc-nosuite,1.0,0.975,0.0,0.0,0.975,0.9310344827586207,0.975,0.975,0.975
volcanoes-a2,rfc-nosuite,0.99,1.0,0.0,0.0,1.0,0.9310344827586207,1.0,1.0,
volcanoes-a2,rfc-nosuite,0.63,0.625,0.0,0.0,0.725,0.9310344827586207,0.675,0.45,0.575
volcanoes-a2,rfc-nosuite,1.0,1.0,0.0,0.0,1.0,0.9310344827586207,1.0,1.0,
volcanoes-a2,rfc-nosuite,0.71,0.85,0.0,0.0,0.95,0.9310344827586207,0.875,0.875,0.625
volcanoes-a2,rfc-nosuite,0.72,0.85,0.0,0.0,0.95,0.9310344827586207,0.925,0.775,0.925
volcanoes-a2,rfc-nosuite,0.92,1.0,0.0,0.0,1.0,0.9310344827586207,1.0,1.0,
volcanoes-a2,rfc-nosuite,1.0,1.0,0.0,0.0,1.0,0.9310344827586207,1.0,1.0,1.0
volcanoes-a2,rfc-nosuite,0.99,0.975,0.0,0.0,0.975,0.9310344827586207,0.975,0.975,0.975
volcanoes-a2,rfc-nosuite,0.92,0.975,0.0,0.0,0.975,0.9310344827586207,0.925,0.975,0.975
volcanoes-a2,rfc-nosuite,1.0,1.0,0.0,0.0,0.975,0.9310344827586207,0.95,1.0,1.0
volcanoes-a2,rfc-nosuite,1.0,1.0,0.0,0.0,1.0,0.9310344827586207,1.0,1.0,
volcanoes-a2,rfc-nosuite,0.96,1.0,0.0,0.0,1.0,0.9310344827586207,1.0,1.0,1.0
volcanoes-a2,rfc-nosuite,0.95,1.0,0.0,0.0,1.0,0.9310344827586207,1.0,1.0,1.0
volcanoes-a2,rfc-nosuite,0.98,1.0,0.0,0.0,1.0,0.9310344827586207,1.0,1.0,
volcanoes-a2,rfc-nosuite,1.0,0.975,0.0,0.0,0.95,0.9310344827586207,0.975,0.7,
volcanoes-a2,rfc-nosuite,0.99,1.0,0.0,0.0,1.0,0.9310344827586207,0.95,1.0,1.0
volcanoes-a2,rfc-nosuite,1.0,0.975,0.0,0.0,0.975,0.9310344827586207,0.975,0.975,0.975
volcanoes-a2,rfc-nosuite,1.0,1.0,0.0,0.0,1.0,0.9310344827586207,1.0,1.0,
volcanoes-a2,rfc-nosuite,0.96,1.0,0.0,0.0,1.0,0.9310344827586207,1.0,1.0,1.0
volcanoes-a2,rfc-nosuite,0.96,1.0,0.0,0.0,1.0,0.9310344827586207,1.0,1.0,
volcanoes-a2,rfc-nosuite,1.0,1.0,0.0,0.0,1.0,0.9310344827586207,1.0,1.0,1.0
volcanoes-a2,rfc-nosuite,1.0,0.975,0.0,0.0,0.975,0.9310344827586207,0.975,0.975,0.975
volcanoes-a2,rfc-nosuite,1.0,1.0,0.0,0.0,1.0,0.9310344827586207,1.0,1.0,1.0
volcanoes-a2,rfc-nosuite,0.99,0.975,0.0,0.0,0.975,0.9310344827586207,0.95,0.975,
volcanoes-a2,rfc-nosuite,1.0,1.0,0.0,0.0,1.0,0.9310344827586207,1.0,1.0,1.0
volcanoes-a2,rfc-nosuite,0.99,0.975,0.0,0.0,0.975,0.9310344827586207,0.975,0.975,0.975
volcanoes-a2,rfc-nosuite,1.0,0.975,0.0,0.0,0.975,0.9310344827586207,0.975,0.975,
volcanoes-a2,rfc-nosuite,0.98,1.0,0.0,0.0,1.0,0.9310344827586207,1.0,1.0,1.0
volcanoes-a2,rfc-nosuite,0.43,0.6,0.0,0.0,0.7,0.9310344827586207,0.55,0.525,0.625
volcanoes-a2,rfc-nosuite,1.0,1.0,0.0,0.0,1.0,0.9310344827586207,1.0,1.0,1.0
volcanoes-a2,rfc-nosuite,0.82,0.875,0.0,0.0,0.9,0.9310344827586207,0.925,0.95,0.85
volcanoes-a2,rfc-nosuite,1.0,1.0,0.0,0.0,1.0,0.9310344827586207,1.0,1.0,1.0
volcanoes-a2,rfc-nosuite,0.97,0.975,0.0,0.0,0.975,0.9310344827586207,0.975,0.975,
volcanoes-a2,rfc-nosuite,0.97,0.975,0.0,0.0,0.975,0.9310344827586207,0.975,0.975,0.975
volcanoes-a2,rfc-nosuite,0.98,0.975,0.0,0.0,0.975,0.9310344827586207,0.975,0.925,0.975
volcanoes-a2,rfc-nosuite,1.0,1.0,0.0,0.0,1.0,0.9310344827586207,1.0,1.0,1.0
volcanoes-a2,rfc-nosuite,0.86,0.525,0.0,0.0,0.75,0.9310344827586207,0.575,0.375,0.625
volcanoes-a2,rfc-nosuite,1.0,1.0,0.0,0.0,1.0,0.9310344827586207,1.0,1.0,
volcanoes-a2,rfc-nosuite,0.96,0.925,0.0,0.0,0.95,0.9310344827586207,0.9,0.95,
volcanoes-a2,rfc-nosuite,1.0,0.975,0.0,0.0,0.975,0.9310344827586207,0.975,0.975,0.975
volcanoes-a2,rfc-nosuite,0.99,0.975,0.0,0.0,0.975,0.9310344827586207,0.95,0.95,0.975
volcanoes-a3,rfc-nosuite,0.42,0.6578947368421053,0.0,0.0,0.7105263157894737,0.89501312335958,0.7368421052631579,0.631578947368421,0.7105263157894737
volcanoes-a3,rfc-nosuite,1.0,1.0,0.0,0.0,1.0,0.89501312335958,1.0,0.9736842105263158,
volcanoes-a3,rfc-nosuite,0.35,0.5789473684210527,0.0,0.0,0.6052631578947368,0.89501312335958,0.6052631578947368,0.5263157894736842,0.34210526315789475
volcanoes-a3,rfc-nosuite,1.0,1.0,0.0,0.0,1.0,0.89501312335958,1.0,1.0,1.0
volcanoes-a3,rfc-nosuite,1.0,1.0,0.0,0.0,1.0,0.89501312335958,1.0,1.0,
volcanoes-a3,rfc-nosuite,0.99,1.0,0.0,0.0,1.0,0.89501312335958,1.0,1.0,
volcanoes-a3,rfc-nosuite,1.0,0.9210526315789473,0.0,0.0,0.9210526315789473,0.89501312335958,0.9210526315789473,0.9210526315789473,
volcanoes-a3,rfc-nosuite,0.99,1.0,0.0,0.0,1.0,0.89501312335958,1.0,1.0,1.0
volcanoes-a3,rfc-nosuite,0.95,1.0,0.0,0.0,1.0,0.89501312335958,1.0,1.0,1.0
volcanoes-a3,rfc-nosuite,1.0,0.9473684210526315,0.0,0.0,0.9473684210526315,0.89501312335958,0.9473684210526315,0.9473684210526315,
volcanoes-a3,rfc-nosuite,1.0,0.9736842105263158,0.0,0.0,0.9736842105263158,0.89501312335958,0.9736842105263158,0.9736842105263158,0.9736842105263158
volcanoes-a3,rfc-nosuite,0.95,0.7105263157894737,0.0,0.0,0.7631578947368421,0.89501312335958,0.7894736842105263,0.6578947368421053,0.7105263157894737
volcanoes-a3,rfc-nosuite,0.7,0.9210526315789473,0.0,0.0,0.9210526315789473,0.89501312335958,0.9210526315789473,0.8947368421052632,0.9210526315789473
volcanoes-a3,rfc-nosuite,0.59,0.631578947368421,0.0,0.0,0.7631578947368421,0.89501312335958,0.7894736842105263,0.5789473684210527,0.42105263157894735
volcanoes-a3,rfc-nosuite,0.9,0.9473684210526315,0.0,0.0,0.9210526315789473,0.89501312335958,0.9210526315789473,0.8157894736842105,
volcanoes-a3,rfc-nosuite,0.99,0.9473684210526315,0.0,0.0,0.9473684210526315,0.89501312335958,0.9473684210526315,0.9473684210526315,0.9473684210526315
volcanoes-a3,rfc-nosuite,0.99,0.9473684210526315,0.0,0.0,0.9473684210526315,0.89501312335958,0.9473684210526315,0.9473684210526315,0.9473684210526315
volcanoes-a3,rfc-nosuite,1.0,1.0,0.0,0.0,1.0,0.89501312335958,1.0,1.0,1.0
volcanoes-a3,rfc-nosuite,0.98,1.0,0.0,0.0,1.0,0.89501312335958,1.0,1.0,1.0
volcanoes-a3,rfc-nosuite,0.85,0.9473684210526315,0.0,0.0,0.9736842105263158,0.89501312335958,0.9736842105263158,0.9736842105263158,0.9736842105263158
volcanoes-a3,rfc-nosuite,1.0,1.0,0.0,0.0,1.0,0.89501312335958,1.0,1.0,
volcanoes-a3,rfc-nosuite,0.91,0.9473684210526315,0.0,0.0,0.9473684210526315,0.89501312335958,0.9473684210526315,0.8947368421052632,0.868421052631579
volcanoes-a3,rfc-nosuite,1.0,0.9736842105263158,0.0,0.0,0.9736842105263158,0.89501312335958,0.9736842105263158,0.9736842105263158,0.9736842105263158
volcanoes-a3,rfc-nosuite,0.79,0.7368421052631579,0.0,0.0,0.8157894736842105,0.89501312335958,0.8157894736842105,0.7105263157894737,0.7631578947368421
volcanoes-a3,rfc-nosuite,0.95,1.0,0.0,0.0,1.0,0.89501312335958,1.0,1.0,
volcanoes-a3,rfc-nosuite,0.97,1.0,0.0,0.0,1.0,0.89501312335958,1.0,1.0,1.0
volcanoes-a3,rfc-nosuite,0.49,0.8157894736842105,0.0,0.0,0.8157894736842105,0.89501312335958,0.8421052631578947,0.8157894736842105,
volcanoes-a3,rfc-nosuite,0.98,1.0,0.0,0.0,1.0,0.89501312335958,1.0,1.0,1.0
volcanoes-a3,rfc-nosuite,1.0,1.0,0.0,0.0,1.0,0.89501312335958,1.0,1.0,
volcanoes-a3,rfc-nosuite,0.98,1.0,0.0,0.0,1.0,0.89501312335958,1.0,1.0,1.0
volcanoes-a3,rfc-nosuite,0.99,1.0,0.0,0.0,1.0,0.89501312335958,1.0,1.0,1.0
volcanoes-a3,rfc-nosuite,1.0,1.0,0.0,0.0,1.0,0.89501312335958,1.0,1.0,1.0
volcanoes-a3,rfc-nosuite,0.72,0.8157894736842105,0.0,0.0,0.8157894736842105,0.89501312335958,0.8421052631578947,0.7368421052631579,0.7105263157894737
volcanoes-a3,rfc-nosuite,0.97,1.0,0.0,0.0,1.0,0.89501312335958,1.0,1.0,1.0
volcanoes-a3,rfc-nosuite,1.0,1.0,0.0,0.0,1.0,0.89501312335958,1.0,1.0,1.0
volcanoes-a3,rfc-nosuite,0.89,0.8421052631578947,0.0,0.0,0.8421052631578947,0.89501312335958,0.8421052631578947,0.7894736842105263,
volcanoes-a3,rfc-nosuite,0.98,0.7631578947368421,0.0,0.0,0.868421052631579,0.89501312335958,0.868421052631579,0.868421052631579,0.868421052631579
volcanoes-a3,rfc-nosuite,0.98,0.9736842105263158,0.0,0.0,0.9736842105263158,0.89501312335958,0.9736842105263158,0.9736842105263158,0.9736842105263158
volcanoes-a3,rfc-nosuite,0.94,0.7105263157894737,0.0,0.0,0.7631578947368421,0.89501312335958,0.7631578947368421,0.6842105263157895,
volcanoes-a3,rfc-nosuite,0.97,1.0,0.0,0.0,1.0,0.89501312335958,1.0,1.0,1.0
volcanoes-a3,rfc-nosuite,0.99,1.0,0.0,0.0,1.0,0.89501312335958,1.0,1.0,1.0
volcanoes-a3,rfc-nosuite,0.41,0.3684210526315789,0.0,0.0,0.39473684210526316,0.89501312335958,0.42105263157894735,0.07894736842105263,0.42105263157894735
volcanoes-a3,rfc-nosuite,0.98,1.0,0.0,0.0,1.0,0.89501312335958,1.0,1.0,1.0
volcanoes-a3,rfc-nosuite,1.0,1.0,0.0,0.0,1.0,0.89501312335958,1.0,1.0,1.0
volcanoes-a3,rfc-nosuite,0.96,0.9736842105263158,0.0,0.0,0.9736842105263158,0.89501312335958,0.9736842105263158,0.8947368421052632,0.9736842105263158
volcanoes-a3,rfc-nosuite,1.0,1.0,0.0,0.0,1.0,0.89501312335958,1.0,1.0,1.0
volcanoes-a3,rfc-nosuite,0.93,0.9736842105263158,0.0,0.0,0.9736842105263158,0.89501312335958,0.9736842105263158,0.9736842105263158,
volcanoes-a3,rfc-nosuite,1.0,1.0,0.0,0.0,1.0,0.89501312335958,1.0,1.0,
volcanoes-a3,rfc-nosuite,0.99,1.0,0.0,0.0,1.0,0.89501312335958,1.0,1.0,
volcanoes-a3,rfc-nosuite,1.0,0.9736842105263158,0.0,0.0,0.9736842105263158,0.89501312335958,0.9736842105263158,0.9736842105263158,0.9736842105263158
volcanoes-a4,rfc-nosuite,1.0,1.0,0.0,0.0,1.0,0.8944591029023746,1.0,1.0,
volcanoes-a4,rfc-nosuite,1.0,1.0,0.0,0.0,1.0,0.8944591029023746,1.0,1.0,
volcanoes-a4,rfc-nosuite,0.62,0.4864864864864865,0.0,0.0,0.4594594594594595,0.8944591029023746,0.2972972972972973,0.35135135135135137,0.35135135135135137
volcanoes-a4,rfc-nosuite,0.99,0.9459459459459459,0.0,0.0,0.9459459459459459,0.8944591029023746,0.9459459459459459,0.9459459459459459,0.9459459459459459
volcanoes-a4,rfc-nosuite,0.99,0.972972972972973,0.0,0.0,0.972972972972973,0.8944591029023746,0.972972972972973,0.972972972972973,
volcanoes-a4,rfc-nosuite,0.59,0.5675675675675675,0.0,0.0,0.6486486486486487,0.8944591029023746,0.40540540540540543,0.43243243243243246,0.3783783783783784
volcanoes-a4,rfc-nosuite,0.97,0.972972972972973,0.0,0.0,0.972972972972973,0.8944591029023746,0.972972972972973,0.972972972972973,0.972972972972973
volcanoes-a4,rfc-nosuite,0.88,0.918918918918919,0.0,0.0,0.8918918918918919,0.8944591029023746,0.8648648648648649,0.918918918918919,0.8918918918918919
volcanoes-a4,rfc-nosuite,0.92,0.9459459459459459,0.0,0.0,0.9459459459459459,0.8944591029023746,0.9459459459459459,0.9459459459459459,0.9459459459459459
volcanoes-a4,rfc-nosuite,1.0,1.0,0.0,0.0,1.0,0.8944591029023746,1.0,1.0,1.0
volcanoes-a4,rfc-nosuite,1.0,1.0,0.0,0.0,1.0,0.8944591029023746,1.0,1.0,1.0
volcanoes-a4,rfc-nosuite,0.98,0.972972972972973,0.0,0.0,0.9459459459459459,0.8944591029023746,0.972972972972973,0.7567567567567568,0.972972972972973
volcanoes-a4,rfc-nosuite,0.99,1.0,0.0,0.0,1.0,0.8944591029023746,1.0,,1.0
volcanoes-a4,rfc-nosuite,1.0,1.0,0.0,0.0,1.0,0.8944591029023746,1.0,1.0,1.0
volcanoes-a4,rfc-nosuite,1.0,0.972972972972973,0.0,0.0,0.972972972972973,0.8944591029023746,0.972972972972973,0.972972972972973,
volcanoes-a4,rfc-nosuite,1.0,0.972972972972973,0.0,0.0,0.972972972972973,0.8944591029023746,0.972972972972973,0.972972972972973,0.972972972972973
volcanoes-a4,rfc-nosuite,1.0,1.0,0.0,0.0,1.0,0.8944591029023746,1.0,1.0,1.0
volcanoes-a4,rfc-nosuite,1.0,1.0,0.0,0.0,1.0,0.8944591029023746,1.0,1.0,1.0
volcanoes-a4,rfc-nosuite,1.0,0.972972972972973,0.0,0.0,0.972972972972973,0.8944591029023746,0.972972972972973,0.972972972972973,0.972972972972973
volcanoes-a4,rfc-nosuite,1.0,1.0,0.0,0.0,1.0,0.8944591029023746,1.0,1.0,1.0
volcanoes-a4,rfc-nosuite,0.99,0.972972972972973,0.0,0.0,0.972972972972973,0.8944591029023746,0.972972972972973,0.972972972972973,0.972972972972973
volcanoes-a4,rfc-nosuite,0.44,0.32432432432432434,0.0,0.0,0.4594594594594595,0.8944591029023746,0.2702702702702703,0.35135135135135137,0.32432432432432434
volcanoes-a4,rfc-nosuite,1.0,1.0,0.0,0.0,1.0,0.8944591029023746,1.0,1.0,1.0
volcanoes-a4,rfc-nosuite,1.0,1.0,0.0,0.0,1.0,0.8944591029023746,1.0,1.0,
volcanoes-a4,rfc-nosuite,0.85,0.6216216216216216,0.0,0.0,0.7027027027027027,0.8944591029023746,0.7027027027027027,0.6756756756756757,0.7027027027027027
volcanoes-a4,rfc-nosuite,1.0,0.972972972972973,0.0,0.0,0.972972972972973,0.8944591029023746,0.972972972972973,0.972972972972973,0.972972972972973
volcanoes-a4,rfc-nosuite,1.0,0.972972972972973,0.0,0.0,0.972972972972973,0.8944591029023746,0.972972972972973,0.972972972972973,0.972972972972973
volcanoes-a4,rfc-nosuite,0.31,0.40540540540540543,0.0,0.0,0.43243243243243246,0.8944591029023746,0.32432432432432434,0.32432432432432434,0.32432432432432434
volcanoes-a4,rfc-nosuite,0.98,0.9459459459459459,0.0,0.0,0.9459459459459459,0.8944591029023746,0.9459459459459459,0.9459459459459459,0.9459459459459459
volcanoes-a4,rfc-nosuite,0.83,0.972972972972973,0.0,0.0,0.972972972972973,0.8944591029023746,0.972972972972973,0.972972972972973,
volcanoes-a4,rfc-nosuite,0.65,0.9459459459459459,0.0,0.0,0.9459459459459459,0.8944591029023746,0.9459459459459459,0.9459459459459459,
volcanoes-a4,rfc-nosuite,0.99,0.972972972972973,0.0,0.0,0.972972972972973,0.8944591029023746,0.972972972972973,0.972972972972973,0.972972972972973
volcanoes-a4,rfc-nosuite,0.82,0.7567567567567568,0.0,0.0,0.8378378378378378,0.8944591029023746,0.8648648648648649,0.4864864864864865,
volcanoes-a4,rfc-nosuite,0.99,0.8648648648648649,0.0,0.0,0.8648648648648649,0.8944591029023746,0.8918918918918919,0.8918918918918919,
volcanoes-a4,rfc-nosuite,0.39,0.5945945945945946,0.0,0.0,0.5405405405405406,0.8944591029023746,0.4594594594594595,0.43243243243243246,0.5675675675675675
volcanoes-a4,rfc-nosuite,0.84,0.8918918918918919,0.0,0.0,0.9459459459459459,0.8944591029023746,0.9459459459459459,0.9459459459459459,
volcanoes-a4,rfc-nosuite,0.81,0.972972972972973,0.0,0.0,0.972972972972973,0.8944591029023746,0.972972972972973,0.972972972972973,0.972972972972973
volcanoes-a4,rfc-nosuite,1.0,1.0,0.0,0.0,1.0,0.8944591029023746,1.0,1.0,
volcanoes-a4,rfc-nosuite,0.96,1.0,0.0,0.0,1.0,0.8944591029023746,1.0,1.0,1.0
volcanoes-a4,rfc-nosuite,0.49,0.35135135135135137,0.0,0.0,0.6216216216216216,0.8944591029023746,0.4594594594594595,0.35135135135135137,0.5135135135135135
volcanoes-a4,rfc-nosuite,1.0,1.0,0.0,0.0,1.0,0.8944591029023746,1.0,1.0,1.0
volcanoes-a4,rfc-nosuite,0.91,0.6486486486486487,0.0,0.0,0.7297297297297297,0.8944591029023746,0.6756756756756757,0.5675675675675675,0.7567567567567568
volcanoes-a4,rfc-nosuite,0.97,0.918918918918919,0.0,0.0,0.918918918918919,0.8944591029023746,0.918918918918919,0.918918918918919,0.918918918918919
volcanoes-a4,rfc-nosuite,0.98,0.9459459459459459,0.0,0.0,0.9459459459459459,0.8944591029023746,0.9459459459459459,0.9459459459459459,0.9459459459459459
volcanoes-a4,rfc-nosuite,0.96,0.972972972972973,0.0,0.0,0.972972972972973,0.8944591029023746,0.972972972972973,0.9459459459459459,0.972972972972973
volcanoes-a4,rfc-nosuite,1.0,0.972972972972973,0.0,0.0,0.9459459459459459,0.8944591029023746,0.972972972972973,0.972972972972973,
volcanoes-a4,rfc-nosuite,0.93,1.0,0.0,0.0,1.0,0.8944591029023746,1.0,1.0,1.0
volcanoes-a4,rfc-nosuite,0.94,0.972972972972973,0.0,0.0,1.0,0.8944591029023746,1.0,1.0,
volcanoes-a4,rfc-nosuite,0.84,0.9459459459459459,0.0,0.0,0.9459459459459459,0.8944591029023746,0.9459459459459459,0.9459459459459459,0.9459459459459459
volcanoes-a4,rfc-nosuite,1.0,1.0,0.0,0.0,1.0,0.8944591029023746,1.0,1.0,1.0
volcanoes-e1,rfc-nosuite,1.0,0.9655172413793104,0.0,0.0,0.9655172413793104,0.9155405405405406,0.9655172413793104,0.9655172413793104,
volcanoes-e1,rfc-nosuite,0.97,1.0,0.0,0.0,1.0,0.9155405405405406,1.0,,1.0
volcanoes-e1,rfc-nosuite,1.0,1.0,0.0,0.0,1.0,0.9155405405405406,1.0,,1.0
volcanoes-e1,rfc-nosuite,1.0,1.0,0.0,0.0,1.0,0.9155405405405406,1.0,1.0,1.0
volcanoes-e1,rfc-nosuite,1.0,1.0,0.0,0.0,1.0,0.9155405405405406,1.0,1.0,
volcanoes-e1,rfc-nosuite,0.76,0.6551724137931034,0.0,0.0,0.7586206896551724,0.9155405405405406,0.7241379310344828,0.6896551724137931,0.4482758620689655
volcanoes-e1,rfc-nosuite,1.0,1.0,0.0,0.0,1.0,0.9155405405405406,1.0,,
volcanoes-e1,rfc-nosuite,0.99,1.0,0.0,0.0,1.0,0.9155405405405406,1.0,,1.0
volcanoes-e1,rfc-nosuite,1.0,1.0,0.0,0.0,1.0,0.9155405405405406,1.0,,
volcanoes-e1,rfc-nosuite,0.86,0.896551724137931,0.0,0.0,0.896551724137931,0.9155405405405406,0.896551724137931,0.896551724137931,
volcanoes-e1,rfc-nosuite,1.0,0.896551724137931,0.0,0.0,0.896551724137931,0.9155405405405406,0.896551724137931,0.896551724137931,
volcanoes-e1,rfc-nosuite,0.89,0.8620689655172413,0.0,0.0,0.8620689655172413,0.9155405405405406,0.8620689655172413,,0.8620689655172413
volcanoes-e1,rfc-nosuite,0.85,1.0,0.0,0.0,1.0,0.9155405405405406,1.0,,
volcanoes-e1,rfc-nosuite,0.56,0.6896551724137931,0.0,0.0,0.7241379310344828,0.9155405405405406,0.7586206896551724,0.3793103448275862,0.7586206896551724
volcanoes-e1,rfc-nosuite,0.94,0.896551724137931,0.0,0.0,0.896551724137931,0.9155405405405406,0.896551724137931,0.896551724137931,
volcanoes-e1,rfc-nosuite,0.98,1.0,0.0,0.0,1.0,0.9155405405405406,1.0,,
volcanoes-e1,rfc-nosuite,0.92,1.0,0.0,0.0,1.0,0.9155405405405406,1.0,1.0,1.0
volcanoes-e1,rfc-nosuite,1.0,0.9655172413793104,0.0,0.0,0.9655172413793104,0.9155405405405406,0.9655172413793104,,
volcanoes-e1,rfc-nosuite,0.97,0.8275862068965517,0.0,0.0,0.9655172413793104,0.9155405405405406,0.9655172413793104,0.9310344827586207,0.9655172413793104
volcanoes-e1,rfc-nosuite,0.9,0.6206896551724138,0.0,0.0,0.6551724137931034,0.9155405405405406,0.6551724137931034,0.3103448275862069,
volcanoes-e1,rfc-nosuite,0.99,0.9310344827586207,0.0,0.0,0.9310344827586207,0.9155405405405406,0.9310344827586207,0.9310344827586207,0.9310344827586207
volcanoes-e1,rfc-nosuite,1.0,1.0,0.0,0.0,1.0,0.9155405405405406,1.0,1.0,
volcanoes-e1,rfc-nosuite,0.95,0.896551724137931,0.0,0.0,0.9310344827586207,0.9155405405405406,0.9310344827586207,0.5862068965517241,0.9310344827586207
volcanoes-e1,rfc-nosuite,0.74,0.6551724137931034,0.0,0.0,0.7241379310344828,0.9155405405405406,0.8620689655172413,0.7241379310344828,0.7586206896551724
volcanoes-e1,rfc-nosuite,0.59,0.7241379310344828,0.0,0.0,0.7241379310344828,0.9155405405405406,0.7241379310344828,,0.5517241379310345
volcanoes-e1,rfc-nosuite,0.98,1.0,0.0,0.0,1.0,0.9155405405405406,1.0,0.7931034482758621,
volcanoes-e1,rfc-nosuite,0.98,0.9655172413793104,0.0,0.0,0.9655172413793104,0.9155405405405406,0.9655172413793104,0.9655172413793104,
volcanoes-e1,rfc-nosuite,1.0,1.0,0.0,0.0,1.0,0.9155405405405406,1.0,1.0,
volcanoes-e1,rfc-nosuite,1.0,0.9655172413793104,0.0,0.0,1.0,0.9155405405405406,1.0,1.0,1.0
volcanoes-e1,rfc-nosuite,0.84,0.8620689655172413,0.0,0.0,0.8620689655172413,0.9155405405405406,0.8620689655172413,0.8275862068965517,0.7586206896551724
volcanoes-e1,rfc-nosuite,0.97,1.0,0.0,0.0,1.0,0.9155405405405406,1.0,,1.0
volcanoes-e1,rfc-nosuite,0.84,0.7586206896551724,0.0,0.0,0.8620689655172413,0.9155405405405406,0.8620689655172413,0.6551724137931034,0.6896551724137931
volcanoes-e1,rfc-nosuite,1.0,0.9655172413793104,0.0,0.0,0.9655172413793104,0.9155405405405406,0.9655172413793104,,
volcanoes-e1,rfc-nosuite,0.93,0.8620689655172413,0.0,0.0,0.9310344827586207,0.9155405405405406,0.9310344827586207,0.8275862068965517,0.8275862068965517
volcanoes-e1,rfc-nosuite,0.5,0.8620689655172413,0.0,0.0,0.896551724137931,0.9155405405405406,0.8620689655172413,0.41379310344827586,0.8275862068965517
volcanoes-e1,rfc-nosuite,1.0,0.9655172413793104,0.0,0.0,0.9655172413793104,0.9155405405405406,0.9655172413793104,0.9655172413793104,0.9655172413793104
volcanoes-e1,rfc-nosuite,0.78,0.9310344827586207,0.0,0.0,0.9655172413793104,0.9155405405405406,0.9655172413793104,,0.9310344827586207
volcanoes-e1,rfc-nosuite,0.96,0.9655172413793104,0.0,0.0,0.9655172413793104,0.9155405405405406,0.9655172413793104,0.8275862068965517,
volcanoes-e1,rfc-nosuite,0.85,0.7931034482758621,0.0,0.0,0.7931034482758621,0.9155405405405406,0.7931034482758621,0.5862068965517241,0.7931034482758621
volcanoes-e1,rfc-nosuite,0.57,0.7586206896551724,0.0,0.0,0.6896551724137931,0.9155405405405406,0.7586206896551724,0.41379310344827586,0.4827586206896552
volcanoes-e1,rfc-nosuite,0.98,1.0,0.0,0.0,1.0,0.9155405405405406,1.0,1.0,1.0
volcanoes-e1,rfc-nosuite,1.0,1.0,0.0,0.0,1.0,0.9155405405405406,1.0,1.0,1.0
volcanoes-e1,rfc-nosuite,0.99,1.0,0.0,0.0,1.0,0.9155405405405406,1.0,1.0,1.0
volcanoes-e1,rfc-nosuite,0.97,0.9655172413793104,0.0,0.0,0.9655172413793104,0.9155405405405406,0.9655172413793104,,
volcanoes-e1,rfc-nosuite,0.5,0.7931034482758621,0.0,0.0,0.7931034482758621,0.9155405405405406,0.7931034482758621,,0.6551724137931034
volcanoes-e1,rfc-nosuite,1.0,1.0,0.0,0.0,1.0,0.9155405405405406,1.0,1.0,
volcanoes-e1,rfc-nosuite,1.0,1.0,0.0,0.0,1.0,0.9155405405405406,1.0,1.0,1.0
volcanoes-e1,rfc-nosuite,0.99,0.8275862068965517,0.0,0.0,0.9655172413793104,0.9155405405405406,0.9655172413793104,,
volcanoes-e1,rfc-nosuite,0.95,0.9310344827586207,0.0,0.0,0.9310344827586207,0.9155405405405406,0.9310344827586207,0.9310344827586207,
volcanoes-e1,rfc-nosuite,0.97,1.0,0.0,0.0,1.0,0.9155405405405406,1.0,0.7241379310344828,1.0
volcanoes-e2,rfc-nosuite,1.0,1.0,0.0,0.0,1.0,0.9148148148148149,1.0,,1.0
volcanoes-e2,rfc-nosuite,0.93,0.8518518518518519,0.0,0.0,0.9629629629629629,0.9148148148148149,0.9629629629629629,,
volcanoes-e2,rfc-nosuite,0.96,0.9629629629629629,0.0,0.0,0.9629629629629629,0.9148148148148149,0.9629629629629629,0.9629629629629629,0.9629629629629629
volcanoes-e2,rfc-nosuite,0.98,0.9629629629629629,0.0,0.0,0.9629629629629629,0.9148148148148149,0.9629629629629629,,0.9629629629629629
volcanoes-e2,rfc-nosuite,1.0,1.0,0.0,0.0,1.0,0.9148148148148149,1.0,,1.0
volcanoes-e2,rfc-nosuite,0.95,1.0,0.0,0.0,1.0,0.9148148148148149,1.0,,
volcanoes-e2,rfc-nosuite,0.98,1.0,0.0,0.0,1.0,0.9148148148148149,1.0,1.0,
volcanoes-e2,rfc-nosuite,0.97,0.8518518518518519,0.0,0.0,0.8518518518518519,0.9148148148148149,0.8518518518518519,,0.8518518518518519
volcanoes-e2,rfc-nosuite,0.98,0.8888888888888888,0.0,0.0,0.9629629629629629,0.9148148148148149,0.9629629629629629,,
volcanoes-e2,rfc-nosuite,0.76,0.6296296296296297,0.0,0.0,0.7407407407407407,0.9148148148148149,0.7037037037037037,,0.7037037037037037
volcanoes-e2,rfc-nosuite,0.96,0.8518518518518519,0.0,0.0,0.8888888888888888,0.9148148148148149,0.8888888888888888,,
volcanoes-e2,rfc-nosuite,0.96,1.0,0.0,0.0,1.0,0.9148148148148149,1.0,,1.0
volcanoes-e2,rfc-nosuite,0.96,0.9629629629629629,0.0,0.0,0.9629629629629629,0.9148148148148149,0.9629629629629629,0.9629629629629629,0.9629629629629629
volcanoes-e2,rfc-nosuite,0.91,0.8518518518518519,0.0,0.0,0.8518518518518519,0.9148148148148149,0.8518518518518519,,0.8518518518518519
volcanoes-e2,rfc-nosuite,1.0,1.0,0.0,0.0,1.0,0.9148148148148149,1.0,,
volcanoes-e2,rfc-nosuite,0.98,0.9629629629629629,0.0,0.0,0.9629629629629629,0.9148148148148149,0.9629629629629629,,
volcanoes-e2,rfc-nosuite,1.0,1.0,0.0,0.0,1.0,0.9148148148148149,1.0,,1.0
volcanoes-e2,rfc-nosuite,0.77,0.8518518518518519,0.0,0.0,0.8518518518518519,0.9148148148148149,0.8518518518518519,,
volcanoes-e2,rfc-nosuite,0.99,0.9259259259259259,0.0,0.0,0.9259259259259259,0.9148148148148149,0.9259259259259259,,0.9259259259259259
volcanoes-e2,rfc-nosuite,0.97,0.9629629629629629,0.0,0.0,0.9629629629629629,0.9148148148148149,0.9629629629629629,,
volcanoes-e2,rfc-nosuite,0.98,0.9629629629629629,0.0,0.0,0.9629629629629629,0.9148148148148149,0.9629629629629629,,0.9629629629629629
volcanoes-e2,rfc-nosuite,0.88,0.9259259259259259,0.0,0.0,0.9259259259259259,0.9148148148148149,0.9259259259259259,,0.9259259259259259
volcanoes-e2,rfc-nosuite,0.92,0.9629629629629629,0.0,0.0,0.9259259259259259,0.9148148148148149,0.9259259259259259,0.9259259259259259,
volcanoes-e2,rfc-nosuite,0.36,0.5925925925925926,0.0,0.0,0.7037037037037037,0.9148148148148149,0.7037037037037037,,0.2962962962962963
volcanoes-e2,rfc-nosuite,1.0,0.9629629629629629,0.0,0.0,0.9629629629629629,0.9148148148148149,0.9629629629629629,,0.9629629629629629
volcanoes-e2,rfc-nosuite,1.0,0.9259259259259259,0.0,0.0,0.9629629629629629,0.9148148148148149,0.9629629629629629,,
volcanoes-e2,rfc-nosuite,1.0,0.9629629629629629,0.0,0.0,0.9629629629629629,0.9148148148148149,0.9629629629629629,,0.9629629629629629
volcanoes-e2,rfc-nosuite,1.0,1.0,0.0,0.0,1.0,0.9148148148148149,1.0,,1.0
volcanoes-e2,rfc-nosuite,0.71,0.7037037037037037,0.0,0.0,0.7407407407407407,0.9148148148148149,0.7407407407407407,,0.7037037037037037
volcanoes-e2,rfc-nosuite,0.97,1.0,0.0,0.0,1.0,0.9148148148148149,1.0,,
volcanoes-e2,rfc-nosuite,0.98,0.9259259259259259,0.0,0.0,0.9259259259259259,0.9148148148148149,0.9259259259259259,,0.9259259259259259
volcanoes-e2,rfc-nosuite,0.96,0.9259259259259259,0.0,0.0,0.9259259259259259,0.9148148148148149,0.9629629629629629,,
volcanoes-e2,rfc-nosuite,1.0,0.8888888888888888,0.0,0.0,0.8888888888888888,0.9148148148148149,0.8888888888888888,,0.8888888888888888
volcanoes-e2,rfc-nosuite,0.99,0.9629629629629629,0.0,0.0,0.9629629629629629,0.9148148148148149,0.9629629629629629,,
volcanoes-e2,rfc-nosuite,0.98,1.0,0.0,0.0,1.0,0.9148148148148149,1.0,,1.0
volcanoes-e2,rfc-nosuite,0.96,0.9259259259259259,0.0,0.0,0.9259259259259259,0.9148148148148149,0.9259259259259259,,0.9259259259259259
volcanoes-e2,rfc-nosuite,0.98,0.9629629629629629,0.0,0.0,0.9629629629629629,0.9148148148148149,0.9629629629629629,,
volcanoes-e2,rfc-nosuite,0.98,0.9629629629629629,0.0,0.0,0.9629629629629629,0.9148148148148149,0.9629629629629629,,0.9629629629629629
volcanoes-e2,rfc-nosuite,0.97,0.7777777777777778,0.0,0.0,0.7407407407407407,0.9148148148148149,0.7407407407407407,,
volcanoes-e2,rfc-nosuite,1.0,1.0,0.0,0.0,1.0,0.9148148148148149,1.0,,
volcanoes-e2,rfc-nosuite,1.0,1.0,0.0,0.0,1.0,0.9148148148148149,1.0,,1.0
volcanoes-e2,rfc-nosuite,0.97,0.8888888888888888,0.0,0.0,0.9259259259259259,0.9148148148148149,0.9259259259259259,,0.9259259259259259
volcanoes-e2,rfc-nosuite,0.45,0.48148148148148145,0.0,0.0,0.5555555555555556,0.9148148148148149,0.5555555555555556,,0.5185185185185185
volcanoes-e2,rfc-nosuite,1.0,0.8888888888888888,0.0,0.0,0.8888888888888888,0.9148148148148149,0.8888888888888888,,0.8888888888888888
volcanoes-e2,rfc-nosuite,0.98,0.8888888888888888,0.0,0.0,0.8888888888888888,0.9148148148148149,0.8888888888888888,,
volcanoes-e2,rfc-nosuite,0.83,0.9259259259259259,0.0,0.0,0.9629629629629629,0.9148148148148149,0.9629629629629629,,0.9629629629629629
volcanoes-e2,rfc-nosuite,0.54,0.7037037037037037,0.0,0.0,0.8148148148148148,0.9148148148148149,0.7777777777777778,,0.7777777777777778
volcanoes-e2,rfc-nosuite,0.96,0.9259259259259259,0.0,0.0,0.9629629629629629,0.9148148148148149,0.9629629629629629,,0.9259259259259259
volcanoes-e2,rfc-nosuite,1.0,0.9629629629629629,0.0,0.0,0.9629629629629629,0.9148148148148149,0.9629629629629629,,0.9629629629629629
volcanoes-e2,rfc-nosuite,0.99,0.9629629629629629,0.0,0.0,0.9629629629629629,0.9148148148148149,0.9629629629629629,,
volcanoes-e3,rfc-nosuite,0.99,1.0,0.0,0.0,1.0,0.915625,1.0,,
volcanoes-e3,rfc-nosuite,0.93,0.8125,0.0,0.0,0.84375,0.915625,0.84375,,0.84375
volcanoes-e3,rfc-nosuite,0.99,1.0,0.0,0.0,1.0,0.915625,1.0,,
volcanoes-e3,rfc-nosuite,1.0,0.96875,0.0,0.0,0.96875,0.915625,0.96875,,
volcanoes-e3,rfc-nosuite,0.87,0.96875,0.0,0.0,0.96875,0.915625,0.96875,,
volcanoes-e3,rfc-nosuite,0.83,1.0,0.0,0.0,1.0,0.915625,1.0,,0.96875
volcanoes-e3,rfc-nosuite,1.0,0.84375,0.0,0.0,0.9375,0.915625,0.9375,,0.9375
volcanoes-e3,rfc-nosuite,1.0,1.0,0.0,0.0,1.0,0.915625,1.0,,
volcanoes-e3,rfc-nosuite,0.95,0.90625,0.0,0.0,0.9375,0.915625,0.9375,,
volcanoes-e3,rfc-nosuite,0.57,0.75,0.0,0.0,0.78125,0.915625,0.78125,0.59375,0.71875
volcanoes-e3,rfc-nosuite,1.0,1.0,0.0,0.0,1.0,0.915625,1.0,,1.0
volcanoes-e3,rfc-nosuite,0.96,0.96875,0.0,0.0,0.96875,0.915625,0.96875,0.96875,
volcanoes-e3,rfc-nosuite,0.99,0.96875,0.0,0.0,0.96875,0.915625,0.96875,,
volcanoes-e3,rfc-nosuite,1.0,0.96875,0.0,0.0,0.96875,0.915625,0.96875,0.96875,0.96875
volcanoes-e3,rfc-nosuite,1.0,0.96875,0.0,0.0,0.96875,0.915625,0.96875,,0.96875
volcanoes-e3,rfc-nosuite,0.99,1.0,0.0,0.0,1.0,0.915625,1.0,1.0,
volcanoes-e3,rfc-nosuite,1.0,1.0,0.0,0.0,1.0,0.915625,1.0,,1.0
volcanoes-e3,rfc-nosuite,0.81,0.90625,0.0,0.0,0.875,0.915625,0.84375,,0.75
volcanoes-e3,rfc-nosuite,0.99,0.9375,0.0,0.0,0.96875,0.915625,0.96875,,0.9375
volcanoes-e3,rfc-nosuite,1.0,1.0,0.0,0.0,1.0,0.915625,1.0,,
volcanoes-e3,rfc-nosuite,0.94,1.0,0.0,0.0,1.0,0.915625,1.0,,1.0
volcanoes-e3,rfc-nosuite,0.98,1.0,0.0,0.0,1.0,0.915625,1.0,,
volcanoes-e3,rfc-nosuite,1.0,0.90625,0.0,0.0,0.96875,0.915625,0.96875,,
volcanoes-e3,rfc-nosuite,0.99,0.96875,0.0,0.0,0.96875,0.915625,0.96875,,0.96875
volcanoes-e3,rfc-nosuite,0.94,0.84375,0.0,0.0,0.875,0.915625,0.875,,0.875
volcanoes-e3,rfc-nosuite,1.0,0.96875,0.0,0.0,0.96875,0.915625,0.96875,,
volcanoes-e3,rfc-nosuite,0.99,0.9375,0.0,0.0,0.9375,0.915625,0.9375,0.9375,0.9375
volcanoes-e3,rfc-nosuite,0.96,0.90625,0.0,0.0,0.90625,0.915625,0.9375,,0.875
volcanoes-e3,rfc-nosuite,0.99,1.0,0.0,0.0,1.0,0.915625,1.0,,1.0
volcanoes-e3,rfc-nosuite,0.99,1.0,0.0,0.0,1.0,0.915625,1.0,,1.0
volcanoes-e3,rfc-nosuite,0.78,0.78125,0.0,0.0,0.875,0.915625,0.90625,,0.65625
volcanoes-e3,rfc-nosuite,0.97,0.96875,0.0,0.0,0.96875,0.915625,0.96875,,
volcanoes-e3,rfc-nosuite,0.99,1.0,0.0,0.0,1.0,0.915625,1.0,,1.0
volcanoes-e3,rfc-nosuite,0.99,0.96875,0.0,0.0,0.96875,0.915625,0.96875,0.90625,0.96875
volcanoes-e3,rfc-nosuite,0.94,1.0,0.0,0.0,1.0,0.915625,1.0,,
volcanoes-e3,rfc-nosuite,0.82,1.0,0.0,0.0,1.0,0.915625,1.0,,1.0
volcanoes-e3,rfc-nosuite,1.0,1.0,0.0,0.0,1.0,0.915625,1.0,,1.0
volcanoes-e3,rfc-nosuite,0.98,0.9375,0.0,0.0,0.9375,0.915625,0.96875,,
volcanoes-e3,rfc-nosuite,0.99,1.0,0.0,0.0,1.0,0.915625,1.0,,1.0
volcanoes-e3,rfc-nosuite,1.0,0.96875,0.0,0.0,0.96875,0.915625,0.96875,,
volcanoes-e3,rfc-nosuite,1.0,0.96875,0.0,0.0,0.96875,0.915625,0.96875,,
volcanoes-e3,rfc-nosuite,0.66,0.71875,0.0,0.0,0.71875,0.915625,0.71875,0.65625,0.59375
volcanoes-e3,rfc-nosuite,1.0,1.0,0.0,0.0,1.0,0.915625,1.0,,
volcanoes-e3,rfc-nosuite,0.95,0.96875,0.0,0.0,0.96875,0.915625,0.96875,,
volcanoes-e3,rfc-nosuite,1.0,1.0,0.0,0.0,1.0,0.915625,1.0,,
volcanoes-e3,rfc-nosuite,0.95,0.9375,0.0,0.0,0.9375,0.915625,0.9375,,
volcanoes-e3,rfc-nosuite,0.96,0.875,0.0,0.0,0.9375,0.915625,0.96875,,
volcanoes-e3,rfc-nosuite,1.0,1.0,0.0,0.0,1.0,0.915625,1.0,,
volcanoes-e3,rfc-nosuite,0.98,0.90625,0.0,0.0,0.9375,0.915625,0.9375,,
volcanoes-e3,rfc-nosuite,0.95,0.9375,0.0,0.0,0.9375,0.915625,0.9375,,0.9375
volcanoes-e4,rfc-nosuite,1.0,0.8709677419354839,0.0,0.0,0.8709677419354839,0.939297124600639,0.8709677419354839,,
volcanoes-e4,rfc-nosuite,0.96,0.967741935483871,0.0,0.0,0.967741935483871,0.939297124600639,0.967741935483871,,
volcanoes-e4,rfc-nosuite,0.68,0.8064516129032258,0.0,0.0,0.8387096774193549,0.939297124600639,0.8387096774193549,,
volcanoes-e4,rfc-nosuite,0.95,1.0,0.0,0.0,1.0,0.939297124600639,1.0,,
volcanoes-e4,rfc-nosuite,0.45,0.8064516129032258,0.0,0.0,0.7741935483870968,0.939297124600639,0.8064516129032258,0.7419354838709677,0.6129032258064516
volcanoes-e4,rfc-nosuite,0.99,1.0,0.0,0.0,1.0,0.939297124600639,1.0,,
volcanoes-e4,rfc-nosuite,0.75,0.7096774193548387,0.0,0.0,0.7419354838709677,0.939297124600639,0.7419354838709677,,0.7419354838709677
volcanoes-e4,rfc-nosuite,0.99,1.0,0.0,0.0,1.0,0.939297124600639,1.0,,1.0
volcanoes-e4,rfc-nosuite,0.98,0.967741935483871,0.0,0.0,0.967741935483871,0.939297124600639,0.967741935483871,,0.967741935483871
volcanoes-e4,rfc-nosuite,1.0,1.0,0.0,0.0,1.0,0.939297124600639,1.0,,1.0
volcanoes-e4,rfc-nosuite,0.84,0.8709677419354839,0.0,0.0,0.9032258064516129,0.939297124600639,0.9032258064516129,,
volcanoes-e4,rfc-nosuite,1.0,0.967741935483871,0.0,0.0,0.967741935483871,0.939297124600639,0.967741935483871,,0.967741935483871
volcanoes-e4,rfc-nosuite,0.96,1.0,0.0,0.0,1.0,0.939297124600639,1.0,0.8064516129032258,0.9354838709677419
volcanoes-e4,rfc-nosuite,1.0,0.967741935483871,0.0,0.0,0.967741935483871,0.939297124600639,0.967741935483871,0.967741935483871,
volcanoes-e4,rfc-nosuite,0.98,0.967741935483871,0.0,0.0,0.967741935483871,0.939297124600639,0.967741935483871,0.967741935483871,0.967741935483871
volcanoes-e4,rfc-nosuite,0.95,0.9354838709677419,0.0,0.0,0.9354838709677419,0.939297124600639,0.9354838709677419,0.9354838709677419,0.9354838709677419
volcanoes-e4,rfc-nosuite,1.0,0.967741935483871,0.0,0.0,0.967741935483871,0.939297124600639,0.967741935483871,,0.967741935483871
volcanoes-e4,rfc-nosuite,1.0,0.967741935483871,0.0,0.0,0.967741935483871,0.939297124600639,0.967741935483871,,
volcanoes-e4,rfc-nosuite,0.88,0.7741935483870968,0.0,0.0,0.7419354838709677,0.939297124600639,0.7741935483870968,,0.7419354838709677
volcanoes-e4,rfc-nosuite,1.0,1.0,0.0,0.0,1.0,0.939297124600639,1.0,,1.0
volcanoes-e4,rfc-nosuite,0.68,0.8064516129032258,0.0,0.0,0.8387096774193549,0.939297124600639,0.8064516129032258,0.6129032258064516,0.8709677419354839
volcanoes-e4,rfc-nosuite,0.99,1.0,0.0,0.0,1.0,0.939297124600639,1.0,1.0,1.0
volcanoes-e4,rfc-nosuite,0.98,0.9354838709677419,0.0,0.0,0.9354838709677419,0.939297124600639,0.9354838709677419,,0.9354838709677419
volcanoes-e4,rfc-nosuite,0.97,0.8064516129032258,0.0,0.0,0.8387096774193549,0.939297124600639,0.8387096774193549,,0.8387096774193549
volcanoes-e4,rfc-nosuite,0.99,1.0,0.0,0.0,1.0,0.939297124600639,1.0,,
volcanoes-e4,rfc-nosuite,0.97,0.9032258064516129,0.0,0.0,0.9032258064516129,0.939297124600639,0.9032258064516129,,
volcanoes-e4,rfc-nosuite,0.78,0.9032258064516129,0.0,0.0,0.9032258064516129,0.939297124600639,0.9032258064516129,,
volcanoes-e4,rfc-nosuite,1.0,0.9354838709677419,0.0,0.0,0.9354838709677419,0.939297124600639,0.9354838709677419,,
volcanoes-e4,rfc-nosuite,0.98,1.0,0.0,0.0,0.967741935483871,0.939297124600639,1.0,1.0,
volcanoes-e4,rfc-nosuite,0.97,0.9354838709677419,0.0,0.0,0.9354838709677419,0.939297124600639,0.9354838709677419,,
volcanoes-e4,rfc-nosuite,0.79,1.0,0.0,0.0,1.0,0.939297124600639,1.0,,
volcanoes-e4,rfc-nosuite,0.96,0.967741935483871,0.0,0.0,1.0,0.939297124600639,1.0,0.967741935483871,
volcanoes-e4,rfc-nosuite,1.0,1.0,0.0,0.0,1.0,0.939297124600639,1.0,,1.0
volcanoes-e4,rfc-nosuite,1.0,0.967741935483871,0.0,0.0,0.967741935483871,0.939297124600639,0.967741935483871,,
volcanoes-e4,rfc-nosuite,1.0,1.0,0.0,0.0,1.0,0.939297124600639,1.0,,
volcanoes-e4,rfc-nosuite,0.69,0.9032258064516129,0.0,0.0,0.9354838709677419,0.939297124600639,0.9354838709677419,0.6774193548387096,0.7419354838709677
volcanoes-e4,rfc-nosuite,0.74,0.8064516129032258,0.0,0.0,0.8064516129032258,0.939297124600639,0.8064516129032258,,0.8064516129032258
volcanoes-e4,rfc-nosuite,0.99,1.0,0.0,0.0,1.0,0.939297124600639,1.0,,
volcanoes-e4,rfc-nosuite,1.0,0.967741935483871,0.0,0.0,0.967741935483871,0.939297124600639,0.967741935483871,,0.967741935483871
volcanoes-e4,rfc-nosuite,0.98,0.8064516129032258,0.0,0.0,0.8387096774193549,0.939297124600639,0.8387096774193549,,0.8387096774193549
volcanoes-e4,rfc-nosuite,1.0,0.967741935483871,0.0,0.0,0.967741935483871,0.939297124600639,0.967741935483871,0.967741935483871,
volcanoes-e4,rfc-nosuite,1.0,0.8709677419354839,0.0,0.0,0.8709677419354839,0.939297124600639,0.8709677419354839,,
volcanoes-e4,rfc-nosuite,0.96,0.8709677419354839,0.0,0.0,0.9354838709677419,0.939297124600639,0.9354838709677419,,
volcanoes-e4,rfc-nosuite,1.0,0.967741935483871,0.0,0.0,0.967741935483871,0.939297124600639,0.967741935483871,,
volcanoes-e4,rfc-nosuite,0.99,1.0,0.0,0.0,1.0,0.939297124600639,1.0,,
volcanoes-e4,rfc-nosuite,0.71,0.7419354838709677,0.0,0.0,0.7419354838709677,0.939297124600639,0.7419354838709677,,0.7096774193548387
volcanoes-e4,rfc-nosuite,0.71,0.9354838709677419,0.0,0.0,0.9354838709677419,0.939297124600639,0.9354838709677419,0.9354838709677419,0.9354838709677419
volcanoes-e4,rfc-nosuite,1.0,1.0,0.0,0.0,1.0,0.939297124600639,1.0,,1.0
volcanoes-e4,rfc-nosuite,1.0,0.9354838709677419,0.0,0.0,0.9354838709677419,0.939297124600639,0.9354838709677419,,0.9354838709677419
volcanoes-e4,rfc-nosuite,0.99,0.967741935483871,0.0,0.0,0.967741935483871,0.939297124600639,0.967741935483871,,0.967741935483871
volcanoes-e5,rfc-nosuite,0.93,0.9259259259259259,0.0,0.0,0.9259259259259259,0.9028776978417267,0.9259259259259259,,
volcanoes-e5,rfc-nosuite,1.0,0.9259259259259259,0.0,0.0,0.9259259259259259,0.9028776978417267,0.9259259259259259,,
volcanoes-e5,rfc-nosuite,0.97,1.0,0.0,0.0,1.0,0.9028776978417267,1.0,,1.0
volcanoes-e5,rfc-nosuite,0.9,0.9629629629629629,0.0,0.0,0.9629629629629629,0.9028776978417267,0.9629629629629629,,0.9629629629629629
volcanoes-e5,rfc-nosuite,0.95,0.9629629629629629,0.0,0.0,0.9629629629629629,0.9028776978417267,0.9629629629629629,,
volcanoes-e5,rfc-nosuite,0.96,0.9259259259259259,0.0,0.0,0.9259259259259259,0.9028776978417267,0.9259259259259259,,0.9259259259259259
volcanoes-e5,rfc-nosuite,0.8,0.6296296296296297,0.0,0.0,0.7777777777777778,0.9028776978417267,0.7407407407407407,,0.7037037037037037
volcanoes-e5,rfc-nosuite,0.98,1.0,0.0,0.0,1.0,0.9028776978417267,1.0,,1.0
volcanoes-e5,rfc-nosuite,0.97,1.0,0.0,0.0,1.0,0.9028776978417267,1.0,,
volcanoes-e5,rfc-nosuite,1.0,0.9629629629629629,0.0,0.0,0.9629629629629629,0.9028776978417267,0.9629629629629629,,
volcanoes-e5,rfc-nosuite,0.97,1.0,0.0,0.0,1.0,0.9028776978417267,1.0,,1.0
volcanoes-e5,rfc-nosuite,0.98,0.9259259259259259,0.0,0.0,0.9259259259259259,0.9028776978417267,0.9259259259259259,,0.9259259259259259
volcanoes-e5,rfc-nosuite,0.54,0.5185185185185185,0.0,0.0,0.5185185185185185,0.9028776978417267,0.5555555555555556,,0.4074074074074074
volcanoes-e5,rfc-nosuite,0.97,1.0,0.0,0.0,1.0,0.9028776978417267,1.0,,1.0
volcanoes-e5,rfc-nosuite,0.99,0.9259259259259259,0.0,0.0,0.9259259259259259,0.9028776978417267,0.9259259259259259,,
volcanoes-e5,rfc-nosuite,1.0,0.9629629629629629,0.0,0.0,0.9629629629629629,0.9028776978417267,0.9629629629629629,,
volcanoes-e5,rfc-nosuite,0.9,0.9629629629629629,0.0,0.0,0.9629629629629629,0.9028776978417267,0.9629629629629629,,
volcanoes-e5,rfc-nosuite,0.96,1.0,0.0,0.0,1.0,0.9028776978417267,1.0,,
volcanoes-e5,rfc-nosuite,1.0,0.9629629629629629,0.0,0.0,0.9629629629629629,0.9028776978417267,0.9629629629629629,,0.9629629629629629
volcanoes-e5,rfc-nosuite,0.84,0.9259259259259259,0.0,0.0,0.9259259259259259,0.9028776978417267,0.9259259259259259,,0.9259259259259259
volcanoes-e5,rfc-nosuite,0.95,0.9629629629629629,0.0,0.0,0.9629629629629629,0.9028776978417267,0.9629629629629629,,
volcanoes-e5,rfc-nosuite,1.0,1.0,0.0,0.0,1.0,0.9028776978417267,1.0,,1.0
volcanoes-e5,rfc-nosuite,0.94,0.8888888888888888,0.0,0.0,0.8518518518518519,0.9028776978417267,0.8518518518518519,,0.8518518518518519
volcanoes-e5,rfc-nosuite,0.98,0.9259259259259259,0.0,0.0,0.9259259259259259,0.9028776978417267,0.9259259259259259,,
volcanoes-e5,rfc-nosuite,1.0,1.0,0.0,0.0,1.0,0.9028776978417267,1.0,,
volcanoes-e5,rfc-nosuite,0.98,0.9259259259259259,0.0,0.0,0.9259259259259259,0.9028776978417267,0.9259259259259259,,
volcanoes-e5,rfc-nosuite,1.0,1.0,0.0,0.0,1.0,0.9028776978417267,1.0,,
volcanoes-e5,rfc-nosuite,0.93,0.9259259259259259,0.0,0.0,0.9259259259259259,0.9028776978417267,0.9259259259259259,,0.9259259259259259
volcanoes-e5,rfc-nosuite,0.99,0.9629629629629629,0.0,0.0,0.9629629629629629,0.9028776978417267,0.9629629629629629,,
volcanoes-e5,rfc-nosuite,1.0,1.0,0.0,0.0,1.0,0.9028776978417267,1.0,,
volcanoes-e5,rfc-nosuite,1.0,0.9259259259259259,0.0,0.0,0.9259259259259259,0.9028776978417267,0.9259259259259259,,0.9259259259259259
volcanoes-e5,rfc-nosuite,0.97,1.0,0.0,0.0,1.0,0.9028776978417267,1.0,,
volcanoes-e5,rfc-nosuite,0.96,0.9629629629629629,0.0,0.0,0.9629629629629629,0.9028776978417267,0.9629629629629629,,
volcanoes-e5,rfc-nosuite,0.89,0.9629629629629629,0.0,0.0,0.9629629629629629,0.9028776978417267,0.9629629629629629,,0.9629629629629629
volcanoes-e5,rfc-nosuite,0.98,0.8888888888888888,0.0,0.0,0.9259259259259259,0.9028776978417267,0.9259259259259259,,0.9259259259259259
volcanoes-e5,rfc-nosuite,0.97,1.0,0.0,0.0,1.0,0.9028776978417267,1.0,,
volcanoes-e5,rfc-nosuite,1.0,1.0,0.0,0.0,1.0,0.9028776978417267,1.0,,1.0
volcanoes-e5,rfc-nosuite,0.5,0.5555555555555556,0.0,0.0,0.48148148148148145,0.9028776978417267,0.5555555555555556,,0.6296296296296297
volcanoes-e5,rfc-nosuite,1.0,1.0,0.0,0.0,1.0,0.9028776978417267,1.0,,
volcanoes-e5,rfc-nosuite,0.99,0.9629629629629629,0.0,0.0,0.9629629629629629,0.9028776978417267,0.9629629629629629,,
volcanoes-e5,rfc-nosuite,0.78,0.8888888888888888,0.0,0.0,0.8518518518518519,0.9028776978417267,0.8888888888888888,,0.8148148148148148
volcanoes-e5,rfc-nosuite,0.33,0.6666666666666666,0.0,0.0,0.6296296296296297,0.9028776978417267,0.6666666666666666,,0.5185185185185185
volcanoes-e5,rfc-nosuite,0.71,0.6296296296296297,0.0,0.0,0.5925925925925926,0.9028776978417267,0.5925925925925926,,0.5925925925925926
volcanoes-e5,rfc-nosuite,0.98,0.7777777777777778,0.0,0.0,0.8518518518518519,0.9028776978417267,0.8518518518518519,,0.8518518518518519
volcanoes-e5,rfc-nosuite,1.0,0.9629629629629629,0.0,0.0,0.9629629629629629,0.9028776978417267,0.9629629629629629,,0.9629629629629629
volcanoes-e5,rfc-nosuite,0.97,0.9629629629629629,0.0,0.0,0.9629629629629629,0.9028776978417267,0.9629629629629629,,
volcanoes-e5,rfc-nosuite,1.0,0.9629629629629629,0.0,0.0,0.9629629629629629,0.9028776978417267,0.9629629629629629,,0.9629629629629629
volcanoes-e5,rfc-nosuite,0.98,0.8148148148148148,0.0,0.0,0.9629629629629629,0.9028776978417267,0.9629629629629629,,0.9629629629629629
volcanoes-e5,rfc-nosuite,0.99,1.0,0.0,0.0,1.0,0.9028776978417267,1.0,,1.0
volcanoes-e5,rfc-nosuite,0.99,0.9629629629629629,0.0,0.0,0.9629629629629629,0.9028776978417267,0.9629629629629629,,
wine-quality-red,rfc-nosuite,0.37,0.6,0.0,0.0,0.65,0.675,0.675,,0.35
wine-quality-red,rfc-nosuite,0.91,0.5,0.0,0.0,0.4,0.675,0.525,,0.5
wine-quality-red,rfc-nosuite,0.58,0.475,0.0,0.0,0.475,0.675,0.6,,0.325
wine-quality-red,rfc-nosuite,0.43,0.625,0.0,0.0,0.6,0.675,0.45,,0.525
wine-quality-red,rfc-nosuite,0.76,0.4,0.0,0.0,0.3,0.675,0.6,,0.35
wine-quality-red,rfc-nosuite,0.55,0.7,0.0,0.0,0.525,0.675,0.575,,0.55
wine-quality-red,rfc-nosuite,0.77,0.5,0.0,0.0,0.575,0.675,0.475,,0.425
wine-quality-red,rfc-nosuite,0.52,0.65,0.0,0.0,0.725,0.675,0.625,,0.55
wine-quality-red,rfc-nosuite,0.47,0.7,0.0,0.0,0.7,0.675,0.575,,0.65
wine-quality-red,rfc-nosuite,0.51,0.55,0.0,0.0,0.4,0.675,0.6,,0.5
wine-quality-red,rfc-nosuite,0.7,0.575,0.0,0.0,0.6,0.675,0.525,,0.45
wine-quality-red,rfc-nosuite,0.44,0.625,0.0,0.0,0.5,0.675,0.65,,0.55
wine-quality-red,rfc-nosuite,0.88,0.4,0.0,0.0,0.55,0.675,0.525,,0.6
wine-quality-red,rfc-nosuite,0.58,0.5,0.0,0.0,0.625,0.675,0.525,,0.5
wine-quality-red,rfc-nosuite,0.93,0.725,0.0,0.0,0.725,0.675,0.625,,0.675
wine-quality-red,rfc-nosuite,0.56,0.475,0.0,0.0,0.45,0.675,0.525,,0.525
wine-quality-red,rfc-nosuite,0.49,0.55,0.0,0.0,0.675,0.675,0.475,,0.475
wine-quality-red,rfc-nosuite,0.77,0.45,0.0,0.0,0.5,0.675,0.7,,0.525
wine-quality-red,rfc-nosuite,0.52,0.475,0.0,0.0,0.575,0.675,0.475,,0.475
wine-quality-red,rfc-nosuite,0.66,0.45,0.0,0.0,0.475,0.675,0.575,,0.575
wine-quality-red,rfc-nosuite,0.81,0.45,0.0,0.0,0.5,0.675,0.625,,0.525
wine-quality-red,rfc-nosuite,0.47,0.6,0.0,0.0,0.475,0.675,0.5,,0.525
wine-quality-red,rfc-nosuite,0.73,0.475,0.0,0.0,0.575,0.675,0.575,,0.525
wine-quality-red,rfc-nosuite,0.62,0.65,0.0,0.0,0.475,0.675,0.675,,0.475
wine-quality-red,rfc-nosuite,0.87,0.6,0.0,0.0,0.675,0.675,0.45,,0.475
wine-quality-red,rfc-nosuite,0.55,0.4,0.0,0.0,0.4,0.675,0.5,,0.475
wine-quality-red,rfc-nosuite,0.45,0.475,0.0,0.0,0.3,0.675,0.575,,0.4
wine-quality-red,rfc-nosuite,0.68,0.525,0.0,0.0,0.575,0.675,0.55,,0.6
wine-quality-red,rfc-nosuite,0.8,0.55,0.0,0.0,0.35,0.675,0.6,,0.625
wine-quality-red,rfc-nosuite,0.64,0.75,0.0,0.0,0.65,0.675,0.575,,0.75
wine-quality-red,rfc-nosuite,0.82,0.725,0.0,0.0,0.625,0.675,0.525,,0.625
wine-quality-red,rfc-nosuite,0.48,0.6,0.0,0.0,0.425,0.675,0.475,,0.575
wine-quality-red,rfc-nosuite,0.33,0.5,0.0,0.0,0.35,0.675,0.475,,0.5
wine-quality-red,rfc-nosuite,0.48,0.65,0.0,0.0,0.525,0.675,0.525,,0.475
wine-quality-red,rfc-nosuite,0.54,0.55,0.0,0.0,0.525,0.675,0.5,,0.55
wine-quality-red,rfc-nosuite,0.42,0.475,0.0,0.0,0.5,0.675,0.4,,0.55
wine-quality-red,rfc-nosuite,1.0,0.725,0.0,0.0,0.85,0.675,0.8,,0.85
wine-quality-red,rfc-nosuite,0.39,0.6,0.0,0.0,0.575,0.675,0.475,,0.475
wine-quality-red,rfc-nosuite,0.67,0.575,0.0,0.0,0.625,0.675,0.5,,0.625
wine-quality-red,rfc-nosuite,0.49,0.7,0.0,0.0,0.575,0.675,0.6,,0.525
wine-quality-red,rfc-nosuite,0.36,0.4,0.0,0.0,0.325,0.675,0.55,,0.575
wine-quality-red,rfc-nosuite,0.68,0.675,0.0,0.0,0.625,0.675,0.65,,0.6
wine-quality-red,rfc-nosuite,0.46,0.5,0.0,0.0,0.45,0.675,0.45,,0.625
wine-quality-red,rfc-nosuite,0.88,0.575,0.0,0.0,0.725,0.675,0.575,,0.5
wine-quality-red,rfc-nosuite,0.86,0.75,0.0,0.0,0.55,0.675,0.625,,0.65
wine-quality-red,rfc-nosuite,0.48,0.475,0.0,0.0,0.325,0.675,0.5,,0.375
wine-quality-red,rfc-nosuite,0.54,0.5,0.0,0.0,0.5,0.675,0.65,,0.575
wine-quality-red,rfc-nosuite,0.35,0.5,0.0,0.0,0.425,0.675,0.525,,0.525
wine-quality-red,rfc-nosuite,0.55,0.475,0.0,0.0,0.6,0.675,0.45,,0.625
wine-quality-red,rfc-nosuite,0.61,0.6,0.0,0.0,0.55,0.675,0.65,,0.45
maternal,rfc-nosuite,1.0,0.84,0.0,0.0,0.76,0.7992125984251969,0.68,0.76,0.72
maternal,rfc-nosuite,0.605,0.8,0.0,0.0,0.76,0.7992125984251969,0.56,0.68,0.36
maternal,rfc-nosuite,0.85,0.72,0.0,0.0,0.64,0.7992125984251969,0.44,0.48,0.44
maternal,rfc-nosuite,0.7475,0.56,0.0,0.0,0.52,0.7992125984251969,0.48,0.56,0.64
maternal,rfc-nosuite,0.955,0.76,0.0,0.0,0.8,0.7992125984251969,0.8,0.76,0.8
maternal,rfc-nosuite,0.9710833333333333,0.64,0.0,0.0,0.68,0.7992125984251969,0.68,0.6,0.72
maternal,rfc-nosuite,0.9466666666666668,0.72,0.0,0.0,0.76,0.7992125984251969,0.76,0.76,0.72
maternal,rfc-nosuite,0.5185,0.48,0.0,0.0,0.56,0.7992125984251969,0.56,0.48,0.4
maternal,rfc-nosuite,0.6767976190476189,0.6,0.0,0.0,0.6,0.7992125984251969,0.56,0.64,0.52
maternal,rfc-nosuite,0.6163809523809524,0.68,0.0,0.0,0.6,0.7992125984251969,0.56,0.52,0.56
maternal,rfc-nosuite,0.99,0.8,0.0,0.0,0.8,0.7992125984251969,0.88,0.64,0.72
maternal,rfc-nosuite,0.8311764069264065,0.64,0.0,0.0,0.48,0.7992125984251969,0.64,0.64,0.52
maternal,rfc-nosuite,1.0,0.76,0.0,0.0,0.76,0.7992125984251969,0.76,0.6,0.76
maternal,rfc-nosuite,0.8389162416382702,0.72,0.0,0.0,0.6,0.7992125984251969,0.52,0.52,0.68
maternal,rfc-nosuite,0.955,0.76,0.0,0.0,0.8,0.7992125984251969,0.8,0.88,0.76
maternal,rfc-nosuite,0.95,0.68,0.0,0.0,0.56,0.7992125984251969,0.6,0.56,0.64
maternal,rfc-nosuite,0.93,0.84,0.0,0.0,0.8,0.7992125984251969,0.68,0.64,0.6
maternal,rfc-nosuite,0.86,0.64,0.0,0.0,0.64,0.7992125984251969,0.64,0.6,0.52
maternal,rfc-nosuite,0.6333928571428572,0.6,0.0,0.0,0.64,0.7992125984251969,0.6,0.68,0.56
maternal,rfc-nosuite,0.6746666666666665,0.84,0.0,0.0,0.88,0.7992125984251969,0.76,0.4,0.84
maternal,rfc-nosuite,0.7023333333333334,0.68,0.0,0.0,0.72,0.7992125984251969,0.44,0.64,0.44
maternal,rfc-nosuite,0.9966666666666667,0.68,0.0,0.0,0.72,0.7992125984251969,0.72,0.76,0.76
maternal,rfc-nosuite,0.98,0.64,0.0,0.0,0.56,0.7992125984251969,0.68,0.6,0.52
maternal,rfc-nosuite,0.8216611896322221,0.72,0.0,0.0,0.6,0.7992125984251969,0.48,0.48,0.48
maternal,rfc-nosuite,0.8260303921568627,0.56,0.0,0.0,0.6,0.7992125984251969,0.48,0.64,0.52
maternal,rfc-nosuite,0.62,0.52,0.0,0.0,0.44,0.7992125984251969,0.48,0.72,0.72
maternal,rfc-nosuite,0.7436118326118326,0.4,0.0,0.0,0.56,0.7992125984251969,0.68,0.68,0.6
maternal,rfc-nosuite,0.97,0.88,0.0,0.0,0.84,0.7992125984251969,0.8,0.8,0.8
maternal,rfc-nosuite,1.0,0.76,0.0,0.0,0.76,0.7992125984251969,0.8,0.76,0.76
maternal,rfc-nosuite,1.0,0.6,0.0,0.0,0.56,0.7992125984251969,0.48,0.6,0.68
maternal,rfc-nosuite,0.955,0.76,0.0,0.0,0.8,0.7992125984251969,0.8,0.84,0.76
maternal,rfc-nosuite,0.602,0.8,0.0,0.0,0.76,0.7992125984251969,0.72,0.72,0.72
maternal,rfc-nosuite,0.94,0.76,0.0,0.0,0.76,0.7992125984251969,0.8,0.8,0.6
maternal,rfc-nosuite,0.98,0.64,0.0,0.0,0.8,0.7992125984251969,0.6,0.68,0.64
maternal,rfc-nosuite,0.6149915310062972,0.6,0.0,0.0,0.56,0.7992125984251969,0.52,0.56,0.44
maternal,rfc-nosuite,0.6447921327375156,0.84,0.0,0.0,0.6,0.7992125984251969,0.72,0.72,0.8
maternal,rfc-nosuite,1.0,0.68,0.0,0.0,0.68,0.7992125984251969,0.48,0.48,0.48
maternal,rfc-nosuite,0.83,0.8,0.0,0.0,0.72,0.7992125984251969,0.68,0.6,0.68
maternal,rfc-nosuite,0.6149915310062972,0.6,0.0,0.0,0.56,0.7992125984251969,0.52,0.52,0.52
maternal,rfc-nosuite,0.8389162416382702,0.72,0.0,0.0,0.6,0.7992125984251969,0.52,0.52,0.64
maternal,rfc-nosuite,0.4645,0.48,0.0,0.0,0.48,0.7992125984251969,0.56,0.52,0.68
maternal,rfc-nosuite,0.9563636363636363,0.84,0.0,0.0,0.72,0.7992125984251969,0.68,0.72,0.68
maternal,rfc-nosuite,0.8894324252606025,0.76,0.0,0.0,0.68,0.7992125984251969,0.48,0.56,0.6
maternal,rfc-nosuite,0.7743333333333333,0.88,0.0,0.0,0.84,0.7992125984251969,0.76,0.76,0.8
maternal,rfc-nosuite,0.94,0.64,0.0,0.0,0.6,0.7992125984251969,0.76,0.64,0.52
maternal,rfc-nosuite,0.850404761904762,0.76,0.0,0.0,0.56,0.7992125984251969,0.8,0.76,0.84
maternal,rfc-nosuite,1.0,0.68,0.0,0.0,0.72,0.7992125984251969,0.68,0.72,0.72
maternal,rfc-nosuite,0.7546666666666667,0.52,0.0,0.0,0.56,0.7992125984251969,0.52,0.56,0.52
maternal,rfc-nosuite,0.6447921327375156,0.84,0.0,0.0,0.6,0.7992125984251969,0.72,0.76,0.68
maternal,rfc-nosuite,0.9625,0.68,0.0,0.0,0.64,0.7992125984251969,0.68,0.68,0.56
