dataset,num_and_cat,model_score,instance_certainty_clf,dectree_score,ac_score_ablation,ac_score_pure,ac_score_proba,ac_score_shap,ac_score_explan,ac_score_lore,dectree_score_prec,prec_score_ablation,prec_score_pure,prec_score_proba,prec_score_shap,prec_score_explan,prec_score_lore,dectree_score_rec,rec_score_ablation,rec_score_pure,rec_score_proba,rec_score_shap,rec_score_explan,rec_score_lore,dectree_score_f1,f1_score_ablation,f1_score_pure,f1_score_proba,f1_score_shap,f1_score_explan,f1_score_lore
yeast,mlp-nosuite,0.6172506738544474,0.7059430427120151,0.8378378378378378,0.8108108108108109,0,0,0.7837837837837838,,0.7297297297297297,0.8378378378378378,0.8108108108108109,0,0,0.7837837837837838,,0.7297297297297297,0.8378378378378378,0.8108108108108109,0,0,0.7837837837837838,,0.7297297297297297,0.8378378378378378,0.8108108108108109,0,0,0.7837837837837838,,0.7297297297297297
yeast,mlp-nosuite,0.6172506738544474,0.854184224069063,0.972972972972973,0.972972972972973,0,0,0.9459459459459459,0.918918918918919,0.918918918918919,0.972972972972973,0.972972972972973,0,0,0.9459459459459459,0.918918918918919,0.918918918918919,0.972972972972973,0.972972972972973,0,0,0.9459459459459459,0.918918918918919,0.918918918918919,0.972972972972973,0.972972972972973,0,0,0.9459459459459459,0.918918918918919,0.918918918918919
yeast,mlp-nosuite,0.6172506738544474,0.7687061589797701,0.8648648648648649,0.8648648648648649,0,0,0.6756756756756757,,0.9459459459459459,0.8648648648648649,0.8648648648648649,0,0,0.6756756756756757,,0.9459459459459459,0.8648648648648649,0.8648648648648649,0,0,0.6756756756756757,,0.9459459459459459,0.8648648648648649,0.8648648648648649,0,0,0.6756756756756757,,0.9459459459459459
yeast,mlp-nosuite,0.6172506738544474,0.8153871353725672,0.918918918918919,0.972972972972973,0,0,0.972972972972973,,0.8918918918918919,0.918918918918919,0.972972972972973,0,0,0.972972972972973,,0.8918918918918919,0.918918918918919,0.972972972972973,0,0,0.972972972972973,,0.8918918918918919,0.918918918918919,0.972972972972973,0,0,0.972972972972973,,0.8918918918918919
yeast,mlp-nosuite,0.6172506738544474,0.8517713481033629,0.7837837837837838,0.8918918918918919,0,0,0.8108108108108109,,0.8378378378378378,0.7837837837837838,0.8918918918918919,0,0,0.8108108108108109,,0.8378378378378378,0.7837837837837838,0.8918918918918919,0,0,0.8108108108108109,,0.8378378378378378,0.7837837837837838,0.8918918918918919,0,0,0.8108108108108109,,0.8378378378378378
yeast,mlp-nosuite,0.6172506738544474,0.4910007150414382,0.7027027027027027,0.7027027027027027,0,0,0.5675675675675675,,0.6216216216216216,0.7027027027027027,0.7027027027027027,0,0,0.5675675675675675,,0.6216216216216216,0.7027027027027027,0.7027027027027027,0,0,0.5675675675675675,,0.6216216216216216,0.7027027027027027,0.7027027027027027,0,0,0.5675675675675675,,0.6216216216216216
yeast,mlp-nosuite,0.6172506738544474,0.6965870220668589,0.8378378378378378,0.918918918918919,0,0,0.8108108108108109,,0.8648648648648649,0.8378378378378378,0.918918918918919,0,0,0.8108108108108109,,0.8648648648648649,0.8378378378378378,0.918918918918919,0,0,0.8108108108108109,,0.8648648648648649,0.8378378378378378,0.918918918918919,0,0,0.8108108108108109,,0.8648648648648649
yeast,mlp-nosuite,0.6172506738544474,0.6082230414329826,0.8648648648648649,0.918918918918919,0,0,0.8918918918918919,,0.8648648648648649,0.8648648648648649,0.918918918918919,0,0,0.8918918918918919,,0.8648648648648649,0.8648648648648649,0.918918918918919,0,0,0.8918918918918919,,0.8648648648648649,0.8648648648648649,0.918918918918919,0,0,0.8918918918918919,,0.8648648648648649
yeast,mlp-nosuite,0.6172506738544474,0.5307691251774221,0.918918918918919,0.8648648648648649,0,0,0.7837837837837838,,0.8918918918918919,0.918918918918919,0.8648648648648649,0,0,0.7837837837837838,,0.8918918918918919,0.918918918918919,0.8648648648648649,0,0,0.7837837837837838,,0.8918918918918919,0.918918918918919,0.8648648648648649,0,0,0.7837837837837838,,0.8918918918918919
yeast,mlp-nosuite,0.6172506738544474,0.5898136535651094,0.918918918918919,0.9459459459459459,0,0,0.8918918918918919,,0.9459459459459459,0.918918918918919,0.9459459459459459,0,0,0.8918918918918919,,0.9459459459459459,0.918918918918919,0.9459459459459459,0,0,0.8918918918918919,,0.9459459459459459,0.918918918918919,0.9459459459459459,0,0,0.8918918918918919,,0.9459459459459459
yeast,mlp-nosuite,0.6172506738544474,0.9769920903358666,0.972972972972973,0.9459459459459459,0,0,0.9459459459459459,,0.9459459459459459,0.972972972972973,0.9459459459459459,0,0,0.9459459459459459,,0.9459459459459459,0.972972972972973,0.9459459459459459,0,0,0.9459459459459459,,0.9459459459459459,0.972972972972973,0.9459459459459459,0,0,0.9459459459459459,,0.9459459459459459
yeast,mlp-nosuite,0.6172506738544474,0.6550089218997267,0.7027027027027027,0.7297297297297297,0,0,0.7027027027027027,,0.7837837837837838,0.7027027027027027,0.7297297297297297,0,0,0.7027027027027027,,0.7837837837837838,0.7027027027027027,0.7297297297297297,0,0,0.7027027027027027,,0.7837837837837838,0.7027027027027027,0.7297297297297297,0,0,0.7027027027027027,,0.7837837837837838
yeast,mlp-nosuite,0.6172506738544474,0.652156417544897,0.8918918918918919,0.972972972972973,0,0,0.9459459459459459,,0.918918918918919,0.8918918918918919,0.972972972972973,0,0,0.9459459459459459,,0.918918918918919,0.8918918918918919,0.972972972972973,0,0,0.9459459459459459,,0.918918918918919,0.8918918918918919,0.972972972972973,0,0,0.9459459459459459,,0.918918918918919
yeast,mlp-nosuite,0.6172506738544474,0.590686225478177,0.8918918918918919,0.972972972972973,0,0,0.8108108108108109,,0.8918918918918919,0.8918918918918919,0.972972972972973,0,0,0.8108108108108109,,0.8918918918918919,0.8918918918918919,0.972972972972973,0,0,0.8108108108108109,,0.8918918918918919,0.8918918918918919,0.972972972972973,0,0,0.8108108108108109,,0.8918918918918919
yeast,mlp-nosuite,0.6172506738544474,0.8068372530401193,0.918918918918919,0.9459459459459459,0,0,1.0,,0.8648648648648649,0.918918918918919,0.9459459459459459,0,0,1.0,,0.8648648648648649,0.918918918918919,0.9459459459459459,0,0,1.0,,0.8648648648648649,0.918918918918919,0.9459459459459459,0,0,1.0,,0.8648648648648649
yeast,mlp-nosuite,0.6172506738544474,0.48720428480289174,0.8918918918918919,0.8918918918918919,0,0,0.8378378378378378,,0.7567567567567568,0.8918918918918919,0.8918918918918919,0,0,0.8378378378378378,,0.7567567567567568,0.8918918918918919,0.8918918918918919,0,0,0.8378378378378378,,0.7567567567567568,0.8918918918918919,0.8918918918918919,0,0,0.8378378378378378,,0.7567567567567567
yeast,mlp-nosuite,0.6172506738544474,0.7066654959328711,0.7567567567567568,0.918918918918919,0,0,0.9459459459459459,,0.7297297297297297,0.7567567567567568,0.918918918918919,0,0,0.9459459459459459,,0.7297297297297297,0.7567567567567568,0.918918918918919,0,0,0.9459459459459459,,0.7297297297297297,0.7567567567567567,0.918918918918919,0,0,0.9459459459459459,,0.7297297297297297
yeast,mlp-nosuite,0.6172506738544474,0.6383887042040087,0.6756756756756757,0.7837837837837838,0,0,0.6216216216216216,,0.6216216216216216,0.6756756756756757,0.7837837837837838,0,0,0.6216216216216216,,0.6216216216216216,0.6756756756756757,0.7837837837837838,0,0,0.6216216216216216,,0.6216216216216216,0.6756756756756757,0.7837837837837838,0,0,0.6216216216216216,,0.6216216216216216
yeast,mlp-nosuite,0.6172506738544474,0.5399032225517664,0.7027027027027027,0.7567567567567568,0,0,0.6216216216216216,,0.5405405405405406,0.7027027027027027,0.7567567567567568,0,0,0.6216216216216216,,0.5405405405405406,0.7027027027027027,0.7567567567567568,0,0,0.6216216216216216,,0.5405405405405406,0.7027027027027027,0.7567567567567567,0,0,0.6216216216216216,,0.5405405405405406
yeast,mlp-nosuite,0.6172506738544474,0.6402846894575331,0.918918918918919,1.0,0,0,1.0,,0.918918918918919,0.918918918918919,1.0,0,0,1.0,,0.918918918918919,0.918918918918919,1.0,0,0,1.0,,0.918918918918919,0.918918918918919,1.0,0,0,1.0,,0.918918918918919
yeast,mlp-nosuite,0.6172506738544474,0.8270420607641638,0.8918918918918919,0.8648648648648649,0,0,0.8918918918918919,0.8648648648648649,0.8108108108108109,0.8918918918918919,0.8648648648648649,0,0,0.8918918918918919,0.8648648648648649,0.8108108108108109,0.8918918918918919,0.8648648648648649,0,0,0.8918918918918919,0.8648648648648649,0.8108108108108109,0.8918918918918919,0.8648648648648649,0,0,0.8918918918918919,0.8648648648648649,0.8108108108108109
yeast,mlp-nosuite,0.6172506738544474,0.9559665576072347,0.6756756756756757,0.7837837837837838,0,0,0.5675675675675675,,0.6486486486486487,0.6756756756756757,0.7837837837837838,0,0,0.5675675675675675,,0.6486486486486487,0.6756756756756757,0.7837837837837838,0,0,0.5675675675675675,,0.6486486486486487,0.6756756756756757,0.7837837837837838,0,0,0.5675675675675675,,0.6486486486486487
yeast,mlp-nosuite,0.6172506738544474,0.7985630197835285,0.7297297297297297,0.8378378378378378,0,0,0.7027027027027027,,0.8918918918918919,0.7297297297297297,0.8378378378378378,0,0,0.7027027027027027,,0.8918918918918919,0.7297297297297297,0.8378378378378378,0,0,0.7027027027027027,,0.8918918918918919,0.7297297297297297,0.8378378378378378,0,0,0.7027027027027027,,0.8918918918918919
yeast,mlp-nosuite,0.6172506738544474,0.6227046815327231,0.9459459459459459,0.972972972972973,0,0,0.8918918918918919,,0.8918918918918919,0.9459459459459459,0.972972972972973,0,0,0.8918918918918919,,0.8918918918918919,0.9459459459459459,0.972972972972973,0,0,0.8918918918918919,,0.8918918918918919,0.9459459459459459,0.972972972972973,0,0,0.8918918918918919,,0.8918918918918919
yeast,mlp-nosuite,0.6172506738544474,0.5224487399404436,0.8648648648648649,0.9459459459459459,0,0,0.7567567567567568,,0.7027027027027027,0.8648648648648649,0.9459459459459459,0,0,0.7567567567567568,,0.7027027027027027,0.8648648648648649,0.9459459459459459,0,0,0.7567567567567568,,0.7027027027027027,0.8648648648648649,0.9459459459459459,0,0,0.7567567567567567,,0.7027027027027027
yeast,mlp-nosuite,0.6172506738544474,0.3891855150835529,0.8108108108108109,0.8648648648648649,0,0,0.5945945945945946,,0.7297297297297297,0.8108108108108109,0.8648648648648649,0,0,0.5945945945945946,,0.7297297297297297,0.8108108108108109,0.8648648648648649,0,0,0.5945945945945946,,0.7297297297297297,0.8108108108108109,0.8648648648648649,0,0,0.5945945945945946,,0.7297297297297297
yeast,mlp-nosuite,0.6172506738544474,0.5911790368740227,0.8648648648648649,0.8648648648648649,0,0,0.8648648648648649,,0.8108108108108109,0.8648648648648649,0.8648648648648649,0,0,0.8648648648648649,,0.8108108108108109,0.8648648648648649,0.8648648648648649,0,0,0.8648648648648649,,0.8108108108108109,0.8648648648648649,0.8648648648648649,0,0,0.8648648648648649,,0.8108108108108109
yeast,mlp-nosuite,0.6172506738544474,0.629670593848274,0.918918918918919,0.918918918918919,0,0,0.8648648648648649,,0.918918918918919,0.918918918918919,0.918918918918919,0,0,0.8648648648648649,,0.918918918918919,0.918918918918919,0.918918918918919,0,0,0.8648648648648649,,0.918918918918919,0.918918918918919,0.918918918918919,0,0,0.8648648648648649,,0.918918918918919
yeast,mlp-nosuite,0.6172506738544474,0.5658438576331523,0.8648648648648649,1.0,0,0,0.972972972972973,,0.8648648648648649,0.8648648648648649,1.0,0,0,0.972972972972973,,0.8648648648648649,0.8648648648648649,1.0,0,0,0.972972972972973,,0.8648648648648649,0.8648648648648649,1.0,0,0,0.972972972972973,,0.8648648648648649
yeast,mlp-nosuite,0.6172506738544474,0.7187024376961156,0.9459459459459459,0.8378378378378378,0,0,0.918918918918919,,0.8918918918918919,0.9459459459459459,0.8378378378378378,0,0,0.918918918918919,,0.8918918918918919,0.9459459459459459,0.8378378378378378,0,0,0.918918918918919,,0.8918918918918919,0.9459459459459459,0.8378378378378378,0,0,0.918918918918919,,0.8918918918918919
yeast,mlp-nosuite,0.6172506738544474,0.5913711080016002,0.8108108108108109,0.8108108108108109,0,0,0.7837837837837838,,0.8378378378378378,0.8108108108108109,0.8108108108108109,0,0,0.7837837837837838,,0.8378378378378378,0.8108108108108109,0.8108108108108109,0,0,0.7837837837837838,,0.8378378378378378,0.8108108108108109,0.8108108108108109,0,0,0.7837837837837838,,0.8378378378378378
yeast,mlp-nosuite,0.6172506738544474,0.5682644820982953,0.8918918918918919,0.8648648648648649,0,0,0.8378378378378378,,0.8648648648648649,0.8918918918918919,0.8648648648648649,0,0,0.8378378378378378,,0.8648648648648649,0.8918918918918919,0.8648648648648649,0,0,0.8378378378378378,,0.8648648648648649,0.8918918918918919,0.8648648648648649,0,0,0.8378378378378378,,0.8648648648648649
yeast,mlp-nosuite,0.6172506738544474,0.5213467113424698,0.918918918918919,0.8648648648648649,0,0,0.8918918918918919,,0.6486486486486487,0.918918918918919,0.8648648648648649,0,0,0.8918918918918919,,0.6486486486486487,0.918918918918919,0.8648648648648649,0,0,0.8918918918918919,,0.6486486486486487,0.918918918918919,0.8648648648648649,0,0,0.8918918918918919,,0.6486486486486487
yeast,mlp-nosuite,0.6172506738544474,0.5031306686464653,0.7837837837837838,0.7567567567567568,0,0,0.7297297297297297,,0.7297297297297297,0.7837837837837838,0.7567567567567568,0,0,0.7297297297297297,,0.7297297297297297,0.7837837837837838,0.7567567567567568,0,0,0.7297297297297297,,0.7297297297297297,0.7837837837837838,0.7567567567567567,0,0,0.7297297297297297,,0.7297297297297297
yeast,mlp-nosuite,0.6172506738544474,0.5884111482706388,0.972972972972973,0.918918918918919,0,0,0.7567567567567568,,0.918918918918919,0.972972972972973,0.918918918918919,0,0,0.7567567567567568,,0.918918918918919,0.972972972972973,0.918918918918919,0,0,0.7567567567567568,,0.918918918918919,0.972972972972973,0.918918918918919,0,0,0.7567567567567567,,0.918918918918919
yeast,mlp-nosuite,0.6172506738544474,0.7866950662633221,0.7837837837837838,0.7567567567567568,0,0,0.6756756756756757,,0.7567567567567568,0.7837837837837838,0.7567567567567568,0,0,0.6756756756756757,,0.7567567567567568,0.7837837837837838,0.7567567567567568,0,0,0.6756756756756757,,0.7567567567567568,0.7837837837837838,0.7567567567567567,0,0,0.6756756756756757,,0.7567567567567567
yeast,mlp-nosuite,0.6172506738544474,0.5447268803985967,0.6486486486486487,0.6756756756756757,0,0,0.7837837837837838,,0.5945945945945946,0.6486486486486487,0.6756756756756757,0,0,0.7837837837837838,,0.5945945945945946,0.6486486486486487,0.6756756756756757,0,0,0.7837837837837838,,0.5945945945945946,0.6486486486486487,0.6756756756756757,0,0,0.7837837837837838,,0.5945945945945946
yeast,mlp-nosuite,0.6172506738544474,0.8144204226766092,0.9459459459459459,0.9459459459459459,0,0,0.918918918918919,,0.8378378378378378,0.9459459459459459,0.9459459459459459,0,0,0.918918918918919,,0.8378378378378378,0.9459459459459459,0.9459459459459459,0,0,0.918918918918919,,0.8378378378378378,0.9459459459459459,0.9459459459459459,0,0,0.918918918918919,,0.8378378378378378
yeast,mlp-nosuite,0.6172506738544474,0.8891864317831109,0.9459459459459459,1.0,0,0,1.0,,0.918918918918919,0.9459459459459459,1.0,0,0,1.0,,0.918918918918919,0.9459459459459459,1.0,0,0,1.0,,0.918918918918919,0.9459459459459459,1.0,0,0,1.0,,0.918918918918919
yeast,mlp-nosuite,0.6172506738544474,0.28133881938989935,0.8648648648648649,1.0,0,0,0.918918918918919,,0.7297297297297297,0.8648648648648649,1.0,0,0,0.918918918918919,,0.7297297297297297,0.8648648648648649,1.0,0,0,0.918918918918919,,0.7297297297297297,0.8648648648648649,1.0,0,0,0.918918918918919,,0.7297297297297297
yeast,mlp-nosuite,0.6172506738544474,0.6859127235089117,0.8918918918918919,0.8918918918918919,0,0,0.9459459459459459,,0.8378378378378378,0.8918918918918919,0.8918918918918919,0,0,0.9459459459459459,,0.8378378378378378,0.8918918918918919,0.8918918918918919,0,0,0.9459459459459459,,0.8378378378378378,0.8918918918918919,0.8918918918918919,0,0,0.9459459459459459,,0.8378378378378378
yeast,mlp-nosuite,0.6172506738544474,0.6731378428486091,0.8918918918918919,0.9459459459459459,0,0,0.918918918918919,,0.8648648648648649,0.8918918918918919,0.9459459459459459,0,0,0.918918918918919,,0.8648648648648649,0.8918918918918919,0.9459459459459459,0,0,0.918918918918919,,0.8648648648648649,0.8918918918918919,0.9459459459459459,0,0,0.918918918918919,,0.8648648648648649
yeast,mlp-nosuite,0.6172506738544474,0.35038552062983414,0.7837837837837838,0.8108108108108109,0,0,0.8378378378378378,,0.5945945945945946,0.7837837837837838,0.8108108108108109,0,0,0.8378378378378378,,0.5945945945945946,0.7837837837837838,0.8108108108108109,0,0,0.8378378378378378,,0.5945945945945946,0.7837837837837838,0.8108108108108109,0,0,0.8378378378378378,,0.5945945945945946
yeast,mlp-nosuite,0.6172506738544474,0.6058491647689342,0.6756756756756757,0.7027027027027027,0,0,0.7567567567567568,,0.7837837837837838,0.6756756756756757,0.7027027027027027,0,0,0.7567567567567568,,0.7837837837837838,0.6756756756756757,0.7027027027027027,0,0,0.7567567567567568,,0.7837837837837838,0.6756756756756757,0.7027027027027027,0,0,0.7567567567567567,,0.7837837837837838
yeast,mlp-nosuite,0.6172506738544474,0.9422417409954973,0.8648648648648649,0.9459459459459459,0,0,0.8378378378378378,,0.8648648648648649,0.8648648648648649,0.9459459459459459,0,0,0.8378378378378378,,0.8648648648648649,0.8648648648648649,0.9459459459459459,0,0,0.8378378378378378,,0.8648648648648649,0.8648648648648649,0.9459459459459459,0,0,0.8378378378378378,,0.8648648648648649
yeast,mlp-nosuite,0.6172506738544474,0.7328804053498051,0.918918918918919,0.9459459459459459,0,0,0.9459459459459459,,0.9459459459459459,0.918918918918919,0.9459459459459459,0,0,0.9459459459459459,,0.9459459459459459,0.918918918918919,0.9459459459459459,0,0,0.9459459459459459,,0.9459459459459459,0.918918918918919,0.9459459459459459,0,0,0.9459459459459459,,0.9459459459459459
yeast,mlp-nosuite,0.6172506738544474,0.3486443412971777,0.918918918918919,1.0,0,0,0.9459459459459459,,0.8648648648648649,0.918918918918919,1.0,0,0,0.9459459459459459,,0.8648648648648649,0.918918918918919,1.0,0,0,0.9459459459459459,,0.8648648648648649,0.918918918918919,1.0,0,0,0.9459459459459459,,0.8648648648648649
yeast,mlp-nosuite,0.6172506738544474,0.6434217995854417,0.9459459459459459,0.9459459459459459,0,0,0.8918918918918919,,0.9459459459459459,0.9459459459459459,0.9459459459459459,0,0,0.8918918918918919,,0.9459459459459459,0.9459459459459459,0.9459459459459459,0,0,0.8918918918918919,,0.9459459459459459,0.9459459459459459,0.9459459459459459,0,0,0.8918918918918919,,0.9459459459459459
yeast,mlp-nosuite,0.6172506738544474,0.7272889805060853,0.7297297297297297,0.7567567567567568,0,0,0.8648648648648649,,0.8918918918918919,0.7297297297297297,0.7567567567567568,0,0,0.8648648648648649,,0.8918918918918919,0.7297297297297297,0.7567567567567568,0,0,0.8648648648648649,,0.8918918918918919,0.7297297297297297,0.7567567567567567,0,0,0.8648648648648649,,0.8918918918918919
yeast,mlp-nosuite,0.6172506738544474,0.8009345249963874,0.8108108108108109,0.8378378378378378,0,0,0.8648648648648649,,0.8648648648648649,0.8108108108108109,0.8378378378378378,0,0,0.8648648648648649,,0.8648648648648649,0.8108108108108109,0.8378378378378378,0,0,0.8648648648648649,,0.8648648648648649,0.8108108108108109,0.8378378378378378,0,0,0.8648648648648649,,0.8648648648648649
yeast,mlp-nosuite,0.6172506738544474,0.7059430427120151,0.8378378378378378,0.8108108108108109,0,0,0.7837837837837838,,0.7297297297297297,0.8378378378378378,0.8108108108108109,0,0,0.7837837837837838,,0.7297297297297297,0.8378378378378378,0.8108108108108109,0,0,0.7837837837837838,,0.7297297297297297,0.8378378378378378,0.8108108108108109,0,0,0.7837837837837838,,0.7297297297297297
yeast,mlp-nosuite,0.6172506738544474,0.854184224069063,0.972972972972973,0.972972972972973,0,0,0.9459459459459459,0.918918918918919,0.918918918918919,0.972972972972973,0.972972972972973,0,0,0.9459459459459459,0.918918918918919,0.918918918918919,0.972972972972973,0.972972972972973,0,0,0.9459459459459459,0.918918918918919,0.918918918918919,0.972972972972973,0.972972972972973,0,0,0.9459459459459459,0.918918918918919,0.918918918918919
yeast,mlp-nosuite,0.6172506738544474,0.7687061589797701,0.8648648648648649,0.8648648648648649,0,0,0.6756756756756757,,0.9459459459459459,0.8648648648648649,0.8648648648648649,0,0,0.6756756756756757,,0.9459459459459459,0.8648648648648649,0.8648648648648649,0,0,0.6756756756756757,,0.9459459459459459,0.8648648648648649,0.8648648648648649,0,0,0.6756756756756757,,0.9459459459459459
yeast,mlp-nosuite,0.6172506738544474,0.8153871353725672,0.918918918918919,0.972972972972973,0,0,0.972972972972973,,0.8918918918918919,0.918918918918919,0.972972972972973,0,0,0.972972972972973,,0.8918918918918919,0.918918918918919,0.972972972972973,0,0,0.972972972972973,,0.8918918918918919,0.918918918918919,0.972972972972973,0,0,0.972972972972973,,0.8918918918918919
yeast,mlp-nosuite,0.6172506738544474,0.8517713481033629,0.7837837837837838,0.8918918918918919,0,0,0.8108108108108109,,0.8378378378378378,0.7837837837837838,0.8918918918918919,0,0,0.8108108108108109,,0.8378378378378378,0.7837837837837838,0.8918918918918919,0,0,0.8108108108108109,,0.8378378378378378,0.7837837837837838,0.8918918918918919,0,0,0.8108108108108109,,0.8378378378378378
yeast,mlp-nosuite,0.6172506738544474,0.4910007150414382,0.7027027027027027,0.7027027027027027,0,0,0.5675675675675675,,0.6216216216216216,0.7027027027027027,0.7027027027027027,0,0,0.5675675675675675,,0.6216216216216216,0.7027027027027027,0.7027027027027027,0,0,0.5675675675675675,,0.6216216216216216,0.7027027027027027,0.7027027027027027,0,0,0.5675675675675675,,0.6216216216216216
yeast,mlp-nosuite,0.6172506738544474,0.6965870220668589,0.8378378378378378,0.918918918918919,0,0,0.8108108108108109,,0.8648648648648649,0.8378378378378378,0.918918918918919,0,0,0.8108108108108109,,0.8648648648648649,0.8378378378378378,0.918918918918919,0,0,0.8108108108108109,,0.8648648648648649,0.8378378378378378,0.918918918918919,0,0,0.8108108108108109,,0.8648648648648649
yeast,mlp-nosuite,0.6172506738544474,0.6082230414329826,0.8648648648648649,0.918918918918919,0,0,0.8918918918918919,,0.8648648648648649,0.8648648648648649,0.918918918918919,0,0,0.8918918918918919,,0.8648648648648649,0.8648648648648649,0.918918918918919,0,0,0.8918918918918919,,0.8648648648648649,0.8648648648648649,0.918918918918919,0,0,0.8918918918918919,,0.8648648648648649
yeast,mlp-nosuite,0.6172506738544474,0.5307691251774221,0.918918918918919,0.8648648648648649,0,0,0.7837837837837838,,0.8918918918918919,0.918918918918919,0.8648648648648649,0,0,0.7837837837837838,,0.8918918918918919,0.918918918918919,0.8648648648648649,0,0,0.7837837837837838,,0.8918918918918919,0.918918918918919,0.8648648648648649,0,0,0.7837837837837838,,0.8918918918918919
yeast,mlp-nosuite,0.6172506738544474,0.5898136535651094,0.918918918918919,0.9459459459459459,0,0,0.8918918918918919,,0.9459459459459459,0.918918918918919,0.9459459459459459,0,0,0.8918918918918919,,0.9459459459459459,0.918918918918919,0.9459459459459459,0,0,0.8918918918918919,,0.9459459459459459,0.918918918918919,0.9459459459459459,0,0,0.8918918918918919,,0.9459459459459459
yeast,mlp-nosuite,0.6172506738544474,0.9769920903358666,0.972972972972973,0.9459459459459459,0,0,0.9459459459459459,,0.9459459459459459,0.972972972972973,0.9459459459459459,0,0,0.9459459459459459,,0.9459459459459459,0.972972972972973,0.9459459459459459,0,0,0.9459459459459459,,0.9459459459459459,0.972972972972973,0.9459459459459459,0,0,0.9459459459459459,,0.9459459459459459
yeast,mlp-nosuite,0.6172506738544474,0.6550089218997267,0.7027027027027027,0.7297297297297297,0,0,0.7027027027027027,,0.7837837837837838,0.7027027027027027,0.7297297297297297,0,0,0.7027027027027027,,0.7837837837837838,0.7027027027027027,0.7297297297297297,0,0,0.7027027027027027,,0.7837837837837838,0.7027027027027027,0.7297297297297297,0,0,0.7027027027027027,,0.7837837837837838
yeast,mlp-nosuite,0.6172506738544474,0.652156417544897,0.8918918918918919,0.972972972972973,0,0,0.9459459459459459,,0.918918918918919,0.8918918918918919,0.972972972972973,0,0,0.9459459459459459,,0.918918918918919,0.8918918918918919,0.972972972972973,0,0,0.9459459459459459,,0.918918918918919,0.8918918918918919,0.972972972972973,0,0,0.9459459459459459,,0.918918918918919
yeast,mlp-nosuite,0.6172506738544474,0.590686225478177,0.8918918918918919,0.972972972972973,0,0,0.8108108108108109,,0.8918918918918919,0.8918918918918919,0.972972972972973,0,0,0.8108108108108109,,0.8918918918918919,0.8918918918918919,0.972972972972973,0,0,0.8108108108108109,,0.8918918918918919,0.8918918918918919,0.972972972972973,0,0,0.8108108108108109,,0.8918918918918919
yeast,mlp-nosuite,0.6172506738544474,0.8068372530401193,0.918918918918919,0.9459459459459459,0,0,1.0,,0.8648648648648649,0.918918918918919,0.9459459459459459,0,0,1.0,,0.8648648648648649,0.918918918918919,0.9459459459459459,0,0,1.0,,0.8648648648648649,0.918918918918919,0.9459459459459459,0,0,1.0,,0.8648648648648649
yeast,mlp-nosuite,0.6172506738544474,0.48720428480289174,0.8918918918918919,0.8918918918918919,0,0,0.8378378378378378,,0.7567567567567568,0.8918918918918919,0.8918918918918919,0,0,0.8378378378378378,,0.7567567567567568,0.8918918918918919,0.8918918918918919,0,0,0.8378378378378378,,0.7567567567567568,0.8918918918918919,0.8918918918918919,0,0,0.8378378378378378,,0.7567567567567567
yeast,mlp-nosuite,0.6172506738544474,0.7066654959328711,0.7567567567567568,0.918918918918919,0,0,0.9459459459459459,,0.7297297297297297,0.7567567567567568,0.918918918918919,0,0,0.9459459459459459,,0.7297297297297297,0.7567567567567568,0.918918918918919,0,0,0.9459459459459459,,0.7297297297297297,0.7567567567567567,0.918918918918919,0,0,0.9459459459459459,,0.7297297297297297
yeast,mlp-nosuite,0.6172506738544474,0.6383887042040087,0.6756756756756757,0.7837837837837838,0,0,0.6216216216216216,,0.6216216216216216,0.6756756756756757,0.7837837837837838,0,0,0.6216216216216216,,0.6216216216216216,0.6756756756756757,0.7837837837837838,0,0,0.6216216216216216,,0.6216216216216216,0.6756756756756757,0.7837837837837838,0,0,0.6216216216216216,,0.6216216216216216
yeast,mlp-nosuite,0.6172506738544474,0.5399032225517664,0.7027027027027027,0.7567567567567568,0,0,0.6216216216216216,,0.5405405405405406,0.7027027027027027,0.7567567567567568,0,0,0.6216216216216216,,0.5405405405405406,0.7027027027027027,0.7567567567567568,0,0,0.6216216216216216,,0.5405405405405406,0.7027027027027027,0.7567567567567567,0,0,0.6216216216216216,,0.5405405405405406
yeast,mlp-nosuite,0.6172506738544474,0.6402846894575331,0.918918918918919,1.0,0,0,1.0,,0.918918918918919,0.918918918918919,1.0,0,0,1.0,,0.918918918918919,0.918918918918919,1.0,0,0,1.0,,0.918918918918919,0.918918918918919,1.0,0,0,1.0,,0.918918918918919
yeast,mlp-nosuite,0.6172506738544474,0.8270420607641638,0.8918918918918919,0.8648648648648649,0,0,0.8918918918918919,0.8648648648648649,0.8108108108108109,0.8918918918918919,0.8648648648648649,0,0,0.8918918918918919,0.8648648648648649,0.8108108108108109,0.8918918918918919,0.8648648648648649,0,0,0.8918918918918919,0.8648648648648649,0.8108108108108109,0.8918918918918919,0.8648648648648649,0,0,0.8918918918918919,0.8648648648648649,0.8108108108108109
yeast,mlp-nosuite,0.6172506738544474,0.9559665576072347,0.6756756756756757,0.7837837837837838,0,0,0.5675675675675675,,0.6486486486486487,0.6756756756756757,0.7837837837837838,0,0,0.5675675675675675,,0.6486486486486487,0.6756756756756757,0.7837837837837838,0,0,0.5675675675675675,,0.6486486486486487,0.6756756756756757,0.7837837837837838,0,0,0.5675675675675675,,0.6486486486486487
yeast,mlp-nosuite,0.6172506738544474,0.7985630197835285,0.7297297297297297,0.8378378378378378,0,0,0.7027027027027027,,0.8918918918918919,0.7297297297297297,0.8378378378378378,0,0,0.7027027027027027,,0.8918918918918919,0.7297297297297297,0.8378378378378378,0,0,0.7027027027027027,,0.8918918918918919,0.7297297297297297,0.8378378378378378,0,0,0.7027027027027027,,0.8918918918918919
yeast,mlp-nosuite,0.6172506738544474,0.6227046815327231,0.9459459459459459,0.972972972972973,0,0,0.8918918918918919,,0.8918918918918919,0.9459459459459459,0.972972972972973,0,0,0.8918918918918919,,0.8918918918918919,0.9459459459459459,0.972972972972973,0,0,0.8918918918918919,,0.8918918918918919,0.9459459459459459,0.972972972972973,0,0,0.8918918918918919,,0.8918918918918919
yeast,mlp-nosuite,0.6172506738544474,0.5224487399404436,0.8648648648648649,0.9459459459459459,0,0,0.7567567567567568,,0.7027027027027027,0.8648648648648649,0.9459459459459459,0,0,0.7567567567567568,,0.7027027027027027,0.8648648648648649,0.9459459459459459,0,0,0.7567567567567568,,0.7027027027027027,0.8648648648648649,0.9459459459459459,0,0,0.7567567567567567,,0.7027027027027027
yeast,mlp-nosuite,0.6172506738544474,0.3891855150835529,0.8108108108108109,0.8648648648648649,0,0,0.5945945945945946,,0.7297297297297297,0.8108108108108109,0.8648648648648649,0,0,0.5945945945945946,,0.7297297297297297,0.8108108108108109,0.8648648648648649,0,0,0.5945945945945946,,0.7297297297297297,0.8108108108108109,0.8648648648648649,0,0,0.5945945945945946,,0.7297297297297297
yeast,mlp-nosuite,0.6172506738544474,0.5911790368740227,0.8648648648648649,0.8648648648648649,0,0,0.8648648648648649,,0.8108108108108109,0.8648648648648649,0.8648648648648649,0,0,0.8648648648648649,,0.8108108108108109,0.8648648648648649,0.8648648648648649,0,0,0.8648648648648649,,0.8108108108108109,0.8648648648648649,0.8648648648648649,0,0,0.8648648648648649,,0.8108108108108109
yeast,mlp-nosuite,0.6172506738544474,0.629670593848274,0.918918918918919,0.918918918918919,0,0,0.8648648648648649,,0.918918918918919,0.918918918918919,0.918918918918919,0,0,0.8648648648648649,,0.918918918918919,0.918918918918919,0.918918918918919,0,0,0.8648648648648649,,0.918918918918919,0.918918918918919,0.918918918918919,0,0,0.8648648648648649,,0.918918918918919
yeast,mlp-nosuite,0.6172506738544474,0.5658438576331523,0.8648648648648649,1.0,0,0,0.972972972972973,,0.8648648648648649,0.8648648648648649,1.0,0,0,0.972972972972973,,0.8648648648648649,0.8648648648648649,1.0,0,0,0.972972972972973,,0.8648648648648649,0.8648648648648649,1.0,0,0,0.972972972972973,,0.8648648648648649
yeast,mlp-nosuite,0.6172506738544474,0.7187024376961156,0.9459459459459459,0.8378378378378378,0,0,0.918918918918919,,0.8918918918918919,0.9459459459459459,0.8378378378378378,0,0,0.918918918918919,,0.8918918918918919,0.9459459459459459,0.8378378378378378,0,0,0.918918918918919,,0.8918918918918919,0.9459459459459459,0.8378378378378378,0,0,0.918918918918919,,0.8918918918918919
yeast,mlp-nosuite,0.6172506738544474,0.5913711080016002,0.8108108108108109,0.8108108108108109,0,0,0.7837837837837838,,0.8378378378378378,0.8108108108108109,0.8108108108108109,0,0,0.7837837837837838,,0.8378378378378378,0.8108108108108109,0.8108108108108109,0,0,0.7837837837837838,,0.8378378378378378,0.8108108108108109,0.8108108108108109,0,0,0.7837837837837838,,0.8378378378378378
yeast,mlp-nosuite,0.6172506738544474,0.5682644820982953,0.8918918918918919,0.8648648648648649,0,0,0.8378378378378378,,0.8648648648648649,0.8918918918918919,0.8648648648648649,0,0,0.8378378378378378,,0.8648648648648649,0.8918918918918919,0.8648648648648649,0,0,0.8378378378378378,,0.8648648648648649,0.8918918918918919,0.8648648648648649,0,0,0.8378378378378378,,0.8648648648648649
yeast,mlp-nosuite,0.6172506738544474,0.5213467113424698,0.918918918918919,0.8648648648648649,0,0,0.8918918918918919,,0.6486486486486487,0.918918918918919,0.8648648648648649,0,0,0.8918918918918919,,0.6486486486486487,0.918918918918919,0.8648648648648649,0,0,0.8918918918918919,,0.6486486486486487,0.918918918918919,0.8648648648648649,0,0,0.8918918918918919,,0.6486486486486487
yeast,mlp-nosuite,0.6172506738544474,0.5031306686464653,0.7837837837837838,0.7567567567567568,0,0,0.7297297297297297,,0.7297297297297297,0.7837837837837838,0.7567567567567568,0,0,0.7297297297297297,,0.7297297297297297,0.7837837837837838,0.7567567567567568,0,0,0.7297297297297297,,0.7297297297297297,0.7837837837837838,0.7567567567567567,0,0,0.7297297297297297,,0.7297297297297297
yeast,mlp-nosuite,0.6172506738544474,0.5884111482706388,0.972972972972973,0.918918918918919,0,0,0.7567567567567568,,0.918918918918919,0.972972972972973,0.918918918918919,0,0,0.7567567567567568,,0.918918918918919,0.972972972972973,0.918918918918919,0,0,0.7567567567567568,,0.918918918918919,0.972972972972973,0.918918918918919,0,0,0.7567567567567567,,0.918918918918919
yeast,mlp-nosuite,0.6172506738544474,0.7866950662633221,0.7837837837837838,0.7567567567567568,0,0,0.6756756756756757,,0.7567567567567568,0.7837837837837838,0.7567567567567568,0,0,0.6756756756756757,,0.7567567567567568,0.7837837837837838,0.7567567567567568,0,0,0.6756756756756757,,0.7567567567567568,0.7837837837837838,0.7567567567567567,0,0,0.6756756756756757,,0.7567567567567567
yeast,mlp-nosuite,0.6172506738544474,0.5447268803985967,0.6486486486486487,0.6756756756756757,0,0,0.7837837837837838,,0.5945945945945946,0.6486486486486487,0.6756756756756757,0,0,0.7837837837837838,,0.5945945945945946,0.6486486486486487,0.6756756756756757,0,0,0.7837837837837838,,0.5945945945945946,0.6486486486486487,0.6756756756756757,0,0,0.7837837837837838,,0.5945945945945946
yeast,mlp-nosuite,0.6172506738544474,0.8144204226766092,0.9459459459459459,0.9459459459459459,0,0,0.918918918918919,,0.8378378378378378,0.9459459459459459,0.9459459459459459,0,0,0.918918918918919,,0.8378378378378378,0.9459459459459459,0.9459459459459459,0,0,0.918918918918919,,0.8378378378378378,0.9459459459459459,0.9459459459459459,0,0,0.918918918918919,,0.8378378378378378
yeast,mlp-nosuite,0.6172506738544474,0.8891864317831109,0.9459459459459459,1.0,0,0,1.0,,0.918918918918919,0.9459459459459459,1.0,0,0,1.0,,0.918918918918919,0.9459459459459459,1.0,0,0,1.0,,0.918918918918919,0.9459459459459459,1.0,0,0,1.0,,0.918918918918919
yeast,mlp-nosuite,0.6172506738544474,0.28133881938989935,0.8648648648648649,1.0,0,0,0.918918918918919,,0.7297297297297297,0.8648648648648649,1.0,0,0,0.918918918918919,,0.7297297297297297,0.8648648648648649,1.0,0,0,0.918918918918919,,0.7297297297297297,0.8648648648648649,1.0,0,0,0.918918918918919,,0.7297297297297297
yeast,mlp-nosuite,0.6172506738544474,0.6859127235089117,0.8918918918918919,0.8918918918918919,0,0,0.9459459459459459,,0.8378378378378378,0.8918918918918919,0.8918918918918919,0,0,0.9459459459459459,,0.8378378378378378,0.8918918918918919,0.8918918918918919,0,0,0.9459459459459459,,0.8378378378378378,0.8918918918918919,0.8918918918918919,0,0,0.9459459459459459,,0.8378378378378378
yeast,mlp-nosuite,0.6172506738544474,0.6731378428486091,0.8918918918918919,0.9459459459459459,0,0,0.918918918918919,,0.8648648648648649,0.8918918918918919,0.9459459459459459,0,0,0.918918918918919,,0.8648648648648649,0.8918918918918919,0.9459459459459459,0,0,0.918918918918919,,0.8648648648648649,0.8918918918918919,0.9459459459459459,0,0,0.918918918918919,,0.8648648648648649
yeast,mlp-nosuite,0.6172506738544474,0.35038552062983414,0.7837837837837838,0.8108108108108109,0,0,0.8378378378378378,,0.5945945945945946,0.7837837837837838,0.8108108108108109,0,0,0.8378378378378378,,0.5945945945945946,0.7837837837837838,0.8108108108108109,0,0,0.8378378378378378,,0.5945945945945946,0.7837837837837838,0.8108108108108109,0,0,0.8378378378378378,,0.5945945945945946
yeast,mlp-nosuite,0.6172506738544474,0.6058491647689342,0.6756756756756757,0.7027027027027027,0,0,0.7567567567567568,,0.7837837837837838,0.6756756756756757,0.7027027027027027,0,0,0.7567567567567568,,0.7837837837837838,0.6756756756756757,0.7027027027027027,0,0,0.7567567567567568,,0.7837837837837838,0.6756756756756757,0.7027027027027027,0,0,0.7567567567567567,,0.7837837837837838
yeast,mlp-nosuite,0.6172506738544474,0.9422417409954973,0.8648648648648649,0.9459459459459459,0,0,0.8378378378378378,,0.8648648648648649,0.8648648648648649,0.9459459459459459,0,0,0.8378378378378378,,0.8648648648648649,0.8648648648648649,0.9459459459459459,0,0,0.8378378378378378,,0.8648648648648649,0.8648648648648649,0.9459459459459459,0,0,0.8378378378378378,,0.8648648648648649
yeast,mlp-nosuite,0.6172506738544474,0.7328804053498051,0.918918918918919,0.9459459459459459,0,0,0.9459459459459459,,0.9459459459459459,0.918918918918919,0.9459459459459459,0,0,0.9459459459459459,,0.9459459459459459,0.918918918918919,0.9459459459459459,0,0,0.9459459459459459,,0.9459459459459459,0.918918918918919,0.9459459459459459,0,0,0.9459459459459459,,0.9459459459459459
yeast,mlp-nosuite,0.6172506738544474,0.3486443412971777,0.918918918918919,1.0,0,0,0.9459459459459459,,0.8648648648648649,0.918918918918919,1.0,0,0,0.9459459459459459,,0.8648648648648649,0.918918918918919,1.0,0,0,0.9459459459459459,,0.8648648648648649,0.918918918918919,1.0,0,0,0.9459459459459459,,0.8648648648648649
yeast,mlp-nosuite,0.6172506738544474,0.6434217995854417,0.9459459459459459,0.9459459459459459,0,0,0.8918918918918919,,0.9459459459459459,0.9459459459459459,0.9459459459459459,0,0,0.8918918918918919,,0.9459459459459459,0.9459459459459459,0.9459459459459459,0,0,0.8918918918918919,,0.9459459459459459,0.9459459459459459,0.9459459459459459,0,0,0.8918918918918919,,0.9459459459459459
yeast,mlp-nosuite,0.6172506738544474,0.7272889805060853,0.7297297297297297,0.7567567567567568,0,0,0.8648648648648649,,0.8918918918918919,0.7297297297297297,0.7567567567567568,0,0,0.8648648648648649,,0.8918918918918919,0.7297297297297297,0.7567567567567568,0,0,0.8648648648648649,,0.8918918918918919,0.7297297297297297,0.7567567567567567,0,0,0.8648648648648649,,0.8918918918918919
yeast,mlp-nosuite,0.6172506738544474,0.8009345249963874,0.8108108108108109,0.8378378378378378,0,0,0.8648648648648649,,0.8648648648648649,0.8108108108108109,0.8378378378378378,0,0,0.8648648648648649,,0.8648648648648649,0.8108108108108109,0.8378378378378378,0,0,0.8648648648648649,,0.8648648648648649,0.8108108108108109,0.8378378378378378,0,0,0.8648648648648649,,0.8648648648648649
rmftsa,mlp-nosuite,0.51953125,0.4392036268962049,1.0,1.0,0,0,0.96,,1.0,1.0,1.0,0,0,0.96,,1.0,1.0,1.0,0,0,0.96,,1.0,1.0,1.0,0,0,0.96,,1.0
rmftsa,mlp-nosuite,0.51953125,0.4680882890516091,0.8,0.96,0,0,0.88,,0.92,0.8,0.96,0,0,0.88,,0.92,0.8,0.96,0,0,0.88,,0.92,0.8000000000000002,0.96,0,0,0.88,,0.92
rmftsa,mlp-nosuite,0.51953125,0.38564920294868216,0.44,0.84,0,0,0.88,,0.32,0.44,0.84,0,0,0.88,,0.32,0.44,0.84,0,0,0.88,,0.32,0.44,0.8399999999999999,0,0,0.88,,0.32
rmftsa,mlp-nosuite,0.51953125,0.4703688216831583,0.6,0.76,0,0,0.72,,0.6,0.6,0.76,0,0,0.72,,0.6,0.6,0.76,0,0,0.72,,0.6,0.6,0.76,0,0,0.72,,0.6
rmftsa,mlp-nosuite,0.51953125,0.6230154375875949,1.0,1.0,0,0,1.0,,1.0,1.0,1.0,0,0,1.0,,1.0,1.0,1.0,0,0,1.0,,1.0,1.0,1.0,0,0,1.0,,1.0
rmftsa,mlp-nosuite,0.51953125,0.520291675712967,1.0,1.0,0,0,1.0,,1.0,1.0,1.0,0,0,1.0,,1.0,1.0,1.0,0,0,1.0,,1.0,1.0,1.0,0,0,1.0,,1.0
rmftsa,mlp-nosuite,0.51953125,0.4226854137332023,0.72,0.8,0,0,0.96,,0.72,0.72,0.8,0,0,0.96,,0.72,0.72,0.8,0,0,0.96,,0.72,0.72,0.8000000000000002,0,0,0.96,,0.72
rmftsa,mlp-nosuite,0.51953125,0.5311366699227706,1.0,1.0,0,0,1.0,,1.0,1.0,1.0,0,0,1.0,,1.0,1.0,1.0,0,0,1.0,,1.0,1.0,1.0,0,0,1.0,,1.0
rmftsa,mlp-nosuite,0.51953125,0.49625395118885585,0.72,0.84,0,0,0.88,,0.88,0.72,0.84,0,0,0.88,,0.88,0.72,0.84,0,0,0.88,,0.88,0.72,0.8399999999999999,0,0,0.88,,0.88
rmftsa,mlp-nosuite,0.51953125,0.5158761279858914,1.0,1.0,0,0,1.0,,1.0,1.0,1.0,0,0,1.0,,1.0,1.0,1.0,0,0,1.0,,1.0,1.0,1.0,0,0,1.0,,1.0
rmftsa,mlp-nosuite,0.51953125,0.7531628560102336,1.0,1.0,0,0,1.0,,1.0,1.0,1.0,0,0,1.0,,1.0,1.0,1.0,0,0,1.0,,1.0,1.0,1.0,0,0,1.0,,1.0
rmftsa,mlp-nosuite,0.51953125,0.5581282006345757,0.72,1.0,0,0,1.0,,0.88,0.72,1.0,0,0,1.0,,0.88,0.72,1.0,0,0,1.0,,0.88,0.72,1.0,0,0,1.0,,0.88
rmftsa,mlp-nosuite,0.51953125,0.4892391385789344,0.56,1.0,0,0,0.96,,0.96,0.56,1.0,0,0,0.96,,0.96,0.56,1.0,0,0,0.96,,0.96,0.56,1.0,0,0,0.96,,0.96
rmftsa,mlp-nosuite,0.51953125,0.44989282848458323,0.36,0.92,0,0,0.92,,0.92,0.36,0.92,0,0,0.92,,0.92,0.36,0.92,0,0,0.92,,0.92,0.36,0.92,0,0,0.92,,0.92
rmftsa,mlp-nosuite,0.51953125,0.5014428846574492,1.0,1.0,0,0,1.0,,1.0,1.0,1.0,0,0,1.0,,1.0,1.0,1.0,0,0,1.0,,1.0,1.0,1.0,0,0,1.0,,1.0
rmftsa,mlp-nosuite,0.51953125,0.5396897232801114,0.56,0.96,0,0,0.96,,0.96,0.56,0.96,0,0,0.96,,0.96,0.56,0.96,0,0,0.96,,0.96,0.56,0.96,0,0,0.96,,0.96
rmftsa,mlp-nosuite,0.51953125,0.35938128953713677,0.4,1.0,0,0,1.0,,0.88,0.4,1.0,0,0,1.0,,0.88,0.4,1.0,0,0,1.0,,0.88,0.4000000000000001,1.0,0,0,1.0,,0.88
rmftsa,mlp-nosuite,0.51953125,0.5158761279858914,1.0,1.0,0,0,1.0,,1.0,1.0,1.0,0,0,1.0,,1.0,1.0,1.0,0,0,1.0,,1.0,1.0,1.0,0,0,1.0,,1.0
rmftsa,mlp-nosuite,0.51953125,0.5456845771163488,0.48,1.0,0,0,0.88,,1.0,0.48,1.0,0,0,0.88,,1.0,0.48,1.0,0,0,0.88,,1.0,0.48,1.0,0,0,0.88,,1.0
rmftsa,mlp-nosuite,0.51953125,0.5783612720130417,1.0,1.0,0,0,1.0,,1.0,1.0,1.0,0,0,1.0,,1.0,1.0,1.0,0,0,1.0,,1.0,1.0,1.0,0,0,1.0,,1.0
rmftsa,mlp-nosuite,0.51953125,0.4456303814003765,1.0,1.0,0,0,1.0,,1.0,1.0,1.0,0,0,1.0,,1.0,1.0,1.0,0,0,1.0,,1.0,1.0,1.0,0,0,1.0,,1.0
rmftsa,mlp-nosuite,0.51953125,0.4288145439547315,0.48,0.76,0,0,0.92,,0.68,0.48,0.76,0,0,0.92,,0.68,0.48,0.76,0,0,0.92,,0.68,0.48,0.76,0,0,0.92,,0.68
rmftsa,mlp-nosuite,0.51953125,0.3624132567773058,0.68,1.0,0,0,0.6,,0.6,0.68,1.0,0,0,0.6,,0.6,0.68,1.0,0,0,0.6,,0.6,0.68,1.0,0,0,0.6,,0.6
rmftsa,mlp-nosuite,0.51953125,0.6780616434441902,1.0,1.0,0,0,1.0,,1.0,1.0,1.0,0,0,1.0,,1.0,1.0,1.0,0,0,1.0,,1.0,1.0,1.0,0,0,1.0,,1.0
rmftsa,mlp-nosuite,0.51953125,0.3611232315319938,0.6,0.76,0,0,0.84,,0.76,0.6,0.76,0,0,0.84,,0.76,0.6,0.76,0,0,0.84,,0.76,0.6,0.76,0,0,0.8399999999999999,,0.76
rmftsa,mlp-nosuite,0.51953125,0.4401701803855752,0.48,0.88,0,0,0.92,,0.56,0.48,0.88,0,0,0.92,,0.56,0.48,0.88,0,0,0.92,,0.56,0.48,0.88,0,0,0.92,,0.56
rmftsa,mlp-nosuite,0.51953125,0.3485186007507078,0.88,0.96,0,0,0.96,,0.08,0.88,0.96,0,0,0.96,,0.08,0.88,0.96,0,0,0.96,,0.08,0.88,0.96,0,0,0.96,,0.08
rmftsa,mlp-nosuite,0.51953125,0.37886713392700194,0.44,0.92,0,0,0.56,,0.52,0.44,0.92,0,0,0.56,,0.52,0.44,0.92,0,0,0.56,,0.52,0.44,0.92,0,0,0.56,,0.52
rmftsa,mlp-nosuite,0.51953125,0.38827933639630735,0.92,1.0,0,0,0.92,,0.92,0.92,1.0,0,0,0.92,,0.92,0.92,1.0,0,0,0.92,,0.92,0.92,1.0,0,0,0.92,,0.92
rmftsa,mlp-nosuite,0.51953125,0.4475831013526873,0.56,1.0,0,0,0.96,,0.68,0.56,1.0,0,0,0.96,,0.68,0.56,1.0,0,0,0.96,,0.68,0.56,1.0,0,0,0.96,,0.68
rmftsa,mlp-nosuite,0.51953125,0.4438870522930624,0.88,0.96,0,0,0.72,,0.88,0.88,0.96,0,0,0.72,,0.88,0.88,0.96,0,0,0.72,,0.88,0.88,0.96,0,0,0.72,,0.88
rmftsa,mlp-nosuite,0.51953125,0.5132620708641707,0.56,0.96,0,0,0.96,,0.96,0.56,0.96,0,0,0.96,,0.96,0.56,0.96,0,0,0.96,,0.96,0.56,0.96,0,0,0.96,,0.96
rmftsa,mlp-nosuite,0.51953125,0.44989282848458323,0.36,0.92,0,0,0.92,,0.92,0.36,0.92,0,0,0.92,,0.92,0.36,0.92,0,0,0.92,,0.92,0.36,0.92,0,0,0.92,,0.92
rmftsa,mlp-nosuite,0.51953125,0.5127439525902301,0.76,1.0,0,0,0.84,,1.0,0.76,1.0,0,0,0.84,,1.0,0.76,1.0,0,0,0.84,,1.0,0.76,1.0,0,0,0.8399999999999999,,1.0
rmftsa,mlp-nosuite,0.51953125,0.4265822353234696,0.96,1.0,0,0,0.56,,0.96,0.96,1.0,0,0,0.56,,0.96,0.96,1.0,0,0,0.56,,0.96,0.96,1.0,0,0,0.56,,0.96
rmftsa,mlp-nosuite,0.51953125,0.31291340953320335,0.76,0.8,0,0,0.68,,0.92,0.76,0.8,0,0,0.68,,0.92,0.76,0.8,0,0,0.68,,0.92,0.76,0.8000000000000002,0,0,0.68,,0.92
rmftsa,mlp-nosuite,0.51953125,0.7474234009596294,1.0,1.0,0,0,0.92,,1.0,1.0,1.0,0,0,0.92,,1.0,1.0,1.0,0,0,0.92,,1.0,1.0,1.0,0,0,0.92,,1.0
rmftsa,mlp-nosuite,0.51953125,0.7021555422619946,0.52,0.8,0,0,0.8,,0.44,0.52,0.8,0,0,0.8,,0.44,0.52,0.8,0,0,0.8,,0.44,0.52,0.8000000000000002,0,0,0.8000000000000002,,0.44
rmftsa,mlp-nosuite,0.51953125,0.6693014042358258,1.0,1.0,0,0,1.0,,1.0,1.0,1.0,0,0,1.0,,1.0,1.0,1.0,0,0,1.0,,1.0,1.0,1.0,0,0,1.0,,1.0
rmftsa,mlp-nosuite,0.51953125,0.6072713925299179,0.52,0.92,0,0,0.84,,0.6,0.52,0.92,0,0,0.84,,0.6,0.52,0.92,0,0,0.84,,0.6,0.52,0.92,0,0,0.8399999999999999,,0.6
rmftsa,mlp-nosuite,0.51953125,0.5333874826807956,0.52,1.0,0,0,0.96,,0.72,0.52,1.0,0,0,0.96,,0.72,0.52,1.0,0,0,0.96,,0.72,0.52,1.0,0,0,0.96,,0.72
rmftsa,mlp-nosuite,0.51953125,0.5418247329734285,0.48,1.0,0,0,0.8,,0.96,0.48,1.0,0,0,0.8,,0.96,0.48,1.0,0,0,0.8,,0.96,0.48,1.0,0,0,0.8000000000000002,,0.96
rmftsa,mlp-nosuite,0.51953125,0.395107974859115,0.96,1.0,0,0,1.0,,0.96,0.96,1.0,0,0,1.0,,0.96,0.96,1.0,0,0,1.0,,0.96,0.96,1.0,0,0,1.0,,0.96
rmftsa,mlp-nosuite,0.51953125,0.38335667942516033,0.6,0.76,0,0,0.72,,0.6,0.6,0.76,0,0,0.72,,0.6,0.6,0.76,0,0,0.72,,0.6,0.6,0.76,0,0,0.72,,0.6
rmftsa,mlp-nosuite,0.51953125,0.7040457232294485,0.68,0.96,0,0,0.68,,0.84,0.68,0.96,0,0,0.68,,0.84,0.68,0.96,0,0,0.68,,0.84,0.68,0.96,0,0,0.68,,0.8399999999999999
rmftsa,mlp-nosuite,0.51953125,0.5158761279858914,1.0,1.0,0,0,1.0,,1.0,1.0,1.0,0,0,1.0,,1.0,1.0,1.0,0,0,1.0,,1.0,1.0,1.0,0,0,1.0,,1.0
rmftsa,mlp-nosuite,0.51953125,0.395107974859115,0.96,1.0,0,0,1.0,,0.96,0.96,1.0,0,0,1.0,,0.96,0.96,1.0,0,0,1.0,,0.96,0.96,1.0,0,0,1.0,,0.96
rmftsa,mlp-nosuite,0.51953125,0.3153505181775724,0.76,0.88,0,0,0.72,,0.76,0.76,0.88,0,0,0.72,,0.76,0.76,0.88,0,0,0.72,,0.76,0.76,0.88,0,0,0.72,,0.76
rmftsa,mlp-nosuite,0.51953125,0.3824358787610816,0.6,0.76,0,0,0.72,,0.8,0.6,0.76,0,0,0.72,,0.8,0.6,0.76,0,0,0.72,,0.8,0.6,0.76,0,0,0.72,,0.8000000000000002
rmftsa,mlp-nosuite,0.51953125,0.44653845367383727,0.44,0.92,0,0,0.84,,0.92,0.44,0.92,0,0,0.84,,0.92,0.44,0.92,0,0,0.84,,0.92,0.44,0.92,0,0,0.8399999999999999,,0.92
yeast,mlp-nosuite,0.6172506738544474,0.7059430427120151,0.8378378378378378,0.8108108108108109,0,0,0.7837837837837838,,0.7297297297297297,0.8378378378378378,0.8108108108108109,0,0,0.7837837837837838,,0.7297297297297297,0.8378378378378378,0.8108108108108109,0,0,0.7837837837837838,,0.7297297297297297,0.8378378378378378,0.8108108108108109,0,0,0.7837837837837838,,0.7297297297297297
yeast,mlp-nosuite,0.6172506738544474,0.854184224069063,0.972972972972973,0.972972972972973,0,0,0.9459459459459459,0.918918918918919,0.918918918918919,0.972972972972973,0.972972972972973,0,0,0.9459459459459459,0.918918918918919,0.918918918918919,0.972972972972973,0.972972972972973,0,0,0.9459459459459459,0.918918918918919,0.918918918918919,0.972972972972973,0.972972972972973,0,0,0.9459459459459459,0.918918918918919,0.918918918918919
yeast,mlp-nosuite,0.6172506738544474,0.7687061589797701,0.8648648648648649,0.8648648648648649,0,0,0.6756756756756757,,0.9459459459459459,0.8648648648648649,0.8648648648648649,0,0,0.6756756756756757,,0.9459459459459459,0.8648648648648649,0.8648648648648649,0,0,0.6756756756756757,,0.9459459459459459,0.8648648648648649,0.8648648648648649,0,0,0.6756756756756757,,0.9459459459459459
yeast,mlp-nosuite,0.6172506738544474,0.8153871353725672,0.918918918918919,0.972972972972973,0,0,0.972972972972973,,0.8918918918918919,0.918918918918919,0.972972972972973,0,0,0.972972972972973,,0.8918918918918919,0.918918918918919,0.972972972972973,0,0,0.972972972972973,,0.8918918918918919,0.918918918918919,0.972972972972973,0,0,0.972972972972973,,0.8918918918918919
yeast,mlp-nosuite,0.6172506738544474,0.8517713481033629,0.7837837837837838,0.8918918918918919,0,0,0.8108108108108109,,0.8378378378378378,0.7837837837837838,0.8918918918918919,0,0,0.8108108108108109,,0.8378378378378378,0.7837837837837838,0.8918918918918919,0,0,0.8108108108108109,,0.8378378378378378,0.7837837837837838,0.8918918918918919,0,0,0.8108108108108109,,0.8378378378378378
yeast,mlp-nosuite,0.6172506738544474,0.4910007150414382,0.7027027027027027,0.7027027027027027,0,0,0.5675675675675675,,0.6216216216216216,0.7027027027027027,0.7027027027027027,0,0,0.5675675675675675,,0.6216216216216216,0.7027027027027027,0.7027027027027027,0,0,0.5675675675675675,,0.6216216216216216,0.7027027027027027,0.7027027027027027,0,0,0.5675675675675675,,0.6216216216216216
yeast,mlp-nosuite,0.6172506738544474,0.6965870220668589,0.8378378378378378,0.918918918918919,0,0,0.8108108108108109,,0.8648648648648649,0.8378378378378378,0.918918918918919,0,0,0.8108108108108109,,0.8648648648648649,0.8378378378378378,0.918918918918919,0,0,0.8108108108108109,,0.8648648648648649,0.8378378378378378,0.918918918918919,0,0,0.8108108108108109,,0.8648648648648649
yeast,mlp-nosuite,0.6172506738544474,0.6082230414329826,0.8648648648648649,0.918918918918919,0,0,0.8918918918918919,,0.8648648648648649,0.8648648648648649,0.918918918918919,0,0,0.8918918918918919,,0.8648648648648649,0.8648648648648649,0.918918918918919,0,0,0.8918918918918919,,0.8648648648648649,0.8648648648648649,0.918918918918919,0,0,0.8918918918918919,,0.8648648648648649
yeast,mlp-nosuite,0.6172506738544474,0.5307691251774221,0.918918918918919,0.8648648648648649,0,0,0.7837837837837838,,0.8918918918918919,0.918918918918919,0.8648648648648649,0,0,0.7837837837837838,,0.8918918918918919,0.918918918918919,0.8648648648648649,0,0,0.7837837837837838,,0.8918918918918919,0.918918918918919,0.8648648648648649,0,0,0.7837837837837838,,0.8918918918918919
yeast,mlp-nosuite,0.6172506738544474,0.5898136535651094,0.918918918918919,0.9459459459459459,0,0,0.8918918918918919,,0.9459459459459459,0.918918918918919,0.9459459459459459,0,0,0.8918918918918919,,0.9459459459459459,0.918918918918919,0.9459459459459459,0,0,0.8918918918918919,,0.9459459459459459,0.918918918918919,0.9459459459459459,0,0,0.8918918918918919,,0.9459459459459459
yeast,mlp-nosuite,0.6172506738544474,0.9769920903358666,0.972972972972973,0.9459459459459459,0,0,0.9459459459459459,,0.9459459459459459,0.972972972972973,0.9459459459459459,0,0,0.9459459459459459,,0.9459459459459459,0.972972972972973,0.9459459459459459,0,0,0.9459459459459459,,0.9459459459459459,0.972972972972973,0.9459459459459459,0,0,0.9459459459459459,,0.9459459459459459
yeast,mlp-nosuite,0.6172506738544474,0.6550089218997267,0.7027027027027027,0.7297297297297297,0,0,0.7027027027027027,,0.7837837837837838,0.7027027027027027,0.7297297297297297,0,0,0.7027027027027027,,0.7837837837837838,0.7027027027027027,0.7297297297297297,0,0,0.7027027027027027,,0.7837837837837838,0.7027027027027027,0.7297297297297297,0,0,0.7027027027027027,,0.7837837837837838
yeast,mlp-nosuite,0.6172506738544474,0.652156417544897,0.8918918918918919,0.972972972972973,0,0,0.9459459459459459,,0.918918918918919,0.8918918918918919,0.972972972972973,0,0,0.9459459459459459,,0.918918918918919,0.8918918918918919,0.972972972972973,0,0,0.9459459459459459,,0.918918918918919,0.8918918918918919,0.972972972972973,0,0,0.9459459459459459,,0.918918918918919
yeast,mlp-nosuite,0.6172506738544474,0.590686225478177,0.8918918918918919,0.972972972972973,0,0,0.8108108108108109,,0.8918918918918919,0.8918918918918919,0.972972972972973,0,0,0.8108108108108109,,0.8918918918918919,0.8918918918918919,0.972972972972973,0,0,0.8108108108108109,,0.8918918918918919,0.8918918918918919,0.972972972972973,0,0,0.8108108108108109,,0.8918918918918919
yeast,mlp-nosuite,0.6172506738544474,0.8068372530401193,0.918918918918919,0.9459459459459459,0,0,1.0,,0.8648648648648649,0.918918918918919,0.9459459459459459,0,0,1.0,,0.8648648648648649,0.918918918918919,0.9459459459459459,0,0,1.0,,0.8648648648648649,0.918918918918919,0.9459459459459459,0,0,1.0,,0.8648648648648649
yeast,mlp-nosuite,0.6172506738544474,0.48720428480289174,0.8918918918918919,0.8918918918918919,0,0,0.8378378378378378,,0.7567567567567568,0.8918918918918919,0.8918918918918919,0,0,0.8378378378378378,,0.7567567567567568,0.8918918918918919,0.8918918918918919,0,0,0.8378378378378378,,0.7567567567567568,0.8918918918918919,0.8918918918918919,0,0,0.8378378378378378,,0.7567567567567567
yeast,mlp-nosuite,0.6172506738544474,0.7066654959328711,0.7567567567567568,0.918918918918919,0,0,0.9459459459459459,,0.7297297297297297,0.7567567567567568,0.918918918918919,0,0,0.9459459459459459,,0.7297297297297297,0.7567567567567568,0.918918918918919,0,0,0.9459459459459459,,0.7297297297297297,0.7567567567567567,0.918918918918919,0,0,0.9459459459459459,,0.7297297297297297
yeast,mlp-nosuite,0.6172506738544474,0.6383887042040087,0.6756756756756757,0.7837837837837838,0,0,0.6216216216216216,,0.6216216216216216,0.6756756756756757,0.7837837837837838,0,0,0.6216216216216216,,0.6216216216216216,0.6756756756756757,0.7837837837837838,0,0,0.6216216216216216,,0.6216216216216216,0.6756756756756757,0.7837837837837838,0,0,0.6216216216216216,,0.6216216216216216
yeast,mlp-nosuite,0.6172506738544474,0.5399032225517664,0.7027027027027027,0.7567567567567568,0,0,0.6216216216216216,,0.5405405405405406,0.7027027027027027,0.7567567567567568,0,0,0.6216216216216216,,0.5405405405405406,0.7027027027027027,0.7567567567567568,0,0,0.6216216216216216,,0.5405405405405406,0.7027027027027027,0.7567567567567567,0,0,0.6216216216216216,,0.5405405405405406
yeast,mlp-nosuite,0.6172506738544474,0.6402846894575331,0.918918918918919,1.0,0,0,1.0,,0.918918918918919,0.918918918918919,1.0,0,0,1.0,,0.918918918918919,0.918918918918919,1.0,0,0,1.0,,0.918918918918919,0.918918918918919,1.0,0,0,1.0,,0.918918918918919
yeast,mlp-nosuite,0.6172506738544474,0.8270420607641638,0.8918918918918919,0.8648648648648649,0,0,0.8918918918918919,0.8648648648648649,0.8108108108108109,0.8918918918918919,0.8648648648648649,0,0,0.8918918918918919,0.8648648648648649,0.8108108108108109,0.8918918918918919,0.8648648648648649,0,0,0.8918918918918919,0.8648648648648649,0.8108108108108109,0.8918918918918919,0.8648648648648649,0,0,0.8918918918918919,0.8648648648648649,0.8108108108108109
yeast,mlp-nosuite,0.6172506738544474,0.9559665576072347,0.6756756756756757,0.7837837837837838,0,0,0.5675675675675675,,0.6486486486486487,0.6756756756756757,0.7837837837837838,0,0,0.5675675675675675,,0.6486486486486487,0.6756756756756757,0.7837837837837838,0,0,0.5675675675675675,,0.6486486486486487,0.6756756756756757,0.7837837837837838,0,0,0.5675675675675675,,0.6486486486486487
yeast,mlp-nosuite,0.6172506738544474,0.7985630197835285,0.7297297297297297,0.8378378378378378,0,0,0.7027027027027027,,0.8918918918918919,0.7297297297297297,0.8378378378378378,0,0,0.7027027027027027,,0.8918918918918919,0.7297297297297297,0.8378378378378378,0,0,0.7027027027027027,,0.8918918918918919,0.7297297297297297,0.8378378378378378,0,0,0.7027027027027027,,0.8918918918918919
yeast,mlp-nosuite,0.6172506738544474,0.6227046815327231,0.9459459459459459,0.972972972972973,0,0,0.8918918918918919,,0.8918918918918919,0.9459459459459459,0.972972972972973,0,0,0.8918918918918919,,0.8918918918918919,0.9459459459459459,0.972972972972973,0,0,0.8918918918918919,,0.8918918918918919,0.9459459459459459,0.972972972972973,0,0,0.8918918918918919,,0.8918918918918919
yeast,mlp-nosuite,0.6172506738544474,0.5224487399404436,0.8648648648648649,0.9459459459459459,0,0,0.7567567567567568,,0.7027027027027027,0.8648648648648649,0.9459459459459459,0,0,0.7567567567567568,,0.7027027027027027,0.8648648648648649,0.9459459459459459,0,0,0.7567567567567568,,0.7027027027027027,0.8648648648648649,0.9459459459459459,0,0,0.7567567567567567,,0.7027027027027027
yeast,mlp-nosuite,0.6172506738544474,0.3891855150835529,0.8108108108108109,0.8648648648648649,0,0,0.5945945945945946,,0.7297297297297297,0.8108108108108109,0.8648648648648649,0,0,0.5945945945945946,,0.7297297297297297,0.8108108108108109,0.8648648648648649,0,0,0.5945945945945946,,0.7297297297297297,0.8108108108108109,0.8648648648648649,0,0,0.5945945945945946,,0.7297297297297297
yeast,mlp-nosuite,0.6172506738544474,0.5911790368740227,0.8648648648648649,0.8648648648648649,0,0,0.8648648648648649,,0.8108108108108109,0.8648648648648649,0.8648648648648649,0,0,0.8648648648648649,,0.8108108108108109,0.8648648648648649,0.8648648648648649,0,0,0.8648648648648649,,0.8108108108108109,0.8648648648648649,0.8648648648648649,0,0,0.8648648648648649,,0.8108108108108109
yeast,mlp-nosuite,0.6172506738544474,0.629670593848274,0.918918918918919,0.918918918918919,0,0,0.8648648648648649,,0.918918918918919,0.918918918918919,0.918918918918919,0,0,0.8648648648648649,,0.918918918918919,0.918918918918919,0.918918918918919,0,0,0.8648648648648649,,0.918918918918919,0.918918918918919,0.918918918918919,0,0,0.8648648648648649,,0.918918918918919
yeast,mlp-nosuite,0.6172506738544474,0.5658438576331523,0.8648648648648649,1.0,0,0,0.972972972972973,,0.8648648648648649,0.8648648648648649,1.0,0,0,0.972972972972973,,0.8648648648648649,0.8648648648648649,1.0,0,0,0.972972972972973,,0.8648648648648649,0.8648648648648649,1.0,0,0,0.972972972972973,,0.8648648648648649
yeast,mlp-nosuite,0.6172506738544474,0.7187024376961156,0.9459459459459459,0.8378378378378378,0,0,0.918918918918919,,0.8918918918918919,0.9459459459459459,0.8378378378378378,0,0,0.918918918918919,,0.8918918918918919,0.9459459459459459,0.8378378378378378,0,0,0.918918918918919,,0.8918918918918919,0.9459459459459459,0.8378378378378378,0,0,0.918918918918919,,0.8918918918918919
yeast,mlp-nosuite,0.6172506738544474,0.5913711080016002,0.8108108108108109,0.8108108108108109,0,0,0.7837837837837838,,0.8378378378378378,0.8108108108108109,0.8108108108108109,0,0,0.7837837837837838,,0.8378378378378378,0.8108108108108109,0.8108108108108109,0,0,0.7837837837837838,,0.8378378378378378,0.8108108108108109,0.8108108108108109,0,0,0.7837837837837838,,0.8378378378378378
yeast,mlp-nosuite,0.6172506738544474,0.5682644820982953,0.8918918918918919,0.8648648648648649,0,0,0.8378378378378378,,0.8648648648648649,0.8918918918918919,0.8648648648648649,0,0,0.8378378378378378,,0.8648648648648649,0.8918918918918919,0.8648648648648649,0,0,0.8378378378378378,,0.8648648648648649,0.8918918918918919,0.8648648648648649,0,0,0.8378378378378378,,0.8648648648648649
yeast,mlp-nosuite,0.6172506738544474,0.5213467113424698,0.918918918918919,0.8648648648648649,0,0,0.8918918918918919,,0.6486486486486487,0.918918918918919,0.8648648648648649,0,0,0.8918918918918919,,0.6486486486486487,0.918918918918919,0.8648648648648649,0,0,0.8918918918918919,,0.6486486486486487,0.918918918918919,0.8648648648648649,0,0,0.8918918918918919,,0.6486486486486487
yeast,mlp-nosuite,0.6172506738544474,0.5031306686464653,0.7837837837837838,0.7567567567567568,0,0,0.7297297297297297,,0.7297297297297297,0.7837837837837838,0.7567567567567568,0,0,0.7297297297297297,,0.7297297297297297,0.7837837837837838,0.7567567567567568,0,0,0.7297297297297297,,0.7297297297297297,0.7837837837837838,0.7567567567567567,0,0,0.7297297297297297,,0.7297297297297297
yeast,mlp-nosuite,0.6172506738544474,0.5884111482706388,0.972972972972973,0.918918918918919,0,0,0.7567567567567568,,0.918918918918919,0.972972972972973,0.918918918918919,0,0,0.7567567567567568,,0.918918918918919,0.972972972972973,0.918918918918919,0,0,0.7567567567567568,,0.918918918918919,0.972972972972973,0.918918918918919,0,0,0.7567567567567567,,0.918918918918919
yeast,mlp-nosuite,0.6172506738544474,0.7866950662633221,0.7837837837837838,0.7567567567567568,0,0,0.6756756756756757,,0.7567567567567568,0.7837837837837838,0.7567567567567568,0,0,0.6756756756756757,,0.7567567567567568,0.7837837837837838,0.7567567567567568,0,0,0.6756756756756757,,0.7567567567567568,0.7837837837837838,0.7567567567567567,0,0,0.6756756756756757,,0.7567567567567567
yeast,mlp-nosuite,0.6172506738544474,0.5447268803985967,0.6486486486486487,0.6756756756756757,0,0,0.7837837837837838,,0.5945945945945946,0.6486486486486487,0.6756756756756757,0,0,0.7837837837837838,,0.5945945945945946,0.6486486486486487,0.6756756756756757,0,0,0.7837837837837838,,0.5945945945945946,0.6486486486486487,0.6756756756756757,0,0,0.7837837837837838,,0.5945945945945946
yeast,mlp-nosuite,0.6172506738544474,0.8144204226766092,0.9459459459459459,0.9459459459459459,0,0,0.918918918918919,,0.8378378378378378,0.9459459459459459,0.9459459459459459,0,0,0.918918918918919,,0.8378378378378378,0.9459459459459459,0.9459459459459459,0,0,0.918918918918919,,0.8378378378378378,0.9459459459459459,0.9459459459459459,0,0,0.918918918918919,,0.8378378378378378
yeast,mlp-nosuite,0.6172506738544474,0.8891864317831109,0.9459459459459459,1.0,0,0,1.0,,0.918918918918919,0.9459459459459459,1.0,0,0,1.0,,0.918918918918919,0.9459459459459459,1.0,0,0,1.0,,0.918918918918919,0.9459459459459459,1.0,0,0,1.0,,0.918918918918919
yeast,mlp-nosuite,0.6172506738544474,0.28133881938989935,0.8648648648648649,1.0,0,0,0.918918918918919,,0.7297297297297297,0.8648648648648649,1.0,0,0,0.918918918918919,,0.7297297297297297,0.8648648648648649,1.0,0,0,0.918918918918919,,0.7297297297297297,0.8648648648648649,1.0,0,0,0.918918918918919,,0.7297297297297297
yeast,mlp-nosuite,0.6172506738544474,0.6859127235089117,0.8918918918918919,0.8918918918918919,0,0,0.9459459459459459,,0.8378378378378378,0.8918918918918919,0.8918918918918919,0,0,0.9459459459459459,,0.8378378378378378,0.8918918918918919,0.8918918918918919,0,0,0.9459459459459459,,0.8378378378378378,0.8918918918918919,0.8918918918918919,0,0,0.9459459459459459,,0.8378378378378378
yeast,mlp-nosuite,0.6172506738544474,0.6731378428486091,0.8918918918918919,0.9459459459459459,0,0,0.918918918918919,,0.8648648648648649,0.8918918918918919,0.9459459459459459,0,0,0.918918918918919,,0.8648648648648649,0.8918918918918919,0.9459459459459459,0,0,0.918918918918919,,0.8648648648648649,0.8918918918918919,0.9459459459459459,0,0,0.918918918918919,,0.8648648648648649
yeast,mlp-nosuite,0.6172506738544474,0.35038552062983414,0.7837837837837838,0.8108108108108109,0,0,0.8378378378378378,,0.5945945945945946,0.7837837837837838,0.8108108108108109,0,0,0.8378378378378378,,0.5945945945945946,0.7837837837837838,0.8108108108108109,0,0,0.8378378378378378,,0.5945945945945946,0.7837837837837838,0.8108108108108109,0,0,0.8378378378378378,,0.5945945945945946
yeast,mlp-nosuite,0.6172506738544474,0.6058491647689342,0.6756756756756757,0.7027027027027027,0,0,0.7567567567567568,,0.7837837837837838,0.6756756756756757,0.7027027027027027,0,0,0.7567567567567568,,0.7837837837837838,0.6756756756756757,0.7027027027027027,0,0,0.7567567567567568,,0.7837837837837838,0.6756756756756757,0.7027027027027027,0,0,0.7567567567567567,,0.7837837837837838
yeast,mlp-nosuite,0.6172506738544474,0.9422417409954973,0.8648648648648649,0.9459459459459459,0,0,0.8378378378378378,,0.8648648648648649,0.8648648648648649,0.9459459459459459,0,0,0.8378378378378378,,0.8648648648648649,0.8648648648648649,0.9459459459459459,0,0,0.8378378378378378,,0.8648648648648649,0.8648648648648649,0.9459459459459459,0,0,0.8378378378378378,,0.8648648648648649
yeast,mlp-nosuite,0.6172506738544474,0.7328804053498051,0.918918918918919,0.9459459459459459,0,0,0.9459459459459459,,0.9459459459459459,0.918918918918919,0.9459459459459459,0,0,0.9459459459459459,,0.9459459459459459,0.918918918918919,0.9459459459459459,0,0,0.9459459459459459,,0.9459459459459459,0.918918918918919,0.9459459459459459,0,0,0.9459459459459459,,0.9459459459459459
yeast,mlp-nosuite,0.6172506738544474,0.3486443412971777,0.918918918918919,1.0,0,0,0.9459459459459459,,0.8648648648648649,0.918918918918919,1.0,0,0,0.9459459459459459,,0.8648648648648649,0.918918918918919,1.0,0,0,0.9459459459459459,,0.8648648648648649,0.918918918918919,1.0,0,0,0.9459459459459459,,0.8648648648648649
yeast,mlp-nosuite,0.6172506738544474,0.6434217995854417,0.9459459459459459,0.9459459459459459,0,0,0.8918918918918919,,0.9459459459459459,0.9459459459459459,0.9459459459459459,0,0,0.8918918918918919,,0.9459459459459459,0.9459459459459459,0.9459459459459459,0,0,0.8918918918918919,,0.9459459459459459,0.9459459459459459,0.9459459459459459,0,0,0.8918918918918919,,0.9459459459459459
yeast,mlp-nosuite,0.6172506738544474,0.7272889805060853,0.7297297297297297,0.7567567567567568,0,0,0.8648648648648649,,0.8918918918918919,0.7297297297297297,0.7567567567567568,0,0,0.8648648648648649,,0.8918918918918919,0.7297297297297297,0.7567567567567568,0,0,0.8648648648648649,,0.8918918918918919,0.7297297297297297,0.7567567567567567,0,0,0.8648648648648649,,0.8918918918918919
yeast,mlp-nosuite,0.6172506738544474,0.8009345249963874,0.8108108108108109,0.8378378378378378,0,0,0.8648648648648649,,0.8648648648648649,0.8108108108108109,0.8378378378378378,0,0,0.8648648648648649,,0.8648648648648649,0.8108108108108109,0.8378378378378378,0,0,0.8648648648648649,,0.8648648648648649,0.8108108108108109,0.8378378378378378,0,0,0.8648648648648649,,0.8648648648648649
rmftsa,mlp-nosuite,0.51953125,0.4392036268962049,1.0,1.0,0,0,0.96,,1.0,1.0,1.0,0,0,0.96,,1.0,1.0,1.0,0,0,0.96,,1.0,1.0,1.0,0,0,0.96,,1.0
rmftsa,mlp-nosuite,0.51953125,0.4680882890516091,0.8,0.96,0,0,0.88,,0.92,0.8,0.96,0,0,0.88,,0.92,0.8,0.96,0,0,0.88,,0.92,0.8000000000000002,0.96,0,0,0.88,,0.92
rmftsa,mlp-nosuite,0.51953125,0.38564920294868216,0.44,0.84,0,0,0.88,,0.32,0.44,0.84,0,0,0.88,,0.32,0.44,0.84,0,0,0.88,,0.32,0.44,0.8399999999999999,0,0,0.88,,0.32
rmftsa,mlp-nosuite,0.51953125,0.4703688216831583,0.6,0.76,0,0,0.72,,0.6,0.6,0.76,0,0,0.72,,0.6,0.6,0.76,0,0,0.72,,0.6,0.6,0.76,0,0,0.72,,0.6
rmftsa,mlp-nosuite,0.51953125,0.6230154375875949,1.0,1.0,0,0,1.0,,1.0,1.0,1.0,0,0,1.0,,1.0,1.0,1.0,0,0,1.0,,1.0,1.0,1.0,0,0,1.0,,1.0
rmftsa,mlp-nosuite,0.51953125,0.520291675712967,1.0,1.0,0,0,1.0,,1.0,1.0,1.0,0,0,1.0,,1.0,1.0,1.0,0,0,1.0,,1.0,1.0,1.0,0,0,1.0,,1.0
rmftsa,mlp-nosuite,0.51953125,0.4226854137332023,0.72,0.8,0,0,0.96,,0.72,0.72,0.8,0,0,0.96,,0.72,0.72,0.8,0,0,0.96,,0.72,0.72,0.8000000000000002,0,0,0.96,,0.72
rmftsa,mlp-nosuite,0.51953125,0.5311366699227706,1.0,1.0,0,0,1.0,,1.0,1.0,1.0,0,0,1.0,,1.0,1.0,1.0,0,0,1.0,,1.0,1.0,1.0,0,0,1.0,,1.0
rmftsa,mlp-nosuite,0.51953125,0.49625395118885585,0.72,0.84,0,0,0.88,,0.88,0.72,0.84,0,0,0.88,,0.88,0.72,0.84,0,0,0.88,,0.88,0.72,0.8399999999999999,0,0,0.88,,0.88
rmftsa,mlp-nosuite,0.51953125,0.5158761279858914,1.0,1.0,0,0,1.0,,1.0,1.0,1.0,0,0,1.0,,1.0,1.0,1.0,0,0,1.0,,1.0,1.0,1.0,0,0,1.0,,1.0
rmftsa,mlp-nosuite,0.51953125,0.7531628560102336,1.0,1.0,0,0,1.0,,1.0,1.0,1.0,0,0,1.0,,1.0,1.0,1.0,0,0,1.0,,1.0,1.0,1.0,0,0,1.0,,1.0
rmftsa,mlp-nosuite,0.51953125,0.5581282006345757,0.72,1.0,0,0,1.0,,0.88,0.72,1.0,0,0,1.0,,0.88,0.72,1.0,0,0,1.0,,0.88,0.72,1.0,0,0,1.0,,0.88
rmftsa,mlp-nosuite,0.51953125,0.4892391385789344,0.56,1.0,0,0,0.96,,0.96,0.56,1.0,0,0,0.96,,0.96,0.56,1.0,0,0,0.96,,0.96,0.56,1.0,0,0,0.96,,0.96
rmftsa,mlp-nosuite,0.51953125,0.44989282848458323,0.36,0.92,0,0,0.92,,0.92,0.36,0.92,0,0,0.92,,0.92,0.36,0.92,0,0,0.92,,0.92,0.36,0.92,0,0,0.92,,0.92
rmftsa,mlp-nosuite,0.51953125,0.5014428846574492,1.0,1.0,0,0,1.0,,1.0,1.0,1.0,0,0,1.0,,1.0,1.0,1.0,0,0,1.0,,1.0,1.0,1.0,0,0,1.0,,1.0
rmftsa,mlp-nosuite,0.51953125,0.5396897232801114,0.56,0.96,0,0,0.96,,0.96,0.56,0.96,0,0,0.96,,0.96,0.56,0.96,0,0,0.96,,0.96,0.56,0.96,0,0,0.96,,0.96
rmftsa,mlp-nosuite,0.51953125,0.35938128953713677,0.4,1.0,0,0,1.0,,0.88,0.4,1.0,0,0,1.0,,0.88,0.4,1.0,0,0,1.0,,0.88,0.4000000000000001,1.0,0,0,1.0,,0.88
rmftsa,mlp-nosuite,0.51953125,0.5158761279858914,1.0,1.0,0,0,1.0,,1.0,1.0,1.0,0,0,1.0,,1.0,1.0,1.0,0,0,1.0,,1.0,1.0,1.0,0,0,1.0,,1.0
rmftsa,mlp-nosuite,0.51953125,0.5456845771163488,0.48,1.0,0,0,0.88,,1.0,0.48,1.0,0,0,0.88,,1.0,0.48,1.0,0,0,0.88,,1.0,0.48,1.0,0,0,0.88,,1.0
rmftsa,mlp-nosuite,0.51953125,0.5783612720130417,1.0,1.0,0,0,1.0,,1.0,1.0,1.0,0,0,1.0,,1.0,1.0,1.0,0,0,1.0,,1.0,1.0,1.0,0,0,1.0,,1.0
rmftsa,mlp-nosuite,0.51953125,0.4456303814003765,1.0,1.0,0,0,1.0,,1.0,1.0,1.0,0,0,1.0,,1.0,1.0,1.0,0,0,1.0,,1.0,1.0,1.0,0,0,1.0,,1.0
rmftsa,mlp-nosuite,0.51953125,0.4288145439547315,0.48,0.76,0,0,0.92,,0.68,0.48,0.76,0,0,0.92,,0.68,0.48,0.76,0,0,0.92,,0.68,0.48,0.76,0,0,0.92,,0.68
rmftsa,mlp-nosuite,0.51953125,0.3624132567773058,0.68,1.0,0,0,0.6,,0.6,0.68,1.0,0,0,0.6,,0.6,0.68,1.0,0,0,0.6,,0.6,0.68,1.0,0,0,0.6,,0.6
rmftsa,mlp-nosuite,0.51953125,0.6780616434441902,1.0,1.0,0,0,1.0,,1.0,1.0,1.0,0,0,1.0,,1.0,1.0,1.0,0,0,1.0,,1.0,1.0,1.0,0,0,1.0,,1.0
rmftsa,mlp-nosuite,0.51953125,0.3611232315319938,0.6,0.76,0,0,0.84,,0.76,0.6,0.76,0,0,0.84,,0.76,0.6,0.76,0,0,0.84,,0.76,0.6,0.76,0,0,0.8399999999999999,,0.76
rmftsa,mlp-nosuite,0.51953125,0.4401701803855752,0.48,0.88,0,0,0.92,,0.56,0.48,0.88,0,0,0.92,,0.56,0.48,0.88,0,0,0.92,,0.56,0.48,0.88,0,0,0.92,,0.56
rmftsa,mlp-nosuite,0.51953125,0.3485186007507078,0.88,0.96,0,0,0.96,,0.08,0.88,0.96,0,0,0.96,,0.08,0.88,0.96,0,0,0.96,,0.08,0.88,0.96,0,0,0.96,,0.08
rmftsa,mlp-nosuite,0.51953125,0.37886713392700194,0.44,0.92,0,0,0.56,,0.52,0.44,0.92,0,0,0.56,,0.52,0.44,0.92,0,0,0.56,,0.52,0.44,0.92,0,0,0.56,,0.52
rmftsa,mlp-nosuite,0.51953125,0.38827933639630735,0.92,1.0,0,0,0.92,,0.92,0.92,1.0,0,0,0.92,,0.92,0.92,1.0,0,0,0.92,,0.92,0.92,1.0,0,0,0.92,,0.92
rmftsa,mlp-nosuite,0.51953125,0.4475831013526873,0.56,1.0,0,0,0.96,,0.68,0.56,1.0,0,0,0.96,,0.68,0.56,1.0,0,0,0.96,,0.68,0.56,1.0,0,0,0.96,,0.68
rmftsa,mlp-nosuite,0.51953125,0.4438870522930624,0.88,0.96,0,0,0.72,,0.88,0.88,0.96,0,0,0.72,,0.88,0.88,0.96,0,0,0.72,,0.88,0.88,0.96,0,0,0.72,,0.88
rmftsa,mlp-nosuite,0.51953125,0.5132620708641707,0.56,0.96,0,0,0.96,,0.96,0.56,0.96,0,0,0.96,,0.96,0.56,0.96,0,0,0.96,,0.96,0.56,0.96,0,0,0.96,,0.96
rmftsa,mlp-nosuite,0.51953125,0.44989282848458323,0.36,0.92,0,0,0.92,,0.92,0.36,0.92,0,0,0.92,,0.92,0.36,0.92,0,0,0.92,,0.92,0.36,0.92,0,0,0.92,,0.92
rmftsa,mlp-nosuite,0.51953125,0.5127439525902301,0.76,1.0,0,0,0.84,,1.0,0.76,1.0,0,0,0.84,,1.0,0.76,1.0,0,0,0.84,,1.0,0.76,1.0,0,0,0.8399999999999999,,1.0
rmftsa,mlp-nosuite,0.51953125,0.4265822353234696,0.96,1.0,0,0,0.56,,0.96,0.96,1.0,0,0,0.56,,0.96,0.96,1.0,0,0,0.56,,0.96,0.96,1.0,0,0,0.56,,0.96
rmftsa,mlp-nosuite,0.51953125,0.31291340953320335,0.76,0.8,0,0,0.68,,0.92,0.76,0.8,0,0,0.68,,0.92,0.76,0.8,0,0,0.68,,0.92,0.76,0.8000000000000002,0,0,0.68,,0.92
rmftsa,mlp-nosuite,0.51953125,0.7474234009596294,1.0,1.0,0,0,0.92,,1.0,1.0,1.0,0,0,0.92,,1.0,1.0,1.0,0,0,0.92,,1.0,1.0,1.0,0,0,0.92,,1.0
rmftsa,mlp-nosuite,0.51953125,0.7021555422619946,0.52,0.8,0,0,0.8,,0.44,0.52,0.8,0,0,0.8,,0.44,0.52,0.8,0,0,0.8,,0.44,0.52,0.8000000000000002,0,0,0.8000000000000002,,0.44
rmftsa,mlp-nosuite,0.51953125,0.6693014042358258,1.0,1.0,0,0,1.0,,1.0,1.0,1.0,0,0,1.0,,1.0,1.0,1.0,0,0,1.0,,1.0,1.0,1.0,0,0,1.0,,1.0
rmftsa,mlp-nosuite,0.51953125,0.6072713925299179,0.52,0.92,0,0,0.84,,0.6,0.52,0.92,0,0,0.84,,0.6,0.52,0.92,0,0,0.84,,0.6,0.52,0.92,0,0,0.8399999999999999,,0.6
rmftsa,mlp-nosuite,0.51953125,0.5333874826807956,0.52,1.0,0,0,0.96,,0.72,0.52,1.0,0,0,0.96,,0.72,0.52,1.0,0,0,0.96,,0.72,0.52,1.0,0,0,0.96,,0.72
rmftsa,mlp-nosuite,0.51953125,0.5418247329734285,0.48,1.0,0,0,0.8,,0.96,0.48,1.0,0,0,0.8,,0.96,0.48,1.0,0,0,0.8,,0.96,0.48,1.0,0,0,0.8000000000000002,,0.96
rmftsa,mlp-nosuite,0.51953125,0.395107974859115,0.96,1.0,0,0,1.0,,0.96,0.96,1.0,0,0,1.0,,0.96,0.96,1.0,0,0,1.0,,0.96,0.96,1.0,0,0,1.0,,0.96
rmftsa,mlp-nosuite,0.51953125,0.38335667942516033,0.6,0.76,0,0,0.72,,0.6,0.6,0.76,0,0,0.72,,0.6,0.6,0.76,0,0,0.72,,0.6,0.6,0.76,0,0,0.72,,0.6
rmftsa,mlp-nosuite,0.51953125,0.7040457232294485,0.68,0.96,0,0,0.68,,0.84,0.68,0.96,0,0,0.68,,0.84,0.68,0.96,0,0,0.68,,0.84,0.68,0.96,0,0,0.68,,0.8399999999999999
rmftsa,mlp-nosuite,0.51953125,0.5158761279858914,1.0,1.0,0,0,1.0,,1.0,1.0,1.0,0,0,1.0,,1.0,1.0,1.0,0,0,1.0,,1.0,1.0,1.0,0,0,1.0,,1.0
rmftsa,mlp-nosuite,0.51953125,0.395107974859115,0.96,1.0,0,0,1.0,,0.96,0.96,1.0,0,0,1.0,,0.96,0.96,1.0,0,0,1.0,,0.96,0.96,1.0,0,0,1.0,,0.96
rmftsa,mlp-nosuite,0.51953125,0.3153505181775724,0.76,0.88,0,0,0.72,,0.76,0.76,0.88,0,0,0.72,,0.76,0.76,0.88,0,0,0.72,,0.76,0.76,0.88,0,0,0.72,,0.76
rmftsa,mlp-nosuite,0.51953125,0.3824358787610816,0.6,0.76,0,0,0.72,,0.8,0.6,0.76,0,0,0.72,,0.8,0.6,0.76,0,0,0.72,,0.8,0.6,0.76,0,0,0.72,,0.8000000000000002
rmftsa,mlp-nosuite,0.51953125,0.44653845367383727,0.44,0.92,0,0,0.84,,0.92,0.44,0.92,0,0,0.84,,0.92,0.44,0.92,0,0,0.84,,0.92,0.44,0.92,0,0,0.8399999999999999,,0.92
banknote-authentication,mlp-nosuite,1.0,0.9996715727380836,1.0,1.0,0,0,0.9117647058823529,0.9117647058823529,1.0,1.0,1.0,0,0,1.0,1.0,1.0,1.0,1.0,0,0,0.9117647058823529,0.9117647058823529,1.0,1.0,1.0,0,0,0.9538461538461539,0.9538461538461539,1.0
banknote-authentication,mlp-nosuite,1.0,0.9999907078329328,1.0,1.0,0,0,1.0,0.9705882352941176,1.0,1.0,1.0,0,0,1.0,1.0,1.0,1.0,1.0,0,0,1.0,0.9705882352941176,1.0,1.0,1.0,0,0,1.0,0.9850746268656716,1.0
banknote-authentication,mlp-nosuite,1.0,0.9995782616221618,0.9705882352941176,1.0,0,0,0.9705882352941176,0.9411764705882353,1.0,1.0,1.0,0,0,1.0,1.0,1.0,0.9705882352941176,1.0,0,0,0.9705882352941176,0.9411764705882353,1.0,0.9850746268656716,1.0,0,0,0.9850746268656716,0.9696969696969697,1.0
banknote-authentication,mlp-nosuite,1.0,0.9967715715625176,0.8235294117647058,1.0,0,0,0.9705882352941176,0.9411764705882353,0.9411764705882353,1.0,1.0,0,0,1.0,1.0,1.0,0.8235294117647058,1.0,0,0,0.9705882352941176,0.9411764705882353,0.9411764705882353,0.9032258064516129,1.0,0,0,0.9850746268656716,0.9696969696969697,0.9696969696969697
banknote-authentication,mlp-nosuite,1.0,0.9995319645941872,1.0,0.9705882352941176,0,0,0.8823529411764706,0.8529411764705882,0.8529411764705882,1.0,0.96875,0,0,1.0,1.0,0.9642857142857143,1.0,1.0,0,0,0.8709677419354839,0.8387096774193549,0.8709677419354839,1.0,0.9841269841269841,0,0,0.9310344827586207,0.9122807017543859,0.9152542372881356
banknote-authentication,mlp-nosuite,1.0,0.9999965941274134,1.0,1.0,0,0,0.9705882352941176,0.7058823529411765,0.7941176470588235,1.0,1.0,0,0,0.9583333333333334,0.696969696969697,0.7666666666666667,1.0,1.0,0,0,1.0,1.0,1.0,1.0,1.0,0,0,0.9787234042553191,0.8214285714285715,0.8679245283018869
banknote-authentication,mlp-nosuite,1.0,0.9997851658725867,1.0,1.0,0,0,1.0,1.0,1.0,1.0,1.0,0,0,1.0,1.0,1.0,1.0,1.0,0,0,1.0,1.0,1.0,1.0,1.0,0,0,1.0,1.0,1.0
banknote-authentication,mlp-nosuite,1.0,0.9999687248528396,1.0,1.0,0,0,1.0,1.0,1.0,1.0,1.0,0,0,1.0,1.0,1.0,1.0,1.0,0,0,1.0,1.0,1.0,1.0,1.0,0,0,1.0,1.0,1.0
banknote-authentication,mlp-nosuite,1.0,0.9989479501283376,1.0,1.0,0,0,0.9705882352941176,0.7058823529411765,0.9411764705882353,1.0,1.0,0,0,1.0,0.8275862068965517,0.9354838709677419,1.0,1.0,0,0,0.9655172413793104,0.8275862068965517,1.0,1.0,1.0,0,0,0.9824561403508771,0.8275862068965517,0.9666666666666666
banknote-authentication,mlp-nosuite,1.0,0.999903852748675,1.0,1.0,0,0,1.0,0.9705882352941176,1.0,1.0,1.0,0,0,1.0,1.0,1.0,1.0,1.0,0,0,1.0,0.9705882352941176,1.0,1.0,1.0,0,0,1.0,0.9850746268656716,1.0
banknote-authentication,mlp-nosuite,1.0,0.9593156939090443,0.9705882352941176,1.0,0,0,1.0,0.8823529411764706,0.9117647058823529,1.0,1.0,0,0,1.0,0.8333333333333334,1.0,0.9375,1.0,0,0,1.0,0.9375,0.8125,0.967741935483871,1.0,0,0,1.0,0.8823529411764706,0.896551724137931
banknote-authentication,mlp-nosuite,1.0,0.999892351065744,1.0,0.9705882352941176,0,0,1.0,0.9117647058823529,1.0,1.0,0.9705882352941176,0,0,1.0,0.96875,1.0,1.0,1.0,0,0,1.0,0.9393939393939394,1.0,1.0,0.9850746268656716,0,0,1.0,0.9538461538461539,1.0
banknote-authentication,mlp-nosuite,1.0,0.9999825994563841,1.0,1.0,0,0,0.9117647058823529,1.0,1.0,1.0,1.0,0,0,1.0,1.0,1.0,1.0,1.0,0,0,0.9117647058823529,1.0,1.0,1.0,1.0,0,0,0.9538461538461539,1.0,1.0
banknote-authentication,mlp-nosuite,1.0,0.9998616390009727,0.9705882352941176,1.0,0,0,0.9705882352941176,1.0,1.0,1.0,1.0,0,0,1.0,1.0,1.0,0.9705882352941176,1.0,0,0,0.9705882352941176,1.0,1.0,0.9850746268656716,1.0,0,0,0.9850746268656716,1.0,1.0
banknote-authentication,mlp-nosuite,1.0,0.9847440936365887,1.0,0.9705882352941176,0,0,0.8235294117647058,0.7647058823529411,0.8529411764705882,1.0,0.9705882352941176,0,0,1.0,0.9629629629629629,1.0,1.0,1.0,0,0,0.8181818181818182,0.7878787878787878,0.8484848484848485,1.0,0.9850746268656716,0,0,0.9,0.8666666666666665,0.9180327868852458
banknote-authentication,mlp-nosuite,1.0,0.999598764649163,1.0,0.9705882352941176,0,0,0.9117647058823529,0.7352941176470589,0.8529411764705882,1.0,1.0,0,0,1.0,1.0,1.0,1.0,0.967741935483871,0,0,0.9032258064516129,0.7096774193548387,0.8387096774193549,1.0,0.9836065573770492,0,0,0.9491525423728813,0.8301886792452831,0.9122807017543859
banknote-authentication,mlp-nosuite,1.0,0.9997890372479821,1.0,0.9705882352941176,0,0,0.9705882352941176,0.6764705882352942,1.0,1.0,1.0,0,0,1.0,1.0,1.0,1.0,0.967741935483871,0,0,0.967741935483871,0.6451612903225806,1.0,1.0,0.9836065573770492,0,0,0.9836065573770492,0.7843137254901961,1.0
banknote-authentication,mlp-nosuite,1.0,0.9959960580579492,0.9705882352941176,1.0,0,0,1.0,0.7058823529411765,0.8529411764705882,1.0,1.0,0,0,1.0,1.0,0.9545454545454546,0.96,1.0,0,0,1.0,0.6,0.84,0.9795918367346939,1.0,0,0,1.0,0.7499999999999999,0.8936170212765958
banknote-authentication,mlp-nosuite,1.0,0.9999649128497563,1.0,1.0,0,0,1.0,0.9705882352941176,1.0,1.0,1.0,0,0,1.0,1.0,1.0,1.0,1.0,0,0,1.0,0.9705882352941176,1.0,1.0,1.0,0,0,1.0,0.9850746268656716,1.0
banknote-authentication,mlp-nosuite,1.0,0.9999842347552793,1.0,1.0,0,0,1.0,1.0,1.0,1.0,1.0,0,0,1.0,1.0,1.0,1.0,1.0,0,0,1.0,1.0,1.0,1.0,1.0,0,0,1.0,1.0,1.0
banknote-authentication,mlp-nosuite,1.0,0.9999975413414801,1.0,1.0,0,0,1.0,0.7058823529411765,0.7352941176470589,1.0,1.0,0,0,1.0,0.6875,0.7096774193548387,1.0,1.0,0,0,1.0,1.0,1.0,1.0,1.0,0,0,1.0,0.8148148148148148,0.8301886792452831
banknote-authentication,mlp-nosuite,1.0,0.9958053479484174,0.7941176470588235,0.9705882352941176,0,0,0.9411764705882353,0.6470588235294118,1.0,1.0,0.9696969696969697,0,0,1.0,1.0,1.0,0.78125,1.0,0,0,0.9375,0.625,1.0,0.8771929824561403,0.9846153846153847,0,0,0.967741935483871,0.7692307692307693,1.0
banknote-authentication,mlp-nosuite,1.0,0.9999339841516157,1.0,1.0,0,0,1.0,1.0,1.0,1.0,1.0,0,0,1.0,1.0,1.0,1.0,1.0,0,0,1.0,1.0,1.0,1.0,1.0,0,0,1.0,1.0,1.0
banknote-authentication,mlp-nosuite,1.0,0.9999116842643319,1.0,1.0,0,0,1.0,1.0,1.0,1.0,1.0,0,0,1.0,1.0,1.0,1.0,1.0,0,0,1.0,1.0,1.0,1.0,1.0,0,0,1.0,1.0,1.0
banknote-authentication,mlp-nosuite,1.0,0.8737376421163819,0.9705882352941176,1.0,0,0,1.0,0.6176470588235294,0.9117647058823529,1.0,1.0,0,0,1.0,0.5714285714285714,1.0,0.9285714285714286,1.0,0,0,1.0,0.2857142857142857,0.7857142857142857,0.962962962962963,1.0,0,0,1.0,0.38095238095238093,0.88
banknote-authentication,mlp-nosuite,1.0,0.999922722621713,1.0,1.0,0,0,1.0,1.0,1.0,1.0,1.0,0,0,1.0,1.0,1.0,1.0,1.0,0,0,1.0,1.0,1.0,1.0,1.0,0,0,1.0,1.0,1.0
banknote-authentication,mlp-nosuite,1.0,0.9991779122263149,1.0,1.0,0,0,0.9411764705882353,0.6764705882352942,0.9117647058823529,1.0,1.0,0,0,1.0,1.0,1.0,1.0,1.0,0,0,0.9411764705882353,0.6764705882352942,0.9117647058823529,1.0,1.0,0,0,0.9696969696969697,0.8070175438596492,0.9538461538461539
banknote-authentication,mlp-nosuite,1.0,0.9998863983704348,1.0,1.0,0,0,1.0,0.9705882352941176,1.0,1.0,1.0,0,0,1.0,1.0,1.0,1.0,1.0,0,0,1.0,0.9705882352941176,1.0,1.0,1.0,0,0,1.0,0.9850746268656716,1.0
banknote-authentication,mlp-nosuite,1.0,0.693438046194788,1.0,1.0,0,0,1.0,0.9117647058823529,0.7941176470588235,1.0,1.0,0,0,1.0,0.8333333333333334,1.0,1.0,1.0,0,0,1.0,1.0,0.5333333333333333,1.0,1.0,0,0,1.0,0.9090909090909091,0.6956521739130436
banknote-authentication,mlp-nosuite,1.0,0.9999787367599922,1.0,1.0,0,0,1.0,0.8529411764705882,1.0,1.0,1.0,0,0,1.0,1.0,1.0,1.0,1.0,0,0,1.0,0.8529411764705882,1.0,1.0,1.0,0,0,1.0,0.9206349206349206,1.0
banknote-authentication,mlp-nosuite,1.0,0.9999830581315201,0.9705882352941176,1.0,0,0,1.0,1.0,1.0,1.0,1.0,0,0,1.0,1.0,1.0,0.9705882352941176,1.0,0,0,1.0,1.0,1.0,0.9850746268656716,1.0,0,0,1.0,1.0,1.0
banknote-authentication,mlp-nosuite,1.0,0.9999735141022849,1.0,1.0,0,0,1.0,0.9117647058823529,1.0,1.0,1.0,0,0,1.0,1.0,1.0,1.0,1.0,0,0,1.0,0.9117647058823529,1.0,1.0,1.0,0,0,1.0,0.9538461538461539,1.0
banknote-authentication,mlp-nosuite,1.0,0.9994582287945061,1.0,1.0,0,0,1.0,1.0,0.6176470588235294,1.0,1.0,0,0,1.0,1.0,1.0,1.0,1.0,0,0,1.0,1.0,0.5,1.0,1.0,0,0,1.0,1.0,0.6666666666666666
banknote-authentication,mlp-nosuite,1.0,0.9998488396954847,1.0,1.0,0,0,1.0,1.0,1.0,1.0,1.0,0,0,1.0,1.0,1.0,1.0,1.0,0,0,1.0,1.0,1.0,1.0,1.0,0,0,1.0,1.0,1.0
banknote-authentication,mlp-nosuite,1.0,0.9984030036343169,0.9705882352941176,0.9705882352941176,0,0,1.0,0.7941176470588235,0.9411764705882353,1.0,1.0,0,0,1.0,1.0,1.0,0.9705882352941176,0.9705882352941176,0,0,1.0,0.7941176470588235,0.9411764705882353,0.9850746268656716,0.9850746268656716,0,0,1.0,0.8852459016393442,0.9696969696969697
banknote-authentication,mlp-nosuite,1.0,0.9999184920739265,1.0,1.0,0,0,1.0,1.0,0.9705882352941176,1.0,1.0,0,0,1.0,1.0,1.0,1.0,1.0,0,0,1.0,1.0,0.9705882352941176,1.0,1.0,0,0,1.0,1.0,0.9850746268656716
banknote-authentication,mlp-nosuite,1.0,0.9998511179374847,1.0,1.0,0,0,1.0,0.9705882352941176,1.0,1.0,1.0,0,0,1.0,1.0,1.0,1.0,1.0,0,0,1.0,0.9705882352941176,1.0,1.0,1.0,0,0,1.0,0.9850746268656716,1.0
banknote-authentication,mlp-nosuite,1.0,0.9990029623781582,1.0,1.0,0,0,1.0,0.9411764705882353,1.0,1.0,1.0,0,0,1.0,1.0,1.0,1.0,1.0,0,0,1.0,0.9411764705882353,1.0,1.0,1.0,0,0,1.0,0.9696969696969697,1.0
banknote-authentication,mlp-nosuite,1.0,0.9987745826604794,1.0,1.0,0,0,0.9705882352941176,0.9705882352941176,1.0,1.0,1.0,0,0,1.0,1.0,1.0,1.0,1.0,0,0,0.9705882352941176,0.9705882352941176,1.0,1.0,1.0,0,0,0.9850746268656716,0.9850746268656716,1.0
banknote-authentication,mlp-nosuite,1.0,0.9997748265878384,1.0,1.0,0,0,1.0,1.0,1.0,1.0,1.0,0,0,1.0,1.0,1.0,1.0,1.0,0,0,1.0,1.0,1.0,1.0,1.0,0,0,1.0,1.0,1.0
banknote-authentication,mlp-nosuite,1.0,0.9984740571471774,1.0,0.9705882352941176,0,0,0.9705882352941176,0.5,0.9411764705882353,1.0,0.9705882352941176,0,0,1.0,1.0,1.0,1.0,1.0,0,0,0.9696969696969697,0.48484848484848486,0.9393939393939394,1.0,0.9850746268656716,0,0,0.9846153846153847,0.653061224489796,0.96875
banknote-authentication,mlp-nosuite,1.0,0.9999990842324603,1.0,1.0,0,0,0.9117647058823529,0.8235294117647058,0.9411764705882353,1.0,1.0,0,0,1.0,1.0,0.9285714285714286,1.0,1.0,0,0,0.8846153846153846,0.7692307692307693,1.0,1.0,1.0,0,0,0.9387755102040816,0.8695652173913044,0.962962962962963
banknote-authentication,mlp-nosuite,1.0,0.7971286316254512,0.9705882352941176,1.0,0,0,1.0,0.8235294117647058,0.9705882352941176,1.0,1.0,0,0,1.0,0.7222222222222222,1.0,0.9285714285714286,1.0,0,0,1.0,0.9285714285714286,0.9285714285714286,0.962962962962963,1.0,0,0,1.0,0.8125000000000001,0.962962962962963
banknote-authentication,mlp-nosuite,1.0,0.989043917807739,1.0,0.9705882352941176,0,0,1.0,0.9117647058823529,1.0,1.0,1.0,0,0,1.0,0.8636363636363636,1.0,1.0,0.9473684210526315,0,0,1.0,1.0,1.0,1.0,0.972972972972973,0,0,1.0,0.9268292682926829,1.0
banknote-authentication,mlp-nosuite,1.0,0.9996782189483133,0.9117647058823529,1.0,0,0,1.0,0.7647058823529411,1.0,1.0,1.0,0,0,1.0,1.0,1.0,0.9117647058823529,1.0,0,0,1.0,0.7647058823529411,1.0,0.9538461538461539,1.0,0,0,1.0,0.8666666666666666,1.0
banknote-authentication,mlp-nosuite,1.0,0.9987690347026392,1.0,1.0,0,0,0.9705882352941176,1.0,0.8529411764705882,1.0,1.0,0,0,1.0,1.0,0.8529411764705882,1.0,1.0,0,0,0.9655172413793104,1.0,1.0,1.0,1.0,0,0,0.9824561403508771,1.0,0.9206349206349206
banknote-authentication,mlp-nosuite,1.0,0.9999563347188299,1.0,1.0,0,0,1.0,0.7647058823529411,1.0,1.0,1.0,0,0,1.0,1.0,1.0,1.0,1.0,0,0,1.0,0.7647058823529411,1.0,1.0,1.0,0,0,1.0,0.8666666666666666,1.0
banknote-authentication,mlp-nosuite,1.0,0.9984620988618204,0.8235294117647058,0.9705882352941176,0,0,0.9411764705882353,0.9411764705882353,0.9411764705882353,1.0,1.0,0,0,1.0,1.0,0.9411764705882353,0.8125,0.96875,0,0,0.9375,0.9375,1.0,0.896551724137931,0.9841269841269841,0,0,0.967741935483871,0.967741935483871,0.9696969696969697
banknote-authentication,mlp-nosuite,1.0,0.9999828097080098,1.0,1.0,0,0,1.0,0.9705882352941176,1.0,1.0,1.0,0,0,1.0,1.0,1.0,1.0,1.0,0,0,1.0,0.9705882352941176,1.0,1.0,1.0,0,0,1.0,0.9850746268656716,1.0
banknote-authentication,mlp-nosuite,1.0,0.999153502060915,1.0,1.0,0,0,1.0,0.7647058823529411,0.8235294117647058,1.0,1.0,0,0,1.0,1.0,1.0,1.0,1.0,0,0,1.0,0.7142857142857143,0.7857142857142857,1.0,1.0,0,0,1.0,0.8333333333333333,0.88
yeast,mlp-nosuite,0.6172506738544474,0.7059430427120151,0.8378378378378378,0.8108108108108109,0,0,0.7837837837837838,,0.7297297297297297,0.8378378378378378,0.8108108108108109,0,0,0.7837837837837838,,0.7297297297297297,0.8378378378378378,0.8108108108108109,0,0,0.7837837837837838,,0.7297297297297297,0.8378378378378378,0.8108108108108109,0,0,0.7837837837837838,,0.7297297297297297
yeast,mlp-nosuite,0.6172506738544474,0.854184224069063,0.972972972972973,0.972972972972973,0,0,0.9459459459459459,0.918918918918919,0.918918918918919,0.972972972972973,0.972972972972973,0,0,0.9459459459459459,0.918918918918919,0.918918918918919,0.972972972972973,0.972972972972973,0,0,0.9459459459459459,0.918918918918919,0.918918918918919,0.972972972972973,0.972972972972973,0,0,0.9459459459459459,0.918918918918919,0.918918918918919
yeast,mlp-nosuite,0.6172506738544474,0.7687061589797701,0.8648648648648649,0.8648648648648649,0,0,0.6756756756756757,,0.9459459459459459,0.8648648648648649,0.8648648648648649,0,0,0.6756756756756757,,0.9459459459459459,0.8648648648648649,0.8648648648648649,0,0,0.6756756756756757,,0.9459459459459459,0.8648648648648649,0.8648648648648649,0,0,0.6756756756756757,,0.9459459459459459
yeast,mlp-nosuite,0.6172506738544474,0.8153871353725672,0.918918918918919,0.972972972972973,0,0,0.972972972972973,,0.8918918918918919,0.918918918918919,0.972972972972973,0,0,0.972972972972973,,0.8918918918918919,0.918918918918919,0.972972972972973,0,0,0.972972972972973,,0.8918918918918919,0.918918918918919,0.972972972972973,0,0,0.972972972972973,,0.8918918918918919
yeast,mlp-nosuite,0.6172506738544474,0.8517713481033629,0.7837837837837838,0.8918918918918919,0,0,0.8108108108108109,,0.8378378378378378,0.7837837837837838,0.8918918918918919,0,0,0.8108108108108109,,0.8378378378378378,0.7837837837837838,0.8918918918918919,0,0,0.8108108108108109,,0.8378378378378378,0.7837837837837838,0.8918918918918919,0,0,0.8108108108108109,,0.8378378378378378
yeast,mlp-nosuite,0.6172506738544474,0.4910007150414382,0.7027027027027027,0.7027027027027027,0,0,0.5675675675675675,,0.6216216216216216,0.7027027027027027,0.7027027027027027,0,0,0.5675675675675675,,0.6216216216216216,0.7027027027027027,0.7027027027027027,0,0,0.5675675675675675,,0.6216216216216216,0.7027027027027027,0.7027027027027027,0,0,0.5675675675675675,,0.6216216216216216
yeast,mlp-nosuite,0.6172506738544474,0.6965870220668589,0.8378378378378378,0.918918918918919,0,0,0.8108108108108109,,0.8648648648648649,0.8378378378378378,0.918918918918919,0,0,0.8108108108108109,,0.8648648648648649,0.8378378378378378,0.918918918918919,0,0,0.8108108108108109,,0.8648648648648649,0.8378378378378378,0.918918918918919,0,0,0.8108108108108109,,0.8648648648648649
yeast,mlp-nosuite,0.6172506738544474,0.6082230414329826,0.8648648648648649,0.918918918918919,0,0,0.8918918918918919,,0.8648648648648649,0.8648648648648649,0.918918918918919,0,0,0.8918918918918919,,0.8648648648648649,0.8648648648648649,0.918918918918919,0,0,0.8918918918918919,,0.8648648648648649,0.8648648648648649,0.918918918918919,0,0,0.8918918918918919,,0.8648648648648649
yeast,mlp-nosuite,0.6172506738544474,0.5307691251774221,0.918918918918919,0.8648648648648649,0,0,0.7837837837837838,,0.8918918918918919,0.918918918918919,0.8648648648648649,0,0,0.7837837837837838,,0.8918918918918919,0.918918918918919,0.8648648648648649,0,0,0.7837837837837838,,0.8918918918918919,0.918918918918919,0.8648648648648649,0,0,0.7837837837837838,,0.8918918918918919
yeast,mlp-nosuite,0.6172506738544474,0.5898136535651094,0.918918918918919,0.9459459459459459,0,0,0.8918918918918919,,0.9459459459459459,0.918918918918919,0.9459459459459459,0,0,0.8918918918918919,,0.9459459459459459,0.918918918918919,0.9459459459459459,0,0,0.8918918918918919,,0.9459459459459459,0.918918918918919,0.9459459459459459,0,0,0.8918918918918919,,0.9459459459459459
yeast,mlp-nosuite,0.6172506738544474,0.9769920903358666,0.972972972972973,0.9459459459459459,0,0,0.9459459459459459,,0.9459459459459459,0.972972972972973,0.9459459459459459,0,0,0.9459459459459459,,0.9459459459459459,0.972972972972973,0.9459459459459459,0,0,0.9459459459459459,,0.9459459459459459,0.972972972972973,0.9459459459459459,0,0,0.9459459459459459,,0.9459459459459459
yeast,mlp-nosuite,0.6172506738544474,0.6550089218997267,0.7027027027027027,0.7297297297297297,0,0,0.7027027027027027,,0.7837837837837838,0.7027027027027027,0.7297297297297297,0,0,0.7027027027027027,,0.7837837837837838,0.7027027027027027,0.7297297297297297,0,0,0.7027027027027027,,0.7837837837837838,0.7027027027027027,0.7297297297297297,0,0,0.7027027027027027,,0.7837837837837838
yeast,mlp-nosuite,0.6172506738544474,0.652156417544897,0.8918918918918919,0.972972972972973,0,0,0.9459459459459459,,0.918918918918919,0.8918918918918919,0.972972972972973,0,0,0.9459459459459459,,0.918918918918919,0.8918918918918919,0.972972972972973,0,0,0.9459459459459459,,0.918918918918919,0.8918918918918919,0.972972972972973,0,0,0.9459459459459459,,0.918918918918919
yeast,mlp-nosuite,0.6172506738544474,0.590686225478177,0.8918918918918919,0.972972972972973,0,0,0.8108108108108109,,0.8918918918918919,0.8918918918918919,0.972972972972973,0,0,0.8108108108108109,,0.8918918918918919,0.8918918918918919,0.972972972972973,0,0,0.8108108108108109,,0.8918918918918919,0.8918918918918919,0.972972972972973,0,0,0.8108108108108109,,0.8918918918918919
yeast,mlp-nosuite,0.6172506738544474,0.8068372530401193,0.918918918918919,0.9459459459459459,0,0,1.0,,0.8648648648648649,0.918918918918919,0.9459459459459459,0,0,1.0,,0.8648648648648649,0.918918918918919,0.9459459459459459,0,0,1.0,,0.8648648648648649,0.918918918918919,0.9459459459459459,0,0,1.0,,0.8648648648648649
yeast,mlp-nosuite,0.6172506738544474,0.48720428480289174,0.8918918918918919,0.8918918918918919,0,0,0.8378378378378378,,0.7567567567567568,0.8918918918918919,0.8918918918918919,0,0,0.8378378378378378,,0.7567567567567568,0.8918918918918919,0.8918918918918919,0,0,0.8378378378378378,,0.7567567567567568,0.8918918918918919,0.8918918918918919,0,0,0.8378378378378378,,0.7567567567567567
yeast,mlp-nosuite,0.6172506738544474,0.7066654959328711,0.7567567567567568,0.918918918918919,0,0,0.9459459459459459,,0.7297297297297297,0.7567567567567568,0.918918918918919,0,0,0.9459459459459459,,0.7297297297297297,0.7567567567567568,0.918918918918919,0,0,0.9459459459459459,,0.7297297297297297,0.7567567567567567,0.918918918918919,0,0,0.9459459459459459,,0.7297297297297297
yeast,mlp-nosuite,0.6172506738544474,0.6383887042040087,0.6756756756756757,0.7837837837837838,0,0,0.6216216216216216,,0.6216216216216216,0.6756756756756757,0.7837837837837838,0,0,0.6216216216216216,,0.6216216216216216,0.6756756756756757,0.7837837837837838,0,0,0.6216216216216216,,0.6216216216216216,0.6756756756756757,0.7837837837837838,0,0,0.6216216216216216,,0.6216216216216216
yeast,mlp-nosuite,0.6172506738544474,0.5399032225517664,0.7027027027027027,0.7567567567567568,0,0,0.6216216216216216,,0.5405405405405406,0.7027027027027027,0.7567567567567568,0,0,0.6216216216216216,,0.5405405405405406,0.7027027027027027,0.7567567567567568,0,0,0.6216216216216216,,0.5405405405405406,0.7027027027027027,0.7567567567567567,0,0,0.6216216216216216,,0.5405405405405406
yeast,mlp-nosuite,0.6172506738544474,0.6402846894575331,0.918918918918919,1.0,0,0,1.0,,0.918918918918919,0.918918918918919,1.0,0,0,1.0,,0.918918918918919,0.918918918918919,1.0,0,0,1.0,,0.918918918918919,0.918918918918919,1.0,0,0,1.0,,0.918918918918919
yeast,mlp-nosuite,0.6172506738544474,0.8270420607641638,0.8918918918918919,0.8648648648648649,0,0,0.8918918918918919,0.8648648648648649,0.8108108108108109,0.8918918918918919,0.8648648648648649,0,0,0.8918918918918919,0.8648648648648649,0.8108108108108109,0.8918918918918919,0.8648648648648649,0,0,0.8918918918918919,0.8648648648648649,0.8108108108108109,0.8918918918918919,0.8648648648648649,0,0,0.8918918918918919,0.8648648648648649,0.8108108108108109
yeast,mlp-nosuite,0.6172506738544474,0.9559665576072347,0.6756756756756757,0.7837837837837838,0,0,0.5675675675675675,,0.6486486486486487,0.6756756756756757,0.7837837837837838,0,0,0.5675675675675675,,0.6486486486486487,0.6756756756756757,0.7837837837837838,0,0,0.5675675675675675,,0.6486486486486487,0.6756756756756757,0.7837837837837838,0,0,0.5675675675675675,,0.6486486486486487
yeast,mlp-nosuite,0.6172506738544474,0.7985630197835285,0.7297297297297297,0.8378378378378378,0,0,0.7027027027027027,,0.8918918918918919,0.7297297297297297,0.8378378378378378,0,0,0.7027027027027027,,0.8918918918918919,0.7297297297297297,0.8378378378378378,0,0,0.7027027027027027,,0.8918918918918919,0.7297297297297297,0.8378378378378378,0,0,0.7027027027027027,,0.8918918918918919
yeast,mlp-nosuite,0.6172506738544474,0.6227046815327231,0.9459459459459459,0.972972972972973,0,0,0.8918918918918919,,0.8918918918918919,0.9459459459459459,0.972972972972973,0,0,0.8918918918918919,,0.8918918918918919,0.9459459459459459,0.972972972972973,0,0,0.8918918918918919,,0.8918918918918919,0.9459459459459459,0.972972972972973,0,0,0.8918918918918919,,0.8918918918918919
yeast,mlp-nosuite,0.6172506738544474,0.5224487399404436,0.8648648648648649,0.9459459459459459,0,0,0.7567567567567568,,0.7027027027027027,0.8648648648648649,0.9459459459459459,0,0,0.7567567567567568,,0.7027027027027027,0.8648648648648649,0.9459459459459459,0,0,0.7567567567567568,,0.7027027027027027,0.8648648648648649,0.9459459459459459,0,0,0.7567567567567567,,0.7027027027027027
yeast,mlp-nosuite,0.6172506738544474,0.3891855150835529,0.8108108108108109,0.8648648648648649,0,0,0.5945945945945946,,0.7297297297297297,0.8108108108108109,0.8648648648648649,0,0,0.5945945945945946,,0.7297297297297297,0.8108108108108109,0.8648648648648649,0,0,0.5945945945945946,,0.7297297297297297,0.8108108108108109,0.8648648648648649,0,0,0.5945945945945946,,0.7297297297297297
yeast,mlp-nosuite,0.6172506738544474,0.5911790368740227,0.8648648648648649,0.8648648648648649,0,0,0.8648648648648649,,0.8108108108108109,0.8648648648648649,0.8648648648648649,0,0,0.8648648648648649,,0.8108108108108109,0.8648648648648649,0.8648648648648649,0,0,0.8648648648648649,,0.8108108108108109,0.8648648648648649,0.8648648648648649,0,0,0.8648648648648649,,0.8108108108108109
yeast,mlp-nosuite,0.6172506738544474,0.629670593848274,0.918918918918919,0.918918918918919,0,0,0.8648648648648649,,0.918918918918919,0.918918918918919,0.918918918918919,0,0,0.8648648648648649,,0.918918918918919,0.918918918918919,0.918918918918919,0,0,0.8648648648648649,,0.918918918918919,0.918918918918919,0.918918918918919,0,0,0.8648648648648649,,0.918918918918919
yeast,mlp-nosuite,0.6172506738544474,0.5658438576331523,0.8648648648648649,1.0,0,0,0.972972972972973,,0.8648648648648649,0.8648648648648649,1.0,0,0,0.972972972972973,,0.8648648648648649,0.8648648648648649,1.0,0,0,0.972972972972973,,0.8648648648648649,0.8648648648648649,1.0,0,0,0.972972972972973,,0.8648648648648649
yeast,mlp-nosuite,0.6172506738544474,0.7187024376961156,0.9459459459459459,0.8378378378378378,0,0,0.918918918918919,,0.8918918918918919,0.9459459459459459,0.8378378378378378,0,0,0.918918918918919,,0.8918918918918919,0.9459459459459459,0.8378378378378378,0,0,0.918918918918919,,0.8918918918918919,0.9459459459459459,0.8378378378378378,0,0,0.918918918918919,,0.8918918918918919
yeast,mlp-nosuite,0.6172506738544474,0.5913711080016002,0.8108108108108109,0.8108108108108109,0,0,0.7837837837837838,,0.8378378378378378,0.8108108108108109,0.8108108108108109,0,0,0.7837837837837838,,0.8378378378378378,0.8108108108108109,0.8108108108108109,0,0,0.7837837837837838,,0.8378378378378378,0.8108108108108109,0.8108108108108109,0,0,0.7837837837837838,,0.8378378378378378
yeast,mlp-nosuite,0.6172506738544474,0.5682644820982953,0.8918918918918919,0.8648648648648649,0,0,0.8378378378378378,,0.8648648648648649,0.8918918918918919,0.8648648648648649,0,0,0.8378378378378378,,0.8648648648648649,0.8918918918918919,0.8648648648648649,0,0,0.8378378378378378,,0.8648648648648649,0.8918918918918919,0.8648648648648649,0,0,0.8378378378378378,,0.8648648648648649
yeast,mlp-nosuite,0.6172506738544474,0.5213467113424698,0.918918918918919,0.8648648648648649,0,0,0.8918918918918919,,0.6486486486486487,0.918918918918919,0.8648648648648649,0,0,0.8918918918918919,,0.6486486486486487,0.918918918918919,0.8648648648648649,0,0,0.8918918918918919,,0.6486486486486487,0.918918918918919,0.8648648648648649,0,0,0.8918918918918919,,0.6486486486486487
yeast,mlp-nosuite,0.6172506738544474,0.5031306686464653,0.7837837837837838,0.7567567567567568,0,0,0.7297297297297297,,0.7297297297297297,0.7837837837837838,0.7567567567567568,0,0,0.7297297297297297,,0.7297297297297297,0.7837837837837838,0.7567567567567568,0,0,0.7297297297297297,,0.7297297297297297,0.7837837837837838,0.7567567567567567,0,0,0.7297297297297297,,0.7297297297297297
yeast,mlp-nosuite,0.6172506738544474,0.5884111482706388,0.972972972972973,0.918918918918919,0,0,0.7567567567567568,,0.918918918918919,0.972972972972973,0.918918918918919,0,0,0.7567567567567568,,0.918918918918919,0.972972972972973,0.918918918918919,0,0,0.7567567567567568,,0.918918918918919,0.972972972972973,0.918918918918919,0,0,0.7567567567567567,,0.918918918918919
yeast,mlp-nosuite,0.6172506738544474,0.7866950662633221,0.7837837837837838,0.7567567567567568,0,0,0.6756756756756757,,0.7567567567567568,0.7837837837837838,0.7567567567567568,0,0,0.6756756756756757,,0.7567567567567568,0.7837837837837838,0.7567567567567568,0,0,0.6756756756756757,,0.7567567567567568,0.7837837837837838,0.7567567567567567,0,0,0.6756756756756757,,0.7567567567567567
yeast,mlp-nosuite,0.6172506738544474,0.5447268803985967,0.6486486486486487,0.6756756756756757,0,0,0.7837837837837838,,0.5945945945945946,0.6486486486486487,0.6756756756756757,0,0,0.7837837837837838,,0.5945945945945946,0.6486486486486487,0.6756756756756757,0,0,0.7837837837837838,,0.5945945945945946,0.6486486486486487,0.6756756756756757,0,0,0.7837837837837838,,0.5945945945945946
yeast,mlp-nosuite,0.6172506738544474,0.8144204226766092,0.9459459459459459,0.9459459459459459,0,0,0.918918918918919,,0.8378378378378378,0.9459459459459459,0.9459459459459459,0,0,0.918918918918919,,0.8378378378378378,0.9459459459459459,0.9459459459459459,0,0,0.918918918918919,,0.8378378378378378,0.9459459459459459,0.9459459459459459,0,0,0.918918918918919,,0.8378378378378378
yeast,mlp-nosuite,0.6172506738544474,0.8891864317831109,0.9459459459459459,1.0,0,0,1.0,,0.918918918918919,0.9459459459459459,1.0,0,0,1.0,,0.918918918918919,0.9459459459459459,1.0,0,0,1.0,,0.918918918918919,0.9459459459459459,1.0,0,0,1.0,,0.918918918918919
yeast,mlp-nosuite,0.6172506738544474,0.28133881938989935,0.8648648648648649,1.0,0,0,0.918918918918919,,0.7297297297297297,0.8648648648648649,1.0,0,0,0.918918918918919,,0.7297297297297297,0.8648648648648649,1.0,0,0,0.918918918918919,,0.7297297297297297,0.8648648648648649,1.0,0,0,0.918918918918919,,0.7297297297297297
yeast,mlp-nosuite,0.6172506738544474,0.6859127235089117,0.8918918918918919,0.8918918918918919,0,0,0.9459459459459459,,0.8378378378378378,0.8918918918918919,0.8918918918918919,0,0,0.9459459459459459,,0.8378378378378378,0.8918918918918919,0.8918918918918919,0,0,0.9459459459459459,,0.8378378378378378,0.8918918918918919,0.8918918918918919,0,0,0.9459459459459459,,0.8378378378378378
yeast,mlp-nosuite,0.6172506738544474,0.6731378428486091,0.8918918918918919,0.9459459459459459,0,0,0.918918918918919,,0.8648648648648649,0.8918918918918919,0.9459459459459459,0,0,0.918918918918919,,0.8648648648648649,0.8918918918918919,0.9459459459459459,0,0,0.918918918918919,,0.8648648648648649,0.8918918918918919,0.9459459459459459,0,0,0.918918918918919,,0.8648648648648649
yeast,mlp-nosuite,0.6172506738544474,0.35038552062983414,0.7837837837837838,0.8108108108108109,0,0,0.8378378378378378,,0.5945945945945946,0.7837837837837838,0.8108108108108109,0,0,0.8378378378378378,,0.5945945945945946,0.7837837837837838,0.8108108108108109,0,0,0.8378378378378378,,0.5945945945945946,0.7837837837837838,0.8108108108108109,0,0,0.8378378378378378,,0.5945945945945946
yeast,mlp-nosuite,0.6172506738544474,0.6058491647689342,0.6756756756756757,0.7027027027027027,0,0,0.7567567567567568,,0.7837837837837838,0.6756756756756757,0.7027027027027027,0,0,0.7567567567567568,,0.7837837837837838,0.6756756756756757,0.7027027027027027,0,0,0.7567567567567568,,0.7837837837837838,0.6756756756756757,0.7027027027027027,0,0,0.7567567567567567,,0.7837837837837838
yeast,mlp-nosuite,0.6172506738544474,0.9422417409954973,0.8648648648648649,0.9459459459459459,0,0,0.8378378378378378,,0.8648648648648649,0.8648648648648649,0.9459459459459459,0,0,0.8378378378378378,,0.8648648648648649,0.8648648648648649,0.9459459459459459,0,0,0.8378378378378378,,0.8648648648648649,0.8648648648648649,0.9459459459459459,0,0,0.8378378378378378,,0.8648648648648649
yeast,mlp-nosuite,0.6172506738544474,0.7328804053498051,0.918918918918919,0.9459459459459459,0,0,0.9459459459459459,,0.9459459459459459,0.918918918918919,0.9459459459459459,0,0,0.9459459459459459,,0.9459459459459459,0.918918918918919,0.9459459459459459,0,0,0.9459459459459459,,0.9459459459459459,0.918918918918919,0.9459459459459459,0,0,0.9459459459459459,,0.9459459459459459
yeast,mlp-nosuite,0.6172506738544474,0.3486443412971777,0.918918918918919,1.0,0,0,0.9459459459459459,,0.8648648648648649,0.918918918918919,1.0,0,0,0.9459459459459459,,0.8648648648648649,0.918918918918919,1.0,0,0,0.9459459459459459,,0.8648648648648649,0.918918918918919,1.0,0,0,0.9459459459459459,,0.8648648648648649
yeast,mlp-nosuite,0.6172506738544474,0.6434217995854417,0.9459459459459459,0.9459459459459459,0,0,0.8918918918918919,,0.9459459459459459,0.9459459459459459,0.9459459459459459,0,0,0.8918918918918919,,0.9459459459459459,0.9459459459459459,0.9459459459459459,0,0,0.8918918918918919,,0.9459459459459459,0.9459459459459459,0.9459459459459459,0,0,0.8918918918918919,,0.9459459459459459
yeast,mlp-nosuite,0.6172506738544474,0.7272889805060853,0.7297297297297297,0.7567567567567568,0,0,0.8648648648648649,,0.8918918918918919,0.7297297297297297,0.7567567567567568,0,0,0.8648648648648649,,0.8918918918918919,0.7297297297297297,0.7567567567567568,0,0,0.8648648648648649,,0.8918918918918919,0.7297297297297297,0.7567567567567567,0,0,0.8648648648648649,,0.8918918918918919
yeast,mlp-nosuite,0.6172506738544474,0.8009345249963874,0.8108108108108109,0.8378378378378378,0,0,0.8648648648648649,,0.8648648648648649,0.8108108108108109,0.8378378378378378,0,0,0.8648648648648649,,0.8648648648648649,0.8108108108108109,0.8378378378378378,0,0,0.8648648648648649,,0.8648648648648649,0.8108108108108109,0.8378378378378378,0,0,0.8648648648648649,,0.8648648648648649
rmftsa,mlp-nosuite,0.51953125,0.4392036268962049,1.0,1.0,0,0,0.96,,1.0,1.0,1.0,0,0,0.96,,1.0,1.0,1.0,0,0,0.96,,1.0,1.0,1.0,0,0,0.96,,1.0
rmftsa,mlp-nosuite,0.51953125,0.4680882890516091,0.8,0.96,0,0,0.88,,0.92,0.8,0.96,0,0,0.88,,0.92,0.8,0.96,0,0,0.88,,0.92,0.8000000000000002,0.96,0,0,0.88,,0.92
rmftsa,mlp-nosuite,0.51953125,0.38564920294868216,0.44,0.84,0,0,0.88,,0.32,0.44,0.84,0,0,0.88,,0.32,0.44,0.84,0,0,0.88,,0.32,0.44,0.8399999999999999,0,0,0.88,,0.32
rmftsa,mlp-nosuite,0.51953125,0.4703688216831583,0.6,0.76,0,0,0.72,,0.6,0.6,0.76,0,0,0.72,,0.6,0.6,0.76,0,0,0.72,,0.6,0.6,0.76,0,0,0.72,,0.6
rmftsa,mlp-nosuite,0.51953125,0.6230154375875949,1.0,1.0,0,0,1.0,,1.0,1.0,1.0,0,0,1.0,,1.0,1.0,1.0,0,0,1.0,,1.0,1.0,1.0,0,0,1.0,,1.0
rmftsa,mlp-nosuite,0.51953125,0.520291675712967,1.0,1.0,0,0,1.0,,1.0,1.0,1.0,0,0,1.0,,1.0,1.0,1.0,0,0,1.0,,1.0,1.0,1.0,0,0,1.0,,1.0
rmftsa,mlp-nosuite,0.51953125,0.4226854137332023,0.72,0.8,0,0,0.96,,0.72,0.72,0.8,0,0,0.96,,0.72,0.72,0.8,0,0,0.96,,0.72,0.72,0.8000000000000002,0,0,0.96,,0.72
rmftsa,mlp-nosuite,0.51953125,0.5311366699227706,1.0,1.0,0,0,1.0,,1.0,1.0,1.0,0,0,1.0,,1.0,1.0,1.0,0,0,1.0,,1.0,1.0,1.0,0,0,1.0,,1.0
rmftsa,mlp-nosuite,0.51953125,0.49625395118885585,0.72,0.84,0,0,0.88,,0.88,0.72,0.84,0,0,0.88,,0.88,0.72,0.84,0,0,0.88,,0.88,0.72,0.8399999999999999,0,0,0.88,,0.88
rmftsa,mlp-nosuite,0.51953125,0.5158761279858914,1.0,1.0,0,0,1.0,,1.0,1.0,1.0,0,0,1.0,,1.0,1.0,1.0,0,0,1.0,,1.0,1.0,1.0,0,0,1.0,,1.0
rmftsa,mlp-nosuite,0.51953125,0.7531628560102336,1.0,1.0,0,0,1.0,,1.0,1.0,1.0,0,0,1.0,,1.0,1.0,1.0,0,0,1.0,,1.0,1.0,1.0,0,0,1.0,,1.0
rmftsa,mlp-nosuite,0.51953125,0.5581282006345757,0.72,1.0,0,0,1.0,,0.88,0.72,1.0,0,0,1.0,,0.88,0.72,1.0,0,0,1.0,,0.88,0.72,1.0,0,0,1.0,,0.88
rmftsa,mlp-nosuite,0.51953125,0.4892391385789344,0.56,1.0,0,0,0.96,,0.96,0.56,1.0,0,0,0.96,,0.96,0.56,1.0,0,0,0.96,,0.96,0.56,1.0,0,0,0.96,,0.96
rmftsa,mlp-nosuite,0.51953125,0.44989282848458323,0.36,0.92,0,0,0.92,,0.92,0.36,0.92,0,0,0.92,,0.92,0.36,0.92,0,0,0.92,,0.92,0.36,0.92,0,0,0.92,,0.92
rmftsa,mlp-nosuite,0.51953125,0.5014428846574492,1.0,1.0,0,0,1.0,,1.0,1.0,1.0,0,0,1.0,,1.0,1.0,1.0,0,0,1.0,,1.0,1.0,1.0,0,0,1.0,,1.0
rmftsa,mlp-nosuite,0.51953125,0.5396897232801114,0.56,0.96,0,0,0.96,,0.96,0.56,0.96,0,0,0.96,,0.96,0.56,0.96,0,0,0.96,,0.96,0.56,0.96,0,0,0.96,,0.96
rmftsa,mlp-nosuite,0.51953125,0.35938128953713677,0.4,1.0,0,0,1.0,,0.88,0.4,1.0,0,0,1.0,,0.88,0.4,1.0,0,0,1.0,,0.88,0.4000000000000001,1.0,0,0,1.0,,0.88
rmftsa,mlp-nosuite,0.51953125,0.5158761279858914,1.0,1.0,0,0,1.0,,1.0,1.0,1.0,0,0,1.0,,1.0,1.0,1.0,0,0,1.0,,1.0,1.0,1.0,0,0,1.0,,1.0
rmftsa,mlp-nosuite,0.51953125,0.5456845771163488,0.48,1.0,0,0,0.88,,1.0,0.48,1.0,0,0,0.88,,1.0,0.48,1.0,0,0,0.88,,1.0,0.48,1.0,0,0,0.88,,1.0
rmftsa,mlp-nosuite,0.51953125,0.5783612720130417,1.0,1.0,0,0,1.0,,1.0,1.0,1.0,0,0,1.0,,1.0,1.0,1.0,0,0,1.0,,1.0,1.0,1.0,0,0,1.0,,1.0
rmftsa,mlp-nosuite,0.51953125,0.4456303814003765,1.0,1.0,0,0,1.0,,1.0,1.0,1.0,0,0,1.0,,1.0,1.0,1.0,0,0,1.0,,1.0,1.0,1.0,0,0,1.0,,1.0
rmftsa,mlp-nosuite,0.51953125,0.4288145439547315,0.48,0.76,0,0,0.92,,0.68,0.48,0.76,0,0,0.92,,0.68,0.48,0.76,0,0,0.92,,0.68,0.48,0.76,0,0,0.92,,0.68
rmftsa,mlp-nosuite,0.51953125,0.3624132567773058,0.68,1.0,0,0,0.6,,0.6,0.68,1.0,0,0,0.6,,0.6,0.68,1.0,0,0,0.6,,0.6,0.68,1.0,0,0,0.6,,0.6
rmftsa,mlp-nosuite,0.51953125,0.6780616434441902,1.0,1.0,0,0,1.0,,1.0,1.0,1.0,0,0,1.0,,1.0,1.0,1.0,0,0,1.0,,1.0,1.0,1.0,0,0,1.0,,1.0
rmftsa,mlp-nosuite,0.51953125,0.3611232315319938,0.6,0.76,0,0,0.84,,0.76,0.6,0.76,0,0,0.84,,0.76,0.6,0.76,0,0,0.84,,0.76,0.6,0.76,0,0,0.8399999999999999,,0.76
rmftsa,mlp-nosuite,0.51953125,0.4401701803855752,0.48,0.88,0,0,0.92,,0.56,0.48,0.88,0,0,0.92,,0.56,0.48,0.88,0,0,0.92,,0.56,0.48,0.88,0,0,0.92,,0.56
rmftsa,mlp-nosuite,0.51953125,0.3485186007507078,0.88,0.96,0,0,0.96,,0.08,0.88,0.96,0,0,0.96,,0.08,0.88,0.96,0,0,0.96,,0.08,0.88,0.96,0,0,0.96,,0.08
rmftsa,mlp-nosuite,0.51953125,0.37886713392700194,0.44,0.92,0,0,0.56,,0.52,0.44,0.92,0,0,0.56,,0.52,0.44,0.92,0,0,0.56,,0.52,0.44,0.92,0,0,0.56,,0.52
rmftsa,mlp-nosuite,0.51953125,0.38827933639630735,0.92,1.0,0,0,0.92,,0.92,0.92,1.0,0,0,0.92,,0.92,0.92,1.0,0,0,0.92,,0.92,0.92,1.0,0,0,0.92,,0.92
rmftsa,mlp-nosuite,0.51953125,0.4475831013526873,0.56,1.0,0,0,0.96,,0.68,0.56,1.0,0,0,0.96,,0.68,0.56,1.0,0,0,0.96,,0.68,0.56,1.0,0,0,0.96,,0.68
rmftsa,mlp-nosuite,0.51953125,0.4438870522930624,0.88,0.96,0,0,0.72,,0.88,0.88,0.96,0,0,0.72,,0.88,0.88,0.96,0,0,0.72,,0.88,0.88,0.96,0,0,0.72,,0.88
rmftsa,mlp-nosuite,0.51953125,0.5132620708641707,0.56,0.96,0,0,0.96,,0.96,0.56,0.96,0,0,0.96,,0.96,0.56,0.96,0,0,0.96,,0.96,0.56,0.96,0,0,0.96,,0.96
rmftsa,mlp-nosuite,0.51953125,0.44989282848458323,0.36,0.92,0,0,0.92,,0.92,0.36,0.92,0,0,0.92,,0.92,0.36,0.92,0,0,0.92,,0.92,0.36,0.92,0,0,0.92,,0.92
rmftsa,mlp-nosuite,0.51953125,0.5127439525902301,0.76,1.0,0,0,0.84,,1.0,0.76,1.0,0,0,0.84,,1.0,0.76,1.0,0,0,0.84,,1.0,0.76,1.0,0,0,0.8399999999999999,,1.0
rmftsa,mlp-nosuite,0.51953125,0.4265822353234696,0.96,1.0,0,0,0.56,,0.96,0.96,1.0,0,0,0.56,,0.96,0.96,1.0,0,0,0.56,,0.96,0.96,1.0,0,0,0.56,,0.96
rmftsa,mlp-nosuite,0.51953125,0.31291340953320335,0.76,0.8,0,0,0.68,,0.92,0.76,0.8,0,0,0.68,,0.92,0.76,0.8,0,0,0.68,,0.92,0.76,0.8000000000000002,0,0,0.68,,0.92
rmftsa,mlp-nosuite,0.51953125,0.7474234009596294,1.0,1.0,0,0,0.92,,1.0,1.0,1.0,0,0,0.92,,1.0,1.0,1.0,0,0,0.92,,1.0,1.0,1.0,0,0,0.92,,1.0
rmftsa,mlp-nosuite,0.51953125,0.7021555422619946,0.52,0.8,0,0,0.8,,0.44,0.52,0.8,0,0,0.8,,0.44,0.52,0.8,0,0,0.8,,0.44,0.52,0.8000000000000002,0,0,0.8000000000000002,,0.44
rmftsa,mlp-nosuite,0.51953125,0.6693014042358258,1.0,1.0,0,0,1.0,,1.0,1.0,1.0,0,0,1.0,,1.0,1.0,1.0,0,0,1.0,,1.0,1.0,1.0,0,0,1.0,,1.0
rmftsa,mlp-nosuite,0.51953125,0.6072713925299179,0.52,0.92,0,0,0.84,,0.6,0.52,0.92,0,0,0.84,,0.6,0.52,0.92,0,0,0.84,,0.6,0.52,0.92,0,0,0.8399999999999999,,0.6
rmftsa,mlp-nosuite,0.51953125,0.5333874826807956,0.52,1.0,0,0,0.96,,0.72,0.52,1.0,0,0,0.96,,0.72,0.52,1.0,0,0,0.96,,0.72,0.52,1.0,0,0,0.96,,0.72
rmftsa,mlp-nosuite,0.51953125,0.5418247329734285,0.48,1.0,0,0,0.8,,0.96,0.48,1.0,0,0,0.8,,0.96,0.48,1.0,0,0,0.8,,0.96,0.48,1.0,0,0,0.8000000000000002,,0.96
rmftsa,mlp-nosuite,0.51953125,0.395107974859115,0.96,1.0,0,0,1.0,,0.96,0.96,1.0,0,0,1.0,,0.96,0.96,1.0,0,0,1.0,,0.96,0.96,1.0,0,0,1.0,,0.96
rmftsa,mlp-nosuite,0.51953125,0.38335667942516033,0.6,0.76,0,0,0.72,,0.6,0.6,0.76,0,0,0.72,,0.6,0.6,0.76,0,0,0.72,,0.6,0.6,0.76,0,0,0.72,,0.6
rmftsa,mlp-nosuite,0.51953125,0.7040457232294485,0.68,0.96,0,0,0.68,,0.84,0.68,0.96,0,0,0.68,,0.84,0.68,0.96,0,0,0.68,,0.84,0.68,0.96,0,0,0.68,,0.8399999999999999
rmftsa,mlp-nosuite,0.51953125,0.5158761279858914,1.0,1.0,0,0,1.0,,1.0,1.0,1.0,0,0,1.0,,1.0,1.0,1.0,0,0,1.0,,1.0,1.0,1.0,0,0,1.0,,1.0
rmftsa,mlp-nosuite,0.51953125,0.395107974859115,0.96,1.0,0,0,1.0,,0.96,0.96,1.0,0,0,1.0,,0.96,0.96,1.0,0,0,1.0,,0.96,0.96,1.0,0,0,1.0,,0.96
rmftsa,mlp-nosuite,0.51953125,0.3153505181775724,0.76,0.88,0,0,0.72,,0.76,0.76,0.88,0,0,0.72,,0.76,0.76,0.88,0,0,0.72,,0.76,0.76,0.88,0,0,0.72,,0.76
rmftsa,mlp-nosuite,0.51953125,0.3824358787610816,0.6,0.76,0,0,0.72,,0.8,0.6,0.76,0,0,0.72,,0.8,0.6,0.76,0,0,0.72,,0.8,0.6,0.76,0,0,0.72,,0.8000000000000002
rmftsa,mlp-nosuite,0.51953125,0.44653845367383727,0.44,0.92,0,0,0.84,,0.92,0.44,0.92,0,0,0.84,,0.92,0.44,0.92,0,0,0.84,,0.92,0.44,0.92,0,0,0.8399999999999999,,0.92
banknote-authentication,mlp-nosuite,1.0,0.9996715727380836,1.0,1.0,0,0,0.9117647058823529,0.9117647058823529,1.0,1.0,1.0,0,0,1.0,1.0,1.0,1.0,1.0,0,0,0.9117647058823529,0.9117647058823529,1.0,1.0,1.0,0,0,0.9538461538461539,0.9538461538461539,1.0
banknote-authentication,mlp-nosuite,1.0,0.9999907078329328,1.0,1.0,0,0,1.0,0.9705882352941176,1.0,1.0,1.0,0,0,1.0,1.0,1.0,1.0,1.0,0,0,1.0,0.9705882352941176,1.0,1.0,1.0,0,0,1.0,0.9850746268656716,1.0
banknote-authentication,mlp-nosuite,1.0,0.9995782616221618,0.9705882352941176,1.0,0,0,0.9705882352941176,0.9411764705882353,1.0,1.0,1.0,0,0,1.0,1.0,1.0,0.9705882352941176,1.0,0,0,0.9705882352941176,0.9411764705882353,1.0,0.9850746268656716,1.0,0,0,0.9850746268656716,0.9696969696969697,1.0
banknote-authentication,mlp-nosuite,1.0,0.9967715715625176,0.8235294117647058,1.0,0,0,0.9705882352941176,0.9411764705882353,0.9411764705882353,1.0,1.0,0,0,1.0,1.0,1.0,0.8235294117647058,1.0,0,0,0.9705882352941176,0.9411764705882353,0.9411764705882353,0.9032258064516129,1.0,0,0,0.9850746268656716,0.9696969696969697,0.9696969696969697
banknote-authentication,mlp-nosuite,1.0,0.9995319645941872,1.0,0.9705882352941176,0,0,0.8823529411764706,0.8529411764705882,0.8529411764705882,1.0,0.96875,0,0,1.0,1.0,0.9642857142857143,1.0,1.0,0,0,0.8709677419354839,0.8387096774193549,0.8709677419354839,1.0,0.9841269841269841,0,0,0.9310344827586207,0.9122807017543859,0.9152542372881356
banknote-authentication,mlp-nosuite,1.0,0.9999965941274134,1.0,1.0,0,0,0.9705882352941176,0.7058823529411765,0.7941176470588235,1.0,1.0,0,0,0.9583333333333334,0.696969696969697,0.7666666666666667,1.0,1.0,0,0,1.0,1.0,1.0,1.0,1.0,0,0,0.9787234042553191,0.8214285714285715,0.8679245283018869
banknote-authentication,mlp-nosuite,1.0,0.9997851658725867,1.0,1.0,0,0,1.0,1.0,1.0,1.0,1.0,0,0,1.0,1.0,1.0,1.0,1.0,0,0,1.0,1.0,1.0,1.0,1.0,0,0,1.0,1.0,1.0
banknote-authentication,mlp-nosuite,1.0,0.9999687248528396,1.0,1.0,0,0,1.0,1.0,1.0,1.0,1.0,0,0,1.0,1.0,1.0,1.0,1.0,0,0,1.0,1.0,1.0,1.0,1.0,0,0,1.0,1.0,1.0
banknote-authentication,mlp-nosuite,1.0,0.9989479501283376,1.0,1.0,0,0,0.9705882352941176,0.7058823529411765,0.9411764705882353,1.0,1.0,0,0,1.0,0.8275862068965517,0.9354838709677419,1.0,1.0,0,0,0.9655172413793104,0.8275862068965517,1.0,1.0,1.0,0,0,0.9824561403508771,0.8275862068965517,0.9666666666666666
banknote-authentication,mlp-nosuite,1.0,0.999903852748675,1.0,1.0,0,0,1.0,0.9705882352941176,1.0,1.0,1.0,0,0,1.0,1.0,1.0,1.0,1.0,0,0,1.0,0.9705882352941176,1.0,1.0,1.0,0,0,1.0,0.9850746268656716,1.0
banknote-authentication,mlp-nosuite,1.0,0.9593156939090443,0.9705882352941176,1.0,0,0,1.0,0.8823529411764706,0.9117647058823529,1.0,1.0,0,0,1.0,0.8333333333333334,1.0,0.9375,1.0,0,0,1.0,0.9375,0.8125,0.967741935483871,1.0,0,0,1.0,0.8823529411764706,0.896551724137931
banknote-authentication,mlp-nosuite,1.0,0.999892351065744,1.0,0.9705882352941176,0,0,1.0,0.9117647058823529,1.0,1.0,0.9705882352941176,0,0,1.0,0.96875,1.0,1.0,1.0,0,0,1.0,0.9393939393939394,1.0,1.0,0.9850746268656716,0,0,1.0,0.9538461538461539,1.0
banknote-authentication,mlp-nosuite,1.0,0.9999825994563841,1.0,1.0,0,0,0.9117647058823529,1.0,1.0,1.0,1.0,0,0,1.0,1.0,1.0,1.0,1.0,0,0,0.9117647058823529,1.0,1.0,1.0,1.0,0,0,0.9538461538461539,1.0,1.0
banknote-authentication,mlp-nosuite,1.0,0.9998616390009727,0.9705882352941176,1.0,0,0,0.9705882352941176,1.0,1.0,1.0,1.0,0,0,1.0,1.0,1.0,0.9705882352941176,1.0,0,0,0.9705882352941176,1.0,1.0,0.9850746268656716,1.0,0,0,0.9850746268656716,1.0,1.0
banknote-authentication,mlp-nosuite,1.0,0.9847440936365887,1.0,0.9705882352941176,0,0,0.8235294117647058,0.7647058823529411,0.8529411764705882,1.0,0.9705882352941176,0,0,1.0,0.9629629629629629,1.0,1.0,1.0,0,0,0.8181818181818182,0.7878787878787878,0.8484848484848485,1.0,0.9850746268656716,0,0,0.9,0.8666666666666665,0.9180327868852458
banknote-authentication,mlp-nosuite,1.0,0.999598764649163,1.0,0.9705882352941176,0,0,0.9117647058823529,0.7352941176470589,0.8529411764705882,1.0,1.0,0,0,1.0,1.0,1.0,1.0,0.967741935483871,0,0,0.9032258064516129,0.7096774193548387,0.8387096774193549,1.0,0.9836065573770492,0,0,0.9491525423728813,0.8301886792452831,0.9122807017543859
banknote-authentication,mlp-nosuite,1.0,0.9997890372479821,1.0,0.9705882352941176,0,0,0.9705882352941176,0.6764705882352942,1.0,1.0,1.0,0,0,1.0,1.0,1.0,1.0,0.967741935483871,0,0,0.967741935483871,0.6451612903225806,1.0,1.0,0.9836065573770492,0,0,0.9836065573770492,0.7843137254901961,1.0
banknote-authentication,mlp-nosuite,1.0,0.9959960580579492,0.9705882352941176,1.0,0,0,1.0,0.7058823529411765,0.8529411764705882,1.0,1.0,0,0,1.0,1.0,0.9545454545454546,0.96,1.0,0,0,1.0,0.6,0.84,0.9795918367346939,1.0,0,0,1.0,0.7499999999999999,0.8936170212765958
banknote-authentication,mlp-nosuite,1.0,0.9999649128497563,1.0,1.0,0,0,1.0,0.9705882352941176,1.0,1.0,1.0,0,0,1.0,1.0,1.0,1.0,1.0,0,0,1.0,0.9705882352941176,1.0,1.0,1.0,0,0,1.0,0.9850746268656716,1.0
banknote-authentication,mlp-nosuite,1.0,0.9999842347552793,1.0,1.0,0,0,1.0,1.0,1.0,1.0,1.0,0,0,1.0,1.0,1.0,1.0,1.0,0,0,1.0,1.0,1.0,1.0,1.0,0,0,1.0,1.0,1.0
banknote-authentication,mlp-nosuite,1.0,0.9999975413414801,1.0,1.0,0,0,1.0,0.7058823529411765,0.7352941176470589,1.0,1.0,0,0,1.0,0.6875,0.7096774193548387,1.0,1.0,0,0,1.0,1.0,1.0,1.0,1.0,0,0,1.0,0.8148148148148148,0.8301886792452831
banknote-authentication,mlp-nosuite,1.0,0.9958053479484174,0.7941176470588235,0.9705882352941176,0,0,0.9411764705882353,0.6470588235294118,1.0,1.0,0.9696969696969697,0,0,1.0,1.0,1.0,0.78125,1.0,0,0,0.9375,0.625,1.0,0.8771929824561403,0.9846153846153847,0,0,0.967741935483871,0.7692307692307693,1.0
banknote-authentication,mlp-nosuite,1.0,0.9999339841516157,1.0,1.0,0,0,1.0,1.0,1.0,1.0,1.0,0,0,1.0,1.0,1.0,1.0,1.0,0,0,1.0,1.0,1.0,1.0,1.0,0,0,1.0,1.0,1.0
banknote-authentication,mlp-nosuite,1.0,0.9999116842643319,1.0,1.0,0,0,1.0,1.0,1.0,1.0,1.0,0,0,1.0,1.0,1.0,1.0,1.0,0,0,1.0,1.0,1.0,1.0,1.0,0,0,1.0,1.0,1.0
banknote-authentication,mlp-nosuite,1.0,0.8737376421163819,0.9705882352941176,1.0,0,0,1.0,0.6176470588235294,0.9117647058823529,1.0,1.0,0,0,1.0,0.5714285714285714,1.0,0.9285714285714286,1.0,0,0,1.0,0.2857142857142857,0.7857142857142857,0.962962962962963,1.0,0,0,1.0,0.38095238095238093,0.88
banknote-authentication,mlp-nosuite,1.0,0.999922722621713,1.0,1.0,0,0,1.0,1.0,1.0,1.0,1.0,0,0,1.0,1.0,1.0,1.0,1.0,0,0,1.0,1.0,1.0,1.0,1.0,0,0,1.0,1.0,1.0
banknote-authentication,mlp-nosuite,1.0,0.9991779122263149,1.0,1.0,0,0,0.9411764705882353,0.6764705882352942,0.9117647058823529,1.0,1.0,0,0,1.0,1.0,1.0,1.0,1.0,0,0,0.9411764705882353,0.6764705882352942,0.9117647058823529,1.0,1.0,0,0,0.9696969696969697,0.8070175438596492,0.9538461538461539
banknote-authentication,mlp-nosuite,1.0,0.9998863983704348,1.0,1.0,0,0,1.0,0.9705882352941176,1.0,1.0,1.0,0,0,1.0,1.0,1.0,1.0,1.0,0,0,1.0,0.9705882352941176,1.0,1.0,1.0,0,0,1.0,0.9850746268656716,1.0
banknote-authentication,mlp-nosuite,1.0,0.693438046194788,1.0,1.0,0,0,1.0,0.9117647058823529,0.7941176470588235,1.0,1.0,0,0,1.0,0.8333333333333334,1.0,1.0,1.0,0,0,1.0,1.0,0.5333333333333333,1.0,1.0,0,0,1.0,0.9090909090909091,0.6956521739130436
banknote-authentication,mlp-nosuite,1.0,0.9999787367599922,1.0,1.0,0,0,1.0,0.8529411764705882,1.0,1.0,1.0,0,0,1.0,1.0,1.0,1.0,1.0,0,0,1.0,0.8529411764705882,1.0,1.0,1.0,0,0,1.0,0.9206349206349206,1.0
banknote-authentication,mlp-nosuite,1.0,0.9999830581315201,0.9705882352941176,1.0,0,0,1.0,1.0,1.0,1.0,1.0,0,0,1.0,1.0,1.0,0.9705882352941176,1.0,0,0,1.0,1.0,1.0,0.9850746268656716,1.0,0,0,1.0,1.0,1.0
banknote-authentication,mlp-nosuite,1.0,0.9999735141022849,1.0,1.0,0,0,1.0,0.9117647058823529,1.0,1.0,1.0,0,0,1.0,1.0,1.0,1.0,1.0,0,0,1.0,0.9117647058823529,1.0,1.0,1.0,0,0,1.0,0.9538461538461539,1.0
banknote-authentication,mlp-nosuite,1.0,0.9994582287945061,1.0,1.0,0,0,1.0,1.0,0.6176470588235294,1.0,1.0,0,0,1.0,1.0,1.0,1.0,1.0,0,0,1.0,1.0,0.5,1.0,1.0,0,0,1.0,1.0,0.6666666666666666
banknote-authentication,mlp-nosuite,1.0,0.9998488396954847,1.0,1.0,0,0,1.0,1.0,1.0,1.0,1.0,0,0,1.0,1.0,1.0,1.0,1.0,0,0,1.0,1.0,1.0,1.0,1.0,0,0,1.0,1.0,1.0
banknote-authentication,mlp-nosuite,1.0,0.9984030036343169,0.9705882352941176,0.9705882352941176,0,0,1.0,0.7941176470588235,0.9411764705882353,1.0,1.0,0,0,1.0,1.0,1.0,0.9705882352941176,0.9705882352941176,0,0,1.0,0.7941176470588235,0.9411764705882353,0.9850746268656716,0.9850746268656716,0,0,1.0,0.8852459016393442,0.9696969696969697
banknote-authentication,mlp-nosuite,1.0,0.9999184920739265,1.0,1.0,0,0,1.0,1.0,0.9705882352941176,1.0,1.0,0,0,1.0,1.0,1.0,1.0,1.0,0,0,1.0,1.0,0.9705882352941176,1.0,1.0,0,0,1.0,1.0,0.9850746268656716
banknote-authentication,mlp-nosuite,1.0,0.9998511179374847,1.0,1.0,0,0,1.0,0.9705882352941176,1.0,1.0,1.0,0,0,1.0,1.0,1.0,1.0,1.0,0,0,1.0,0.9705882352941176,1.0,1.0,1.0,0,0,1.0,0.9850746268656716,1.0
banknote-authentication,mlp-nosuite,1.0,0.9990029623781582,1.0,1.0,0,0,1.0,0.9411764705882353,1.0,1.0,1.0,0,0,1.0,1.0,1.0,1.0,1.0,0,0,1.0,0.9411764705882353,1.0,1.0,1.0,0,0,1.0,0.9696969696969697,1.0
banknote-authentication,mlp-nosuite,1.0,0.9987745826604794,1.0,1.0,0,0,0.9705882352941176,0.9705882352941176,1.0,1.0,1.0,0,0,1.0,1.0,1.0,1.0,1.0,0,0,0.9705882352941176,0.9705882352941176,1.0,1.0,1.0,0,0,0.9850746268656716,0.9850746268656716,1.0
banknote-authentication,mlp-nosuite,1.0,0.9997748265878384,1.0,1.0,0,0,1.0,1.0,1.0,1.0,1.0,0,0,1.0,1.0,1.0,1.0,1.0,0,0,1.0,1.0,1.0,1.0,1.0,0,0,1.0,1.0,1.0
banknote-authentication,mlp-nosuite,1.0,0.9984740571471774,1.0,0.9705882352941176,0,0,0.9705882352941176,0.5,0.9411764705882353,1.0,0.9705882352941176,0,0,1.0,1.0,1.0,1.0,1.0,0,0,0.9696969696969697,0.48484848484848486,0.9393939393939394,1.0,0.9850746268656716,0,0,0.9846153846153847,0.653061224489796,0.96875
banknote-authentication,mlp-nosuite,1.0,0.9999990842324603,1.0,1.0,0,0,0.9117647058823529,0.8235294117647058,0.9411764705882353,1.0,1.0,0,0,1.0,1.0,0.9285714285714286,1.0,1.0,0,0,0.8846153846153846,0.7692307692307693,1.0,1.0,1.0,0,0,0.9387755102040816,0.8695652173913044,0.962962962962963
banknote-authentication,mlp-nosuite,1.0,0.7971286316254512,0.9705882352941176,1.0,0,0,1.0,0.8235294117647058,0.9705882352941176,1.0,1.0,0,0,1.0,0.7222222222222222,1.0,0.9285714285714286,1.0,0,0,1.0,0.9285714285714286,0.9285714285714286,0.962962962962963,1.0,0,0,1.0,0.8125000000000001,0.962962962962963
banknote-authentication,mlp-nosuite,1.0,0.989043917807739,1.0,0.9705882352941176,0,0,1.0,0.9117647058823529,1.0,1.0,1.0,0,0,1.0,0.8636363636363636,1.0,1.0,0.9473684210526315,0,0,1.0,1.0,1.0,1.0,0.972972972972973,0,0,1.0,0.9268292682926829,1.0
banknote-authentication,mlp-nosuite,1.0,0.9996782189483133,0.9117647058823529,1.0,0,0,1.0,0.7647058823529411,1.0,1.0,1.0,0,0,1.0,1.0,1.0,0.9117647058823529,1.0,0,0,1.0,0.7647058823529411,1.0,0.9538461538461539,1.0,0,0,1.0,0.8666666666666666,1.0
banknote-authentication,mlp-nosuite,1.0,0.9987690347026392,1.0,1.0,0,0,0.9705882352941176,1.0,0.8529411764705882,1.0,1.0,0,0,1.0,1.0,0.8529411764705882,1.0,1.0,0,0,0.9655172413793104,1.0,1.0,1.0,1.0,0,0,0.9824561403508771,1.0,0.9206349206349206
banknote-authentication,mlp-nosuite,1.0,0.9999563347188299,1.0,1.0,0,0,1.0,0.7647058823529411,1.0,1.0,1.0,0,0,1.0,1.0,1.0,1.0,1.0,0,0,1.0,0.7647058823529411,1.0,1.0,1.0,0,0,1.0,0.8666666666666666,1.0
banknote-authentication,mlp-nosuite,1.0,0.9984620988618204,0.8235294117647058,0.9705882352941176,0,0,0.9411764705882353,0.9411764705882353,0.9411764705882353,1.0,1.0,0,0,1.0,1.0,0.9411764705882353,0.8125,0.96875,0,0,0.9375,0.9375,1.0,0.896551724137931,0.9841269841269841,0,0,0.967741935483871,0.967741935483871,0.9696969696969697
banknote-authentication,mlp-nosuite,1.0,0.9999828097080098,1.0,1.0,0,0,1.0,0.9705882352941176,1.0,1.0,1.0,0,0,1.0,1.0,1.0,1.0,1.0,0,0,1.0,0.9705882352941176,1.0,1.0,1.0,0,0,1.0,0.9850746268656716,1.0
banknote-authentication,mlp-nosuite,1.0,0.999153502060915,1.0,1.0,0,0,1.0,0.7647058823529411,0.8235294117647058,1.0,1.0,0,0,1.0,1.0,1.0,1.0,1.0,0,0,1.0,0.7142857142857143,0.7857142857142857,1.0,1.0,0,0,1.0,0.8333333333333333,0.88
volcanoes-a2,mlp-nosuite,0.9433497536945813,0.9782251496488819,1.0,1.0,0,0,1.0,1.0,,1.0,1.0,0,0,1.0,1.0,,1.0,1.0,0,0,1.0,1.0,,1.0,1.0,0,0,1.0,1.0,
volcanoes-a2,mlp-nosuite,0.9433497536945813,0.9815804504993686,1.0,1.0,0,0,1.0,1.0,1.0,1.0,1.0,0,0,1.0,1.0,1.0,1.0,1.0,0,0,1.0,1.0,1.0,1.0,1.0,0,0,1.0,1.0,1.0
volcanoes-a2,mlp-nosuite,0.9433497536945813,0.9998506497983246,1.0,1.0,0,0,1.0,1.0,,1.0,1.0,0,0,1.0,1.0,,1.0,1.0,0,0,1.0,1.0,,1.0,1.0,0,0,1.0,1.0,
volcanoes-a2,mlp-nosuite,0.9433497536945813,0.9962046156075793,1.0,1.0,0,0,1.0,1.0,1.0,1.0,1.0,0,0,1.0,1.0,1.0,1.0,1.0,0,0,1.0,1.0,1.0,1.0,1.0,0,0,1.0,1.0,1.0
volcanoes-a2,mlp-nosuite,0.9433497536945813,0.9187588235942447,1.0,1.0,0,0,1.0,1.0,1.0,1.0,1.0,0,0,1.0,1.0,1.0,1.0,1.0,0,0,1.0,1.0,1.0,1.0,1.0,0,0,1.0,1.0,1.0
volcanoes-a2,mlp-nosuite,0.9433497536945813,0.9997999167495963,1.0,1.0,0,0,1.0,1.0,,1.0,1.0,0,0,1.0,1.0,,1.0,1.0,0,0,1.0,1.0,,1.0,1.0,0,0,1.0,1.0,
volcanoes-a2,mlp-nosuite,0.9433497536945813,0.989074460738342,1.0,1.0,0,0,1.0,1.0,1.0,1.0,1.0,0,0,1.0,1.0,1.0,1.0,1.0,0,0,1.0,1.0,1.0,1.0,1.0,0,0,1.0,1.0,1.0
volcanoes-a2,mlp-nosuite,0.9433497536945813,0.9981742330825621,1.0,1.0,0,0,1.0,1.0,1.0,1.0,1.0,0,0,1.0,1.0,1.0,1.0,1.0,0,0,1.0,1.0,1.0,1.0,1.0,0,0,1.0,1.0,1.0
volcanoes-a2,mlp-nosuite,0.9433497536945813,0.9906324637071022,1.0,1.0,0,0,1.0,1.0,1.0,1.0,1.0,0,0,1.0,1.0,1.0,1.0,1.0,0,0,1.0,1.0,1.0,1.0,1.0,0,0,1.0,1.0,1.0
volcanoes-a2,mlp-nosuite,0.9433497536945813,0.9865966469254835,1.0,1.0,0,0,1.0,1.0,,1.0,1.0,0,0,1.0,1.0,,1.0,1.0,0,0,1.0,1.0,,1.0,1.0,0,0,1.0,1.0,
volcanoes-a2,mlp-nosuite,0.9433497536945813,0.633371254134434,0.9,0.975,0,0,0.925,0.675,,0.9,0.975,0,0,0.925,0.675,,0.9,0.975,0,0,0.925,0.675,,0.9,0.975,0,0,0.925,0.675,
volcanoes-a2,mlp-nosuite,0.9433497536945813,0.9964563357624171,1.0,1.0,0,0,1.0,1.0,,1.0,1.0,0,0,1.0,1.0,,1.0,1.0,0,0,1.0,1.0,,1.0,1.0,0,0,1.0,1.0,
volcanoes-a2,mlp-nosuite,0.9433497536945813,0.8381184763763451,1.0,1.0,0,0,1.0,0.925,,1.0,1.0,0,0,1.0,0.925,,1.0,1.0,0,0,1.0,0.925,,1.0,1.0,0,0,1.0,0.925,
volcanoes-a2,mlp-nosuite,0.9433497536945813,0.67709939715083,1.0,1.0,0,0,1.0,0.7,1.0,1.0,1.0,0,0,1.0,0.7,1.0,1.0,1.0,0,0,1.0,0.7,1.0,1.0,1.0,0,0,1.0,0.7,1.0
volcanoes-a2,mlp-nosuite,0.9433497536945813,0.9996379819155685,1.0,1.0,0,0,1.0,1.0,1.0,1.0,1.0,0,0,1.0,1.0,1.0,1.0,1.0,0,0,1.0,1.0,1.0,1.0,1.0,0,0,1.0,1.0,1.0
volcanoes-a2,mlp-nosuite,0.9433497536945813,0.9953403830891304,1.0,1.0,0,0,1.0,1.0,1.0,1.0,1.0,0,0,1.0,1.0,1.0,1.0,1.0,0,0,1.0,1.0,1.0,1.0,1.0,0,0,1.0,1.0,1.0
volcanoes-a2,mlp-nosuite,0.9433497536945813,0.996003238156051,1.0,1.0,0,0,1.0,1.0,1.0,1.0,1.0,0,0,1.0,1.0,1.0,1.0,1.0,0,0,1.0,1.0,1.0,1.0,1.0,0,0,1.0,1.0,1.0
volcanoes-a2,mlp-nosuite,0.9433497536945813,0.9399723002359562,1.0,1.0,0,0,1.0,1.0,1.0,1.0,1.0,0,0,1.0,1.0,1.0,1.0,1.0,0,0,1.0,1.0,1.0,1.0,1.0,0,0,1.0,1.0,1.0
volcanoes-a2,mlp-nosuite,0.9433497536945813,0.974767025409524,1.0,1.0,0,0,1.0,0.975,,1.0,1.0,0,0,1.0,0.975,,1.0,1.0,0,0,1.0,0.975,,1.0,1.0,0,0,1.0,0.975,
volcanoes-a2,mlp-nosuite,0.9433497536945813,0.9979545825214355,1.0,1.0,0,0,1.0,1.0,1.0,1.0,1.0,0,0,1.0,1.0,1.0,1.0,1.0,0,0,1.0,1.0,1.0,1.0,1.0,0,0,1.0,1.0,1.0
volcanoes-a2,mlp-nosuite,0.9433497536945813,0.9960337181265542,1.0,1.0,0,0,1.0,1.0,1.0,1.0,1.0,0,0,1.0,1.0,1.0,1.0,1.0,0,0,1.0,1.0,1.0,1.0,1.0,0,0,1.0,1.0,1.0
volcanoes-a2,mlp-nosuite,0.9433497536945813,0.9978145903838026,1.0,1.0,0,0,1.0,1.0,,1.0,1.0,0,0,1.0,1.0,,1.0,1.0,0,0,1.0,1.0,,1.0,1.0,0,0,1.0,1.0,
volcanoes-a2,mlp-nosuite,0.9433497536945813,0.9996019014590145,1.0,1.0,0,0,1.0,1.0,1.0,1.0,1.0,0,0,1.0,1.0,1.0,1.0,1.0,0,0,1.0,1.0,1.0,1.0,1.0,0,0,1.0,1.0,1.0
volcanoes-a2,mlp-nosuite,0.9433497536945813,0.9807756265890305,1.0,1.0,0,0,1.0,0.775,1.0,1.0,1.0,0,0,1.0,0.775,1.0,1.0,1.0,0,0,1.0,0.775,1.0,1.0,1.0,0,0,1.0,0.775,1.0
volcanoes-a2,mlp-nosuite,0.9433497536945813,0.9770492593122131,1.0,1.0,0,0,1.0,1.0,1.0,1.0,1.0,0,0,1.0,1.0,1.0,1.0,1.0,0,0,1.0,1.0,1.0,1.0,1.0,0,0,1.0,1.0,1.0
volcanoes-a2,mlp-nosuite,0.9433497536945813,0.9967116059741407,1.0,1.0,0,0,1.0,1.0,1.0,1.0,1.0,0,0,1.0,1.0,1.0,1.0,1.0,0,0,1.0,1.0,1.0,1.0,1.0,0,0,1.0,1.0,1.0
volcanoes-a2,mlp-nosuite,0.9433497536945813,0.9992005875898786,1.0,1.0,0,0,1.0,1.0,,1.0,1.0,0,0,1.0,1.0,,1.0,1.0,0,0,1.0,1.0,,1.0,1.0,0,0,1.0,1.0,
volcanoes-a2,mlp-nosuite,0.9433497536945813,0.9907716147062658,1.0,1.0,0,0,1.0,1.0,1.0,1.0,1.0,0,0,1.0,1.0,1.0,1.0,1.0,0,0,1.0,1.0,1.0,1.0,1.0,0,0,1.0,1.0,1.0
volcanoes-a2,mlp-nosuite,0.9433497536945813,0.9993988936728587,1.0,1.0,0,0,1.0,0.725,1.0,1.0,1.0,0,0,1.0,0.725,1.0,1.0,1.0,0,0,1.0,0.725,1.0,1.0,1.0,0,0,1.0,0.7250000000000001,1.0
volcanoes-a2,mlp-nosuite,0.9433497536945813,0.9945112246052255,1.0,1.0,0,0,1.0,1.0,1.0,1.0,1.0,0,0,1.0,1.0,1.0,1.0,1.0,0,0,1.0,1.0,1.0,1.0,1.0,0,0,1.0,1.0,1.0
volcanoes-a2,mlp-nosuite,0.9433497536945813,0.9967629457569558,1.0,1.0,0,0,0.975,1.0,,1.0,1.0,0,0,0.975,1.0,,1.0,1.0,0,0,0.975,1.0,,1.0,1.0,0,0,0.975,1.0,
volcanoes-a2,mlp-nosuite,0.9433497536945813,0.9997756410819659,1.0,1.0,0,0,1.0,1.0,,1.0,1.0,0,0,1.0,1.0,,1.0,1.0,0,0,1.0,1.0,,1.0,1.0,0,0,1.0,1.0,
volcanoes-a2,mlp-nosuite,0.9433497536945813,0.95917891984778,1.0,1.0,0,0,1.0,1.0,,1.0,1.0,0,0,1.0,1.0,,1.0,1.0,0,0,1.0,1.0,,1.0,1.0,0,0,1.0,1.0,
volcanoes-a2,mlp-nosuite,0.9433497536945813,0.9997389252387225,1.0,1.0,0,0,1.0,1.0,,1.0,1.0,0,0,1.0,1.0,,1.0,1.0,0,0,1.0,1.0,,1.0,1.0,0,0,1.0,1.0,
volcanoes-a2,mlp-nosuite,0.9433497536945813,0.9952232981417839,1.0,1.0,0,0,1.0,0.925,1.0,1.0,1.0,0,0,1.0,0.925,1.0,1.0,1.0,0,0,1.0,0.925,1.0,1.0,1.0,0,0,1.0,0.925,1.0
volcanoes-a2,mlp-nosuite,0.9433497536945813,0.9949308525243776,1.0,1.0,0,0,1.0,1.0,,1.0,1.0,0,0,1.0,1.0,,1.0,1.0,0,0,1.0,1.0,,1.0,1.0,0,0,1.0,1.0,
volcanoes-a2,mlp-nosuite,0.9433497536945813,0.9936453478922993,1.0,1.0,0,0,1.0,1.0,,1.0,1.0,0,0,1.0,1.0,,1.0,1.0,0,0,1.0,1.0,,1.0,1.0,0,0,1.0,1.0,
volcanoes-a2,mlp-nosuite,0.9433497536945813,0.3115257813382541,0.725,0.725,0,0,0.925,0.8,0.925,0.725,0.725,0,0,0.925,0.8,0.925,0.725,0.725,0,0,0.925,0.8,0.925,0.7250000000000001,0.7250000000000001,0,0,0.925,0.8000000000000002,0.925
volcanoes-a2,mlp-nosuite,0.9433497536945813,0.9991626112019232,1.0,1.0,0,0,1.0,1.0,,1.0,1.0,0,0,1.0,1.0,,1.0,1.0,0,0,1.0,1.0,,1.0,1.0,0,0,1.0,1.0,
volcanoes-a2,mlp-nosuite,0.9433497536945813,0.9260206381917542,1.0,1.0,0,0,1.0,0.875,,1.0,1.0,0,0,1.0,0.875,,1.0,1.0,0,0,1.0,0.875,,1.0,1.0,0,0,1.0,0.875,
volcanoes-a2,mlp-nosuite,0.9433497536945813,0.999040609600252,1.0,1.0,0,0,1.0,1.0,,1.0,1.0,0,0,1.0,1.0,,1.0,1.0,0,0,1.0,1.0,,1.0,1.0,0,0,1.0,1.0,
volcanoes-a2,mlp-nosuite,0.9433497536945813,0.994854503114586,1.0,1.0,0,0,1.0,1.0,1.0,1.0,1.0,0,0,1.0,1.0,1.0,1.0,1.0,0,0,1.0,1.0,1.0,1.0,1.0,0,0,1.0,1.0,1.0
volcanoes-a2,mlp-nosuite,0.9433497536945813,0.9788847631133493,1.0,1.0,0,0,1.0,1.0,1.0,1.0,1.0,0,0,1.0,1.0,1.0,1.0,1.0,0,0,1.0,1.0,1.0,1.0,1.0,0,0,1.0,1.0,1.0
volcanoes-a2,mlp-nosuite,0.9433497536945813,0.9980893903223783,1.0,1.0,0,0,1.0,1.0,,1.0,1.0,0,0,1.0,1.0,,1.0,1.0,0,0,1.0,1.0,,1.0,1.0,0,0,1.0,1.0,
volcanoes-a2,mlp-nosuite,0.9433497536945813,0.9998837209201417,1.0,1.0,0,0,1.0,1.0,1.0,1.0,1.0,0,0,1.0,1.0,1.0,1.0,1.0,0,0,1.0,1.0,1.0,1.0,1.0,0,0,1.0,1.0,1.0
volcanoes-a2,mlp-nosuite,0.9433497536945813,0.2728039328296244,0.725,0.85,0,0,0.875,0.775,0.9,0.725,0.85,0,0,0.875,0.775,0.9,0.725,0.85,0,0,0.875,0.775,0.9,0.7250000000000001,0.85,0,0,0.875,0.775,0.9
volcanoes-a2,mlp-nosuite,0.9433497536945813,0.9981909648325273,1.0,1.0,0,0,1.0,1.0,,1.0,1.0,0,0,1.0,1.0,,1.0,1.0,0,0,1.0,1.0,,1.0,1.0,0,0,1.0,1.0,
volcanoes-a2,mlp-nosuite,0.9433497536945813,0.8947264005783525,1.0,1.0,0,0,1.0,0.975,1.0,1.0,1.0,0,0,1.0,0.975,1.0,1.0,1.0,0,0,1.0,0.975,1.0,1.0,1.0,0,0,1.0,0.975,1.0
volcanoes-a2,mlp-nosuite,0.9433497536945813,0.9929508336729344,1.0,1.0,0,0,1.0,1.0,1.0,1.0,1.0,0,0,1.0,1.0,1.0,1.0,1.0,0,0,1.0,1.0,1.0,1.0,1.0,0,0,1.0,1.0,1.0
volcanoes-a2,mlp-nosuite,0.9433497536945813,0.9477544368743355,1.0,1.0,0,0,1.0,1.0,1.0,1.0,1.0,0,0,1.0,1.0,1.0,1.0,1.0,0,0,1.0,1.0,1.0,1.0,1.0,0,0,1.0,1.0,1.0
yeast,mlp-nosuite,0.6172506738544474,0.7059430427120151,0.8378378378378378,0.8108108108108109,0,0,0.7837837837837838,,0.7297297297297297,0.8378378378378378,0.8108108108108109,0,0,0.7837837837837838,,0.7297297297297297,0.8378378378378378,0.8108108108108109,0,0,0.7837837837837838,,0.7297297297297297,0.8378378378378378,0.8108108108108109,0,0,0.7837837837837838,,0.7297297297297297
yeast,mlp-nosuite,0.6172506738544474,0.854184224069063,0.972972972972973,0.972972972972973,0,0,0.9459459459459459,0.918918918918919,0.918918918918919,0.972972972972973,0.972972972972973,0,0,0.9459459459459459,0.918918918918919,0.918918918918919,0.972972972972973,0.972972972972973,0,0,0.9459459459459459,0.918918918918919,0.918918918918919,0.972972972972973,0.972972972972973,0,0,0.9459459459459459,0.918918918918919,0.918918918918919
yeast,mlp-nosuite,0.6172506738544474,0.7687061589797701,0.8648648648648649,0.8648648648648649,0,0,0.6756756756756757,,0.9459459459459459,0.8648648648648649,0.8648648648648649,0,0,0.6756756756756757,,0.9459459459459459,0.8648648648648649,0.8648648648648649,0,0,0.6756756756756757,,0.9459459459459459,0.8648648648648649,0.8648648648648649,0,0,0.6756756756756757,,0.9459459459459459
yeast,mlp-nosuite,0.6172506738544474,0.8153871353725672,0.918918918918919,0.972972972972973,0,0,0.972972972972973,,0.8918918918918919,0.918918918918919,0.972972972972973,0,0,0.972972972972973,,0.8918918918918919,0.918918918918919,0.972972972972973,0,0,0.972972972972973,,0.8918918918918919,0.918918918918919,0.972972972972973,0,0,0.972972972972973,,0.8918918918918919
yeast,mlp-nosuite,0.6172506738544474,0.8517713481033629,0.7837837837837838,0.8918918918918919,0,0,0.8108108108108109,,0.8378378378378378,0.7837837837837838,0.8918918918918919,0,0,0.8108108108108109,,0.8378378378378378,0.7837837837837838,0.8918918918918919,0,0,0.8108108108108109,,0.8378378378378378,0.7837837837837838,0.8918918918918919,0,0,0.8108108108108109,,0.8378378378378378
yeast,mlp-nosuite,0.6172506738544474,0.4910007150414382,0.7027027027027027,0.7027027027027027,0,0,0.5675675675675675,,0.6216216216216216,0.7027027027027027,0.7027027027027027,0,0,0.5675675675675675,,0.6216216216216216,0.7027027027027027,0.7027027027027027,0,0,0.5675675675675675,,0.6216216216216216,0.7027027027027027,0.7027027027027027,0,0,0.5675675675675675,,0.6216216216216216
yeast,mlp-nosuite,0.6172506738544474,0.6965870220668589,0.8378378378378378,0.918918918918919,0,0,0.8108108108108109,,0.8648648648648649,0.8378378378378378,0.918918918918919,0,0,0.8108108108108109,,0.8648648648648649,0.8378378378378378,0.918918918918919,0,0,0.8108108108108109,,0.8648648648648649,0.8378378378378378,0.918918918918919,0,0,0.8108108108108109,,0.8648648648648649
yeast,mlp-nosuite,0.6172506738544474,0.6082230414329826,0.8648648648648649,0.918918918918919,0,0,0.8918918918918919,,0.8648648648648649,0.8648648648648649,0.918918918918919,0,0,0.8918918918918919,,0.8648648648648649,0.8648648648648649,0.918918918918919,0,0,0.8918918918918919,,0.8648648648648649,0.8648648648648649,0.918918918918919,0,0,0.8918918918918919,,0.8648648648648649
yeast,mlp-nosuite,0.6172506738544474,0.5307691251774221,0.918918918918919,0.8648648648648649,0,0,0.7837837837837838,,0.8918918918918919,0.918918918918919,0.8648648648648649,0,0,0.7837837837837838,,0.8918918918918919,0.918918918918919,0.8648648648648649,0,0,0.7837837837837838,,0.8918918918918919,0.918918918918919,0.8648648648648649,0,0,0.7837837837837838,,0.8918918918918919
yeast,mlp-nosuite,0.6172506738544474,0.5898136535651094,0.918918918918919,0.9459459459459459,0,0,0.8918918918918919,,0.9459459459459459,0.918918918918919,0.9459459459459459,0,0,0.8918918918918919,,0.9459459459459459,0.918918918918919,0.9459459459459459,0,0,0.8918918918918919,,0.9459459459459459,0.918918918918919,0.9459459459459459,0,0,0.8918918918918919,,0.9459459459459459
yeast,mlp-nosuite,0.6172506738544474,0.9769920903358666,0.972972972972973,0.9459459459459459,0,0,0.9459459459459459,,0.9459459459459459,0.972972972972973,0.9459459459459459,0,0,0.9459459459459459,,0.9459459459459459,0.972972972972973,0.9459459459459459,0,0,0.9459459459459459,,0.9459459459459459,0.972972972972973,0.9459459459459459,0,0,0.9459459459459459,,0.9459459459459459
yeast,mlp-nosuite,0.6172506738544474,0.6550089218997267,0.7027027027027027,0.7297297297297297,0,0,0.7027027027027027,,0.7837837837837838,0.7027027027027027,0.7297297297297297,0,0,0.7027027027027027,,0.7837837837837838,0.7027027027027027,0.7297297297297297,0,0,0.7027027027027027,,0.7837837837837838,0.7027027027027027,0.7297297297297297,0,0,0.7027027027027027,,0.7837837837837838
yeast,mlp-nosuite,0.6172506738544474,0.652156417544897,0.8918918918918919,0.972972972972973,0,0,0.9459459459459459,,0.918918918918919,0.8918918918918919,0.972972972972973,0,0,0.9459459459459459,,0.918918918918919,0.8918918918918919,0.972972972972973,0,0,0.9459459459459459,,0.918918918918919,0.8918918918918919,0.972972972972973,0,0,0.9459459459459459,,0.918918918918919
yeast,mlp-nosuite,0.6172506738544474,0.590686225478177,0.8918918918918919,0.972972972972973,0,0,0.8108108108108109,,0.8918918918918919,0.8918918918918919,0.972972972972973,0,0,0.8108108108108109,,0.8918918918918919,0.8918918918918919,0.972972972972973,0,0,0.8108108108108109,,0.8918918918918919,0.8918918918918919,0.972972972972973,0,0,0.8108108108108109,,0.8918918918918919
yeast,mlp-nosuite,0.6172506738544474,0.8068372530401193,0.918918918918919,0.9459459459459459,0,0,1.0,,0.8648648648648649,0.918918918918919,0.9459459459459459,0,0,1.0,,0.8648648648648649,0.918918918918919,0.9459459459459459,0,0,1.0,,0.8648648648648649,0.918918918918919,0.9459459459459459,0,0,1.0,,0.8648648648648649
yeast,mlp-nosuite,0.6172506738544474,0.48720428480289174,0.8918918918918919,0.8918918918918919,0,0,0.8378378378378378,,0.7567567567567568,0.8918918918918919,0.8918918918918919,0,0,0.8378378378378378,,0.7567567567567568,0.8918918918918919,0.8918918918918919,0,0,0.8378378378378378,,0.7567567567567568,0.8918918918918919,0.8918918918918919,0,0,0.8378378378378378,,0.7567567567567567
yeast,mlp-nosuite,0.6172506738544474,0.7066654959328711,0.7567567567567568,0.918918918918919,0,0,0.9459459459459459,,0.7297297297297297,0.7567567567567568,0.918918918918919,0,0,0.9459459459459459,,0.7297297297297297,0.7567567567567568,0.918918918918919,0,0,0.9459459459459459,,0.7297297297297297,0.7567567567567567,0.918918918918919,0,0,0.9459459459459459,,0.7297297297297297
yeast,mlp-nosuite,0.6172506738544474,0.6383887042040087,0.6756756756756757,0.7837837837837838,0,0,0.6216216216216216,,0.6216216216216216,0.6756756756756757,0.7837837837837838,0,0,0.6216216216216216,,0.6216216216216216,0.6756756756756757,0.7837837837837838,0,0,0.6216216216216216,,0.6216216216216216,0.6756756756756757,0.7837837837837838,0,0,0.6216216216216216,,0.6216216216216216
yeast,mlp-nosuite,0.6172506738544474,0.5399032225517664,0.7027027027027027,0.7567567567567568,0,0,0.6216216216216216,,0.5405405405405406,0.7027027027027027,0.7567567567567568,0,0,0.6216216216216216,,0.5405405405405406,0.7027027027027027,0.7567567567567568,0,0,0.6216216216216216,,0.5405405405405406,0.7027027027027027,0.7567567567567567,0,0,0.6216216216216216,,0.5405405405405406
yeast,mlp-nosuite,0.6172506738544474,0.6402846894575331,0.918918918918919,1.0,0,0,1.0,,0.918918918918919,0.918918918918919,1.0,0,0,1.0,,0.918918918918919,0.918918918918919,1.0,0,0,1.0,,0.918918918918919,0.918918918918919,1.0,0,0,1.0,,0.918918918918919
yeast,mlp-nosuite,0.6172506738544474,0.8270420607641638,0.8918918918918919,0.8648648648648649,0,0,0.8918918918918919,0.8648648648648649,0.8108108108108109,0.8918918918918919,0.8648648648648649,0,0,0.8918918918918919,0.8648648648648649,0.8108108108108109,0.8918918918918919,0.8648648648648649,0,0,0.8918918918918919,0.8648648648648649,0.8108108108108109,0.8918918918918919,0.8648648648648649,0,0,0.8918918918918919,0.8648648648648649,0.8108108108108109
yeast,mlp-nosuite,0.6172506738544474,0.9559665576072347,0.6756756756756757,0.7837837837837838,0,0,0.5675675675675675,,0.6486486486486487,0.6756756756756757,0.7837837837837838,0,0,0.5675675675675675,,0.6486486486486487,0.6756756756756757,0.7837837837837838,0,0,0.5675675675675675,,0.6486486486486487,0.6756756756756757,0.7837837837837838,0,0,0.5675675675675675,,0.6486486486486487
yeast,mlp-nosuite,0.6172506738544474,0.7985630197835285,0.7297297297297297,0.8378378378378378,0,0,0.7027027027027027,,0.8918918918918919,0.7297297297297297,0.8378378378378378,0,0,0.7027027027027027,,0.8918918918918919,0.7297297297297297,0.8378378378378378,0,0,0.7027027027027027,,0.8918918918918919,0.7297297297297297,0.8378378378378378,0,0,0.7027027027027027,,0.8918918918918919
yeast,mlp-nosuite,0.6172506738544474,0.6227046815327231,0.9459459459459459,0.972972972972973,0,0,0.8918918918918919,,0.8918918918918919,0.9459459459459459,0.972972972972973,0,0,0.8918918918918919,,0.8918918918918919,0.9459459459459459,0.972972972972973,0,0,0.8918918918918919,,0.8918918918918919,0.9459459459459459,0.972972972972973,0,0,0.8918918918918919,,0.8918918918918919
yeast,mlp-nosuite,0.6172506738544474,0.5224487399404436,0.8648648648648649,0.9459459459459459,0,0,0.7567567567567568,,0.7027027027027027,0.8648648648648649,0.9459459459459459,0,0,0.7567567567567568,,0.7027027027027027,0.8648648648648649,0.9459459459459459,0,0,0.7567567567567568,,0.7027027027027027,0.8648648648648649,0.9459459459459459,0,0,0.7567567567567567,,0.7027027027027027
yeast,mlp-nosuite,0.6172506738544474,0.3891855150835529,0.8108108108108109,0.8648648648648649,0,0,0.5945945945945946,,0.7297297297297297,0.8108108108108109,0.8648648648648649,0,0,0.5945945945945946,,0.7297297297297297,0.8108108108108109,0.8648648648648649,0,0,0.5945945945945946,,0.7297297297297297,0.8108108108108109,0.8648648648648649,0,0,0.5945945945945946,,0.7297297297297297
yeast,mlp-nosuite,0.6172506738544474,0.5911790368740227,0.8648648648648649,0.8648648648648649,0,0,0.8648648648648649,,0.8108108108108109,0.8648648648648649,0.8648648648648649,0,0,0.8648648648648649,,0.8108108108108109,0.8648648648648649,0.8648648648648649,0,0,0.8648648648648649,,0.8108108108108109,0.8648648648648649,0.8648648648648649,0,0,0.8648648648648649,,0.8108108108108109
yeast,mlp-nosuite,0.6172506738544474,0.629670593848274,0.918918918918919,0.918918918918919,0,0,0.8648648648648649,,0.918918918918919,0.918918918918919,0.918918918918919,0,0,0.8648648648648649,,0.918918918918919,0.918918918918919,0.918918918918919,0,0,0.8648648648648649,,0.918918918918919,0.918918918918919,0.918918918918919,0,0,0.8648648648648649,,0.918918918918919
yeast,mlp-nosuite,0.6172506738544474,0.5658438576331523,0.8648648648648649,1.0,0,0,0.972972972972973,,0.8648648648648649,0.8648648648648649,1.0,0,0,0.972972972972973,,0.8648648648648649,0.8648648648648649,1.0,0,0,0.972972972972973,,0.8648648648648649,0.8648648648648649,1.0,0,0,0.972972972972973,,0.8648648648648649
yeast,mlp-nosuite,0.6172506738544474,0.7187024376961156,0.9459459459459459,0.8378378378378378,0,0,0.918918918918919,,0.8918918918918919,0.9459459459459459,0.8378378378378378,0,0,0.918918918918919,,0.8918918918918919,0.9459459459459459,0.8378378378378378,0,0,0.918918918918919,,0.8918918918918919,0.9459459459459459,0.8378378378378378,0,0,0.918918918918919,,0.8918918918918919
yeast,mlp-nosuite,0.6172506738544474,0.5913711080016002,0.8108108108108109,0.8108108108108109,0,0,0.7837837837837838,,0.8378378378378378,0.8108108108108109,0.8108108108108109,0,0,0.7837837837837838,,0.8378378378378378,0.8108108108108109,0.8108108108108109,0,0,0.7837837837837838,,0.8378378378378378,0.8108108108108109,0.8108108108108109,0,0,0.7837837837837838,,0.8378378378378378
yeast,mlp-nosuite,0.6172506738544474,0.5682644820982953,0.8918918918918919,0.8648648648648649,0,0,0.8378378378378378,,0.8648648648648649,0.8918918918918919,0.8648648648648649,0,0,0.8378378378378378,,0.8648648648648649,0.8918918918918919,0.8648648648648649,0,0,0.8378378378378378,,0.8648648648648649,0.8918918918918919,0.8648648648648649,0,0,0.8378378378378378,,0.8648648648648649
yeast,mlp-nosuite,0.6172506738544474,0.5213467113424698,0.918918918918919,0.8648648648648649,0,0,0.8918918918918919,,0.6486486486486487,0.918918918918919,0.8648648648648649,0,0,0.8918918918918919,,0.6486486486486487,0.918918918918919,0.8648648648648649,0,0,0.8918918918918919,,0.6486486486486487,0.918918918918919,0.8648648648648649,0,0,0.8918918918918919,,0.6486486486486487
yeast,mlp-nosuite,0.6172506738544474,0.5031306686464653,0.7837837837837838,0.7567567567567568,0,0,0.7297297297297297,,0.7297297297297297,0.7837837837837838,0.7567567567567568,0,0,0.7297297297297297,,0.7297297297297297,0.7837837837837838,0.7567567567567568,0,0,0.7297297297297297,,0.7297297297297297,0.7837837837837838,0.7567567567567567,0,0,0.7297297297297297,,0.7297297297297297
yeast,mlp-nosuite,0.6172506738544474,0.5884111482706388,0.972972972972973,0.918918918918919,0,0,0.7567567567567568,,0.918918918918919,0.972972972972973,0.918918918918919,0,0,0.7567567567567568,,0.918918918918919,0.972972972972973,0.918918918918919,0,0,0.7567567567567568,,0.918918918918919,0.972972972972973,0.918918918918919,0,0,0.7567567567567567,,0.918918918918919
yeast,mlp-nosuite,0.6172506738544474,0.7866950662633221,0.7837837837837838,0.7567567567567568,0,0,0.6756756756756757,,0.7567567567567568,0.7837837837837838,0.7567567567567568,0,0,0.6756756756756757,,0.7567567567567568,0.7837837837837838,0.7567567567567568,0,0,0.6756756756756757,,0.7567567567567568,0.7837837837837838,0.7567567567567567,0,0,0.6756756756756757,,0.7567567567567567
yeast,mlp-nosuite,0.6172506738544474,0.5447268803985967,0.6486486486486487,0.6756756756756757,0,0,0.7837837837837838,,0.5945945945945946,0.6486486486486487,0.6756756756756757,0,0,0.7837837837837838,,0.5945945945945946,0.6486486486486487,0.6756756756756757,0,0,0.7837837837837838,,0.5945945945945946,0.6486486486486487,0.6756756756756757,0,0,0.7837837837837838,,0.5945945945945946
yeast,mlp-nosuite,0.6172506738544474,0.8144204226766092,0.9459459459459459,0.9459459459459459,0,0,0.918918918918919,,0.8378378378378378,0.9459459459459459,0.9459459459459459,0,0,0.918918918918919,,0.8378378378378378,0.9459459459459459,0.9459459459459459,0,0,0.918918918918919,,0.8378378378378378,0.9459459459459459,0.9459459459459459,0,0,0.918918918918919,,0.8378378378378378
yeast,mlp-nosuite,0.6172506738544474,0.8891864317831109,0.9459459459459459,1.0,0,0,1.0,,0.918918918918919,0.9459459459459459,1.0,0,0,1.0,,0.918918918918919,0.9459459459459459,1.0,0,0,1.0,,0.918918918918919,0.9459459459459459,1.0,0,0,1.0,,0.918918918918919
yeast,mlp-nosuite,0.6172506738544474,0.28133881938989935,0.8648648648648649,1.0,0,0,0.918918918918919,,0.7297297297297297,0.8648648648648649,1.0,0,0,0.918918918918919,,0.7297297297297297,0.8648648648648649,1.0,0,0,0.918918918918919,,0.7297297297297297,0.8648648648648649,1.0,0,0,0.918918918918919,,0.7297297297297297
yeast,mlp-nosuite,0.6172506738544474,0.6859127235089117,0.8918918918918919,0.8918918918918919,0,0,0.9459459459459459,,0.8378378378378378,0.8918918918918919,0.8918918918918919,0,0,0.9459459459459459,,0.8378378378378378,0.8918918918918919,0.8918918918918919,0,0,0.9459459459459459,,0.8378378378378378,0.8918918918918919,0.8918918918918919,0,0,0.9459459459459459,,0.8378378378378378
yeast,mlp-nosuite,0.6172506738544474,0.6731378428486091,0.8918918918918919,0.9459459459459459,0,0,0.918918918918919,,0.8648648648648649,0.8918918918918919,0.9459459459459459,0,0,0.918918918918919,,0.8648648648648649,0.8918918918918919,0.9459459459459459,0,0,0.918918918918919,,0.8648648648648649,0.8918918918918919,0.9459459459459459,0,0,0.918918918918919,,0.8648648648648649
yeast,mlp-nosuite,0.6172506738544474,0.35038552062983414,0.7837837837837838,0.8108108108108109,0,0,0.8378378378378378,,0.5945945945945946,0.7837837837837838,0.8108108108108109,0,0,0.8378378378378378,,0.5945945945945946,0.7837837837837838,0.8108108108108109,0,0,0.8378378378378378,,0.5945945945945946,0.7837837837837838,0.8108108108108109,0,0,0.8378378378378378,,0.5945945945945946
yeast,mlp-nosuite,0.6172506738544474,0.6058491647689342,0.6756756756756757,0.7027027027027027,0,0,0.7567567567567568,,0.7837837837837838,0.6756756756756757,0.7027027027027027,0,0,0.7567567567567568,,0.7837837837837838,0.6756756756756757,0.7027027027027027,0,0,0.7567567567567568,,0.7837837837837838,0.6756756756756757,0.7027027027027027,0,0,0.7567567567567567,,0.7837837837837838
yeast,mlp-nosuite,0.6172506738544474,0.9422417409954973,0.8648648648648649,0.9459459459459459,0,0,0.8378378378378378,,0.8648648648648649,0.8648648648648649,0.9459459459459459,0,0,0.8378378378378378,,0.8648648648648649,0.8648648648648649,0.9459459459459459,0,0,0.8378378378378378,,0.8648648648648649,0.8648648648648649,0.9459459459459459,0,0,0.8378378378378378,,0.8648648648648649
yeast,mlp-nosuite,0.6172506738544474,0.7328804053498051,0.918918918918919,0.9459459459459459,0,0,0.9459459459459459,,0.9459459459459459,0.918918918918919,0.9459459459459459,0,0,0.9459459459459459,,0.9459459459459459,0.918918918918919,0.9459459459459459,0,0,0.9459459459459459,,0.9459459459459459,0.918918918918919,0.9459459459459459,0,0,0.9459459459459459,,0.9459459459459459
yeast,mlp-nosuite,0.6172506738544474,0.3486443412971777,0.918918918918919,1.0,0,0,0.9459459459459459,,0.8648648648648649,0.918918918918919,1.0,0,0,0.9459459459459459,,0.8648648648648649,0.918918918918919,1.0,0,0,0.9459459459459459,,0.8648648648648649,0.918918918918919,1.0,0,0,0.9459459459459459,,0.8648648648648649
yeast,mlp-nosuite,0.6172506738544474,0.6434217995854417,0.9459459459459459,0.9459459459459459,0,0,0.8918918918918919,,0.9459459459459459,0.9459459459459459,0.9459459459459459,0,0,0.8918918918918919,,0.9459459459459459,0.9459459459459459,0.9459459459459459,0,0,0.8918918918918919,,0.9459459459459459,0.9459459459459459,0.9459459459459459,0,0,0.8918918918918919,,0.9459459459459459
yeast,mlp-nosuite,0.6172506738544474,0.7272889805060853,0.7297297297297297,0.7567567567567568,0,0,0.8648648648648649,,0.8918918918918919,0.7297297297297297,0.7567567567567568,0,0,0.8648648648648649,,0.8918918918918919,0.7297297297297297,0.7567567567567568,0,0,0.8648648648648649,,0.8918918918918919,0.7297297297297297,0.7567567567567567,0,0,0.8648648648648649,,0.8918918918918919
yeast,mlp-nosuite,0.6172506738544474,0.8009345249963874,0.8108108108108109,0.8378378378378378,0,0,0.8648648648648649,,0.8648648648648649,0.8108108108108109,0.8378378378378378,0,0,0.8648648648648649,,0.8648648648648649,0.8108108108108109,0.8378378378378378,0,0,0.8648648648648649,,0.8648648648648649,0.8108108108108109,0.8378378378378378,0,0,0.8648648648648649,,0.8648648648648649
rmftsa,mlp-nosuite,0.51953125,0.4392036268962049,1.0,1.0,0,0,0.96,,1.0,1.0,1.0,0,0,0.96,,1.0,1.0,1.0,0,0,0.96,,1.0,1.0,1.0,0,0,0.96,,1.0
rmftsa,mlp-nosuite,0.51953125,0.4680882890516091,0.8,0.96,0,0,0.88,,0.92,0.8,0.96,0,0,0.88,,0.92,0.8,0.96,0,0,0.88,,0.92,0.8000000000000002,0.96,0,0,0.88,,0.92
rmftsa,mlp-nosuite,0.51953125,0.38564920294868216,0.44,0.84,0,0,0.88,,0.32,0.44,0.84,0,0,0.88,,0.32,0.44,0.84,0,0,0.88,,0.32,0.44,0.8399999999999999,0,0,0.88,,0.32
rmftsa,mlp-nosuite,0.51953125,0.4703688216831583,0.6,0.76,0,0,0.72,,0.6,0.6,0.76,0,0,0.72,,0.6,0.6,0.76,0,0,0.72,,0.6,0.6,0.76,0,0,0.72,,0.6
rmftsa,mlp-nosuite,0.51953125,0.6230154375875949,1.0,1.0,0,0,1.0,,1.0,1.0,1.0,0,0,1.0,,1.0,1.0,1.0,0,0,1.0,,1.0,1.0,1.0,0,0,1.0,,1.0
rmftsa,mlp-nosuite,0.51953125,0.520291675712967,1.0,1.0,0,0,1.0,,1.0,1.0,1.0,0,0,1.0,,1.0,1.0,1.0,0,0,1.0,,1.0,1.0,1.0,0,0,1.0,,1.0
rmftsa,mlp-nosuite,0.51953125,0.4226854137332023,0.72,0.8,0,0,0.96,,0.72,0.72,0.8,0,0,0.96,,0.72,0.72,0.8,0,0,0.96,,0.72,0.72,0.8000000000000002,0,0,0.96,,0.72
rmftsa,mlp-nosuite,0.51953125,0.5311366699227706,1.0,1.0,0,0,1.0,,1.0,1.0,1.0,0,0,1.0,,1.0,1.0,1.0,0,0,1.0,,1.0,1.0,1.0,0,0,1.0,,1.0
rmftsa,mlp-nosuite,0.51953125,0.49625395118885585,0.72,0.84,0,0,0.88,,0.88,0.72,0.84,0,0,0.88,,0.88,0.72,0.84,0,0,0.88,,0.88,0.72,0.8399999999999999,0,0,0.88,,0.88
rmftsa,mlp-nosuite,0.51953125,0.5158761279858914,1.0,1.0,0,0,1.0,,1.0,1.0,1.0,0,0,1.0,,1.0,1.0,1.0,0,0,1.0,,1.0,1.0,1.0,0,0,1.0,,1.0
rmftsa,mlp-nosuite,0.51953125,0.7531628560102336,1.0,1.0,0,0,1.0,,1.0,1.0,1.0,0,0,1.0,,1.0,1.0,1.0,0,0,1.0,,1.0,1.0,1.0,0,0,1.0,,1.0
rmftsa,mlp-nosuite,0.51953125,0.5581282006345757,0.72,1.0,0,0,1.0,,0.88,0.72,1.0,0,0,1.0,,0.88,0.72,1.0,0,0,1.0,,0.88,0.72,1.0,0,0,1.0,,0.88
rmftsa,mlp-nosuite,0.51953125,0.4892391385789344,0.56,1.0,0,0,0.96,,0.96,0.56,1.0,0,0,0.96,,0.96,0.56,1.0,0,0,0.96,,0.96,0.56,1.0,0,0,0.96,,0.96
rmftsa,mlp-nosuite,0.51953125,0.44989282848458323,0.36,0.92,0,0,0.92,,0.92,0.36,0.92,0,0,0.92,,0.92,0.36,0.92,0,0,0.92,,0.92,0.36,0.92,0,0,0.92,,0.92
rmftsa,mlp-nosuite,0.51953125,0.5014428846574492,1.0,1.0,0,0,1.0,,1.0,1.0,1.0,0,0,1.0,,1.0,1.0,1.0,0,0,1.0,,1.0,1.0,1.0,0,0,1.0,,1.0
rmftsa,mlp-nosuite,0.51953125,0.5396897232801114,0.56,0.96,0,0,0.96,,0.96,0.56,0.96,0,0,0.96,,0.96,0.56,0.96,0,0,0.96,,0.96,0.56,0.96,0,0,0.96,,0.96
rmftsa,mlp-nosuite,0.51953125,0.35938128953713677,0.4,1.0,0,0,1.0,,0.88,0.4,1.0,0,0,1.0,,0.88,0.4,1.0,0,0,1.0,,0.88,0.4000000000000001,1.0,0,0,1.0,,0.88
rmftsa,mlp-nosuite,0.51953125,0.5158761279858914,1.0,1.0,0,0,1.0,,1.0,1.0,1.0,0,0,1.0,,1.0,1.0,1.0,0,0,1.0,,1.0,1.0,1.0,0,0,1.0,,1.0
rmftsa,mlp-nosuite,0.51953125,0.5456845771163488,0.48,1.0,0,0,0.88,,1.0,0.48,1.0,0,0,0.88,,1.0,0.48,1.0,0,0,0.88,,1.0,0.48,1.0,0,0,0.88,,1.0
rmftsa,mlp-nosuite,0.51953125,0.5783612720130417,1.0,1.0,0,0,1.0,,1.0,1.0,1.0,0,0,1.0,,1.0,1.0,1.0,0,0,1.0,,1.0,1.0,1.0,0,0,1.0,,1.0
rmftsa,mlp-nosuite,0.51953125,0.4456303814003765,1.0,1.0,0,0,1.0,,1.0,1.0,1.0,0,0,1.0,,1.0,1.0,1.0,0,0,1.0,,1.0,1.0,1.0,0,0,1.0,,1.0
rmftsa,mlp-nosuite,0.51953125,0.4288145439547315,0.48,0.76,0,0,0.92,,0.68,0.48,0.76,0,0,0.92,,0.68,0.48,0.76,0,0,0.92,,0.68,0.48,0.76,0,0,0.92,,0.68
rmftsa,mlp-nosuite,0.51953125,0.3624132567773058,0.68,1.0,0,0,0.6,,0.6,0.68,1.0,0,0,0.6,,0.6,0.68,1.0,0,0,0.6,,0.6,0.68,1.0,0,0,0.6,,0.6
rmftsa,mlp-nosuite,0.51953125,0.6780616434441902,1.0,1.0,0,0,1.0,,1.0,1.0,1.0,0,0,1.0,,1.0,1.0,1.0,0,0,1.0,,1.0,1.0,1.0,0,0,1.0,,1.0
rmftsa,mlp-nosuite,0.51953125,0.3611232315319938,0.6,0.76,0,0,0.84,,0.76,0.6,0.76,0,0,0.84,,0.76,0.6,0.76,0,0,0.84,,0.76,0.6,0.76,0,0,0.8399999999999999,,0.76
rmftsa,mlp-nosuite,0.51953125,0.4401701803855752,0.48,0.88,0,0,0.92,,0.56,0.48,0.88,0,0,0.92,,0.56,0.48,0.88,0,0,0.92,,0.56,0.48,0.88,0,0,0.92,,0.56
rmftsa,mlp-nosuite,0.51953125,0.3485186007507078,0.88,0.96,0,0,0.96,,0.08,0.88,0.96,0,0,0.96,,0.08,0.88,0.96,0,0,0.96,,0.08,0.88,0.96,0,0,0.96,,0.08
rmftsa,mlp-nosuite,0.51953125,0.37886713392700194,0.44,0.92,0,0,0.56,,0.52,0.44,0.92,0,0,0.56,,0.52,0.44,0.92,0,0,0.56,,0.52,0.44,0.92,0,0,0.56,,0.52
rmftsa,mlp-nosuite,0.51953125,0.38827933639630735,0.92,1.0,0,0,0.92,,0.92,0.92,1.0,0,0,0.92,,0.92,0.92,1.0,0,0,0.92,,0.92,0.92,1.0,0,0,0.92,,0.92
rmftsa,mlp-nosuite,0.51953125,0.4475831013526873,0.56,1.0,0,0,0.96,,0.68,0.56,1.0,0,0,0.96,,0.68,0.56,1.0,0,0,0.96,,0.68,0.56,1.0,0,0,0.96,,0.68
rmftsa,mlp-nosuite,0.51953125,0.4438870522930624,0.88,0.96,0,0,0.72,,0.88,0.88,0.96,0,0,0.72,,0.88,0.88,0.96,0,0,0.72,,0.88,0.88,0.96,0,0,0.72,,0.88
rmftsa,mlp-nosuite,0.51953125,0.5132620708641707,0.56,0.96,0,0,0.96,,0.96,0.56,0.96,0,0,0.96,,0.96,0.56,0.96,0,0,0.96,,0.96,0.56,0.96,0,0,0.96,,0.96
rmftsa,mlp-nosuite,0.51953125,0.44989282848458323,0.36,0.92,0,0,0.92,,0.92,0.36,0.92,0,0,0.92,,0.92,0.36,0.92,0,0,0.92,,0.92,0.36,0.92,0,0,0.92,,0.92
rmftsa,mlp-nosuite,0.51953125,0.5127439525902301,0.76,1.0,0,0,0.84,,1.0,0.76,1.0,0,0,0.84,,1.0,0.76,1.0,0,0,0.84,,1.0,0.76,1.0,0,0,0.8399999999999999,,1.0
rmftsa,mlp-nosuite,0.51953125,0.4265822353234696,0.96,1.0,0,0,0.56,,0.96,0.96,1.0,0,0,0.56,,0.96,0.96,1.0,0,0,0.56,,0.96,0.96,1.0,0,0,0.56,,0.96
rmftsa,mlp-nosuite,0.51953125,0.31291340953320335,0.76,0.8,0,0,0.68,,0.92,0.76,0.8,0,0,0.68,,0.92,0.76,0.8,0,0,0.68,,0.92,0.76,0.8000000000000002,0,0,0.68,,0.92
rmftsa,mlp-nosuite,0.51953125,0.7474234009596294,1.0,1.0,0,0,0.92,,1.0,1.0,1.0,0,0,0.92,,1.0,1.0,1.0,0,0,0.92,,1.0,1.0,1.0,0,0,0.92,,1.0
rmftsa,mlp-nosuite,0.51953125,0.7021555422619946,0.52,0.8,0,0,0.8,,0.44,0.52,0.8,0,0,0.8,,0.44,0.52,0.8,0,0,0.8,,0.44,0.52,0.8000000000000002,0,0,0.8000000000000002,,0.44
rmftsa,mlp-nosuite,0.51953125,0.6693014042358258,1.0,1.0,0,0,1.0,,1.0,1.0,1.0,0,0,1.0,,1.0,1.0,1.0,0,0,1.0,,1.0,1.0,1.0,0,0,1.0,,1.0
rmftsa,mlp-nosuite,0.51953125,0.6072713925299179,0.52,0.92,0,0,0.84,,0.6,0.52,0.92,0,0,0.84,,0.6,0.52,0.92,0,0,0.84,,0.6,0.52,0.92,0,0,0.8399999999999999,,0.6
rmftsa,mlp-nosuite,0.51953125,0.5333874826807956,0.52,1.0,0,0,0.96,,0.72,0.52,1.0,0,0,0.96,,0.72,0.52,1.0,0,0,0.96,,0.72,0.52,1.0,0,0,0.96,,0.72
rmftsa,mlp-nosuite,0.51953125,0.5418247329734285,0.48,1.0,0,0,0.8,,0.96,0.48,1.0,0,0,0.8,,0.96,0.48,1.0,0,0,0.8,,0.96,0.48,1.0,0,0,0.8000000000000002,,0.96
rmftsa,mlp-nosuite,0.51953125,0.395107974859115,0.96,1.0,0,0,1.0,,0.96,0.96,1.0,0,0,1.0,,0.96,0.96,1.0,0,0,1.0,,0.96,0.96,1.0,0,0,1.0,,0.96
rmftsa,mlp-nosuite,0.51953125,0.38335667942516033,0.6,0.76,0,0,0.72,,0.6,0.6,0.76,0,0,0.72,,0.6,0.6,0.76,0,0,0.72,,0.6,0.6,0.76,0,0,0.72,,0.6
rmftsa,mlp-nosuite,0.51953125,0.7040457232294485,0.68,0.96,0,0,0.68,,0.84,0.68,0.96,0,0,0.68,,0.84,0.68,0.96,0,0,0.68,,0.84,0.68,0.96,0,0,0.68,,0.8399999999999999
rmftsa,mlp-nosuite,0.51953125,0.5158761279858914,1.0,1.0,0,0,1.0,,1.0,1.0,1.0,0,0,1.0,,1.0,1.0,1.0,0,0,1.0,,1.0,1.0,1.0,0,0,1.0,,1.0
rmftsa,mlp-nosuite,0.51953125,0.395107974859115,0.96,1.0,0,0,1.0,,0.96,0.96,1.0,0,0,1.0,,0.96,0.96,1.0,0,0,1.0,,0.96,0.96,1.0,0,0,1.0,,0.96
rmftsa,mlp-nosuite,0.51953125,0.3153505181775724,0.76,0.88,0,0,0.72,,0.76,0.76,0.88,0,0,0.72,,0.76,0.76,0.88,0,0,0.72,,0.76,0.76,0.88,0,0,0.72,,0.76
rmftsa,mlp-nosuite,0.51953125,0.3824358787610816,0.6,0.76,0,0,0.72,,0.8,0.6,0.76,0,0,0.72,,0.8,0.6,0.76,0,0,0.72,,0.8,0.6,0.76,0,0,0.72,,0.8000000000000002
rmftsa,mlp-nosuite,0.51953125,0.44653845367383727,0.44,0.92,0,0,0.84,,0.92,0.44,0.92,0,0,0.84,,0.92,0.44,0.92,0,0,0.84,,0.92,0.44,0.92,0,0,0.8399999999999999,,0.92
banknote-authentication,mlp-nosuite,1.0,0.9996715727380836,1.0,1.0,0,0,0.9117647058823529,0.9117647058823529,1.0,1.0,1.0,0,0,1.0,1.0,1.0,1.0,1.0,0,0,0.9117647058823529,0.9117647058823529,1.0,1.0,1.0,0,0,0.9538461538461539,0.9538461538461539,1.0
banknote-authentication,mlp-nosuite,1.0,0.9999907078329328,1.0,1.0,0,0,1.0,0.9705882352941176,1.0,1.0,1.0,0,0,1.0,1.0,1.0,1.0,1.0,0,0,1.0,0.9705882352941176,1.0,1.0,1.0,0,0,1.0,0.9850746268656716,1.0
banknote-authentication,mlp-nosuite,1.0,0.9995782616221618,0.9705882352941176,1.0,0,0,0.9705882352941176,0.9411764705882353,1.0,1.0,1.0,0,0,1.0,1.0,1.0,0.9705882352941176,1.0,0,0,0.9705882352941176,0.9411764705882353,1.0,0.9850746268656716,1.0,0,0,0.9850746268656716,0.9696969696969697,1.0
banknote-authentication,mlp-nosuite,1.0,0.9967715715625176,0.8235294117647058,1.0,0,0,0.9705882352941176,0.9411764705882353,0.9411764705882353,1.0,1.0,0,0,1.0,1.0,1.0,0.8235294117647058,1.0,0,0,0.9705882352941176,0.9411764705882353,0.9411764705882353,0.9032258064516129,1.0,0,0,0.9850746268656716,0.9696969696969697,0.9696969696969697
banknote-authentication,mlp-nosuite,1.0,0.9995319645941872,1.0,0.9705882352941176,0,0,0.8823529411764706,0.8529411764705882,0.8529411764705882,1.0,0.96875,0,0,1.0,1.0,0.9642857142857143,1.0,1.0,0,0,0.8709677419354839,0.8387096774193549,0.8709677419354839,1.0,0.9841269841269841,0,0,0.9310344827586207,0.9122807017543859,0.9152542372881356
banknote-authentication,mlp-nosuite,1.0,0.9999965941274134,1.0,1.0,0,0,0.9705882352941176,0.7058823529411765,0.7941176470588235,1.0,1.0,0,0,0.9583333333333334,0.696969696969697,0.7666666666666667,1.0,1.0,0,0,1.0,1.0,1.0,1.0,1.0,0,0,0.9787234042553191,0.8214285714285715,0.8679245283018869
banknote-authentication,mlp-nosuite,1.0,0.9997851658725867,1.0,1.0,0,0,1.0,1.0,1.0,1.0,1.0,0,0,1.0,1.0,1.0,1.0,1.0,0,0,1.0,1.0,1.0,1.0,1.0,0,0,1.0,1.0,1.0
banknote-authentication,mlp-nosuite,1.0,0.9999687248528396,1.0,1.0,0,0,1.0,1.0,1.0,1.0,1.0,0,0,1.0,1.0,1.0,1.0,1.0,0,0,1.0,1.0,1.0,1.0,1.0,0,0,1.0,1.0,1.0
banknote-authentication,mlp-nosuite,1.0,0.9989479501283376,1.0,1.0,0,0,0.9705882352941176,0.7058823529411765,0.9411764705882353,1.0,1.0,0,0,1.0,0.8275862068965517,0.9354838709677419,1.0,1.0,0,0,0.9655172413793104,0.8275862068965517,1.0,1.0,1.0,0,0,0.9824561403508771,0.8275862068965517,0.9666666666666666
banknote-authentication,mlp-nosuite,1.0,0.999903852748675,1.0,1.0,0,0,1.0,0.9705882352941176,1.0,1.0,1.0,0,0,1.0,1.0,1.0,1.0,1.0,0,0,1.0,0.9705882352941176,1.0,1.0,1.0,0,0,1.0,0.9850746268656716,1.0
banknote-authentication,mlp-nosuite,1.0,0.9593156939090443,0.9705882352941176,1.0,0,0,1.0,0.8823529411764706,0.9117647058823529,1.0,1.0,0,0,1.0,0.8333333333333334,1.0,0.9375,1.0,0,0,1.0,0.9375,0.8125,0.967741935483871,1.0,0,0,1.0,0.8823529411764706,0.896551724137931
banknote-authentication,mlp-nosuite,1.0,0.999892351065744,1.0,0.9705882352941176,0,0,1.0,0.9117647058823529,1.0,1.0,0.9705882352941176,0,0,1.0,0.96875,1.0,1.0,1.0,0,0,1.0,0.9393939393939394,1.0,1.0,0.9850746268656716,0,0,1.0,0.9538461538461539,1.0
banknote-authentication,mlp-nosuite,1.0,0.9999825994563841,1.0,1.0,0,0,0.9117647058823529,1.0,1.0,1.0,1.0,0,0,1.0,1.0,1.0,1.0,1.0,0,0,0.9117647058823529,1.0,1.0,1.0,1.0,0,0,0.9538461538461539,1.0,1.0
banknote-authentication,mlp-nosuite,1.0,0.9998616390009727,0.9705882352941176,1.0,0,0,0.9705882352941176,1.0,1.0,1.0,1.0,0,0,1.0,1.0,1.0,0.9705882352941176,1.0,0,0,0.9705882352941176,1.0,1.0,0.9850746268656716,1.0,0,0,0.9850746268656716,1.0,1.0
banknote-authentication,mlp-nosuite,1.0,0.9847440936365887,1.0,0.9705882352941176,0,0,0.8235294117647058,0.7647058823529411,0.8529411764705882,1.0,0.9705882352941176,0,0,1.0,0.9629629629629629,1.0,1.0,1.0,0,0,0.8181818181818182,0.7878787878787878,0.8484848484848485,1.0,0.9850746268656716,0,0,0.9,0.8666666666666665,0.9180327868852458
banknote-authentication,mlp-nosuite,1.0,0.999598764649163,1.0,0.9705882352941176,0,0,0.9117647058823529,0.7352941176470589,0.8529411764705882,1.0,1.0,0,0,1.0,1.0,1.0,1.0,0.967741935483871,0,0,0.9032258064516129,0.7096774193548387,0.8387096774193549,1.0,0.9836065573770492,0,0,0.9491525423728813,0.8301886792452831,0.9122807017543859
banknote-authentication,mlp-nosuite,1.0,0.9997890372479821,1.0,0.9705882352941176,0,0,0.9705882352941176,0.6764705882352942,1.0,1.0,1.0,0,0,1.0,1.0,1.0,1.0,0.967741935483871,0,0,0.967741935483871,0.6451612903225806,1.0,1.0,0.9836065573770492,0,0,0.9836065573770492,0.7843137254901961,1.0
banknote-authentication,mlp-nosuite,1.0,0.9959960580579492,0.9705882352941176,1.0,0,0,1.0,0.7058823529411765,0.8529411764705882,1.0,1.0,0,0,1.0,1.0,0.9545454545454546,0.96,1.0,0,0,1.0,0.6,0.84,0.9795918367346939,1.0,0,0,1.0,0.7499999999999999,0.8936170212765958
banknote-authentication,mlp-nosuite,1.0,0.9999649128497563,1.0,1.0,0,0,1.0,0.9705882352941176,1.0,1.0,1.0,0,0,1.0,1.0,1.0,1.0,1.0,0,0,1.0,0.9705882352941176,1.0,1.0,1.0,0,0,1.0,0.9850746268656716,1.0
banknote-authentication,mlp-nosuite,1.0,0.9999842347552793,1.0,1.0,0,0,1.0,1.0,1.0,1.0,1.0,0,0,1.0,1.0,1.0,1.0,1.0,0,0,1.0,1.0,1.0,1.0,1.0,0,0,1.0,1.0,1.0
banknote-authentication,mlp-nosuite,1.0,0.9999975413414801,1.0,1.0,0,0,1.0,0.7058823529411765,0.7352941176470589,1.0,1.0,0,0,1.0,0.6875,0.7096774193548387,1.0,1.0,0,0,1.0,1.0,1.0,1.0,1.0,0,0,1.0,0.8148148148148148,0.8301886792452831
banknote-authentication,mlp-nosuite,1.0,0.9958053479484174,0.7941176470588235,0.9705882352941176,0,0,0.9411764705882353,0.6470588235294118,1.0,1.0,0.9696969696969697,0,0,1.0,1.0,1.0,0.78125,1.0,0,0,0.9375,0.625,1.0,0.8771929824561403,0.9846153846153847,0,0,0.967741935483871,0.7692307692307693,1.0
banknote-authentication,mlp-nosuite,1.0,0.9999339841516157,1.0,1.0,0,0,1.0,1.0,1.0,1.0,1.0,0,0,1.0,1.0,1.0,1.0,1.0,0,0,1.0,1.0,1.0,1.0,1.0,0,0,1.0,1.0,1.0
banknote-authentication,mlp-nosuite,1.0,0.9999116842643319,1.0,1.0,0,0,1.0,1.0,1.0,1.0,1.0,0,0,1.0,1.0,1.0,1.0,1.0,0,0,1.0,1.0,1.0,1.0,1.0,0,0,1.0,1.0,1.0
banknote-authentication,mlp-nosuite,1.0,0.8737376421163819,0.9705882352941176,1.0,0,0,1.0,0.6176470588235294,0.9117647058823529,1.0,1.0,0,0,1.0,0.5714285714285714,1.0,0.9285714285714286,1.0,0,0,1.0,0.2857142857142857,0.7857142857142857,0.962962962962963,1.0,0,0,1.0,0.38095238095238093,0.88
banknote-authentication,mlp-nosuite,1.0,0.999922722621713,1.0,1.0,0,0,1.0,1.0,1.0,1.0,1.0,0,0,1.0,1.0,1.0,1.0,1.0,0,0,1.0,1.0,1.0,1.0,1.0,0,0,1.0,1.0,1.0
banknote-authentication,mlp-nosuite,1.0,0.9991779122263149,1.0,1.0,0,0,0.9411764705882353,0.6764705882352942,0.9117647058823529,1.0,1.0,0,0,1.0,1.0,1.0,1.0,1.0,0,0,0.9411764705882353,0.6764705882352942,0.9117647058823529,1.0,1.0,0,0,0.9696969696969697,0.8070175438596492,0.9538461538461539
banknote-authentication,mlp-nosuite,1.0,0.9998863983704348,1.0,1.0,0,0,1.0,0.9705882352941176,1.0,1.0,1.0,0,0,1.0,1.0,1.0,1.0,1.0,0,0,1.0,0.9705882352941176,1.0,1.0,1.0,0,0,1.0,0.9850746268656716,1.0
banknote-authentication,mlp-nosuite,1.0,0.693438046194788,1.0,1.0,0,0,1.0,0.9117647058823529,0.7941176470588235,1.0,1.0,0,0,1.0,0.8333333333333334,1.0,1.0,1.0,0,0,1.0,1.0,0.5333333333333333,1.0,1.0,0,0,1.0,0.9090909090909091,0.6956521739130436
banknote-authentication,mlp-nosuite,1.0,0.9999787367599922,1.0,1.0,0,0,1.0,0.8529411764705882,1.0,1.0,1.0,0,0,1.0,1.0,1.0,1.0,1.0,0,0,1.0,0.8529411764705882,1.0,1.0,1.0,0,0,1.0,0.9206349206349206,1.0
banknote-authentication,mlp-nosuite,1.0,0.9999830581315201,0.9705882352941176,1.0,0,0,1.0,1.0,1.0,1.0,1.0,0,0,1.0,1.0,1.0,0.9705882352941176,1.0,0,0,1.0,1.0,1.0,0.9850746268656716,1.0,0,0,1.0,1.0,1.0
banknote-authentication,mlp-nosuite,1.0,0.9999735141022849,1.0,1.0,0,0,1.0,0.9117647058823529,1.0,1.0,1.0,0,0,1.0,1.0,1.0,1.0,1.0,0,0,1.0,0.9117647058823529,1.0,1.0,1.0,0,0,1.0,0.9538461538461539,1.0
banknote-authentication,mlp-nosuite,1.0,0.9994582287945061,1.0,1.0,0,0,1.0,1.0,0.6176470588235294,1.0,1.0,0,0,1.0,1.0,1.0,1.0,1.0,0,0,1.0,1.0,0.5,1.0,1.0,0,0,1.0,1.0,0.6666666666666666
banknote-authentication,mlp-nosuite,1.0,0.9998488396954847,1.0,1.0,0,0,1.0,1.0,1.0,1.0,1.0,0,0,1.0,1.0,1.0,1.0,1.0,0,0,1.0,1.0,1.0,1.0,1.0,0,0,1.0,1.0,1.0
banknote-authentication,mlp-nosuite,1.0,0.9984030036343169,0.9705882352941176,0.9705882352941176,0,0,1.0,0.7941176470588235,0.9411764705882353,1.0,1.0,0,0,1.0,1.0,1.0,0.9705882352941176,0.9705882352941176,0,0,1.0,0.7941176470588235,0.9411764705882353,0.9850746268656716,0.9850746268656716,0,0,1.0,0.8852459016393442,0.9696969696969697
banknote-authentication,mlp-nosuite,1.0,0.9999184920739265,1.0,1.0,0,0,1.0,1.0,0.9705882352941176,1.0,1.0,0,0,1.0,1.0,1.0,1.0,1.0,0,0,1.0,1.0,0.9705882352941176,1.0,1.0,0,0,1.0,1.0,0.9850746268656716
banknote-authentication,mlp-nosuite,1.0,0.9998511179374847,1.0,1.0,0,0,1.0,0.9705882352941176,1.0,1.0,1.0,0,0,1.0,1.0,1.0,1.0,1.0,0,0,1.0,0.9705882352941176,1.0,1.0,1.0,0,0,1.0,0.9850746268656716,1.0
banknote-authentication,mlp-nosuite,1.0,0.9990029623781582,1.0,1.0,0,0,1.0,0.9411764705882353,1.0,1.0,1.0,0,0,1.0,1.0,1.0,1.0,1.0,0,0,1.0,0.9411764705882353,1.0,1.0,1.0,0,0,1.0,0.9696969696969697,1.0
banknote-authentication,mlp-nosuite,1.0,0.9987745826604794,1.0,1.0,0,0,0.9705882352941176,0.9705882352941176,1.0,1.0,1.0,0,0,1.0,1.0,1.0,1.0,1.0,0,0,0.9705882352941176,0.9705882352941176,1.0,1.0,1.0,0,0,0.9850746268656716,0.9850746268656716,1.0
banknote-authentication,mlp-nosuite,1.0,0.9997748265878384,1.0,1.0,0,0,1.0,1.0,1.0,1.0,1.0,0,0,1.0,1.0,1.0,1.0,1.0,0,0,1.0,1.0,1.0,1.0,1.0,0,0,1.0,1.0,1.0
banknote-authentication,mlp-nosuite,1.0,0.9984740571471774,1.0,0.9705882352941176,0,0,0.9705882352941176,0.5,0.9411764705882353,1.0,0.9705882352941176,0,0,1.0,1.0,1.0,1.0,1.0,0,0,0.9696969696969697,0.48484848484848486,0.9393939393939394,1.0,0.9850746268656716,0,0,0.9846153846153847,0.653061224489796,0.96875
banknote-authentication,mlp-nosuite,1.0,0.9999990842324603,1.0,1.0,0,0,0.9117647058823529,0.8235294117647058,0.9411764705882353,1.0,1.0,0,0,1.0,1.0,0.9285714285714286,1.0,1.0,0,0,0.8846153846153846,0.7692307692307693,1.0,1.0,1.0,0,0,0.9387755102040816,0.8695652173913044,0.962962962962963
banknote-authentication,mlp-nosuite,1.0,0.7971286316254512,0.9705882352941176,1.0,0,0,1.0,0.8235294117647058,0.9705882352941176,1.0,1.0,0,0,1.0,0.7222222222222222,1.0,0.9285714285714286,1.0,0,0,1.0,0.9285714285714286,0.9285714285714286,0.962962962962963,1.0,0,0,1.0,0.8125000000000001,0.962962962962963
banknote-authentication,mlp-nosuite,1.0,0.989043917807739,1.0,0.9705882352941176,0,0,1.0,0.9117647058823529,1.0,1.0,1.0,0,0,1.0,0.8636363636363636,1.0,1.0,0.9473684210526315,0,0,1.0,1.0,1.0,1.0,0.972972972972973,0,0,1.0,0.9268292682926829,1.0
banknote-authentication,mlp-nosuite,1.0,0.9996782189483133,0.9117647058823529,1.0,0,0,1.0,0.7647058823529411,1.0,1.0,1.0,0,0,1.0,1.0,1.0,0.9117647058823529,1.0,0,0,1.0,0.7647058823529411,1.0,0.9538461538461539,1.0,0,0,1.0,0.8666666666666666,1.0
banknote-authentication,mlp-nosuite,1.0,0.9987690347026392,1.0,1.0,0,0,0.9705882352941176,1.0,0.8529411764705882,1.0,1.0,0,0,1.0,1.0,0.8529411764705882,1.0,1.0,0,0,0.9655172413793104,1.0,1.0,1.0,1.0,0,0,0.9824561403508771,1.0,0.9206349206349206
banknote-authentication,mlp-nosuite,1.0,0.9999563347188299,1.0,1.0,0,0,1.0,0.7647058823529411,1.0,1.0,1.0,0,0,1.0,1.0,1.0,1.0,1.0,0,0,1.0,0.7647058823529411,1.0,1.0,1.0,0,0,1.0,0.8666666666666666,1.0
banknote-authentication,mlp-nosuite,1.0,0.9984620988618204,0.8235294117647058,0.9705882352941176,0,0,0.9411764705882353,0.9411764705882353,0.9411764705882353,1.0,1.0,0,0,1.0,1.0,0.9411764705882353,0.8125,0.96875,0,0,0.9375,0.9375,1.0,0.896551724137931,0.9841269841269841,0,0,0.967741935483871,0.967741935483871,0.9696969696969697
banknote-authentication,mlp-nosuite,1.0,0.9999828097080098,1.0,1.0,0,0,1.0,0.9705882352941176,1.0,1.0,1.0,0,0,1.0,1.0,1.0,1.0,1.0,0,0,1.0,0.9705882352941176,1.0,1.0,1.0,0,0,1.0,0.9850746268656716,1.0
banknote-authentication,mlp-nosuite,1.0,0.999153502060915,1.0,1.0,0,0,1.0,0.7647058823529411,0.8235294117647058,1.0,1.0,0,0,1.0,1.0,1.0,1.0,1.0,0,0,1.0,0.7142857142857143,0.7857142857142857,1.0,1.0,0,0,1.0,0.8333333333333333,0.88
volcanoes-a2,mlp-nosuite,0.9433497536945813,0.9782251496488819,1.0,1.0,0,0,1.0,1.0,,1.0,1.0,0,0,1.0,1.0,,1.0,1.0,0,0,1.0,1.0,,1.0,1.0,0,0,1.0,1.0,
volcanoes-a2,mlp-nosuite,0.9433497536945813,0.9815804504993686,1.0,1.0,0,0,1.0,1.0,1.0,1.0,1.0,0,0,1.0,1.0,1.0,1.0,1.0,0,0,1.0,1.0,1.0,1.0,1.0,0,0,1.0,1.0,1.0
volcanoes-a2,mlp-nosuite,0.9433497536945813,0.9998506497983246,1.0,1.0,0,0,1.0,1.0,,1.0,1.0,0,0,1.0,1.0,,1.0,1.0,0,0,1.0,1.0,,1.0,1.0,0,0,1.0,1.0,
volcanoes-a2,mlp-nosuite,0.9433497536945813,0.9962046156075793,1.0,1.0,0,0,1.0,1.0,1.0,1.0,1.0,0,0,1.0,1.0,1.0,1.0,1.0,0,0,1.0,1.0,1.0,1.0,1.0,0,0,1.0,1.0,1.0
volcanoes-a2,mlp-nosuite,0.9433497536945813,0.9187588235942447,1.0,1.0,0,0,1.0,1.0,1.0,1.0,1.0,0,0,1.0,1.0,1.0,1.0,1.0,0,0,1.0,1.0,1.0,1.0,1.0,0,0,1.0,1.0,1.0
volcanoes-a2,mlp-nosuite,0.9433497536945813,0.9997999167495963,1.0,1.0,0,0,1.0,1.0,,1.0,1.0,0,0,1.0,1.0,,1.0,1.0,0,0,1.0,1.0,,1.0,1.0,0,0,1.0,1.0,
volcanoes-a2,mlp-nosuite,0.9433497536945813,0.989074460738342,1.0,1.0,0,0,1.0,1.0,1.0,1.0,1.0,0,0,1.0,1.0,1.0,1.0,1.0,0,0,1.0,1.0,1.0,1.0,1.0,0,0,1.0,1.0,1.0
volcanoes-a2,mlp-nosuite,0.9433497536945813,0.9981742330825621,1.0,1.0,0,0,1.0,1.0,1.0,1.0,1.0,0,0,1.0,1.0,1.0,1.0,1.0,0,0,1.0,1.0,1.0,1.0,1.0,0,0,1.0,1.0,1.0
volcanoes-a2,mlp-nosuite,0.9433497536945813,0.9906324637071022,1.0,1.0,0,0,1.0,1.0,1.0,1.0,1.0,0,0,1.0,1.0,1.0,1.0,1.0,0,0,1.0,1.0,1.0,1.0,1.0,0,0,1.0,1.0,1.0
volcanoes-a2,mlp-nosuite,0.9433497536945813,0.9865966469254835,1.0,1.0,0,0,1.0,1.0,,1.0,1.0,0,0,1.0,1.0,,1.0,1.0,0,0,1.0,1.0,,1.0,1.0,0,0,1.0,1.0,
volcanoes-a2,mlp-nosuite,0.9433497536945813,0.633371254134434,0.9,0.975,0,0,0.925,0.675,,0.9,0.975,0,0,0.925,0.675,,0.9,0.975,0,0,0.925,0.675,,0.9,0.975,0,0,0.925,0.675,
volcanoes-a2,mlp-nosuite,0.9433497536945813,0.9964563357624171,1.0,1.0,0,0,1.0,1.0,,1.0,1.0,0,0,1.0,1.0,,1.0,1.0,0,0,1.0,1.0,,1.0,1.0,0,0,1.0,1.0,
volcanoes-a2,mlp-nosuite,0.9433497536945813,0.8381184763763451,1.0,1.0,0,0,1.0,0.925,,1.0,1.0,0,0,1.0,0.925,,1.0,1.0,0,0,1.0,0.925,,1.0,1.0,0,0,1.0,0.925,
volcanoes-a2,mlp-nosuite,0.9433497536945813,0.67709939715083,1.0,1.0,0,0,1.0,0.7,1.0,1.0,1.0,0,0,1.0,0.7,1.0,1.0,1.0,0,0,1.0,0.7,1.0,1.0,1.0,0,0,1.0,0.7,1.0
volcanoes-a2,mlp-nosuite,0.9433497536945813,0.9996379819155685,1.0,1.0,0,0,1.0,1.0,1.0,1.0,1.0,0,0,1.0,1.0,1.0,1.0,1.0,0,0,1.0,1.0,1.0,1.0,1.0,0,0,1.0,1.0,1.0
volcanoes-a2,mlp-nosuite,0.9433497536945813,0.9953403830891304,1.0,1.0,0,0,1.0,1.0,1.0,1.0,1.0,0,0,1.0,1.0,1.0,1.0,1.0,0,0,1.0,1.0,1.0,1.0,1.0,0,0,1.0,1.0,1.0
volcanoes-a2,mlp-nosuite,0.9433497536945813,0.996003238156051,1.0,1.0,0,0,1.0,1.0,1.0,1.0,1.0,0,0,1.0,1.0,1.0,1.0,1.0,0,0,1.0,1.0,1.0,1.0,1.0,0,0,1.0,1.0,1.0
volcanoes-a2,mlp-nosuite,0.9433497536945813,0.9399723002359562,1.0,1.0,0,0,1.0,1.0,1.0,1.0,1.0,0,0,1.0,1.0,1.0,1.0,1.0,0,0,1.0,1.0,1.0,1.0,1.0,0,0,1.0,1.0,1.0
volcanoes-a2,mlp-nosuite,0.9433497536945813,0.974767025409524,1.0,1.0,0,0,1.0,0.975,,1.0,1.0,0,0,1.0,0.975,,1.0,1.0,0,0,1.0,0.975,,1.0,1.0,0,0,1.0,0.975,
volcanoes-a2,mlp-nosuite,0.9433497536945813,0.9979545825214355,1.0,1.0,0,0,1.0,1.0,1.0,1.0,1.0,0,0,1.0,1.0,1.0,1.0,1.0,0,0,1.0,1.0,1.0,1.0,1.0,0,0,1.0,1.0,1.0
volcanoes-a2,mlp-nosuite,0.9433497536945813,0.9960337181265542,1.0,1.0,0,0,1.0,1.0,1.0,1.0,1.0,0,0,1.0,1.0,1.0,1.0,1.0,0,0,1.0,1.0,1.0,1.0,1.0,0,0,1.0,1.0,1.0
volcanoes-a2,mlp-nosuite,0.9433497536945813,0.9978145903838026,1.0,1.0,0,0,1.0,1.0,,1.0,1.0,0,0,1.0,1.0,,1.0,1.0,0,0,1.0,1.0,,1.0,1.0,0,0,1.0,1.0,
volcanoes-a2,mlp-nosuite,0.9433497536945813,0.9996019014590145,1.0,1.0,0,0,1.0,1.0,1.0,1.0,1.0,0,0,1.0,1.0,1.0,1.0,1.0,0,0,1.0,1.0,1.0,1.0,1.0,0,0,1.0,1.0,1.0
volcanoes-a2,mlp-nosuite,0.9433497536945813,0.9807756265890305,1.0,1.0,0,0,1.0,0.775,1.0,1.0,1.0,0,0,1.0,0.775,1.0,1.0,1.0,0,0,1.0,0.775,1.0,1.0,1.0,0,0,1.0,0.775,1.0
volcanoes-a2,mlp-nosuite,0.9433497536945813,0.9770492593122131,1.0,1.0,0,0,1.0,1.0,1.0,1.0,1.0,0,0,1.0,1.0,1.0,1.0,1.0,0,0,1.0,1.0,1.0,1.0,1.0,0,0,1.0,1.0,1.0
volcanoes-a2,mlp-nosuite,0.9433497536945813,0.9967116059741407,1.0,1.0,0,0,1.0,1.0,1.0,1.0,1.0,0,0,1.0,1.0,1.0,1.0,1.0,0,0,1.0,1.0,1.0,1.0,1.0,0,0,1.0,1.0,1.0
volcanoes-a2,mlp-nosuite,0.9433497536945813,0.9992005875898786,1.0,1.0,0,0,1.0,1.0,,1.0,1.0,0,0,1.0,1.0,,1.0,1.0,0,0,1.0,1.0,,1.0,1.0,0,0,1.0,1.0,
volcanoes-a2,mlp-nosuite,0.9433497536945813,0.9907716147062658,1.0,1.0,0,0,1.0,1.0,1.0,1.0,1.0,0,0,1.0,1.0,1.0,1.0,1.0,0,0,1.0,1.0,1.0,1.0,1.0,0,0,1.0,1.0,1.0
volcanoes-a2,mlp-nosuite,0.9433497536945813,0.9993988936728587,1.0,1.0,0,0,1.0,0.725,1.0,1.0,1.0,0,0,1.0,0.725,1.0,1.0,1.0,0,0,1.0,0.725,1.0,1.0,1.0,0,0,1.0,0.7250000000000001,1.0
volcanoes-a2,mlp-nosuite,0.9433497536945813,0.9945112246052255,1.0,1.0,0,0,1.0,1.0,1.0,1.0,1.0,0,0,1.0,1.0,1.0,1.0,1.0,0,0,1.0,1.0,1.0,1.0,1.0,0,0,1.0,1.0,1.0
volcanoes-a2,mlp-nosuite,0.9433497536945813,0.9967629457569558,1.0,1.0,0,0,0.975,1.0,,1.0,1.0,0,0,0.975,1.0,,1.0,1.0,0,0,0.975,1.0,,1.0,1.0,0,0,0.975,1.0,
volcanoes-a2,mlp-nosuite,0.9433497536945813,0.9997756410819659,1.0,1.0,0,0,1.0,1.0,,1.0,1.0,0,0,1.0,1.0,,1.0,1.0,0,0,1.0,1.0,,1.0,1.0,0,0,1.0,1.0,
volcanoes-a2,mlp-nosuite,0.9433497536945813,0.95917891984778,1.0,1.0,0,0,1.0,1.0,,1.0,1.0,0,0,1.0,1.0,,1.0,1.0,0,0,1.0,1.0,,1.0,1.0,0,0,1.0,1.0,
volcanoes-a2,mlp-nosuite,0.9433497536945813,0.9997389252387225,1.0,1.0,0,0,1.0,1.0,,1.0,1.0,0,0,1.0,1.0,,1.0,1.0,0,0,1.0,1.0,,1.0,1.0,0,0,1.0,1.0,
volcanoes-a2,mlp-nosuite,0.9433497536945813,0.9952232981417839,1.0,1.0,0,0,1.0,0.925,1.0,1.0,1.0,0,0,1.0,0.925,1.0,1.0,1.0,0,0,1.0,0.925,1.0,1.0,1.0,0,0,1.0,0.925,1.0
volcanoes-a2,mlp-nosuite,0.9433497536945813,0.9949308525243776,1.0,1.0,0,0,1.0,1.0,,1.0,1.0,0,0,1.0,1.0,,1.0,1.0,0,0,1.0,1.0,,1.0,1.0,0,0,1.0,1.0,
volcanoes-a2,mlp-nosuite,0.9433497536945813,0.9936453478922993,1.0,1.0,0,0,1.0,1.0,,1.0,1.0,0,0,1.0,1.0,,1.0,1.0,0,0,1.0,1.0,,1.0,1.0,0,0,1.0,1.0,
volcanoes-a2,mlp-nosuite,0.9433497536945813,0.3115257813382541,0.725,0.725,0,0,0.925,0.8,0.925,0.725,0.725,0,0,0.925,0.8,0.925,0.725,0.725,0,0,0.925,0.8,0.925,0.7250000000000001,0.7250000000000001,0,0,0.925,0.8000000000000002,0.925
volcanoes-a2,mlp-nosuite,0.9433497536945813,0.9991626112019232,1.0,1.0,0,0,1.0,1.0,,1.0,1.0,0,0,1.0,1.0,,1.0,1.0,0,0,1.0,1.0,,1.0,1.0,0,0,1.0,1.0,
volcanoes-a2,mlp-nosuite,0.9433497536945813,0.9260206381917542,1.0,1.0,0,0,1.0,0.875,,1.0,1.0,0,0,1.0,0.875,,1.0,1.0,0,0,1.0,0.875,,1.0,1.0,0,0,1.0,0.875,
volcanoes-a2,mlp-nosuite,0.9433497536945813,0.999040609600252,1.0,1.0,0,0,1.0,1.0,,1.0,1.0,0,0,1.0,1.0,,1.0,1.0,0,0,1.0,1.0,,1.0,1.0,0,0,1.0,1.0,
volcanoes-a2,mlp-nosuite,0.9433497536945813,0.994854503114586,1.0,1.0,0,0,1.0,1.0,1.0,1.0,1.0,0,0,1.0,1.0,1.0,1.0,1.0,0,0,1.0,1.0,1.0,1.0,1.0,0,0,1.0,1.0,1.0
volcanoes-a2,mlp-nosuite,0.9433497536945813,0.9788847631133493,1.0,1.0,0,0,1.0,1.0,1.0,1.0,1.0,0,0,1.0,1.0,1.0,1.0,1.0,0,0,1.0,1.0,1.0,1.0,1.0,0,0,1.0,1.0,1.0
volcanoes-a2,mlp-nosuite,0.9433497536945813,0.9980893903223783,1.0,1.0,0,0,1.0,1.0,,1.0,1.0,0,0,1.0,1.0,,1.0,1.0,0,0,1.0,1.0,,1.0,1.0,0,0,1.0,1.0,
volcanoes-a2,mlp-nosuite,0.9433497536945813,0.9998837209201417,1.0,1.0,0,0,1.0,1.0,1.0,1.0,1.0,0,0,1.0,1.0,1.0,1.0,1.0,0,0,1.0,1.0,1.0,1.0,1.0,0,0,1.0,1.0,1.0
volcanoes-a2,mlp-nosuite,0.9433497536945813,0.2728039328296244,0.725,0.85,0,0,0.875,0.775,0.9,0.725,0.85,0,0,0.875,0.775,0.9,0.725,0.85,0,0,0.875,0.775,0.9,0.7250000000000001,0.85,0,0,0.875,0.775,0.9
volcanoes-a2,mlp-nosuite,0.9433497536945813,0.9981909648325273,1.0,1.0,0,0,1.0,1.0,,1.0,1.0,0,0,1.0,1.0,,1.0,1.0,0,0,1.0,1.0,,1.0,1.0,0,0,1.0,1.0,
volcanoes-a2,mlp-nosuite,0.9433497536945813,0.8947264005783525,1.0,1.0,0,0,1.0,0.975,1.0,1.0,1.0,0,0,1.0,0.975,1.0,1.0,1.0,0,0,1.0,0.975,1.0,1.0,1.0,0,0,1.0,0.975,1.0
volcanoes-a2,mlp-nosuite,0.9433497536945813,0.9929508336729344,1.0,1.0,0,0,1.0,1.0,1.0,1.0,1.0,0,0,1.0,1.0,1.0,1.0,1.0,0,0,1.0,1.0,1.0,1.0,1.0,0,0,1.0,1.0,1.0
volcanoes-a2,mlp-nosuite,0.9433497536945813,0.9477544368743355,1.0,1.0,0,0,1.0,1.0,1.0,1.0,1.0,0,0,1.0,1.0,1.0,1.0,1.0,0,0,1.0,1.0,1.0,1.0,1.0,0,0,1.0,1.0,1.0
volcanoes-a3,mlp-nosuite,0.9028871391076115,0.7563212533966024,0.9736842105263158,0.9473684210526315,0,0,0.9736842105263158,0.7894736842105263,,0.9736842105263158,0.9473684210526315,0,0,0.9736842105263158,0.7894736842105263,,0.9736842105263158,0.9473684210526315,0,0,0.9736842105263158,0.7894736842105263,,0.9736842105263158,0.9473684210526315,0,0,0.9736842105263158,0.7894736842105263,
volcanoes-a3,mlp-nosuite,0.9028871391076115,0.9750776702663615,1.0,1.0,0,0,1.0,1.0,1.0,1.0,1.0,0,0,1.0,1.0,1.0,1.0,1.0,0,0,1.0,1.0,1.0,1.0,1.0,0,0,1.0,1.0,1.0
volcanoes-a3,mlp-nosuite,0.9028871391076115,0.3496253328195154,0.9210526315789473,0.8947368421052632,0,0,0.8947368421052632,0.868421052631579,,0.9210526315789473,0.8947368421052632,0,0,0.8947368421052632,0.868421052631579,,0.9210526315789473,0.8947368421052632,0,0,0.8947368421052632,0.868421052631579,,0.9210526315789473,0.8947368421052632,0,0,0.8947368421052632,0.868421052631579,
volcanoes-a3,mlp-nosuite,0.9028871391076115,0.9985746659744257,1.0,1.0,0,0,1.0,1.0,,1.0,1.0,0,0,1.0,1.0,,1.0,1.0,0,0,1.0,1.0,,1.0,1.0,0,0,1.0,1.0,
volcanoes-a3,mlp-nosuite,0.9028871391076115,0.9995681742965264,1.0,1.0,0,0,1.0,0.9736842105263158,,1.0,1.0,0,0,1.0,0.9736842105263158,,1.0,1.0,0,0,1.0,0.9736842105263158,,1.0,1.0,0,0,1.0,0.9736842105263158,
volcanoes-a3,mlp-nosuite,0.9028871391076115,0.9949454596316676,1.0,1.0,0,0,1.0,1.0,1.0,1.0,1.0,0,0,1.0,1.0,1.0,1.0,1.0,0,0,1.0,1.0,1.0,1.0,1.0,0,0,1.0,1.0,1.0
volcanoes-a3,mlp-nosuite,0.9028871391076115,0.9771246664948525,1.0,1.0,0,0,1.0,0.9473684210526315,1.0,1.0,1.0,0,0,1.0,0.9473684210526315,1.0,1.0,1.0,0,0,1.0,0.9473684210526315,1.0,1.0,1.0,0,0,1.0,0.9473684210526315,1.0
volcanoes-a3,mlp-nosuite,0.9028871391076115,0.9959797531475649,1.0,1.0,0,0,1.0,1.0,1.0,1.0,1.0,0,0,1.0,1.0,1.0,1.0,1.0,0,0,1.0,1.0,1.0,1.0,1.0,0,0,1.0,1.0,1.0
volcanoes-a3,mlp-nosuite,0.9028871391076115,0.9690080778245048,1.0,1.0,0,0,1.0,0.8421052631578947,1.0,1.0,1.0,0,0,1.0,0.8421052631578947,1.0,1.0,1.0,0,0,1.0,0.8421052631578947,1.0,1.0,1.0,0,0,1.0,0.8421052631578947,1.0
volcanoes-a3,mlp-nosuite,0.9028871391076115,0.9892662101381365,1.0,1.0,0,0,1.0,0.9210526315789473,1.0,1.0,1.0,0,0,1.0,0.9210526315789473,1.0,1.0,1.0,0,0,1.0,0.9210526315789473,1.0,1.0,1.0,0,0,1.0,0.9210526315789473,1.0
volcanoes-a3,mlp-nosuite,0.9028871391076115,0.9939452190236018,1.0,1.0,0,0,1.0,1.0,1.0,1.0,1.0,0,0,1.0,1.0,1.0,1.0,1.0,0,0,1.0,1.0,1.0,1.0,1.0,0,0,1.0,1.0,1.0
volcanoes-a3,mlp-nosuite,0.9028871391076115,0.6313906734607525,0.9736842105263158,0.9736842105263158,0,0,1.0,1.0,1.0,0.9736842105263158,0.9736842105263158,0,0,1.0,1.0,1.0,0.9736842105263158,0.9736842105263158,0,0,1.0,1.0,1.0,0.9736842105263158,0.9736842105263158,0,0,1.0,1.0,1.0
volcanoes-a3,mlp-nosuite,0.9028871391076115,0.9169104246764908,1.0,1.0,0,0,1.0,1.0,,1.0,1.0,0,0,1.0,1.0,,1.0,1.0,0,0,1.0,1.0,,1.0,1.0,0,0,1.0,1.0,
volcanoes-a3,mlp-nosuite,0.9028871391076115,0.6264534726696457,0.9736842105263158,0.9736842105263158,0,0,0.9210526315789473,0.9210526315789473,,0.9736842105263158,0.9736842105263158,0,0,0.9210526315789473,0.9210526315789473,,0.9736842105263158,0.9736842105263158,0,0,0.9210526315789473,0.9210526315789473,,0.9736842105263158,0.9736842105263158,0,0,0.9210526315789473,0.9210526315789473,
volcanoes-a3,mlp-nosuite,0.9028871391076115,0.8932748151892194,1.0,1.0,0,0,1.0,1.0,,1.0,1.0,0,0,1.0,1.0,,1.0,1.0,0,0,1.0,1.0,,1.0,1.0,0,0,1.0,1.0,
volcanoes-a3,mlp-nosuite,0.9028871391076115,0.9591714735520005,1.0,1.0,0,0,1.0,1.0,1.0,1.0,1.0,0,0,1.0,1.0,1.0,1.0,1.0,0,0,1.0,1.0,1.0,1.0,1.0,0,0,1.0,1.0,1.0
volcanoes-a3,mlp-nosuite,0.9028871391076115,0.9719715008293233,1.0,1.0,0,0,1.0,1.0,1.0,1.0,1.0,0,0,1.0,1.0,1.0,1.0,1.0,0,0,1.0,1.0,1.0,1.0,1.0,0,0,1.0,1.0,1.0
volcanoes-a3,mlp-nosuite,0.9028871391076115,0.9955350684177163,1.0,1.0,0,0,1.0,1.0,1.0,1.0,1.0,0,0,1.0,1.0,1.0,1.0,1.0,0,0,1.0,1.0,1.0,1.0,1.0,0,0,1.0,1.0,1.0
volcanoes-a3,mlp-nosuite,0.9028871391076115,0.9922723923477218,1.0,1.0,0,0,1.0,1.0,,1.0,1.0,0,0,1.0,1.0,,1.0,1.0,0,0,1.0,1.0,,1.0,1.0,0,0,1.0,1.0,
volcanoes-a3,mlp-nosuite,0.9028871391076115,0.9876807913273024,1.0,1.0,0,0,1.0,1.0,1.0,1.0,1.0,0,0,1.0,1.0,1.0,1.0,1.0,0,0,1.0,1.0,1.0,1.0,1.0,0,0,1.0,1.0,1.0
volcanoes-a3,mlp-nosuite,0.9028871391076115,0.9977777893364496,1.0,1.0,0,0,1.0,1.0,1.0,1.0,1.0,0,0,1.0,1.0,1.0,1.0,1.0,0,0,1.0,1.0,1.0,1.0,1.0,0,0,1.0,1.0,1.0
volcanoes-a3,mlp-nosuite,0.9028871391076115,0.8811733817087293,1.0,1.0,0,0,1.0,1.0,1.0,1.0,1.0,0,0,1.0,1.0,1.0,1.0,1.0,0,0,1.0,1.0,1.0,1.0,1.0,0,0,1.0,1.0,1.0
volcanoes-a3,mlp-nosuite,0.9028871391076115,0.9871155093247405,1.0,1.0,0,0,1.0,1.0,1.0,1.0,1.0,0,0,1.0,1.0,1.0,1.0,1.0,0,0,1.0,1.0,1.0,1.0,1.0,0,0,1.0,1.0,1.0
volcanoes-a3,mlp-nosuite,0.9028871391076115,0.5888976016599845,1.0,1.0,0,0,0.9736842105263158,1.0,,1.0,1.0,0,0,0.9736842105263158,1.0,,1.0,1.0,0,0,0.9736842105263158,1.0,,1.0,1.0,0,0,0.9736842105263158,1.0,
volcanoes-a3,mlp-nosuite,0.9028871391076115,0.9957176445447736,1.0,1.0,0,0,1.0,1.0,,1.0,1.0,0,0,1.0,1.0,,1.0,1.0,0,0,1.0,1.0,,1.0,1.0,0,0,1.0,1.0,
volcanoes-a3,mlp-nosuite,0.9028871391076115,0.9954693050519018,1.0,1.0,0,0,1.0,1.0,1.0,1.0,1.0,0,0,1.0,1.0,1.0,1.0,1.0,0,0,1.0,1.0,1.0,1.0,1.0,0,0,1.0,1.0,1.0
volcanoes-a3,mlp-nosuite,0.9028871391076115,0.8284062829710597,1.0,1.0,0,0,1.0,1.0,1.0,1.0,1.0,0,0,1.0,1.0,1.0,1.0,1.0,0,0,1.0,1.0,1.0,1.0,1.0,0,0,1.0,1.0,1.0
volcanoes-a3,mlp-nosuite,0.9028871391076115,0.9980306295055987,1.0,1.0,0,0,1.0,1.0,,1.0,1.0,0,0,1.0,1.0,,1.0,1.0,0,0,1.0,1.0,,1.0,1.0,0,0,1.0,1.0,
volcanoes-a3,mlp-nosuite,0.9028871391076115,0.9980294072868596,1.0,1.0,0,0,1.0,1.0,1.0,1.0,1.0,0,0,1.0,1.0,1.0,1.0,1.0,0,0,1.0,1.0,1.0,1.0,1.0,0,0,1.0,1.0,1.0
volcanoes-a3,mlp-nosuite,0.9028871391076115,0.9984371970054886,1.0,1.0,0,0,1.0,1.0,1.0,1.0,1.0,0,0,1.0,1.0,1.0,1.0,1.0,0,0,1.0,1.0,1.0,1.0,1.0,0,0,1.0,1.0,1.0
volcanoes-a3,mlp-nosuite,0.9028871391076115,0.9994733913511901,1.0,1.0,0,0,1.0,1.0,1.0,1.0,1.0,0,0,1.0,1.0,1.0,1.0,1.0,0,0,1.0,1.0,1.0,1.0,1.0,0,0,1.0,1.0,1.0
volcanoes-a3,mlp-nosuite,0.9028871391076115,0.9959888211728462,1.0,1.0,0,0,1.0,0.9736842105263158,1.0,1.0,1.0,0,0,1.0,0.9736842105263158,1.0,1.0,1.0,0,0,1.0,0.9736842105263158,1.0,1.0,1.0,0,0,1.0,0.9736842105263158,1.0
volcanoes-a3,mlp-nosuite,0.9028871391076115,0.7993785073995411,1.0,1.0,0,0,0.9736842105263158,1.0,,1.0,1.0,0,0,0.9736842105263158,1.0,,1.0,1.0,0,0,0.9736842105263158,1.0,,1.0,1.0,0,0,0.9736842105263158,1.0,
volcanoes-a3,mlp-nosuite,0.9028871391076115,0.980845019111347,1.0,1.0,0,0,1.0,1.0,1.0,1.0,1.0,0,0,1.0,1.0,1.0,1.0,1.0,0,0,1.0,1.0,1.0,1.0,1.0,0,0,1.0,1.0,1.0
volcanoes-a3,mlp-nosuite,0.9028871391076115,0.9996341633709566,1.0,1.0,0,0,1.0,1.0,,1.0,1.0,0,0,1.0,1.0,,1.0,1.0,0,0,1.0,1.0,,1.0,1.0,0,0,1.0,1.0,
volcanoes-a3,mlp-nosuite,0.9028871391076115,0.8715717713086881,1.0,1.0,0,0,1.0,0.9210526315789473,1.0,1.0,1.0,0,0,1.0,0.9210526315789473,1.0,1.0,1.0,0,0,1.0,0.9210526315789473,1.0,1.0,1.0,0,0,1.0,0.9210526315789473,1.0
volcanoes-a3,mlp-nosuite,0.9028871391076115,0.94351585572234,1.0,1.0,0,0,1.0,1.0,1.0,1.0,1.0,0,0,1.0,1.0,1.0,1.0,1.0,0,0,1.0,1.0,1.0,1.0,1.0,0,0,1.0,1.0,1.0
volcanoes-a3,mlp-nosuite,0.9028871391076115,0.9925145157060258,1.0,1.0,0,0,1.0,1.0,1.0,1.0,1.0,0,0,1.0,1.0,1.0,1.0,1.0,0,0,1.0,1.0,1.0,1.0,1.0,0,0,1.0,1.0,1.0
volcanoes-a3,mlp-nosuite,0.9028871391076115,0.7451412352749462,1.0,1.0,0,0,1.0,0.9736842105263158,,1.0,1.0,0,0,1.0,0.9736842105263158,,1.0,1.0,0,0,1.0,0.9736842105263158,,1.0,1.0,0,0,1.0,0.9736842105263158,
volcanoes-a3,mlp-nosuite,0.9028871391076115,0.9948759015605063,1.0,1.0,0,0,1.0,1.0,,1.0,1.0,0,0,1.0,1.0,,1.0,1.0,0,0,1.0,1.0,,1.0,1.0,0,0,1.0,1.0,
volcanoes-a3,mlp-nosuite,0.9028871391076115,0.9980710471788452,1.0,1.0,0,0,1.0,1.0,1.0,1.0,1.0,0,0,1.0,1.0,1.0,1.0,1.0,0,0,1.0,1.0,1.0,1.0,1.0,0,0,1.0,1.0,1.0
volcanoes-a3,mlp-nosuite,0.9028871391076115,0.3733548049251307,0.8157894736842105,0.6842105263157895,0,0,0.7631578947368421,0.8157894736842105,0.7631578947368421,0.8157894736842105,0.6842105263157895,0,0,0.7631578947368421,0.8157894736842105,0.7631578947368421,0.8157894736842105,0.6842105263157895,0,0,0.7631578947368421,0.8157894736842105,0.7631578947368421,0.8157894736842104,0.6842105263157895,0,0,0.7631578947368421,0.8157894736842104,0.7631578947368421
volcanoes-a3,mlp-nosuite,0.9028871391076115,0.996123193056777,1.0,1.0,0,0,1.0,1.0,1.0,1.0,1.0,0,0,1.0,1.0,1.0,1.0,1.0,0,0,1.0,1.0,1.0,1.0,1.0,0,0,1.0,1.0,1.0
volcanoes-a3,mlp-nosuite,0.9028871391076115,0.9984817514019426,1.0,1.0,0,0,1.0,0.7894736842105263,,1.0,1.0,0,0,1.0,0.7894736842105263,,1.0,1.0,0,0,1.0,0.7894736842105263,,1.0,1.0,0,0,1.0,0.7894736842105263,
volcanoes-a3,mlp-nosuite,0.9028871391076115,0.9643796453109553,1.0,1.0,0,0,1.0,0.9473684210526315,1.0,1.0,1.0,0,0,1.0,0.9473684210526315,1.0,1.0,1.0,0,0,1.0,0.9473684210526315,1.0,1.0,1.0,0,0,1.0,0.9473684210526315,1.0
volcanoes-a3,mlp-nosuite,0.9028871391076115,0.9972305584462509,1.0,1.0,0,0,1.0,1.0,,1.0,1.0,0,0,1.0,1.0,,1.0,1.0,0,0,1.0,1.0,,1.0,1.0,0,0,1.0,1.0,
volcanoes-a3,mlp-nosuite,0.9028871391076115,0.9894640972982238,1.0,1.0,0,0,1.0,1.0,1.0,1.0,1.0,0,0,1.0,1.0,1.0,1.0,1.0,0,0,1.0,1.0,1.0,1.0,1.0,0,0,1.0,1.0,1.0
volcanoes-a3,mlp-nosuite,0.9028871391076115,0.9942036378166053,1.0,1.0,0,0,1.0,0.5789473684210527,1.0,1.0,1.0,0,0,1.0,0.5789473684210527,1.0,1.0,1.0,0,0,1.0,0.5789473684210527,1.0,1.0,1.0,0,0,1.0,0.5789473684210527,1.0
volcanoes-a3,mlp-nosuite,0.9028871391076115,0.9986474951989138,1.0,1.0,0,0,1.0,1.0,,1.0,1.0,0,0,1.0,1.0,,1.0,1.0,0,0,1.0,1.0,,1.0,1.0,0,0,1.0,1.0,
volcanoes-a3,mlp-nosuite,0.9028871391076115,0.9888018631767314,1.0,1.0,0,0,1.0,1.0,,1.0,1.0,0,0,1.0,1.0,,1.0,1.0,0,0,1.0,1.0,,1.0,1.0,0,0,1.0,1.0,
yeast,mlp-nosuite,0.6172506738544474,0.7059430427120151,0.8378378378378378,0.8108108108108109,0,0,0.7837837837837838,,0.7297297297297297,0.8378378378378378,0.8108108108108109,0,0,0.7837837837837838,,0.7297297297297297,0.8378378378378378,0.8108108108108109,0,0,0.7837837837837838,,0.7297297297297297,0.8378378378378378,0.8108108108108109,0,0,0.7837837837837838,,0.7297297297297297
yeast,mlp-nosuite,0.6172506738544474,0.854184224069063,0.972972972972973,0.972972972972973,0,0,0.9459459459459459,0.918918918918919,0.918918918918919,0.972972972972973,0.972972972972973,0,0,0.9459459459459459,0.918918918918919,0.918918918918919,0.972972972972973,0.972972972972973,0,0,0.9459459459459459,0.918918918918919,0.918918918918919,0.972972972972973,0.972972972972973,0,0,0.9459459459459459,0.918918918918919,0.918918918918919
yeast,mlp-nosuite,0.6172506738544474,0.7687061589797701,0.8648648648648649,0.8648648648648649,0,0,0.6756756756756757,,0.9459459459459459,0.8648648648648649,0.8648648648648649,0,0,0.6756756756756757,,0.9459459459459459,0.8648648648648649,0.8648648648648649,0,0,0.6756756756756757,,0.9459459459459459,0.8648648648648649,0.8648648648648649,0,0,0.6756756756756757,,0.9459459459459459
yeast,mlp-nosuite,0.6172506738544474,0.8153871353725672,0.918918918918919,0.972972972972973,0,0,0.972972972972973,,0.8918918918918919,0.918918918918919,0.972972972972973,0,0,0.972972972972973,,0.8918918918918919,0.918918918918919,0.972972972972973,0,0,0.972972972972973,,0.8918918918918919,0.918918918918919,0.972972972972973,0,0,0.972972972972973,,0.8918918918918919
yeast,mlp-nosuite,0.6172506738544474,0.8517713481033629,0.7837837837837838,0.8918918918918919,0,0,0.8108108108108109,,0.8378378378378378,0.7837837837837838,0.8918918918918919,0,0,0.8108108108108109,,0.8378378378378378,0.7837837837837838,0.8918918918918919,0,0,0.8108108108108109,,0.8378378378378378,0.7837837837837838,0.8918918918918919,0,0,0.8108108108108109,,0.8378378378378378
yeast,mlp-nosuite,0.6172506738544474,0.4910007150414382,0.7027027027027027,0.7027027027027027,0,0,0.5675675675675675,,0.6216216216216216,0.7027027027027027,0.7027027027027027,0,0,0.5675675675675675,,0.6216216216216216,0.7027027027027027,0.7027027027027027,0,0,0.5675675675675675,,0.6216216216216216,0.7027027027027027,0.7027027027027027,0,0,0.5675675675675675,,0.6216216216216216
yeast,mlp-nosuite,0.6172506738544474,0.6965870220668589,0.8378378378378378,0.918918918918919,0,0,0.8108108108108109,,0.8648648648648649,0.8378378378378378,0.918918918918919,0,0,0.8108108108108109,,0.8648648648648649,0.8378378378378378,0.918918918918919,0,0,0.8108108108108109,,0.8648648648648649,0.8378378378378378,0.918918918918919,0,0,0.8108108108108109,,0.8648648648648649
yeast,mlp-nosuite,0.6172506738544474,0.6082230414329826,0.8648648648648649,0.918918918918919,0,0,0.8918918918918919,,0.8648648648648649,0.8648648648648649,0.918918918918919,0,0,0.8918918918918919,,0.8648648648648649,0.8648648648648649,0.918918918918919,0,0,0.8918918918918919,,0.8648648648648649,0.8648648648648649,0.918918918918919,0,0,0.8918918918918919,,0.8648648648648649
yeast,mlp-nosuite,0.6172506738544474,0.5307691251774221,0.918918918918919,0.8648648648648649,0,0,0.7837837837837838,,0.8918918918918919,0.918918918918919,0.8648648648648649,0,0,0.7837837837837838,,0.8918918918918919,0.918918918918919,0.8648648648648649,0,0,0.7837837837837838,,0.8918918918918919,0.918918918918919,0.8648648648648649,0,0,0.7837837837837838,,0.8918918918918919
yeast,mlp-nosuite,0.6172506738544474,0.5898136535651094,0.918918918918919,0.9459459459459459,0,0,0.8918918918918919,,0.9459459459459459,0.918918918918919,0.9459459459459459,0,0,0.8918918918918919,,0.9459459459459459,0.918918918918919,0.9459459459459459,0,0,0.8918918918918919,,0.9459459459459459,0.918918918918919,0.9459459459459459,0,0,0.8918918918918919,,0.9459459459459459
yeast,mlp-nosuite,0.6172506738544474,0.9769920903358666,0.972972972972973,0.9459459459459459,0,0,0.9459459459459459,,0.9459459459459459,0.972972972972973,0.9459459459459459,0,0,0.9459459459459459,,0.9459459459459459,0.972972972972973,0.9459459459459459,0,0,0.9459459459459459,,0.9459459459459459,0.972972972972973,0.9459459459459459,0,0,0.9459459459459459,,0.9459459459459459
yeast,mlp-nosuite,0.6172506738544474,0.6550089218997267,0.7027027027027027,0.7297297297297297,0,0,0.7027027027027027,,0.7837837837837838,0.7027027027027027,0.7297297297297297,0,0,0.7027027027027027,,0.7837837837837838,0.7027027027027027,0.7297297297297297,0,0,0.7027027027027027,,0.7837837837837838,0.7027027027027027,0.7297297297297297,0,0,0.7027027027027027,,0.7837837837837838
yeast,mlp-nosuite,0.6172506738544474,0.652156417544897,0.8918918918918919,0.972972972972973,0,0,0.9459459459459459,,0.918918918918919,0.8918918918918919,0.972972972972973,0,0,0.9459459459459459,,0.918918918918919,0.8918918918918919,0.972972972972973,0,0,0.9459459459459459,,0.918918918918919,0.8918918918918919,0.972972972972973,0,0,0.9459459459459459,,0.918918918918919
yeast,mlp-nosuite,0.6172506738544474,0.590686225478177,0.8918918918918919,0.972972972972973,0,0,0.8108108108108109,,0.8918918918918919,0.8918918918918919,0.972972972972973,0,0,0.8108108108108109,,0.8918918918918919,0.8918918918918919,0.972972972972973,0,0,0.8108108108108109,,0.8918918918918919,0.8918918918918919,0.972972972972973,0,0,0.8108108108108109,,0.8918918918918919
yeast,mlp-nosuite,0.6172506738544474,0.8068372530401193,0.918918918918919,0.9459459459459459,0,0,1.0,,0.8648648648648649,0.918918918918919,0.9459459459459459,0,0,1.0,,0.8648648648648649,0.918918918918919,0.9459459459459459,0,0,1.0,,0.8648648648648649,0.918918918918919,0.9459459459459459,0,0,1.0,,0.8648648648648649
yeast,mlp-nosuite,0.6172506738544474,0.48720428480289174,0.8918918918918919,0.8918918918918919,0,0,0.8378378378378378,,0.7567567567567568,0.8918918918918919,0.8918918918918919,0,0,0.8378378378378378,,0.7567567567567568,0.8918918918918919,0.8918918918918919,0,0,0.8378378378378378,,0.7567567567567568,0.8918918918918919,0.8918918918918919,0,0,0.8378378378378378,,0.7567567567567567
yeast,mlp-nosuite,0.6172506738544474,0.7066654959328711,0.7567567567567568,0.918918918918919,0,0,0.9459459459459459,,0.7297297297297297,0.7567567567567568,0.918918918918919,0,0,0.9459459459459459,,0.7297297297297297,0.7567567567567568,0.918918918918919,0,0,0.9459459459459459,,0.7297297297297297,0.7567567567567567,0.918918918918919,0,0,0.9459459459459459,,0.7297297297297297
yeast,mlp-nosuite,0.6172506738544474,0.6383887042040087,0.6756756756756757,0.7837837837837838,0,0,0.6216216216216216,,0.6216216216216216,0.6756756756756757,0.7837837837837838,0,0,0.6216216216216216,,0.6216216216216216,0.6756756756756757,0.7837837837837838,0,0,0.6216216216216216,,0.6216216216216216,0.6756756756756757,0.7837837837837838,0,0,0.6216216216216216,,0.6216216216216216
yeast,mlp-nosuite,0.6172506738544474,0.5399032225517664,0.7027027027027027,0.7567567567567568,0,0,0.6216216216216216,,0.5405405405405406,0.7027027027027027,0.7567567567567568,0,0,0.6216216216216216,,0.5405405405405406,0.7027027027027027,0.7567567567567568,0,0,0.6216216216216216,,0.5405405405405406,0.7027027027027027,0.7567567567567567,0,0,0.6216216216216216,,0.5405405405405406
yeast,mlp-nosuite,0.6172506738544474,0.6402846894575331,0.918918918918919,1.0,0,0,1.0,,0.918918918918919,0.918918918918919,1.0,0,0,1.0,,0.918918918918919,0.918918918918919,1.0,0,0,1.0,,0.918918918918919,0.918918918918919,1.0,0,0,1.0,,0.918918918918919
yeast,mlp-nosuite,0.6172506738544474,0.8270420607641638,0.8918918918918919,0.8648648648648649,0,0,0.8918918918918919,0.8648648648648649,0.8108108108108109,0.8918918918918919,0.8648648648648649,0,0,0.8918918918918919,0.8648648648648649,0.8108108108108109,0.8918918918918919,0.8648648648648649,0,0,0.8918918918918919,0.8648648648648649,0.8108108108108109,0.8918918918918919,0.8648648648648649,0,0,0.8918918918918919,0.8648648648648649,0.8108108108108109
yeast,mlp-nosuite,0.6172506738544474,0.9559665576072347,0.6756756756756757,0.7837837837837838,0,0,0.5675675675675675,,0.6486486486486487,0.6756756756756757,0.7837837837837838,0,0,0.5675675675675675,,0.6486486486486487,0.6756756756756757,0.7837837837837838,0,0,0.5675675675675675,,0.6486486486486487,0.6756756756756757,0.7837837837837838,0,0,0.5675675675675675,,0.6486486486486487
yeast,mlp-nosuite,0.6172506738544474,0.7985630197835285,0.7297297297297297,0.8378378378378378,0,0,0.7027027027027027,,0.8918918918918919,0.7297297297297297,0.8378378378378378,0,0,0.7027027027027027,,0.8918918918918919,0.7297297297297297,0.8378378378378378,0,0,0.7027027027027027,,0.8918918918918919,0.7297297297297297,0.8378378378378378,0,0,0.7027027027027027,,0.8918918918918919
yeast,mlp-nosuite,0.6172506738544474,0.6227046815327231,0.9459459459459459,0.972972972972973,0,0,0.8918918918918919,,0.8918918918918919,0.9459459459459459,0.972972972972973,0,0,0.8918918918918919,,0.8918918918918919,0.9459459459459459,0.972972972972973,0,0,0.8918918918918919,,0.8918918918918919,0.9459459459459459,0.972972972972973,0,0,0.8918918918918919,,0.8918918918918919
yeast,mlp-nosuite,0.6172506738544474,0.5224487399404436,0.8648648648648649,0.9459459459459459,0,0,0.7567567567567568,,0.7027027027027027,0.8648648648648649,0.9459459459459459,0,0,0.7567567567567568,,0.7027027027027027,0.8648648648648649,0.9459459459459459,0,0,0.7567567567567568,,0.7027027027027027,0.8648648648648649,0.9459459459459459,0,0,0.7567567567567567,,0.7027027027027027
yeast,mlp-nosuite,0.6172506738544474,0.3891855150835529,0.8108108108108109,0.8648648648648649,0,0,0.5945945945945946,,0.7297297297297297,0.8108108108108109,0.8648648648648649,0,0,0.5945945945945946,,0.7297297297297297,0.8108108108108109,0.8648648648648649,0,0,0.5945945945945946,,0.7297297297297297,0.8108108108108109,0.8648648648648649,0,0,0.5945945945945946,,0.7297297297297297
yeast,mlp-nosuite,0.6172506738544474,0.5911790368740227,0.8648648648648649,0.8648648648648649,0,0,0.8648648648648649,,0.8108108108108109,0.8648648648648649,0.8648648648648649,0,0,0.8648648648648649,,0.8108108108108109,0.8648648648648649,0.8648648648648649,0,0,0.8648648648648649,,0.8108108108108109,0.8648648648648649,0.8648648648648649,0,0,0.8648648648648649,,0.8108108108108109
yeast,mlp-nosuite,0.6172506738544474,0.629670593848274,0.918918918918919,0.918918918918919,0,0,0.8648648648648649,,0.918918918918919,0.918918918918919,0.918918918918919,0,0,0.8648648648648649,,0.918918918918919,0.918918918918919,0.918918918918919,0,0,0.8648648648648649,,0.918918918918919,0.918918918918919,0.918918918918919,0,0,0.8648648648648649,,0.918918918918919
yeast,mlp-nosuite,0.6172506738544474,0.5658438576331523,0.8648648648648649,1.0,0,0,0.972972972972973,,0.8648648648648649,0.8648648648648649,1.0,0,0,0.972972972972973,,0.8648648648648649,0.8648648648648649,1.0,0,0,0.972972972972973,,0.8648648648648649,0.8648648648648649,1.0,0,0,0.972972972972973,,0.8648648648648649
yeast,mlp-nosuite,0.6172506738544474,0.7187024376961156,0.9459459459459459,0.8378378378378378,0,0,0.918918918918919,,0.8918918918918919,0.9459459459459459,0.8378378378378378,0,0,0.918918918918919,,0.8918918918918919,0.9459459459459459,0.8378378378378378,0,0,0.918918918918919,,0.8918918918918919,0.9459459459459459,0.8378378378378378,0,0,0.918918918918919,,0.8918918918918919
yeast,mlp-nosuite,0.6172506738544474,0.5913711080016002,0.8108108108108109,0.8108108108108109,0,0,0.7837837837837838,,0.8378378378378378,0.8108108108108109,0.8108108108108109,0,0,0.7837837837837838,,0.8378378378378378,0.8108108108108109,0.8108108108108109,0,0,0.7837837837837838,,0.8378378378378378,0.8108108108108109,0.8108108108108109,0,0,0.7837837837837838,,0.8378378378378378
yeast,mlp-nosuite,0.6172506738544474,0.5682644820982953,0.8918918918918919,0.8648648648648649,0,0,0.8378378378378378,,0.8648648648648649,0.8918918918918919,0.8648648648648649,0,0,0.8378378378378378,,0.8648648648648649,0.8918918918918919,0.8648648648648649,0,0,0.8378378378378378,,0.8648648648648649,0.8918918918918919,0.8648648648648649,0,0,0.8378378378378378,,0.8648648648648649
yeast,mlp-nosuite,0.6172506738544474,0.5213467113424698,0.918918918918919,0.8648648648648649,0,0,0.8918918918918919,,0.6486486486486487,0.918918918918919,0.8648648648648649,0,0,0.8918918918918919,,0.6486486486486487,0.918918918918919,0.8648648648648649,0,0,0.8918918918918919,,0.6486486486486487,0.918918918918919,0.8648648648648649,0,0,0.8918918918918919,,0.6486486486486487
yeast,mlp-nosuite,0.6172506738544474,0.5031306686464653,0.7837837837837838,0.7567567567567568,0,0,0.7297297297297297,,0.7297297297297297,0.7837837837837838,0.7567567567567568,0,0,0.7297297297297297,,0.7297297297297297,0.7837837837837838,0.7567567567567568,0,0,0.7297297297297297,,0.7297297297297297,0.7837837837837838,0.7567567567567567,0,0,0.7297297297297297,,0.7297297297297297
yeast,mlp-nosuite,0.6172506738544474,0.5884111482706388,0.972972972972973,0.918918918918919,0,0,0.7567567567567568,,0.918918918918919,0.972972972972973,0.918918918918919,0,0,0.7567567567567568,,0.918918918918919,0.972972972972973,0.918918918918919,0,0,0.7567567567567568,,0.918918918918919,0.972972972972973,0.918918918918919,0,0,0.7567567567567567,,0.918918918918919
yeast,mlp-nosuite,0.6172506738544474,0.7866950662633221,0.7837837837837838,0.7567567567567568,0,0,0.6756756756756757,,0.7567567567567568,0.7837837837837838,0.7567567567567568,0,0,0.6756756756756757,,0.7567567567567568,0.7837837837837838,0.7567567567567568,0,0,0.6756756756756757,,0.7567567567567568,0.7837837837837838,0.7567567567567567,0,0,0.6756756756756757,,0.7567567567567567
yeast,mlp-nosuite,0.6172506738544474,0.5447268803985967,0.6486486486486487,0.6756756756756757,0,0,0.7837837837837838,,0.5945945945945946,0.6486486486486487,0.6756756756756757,0,0,0.7837837837837838,,0.5945945945945946,0.6486486486486487,0.6756756756756757,0,0,0.7837837837837838,,0.5945945945945946,0.6486486486486487,0.6756756756756757,0,0,0.7837837837837838,,0.5945945945945946
yeast,mlp-nosuite,0.6172506738544474,0.8144204226766092,0.9459459459459459,0.9459459459459459,0,0,0.918918918918919,,0.8378378378378378,0.9459459459459459,0.9459459459459459,0,0,0.918918918918919,,0.8378378378378378,0.9459459459459459,0.9459459459459459,0,0,0.918918918918919,,0.8378378378378378,0.9459459459459459,0.9459459459459459,0,0,0.918918918918919,,0.8378378378378378
yeast,mlp-nosuite,0.6172506738544474,0.8891864317831109,0.9459459459459459,1.0,0,0,1.0,,0.918918918918919,0.9459459459459459,1.0,0,0,1.0,,0.918918918918919,0.9459459459459459,1.0,0,0,1.0,,0.918918918918919,0.9459459459459459,1.0,0,0,1.0,,0.918918918918919
yeast,mlp-nosuite,0.6172506738544474,0.28133881938989935,0.8648648648648649,1.0,0,0,0.918918918918919,,0.7297297297297297,0.8648648648648649,1.0,0,0,0.918918918918919,,0.7297297297297297,0.8648648648648649,1.0,0,0,0.918918918918919,,0.7297297297297297,0.8648648648648649,1.0,0,0,0.918918918918919,,0.7297297297297297
yeast,mlp-nosuite,0.6172506738544474,0.6859127235089117,0.8918918918918919,0.8918918918918919,0,0,0.9459459459459459,,0.8378378378378378,0.8918918918918919,0.8918918918918919,0,0,0.9459459459459459,,0.8378378378378378,0.8918918918918919,0.8918918918918919,0,0,0.9459459459459459,,0.8378378378378378,0.8918918918918919,0.8918918918918919,0,0,0.9459459459459459,,0.8378378378378378
yeast,mlp-nosuite,0.6172506738544474,0.6731378428486091,0.8918918918918919,0.9459459459459459,0,0,0.918918918918919,,0.8648648648648649,0.8918918918918919,0.9459459459459459,0,0,0.918918918918919,,0.8648648648648649,0.8918918918918919,0.9459459459459459,0,0,0.918918918918919,,0.8648648648648649,0.8918918918918919,0.9459459459459459,0,0,0.918918918918919,,0.8648648648648649
yeast,mlp-nosuite,0.6172506738544474,0.35038552062983414,0.7837837837837838,0.8108108108108109,0,0,0.8378378378378378,,0.5945945945945946,0.7837837837837838,0.8108108108108109,0,0,0.8378378378378378,,0.5945945945945946,0.7837837837837838,0.8108108108108109,0,0,0.8378378378378378,,0.5945945945945946,0.7837837837837838,0.8108108108108109,0,0,0.8378378378378378,,0.5945945945945946
yeast,mlp-nosuite,0.6172506738544474,0.6058491647689342,0.6756756756756757,0.7027027027027027,0,0,0.7567567567567568,,0.7837837837837838,0.6756756756756757,0.7027027027027027,0,0,0.7567567567567568,,0.7837837837837838,0.6756756756756757,0.7027027027027027,0,0,0.7567567567567568,,0.7837837837837838,0.6756756756756757,0.7027027027027027,0,0,0.7567567567567567,,0.7837837837837838
yeast,mlp-nosuite,0.6172506738544474,0.9422417409954973,0.8648648648648649,0.9459459459459459,0,0,0.8378378378378378,,0.8648648648648649,0.8648648648648649,0.9459459459459459,0,0,0.8378378378378378,,0.8648648648648649,0.8648648648648649,0.9459459459459459,0,0,0.8378378378378378,,0.8648648648648649,0.8648648648648649,0.9459459459459459,0,0,0.8378378378378378,,0.8648648648648649
yeast,mlp-nosuite,0.6172506738544474,0.7328804053498051,0.918918918918919,0.9459459459459459,0,0,0.9459459459459459,,0.9459459459459459,0.918918918918919,0.9459459459459459,0,0,0.9459459459459459,,0.9459459459459459,0.918918918918919,0.9459459459459459,0,0,0.9459459459459459,,0.9459459459459459,0.918918918918919,0.9459459459459459,0,0,0.9459459459459459,,0.9459459459459459
yeast,mlp-nosuite,0.6172506738544474,0.3486443412971777,0.918918918918919,1.0,0,0,0.9459459459459459,,0.8648648648648649,0.918918918918919,1.0,0,0,0.9459459459459459,,0.8648648648648649,0.918918918918919,1.0,0,0,0.9459459459459459,,0.8648648648648649,0.918918918918919,1.0,0,0,0.9459459459459459,,0.8648648648648649
yeast,mlp-nosuite,0.6172506738544474,0.6434217995854417,0.9459459459459459,0.9459459459459459,0,0,0.8918918918918919,,0.9459459459459459,0.9459459459459459,0.9459459459459459,0,0,0.8918918918918919,,0.9459459459459459,0.9459459459459459,0.9459459459459459,0,0,0.8918918918918919,,0.9459459459459459,0.9459459459459459,0.9459459459459459,0,0,0.8918918918918919,,0.9459459459459459
yeast,mlp-nosuite,0.6172506738544474,0.7272889805060853,0.7297297297297297,0.7567567567567568,0,0,0.8648648648648649,,0.8918918918918919,0.7297297297297297,0.7567567567567568,0,0,0.8648648648648649,,0.8918918918918919,0.7297297297297297,0.7567567567567568,0,0,0.8648648648648649,,0.8918918918918919,0.7297297297297297,0.7567567567567567,0,0,0.8648648648648649,,0.8918918918918919
yeast,mlp-nosuite,0.6172506738544474,0.8009345249963874,0.8108108108108109,0.8378378378378378,0,0,0.8648648648648649,,0.8648648648648649,0.8108108108108109,0.8378378378378378,0,0,0.8648648648648649,,0.8648648648648649,0.8108108108108109,0.8378378378378378,0,0,0.8648648648648649,,0.8648648648648649,0.8108108108108109,0.8378378378378378,0,0,0.8648648648648649,,0.8648648648648649
rmftsa,mlp-nosuite,0.51953125,0.4392036268962049,1.0,1.0,0,0,0.96,,1.0,1.0,1.0,0,0,0.96,,1.0,1.0,1.0,0,0,0.96,,1.0,1.0,1.0,0,0,0.96,,1.0
rmftsa,mlp-nosuite,0.51953125,0.4680882890516091,0.8,0.96,0,0,0.88,,0.92,0.8,0.96,0,0,0.88,,0.92,0.8,0.96,0,0,0.88,,0.92,0.8000000000000002,0.96,0,0,0.88,,0.92
rmftsa,mlp-nosuite,0.51953125,0.38564920294868216,0.44,0.84,0,0,0.88,,0.32,0.44,0.84,0,0,0.88,,0.32,0.44,0.84,0,0,0.88,,0.32,0.44,0.8399999999999999,0,0,0.88,,0.32
rmftsa,mlp-nosuite,0.51953125,0.4703688216831583,0.6,0.76,0,0,0.72,,0.6,0.6,0.76,0,0,0.72,,0.6,0.6,0.76,0,0,0.72,,0.6,0.6,0.76,0,0,0.72,,0.6
rmftsa,mlp-nosuite,0.51953125,0.6230154375875949,1.0,1.0,0,0,1.0,,1.0,1.0,1.0,0,0,1.0,,1.0,1.0,1.0,0,0,1.0,,1.0,1.0,1.0,0,0,1.0,,1.0
rmftsa,mlp-nosuite,0.51953125,0.520291675712967,1.0,1.0,0,0,1.0,,1.0,1.0,1.0,0,0,1.0,,1.0,1.0,1.0,0,0,1.0,,1.0,1.0,1.0,0,0,1.0,,1.0
rmftsa,mlp-nosuite,0.51953125,0.4226854137332023,0.72,0.8,0,0,0.96,,0.72,0.72,0.8,0,0,0.96,,0.72,0.72,0.8,0,0,0.96,,0.72,0.72,0.8000000000000002,0,0,0.96,,0.72
rmftsa,mlp-nosuite,0.51953125,0.5311366699227706,1.0,1.0,0,0,1.0,,1.0,1.0,1.0,0,0,1.0,,1.0,1.0,1.0,0,0,1.0,,1.0,1.0,1.0,0,0,1.0,,1.0
rmftsa,mlp-nosuite,0.51953125,0.49625395118885585,0.72,0.84,0,0,0.88,,0.88,0.72,0.84,0,0,0.88,,0.88,0.72,0.84,0,0,0.88,,0.88,0.72,0.8399999999999999,0,0,0.88,,0.88
rmftsa,mlp-nosuite,0.51953125,0.5158761279858914,1.0,1.0,0,0,1.0,,1.0,1.0,1.0,0,0,1.0,,1.0,1.0,1.0,0,0,1.0,,1.0,1.0,1.0,0,0,1.0,,1.0
rmftsa,mlp-nosuite,0.51953125,0.7531628560102336,1.0,1.0,0,0,1.0,,1.0,1.0,1.0,0,0,1.0,,1.0,1.0,1.0,0,0,1.0,,1.0,1.0,1.0,0,0,1.0,,1.0
rmftsa,mlp-nosuite,0.51953125,0.5581282006345757,0.72,1.0,0,0,1.0,,0.88,0.72,1.0,0,0,1.0,,0.88,0.72,1.0,0,0,1.0,,0.88,0.72,1.0,0,0,1.0,,0.88
rmftsa,mlp-nosuite,0.51953125,0.4892391385789344,0.56,1.0,0,0,0.96,,0.96,0.56,1.0,0,0,0.96,,0.96,0.56,1.0,0,0,0.96,,0.96,0.56,1.0,0,0,0.96,,0.96
rmftsa,mlp-nosuite,0.51953125,0.44989282848458323,0.36,0.92,0,0,0.92,,0.92,0.36,0.92,0,0,0.92,,0.92,0.36,0.92,0,0,0.92,,0.92,0.36,0.92,0,0,0.92,,0.92
rmftsa,mlp-nosuite,0.51953125,0.5014428846574492,1.0,1.0,0,0,1.0,,1.0,1.0,1.0,0,0,1.0,,1.0,1.0,1.0,0,0,1.0,,1.0,1.0,1.0,0,0,1.0,,1.0
rmftsa,mlp-nosuite,0.51953125,0.5396897232801114,0.56,0.96,0,0,0.96,,0.96,0.56,0.96,0,0,0.96,,0.96,0.56,0.96,0,0,0.96,,0.96,0.56,0.96,0,0,0.96,,0.96
rmftsa,mlp-nosuite,0.51953125,0.35938128953713677,0.4,1.0,0,0,1.0,,0.88,0.4,1.0,0,0,1.0,,0.88,0.4,1.0,0,0,1.0,,0.88,0.4000000000000001,1.0,0,0,1.0,,0.88
rmftsa,mlp-nosuite,0.51953125,0.5158761279858914,1.0,1.0,0,0,1.0,,1.0,1.0,1.0,0,0,1.0,,1.0,1.0,1.0,0,0,1.0,,1.0,1.0,1.0,0,0,1.0,,1.0
rmftsa,mlp-nosuite,0.51953125,0.5456845771163488,0.48,1.0,0,0,0.88,,1.0,0.48,1.0,0,0,0.88,,1.0,0.48,1.0,0,0,0.88,,1.0,0.48,1.0,0,0,0.88,,1.0
rmftsa,mlp-nosuite,0.51953125,0.5783612720130417,1.0,1.0,0,0,1.0,,1.0,1.0,1.0,0,0,1.0,,1.0,1.0,1.0,0,0,1.0,,1.0,1.0,1.0,0,0,1.0,,1.0
rmftsa,mlp-nosuite,0.51953125,0.4456303814003765,1.0,1.0,0,0,1.0,,1.0,1.0,1.0,0,0,1.0,,1.0,1.0,1.0,0,0,1.0,,1.0,1.0,1.0,0,0,1.0,,1.0
rmftsa,mlp-nosuite,0.51953125,0.4288145439547315,0.48,0.76,0,0,0.92,,0.68,0.48,0.76,0,0,0.92,,0.68,0.48,0.76,0,0,0.92,,0.68,0.48,0.76,0,0,0.92,,0.68
rmftsa,mlp-nosuite,0.51953125,0.3624132567773058,0.68,1.0,0,0,0.6,,0.6,0.68,1.0,0,0,0.6,,0.6,0.68,1.0,0,0,0.6,,0.6,0.68,1.0,0,0,0.6,,0.6
rmftsa,mlp-nosuite,0.51953125,0.6780616434441902,1.0,1.0,0,0,1.0,,1.0,1.0,1.0,0,0,1.0,,1.0,1.0,1.0,0,0,1.0,,1.0,1.0,1.0,0,0,1.0,,1.0
rmftsa,mlp-nosuite,0.51953125,0.3611232315319938,0.6,0.76,0,0,0.84,,0.76,0.6,0.76,0,0,0.84,,0.76,0.6,0.76,0,0,0.84,,0.76,0.6,0.76,0,0,0.8399999999999999,,0.76
rmftsa,mlp-nosuite,0.51953125,0.4401701803855752,0.48,0.88,0,0,0.92,,0.56,0.48,0.88,0,0,0.92,,0.56,0.48,0.88,0,0,0.92,,0.56,0.48,0.88,0,0,0.92,,0.56
rmftsa,mlp-nosuite,0.51953125,0.3485186007507078,0.88,0.96,0,0,0.96,,0.08,0.88,0.96,0,0,0.96,,0.08,0.88,0.96,0,0,0.96,,0.08,0.88,0.96,0,0,0.96,,0.08
rmftsa,mlp-nosuite,0.51953125,0.37886713392700194,0.44,0.92,0,0,0.56,,0.52,0.44,0.92,0,0,0.56,,0.52,0.44,0.92,0,0,0.56,,0.52,0.44,0.92,0,0,0.56,,0.52
rmftsa,mlp-nosuite,0.51953125,0.38827933639630735,0.92,1.0,0,0,0.92,,0.92,0.92,1.0,0,0,0.92,,0.92,0.92,1.0,0,0,0.92,,0.92,0.92,1.0,0,0,0.92,,0.92
rmftsa,mlp-nosuite,0.51953125,0.4475831013526873,0.56,1.0,0,0,0.96,,0.68,0.56,1.0,0,0,0.96,,0.68,0.56,1.0,0,0,0.96,,0.68,0.56,1.0,0,0,0.96,,0.68
rmftsa,mlp-nosuite,0.51953125,0.4438870522930624,0.88,0.96,0,0,0.72,,0.88,0.88,0.96,0,0,0.72,,0.88,0.88,0.96,0,0,0.72,,0.88,0.88,0.96,0,0,0.72,,0.88
rmftsa,mlp-nosuite,0.51953125,0.5132620708641707,0.56,0.96,0,0,0.96,,0.96,0.56,0.96,0,0,0.96,,0.96,0.56,0.96,0,0,0.96,,0.96,0.56,0.96,0,0,0.96,,0.96
rmftsa,mlp-nosuite,0.51953125,0.44989282848458323,0.36,0.92,0,0,0.92,,0.92,0.36,0.92,0,0,0.92,,0.92,0.36,0.92,0,0,0.92,,0.92,0.36,0.92,0,0,0.92,,0.92
rmftsa,mlp-nosuite,0.51953125,0.5127439525902301,0.76,1.0,0,0,0.84,,1.0,0.76,1.0,0,0,0.84,,1.0,0.76,1.0,0,0,0.84,,1.0,0.76,1.0,0,0,0.8399999999999999,,1.0
rmftsa,mlp-nosuite,0.51953125,0.4265822353234696,0.96,1.0,0,0,0.56,,0.96,0.96,1.0,0,0,0.56,,0.96,0.96,1.0,0,0,0.56,,0.96,0.96,1.0,0,0,0.56,,0.96
rmftsa,mlp-nosuite,0.51953125,0.31291340953320335,0.76,0.8,0,0,0.68,,0.92,0.76,0.8,0,0,0.68,,0.92,0.76,0.8,0,0,0.68,,0.92,0.76,0.8000000000000002,0,0,0.68,,0.92
rmftsa,mlp-nosuite,0.51953125,0.7474234009596294,1.0,1.0,0,0,0.92,,1.0,1.0,1.0,0,0,0.92,,1.0,1.0,1.0,0,0,0.92,,1.0,1.0,1.0,0,0,0.92,,1.0
rmftsa,mlp-nosuite,0.51953125,0.7021555422619946,0.52,0.8,0,0,0.8,,0.44,0.52,0.8,0,0,0.8,,0.44,0.52,0.8,0,0,0.8,,0.44,0.52,0.8000000000000002,0,0,0.8000000000000002,,0.44
rmftsa,mlp-nosuite,0.51953125,0.6693014042358258,1.0,1.0,0,0,1.0,,1.0,1.0,1.0,0,0,1.0,,1.0,1.0,1.0,0,0,1.0,,1.0,1.0,1.0,0,0,1.0,,1.0
rmftsa,mlp-nosuite,0.51953125,0.6072713925299179,0.52,0.92,0,0,0.84,,0.6,0.52,0.92,0,0,0.84,,0.6,0.52,0.92,0,0,0.84,,0.6,0.52,0.92,0,0,0.8399999999999999,,0.6
rmftsa,mlp-nosuite,0.51953125,0.5333874826807956,0.52,1.0,0,0,0.96,,0.72,0.52,1.0,0,0,0.96,,0.72,0.52,1.0,0,0,0.96,,0.72,0.52,1.0,0,0,0.96,,0.72
rmftsa,mlp-nosuite,0.51953125,0.5418247329734285,0.48,1.0,0,0,0.8,,0.96,0.48,1.0,0,0,0.8,,0.96,0.48,1.0,0,0,0.8,,0.96,0.48,1.0,0,0,0.8000000000000002,,0.96
rmftsa,mlp-nosuite,0.51953125,0.395107974859115,0.96,1.0,0,0,1.0,,0.96,0.96,1.0,0,0,1.0,,0.96,0.96,1.0,0,0,1.0,,0.96,0.96,1.0,0,0,1.0,,0.96
rmftsa,mlp-nosuite,0.51953125,0.38335667942516033,0.6,0.76,0,0,0.72,,0.6,0.6,0.76,0,0,0.72,,0.6,0.6,0.76,0,0,0.72,,0.6,0.6,0.76,0,0,0.72,,0.6
rmftsa,mlp-nosuite,0.51953125,0.7040457232294485,0.68,0.96,0,0,0.68,,0.84,0.68,0.96,0,0,0.68,,0.84,0.68,0.96,0,0,0.68,,0.84,0.68,0.96,0,0,0.68,,0.8399999999999999
rmftsa,mlp-nosuite,0.51953125,0.5158761279858914,1.0,1.0,0,0,1.0,,1.0,1.0,1.0,0,0,1.0,,1.0,1.0,1.0,0,0,1.0,,1.0,1.0,1.0,0,0,1.0,,1.0
rmftsa,mlp-nosuite,0.51953125,0.395107974859115,0.96,1.0,0,0,1.0,,0.96,0.96,1.0,0,0,1.0,,0.96,0.96,1.0,0,0,1.0,,0.96,0.96,1.0,0,0,1.0,,0.96
rmftsa,mlp-nosuite,0.51953125,0.3153505181775724,0.76,0.88,0,0,0.72,,0.76,0.76,0.88,0,0,0.72,,0.76,0.76,0.88,0,0,0.72,,0.76,0.76,0.88,0,0,0.72,,0.76
rmftsa,mlp-nosuite,0.51953125,0.3824358787610816,0.6,0.76,0,0,0.72,,0.8,0.6,0.76,0,0,0.72,,0.8,0.6,0.76,0,0,0.72,,0.8,0.6,0.76,0,0,0.72,,0.8000000000000002
rmftsa,mlp-nosuite,0.51953125,0.44653845367383727,0.44,0.92,0,0,0.84,,0.92,0.44,0.92,0,0,0.84,,0.92,0.44,0.92,0,0,0.84,,0.92,0.44,0.92,0,0,0.8399999999999999,,0.92
banknote-authentication,mlp-nosuite,1.0,0.9996715727380836,1.0,1.0,0,0,0.9117647058823529,0.9117647058823529,1.0,1.0,1.0,0,0,1.0,1.0,1.0,1.0,1.0,0,0,0.9117647058823529,0.9117647058823529,1.0,1.0,1.0,0,0,0.9538461538461539,0.9538461538461539,1.0
banknote-authentication,mlp-nosuite,1.0,0.9999907078329328,1.0,1.0,0,0,1.0,0.9705882352941176,1.0,1.0,1.0,0,0,1.0,1.0,1.0,1.0,1.0,0,0,1.0,0.9705882352941176,1.0,1.0,1.0,0,0,1.0,0.9850746268656716,1.0
banknote-authentication,mlp-nosuite,1.0,0.9995782616221618,0.9705882352941176,1.0,0,0,0.9705882352941176,0.9411764705882353,1.0,1.0,1.0,0,0,1.0,1.0,1.0,0.9705882352941176,1.0,0,0,0.9705882352941176,0.9411764705882353,1.0,0.9850746268656716,1.0,0,0,0.9850746268656716,0.9696969696969697,1.0
banknote-authentication,mlp-nosuite,1.0,0.9967715715625176,0.8235294117647058,1.0,0,0,0.9705882352941176,0.9411764705882353,0.9411764705882353,1.0,1.0,0,0,1.0,1.0,1.0,0.8235294117647058,1.0,0,0,0.9705882352941176,0.9411764705882353,0.9411764705882353,0.9032258064516129,1.0,0,0,0.9850746268656716,0.9696969696969697,0.9696969696969697
banknote-authentication,mlp-nosuite,1.0,0.9995319645941872,1.0,0.9705882352941176,0,0,0.8823529411764706,0.8529411764705882,0.8529411764705882,1.0,0.96875,0,0,1.0,1.0,0.9642857142857143,1.0,1.0,0,0,0.8709677419354839,0.8387096774193549,0.8709677419354839,1.0,0.9841269841269841,0,0,0.9310344827586207,0.9122807017543859,0.9152542372881356
banknote-authentication,mlp-nosuite,1.0,0.9999965941274134,1.0,1.0,0,0,0.9705882352941176,0.7058823529411765,0.7941176470588235,1.0,1.0,0,0,0.9583333333333334,0.696969696969697,0.7666666666666667,1.0,1.0,0,0,1.0,1.0,1.0,1.0,1.0,0,0,0.9787234042553191,0.8214285714285715,0.8679245283018869
banknote-authentication,mlp-nosuite,1.0,0.9997851658725867,1.0,1.0,0,0,1.0,1.0,1.0,1.0,1.0,0,0,1.0,1.0,1.0,1.0,1.0,0,0,1.0,1.0,1.0,1.0,1.0,0,0,1.0,1.0,1.0
banknote-authentication,mlp-nosuite,1.0,0.9999687248528396,1.0,1.0,0,0,1.0,1.0,1.0,1.0,1.0,0,0,1.0,1.0,1.0,1.0,1.0,0,0,1.0,1.0,1.0,1.0,1.0,0,0,1.0,1.0,1.0
banknote-authentication,mlp-nosuite,1.0,0.9989479501283376,1.0,1.0,0,0,0.9705882352941176,0.7058823529411765,0.9411764705882353,1.0,1.0,0,0,1.0,0.8275862068965517,0.9354838709677419,1.0,1.0,0,0,0.9655172413793104,0.8275862068965517,1.0,1.0,1.0,0,0,0.9824561403508771,0.8275862068965517,0.9666666666666666
banknote-authentication,mlp-nosuite,1.0,0.999903852748675,1.0,1.0,0,0,1.0,0.9705882352941176,1.0,1.0,1.0,0,0,1.0,1.0,1.0,1.0,1.0,0,0,1.0,0.9705882352941176,1.0,1.0,1.0,0,0,1.0,0.9850746268656716,1.0
banknote-authentication,mlp-nosuite,1.0,0.9593156939090443,0.9705882352941176,1.0,0,0,1.0,0.8823529411764706,0.9117647058823529,1.0,1.0,0,0,1.0,0.8333333333333334,1.0,0.9375,1.0,0,0,1.0,0.9375,0.8125,0.967741935483871,1.0,0,0,1.0,0.8823529411764706,0.896551724137931
banknote-authentication,mlp-nosuite,1.0,0.999892351065744,1.0,0.9705882352941176,0,0,1.0,0.9117647058823529,1.0,1.0,0.9705882352941176,0,0,1.0,0.96875,1.0,1.0,1.0,0,0,1.0,0.9393939393939394,1.0,1.0,0.9850746268656716,0,0,1.0,0.9538461538461539,1.0
banknote-authentication,mlp-nosuite,1.0,0.9999825994563841,1.0,1.0,0,0,0.9117647058823529,1.0,1.0,1.0,1.0,0,0,1.0,1.0,1.0,1.0,1.0,0,0,0.9117647058823529,1.0,1.0,1.0,1.0,0,0,0.9538461538461539,1.0,1.0
banknote-authentication,mlp-nosuite,1.0,0.9998616390009727,0.9705882352941176,1.0,0,0,0.9705882352941176,1.0,1.0,1.0,1.0,0,0,1.0,1.0,1.0,0.9705882352941176,1.0,0,0,0.9705882352941176,1.0,1.0,0.9850746268656716,1.0,0,0,0.9850746268656716,1.0,1.0
banknote-authentication,mlp-nosuite,1.0,0.9847440936365887,1.0,0.9705882352941176,0,0,0.8235294117647058,0.7647058823529411,0.8529411764705882,1.0,0.9705882352941176,0,0,1.0,0.9629629629629629,1.0,1.0,1.0,0,0,0.8181818181818182,0.7878787878787878,0.8484848484848485,1.0,0.9850746268656716,0,0,0.9,0.8666666666666665,0.9180327868852458
banknote-authentication,mlp-nosuite,1.0,0.999598764649163,1.0,0.9705882352941176,0,0,0.9117647058823529,0.7352941176470589,0.8529411764705882,1.0,1.0,0,0,1.0,1.0,1.0,1.0,0.967741935483871,0,0,0.9032258064516129,0.7096774193548387,0.8387096774193549,1.0,0.9836065573770492,0,0,0.9491525423728813,0.8301886792452831,0.9122807017543859
banknote-authentication,mlp-nosuite,1.0,0.9997890372479821,1.0,0.9705882352941176,0,0,0.9705882352941176,0.6764705882352942,1.0,1.0,1.0,0,0,1.0,1.0,1.0,1.0,0.967741935483871,0,0,0.967741935483871,0.6451612903225806,1.0,1.0,0.9836065573770492,0,0,0.9836065573770492,0.7843137254901961,1.0
banknote-authentication,mlp-nosuite,1.0,0.9959960580579492,0.9705882352941176,1.0,0,0,1.0,0.7058823529411765,0.8529411764705882,1.0,1.0,0,0,1.0,1.0,0.9545454545454546,0.96,1.0,0,0,1.0,0.6,0.84,0.9795918367346939,1.0,0,0,1.0,0.7499999999999999,0.8936170212765958
banknote-authentication,mlp-nosuite,1.0,0.9999649128497563,1.0,1.0,0,0,1.0,0.9705882352941176,1.0,1.0,1.0,0,0,1.0,1.0,1.0,1.0,1.0,0,0,1.0,0.9705882352941176,1.0,1.0,1.0,0,0,1.0,0.9850746268656716,1.0
banknote-authentication,mlp-nosuite,1.0,0.9999842347552793,1.0,1.0,0,0,1.0,1.0,1.0,1.0,1.0,0,0,1.0,1.0,1.0,1.0,1.0,0,0,1.0,1.0,1.0,1.0,1.0,0,0,1.0,1.0,1.0
banknote-authentication,mlp-nosuite,1.0,0.9999975413414801,1.0,1.0,0,0,1.0,0.7058823529411765,0.7352941176470589,1.0,1.0,0,0,1.0,0.6875,0.7096774193548387,1.0,1.0,0,0,1.0,1.0,1.0,1.0,1.0,0,0,1.0,0.8148148148148148,0.8301886792452831
banknote-authentication,mlp-nosuite,1.0,0.9958053479484174,0.7941176470588235,0.9705882352941176,0,0,0.9411764705882353,0.6470588235294118,1.0,1.0,0.9696969696969697,0,0,1.0,1.0,1.0,0.78125,1.0,0,0,0.9375,0.625,1.0,0.8771929824561403,0.9846153846153847,0,0,0.967741935483871,0.7692307692307693,1.0
banknote-authentication,mlp-nosuite,1.0,0.9999339841516157,1.0,1.0,0,0,1.0,1.0,1.0,1.0,1.0,0,0,1.0,1.0,1.0,1.0,1.0,0,0,1.0,1.0,1.0,1.0,1.0,0,0,1.0,1.0,1.0
banknote-authentication,mlp-nosuite,1.0,0.9999116842643319,1.0,1.0,0,0,1.0,1.0,1.0,1.0,1.0,0,0,1.0,1.0,1.0,1.0,1.0,0,0,1.0,1.0,1.0,1.0,1.0,0,0,1.0,1.0,1.0
banknote-authentication,mlp-nosuite,1.0,0.8737376421163819,0.9705882352941176,1.0,0,0,1.0,0.6176470588235294,0.9117647058823529,1.0,1.0,0,0,1.0,0.5714285714285714,1.0,0.9285714285714286,1.0,0,0,1.0,0.2857142857142857,0.7857142857142857,0.962962962962963,1.0,0,0,1.0,0.38095238095238093,0.88
banknote-authentication,mlp-nosuite,1.0,0.999922722621713,1.0,1.0,0,0,1.0,1.0,1.0,1.0,1.0,0,0,1.0,1.0,1.0,1.0,1.0,0,0,1.0,1.0,1.0,1.0,1.0,0,0,1.0,1.0,1.0
banknote-authentication,mlp-nosuite,1.0,0.9991779122263149,1.0,1.0,0,0,0.9411764705882353,0.6764705882352942,0.9117647058823529,1.0,1.0,0,0,1.0,1.0,1.0,1.0,1.0,0,0,0.9411764705882353,0.6764705882352942,0.9117647058823529,1.0,1.0,0,0,0.9696969696969697,0.8070175438596492,0.9538461538461539
banknote-authentication,mlp-nosuite,1.0,0.9998863983704348,1.0,1.0,0,0,1.0,0.9705882352941176,1.0,1.0,1.0,0,0,1.0,1.0,1.0,1.0,1.0,0,0,1.0,0.9705882352941176,1.0,1.0,1.0,0,0,1.0,0.9850746268656716,1.0
banknote-authentication,mlp-nosuite,1.0,0.693438046194788,1.0,1.0,0,0,1.0,0.9117647058823529,0.7941176470588235,1.0,1.0,0,0,1.0,0.8333333333333334,1.0,1.0,1.0,0,0,1.0,1.0,0.5333333333333333,1.0,1.0,0,0,1.0,0.9090909090909091,0.6956521739130436
banknote-authentication,mlp-nosuite,1.0,0.9999787367599922,1.0,1.0,0,0,1.0,0.8529411764705882,1.0,1.0,1.0,0,0,1.0,1.0,1.0,1.0,1.0,0,0,1.0,0.8529411764705882,1.0,1.0,1.0,0,0,1.0,0.9206349206349206,1.0
banknote-authentication,mlp-nosuite,1.0,0.9999830581315201,0.9705882352941176,1.0,0,0,1.0,1.0,1.0,1.0,1.0,0,0,1.0,1.0,1.0,0.9705882352941176,1.0,0,0,1.0,1.0,1.0,0.9850746268656716,1.0,0,0,1.0,1.0,1.0
banknote-authentication,mlp-nosuite,1.0,0.9999735141022849,1.0,1.0,0,0,1.0,0.9117647058823529,1.0,1.0,1.0,0,0,1.0,1.0,1.0,1.0,1.0,0,0,1.0,0.9117647058823529,1.0,1.0,1.0,0,0,1.0,0.9538461538461539,1.0
banknote-authentication,mlp-nosuite,1.0,0.9994582287945061,1.0,1.0,0,0,1.0,1.0,0.6176470588235294,1.0,1.0,0,0,1.0,1.0,1.0,1.0,1.0,0,0,1.0,1.0,0.5,1.0,1.0,0,0,1.0,1.0,0.6666666666666666
banknote-authentication,mlp-nosuite,1.0,0.9998488396954847,1.0,1.0,0,0,1.0,1.0,1.0,1.0,1.0,0,0,1.0,1.0,1.0,1.0,1.0,0,0,1.0,1.0,1.0,1.0,1.0,0,0,1.0,1.0,1.0
banknote-authentication,mlp-nosuite,1.0,0.9984030036343169,0.9705882352941176,0.9705882352941176,0,0,1.0,0.7941176470588235,0.9411764705882353,1.0,1.0,0,0,1.0,1.0,1.0,0.9705882352941176,0.9705882352941176,0,0,1.0,0.7941176470588235,0.9411764705882353,0.9850746268656716,0.9850746268656716,0,0,1.0,0.8852459016393442,0.9696969696969697
banknote-authentication,mlp-nosuite,1.0,0.9999184920739265,1.0,1.0,0,0,1.0,1.0,0.9705882352941176,1.0,1.0,0,0,1.0,1.0,1.0,1.0,1.0,0,0,1.0,1.0,0.9705882352941176,1.0,1.0,0,0,1.0,1.0,0.9850746268656716
banknote-authentication,mlp-nosuite,1.0,0.9998511179374847,1.0,1.0,0,0,1.0,0.9705882352941176,1.0,1.0,1.0,0,0,1.0,1.0,1.0,1.0,1.0,0,0,1.0,0.9705882352941176,1.0,1.0,1.0,0,0,1.0,0.9850746268656716,1.0
banknote-authentication,mlp-nosuite,1.0,0.9990029623781582,1.0,1.0,0,0,1.0,0.9411764705882353,1.0,1.0,1.0,0,0,1.0,1.0,1.0,1.0,1.0,0,0,1.0,0.9411764705882353,1.0,1.0,1.0,0,0,1.0,0.9696969696969697,1.0
banknote-authentication,mlp-nosuite,1.0,0.9987745826604794,1.0,1.0,0,0,0.9705882352941176,0.9705882352941176,1.0,1.0,1.0,0,0,1.0,1.0,1.0,1.0,1.0,0,0,0.9705882352941176,0.9705882352941176,1.0,1.0,1.0,0,0,0.9850746268656716,0.9850746268656716,1.0
banknote-authentication,mlp-nosuite,1.0,0.9997748265878384,1.0,1.0,0,0,1.0,1.0,1.0,1.0,1.0,0,0,1.0,1.0,1.0,1.0,1.0,0,0,1.0,1.0,1.0,1.0,1.0,0,0,1.0,1.0,1.0
banknote-authentication,mlp-nosuite,1.0,0.9984740571471774,1.0,0.9705882352941176,0,0,0.9705882352941176,0.5,0.9411764705882353,1.0,0.9705882352941176,0,0,1.0,1.0,1.0,1.0,1.0,0,0,0.9696969696969697,0.48484848484848486,0.9393939393939394,1.0,0.9850746268656716,0,0,0.9846153846153847,0.653061224489796,0.96875
banknote-authentication,mlp-nosuite,1.0,0.9999990842324603,1.0,1.0,0,0,0.9117647058823529,0.8235294117647058,0.9411764705882353,1.0,1.0,0,0,1.0,1.0,0.9285714285714286,1.0,1.0,0,0,0.8846153846153846,0.7692307692307693,1.0,1.0,1.0,0,0,0.9387755102040816,0.8695652173913044,0.962962962962963
banknote-authentication,mlp-nosuite,1.0,0.7971286316254512,0.9705882352941176,1.0,0,0,1.0,0.8235294117647058,0.9705882352941176,1.0,1.0,0,0,1.0,0.7222222222222222,1.0,0.9285714285714286,1.0,0,0,1.0,0.9285714285714286,0.9285714285714286,0.962962962962963,1.0,0,0,1.0,0.8125000000000001,0.962962962962963
banknote-authentication,mlp-nosuite,1.0,0.989043917807739,1.0,0.9705882352941176,0,0,1.0,0.9117647058823529,1.0,1.0,1.0,0,0,1.0,0.8636363636363636,1.0,1.0,0.9473684210526315,0,0,1.0,1.0,1.0,1.0,0.972972972972973,0,0,1.0,0.9268292682926829,1.0
banknote-authentication,mlp-nosuite,1.0,0.9996782189483133,0.9117647058823529,1.0,0,0,1.0,0.7647058823529411,1.0,1.0,1.0,0,0,1.0,1.0,1.0,0.9117647058823529,1.0,0,0,1.0,0.7647058823529411,1.0,0.9538461538461539,1.0,0,0,1.0,0.8666666666666666,1.0
banknote-authentication,mlp-nosuite,1.0,0.9987690347026392,1.0,1.0,0,0,0.9705882352941176,1.0,0.8529411764705882,1.0,1.0,0,0,1.0,1.0,0.8529411764705882,1.0,1.0,0,0,0.9655172413793104,1.0,1.0,1.0,1.0,0,0,0.9824561403508771,1.0,0.9206349206349206
banknote-authentication,mlp-nosuite,1.0,0.9999563347188299,1.0,1.0,0,0,1.0,0.7647058823529411,1.0,1.0,1.0,0,0,1.0,1.0,1.0,1.0,1.0,0,0,1.0,0.7647058823529411,1.0,1.0,1.0,0,0,1.0,0.8666666666666666,1.0
banknote-authentication,mlp-nosuite,1.0,0.9984620988618204,0.8235294117647058,0.9705882352941176,0,0,0.9411764705882353,0.9411764705882353,0.9411764705882353,1.0,1.0,0,0,1.0,1.0,0.9411764705882353,0.8125,0.96875,0,0,0.9375,0.9375,1.0,0.896551724137931,0.9841269841269841,0,0,0.967741935483871,0.967741935483871,0.9696969696969697
banknote-authentication,mlp-nosuite,1.0,0.9999828097080098,1.0,1.0,0,0,1.0,0.9705882352941176,1.0,1.0,1.0,0,0,1.0,1.0,1.0,1.0,1.0,0,0,1.0,0.9705882352941176,1.0,1.0,1.0,0,0,1.0,0.9850746268656716,1.0
banknote-authentication,mlp-nosuite,1.0,0.999153502060915,1.0,1.0,0,0,1.0,0.7647058823529411,0.8235294117647058,1.0,1.0,0,0,1.0,1.0,1.0,1.0,1.0,0,0,1.0,0.7142857142857143,0.7857142857142857,1.0,1.0,0,0,1.0,0.8333333333333333,0.88
volcanoes-a2,mlp-nosuite,0.9433497536945813,0.9782251496488819,1.0,1.0,0,0,1.0,1.0,,1.0,1.0,0,0,1.0,1.0,,1.0,1.0,0,0,1.0,1.0,,1.0,1.0,0,0,1.0,1.0,
volcanoes-a2,mlp-nosuite,0.9433497536945813,0.9815804504993686,1.0,1.0,0,0,1.0,1.0,1.0,1.0,1.0,0,0,1.0,1.0,1.0,1.0,1.0,0,0,1.0,1.0,1.0,1.0,1.0,0,0,1.0,1.0,1.0
volcanoes-a2,mlp-nosuite,0.9433497536945813,0.9998506497983246,1.0,1.0,0,0,1.0,1.0,,1.0,1.0,0,0,1.0,1.0,,1.0,1.0,0,0,1.0,1.0,,1.0,1.0,0,0,1.0,1.0,
volcanoes-a2,mlp-nosuite,0.9433497536945813,0.9962046156075793,1.0,1.0,0,0,1.0,1.0,1.0,1.0,1.0,0,0,1.0,1.0,1.0,1.0,1.0,0,0,1.0,1.0,1.0,1.0,1.0,0,0,1.0,1.0,1.0
volcanoes-a2,mlp-nosuite,0.9433497536945813,0.9187588235942447,1.0,1.0,0,0,1.0,1.0,1.0,1.0,1.0,0,0,1.0,1.0,1.0,1.0,1.0,0,0,1.0,1.0,1.0,1.0,1.0,0,0,1.0,1.0,1.0
volcanoes-a2,mlp-nosuite,0.9433497536945813,0.9997999167495963,1.0,1.0,0,0,1.0,1.0,,1.0,1.0,0,0,1.0,1.0,,1.0,1.0,0,0,1.0,1.0,,1.0,1.0,0,0,1.0,1.0,
volcanoes-a2,mlp-nosuite,0.9433497536945813,0.989074460738342,1.0,1.0,0,0,1.0,1.0,1.0,1.0,1.0,0,0,1.0,1.0,1.0,1.0,1.0,0,0,1.0,1.0,1.0,1.0,1.0,0,0,1.0,1.0,1.0
volcanoes-a2,mlp-nosuite,0.9433497536945813,0.9981742330825621,1.0,1.0,0,0,1.0,1.0,1.0,1.0,1.0,0,0,1.0,1.0,1.0,1.0,1.0,0,0,1.0,1.0,1.0,1.0,1.0,0,0,1.0,1.0,1.0
volcanoes-a2,mlp-nosuite,0.9433497536945813,0.9906324637071022,1.0,1.0,0,0,1.0,1.0,1.0,1.0,1.0,0,0,1.0,1.0,1.0,1.0,1.0,0,0,1.0,1.0,1.0,1.0,1.0,0,0,1.0,1.0,1.0
volcanoes-a2,mlp-nosuite,0.9433497536945813,0.9865966469254835,1.0,1.0,0,0,1.0,1.0,,1.0,1.0,0,0,1.0,1.0,,1.0,1.0,0,0,1.0,1.0,,1.0,1.0,0,0,1.0,1.0,
volcanoes-a2,mlp-nosuite,0.9433497536945813,0.633371254134434,0.9,0.975,0,0,0.925,0.675,,0.9,0.975,0,0,0.925,0.675,,0.9,0.975,0,0,0.925,0.675,,0.9,0.975,0,0,0.925,0.675,
volcanoes-a2,mlp-nosuite,0.9433497536945813,0.9964563357624171,1.0,1.0,0,0,1.0,1.0,,1.0,1.0,0,0,1.0,1.0,,1.0,1.0,0,0,1.0,1.0,,1.0,1.0,0,0,1.0,1.0,
volcanoes-a2,mlp-nosuite,0.9433497536945813,0.8381184763763451,1.0,1.0,0,0,1.0,0.925,,1.0,1.0,0,0,1.0,0.925,,1.0,1.0,0,0,1.0,0.925,,1.0,1.0,0,0,1.0,0.925,
volcanoes-a2,mlp-nosuite,0.9433497536945813,0.67709939715083,1.0,1.0,0,0,1.0,0.7,1.0,1.0,1.0,0,0,1.0,0.7,1.0,1.0,1.0,0,0,1.0,0.7,1.0,1.0,1.0,0,0,1.0,0.7,1.0
volcanoes-a2,mlp-nosuite,0.9433497536945813,0.9996379819155685,1.0,1.0,0,0,1.0,1.0,1.0,1.0,1.0,0,0,1.0,1.0,1.0,1.0,1.0,0,0,1.0,1.0,1.0,1.0,1.0,0,0,1.0,1.0,1.0
volcanoes-a2,mlp-nosuite,0.9433497536945813,0.9953403830891304,1.0,1.0,0,0,1.0,1.0,1.0,1.0,1.0,0,0,1.0,1.0,1.0,1.0,1.0,0,0,1.0,1.0,1.0,1.0,1.0,0,0,1.0,1.0,1.0
volcanoes-a2,mlp-nosuite,0.9433497536945813,0.996003238156051,1.0,1.0,0,0,1.0,1.0,1.0,1.0,1.0,0,0,1.0,1.0,1.0,1.0,1.0,0,0,1.0,1.0,1.0,1.0,1.0,0,0,1.0,1.0,1.0
volcanoes-a2,mlp-nosuite,0.9433497536945813,0.9399723002359562,1.0,1.0,0,0,1.0,1.0,1.0,1.0,1.0,0,0,1.0,1.0,1.0,1.0,1.0,0,0,1.0,1.0,1.0,1.0,1.0,0,0,1.0,1.0,1.0
volcanoes-a2,mlp-nosuite,0.9433497536945813,0.974767025409524,1.0,1.0,0,0,1.0,0.975,,1.0,1.0,0,0,1.0,0.975,,1.0,1.0,0,0,1.0,0.975,,1.0,1.0,0,0,1.0,0.975,
volcanoes-a2,mlp-nosuite,0.9433497536945813,0.9979545825214355,1.0,1.0,0,0,1.0,1.0,1.0,1.0,1.0,0,0,1.0,1.0,1.0,1.0,1.0,0,0,1.0,1.0,1.0,1.0,1.0,0,0,1.0,1.0,1.0
volcanoes-a2,mlp-nosuite,0.9433497536945813,0.9960337181265542,1.0,1.0,0,0,1.0,1.0,1.0,1.0,1.0,0,0,1.0,1.0,1.0,1.0,1.0,0,0,1.0,1.0,1.0,1.0,1.0,0,0,1.0,1.0,1.0
volcanoes-a2,mlp-nosuite,0.9433497536945813,0.9978145903838026,1.0,1.0,0,0,1.0,1.0,,1.0,1.0,0,0,1.0,1.0,,1.0,1.0,0,0,1.0,1.0,,1.0,1.0,0,0,1.0,1.0,
volcanoes-a2,mlp-nosuite,0.9433497536945813,0.9996019014590145,1.0,1.0,0,0,1.0,1.0,1.0,1.0,1.0,0,0,1.0,1.0,1.0,1.0,1.0,0,0,1.0,1.0,1.0,1.0,1.0,0,0,1.0,1.0,1.0
volcanoes-a2,mlp-nosuite,0.9433497536945813,0.9807756265890305,1.0,1.0,0,0,1.0,0.775,1.0,1.0,1.0,0,0,1.0,0.775,1.0,1.0,1.0,0,0,1.0,0.775,1.0,1.0,1.0,0,0,1.0,0.775,1.0
volcanoes-a2,mlp-nosuite,0.9433497536945813,0.9770492593122131,1.0,1.0,0,0,1.0,1.0,1.0,1.0,1.0,0,0,1.0,1.0,1.0,1.0,1.0,0,0,1.0,1.0,1.0,1.0,1.0,0,0,1.0,1.0,1.0
volcanoes-a2,mlp-nosuite,0.9433497536945813,0.9967116059741407,1.0,1.0,0,0,1.0,1.0,1.0,1.0,1.0,0,0,1.0,1.0,1.0,1.0,1.0,0,0,1.0,1.0,1.0,1.0,1.0,0,0,1.0,1.0,1.0
volcanoes-a2,mlp-nosuite,0.9433497536945813,0.9992005875898786,1.0,1.0,0,0,1.0,1.0,,1.0,1.0,0,0,1.0,1.0,,1.0,1.0,0,0,1.0,1.0,,1.0,1.0,0,0,1.0,1.0,
volcanoes-a2,mlp-nosuite,0.9433497536945813,0.9907716147062658,1.0,1.0,0,0,1.0,1.0,1.0,1.0,1.0,0,0,1.0,1.0,1.0,1.0,1.0,0,0,1.0,1.0,1.0,1.0,1.0,0,0,1.0,1.0,1.0
volcanoes-a2,mlp-nosuite,0.9433497536945813,0.9993988936728587,1.0,1.0,0,0,1.0,0.725,1.0,1.0,1.0,0,0,1.0,0.725,1.0,1.0,1.0,0,0,1.0,0.725,1.0,1.0,1.0,0,0,1.0,0.7250000000000001,1.0
volcanoes-a2,mlp-nosuite,0.9433497536945813,0.9945112246052255,1.0,1.0,0,0,1.0,1.0,1.0,1.0,1.0,0,0,1.0,1.0,1.0,1.0,1.0,0,0,1.0,1.0,1.0,1.0,1.0,0,0,1.0,1.0,1.0
volcanoes-a2,mlp-nosuite,0.9433497536945813,0.9967629457569558,1.0,1.0,0,0,0.975,1.0,,1.0,1.0,0,0,0.975,1.0,,1.0,1.0,0,0,0.975,1.0,,1.0,1.0,0,0,0.975,1.0,
volcanoes-a2,mlp-nosuite,0.9433497536945813,0.9997756410819659,1.0,1.0,0,0,1.0,1.0,,1.0,1.0,0,0,1.0,1.0,,1.0,1.0,0,0,1.0,1.0,,1.0,1.0,0,0,1.0,1.0,
volcanoes-a2,mlp-nosuite,0.9433497536945813,0.95917891984778,1.0,1.0,0,0,1.0,1.0,,1.0,1.0,0,0,1.0,1.0,,1.0,1.0,0,0,1.0,1.0,,1.0,1.0,0,0,1.0,1.0,
volcanoes-a2,mlp-nosuite,0.9433497536945813,0.9997389252387225,1.0,1.0,0,0,1.0,1.0,,1.0,1.0,0,0,1.0,1.0,,1.0,1.0,0,0,1.0,1.0,,1.0,1.0,0,0,1.0,1.0,
volcanoes-a2,mlp-nosuite,0.9433497536945813,0.9952232981417839,1.0,1.0,0,0,1.0,0.925,1.0,1.0,1.0,0,0,1.0,0.925,1.0,1.0,1.0,0,0,1.0,0.925,1.0,1.0,1.0,0,0,1.0,0.925,1.0
volcanoes-a2,mlp-nosuite,0.9433497536945813,0.9949308525243776,1.0,1.0,0,0,1.0,1.0,,1.0,1.0,0,0,1.0,1.0,,1.0,1.0,0,0,1.0,1.0,,1.0,1.0,0,0,1.0,1.0,
volcanoes-a2,mlp-nosuite,0.9433497536945813,0.9936453478922993,1.0,1.0,0,0,1.0,1.0,,1.0,1.0,0,0,1.0,1.0,,1.0,1.0,0,0,1.0,1.0,,1.0,1.0,0,0,1.0,1.0,
volcanoes-a2,mlp-nosuite,0.9433497536945813,0.3115257813382541,0.725,0.725,0,0,0.925,0.8,0.925,0.725,0.725,0,0,0.925,0.8,0.925,0.725,0.725,0,0,0.925,0.8,0.925,0.7250000000000001,0.7250000000000001,0,0,0.925,0.8000000000000002,0.925
volcanoes-a2,mlp-nosuite,0.9433497536945813,0.9991626112019232,1.0,1.0,0,0,1.0,1.0,,1.0,1.0,0,0,1.0,1.0,,1.0,1.0,0,0,1.0,1.0,,1.0,1.0,0,0,1.0,1.0,
volcanoes-a2,mlp-nosuite,0.9433497536945813,0.9260206381917542,1.0,1.0,0,0,1.0,0.875,,1.0,1.0,0,0,1.0,0.875,,1.0,1.0,0,0,1.0,0.875,,1.0,1.0,0,0,1.0,0.875,
volcanoes-a2,mlp-nosuite,0.9433497536945813,0.999040609600252,1.0,1.0,0,0,1.0,1.0,,1.0,1.0,0,0,1.0,1.0,,1.0,1.0,0,0,1.0,1.0,,1.0,1.0,0,0,1.0,1.0,
volcanoes-a2,mlp-nosuite,0.9433497536945813,0.994854503114586,1.0,1.0,0,0,1.0,1.0,1.0,1.0,1.0,0,0,1.0,1.0,1.0,1.0,1.0,0,0,1.0,1.0,1.0,1.0,1.0,0,0,1.0,1.0,1.0
volcanoes-a2,mlp-nosuite,0.9433497536945813,0.9788847631133493,1.0,1.0,0,0,1.0,1.0,1.0,1.0,1.0,0,0,1.0,1.0,1.0,1.0,1.0,0,0,1.0,1.0,1.0,1.0,1.0,0,0,1.0,1.0,1.0
volcanoes-a2,mlp-nosuite,0.9433497536945813,0.9980893903223783,1.0,1.0,0,0,1.0,1.0,,1.0,1.0,0,0,1.0,1.0,,1.0,1.0,0,0,1.0,1.0,,1.0,1.0,0,0,1.0,1.0,
volcanoes-a2,mlp-nosuite,0.9433497536945813,0.9998837209201417,1.0,1.0,0,0,1.0,1.0,1.0,1.0,1.0,0,0,1.0,1.0,1.0,1.0,1.0,0,0,1.0,1.0,1.0,1.0,1.0,0,0,1.0,1.0,1.0
volcanoes-a2,mlp-nosuite,0.9433497536945813,0.2728039328296244,0.725,0.85,0,0,0.875,0.775,0.9,0.725,0.85,0,0,0.875,0.775,0.9,0.725,0.85,0,0,0.875,0.775,0.9,0.7250000000000001,0.85,0,0,0.875,0.775,0.9
volcanoes-a2,mlp-nosuite,0.9433497536945813,0.9981909648325273,1.0,1.0,0,0,1.0,1.0,,1.0,1.0,0,0,1.0,1.0,,1.0,1.0,0,0,1.0,1.0,,1.0,1.0,0,0,1.0,1.0,
volcanoes-a2,mlp-nosuite,0.9433497536945813,0.8947264005783525,1.0,1.0,0,0,1.0,0.975,1.0,1.0,1.0,0,0,1.0,0.975,1.0,1.0,1.0,0,0,1.0,0.975,1.0,1.0,1.0,0,0,1.0,0.975,1.0
volcanoes-a2,mlp-nosuite,0.9433497536945813,0.9929508336729344,1.0,1.0,0,0,1.0,1.0,1.0,1.0,1.0,0,0,1.0,1.0,1.0,1.0,1.0,0,0,1.0,1.0,1.0,1.0,1.0,0,0,1.0,1.0,1.0
volcanoes-a2,mlp-nosuite,0.9433497536945813,0.9477544368743355,1.0,1.0,0,0,1.0,1.0,1.0,1.0,1.0,0,0,1.0,1.0,1.0,1.0,1.0,0,0,1.0,1.0,1.0,1.0,1.0,0,0,1.0,1.0,1.0
volcanoes-a3,mlp-nosuite,0.9028871391076115,0.7563212533966024,0.9736842105263158,0.9473684210526315,0,0,0.9736842105263158,0.7894736842105263,,0.9736842105263158,0.9473684210526315,0,0,0.9736842105263158,0.7894736842105263,,0.9736842105263158,0.9473684210526315,0,0,0.9736842105263158,0.7894736842105263,,0.9736842105263158,0.9473684210526315,0,0,0.9736842105263158,0.7894736842105263,
volcanoes-a3,mlp-nosuite,0.9028871391076115,0.9750776702663615,1.0,1.0,0,0,1.0,1.0,1.0,1.0,1.0,0,0,1.0,1.0,1.0,1.0,1.0,0,0,1.0,1.0,1.0,1.0,1.0,0,0,1.0,1.0,1.0
volcanoes-a3,mlp-nosuite,0.9028871391076115,0.3496253328195154,0.9210526315789473,0.8947368421052632,0,0,0.8947368421052632,0.868421052631579,,0.9210526315789473,0.8947368421052632,0,0,0.8947368421052632,0.868421052631579,,0.9210526315789473,0.8947368421052632,0,0,0.8947368421052632,0.868421052631579,,0.9210526315789473,0.8947368421052632,0,0,0.8947368421052632,0.868421052631579,
volcanoes-a3,mlp-nosuite,0.9028871391076115,0.9985746659744257,1.0,1.0,0,0,1.0,1.0,,1.0,1.0,0,0,1.0,1.0,,1.0,1.0,0,0,1.0,1.0,,1.0,1.0,0,0,1.0,1.0,
volcanoes-a3,mlp-nosuite,0.9028871391076115,0.9995681742965264,1.0,1.0,0,0,1.0,0.9736842105263158,,1.0,1.0,0,0,1.0,0.9736842105263158,,1.0,1.0,0,0,1.0,0.9736842105263158,,1.0,1.0,0,0,1.0,0.9736842105263158,
volcanoes-a3,mlp-nosuite,0.9028871391076115,0.9949454596316676,1.0,1.0,0,0,1.0,1.0,1.0,1.0,1.0,0,0,1.0,1.0,1.0,1.0,1.0,0,0,1.0,1.0,1.0,1.0,1.0,0,0,1.0,1.0,1.0
volcanoes-a3,mlp-nosuite,0.9028871391076115,0.9771246664948525,1.0,1.0,0,0,1.0,0.9473684210526315,1.0,1.0,1.0,0,0,1.0,0.9473684210526315,1.0,1.0,1.0,0,0,1.0,0.9473684210526315,1.0,1.0,1.0,0,0,1.0,0.9473684210526315,1.0
volcanoes-a3,mlp-nosuite,0.9028871391076115,0.9959797531475649,1.0,1.0,0,0,1.0,1.0,1.0,1.0,1.0,0,0,1.0,1.0,1.0,1.0,1.0,0,0,1.0,1.0,1.0,1.0,1.0,0,0,1.0,1.0,1.0
volcanoes-a3,mlp-nosuite,0.9028871391076115,0.9690080778245048,1.0,1.0,0,0,1.0,0.8421052631578947,1.0,1.0,1.0,0,0,1.0,0.8421052631578947,1.0,1.0,1.0,0,0,1.0,0.8421052631578947,1.0,1.0,1.0,0,0,1.0,0.8421052631578947,1.0
volcanoes-a3,mlp-nosuite,0.9028871391076115,0.9892662101381365,1.0,1.0,0,0,1.0,0.9210526315789473,1.0,1.0,1.0,0,0,1.0,0.9210526315789473,1.0,1.0,1.0,0,0,1.0,0.9210526315789473,1.0,1.0,1.0,0,0,1.0,0.9210526315789473,1.0
volcanoes-a3,mlp-nosuite,0.9028871391076115,0.9939452190236018,1.0,1.0,0,0,1.0,1.0,1.0,1.0,1.0,0,0,1.0,1.0,1.0,1.0,1.0,0,0,1.0,1.0,1.0,1.0,1.0,0,0,1.0,1.0,1.0
volcanoes-a3,mlp-nosuite,0.9028871391076115,0.6313906734607525,0.9736842105263158,0.9736842105263158,0,0,1.0,1.0,1.0,0.9736842105263158,0.9736842105263158,0,0,1.0,1.0,1.0,0.9736842105263158,0.9736842105263158,0,0,1.0,1.0,1.0,0.9736842105263158,0.9736842105263158,0,0,1.0,1.0,1.0
volcanoes-a3,mlp-nosuite,0.9028871391076115,0.9169104246764908,1.0,1.0,0,0,1.0,1.0,,1.0,1.0,0,0,1.0,1.0,,1.0,1.0,0,0,1.0,1.0,,1.0,1.0,0,0,1.0,1.0,
volcanoes-a3,mlp-nosuite,0.9028871391076115,0.6264534726696457,0.9736842105263158,0.9736842105263158,0,0,0.9210526315789473,0.9210526315789473,,0.9736842105263158,0.9736842105263158,0,0,0.9210526315789473,0.9210526315789473,,0.9736842105263158,0.9736842105263158,0,0,0.9210526315789473,0.9210526315789473,,0.9736842105263158,0.9736842105263158,0,0,0.9210526315789473,0.9210526315789473,
volcanoes-a3,mlp-nosuite,0.9028871391076115,0.8932748151892194,1.0,1.0,0,0,1.0,1.0,,1.0,1.0,0,0,1.0,1.0,,1.0,1.0,0,0,1.0,1.0,,1.0,1.0,0,0,1.0,1.0,
volcanoes-a3,mlp-nosuite,0.9028871391076115,0.9591714735520005,1.0,1.0,0,0,1.0,1.0,1.0,1.0,1.0,0,0,1.0,1.0,1.0,1.0,1.0,0,0,1.0,1.0,1.0,1.0,1.0,0,0,1.0,1.0,1.0
volcanoes-a3,mlp-nosuite,0.9028871391076115,0.9719715008293233,1.0,1.0,0,0,1.0,1.0,1.0,1.0,1.0,0,0,1.0,1.0,1.0,1.0,1.0,0,0,1.0,1.0,1.0,1.0,1.0,0,0,1.0,1.0,1.0
volcanoes-a3,mlp-nosuite,0.9028871391076115,0.9955350684177163,1.0,1.0,0,0,1.0,1.0,1.0,1.0,1.0,0,0,1.0,1.0,1.0,1.0,1.0,0,0,1.0,1.0,1.0,1.0,1.0,0,0,1.0,1.0,1.0
volcanoes-a3,mlp-nosuite,0.9028871391076115,0.9922723923477218,1.0,1.0,0,0,1.0,1.0,,1.0,1.0,0,0,1.0,1.0,,1.0,1.0,0,0,1.0,1.0,,1.0,1.0,0,0,1.0,1.0,
volcanoes-a3,mlp-nosuite,0.9028871391076115,0.9876807913273024,1.0,1.0,0,0,1.0,1.0,1.0,1.0,1.0,0,0,1.0,1.0,1.0,1.0,1.0,0,0,1.0,1.0,1.0,1.0,1.0,0,0,1.0,1.0,1.0
volcanoes-a3,mlp-nosuite,0.9028871391076115,0.9977777893364496,1.0,1.0,0,0,1.0,1.0,1.0,1.0,1.0,0,0,1.0,1.0,1.0,1.0,1.0,0,0,1.0,1.0,1.0,1.0,1.0,0,0,1.0,1.0,1.0
volcanoes-a3,mlp-nosuite,0.9028871391076115,0.8811733817087293,1.0,1.0,0,0,1.0,1.0,1.0,1.0,1.0,0,0,1.0,1.0,1.0,1.0,1.0,0,0,1.0,1.0,1.0,1.0,1.0,0,0,1.0,1.0,1.0
volcanoes-a3,mlp-nosuite,0.9028871391076115,0.9871155093247405,1.0,1.0,0,0,1.0,1.0,1.0,1.0,1.0,0,0,1.0,1.0,1.0,1.0,1.0,0,0,1.0,1.0,1.0,1.0,1.0,0,0,1.0,1.0,1.0
volcanoes-a3,mlp-nosuite,0.9028871391076115,0.5888976016599845,1.0,1.0,0,0,0.9736842105263158,1.0,,1.0,1.0,0,0,0.9736842105263158,1.0,,1.0,1.0,0,0,0.9736842105263158,1.0,,1.0,1.0,0,0,0.9736842105263158,1.0,
volcanoes-a3,mlp-nosuite,0.9028871391076115,0.9957176445447736,1.0,1.0,0,0,1.0,1.0,,1.0,1.0,0,0,1.0,1.0,,1.0,1.0,0,0,1.0,1.0,,1.0,1.0,0,0,1.0,1.0,
volcanoes-a3,mlp-nosuite,0.9028871391076115,0.9954693050519018,1.0,1.0,0,0,1.0,1.0,1.0,1.0,1.0,0,0,1.0,1.0,1.0,1.0,1.0,0,0,1.0,1.0,1.0,1.0,1.0,0,0,1.0,1.0,1.0
volcanoes-a3,mlp-nosuite,0.9028871391076115,0.8284062829710597,1.0,1.0,0,0,1.0,1.0,1.0,1.0,1.0,0,0,1.0,1.0,1.0,1.0,1.0,0,0,1.0,1.0,1.0,1.0,1.0,0,0,1.0,1.0,1.0
volcanoes-a3,mlp-nosuite,0.9028871391076115,0.9980306295055987,1.0,1.0,0,0,1.0,1.0,,1.0,1.0,0,0,1.0,1.0,,1.0,1.0,0,0,1.0,1.0,,1.0,1.0,0,0,1.0,1.0,
volcanoes-a3,mlp-nosuite,0.9028871391076115,0.9980294072868596,1.0,1.0,0,0,1.0,1.0,1.0,1.0,1.0,0,0,1.0,1.0,1.0,1.0,1.0,0,0,1.0,1.0,1.0,1.0,1.0,0,0,1.0,1.0,1.0
volcanoes-a3,mlp-nosuite,0.9028871391076115,0.9984371970054886,1.0,1.0,0,0,1.0,1.0,1.0,1.0,1.0,0,0,1.0,1.0,1.0,1.0,1.0,0,0,1.0,1.0,1.0,1.0,1.0,0,0,1.0,1.0,1.0
volcanoes-a3,mlp-nosuite,0.9028871391076115,0.9994733913511901,1.0,1.0,0,0,1.0,1.0,1.0,1.0,1.0,0,0,1.0,1.0,1.0,1.0,1.0,0,0,1.0,1.0,1.0,1.0,1.0,0,0,1.0,1.0,1.0
volcanoes-a3,mlp-nosuite,0.9028871391076115,0.9959888211728462,1.0,1.0,0,0,1.0,0.9736842105263158,1.0,1.0,1.0,0,0,1.0,0.9736842105263158,1.0,1.0,1.0,0,0,1.0,0.9736842105263158,1.0,1.0,1.0,0,0,1.0,0.9736842105263158,1.0
volcanoes-a3,mlp-nosuite,0.9028871391076115,0.7993785073995411,1.0,1.0,0,0,0.9736842105263158,1.0,,1.0,1.0,0,0,0.9736842105263158,1.0,,1.0,1.0,0,0,0.9736842105263158,1.0,,1.0,1.0,0,0,0.9736842105263158,1.0,
volcanoes-a3,mlp-nosuite,0.9028871391076115,0.980845019111347,1.0,1.0,0,0,1.0,1.0,1.0,1.0,1.0,0,0,1.0,1.0,1.0,1.0,1.0,0,0,1.0,1.0,1.0,1.0,1.0,0,0,1.0,1.0,1.0
volcanoes-a3,mlp-nosuite,0.9028871391076115,0.9996341633709566,1.0,1.0,0,0,1.0,1.0,,1.0,1.0,0,0,1.0,1.0,,1.0,1.0,0,0,1.0,1.0,,1.0,1.0,0,0,1.0,1.0,
volcanoes-a3,mlp-nosuite,0.9028871391076115,0.8715717713086881,1.0,1.0,0,0,1.0,0.9210526315789473,1.0,1.0,1.0,0,0,1.0,0.9210526315789473,1.0,1.0,1.0,0,0,1.0,0.9210526315789473,1.0,1.0,1.0,0,0,1.0,0.9210526315789473,1.0
volcanoes-a3,mlp-nosuite,0.9028871391076115,0.94351585572234,1.0,1.0,0,0,1.0,1.0,1.0,1.0,1.0,0,0,1.0,1.0,1.0,1.0,1.0,0,0,1.0,1.0,1.0,1.0,1.0,0,0,1.0,1.0,1.0
volcanoes-a3,mlp-nosuite,0.9028871391076115,0.9925145157060258,1.0,1.0,0,0,1.0,1.0,1.0,1.0,1.0,0,0,1.0,1.0,1.0,1.0,1.0,0,0,1.0,1.0,1.0,1.0,1.0,0,0,1.0,1.0,1.0
volcanoes-a3,mlp-nosuite,0.9028871391076115,0.7451412352749462,1.0,1.0,0,0,1.0,0.9736842105263158,,1.0,1.0,0,0,1.0,0.9736842105263158,,1.0,1.0,0,0,1.0,0.9736842105263158,,1.0,1.0,0,0,1.0,0.9736842105263158,
volcanoes-a3,mlp-nosuite,0.9028871391076115,0.9948759015605063,1.0,1.0,0,0,1.0,1.0,,1.0,1.0,0,0,1.0,1.0,,1.0,1.0,0,0,1.0,1.0,,1.0,1.0,0,0,1.0,1.0,
volcanoes-a3,mlp-nosuite,0.9028871391076115,0.9980710471788452,1.0,1.0,0,0,1.0,1.0,1.0,1.0,1.0,0,0,1.0,1.0,1.0,1.0,1.0,0,0,1.0,1.0,1.0,1.0,1.0,0,0,1.0,1.0,1.0
volcanoes-a3,mlp-nosuite,0.9028871391076115,0.3733548049251307,0.8157894736842105,0.6842105263157895,0,0,0.7631578947368421,0.8157894736842105,0.7631578947368421,0.8157894736842105,0.6842105263157895,0,0,0.7631578947368421,0.8157894736842105,0.7631578947368421,0.8157894736842105,0.6842105263157895,0,0,0.7631578947368421,0.8157894736842105,0.7631578947368421,0.8157894736842104,0.6842105263157895,0,0,0.7631578947368421,0.8157894736842104,0.7631578947368421
volcanoes-a3,mlp-nosuite,0.9028871391076115,0.996123193056777,1.0,1.0,0,0,1.0,1.0,1.0,1.0,1.0,0,0,1.0,1.0,1.0,1.0,1.0,0,0,1.0,1.0,1.0,1.0,1.0,0,0,1.0,1.0,1.0
volcanoes-a3,mlp-nosuite,0.9028871391076115,0.9984817514019426,1.0,1.0,0,0,1.0,0.7894736842105263,,1.0,1.0,0,0,1.0,0.7894736842105263,,1.0,1.0,0,0,1.0,0.7894736842105263,,1.0,1.0,0,0,1.0,0.7894736842105263,
volcanoes-a3,mlp-nosuite,0.9028871391076115,0.9643796453109553,1.0,1.0,0,0,1.0,0.9473684210526315,1.0,1.0,1.0,0,0,1.0,0.9473684210526315,1.0,1.0,1.0,0,0,1.0,0.9473684210526315,1.0,1.0,1.0,0,0,1.0,0.9473684210526315,1.0
volcanoes-a3,mlp-nosuite,0.9028871391076115,0.9972305584462509,1.0,1.0,0,0,1.0,1.0,,1.0,1.0,0,0,1.0,1.0,,1.0,1.0,0,0,1.0,1.0,,1.0,1.0,0,0,1.0,1.0,
volcanoes-a3,mlp-nosuite,0.9028871391076115,0.9894640972982238,1.0,1.0,0,0,1.0,1.0,1.0,1.0,1.0,0,0,1.0,1.0,1.0,1.0,1.0,0,0,1.0,1.0,1.0,1.0,1.0,0,0,1.0,1.0,1.0
volcanoes-a3,mlp-nosuite,0.9028871391076115,0.9942036378166053,1.0,1.0,0,0,1.0,0.5789473684210527,1.0,1.0,1.0,0,0,1.0,0.5789473684210527,1.0,1.0,1.0,0,0,1.0,0.5789473684210527,1.0,1.0,1.0,0,0,1.0,0.5789473684210527,1.0
volcanoes-a3,mlp-nosuite,0.9028871391076115,0.9986474951989138,1.0,1.0,0,0,1.0,1.0,,1.0,1.0,0,0,1.0,1.0,,1.0,1.0,0,0,1.0,1.0,,1.0,1.0,0,0,1.0,1.0,
volcanoes-a3,mlp-nosuite,0.9028871391076115,0.9888018631767314,1.0,1.0,0,0,1.0,1.0,,1.0,1.0,0,0,1.0,1.0,,1.0,1.0,0,0,1.0,1.0,,1.0,1.0,0,0,1.0,1.0,
volcanoes-a4,mlp-nosuite,0.9076517150395779,0.9982237351622875,1.0,1.0,0,0,1.0,0.7567567567567568,1.0,1.0,1.0,0,0,1.0,0.7567567567567568,1.0,1.0,1.0,0,0,1.0,0.7567567567567568,1.0,1.0,1.0,0,0,1.0,0.7567567567567567,1.0
volcanoes-a4,mlp-nosuite,0.9076517150395779,0.9868592422134926,1.0,1.0,0,0,1.0,1.0,,1.0,1.0,0,0,1.0,1.0,,1.0,1.0,0,0,1.0,1.0,,1.0,1.0,0,0,1.0,1.0,
volcanoes-a4,mlp-nosuite,0.9076517150395779,0.9793692092636617,1.0,1.0,0,0,1.0,1.0,1.0,1.0,1.0,0,0,1.0,1.0,1.0,1.0,1.0,0,0,1.0,1.0,1.0,1.0,1.0,0,0,1.0,1.0,1.0
volcanoes-a4,mlp-nosuite,0.9076517150395779,0.9925492927228277,1.0,1.0,0,0,1.0,,,1.0,1.0,0,0,1.0,,,1.0,1.0,0,0,1.0,,,1.0,1.0,0,0,1.0,,
volcanoes-a4,mlp-nosuite,0.9076517150395779,0.38711613432357367,0.8918918918918919,0.972972972972973,0,0,0.8648648648648649,0.7027027027027027,0.43243243243243246,0.8918918918918919,0.972972972972973,0,0,0.8648648648648649,0.7027027027027027,0.43243243243243246,0.8918918918918919,0.972972972972973,0,0,0.8648648648648649,0.7027027027027027,0.43243243243243246,0.8918918918918919,0.972972972972973,0,0,0.8648648648648649,0.7027027027027027,0.43243243243243246
volcanoes-a4,mlp-nosuite,0.9076517150395779,0.9905117656786773,1.0,1.0,0,0,1.0,1.0,1.0,1.0,1.0,0,0,1.0,1.0,1.0,1.0,1.0,0,0,1.0,1.0,1.0,1.0,1.0,0,0,1.0,1.0,1.0
volcanoes-a4,mlp-nosuite,0.9076517150395779,0.9017625557090915,0.972972972972973,1.0,0,0,1.0,0.8108108108108109,1.0,0.972972972972973,1.0,0,0,1.0,0.8108108108108109,1.0,0.972972972972973,1.0,0,0,1.0,0.8108108108108109,1.0,0.972972972972973,1.0,0,0,1.0,0.8108108108108109,1.0
volcanoes-a4,mlp-nosuite,0.9076517150395779,0.9605955433718233,1.0,1.0,0,0,1.0,1.0,1.0,1.0,1.0,0,0,1.0,1.0,1.0,1.0,1.0,0,0,1.0,1.0,1.0,1.0,1.0,0,0,1.0,1.0,1.0
volcanoes-a4,mlp-nosuite,0.9076517150395779,0.9766038332620056,1.0,1.0,0,0,1.0,1.0,1.0,1.0,1.0,0,0,1.0,1.0,1.0,1.0,1.0,0,0,1.0,1.0,1.0,1.0,1.0,0,0,1.0,1.0,1.0
volcanoes-a4,mlp-nosuite,0.9076517150395779,0.9990170662436518,1.0,1.0,0,0,1.0,1.0,,1.0,1.0,0,0,1.0,1.0,,1.0,1.0,0,0,1.0,1.0,,1.0,1.0,0,0,1.0,1.0,
volcanoes-a4,mlp-nosuite,0.9076517150395779,0.9941668574049716,1.0,1.0,0,0,1.0,1.0,,1.0,1.0,0,0,1.0,1.0,,1.0,1.0,0,0,1.0,1.0,,1.0,1.0,0,0,1.0,1.0,
volcanoes-a4,mlp-nosuite,0.9076517150395779,0.9965173020455977,1.0,1.0,0,0,1.0,1.0,,1.0,1.0,0,0,1.0,1.0,,1.0,1.0,0,0,1.0,1.0,,1.0,1.0,0,0,1.0,1.0,
volcanoes-a4,mlp-nosuite,0.9076517150395779,0.9976893068999575,1.0,1.0,0,0,1.0,1.0,1.0,1.0,1.0,0,0,1.0,1.0,1.0,1.0,1.0,0,0,1.0,1.0,1.0,1.0,1.0,0,0,1.0,1.0,1.0
volcanoes-a4,mlp-nosuite,0.9076517150395779,0.9942945628385534,1.0,1.0,0,0,1.0,1.0,,1.0,1.0,0,0,1.0,1.0,,1.0,1.0,0,0,1.0,1.0,,1.0,1.0,0,0,1.0,1.0,
volcanoes-a4,mlp-nosuite,0.9076517150395779,0.9935330330398007,1.0,1.0,0,0,1.0,1.0,1.0,1.0,1.0,0,0,1.0,1.0,1.0,1.0,1.0,0,0,1.0,1.0,1.0,1.0,1.0,0,0,1.0,1.0,1.0
volcanoes-a4,mlp-nosuite,0.9076517150395779,0.9978857074854071,1.0,1.0,0,0,1.0,1.0,1.0,1.0,1.0,0,0,1.0,1.0,1.0,1.0,1.0,0,0,1.0,1.0,1.0,1.0,1.0,0,0,1.0,1.0,1.0
volcanoes-a4,mlp-nosuite,0.9076517150395779,0.997795538096774,1.0,1.0,0,0,1.0,0.4864864864864865,,1.0,1.0,0,0,1.0,0.4864864864864865,,1.0,1.0,0,0,1.0,0.4864864864864865,,1.0,1.0,0,0,1.0,0.4864864864864865,
volcanoes-a4,mlp-nosuite,0.9076517150395779,0.9874586337872647,1.0,1.0,0,0,1.0,1.0,,1.0,1.0,0,0,1.0,1.0,,1.0,1.0,0,0,1.0,1.0,,1.0,1.0,0,0,1.0,1.0,
volcanoes-a4,mlp-nosuite,0.9076517150395779,0.985457208703564,1.0,1.0,0,0,1.0,1.0,1.0,1.0,1.0,0,0,1.0,1.0,1.0,1.0,1.0,0,0,1.0,1.0,1.0,1.0,1.0,0,0,1.0,1.0,1.0
volcanoes-a4,mlp-nosuite,0.9076517150395779,0.9899449317054138,1.0,1.0,0,0,1.0,0.7837837837837838,,1.0,1.0,0,0,1.0,0.7837837837837838,,1.0,1.0,0,0,1.0,0.7837837837837838,,1.0,1.0,0,0,1.0,0.7837837837837838,
volcanoes-a4,mlp-nosuite,0.9076517150395779,0.43250291313523914,0.8918918918918919,0.8648648648648649,0,0,0.7297297297297297,0.8378378378378378,0.8918918918918919,0.8918918918918919,0.8648648648648649,0,0,0.7297297297297297,0.8378378378378378,0.8918918918918919,0.8918918918918919,0.8648648648648649,0,0,0.7297297297297297,0.8378378378378378,0.8918918918918919,0.8918918918918919,0.8648648648648649,0,0,0.7297297297297297,0.8378378378378378,0.8918918918918919
volcanoes-a4,mlp-nosuite,0.9076517150395779,0.995872538588616,1.0,1.0,0,0,1.0,1.0,,1.0,1.0,0,0,1.0,1.0,,1.0,1.0,0,0,1.0,1.0,,1.0,1.0,0,0,1.0,1.0,
volcanoes-a4,mlp-nosuite,0.9076517150395779,0.9968118560076695,1.0,1.0,0,0,1.0,1.0,,1.0,1.0,0,0,1.0,1.0,,1.0,1.0,0,0,1.0,1.0,,1.0,1.0,0,0,1.0,1.0,
volcanoes-a4,mlp-nosuite,0.9076517150395779,0.5963894227556987,0.972972972972973,0.972972972972973,0,0,0.9459459459459459,0.7837837837837838,0.9459459459459459,0.972972972972973,0.972972972972973,0,0,0.9459459459459459,0.7837837837837838,0.9459459459459459,0.972972972972973,0.972972972972973,0,0,0.9459459459459459,0.7837837837837838,0.9459459459459459,0.972972972972973,0.972972972972973,0,0,0.9459459459459459,0.7837837837837838,0.9459459459459459
volcanoes-a4,mlp-nosuite,0.9076517150395779,0.9900739926608774,1.0,1.0,0,0,1.0,1.0,,1.0,1.0,0,0,1.0,1.0,,1.0,1.0,0,0,1.0,1.0,,1.0,1.0,0,0,1.0,1.0,
volcanoes-a4,mlp-nosuite,0.9076517150395779,0.990863310025264,1.0,1.0,0,0,1.0,1.0,,1.0,1.0,0,0,1.0,1.0,,1.0,1.0,0,0,1.0,1.0,,1.0,1.0,0,0,1.0,1.0,
volcanoes-a4,mlp-nosuite,0.9076517150395779,0.9704753926245728,1.0,1.0,0,0,1.0,1.0,1.0,1.0,1.0,0,0,1.0,1.0,1.0,1.0,1.0,0,0,1.0,1.0,1.0,1.0,1.0,0,0,1.0,1.0,1.0
volcanoes-a4,mlp-nosuite,0.9076517150395779,0.9963477722955534,1.0,1.0,0,0,1.0,1.0,,1.0,1.0,0,0,1.0,1.0,,1.0,1.0,0,0,1.0,1.0,,1.0,1.0,0,0,1.0,1.0,
volcanoes-a4,mlp-nosuite,0.9076517150395779,0.9603807830492438,1.0,1.0,0,0,1.0,1.0,,1.0,1.0,0,0,1.0,1.0,,1.0,1.0,0,0,1.0,1.0,,1.0,1.0,0,0,1.0,1.0,
volcanoes-a4,mlp-nosuite,0.9076517150395779,0.9908337864124289,1.0,1.0,0,0,1.0,1.0,1.0,1.0,1.0,0,0,1.0,1.0,1.0,1.0,1.0,0,0,1.0,1.0,1.0,1.0,1.0,0,0,1.0,1.0,1.0
volcanoes-a4,mlp-nosuite,0.9076517150395779,0.774236131838462,1.0,1.0,0,0,1.0,1.0,1.0,1.0,1.0,0,0,1.0,1.0,1.0,1.0,1.0,0,0,1.0,1.0,1.0,1.0,1.0,0,0,1.0,1.0,1.0
volcanoes-a4,mlp-nosuite,0.9076517150395779,0.954364802516309,1.0,1.0,0,0,1.0,1.0,1.0,1.0,1.0,0,0,1.0,1.0,1.0,1.0,1.0,0,0,1.0,1.0,1.0,1.0,1.0,0,0,1.0,1.0,1.0
volcanoes-a4,mlp-nosuite,0.9076517150395779,0.28854993984188754,0.918918918918919,0.9459459459459459,0,0,0.8648648648648649,0.8648648648648649,0.8918918918918919,0.918918918918919,0.9459459459459459,0,0,0.8648648648648649,0.8648648648648649,0.8918918918918919,0.918918918918919,0.9459459459459459,0,0,0.8648648648648649,0.8648648648648649,0.8918918918918919,0.918918918918919,0.9459459459459459,0,0,0.8648648648648649,0.8648648648648649,0.8918918918918919
volcanoes-a4,mlp-nosuite,0.9076517150395779,0.9623188095561716,1.0,1.0,0,0,1.0,,,1.0,1.0,0,0,1.0,,,1.0,1.0,0,0,1.0,,,1.0,1.0,0,0,1.0,,
volcanoes-a4,mlp-nosuite,0.9076517150395779,0.9919798137016846,1.0,1.0,0,0,1.0,0.918918918918919,,1.0,1.0,0,0,1.0,0.918918918918919,,1.0,1.0,0,0,1.0,0.918918918918919,,1.0,1.0,0,0,1.0,0.918918918918919,
volcanoes-a4,mlp-nosuite,0.9076517150395779,0.9959039504815115,1.0,1.0,0,0,1.0,1.0,1.0,1.0,1.0,0,0,1.0,1.0,1.0,1.0,1.0,0,0,1.0,1.0,1.0,1.0,1.0,0,0,1.0,1.0,1.0
volcanoes-a4,mlp-nosuite,0.9076517150395779,0.9345278819478242,1.0,1.0,0,0,1.0,1.0,,1.0,1.0,0,0,1.0,1.0,,1.0,1.0,0,0,1.0,1.0,,1.0,1.0,0,0,1.0,1.0,
volcanoes-a4,mlp-nosuite,0.9076517150395779,0.9890613977648739,1.0,1.0,0,0,1.0,1.0,1.0,1.0,1.0,0,0,1.0,1.0,1.0,1.0,1.0,0,0,1.0,1.0,1.0,1.0,1.0,0,0,1.0,1.0,1.0
volcanoes-a4,mlp-nosuite,0.9076517150395779,0.5472253447623249,0.972972972972973,1.0,0,0,0.972972972972973,0.8108108108108109,0.972972972972973,0.972972972972973,1.0,0,0,0.972972972972973,0.8108108108108109,0.972972972972973,0.972972972972973,1.0,0,0,0.972972972972973,0.8108108108108109,0.972972972972973,0.972972972972973,1.0,0,0,0.972972972972973,0.8108108108108109,0.972972972972973
volcanoes-a4,mlp-nosuite,0.9076517150395779,0.9386934105537443,1.0,1.0,0,0,1.0,1.0,1.0,1.0,1.0,0,0,1.0,1.0,1.0,1.0,1.0,0,0,1.0,1.0,1.0,1.0,1.0,0,0,1.0,1.0,1.0
volcanoes-a4,mlp-nosuite,0.9076517150395779,0.9836638498042811,1.0,1.0,0,0,1.0,1.0,,1.0,1.0,0,0,1.0,1.0,,1.0,1.0,0,0,1.0,1.0,,1.0,1.0,0,0,1.0,1.0,
volcanoes-a4,mlp-nosuite,0.9076517150395779,0.9782460398911869,1.0,1.0,0,0,1.0,0.9459459459459459,,1.0,1.0,0,0,1.0,0.9459459459459459,,1.0,1.0,0,0,1.0,0.9459459459459459,,1.0,1.0,0,0,1.0,0.9459459459459459,
volcanoes-a4,mlp-nosuite,0.9076517150395779,0.9847599639867182,1.0,1.0,0,0,1.0,1.0,1.0,1.0,1.0,0,0,1.0,1.0,1.0,1.0,1.0,0,0,1.0,1.0,1.0,1.0,1.0,0,0,1.0,1.0,1.0
volcanoes-a4,mlp-nosuite,0.9076517150395779,0.968794620602702,1.0,1.0,0,0,1.0,0.8918918918918919,1.0,1.0,1.0,0,0,1.0,0.8918918918918919,1.0,1.0,1.0,0,0,1.0,0.8918918918918919,1.0,1.0,1.0,0,0,1.0,0.8918918918918919,1.0
volcanoes-a4,mlp-nosuite,0.9076517150395779,0.9814658422255714,1.0,1.0,0,0,1.0,1.0,1.0,1.0,1.0,0,0,1.0,1.0,1.0,1.0,1.0,0,0,1.0,1.0,1.0,1.0,1.0,0,0,1.0,1.0,1.0
volcanoes-a4,mlp-nosuite,0.9076517150395779,0.8884998423999334,1.0,1.0,0,0,1.0,1.0,1.0,1.0,1.0,0,0,1.0,1.0,1.0,1.0,1.0,0,0,1.0,1.0,1.0,1.0,1.0,0,0,1.0,1.0,1.0
volcanoes-a4,mlp-nosuite,0.9076517150395779,0.9974520747877116,1.0,1.0,0,0,1.0,,1.0,1.0,1.0,0,0,1.0,,1.0,1.0,1.0,0,0,1.0,,1.0,1.0,1.0,0,0,1.0,,1.0
yeast,mlp-nosuite,0.6172506738544474,0.7059430427120151,0.8378378378378378,0.8108108108108109,0,0,0.7837837837837838,,0.7297297297297297,0.8378378378378378,0.8108108108108109,0,0,0.7837837837837838,,0.7297297297297297,0.8378378378378378,0.8108108108108109,0,0,0.7837837837837838,,0.7297297297297297,0.8378378378378378,0.8108108108108109,0,0,0.7837837837837838,,0.7297297297297297
yeast,mlp-nosuite,0.6172506738544474,0.854184224069063,0.972972972972973,0.972972972972973,0,0,0.9459459459459459,0.918918918918919,0.918918918918919,0.972972972972973,0.972972972972973,0,0,0.9459459459459459,0.918918918918919,0.918918918918919,0.972972972972973,0.972972972972973,0,0,0.9459459459459459,0.918918918918919,0.918918918918919,0.972972972972973,0.972972972972973,0,0,0.9459459459459459,0.918918918918919,0.918918918918919
yeast,mlp-nosuite,0.6172506738544474,0.7687061589797701,0.8648648648648649,0.8648648648648649,0,0,0.6756756756756757,,0.9459459459459459,0.8648648648648649,0.8648648648648649,0,0,0.6756756756756757,,0.9459459459459459,0.8648648648648649,0.8648648648648649,0,0,0.6756756756756757,,0.9459459459459459,0.8648648648648649,0.8648648648648649,0,0,0.6756756756756757,,0.9459459459459459
yeast,mlp-nosuite,0.6172506738544474,0.8153871353725672,0.918918918918919,0.972972972972973,0,0,0.972972972972973,,0.8918918918918919,0.918918918918919,0.972972972972973,0,0,0.972972972972973,,0.8918918918918919,0.918918918918919,0.972972972972973,0,0,0.972972972972973,,0.8918918918918919,0.918918918918919,0.972972972972973,0,0,0.972972972972973,,0.8918918918918919
yeast,mlp-nosuite,0.6172506738544474,0.8517713481033629,0.7837837837837838,0.8918918918918919,0,0,0.8108108108108109,,0.8378378378378378,0.7837837837837838,0.8918918918918919,0,0,0.8108108108108109,,0.8378378378378378,0.7837837837837838,0.8918918918918919,0,0,0.8108108108108109,,0.8378378378378378,0.7837837837837838,0.8918918918918919,0,0,0.8108108108108109,,0.8378378378378378
yeast,mlp-nosuite,0.6172506738544474,0.4910007150414382,0.7027027027027027,0.7027027027027027,0,0,0.5675675675675675,,0.6216216216216216,0.7027027027027027,0.7027027027027027,0,0,0.5675675675675675,,0.6216216216216216,0.7027027027027027,0.7027027027027027,0,0,0.5675675675675675,,0.6216216216216216,0.7027027027027027,0.7027027027027027,0,0,0.5675675675675675,,0.6216216216216216
yeast,mlp-nosuite,0.6172506738544474,0.6965870220668589,0.8378378378378378,0.918918918918919,0,0,0.8108108108108109,,0.8648648648648649,0.8378378378378378,0.918918918918919,0,0,0.8108108108108109,,0.8648648648648649,0.8378378378378378,0.918918918918919,0,0,0.8108108108108109,,0.8648648648648649,0.8378378378378378,0.918918918918919,0,0,0.8108108108108109,,0.8648648648648649
yeast,mlp-nosuite,0.6172506738544474,0.6082230414329826,0.8648648648648649,0.918918918918919,0,0,0.8918918918918919,,0.8648648648648649,0.8648648648648649,0.918918918918919,0,0,0.8918918918918919,,0.8648648648648649,0.8648648648648649,0.918918918918919,0,0,0.8918918918918919,,0.8648648648648649,0.8648648648648649,0.918918918918919,0,0,0.8918918918918919,,0.8648648648648649
yeast,mlp-nosuite,0.6172506738544474,0.5307691251774221,0.918918918918919,0.8648648648648649,0,0,0.7837837837837838,,0.8918918918918919,0.918918918918919,0.8648648648648649,0,0,0.7837837837837838,,0.8918918918918919,0.918918918918919,0.8648648648648649,0,0,0.7837837837837838,,0.8918918918918919,0.918918918918919,0.8648648648648649,0,0,0.7837837837837838,,0.8918918918918919
yeast,mlp-nosuite,0.6172506738544474,0.5898136535651094,0.918918918918919,0.9459459459459459,0,0,0.8918918918918919,,0.9459459459459459,0.918918918918919,0.9459459459459459,0,0,0.8918918918918919,,0.9459459459459459,0.918918918918919,0.9459459459459459,0,0,0.8918918918918919,,0.9459459459459459,0.918918918918919,0.9459459459459459,0,0,0.8918918918918919,,0.9459459459459459
yeast,mlp-nosuite,0.6172506738544474,0.9769920903358666,0.972972972972973,0.9459459459459459,0,0,0.9459459459459459,,0.9459459459459459,0.972972972972973,0.9459459459459459,0,0,0.9459459459459459,,0.9459459459459459,0.972972972972973,0.9459459459459459,0,0,0.9459459459459459,,0.9459459459459459,0.972972972972973,0.9459459459459459,0,0,0.9459459459459459,,0.9459459459459459
yeast,mlp-nosuite,0.6172506738544474,0.6550089218997267,0.7027027027027027,0.7297297297297297,0,0,0.7027027027027027,,0.7837837837837838,0.7027027027027027,0.7297297297297297,0,0,0.7027027027027027,,0.7837837837837838,0.7027027027027027,0.7297297297297297,0,0,0.7027027027027027,,0.7837837837837838,0.7027027027027027,0.7297297297297297,0,0,0.7027027027027027,,0.7837837837837838
yeast,mlp-nosuite,0.6172506738544474,0.652156417544897,0.8918918918918919,0.972972972972973,0,0,0.9459459459459459,,0.918918918918919,0.8918918918918919,0.972972972972973,0,0,0.9459459459459459,,0.918918918918919,0.8918918918918919,0.972972972972973,0,0,0.9459459459459459,,0.918918918918919,0.8918918918918919,0.972972972972973,0,0,0.9459459459459459,,0.918918918918919
yeast,mlp-nosuite,0.6172506738544474,0.590686225478177,0.8918918918918919,0.972972972972973,0,0,0.8108108108108109,,0.8918918918918919,0.8918918918918919,0.972972972972973,0,0,0.8108108108108109,,0.8918918918918919,0.8918918918918919,0.972972972972973,0,0,0.8108108108108109,,0.8918918918918919,0.8918918918918919,0.972972972972973,0,0,0.8108108108108109,,0.8918918918918919
yeast,mlp-nosuite,0.6172506738544474,0.8068372530401193,0.918918918918919,0.9459459459459459,0,0,1.0,,0.8648648648648649,0.918918918918919,0.9459459459459459,0,0,1.0,,0.8648648648648649,0.918918918918919,0.9459459459459459,0,0,1.0,,0.8648648648648649,0.918918918918919,0.9459459459459459,0,0,1.0,,0.8648648648648649
yeast,mlp-nosuite,0.6172506738544474,0.48720428480289174,0.8918918918918919,0.8918918918918919,0,0,0.8378378378378378,,0.7567567567567568,0.8918918918918919,0.8918918918918919,0,0,0.8378378378378378,,0.7567567567567568,0.8918918918918919,0.8918918918918919,0,0,0.8378378378378378,,0.7567567567567568,0.8918918918918919,0.8918918918918919,0,0,0.8378378378378378,,0.7567567567567567
yeast,mlp-nosuite,0.6172506738544474,0.7066654959328711,0.7567567567567568,0.918918918918919,0,0,0.9459459459459459,,0.7297297297297297,0.7567567567567568,0.918918918918919,0,0,0.9459459459459459,,0.7297297297297297,0.7567567567567568,0.918918918918919,0,0,0.9459459459459459,,0.7297297297297297,0.7567567567567567,0.918918918918919,0,0,0.9459459459459459,,0.7297297297297297
yeast,mlp-nosuite,0.6172506738544474,0.6383887042040087,0.6756756756756757,0.7837837837837838,0,0,0.6216216216216216,,0.6216216216216216,0.6756756756756757,0.7837837837837838,0,0,0.6216216216216216,,0.6216216216216216,0.6756756756756757,0.7837837837837838,0,0,0.6216216216216216,,0.6216216216216216,0.6756756756756757,0.7837837837837838,0,0,0.6216216216216216,,0.6216216216216216
yeast,mlp-nosuite,0.6172506738544474,0.5399032225517664,0.7027027027027027,0.7567567567567568,0,0,0.6216216216216216,,0.5405405405405406,0.7027027027027027,0.7567567567567568,0,0,0.6216216216216216,,0.5405405405405406,0.7027027027027027,0.7567567567567568,0,0,0.6216216216216216,,0.5405405405405406,0.7027027027027027,0.7567567567567567,0,0,0.6216216216216216,,0.5405405405405406
yeast,mlp-nosuite,0.6172506738544474,0.6402846894575331,0.918918918918919,1.0,0,0,1.0,,0.918918918918919,0.918918918918919,1.0,0,0,1.0,,0.918918918918919,0.918918918918919,1.0,0,0,1.0,,0.918918918918919,0.918918918918919,1.0,0,0,1.0,,0.918918918918919
yeast,mlp-nosuite,0.6172506738544474,0.8270420607641638,0.8918918918918919,0.8648648648648649,0,0,0.8918918918918919,0.8648648648648649,0.8108108108108109,0.8918918918918919,0.8648648648648649,0,0,0.8918918918918919,0.8648648648648649,0.8108108108108109,0.8918918918918919,0.8648648648648649,0,0,0.8918918918918919,0.8648648648648649,0.8108108108108109,0.8918918918918919,0.8648648648648649,0,0,0.8918918918918919,0.8648648648648649,0.8108108108108109
yeast,mlp-nosuite,0.6172506738544474,0.9559665576072347,0.6756756756756757,0.7837837837837838,0,0,0.5675675675675675,,0.6486486486486487,0.6756756756756757,0.7837837837837838,0,0,0.5675675675675675,,0.6486486486486487,0.6756756756756757,0.7837837837837838,0,0,0.5675675675675675,,0.6486486486486487,0.6756756756756757,0.7837837837837838,0,0,0.5675675675675675,,0.6486486486486487
yeast,mlp-nosuite,0.6172506738544474,0.7985630197835285,0.7297297297297297,0.8378378378378378,0,0,0.7027027027027027,,0.8918918918918919,0.7297297297297297,0.8378378378378378,0,0,0.7027027027027027,,0.8918918918918919,0.7297297297297297,0.8378378378378378,0,0,0.7027027027027027,,0.8918918918918919,0.7297297297297297,0.8378378378378378,0,0,0.7027027027027027,,0.8918918918918919
yeast,mlp-nosuite,0.6172506738544474,0.6227046815327231,0.9459459459459459,0.972972972972973,0,0,0.8918918918918919,,0.8918918918918919,0.9459459459459459,0.972972972972973,0,0,0.8918918918918919,,0.8918918918918919,0.9459459459459459,0.972972972972973,0,0,0.8918918918918919,,0.8918918918918919,0.9459459459459459,0.972972972972973,0,0,0.8918918918918919,,0.8918918918918919
yeast,mlp-nosuite,0.6172506738544474,0.5224487399404436,0.8648648648648649,0.9459459459459459,0,0,0.7567567567567568,,0.7027027027027027,0.8648648648648649,0.9459459459459459,0,0,0.7567567567567568,,0.7027027027027027,0.8648648648648649,0.9459459459459459,0,0,0.7567567567567568,,0.7027027027027027,0.8648648648648649,0.9459459459459459,0,0,0.7567567567567567,,0.7027027027027027
yeast,mlp-nosuite,0.6172506738544474,0.3891855150835529,0.8108108108108109,0.8648648648648649,0,0,0.5945945945945946,,0.7297297297297297,0.8108108108108109,0.8648648648648649,0,0,0.5945945945945946,,0.7297297297297297,0.8108108108108109,0.8648648648648649,0,0,0.5945945945945946,,0.7297297297297297,0.8108108108108109,0.8648648648648649,0,0,0.5945945945945946,,0.7297297297297297
yeast,mlp-nosuite,0.6172506738544474,0.5911790368740227,0.8648648648648649,0.8648648648648649,0,0,0.8648648648648649,,0.8108108108108109,0.8648648648648649,0.8648648648648649,0,0,0.8648648648648649,,0.8108108108108109,0.8648648648648649,0.8648648648648649,0,0,0.8648648648648649,,0.8108108108108109,0.8648648648648649,0.8648648648648649,0,0,0.8648648648648649,,0.8108108108108109
yeast,mlp-nosuite,0.6172506738544474,0.629670593848274,0.918918918918919,0.918918918918919,0,0,0.8648648648648649,,0.918918918918919,0.918918918918919,0.918918918918919,0,0,0.8648648648648649,,0.918918918918919,0.918918918918919,0.918918918918919,0,0,0.8648648648648649,,0.918918918918919,0.918918918918919,0.918918918918919,0,0,0.8648648648648649,,0.918918918918919
yeast,mlp-nosuite,0.6172506738544474,0.5658438576331523,0.8648648648648649,1.0,0,0,0.972972972972973,,0.8648648648648649,0.8648648648648649,1.0,0,0,0.972972972972973,,0.8648648648648649,0.8648648648648649,1.0,0,0,0.972972972972973,,0.8648648648648649,0.8648648648648649,1.0,0,0,0.972972972972973,,0.8648648648648649
yeast,mlp-nosuite,0.6172506738544474,0.7187024376961156,0.9459459459459459,0.8378378378378378,0,0,0.918918918918919,,0.8918918918918919,0.9459459459459459,0.8378378378378378,0,0,0.918918918918919,,0.8918918918918919,0.9459459459459459,0.8378378378378378,0,0,0.918918918918919,,0.8918918918918919,0.9459459459459459,0.8378378378378378,0,0,0.918918918918919,,0.8918918918918919
yeast,mlp-nosuite,0.6172506738544474,0.5913711080016002,0.8108108108108109,0.8108108108108109,0,0,0.7837837837837838,,0.8378378378378378,0.8108108108108109,0.8108108108108109,0,0,0.7837837837837838,,0.8378378378378378,0.8108108108108109,0.8108108108108109,0,0,0.7837837837837838,,0.8378378378378378,0.8108108108108109,0.8108108108108109,0,0,0.7837837837837838,,0.8378378378378378
yeast,mlp-nosuite,0.6172506738544474,0.5682644820982953,0.8918918918918919,0.8648648648648649,0,0,0.8378378378378378,,0.8648648648648649,0.8918918918918919,0.8648648648648649,0,0,0.8378378378378378,,0.8648648648648649,0.8918918918918919,0.8648648648648649,0,0,0.8378378378378378,,0.8648648648648649,0.8918918918918919,0.8648648648648649,0,0,0.8378378378378378,,0.8648648648648649
yeast,mlp-nosuite,0.6172506738544474,0.5213467113424698,0.918918918918919,0.8648648648648649,0,0,0.8918918918918919,,0.6486486486486487,0.918918918918919,0.8648648648648649,0,0,0.8918918918918919,,0.6486486486486487,0.918918918918919,0.8648648648648649,0,0,0.8918918918918919,,0.6486486486486487,0.918918918918919,0.8648648648648649,0,0,0.8918918918918919,,0.6486486486486487
yeast,mlp-nosuite,0.6172506738544474,0.5031306686464653,0.7837837837837838,0.7567567567567568,0,0,0.7297297297297297,,0.7297297297297297,0.7837837837837838,0.7567567567567568,0,0,0.7297297297297297,,0.7297297297297297,0.7837837837837838,0.7567567567567568,0,0,0.7297297297297297,,0.7297297297297297,0.7837837837837838,0.7567567567567567,0,0,0.7297297297297297,,0.7297297297297297
yeast,mlp-nosuite,0.6172506738544474,0.5884111482706388,0.972972972972973,0.918918918918919,0,0,0.7567567567567568,,0.918918918918919,0.972972972972973,0.918918918918919,0,0,0.7567567567567568,,0.918918918918919,0.972972972972973,0.918918918918919,0,0,0.7567567567567568,,0.918918918918919,0.972972972972973,0.918918918918919,0,0,0.7567567567567567,,0.918918918918919
yeast,mlp-nosuite,0.6172506738544474,0.7866950662633221,0.7837837837837838,0.7567567567567568,0,0,0.6756756756756757,,0.7567567567567568,0.7837837837837838,0.7567567567567568,0,0,0.6756756756756757,,0.7567567567567568,0.7837837837837838,0.7567567567567568,0,0,0.6756756756756757,,0.7567567567567568,0.7837837837837838,0.7567567567567567,0,0,0.6756756756756757,,0.7567567567567567
yeast,mlp-nosuite,0.6172506738544474,0.5447268803985967,0.6486486486486487,0.6756756756756757,0,0,0.7837837837837838,,0.5945945945945946,0.6486486486486487,0.6756756756756757,0,0,0.7837837837837838,,0.5945945945945946,0.6486486486486487,0.6756756756756757,0,0,0.7837837837837838,,0.5945945945945946,0.6486486486486487,0.6756756756756757,0,0,0.7837837837837838,,0.5945945945945946
yeast,mlp-nosuite,0.6172506738544474,0.8144204226766092,0.9459459459459459,0.9459459459459459,0,0,0.918918918918919,,0.8378378378378378,0.9459459459459459,0.9459459459459459,0,0,0.918918918918919,,0.8378378378378378,0.9459459459459459,0.9459459459459459,0,0,0.918918918918919,,0.8378378378378378,0.9459459459459459,0.9459459459459459,0,0,0.918918918918919,,0.8378378378378378
yeast,mlp-nosuite,0.6172506738544474,0.8891864317831109,0.9459459459459459,1.0,0,0,1.0,,0.918918918918919,0.9459459459459459,1.0,0,0,1.0,,0.918918918918919,0.9459459459459459,1.0,0,0,1.0,,0.918918918918919,0.9459459459459459,1.0,0,0,1.0,,0.918918918918919
yeast,mlp-nosuite,0.6172506738544474,0.28133881938989935,0.8648648648648649,1.0,0,0,0.918918918918919,,0.7297297297297297,0.8648648648648649,1.0,0,0,0.918918918918919,,0.7297297297297297,0.8648648648648649,1.0,0,0,0.918918918918919,,0.7297297297297297,0.8648648648648649,1.0,0,0,0.918918918918919,,0.7297297297297297
yeast,mlp-nosuite,0.6172506738544474,0.6859127235089117,0.8918918918918919,0.8918918918918919,0,0,0.9459459459459459,,0.8378378378378378,0.8918918918918919,0.8918918918918919,0,0,0.9459459459459459,,0.8378378378378378,0.8918918918918919,0.8918918918918919,0,0,0.9459459459459459,,0.8378378378378378,0.8918918918918919,0.8918918918918919,0,0,0.9459459459459459,,0.8378378378378378
yeast,mlp-nosuite,0.6172506738544474,0.6731378428486091,0.8918918918918919,0.9459459459459459,0,0,0.918918918918919,,0.8648648648648649,0.8918918918918919,0.9459459459459459,0,0,0.918918918918919,,0.8648648648648649,0.8918918918918919,0.9459459459459459,0,0,0.918918918918919,,0.8648648648648649,0.8918918918918919,0.9459459459459459,0,0,0.918918918918919,,0.8648648648648649
yeast,mlp-nosuite,0.6172506738544474,0.35038552062983414,0.7837837837837838,0.8108108108108109,0,0,0.8378378378378378,,0.5945945945945946,0.7837837837837838,0.8108108108108109,0,0,0.8378378378378378,,0.5945945945945946,0.7837837837837838,0.8108108108108109,0,0,0.8378378378378378,,0.5945945945945946,0.7837837837837838,0.8108108108108109,0,0,0.8378378378378378,,0.5945945945945946
yeast,mlp-nosuite,0.6172506738544474,0.6058491647689342,0.6756756756756757,0.7027027027027027,0,0,0.7567567567567568,,0.7837837837837838,0.6756756756756757,0.7027027027027027,0,0,0.7567567567567568,,0.7837837837837838,0.6756756756756757,0.7027027027027027,0,0,0.7567567567567568,,0.7837837837837838,0.6756756756756757,0.7027027027027027,0,0,0.7567567567567567,,0.7837837837837838
yeast,mlp-nosuite,0.6172506738544474,0.9422417409954973,0.8648648648648649,0.9459459459459459,0,0,0.8378378378378378,,0.8648648648648649,0.8648648648648649,0.9459459459459459,0,0,0.8378378378378378,,0.8648648648648649,0.8648648648648649,0.9459459459459459,0,0,0.8378378378378378,,0.8648648648648649,0.8648648648648649,0.9459459459459459,0,0,0.8378378378378378,,0.8648648648648649
yeast,mlp-nosuite,0.6172506738544474,0.7328804053498051,0.918918918918919,0.9459459459459459,0,0,0.9459459459459459,,0.9459459459459459,0.918918918918919,0.9459459459459459,0,0,0.9459459459459459,,0.9459459459459459,0.918918918918919,0.9459459459459459,0,0,0.9459459459459459,,0.9459459459459459,0.918918918918919,0.9459459459459459,0,0,0.9459459459459459,,0.9459459459459459
yeast,mlp-nosuite,0.6172506738544474,0.3486443412971777,0.918918918918919,1.0,0,0,0.9459459459459459,,0.8648648648648649,0.918918918918919,1.0,0,0,0.9459459459459459,,0.8648648648648649,0.918918918918919,1.0,0,0,0.9459459459459459,,0.8648648648648649,0.918918918918919,1.0,0,0,0.9459459459459459,,0.8648648648648649
yeast,mlp-nosuite,0.6172506738544474,0.6434217995854417,0.9459459459459459,0.9459459459459459,0,0,0.8918918918918919,,0.9459459459459459,0.9459459459459459,0.9459459459459459,0,0,0.8918918918918919,,0.9459459459459459,0.9459459459459459,0.9459459459459459,0,0,0.8918918918918919,,0.9459459459459459,0.9459459459459459,0.9459459459459459,0,0,0.8918918918918919,,0.9459459459459459
yeast,mlp-nosuite,0.6172506738544474,0.7272889805060853,0.7297297297297297,0.7567567567567568,0,0,0.8648648648648649,,0.8918918918918919,0.7297297297297297,0.7567567567567568,0,0,0.8648648648648649,,0.8918918918918919,0.7297297297297297,0.7567567567567568,0,0,0.8648648648648649,,0.8918918918918919,0.7297297297297297,0.7567567567567567,0,0,0.8648648648648649,,0.8918918918918919
yeast,mlp-nosuite,0.6172506738544474,0.8009345249963874,0.8108108108108109,0.8378378378378378,0,0,0.8648648648648649,,0.8648648648648649,0.8108108108108109,0.8378378378378378,0,0,0.8648648648648649,,0.8648648648648649,0.8108108108108109,0.8378378378378378,0,0,0.8648648648648649,,0.8648648648648649,0.8108108108108109,0.8378378378378378,0,0,0.8648648648648649,,0.8648648648648649
rmftsa,mlp-nosuite,0.51953125,0.4392036268962049,1.0,1.0,0,0,0.96,,1.0,1.0,1.0,0,0,0.96,,1.0,1.0,1.0,0,0,0.96,,1.0,1.0,1.0,0,0,0.96,,1.0
rmftsa,mlp-nosuite,0.51953125,0.4680882890516091,0.8,0.96,0,0,0.88,,0.92,0.8,0.96,0,0,0.88,,0.92,0.8,0.96,0,0,0.88,,0.92,0.8000000000000002,0.96,0,0,0.88,,0.92
rmftsa,mlp-nosuite,0.51953125,0.38564920294868216,0.44,0.84,0,0,0.88,,0.32,0.44,0.84,0,0,0.88,,0.32,0.44,0.84,0,0,0.88,,0.32,0.44,0.8399999999999999,0,0,0.88,,0.32
rmftsa,mlp-nosuite,0.51953125,0.4703688216831583,0.6,0.76,0,0,0.72,,0.6,0.6,0.76,0,0,0.72,,0.6,0.6,0.76,0,0,0.72,,0.6,0.6,0.76,0,0,0.72,,0.6
rmftsa,mlp-nosuite,0.51953125,0.6230154375875949,1.0,1.0,0,0,1.0,,1.0,1.0,1.0,0,0,1.0,,1.0,1.0,1.0,0,0,1.0,,1.0,1.0,1.0,0,0,1.0,,1.0
rmftsa,mlp-nosuite,0.51953125,0.520291675712967,1.0,1.0,0,0,1.0,,1.0,1.0,1.0,0,0,1.0,,1.0,1.0,1.0,0,0,1.0,,1.0,1.0,1.0,0,0,1.0,,1.0
rmftsa,mlp-nosuite,0.51953125,0.4226854137332023,0.72,0.8,0,0,0.96,,0.72,0.72,0.8,0,0,0.96,,0.72,0.72,0.8,0,0,0.96,,0.72,0.72,0.8000000000000002,0,0,0.96,,0.72
rmftsa,mlp-nosuite,0.51953125,0.5311366699227706,1.0,1.0,0,0,1.0,,1.0,1.0,1.0,0,0,1.0,,1.0,1.0,1.0,0,0,1.0,,1.0,1.0,1.0,0,0,1.0,,1.0
rmftsa,mlp-nosuite,0.51953125,0.49625395118885585,0.72,0.84,0,0,0.88,,0.88,0.72,0.84,0,0,0.88,,0.88,0.72,0.84,0,0,0.88,,0.88,0.72,0.8399999999999999,0,0,0.88,,0.88
rmftsa,mlp-nosuite,0.51953125,0.5158761279858914,1.0,1.0,0,0,1.0,,1.0,1.0,1.0,0,0,1.0,,1.0,1.0,1.0,0,0,1.0,,1.0,1.0,1.0,0,0,1.0,,1.0
rmftsa,mlp-nosuite,0.51953125,0.7531628560102336,1.0,1.0,0,0,1.0,,1.0,1.0,1.0,0,0,1.0,,1.0,1.0,1.0,0,0,1.0,,1.0,1.0,1.0,0,0,1.0,,1.0
rmftsa,mlp-nosuite,0.51953125,0.5581282006345757,0.72,1.0,0,0,1.0,,0.88,0.72,1.0,0,0,1.0,,0.88,0.72,1.0,0,0,1.0,,0.88,0.72,1.0,0,0,1.0,,0.88
rmftsa,mlp-nosuite,0.51953125,0.4892391385789344,0.56,1.0,0,0,0.96,,0.96,0.56,1.0,0,0,0.96,,0.96,0.56,1.0,0,0,0.96,,0.96,0.56,1.0,0,0,0.96,,0.96
rmftsa,mlp-nosuite,0.51953125,0.44989282848458323,0.36,0.92,0,0,0.92,,0.92,0.36,0.92,0,0,0.92,,0.92,0.36,0.92,0,0,0.92,,0.92,0.36,0.92,0,0,0.92,,0.92
rmftsa,mlp-nosuite,0.51953125,0.5014428846574492,1.0,1.0,0,0,1.0,,1.0,1.0,1.0,0,0,1.0,,1.0,1.0,1.0,0,0,1.0,,1.0,1.0,1.0,0,0,1.0,,1.0
rmftsa,mlp-nosuite,0.51953125,0.5396897232801114,0.56,0.96,0,0,0.96,,0.96,0.56,0.96,0,0,0.96,,0.96,0.56,0.96,0,0,0.96,,0.96,0.56,0.96,0,0,0.96,,0.96
rmftsa,mlp-nosuite,0.51953125,0.35938128953713677,0.4,1.0,0,0,1.0,,0.88,0.4,1.0,0,0,1.0,,0.88,0.4,1.0,0,0,1.0,,0.88,0.4000000000000001,1.0,0,0,1.0,,0.88
rmftsa,mlp-nosuite,0.51953125,0.5158761279858914,1.0,1.0,0,0,1.0,,1.0,1.0,1.0,0,0,1.0,,1.0,1.0,1.0,0,0,1.0,,1.0,1.0,1.0,0,0,1.0,,1.0
rmftsa,mlp-nosuite,0.51953125,0.5456845771163488,0.48,1.0,0,0,0.88,,1.0,0.48,1.0,0,0,0.88,,1.0,0.48,1.0,0,0,0.88,,1.0,0.48,1.0,0,0,0.88,,1.0
rmftsa,mlp-nosuite,0.51953125,0.5783612720130417,1.0,1.0,0,0,1.0,,1.0,1.0,1.0,0,0,1.0,,1.0,1.0,1.0,0,0,1.0,,1.0,1.0,1.0,0,0,1.0,,1.0
rmftsa,mlp-nosuite,0.51953125,0.4456303814003765,1.0,1.0,0,0,1.0,,1.0,1.0,1.0,0,0,1.0,,1.0,1.0,1.0,0,0,1.0,,1.0,1.0,1.0,0,0,1.0,,1.0
rmftsa,mlp-nosuite,0.51953125,0.4288145439547315,0.48,0.76,0,0,0.92,,0.68,0.48,0.76,0,0,0.92,,0.68,0.48,0.76,0,0,0.92,,0.68,0.48,0.76,0,0,0.92,,0.68
rmftsa,mlp-nosuite,0.51953125,0.3624132567773058,0.68,1.0,0,0,0.6,,0.6,0.68,1.0,0,0,0.6,,0.6,0.68,1.0,0,0,0.6,,0.6,0.68,1.0,0,0,0.6,,0.6
rmftsa,mlp-nosuite,0.51953125,0.6780616434441902,1.0,1.0,0,0,1.0,,1.0,1.0,1.0,0,0,1.0,,1.0,1.0,1.0,0,0,1.0,,1.0,1.0,1.0,0,0,1.0,,1.0
rmftsa,mlp-nosuite,0.51953125,0.3611232315319938,0.6,0.76,0,0,0.84,,0.76,0.6,0.76,0,0,0.84,,0.76,0.6,0.76,0,0,0.84,,0.76,0.6,0.76,0,0,0.8399999999999999,,0.76
rmftsa,mlp-nosuite,0.51953125,0.4401701803855752,0.48,0.88,0,0,0.92,,0.56,0.48,0.88,0,0,0.92,,0.56,0.48,0.88,0,0,0.92,,0.56,0.48,0.88,0,0,0.92,,0.56
rmftsa,mlp-nosuite,0.51953125,0.3485186007507078,0.88,0.96,0,0,0.96,,0.08,0.88,0.96,0,0,0.96,,0.08,0.88,0.96,0,0,0.96,,0.08,0.88,0.96,0,0,0.96,,0.08
rmftsa,mlp-nosuite,0.51953125,0.37886713392700194,0.44,0.92,0,0,0.56,,0.52,0.44,0.92,0,0,0.56,,0.52,0.44,0.92,0,0,0.56,,0.52,0.44,0.92,0,0,0.56,,0.52
rmftsa,mlp-nosuite,0.51953125,0.38827933639630735,0.92,1.0,0,0,0.92,,0.92,0.92,1.0,0,0,0.92,,0.92,0.92,1.0,0,0,0.92,,0.92,0.92,1.0,0,0,0.92,,0.92
rmftsa,mlp-nosuite,0.51953125,0.4475831013526873,0.56,1.0,0,0,0.96,,0.68,0.56,1.0,0,0,0.96,,0.68,0.56,1.0,0,0,0.96,,0.68,0.56,1.0,0,0,0.96,,0.68
rmftsa,mlp-nosuite,0.51953125,0.4438870522930624,0.88,0.96,0,0,0.72,,0.88,0.88,0.96,0,0,0.72,,0.88,0.88,0.96,0,0,0.72,,0.88,0.88,0.96,0,0,0.72,,0.88
rmftsa,mlp-nosuite,0.51953125,0.5132620708641707,0.56,0.96,0,0,0.96,,0.96,0.56,0.96,0,0,0.96,,0.96,0.56,0.96,0,0,0.96,,0.96,0.56,0.96,0,0,0.96,,0.96
rmftsa,mlp-nosuite,0.51953125,0.44989282848458323,0.36,0.92,0,0,0.92,,0.92,0.36,0.92,0,0,0.92,,0.92,0.36,0.92,0,0,0.92,,0.92,0.36,0.92,0,0,0.92,,0.92
rmftsa,mlp-nosuite,0.51953125,0.5127439525902301,0.76,1.0,0,0,0.84,,1.0,0.76,1.0,0,0,0.84,,1.0,0.76,1.0,0,0,0.84,,1.0,0.76,1.0,0,0,0.8399999999999999,,1.0
rmftsa,mlp-nosuite,0.51953125,0.4265822353234696,0.96,1.0,0,0,0.56,,0.96,0.96,1.0,0,0,0.56,,0.96,0.96,1.0,0,0,0.56,,0.96,0.96,1.0,0,0,0.56,,0.96
rmftsa,mlp-nosuite,0.51953125,0.31291340953320335,0.76,0.8,0,0,0.68,,0.92,0.76,0.8,0,0,0.68,,0.92,0.76,0.8,0,0,0.68,,0.92,0.76,0.8000000000000002,0,0,0.68,,0.92
rmftsa,mlp-nosuite,0.51953125,0.7474234009596294,1.0,1.0,0,0,0.92,,1.0,1.0,1.0,0,0,0.92,,1.0,1.0,1.0,0,0,0.92,,1.0,1.0,1.0,0,0,0.92,,1.0
rmftsa,mlp-nosuite,0.51953125,0.7021555422619946,0.52,0.8,0,0,0.8,,0.44,0.52,0.8,0,0,0.8,,0.44,0.52,0.8,0,0,0.8,,0.44,0.52,0.8000000000000002,0,0,0.8000000000000002,,0.44
rmftsa,mlp-nosuite,0.51953125,0.6693014042358258,1.0,1.0,0,0,1.0,,1.0,1.0,1.0,0,0,1.0,,1.0,1.0,1.0,0,0,1.0,,1.0,1.0,1.0,0,0,1.0,,1.0
rmftsa,mlp-nosuite,0.51953125,0.6072713925299179,0.52,0.92,0,0,0.84,,0.6,0.52,0.92,0,0,0.84,,0.6,0.52,0.92,0,0,0.84,,0.6,0.52,0.92,0,0,0.8399999999999999,,0.6
rmftsa,mlp-nosuite,0.51953125,0.5333874826807956,0.52,1.0,0,0,0.96,,0.72,0.52,1.0,0,0,0.96,,0.72,0.52,1.0,0,0,0.96,,0.72,0.52,1.0,0,0,0.96,,0.72
rmftsa,mlp-nosuite,0.51953125,0.5418247329734285,0.48,1.0,0,0,0.8,,0.96,0.48,1.0,0,0,0.8,,0.96,0.48,1.0,0,0,0.8,,0.96,0.48,1.0,0,0,0.8000000000000002,,0.96
rmftsa,mlp-nosuite,0.51953125,0.395107974859115,0.96,1.0,0,0,1.0,,0.96,0.96,1.0,0,0,1.0,,0.96,0.96,1.0,0,0,1.0,,0.96,0.96,1.0,0,0,1.0,,0.96
rmftsa,mlp-nosuite,0.51953125,0.38335667942516033,0.6,0.76,0,0,0.72,,0.6,0.6,0.76,0,0,0.72,,0.6,0.6,0.76,0,0,0.72,,0.6,0.6,0.76,0,0,0.72,,0.6
rmftsa,mlp-nosuite,0.51953125,0.7040457232294485,0.68,0.96,0,0,0.68,,0.84,0.68,0.96,0,0,0.68,,0.84,0.68,0.96,0,0,0.68,,0.84,0.68,0.96,0,0,0.68,,0.8399999999999999
rmftsa,mlp-nosuite,0.51953125,0.5158761279858914,1.0,1.0,0,0,1.0,,1.0,1.0,1.0,0,0,1.0,,1.0,1.0,1.0,0,0,1.0,,1.0,1.0,1.0,0,0,1.0,,1.0
rmftsa,mlp-nosuite,0.51953125,0.395107974859115,0.96,1.0,0,0,1.0,,0.96,0.96,1.0,0,0,1.0,,0.96,0.96,1.0,0,0,1.0,,0.96,0.96,1.0,0,0,1.0,,0.96
rmftsa,mlp-nosuite,0.51953125,0.3153505181775724,0.76,0.88,0,0,0.72,,0.76,0.76,0.88,0,0,0.72,,0.76,0.76,0.88,0,0,0.72,,0.76,0.76,0.88,0,0,0.72,,0.76
rmftsa,mlp-nosuite,0.51953125,0.3824358787610816,0.6,0.76,0,0,0.72,,0.8,0.6,0.76,0,0,0.72,,0.8,0.6,0.76,0,0,0.72,,0.8,0.6,0.76,0,0,0.72,,0.8000000000000002
rmftsa,mlp-nosuite,0.51953125,0.44653845367383727,0.44,0.92,0,0,0.84,,0.92,0.44,0.92,0,0,0.84,,0.92,0.44,0.92,0,0,0.84,,0.92,0.44,0.92,0,0,0.8399999999999999,,0.92
banknote-authentication,mlp-nosuite,1.0,0.9996715727380836,1.0,1.0,0,0,0.9117647058823529,0.9117647058823529,1.0,1.0,1.0,0,0,1.0,1.0,1.0,1.0,1.0,0,0,0.9117647058823529,0.9117647058823529,1.0,1.0,1.0,0,0,0.9538461538461539,0.9538461538461539,1.0
banknote-authentication,mlp-nosuite,1.0,0.9999907078329328,1.0,1.0,0,0,1.0,0.9705882352941176,1.0,1.0,1.0,0,0,1.0,1.0,1.0,1.0,1.0,0,0,1.0,0.9705882352941176,1.0,1.0,1.0,0,0,1.0,0.9850746268656716,1.0
banknote-authentication,mlp-nosuite,1.0,0.9995782616221618,0.9705882352941176,1.0,0,0,0.9705882352941176,0.9411764705882353,1.0,1.0,1.0,0,0,1.0,1.0,1.0,0.9705882352941176,1.0,0,0,0.9705882352941176,0.9411764705882353,1.0,0.9850746268656716,1.0,0,0,0.9850746268656716,0.9696969696969697,1.0
banknote-authentication,mlp-nosuite,1.0,0.9967715715625176,0.8235294117647058,1.0,0,0,0.9705882352941176,0.9411764705882353,0.9411764705882353,1.0,1.0,0,0,1.0,1.0,1.0,0.8235294117647058,1.0,0,0,0.9705882352941176,0.9411764705882353,0.9411764705882353,0.9032258064516129,1.0,0,0,0.9850746268656716,0.9696969696969697,0.9696969696969697
banknote-authentication,mlp-nosuite,1.0,0.9995319645941872,1.0,0.9705882352941176,0,0,0.8823529411764706,0.8529411764705882,0.8529411764705882,1.0,0.96875,0,0,1.0,1.0,0.9642857142857143,1.0,1.0,0,0,0.8709677419354839,0.8387096774193549,0.8709677419354839,1.0,0.9841269841269841,0,0,0.9310344827586207,0.9122807017543859,0.9152542372881356
banknote-authentication,mlp-nosuite,1.0,0.9999965941274134,1.0,1.0,0,0,0.9705882352941176,0.7058823529411765,0.7941176470588235,1.0,1.0,0,0,0.9583333333333334,0.696969696969697,0.7666666666666667,1.0,1.0,0,0,1.0,1.0,1.0,1.0,1.0,0,0,0.9787234042553191,0.8214285714285715,0.8679245283018869
banknote-authentication,mlp-nosuite,1.0,0.9997851658725867,1.0,1.0,0,0,1.0,1.0,1.0,1.0,1.0,0,0,1.0,1.0,1.0,1.0,1.0,0,0,1.0,1.0,1.0,1.0,1.0,0,0,1.0,1.0,1.0
banknote-authentication,mlp-nosuite,1.0,0.9999687248528396,1.0,1.0,0,0,1.0,1.0,1.0,1.0,1.0,0,0,1.0,1.0,1.0,1.0,1.0,0,0,1.0,1.0,1.0,1.0,1.0,0,0,1.0,1.0,1.0
banknote-authentication,mlp-nosuite,1.0,0.9989479501283376,1.0,1.0,0,0,0.9705882352941176,0.7058823529411765,0.9411764705882353,1.0,1.0,0,0,1.0,0.8275862068965517,0.9354838709677419,1.0,1.0,0,0,0.9655172413793104,0.8275862068965517,1.0,1.0,1.0,0,0,0.9824561403508771,0.8275862068965517,0.9666666666666666
banknote-authentication,mlp-nosuite,1.0,0.999903852748675,1.0,1.0,0,0,1.0,0.9705882352941176,1.0,1.0,1.0,0,0,1.0,1.0,1.0,1.0,1.0,0,0,1.0,0.9705882352941176,1.0,1.0,1.0,0,0,1.0,0.9850746268656716,1.0
banknote-authentication,mlp-nosuite,1.0,0.9593156939090443,0.9705882352941176,1.0,0,0,1.0,0.8823529411764706,0.9117647058823529,1.0,1.0,0,0,1.0,0.8333333333333334,1.0,0.9375,1.0,0,0,1.0,0.9375,0.8125,0.967741935483871,1.0,0,0,1.0,0.8823529411764706,0.896551724137931
banknote-authentication,mlp-nosuite,1.0,0.999892351065744,1.0,0.9705882352941176,0,0,1.0,0.9117647058823529,1.0,1.0,0.9705882352941176,0,0,1.0,0.96875,1.0,1.0,1.0,0,0,1.0,0.9393939393939394,1.0,1.0,0.9850746268656716,0,0,1.0,0.9538461538461539,1.0
banknote-authentication,mlp-nosuite,1.0,0.9999825994563841,1.0,1.0,0,0,0.9117647058823529,1.0,1.0,1.0,1.0,0,0,1.0,1.0,1.0,1.0,1.0,0,0,0.9117647058823529,1.0,1.0,1.0,1.0,0,0,0.9538461538461539,1.0,1.0
banknote-authentication,mlp-nosuite,1.0,0.9998616390009727,0.9705882352941176,1.0,0,0,0.9705882352941176,1.0,1.0,1.0,1.0,0,0,1.0,1.0,1.0,0.9705882352941176,1.0,0,0,0.9705882352941176,1.0,1.0,0.9850746268656716,1.0,0,0,0.9850746268656716,1.0,1.0
banknote-authentication,mlp-nosuite,1.0,0.9847440936365887,1.0,0.9705882352941176,0,0,0.8235294117647058,0.7647058823529411,0.8529411764705882,1.0,0.9705882352941176,0,0,1.0,0.9629629629629629,1.0,1.0,1.0,0,0,0.8181818181818182,0.7878787878787878,0.8484848484848485,1.0,0.9850746268656716,0,0,0.9,0.8666666666666665,0.9180327868852458
banknote-authentication,mlp-nosuite,1.0,0.999598764649163,1.0,0.9705882352941176,0,0,0.9117647058823529,0.7352941176470589,0.8529411764705882,1.0,1.0,0,0,1.0,1.0,1.0,1.0,0.967741935483871,0,0,0.9032258064516129,0.7096774193548387,0.8387096774193549,1.0,0.9836065573770492,0,0,0.9491525423728813,0.8301886792452831,0.9122807017543859
banknote-authentication,mlp-nosuite,1.0,0.9997890372479821,1.0,0.9705882352941176,0,0,0.9705882352941176,0.6764705882352942,1.0,1.0,1.0,0,0,1.0,1.0,1.0,1.0,0.967741935483871,0,0,0.967741935483871,0.6451612903225806,1.0,1.0,0.9836065573770492,0,0,0.9836065573770492,0.7843137254901961,1.0
banknote-authentication,mlp-nosuite,1.0,0.9959960580579492,0.9705882352941176,1.0,0,0,1.0,0.7058823529411765,0.8529411764705882,1.0,1.0,0,0,1.0,1.0,0.9545454545454546,0.96,1.0,0,0,1.0,0.6,0.84,0.9795918367346939,1.0,0,0,1.0,0.7499999999999999,0.8936170212765958
banknote-authentication,mlp-nosuite,1.0,0.9999649128497563,1.0,1.0,0,0,1.0,0.9705882352941176,1.0,1.0,1.0,0,0,1.0,1.0,1.0,1.0,1.0,0,0,1.0,0.9705882352941176,1.0,1.0,1.0,0,0,1.0,0.9850746268656716,1.0
banknote-authentication,mlp-nosuite,1.0,0.9999842347552793,1.0,1.0,0,0,1.0,1.0,1.0,1.0,1.0,0,0,1.0,1.0,1.0,1.0,1.0,0,0,1.0,1.0,1.0,1.0,1.0,0,0,1.0,1.0,1.0
banknote-authentication,mlp-nosuite,1.0,0.9999975413414801,1.0,1.0,0,0,1.0,0.7058823529411765,0.7352941176470589,1.0,1.0,0,0,1.0,0.6875,0.7096774193548387,1.0,1.0,0,0,1.0,1.0,1.0,1.0,1.0,0,0,1.0,0.8148148148148148,0.8301886792452831
banknote-authentication,mlp-nosuite,1.0,0.9958053479484174,0.7941176470588235,0.9705882352941176,0,0,0.9411764705882353,0.6470588235294118,1.0,1.0,0.9696969696969697,0,0,1.0,1.0,1.0,0.78125,1.0,0,0,0.9375,0.625,1.0,0.8771929824561403,0.9846153846153847,0,0,0.967741935483871,0.7692307692307693,1.0
banknote-authentication,mlp-nosuite,1.0,0.9999339841516157,1.0,1.0,0,0,1.0,1.0,1.0,1.0,1.0,0,0,1.0,1.0,1.0,1.0,1.0,0,0,1.0,1.0,1.0,1.0,1.0,0,0,1.0,1.0,1.0
banknote-authentication,mlp-nosuite,1.0,0.9999116842643319,1.0,1.0,0,0,1.0,1.0,1.0,1.0,1.0,0,0,1.0,1.0,1.0,1.0,1.0,0,0,1.0,1.0,1.0,1.0,1.0,0,0,1.0,1.0,1.0
banknote-authentication,mlp-nosuite,1.0,0.8737376421163819,0.9705882352941176,1.0,0,0,1.0,0.6176470588235294,0.9117647058823529,1.0,1.0,0,0,1.0,0.5714285714285714,1.0,0.9285714285714286,1.0,0,0,1.0,0.2857142857142857,0.7857142857142857,0.962962962962963,1.0,0,0,1.0,0.38095238095238093,0.88
banknote-authentication,mlp-nosuite,1.0,0.999922722621713,1.0,1.0,0,0,1.0,1.0,1.0,1.0,1.0,0,0,1.0,1.0,1.0,1.0,1.0,0,0,1.0,1.0,1.0,1.0,1.0,0,0,1.0,1.0,1.0
banknote-authentication,mlp-nosuite,1.0,0.9991779122263149,1.0,1.0,0,0,0.9411764705882353,0.6764705882352942,0.9117647058823529,1.0,1.0,0,0,1.0,1.0,1.0,1.0,1.0,0,0,0.9411764705882353,0.6764705882352942,0.9117647058823529,1.0,1.0,0,0,0.9696969696969697,0.8070175438596492,0.9538461538461539
banknote-authentication,mlp-nosuite,1.0,0.9998863983704348,1.0,1.0,0,0,1.0,0.9705882352941176,1.0,1.0,1.0,0,0,1.0,1.0,1.0,1.0,1.0,0,0,1.0,0.9705882352941176,1.0,1.0,1.0,0,0,1.0,0.9850746268656716,1.0
banknote-authentication,mlp-nosuite,1.0,0.693438046194788,1.0,1.0,0,0,1.0,0.9117647058823529,0.7941176470588235,1.0,1.0,0,0,1.0,0.8333333333333334,1.0,1.0,1.0,0,0,1.0,1.0,0.5333333333333333,1.0,1.0,0,0,1.0,0.9090909090909091,0.6956521739130436
banknote-authentication,mlp-nosuite,1.0,0.9999787367599922,1.0,1.0,0,0,1.0,0.8529411764705882,1.0,1.0,1.0,0,0,1.0,1.0,1.0,1.0,1.0,0,0,1.0,0.8529411764705882,1.0,1.0,1.0,0,0,1.0,0.9206349206349206,1.0
banknote-authentication,mlp-nosuite,1.0,0.9999830581315201,0.9705882352941176,1.0,0,0,1.0,1.0,1.0,1.0,1.0,0,0,1.0,1.0,1.0,0.9705882352941176,1.0,0,0,1.0,1.0,1.0,0.9850746268656716,1.0,0,0,1.0,1.0,1.0
banknote-authentication,mlp-nosuite,1.0,0.9999735141022849,1.0,1.0,0,0,1.0,0.9117647058823529,1.0,1.0,1.0,0,0,1.0,1.0,1.0,1.0,1.0,0,0,1.0,0.9117647058823529,1.0,1.0,1.0,0,0,1.0,0.9538461538461539,1.0
banknote-authentication,mlp-nosuite,1.0,0.9994582287945061,1.0,1.0,0,0,1.0,1.0,0.6176470588235294,1.0,1.0,0,0,1.0,1.0,1.0,1.0,1.0,0,0,1.0,1.0,0.5,1.0,1.0,0,0,1.0,1.0,0.6666666666666666
banknote-authentication,mlp-nosuite,1.0,0.9998488396954847,1.0,1.0,0,0,1.0,1.0,1.0,1.0,1.0,0,0,1.0,1.0,1.0,1.0,1.0,0,0,1.0,1.0,1.0,1.0,1.0,0,0,1.0,1.0,1.0
banknote-authentication,mlp-nosuite,1.0,0.9984030036343169,0.9705882352941176,0.9705882352941176,0,0,1.0,0.7941176470588235,0.9411764705882353,1.0,1.0,0,0,1.0,1.0,1.0,0.9705882352941176,0.9705882352941176,0,0,1.0,0.7941176470588235,0.9411764705882353,0.9850746268656716,0.9850746268656716,0,0,1.0,0.8852459016393442,0.9696969696969697
banknote-authentication,mlp-nosuite,1.0,0.9999184920739265,1.0,1.0,0,0,1.0,1.0,0.9705882352941176,1.0,1.0,0,0,1.0,1.0,1.0,1.0,1.0,0,0,1.0,1.0,0.9705882352941176,1.0,1.0,0,0,1.0,1.0,0.9850746268656716
banknote-authentication,mlp-nosuite,1.0,0.9998511179374847,1.0,1.0,0,0,1.0,0.9705882352941176,1.0,1.0,1.0,0,0,1.0,1.0,1.0,1.0,1.0,0,0,1.0,0.9705882352941176,1.0,1.0,1.0,0,0,1.0,0.9850746268656716,1.0
banknote-authentication,mlp-nosuite,1.0,0.9990029623781582,1.0,1.0,0,0,1.0,0.9411764705882353,1.0,1.0,1.0,0,0,1.0,1.0,1.0,1.0,1.0,0,0,1.0,0.9411764705882353,1.0,1.0,1.0,0,0,1.0,0.9696969696969697,1.0
banknote-authentication,mlp-nosuite,1.0,0.9987745826604794,1.0,1.0,0,0,0.9705882352941176,0.9705882352941176,1.0,1.0,1.0,0,0,1.0,1.0,1.0,1.0,1.0,0,0,0.9705882352941176,0.9705882352941176,1.0,1.0,1.0,0,0,0.9850746268656716,0.9850746268656716,1.0
banknote-authentication,mlp-nosuite,1.0,0.9997748265878384,1.0,1.0,0,0,1.0,1.0,1.0,1.0,1.0,0,0,1.0,1.0,1.0,1.0,1.0,0,0,1.0,1.0,1.0,1.0,1.0,0,0,1.0,1.0,1.0
banknote-authentication,mlp-nosuite,1.0,0.9984740571471774,1.0,0.9705882352941176,0,0,0.9705882352941176,0.5,0.9411764705882353,1.0,0.9705882352941176,0,0,1.0,1.0,1.0,1.0,1.0,0,0,0.9696969696969697,0.48484848484848486,0.9393939393939394,1.0,0.9850746268656716,0,0,0.9846153846153847,0.653061224489796,0.96875
banknote-authentication,mlp-nosuite,1.0,0.9999990842324603,1.0,1.0,0,0,0.9117647058823529,0.8235294117647058,0.9411764705882353,1.0,1.0,0,0,1.0,1.0,0.9285714285714286,1.0,1.0,0,0,0.8846153846153846,0.7692307692307693,1.0,1.0,1.0,0,0,0.9387755102040816,0.8695652173913044,0.962962962962963
banknote-authentication,mlp-nosuite,1.0,0.7971286316254512,0.9705882352941176,1.0,0,0,1.0,0.8235294117647058,0.9705882352941176,1.0,1.0,0,0,1.0,0.7222222222222222,1.0,0.9285714285714286,1.0,0,0,1.0,0.9285714285714286,0.9285714285714286,0.962962962962963,1.0,0,0,1.0,0.8125000000000001,0.962962962962963
banknote-authentication,mlp-nosuite,1.0,0.989043917807739,1.0,0.9705882352941176,0,0,1.0,0.9117647058823529,1.0,1.0,1.0,0,0,1.0,0.8636363636363636,1.0,1.0,0.9473684210526315,0,0,1.0,1.0,1.0,1.0,0.972972972972973,0,0,1.0,0.9268292682926829,1.0
banknote-authentication,mlp-nosuite,1.0,0.9996782189483133,0.9117647058823529,1.0,0,0,1.0,0.7647058823529411,1.0,1.0,1.0,0,0,1.0,1.0,1.0,0.9117647058823529,1.0,0,0,1.0,0.7647058823529411,1.0,0.9538461538461539,1.0,0,0,1.0,0.8666666666666666,1.0
banknote-authentication,mlp-nosuite,1.0,0.9987690347026392,1.0,1.0,0,0,0.9705882352941176,1.0,0.8529411764705882,1.0,1.0,0,0,1.0,1.0,0.8529411764705882,1.0,1.0,0,0,0.9655172413793104,1.0,1.0,1.0,1.0,0,0,0.9824561403508771,1.0,0.9206349206349206
banknote-authentication,mlp-nosuite,1.0,0.9999563347188299,1.0,1.0,0,0,1.0,0.7647058823529411,1.0,1.0,1.0,0,0,1.0,1.0,1.0,1.0,1.0,0,0,1.0,0.7647058823529411,1.0,1.0,1.0,0,0,1.0,0.8666666666666666,1.0
banknote-authentication,mlp-nosuite,1.0,0.9984620988618204,0.8235294117647058,0.9705882352941176,0,0,0.9411764705882353,0.9411764705882353,0.9411764705882353,1.0,1.0,0,0,1.0,1.0,0.9411764705882353,0.8125,0.96875,0,0,0.9375,0.9375,1.0,0.896551724137931,0.9841269841269841,0,0,0.967741935483871,0.967741935483871,0.9696969696969697
banknote-authentication,mlp-nosuite,1.0,0.9999828097080098,1.0,1.0,0,0,1.0,0.9705882352941176,1.0,1.0,1.0,0,0,1.0,1.0,1.0,1.0,1.0,0,0,1.0,0.9705882352941176,1.0,1.0,1.0,0,0,1.0,0.9850746268656716,1.0
banknote-authentication,mlp-nosuite,1.0,0.999153502060915,1.0,1.0,0,0,1.0,0.7647058823529411,0.8235294117647058,1.0,1.0,0,0,1.0,1.0,1.0,1.0,1.0,0,0,1.0,0.7142857142857143,0.7857142857142857,1.0,1.0,0,0,1.0,0.8333333333333333,0.88
volcanoes-a2,mlp-nosuite,0.9433497536945813,0.9782251496488819,1.0,1.0,0,0,1.0,1.0,,1.0,1.0,0,0,1.0,1.0,,1.0,1.0,0,0,1.0,1.0,,1.0,1.0,0,0,1.0,1.0,
volcanoes-a2,mlp-nosuite,0.9433497536945813,0.9815804504993686,1.0,1.0,0,0,1.0,1.0,1.0,1.0,1.0,0,0,1.0,1.0,1.0,1.0,1.0,0,0,1.0,1.0,1.0,1.0,1.0,0,0,1.0,1.0,1.0
volcanoes-a2,mlp-nosuite,0.9433497536945813,0.9998506497983246,1.0,1.0,0,0,1.0,1.0,,1.0,1.0,0,0,1.0,1.0,,1.0,1.0,0,0,1.0,1.0,,1.0,1.0,0,0,1.0,1.0,
volcanoes-a2,mlp-nosuite,0.9433497536945813,0.9962046156075793,1.0,1.0,0,0,1.0,1.0,1.0,1.0,1.0,0,0,1.0,1.0,1.0,1.0,1.0,0,0,1.0,1.0,1.0,1.0,1.0,0,0,1.0,1.0,1.0
volcanoes-a2,mlp-nosuite,0.9433497536945813,0.9187588235942447,1.0,1.0,0,0,1.0,1.0,1.0,1.0,1.0,0,0,1.0,1.0,1.0,1.0,1.0,0,0,1.0,1.0,1.0,1.0,1.0,0,0,1.0,1.0,1.0
volcanoes-a2,mlp-nosuite,0.9433497536945813,0.9997999167495963,1.0,1.0,0,0,1.0,1.0,,1.0,1.0,0,0,1.0,1.0,,1.0,1.0,0,0,1.0,1.0,,1.0,1.0,0,0,1.0,1.0,
volcanoes-a2,mlp-nosuite,0.9433497536945813,0.989074460738342,1.0,1.0,0,0,1.0,1.0,1.0,1.0,1.0,0,0,1.0,1.0,1.0,1.0,1.0,0,0,1.0,1.0,1.0,1.0,1.0,0,0,1.0,1.0,1.0
volcanoes-a2,mlp-nosuite,0.9433497536945813,0.9981742330825621,1.0,1.0,0,0,1.0,1.0,1.0,1.0,1.0,0,0,1.0,1.0,1.0,1.0,1.0,0,0,1.0,1.0,1.0,1.0,1.0,0,0,1.0,1.0,1.0
volcanoes-a2,mlp-nosuite,0.9433497536945813,0.9906324637071022,1.0,1.0,0,0,1.0,1.0,1.0,1.0,1.0,0,0,1.0,1.0,1.0,1.0,1.0,0,0,1.0,1.0,1.0,1.0,1.0,0,0,1.0,1.0,1.0
volcanoes-a2,mlp-nosuite,0.9433497536945813,0.9865966469254835,1.0,1.0,0,0,1.0,1.0,,1.0,1.0,0,0,1.0,1.0,,1.0,1.0,0,0,1.0,1.0,,1.0,1.0,0,0,1.0,1.0,
volcanoes-a2,mlp-nosuite,0.9433497536945813,0.633371254134434,0.9,0.975,0,0,0.925,0.675,,0.9,0.975,0,0,0.925,0.675,,0.9,0.975,0,0,0.925,0.675,,0.9,0.975,0,0,0.925,0.675,
volcanoes-a2,mlp-nosuite,0.9433497536945813,0.9964563357624171,1.0,1.0,0,0,1.0,1.0,,1.0,1.0,0,0,1.0,1.0,,1.0,1.0,0,0,1.0,1.0,,1.0,1.0,0,0,1.0,1.0,
volcanoes-a2,mlp-nosuite,0.9433497536945813,0.8381184763763451,1.0,1.0,0,0,1.0,0.925,,1.0,1.0,0,0,1.0,0.925,,1.0,1.0,0,0,1.0,0.925,,1.0,1.0,0,0,1.0,0.925,
volcanoes-a2,mlp-nosuite,0.9433497536945813,0.67709939715083,1.0,1.0,0,0,1.0,0.7,1.0,1.0,1.0,0,0,1.0,0.7,1.0,1.0,1.0,0,0,1.0,0.7,1.0,1.0,1.0,0,0,1.0,0.7,1.0
volcanoes-a2,mlp-nosuite,0.9433497536945813,0.9996379819155685,1.0,1.0,0,0,1.0,1.0,1.0,1.0,1.0,0,0,1.0,1.0,1.0,1.0,1.0,0,0,1.0,1.0,1.0,1.0,1.0,0,0,1.0,1.0,1.0
volcanoes-a2,mlp-nosuite,0.9433497536945813,0.9953403830891304,1.0,1.0,0,0,1.0,1.0,1.0,1.0,1.0,0,0,1.0,1.0,1.0,1.0,1.0,0,0,1.0,1.0,1.0,1.0,1.0,0,0,1.0,1.0,1.0
volcanoes-a2,mlp-nosuite,0.9433497536945813,0.996003238156051,1.0,1.0,0,0,1.0,1.0,1.0,1.0,1.0,0,0,1.0,1.0,1.0,1.0,1.0,0,0,1.0,1.0,1.0,1.0,1.0,0,0,1.0,1.0,1.0
volcanoes-a2,mlp-nosuite,0.9433497536945813,0.9399723002359562,1.0,1.0,0,0,1.0,1.0,1.0,1.0,1.0,0,0,1.0,1.0,1.0,1.0,1.0,0,0,1.0,1.0,1.0,1.0,1.0,0,0,1.0,1.0,1.0
volcanoes-a2,mlp-nosuite,0.9433497536945813,0.974767025409524,1.0,1.0,0,0,1.0,0.975,,1.0,1.0,0,0,1.0,0.975,,1.0,1.0,0,0,1.0,0.975,,1.0,1.0,0,0,1.0,0.975,
volcanoes-a2,mlp-nosuite,0.9433497536945813,0.9979545825214355,1.0,1.0,0,0,1.0,1.0,1.0,1.0,1.0,0,0,1.0,1.0,1.0,1.0,1.0,0,0,1.0,1.0,1.0,1.0,1.0,0,0,1.0,1.0,1.0
volcanoes-a2,mlp-nosuite,0.9433497536945813,0.9960337181265542,1.0,1.0,0,0,1.0,1.0,1.0,1.0,1.0,0,0,1.0,1.0,1.0,1.0,1.0,0,0,1.0,1.0,1.0,1.0,1.0,0,0,1.0,1.0,1.0
volcanoes-a2,mlp-nosuite,0.9433497536945813,0.9978145903838026,1.0,1.0,0,0,1.0,1.0,,1.0,1.0,0,0,1.0,1.0,,1.0,1.0,0,0,1.0,1.0,,1.0,1.0,0,0,1.0,1.0,
volcanoes-a2,mlp-nosuite,0.9433497536945813,0.9996019014590145,1.0,1.0,0,0,1.0,1.0,1.0,1.0,1.0,0,0,1.0,1.0,1.0,1.0,1.0,0,0,1.0,1.0,1.0,1.0,1.0,0,0,1.0,1.0,1.0
volcanoes-a2,mlp-nosuite,0.9433497536945813,0.9807756265890305,1.0,1.0,0,0,1.0,0.775,1.0,1.0,1.0,0,0,1.0,0.775,1.0,1.0,1.0,0,0,1.0,0.775,1.0,1.0,1.0,0,0,1.0,0.775,1.0
volcanoes-a2,mlp-nosuite,0.9433497536945813,0.9770492593122131,1.0,1.0,0,0,1.0,1.0,1.0,1.0,1.0,0,0,1.0,1.0,1.0,1.0,1.0,0,0,1.0,1.0,1.0,1.0,1.0,0,0,1.0,1.0,1.0
volcanoes-a2,mlp-nosuite,0.9433497536945813,0.9967116059741407,1.0,1.0,0,0,1.0,1.0,1.0,1.0,1.0,0,0,1.0,1.0,1.0,1.0,1.0,0,0,1.0,1.0,1.0,1.0,1.0,0,0,1.0,1.0,1.0
volcanoes-a2,mlp-nosuite,0.9433497536945813,0.9992005875898786,1.0,1.0,0,0,1.0,1.0,,1.0,1.0,0,0,1.0,1.0,,1.0,1.0,0,0,1.0,1.0,,1.0,1.0,0,0,1.0,1.0,
volcanoes-a2,mlp-nosuite,0.9433497536945813,0.9907716147062658,1.0,1.0,0,0,1.0,1.0,1.0,1.0,1.0,0,0,1.0,1.0,1.0,1.0,1.0,0,0,1.0,1.0,1.0,1.0,1.0,0,0,1.0,1.0,1.0
volcanoes-a2,mlp-nosuite,0.9433497536945813,0.9993988936728587,1.0,1.0,0,0,1.0,0.725,1.0,1.0,1.0,0,0,1.0,0.725,1.0,1.0,1.0,0,0,1.0,0.725,1.0,1.0,1.0,0,0,1.0,0.7250000000000001,1.0
volcanoes-a2,mlp-nosuite,0.9433497536945813,0.9945112246052255,1.0,1.0,0,0,1.0,1.0,1.0,1.0,1.0,0,0,1.0,1.0,1.0,1.0,1.0,0,0,1.0,1.0,1.0,1.0,1.0,0,0,1.0,1.0,1.0
volcanoes-a2,mlp-nosuite,0.9433497536945813,0.9967629457569558,1.0,1.0,0,0,0.975,1.0,,1.0,1.0,0,0,0.975,1.0,,1.0,1.0,0,0,0.975,1.0,,1.0,1.0,0,0,0.975,1.0,
volcanoes-a2,mlp-nosuite,0.9433497536945813,0.9997756410819659,1.0,1.0,0,0,1.0,1.0,,1.0,1.0,0,0,1.0,1.0,,1.0,1.0,0,0,1.0,1.0,,1.0,1.0,0,0,1.0,1.0,
volcanoes-a2,mlp-nosuite,0.9433497536945813,0.95917891984778,1.0,1.0,0,0,1.0,1.0,,1.0,1.0,0,0,1.0,1.0,,1.0,1.0,0,0,1.0,1.0,,1.0,1.0,0,0,1.0,1.0,
volcanoes-a2,mlp-nosuite,0.9433497536945813,0.9997389252387225,1.0,1.0,0,0,1.0,1.0,,1.0,1.0,0,0,1.0,1.0,,1.0,1.0,0,0,1.0,1.0,,1.0,1.0,0,0,1.0,1.0,
volcanoes-a2,mlp-nosuite,0.9433497536945813,0.9952232981417839,1.0,1.0,0,0,1.0,0.925,1.0,1.0,1.0,0,0,1.0,0.925,1.0,1.0,1.0,0,0,1.0,0.925,1.0,1.0,1.0,0,0,1.0,0.925,1.0
volcanoes-a2,mlp-nosuite,0.9433497536945813,0.9949308525243776,1.0,1.0,0,0,1.0,1.0,,1.0,1.0,0,0,1.0,1.0,,1.0,1.0,0,0,1.0,1.0,,1.0,1.0,0,0,1.0,1.0,
volcanoes-a2,mlp-nosuite,0.9433497536945813,0.9936453478922993,1.0,1.0,0,0,1.0,1.0,,1.0,1.0,0,0,1.0,1.0,,1.0,1.0,0,0,1.0,1.0,,1.0,1.0,0,0,1.0,1.0,
volcanoes-a2,mlp-nosuite,0.9433497536945813,0.3115257813382541,0.725,0.725,0,0,0.925,0.8,0.925,0.725,0.725,0,0,0.925,0.8,0.925,0.725,0.725,0,0,0.925,0.8,0.925,0.7250000000000001,0.7250000000000001,0,0,0.925,0.8000000000000002,0.925
volcanoes-a2,mlp-nosuite,0.9433497536945813,0.9991626112019232,1.0,1.0,0,0,1.0,1.0,,1.0,1.0,0,0,1.0,1.0,,1.0,1.0,0,0,1.0,1.0,,1.0,1.0,0,0,1.0,1.0,
volcanoes-a2,mlp-nosuite,0.9433497536945813,0.9260206381917542,1.0,1.0,0,0,1.0,0.875,,1.0,1.0,0,0,1.0,0.875,,1.0,1.0,0,0,1.0,0.875,,1.0,1.0,0,0,1.0,0.875,
volcanoes-a2,mlp-nosuite,0.9433497536945813,0.999040609600252,1.0,1.0,0,0,1.0,1.0,,1.0,1.0,0,0,1.0,1.0,,1.0,1.0,0,0,1.0,1.0,,1.0,1.0,0,0,1.0,1.0,
volcanoes-a2,mlp-nosuite,0.9433497536945813,0.994854503114586,1.0,1.0,0,0,1.0,1.0,1.0,1.0,1.0,0,0,1.0,1.0,1.0,1.0,1.0,0,0,1.0,1.0,1.0,1.0,1.0,0,0,1.0,1.0,1.0
volcanoes-a2,mlp-nosuite,0.9433497536945813,0.9788847631133493,1.0,1.0,0,0,1.0,1.0,1.0,1.0,1.0,0,0,1.0,1.0,1.0,1.0,1.0,0,0,1.0,1.0,1.0,1.0,1.0,0,0,1.0,1.0,1.0
volcanoes-a2,mlp-nosuite,0.9433497536945813,0.9980893903223783,1.0,1.0,0,0,1.0,1.0,,1.0,1.0,0,0,1.0,1.0,,1.0,1.0,0,0,1.0,1.0,,1.0,1.0,0,0,1.0,1.0,
volcanoes-a2,mlp-nosuite,0.9433497536945813,0.9998837209201417,1.0,1.0,0,0,1.0,1.0,1.0,1.0,1.0,0,0,1.0,1.0,1.0,1.0,1.0,0,0,1.0,1.0,1.0,1.0,1.0,0,0,1.0,1.0,1.0
volcanoes-a2,mlp-nosuite,0.9433497536945813,0.2728039328296244,0.725,0.85,0,0,0.875,0.775,0.9,0.725,0.85,0,0,0.875,0.775,0.9,0.725,0.85,0,0,0.875,0.775,0.9,0.7250000000000001,0.85,0,0,0.875,0.775,0.9
volcanoes-a2,mlp-nosuite,0.9433497536945813,0.9981909648325273,1.0,1.0,0,0,1.0,1.0,,1.0,1.0,0,0,1.0,1.0,,1.0,1.0,0,0,1.0,1.0,,1.0,1.0,0,0,1.0,1.0,
volcanoes-a2,mlp-nosuite,0.9433497536945813,0.8947264005783525,1.0,1.0,0,0,1.0,0.975,1.0,1.0,1.0,0,0,1.0,0.975,1.0,1.0,1.0,0,0,1.0,0.975,1.0,1.0,1.0,0,0,1.0,0.975,1.0
volcanoes-a2,mlp-nosuite,0.9433497536945813,0.9929508336729344,1.0,1.0,0,0,1.0,1.0,1.0,1.0,1.0,0,0,1.0,1.0,1.0,1.0,1.0,0,0,1.0,1.0,1.0,1.0,1.0,0,0,1.0,1.0,1.0
volcanoes-a2,mlp-nosuite,0.9433497536945813,0.9477544368743355,1.0,1.0,0,0,1.0,1.0,1.0,1.0,1.0,0,0,1.0,1.0,1.0,1.0,1.0,0,0,1.0,1.0,1.0,1.0,1.0,0,0,1.0,1.0,1.0
volcanoes-a3,mlp-nosuite,0.9028871391076115,0.7563212533966024,0.9736842105263158,0.9473684210526315,0,0,0.9736842105263158,0.7894736842105263,,0.9736842105263158,0.9473684210526315,0,0,0.9736842105263158,0.7894736842105263,,0.9736842105263158,0.9473684210526315,0,0,0.9736842105263158,0.7894736842105263,,0.9736842105263158,0.9473684210526315,0,0,0.9736842105263158,0.7894736842105263,
volcanoes-a3,mlp-nosuite,0.9028871391076115,0.9750776702663615,1.0,1.0,0,0,1.0,1.0,1.0,1.0,1.0,0,0,1.0,1.0,1.0,1.0,1.0,0,0,1.0,1.0,1.0,1.0,1.0,0,0,1.0,1.0,1.0
volcanoes-a3,mlp-nosuite,0.9028871391076115,0.3496253328195154,0.9210526315789473,0.8947368421052632,0,0,0.8947368421052632,0.868421052631579,,0.9210526315789473,0.8947368421052632,0,0,0.8947368421052632,0.868421052631579,,0.9210526315789473,0.8947368421052632,0,0,0.8947368421052632,0.868421052631579,,0.9210526315789473,0.8947368421052632,0,0,0.8947368421052632,0.868421052631579,
volcanoes-a3,mlp-nosuite,0.9028871391076115,0.9985746659744257,1.0,1.0,0,0,1.0,1.0,,1.0,1.0,0,0,1.0,1.0,,1.0,1.0,0,0,1.0,1.0,,1.0,1.0,0,0,1.0,1.0,
volcanoes-a3,mlp-nosuite,0.9028871391076115,0.9995681742965264,1.0,1.0,0,0,1.0,0.9736842105263158,,1.0,1.0,0,0,1.0,0.9736842105263158,,1.0,1.0,0,0,1.0,0.9736842105263158,,1.0,1.0,0,0,1.0,0.9736842105263158,
volcanoes-a3,mlp-nosuite,0.9028871391076115,0.9949454596316676,1.0,1.0,0,0,1.0,1.0,1.0,1.0,1.0,0,0,1.0,1.0,1.0,1.0,1.0,0,0,1.0,1.0,1.0,1.0,1.0,0,0,1.0,1.0,1.0
volcanoes-a3,mlp-nosuite,0.9028871391076115,0.9771246664948525,1.0,1.0,0,0,1.0,0.9473684210526315,1.0,1.0,1.0,0,0,1.0,0.9473684210526315,1.0,1.0,1.0,0,0,1.0,0.9473684210526315,1.0,1.0,1.0,0,0,1.0,0.9473684210526315,1.0
volcanoes-a3,mlp-nosuite,0.9028871391076115,0.9959797531475649,1.0,1.0,0,0,1.0,1.0,1.0,1.0,1.0,0,0,1.0,1.0,1.0,1.0,1.0,0,0,1.0,1.0,1.0,1.0,1.0,0,0,1.0,1.0,1.0
volcanoes-a3,mlp-nosuite,0.9028871391076115,0.9690080778245048,1.0,1.0,0,0,1.0,0.8421052631578947,1.0,1.0,1.0,0,0,1.0,0.8421052631578947,1.0,1.0,1.0,0,0,1.0,0.8421052631578947,1.0,1.0,1.0,0,0,1.0,0.8421052631578947,1.0
volcanoes-a3,mlp-nosuite,0.9028871391076115,0.9892662101381365,1.0,1.0,0,0,1.0,0.9210526315789473,1.0,1.0,1.0,0,0,1.0,0.9210526315789473,1.0,1.0,1.0,0,0,1.0,0.9210526315789473,1.0,1.0,1.0,0,0,1.0,0.9210526315789473,1.0
volcanoes-a3,mlp-nosuite,0.9028871391076115,0.9939452190236018,1.0,1.0,0,0,1.0,1.0,1.0,1.0,1.0,0,0,1.0,1.0,1.0,1.0,1.0,0,0,1.0,1.0,1.0,1.0,1.0,0,0,1.0,1.0,1.0
volcanoes-a3,mlp-nosuite,0.9028871391076115,0.6313906734607525,0.9736842105263158,0.9736842105263158,0,0,1.0,1.0,1.0,0.9736842105263158,0.9736842105263158,0,0,1.0,1.0,1.0,0.9736842105263158,0.9736842105263158,0,0,1.0,1.0,1.0,0.9736842105263158,0.9736842105263158,0,0,1.0,1.0,1.0
volcanoes-a3,mlp-nosuite,0.9028871391076115,0.9169104246764908,1.0,1.0,0,0,1.0,1.0,,1.0,1.0,0,0,1.0,1.0,,1.0,1.0,0,0,1.0,1.0,,1.0,1.0,0,0,1.0,1.0,
volcanoes-a3,mlp-nosuite,0.9028871391076115,0.6264534726696457,0.9736842105263158,0.9736842105263158,0,0,0.9210526315789473,0.9210526315789473,,0.9736842105263158,0.9736842105263158,0,0,0.9210526315789473,0.9210526315789473,,0.9736842105263158,0.9736842105263158,0,0,0.9210526315789473,0.9210526315789473,,0.9736842105263158,0.9736842105263158,0,0,0.9210526315789473,0.9210526315789473,
volcanoes-a3,mlp-nosuite,0.9028871391076115,0.8932748151892194,1.0,1.0,0,0,1.0,1.0,,1.0,1.0,0,0,1.0,1.0,,1.0,1.0,0,0,1.0,1.0,,1.0,1.0,0,0,1.0,1.0,
volcanoes-a3,mlp-nosuite,0.9028871391076115,0.9591714735520005,1.0,1.0,0,0,1.0,1.0,1.0,1.0,1.0,0,0,1.0,1.0,1.0,1.0,1.0,0,0,1.0,1.0,1.0,1.0,1.0,0,0,1.0,1.0,1.0
volcanoes-a3,mlp-nosuite,0.9028871391076115,0.9719715008293233,1.0,1.0,0,0,1.0,1.0,1.0,1.0,1.0,0,0,1.0,1.0,1.0,1.0,1.0,0,0,1.0,1.0,1.0,1.0,1.0,0,0,1.0,1.0,1.0
volcanoes-a3,mlp-nosuite,0.9028871391076115,0.9955350684177163,1.0,1.0,0,0,1.0,1.0,1.0,1.0,1.0,0,0,1.0,1.0,1.0,1.0,1.0,0,0,1.0,1.0,1.0,1.0,1.0,0,0,1.0,1.0,1.0
volcanoes-a3,mlp-nosuite,0.9028871391076115,0.9922723923477218,1.0,1.0,0,0,1.0,1.0,,1.0,1.0,0,0,1.0,1.0,,1.0,1.0,0,0,1.0,1.0,,1.0,1.0,0,0,1.0,1.0,
volcanoes-a3,mlp-nosuite,0.9028871391076115,0.9876807913273024,1.0,1.0,0,0,1.0,1.0,1.0,1.0,1.0,0,0,1.0,1.0,1.0,1.0,1.0,0,0,1.0,1.0,1.0,1.0,1.0,0,0,1.0,1.0,1.0
volcanoes-a3,mlp-nosuite,0.9028871391076115,0.9977777893364496,1.0,1.0,0,0,1.0,1.0,1.0,1.0,1.0,0,0,1.0,1.0,1.0,1.0,1.0,0,0,1.0,1.0,1.0,1.0,1.0,0,0,1.0,1.0,1.0
volcanoes-a3,mlp-nosuite,0.9028871391076115,0.8811733817087293,1.0,1.0,0,0,1.0,1.0,1.0,1.0,1.0,0,0,1.0,1.0,1.0,1.0,1.0,0,0,1.0,1.0,1.0,1.0,1.0,0,0,1.0,1.0,1.0
volcanoes-a3,mlp-nosuite,0.9028871391076115,0.9871155093247405,1.0,1.0,0,0,1.0,1.0,1.0,1.0,1.0,0,0,1.0,1.0,1.0,1.0,1.0,0,0,1.0,1.0,1.0,1.0,1.0,0,0,1.0,1.0,1.0
volcanoes-a3,mlp-nosuite,0.9028871391076115,0.5888976016599845,1.0,1.0,0,0,0.9736842105263158,1.0,,1.0,1.0,0,0,0.9736842105263158,1.0,,1.0,1.0,0,0,0.9736842105263158,1.0,,1.0,1.0,0,0,0.9736842105263158,1.0,
volcanoes-a3,mlp-nosuite,0.9028871391076115,0.9957176445447736,1.0,1.0,0,0,1.0,1.0,,1.0,1.0,0,0,1.0,1.0,,1.0,1.0,0,0,1.0,1.0,,1.0,1.0,0,0,1.0,1.0,
volcanoes-a3,mlp-nosuite,0.9028871391076115,0.9954693050519018,1.0,1.0,0,0,1.0,1.0,1.0,1.0,1.0,0,0,1.0,1.0,1.0,1.0,1.0,0,0,1.0,1.0,1.0,1.0,1.0,0,0,1.0,1.0,1.0
volcanoes-a3,mlp-nosuite,0.9028871391076115,0.8284062829710597,1.0,1.0,0,0,1.0,1.0,1.0,1.0,1.0,0,0,1.0,1.0,1.0,1.0,1.0,0,0,1.0,1.0,1.0,1.0,1.0,0,0,1.0,1.0,1.0
volcanoes-a3,mlp-nosuite,0.9028871391076115,0.9980306295055987,1.0,1.0,0,0,1.0,1.0,,1.0,1.0,0,0,1.0,1.0,,1.0,1.0,0,0,1.0,1.0,,1.0,1.0,0,0,1.0,1.0,
volcanoes-a3,mlp-nosuite,0.9028871391076115,0.9980294072868596,1.0,1.0,0,0,1.0,1.0,1.0,1.0,1.0,0,0,1.0,1.0,1.0,1.0,1.0,0,0,1.0,1.0,1.0,1.0,1.0,0,0,1.0,1.0,1.0
volcanoes-a3,mlp-nosuite,0.9028871391076115,0.9984371970054886,1.0,1.0,0,0,1.0,1.0,1.0,1.0,1.0,0,0,1.0,1.0,1.0,1.0,1.0,0,0,1.0,1.0,1.0,1.0,1.0,0,0,1.0,1.0,1.0
volcanoes-a3,mlp-nosuite,0.9028871391076115,0.9994733913511901,1.0,1.0,0,0,1.0,1.0,1.0,1.0,1.0,0,0,1.0,1.0,1.0,1.0,1.0,0,0,1.0,1.0,1.0,1.0,1.0,0,0,1.0,1.0,1.0
volcanoes-a3,mlp-nosuite,0.9028871391076115,0.9959888211728462,1.0,1.0,0,0,1.0,0.9736842105263158,1.0,1.0,1.0,0,0,1.0,0.9736842105263158,1.0,1.0,1.0,0,0,1.0,0.9736842105263158,1.0,1.0,1.0,0,0,1.0,0.9736842105263158,1.0
volcanoes-a3,mlp-nosuite,0.9028871391076115,0.7993785073995411,1.0,1.0,0,0,0.9736842105263158,1.0,,1.0,1.0,0,0,0.9736842105263158,1.0,,1.0,1.0,0,0,0.9736842105263158,1.0,,1.0,1.0,0,0,0.9736842105263158,1.0,
volcanoes-a3,mlp-nosuite,0.9028871391076115,0.980845019111347,1.0,1.0,0,0,1.0,1.0,1.0,1.0,1.0,0,0,1.0,1.0,1.0,1.0,1.0,0,0,1.0,1.0,1.0,1.0,1.0,0,0,1.0,1.0,1.0
volcanoes-a3,mlp-nosuite,0.9028871391076115,0.9996341633709566,1.0,1.0,0,0,1.0,1.0,,1.0,1.0,0,0,1.0,1.0,,1.0,1.0,0,0,1.0,1.0,,1.0,1.0,0,0,1.0,1.0,
volcanoes-a3,mlp-nosuite,0.9028871391076115,0.8715717713086881,1.0,1.0,0,0,1.0,0.9210526315789473,1.0,1.0,1.0,0,0,1.0,0.9210526315789473,1.0,1.0,1.0,0,0,1.0,0.9210526315789473,1.0,1.0,1.0,0,0,1.0,0.9210526315789473,1.0
volcanoes-a3,mlp-nosuite,0.9028871391076115,0.94351585572234,1.0,1.0,0,0,1.0,1.0,1.0,1.0,1.0,0,0,1.0,1.0,1.0,1.0,1.0,0,0,1.0,1.0,1.0,1.0,1.0,0,0,1.0,1.0,1.0
volcanoes-a3,mlp-nosuite,0.9028871391076115,0.9925145157060258,1.0,1.0,0,0,1.0,1.0,1.0,1.0,1.0,0,0,1.0,1.0,1.0,1.0,1.0,0,0,1.0,1.0,1.0,1.0,1.0,0,0,1.0,1.0,1.0
volcanoes-a3,mlp-nosuite,0.9028871391076115,0.7451412352749462,1.0,1.0,0,0,1.0,0.9736842105263158,,1.0,1.0,0,0,1.0,0.9736842105263158,,1.0,1.0,0,0,1.0,0.9736842105263158,,1.0,1.0,0,0,1.0,0.9736842105263158,
volcanoes-a3,mlp-nosuite,0.9028871391076115,0.9948759015605063,1.0,1.0,0,0,1.0,1.0,,1.0,1.0,0,0,1.0,1.0,,1.0,1.0,0,0,1.0,1.0,,1.0,1.0,0,0,1.0,1.0,
volcanoes-a3,mlp-nosuite,0.9028871391076115,0.9980710471788452,1.0,1.0,0,0,1.0,1.0,1.0,1.0,1.0,0,0,1.0,1.0,1.0,1.0,1.0,0,0,1.0,1.0,1.0,1.0,1.0,0,0,1.0,1.0,1.0
volcanoes-a3,mlp-nosuite,0.9028871391076115,0.3733548049251307,0.8157894736842105,0.6842105263157895,0,0,0.7631578947368421,0.8157894736842105,0.7631578947368421,0.8157894736842105,0.6842105263157895,0,0,0.7631578947368421,0.8157894736842105,0.7631578947368421,0.8157894736842105,0.6842105263157895,0,0,0.7631578947368421,0.8157894736842105,0.7631578947368421,0.8157894736842104,0.6842105263157895,0,0,0.7631578947368421,0.8157894736842104,0.7631578947368421
volcanoes-a3,mlp-nosuite,0.9028871391076115,0.996123193056777,1.0,1.0,0,0,1.0,1.0,1.0,1.0,1.0,0,0,1.0,1.0,1.0,1.0,1.0,0,0,1.0,1.0,1.0,1.0,1.0,0,0,1.0,1.0,1.0
volcanoes-a3,mlp-nosuite,0.9028871391076115,0.9984817514019426,1.0,1.0,0,0,1.0,0.7894736842105263,,1.0,1.0,0,0,1.0,0.7894736842105263,,1.0,1.0,0,0,1.0,0.7894736842105263,,1.0,1.0,0,0,1.0,0.7894736842105263,
volcanoes-a3,mlp-nosuite,0.9028871391076115,0.9643796453109553,1.0,1.0,0,0,1.0,0.9473684210526315,1.0,1.0,1.0,0,0,1.0,0.9473684210526315,1.0,1.0,1.0,0,0,1.0,0.9473684210526315,1.0,1.0,1.0,0,0,1.0,0.9473684210526315,1.0
volcanoes-a3,mlp-nosuite,0.9028871391076115,0.9972305584462509,1.0,1.0,0,0,1.0,1.0,,1.0,1.0,0,0,1.0,1.0,,1.0,1.0,0,0,1.0,1.0,,1.0,1.0,0,0,1.0,1.0,
volcanoes-a3,mlp-nosuite,0.9028871391076115,0.9894640972982238,1.0,1.0,0,0,1.0,1.0,1.0,1.0,1.0,0,0,1.0,1.0,1.0,1.0,1.0,0,0,1.0,1.0,1.0,1.0,1.0,0,0,1.0,1.0,1.0
volcanoes-a3,mlp-nosuite,0.9028871391076115,0.9942036378166053,1.0,1.0,0,0,1.0,0.5789473684210527,1.0,1.0,1.0,0,0,1.0,0.5789473684210527,1.0,1.0,1.0,0,0,1.0,0.5789473684210527,1.0,1.0,1.0,0,0,1.0,0.5789473684210527,1.0
volcanoes-a3,mlp-nosuite,0.9028871391076115,0.9986474951989138,1.0,1.0,0,0,1.0,1.0,,1.0,1.0,0,0,1.0,1.0,,1.0,1.0,0,0,1.0,1.0,,1.0,1.0,0,0,1.0,1.0,
volcanoes-a3,mlp-nosuite,0.9028871391076115,0.9888018631767314,1.0,1.0,0,0,1.0,1.0,,1.0,1.0,0,0,1.0,1.0,,1.0,1.0,0,0,1.0,1.0,,1.0,1.0,0,0,1.0,1.0,
volcanoes-a4,mlp-nosuite,0.9076517150395779,0.9982237351622875,1.0,1.0,0,0,1.0,0.7567567567567568,1.0,1.0,1.0,0,0,1.0,0.7567567567567568,1.0,1.0,1.0,0,0,1.0,0.7567567567567568,1.0,1.0,1.0,0,0,1.0,0.7567567567567567,1.0
volcanoes-a4,mlp-nosuite,0.9076517150395779,0.9868592422134926,1.0,1.0,0,0,1.0,1.0,,1.0,1.0,0,0,1.0,1.0,,1.0,1.0,0,0,1.0,1.0,,1.0,1.0,0,0,1.0,1.0,
volcanoes-a4,mlp-nosuite,0.9076517150395779,0.9793692092636617,1.0,1.0,0,0,1.0,1.0,1.0,1.0,1.0,0,0,1.0,1.0,1.0,1.0,1.0,0,0,1.0,1.0,1.0,1.0,1.0,0,0,1.0,1.0,1.0
volcanoes-a4,mlp-nosuite,0.9076517150395779,0.9925492927228277,1.0,1.0,0,0,1.0,,,1.0,1.0,0,0,1.0,,,1.0,1.0,0,0,1.0,,,1.0,1.0,0,0,1.0,,
volcanoes-a4,mlp-nosuite,0.9076517150395779,0.38711613432357367,0.8918918918918919,0.972972972972973,0,0,0.8648648648648649,0.7027027027027027,0.43243243243243246,0.8918918918918919,0.972972972972973,0,0,0.8648648648648649,0.7027027027027027,0.43243243243243246,0.8918918918918919,0.972972972972973,0,0,0.8648648648648649,0.7027027027027027,0.43243243243243246,0.8918918918918919,0.972972972972973,0,0,0.8648648648648649,0.7027027027027027,0.43243243243243246
volcanoes-a4,mlp-nosuite,0.9076517150395779,0.9905117656786773,1.0,1.0,0,0,1.0,1.0,1.0,1.0,1.0,0,0,1.0,1.0,1.0,1.0,1.0,0,0,1.0,1.0,1.0,1.0,1.0,0,0,1.0,1.0,1.0
volcanoes-a4,mlp-nosuite,0.9076517150395779,0.9017625557090915,0.972972972972973,1.0,0,0,1.0,0.8108108108108109,1.0,0.972972972972973,1.0,0,0,1.0,0.8108108108108109,1.0,0.972972972972973,1.0,0,0,1.0,0.8108108108108109,1.0,0.972972972972973,1.0,0,0,1.0,0.8108108108108109,1.0
volcanoes-a4,mlp-nosuite,0.9076517150395779,0.9605955433718233,1.0,1.0,0,0,1.0,1.0,1.0,1.0,1.0,0,0,1.0,1.0,1.0,1.0,1.0,0,0,1.0,1.0,1.0,1.0,1.0,0,0,1.0,1.0,1.0
volcanoes-a4,mlp-nosuite,0.9076517150395779,0.9766038332620056,1.0,1.0,0,0,1.0,1.0,1.0,1.0,1.0,0,0,1.0,1.0,1.0,1.0,1.0,0,0,1.0,1.0,1.0,1.0,1.0,0,0,1.0,1.0,1.0
volcanoes-a4,mlp-nosuite,0.9076517150395779,0.9990170662436518,1.0,1.0,0,0,1.0,1.0,,1.0,1.0,0,0,1.0,1.0,,1.0,1.0,0,0,1.0,1.0,,1.0,1.0,0,0,1.0,1.0,
volcanoes-a4,mlp-nosuite,0.9076517150395779,0.9941668574049716,1.0,1.0,0,0,1.0,1.0,,1.0,1.0,0,0,1.0,1.0,,1.0,1.0,0,0,1.0,1.0,,1.0,1.0,0,0,1.0,1.0,
volcanoes-a4,mlp-nosuite,0.9076517150395779,0.9965173020455977,1.0,1.0,0,0,1.0,1.0,,1.0,1.0,0,0,1.0,1.0,,1.0,1.0,0,0,1.0,1.0,,1.0,1.0,0,0,1.0,1.0,
volcanoes-a4,mlp-nosuite,0.9076517150395779,0.9976893068999575,1.0,1.0,0,0,1.0,1.0,1.0,1.0,1.0,0,0,1.0,1.0,1.0,1.0,1.0,0,0,1.0,1.0,1.0,1.0,1.0,0,0,1.0,1.0,1.0
volcanoes-a4,mlp-nosuite,0.9076517150395779,0.9942945628385534,1.0,1.0,0,0,1.0,1.0,,1.0,1.0,0,0,1.0,1.0,,1.0,1.0,0,0,1.0,1.0,,1.0,1.0,0,0,1.0,1.0,
volcanoes-a4,mlp-nosuite,0.9076517150395779,0.9935330330398007,1.0,1.0,0,0,1.0,1.0,1.0,1.0,1.0,0,0,1.0,1.0,1.0,1.0,1.0,0,0,1.0,1.0,1.0,1.0,1.0,0,0,1.0,1.0,1.0
volcanoes-a4,mlp-nosuite,0.9076517150395779,0.9978857074854071,1.0,1.0,0,0,1.0,1.0,1.0,1.0,1.0,0,0,1.0,1.0,1.0,1.0,1.0,0,0,1.0,1.0,1.0,1.0,1.0,0,0,1.0,1.0,1.0
volcanoes-a4,mlp-nosuite,0.9076517150395779,0.997795538096774,1.0,1.0,0,0,1.0,0.4864864864864865,,1.0,1.0,0,0,1.0,0.4864864864864865,,1.0,1.0,0,0,1.0,0.4864864864864865,,1.0,1.0,0,0,1.0,0.4864864864864865,
volcanoes-a4,mlp-nosuite,0.9076517150395779,0.9874586337872647,1.0,1.0,0,0,1.0,1.0,,1.0,1.0,0,0,1.0,1.0,,1.0,1.0,0,0,1.0,1.0,,1.0,1.0,0,0,1.0,1.0,
volcanoes-a4,mlp-nosuite,0.9076517150395779,0.985457208703564,1.0,1.0,0,0,1.0,1.0,1.0,1.0,1.0,0,0,1.0,1.0,1.0,1.0,1.0,0,0,1.0,1.0,1.0,1.0,1.0,0,0,1.0,1.0,1.0
volcanoes-a4,mlp-nosuite,0.9076517150395779,0.9899449317054138,1.0,1.0,0,0,1.0,0.7837837837837838,,1.0,1.0,0,0,1.0,0.7837837837837838,,1.0,1.0,0,0,1.0,0.7837837837837838,,1.0,1.0,0,0,1.0,0.7837837837837838,
volcanoes-a4,mlp-nosuite,0.9076517150395779,0.43250291313523914,0.8918918918918919,0.8648648648648649,0,0,0.7297297297297297,0.8378378378378378,0.8918918918918919,0.8918918918918919,0.8648648648648649,0,0,0.7297297297297297,0.8378378378378378,0.8918918918918919,0.8918918918918919,0.8648648648648649,0,0,0.7297297297297297,0.8378378378378378,0.8918918918918919,0.8918918918918919,0.8648648648648649,0,0,0.7297297297297297,0.8378378378378378,0.8918918918918919
volcanoes-a4,mlp-nosuite,0.9076517150395779,0.995872538588616,1.0,1.0,0,0,1.0,1.0,,1.0,1.0,0,0,1.0,1.0,,1.0,1.0,0,0,1.0,1.0,,1.0,1.0,0,0,1.0,1.0,
volcanoes-a4,mlp-nosuite,0.9076517150395779,0.9968118560076695,1.0,1.0,0,0,1.0,1.0,,1.0,1.0,0,0,1.0,1.0,,1.0,1.0,0,0,1.0,1.0,,1.0,1.0,0,0,1.0,1.0,
volcanoes-a4,mlp-nosuite,0.9076517150395779,0.5963894227556987,0.972972972972973,0.972972972972973,0,0,0.9459459459459459,0.7837837837837838,0.9459459459459459,0.972972972972973,0.972972972972973,0,0,0.9459459459459459,0.7837837837837838,0.9459459459459459,0.972972972972973,0.972972972972973,0,0,0.9459459459459459,0.7837837837837838,0.9459459459459459,0.972972972972973,0.972972972972973,0,0,0.9459459459459459,0.7837837837837838,0.9459459459459459
volcanoes-a4,mlp-nosuite,0.9076517150395779,0.9900739926608774,1.0,1.0,0,0,1.0,1.0,,1.0,1.0,0,0,1.0,1.0,,1.0,1.0,0,0,1.0,1.0,,1.0,1.0,0,0,1.0,1.0,
volcanoes-a4,mlp-nosuite,0.9076517150395779,0.990863310025264,1.0,1.0,0,0,1.0,1.0,,1.0,1.0,0,0,1.0,1.0,,1.0,1.0,0,0,1.0,1.0,,1.0,1.0,0,0,1.0,1.0,
volcanoes-a4,mlp-nosuite,0.9076517150395779,0.9704753926245728,1.0,1.0,0,0,1.0,1.0,1.0,1.0,1.0,0,0,1.0,1.0,1.0,1.0,1.0,0,0,1.0,1.0,1.0,1.0,1.0,0,0,1.0,1.0,1.0
volcanoes-a4,mlp-nosuite,0.9076517150395779,0.9963477722955534,1.0,1.0,0,0,1.0,1.0,,1.0,1.0,0,0,1.0,1.0,,1.0,1.0,0,0,1.0,1.0,,1.0,1.0,0,0,1.0,1.0,
volcanoes-a4,mlp-nosuite,0.9076517150395779,0.9603807830492438,1.0,1.0,0,0,1.0,1.0,,1.0,1.0,0,0,1.0,1.0,,1.0,1.0,0,0,1.0,1.0,,1.0,1.0,0,0,1.0,1.0,
volcanoes-a4,mlp-nosuite,0.9076517150395779,0.9908337864124289,1.0,1.0,0,0,1.0,1.0,1.0,1.0,1.0,0,0,1.0,1.0,1.0,1.0,1.0,0,0,1.0,1.0,1.0,1.0,1.0,0,0,1.0,1.0,1.0
volcanoes-a4,mlp-nosuite,0.9076517150395779,0.774236131838462,1.0,1.0,0,0,1.0,1.0,1.0,1.0,1.0,0,0,1.0,1.0,1.0,1.0,1.0,0,0,1.0,1.0,1.0,1.0,1.0,0,0,1.0,1.0,1.0
volcanoes-a4,mlp-nosuite,0.9076517150395779,0.954364802516309,1.0,1.0,0,0,1.0,1.0,1.0,1.0,1.0,0,0,1.0,1.0,1.0,1.0,1.0,0,0,1.0,1.0,1.0,1.0,1.0,0,0,1.0,1.0,1.0
volcanoes-a4,mlp-nosuite,0.9076517150395779,0.28854993984188754,0.918918918918919,0.9459459459459459,0,0,0.8648648648648649,0.8648648648648649,0.8918918918918919,0.918918918918919,0.9459459459459459,0,0,0.8648648648648649,0.8648648648648649,0.8918918918918919,0.918918918918919,0.9459459459459459,0,0,0.8648648648648649,0.8648648648648649,0.8918918918918919,0.918918918918919,0.9459459459459459,0,0,0.8648648648648649,0.8648648648648649,0.8918918918918919
volcanoes-a4,mlp-nosuite,0.9076517150395779,0.9623188095561716,1.0,1.0,0,0,1.0,,,1.0,1.0,0,0,1.0,,,1.0,1.0,0,0,1.0,,,1.0,1.0,0,0,1.0,,
volcanoes-a4,mlp-nosuite,0.9076517150395779,0.9919798137016846,1.0,1.0,0,0,1.0,0.918918918918919,,1.0,1.0,0,0,1.0,0.918918918918919,,1.0,1.0,0,0,1.0,0.918918918918919,,1.0,1.0,0,0,1.0,0.918918918918919,
volcanoes-a4,mlp-nosuite,0.9076517150395779,0.9959039504815115,1.0,1.0,0,0,1.0,1.0,1.0,1.0,1.0,0,0,1.0,1.0,1.0,1.0,1.0,0,0,1.0,1.0,1.0,1.0,1.0,0,0,1.0,1.0,1.0
volcanoes-a4,mlp-nosuite,0.9076517150395779,0.9345278819478242,1.0,1.0,0,0,1.0,1.0,,1.0,1.0,0,0,1.0,1.0,,1.0,1.0,0,0,1.0,1.0,,1.0,1.0,0,0,1.0,1.0,
volcanoes-a4,mlp-nosuite,0.9076517150395779,0.9890613977648739,1.0,1.0,0,0,1.0,1.0,1.0,1.0,1.0,0,0,1.0,1.0,1.0,1.0,1.0,0,0,1.0,1.0,1.0,1.0,1.0,0,0,1.0,1.0,1.0
volcanoes-a4,mlp-nosuite,0.9076517150395779,0.5472253447623249,0.972972972972973,1.0,0,0,0.972972972972973,0.8108108108108109,0.972972972972973,0.972972972972973,1.0,0,0,0.972972972972973,0.8108108108108109,0.972972972972973,0.972972972972973,1.0,0,0,0.972972972972973,0.8108108108108109,0.972972972972973,0.972972972972973,1.0,0,0,0.972972972972973,0.8108108108108109,0.972972972972973
volcanoes-a4,mlp-nosuite,0.9076517150395779,0.9386934105537443,1.0,1.0,0,0,1.0,1.0,1.0,1.0,1.0,0,0,1.0,1.0,1.0,1.0,1.0,0,0,1.0,1.0,1.0,1.0,1.0,0,0,1.0,1.0,1.0
volcanoes-a4,mlp-nosuite,0.9076517150395779,0.9836638498042811,1.0,1.0,0,0,1.0,1.0,,1.0,1.0,0,0,1.0,1.0,,1.0,1.0,0,0,1.0,1.0,,1.0,1.0,0,0,1.0,1.0,
volcanoes-a4,mlp-nosuite,0.9076517150395779,0.9782460398911869,1.0,1.0,0,0,1.0,0.9459459459459459,,1.0,1.0,0,0,1.0,0.9459459459459459,,1.0,1.0,0,0,1.0,0.9459459459459459,,1.0,1.0,0,0,1.0,0.9459459459459459,
volcanoes-a4,mlp-nosuite,0.9076517150395779,0.9847599639867182,1.0,1.0,0,0,1.0,1.0,1.0,1.0,1.0,0,0,1.0,1.0,1.0,1.0,1.0,0,0,1.0,1.0,1.0,1.0,1.0,0,0,1.0,1.0,1.0
volcanoes-a4,mlp-nosuite,0.9076517150395779,0.968794620602702,1.0,1.0,0,0,1.0,0.8918918918918919,1.0,1.0,1.0,0,0,1.0,0.8918918918918919,1.0,1.0,1.0,0,0,1.0,0.8918918918918919,1.0,1.0,1.0,0,0,1.0,0.8918918918918919,1.0
volcanoes-a4,mlp-nosuite,0.9076517150395779,0.9814658422255714,1.0,1.0,0,0,1.0,1.0,1.0,1.0,1.0,0,0,1.0,1.0,1.0,1.0,1.0,0,0,1.0,1.0,1.0,1.0,1.0,0,0,1.0,1.0,1.0
volcanoes-a4,mlp-nosuite,0.9076517150395779,0.8884998423999334,1.0,1.0,0,0,1.0,1.0,1.0,1.0,1.0,0,0,1.0,1.0,1.0,1.0,1.0,0,0,1.0,1.0,1.0,1.0,1.0,0,0,1.0,1.0,1.0
volcanoes-a4,mlp-nosuite,0.9076517150395779,0.9974520747877116,1.0,1.0,0,0,1.0,,1.0,1.0,1.0,0,0,1.0,,1.0,1.0,1.0,0,0,1.0,,1.0,1.0,1.0,0,0,1.0,,1.0
volcanoes-e1,mlp-nosuite,0.918918918918919,0.9990146559100397,1.0,1.0,0,0,1.0,,,1.0,1.0,0,0,1.0,,,1.0,1.0,0,0,1.0,,,1.0,1.0,0,0,1.0,,
volcanoes-e1,mlp-nosuite,0.918918918918919,0.9887054720853641,1.0,1.0,0,0,1.0,,,1.0,1.0,0,0,1.0,,,1.0,1.0,0,0,1.0,,,1.0,1.0,0,0,1.0,,
volcanoes-e1,mlp-nosuite,0.918918918918919,0.9981906598023639,1.0,1.0,0,0,1.0,,,1.0,1.0,0,0,1.0,,,1.0,1.0,0,0,1.0,,,1.0,1.0,0,0,1.0,,
volcanoes-e1,mlp-nosuite,0.918918918918919,0.998856031403498,1.0,1.0,0,0,1.0,,,1.0,1.0,0,0,1.0,,,1.0,1.0,0,0,1.0,,,1.0,1.0,0,0,1.0,,
volcanoes-e1,mlp-nosuite,0.918918918918919,0.9988387896851688,1.0,1.0,0,0,1.0,,,1.0,1.0,0,0,1.0,,,1.0,1.0,0,0,1.0,,,1.0,1.0,0,0,1.0,,
volcanoes-e1,mlp-nosuite,0.918918918918919,0.7305801894128724,0.9655172413793104,0.9655172413793104,0,0,0.9655172413793104,,,0.9655172413793104,0.9655172413793104,0,0,0.9655172413793104,,,0.9655172413793104,0.9655172413793104,0,0,0.9655172413793104,,,0.9655172413793104,0.9655172413793104,0,0,0.9655172413793104,,
volcanoes-e1,mlp-nosuite,0.918918918918919,0.9974902908239451,1.0,1.0,0,0,1.0,,,1.0,1.0,0,0,1.0,,,1.0,1.0,0,0,1.0,,,1.0,1.0,0,0,1.0,,
volcanoes-e1,mlp-nosuite,0.918918918918919,0.946742782054873,1.0,1.0,0,0,1.0,,,1.0,1.0,0,0,1.0,,,1.0,1.0,0,0,1.0,,,1.0,1.0,0,0,1.0,,
volcanoes-e1,mlp-nosuite,0.918918918918919,0.9915968908790564,1.0,1.0,0,0,1.0,,,1.0,1.0,0,0,1.0,,,1.0,1.0,0,0,1.0,,,1.0,1.0,0,0,1.0,,
volcanoes-e1,mlp-nosuite,0.918918918918919,0.8410976226856158,1.0,1.0,0,0,1.0,,,1.0,1.0,0,0,1.0,,,1.0,1.0,0,0,1.0,,,1.0,1.0,0,0,1.0,,
volcanoes-e1,mlp-nosuite,0.918918918918919,0.9824611841416511,1.0,1.0,0,0,1.0,,,1.0,1.0,0,0,1.0,,,1.0,1.0,0,0,1.0,,,1.0,1.0,0,0,1.0,,
volcanoes-e1,mlp-nosuite,0.918918918918919,0.8819726473663048,1.0,1.0,0,0,1.0,,,1.0,1.0,0,0,1.0,,,1.0,1.0,0,0,1.0,,,1.0,1.0,0,0,1.0,,
volcanoes-e1,mlp-nosuite,0.918918918918919,0.9694173682350252,1.0,1.0,0,0,1.0,,,1.0,1.0,0,0,1.0,,,1.0,1.0,0,0,1.0,,,1.0,1.0,0,0,1.0,,
volcanoes-e1,mlp-nosuite,0.918918918918919,0.7482696019319227,1.0,1.0,0,0,1.0,,,1.0,1.0,0,0,1.0,,,1.0,1.0,0,0,1.0,,,1.0,1.0,0,0,1.0,,
volcanoes-e1,mlp-nosuite,0.918918918918919,0.9520506774695735,1.0,1.0,0,0,1.0,,,1.0,1.0,0,0,1.0,,,1.0,1.0,0,0,1.0,,,1.0,1.0,0,0,1.0,,
volcanoes-e1,mlp-nosuite,0.918918918918919,0.9873355869672665,1.0,1.0,0,0,1.0,,,1.0,1.0,0,0,1.0,,,1.0,1.0,0,0,1.0,,,1.0,1.0,0,0,1.0,,
volcanoes-e1,mlp-nosuite,0.918918918918919,0.9433236679582749,1.0,1.0,0,0,1.0,,,1.0,1.0,0,0,1.0,,,1.0,1.0,0,0,1.0,,,1.0,1.0,0,0,1.0,,
volcanoes-e1,mlp-nosuite,0.918918918918919,0.9867613050504636,1.0,1.0,0,0,1.0,,,1.0,1.0,0,0,1.0,,,1.0,1.0,0,0,1.0,,,1.0,1.0,0,0,1.0,,
volcanoes-e1,mlp-nosuite,0.918918918918919,0.8679882206369295,1.0,1.0,0,0,1.0,,,1.0,1.0,0,0,1.0,,,1.0,1.0,0,0,1.0,,,1.0,1.0,0,0,1.0,,
volcanoes-e1,mlp-nosuite,0.918918918918919,0.5912021688918155,0.9310344827586207,0.9655172413793104,0,0,0.9655172413793104,,0.9655172413793104,0.9310344827586207,0.9655172413793104,0,0,0.9655172413793104,,0.9655172413793104,0.9310344827586207,0.9655172413793104,0,0,0.9655172413793104,,0.9655172413793104,0.9310344827586207,0.9655172413793104,0,0,0.9655172413793104,,0.9655172413793104
volcanoes-e1,mlp-nosuite,0.918918918918919,0.8860541755061789,1.0,1.0,0,0,1.0,,,1.0,1.0,0,0,1.0,,,1.0,1.0,0,0,1.0,,,1.0,1.0,0,0,1.0,,
volcanoes-e1,mlp-nosuite,0.918918918918919,0.998344566372766,1.0,1.0,0,0,1.0,,,1.0,1.0,0,0,1.0,,,1.0,1.0,0,0,1.0,,,1.0,1.0,0,0,1.0,,
volcanoes-e1,mlp-nosuite,0.918918918918919,0.9487177384937167,1.0,1.0,0,0,1.0,,,1.0,1.0,0,0,1.0,,,1.0,1.0,0,0,1.0,,,1.0,1.0,0,0,1.0,,
volcanoes-e1,mlp-nosuite,0.918918918918919,0.9019527658372608,1.0,1.0,0,0,1.0,,,1.0,1.0,0,0,1.0,,,1.0,1.0,0,0,1.0,,,1.0,1.0,0,0,1.0,,
volcanoes-e1,mlp-nosuite,0.918918918918919,0.6688183046856834,1.0,1.0,0,0,1.0,,,1.0,1.0,0,0,1.0,,,1.0,1.0,0,0,1.0,,,1.0,1.0,0,0,1.0,,
volcanoes-e1,mlp-nosuite,0.918918918918919,0.9990708599183411,1.0,1.0,0,0,1.0,,,1.0,1.0,0,0,1.0,,,1.0,1.0,0,0,1.0,,,1.0,1.0,0,0,1.0,,
volcanoes-e1,mlp-nosuite,0.918918918918919,0.9967541504770164,1.0,1.0,0,0,1.0,,,1.0,1.0,0,0,1.0,,,1.0,1.0,0,0,1.0,,,1.0,1.0,0,0,1.0,,
volcanoes-e1,mlp-nosuite,0.918918918918919,0.9822582643507728,1.0,1.0,0,0,1.0,,,1.0,1.0,0,0,1.0,,,1.0,1.0,0,0,1.0,,,1.0,1.0,0,0,1.0,,
volcanoes-e1,mlp-nosuite,0.918918918918919,0.9174268374430303,1.0,1.0,0,0,1.0,,,1.0,1.0,0,0,1.0,,,1.0,1.0,0,0,1.0,,,1.0,1.0,0,0,1.0,,
volcanoes-e1,mlp-nosuite,0.918918918918919,0.8057211538724937,1.0,1.0,0,0,1.0,,,1.0,1.0,0,0,1.0,,,1.0,1.0,0,0,1.0,,,1.0,1.0,0,0,1.0,,
volcanoes-e1,mlp-nosuite,0.918918918918919,0.8509239764987772,1.0,1.0,0,0,1.0,,,1.0,1.0,0,0,1.0,,,1.0,1.0,0,0,1.0,,,1.0,1.0,0,0,1.0,,
volcanoes-e1,mlp-nosuite,0.918918918918919,0.935716588292289,1.0,1.0,0,0,1.0,,,1.0,1.0,0,0,1.0,,,1.0,1.0,0,0,1.0,,,1.0,1.0,0,0,1.0,,
volcanoes-e1,mlp-nosuite,0.918918918918919,0.9935916253780659,1.0,1.0,0,0,1.0,,,1.0,1.0,0,0,1.0,,,1.0,1.0,0,0,1.0,,,1.0,1.0,0,0,1.0,,
volcanoes-e1,mlp-nosuite,0.918918918918919,0.7881970042122027,1.0,1.0,0,0,1.0,,,1.0,1.0,0,0,1.0,,,1.0,1.0,0,0,1.0,,,1.0,1.0,0,0,1.0,,
volcanoes-e1,mlp-nosuite,0.918918918918919,0.636415725010704,1.0,1.0,0,0,1.0,,,1.0,1.0,0,0,1.0,,,1.0,1.0,0,0,1.0,,,1.0,1.0,0,0,1.0,,
volcanoes-e1,mlp-nosuite,0.918918918918919,0.9661235342550972,1.0,1.0,0,0,1.0,,,1.0,1.0,0,0,1.0,,,1.0,1.0,0,0,1.0,,,1.0,1.0,0,0,1.0,,
volcanoes-e1,mlp-nosuite,0.918918918918919,0.9730397852658135,1.0,1.0,0,0,1.0,,,1.0,1.0,0,0,1.0,,,1.0,1.0,0,0,1.0,,,1.0,1.0,0,0,1.0,,
volcanoes-e1,mlp-nosuite,0.918918918918919,0.9938152433697517,1.0,1.0,0,0,1.0,,,1.0,1.0,0,0,1.0,,,1.0,1.0,0,0,1.0,,,1.0,1.0,0,0,1.0,,
volcanoes-e1,mlp-nosuite,0.918918918918919,0.834393379380197,1.0,1.0,0,0,1.0,,,1.0,1.0,0,0,1.0,,,1.0,1.0,0,0,1.0,,,1.0,1.0,0,0,1.0,,
volcanoes-e1,mlp-nosuite,0.918918918918919,0.6223688569427445,1.0,1.0,0,0,1.0,,,1.0,1.0,0,0,1.0,,,1.0,1.0,0,0,1.0,,,1.0,1.0,0,0,1.0,,
volcanoes-e1,mlp-nosuite,0.918918918918919,0.9926350892005573,1.0,1.0,0,0,1.0,,,1.0,1.0,0,0,1.0,,,1.0,1.0,0,0,1.0,,,1.0,1.0,0,0,1.0,,
volcanoes-e1,mlp-nosuite,0.918918918918919,0.9262888360598285,1.0,1.0,0,0,1.0,,,1.0,1.0,0,0,1.0,,,1.0,1.0,0,0,1.0,,,1.0,1.0,0,0,1.0,,
volcanoes-e1,mlp-nosuite,0.918918918918919,0.9853001169482463,1.0,1.0,0,0,1.0,,,1.0,1.0,0,0,1.0,,,1.0,1.0,0,0,1.0,,,1.0,1.0,0,0,1.0,,
volcanoes-e1,mlp-nosuite,0.918918918918919,0.9977333814997992,1.0,1.0,0,0,1.0,,,1.0,1.0,0,0,1.0,,,1.0,1.0,0,0,1.0,,,1.0,1.0,0,0,1.0,,
volcanoes-e1,mlp-nosuite,0.918918918918919,0.5302986372477703,1.0,1.0,0,0,1.0,,,1.0,1.0,0,0,1.0,,,1.0,1.0,0,0,1.0,,,1.0,1.0,0,0,1.0,,
volcanoes-e1,mlp-nosuite,0.918918918918919,0.9879811553309106,1.0,1.0,0,0,1.0,,,1.0,1.0,0,0,1.0,,,1.0,1.0,0,0,1.0,,,1.0,1.0,0,0,1.0,,
volcanoes-e1,mlp-nosuite,0.918918918918919,0.962062697630063,1.0,1.0,0,0,1.0,,1.0,1.0,1.0,0,0,1.0,,1.0,1.0,1.0,0,0,1.0,,1.0,1.0,1.0,0,0,1.0,,1.0
volcanoes-e1,mlp-nosuite,0.918918918918919,0.9805325652165897,1.0,1.0,0,0,1.0,,,1.0,1.0,0,0,1.0,,,1.0,1.0,0,0,1.0,,,1.0,1.0,0,0,1.0,,
volcanoes-e1,mlp-nosuite,0.918918918918919,0.9795932315164706,1.0,1.0,0,0,1.0,,,1.0,1.0,0,0,1.0,,,1.0,1.0,0,0,1.0,,,1.0,1.0,0,0,1.0,,
volcanoes-e1,mlp-nosuite,0.918918918918919,0.9893628623422446,1.0,1.0,0,0,1.0,,,1.0,1.0,0,0,1.0,,,1.0,1.0,0,0,1.0,,,1.0,1.0,0,0,1.0,,
yeast,mlp-nosuite,0.6172506738544474,0.7059430427120151,0.8378378378378378,0.8108108108108109,0,0,0.7837837837837838,,0.7297297297297297,0.8378378378378378,0.8108108108108109,0,0,0.7837837837837838,,0.7297297297297297,0.8378378378378378,0.8108108108108109,0,0,0.7837837837837838,,0.7297297297297297,0.8378378378378378,0.8108108108108109,0,0,0.7837837837837838,,0.7297297297297297
yeast,mlp-nosuite,0.6172506738544474,0.854184224069063,0.972972972972973,0.972972972972973,0,0,0.9459459459459459,0.918918918918919,0.918918918918919,0.972972972972973,0.972972972972973,0,0,0.9459459459459459,0.918918918918919,0.918918918918919,0.972972972972973,0.972972972972973,0,0,0.9459459459459459,0.918918918918919,0.918918918918919,0.972972972972973,0.972972972972973,0,0,0.9459459459459459,0.918918918918919,0.918918918918919
yeast,mlp-nosuite,0.6172506738544474,0.7687061589797701,0.8648648648648649,0.8648648648648649,0,0,0.6756756756756757,,0.9459459459459459,0.8648648648648649,0.8648648648648649,0,0,0.6756756756756757,,0.9459459459459459,0.8648648648648649,0.8648648648648649,0,0,0.6756756756756757,,0.9459459459459459,0.8648648648648649,0.8648648648648649,0,0,0.6756756756756757,,0.9459459459459459
yeast,mlp-nosuite,0.6172506738544474,0.8153871353725672,0.918918918918919,0.972972972972973,0,0,0.972972972972973,,0.8918918918918919,0.918918918918919,0.972972972972973,0,0,0.972972972972973,,0.8918918918918919,0.918918918918919,0.972972972972973,0,0,0.972972972972973,,0.8918918918918919,0.918918918918919,0.972972972972973,0,0,0.972972972972973,,0.8918918918918919
yeast,mlp-nosuite,0.6172506738544474,0.8517713481033629,0.7837837837837838,0.8918918918918919,0,0,0.8108108108108109,,0.8378378378378378,0.7837837837837838,0.8918918918918919,0,0,0.8108108108108109,,0.8378378378378378,0.7837837837837838,0.8918918918918919,0,0,0.8108108108108109,,0.8378378378378378,0.7837837837837838,0.8918918918918919,0,0,0.8108108108108109,,0.8378378378378378
yeast,mlp-nosuite,0.6172506738544474,0.4910007150414382,0.7027027027027027,0.7027027027027027,0,0,0.5675675675675675,,0.6216216216216216,0.7027027027027027,0.7027027027027027,0,0,0.5675675675675675,,0.6216216216216216,0.7027027027027027,0.7027027027027027,0,0,0.5675675675675675,,0.6216216216216216,0.7027027027027027,0.7027027027027027,0,0,0.5675675675675675,,0.6216216216216216
yeast,mlp-nosuite,0.6172506738544474,0.6965870220668589,0.8378378378378378,0.918918918918919,0,0,0.8108108108108109,,0.8648648648648649,0.8378378378378378,0.918918918918919,0,0,0.8108108108108109,,0.8648648648648649,0.8378378378378378,0.918918918918919,0,0,0.8108108108108109,,0.8648648648648649,0.8378378378378378,0.918918918918919,0,0,0.8108108108108109,,0.8648648648648649
yeast,mlp-nosuite,0.6172506738544474,0.6082230414329826,0.8648648648648649,0.918918918918919,0,0,0.8918918918918919,,0.8648648648648649,0.8648648648648649,0.918918918918919,0,0,0.8918918918918919,,0.8648648648648649,0.8648648648648649,0.918918918918919,0,0,0.8918918918918919,,0.8648648648648649,0.8648648648648649,0.918918918918919,0,0,0.8918918918918919,,0.8648648648648649
yeast,mlp-nosuite,0.6172506738544474,0.5307691251774221,0.918918918918919,0.8648648648648649,0,0,0.7837837837837838,,0.8918918918918919,0.918918918918919,0.8648648648648649,0,0,0.7837837837837838,,0.8918918918918919,0.918918918918919,0.8648648648648649,0,0,0.7837837837837838,,0.8918918918918919,0.918918918918919,0.8648648648648649,0,0,0.7837837837837838,,0.8918918918918919
yeast,mlp-nosuite,0.6172506738544474,0.5898136535651094,0.918918918918919,0.9459459459459459,0,0,0.8918918918918919,,0.9459459459459459,0.918918918918919,0.9459459459459459,0,0,0.8918918918918919,,0.9459459459459459,0.918918918918919,0.9459459459459459,0,0,0.8918918918918919,,0.9459459459459459,0.918918918918919,0.9459459459459459,0,0,0.8918918918918919,,0.9459459459459459
yeast,mlp-nosuite,0.6172506738544474,0.9769920903358666,0.972972972972973,0.9459459459459459,0,0,0.9459459459459459,,0.9459459459459459,0.972972972972973,0.9459459459459459,0,0,0.9459459459459459,,0.9459459459459459,0.972972972972973,0.9459459459459459,0,0,0.9459459459459459,,0.9459459459459459,0.972972972972973,0.9459459459459459,0,0,0.9459459459459459,,0.9459459459459459
yeast,mlp-nosuite,0.6172506738544474,0.6550089218997267,0.7027027027027027,0.7297297297297297,0,0,0.7027027027027027,,0.7837837837837838,0.7027027027027027,0.7297297297297297,0,0,0.7027027027027027,,0.7837837837837838,0.7027027027027027,0.7297297297297297,0,0,0.7027027027027027,,0.7837837837837838,0.7027027027027027,0.7297297297297297,0,0,0.7027027027027027,,0.7837837837837838
yeast,mlp-nosuite,0.6172506738544474,0.652156417544897,0.8918918918918919,0.972972972972973,0,0,0.9459459459459459,,0.918918918918919,0.8918918918918919,0.972972972972973,0,0,0.9459459459459459,,0.918918918918919,0.8918918918918919,0.972972972972973,0,0,0.9459459459459459,,0.918918918918919,0.8918918918918919,0.972972972972973,0,0,0.9459459459459459,,0.918918918918919
yeast,mlp-nosuite,0.6172506738544474,0.590686225478177,0.8918918918918919,0.972972972972973,0,0,0.8108108108108109,,0.8918918918918919,0.8918918918918919,0.972972972972973,0,0,0.8108108108108109,,0.8918918918918919,0.8918918918918919,0.972972972972973,0,0,0.8108108108108109,,0.8918918918918919,0.8918918918918919,0.972972972972973,0,0,0.8108108108108109,,0.8918918918918919
yeast,mlp-nosuite,0.6172506738544474,0.8068372530401193,0.918918918918919,0.9459459459459459,0,0,1.0,,0.8648648648648649,0.918918918918919,0.9459459459459459,0,0,1.0,,0.8648648648648649,0.918918918918919,0.9459459459459459,0,0,1.0,,0.8648648648648649,0.918918918918919,0.9459459459459459,0,0,1.0,,0.8648648648648649
yeast,mlp-nosuite,0.6172506738544474,0.48720428480289174,0.8918918918918919,0.8918918918918919,0,0,0.8378378378378378,,0.7567567567567568,0.8918918918918919,0.8918918918918919,0,0,0.8378378378378378,,0.7567567567567568,0.8918918918918919,0.8918918918918919,0,0,0.8378378378378378,,0.7567567567567568,0.8918918918918919,0.8918918918918919,0,0,0.8378378378378378,,0.7567567567567567
yeast,mlp-nosuite,0.6172506738544474,0.7066654959328711,0.7567567567567568,0.918918918918919,0,0,0.9459459459459459,,0.7297297297297297,0.7567567567567568,0.918918918918919,0,0,0.9459459459459459,,0.7297297297297297,0.7567567567567568,0.918918918918919,0,0,0.9459459459459459,,0.7297297297297297,0.7567567567567567,0.918918918918919,0,0,0.9459459459459459,,0.7297297297297297
yeast,mlp-nosuite,0.6172506738544474,0.6383887042040087,0.6756756756756757,0.7837837837837838,0,0,0.6216216216216216,,0.6216216216216216,0.6756756756756757,0.7837837837837838,0,0,0.6216216216216216,,0.6216216216216216,0.6756756756756757,0.7837837837837838,0,0,0.6216216216216216,,0.6216216216216216,0.6756756756756757,0.7837837837837838,0,0,0.6216216216216216,,0.6216216216216216
yeast,mlp-nosuite,0.6172506738544474,0.5399032225517664,0.7027027027027027,0.7567567567567568,0,0,0.6216216216216216,,0.5405405405405406,0.7027027027027027,0.7567567567567568,0,0,0.6216216216216216,,0.5405405405405406,0.7027027027027027,0.7567567567567568,0,0,0.6216216216216216,,0.5405405405405406,0.7027027027027027,0.7567567567567567,0,0,0.6216216216216216,,0.5405405405405406
yeast,mlp-nosuite,0.6172506738544474,0.6402846894575331,0.918918918918919,1.0,0,0,1.0,,0.918918918918919,0.918918918918919,1.0,0,0,1.0,,0.918918918918919,0.918918918918919,1.0,0,0,1.0,,0.918918918918919,0.918918918918919,1.0,0,0,1.0,,0.918918918918919
yeast,mlp-nosuite,0.6172506738544474,0.8270420607641638,0.8918918918918919,0.8648648648648649,0,0,0.8918918918918919,0.8648648648648649,0.8108108108108109,0.8918918918918919,0.8648648648648649,0,0,0.8918918918918919,0.8648648648648649,0.8108108108108109,0.8918918918918919,0.8648648648648649,0,0,0.8918918918918919,0.8648648648648649,0.8108108108108109,0.8918918918918919,0.8648648648648649,0,0,0.8918918918918919,0.8648648648648649,0.8108108108108109
yeast,mlp-nosuite,0.6172506738544474,0.9559665576072347,0.6756756756756757,0.7837837837837838,0,0,0.5675675675675675,,0.6486486486486487,0.6756756756756757,0.7837837837837838,0,0,0.5675675675675675,,0.6486486486486487,0.6756756756756757,0.7837837837837838,0,0,0.5675675675675675,,0.6486486486486487,0.6756756756756757,0.7837837837837838,0,0,0.5675675675675675,,0.6486486486486487
yeast,mlp-nosuite,0.6172506738544474,0.7985630197835285,0.7297297297297297,0.8378378378378378,0,0,0.7027027027027027,,0.8918918918918919,0.7297297297297297,0.8378378378378378,0,0,0.7027027027027027,,0.8918918918918919,0.7297297297297297,0.8378378378378378,0,0,0.7027027027027027,,0.8918918918918919,0.7297297297297297,0.8378378378378378,0,0,0.7027027027027027,,0.8918918918918919
yeast,mlp-nosuite,0.6172506738544474,0.6227046815327231,0.9459459459459459,0.972972972972973,0,0,0.8918918918918919,,0.8918918918918919,0.9459459459459459,0.972972972972973,0,0,0.8918918918918919,,0.8918918918918919,0.9459459459459459,0.972972972972973,0,0,0.8918918918918919,,0.8918918918918919,0.9459459459459459,0.972972972972973,0,0,0.8918918918918919,,0.8918918918918919
yeast,mlp-nosuite,0.6172506738544474,0.5224487399404436,0.8648648648648649,0.9459459459459459,0,0,0.7567567567567568,,0.7027027027027027,0.8648648648648649,0.9459459459459459,0,0,0.7567567567567568,,0.7027027027027027,0.8648648648648649,0.9459459459459459,0,0,0.7567567567567568,,0.7027027027027027,0.8648648648648649,0.9459459459459459,0,0,0.7567567567567567,,0.7027027027027027
yeast,mlp-nosuite,0.6172506738544474,0.3891855150835529,0.8108108108108109,0.8648648648648649,0,0,0.5945945945945946,,0.7297297297297297,0.8108108108108109,0.8648648648648649,0,0,0.5945945945945946,,0.7297297297297297,0.8108108108108109,0.8648648648648649,0,0,0.5945945945945946,,0.7297297297297297,0.8108108108108109,0.8648648648648649,0,0,0.5945945945945946,,0.7297297297297297
yeast,mlp-nosuite,0.6172506738544474,0.5911790368740227,0.8648648648648649,0.8648648648648649,0,0,0.8648648648648649,,0.8108108108108109,0.8648648648648649,0.8648648648648649,0,0,0.8648648648648649,,0.8108108108108109,0.8648648648648649,0.8648648648648649,0,0,0.8648648648648649,,0.8108108108108109,0.8648648648648649,0.8648648648648649,0,0,0.8648648648648649,,0.8108108108108109
yeast,mlp-nosuite,0.6172506738544474,0.629670593848274,0.918918918918919,0.918918918918919,0,0,0.8648648648648649,,0.918918918918919,0.918918918918919,0.918918918918919,0,0,0.8648648648648649,,0.918918918918919,0.918918918918919,0.918918918918919,0,0,0.8648648648648649,,0.918918918918919,0.918918918918919,0.918918918918919,0,0,0.8648648648648649,,0.918918918918919
yeast,mlp-nosuite,0.6172506738544474,0.5658438576331523,0.8648648648648649,1.0,0,0,0.972972972972973,,0.8648648648648649,0.8648648648648649,1.0,0,0,0.972972972972973,,0.8648648648648649,0.8648648648648649,1.0,0,0,0.972972972972973,,0.8648648648648649,0.8648648648648649,1.0,0,0,0.972972972972973,,0.8648648648648649
yeast,mlp-nosuite,0.6172506738544474,0.7187024376961156,0.9459459459459459,0.8378378378378378,0,0,0.918918918918919,,0.8918918918918919,0.9459459459459459,0.8378378378378378,0,0,0.918918918918919,,0.8918918918918919,0.9459459459459459,0.8378378378378378,0,0,0.918918918918919,,0.8918918918918919,0.9459459459459459,0.8378378378378378,0,0,0.918918918918919,,0.8918918918918919
yeast,mlp-nosuite,0.6172506738544474,0.5913711080016002,0.8108108108108109,0.8108108108108109,0,0,0.7837837837837838,,0.8378378378378378,0.8108108108108109,0.8108108108108109,0,0,0.7837837837837838,,0.8378378378378378,0.8108108108108109,0.8108108108108109,0,0,0.7837837837837838,,0.8378378378378378,0.8108108108108109,0.8108108108108109,0,0,0.7837837837837838,,0.8378378378378378
yeast,mlp-nosuite,0.6172506738544474,0.5682644820982953,0.8918918918918919,0.8648648648648649,0,0,0.8378378378378378,,0.8648648648648649,0.8918918918918919,0.8648648648648649,0,0,0.8378378378378378,,0.8648648648648649,0.8918918918918919,0.8648648648648649,0,0,0.8378378378378378,,0.8648648648648649,0.8918918918918919,0.8648648648648649,0,0,0.8378378378378378,,0.8648648648648649
yeast,mlp-nosuite,0.6172506738544474,0.5213467113424698,0.918918918918919,0.8648648648648649,0,0,0.8918918918918919,,0.6486486486486487,0.918918918918919,0.8648648648648649,0,0,0.8918918918918919,,0.6486486486486487,0.918918918918919,0.8648648648648649,0,0,0.8918918918918919,,0.6486486486486487,0.918918918918919,0.8648648648648649,0,0,0.8918918918918919,,0.6486486486486487
yeast,mlp-nosuite,0.6172506738544474,0.5031306686464653,0.7837837837837838,0.7567567567567568,0,0,0.7297297297297297,,0.7297297297297297,0.7837837837837838,0.7567567567567568,0,0,0.7297297297297297,,0.7297297297297297,0.7837837837837838,0.7567567567567568,0,0,0.7297297297297297,,0.7297297297297297,0.7837837837837838,0.7567567567567567,0,0,0.7297297297297297,,0.7297297297297297
yeast,mlp-nosuite,0.6172506738544474,0.5884111482706388,0.972972972972973,0.918918918918919,0,0,0.7567567567567568,,0.918918918918919,0.972972972972973,0.918918918918919,0,0,0.7567567567567568,,0.918918918918919,0.972972972972973,0.918918918918919,0,0,0.7567567567567568,,0.918918918918919,0.972972972972973,0.918918918918919,0,0,0.7567567567567567,,0.918918918918919
yeast,mlp-nosuite,0.6172506738544474,0.7866950662633221,0.7837837837837838,0.7567567567567568,0,0,0.6756756756756757,,0.7567567567567568,0.7837837837837838,0.7567567567567568,0,0,0.6756756756756757,,0.7567567567567568,0.7837837837837838,0.7567567567567568,0,0,0.6756756756756757,,0.7567567567567568,0.7837837837837838,0.7567567567567567,0,0,0.6756756756756757,,0.7567567567567567
yeast,mlp-nosuite,0.6172506738544474,0.5447268803985967,0.6486486486486487,0.6756756756756757,0,0,0.7837837837837838,,0.5945945945945946,0.6486486486486487,0.6756756756756757,0,0,0.7837837837837838,,0.5945945945945946,0.6486486486486487,0.6756756756756757,0,0,0.7837837837837838,,0.5945945945945946,0.6486486486486487,0.6756756756756757,0,0,0.7837837837837838,,0.5945945945945946
yeast,mlp-nosuite,0.6172506738544474,0.8144204226766092,0.9459459459459459,0.9459459459459459,0,0,0.918918918918919,,0.8378378378378378,0.9459459459459459,0.9459459459459459,0,0,0.918918918918919,,0.8378378378378378,0.9459459459459459,0.9459459459459459,0,0,0.918918918918919,,0.8378378378378378,0.9459459459459459,0.9459459459459459,0,0,0.918918918918919,,0.8378378378378378
yeast,mlp-nosuite,0.6172506738544474,0.8891864317831109,0.9459459459459459,1.0,0,0,1.0,,0.918918918918919,0.9459459459459459,1.0,0,0,1.0,,0.918918918918919,0.9459459459459459,1.0,0,0,1.0,,0.918918918918919,0.9459459459459459,1.0,0,0,1.0,,0.918918918918919
yeast,mlp-nosuite,0.6172506738544474,0.28133881938989935,0.8648648648648649,1.0,0,0,0.918918918918919,,0.7297297297297297,0.8648648648648649,1.0,0,0,0.918918918918919,,0.7297297297297297,0.8648648648648649,1.0,0,0,0.918918918918919,,0.7297297297297297,0.8648648648648649,1.0,0,0,0.918918918918919,,0.7297297297297297
yeast,mlp-nosuite,0.6172506738544474,0.6859127235089117,0.8918918918918919,0.8918918918918919,0,0,0.9459459459459459,,0.8378378378378378,0.8918918918918919,0.8918918918918919,0,0,0.9459459459459459,,0.8378378378378378,0.8918918918918919,0.8918918918918919,0,0,0.9459459459459459,,0.8378378378378378,0.8918918918918919,0.8918918918918919,0,0,0.9459459459459459,,0.8378378378378378
yeast,mlp-nosuite,0.6172506738544474,0.6731378428486091,0.8918918918918919,0.9459459459459459,0,0,0.918918918918919,,0.8648648648648649,0.8918918918918919,0.9459459459459459,0,0,0.918918918918919,,0.8648648648648649,0.8918918918918919,0.9459459459459459,0,0,0.918918918918919,,0.8648648648648649,0.8918918918918919,0.9459459459459459,0,0,0.918918918918919,,0.8648648648648649
yeast,mlp-nosuite,0.6172506738544474,0.35038552062983414,0.7837837837837838,0.8108108108108109,0,0,0.8378378378378378,,0.5945945945945946,0.7837837837837838,0.8108108108108109,0,0,0.8378378378378378,,0.5945945945945946,0.7837837837837838,0.8108108108108109,0,0,0.8378378378378378,,0.5945945945945946,0.7837837837837838,0.8108108108108109,0,0,0.8378378378378378,,0.5945945945945946
yeast,mlp-nosuite,0.6172506738544474,0.6058491647689342,0.6756756756756757,0.7027027027027027,0,0,0.7567567567567568,,0.7837837837837838,0.6756756756756757,0.7027027027027027,0,0,0.7567567567567568,,0.7837837837837838,0.6756756756756757,0.7027027027027027,0,0,0.7567567567567568,,0.7837837837837838,0.6756756756756757,0.7027027027027027,0,0,0.7567567567567567,,0.7837837837837838
yeast,mlp-nosuite,0.6172506738544474,0.9422417409954973,0.8648648648648649,0.9459459459459459,0,0,0.8378378378378378,,0.8648648648648649,0.8648648648648649,0.9459459459459459,0,0,0.8378378378378378,,0.8648648648648649,0.8648648648648649,0.9459459459459459,0,0,0.8378378378378378,,0.8648648648648649,0.8648648648648649,0.9459459459459459,0,0,0.8378378378378378,,0.8648648648648649
yeast,mlp-nosuite,0.6172506738544474,0.7328804053498051,0.918918918918919,0.9459459459459459,0,0,0.9459459459459459,,0.9459459459459459,0.918918918918919,0.9459459459459459,0,0,0.9459459459459459,,0.9459459459459459,0.918918918918919,0.9459459459459459,0,0,0.9459459459459459,,0.9459459459459459,0.918918918918919,0.9459459459459459,0,0,0.9459459459459459,,0.9459459459459459
yeast,mlp-nosuite,0.6172506738544474,0.3486443412971777,0.918918918918919,1.0,0,0,0.9459459459459459,,0.8648648648648649,0.918918918918919,1.0,0,0,0.9459459459459459,,0.8648648648648649,0.918918918918919,1.0,0,0,0.9459459459459459,,0.8648648648648649,0.918918918918919,1.0,0,0,0.9459459459459459,,0.8648648648648649
yeast,mlp-nosuite,0.6172506738544474,0.6434217995854417,0.9459459459459459,0.9459459459459459,0,0,0.8918918918918919,,0.9459459459459459,0.9459459459459459,0.9459459459459459,0,0,0.8918918918918919,,0.9459459459459459,0.9459459459459459,0.9459459459459459,0,0,0.8918918918918919,,0.9459459459459459,0.9459459459459459,0.9459459459459459,0,0,0.8918918918918919,,0.9459459459459459
yeast,mlp-nosuite,0.6172506738544474,0.7272889805060853,0.7297297297297297,0.7567567567567568,0,0,0.8648648648648649,,0.8918918918918919,0.7297297297297297,0.7567567567567568,0,0,0.8648648648648649,,0.8918918918918919,0.7297297297297297,0.7567567567567568,0,0,0.8648648648648649,,0.8918918918918919,0.7297297297297297,0.7567567567567567,0,0,0.8648648648648649,,0.8918918918918919
yeast,mlp-nosuite,0.6172506738544474,0.8009345249963874,0.8108108108108109,0.8378378378378378,0,0,0.8648648648648649,,0.8648648648648649,0.8108108108108109,0.8378378378378378,0,0,0.8648648648648649,,0.8648648648648649,0.8108108108108109,0.8378378378378378,0,0,0.8648648648648649,,0.8648648648648649,0.8108108108108109,0.8378378378378378,0,0,0.8648648648648649,,0.8648648648648649
rmftsa,mlp-nosuite,0.51953125,0.4392036268962049,1.0,1.0,0,0,0.96,,1.0,1.0,1.0,0,0,0.96,,1.0,1.0,1.0,0,0,0.96,,1.0,1.0,1.0,0,0,0.96,,1.0
rmftsa,mlp-nosuite,0.51953125,0.4680882890516091,0.8,0.96,0,0,0.88,,0.92,0.8,0.96,0,0,0.88,,0.92,0.8,0.96,0,0,0.88,,0.92,0.8000000000000002,0.96,0,0,0.88,,0.92
rmftsa,mlp-nosuite,0.51953125,0.38564920294868216,0.44,0.84,0,0,0.88,,0.32,0.44,0.84,0,0,0.88,,0.32,0.44,0.84,0,0,0.88,,0.32,0.44,0.8399999999999999,0,0,0.88,,0.32
rmftsa,mlp-nosuite,0.51953125,0.4703688216831583,0.6,0.76,0,0,0.72,,0.6,0.6,0.76,0,0,0.72,,0.6,0.6,0.76,0,0,0.72,,0.6,0.6,0.76,0,0,0.72,,0.6
rmftsa,mlp-nosuite,0.51953125,0.6230154375875949,1.0,1.0,0,0,1.0,,1.0,1.0,1.0,0,0,1.0,,1.0,1.0,1.0,0,0,1.0,,1.0,1.0,1.0,0,0,1.0,,1.0
rmftsa,mlp-nosuite,0.51953125,0.520291675712967,1.0,1.0,0,0,1.0,,1.0,1.0,1.0,0,0,1.0,,1.0,1.0,1.0,0,0,1.0,,1.0,1.0,1.0,0,0,1.0,,1.0
rmftsa,mlp-nosuite,0.51953125,0.4226854137332023,0.72,0.8,0,0,0.96,,0.72,0.72,0.8,0,0,0.96,,0.72,0.72,0.8,0,0,0.96,,0.72,0.72,0.8000000000000002,0,0,0.96,,0.72
rmftsa,mlp-nosuite,0.51953125,0.5311366699227706,1.0,1.0,0,0,1.0,,1.0,1.0,1.0,0,0,1.0,,1.0,1.0,1.0,0,0,1.0,,1.0,1.0,1.0,0,0,1.0,,1.0
rmftsa,mlp-nosuite,0.51953125,0.49625395118885585,0.72,0.84,0,0,0.88,,0.88,0.72,0.84,0,0,0.88,,0.88,0.72,0.84,0,0,0.88,,0.88,0.72,0.8399999999999999,0,0,0.88,,0.88
rmftsa,mlp-nosuite,0.51953125,0.5158761279858914,1.0,1.0,0,0,1.0,,1.0,1.0,1.0,0,0,1.0,,1.0,1.0,1.0,0,0,1.0,,1.0,1.0,1.0,0,0,1.0,,1.0
rmftsa,mlp-nosuite,0.51953125,0.7531628560102336,1.0,1.0,0,0,1.0,,1.0,1.0,1.0,0,0,1.0,,1.0,1.0,1.0,0,0,1.0,,1.0,1.0,1.0,0,0,1.0,,1.0
rmftsa,mlp-nosuite,0.51953125,0.5581282006345757,0.72,1.0,0,0,1.0,,0.88,0.72,1.0,0,0,1.0,,0.88,0.72,1.0,0,0,1.0,,0.88,0.72,1.0,0,0,1.0,,0.88
rmftsa,mlp-nosuite,0.51953125,0.4892391385789344,0.56,1.0,0,0,0.96,,0.96,0.56,1.0,0,0,0.96,,0.96,0.56,1.0,0,0,0.96,,0.96,0.56,1.0,0,0,0.96,,0.96
rmftsa,mlp-nosuite,0.51953125,0.44989282848458323,0.36,0.92,0,0,0.92,,0.92,0.36,0.92,0,0,0.92,,0.92,0.36,0.92,0,0,0.92,,0.92,0.36,0.92,0,0,0.92,,0.92
rmftsa,mlp-nosuite,0.51953125,0.5014428846574492,1.0,1.0,0,0,1.0,,1.0,1.0,1.0,0,0,1.0,,1.0,1.0,1.0,0,0,1.0,,1.0,1.0,1.0,0,0,1.0,,1.0
rmftsa,mlp-nosuite,0.51953125,0.5396897232801114,0.56,0.96,0,0,0.96,,0.96,0.56,0.96,0,0,0.96,,0.96,0.56,0.96,0,0,0.96,,0.96,0.56,0.96,0,0,0.96,,0.96
rmftsa,mlp-nosuite,0.51953125,0.35938128953713677,0.4,1.0,0,0,1.0,,0.88,0.4,1.0,0,0,1.0,,0.88,0.4,1.0,0,0,1.0,,0.88,0.4000000000000001,1.0,0,0,1.0,,0.88
rmftsa,mlp-nosuite,0.51953125,0.5158761279858914,1.0,1.0,0,0,1.0,,1.0,1.0,1.0,0,0,1.0,,1.0,1.0,1.0,0,0,1.0,,1.0,1.0,1.0,0,0,1.0,,1.0
rmftsa,mlp-nosuite,0.51953125,0.5456845771163488,0.48,1.0,0,0,0.88,,1.0,0.48,1.0,0,0,0.88,,1.0,0.48,1.0,0,0,0.88,,1.0,0.48,1.0,0,0,0.88,,1.0
rmftsa,mlp-nosuite,0.51953125,0.5783612720130417,1.0,1.0,0,0,1.0,,1.0,1.0,1.0,0,0,1.0,,1.0,1.0,1.0,0,0,1.0,,1.0,1.0,1.0,0,0,1.0,,1.0
rmftsa,mlp-nosuite,0.51953125,0.4456303814003765,1.0,1.0,0,0,1.0,,1.0,1.0,1.0,0,0,1.0,,1.0,1.0,1.0,0,0,1.0,,1.0,1.0,1.0,0,0,1.0,,1.0
rmftsa,mlp-nosuite,0.51953125,0.4288145439547315,0.48,0.76,0,0,0.92,,0.68,0.48,0.76,0,0,0.92,,0.68,0.48,0.76,0,0,0.92,,0.68,0.48,0.76,0,0,0.92,,0.68
rmftsa,mlp-nosuite,0.51953125,0.3624132567773058,0.68,1.0,0,0,0.6,,0.6,0.68,1.0,0,0,0.6,,0.6,0.68,1.0,0,0,0.6,,0.6,0.68,1.0,0,0,0.6,,0.6
rmftsa,mlp-nosuite,0.51953125,0.6780616434441902,1.0,1.0,0,0,1.0,,1.0,1.0,1.0,0,0,1.0,,1.0,1.0,1.0,0,0,1.0,,1.0,1.0,1.0,0,0,1.0,,1.0
rmftsa,mlp-nosuite,0.51953125,0.3611232315319938,0.6,0.76,0,0,0.84,,0.76,0.6,0.76,0,0,0.84,,0.76,0.6,0.76,0,0,0.84,,0.76,0.6,0.76,0,0,0.8399999999999999,,0.76
rmftsa,mlp-nosuite,0.51953125,0.4401701803855752,0.48,0.88,0,0,0.92,,0.56,0.48,0.88,0,0,0.92,,0.56,0.48,0.88,0,0,0.92,,0.56,0.48,0.88,0,0,0.92,,0.56
rmftsa,mlp-nosuite,0.51953125,0.3485186007507078,0.88,0.96,0,0,0.96,,0.08,0.88,0.96,0,0,0.96,,0.08,0.88,0.96,0,0,0.96,,0.08,0.88,0.96,0,0,0.96,,0.08
rmftsa,mlp-nosuite,0.51953125,0.37886713392700194,0.44,0.92,0,0,0.56,,0.52,0.44,0.92,0,0,0.56,,0.52,0.44,0.92,0,0,0.56,,0.52,0.44,0.92,0,0,0.56,,0.52
rmftsa,mlp-nosuite,0.51953125,0.38827933639630735,0.92,1.0,0,0,0.92,,0.92,0.92,1.0,0,0,0.92,,0.92,0.92,1.0,0,0,0.92,,0.92,0.92,1.0,0,0,0.92,,0.92
rmftsa,mlp-nosuite,0.51953125,0.4475831013526873,0.56,1.0,0,0,0.96,,0.68,0.56,1.0,0,0,0.96,,0.68,0.56,1.0,0,0,0.96,,0.68,0.56,1.0,0,0,0.96,,0.68
rmftsa,mlp-nosuite,0.51953125,0.4438870522930624,0.88,0.96,0,0,0.72,,0.88,0.88,0.96,0,0,0.72,,0.88,0.88,0.96,0,0,0.72,,0.88,0.88,0.96,0,0,0.72,,0.88
rmftsa,mlp-nosuite,0.51953125,0.5132620708641707,0.56,0.96,0,0,0.96,,0.96,0.56,0.96,0,0,0.96,,0.96,0.56,0.96,0,0,0.96,,0.96,0.56,0.96,0,0,0.96,,0.96
rmftsa,mlp-nosuite,0.51953125,0.44989282848458323,0.36,0.92,0,0,0.92,,0.92,0.36,0.92,0,0,0.92,,0.92,0.36,0.92,0,0,0.92,,0.92,0.36,0.92,0,0,0.92,,0.92
rmftsa,mlp-nosuite,0.51953125,0.5127439525902301,0.76,1.0,0,0,0.84,,1.0,0.76,1.0,0,0,0.84,,1.0,0.76,1.0,0,0,0.84,,1.0,0.76,1.0,0,0,0.8399999999999999,,1.0
rmftsa,mlp-nosuite,0.51953125,0.4265822353234696,0.96,1.0,0,0,0.56,,0.96,0.96,1.0,0,0,0.56,,0.96,0.96,1.0,0,0,0.56,,0.96,0.96,1.0,0,0,0.56,,0.96
rmftsa,mlp-nosuite,0.51953125,0.31291340953320335,0.76,0.8,0,0,0.68,,0.92,0.76,0.8,0,0,0.68,,0.92,0.76,0.8,0,0,0.68,,0.92,0.76,0.8000000000000002,0,0,0.68,,0.92
rmftsa,mlp-nosuite,0.51953125,0.7474234009596294,1.0,1.0,0,0,0.92,,1.0,1.0,1.0,0,0,0.92,,1.0,1.0,1.0,0,0,0.92,,1.0,1.0,1.0,0,0,0.92,,1.0
rmftsa,mlp-nosuite,0.51953125,0.7021555422619946,0.52,0.8,0,0,0.8,,0.44,0.52,0.8,0,0,0.8,,0.44,0.52,0.8,0,0,0.8,,0.44,0.52,0.8000000000000002,0,0,0.8000000000000002,,0.44
rmftsa,mlp-nosuite,0.51953125,0.6693014042358258,1.0,1.0,0,0,1.0,,1.0,1.0,1.0,0,0,1.0,,1.0,1.0,1.0,0,0,1.0,,1.0,1.0,1.0,0,0,1.0,,1.0
rmftsa,mlp-nosuite,0.51953125,0.6072713925299179,0.52,0.92,0,0,0.84,,0.6,0.52,0.92,0,0,0.84,,0.6,0.52,0.92,0,0,0.84,,0.6,0.52,0.92,0,0,0.8399999999999999,,0.6
rmftsa,mlp-nosuite,0.51953125,0.5333874826807956,0.52,1.0,0,0,0.96,,0.72,0.52,1.0,0,0,0.96,,0.72,0.52,1.0,0,0,0.96,,0.72,0.52,1.0,0,0,0.96,,0.72
rmftsa,mlp-nosuite,0.51953125,0.5418247329734285,0.48,1.0,0,0,0.8,,0.96,0.48,1.0,0,0,0.8,,0.96,0.48,1.0,0,0,0.8,,0.96,0.48,1.0,0,0,0.8000000000000002,,0.96
rmftsa,mlp-nosuite,0.51953125,0.395107974859115,0.96,1.0,0,0,1.0,,0.96,0.96,1.0,0,0,1.0,,0.96,0.96,1.0,0,0,1.0,,0.96,0.96,1.0,0,0,1.0,,0.96
rmftsa,mlp-nosuite,0.51953125,0.38335667942516033,0.6,0.76,0,0,0.72,,0.6,0.6,0.76,0,0,0.72,,0.6,0.6,0.76,0,0,0.72,,0.6,0.6,0.76,0,0,0.72,,0.6
rmftsa,mlp-nosuite,0.51953125,0.7040457232294485,0.68,0.96,0,0,0.68,,0.84,0.68,0.96,0,0,0.68,,0.84,0.68,0.96,0,0,0.68,,0.84,0.68,0.96,0,0,0.68,,0.8399999999999999
rmftsa,mlp-nosuite,0.51953125,0.5158761279858914,1.0,1.0,0,0,1.0,,1.0,1.0,1.0,0,0,1.0,,1.0,1.0,1.0,0,0,1.0,,1.0,1.0,1.0,0,0,1.0,,1.0
rmftsa,mlp-nosuite,0.51953125,0.395107974859115,0.96,1.0,0,0,1.0,,0.96,0.96,1.0,0,0,1.0,,0.96,0.96,1.0,0,0,1.0,,0.96,0.96,1.0,0,0,1.0,,0.96
rmftsa,mlp-nosuite,0.51953125,0.3153505181775724,0.76,0.88,0,0,0.72,,0.76,0.76,0.88,0,0,0.72,,0.76,0.76,0.88,0,0,0.72,,0.76,0.76,0.88,0,0,0.72,,0.76
rmftsa,mlp-nosuite,0.51953125,0.3824358787610816,0.6,0.76,0,0,0.72,,0.8,0.6,0.76,0,0,0.72,,0.8,0.6,0.76,0,0,0.72,,0.8,0.6,0.76,0,0,0.72,,0.8000000000000002
rmftsa,mlp-nosuite,0.51953125,0.44653845367383727,0.44,0.92,0,0,0.84,,0.92,0.44,0.92,0,0,0.84,,0.92,0.44,0.92,0,0,0.84,,0.92,0.44,0.92,0,0,0.8399999999999999,,0.92
banknote-authentication,mlp-nosuite,1.0,0.9996715727380836,1.0,1.0,0,0,0.9117647058823529,0.9117647058823529,1.0,1.0,1.0,0,0,1.0,1.0,1.0,1.0,1.0,0,0,0.9117647058823529,0.9117647058823529,1.0,1.0,1.0,0,0,0.9538461538461539,0.9538461538461539,1.0
banknote-authentication,mlp-nosuite,1.0,0.9999907078329328,1.0,1.0,0,0,1.0,0.9705882352941176,1.0,1.0,1.0,0,0,1.0,1.0,1.0,1.0,1.0,0,0,1.0,0.9705882352941176,1.0,1.0,1.0,0,0,1.0,0.9850746268656716,1.0
banknote-authentication,mlp-nosuite,1.0,0.9995782616221618,0.9705882352941176,1.0,0,0,0.9705882352941176,0.9411764705882353,1.0,1.0,1.0,0,0,1.0,1.0,1.0,0.9705882352941176,1.0,0,0,0.9705882352941176,0.9411764705882353,1.0,0.9850746268656716,1.0,0,0,0.9850746268656716,0.9696969696969697,1.0
banknote-authentication,mlp-nosuite,1.0,0.9967715715625176,0.8235294117647058,1.0,0,0,0.9705882352941176,0.9411764705882353,0.9411764705882353,1.0,1.0,0,0,1.0,1.0,1.0,0.8235294117647058,1.0,0,0,0.9705882352941176,0.9411764705882353,0.9411764705882353,0.9032258064516129,1.0,0,0,0.9850746268656716,0.9696969696969697,0.9696969696969697
banknote-authentication,mlp-nosuite,1.0,0.9995319645941872,1.0,0.9705882352941176,0,0,0.8823529411764706,0.8529411764705882,0.8529411764705882,1.0,0.96875,0,0,1.0,1.0,0.9642857142857143,1.0,1.0,0,0,0.8709677419354839,0.8387096774193549,0.8709677419354839,1.0,0.9841269841269841,0,0,0.9310344827586207,0.9122807017543859,0.9152542372881356
banknote-authentication,mlp-nosuite,1.0,0.9999965941274134,1.0,1.0,0,0,0.9705882352941176,0.7058823529411765,0.7941176470588235,1.0,1.0,0,0,0.9583333333333334,0.696969696969697,0.7666666666666667,1.0,1.0,0,0,1.0,1.0,1.0,1.0,1.0,0,0,0.9787234042553191,0.8214285714285715,0.8679245283018869
banknote-authentication,mlp-nosuite,1.0,0.9997851658725867,1.0,1.0,0,0,1.0,1.0,1.0,1.0,1.0,0,0,1.0,1.0,1.0,1.0,1.0,0,0,1.0,1.0,1.0,1.0,1.0,0,0,1.0,1.0,1.0
banknote-authentication,mlp-nosuite,1.0,0.9999687248528396,1.0,1.0,0,0,1.0,1.0,1.0,1.0,1.0,0,0,1.0,1.0,1.0,1.0,1.0,0,0,1.0,1.0,1.0,1.0,1.0,0,0,1.0,1.0,1.0
banknote-authentication,mlp-nosuite,1.0,0.9989479501283376,1.0,1.0,0,0,0.9705882352941176,0.7058823529411765,0.9411764705882353,1.0,1.0,0,0,1.0,0.8275862068965517,0.9354838709677419,1.0,1.0,0,0,0.9655172413793104,0.8275862068965517,1.0,1.0,1.0,0,0,0.9824561403508771,0.8275862068965517,0.9666666666666666
banknote-authentication,mlp-nosuite,1.0,0.999903852748675,1.0,1.0,0,0,1.0,0.9705882352941176,1.0,1.0,1.0,0,0,1.0,1.0,1.0,1.0,1.0,0,0,1.0,0.9705882352941176,1.0,1.0,1.0,0,0,1.0,0.9850746268656716,1.0
banknote-authentication,mlp-nosuite,1.0,0.9593156939090443,0.9705882352941176,1.0,0,0,1.0,0.8823529411764706,0.9117647058823529,1.0,1.0,0,0,1.0,0.8333333333333334,1.0,0.9375,1.0,0,0,1.0,0.9375,0.8125,0.967741935483871,1.0,0,0,1.0,0.8823529411764706,0.896551724137931
banknote-authentication,mlp-nosuite,1.0,0.999892351065744,1.0,0.9705882352941176,0,0,1.0,0.9117647058823529,1.0,1.0,0.9705882352941176,0,0,1.0,0.96875,1.0,1.0,1.0,0,0,1.0,0.9393939393939394,1.0,1.0,0.9850746268656716,0,0,1.0,0.9538461538461539,1.0
banknote-authentication,mlp-nosuite,1.0,0.9999825994563841,1.0,1.0,0,0,0.9117647058823529,1.0,1.0,1.0,1.0,0,0,1.0,1.0,1.0,1.0,1.0,0,0,0.9117647058823529,1.0,1.0,1.0,1.0,0,0,0.9538461538461539,1.0,1.0
banknote-authentication,mlp-nosuite,1.0,0.9998616390009727,0.9705882352941176,1.0,0,0,0.9705882352941176,1.0,1.0,1.0,1.0,0,0,1.0,1.0,1.0,0.9705882352941176,1.0,0,0,0.9705882352941176,1.0,1.0,0.9850746268656716,1.0,0,0,0.9850746268656716,1.0,1.0
banknote-authentication,mlp-nosuite,1.0,0.9847440936365887,1.0,0.9705882352941176,0,0,0.8235294117647058,0.7647058823529411,0.8529411764705882,1.0,0.9705882352941176,0,0,1.0,0.9629629629629629,1.0,1.0,1.0,0,0,0.8181818181818182,0.7878787878787878,0.8484848484848485,1.0,0.9850746268656716,0,0,0.9,0.8666666666666665,0.9180327868852458
banknote-authentication,mlp-nosuite,1.0,0.999598764649163,1.0,0.9705882352941176,0,0,0.9117647058823529,0.7352941176470589,0.8529411764705882,1.0,1.0,0,0,1.0,1.0,1.0,1.0,0.967741935483871,0,0,0.9032258064516129,0.7096774193548387,0.8387096774193549,1.0,0.9836065573770492,0,0,0.9491525423728813,0.8301886792452831,0.9122807017543859
banknote-authentication,mlp-nosuite,1.0,0.9997890372479821,1.0,0.9705882352941176,0,0,0.9705882352941176,0.6764705882352942,1.0,1.0,1.0,0,0,1.0,1.0,1.0,1.0,0.967741935483871,0,0,0.967741935483871,0.6451612903225806,1.0,1.0,0.9836065573770492,0,0,0.9836065573770492,0.7843137254901961,1.0
banknote-authentication,mlp-nosuite,1.0,0.9959960580579492,0.9705882352941176,1.0,0,0,1.0,0.7058823529411765,0.8529411764705882,1.0,1.0,0,0,1.0,1.0,0.9545454545454546,0.96,1.0,0,0,1.0,0.6,0.84,0.9795918367346939,1.0,0,0,1.0,0.7499999999999999,0.8936170212765958
banknote-authentication,mlp-nosuite,1.0,0.9999649128497563,1.0,1.0,0,0,1.0,0.9705882352941176,1.0,1.0,1.0,0,0,1.0,1.0,1.0,1.0,1.0,0,0,1.0,0.9705882352941176,1.0,1.0,1.0,0,0,1.0,0.9850746268656716,1.0
banknote-authentication,mlp-nosuite,1.0,0.9999842347552793,1.0,1.0,0,0,1.0,1.0,1.0,1.0,1.0,0,0,1.0,1.0,1.0,1.0,1.0,0,0,1.0,1.0,1.0,1.0,1.0,0,0,1.0,1.0,1.0
banknote-authentication,mlp-nosuite,1.0,0.9999975413414801,1.0,1.0,0,0,1.0,0.7058823529411765,0.7352941176470589,1.0,1.0,0,0,1.0,0.6875,0.7096774193548387,1.0,1.0,0,0,1.0,1.0,1.0,1.0,1.0,0,0,1.0,0.8148148148148148,0.8301886792452831
banknote-authentication,mlp-nosuite,1.0,0.9958053479484174,0.7941176470588235,0.9705882352941176,0,0,0.9411764705882353,0.6470588235294118,1.0,1.0,0.9696969696969697,0,0,1.0,1.0,1.0,0.78125,1.0,0,0,0.9375,0.625,1.0,0.8771929824561403,0.9846153846153847,0,0,0.967741935483871,0.7692307692307693,1.0
banknote-authentication,mlp-nosuite,1.0,0.9999339841516157,1.0,1.0,0,0,1.0,1.0,1.0,1.0,1.0,0,0,1.0,1.0,1.0,1.0,1.0,0,0,1.0,1.0,1.0,1.0,1.0,0,0,1.0,1.0,1.0
banknote-authentication,mlp-nosuite,1.0,0.9999116842643319,1.0,1.0,0,0,1.0,1.0,1.0,1.0,1.0,0,0,1.0,1.0,1.0,1.0,1.0,0,0,1.0,1.0,1.0,1.0,1.0,0,0,1.0,1.0,1.0
banknote-authentication,mlp-nosuite,1.0,0.8737376421163819,0.9705882352941176,1.0,0,0,1.0,0.6176470588235294,0.9117647058823529,1.0,1.0,0,0,1.0,0.5714285714285714,1.0,0.9285714285714286,1.0,0,0,1.0,0.2857142857142857,0.7857142857142857,0.962962962962963,1.0,0,0,1.0,0.38095238095238093,0.88
banknote-authentication,mlp-nosuite,1.0,0.999922722621713,1.0,1.0,0,0,1.0,1.0,1.0,1.0,1.0,0,0,1.0,1.0,1.0,1.0,1.0,0,0,1.0,1.0,1.0,1.0,1.0,0,0,1.0,1.0,1.0
banknote-authentication,mlp-nosuite,1.0,0.9991779122263149,1.0,1.0,0,0,0.9411764705882353,0.6764705882352942,0.9117647058823529,1.0,1.0,0,0,1.0,1.0,1.0,1.0,1.0,0,0,0.9411764705882353,0.6764705882352942,0.9117647058823529,1.0,1.0,0,0,0.9696969696969697,0.8070175438596492,0.9538461538461539
banknote-authentication,mlp-nosuite,1.0,0.9998863983704348,1.0,1.0,0,0,1.0,0.9705882352941176,1.0,1.0,1.0,0,0,1.0,1.0,1.0,1.0,1.0,0,0,1.0,0.9705882352941176,1.0,1.0,1.0,0,0,1.0,0.9850746268656716,1.0
banknote-authentication,mlp-nosuite,1.0,0.693438046194788,1.0,1.0,0,0,1.0,0.9117647058823529,0.7941176470588235,1.0,1.0,0,0,1.0,0.8333333333333334,1.0,1.0,1.0,0,0,1.0,1.0,0.5333333333333333,1.0,1.0,0,0,1.0,0.9090909090909091,0.6956521739130436
banknote-authentication,mlp-nosuite,1.0,0.9999787367599922,1.0,1.0,0,0,1.0,0.8529411764705882,1.0,1.0,1.0,0,0,1.0,1.0,1.0,1.0,1.0,0,0,1.0,0.8529411764705882,1.0,1.0,1.0,0,0,1.0,0.9206349206349206,1.0
banknote-authentication,mlp-nosuite,1.0,0.9999830581315201,0.9705882352941176,1.0,0,0,1.0,1.0,1.0,1.0,1.0,0,0,1.0,1.0,1.0,0.9705882352941176,1.0,0,0,1.0,1.0,1.0,0.9850746268656716,1.0,0,0,1.0,1.0,1.0
banknote-authentication,mlp-nosuite,1.0,0.9999735141022849,1.0,1.0,0,0,1.0,0.9117647058823529,1.0,1.0,1.0,0,0,1.0,1.0,1.0,1.0,1.0,0,0,1.0,0.9117647058823529,1.0,1.0,1.0,0,0,1.0,0.9538461538461539,1.0
banknote-authentication,mlp-nosuite,1.0,0.9994582287945061,1.0,1.0,0,0,1.0,1.0,0.6176470588235294,1.0,1.0,0,0,1.0,1.0,1.0,1.0,1.0,0,0,1.0,1.0,0.5,1.0,1.0,0,0,1.0,1.0,0.6666666666666666
banknote-authentication,mlp-nosuite,1.0,0.9998488396954847,1.0,1.0,0,0,1.0,1.0,1.0,1.0,1.0,0,0,1.0,1.0,1.0,1.0,1.0,0,0,1.0,1.0,1.0,1.0,1.0,0,0,1.0,1.0,1.0
banknote-authentication,mlp-nosuite,1.0,0.9984030036343169,0.9705882352941176,0.9705882352941176,0,0,1.0,0.7941176470588235,0.9411764705882353,1.0,1.0,0,0,1.0,1.0,1.0,0.9705882352941176,0.9705882352941176,0,0,1.0,0.7941176470588235,0.9411764705882353,0.9850746268656716,0.9850746268656716,0,0,1.0,0.8852459016393442,0.9696969696969697
banknote-authentication,mlp-nosuite,1.0,0.9999184920739265,1.0,1.0,0,0,1.0,1.0,0.9705882352941176,1.0,1.0,0,0,1.0,1.0,1.0,1.0,1.0,0,0,1.0,1.0,0.9705882352941176,1.0,1.0,0,0,1.0,1.0,0.9850746268656716
banknote-authentication,mlp-nosuite,1.0,0.9998511179374847,1.0,1.0,0,0,1.0,0.9705882352941176,1.0,1.0,1.0,0,0,1.0,1.0,1.0,1.0,1.0,0,0,1.0,0.9705882352941176,1.0,1.0,1.0,0,0,1.0,0.9850746268656716,1.0
banknote-authentication,mlp-nosuite,1.0,0.9990029623781582,1.0,1.0,0,0,1.0,0.9411764705882353,1.0,1.0,1.0,0,0,1.0,1.0,1.0,1.0,1.0,0,0,1.0,0.9411764705882353,1.0,1.0,1.0,0,0,1.0,0.9696969696969697,1.0
banknote-authentication,mlp-nosuite,1.0,0.9987745826604794,1.0,1.0,0,0,0.9705882352941176,0.9705882352941176,1.0,1.0,1.0,0,0,1.0,1.0,1.0,1.0,1.0,0,0,0.9705882352941176,0.9705882352941176,1.0,1.0,1.0,0,0,0.9850746268656716,0.9850746268656716,1.0
banknote-authentication,mlp-nosuite,1.0,0.9997748265878384,1.0,1.0,0,0,1.0,1.0,1.0,1.0,1.0,0,0,1.0,1.0,1.0,1.0,1.0,0,0,1.0,1.0,1.0,1.0,1.0,0,0,1.0,1.0,1.0
banknote-authentication,mlp-nosuite,1.0,0.9984740571471774,1.0,0.9705882352941176,0,0,0.9705882352941176,0.5,0.9411764705882353,1.0,0.9705882352941176,0,0,1.0,1.0,1.0,1.0,1.0,0,0,0.9696969696969697,0.48484848484848486,0.9393939393939394,1.0,0.9850746268656716,0,0,0.9846153846153847,0.653061224489796,0.96875
banknote-authentication,mlp-nosuite,1.0,0.9999990842324603,1.0,1.0,0,0,0.9117647058823529,0.8235294117647058,0.9411764705882353,1.0,1.0,0,0,1.0,1.0,0.9285714285714286,1.0,1.0,0,0,0.8846153846153846,0.7692307692307693,1.0,1.0,1.0,0,0,0.9387755102040816,0.8695652173913044,0.962962962962963
banknote-authentication,mlp-nosuite,1.0,0.7971286316254512,0.9705882352941176,1.0,0,0,1.0,0.8235294117647058,0.9705882352941176,1.0,1.0,0,0,1.0,0.7222222222222222,1.0,0.9285714285714286,1.0,0,0,1.0,0.9285714285714286,0.9285714285714286,0.962962962962963,1.0,0,0,1.0,0.8125000000000001,0.962962962962963
banknote-authentication,mlp-nosuite,1.0,0.989043917807739,1.0,0.9705882352941176,0,0,1.0,0.9117647058823529,1.0,1.0,1.0,0,0,1.0,0.8636363636363636,1.0,1.0,0.9473684210526315,0,0,1.0,1.0,1.0,1.0,0.972972972972973,0,0,1.0,0.9268292682926829,1.0
banknote-authentication,mlp-nosuite,1.0,0.9996782189483133,0.9117647058823529,1.0,0,0,1.0,0.7647058823529411,1.0,1.0,1.0,0,0,1.0,1.0,1.0,0.9117647058823529,1.0,0,0,1.0,0.7647058823529411,1.0,0.9538461538461539,1.0,0,0,1.0,0.8666666666666666,1.0
banknote-authentication,mlp-nosuite,1.0,0.9987690347026392,1.0,1.0,0,0,0.9705882352941176,1.0,0.8529411764705882,1.0,1.0,0,0,1.0,1.0,0.8529411764705882,1.0,1.0,0,0,0.9655172413793104,1.0,1.0,1.0,1.0,0,0,0.9824561403508771,1.0,0.9206349206349206
banknote-authentication,mlp-nosuite,1.0,0.9999563347188299,1.0,1.0,0,0,1.0,0.7647058823529411,1.0,1.0,1.0,0,0,1.0,1.0,1.0,1.0,1.0,0,0,1.0,0.7647058823529411,1.0,1.0,1.0,0,0,1.0,0.8666666666666666,1.0
banknote-authentication,mlp-nosuite,1.0,0.9984620988618204,0.8235294117647058,0.9705882352941176,0,0,0.9411764705882353,0.9411764705882353,0.9411764705882353,1.0,1.0,0,0,1.0,1.0,0.9411764705882353,0.8125,0.96875,0,0,0.9375,0.9375,1.0,0.896551724137931,0.9841269841269841,0,0,0.967741935483871,0.967741935483871,0.9696969696969697
banknote-authentication,mlp-nosuite,1.0,0.9999828097080098,1.0,1.0,0,0,1.0,0.9705882352941176,1.0,1.0,1.0,0,0,1.0,1.0,1.0,1.0,1.0,0,0,1.0,0.9705882352941176,1.0,1.0,1.0,0,0,1.0,0.9850746268656716,1.0
banknote-authentication,mlp-nosuite,1.0,0.999153502060915,1.0,1.0,0,0,1.0,0.7647058823529411,0.8235294117647058,1.0,1.0,0,0,1.0,1.0,1.0,1.0,1.0,0,0,1.0,0.7142857142857143,0.7857142857142857,1.0,1.0,0,0,1.0,0.8333333333333333,0.88
volcanoes-a2,mlp-nosuite,0.9433497536945813,0.9782251496488819,1.0,1.0,0,0,1.0,1.0,,1.0,1.0,0,0,1.0,1.0,,1.0,1.0,0,0,1.0,1.0,,1.0,1.0,0,0,1.0,1.0,
volcanoes-a2,mlp-nosuite,0.9433497536945813,0.9815804504993686,1.0,1.0,0,0,1.0,1.0,1.0,1.0,1.0,0,0,1.0,1.0,1.0,1.0,1.0,0,0,1.0,1.0,1.0,1.0,1.0,0,0,1.0,1.0,1.0
volcanoes-a2,mlp-nosuite,0.9433497536945813,0.9998506497983246,1.0,1.0,0,0,1.0,1.0,,1.0,1.0,0,0,1.0,1.0,,1.0,1.0,0,0,1.0,1.0,,1.0,1.0,0,0,1.0,1.0,
volcanoes-a2,mlp-nosuite,0.9433497536945813,0.9962046156075793,1.0,1.0,0,0,1.0,1.0,1.0,1.0,1.0,0,0,1.0,1.0,1.0,1.0,1.0,0,0,1.0,1.0,1.0,1.0,1.0,0,0,1.0,1.0,1.0
volcanoes-a2,mlp-nosuite,0.9433497536945813,0.9187588235942447,1.0,1.0,0,0,1.0,1.0,1.0,1.0,1.0,0,0,1.0,1.0,1.0,1.0,1.0,0,0,1.0,1.0,1.0,1.0,1.0,0,0,1.0,1.0,1.0
volcanoes-a2,mlp-nosuite,0.9433497536945813,0.9997999167495963,1.0,1.0,0,0,1.0,1.0,,1.0,1.0,0,0,1.0,1.0,,1.0,1.0,0,0,1.0,1.0,,1.0,1.0,0,0,1.0,1.0,
volcanoes-a2,mlp-nosuite,0.9433497536945813,0.989074460738342,1.0,1.0,0,0,1.0,1.0,1.0,1.0,1.0,0,0,1.0,1.0,1.0,1.0,1.0,0,0,1.0,1.0,1.0,1.0,1.0,0,0,1.0,1.0,1.0
volcanoes-a2,mlp-nosuite,0.9433497536945813,0.9981742330825621,1.0,1.0,0,0,1.0,1.0,1.0,1.0,1.0,0,0,1.0,1.0,1.0,1.0,1.0,0,0,1.0,1.0,1.0,1.0,1.0,0,0,1.0,1.0,1.0
volcanoes-a2,mlp-nosuite,0.9433497536945813,0.9906324637071022,1.0,1.0,0,0,1.0,1.0,1.0,1.0,1.0,0,0,1.0,1.0,1.0,1.0,1.0,0,0,1.0,1.0,1.0,1.0,1.0,0,0,1.0,1.0,1.0
volcanoes-a2,mlp-nosuite,0.9433497536945813,0.9865966469254835,1.0,1.0,0,0,1.0,1.0,,1.0,1.0,0,0,1.0,1.0,,1.0,1.0,0,0,1.0,1.0,,1.0,1.0,0,0,1.0,1.0,
volcanoes-a2,mlp-nosuite,0.9433497536945813,0.633371254134434,0.9,0.975,0,0,0.925,0.675,,0.9,0.975,0,0,0.925,0.675,,0.9,0.975,0,0,0.925,0.675,,0.9,0.975,0,0,0.925,0.675,
volcanoes-a2,mlp-nosuite,0.9433497536945813,0.9964563357624171,1.0,1.0,0,0,1.0,1.0,,1.0,1.0,0,0,1.0,1.0,,1.0,1.0,0,0,1.0,1.0,,1.0,1.0,0,0,1.0,1.0,
volcanoes-a2,mlp-nosuite,0.9433497536945813,0.8381184763763451,1.0,1.0,0,0,1.0,0.925,,1.0,1.0,0,0,1.0,0.925,,1.0,1.0,0,0,1.0,0.925,,1.0,1.0,0,0,1.0,0.925,
volcanoes-a2,mlp-nosuite,0.9433497536945813,0.67709939715083,1.0,1.0,0,0,1.0,0.7,1.0,1.0,1.0,0,0,1.0,0.7,1.0,1.0,1.0,0,0,1.0,0.7,1.0,1.0,1.0,0,0,1.0,0.7,1.0
volcanoes-a2,mlp-nosuite,0.9433497536945813,0.9996379819155685,1.0,1.0,0,0,1.0,1.0,1.0,1.0,1.0,0,0,1.0,1.0,1.0,1.0,1.0,0,0,1.0,1.0,1.0,1.0,1.0,0,0,1.0,1.0,1.0
volcanoes-a2,mlp-nosuite,0.9433497536945813,0.9953403830891304,1.0,1.0,0,0,1.0,1.0,1.0,1.0,1.0,0,0,1.0,1.0,1.0,1.0,1.0,0,0,1.0,1.0,1.0,1.0,1.0,0,0,1.0,1.0,1.0
volcanoes-a2,mlp-nosuite,0.9433497536945813,0.996003238156051,1.0,1.0,0,0,1.0,1.0,1.0,1.0,1.0,0,0,1.0,1.0,1.0,1.0,1.0,0,0,1.0,1.0,1.0,1.0,1.0,0,0,1.0,1.0,1.0
volcanoes-a2,mlp-nosuite,0.9433497536945813,0.9399723002359562,1.0,1.0,0,0,1.0,1.0,1.0,1.0,1.0,0,0,1.0,1.0,1.0,1.0,1.0,0,0,1.0,1.0,1.0,1.0,1.0,0,0,1.0,1.0,1.0
volcanoes-a2,mlp-nosuite,0.9433497536945813,0.974767025409524,1.0,1.0,0,0,1.0,0.975,,1.0,1.0,0,0,1.0,0.975,,1.0,1.0,0,0,1.0,0.975,,1.0,1.0,0,0,1.0,0.975,
volcanoes-a2,mlp-nosuite,0.9433497536945813,0.9979545825214355,1.0,1.0,0,0,1.0,1.0,1.0,1.0,1.0,0,0,1.0,1.0,1.0,1.0,1.0,0,0,1.0,1.0,1.0,1.0,1.0,0,0,1.0,1.0,1.0
volcanoes-a2,mlp-nosuite,0.9433497536945813,0.9960337181265542,1.0,1.0,0,0,1.0,1.0,1.0,1.0,1.0,0,0,1.0,1.0,1.0,1.0,1.0,0,0,1.0,1.0,1.0,1.0,1.0,0,0,1.0,1.0,1.0
volcanoes-a2,mlp-nosuite,0.9433497536945813,0.9978145903838026,1.0,1.0,0,0,1.0,1.0,,1.0,1.0,0,0,1.0,1.0,,1.0,1.0,0,0,1.0,1.0,,1.0,1.0,0,0,1.0,1.0,
volcanoes-a2,mlp-nosuite,0.9433497536945813,0.9996019014590145,1.0,1.0,0,0,1.0,1.0,1.0,1.0,1.0,0,0,1.0,1.0,1.0,1.0,1.0,0,0,1.0,1.0,1.0,1.0,1.0,0,0,1.0,1.0,1.0
volcanoes-a2,mlp-nosuite,0.9433497536945813,0.9807756265890305,1.0,1.0,0,0,1.0,0.775,1.0,1.0,1.0,0,0,1.0,0.775,1.0,1.0,1.0,0,0,1.0,0.775,1.0,1.0,1.0,0,0,1.0,0.775,1.0
volcanoes-a2,mlp-nosuite,0.9433497536945813,0.9770492593122131,1.0,1.0,0,0,1.0,1.0,1.0,1.0,1.0,0,0,1.0,1.0,1.0,1.0,1.0,0,0,1.0,1.0,1.0,1.0,1.0,0,0,1.0,1.0,1.0
volcanoes-a2,mlp-nosuite,0.9433497536945813,0.9967116059741407,1.0,1.0,0,0,1.0,1.0,1.0,1.0,1.0,0,0,1.0,1.0,1.0,1.0,1.0,0,0,1.0,1.0,1.0,1.0,1.0,0,0,1.0,1.0,1.0
volcanoes-a2,mlp-nosuite,0.9433497536945813,0.9992005875898786,1.0,1.0,0,0,1.0,1.0,,1.0,1.0,0,0,1.0,1.0,,1.0,1.0,0,0,1.0,1.0,,1.0,1.0,0,0,1.0,1.0,
volcanoes-a2,mlp-nosuite,0.9433497536945813,0.9907716147062658,1.0,1.0,0,0,1.0,1.0,1.0,1.0,1.0,0,0,1.0,1.0,1.0,1.0,1.0,0,0,1.0,1.0,1.0,1.0,1.0,0,0,1.0,1.0,1.0
volcanoes-a2,mlp-nosuite,0.9433497536945813,0.9993988936728587,1.0,1.0,0,0,1.0,0.725,1.0,1.0,1.0,0,0,1.0,0.725,1.0,1.0,1.0,0,0,1.0,0.725,1.0,1.0,1.0,0,0,1.0,0.7250000000000001,1.0
volcanoes-a2,mlp-nosuite,0.9433497536945813,0.9945112246052255,1.0,1.0,0,0,1.0,1.0,1.0,1.0,1.0,0,0,1.0,1.0,1.0,1.0,1.0,0,0,1.0,1.0,1.0,1.0,1.0,0,0,1.0,1.0,1.0
volcanoes-a2,mlp-nosuite,0.9433497536945813,0.9967629457569558,1.0,1.0,0,0,0.975,1.0,,1.0,1.0,0,0,0.975,1.0,,1.0,1.0,0,0,0.975,1.0,,1.0,1.0,0,0,0.975,1.0,
volcanoes-a2,mlp-nosuite,0.9433497536945813,0.9997756410819659,1.0,1.0,0,0,1.0,1.0,,1.0,1.0,0,0,1.0,1.0,,1.0,1.0,0,0,1.0,1.0,,1.0,1.0,0,0,1.0,1.0,
volcanoes-a2,mlp-nosuite,0.9433497536945813,0.95917891984778,1.0,1.0,0,0,1.0,1.0,,1.0,1.0,0,0,1.0,1.0,,1.0,1.0,0,0,1.0,1.0,,1.0,1.0,0,0,1.0,1.0,
volcanoes-a2,mlp-nosuite,0.9433497536945813,0.9997389252387225,1.0,1.0,0,0,1.0,1.0,,1.0,1.0,0,0,1.0,1.0,,1.0,1.0,0,0,1.0,1.0,,1.0,1.0,0,0,1.0,1.0,
volcanoes-a2,mlp-nosuite,0.9433497536945813,0.9952232981417839,1.0,1.0,0,0,1.0,0.925,1.0,1.0,1.0,0,0,1.0,0.925,1.0,1.0,1.0,0,0,1.0,0.925,1.0,1.0,1.0,0,0,1.0,0.925,1.0
volcanoes-a2,mlp-nosuite,0.9433497536945813,0.9949308525243776,1.0,1.0,0,0,1.0,1.0,,1.0,1.0,0,0,1.0,1.0,,1.0,1.0,0,0,1.0,1.0,,1.0,1.0,0,0,1.0,1.0,
volcanoes-a2,mlp-nosuite,0.9433497536945813,0.9936453478922993,1.0,1.0,0,0,1.0,1.0,,1.0,1.0,0,0,1.0,1.0,,1.0,1.0,0,0,1.0,1.0,,1.0,1.0,0,0,1.0,1.0,
volcanoes-a2,mlp-nosuite,0.9433497536945813,0.3115257813382541,0.725,0.725,0,0,0.925,0.8,0.925,0.725,0.725,0,0,0.925,0.8,0.925,0.725,0.725,0,0,0.925,0.8,0.925,0.7250000000000001,0.7250000000000001,0,0,0.925,0.8000000000000002,0.925
volcanoes-a2,mlp-nosuite,0.9433497536945813,0.9991626112019232,1.0,1.0,0,0,1.0,1.0,,1.0,1.0,0,0,1.0,1.0,,1.0,1.0,0,0,1.0,1.0,,1.0,1.0,0,0,1.0,1.0,
volcanoes-a2,mlp-nosuite,0.9433497536945813,0.9260206381917542,1.0,1.0,0,0,1.0,0.875,,1.0,1.0,0,0,1.0,0.875,,1.0,1.0,0,0,1.0,0.875,,1.0,1.0,0,0,1.0,0.875,
volcanoes-a2,mlp-nosuite,0.9433497536945813,0.999040609600252,1.0,1.0,0,0,1.0,1.0,,1.0,1.0,0,0,1.0,1.0,,1.0,1.0,0,0,1.0,1.0,,1.0,1.0,0,0,1.0,1.0,
volcanoes-a2,mlp-nosuite,0.9433497536945813,0.994854503114586,1.0,1.0,0,0,1.0,1.0,1.0,1.0,1.0,0,0,1.0,1.0,1.0,1.0,1.0,0,0,1.0,1.0,1.0,1.0,1.0,0,0,1.0,1.0,1.0
volcanoes-a2,mlp-nosuite,0.9433497536945813,0.9788847631133493,1.0,1.0,0,0,1.0,1.0,1.0,1.0,1.0,0,0,1.0,1.0,1.0,1.0,1.0,0,0,1.0,1.0,1.0,1.0,1.0,0,0,1.0,1.0,1.0
volcanoes-a2,mlp-nosuite,0.9433497536945813,0.9980893903223783,1.0,1.0,0,0,1.0,1.0,,1.0,1.0,0,0,1.0,1.0,,1.0,1.0,0,0,1.0,1.0,,1.0,1.0,0,0,1.0,1.0,
volcanoes-a2,mlp-nosuite,0.9433497536945813,0.9998837209201417,1.0,1.0,0,0,1.0,1.0,1.0,1.0,1.0,0,0,1.0,1.0,1.0,1.0,1.0,0,0,1.0,1.0,1.0,1.0,1.0,0,0,1.0,1.0,1.0
volcanoes-a2,mlp-nosuite,0.9433497536945813,0.2728039328296244,0.725,0.85,0,0,0.875,0.775,0.9,0.725,0.85,0,0,0.875,0.775,0.9,0.725,0.85,0,0,0.875,0.775,0.9,0.7250000000000001,0.85,0,0,0.875,0.775,0.9
volcanoes-a2,mlp-nosuite,0.9433497536945813,0.9981909648325273,1.0,1.0,0,0,1.0,1.0,,1.0,1.0,0,0,1.0,1.0,,1.0,1.0,0,0,1.0,1.0,,1.0,1.0,0,0,1.0,1.0,
volcanoes-a2,mlp-nosuite,0.9433497536945813,0.8947264005783525,1.0,1.0,0,0,1.0,0.975,1.0,1.0,1.0,0,0,1.0,0.975,1.0,1.0,1.0,0,0,1.0,0.975,1.0,1.0,1.0,0,0,1.0,0.975,1.0
volcanoes-a2,mlp-nosuite,0.9433497536945813,0.9929508336729344,1.0,1.0,0,0,1.0,1.0,1.0,1.0,1.0,0,0,1.0,1.0,1.0,1.0,1.0,0,0,1.0,1.0,1.0,1.0,1.0,0,0,1.0,1.0,1.0
volcanoes-a2,mlp-nosuite,0.9433497536945813,0.9477544368743355,1.0,1.0,0,0,1.0,1.0,1.0,1.0,1.0,0,0,1.0,1.0,1.0,1.0,1.0,0,0,1.0,1.0,1.0,1.0,1.0,0,0,1.0,1.0,1.0
volcanoes-a3,mlp-nosuite,0.9028871391076115,0.7563212533966024,0.9736842105263158,0.9473684210526315,0,0,0.9736842105263158,0.7894736842105263,,0.9736842105263158,0.9473684210526315,0,0,0.9736842105263158,0.7894736842105263,,0.9736842105263158,0.9473684210526315,0,0,0.9736842105263158,0.7894736842105263,,0.9736842105263158,0.9473684210526315,0,0,0.9736842105263158,0.7894736842105263,
volcanoes-a3,mlp-nosuite,0.9028871391076115,0.9750776702663615,1.0,1.0,0,0,1.0,1.0,1.0,1.0,1.0,0,0,1.0,1.0,1.0,1.0,1.0,0,0,1.0,1.0,1.0,1.0,1.0,0,0,1.0,1.0,1.0
volcanoes-a3,mlp-nosuite,0.9028871391076115,0.3496253328195154,0.9210526315789473,0.8947368421052632,0,0,0.8947368421052632,0.868421052631579,,0.9210526315789473,0.8947368421052632,0,0,0.8947368421052632,0.868421052631579,,0.9210526315789473,0.8947368421052632,0,0,0.8947368421052632,0.868421052631579,,0.9210526315789473,0.8947368421052632,0,0,0.8947368421052632,0.868421052631579,
volcanoes-a3,mlp-nosuite,0.9028871391076115,0.9985746659744257,1.0,1.0,0,0,1.0,1.0,,1.0,1.0,0,0,1.0,1.0,,1.0,1.0,0,0,1.0,1.0,,1.0,1.0,0,0,1.0,1.0,
volcanoes-a3,mlp-nosuite,0.9028871391076115,0.9995681742965264,1.0,1.0,0,0,1.0,0.9736842105263158,,1.0,1.0,0,0,1.0,0.9736842105263158,,1.0,1.0,0,0,1.0,0.9736842105263158,,1.0,1.0,0,0,1.0,0.9736842105263158,
volcanoes-a3,mlp-nosuite,0.9028871391076115,0.9949454596316676,1.0,1.0,0,0,1.0,1.0,1.0,1.0,1.0,0,0,1.0,1.0,1.0,1.0,1.0,0,0,1.0,1.0,1.0,1.0,1.0,0,0,1.0,1.0,1.0
volcanoes-a3,mlp-nosuite,0.9028871391076115,0.9771246664948525,1.0,1.0,0,0,1.0,0.9473684210526315,1.0,1.0,1.0,0,0,1.0,0.9473684210526315,1.0,1.0,1.0,0,0,1.0,0.9473684210526315,1.0,1.0,1.0,0,0,1.0,0.9473684210526315,1.0
volcanoes-a3,mlp-nosuite,0.9028871391076115,0.9959797531475649,1.0,1.0,0,0,1.0,1.0,1.0,1.0,1.0,0,0,1.0,1.0,1.0,1.0,1.0,0,0,1.0,1.0,1.0,1.0,1.0,0,0,1.0,1.0,1.0
volcanoes-a3,mlp-nosuite,0.9028871391076115,0.9690080778245048,1.0,1.0,0,0,1.0,0.8421052631578947,1.0,1.0,1.0,0,0,1.0,0.8421052631578947,1.0,1.0,1.0,0,0,1.0,0.8421052631578947,1.0,1.0,1.0,0,0,1.0,0.8421052631578947,1.0
volcanoes-a3,mlp-nosuite,0.9028871391076115,0.9892662101381365,1.0,1.0,0,0,1.0,0.9210526315789473,1.0,1.0,1.0,0,0,1.0,0.9210526315789473,1.0,1.0,1.0,0,0,1.0,0.9210526315789473,1.0,1.0,1.0,0,0,1.0,0.9210526315789473,1.0
volcanoes-a3,mlp-nosuite,0.9028871391076115,0.9939452190236018,1.0,1.0,0,0,1.0,1.0,1.0,1.0,1.0,0,0,1.0,1.0,1.0,1.0,1.0,0,0,1.0,1.0,1.0,1.0,1.0,0,0,1.0,1.0,1.0
volcanoes-a3,mlp-nosuite,0.9028871391076115,0.6313906734607525,0.9736842105263158,0.9736842105263158,0,0,1.0,1.0,1.0,0.9736842105263158,0.9736842105263158,0,0,1.0,1.0,1.0,0.9736842105263158,0.9736842105263158,0,0,1.0,1.0,1.0,0.9736842105263158,0.9736842105263158,0,0,1.0,1.0,1.0
volcanoes-a3,mlp-nosuite,0.9028871391076115,0.9169104246764908,1.0,1.0,0,0,1.0,1.0,,1.0,1.0,0,0,1.0,1.0,,1.0,1.0,0,0,1.0,1.0,,1.0,1.0,0,0,1.0,1.0,
volcanoes-a3,mlp-nosuite,0.9028871391076115,0.6264534726696457,0.9736842105263158,0.9736842105263158,0,0,0.9210526315789473,0.9210526315789473,,0.9736842105263158,0.9736842105263158,0,0,0.9210526315789473,0.9210526315789473,,0.9736842105263158,0.9736842105263158,0,0,0.9210526315789473,0.9210526315789473,,0.9736842105263158,0.9736842105263158,0,0,0.9210526315789473,0.9210526315789473,
volcanoes-a3,mlp-nosuite,0.9028871391076115,0.8932748151892194,1.0,1.0,0,0,1.0,1.0,,1.0,1.0,0,0,1.0,1.0,,1.0,1.0,0,0,1.0,1.0,,1.0,1.0,0,0,1.0,1.0,
volcanoes-a3,mlp-nosuite,0.9028871391076115,0.9591714735520005,1.0,1.0,0,0,1.0,1.0,1.0,1.0,1.0,0,0,1.0,1.0,1.0,1.0,1.0,0,0,1.0,1.0,1.0,1.0,1.0,0,0,1.0,1.0,1.0
volcanoes-a3,mlp-nosuite,0.9028871391076115,0.9719715008293233,1.0,1.0,0,0,1.0,1.0,1.0,1.0,1.0,0,0,1.0,1.0,1.0,1.0,1.0,0,0,1.0,1.0,1.0,1.0,1.0,0,0,1.0,1.0,1.0
volcanoes-a3,mlp-nosuite,0.9028871391076115,0.9955350684177163,1.0,1.0,0,0,1.0,1.0,1.0,1.0,1.0,0,0,1.0,1.0,1.0,1.0,1.0,0,0,1.0,1.0,1.0,1.0,1.0,0,0,1.0,1.0,1.0
volcanoes-a3,mlp-nosuite,0.9028871391076115,0.9922723923477218,1.0,1.0,0,0,1.0,1.0,,1.0,1.0,0,0,1.0,1.0,,1.0,1.0,0,0,1.0,1.0,,1.0,1.0,0,0,1.0,1.0,
volcanoes-a3,mlp-nosuite,0.9028871391076115,0.9876807913273024,1.0,1.0,0,0,1.0,1.0,1.0,1.0,1.0,0,0,1.0,1.0,1.0,1.0,1.0,0,0,1.0,1.0,1.0,1.0,1.0,0,0,1.0,1.0,1.0
volcanoes-a3,mlp-nosuite,0.9028871391076115,0.9977777893364496,1.0,1.0,0,0,1.0,1.0,1.0,1.0,1.0,0,0,1.0,1.0,1.0,1.0,1.0,0,0,1.0,1.0,1.0,1.0,1.0,0,0,1.0,1.0,1.0
volcanoes-a3,mlp-nosuite,0.9028871391076115,0.8811733817087293,1.0,1.0,0,0,1.0,1.0,1.0,1.0,1.0,0,0,1.0,1.0,1.0,1.0,1.0,0,0,1.0,1.0,1.0,1.0,1.0,0,0,1.0,1.0,1.0
volcanoes-a3,mlp-nosuite,0.9028871391076115,0.9871155093247405,1.0,1.0,0,0,1.0,1.0,1.0,1.0,1.0,0,0,1.0,1.0,1.0,1.0,1.0,0,0,1.0,1.0,1.0,1.0,1.0,0,0,1.0,1.0,1.0
volcanoes-a3,mlp-nosuite,0.9028871391076115,0.5888976016599845,1.0,1.0,0,0,0.9736842105263158,1.0,,1.0,1.0,0,0,0.9736842105263158,1.0,,1.0,1.0,0,0,0.9736842105263158,1.0,,1.0,1.0,0,0,0.9736842105263158,1.0,
volcanoes-a3,mlp-nosuite,0.9028871391076115,0.9957176445447736,1.0,1.0,0,0,1.0,1.0,,1.0,1.0,0,0,1.0,1.0,,1.0,1.0,0,0,1.0,1.0,,1.0,1.0,0,0,1.0,1.0,
volcanoes-a3,mlp-nosuite,0.9028871391076115,0.9954693050519018,1.0,1.0,0,0,1.0,1.0,1.0,1.0,1.0,0,0,1.0,1.0,1.0,1.0,1.0,0,0,1.0,1.0,1.0,1.0,1.0,0,0,1.0,1.0,1.0
volcanoes-a3,mlp-nosuite,0.9028871391076115,0.8284062829710597,1.0,1.0,0,0,1.0,1.0,1.0,1.0,1.0,0,0,1.0,1.0,1.0,1.0,1.0,0,0,1.0,1.0,1.0,1.0,1.0,0,0,1.0,1.0,1.0
volcanoes-a3,mlp-nosuite,0.9028871391076115,0.9980306295055987,1.0,1.0,0,0,1.0,1.0,,1.0,1.0,0,0,1.0,1.0,,1.0,1.0,0,0,1.0,1.0,,1.0,1.0,0,0,1.0,1.0,
volcanoes-a3,mlp-nosuite,0.9028871391076115,0.9980294072868596,1.0,1.0,0,0,1.0,1.0,1.0,1.0,1.0,0,0,1.0,1.0,1.0,1.0,1.0,0,0,1.0,1.0,1.0,1.0,1.0,0,0,1.0,1.0,1.0
volcanoes-a3,mlp-nosuite,0.9028871391076115,0.9984371970054886,1.0,1.0,0,0,1.0,1.0,1.0,1.0,1.0,0,0,1.0,1.0,1.0,1.0,1.0,0,0,1.0,1.0,1.0,1.0,1.0,0,0,1.0,1.0,1.0
volcanoes-a3,mlp-nosuite,0.9028871391076115,0.9994733913511901,1.0,1.0,0,0,1.0,1.0,1.0,1.0,1.0,0,0,1.0,1.0,1.0,1.0,1.0,0,0,1.0,1.0,1.0,1.0,1.0,0,0,1.0,1.0,1.0
volcanoes-a3,mlp-nosuite,0.9028871391076115,0.9959888211728462,1.0,1.0,0,0,1.0,0.9736842105263158,1.0,1.0,1.0,0,0,1.0,0.9736842105263158,1.0,1.0,1.0,0,0,1.0,0.9736842105263158,1.0,1.0,1.0,0,0,1.0,0.9736842105263158,1.0
volcanoes-a3,mlp-nosuite,0.9028871391076115,0.7993785073995411,1.0,1.0,0,0,0.9736842105263158,1.0,,1.0,1.0,0,0,0.9736842105263158,1.0,,1.0,1.0,0,0,0.9736842105263158,1.0,,1.0,1.0,0,0,0.9736842105263158,1.0,
volcanoes-a3,mlp-nosuite,0.9028871391076115,0.980845019111347,1.0,1.0,0,0,1.0,1.0,1.0,1.0,1.0,0,0,1.0,1.0,1.0,1.0,1.0,0,0,1.0,1.0,1.0,1.0,1.0,0,0,1.0,1.0,1.0
volcanoes-a3,mlp-nosuite,0.9028871391076115,0.9996341633709566,1.0,1.0,0,0,1.0,1.0,,1.0,1.0,0,0,1.0,1.0,,1.0,1.0,0,0,1.0,1.0,,1.0,1.0,0,0,1.0,1.0,
volcanoes-a3,mlp-nosuite,0.9028871391076115,0.8715717713086881,1.0,1.0,0,0,1.0,0.9210526315789473,1.0,1.0,1.0,0,0,1.0,0.9210526315789473,1.0,1.0,1.0,0,0,1.0,0.9210526315789473,1.0,1.0,1.0,0,0,1.0,0.9210526315789473,1.0
volcanoes-a3,mlp-nosuite,0.9028871391076115,0.94351585572234,1.0,1.0,0,0,1.0,1.0,1.0,1.0,1.0,0,0,1.0,1.0,1.0,1.0,1.0,0,0,1.0,1.0,1.0,1.0,1.0,0,0,1.0,1.0,1.0
volcanoes-a3,mlp-nosuite,0.9028871391076115,0.9925145157060258,1.0,1.0,0,0,1.0,1.0,1.0,1.0,1.0,0,0,1.0,1.0,1.0,1.0,1.0,0,0,1.0,1.0,1.0,1.0,1.0,0,0,1.0,1.0,1.0
volcanoes-a3,mlp-nosuite,0.9028871391076115,0.7451412352749462,1.0,1.0,0,0,1.0,0.9736842105263158,,1.0,1.0,0,0,1.0,0.9736842105263158,,1.0,1.0,0,0,1.0,0.9736842105263158,,1.0,1.0,0,0,1.0,0.9736842105263158,
volcanoes-a3,mlp-nosuite,0.9028871391076115,0.9948759015605063,1.0,1.0,0,0,1.0,1.0,,1.0,1.0,0,0,1.0,1.0,,1.0,1.0,0,0,1.0,1.0,,1.0,1.0,0,0,1.0,1.0,
volcanoes-a3,mlp-nosuite,0.9028871391076115,0.9980710471788452,1.0,1.0,0,0,1.0,1.0,1.0,1.0,1.0,0,0,1.0,1.0,1.0,1.0,1.0,0,0,1.0,1.0,1.0,1.0,1.0,0,0,1.0,1.0,1.0
volcanoes-a3,mlp-nosuite,0.9028871391076115,0.3733548049251307,0.8157894736842105,0.6842105263157895,0,0,0.7631578947368421,0.8157894736842105,0.7631578947368421,0.8157894736842105,0.6842105263157895,0,0,0.7631578947368421,0.8157894736842105,0.7631578947368421,0.8157894736842105,0.6842105263157895,0,0,0.7631578947368421,0.8157894736842105,0.7631578947368421,0.8157894736842104,0.6842105263157895,0,0,0.7631578947368421,0.8157894736842104,0.7631578947368421
volcanoes-a3,mlp-nosuite,0.9028871391076115,0.996123193056777,1.0,1.0,0,0,1.0,1.0,1.0,1.0,1.0,0,0,1.0,1.0,1.0,1.0,1.0,0,0,1.0,1.0,1.0,1.0,1.0,0,0,1.0,1.0,1.0
volcanoes-a3,mlp-nosuite,0.9028871391076115,0.9984817514019426,1.0,1.0,0,0,1.0,0.7894736842105263,,1.0,1.0,0,0,1.0,0.7894736842105263,,1.0,1.0,0,0,1.0,0.7894736842105263,,1.0,1.0,0,0,1.0,0.7894736842105263,
volcanoes-a3,mlp-nosuite,0.9028871391076115,0.9643796453109553,1.0,1.0,0,0,1.0,0.9473684210526315,1.0,1.0,1.0,0,0,1.0,0.9473684210526315,1.0,1.0,1.0,0,0,1.0,0.9473684210526315,1.0,1.0,1.0,0,0,1.0,0.9473684210526315,1.0
volcanoes-a3,mlp-nosuite,0.9028871391076115,0.9972305584462509,1.0,1.0,0,0,1.0,1.0,,1.0,1.0,0,0,1.0,1.0,,1.0,1.0,0,0,1.0,1.0,,1.0,1.0,0,0,1.0,1.0,
volcanoes-a3,mlp-nosuite,0.9028871391076115,0.9894640972982238,1.0,1.0,0,0,1.0,1.0,1.0,1.0,1.0,0,0,1.0,1.0,1.0,1.0,1.0,0,0,1.0,1.0,1.0,1.0,1.0,0,0,1.0,1.0,1.0
volcanoes-a3,mlp-nosuite,0.9028871391076115,0.9942036378166053,1.0,1.0,0,0,1.0,0.5789473684210527,1.0,1.0,1.0,0,0,1.0,0.5789473684210527,1.0,1.0,1.0,0,0,1.0,0.5789473684210527,1.0,1.0,1.0,0,0,1.0,0.5789473684210527,1.0
volcanoes-a3,mlp-nosuite,0.9028871391076115,0.9986474951989138,1.0,1.0,0,0,1.0,1.0,,1.0,1.0,0,0,1.0,1.0,,1.0,1.0,0,0,1.0,1.0,,1.0,1.0,0,0,1.0,1.0,
volcanoes-a3,mlp-nosuite,0.9028871391076115,0.9888018631767314,1.0,1.0,0,0,1.0,1.0,,1.0,1.0,0,0,1.0,1.0,,1.0,1.0,0,0,1.0,1.0,,1.0,1.0,0,0,1.0,1.0,
volcanoes-a4,mlp-nosuite,0.9076517150395779,0.9982237351622875,1.0,1.0,0,0,1.0,0.7567567567567568,1.0,1.0,1.0,0,0,1.0,0.7567567567567568,1.0,1.0,1.0,0,0,1.0,0.7567567567567568,1.0,1.0,1.0,0,0,1.0,0.7567567567567567,1.0
volcanoes-a4,mlp-nosuite,0.9076517150395779,0.9868592422134926,1.0,1.0,0,0,1.0,1.0,,1.0,1.0,0,0,1.0,1.0,,1.0,1.0,0,0,1.0,1.0,,1.0,1.0,0,0,1.0,1.0,
volcanoes-a4,mlp-nosuite,0.9076517150395779,0.9793692092636617,1.0,1.0,0,0,1.0,1.0,1.0,1.0,1.0,0,0,1.0,1.0,1.0,1.0,1.0,0,0,1.0,1.0,1.0,1.0,1.0,0,0,1.0,1.0,1.0
volcanoes-a4,mlp-nosuite,0.9076517150395779,0.9925492927228277,1.0,1.0,0,0,1.0,,,1.0,1.0,0,0,1.0,,,1.0,1.0,0,0,1.0,,,1.0,1.0,0,0,1.0,,
volcanoes-a4,mlp-nosuite,0.9076517150395779,0.38711613432357367,0.8918918918918919,0.972972972972973,0,0,0.8648648648648649,0.7027027027027027,0.43243243243243246,0.8918918918918919,0.972972972972973,0,0,0.8648648648648649,0.7027027027027027,0.43243243243243246,0.8918918918918919,0.972972972972973,0,0,0.8648648648648649,0.7027027027027027,0.43243243243243246,0.8918918918918919,0.972972972972973,0,0,0.8648648648648649,0.7027027027027027,0.43243243243243246
volcanoes-a4,mlp-nosuite,0.9076517150395779,0.9905117656786773,1.0,1.0,0,0,1.0,1.0,1.0,1.0,1.0,0,0,1.0,1.0,1.0,1.0,1.0,0,0,1.0,1.0,1.0,1.0,1.0,0,0,1.0,1.0,1.0
volcanoes-a4,mlp-nosuite,0.9076517150395779,0.9017625557090915,0.972972972972973,1.0,0,0,1.0,0.8108108108108109,1.0,0.972972972972973,1.0,0,0,1.0,0.8108108108108109,1.0,0.972972972972973,1.0,0,0,1.0,0.8108108108108109,1.0,0.972972972972973,1.0,0,0,1.0,0.8108108108108109,1.0
volcanoes-a4,mlp-nosuite,0.9076517150395779,0.9605955433718233,1.0,1.0,0,0,1.0,1.0,1.0,1.0,1.0,0,0,1.0,1.0,1.0,1.0,1.0,0,0,1.0,1.0,1.0,1.0,1.0,0,0,1.0,1.0,1.0
volcanoes-a4,mlp-nosuite,0.9076517150395779,0.9766038332620056,1.0,1.0,0,0,1.0,1.0,1.0,1.0,1.0,0,0,1.0,1.0,1.0,1.0,1.0,0,0,1.0,1.0,1.0,1.0,1.0,0,0,1.0,1.0,1.0
volcanoes-a4,mlp-nosuite,0.9076517150395779,0.9990170662436518,1.0,1.0,0,0,1.0,1.0,,1.0,1.0,0,0,1.0,1.0,,1.0,1.0,0,0,1.0,1.0,,1.0,1.0,0,0,1.0,1.0,
volcanoes-a4,mlp-nosuite,0.9076517150395779,0.9941668574049716,1.0,1.0,0,0,1.0,1.0,,1.0,1.0,0,0,1.0,1.0,,1.0,1.0,0,0,1.0,1.0,,1.0,1.0,0,0,1.0,1.0,
volcanoes-a4,mlp-nosuite,0.9076517150395779,0.9965173020455977,1.0,1.0,0,0,1.0,1.0,,1.0,1.0,0,0,1.0,1.0,,1.0,1.0,0,0,1.0,1.0,,1.0,1.0,0,0,1.0,1.0,
volcanoes-a4,mlp-nosuite,0.9076517150395779,0.9976893068999575,1.0,1.0,0,0,1.0,1.0,1.0,1.0,1.0,0,0,1.0,1.0,1.0,1.0,1.0,0,0,1.0,1.0,1.0,1.0,1.0,0,0,1.0,1.0,1.0
volcanoes-a4,mlp-nosuite,0.9076517150395779,0.9942945628385534,1.0,1.0,0,0,1.0,1.0,,1.0,1.0,0,0,1.0,1.0,,1.0,1.0,0,0,1.0,1.0,,1.0,1.0,0,0,1.0,1.0,
volcanoes-a4,mlp-nosuite,0.9076517150395779,0.9935330330398007,1.0,1.0,0,0,1.0,1.0,1.0,1.0,1.0,0,0,1.0,1.0,1.0,1.0,1.0,0,0,1.0,1.0,1.0,1.0,1.0,0,0,1.0,1.0,1.0
volcanoes-a4,mlp-nosuite,0.9076517150395779,0.9978857074854071,1.0,1.0,0,0,1.0,1.0,1.0,1.0,1.0,0,0,1.0,1.0,1.0,1.0,1.0,0,0,1.0,1.0,1.0,1.0,1.0,0,0,1.0,1.0,1.0
volcanoes-a4,mlp-nosuite,0.9076517150395779,0.997795538096774,1.0,1.0,0,0,1.0,0.4864864864864865,,1.0,1.0,0,0,1.0,0.4864864864864865,,1.0,1.0,0,0,1.0,0.4864864864864865,,1.0,1.0,0,0,1.0,0.4864864864864865,
volcanoes-a4,mlp-nosuite,0.9076517150395779,0.9874586337872647,1.0,1.0,0,0,1.0,1.0,,1.0,1.0,0,0,1.0,1.0,,1.0,1.0,0,0,1.0,1.0,,1.0,1.0,0,0,1.0,1.0,
volcanoes-a4,mlp-nosuite,0.9076517150395779,0.985457208703564,1.0,1.0,0,0,1.0,1.0,1.0,1.0,1.0,0,0,1.0,1.0,1.0,1.0,1.0,0,0,1.0,1.0,1.0,1.0,1.0,0,0,1.0,1.0,1.0
volcanoes-a4,mlp-nosuite,0.9076517150395779,0.9899449317054138,1.0,1.0,0,0,1.0,0.7837837837837838,,1.0,1.0,0,0,1.0,0.7837837837837838,,1.0,1.0,0,0,1.0,0.7837837837837838,,1.0,1.0,0,0,1.0,0.7837837837837838,
volcanoes-a4,mlp-nosuite,0.9076517150395779,0.43250291313523914,0.8918918918918919,0.8648648648648649,0,0,0.7297297297297297,0.8378378378378378,0.8918918918918919,0.8918918918918919,0.8648648648648649,0,0,0.7297297297297297,0.8378378378378378,0.8918918918918919,0.8918918918918919,0.8648648648648649,0,0,0.7297297297297297,0.8378378378378378,0.8918918918918919,0.8918918918918919,0.8648648648648649,0,0,0.7297297297297297,0.8378378378378378,0.8918918918918919
volcanoes-a4,mlp-nosuite,0.9076517150395779,0.995872538588616,1.0,1.0,0,0,1.0,1.0,,1.0,1.0,0,0,1.0,1.0,,1.0,1.0,0,0,1.0,1.0,,1.0,1.0,0,0,1.0,1.0,
volcanoes-a4,mlp-nosuite,0.9076517150395779,0.9968118560076695,1.0,1.0,0,0,1.0,1.0,,1.0,1.0,0,0,1.0,1.0,,1.0,1.0,0,0,1.0,1.0,,1.0,1.0,0,0,1.0,1.0,
volcanoes-a4,mlp-nosuite,0.9076517150395779,0.5963894227556987,0.972972972972973,0.972972972972973,0,0,0.9459459459459459,0.7837837837837838,0.9459459459459459,0.972972972972973,0.972972972972973,0,0,0.9459459459459459,0.7837837837837838,0.9459459459459459,0.972972972972973,0.972972972972973,0,0,0.9459459459459459,0.7837837837837838,0.9459459459459459,0.972972972972973,0.972972972972973,0,0,0.9459459459459459,0.7837837837837838,0.9459459459459459
volcanoes-a4,mlp-nosuite,0.9076517150395779,0.9900739926608774,1.0,1.0,0,0,1.0,1.0,,1.0,1.0,0,0,1.0,1.0,,1.0,1.0,0,0,1.0,1.0,,1.0,1.0,0,0,1.0,1.0,
volcanoes-a4,mlp-nosuite,0.9076517150395779,0.990863310025264,1.0,1.0,0,0,1.0,1.0,,1.0,1.0,0,0,1.0,1.0,,1.0,1.0,0,0,1.0,1.0,,1.0,1.0,0,0,1.0,1.0,
volcanoes-a4,mlp-nosuite,0.9076517150395779,0.9704753926245728,1.0,1.0,0,0,1.0,1.0,1.0,1.0,1.0,0,0,1.0,1.0,1.0,1.0,1.0,0,0,1.0,1.0,1.0,1.0,1.0,0,0,1.0,1.0,1.0
volcanoes-a4,mlp-nosuite,0.9076517150395779,0.9963477722955534,1.0,1.0,0,0,1.0,1.0,,1.0,1.0,0,0,1.0,1.0,,1.0,1.0,0,0,1.0,1.0,,1.0,1.0,0,0,1.0,1.0,
volcanoes-a4,mlp-nosuite,0.9076517150395779,0.9603807830492438,1.0,1.0,0,0,1.0,1.0,,1.0,1.0,0,0,1.0,1.0,,1.0,1.0,0,0,1.0,1.0,,1.0,1.0,0,0,1.0,1.0,
volcanoes-a4,mlp-nosuite,0.9076517150395779,0.9908337864124289,1.0,1.0,0,0,1.0,1.0,1.0,1.0,1.0,0,0,1.0,1.0,1.0,1.0,1.0,0,0,1.0,1.0,1.0,1.0,1.0,0,0,1.0,1.0,1.0
volcanoes-a4,mlp-nosuite,0.9076517150395779,0.774236131838462,1.0,1.0,0,0,1.0,1.0,1.0,1.0,1.0,0,0,1.0,1.0,1.0,1.0,1.0,0,0,1.0,1.0,1.0,1.0,1.0,0,0,1.0,1.0,1.0
volcanoes-a4,mlp-nosuite,0.9076517150395779,0.954364802516309,1.0,1.0,0,0,1.0,1.0,1.0,1.0,1.0,0,0,1.0,1.0,1.0,1.0,1.0,0,0,1.0,1.0,1.0,1.0,1.0,0,0,1.0,1.0,1.0
volcanoes-a4,mlp-nosuite,0.9076517150395779,0.28854993984188754,0.918918918918919,0.9459459459459459,0,0,0.8648648648648649,0.8648648648648649,0.8918918918918919,0.918918918918919,0.9459459459459459,0,0,0.8648648648648649,0.8648648648648649,0.8918918918918919,0.918918918918919,0.9459459459459459,0,0,0.8648648648648649,0.8648648648648649,0.8918918918918919,0.918918918918919,0.9459459459459459,0,0,0.8648648648648649,0.8648648648648649,0.8918918918918919
volcanoes-a4,mlp-nosuite,0.9076517150395779,0.9623188095561716,1.0,1.0,0,0,1.0,,,1.0,1.0,0,0,1.0,,,1.0,1.0,0,0,1.0,,,1.0,1.0,0,0,1.0,,
volcanoes-a4,mlp-nosuite,0.9076517150395779,0.9919798137016846,1.0,1.0,0,0,1.0,0.918918918918919,,1.0,1.0,0,0,1.0,0.918918918918919,,1.0,1.0,0,0,1.0,0.918918918918919,,1.0,1.0,0,0,1.0,0.918918918918919,
volcanoes-a4,mlp-nosuite,0.9076517150395779,0.9959039504815115,1.0,1.0,0,0,1.0,1.0,1.0,1.0,1.0,0,0,1.0,1.0,1.0,1.0,1.0,0,0,1.0,1.0,1.0,1.0,1.0,0,0,1.0,1.0,1.0
volcanoes-a4,mlp-nosuite,0.9076517150395779,0.9345278819478242,1.0,1.0,0,0,1.0,1.0,,1.0,1.0,0,0,1.0,1.0,,1.0,1.0,0,0,1.0,1.0,,1.0,1.0,0,0,1.0,1.0,
volcanoes-a4,mlp-nosuite,0.9076517150395779,0.9890613977648739,1.0,1.0,0,0,1.0,1.0,1.0,1.0,1.0,0,0,1.0,1.0,1.0,1.0,1.0,0,0,1.0,1.0,1.0,1.0,1.0,0,0,1.0,1.0,1.0
volcanoes-a4,mlp-nosuite,0.9076517150395779,0.5472253447623249,0.972972972972973,1.0,0,0,0.972972972972973,0.8108108108108109,0.972972972972973,0.972972972972973,1.0,0,0,0.972972972972973,0.8108108108108109,0.972972972972973,0.972972972972973,1.0,0,0,0.972972972972973,0.8108108108108109,0.972972972972973,0.972972972972973,1.0,0,0,0.972972972972973,0.8108108108108109,0.972972972972973
volcanoes-a4,mlp-nosuite,0.9076517150395779,0.9386934105537443,1.0,1.0,0,0,1.0,1.0,1.0,1.0,1.0,0,0,1.0,1.0,1.0,1.0,1.0,0,0,1.0,1.0,1.0,1.0,1.0,0,0,1.0,1.0,1.0
volcanoes-a4,mlp-nosuite,0.9076517150395779,0.9836638498042811,1.0,1.0,0,0,1.0,1.0,,1.0,1.0,0,0,1.0,1.0,,1.0,1.0,0,0,1.0,1.0,,1.0,1.0,0,0,1.0,1.0,
volcanoes-a4,mlp-nosuite,0.9076517150395779,0.9782460398911869,1.0,1.0,0,0,1.0,0.9459459459459459,,1.0,1.0,0,0,1.0,0.9459459459459459,,1.0,1.0,0,0,1.0,0.9459459459459459,,1.0,1.0,0,0,1.0,0.9459459459459459,
volcanoes-a4,mlp-nosuite,0.9076517150395779,0.9847599639867182,1.0,1.0,0,0,1.0,1.0,1.0,1.0,1.0,0,0,1.0,1.0,1.0,1.0,1.0,0,0,1.0,1.0,1.0,1.0,1.0,0,0,1.0,1.0,1.0
volcanoes-a4,mlp-nosuite,0.9076517150395779,0.968794620602702,1.0,1.0,0,0,1.0,0.8918918918918919,1.0,1.0,1.0,0,0,1.0,0.8918918918918919,1.0,1.0,1.0,0,0,1.0,0.8918918918918919,1.0,1.0,1.0,0,0,1.0,0.8918918918918919,1.0
volcanoes-a4,mlp-nosuite,0.9076517150395779,0.9814658422255714,1.0,1.0,0,0,1.0,1.0,1.0,1.0,1.0,0,0,1.0,1.0,1.0,1.0,1.0,0,0,1.0,1.0,1.0,1.0,1.0,0,0,1.0,1.0,1.0
volcanoes-a4,mlp-nosuite,0.9076517150395779,0.8884998423999334,1.0,1.0,0,0,1.0,1.0,1.0,1.0,1.0,0,0,1.0,1.0,1.0,1.0,1.0,0,0,1.0,1.0,1.0,1.0,1.0,0,0,1.0,1.0,1.0
volcanoes-a4,mlp-nosuite,0.9076517150395779,0.9974520747877116,1.0,1.0,0,0,1.0,,1.0,1.0,1.0,0,0,1.0,,1.0,1.0,1.0,0,0,1.0,,1.0,1.0,1.0,0,0,1.0,,1.0
volcanoes-e1,mlp-nosuite,0.918918918918919,0.9990146559100397,1.0,1.0,0,0,1.0,,,1.0,1.0,0,0,1.0,,,1.0,1.0,0,0,1.0,,,1.0,1.0,0,0,1.0,,
volcanoes-e1,mlp-nosuite,0.918918918918919,0.9887054720853641,1.0,1.0,0,0,1.0,,,1.0,1.0,0,0,1.0,,,1.0,1.0,0,0,1.0,,,1.0,1.0,0,0,1.0,,
volcanoes-e1,mlp-nosuite,0.918918918918919,0.9981906598023639,1.0,1.0,0,0,1.0,,,1.0,1.0,0,0,1.0,,,1.0,1.0,0,0,1.0,,,1.0,1.0,0,0,1.0,,
volcanoes-e1,mlp-nosuite,0.918918918918919,0.998856031403498,1.0,1.0,0,0,1.0,,,1.0,1.0,0,0,1.0,,,1.0,1.0,0,0,1.0,,,1.0,1.0,0,0,1.0,,
volcanoes-e1,mlp-nosuite,0.918918918918919,0.9988387896851688,1.0,1.0,0,0,1.0,,,1.0,1.0,0,0,1.0,,,1.0,1.0,0,0,1.0,,,1.0,1.0,0,0,1.0,,
volcanoes-e1,mlp-nosuite,0.918918918918919,0.7305801894128724,0.9655172413793104,0.9655172413793104,0,0,0.9655172413793104,,,0.9655172413793104,0.9655172413793104,0,0,0.9655172413793104,,,0.9655172413793104,0.9655172413793104,0,0,0.9655172413793104,,,0.9655172413793104,0.9655172413793104,0,0,0.9655172413793104,,
volcanoes-e1,mlp-nosuite,0.918918918918919,0.9974902908239451,1.0,1.0,0,0,1.0,,,1.0,1.0,0,0,1.0,,,1.0,1.0,0,0,1.0,,,1.0,1.0,0,0,1.0,,
volcanoes-e1,mlp-nosuite,0.918918918918919,0.946742782054873,1.0,1.0,0,0,1.0,,,1.0,1.0,0,0,1.0,,,1.0,1.0,0,0,1.0,,,1.0,1.0,0,0,1.0,,
volcanoes-e1,mlp-nosuite,0.918918918918919,0.9915968908790564,1.0,1.0,0,0,1.0,,,1.0,1.0,0,0,1.0,,,1.0,1.0,0,0,1.0,,,1.0,1.0,0,0,1.0,,
volcanoes-e1,mlp-nosuite,0.918918918918919,0.8410976226856158,1.0,1.0,0,0,1.0,,,1.0,1.0,0,0,1.0,,,1.0,1.0,0,0,1.0,,,1.0,1.0,0,0,1.0,,
volcanoes-e1,mlp-nosuite,0.918918918918919,0.9824611841416511,1.0,1.0,0,0,1.0,,,1.0,1.0,0,0,1.0,,,1.0,1.0,0,0,1.0,,,1.0,1.0,0,0,1.0,,
volcanoes-e1,mlp-nosuite,0.918918918918919,0.8819726473663048,1.0,1.0,0,0,1.0,,,1.0,1.0,0,0,1.0,,,1.0,1.0,0,0,1.0,,,1.0,1.0,0,0,1.0,,
volcanoes-e1,mlp-nosuite,0.918918918918919,0.9694173682350252,1.0,1.0,0,0,1.0,,,1.0,1.0,0,0,1.0,,,1.0,1.0,0,0,1.0,,,1.0,1.0,0,0,1.0,,
volcanoes-e1,mlp-nosuite,0.918918918918919,0.7482696019319227,1.0,1.0,0,0,1.0,,,1.0,1.0,0,0,1.0,,,1.0,1.0,0,0,1.0,,,1.0,1.0,0,0,1.0,,
volcanoes-e1,mlp-nosuite,0.918918918918919,0.9520506774695735,1.0,1.0,0,0,1.0,,,1.0,1.0,0,0,1.0,,,1.0,1.0,0,0,1.0,,,1.0,1.0,0,0,1.0,,
volcanoes-e1,mlp-nosuite,0.918918918918919,0.9873355869672665,1.0,1.0,0,0,1.0,,,1.0,1.0,0,0,1.0,,,1.0,1.0,0,0,1.0,,,1.0,1.0,0,0,1.0,,
volcanoes-e1,mlp-nosuite,0.918918918918919,0.9433236679582749,1.0,1.0,0,0,1.0,,,1.0,1.0,0,0,1.0,,,1.0,1.0,0,0,1.0,,,1.0,1.0,0,0,1.0,,
volcanoes-e1,mlp-nosuite,0.918918918918919,0.9867613050504636,1.0,1.0,0,0,1.0,,,1.0,1.0,0,0,1.0,,,1.0,1.0,0,0,1.0,,,1.0,1.0,0,0,1.0,,
volcanoes-e1,mlp-nosuite,0.918918918918919,0.8679882206369295,1.0,1.0,0,0,1.0,,,1.0,1.0,0,0,1.0,,,1.0,1.0,0,0,1.0,,,1.0,1.0,0,0,1.0,,
volcanoes-e1,mlp-nosuite,0.918918918918919,0.5912021688918155,0.9310344827586207,0.9655172413793104,0,0,0.9655172413793104,,0.9655172413793104,0.9310344827586207,0.9655172413793104,0,0,0.9655172413793104,,0.9655172413793104,0.9310344827586207,0.9655172413793104,0,0,0.9655172413793104,,0.9655172413793104,0.9310344827586207,0.9655172413793104,0,0,0.9655172413793104,,0.9655172413793104
volcanoes-e1,mlp-nosuite,0.918918918918919,0.8860541755061789,1.0,1.0,0,0,1.0,,,1.0,1.0,0,0,1.0,,,1.0,1.0,0,0,1.0,,,1.0,1.0,0,0,1.0,,
volcanoes-e1,mlp-nosuite,0.918918918918919,0.998344566372766,1.0,1.0,0,0,1.0,,,1.0,1.0,0,0,1.0,,,1.0,1.0,0,0,1.0,,,1.0,1.0,0,0,1.0,,
volcanoes-e1,mlp-nosuite,0.918918918918919,0.9487177384937167,1.0,1.0,0,0,1.0,,,1.0,1.0,0,0,1.0,,,1.0,1.0,0,0,1.0,,,1.0,1.0,0,0,1.0,,
volcanoes-e1,mlp-nosuite,0.918918918918919,0.9019527658372608,1.0,1.0,0,0,1.0,,,1.0,1.0,0,0,1.0,,,1.0,1.0,0,0,1.0,,,1.0,1.0,0,0,1.0,,
volcanoes-e1,mlp-nosuite,0.918918918918919,0.6688183046856834,1.0,1.0,0,0,1.0,,,1.0,1.0,0,0,1.0,,,1.0,1.0,0,0,1.0,,,1.0,1.0,0,0,1.0,,
volcanoes-e1,mlp-nosuite,0.918918918918919,0.9990708599183411,1.0,1.0,0,0,1.0,,,1.0,1.0,0,0,1.0,,,1.0,1.0,0,0,1.0,,,1.0,1.0,0,0,1.0,,
volcanoes-e1,mlp-nosuite,0.918918918918919,0.9967541504770164,1.0,1.0,0,0,1.0,,,1.0,1.0,0,0,1.0,,,1.0,1.0,0,0,1.0,,,1.0,1.0,0,0,1.0,,
volcanoes-e1,mlp-nosuite,0.918918918918919,0.9822582643507728,1.0,1.0,0,0,1.0,,,1.0,1.0,0,0,1.0,,,1.0,1.0,0,0,1.0,,,1.0,1.0,0,0,1.0,,
volcanoes-e1,mlp-nosuite,0.918918918918919,0.9174268374430303,1.0,1.0,0,0,1.0,,,1.0,1.0,0,0,1.0,,,1.0,1.0,0,0,1.0,,,1.0,1.0,0,0,1.0,,
volcanoes-e1,mlp-nosuite,0.918918918918919,0.8057211538724937,1.0,1.0,0,0,1.0,,,1.0,1.0,0,0,1.0,,,1.0,1.0,0,0,1.0,,,1.0,1.0,0,0,1.0,,
volcanoes-e1,mlp-nosuite,0.918918918918919,0.8509239764987772,1.0,1.0,0,0,1.0,,,1.0,1.0,0,0,1.0,,,1.0,1.0,0,0,1.0,,,1.0,1.0,0,0,1.0,,
volcanoes-e1,mlp-nosuite,0.918918918918919,0.935716588292289,1.0,1.0,0,0,1.0,,,1.0,1.0,0,0,1.0,,,1.0,1.0,0,0,1.0,,,1.0,1.0,0,0,1.0,,
volcanoes-e1,mlp-nosuite,0.918918918918919,0.9935916253780659,1.0,1.0,0,0,1.0,,,1.0,1.0,0,0,1.0,,,1.0,1.0,0,0,1.0,,,1.0,1.0,0,0,1.0,,
volcanoes-e1,mlp-nosuite,0.918918918918919,0.7881970042122027,1.0,1.0,0,0,1.0,,,1.0,1.0,0,0,1.0,,,1.0,1.0,0,0,1.0,,,1.0,1.0,0,0,1.0,,
volcanoes-e1,mlp-nosuite,0.918918918918919,0.636415725010704,1.0,1.0,0,0,1.0,,,1.0,1.0,0,0,1.0,,,1.0,1.0,0,0,1.0,,,1.0,1.0,0,0,1.0,,
volcanoes-e1,mlp-nosuite,0.918918918918919,0.9661235342550972,1.0,1.0,0,0,1.0,,,1.0,1.0,0,0,1.0,,,1.0,1.0,0,0,1.0,,,1.0,1.0,0,0,1.0,,
volcanoes-e1,mlp-nosuite,0.918918918918919,0.9730397852658135,1.0,1.0,0,0,1.0,,,1.0,1.0,0,0,1.0,,,1.0,1.0,0,0,1.0,,,1.0,1.0,0,0,1.0,,
volcanoes-e1,mlp-nosuite,0.918918918918919,0.9938152433697517,1.0,1.0,0,0,1.0,,,1.0,1.0,0,0,1.0,,,1.0,1.0,0,0,1.0,,,1.0,1.0,0,0,1.0,,
volcanoes-e1,mlp-nosuite,0.918918918918919,0.834393379380197,1.0,1.0,0,0,1.0,,,1.0,1.0,0,0,1.0,,,1.0,1.0,0,0,1.0,,,1.0,1.0,0,0,1.0,,
volcanoes-e1,mlp-nosuite,0.918918918918919,0.6223688569427445,1.0,1.0,0,0,1.0,,,1.0,1.0,0,0,1.0,,,1.0,1.0,0,0,1.0,,,1.0,1.0,0,0,1.0,,
volcanoes-e1,mlp-nosuite,0.918918918918919,0.9926350892005573,1.0,1.0,0,0,1.0,,,1.0,1.0,0,0,1.0,,,1.0,1.0,0,0,1.0,,,1.0,1.0,0,0,1.0,,
volcanoes-e1,mlp-nosuite,0.918918918918919,0.9262888360598285,1.0,1.0,0,0,1.0,,,1.0,1.0,0,0,1.0,,,1.0,1.0,0,0,1.0,,,1.0,1.0,0,0,1.0,,
volcanoes-e1,mlp-nosuite,0.918918918918919,0.9853001169482463,1.0,1.0,0,0,1.0,,,1.0,1.0,0,0,1.0,,,1.0,1.0,0,0,1.0,,,1.0,1.0,0,0,1.0,,
volcanoes-e1,mlp-nosuite,0.918918918918919,0.9977333814997992,1.0,1.0,0,0,1.0,,,1.0,1.0,0,0,1.0,,,1.0,1.0,0,0,1.0,,,1.0,1.0,0,0,1.0,,
volcanoes-e1,mlp-nosuite,0.918918918918919,0.5302986372477703,1.0,1.0,0,0,1.0,,,1.0,1.0,0,0,1.0,,,1.0,1.0,0,0,1.0,,,1.0,1.0,0,0,1.0,,
volcanoes-e1,mlp-nosuite,0.918918918918919,0.9879811553309106,1.0,1.0,0,0,1.0,,,1.0,1.0,0,0,1.0,,,1.0,1.0,0,0,1.0,,,1.0,1.0,0,0,1.0,,
volcanoes-e1,mlp-nosuite,0.918918918918919,0.962062697630063,1.0,1.0,0,0,1.0,,1.0,1.0,1.0,0,0,1.0,,1.0,1.0,1.0,0,0,1.0,,1.0,1.0,1.0,0,0,1.0,,1.0
volcanoes-e1,mlp-nosuite,0.918918918918919,0.9805325652165897,1.0,1.0,0,0,1.0,,,1.0,1.0,0,0,1.0,,,1.0,1.0,0,0,1.0,,,1.0,1.0,0,0,1.0,,
volcanoes-e1,mlp-nosuite,0.918918918918919,0.9795932315164706,1.0,1.0,0,0,1.0,,,1.0,1.0,0,0,1.0,,,1.0,1.0,0,0,1.0,,,1.0,1.0,0,0,1.0,,
volcanoes-e1,mlp-nosuite,0.918918918918919,0.9893628623422446,1.0,1.0,0,0,1.0,,,1.0,1.0,0,0,1.0,,,1.0,1.0,0,0,1.0,,,1.0,1.0,0,0,1.0,,
yeast,mlp-nosuite,0.6172506738544474,0.7059430427120151,0.8378378378378378,0.8108108108108109,0,0,0.7837837837837838,,0.7297297297297297,0.8378378378378378,0.8108108108108109,0,0,0.7837837837837838,,0.7297297297297297,0.8378378378378378,0.8108108108108109,0,0,0.7837837837837838,,0.7297297297297297,0.8378378378378378,0.8108108108108109,0,0,0.7837837837837838,,0.7297297297297297
yeast,mlp-nosuite,0.6172506738544474,0.854184224069063,0.972972972972973,0.972972972972973,0,0,0.9459459459459459,0.918918918918919,0.918918918918919,0.972972972972973,0.972972972972973,0,0,0.9459459459459459,0.918918918918919,0.918918918918919,0.972972972972973,0.972972972972973,0,0,0.9459459459459459,0.918918918918919,0.918918918918919,0.972972972972973,0.972972972972973,0,0,0.9459459459459459,0.918918918918919,0.918918918918919
yeast,mlp-nosuite,0.6172506738544474,0.7687061589797701,0.8648648648648649,0.8648648648648649,0,0,0.6756756756756757,,0.9459459459459459,0.8648648648648649,0.8648648648648649,0,0,0.6756756756756757,,0.9459459459459459,0.8648648648648649,0.8648648648648649,0,0,0.6756756756756757,,0.9459459459459459,0.8648648648648649,0.8648648648648649,0,0,0.6756756756756757,,0.9459459459459459
yeast,mlp-nosuite,0.6172506738544474,0.8153871353725672,0.918918918918919,0.972972972972973,0,0,0.972972972972973,,0.8918918918918919,0.918918918918919,0.972972972972973,0,0,0.972972972972973,,0.8918918918918919,0.918918918918919,0.972972972972973,0,0,0.972972972972973,,0.8918918918918919,0.918918918918919,0.972972972972973,0,0,0.972972972972973,,0.8918918918918919
yeast,mlp-nosuite,0.6172506738544474,0.8517713481033629,0.7837837837837838,0.8918918918918919,0,0,0.8108108108108109,,0.8378378378378378,0.7837837837837838,0.8918918918918919,0,0,0.8108108108108109,,0.8378378378378378,0.7837837837837838,0.8918918918918919,0,0,0.8108108108108109,,0.8378378378378378,0.7837837837837838,0.8918918918918919,0,0,0.8108108108108109,,0.8378378378378378
yeast,mlp-nosuite,0.6172506738544474,0.4910007150414382,0.7027027027027027,0.7027027027027027,0,0,0.5675675675675675,,0.6216216216216216,0.7027027027027027,0.7027027027027027,0,0,0.5675675675675675,,0.6216216216216216,0.7027027027027027,0.7027027027027027,0,0,0.5675675675675675,,0.6216216216216216,0.7027027027027027,0.7027027027027027,0,0,0.5675675675675675,,0.6216216216216216
yeast,mlp-nosuite,0.6172506738544474,0.6965870220668589,0.8378378378378378,0.918918918918919,0,0,0.8108108108108109,,0.8648648648648649,0.8378378378378378,0.918918918918919,0,0,0.8108108108108109,,0.8648648648648649,0.8378378378378378,0.918918918918919,0,0,0.8108108108108109,,0.8648648648648649,0.8378378378378378,0.918918918918919,0,0,0.8108108108108109,,0.8648648648648649
yeast,mlp-nosuite,0.6172506738544474,0.6082230414329826,0.8648648648648649,0.918918918918919,0,0,0.8918918918918919,,0.8648648648648649,0.8648648648648649,0.918918918918919,0,0,0.8918918918918919,,0.8648648648648649,0.8648648648648649,0.918918918918919,0,0,0.8918918918918919,,0.8648648648648649,0.8648648648648649,0.918918918918919,0,0,0.8918918918918919,,0.8648648648648649
yeast,mlp-nosuite,0.6172506738544474,0.5307691251774221,0.918918918918919,0.8648648648648649,0,0,0.7837837837837838,,0.8918918918918919,0.918918918918919,0.8648648648648649,0,0,0.7837837837837838,,0.8918918918918919,0.918918918918919,0.8648648648648649,0,0,0.7837837837837838,,0.8918918918918919,0.918918918918919,0.8648648648648649,0,0,0.7837837837837838,,0.8918918918918919
yeast,mlp-nosuite,0.6172506738544474,0.5898136535651094,0.918918918918919,0.9459459459459459,0,0,0.8918918918918919,,0.9459459459459459,0.918918918918919,0.9459459459459459,0,0,0.8918918918918919,,0.9459459459459459,0.918918918918919,0.9459459459459459,0,0,0.8918918918918919,,0.9459459459459459,0.918918918918919,0.9459459459459459,0,0,0.8918918918918919,,0.9459459459459459
yeast,mlp-nosuite,0.6172506738544474,0.9769920903358666,0.972972972972973,0.9459459459459459,0,0,0.9459459459459459,,0.9459459459459459,0.972972972972973,0.9459459459459459,0,0,0.9459459459459459,,0.9459459459459459,0.972972972972973,0.9459459459459459,0,0,0.9459459459459459,,0.9459459459459459,0.972972972972973,0.9459459459459459,0,0,0.9459459459459459,,0.9459459459459459
yeast,mlp-nosuite,0.6172506738544474,0.6550089218997267,0.7027027027027027,0.7297297297297297,0,0,0.7027027027027027,,0.7837837837837838,0.7027027027027027,0.7297297297297297,0,0,0.7027027027027027,,0.7837837837837838,0.7027027027027027,0.7297297297297297,0,0,0.7027027027027027,,0.7837837837837838,0.7027027027027027,0.7297297297297297,0,0,0.7027027027027027,,0.7837837837837838
yeast,mlp-nosuite,0.6172506738544474,0.652156417544897,0.8918918918918919,0.972972972972973,0,0,0.9459459459459459,,0.918918918918919,0.8918918918918919,0.972972972972973,0,0,0.9459459459459459,,0.918918918918919,0.8918918918918919,0.972972972972973,0,0,0.9459459459459459,,0.918918918918919,0.8918918918918919,0.972972972972973,0,0,0.9459459459459459,,0.918918918918919
yeast,mlp-nosuite,0.6172506738544474,0.590686225478177,0.8918918918918919,0.972972972972973,0,0,0.8108108108108109,,0.8918918918918919,0.8918918918918919,0.972972972972973,0,0,0.8108108108108109,,0.8918918918918919,0.8918918918918919,0.972972972972973,0,0,0.8108108108108109,,0.8918918918918919,0.8918918918918919,0.972972972972973,0,0,0.8108108108108109,,0.8918918918918919
yeast,mlp-nosuite,0.6172506738544474,0.8068372530401193,0.918918918918919,0.9459459459459459,0,0,1.0,,0.8648648648648649,0.918918918918919,0.9459459459459459,0,0,1.0,,0.8648648648648649,0.918918918918919,0.9459459459459459,0,0,1.0,,0.8648648648648649,0.918918918918919,0.9459459459459459,0,0,1.0,,0.8648648648648649
yeast,mlp-nosuite,0.6172506738544474,0.48720428480289174,0.8918918918918919,0.8918918918918919,0,0,0.8378378378378378,,0.7567567567567568,0.8918918918918919,0.8918918918918919,0,0,0.8378378378378378,,0.7567567567567568,0.8918918918918919,0.8918918918918919,0,0,0.8378378378378378,,0.7567567567567568,0.8918918918918919,0.8918918918918919,0,0,0.8378378378378378,,0.7567567567567567
yeast,mlp-nosuite,0.6172506738544474,0.7066654959328711,0.7567567567567568,0.918918918918919,0,0,0.9459459459459459,,0.7297297297297297,0.7567567567567568,0.918918918918919,0,0,0.9459459459459459,,0.7297297297297297,0.7567567567567568,0.918918918918919,0,0,0.9459459459459459,,0.7297297297297297,0.7567567567567567,0.918918918918919,0,0,0.9459459459459459,,0.7297297297297297
yeast,mlp-nosuite,0.6172506738544474,0.6383887042040087,0.6756756756756757,0.7837837837837838,0,0,0.6216216216216216,,0.6216216216216216,0.6756756756756757,0.7837837837837838,0,0,0.6216216216216216,,0.6216216216216216,0.6756756756756757,0.7837837837837838,0,0,0.6216216216216216,,0.6216216216216216,0.6756756756756757,0.7837837837837838,0,0,0.6216216216216216,,0.6216216216216216
yeast,mlp-nosuite,0.6172506738544474,0.5399032225517664,0.7027027027027027,0.7567567567567568,0,0,0.6216216216216216,,0.5405405405405406,0.7027027027027027,0.7567567567567568,0,0,0.6216216216216216,,0.5405405405405406,0.7027027027027027,0.7567567567567568,0,0,0.6216216216216216,,0.5405405405405406,0.7027027027027027,0.7567567567567567,0,0,0.6216216216216216,,0.5405405405405406
yeast,mlp-nosuite,0.6172506738544474,0.6402846894575331,0.918918918918919,1.0,0,0,1.0,,0.918918918918919,0.918918918918919,1.0,0,0,1.0,,0.918918918918919,0.918918918918919,1.0,0,0,1.0,,0.918918918918919,0.918918918918919,1.0,0,0,1.0,,0.918918918918919
yeast,mlp-nosuite,0.6172506738544474,0.8270420607641638,0.8918918918918919,0.8648648648648649,0,0,0.8918918918918919,0.8648648648648649,0.8108108108108109,0.8918918918918919,0.8648648648648649,0,0,0.8918918918918919,0.8648648648648649,0.8108108108108109,0.8918918918918919,0.8648648648648649,0,0,0.8918918918918919,0.8648648648648649,0.8108108108108109,0.8918918918918919,0.8648648648648649,0,0,0.8918918918918919,0.8648648648648649,0.8108108108108109
yeast,mlp-nosuite,0.6172506738544474,0.9559665576072347,0.6756756756756757,0.7837837837837838,0,0,0.5675675675675675,,0.6486486486486487,0.6756756756756757,0.7837837837837838,0,0,0.5675675675675675,,0.6486486486486487,0.6756756756756757,0.7837837837837838,0,0,0.5675675675675675,,0.6486486486486487,0.6756756756756757,0.7837837837837838,0,0,0.5675675675675675,,0.6486486486486487
yeast,mlp-nosuite,0.6172506738544474,0.7985630197835285,0.7297297297297297,0.8378378378378378,0,0,0.7027027027027027,,0.8918918918918919,0.7297297297297297,0.8378378378378378,0,0,0.7027027027027027,,0.8918918918918919,0.7297297297297297,0.8378378378378378,0,0,0.7027027027027027,,0.8918918918918919,0.7297297297297297,0.8378378378378378,0,0,0.7027027027027027,,0.8918918918918919
yeast,mlp-nosuite,0.6172506738544474,0.6227046815327231,0.9459459459459459,0.972972972972973,0,0,0.8918918918918919,,0.8918918918918919,0.9459459459459459,0.972972972972973,0,0,0.8918918918918919,,0.8918918918918919,0.9459459459459459,0.972972972972973,0,0,0.8918918918918919,,0.8918918918918919,0.9459459459459459,0.972972972972973,0,0,0.8918918918918919,,0.8918918918918919
yeast,mlp-nosuite,0.6172506738544474,0.5224487399404436,0.8648648648648649,0.9459459459459459,0,0,0.7567567567567568,,0.7027027027027027,0.8648648648648649,0.9459459459459459,0,0,0.7567567567567568,,0.7027027027027027,0.8648648648648649,0.9459459459459459,0,0,0.7567567567567568,,0.7027027027027027,0.8648648648648649,0.9459459459459459,0,0,0.7567567567567567,,0.7027027027027027
yeast,mlp-nosuite,0.6172506738544474,0.3891855150835529,0.8108108108108109,0.8648648648648649,0,0,0.5945945945945946,,0.7297297297297297,0.8108108108108109,0.8648648648648649,0,0,0.5945945945945946,,0.7297297297297297,0.8108108108108109,0.8648648648648649,0,0,0.5945945945945946,,0.7297297297297297,0.8108108108108109,0.8648648648648649,0,0,0.5945945945945946,,0.7297297297297297
yeast,mlp-nosuite,0.6172506738544474,0.5911790368740227,0.8648648648648649,0.8648648648648649,0,0,0.8648648648648649,,0.8108108108108109,0.8648648648648649,0.8648648648648649,0,0,0.8648648648648649,,0.8108108108108109,0.8648648648648649,0.8648648648648649,0,0,0.8648648648648649,,0.8108108108108109,0.8648648648648649,0.8648648648648649,0,0,0.8648648648648649,,0.8108108108108109
yeast,mlp-nosuite,0.6172506738544474,0.629670593848274,0.918918918918919,0.918918918918919,0,0,0.8648648648648649,,0.918918918918919,0.918918918918919,0.918918918918919,0,0,0.8648648648648649,,0.918918918918919,0.918918918918919,0.918918918918919,0,0,0.8648648648648649,,0.918918918918919,0.918918918918919,0.918918918918919,0,0,0.8648648648648649,,0.918918918918919
yeast,mlp-nosuite,0.6172506738544474,0.5658438576331523,0.8648648648648649,1.0,0,0,0.972972972972973,,0.8648648648648649,0.8648648648648649,1.0,0,0,0.972972972972973,,0.8648648648648649,0.8648648648648649,1.0,0,0,0.972972972972973,,0.8648648648648649,0.8648648648648649,1.0,0,0,0.972972972972973,,0.8648648648648649
yeast,mlp-nosuite,0.6172506738544474,0.7187024376961156,0.9459459459459459,0.8378378378378378,0,0,0.918918918918919,,0.8918918918918919,0.9459459459459459,0.8378378378378378,0,0,0.918918918918919,,0.8918918918918919,0.9459459459459459,0.8378378378378378,0,0,0.918918918918919,,0.8918918918918919,0.9459459459459459,0.8378378378378378,0,0,0.918918918918919,,0.8918918918918919
yeast,mlp-nosuite,0.6172506738544474,0.5913711080016002,0.8108108108108109,0.8108108108108109,0,0,0.7837837837837838,,0.8378378378378378,0.8108108108108109,0.8108108108108109,0,0,0.7837837837837838,,0.8378378378378378,0.8108108108108109,0.8108108108108109,0,0,0.7837837837837838,,0.8378378378378378,0.8108108108108109,0.8108108108108109,0,0,0.7837837837837838,,0.8378378378378378
yeast,mlp-nosuite,0.6172506738544474,0.5682644820982953,0.8918918918918919,0.8648648648648649,0,0,0.8378378378378378,,0.8648648648648649,0.8918918918918919,0.8648648648648649,0,0,0.8378378378378378,,0.8648648648648649,0.8918918918918919,0.8648648648648649,0,0,0.8378378378378378,,0.8648648648648649,0.8918918918918919,0.8648648648648649,0,0,0.8378378378378378,,0.8648648648648649
yeast,mlp-nosuite,0.6172506738544474,0.5213467113424698,0.918918918918919,0.8648648648648649,0,0,0.8918918918918919,,0.6486486486486487,0.918918918918919,0.8648648648648649,0,0,0.8918918918918919,,0.6486486486486487,0.918918918918919,0.8648648648648649,0,0,0.8918918918918919,,0.6486486486486487,0.918918918918919,0.8648648648648649,0,0,0.8918918918918919,,0.6486486486486487
yeast,mlp-nosuite,0.6172506738544474,0.5031306686464653,0.7837837837837838,0.7567567567567568,0,0,0.7297297297297297,,0.7297297297297297,0.7837837837837838,0.7567567567567568,0,0,0.7297297297297297,,0.7297297297297297,0.7837837837837838,0.7567567567567568,0,0,0.7297297297297297,,0.7297297297297297,0.7837837837837838,0.7567567567567567,0,0,0.7297297297297297,,0.7297297297297297
yeast,mlp-nosuite,0.6172506738544474,0.5884111482706388,0.972972972972973,0.918918918918919,0,0,0.7567567567567568,,0.918918918918919,0.972972972972973,0.918918918918919,0,0,0.7567567567567568,,0.918918918918919,0.972972972972973,0.918918918918919,0,0,0.7567567567567568,,0.918918918918919,0.972972972972973,0.918918918918919,0,0,0.7567567567567567,,0.918918918918919
yeast,mlp-nosuite,0.6172506738544474,0.7866950662633221,0.7837837837837838,0.7567567567567568,0,0,0.6756756756756757,,0.7567567567567568,0.7837837837837838,0.7567567567567568,0,0,0.6756756756756757,,0.7567567567567568,0.7837837837837838,0.7567567567567568,0,0,0.6756756756756757,,0.7567567567567568,0.7837837837837838,0.7567567567567567,0,0,0.6756756756756757,,0.7567567567567567
yeast,mlp-nosuite,0.6172506738544474,0.5447268803985967,0.6486486486486487,0.6756756756756757,0,0,0.7837837837837838,,0.5945945945945946,0.6486486486486487,0.6756756756756757,0,0,0.7837837837837838,,0.5945945945945946,0.6486486486486487,0.6756756756756757,0,0,0.7837837837837838,,0.5945945945945946,0.6486486486486487,0.6756756756756757,0,0,0.7837837837837838,,0.5945945945945946
yeast,mlp-nosuite,0.6172506738544474,0.8144204226766092,0.9459459459459459,0.9459459459459459,0,0,0.918918918918919,,0.8378378378378378,0.9459459459459459,0.9459459459459459,0,0,0.918918918918919,,0.8378378378378378,0.9459459459459459,0.9459459459459459,0,0,0.918918918918919,,0.8378378378378378,0.9459459459459459,0.9459459459459459,0,0,0.918918918918919,,0.8378378378378378
yeast,mlp-nosuite,0.6172506738544474,0.8891864317831109,0.9459459459459459,1.0,0,0,1.0,,0.918918918918919,0.9459459459459459,1.0,0,0,1.0,,0.918918918918919,0.9459459459459459,1.0,0,0,1.0,,0.918918918918919,0.9459459459459459,1.0,0,0,1.0,,0.918918918918919
yeast,mlp-nosuite,0.6172506738544474,0.28133881938989935,0.8648648648648649,1.0,0,0,0.918918918918919,,0.7297297297297297,0.8648648648648649,1.0,0,0,0.918918918918919,,0.7297297297297297,0.8648648648648649,1.0,0,0,0.918918918918919,,0.7297297297297297,0.8648648648648649,1.0,0,0,0.918918918918919,,0.7297297297297297
yeast,mlp-nosuite,0.6172506738544474,0.6859127235089117,0.8918918918918919,0.8918918918918919,0,0,0.9459459459459459,,0.8378378378378378,0.8918918918918919,0.8918918918918919,0,0,0.9459459459459459,,0.8378378378378378,0.8918918918918919,0.8918918918918919,0,0,0.9459459459459459,,0.8378378378378378,0.8918918918918919,0.8918918918918919,0,0,0.9459459459459459,,0.8378378378378378
yeast,mlp-nosuite,0.6172506738544474,0.6731378428486091,0.8918918918918919,0.9459459459459459,0,0,0.918918918918919,,0.8648648648648649,0.8918918918918919,0.9459459459459459,0,0,0.918918918918919,,0.8648648648648649,0.8918918918918919,0.9459459459459459,0,0,0.918918918918919,,0.8648648648648649,0.8918918918918919,0.9459459459459459,0,0,0.918918918918919,,0.8648648648648649
yeast,mlp-nosuite,0.6172506738544474,0.35038552062983414,0.7837837837837838,0.8108108108108109,0,0,0.8378378378378378,,0.5945945945945946,0.7837837837837838,0.8108108108108109,0,0,0.8378378378378378,,0.5945945945945946,0.7837837837837838,0.8108108108108109,0,0,0.8378378378378378,,0.5945945945945946,0.7837837837837838,0.8108108108108109,0,0,0.8378378378378378,,0.5945945945945946
yeast,mlp-nosuite,0.6172506738544474,0.6058491647689342,0.6756756756756757,0.7027027027027027,0,0,0.7567567567567568,,0.7837837837837838,0.6756756756756757,0.7027027027027027,0,0,0.7567567567567568,,0.7837837837837838,0.6756756756756757,0.7027027027027027,0,0,0.7567567567567568,,0.7837837837837838,0.6756756756756757,0.7027027027027027,0,0,0.7567567567567567,,0.7837837837837838
yeast,mlp-nosuite,0.6172506738544474,0.9422417409954973,0.8648648648648649,0.9459459459459459,0,0,0.8378378378378378,,0.8648648648648649,0.8648648648648649,0.9459459459459459,0,0,0.8378378378378378,,0.8648648648648649,0.8648648648648649,0.9459459459459459,0,0,0.8378378378378378,,0.8648648648648649,0.8648648648648649,0.9459459459459459,0,0,0.8378378378378378,,0.8648648648648649
yeast,mlp-nosuite,0.6172506738544474,0.7328804053498051,0.918918918918919,0.9459459459459459,0,0,0.9459459459459459,,0.9459459459459459,0.918918918918919,0.9459459459459459,0,0,0.9459459459459459,,0.9459459459459459,0.918918918918919,0.9459459459459459,0,0,0.9459459459459459,,0.9459459459459459,0.918918918918919,0.9459459459459459,0,0,0.9459459459459459,,0.9459459459459459
yeast,mlp-nosuite,0.6172506738544474,0.3486443412971777,0.918918918918919,1.0,0,0,0.9459459459459459,,0.8648648648648649,0.918918918918919,1.0,0,0,0.9459459459459459,,0.8648648648648649,0.918918918918919,1.0,0,0,0.9459459459459459,,0.8648648648648649,0.918918918918919,1.0,0,0,0.9459459459459459,,0.8648648648648649
yeast,mlp-nosuite,0.6172506738544474,0.6434217995854417,0.9459459459459459,0.9459459459459459,0,0,0.8918918918918919,,0.9459459459459459,0.9459459459459459,0.9459459459459459,0,0,0.8918918918918919,,0.9459459459459459,0.9459459459459459,0.9459459459459459,0,0,0.8918918918918919,,0.9459459459459459,0.9459459459459459,0.9459459459459459,0,0,0.8918918918918919,,0.9459459459459459
yeast,mlp-nosuite,0.6172506738544474,0.7272889805060853,0.7297297297297297,0.7567567567567568,0,0,0.8648648648648649,,0.8918918918918919,0.7297297297297297,0.7567567567567568,0,0,0.8648648648648649,,0.8918918918918919,0.7297297297297297,0.7567567567567568,0,0,0.8648648648648649,,0.8918918918918919,0.7297297297297297,0.7567567567567567,0,0,0.8648648648648649,,0.8918918918918919
yeast,mlp-nosuite,0.6172506738544474,0.8009345249963874,0.8108108108108109,0.8378378378378378,0,0,0.8648648648648649,,0.8648648648648649,0.8108108108108109,0.8378378378378378,0,0,0.8648648648648649,,0.8648648648648649,0.8108108108108109,0.8378378378378378,0,0,0.8648648648648649,,0.8648648648648649,0.8108108108108109,0.8378378378378378,0,0,0.8648648648648649,,0.8648648648648649
rmftsa,mlp-nosuite,0.51953125,0.4392036268962049,1.0,1.0,0,0,0.96,,1.0,1.0,1.0,0,0,0.96,,1.0,1.0,1.0,0,0,0.96,,1.0,1.0,1.0,0,0,0.96,,1.0
rmftsa,mlp-nosuite,0.51953125,0.4680882890516091,0.8,0.96,0,0,0.88,,0.92,0.8,0.96,0,0,0.88,,0.92,0.8,0.96,0,0,0.88,,0.92,0.8000000000000002,0.96,0,0,0.88,,0.92
rmftsa,mlp-nosuite,0.51953125,0.38564920294868216,0.44,0.84,0,0,0.88,,0.32,0.44,0.84,0,0,0.88,,0.32,0.44,0.84,0,0,0.88,,0.32,0.44,0.8399999999999999,0,0,0.88,,0.32
rmftsa,mlp-nosuite,0.51953125,0.4703688216831583,0.6,0.76,0,0,0.72,,0.6,0.6,0.76,0,0,0.72,,0.6,0.6,0.76,0,0,0.72,,0.6,0.6,0.76,0,0,0.72,,0.6
rmftsa,mlp-nosuite,0.51953125,0.6230154375875949,1.0,1.0,0,0,1.0,,1.0,1.0,1.0,0,0,1.0,,1.0,1.0,1.0,0,0,1.0,,1.0,1.0,1.0,0,0,1.0,,1.0
rmftsa,mlp-nosuite,0.51953125,0.520291675712967,1.0,1.0,0,0,1.0,,1.0,1.0,1.0,0,0,1.0,,1.0,1.0,1.0,0,0,1.0,,1.0,1.0,1.0,0,0,1.0,,1.0
rmftsa,mlp-nosuite,0.51953125,0.4226854137332023,0.72,0.8,0,0,0.96,,0.72,0.72,0.8,0,0,0.96,,0.72,0.72,0.8,0,0,0.96,,0.72,0.72,0.8000000000000002,0,0,0.96,,0.72
rmftsa,mlp-nosuite,0.51953125,0.5311366699227706,1.0,1.0,0,0,1.0,,1.0,1.0,1.0,0,0,1.0,,1.0,1.0,1.0,0,0,1.0,,1.0,1.0,1.0,0,0,1.0,,1.0
rmftsa,mlp-nosuite,0.51953125,0.49625395118885585,0.72,0.84,0,0,0.88,,0.88,0.72,0.84,0,0,0.88,,0.88,0.72,0.84,0,0,0.88,,0.88,0.72,0.8399999999999999,0,0,0.88,,0.88
rmftsa,mlp-nosuite,0.51953125,0.5158761279858914,1.0,1.0,0,0,1.0,,1.0,1.0,1.0,0,0,1.0,,1.0,1.0,1.0,0,0,1.0,,1.0,1.0,1.0,0,0,1.0,,1.0
rmftsa,mlp-nosuite,0.51953125,0.7531628560102336,1.0,1.0,0,0,1.0,,1.0,1.0,1.0,0,0,1.0,,1.0,1.0,1.0,0,0,1.0,,1.0,1.0,1.0,0,0,1.0,,1.0
rmftsa,mlp-nosuite,0.51953125,0.5581282006345757,0.72,1.0,0,0,1.0,,0.88,0.72,1.0,0,0,1.0,,0.88,0.72,1.0,0,0,1.0,,0.88,0.72,1.0,0,0,1.0,,0.88
rmftsa,mlp-nosuite,0.51953125,0.4892391385789344,0.56,1.0,0,0,0.96,,0.96,0.56,1.0,0,0,0.96,,0.96,0.56,1.0,0,0,0.96,,0.96,0.56,1.0,0,0,0.96,,0.96
rmftsa,mlp-nosuite,0.51953125,0.44989282848458323,0.36,0.92,0,0,0.92,,0.92,0.36,0.92,0,0,0.92,,0.92,0.36,0.92,0,0,0.92,,0.92,0.36,0.92,0,0,0.92,,0.92
rmftsa,mlp-nosuite,0.51953125,0.5014428846574492,1.0,1.0,0,0,1.0,,1.0,1.0,1.0,0,0,1.0,,1.0,1.0,1.0,0,0,1.0,,1.0,1.0,1.0,0,0,1.0,,1.0
rmftsa,mlp-nosuite,0.51953125,0.5396897232801114,0.56,0.96,0,0,0.96,,0.96,0.56,0.96,0,0,0.96,,0.96,0.56,0.96,0,0,0.96,,0.96,0.56,0.96,0,0,0.96,,0.96
rmftsa,mlp-nosuite,0.51953125,0.35938128953713677,0.4,1.0,0,0,1.0,,0.88,0.4,1.0,0,0,1.0,,0.88,0.4,1.0,0,0,1.0,,0.88,0.4000000000000001,1.0,0,0,1.0,,0.88
rmftsa,mlp-nosuite,0.51953125,0.5158761279858914,1.0,1.0,0,0,1.0,,1.0,1.0,1.0,0,0,1.0,,1.0,1.0,1.0,0,0,1.0,,1.0,1.0,1.0,0,0,1.0,,1.0
rmftsa,mlp-nosuite,0.51953125,0.5456845771163488,0.48,1.0,0,0,0.88,,1.0,0.48,1.0,0,0,0.88,,1.0,0.48,1.0,0,0,0.88,,1.0,0.48,1.0,0,0,0.88,,1.0
rmftsa,mlp-nosuite,0.51953125,0.5783612720130417,1.0,1.0,0,0,1.0,,1.0,1.0,1.0,0,0,1.0,,1.0,1.0,1.0,0,0,1.0,,1.0,1.0,1.0,0,0,1.0,,1.0
rmftsa,mlp-nosuite,0.51953125,0.4456303814003765,1.0,1.0,0,0,1.0,,1.0,1.0,1.0,0,0,1.0,,1.0,1.0,1.0,0,0,1.0,,1.0,1.0,1.0,0,0,1.0,,1.0
rmftsa,mlp-nosuite,0.51953125,0.4288145439547315,0.48,0.76,0,0,0.92,,0.68,0.48,0.76,0,0,0.92,,0.68,0.48,0.76,0,0,0.92,,0.68,0.48,0.76,0,0,0.92,,0.68
rmftsa,mlp-nosuite,0.51953125,0.3624132567773058,0.68,1.0,0,0,0.6,,0.6,0.68,1.0,0,0,0.6,,0.6,0.68,1.0,0,0,0.6,,0.6,0.68,1.0,0,0,0.6,,0.6
rmftsa,mlp-nosuite,0.51953125,0.6780616434441902,1.0,1.0,0,0,1.0,,1.0,1.0,1.0,0,0,1.0,,1.0,1.0,1.0,0,0,1.0,,1.0,1.0,1.0,0,0,1.0,,1.0
rmftsa,mlp-nosuite,0.51953125,0.3611232315319938,0.6,0.76,0,0,0.84,,0.76,0.6,0.76,0,0,0.84,,0.76,0.6,0.76,0,0,0.84,,0.76,0.6,0.76,0,0,0.8399999999999999,,0.76
rmftsa,mlp-nosuite,0.51953125,0.4401701803855752,0.48,0.88,0,0,0.92,,0.56,0.48,0.88,0,0,0.92,,0.56,0.48,0.88,0,0,0.92,,0.56,0.48,0.88,0,0,0.92,,0.56
rmftsa,mlp-nosuite,0.51953125,0.3485186007507078,0.88,0.96,0,0,0.96,,0.08,0.88,0.96,0,0,0.96,,0.08,0.88,0.96,0,0,0.96,,0.08,0.88,0.96,0,0,0.96,,0.08
rmftsa,mlp-nosuite,0.51953125,0.37886713392700194,0.44,0.92,0,0,0.56,,0.52,0.44,0.92,0,0,0.56,,0.52,0.44,0.92,0,0,0.56,,0.52,0.44,0.92,0,0,0.56,,0.52
rmftsa,mlp-nosuite,0.51953125,0.38827933639630735,0.92,1.0,0,0,0.92,,0.92,0.92,1.0,0,0,0.92,,0.92,0.92,1.0,0,0,0.92,,0.92,0.92,1.0,0,0,0.92,,0.92
rmftsa,mlp-nosuite,0.51953125,0.4475831013526873,0.56,1.0,0,0,0.96,,0.68,0.56,1.0,0,0,0.96,,0.68,0.56,1.0,0,0,0.96,,0.68,0.56,1.0,0,0,0.96,,0.68
rmftsa,mlp-nosuite,0.51953125,0.4438870522930624,0.88,0.96,0,0,0.72,,0.88,0.88,0.96,0,0,0.72,,0.88,0.88,0.96,0,0,0.72,,0.88,0.88,0.96,0,0,0.72,,0.88
rmftsa,mlp-nosuite,0.51953125,0.5132620708641707,0.56,0.96,0,0,0.96,,0.96,0.56,0.96,0,0,0.96,,0.96,0.56,0.96,0,0,0.96,,0.96,0.56,0.96,0,0,0.96,,0.96
rmftsa,mlp-nosuite,0.51953125,0.44989282848458323,0.36,0.92,0,0,0.92,,0.92,0.36,0.92,0,0,0.92,,0.92,0.36,0.92,0,0,0.92,,0.92,0.36,0.92,0,0,0.92,,0.92
rmftsa,mlp-nosuite,0.51953125,0.5127439525902301,0.76,1.0,0,0,0.84,,1.0,0.76,1.0,0,0,0.84,,1.0,0.76,1.0,0,0,0.84,,1.0,0.76,1.0,0,0,0.8399999999999999,,1.0
rmftsa,mlp-nosuite,0.51953125,0.4265822353234696,0.96,1.0,0,0,0.56,,0.96,0.96,1.0,0,0,0.56,,0.96,0.96,1.0,0,0,0.56,,0.96,0.96,1.0,0,0,0.56,,0.96
rmftsa,mlp-nosuite,0.51953125,0.31291340953320335,0.76,0.8,0,0,0.68,,0.92,0.76,0.8,0,0,0.68,,0.92,0.76,0.8,0,0,0.68,,0.92,0.76,0.8000000000000002,0,0,0.68,,0.92
rmftsa,mlp-nosuite,0.51953125,0.7474234009596294,1.0,1.0,0,0,0.92,,1.0,1.0,1.0,0,0,0.92,,1.0,1.0,1.0,0,0,0.92,,1.0,1.0,1.0,0,0,0.92,,1.0
rmftsa,mlp-nosuite,0.51953125,0.7021555422619946,0.52,0.8,0,0,0.8,,0.44,0.52,0.8,0,0,0.8,,0.44,0.52,0.8,0,0,0.8,,0.44,0.52,0.8000000000000002,0,0,0.8000000000000002,,0.44
rmftsa,mlp-nosuite,0.51953125,0.6693014042358258,1.0,1.0,0,0,1.0,,1.0,1.0,1.0,0,0,1.0,,1.0,1.0,1.0,0,0,1.0,,1.0,1.0,1.0,0,0,1.0,,1.0
rmftsa,mlp-nosuite,0.51953125,0.6072713925299179,0.52,0.92,0,0,0.84,,0.6,0.52,0.92,0,0,0.84,,0.6,0.52,0.92,0,0,0.84,,0.6,0.52,0.92,0,0,0.8399999999999999,,0.6
rmftsa,mlp-nosuite,0.51953125,0.5333874826807956,0.52,1.0,0,0,0.96,,0.72,0.52,1.0,0,0,0.96,,0.72,0.52,1.0,0,0,0.96,,0.72,0.52,1.0,0,0,0.96,,0.72
rmftsa,mlp-nosuite,0.51953125,0.5418247329734285,0.48,1.0,0,0,0.8,,0.96,0.48,1.0,0,0,0.8,,0.96,0.48,1.0,0,0,0.8,,0.96,0.48,1.0,0,0,0.8000000000000002,,0.96
rmftsa,mlp-nosuite,0.51953125,0.395107974859115,0.96,1.0,0,0,1.0,,0.96,0.96,1.0,0,0,1.0,,0.96,0.96,1.0,0,0,1.0,,0.96,0.96,1.0,0,0,1.0,,0.96
rmftsa,mlp-nosuite,0.51953125,0.38335667942516033,0.6,0.76,0,0,0.72,,0.6,0.6,0.76,0,0,0.72,,0.6,0.6,0.76,0,0,0.72,,0.6,0.6,0.76,0,0,0.72,,0.6
rmftsa,mlp-nosuite,0.51953125,0.7040457232294485,0.68,0.96,0,0,0.68,,0.84,0.68,0.96,0,0,0.68,,0.84,0.68,0.96,0,0,0.68,,0.84,0.68,0.96,0,0,0.68,,0.8399999999999999
rmftsa,mlp-nosuite,0.51953125,0.5158761279858914,1.0,1.0,0,0,1.0,,1.0,1.0,1.0,0,0,1.0,,1.0,1.0,1.0,0,0,1.0,,1.0,1.0,1.0,0,0,1.0,,1.0
rmftsa,mlp-nosuite,0.51953125,0.395107974859115,0.96,1.0,0,0,1.0,,0.96,0.96,1.0,0,0,1.0,,0.96,0.96,1.0,0,0,1.0,,0.96,0.96,1.0,0,0,1.0,,0.96
rmftsa,mlp-nosuite,0.51953125,0.3153505181775724,0.76,0.88,0,0,0.72,,0.76,0.76,0.88,0,0,0.72,,0.76,0.76,0.88,0,0,0.72,,0.76,0.76,0.88,0,0,0.72,,0.76
rmftsa,mlp-nosuite,0.51953125,0.3824358787610816,0.6,0.76,0,0,0.72,,0.8,0.6,0.76,0,0,0.72,,0.8,0.6,0.76,0,0,0.72,,0.8,0.6,0.76,0,0,0.72,,0.8000000000000002
rmftsa,mlp-nosuite,0.51953125,0.44653845367383727,0.44,0.92,0,0,0.84,,0.92,0.44,0.92,0,0,0.84,,0.92,0.44,0.92,0,0,0.84,,0.92,0.44,0.92,0,0,0.8399999999999999,,0.92
banknote-authentication,mlp-nosuite,1.0,0.9996715727380836,1.0,1.0,0,0,0.9117647058823529,0.9117647058823529,1.0,1.0,1.0,0,0,1.0,1.0,1.0,1.0,1.0,0,0,0.9117647058823529,0.9117647058823529,1.0,1.0,1.0,0,0,0.9538461538461539,0.9538461538461539,1.0
banknote-authentication,mlp-nosuite,1.0,0.9999907078329328,1.0,1.0,0,0,1.0,0.9705882352941176,1.0,1.0,1.0,0,0,1.0,1.0,1.0,1.0,1.0,0,0,1.0,0.9705882352941176,1.0,1.0,1.0,0,0,1.0,0.9850746268656716,1.0
banknote-authentication,mlp-nosuite,1.0,0.9995782616221618,0.9705882352941176,1.0,0,0,0.9705882352941176,0.9411764705882353,1.0,1.0,1.0,0,0,1.0,1.0,1.0,0.9705882352941176,1.0,0,0,0.9705882352941176,0.9411764705882353,1.0,0.9850746268656716,1.0,0,0,0.9850746268656716,0.9696969696969697,1.0
banknote-authentication,mlp-nosuite,1.0,0.9967715715625176,0.8235294117647058,1.0,0,0,0.9705882352941176,0.9411764705882353,0.9411764705882353,1.0,1.0,0,0,1.0,1.0,1.0,0.8235294117647058,1.0,0,0,0.9705882352941176,0.9411764705882353,0.9411764705882353,0.9032258064516129,1.0,0,0,0.9850746268656716,0.9696969696969697,0.9696969696969697
banknote-authentication,mlp-nosuite,1.0,0.9995319645941872,1.0,0.9705882352941176,0,0,0.8823529411764706,0.8529411764705882,0.8529411764705882,1.0,0.96875,0,0,1.0,1.0,0.9642857142857143,1.0,1.0,0,0,0.8709677419354839,0.8387096774193549,0.8709677419354839,1.0,0.9841269841269841,0,0,0.9310344827586207,0.9122807017543859,0.9152542372881356
banknote-authentication,mlp-nosuite,1.0,0.9999965941274134,1.0,1.0,0,0,0.9705882352941176,0.7058823529411765,0.7941176470588235,1.0,1.0,0,0,0.9583333333333334,0.696969696969697,0.7666666666666667,1.0,1.0,0,0,1.0,1.0,1.0,1.0,1.0,0,0,0.9787234042553191,0.8214285714285715,0.8679245283018869
banknote-authentication,mlp-nosuite,1.0,0.9997851658725867,1.0,1.0,0,0,1.0,1.0,1.0,1.0,1.0,0,0,1.0,1.0,1.0,1.0,1.0,0,0,1.0,1.0,1.0,1.0,1.0,0,0,1.0,1.0,1.0
banknote-authentication,mlp-nosuite,1.0,0.9999687248528396,1.0,1.0,0,0,1.0,1.0,1.0,1.0,1.0,0,0,1.0,1.0,1.0,1.0,1.0,0,0,1.0,1.0,1.0,1.0,1.0,0,0,1.0,1.0,1.0
banknote-authentication,mlp-nosuite,1.0,0.9989479501283376,1.0,1.0,0,0,0.9705882352941176,0.7058823529411765,0.9411764705882353,1.0,1.0,0,0,1.0,0.8275862068965517,0.9354838709677419,1.0,1.0,0,0,0.9655172413793104,0.8275862068965517,1.0,1.0,1.0,0,0,0.9824561403508771,0.8275862068965517,0.9666666666666666
banknote-authentication,mlp-nosuite,1.0,0.999903852748675,1.0,1.0,0,0,1.0,0.9705882352941176,1.0,1.0,1.0,0,0,1.0,1.0,1.0,1.0,1.0,0,0,1.0,0.9705882352941176,1.0,1.0,1.0,0,0,1.0,0.9850746268656716,1.0
banknote-authentication,mlp-nosuite,1.0,0.9593156939090443,0.9705882352941176,1.0,0,0,1.0,0.8823529411764706,0.9117647058823529,1.0,1.0,0,0,1.0,0.8333333333333334,1.0,0.9375,1.0,0,0,1.0,0.9375,0.8125,0.967741935483871,1.0,0,0,1.0,0.8823529411764706,0.896551724137931
banknote-authentication,mlp-nosuite,1.0,0.999892351065744,1.0,0.9705882352941176,0,0,1.0,0.9117647058823529,1.0,1.0,0.9705882352941176,0,0,1.0,0.96875,1.0,1.0,1.0,0,0,1.0,0.9393939393939394,1.0,1.0,0.9850746268656716,0,0,1.0,0.9538461538461539,1.0
banknote-authentication,mlp-nosuite,1.0,0.9999825994563841,1.0,1.0,0,0,0.9117647058823529,1.0,1.0,1.0,1.0,0,0,1.0,1.0,1.0,1.0,1.0,0,0,0.9117647058823529,1.0,1.0,1.0,1.0,0,0,0.9538461538461539,1.0,1.0
banknote-authentication,mlp-nosuite,1.0,0.9998616390009727,0.9705882352941176,1.0,0,0,0.9705882352941176,1.0,1.0,1.0,1.0,0,0,1.0,1.0,1.0,0.9705882352941176,1.0,0,0,0.9705882352941176,1.0,1.0,0.9850746268656716,1.0,0,0,0.9850746268656716,1.0,1.0
banknote-authentication,mlp-nosuite,1.0,0.9847440936365887,1.0,0.9705882352941176,0,0,0.8235294117647058,0.7647058823529411,0.8529411764705882,1.0,0.9705882352941176,0,0,1.0,0.9629629629629629,1.0,1.0,1.0,0,0,0.8181818181818182,0.7878787878787878,0.8484848484848485,1.0,0.9850746268656716,0,0,0.9,0.8666666666666665,0.9180327868852458
banknote-authentication,mlp-nosuite,1.0,0.999598764649163,1.0,0.9705882352941176,0,0,0.9117647058823529,0.7352941176470589,0.8529411764705882,1.0,1.0,0,0,1.0,1.0,1.0,1.0,0.967741935483871,0,0,0.9032258064516129,0.7096774193548387,0.8387096774193549,1.0,0.9836065573770492,0,0,0.9491525423728813,0.8301886792452831,0.9122807017543859
banknote-authentication,mlp-nosuite,1.0,0.9997890372479821,1.0,0.9705882352941176,0,0,0.9705882352941176,0.6764705882352942,1.0,1.0,1.0,0,0,1.0,1.0,1.0,1.0,0.967741935483871,0,0,0.967741935483871,0.6451612903225806,1.0,1.0,0.9836065573770492,0,0,0.9836065573770492,0.7843137254901961,1.0
banknote-authentication,mlp-nosuite,1.0,0.9959960580579492,0.9705882352941176,1.0,0,0,1.0,0.7058823529411765,0.8529411764705882,1.0,1.0,0,0,1.0,1.0,0.9545454545454546,0.96,1.0,0,0,1.0,0.6,0.84,0.9795918367346939,1.0,0,0,1.0,0.7499999999999999,0.8936170212765958
banknote-authentication,mlp-nosuite,1.0,0.9999649128497563,1.0,1.0,0,0,1.0,0.9705882352941176,1.0,1.0,1.0,0,0,1.0,1.0,1.0,1.0,1.0,0,0,1.0,0.9705882352941176,1.0,1.0,1.0,0,0,1.0,0.9850746268656716,1.0
banknote-authentication,mlp-nosuite,1.0,0.9999842347552793,1.0,1.0,0,0,1.0,1.0,1.0,1.0,1.0,0,0,1.0,1.0,1.0,1.0,1.0,0,0,1.0,1.0,1.0,1.0,1.0,0,0,1.0,1.0,1.0
banknote-authentication,mlp-nosuite,1.0,0.9999975413414801,1.0,1.0,0,0,1.0,0.7058823529411765,0.7352941176470589,1.0,1.0,0,0,1.0,0.6875,0.7096774193548387,1.0,1.0,0,0,1.0,1.0,1.0,1.0,1.0,0,0,1.0,0.8148148148148148,0.8301886792452831
banknote-authentication,mlp-nosuite,1.0,0.9958053479484174,0.7941176470588235,0.9705882352941176,0,0,0.9411764705882353,0.6470588235294118,1.0,1.0,0.9696969696969697,0,0,1.0,1.0,1.0,0.78125,1.0,0,0,0.9375,0.625,1.0,0.8771929824561403,0.9846153846153847,0,0,0.967741935483871,0.7692307692307693,1.0
banknote-authentication,mlp-nosuite,1.0,0.9999339841516157,1.0,1.0,0,0,1.0,1.0,1.0,1.0,1.0,0,0,1.0,1.0,1.0,1.0,1.0,0,0,1.0,1.0,1.0,1.0,1.0,0,0,1.0,1.0,1.0
banknote-authentication,mlp-nosuite,1.0,0.9999116842643319,1.0,1.0,0,0,1.0,1.0,1.0,1.0,1.0,0,0,1.0,1.0,1.0,1.0,1.0,0,0,1.0,1.0,1.0,1.0,1.0,0,0,1.0,1.0,1.0
banknote-authentication,mlp-nosuite,1.0,0.8737376421163819,0.9705882352941176,1.0,0,0,1.0,0.6176470588235294,0.9117647058823529,1.0,1.0,0,0,1.0,0.5714285714285714,1.0,0.9285714285714286,1.0,0,0,1.0,0.2857142857142857,0.7857142857142857,0.962962962962963,1.0,0,0,1.0,0.38095238095238093,0.88
banknote-authentication,mlp-nosuite,1.0,0.999922722621713,1.0,1.0,0,0,1.0,1.0,1.0,1.0,1.0,0,0,1.0,1.0,1.0,1.0,1.0,0,0,1.0,1.0,1.0,1.0,1.0,0,0,1.0,1.0,1.0
banknote-authentication,mlp-nosuite,1.0,0.9991779122263149,1.0,1.0,0,0,0.9411764705882353,0.6764705882352942,0.9117647058823529,1.0,1.0,0,0,1.0,1.0,1.0,1.0,1.0,0,0,0.9411764705882353,0.6764705882352942,0.9117647058823529,1.0,1.0,0,0,0.9696969696969697,0.8070175438596492,0.9538461538461539
banknote-authentication,mlp-nosuite,1.0,0.9998863983704348,1.0,1.0,0,0,1.0,0.9705882352941176,1.0,1.0,1.0,0,0,1.0,1.0,1.0,1.0,1.0,0,0,1.0,0.9705882352941176,1.0,1.0,1.0,0,0,1.0,0.9850746268656716,1.0
banknote-authentication,mlp-nosuite,1.0,0.693438046194788,1.0,1.0,0,0,1.0,0.9117647058823529,0.7941176470588235,1.0,1.0,0,0,1.0,0.8333333333333334,1.0,1.0,1.0,0,0,1.0,1.0,0.5333333333333333,1.0,1.0,0,0,1.0,0.9090909090909091,0.6956521739130436
banknote-authentication,mlp-nosuite,1.0,0.9999787367599922,1.0,1.0,0,0,1.0,0.8529411764705882,1.0,1.0,1.0,0,0,1.0,1.0,1.0,1.0,1.0,0,0,1.0,0.8529411764705882,1.0,1.0,1.0,0,0,1.0,0.9206349206349206,1.0
banknote-authentication,mlp-nosuite,1.0,0.9999830581315201,0.9705882352941176,1.0,0,0,1.0,1.0,1.0,1.0,1.0,0,0,1.0,1.0,1.0,0.9705882352941176,1.0,0,0,1.0,1.0,1.0,0.9850746268656716,1.0,0,0,1.0,1.0,1.0
banknote-authentication,mlp-nosuite,1.0,0.9999735141022849,1.0,1.0,0,0,1.0,0.9117647058823529,1.0,1.0,1.0,0,0,1.0,1.0,1.0,1.0,1.0,0,0,1.0,0.9117647058823529,1.0,1.0,1.0,0,0,1.0,0.9538461538461539,1.0
banknote-authentication,mlp-nosuite,1.0,0.9994582287945061,1.0,1.0,0,0,1.0,1.0,0.6176470588235294,1.0,1.0,0,0,1.0,1.0,1.0,1.0,1.0,0,0,1.0,1.0,0.5,1.0,1.0,0,0,1.0,1.0,0.6666666666666666
banknote-authentication,mlp-nosuite,1.0,0.9998488396954847,1.0,1.0,0,0,1.0,1.0,1.0,1.0,1.0,0,0,1.0,1.0,1.0,1.0,1.0,0,0,1.0,1.0,1.0,1.0,1.0,0,0,1.0,1.0,1.0
banknote-authentication,mlp-nosuite,1.0,0.9984030036343169,0.9705882352941176,0.9705882352941176,0,0,1.0,0.7941176470588235,0.9411764705882353,1.0,1.0,0,0,1.0,1.0,1.0,0.9705882352941176,0.9705882352941176,0,0,1.0,0.7941176470588235,0.9411764705882353,0.9850746268656716,0.9850746268656716,0,0,1.0,0.8852459016393442,0.9696969696969697
banknote-authentication,mlp-nosuite,1.0,0.9999184920739265,1.0,1.0,0,0,1.0,1.0,0.9705882352941176,1.0,1.0,0,0,1.0,1.0,1.0,1.0,1.0,0,0,1.0,1.0,0.9705882352941176,1.0,1.0,0,0,1.0,1.0,0.9850746268656716
banknote-authentication,mlp-nosuite,1.0,0.9998511179374847,1.0,1.0,0,0,1.0,0.9705882352941176,1.0,1.0,1.0,0,0,1.0,1.0,1.0,1.0,1.0,0,0,1.0,0.9705882352941176,1.0,1.0,1.0,0,0,1.0,0.9850746268656716,1.0
banknote-authentication,mlp-nosuite,1.0,0.9990029623781582,1.0,1.0,0,0,1.0,0.9411764705882353,1.0,1.0,1.0,0,0,1.0,1.0,1.0,1.0,1.0,0,0,1.0,0.9411764705882353,1.0,1.0,1.0,0,0,1.0,0.9696969696969697,1.0
banknote-authentication,mlp-nosuite,1.0,0.9987745826604794,1.0,1.0,0,0,0.9705882352941176,0.9705882352941176,1.0,1.0,1.0,0,0,1.0,1.0,1.0,1.0,1.0,0,0,0.9705882352941176,0.9705882352941176,1.0,1.0,1.0,0,0,0.9850746268656716,0.9850746268656716,1.0
banknote-authentication,mlp-nosuite,1.0,0.9997748265878384,1.0,1.0,0,0,1.0,1.0,1.0,1.0,1.0,0,0,1.0,1.0,1.0,1.0,1.0,0,0,1.0,1.0,1.0,1.0,1.0,0,0,1.0,1.0,1.0
banknote-authentication,mlp-nosuite,1.0,0.9984740571471774,1.0,0.9705882352941176,0,0,0.9705882352941176,0.5,0.9411764705882353,1.0,0.9705882352941176,0,0,1.0,1.0,1.0,1.0,1.0,0,0,0.9696969696969697,0.48484848484848486,0.9393939393939394,1.0,0.9850746268656716,0,0,0.9846153846153847,0.653061224489796,0.96875
banknote-authentication,mlp-nosuite,1.0,0.9999990842324603,1.0,1.0,0,0,0.9117647058823529,0.8235294117647058,0.9411764705882353,1.0,1.0,0,0,1.0,1.0,0.9285714285714286,1.0,1.0,0,0,0.8846153846153846,0.7692307692307693,1.0,1.0,1.0,0,0,0.9387755102040816,0.8695652173913044,0.962962962962963
banknote-authentication,mlp-nosuite,1.0,0.7971286316254512,0.9705882352941176,1.0,0,0,1.0,0.8235294117647058,0.9705882352941176,1.0,1.0,0,0,1.0,0.7222222222222222,1.0,0.9285714285714286,1.0,0,0,1.0,0.9285714285714286,0.9285714285714286,0.962962962962963,1.0,0,0,1.0,0.8125000000000001,0.962962962962963
banknote-authentication,mlp-nosuite,1.0,0.989043917807739,1.0,0.9705882352941176,0,0,1.0,0.9117647058823529,1.0,1.0,1.0,0,0,1.0,0.8636363636363636,1.0,1.0,0.9473684210526315,0,0,1.0,1.0,1.0,1.0,0.972972972972973,0,0,1.0,0.9268292682926829,1.0
banknote-authentication,mlp-nosuite,1.0,0.9996782189483133,0.9117647058823529,1.0,0,0,1.0,0.7647058823529411,1.0,1.0,1.0,0,0,1.0,1.0,1.0,0.9117647058823529,1.0,0,0,1.0,0.7647058823529411,1.0,0.9538461538461539,1.0,0,0,1.0,0.8666666666666666,1.0
banknote-authentication,mlp-nosuite,1.0,0.9987690347026392,1.0,1.0,0,0,0.9705882352941176,1.0,0.8529411764705882,1.0,1.0,0,0,1.0,1.0,0.8529411764705882,1.0,1.0,0,0,0.9655172413793104,1.0,1.0,1.0,1.0,0,0,0.9824561403508771,1.0,0.9206349206349206
banknote-authentication,mlp-nosuite,1.0,0.9999563347188299,1.0,1.0,0,0,1.0,0.7647058823529411,1.0,1.0,1.0,0,0,1.0,1.0,1.0,1.0,1.0,0,0,1.0,0.7647058823529411,1.0,1.0,1.0,0,0,1.0,0.8666666666666666,1.0
banknote-authentication,mlp-nosuite,1.0,0.9984620988618204,0.8235294117647058,0.9705882352941176,0,0,0.9411764705882353,0.9411764705882353,0.9411764705882353,1.0,1.0,0,0,1.0,1.0,0.9411764705882353,0.8125,0.96875,0,0,0.9375,0.9375,1.0,0.896551724137931,0.9841269841269841,0,0,0.967741935483871,0.967741935483871,0.9696969696969697
banknote-authentication,mlp-nosuite,1.0,0.9999828097080098,1.0,1.0,0,0,1.0,0.9705882352941176,1.0,1.0,1.0,0,0,1.0,1.0,1.0,1.0,1.0,0,0,1.0,0.9705882352941176,1.0,1.0,1.0,0,0,1.0,0.9850746268656716,1.0
banknote-authentication,mlp-nosuite,1.0,0.999153502060915,1.0,1.0,0,0,1.0,0.7647058823529411,0.8235294117647058,1.0,1.0,0,0,1.0,1.0,1.0,1.0,1.0,0,0,1.0,0.7142857142857143,0.7857142857142857,1.0,1.0,0,0,1.0,0.8333333333333333,0.88
volcanoes-a2,mlp-nosuite,0.9433497536945813,0.9782251496488819,1.0,1.0,0,0,1.0,1.0,,1.0,1.0,0,0,1.0,1.0,,1.0,1.0,0,0,1.0,1.0,,1.0,1.0,0,0,1.0,1.0,
volcanoes-a2,mlp-nosuite,0.9433497536945813,0.9815804504993686,1.0,1.0,0,0,1.0,1.0,1.0,1.0,1.0,0,0,1.0,1.0,1.0,1.0,1.0,0,0,1.0,1.0,1.0,1.0,1.0,0,0,1.0,1.0,1.0
volcanoes-a2,mlp-nosuite,0.9433497536945813,0.9998506497983246,1.0,1.0,0,0,1.0,1.0,,1.0,1.0,0,0,1.0,1.0,,1.0,1.0,0,0,1.0,1.0,,1.0,1.0,0,0,1.0,1.0,
volcanoes-a2,mlp-nosuite,0.9433497536945813,0.9962046156075793,1.0,1.0,0,0,1.0,1.0,1.0,1.0,1.0,0,0,1.0,1.0,1.0,1.0,1.0,0,0,1.0,1.0,1.0,1.0,1.0,0,0,1.0,1.0,1.0
volcanoes-a2,mlp-nosuite,0.9433497536945813,0.9187588235942447,1.0,1.0,0,0,1.0,1.0,1.0,1.0,1.0,0,0,1.0,1.0,1.0,1.0,1.0,0,0,1.0,1.0,1.0,1.0,1.0,0,0,1.0,1.0,1.0
volcanoes-a2,mlp-nosuite,0.9433497536945813,0.9997999167495963,1.0,1.0,0,0,1.0,1.0,,1.0,1.0,0,0,1.0,1.0,,1.0,1.0,0,0,1.0,1.0,,1.0,1.0,0,0,1.0,1.0,
volcanoes-a2,mlp-nosuite,0.9433497536945813,0.989074460738342,1.0,1.0,0,0,1.0,1.0,1.0,1.0,1.0,0,0,1.0,1.0,1.0,1.0,1.0,0,0,1.0,1.0,1.0,1.0,1.0,0,0,1.0,1.0,1.0
volcanoes-a2,mlp-nosuite,0.9433497536945813,0.9981742330825621,1.0,1.0,0,0,1.0,1.0,1.0,1.0,1.0,0,0,1.0,1.0,1.0,1.0,1.0,0,0,1.0,1.0,1.0,1.0,1.0,0,0,1.0,1.0,1.0
volcanoes-a2,mlp-nosuite,0.9433497536945813,0.9906324637071022,1.0,1.0,0,0,1.0,1.0,1.0,1.0,1.0,0,0,1.0,1.0,1.0,1.0,1.0,0,0,1.0,1.0,1.0,1.0,1.0,0,0,1.0,1.0,1.0
volcanoes-a2,mlp-nosuite,0.9433497536945813,0.9865966469254835,1.0,1.0,0,0,1.0,1.0,,1.0,1.0,0,0,1.0,1.0,,1.0,1.0,0,0,1.0,1.0,,1.0,1.0,0,0,1.0,1.0,
volcanoes-a2,mlp-nosuite,0.9433497536945813,0.633371254134434,0.9,0.975,0,0,0.925,0.675,,0.9,0.975,0,0,0.925,0.675,,0.9,0.975,0,0,0.925,0.675,,0.9,0.975,0,0,0.925,0.675,
volcanoes-a2,mlp-nosuite,0.9433497536945813,0.9964563357624171,1.0,1.0,0,0,1.0,1.0,,1.0,1.0,0,0,1.0,1.0,,1.0,1.0,0,0,1.0,1.0,,1.0,1.0,0,0,1.0,1.0,
volcanoes-a2,mlp-nosuite,0.9433497536945813,0.8381184763763451,1.0,1.0,0,0,1.0,0.925,,1.0,1.0,0,0,1.0,0.925,,1.0,1.0,0,0,1.0,0.925,,1.0,1.0,0,0,1.0,0.925,
volcanoes-a2,mlp-nosuite,0.9433497536945813,0.67709939715083,1.0,1.0,0,0,1.0,0.7,1.0,1.0,1.0,0,0,1.0,0.7,1.0,1.0,1.0,0,0,1.0,0.7,1.0,1.0,1.0,0,0,1.0,0.7,1.0
volcanoes-a2,mlp-nosuite,0.9433497536945813,0.9996379819155685,1.0,1.0,0,0,1.0,1.0,1.0,1.0,1.0,0,0,1.0,1.0,1.0,1.0,1.0,0,0,1.0,1.0,1.0,1.0,1.0,0,0,1.0,1.0,1.0
volcanoes-a2,mlp-nosuite,0.9433497536945813,0.9953403830891304,1.0,1.0,0,0,1.0,1.0,1.0,1.0,1.0,0,0,1.0,1.0,1.0,1.0,1.0,0,0,1.0,1.0,1.0,1.0,1.0,0,0,1.0,1.0,1.0
volcanoes-a2,mlp-nosuite,0.9433497536945813,0.996003238156051,1.0,1.0,0,0,1.0,1.0,1.0,1.0,1.0,0,0,1.0,1.0,1.0,1.0,1.0,0,0,1.0,1.0,1.0,1.0,1.0,0,0,1.0,1.0,1.0
volcanoes-a2,mlp-nosuite,0.9433497536945813,0.9399723002359562,1.0,1.0,0,0,1.0,1.0,1.0,1.0,1.0,0,0,1.0,1.0,1.0,1.0,1.0,0,0,1.0,1.0,1.0,1.0,1.0,0,0,1.0,1.0,1.0
volcanoes-a2,mlp-nosuite,0.9433497536945813,0.974767025409524,1.0,1.0,0,0,1.0,0.975,,1.0,1.0,0,0,1.0,0.975,,1.0,1.0,0,0,1.0,0.975,,1.0,1.0,0,0,1.0,0.975,
volcanoes-a2,mlp-nosuite,0.9433497536945813,0.9979545825214355,1.0,1.0,0,0,1.0,1.0,1.0,1.0,1.0,0,0,1.0,1.0,1.0,1.0,1.0,0,0,1.0,1.0,1.0,1.0,1.0,0,0,1.0,1.0,1.0
volcanoes-a2,mlp-nosuite,0.9433497536945813,0.9960337181265542,1.0,1.0,0,0,1.0,1.0,1.0,1.0,1.0,0,0,1.0,1.0,1.0,1.0,1.0,0,0,1.0,1.0,1.0,1.0,1.0,0,0,1.0,1.0,1.0
volcanoes-a2,mlp-nosuite,0.9433497536945813,0.9978145903838026,1.0,1.0,0,0,1.0,1.0,,1.0,1.0,0,0,1.0,1.0,,1.0,1.0,0,0,1.0,1.0,,1.0,1.0,0,0,1.0,1.0,
volcanoes-a2,mlp-nosuite,0.9433497536945813,0.9996019014590145,1.0,1.0,0,0,1.0,1.0,1.0,1.0,1.0,0,0,1.0,1.0,1.0,1.0,1.0,0,0,1.0,1.0,1.0,1.0,1.0,0,0,1.0,1.0,1.0
volcanoes-a2,mlp-nosuite,0.9433497536945813,0.9807756265890305,1.0,1.0,0,0,1.0,0.775,1.0,1.0,1.0,0,0,1.0,0.775,1.0,1.0,1.0,0,0,1.0,0.775,1.0,1.0,1.0,0,0,1.0,0.775,1.0
volcanoes-a2,mlp-nosuite,0.9433497536945813,0.9770492593122131,1.0,1.0,0,0,1.0,1.0,1.0,1.0,1.0,0,0,1.0,1.0,1.0,1.0,1.0,0,0,1.0,1.0,1.0,1.0,1.0,0,0,1.0,1.0,1.0
volcanoes-a2,mlp-nosuite,0.9433497536945813,0.9967116059741407,1.0,1.0,0,0,1.0,1.0,1.0,1.0,1.0,0,0,1.0,1.0,1.0,1.0,1.0,0,0,1.0,1.0,1.0,1.0,1.0,0,0,1.0,1.0,1.0
volcanoes-a2,mlp-nosuite,0.9433497536945813,0.9992005875898786,1.0,1.0,0,0,1.0,1.0,,1.0,1.0,0,0,1.0,1.0,,1.0,1.0,0,0,1.0,1.0,,1.0,1.0,0,0,1.0,1.0,
volcanoes-a2,mlp-nosuite,0.9433497536945813,0.9907716147062658,1.0,1.0,0,0,1.0,1.0,1.0,1.0,1.0,0,0,1.0,1.0,1.0,1.0,1.0,0,0,1.0,1.0,1.0,1.0,1.0,0,0,1.0,1.0,1.0
volcanoes-a2,mlp-nosuite,0.9433497536945813,0.9993988936728587,1.0,1.0,0,0,1.0,0.725,1.0,1.0,1.0,0,0,1.0,0.725,1.0,1.0,1.0,0,0,1.0,0.725,1.0,1.0,1.0,0,0,1.0,0.7250000000000001,1.0
volcanoes-a2,mlp-nosuite,0.9433497536945813,0.9945112246052255,1.0,1.0,0,0,1.0,1.0,1.0,1.0,1.0,0,0,1.0,1.0,1.0,1.0,1.0,0,0,1.0,1.0,1.0,1.0,1.0,0,0,1.0,1.0,1.0
volcanoes-a2,mlp-nosuite,0.9433497536945813,0.9967629457569558,1.0,1.0,0,0,0.975,1.0,,1.0,1.0,0,0,0.975,1.0,,1.0,1.0,0,0,0.975,1.0,,1.0,1.0,0,0,0.975,1.0,
volcanoes-a2,mlp-nosuite,0.9433497536945813,0.9997756410819659,1.0,1.0,0,0,1.0,1.0,,1.0,1.0,0,0,1.0,1.0,,1.0,1.0,0,0,1.0,1.0,,1.0,1.0,0,0,1.0,1.0,
volcanoes-a2,mlp-nosuite,0.9433497536945813,0.95917891984778,1.0,1.0,0,0,1.0,1.0,,1.0,1.0,0,0,1.0,1.0,,1.0,1.0,0,0,1.0,1.0,,1.0,1.0,0,0,1.0,1.0,
volcanoes-a2,mlp-nosuite,0.9433497536945813,0.9997389252387225,1.0,1.0,0,0,1.0,1.0,,1.0,1.0,0,0,1.0,1.0,,1.0,1.0,0,0,1.0,1.0,,1.0,1.0,0,0,1.0,1.0,
volcanoes-a2,mlp-nosuite,0.9433497536945813,0.9952232981417839,1.0,1.0,0,0,1.0,0.925,1.0,1.0,1.0,0,0,1.0,0.925,1.0,1.0,1.0,0,0,1.0,0.925,1.0,1.0,1.0,0,0,1.0,0.925,1.0
volcanoes-a2,mlp-nosuite,0.9433497536945813,0.9949308525243776,1.0,1.0,0,0,1.0,1.0,,1.0,1.0,0,0,1.0,1.0,,1.0,1.0,0,0,1.0,1.0,,1.0,1.0,0,0,1.0,1.0,
volcanoes-a2,mlp-nosuite,0.9433497536945813,0.9936453478922993,1.0,1.0,0,0,1.0,1.0,,1.0,1.0,0,0,1.0,1.0,,1.0,1.0,0,0,1.0,1.0,,1.0,1.0,0,0,1.0,1.0,
volcanoes-a2,mlp-nosuite,0.9433497536945813,0.3115257813382541,0.725,0.725,0,0,0.925,0.8,0.925,0.725,0.725,0,0,0.925,0.8,0.925,0.725,0.725,0,0,0.925,0.8,0.925,0.7250000000000001,0.7250000000000001,0,0,0.925,0.8000000000000002,0.925
volcanoes-a2,mlp-nosuite,0.9433497536945813,0.9991626112019232,1.0,1.0,0,0,1.0,1.0,,1.0,1.0,0,0,1.0,1.0,,1.0,1.0,0,0,1.0,1.0,,1.0,1.0,0,0,1.0,1.0,
volcanoes-a2,mlp-nosuite,0.9433497536945813,0.9260206381917542,1.0,1.0,0,0,1.0,0.875,,1.0,1.0,0,0,1.0,0.875,,1.0,1.0,0,0,1.0,0.875,,1.0,1.0,0,0,1.0,0.875,
volcanoes-a2,mlp-nosuite,0.9433497536945813,0.999040609600252,1.0,1.0,0,0,1.0,1.0,,1.0,1.0,0,0,1.0,1.0,,1.0,1.0,0,0,1.0,1.0,,1.0,1.0,0,0,1.0,1.0,
volcanoes-a2,mlp-nosuite,0.9433497536945813,0.994854503114586,1.0,1.0,0,0,1.0,1.0,1.0,1.0,1.0,0,0,1.0,1.0,1.0,1.0,1.0,0,0,1.0,1.0,1.0,1.0,1.0,0,0,1.0,1.0,1.0
volcanoes-a2,mlp-nosuite,0.9433497536945813,0.9788847631133493,1.0,1.0,0,0,1.0,1.0,1.0,1.0,1.0,0,0,1.0,1.0,1.0,1.0,1.0,0,0,1.0,1.0,1.0,1.0,1.0,0,0,1.0,1.0,1.0
volcanoes-a2,mlp-nosuite,0.9433497536945813,0.9980893903223783,1.0,1.0,0,0,1.0,1.0,,1.0,1.0,0,0,1.0,1.0,,1.0,1.0,0,0,1.0,1.0,,1.0,1.0,0,0,1.0,1.0,
volcanoes-a2,mlp-nosuite,0.9433497536945813,0.9998837209201417,1.0,1.0,0,0,1.0,1.0,1.0,1.0,1.0,0,0,1.0,1.0,1.0,1.0,1.0,0,0,1.0,1.0,1.0,1.0,1.0,0,0,1.0,1.0,1.0
volcanoes-a2,mlp-nosuite,0.9433497536945813,0.2728039328296244,0.725,0.85,0,0,0.875,0.775,0.9,0.725,0.85,0,0,0.875,0.775,0.9,0.725,0.85,0,0,0.875,0.775,0.9,0.7250000000000001,0.85,0,0,0.875,0.775,0.9
volcanoes-a2,mlp-nosuite,0.9433497536945813,0.9981909648325273,1.0,1.0,0,0,1.0,1.0,,1.0,1.0,0,0,1.0,1.0,,1.0,1.0,0,0,1.0,1.0,,1.0,1.0,0,0,1.0,1.0,
volcanoes-a2,mlp-nosuite,0.9433497536945813,0.8947264005783525,1.0,1.0,0,0,1.0,0.975,1.0,1.0,1.0,0,0,1.0,0.975,1.0,1.0,1.0,0,0,1.0,0.975,1.0,1.0,1.0,0,0,1.0,0.975,1.0
volcanoes-a2,mlp-nosuite,0.9433497536945813,0.9929508336729344,1.0,1.0,0,0,1.0,1.0,1.0,1.0,1.0,0,0,1.0,1.0,1.0,1.0,1.0,0,0,1.0,1.0,1.0,1.0,1.0,0,0,1.0,1.0,1.0
volcanoes-a2,mlp-nosuite,0.9433497536945813,0.9477544368743355,1.0,1.0,0,0,1.0,1.0,1.0,1.0,1.0,0,0,1.0,1.0,1.0,1.0,1.0,0,0,1.0,1.0,1.0,1.0,1.0,0,0,1.0,1.0,1.0
volcanoes-a3,mlp-nosuite,0.9028871391076115,0.7563212533966024,0.9736842105263158,0.9473684210526315,0,0,0.9736842105263158,0.7894736842105263,,0.9736842105263158,0.9473684210526315,0,0,0.9736842105263158,0.7894736842105263,,0.9736842105263158,0.9473684210526315,0,0,0.9736842105263158,0.7894736842105263,,0.9736842105263158,0.9473684210526315,0,0,0.9736842105263158,0.7894736842105263,
volcanoes-a3,mlp-nosuite,0.9028871391076115,0.9750776702663615,1.0,1.0,0,0,1.0,1.0,1.0,1.0,1.0,0,0,1.0,1.0,1.0,1.0,1.0,0,0,1.0,1.0,1.0,1.0,1.0,0,0,1.0,1.0,1.0
volcanoes-a3,mlp-nosuite,0.9028871391076115,0.3496253328195154,0.9210526315789473,0.8947368421052632,0,0,0.8947368421052632,0.868421052631579,,0.9210526315789473,0.8947368421052632,0,0,0.8947368421052632,0.868421052631579,,0.9210526315789473,0.8947368421052632,0,0,0.8947368421052632,0.868421052631579,,0.9210526315789473,0.8947368421052632,0,0,0.8947368421052632,0.868421052631579,
volcanoes-a3,mlp-nosuite,0.9028871391076115,0.9985746659744257,1.0,1.0,0,0,1.0,1.0,,1.0,1.0,0,0,1.0,1.0,,1.0,1.0,0,0,1.0,1.0,,1.0,1.0,0,0,1.0,1.0,
volcanoes-a3,mlp-nosuite,0.9028871391076115,0.9995681742965264,1.0,1.0,0,0,1.0,0.9736842105263158,,1.0,1.0,0,0,1.0,0.9736842105263158,,1.0,1.0,0,0,1.0,0.9736842105263158,,1.0,1.0,0,0,1.0,0.9736842105263158,
volcanoes-a3,mlp-nosuite,0.9028871391076115,0.9949454596316676,1.0,1.0,0,0,1.0,1.0,1.0,1.0,1.0,0,0,1.0,1.0,1.0,1.0,1.0,0,0,1.0,1.0,1.0,1.0,1.0,0,0,1.0,1.0,1.0
volcanoes-a3,mlp-nosuite,0.9028871391076115,0.9771246664948525,1.0,1.0,0,0,1.0,0.9473684210526315,1.0,1.0,1.0,0,0,1.0,0.9473684210526315,1.0,1.0,1.0,0,0,1.0,0.9473684210526315,1.0,1.0,1.0,0,0,1.0,0.9473684210526315,1.0
volcanoes-a3,mlp-nosuite,0.9028871391076115,0.9959797531475649,1.0,1.0,0,0,1.0,1.0,1.0,1.0,1.0,0,0,1.0,1.0,1.0,1.0,1.0,0,0,1.0,1.0,1.0,1.0,1.0,0,0,1.0,1.0,1.0
volcanoes-a3,mlp-nosuite,0.9028871391076115,0.9690080778245048,1.0,1.0,0,0,1.0,0.8421052631578947,1.0,1.0,1.0,0,0,1.0,0.8421052631578947,1.0,1.0,1.0,0,0,1.0,0.8421052631578947,1.0,1.0,1.0,0,0,1.0,0.8421052631578947,1.0
volcanoes-a3,mlp-nosuite,0.9028871391076115,0.9892662101381365,1.0,1.0,0,0,1.0,0.9210526315789473,1.0,1.0,1.0,0,0,1.0,0.9210526315789473,1.0,1.0,1.0,0,0,1.0,0.9210526315789473,1.0,1.0,1.0,0,0,1.0,0.9210526315789473,1.0
volcanoes-a3,mlp-nosuite,0.9028871391076115,0.9939452190236018,1.0,1.0,0,0,1.0,1.0,1.0,1.0,1.0,0,0,1.0,1.0,1.0,1.0,1.0,0,0,1.0,1.0,1.0,1.0,1.0,0,0,1.0,1.0,1.0
volcanoes-a3,mlp-nosuite,0.9028871391076115,0.6313906734607525,0.9736842105263158,0.9736842105263158,0,0,1.0,1.0,1.0,0.9736842105263158,0.9736842105263158,0,0,1.0,1.0,1.0,0.9736842105263158,0.9736842105263158,0,0,1.0,1.0,1.0,0.9736842105263158,0.9736842105263158,0,0,1.0,1.0,1.0
volcanoes-a3,mlp-nosuite,0.9028871391076115,0.9169104246764908,1.0,1.0,0,0,1.0,1.0,,1.0,1.0,0,0,1.0,1.0,,1.0,1.0,0,0,1.0,1.0,,1.0,1.0,0,0,1.0,1.0,
volcanoes-a3,mlp-nosuite,0.9028871391076115,0.6264534726696457,0.9736842105263158,0.9736842105263158,0,0,0.9210526315789473,0.9210526315789473,,0.9736842105263158,0.9736842105263158,0,0,0.9210526315789473,0.9210526315789473,,0.9736842105263158,0.9736842105263158,0,0,0.9210526315789473,0.9210526315789473,,0.9736842105263158,0.9736842105263158,0,0,0.9210526315789473,0.9210526315789473,
volcanoes-a3,mlp-nosuite,0.9028871391076115,0.8932748151892194,1.0,1.0,0,0,1.0,1.0,,1.0,1.0,0,0,1.0,1.0,,1.0,1.0,0,0,1.0,1.0,,1.0,1.0,0,0,1.0,1.0,
volcanoes-a3,mlp-nosuite,0.9028871391076115,0.9591714735520005,1.0,1.0,0,0,1.0,1.0,1.0,1.0,1.0,0,0,1.0,1.0,1.0,1.0,1.0,0,0,1.0,1.0,1.0,1.0,1.0,0,0,1.0,1.0,1.0
volcanoes-a3,mlp-nosuite,0.9028871391076115,0.9719715008293233,1.0,1.0,0,0,1.0,1.0,1.0,1.0,1.0,0,0,1.0,1.0,1.0,1.0,1.0,0,0,1.0,1.0,1.0,1.0,1.0,0,0,1.0,1.0,1.0
volcanoes-a3,mlp-nosuite,0.9028871391076115,0.9955350684177163,1.0,1.0,0,0,1.0,1.0,1.0,1.0,1.0,0,0,1.0,1.0,1.0,1.0,1.0,0,0,1.0,1.0,1.0,1.0,1.0,0,0,1.0,1.0,1.0
volcanoes-a3,mlp-nosuite,0.9028871391076115,0.9922723923477218,1.0,1.0,0,0,1.0,1.0,,1.0,1.0,0,0,1.0,1.0,,1.0,1.0,0,0,1.0,1.0,,1.0,1.0,0,0,1.0,1.0,
volcanoes-a3,mlp-nosuite,0.9028871391076115,0.9876807913273024,1.0,1.0,0,0,1.0,1.0,1.0,1.0,1.0,0,0,1.0,1.0,1.0,1.0,1.0,0,0,1.0,1.0,1.0,1.0,1.0,0,0,1.0,1.0,1.0
volcanoes-a3,mlp-nosuite,0.9028871391076115,0.9977777893364496,1.0,1.0,0,0,1.0,1.0,1.0,1.0,1.0,0,0,1.0,1.0,1.0,1.0,1.0,0,0,1.0,1.0,1.0,1.0,1.0,0,0,1.0,1.0,1.0
volcanoes-a3,mlp-nosuite,0.9028871391076115,0.8811733817087293,1.0,1.0,0,0,1.0,1.0,1.0,1.0,1.0,0,0,1.0,1.0,1.0,1.0,1.0,0,0,1.0,1.0,1.0,1.0,1.0,0,0,1.0,1.0,1.0
volcanoes-a3,mlp-nosuite,0.9028871391076115,0.9871155093247405,1.0,1.0,0,0,1.0,1.0,1.0,1.0,1.0,0,0,1.0,1.0,1.0,1.0,1.0,0,0,1.0,1.0,1.0,1.0,1.0,0,0,1.0,1.0,1.0
volcanoes-a3,mlp-nosuite,0.9028871391076115,0.5888976016599845,1.0,1.0,0,0,0.9736842105263158,1.0,,1.0,1.0,0,0,0.9736842105263158,1.0,,1.0,1.0,0,0,0.9736842105263158,1.0,,1.0,1.0,0,0,0.9736842105263158,1.0,
volcanoes-a3,mlp-nosuite,0.9028871391076115,0.9957176445447736,1.0,1.0,0,0,1.0,1.0,,1.0,1.0,0,0,1.0,1.0,,1.0,1.0,0,0,1.0,1.0,,1.0,1.0,0,0,1.0,1.0,
volcanoes-a3,mlp-nosuite,0.9028871391076115,0.9954693050519018,1.0,1.0,0,0,1.0,1.0,1.0,1.0,1.0,0,0,1.0,1.0,1.0,1.0,1.0,0,0,1.0,1.0,1.0,1.0,1.0,0,0,1.0,1.0,1.0
volcanoes-a3,mlp-nosuite,0.9028871391076115,0.8284062829710597,1.0,1.0,0,0,1.0,1.0,1.0,1.0,1.0,0,0,1.0,1.0,1.0,1.0,1.0,0,0,1.0,1.0,1.0,1.0,1.0,0,0,1.0,1.0,1.0
volcanoes-a3,mlp-nosuite,0.9028871391076115,0.9980306295055987,1.0,1.0,0,0,1.0,1.0,,1.0,1.0,0,0,1.0,1.0,,1.0,1.0,0,0,1.0,1.0,,1.0,1.0,0,0,1.0,1.0,
volcanoes-a3,mlp-nosuite,0.9028871391076115,0.9980294072868596,1.0,1.0,0,0,1.0,1.0,1.0,1.0,1.0,0,0,1.0,1.0,1.0,1.0,1.0,0,0,1.0,1.0,1.0,1.0,1.0,0,0,1.0,1.0,1.0
volcanoes-a3,mlp-nosuite,0.9028871391076115,0.9984371970054886,1.0,1.0,0,0,1.0,1.0,1.0,1.0,1.0,0,0,1.0,1.0,1.0,1.0,1.0,0,0,1.0,1.0,1.0,1.0,1.0,0,0,1.0,1.0,1.0
volcanoes-a3,mlp-nosuite,0.9028871391076115,0.9994733913511901,1.0,1.0,0,0,1.0,1.0,1.0,1.0,1.0,0,0,1.0,1.0,1.0,1.0,1.0,0,0,1.0,1.0,1.0,1.0,1.0,0,0,1.0,1.0,1.0
volcanoes-a3,mlp-nosuite,0.9028871391076115,0.9959888211728462,1.0,1.0,0,0,1.0,0.9736842105263158,1.0,1.0,1.0,0,0,1.0,0.9736842105263158,1.0,1.0,1.0,0,0,1.0,0.9736842105263158,1.0,1.0,1.0,0,0,1.0,0.9736842105263158,1.0
volcanoes-a3,mlp-nosuite,0.9028871391076115,0.7993785073995411,1.0,1.0,0,0,0.9736842105263158,1.0,,1.0,1.0,0,0,0.9736842105263158,1.0,,1.0,1.0,0,0,0.9736842105263158,1.0,,1.0,1.0,0,0,0.9736842105263158,1.0,
volcanoes-a3,mlp-nosuite,0.9028871391076115,0.980845019111347,1.0,1.0,0,0,1.0,1.0,1.0,1.0,1.0,0,0,1.0,1.0,1.0,1.0,1.0,0,0,1.0,1.0,1.0,1.0,1.0,0,0,1.0,1.0,1.0
volcanoes-a3,mlp-nosuite,0.9028871391076115,0.9996341633709566,1.0,1.0,0,0,1.0,1.0,,1.0,1.0,0,0,1.0,1.0,,1.0,1.0,0,0,1.0,1.0,,1.0,1.0,0,0,1.0,1.0,
volcanoes-a3,mlp-nosuite,0.9028871391076115,0.8715717713086881,1.0,1.0,0,0,1.0,0.9210526315789473,1.0,1.0,1.0,0,0,1.0,0.9210526315789473,1.0,1.0,1.0,0,0,1.0,0.9210526315789473,1.0,1.0,1.0,0,0,1.0,0.9210526315789473,1.0
volcanoes-a3,mlp-nosuite,0.9028871391076115,0.94351585572234,1.0,1.0,0,0,1.0,1.0,1.0,1.0,1.0,0,0,1.0,1.0,1.0,1.0,1.0,0,0,1.0,1.0,1.0,1.0,1.0,0,0,1.0,1.0,1.0
volcanoes-a3,mlp-nosuite,0.9028871391076115,0.9925145157060258,1.0,1.0,0,0,1.0,1.0,1.0,1.0,1.0,0,0,1.0,1.0,1.0,1.0,1.0,0,0,1.0,1.0,1.0,1.0,1.0,0,0,1.0,1.0,1.0
volcanoes-a3,mlp-nosuite,0.9028871391076115,0.7451412352749462,1.0,1.0,0,0,1.0,0.9736842105263158,,1.0,1.0,0,0,1.0,0.9736842105263158,,1.0,1.0,0,0,1.0,0.9736842105263158,,1.0,1.0,0,0,1.0,0.9736842105263158,
volcanoes-a3,mlp-nosuite,0.9028871391076115,0.9948759015605063,1.0,1.0,0,0,1.0,1.0,,1.0,1.0,0,0,1.0,1.0,,1.0,1.0,0,0,1.0,1.0,,1.0,1.0,0,0,1.0,1.0,
volcanoes-a3,mlp-nosuite,0.9028871391076115,0.9980710471788452,1.0,1.0,0,0,1.0,1.0,1.0,1.0,1.0,0,0,1.0,1.0,1.0,1.0,1.0,0,0,1.0,1.0,1.0,1.0,1.0,0,0,1.0,1.0,1.0
volcanoes-a3,mlp-nosuite,0.9028871391076115,0.3733548049251307,0.8157894736842105,0.6842105263157895,0,0,0.7631578947368421,0.8157894736842105,0.7631578947368421,0.8157894736842105,0.6842105263157895,0,0,0.7631578947368421,0.8157894736842105,0.7631578947368421,0.8157894736842105,0.6842105263157895,0,0,0.7631578947368421,0.8157894736842105,0.7631578947368421,0.8157894736842104,0.6842105263157895,0,0,0.7631578947368421,0.8157894736842104,0.7631578947368421
volcanoes-a3,mlp-nosuite,0.9028871391076115,0.996123193056777,1.0,1.0,0,0,1.0,1.0,1.0,1.0,1.0,0,0,1.0,1.0,1.0,1.0,1.0,0,0,1.0,1.0,1.0,1.0,1.0,0,0,1.0,1.0,1.0
volcanoes-a3,mlp-nosuite,0.9028871391076115,0.9984817514019426,1.0,1.0,0,0,1.0,0.7894736842105263,,1.0,1.0,0,0,1.0,0.7894736842105263,,1.0,1.0,0,0,1.0,0.7894736842105263,,1.0,1.0,0,0,1.0,0.7894736842105263,
volcanoes-a3,mlp-nosuite,0.9028871391076115,0.9643796453109553,1.0,1.0,0,0,1.0,0.9473684210526315,1.0,1.0,1.0,0,0,1.0,0.9473684210526315,1.0,1.0,1.0,0,0,1.0,0.9473684210526315,1.0,1.0,1.0,0,0,1.0,0.9473684210526315,1.0
volcanoes-a3,mlp-nosuite,0.9028871391076115,0.9972305584462509,1.0,1.0,0,0,1.0,1.0,,1.0,1.0,0,0,1.0,1.0,,1.0,1.0,0,0,1.0,1.0,,1.0,1.0,0,0,1.0,1.0,
volcanoes-a3,mlp-nosuite,0.9028871391076115,0.9894640972982238,1.0,1.0,0,0,1.0,1.0,1.0,1.0,1.0,0,0,1.0,1.0,1.0,1.0,1.0,0,0,1.0,1.0,1.0,1.0,1.0,0,0,1.0,1.0,1.0
volcanoes-a3,mlp-nosuite,0.9028871391076115,0.9942036378166053,1.0,1.0,0,0,1.0,0.5789473684210527,1.0,1.0,1.0,0,0,1.0,0.5789473684210527,1.0,1.0,1.0,0,0,1.0,0.5789473684210527,1.0,1.0,1.0,0,0,1.0,0.5789473684210527,1.0
volcanoes-a3,mlp-nosuite,0.9028871391076115,0.9986474951989138,1.0,1.0,0,0,1.0,1.0,,1.0,1.0,0,0,1.0,1.0,,1.0,1.0,0,0,1.0,1.0,,1.0,1.0,0,0,1.0,1.0,
volcanoes-a3,mlp-nosuite,0.9028871391076115,0.9888018631767314,1.0,1.0,0,0,1.0,1.0,,1.0,1.0,0,0,1.0,1.0,,1.0,1.0,0,0,1.0,1.0,,1.0,1.0,0,0,1.0,1.0,
volcanoes-a4,mlp-nosuite,0.9076517150395779,0.9982237351622875,1.0,1.0,0,0,1.0,0.7567567567567568,1.0,1.0,1.0,0,0,1.0,0.7567567567567568,1.0,1.0,1.0,0,0,1.0,0.7567567567567568,1.0,1.0,1.0,0,0,1.0,0.7567567567567567,1.0
volcanoes-a4,mlp-nosuite,0.9076517150395779,0.9868592422134926,1.0,1.0,0,0,1.0,1.0,,1.0,1.0,0,0,1.0,1.0,,1.0,1.0,0,0,1.0,1.0,,1.0,1.0,0,0,1.0,1.0,
volcanoes-a4,mlp-nosuite,0.9076517150395779,0.9793692092636617,1.0,1.0,0,0,1.0,1.0,1.0,1.0,1.0,0,0,1.0,1.0,1.0,1.0,1.0,0,0,1.0,1.0,1.0,1.0,1.0,0,0,1.0,1.0,1.0
volcanoes-a4,mlp-nosuite,0.9076517150395779,0.9925492927228277,1.0,1.0,0,0,1.0,,,1.0,1.0,0,0,1.0,,,1.0,1.0,0,0,1.0,,,1.0,1.0,0,0,1.0,,
volcanoes-a4,mlp-nosuite,0.9076517150395779,0.38711613432357367,0.8918918918918919,0.972972972972973,0,0,0.8648648648648649,0.7027027027027027,0.43243243243243246,0.8918918918918919,0.972972972972973,0,0,0.8648648648648649,0.7027027027027027,0.43243243243243246,0.8918918918918919,0.972972972972973,0,0,0.8648648648648649,0.7027027027027027,0.43243243243243246,0.8918918918918919,0.972972972972973,0,0,0.8648648648648649,0.7027027027027027,0.43243243243243246
volcanoes-a4,mlp-nosuite,0.9076517150395779,0.9905117656786773,1.0,1.0,0,0,1.0,1.0,1.0,1.0,1.0,0,0,1.0,1.0,1.0,1.0,1.0,0,0,1.0,1.0,1.0,1.0,1.0,0,0,1.0,1.0,1.0
volcanoes-a4,mlp-nosuite,0.9076517150395779,0.9017625557090915,0.972972972972973,1.0,0,0,1.0,0.8108108108108109,1.0,0.972972972972973,1.0,0,0,1.0,0.8108108108108109,1.0,0.972972972972973,1.0,0,0,1.0,0.8108108108108109,1.0,0.972972972972973,1.0,0,0,1.0,0.8108108108108109,1.0
volcanoes-a4,mlp-nosuite,0.9076517150395779,0.9605955433718233,1.0,1.0,0,0,1.0,1.0,1.0,1.0,1.0,0,0,1.0,1.0,1.0,1.0,1.0,0,0,1.0,1.0,1.0,1.0,1.0,0,0,1.0,1.0,1.0
volcanoes-a4,mlp-nosuite,0.9076517150395779,0.9766038332620056,1.0,1.0,0,0,1.0,1.0,1.0,1.0,1.0,0,0,1.0,1.0,1.0,1.0,1.0,0,0,1.0,1.0,1.0,1.0,1.0,0,0,1.0,1.0,1.0
volcanoes-a4,mlp-nosuite,0.9076517150395779,0.9990170662436518,1.0,1.0,0,0,1.0,1.0,,1.0,1.0,0,0,1.0,1.0,,1.0,1.0,0,0,1.0,1.0,,1.0,1.0,0,0,1.0,1.0,
volcanoes-a4,mlp-nosuite,0.9076517150395779,0.9941668574049716,1.0,1.0,0,0,1.0,1.0,,1.0,1.0,0,0,1.0,1.0,,1.0,1.0,0,0,1.0,1.0,,1.0,1.0,0,0,1.0,1.0,
volcanoes-a4,mlp-nosuite,0.9076517150395779,0.9965173020455977,1.0,1.0,0,0,1.0,1.0,,1.0,1.0,0,0,1.0,1.0,,1.0,1.0,0,0,1.0,1.0,,1.0,1.0,0,0,1.0,1.0,
volcanoes-a4,mlp-nosuite,0.9076517150395779,0.9976893068999575,1.0,1.0,0,0,1.0,1.0,1.0,1.0,1.0,0,0,1.0,1.0,1.0,1.0,1.0,0,0,1.0,1.0,1.0,1.0,1.0,0,0,1.0,1.0,1.0
volcanoes-a4,mlp-nosuite,0.9076517150395779,0.9942945628385534,1.0,1.0,0,0,1.0,1.0,,1.0,1.0,0,0,1.0,1.0,,1.0,1.0,0,0,1.0,1.0,,1.0,1.0,0,0,1.0,1.0,
volcanoes-a4,mlp-nosuite,0.9076517150395779,0.9935330330398007,1.0,1.0,0,0,1.0,1.0,1.0,1.0,1.0,0,0,1.0,1.0,1.0,1.0,1.0,0,0,1.0,1.0,1.0,1.0,1.0,0,0,1.0,1.0,1.0
volcanoes-a4,mlp-nosuite,0.9076517150395779,0.9978857074854071,1.0,1.0,0,0,1.0,1.0,1.0,1.0,1.0,0,0,1.0,1.0,1.0,1.0,1.0,0,0,1.0,1.0,1.0,1.0,1.0,0,0,1.0,1.0,1.0
volcanoes-a4,mlp-nosuite,0.9076517150395779,0.997795538096774,1.0,1.0,0,0,1.0,0.4864864864864865,,1.0,1.0,0,0,1.0,0.4864864864864865,,1.0,1.0,0,0,1.0,0.4864864864864865,,1.0,1.0,0,0,1.0,0.4864864864864865,
volcanoes-a4,mlp-nosuite,0.9076517150395779,0.9874586337872647,1.0,1.0,0,0,1.0,1.0,,1.0,1.0,0,0,1.0,1.0,,1.0,1.0,0,0,1.0,1.0,,1.0,1.0,0,0,1.0,1.0,
volcanoes-a4,mlp-nosuite,0.9076517150395779,0.985457208703564,1.0,1.0,0,0,1.0,1.0,1.0,1.0,1.0,0,0,1.0,1.0,1.0,1.0,1.0,0,0,1.0,1.0,1.0,1.0,1.0,0,0,1.0,1.0,1.0
volcanoes-a4,mlp-nosuite,0.9076517150395779,0.9899449317054138,1.0,1.0,0,0,1.0,0.7837837837837838,,1.0,1.0,0,0,1.0,0.7837837837837838,,1.0,1.0,0,0,1.0,0.7837837837837838,,1.0,1.0,0,0,1.0,0.7837837837837838,
volcanoes-a4,mlp-nosuite,0.9076517150395779,0.43250291313523914,0.8918918918918919,0.8648648648648649,0,0,0.7297297297297297,0.8378378378378378,0.8918918918918919,0.8918918918918919,0.8648648648648649,0,0,0.7297297297297297,0.8378378378378378,0.8918918918918919,0.8918918918918919,0.8648648648648649,0,0,0.7297297297297297,0.8378378378378378,0.8918918918918919,0.8918918918918919,0.8648648648648649,0,0,0.7297297297297297,0.8378378378378378,0.8918918918918919
volcanoes-a4,mlp-nosuite,0.9076517150395779,0.995872538588616,1.0,1.0,0,0,1.0,1.0,,1.0,1.0,0,0,1.0,1.0,,1.0,1.0,0,0,1.0,1.0,,1.0,1.0,0,0,1.0,1.0,
volcanoes-a4,mlp-nosuite,0.9076517150395779,0.9968118560076695,1.0,1.0,0,0,1.0,1.0,,1.0,1.0,0,0,1.0,1.0,,1.0,1.0,0,0,1.0,1.0,,1.0,1.0,0,0,1.0,1.0,
volcanoes-a4,mlp-nosuite,0.9076517150395779,0.5963894227556987,0.972972972972973,0.972972972972973,0,0,0.9459459459459459,0.7837837837837838,0.9459459459459459,0.972972972972973,0.972972972972973,0,0,0.9459459459459459,0.7837837837837838,0.9459459459459459,0.972972972972973,0.972972972972973,0,0,0.9459459459459459,0.7837837837837838,0.9459459459459459,0.972972972972973,0.972972972972973,0,0,0.9459459459459459,0.7837837837837838,0.9459459459459459
volcanoes-a4,mlp-nosuite,0.9076517150395779,0.9900739926608774,1.0,1.0,0,0,1.0,1.0,,1.0,1.0,0,0,1.0,1.0,,1.0,1.0,0,0,1.0,1.0,,1.0,1.0,0,0,1.0,1.0,
volcanoes-a4,mlp-nosuite,0.9076517150395779,0.990863310025264,1.0,1.0,0,0,1.0,1.0,,1.0,1.0,0,0,1.0,1.0,,1.0,1.0,0,0,1.0,1.0,,1.0,1.0,0,0,1.0,1.0,
volcanoes-a4,mlp-nosuite,0.9076517150395779,0.9704753926245728,1.0,1.0,0,0,1.0,1.0,1.0,1.0,1.0,0,0,1.0,1.0,1.0,1.0,1.0,0,0,1.0,1.0,1.0,1.0,1.0,0,0,1.0,1.0,1.0
volcanoes-a4,mlp-nosuite,0.9076517150395779,0.9963477722955534,1.0,1.0,0,0,1.0,1.0,,1.0,1.0,0,0,1.0,1.0,,1.0,1.0,0,0,1.0,1.0,,1.0,1.0,0,0,1.0,1.0,
volcanoes-a4,mlp-nosuite,0.9076517150395779,0.9603807830492438,1.0,1.0,0,0,1.0,1.0,,1.0,1.0,0,0,1.0,1.0,,1.0,1.0,0,0,1.0,1.0,,1.0,1.0,0,0,1.0,1.0,
volcanoes-a4,mlp-nosuite,0.9076517150395779,0.9908337864124289,1.0,1.0,0,0,1.0,1.0,1.0,1.0,1.0,0,0,1.0,1.0,1.0,1.0,1.0,0,0,1.0,1.0,1.0,1.0,1.0,0,0,1.0,1.0,1.0
volcanoes-a4,mlp-nosuite,0.9076517150395779,0.774236131838462,1.0,1.0,0,0,1.0,1.0,1.0,1.0,1.0,0,0,1.0,1.0,1.0,1.0,1.0,0,0,1.0,1.0,1.0,1.0,1.0,0,0,1.0,1.0,1.0
volcanoes-a4,mlp-nosuite,0.9076517150395779,0.954364802516309,1.0,1.0,0,0,1.0,1.0,1.0,1.0,1.0,0,0,1.0,1.0,1.0,1.0,1.0,0,0,1.0,1.0,1.0,1.0,1.0,0,0,1.0,1.0,1.0
volcanoes-a4,mlp-nosuite,0.9076517150395779,0.28854993984188754,0.918918918918919,0.9459459459459459,0,0,0.8648648648648649,0.8648648648648649,0.8918918918918919,0.918918918918919,0.9459459459459459,0,0,0.8648648648648649,0.8648648648648649,0.8918918918918919,0.918918918918919,0.9459459459459459,0,0,0.8648648648648649,0.8648648648648649,0.8918918918918919,0.918918918918919,0.9459459459459459,0,0,0.8648648648648649,0.8648648648648649,0.8918918918918919
volcanoes-a4,mlp-nosuite,0.9076517150395779,0.9623188095561716,1.0,1.0,0,0,1.0,,,1.0,1.0,0,0,1.0,,,1.0,1.0,0,0,1.0,,,1.0,1.0,0,0,1.0,,
volcanoes-a4,mlp-nosuite,0.9076517150395779,0.9919798137016846,1.0,1.0,0,0,1.0,0.918918918918919,,1.0,1.0,0,0,1.0,0.918918918918919,,1.0,1.0,0,0,1.0,0.918918918918919,,1.0,1.0,0,0,1.0,0.918918918918919,
volcanoes-a4,mlp-nosuite,0.9076517150395779,0.9959039504815115,1.0,1.0,0,0,1.0,1.0,1.0,1.0,1.0,0,0,1.0,1.0,1.0,1.0,1.0,0,0,1.0,1.0,1.0,1.0,1.0,0,0,1.0,1.0,1.0
volcanoes-a4,mlp-nosuite,0.9076517150395779,0.9345278819478242,1.0,1.0,0,0,1.0,1.0,,1.0,1.0,0,0,1.0,1.0,,1.0,1.0,0,0,1.0,1.0,,1.0,1.0,0,0,1.0,1.0,
volcanoes-a4,mlp-nosuite,0.9076517150395779,0.9890613977648739,1.0,1.0,0,0,1.0,1.0,1.0,1.0,1.0,0,0,1.0,1.0,1.0,1.0,1.0,0,0,1.0,1.0,1.0,1.0,1.0,0,0,1.0,1.0,1.0
volcanoes-a4,mlp-nosuite,0.9076517150395779,0.5472253447623249,0.972972972972973,1.0,0,0,0.972972972972973,0.8108108108108109,0.972972972972973,0.972972972972973,1.0,0,0,0.972972972972973,0.8108108108108109,0.972972972972973,0.972972972972973,1.0,0,0,0.972972972972973,0.8108108108108109,0.972972972972973,0.972972972972973,1.0,0,0,0.972972972972973,0.8108108108108109,0.972972972972973
volcanoes-a4,mlp-nosuite,0.9076517150395779,0.9386934105537443,1.0,1.0,0,0,1.0,1.0,1.0,1.0,1.0,0,0,1.0,1.0,1.0,1.0,1.0,0,0,1.0,1.0,1.0,1.0,1.0,0,0,1.0,1.0,1.0
volcanoes-a4,mlp-nosuite,0.9076517150395779,0.9836638498042811,1.0,1.0,0,0,1.0,1.0,,1.0,1.0,0,0,1.0,1.0,,1.0,1.0,0,0,1.0,1.0,,1.0,1.0,0,0,1.0,1.0,
volcanoes-a4,mlp-nosuite,0.9076517150395779,0.9782460398911869,1.0,1.0,0,0,1.0,0.9459459459459459,,1.0,1.0,0,0,1.0,0.9459459459459459,,1.0,1.0,0,0,1.0,0.9459459459459459,,1.0,1.0,0,0,1.0,0.9459459459459459,
volcanoes-a4,mlp-nosuite,0.9076517150395779,0.9847599639867182,1.0,1.0,0,0,1.0,1.0,1.0,1.0,1.0,0,0,1.0,1.0,1.0,1.0,1.0,0,0,1.0,1.0,1.0,1.0,1.0,0,0,1.0,1.0,1.0
volcanoes-a4,mlp-nosuite,0.9076517150395779,0.968794620602702,1.0,1.0,0,0,1.0,0.8918918918918919,1.0,1.0,1.0,0,0,1.0,0.8918918918918919,1.0,1.0,1.0,0,0,1.0,0.8918918918918919,1.0,1.0,1.0,0,0,1.0,0.8918918918918919,1.0
volcanoes-a4,mlp-nosuite,0.9076517150395779,0.9814658422255714,1.0,1.0,0,0,1.0,1.0,1.0,1.0,1.0,0,0,1.0,1.0,1.0,1.0,1.0,0,0,1.0,1.0,1.0,1.0,1.0,0,0,1.0,1.0,1.0
volcanoes-a4,mlp-nosuite,0.9076517150395779,0.8884998423999334,1.0,1.0,0,0,1.0,1.0,1.0,1.0,1.0,0,0,1.0,1.0,1.0,1.0,1.0,0,0,1.0,1.0,1.0,1.0,1.0,0,0,1.0,1.0,1.0
volcanoes-a4,mlp-nosuite,0.9076517150395779,0.9974520747877116,1.0,1.0,0,0,1.0,,1.0,1.0,1.0,0,0,1.0,,1.0,1.0,1.0,0,0,1.0,,1.0,1.0,1.0,0,0,1.0,,1.0
volcanoes-e1,mlp-nosuite,0.918918918918919,0.9990146559100397,1.0,1.0,0,0,1.0,,,1.0,1.0,0,0,1.0,,,1.0,1.0,0,0,1.0,,,1.0,1.0,0,0,1.0,,
volcanoes-e1,mlp-nosuite,0.918918918918919,0.9887054720853641,1.0,1.0,0,0,1.0,,,1.0,1.0,0,0,1.0,,,1.0,1.0,0,0,1.0,,,1.0,1.0,0,0,1.0,,
volcanoes-e1,mlp-nosuite,0.918918918918919,0.9981906598023639,1.0,1.0,0,0,1.0,,,1.0,1.0,0,0,1.0,,,1.0,1.0,0,0,1.0,,,1.0,1.0,0,0,1.0,,
volcanoes-e1,mlp-nosuite,0.918918918918919,0.998856031403498,1.0,1.0,0,0,1.0,,,1.0,1.0,0,0,1.0,,,1.0,1.0,0,0,1.0,,,1.0,1.0,0,0,1.0,,
volcanoes-e1,mlp-nosuite,0.918918918918919,0.9988387896851688,1.0,1.0,0,0,1.0,,,1.0,1.0,0,0,1.0,,,1.0,1.0,0,0,1.0,,,1.0,1.0,0,0,1.0,,
volcanoes-e1,mlp-nosuite,0.918918918918919,0.7305801894128724,0.9655172413793104,0.9655172413793104,0,0,0.9655172413793104,,,0.9655172413793104,0.9655172413793104,0,0,0.9655172413793104,,,0.9655172413793104,0.9655172413793104,0,0,0.9655172413793104,,,0.9655172413793104,0.9655172413793104,0,0,0.9655172413793104,,
volcanoes-e1,mlp-nosuite,0.918918918918919,0.9974902908239451,1.0,1.0,0,0,1.0,,,1.0,1.0,0,0,1.0,,,1.0,1.0,0,0,1.0,,,1.0,1.0,0,0,1.0,,
volcanoes-e1,mlp-nosuite,0.918918918918919,0.946742782054873,1.0,1.0,0,0,1.0,,,1.0,1.0,0,0,1.0,,,1.0,1.0,0,0,1.0,,,1.0,1.0,0,0,1.0,,
volcanoes-e1,mlp-nosuite,0.918918918918919,0.9915968908790564,1.0,1.0,0,0,1.0,,,1.0,1.0,0,0,1.0,,,1.0,1.0,0,0,1.0,,,1.0,1.0,0,0,1.0,,
volcanoes-e1,mlp-nosuite,0.918918918918919,0.8410976226856158,1.0,1.0,0,0,1.0,,,1.0,1.0,0,0,1.0,,,1.0,1.0,0,0,1.0,,,1.0,1.0,0,0,1.0,,
volcanoes-e1,mlp-nosuite,0.918918918918919,0.9824611841416511,1.0,1.0,0,0,1.0,,,1.0,1.0,0,0,1.0,,,1.0,1.0,0,0,1.0,,,1.0,1.0,0,0,1.0,,
volcanoes-e1,mlp-nosuite,0.918918918918919,0.8819726473663048,1.0,1.0,0,0,1.0,,,1.0,1.0,0,0,1.0,,,1.0,1.0,0,0,1.0,,,1.0,1.0,0,0,1.0,,
volcanoes-e1,mlp-nosuite,0.918918918918919,0.9694173682350252,1.0,1.0,0,0,1.0,,,1.0,1.0,0,0,1.0,,,1.0,1.0,0,0,1.0,,,1.0,1.0,0,0,1.0,,
volcanoes-e1,mlp-nosuite,0.918918918918919,0.7482696019319227,1.0,1.0,0,0,1.0,,,1.0,1.0,0,0,1.0,,,1.0,1.0,0,0,1.0,,,1.0,1.0,0,0,1.0,,
volcanoes-e1,mlp-nosuite,0.918918918918919,0.9520506774695735,1.0,1.0,0,0,1.0,,,1.0,1.0,0,0,1.0,,,1.0,1.0,0,0,1.0,,,1.0,1.0,0,0,1.0,,
volcanoes-e1,mlp-nosuite,0.918918918918919,0.9873355869672665,1.0,1.0,0,0,1.0,,,1.0,1.0,0,0,1.0,,,1.0,1.0,0,0,1.0,,,1.0,1.0,0,0,1.0,,
volcanoes-e1,mlp-nosuite,0.918918918918919,0.9433236679582749,1.0,1.0,0,0,1.0,,,1.0,1.0,0,0,1.0,,,1.0,1.0,0,0,1.0,,,1.0,1.0,0,0,1.0,,
volcanoes-e1,mlp-nosuite,0.918918918918919,0.9867613050504636,1.0,1.0,0,0,1.0,,,1.0,1.0,0,0,1.0,,,1.0,1.0,0,0,1.0,,,1.0,1.0,0,0,1.0,,
volcanoes-e1,mlp-nosuite,0.918918918918919,0.8679882206369295,1.0,1.0,0,0,1.0,,,1.0,1.0,0,0,1.0,,,1.0,1.0,0,0,1.0,,,1.0,1.0,0,0,1.0,,
volcanoes-e1,mlp-nosuite,0.918918918918919,0.5912021688918155,0.9310344827586207,0.9655172413793104,0,0,0.9655172413793104,,0.9655172413793104,0.9310344827586207,0.9655172413793104,0,0,0.9655172413793104,,0.9655172413793104,0.9310344827586207,0.9655172413793104,0,0,0.9655172413793104,,0.9655172413793104,0.9310344827586207,0.9655172413793104,0,0,0.9655172413793104,,0.9655172413793104
volcanoes-e1,mlp-nosuite,0.918918918918919,0.8860541755061789,1.0,1.0,0,0,1.0,,,1.0,1.0,0,0,1.0,,,1.0,1.0,0,0,1.0,,,1.0,1.0,0,0,1.0,,
volcanoes-e1,mlp-nosuite,0.918918918918919,0.998344566372766,1.0,1.0,0,0,1.0,,,1.0,1.0,0,0,1.0,,,1.0,1.0,0,0,1.0,,,1.0,1.0,0,0,1.0,,
volcanoes-e1,mlp-nosuite,0.918918918918919,0.9487177384937167,1.0,1.0,0,0,1.0,,,1.0,1.0,0,0,1.0,,,1.0,1.0,0,0,1.0,,,1.0,1.0,0,0,1.0,,
volcanoes-e1,mlp-nosuite,0.918918918918919,0.9019527658372608,1.0,1.0,0,0,1.0,,,1.0,1.0,0,0,1.0,,,1.0,1.0,0,0,1.0,,,1.0,1.0,0,0,1.0,,
volcanoes-e1,mlp-nosuite,0.918918918918919,0.6688183046856834,1.0,1.0,0,0,1.0,,,1.0,1.0,0,0,1.0,,,1.0,1.0,0,0,1.0,,,1.0,1.0,0,0,1.0,,
volcanoes-e1,mlp-nosuite,0.918918918918919,0.9990708599183411,1.0,1.0,0,0,1.0,,,1.0,1.0,0,0,1.0,,,1.0,1.0,0,0,1.0,,,1.0,1.0,0,0,1.0,,
volcanoes-e1,mlp-nosuite,0.918918918918919,0.9967541504770164,1.0,1.0,0,0,1.0,,,1.0,1.0,0,0,1.0,,,1.0,1.0,0,0,1.0,,,1.0,1.0,0,0,1.0,,
volcanoes-e1,mlp-nosuite,0.918918918918919,0.9822582643507728,1.0,1.0,0,0,1.0,,,1.0,1.0,0,0,1.0,,,1.0,1.0,0,0,1.0,,,1.0,1.0,0,0,1.0,,
volcanoes-e1,mlp-nosuite,0.918918918918919,0.9174268374430303,1.0,1.0,0,0,1.0,,,1.0,1.0,0,0,1.0,,,1.0,1.0,0,0,1.0,,,1.0,1.0,0,0,1.0,,
volcanoes-e1,mlp-nosuite,0.918918918918919,0.8057211538724937,1.0,1.0,0,0,1.0,,,1.0,1.0,0,0,1.0,,,1.0,1.0,0,0,1.0,,,1.0,1.0,0,0,1.0,,
volcanoes-e1,mlp-nosuite,0.918918918918919,0.8509239764987772,1.0,1.0,0,0,1.0,,,1.0,1.0,0,0,1.0,,,1.0,1.0,0,0,1.0,,,1.0,1.0,0,0,1.0,,
volcanoes-e1,mlp-nosuite,0.918918918918919,0.935716588292289,1.0,1.0,0,0,1.0,,,1.0,1.0,0,0,1.0,,,1.0,1.0,0,0,1.0,,,1.0,1.0,0,0,1.0,,
volcanoes-e1,mlp-nosuite,0.918918918918919,0.9935916253780659,1.0,1.0,0,0,1.0,,,1.0,1.0,0,0,1.0,,,1.0,1.0,0,0,1.0,,,1.0,1.0,0,0,1.0,,
volcanoes-e1,mlp-nosuite,0.918918918918919,0.7881970042122027,1.0,1.0,0,0,1.0,,,1.0,1.0,0,0,1.0,,,1.0,1.0,0,0,1.0,,,1.0,1.0,0,0,1.0,,
volcanoes-e1,mlp-nosuite,0.918918918918919,0.636415725010704,1.0,1.0,0,0,1.0,,,1.0,1.0,0,0,1.0,,,1.0,1.0,0,0,1.0,,,1.0,1.0,0,0,1.0,,
volcanoes-e1,mlp-nosuite,0.918918918918919,0.9661235342550972,1.0,1.0,0,0,1.0,,,1.0,1.0,0,0,1.0,,,1.0,1.0,0,0,1.0,,,1.0,1.0,0,0,1.0,,
volcanoes-e1,mlp-nosuite,0.918918918918919,0.9730397852658135,1.0,1.0,0,0,1.0,,,1.0,1.0,0,0,1.0,,,1.0,1.0,0,0,1.0,,,1.0,1.0,0,0,1.0,,
volcanoes-e1,mlp-nosuite,0.918918918918919,0.9938152433697517,1.0,1.0,0,0,1.0,,,1.0,1.0,0,0,1.0,,,1.0,1.0,0,0,1.0,,,1.0,1.0,0,0,1.0,,
volcanoes-e1,mlp-nosuite,0.918918918918919,0.834393379380197,1.0,1.0,0,0,1.0,,,1.0,1.0,0,0,1.0,,,1.0,1.0,0,0,1.0,,,1.0,1.0,0,0,1.0,,
volcanoes-e1,mlp-nosuite,0.918918918918919,0.6223688569427445,1.0,1.0,0,0,1.0,,,1.0,1.0,0,0,1.0,,,1.0,1.0,0,0,1.0,,,1.0,1.0,0,0,1.0,,
volcanoes-e1,mlp-nosuite,0.918918918918919,0.9926350892005573,1.0,1.0,0,0,1.0,,,1.0,1.0,0,0,1.0,,,1.0,1.0,0,0,1.0,,,1.0,1.0,0,0,1.0,,
volcanoes-e1,mlp-nosuite,0.918918918918919,0.9262888360598285,1.0,1.0,0,0,1.0,,,1.0,1.0,0,0,1.0,,,1.0,1.0,0,0,1.0,,,1.0,1.0,0,0,1.0,,
volcanoes-e1,mlp-nosuite,0.918918918918919,0.9853001169482463,1.0,1.0,0,0,1.0,,,1.0,1.0,0,0,1.0,,,1.0,1.0,0,0,1.0,,,1.0,1.0,0,0,1.0,,
volcanoes-e1,mlp-nosuite,0.918918918918919,0.9977333814997992,1.0,1.0,0,0,1.0,,,1.0,1.0,0,0,1.0,,,1.0,1.0,0,0,1.0,,,1.0,1.0,0,0,1.0,,
volcanoes-e1,mlp-nosuite,0.918918918918919,0.5302986372477703,1.0,1.0,0,0,1.0,,,1.0,1.0,0,0,1.0,,,1.0,1.0,0,0,1.0,,,1.0,1.0,0,0,1.0,,
volcanoes-e1,mlp-nosuite,0.918918918918919,0.9879811553309106,1.0,1.0,0,0,1.0,,,1.0,1.0,0,0,1.0,,,1.0,1.0,0,0,1.0,,,1.0,1.0,0,0,1.0,,
volcanoes-e1,mlp-nosuite,0.918918918918919,0.962062697630063,1.0,1.0,0,0,1.0,,1.0,1.0,1.0,0,0,1.0,,1.0,1.0,1.0,0,0,1.0,,1.0,1.0,1.0,0,0,1.0,,1.0
volcanoes-e1,mlp-nosuite,0.918918918918919,0.9805325652165897,1.0,1.0,0,0,1.0,,,1.0,1.0,0,0,1.0,,,1.0,1.0,0,0,1.0,,,1.0,1.0,0,0,1.0,,
volcanoes-e1,mlp-nosuite,0.918918918918919,0.9795932315164706,1.0,1.0,0,0,1.0,,,1.0,1.0,0,0,1.0,,,1.0,1.0,0,0,1.0,,,1.0,1.0,0,0,1.0,,
volcanoes-e1,mlp-nosuite,0.918918918918919,0.9893628623422446,1.0,1.0,0,0,1.0,,,1.0,1.0,0,0,1.0,,,1.0,1.0,0,0,1.0,,,1.0,1.0,0,0,1.0,,
volcanoes-e3,mlp-nosuite,0.928125,0.9892707542583793,1.0,1.0,0,0,1.0,,,1.0,1.0,0,0,1.0,,,1.0,1.0,0,0,1.0,,,1.0,1.0,0,0,1.0,,
volcanoes-e3,mlp-nosuite,0.928125,0.7575712506568385,1.0,1.0,0,0,1.0,,,1.0,1.0,0,0,1.0,,,1.0,1.0,0,0,1.0,,,1.0,1.0,0,0,1.0,,
volcanoes-e3,mlp-nosuite,0.928125,0.9917892331910868,1.0,1.0,0,0,1.0,,,1.0,1.0,0,0,1.0,,,1.0,1.0,0,0,1.0,,,1.0,1.0,0,0,1.0,,
volcanoes-e3,mlp-nosuite,0.928125,0.9962233346293773,1.0,1.0,0,0,1.0,,,1.0,1.0,0,0,1.0,,,1.0,1.0,0,0,1.0,,,1.0,1.0,0,0,1.0,,
volcanoes-e3,mlp-nosuite,0.928125,0.8771453623585865,1.0,1.0,0,0,1.0,,,1.0,1.0,0,0,1.0,,,1.0,1.0,0,0,1.0,,,1.0,1.0,0,0,1.0,,
volcanoes-e3,mlp-nosuite,0.928125,0.9709335759883375,1.0,1.0,0,0,1.0,,1.0,1.0,1.0,0,0,1.0,,1.0,1.0,1.0,0,0,1.0,,1.0,1.0,1.0,0,0,1.0,,1.0
volcanoes-e3,mlp-nosuite,0.928125,0.7503885824608446,1.0,1.0,0,0,1.0,,,1.0,1.0,0,0,1.0,,,1.0,1.0,0,0,1.0,,,1.0,1.0,0,0,1.0,,
volcanoes-e3,mlp-nosuite,0.928125,0.9548398743559148,1.0,1.0,0,0,1.0,,,1.0,1.0,0,0,1.0,,,1.0,1.0,0,0,1.0,,,1.0,1.0,0,0,1.0,,
volcanoes-e3,mlp-nosuite,0.928125,0.9606162057880053,1.0,1.0,0,0,1.0,,,1.0,1.0,0,0,1.0,,,1.0,1.0,0,0,1.0,,,1.0,1.0,0,0,1.0,,
volcanoes-e3,mlp-nosuite,0.928125,0.627245460709118,1.0,1.0,0,0,1.0,,,1.0,1.0,0,0,1.0,,,1.0,1.0,0,0,1.0,,,1.0,1.0,0,0,1.0,,
volcanoes-e3,mlp-nosuite,0.928125,0.9976453892625607,1.0,1.0,0,0,1.0,,,1.0,1.0,0,0,1.0,,,1.0,1.0,0,0,1.0,,,1.0,1.0,0,0,1.0,,
volcanoes-e3,mlp-nosuite,0.928125,0.9043672523640722,1.0,1.0,0,0,1.0,,,1.0,1.0,0,0,1.0,,,1.0,1.0,0,0,1.0,,,1.0,1.0,0,0,1.0,,
volcanoes-e3,mlp-nosuite,0.928125,0.9844628390327433,1.0,1.0,0,0,1.0,,,1.0,1.0,0,0,1.0,,,1.0,1.0,0,0,1.0,,,1.0,1.0,0,0,1.0,,
volcanoes-e3,mlp-nosuite,0.928125,0.9729194139010637,1.0,1.0,0,0,1.0,,,1.0,1.0,0,0,1.0,,,1.0,1.0,0,0,1.0,,,1.0,1.0,0,0,1.0,,
volcanoes-e3,mlp-nosuite,0.928125,0.9738914417542718,1.0,1.0,0,0,1.0,,,1.0,1.0,0,0,1.0,,,1.0,1.0,0,0,1.0,,,1.0,1.0,0,0,1.0,,
volcanoes-e3,mlp-nosuite,0.928125,0.9982598763394324,1.0,1.0,0,0,1.0,,1.0,1.0,1.0,0,0,1.0,,1.0,1.0,1.0,0,0,1.0,,1.0,1.0,1.0,0,0,1.0,,1.0
volcanoes-e3,mlp-nosuite,0.928125,0.98767353153252,1.0,1.0,0,0,1.0,,,1.0,1.0,0,0,1.0,,,1.0,1.0,0,0,1.0,,,1.0,1.0,0,0,1.0,,
volcanoes-e3,mlp-nosuite,0.928125,0.813012277960032,1.0,1.0,0,0,1.0,,,1.0,1.0,0,0,1.0,,,1.0,1.0,0,0,1.0,,,1.0,1.0,0,0,1.0,,
volcanoes-e3,mlp-nosuite,0.928125,0.954561011518654,1.0,1.0,0,0,1.0,,,1.0,1.0,0,0,1.0,,,1.0,1.0,0,0,1.0,,,1.0,1.0,0,0,1.0,,
volcanoes-e3,mlp-nosuite,0.928125,0.9901271666353979,1.0,1.0,0,0,1.0,,,1.0,1.0,0,0,1.0,,,1.0,1.0,0,0,1.0,,,1.0,1.0,0,0,1.0,,
volcanoes-e3,mlp-nosuite,0.928125,0.973633096381923,1.0,1.0,0,0,1.0,,,1.0,1.0,0,0,1.0,,,1.0,1.0,0,0,1.0,,,1.0,1.0,0,0,1.0,,
volcanoes-e3,mlp-nosuite,0.928125,0.9839231080526765,1.0,1.0,0,0,1.0,,,1.0,1.0,0,0,1.0,,,1.0,1.0,0,0,1.0,,,1.0,1.0,0,0,1.0,,
volcanoes-e3,mlp-nosuite,0.928125,0.9805324583565673,1.0,1.0,0,0,1.0,,,1.0,1.0,0,0,1.0,,,1.0,1.0,0,0,1.0,,,1.0,1.0,0,0,1.0,,
volcanoes-e3,mlp-nosuite,0.928125,0.945113704386381,1.0,1.0,0,0,1.0,,,1.0,1.0,0,0,1.0,,,1.0,1.0,0,0,1.0,,,1.0,1.0,0,0,1.0,,
volcanoes-e3,mlp-nosuite,0.928125,0.9039677350386747,1.0,1.0,0,0,1.0,,,1.0,1.0,0,0,1.0,,,1.0,1.0,0,0,1.0,,,1.0,1.0,0,0,1.0,,
volcanoes-e3,mlp-nosuite,0.928125,0.9957939043303504,1.0,1.0,0,0,1.0,,,1.0,1.0,0,0,1.0,,,1.0,1.0,0,0,1.0,,,1.0,1.0,0,0,1.0,,
volcanoes-e3,mlp-nosuite,0.928125,0.966192177029734,1.0,1.0,0,0,1.0,,,1.0,1.0,0,0,1.0,,,1.0,1.0,0,0,1.0,,,1.0,1.0,0,0,1.0,,
volcanoes-e3,mlp-nosuite,0.928125,0.7116421086480984,1.0,1.0,0,0,1.0,,,1.0,1.0,0,0,1.0,,,1.0,1.0,0,0,1.0,,,1.0,1.0,0,0,1.0,,
volcanoes-e3,mlp-nosuite,0.928125,0.99164754718807,1.0,1.0,0,0,1.0,,,1.0,1.0,0,0,1.0,,,1.0,1.0,0,0,1.0,,,1.0,1.0,0,0,1.0,,
volcanoes-e3,mlp-nosuite,0.928125,0.9878115925308092,1.0,1.0,0,0,1.0,,,1.0,1.0,0,0,1.0,,,1.0,1.0,0,0,1.0,,,1.0,1.0,0,0,1.0,,
volcanoes-e3,mlp-nosuite,0.928125,0.6910608872376509,1.0,1.0,0,0,1.0,,,1.0,1.0,0,0,1.0,,,1.0,1.0,0,0,1.0,,,1.0,1.0,0,0,1.0,,
volcanoes-e3,mlp-nosuite,0.928125,0.9806701438048557,1.0,1.0,0,0,1.0,,,1.0,1.0,0,0,1.0,,,1.0,1.0,0,0,1.0,,,1.0,1.0,0,0,1.0,,
volcanoes-e3,mlp-nosuite,0.928125,0.9894333799840711,1.0,1.0,0,0,1.0,,,1.0,1.0,0,0,1.0,,,1.0,1.0,0,0,1.0,,,1.0,1.0,0,0,1.0,,
volcanoes-e3,mlp-nosuite,0.928125,0.9710372655677888,1.0,1.0,0,0,1.0,,,1.0,1.0,0,0,1.0,,,1.0,1.0,0,0,1.0,,,1.0,1.0,0,0,1.0,,
volcanoes-e3,mlp-nosuite,0.928125,0.9968309785499465,1.0,1.0,0,0,1.0,,,1.0,1.0,0,0,1.0,,,1.0,1.0,0,0,1.0,,,1.0,1.0,0,0,1.0,,
volcanoes-e3,mlp-nosuite,0.928125,0.9967938041972328,1.0,1.0,0,0,1.0,,,1.0,1.0,0,0,1.0,,,1.0,1.0,0,0,1.0,,,1.0,1.0,0,0,1.0,,
volcanoes-e3,mlp-nosuite,0.928125,0.9965653672694528,1.0,1.0,0,0,1.0,,,1.0,1.0,0,0,1.0,,,1.0,1.0,0,0,1.0,,,1.0,1.0,0,0,1.0,,
volcanoes-e3,mlp-nosuite,0.928125,0.9752017896626626,1.0,1.0,0,0,1.0,,,1.0,1.0,0,0,1.0,,,1.0,1.0,0,0,1.0,,,1.0,1.0,0,0,1.0,,
volcanoes-e3,mlp-nosuite,0.928125,0.990742670260493,1.0,1.0,0,0,1.0,,,1.0,1.0,0,0,1.0,,,1.0,1.0,0,0,1.0,,,1.0,1.0,0,0,1.0,,
volcanoes-e3,mlp-nosuite,0.928125,0.9831457624833377,1.0,1.0,0,0,1.0,,,1.0,1.0,0,0,1.0,,,1.0,1.0,0,0,1.0,,,1.0,1.0,0,0,1.0,,
volcanoes-e3,mlp-nosuite,0.928125,0.9815614390971699,1.0,1.0,0,0,1.0,,,1.0,1.0,0,0,1.0,,,1.0,1.0,0,0,1.0,,,1.0,1.0,0,0,1.0,,
volcanoes-e3,mlp-nosuite,0.928125,0.6637262716039133,1.0,1.0,0,0,1.0,,,1.0,1.0,0,0,1.0,,,1.0,1.0,0,0,1.0,,,1.0,1.0,0,0,1.0,,
volcanoes-e3,mlp-nosuite,0.928125,0.9801176565334113,1.0,1.0,0,0,1.0,,,1.0,1.0,0,0,1.0,,,1.0,1.0,0,0,1.0,,,1.0,1.0,0,0,1.0,,
volcanoes-e3,mlp-nosuite,0.928125,0.9859402009235966,1.0,1.0,0,0,1.0,,,1.0,1.0,0,0,1.0,,,1.0,1.0,0,0,1.0,,,1.0,1.0,0,0,1.0,,
volcanoes-e3,mlp-nosuite,0.928125,0.9976998136841754,1.0,1.0,0,0,1.0,,,1.0,1.0,0,0,1.0,,,1.0,1.0,0,0,1.0,,,1.0,1.0,0,0,1.0,,
volcanoes-e3,mlp-nosuite,0.928125,0.9660058073314898,1.0,1.0,0,0,1.0,,1.0,1.0,1.0,0,0,1.0,,1.0,1.0,1.0,0,0,1.0,,1.0,1.0,1.0,0,0,1.0,,1.0
volcanoes-e3,mlp-nosuite,0.928125,0.9434949881161045,1.0,1.0,0,0,1.0,,,1.0,1.0,0,0,1.0,,,1.0,1.0,0,0,1.0,,,1.0,1.0,0,0,1.0,,
volcanoes-e3,mlp-nosuite,0.928125,0.994126331253598,1.0,1.0,0,0,1.0,,,1.0,1.0,0,0,1.0,,,1.0,1.0,0,0,1.0,,,1.0,1.0,0,0,1.0,,
volcanoes-e3,mlp-nosuite,0.928125,0.880385637974712,1.0,1.0,0,0,1.0,,,1.0,1.0,0,0,1.0,,,1.0,1.0,0,0,1.0,,,1.0,1.0,0,0,1.0,,
volcanoes-e3,mlp-nosuite,0.928125,0.9604548272802144,1.0,1.0,0,0,1.0,,,1.0,1.0,0,0,1.0,,,1.0,1.0,0,0,1.0,,,1.0,1.0,0,0,1.0,,
yeast,mlp-nosuite,0.6172506738544474,0.7059430427120151,0.8378378378378378,0.8108108108108109,0,0,0.7837837837837838,,0.7297297297297297,0.8378378378378378,0.8108108108108109,0,0,0.7837837837837838,,0.7297297297297297,0.8378378378378378,0.8108108108108109,0,0,0.7837837837837838,,0.7297297297297297,0.8378378378378378,0.8108108108108109,0,0,0.7837837837837838,,0.7297297297297297
yeast,mlp-nosuite,0.6172506738544474,0.854184224069063,0.972972972972973,0.972972972972973,0,0,0.9459459459459459,0.918918918918919,0.918918918918919,0.972972972972973,0.972972972972973,0,0,0.9459459459459459,0.918918918918919,0.918918918918919,0.972972972972973,0.972972972972973,0,0,0.9459459459459459,0.918918918918919,0.918918918918919,0.972972972972973,0.972972972972973,0,0,0.9459459459459459,0.918918918918919,0.918918918918919
yeast,mlp-nosuite,0.6172506738544474,0.7687061589797701,0.8648648648648649,0.8648648648648649,0,0,0.6756756756756757,,0.9459459459459459,0.8648648648648649,0.8648648648648649,0,0,0.6756756756756757,,0.9459459459459459,0.8648648648648649,0.8648648648648649,0,0,0.6756756756756757,,0.9459459459459459,0.8648648648648649,0.8648648648648649,0,0,0.6756756756756757,,0.9459459459459459
yeast,mlp-nosuite,0.6172506738544474,0.8153871353725672,0.918918918918919,0.972972972972973,0,0,0.972972972972973,,0.8918918918918919,0.918918918918919,0.972972972972973,0,0,0.972972972972973,,0.8918918918918919,0.918918918918919,0.972972972972973,0,0,0.972972972972973,,0.8918918918918919,0.918918918918919,0.972972972972973,0,0,0.972972972972973,,0.8918918918918919
yeast,mlp-nosuite,0.6172506738544474,0.8517713481033629,0.7837837837837838,0.8918918918918919,0,0,0.8108108108108109,,0.8378378378378378,0.7837837837837838,0.8918918918918919,0,0,0.8108108108108109,,0.8378378378378378,0.7837837837837838,0.8918918918918919,0,0,0.8108108108108109,,0.8378378378378378,0.7837837837837838,0.8918918918918919,0,0,0.8108108108108109,,0.8378378378378378
yeast,mlp-nosuite,0.6172506738544474,0.4910007150414382,0.7027027027027027,0.7027027027027027,0,0,0.5675675675675675,,0.6216216216216216,0.7027027027027027,0.7027027027027027,0,0,0.5675675675675675,,0.6216216216216216,0.7027027027027027,0.7027027027027027,0,0,0.5675675675675675,,0.6216216216216216,0.7027027027027027,0.7027027027027027,0,0,0.5675675675675675,,0.6216216216216216
yeast,mlp-nosuite,0.6172506738544474,0.6965870220668589,0.8378378378378378,0.918918918918919,0,0,0.8108108108108109,,0.8648648648648649,0.8378378378378378,0.918918918918919,0,0,0.8108108108108109,,0.8648648648648649,0.8378378378378378,0.918918918918919,0,0,0.8108108108108109,,0.8648648648648649,0.8378378378378378,0.918918918918919,0,0,0.8108108108108109,,0.8648648648648649
yeast,mlp-nosuite,0.6172506738544474,0.6082230414329826,0.8648648648648649,0.918918918918919,0,0,0.8918918918918919,,0.8648648648648649,0.8648648648648649,0.918918918918919,0,0,0.8918918918918919,,0.8648648648648649,0.8648648648648649,0.918918918918919,0,0,0.8918918918918919,,0.8648648648648649,0.8648648648648649,0.918918918918919,0,0,0.8918918918918919,,0.8648648648648649
yeast,mlp-nosuite,0.6172506738544474,0.5307691251774221,0.918918918918919,0.8648648648648649,0,0,0.7837837837837838,,0.8918918918918919,0.918918918918919,0.8648648648648649,0,0,0.7837837837837838,,0.8918918918918919,0.918918918918919,0.8648648648648649,0,0,0.7837837837837838,,0.8918918918918919,0.918918918918919,0.8648648648648649,0,0,0.7837837837837838,,0.8918918918918919
yeast,mlp-nosuite,0.6172506738544474,0.5898136535651094,0.918918918918919,0.9459459459459459,0,0,0.8918918918918919,,0.9459459459459459,0.918918918918919,0.9459459459459459,0,0,0.8918918918918919,,0.9459459459459459,0.918918918918919,0.9459459459459459,0,0,0.8918918918918919,,0.9459459459459459,0.918918918918919,0.9459459459459459,0,0,0.8918918918918919,,0.9459459459459459
yeast,mlp-nosuite,0.6172506738544474,0.9769920903358666,0.972972972972973,0.9459459459459459,0,0,0.9459459459459459,,0.9459459459459459,0.972972972972973,0.9459459459459459,0,0,0.9459459459459459,,0.9459459459459459,0.972972972972973,0.9459459459459459,0,0,0.9459459459459459,,0.9459459459459459,0.972972972972973,0.9459459459459459,0,0,0.9459459459459459,,0.9459459459459459
yeast,mlp-nosuite,0.6172506738544474,0.6550089218997267,0.7027027027027027,0.7297297297297297,0,0,0.7027027027027027,,0.7837837837837838,0.7027027027027027,0.7297297297297297,0,0,0.7027027027027027,,0.7837837837837838,0.7027027027027027,0.7297297297297297,0,0,0.7027027027027027,,0.7837837837837838,0.7027027027027027,0.7297297297297297,0,0,0.7027027027027027,,0.7837837837837838
yeast,mlp-nosuite,0.6172506738544474,0.652156417544897,0.8918918918918919,0.972972972972973,0,0,0.9459459459459459,,0.918918918918919,0.8918918918918919,0.972972972972973,0,0,0.9459459459459459,,0.918918918918919,0.8918918918918919,0.972972972972973,0,0,0.9459459459459459,,0.918918918918919,0.8918918918918919,0.972972972972973,0,0,0.9459459459459459,,0.918918918918919
yeast,mlp-nosuite,0.6172506738544474,0.590686225478177,0.8918918918918919,0.972972972972973,0,0,0.8108108108108109,,0.8918918918918919,0.8918918918918919,0.972972972972973,0,0,0.8108108108108109,,0.8918918918918919,0.8918918918918919,0.972972972972973,0,0,0.8108108108108109,,0.8918918918918919,0.8918918918918919,0.972972972972973,0,0,0.8108108108108109,,0.8918918918918919
yeast,mlp-nosuite,0.6172506738544474,0.8068372530401193,0.918918918918919,0.9459459459459459,0,0,1.0,,0.8648648648648649,0.918918918918919,0.9459459459459459,0,0,1.0,,0.8648648648648649,0.918918918918919,0.9459459459459459,0,0,1.0,,0.8648648648648649,0.918918918918919,0.9459459459459459,0,0,1.0,,0.8648648648648649
yeast,mlp-nosuite,0.6172506738544474,0.48720428480289174,0.8918918918918919,0.8918918918918919,0,0,0.8378378378378378,,0.7567567567567568,0.8918918918918919,0.8918918918918919,0,0,0.8378378378378378,,0.7567567567567568,0.8918918918918919,0.8918918918918919,0,0,0.8378378378378378,,0.7567567567567568,0.8918918918918919,0.8918918918918919,0,0,0.8378378378378378,,0.7567567567567567
yeast,mlp-nosuite,0.6172506738544474,0.7066654959328711,0.7567567567567568,0.918918918918919,0,0,0.9459459459459459,,0.7297297297297297,0.7567567567567568,0.918918918918919,0,0,0.9459459459459459,,0.7297297297297297,0.7567567567567568,0.918918918918919,0,0,0.9459459459459459,,0.7297297297297297,0.7567567567567567,0.918918918918919,0,0,0.9459459459459459,,0.7297297297297297
yeast,mlp-nosuite,0.6172506738544474,0.6383887042040087,0.6756756756756757,0.7837837837837838,0,0,0.6216216216216216,,0.6216216216216216,0.6756756756756757,0.7837837837837838,0,0,0.6216216216216216,,0.6216216216216216,0.6756756756756757,0.7837837837837838,0,0,0.6216216216216216,,0.6216216216216216,0.6756756756756757,0.7837837837837838,0,0,0.6216216216216216,,0.6216216216216216
yeast,mlp-nosuite,0.6172506738544474,0.5399032225517664,0.7027027027027027,0.7567567567567568,0,0,0.6216216216216216,,0.5405405405405406,0.7027027027027027,0.7567567567567568,0,0,0.6216216216216216,,0.5405405405405406,0.7027027027027027,0.7567567567567568,0,0,0.6216216216216216,,0.5405405405405406,0.7027027027027027,0.7567567567567567,0,0,0.6216216216216216,,0.5405405405405406
yeast,mlp-nosuite,0.6172506738544474,0.6402846894575331,0.918918918918919,1.0,0,0,1.0,,0.918918918918919,0.918918918918919,1.0,0,0,1.0,,0.918918918918919,0.918918918918919,1.0,0,0,1.0,,0.918918918918919,0.918918918918919,1.0,0,0,1.0,,0.918918918918919
yeast,mlp-nosuite,0.6172506738544474,0.8270420607641638,0.8918918918918919,0.8648648648648649,0,0,0.8918918918918919,0.8648648648648649,0.8108108108108109,0.8918918918918919,0.8648648648648649,0,0,0.8918918918918919,0.8648648648648649,0.8108108108108109,0.8918918918918919,0.8648648648648649,0,0,0.8918918918918919,0.8648648648648649,0.8108108108108109,0.8918918918918919,0.8648648648648649,0,0,0.8918918918918919,0.8648648648648649,0.8108108108108109
yeast,mlp-nosuite,0.6172506738544474,0.9559665576072347,0.6756756756756757,0.7837837837837838,0,0,0.5675675675675675,,0.6486486486486487,0.6756756756756757,0.7837837837837838,0,0,0.5675675675675675,,0.6486486486486487,0.6756756756756757,0.7837837837837838,0,0,0.5675675675675675,,0.6486486486486487,0.6756756756756757,0.7837837837837838,0,0,0.5675675675675675,,0.6486486486486487
yeast,mlp-nosuite,0.6172506738544474,0.7985630197835285,0.7297297297297297,0.8378378378378378,0,0,0.7027027027027027,,0.8918918918918919,0.7297297297297297,0.8378378378378378,0,0,0.7027027027027027,,0.8918918918918919,0.7297297297297297,0.8378378378378378,0,0,0.7027027027027027,,0.8918918918918919,0.7297297297297297,0.8378378378378378,0,0,0.7027027027027027,,0.8918918918918919
yeast,mlp-nosuite,0.6172506738544474,0.6227046815327231,0.9459459459459459,0.972972972972973,0,0,0.8918918918918919,,0.8918918918918919,0.9459459459459459,0.972972972972973,0,0,0.8918918918918919,,0.8918918918918919,0.9459459459459459,0.972972972972973,0,0,0.8918918918918919,,0.8918918918918919,0.9459459459459459,0.972972972972973,0,0,0.8918918918918919,,0.8918918918918919
yeast,mlp-nosuite,0.6172506738544474,0.5224487399404436,0.8648648648648649,0.9459459459459459,0,0,0.7567567567567568,,0.7027027027027027,0.8648648648648649,0.9459459459459459,0,0,0.7567567567567568,,0.7027027027027027,0.8648648648648649,0.9459459459459459,0,0,0.7567567567567568,,0.7027027027027027,0.8648648648648649,0.9459459459459459,0,0,0.7567567567567567,,0.7027027027027027
yeast,mlp-nosuite,0.6172506738544474,0.3891855150835529,0.8108108108108109,0.8648648648648649,0,0,0.5945945945945946,,0.7297297297297297,0.8108108108108109,0.8648648648648649,0,0,0.5945945945945946,,0.7297297297297297,0.8108108108108109,0.8648648648648649,0,0,0.5945945945945946,,0.7297297297297297,0.8108108108108109,0.8648648648648649,0,0,0.5945945945945946,,0.7297297297297297
yeast,mlp-nosuite,0.6172506738544474,0.5911790368740227,0.8648648648648649,0.8648648648648649,0,0,0.8648648648648649,,0.8108108108108109,0.8648648648648649,0.8648648648648649,0,0,0.8648648648648649,,0.8108108108108109,0.8648648648648649,0.8648648648648649,0,0,0.8648648648648649,,0.8108108108108109,0.8648648648648649,0.8648648648648649,0,0,0.8648648648648649,,0.8108108108108109
yeast,mlp-nosuite,0.6172506738544474,0.629670593848274,0.918918918918919,0.918918918918919,0,0,0.8648648648648649,,0.918918918918919,0.918918918918919,0.918918918918919,0,0,0.8648648648648649,,0.918918918918919,0.918918918918919,0.918918918918919,0,0,0.8648648648648649,,0.918918918918919,0.918918918918919,0.918918918918919,0,0,0.8648648648648649,,0.918918918918919
yeast,mlp-nosuite,0.6172506738544474,0.5658438576331523,0.8648648648648649,1.0,0,0,0.972972972972973,,0.8648648648648649,0.8648648648648649,1.0,0,0,0.972972972972973,,0.8648648648648649,0.8648648648648649,1.0,0,0,0.972972972972973,,0.8648648648648649,0.8648648648648649,1.0,0,0,0.972972972972973,,0.8648648648648649
yeast,mlp-nosuite,0.6172506738544474,0.7187024376961156,0.9459459459459459,0.8378378378378378,0,0,0.918918918918919,,0.8918918918918919,0.9459459459459459,0.8378378378378378,0,0,0.918918918918919,,0.8918918918918919,0.9459459459459459,0.8378378378378378,0,0,0.918918918918919,,0.8918918918918919,0.9459459459459459,0.8378378378378378,0,0,0.918918918918919,,0.8918918918918919
yeast,mlp-nosuite,0.6172506738544474,0.5913711080016002,0.8108108108108109,0.8108108108108109,0,0,0.7837837837837838,,0.8378378378378378,0.8108108108108109,0.8108108108108109,0,0,0.7837837837837838,,0.8378378378378378,0.8108108108108109,0.8108108108108109,0,0,0.7837837837837838,,0.8378378378378378,0.8108108108108109,0.8108108108108109,0,0,0.7837837837837838,,0.8378378378378378
yeast,mlp-nosuite,0.6172506738544474,0.5682644820982953,0.8918918918918919,0.8648648648648649,0,0,0.8378378378378378,,0.8648648648648649,0.8918918918918919,0.8648648648648649,0,0,0.8378378378378378,,0.8648648648648649,0.8918918918918919,0.8648648648648649,0,0,0.8378378378378378,,0.8648648648648649,0.8918918918918919,0.8648648648648649,0,0,0.8378378378378378,,0.8648648648648649
yeast,mlp-nosuite,0.6172506738544474,0.5213467113424698,0.918918918918919,0.8648648648648649,0,0,0.8918918918918919,,0.6486486486486487,0.918918918918919,0.8648648648648649,0,0,0.8918918918918919,,0.6486486486486487,0.918918918918919,0.8648648648648649,0,0,0.8918918918918919,,0.6486486486486487,0.918918918918919,0.8648648648648649,0,0,0.8918918918918919,,0.6486486486486487
yeast,mlp-nosuite,0.6172506738544474,0.5031306686464653,0.7837837837837838,0.7567567567567568,0,0,0.7297297297297297,,0.7297297297297297,0.7837837837837838,0.7567567567567568,0,0,0.7297297297297297,,0.7297297297297297,0.7837837837837838,0.7567567567567568,0,0,0.7297297297297297,,0.7297297297297297,0.7837837837837838,0.7567567567567567,0,0,0.7297297297297297,,0.7297297297297297
yeast,mlp-nosuite,0.6172506738544474,0.5884111482706388,0.972972972972973,0.918918918918919,0,0,0.7567567567567568,,0.918918918918919,0.972972972972973,0.918918918918919,0,0,0.7567567567567568,,0.918918918918919,0.972972972972973,0.918918918918919,0,0,0.7567567567567568,,0.918918918918919,0.972972972972973,0.918918918918919,0,0,0.7567567567567567,,0.918918918918919
yeast,mlp-nosuite,0.6172506738544474,0.7866950662633221,0.7837837837837838,0.7567567567567568,0,0,0.6756756756756757,,0.7567567567567568,0.7837837837837838,0.7567567567567568,0,0,0.6756756756756757,,0.7567567567567568,0.7837837837837838,0.7567567567567568,0,0,0.6756756756756757,,0.7567567567567568,0.7837837837837838,0.7567567567567567,0,0,0.6756756756756757,,0.7567567567567567
yeast,mlp-nosuite,0.6172506738544474,0.5447268803985967,0.6486486486486487,0.6756756756756757,0,0,0.7837837837837838,,0.5945945945945946,0.6486486486486487,0.6756756756756757,0,0,0.7837837837837838,,0.5945945945945946,0.6486486486486487,0.6756756756756757,0,0,0.7837837837837838,,0.5945945945945946,0.6486486486486487,0.6756756756756757,0,0,0.7837837837837838,,0.5945945945945946
yeast,mlp-nosuite,0.6172506738544474,0.8144204226766092,0.9459459459459459,0.9459459459459459,0,0,0.918918918918919,,0.8378378378378378,0.9459459459459459,0.9459459459459459,0,0,0.918918918918919,,0.8378378378378378,0.9459459459459459,0.9459459459459459,0,0,0.918918918918919,,0.8378378378378378,0.9459459459459459,0.9459459459459459,0,0,0.918918918918919,,0.8378378378378378
yeast,mlp-nosuite,0.6172506738544474,0.8891864317831109,0.9459459459459459,1.0,0,0,1.0,,0.918918918918919,0.9459459459459459,1.0,0,0,1.0,,0.918918918918919,0.9459459459459459,1.0,0,0,1.0,,0.918918918918919,0.9459459459459459,1.0,0,0,1.0,,0.918918918918919
yeast,mlp-nosuite,0.6172506738544474,0.28133881938989935,0.8648648648648649,1.0,0,0,0.918918918918919,,0.7297297297297297,0.8648648648648649,1.0,0,0,0.918918918918919,,0.7297297297297297,0.8648648648648649,1.0,0,0,0.918918918918919,,0.7297297297297297,0.8648648648648649,1.0,0,0,0.918918918918919,,0.7297297297297297
yeast,mlp-nosuite,0.6172506738544474,0.6859127235089117,0.8918918918918919,0.8918918918918919,0,0,0.9459459459459459,,0.8378378378378378,0.8918918918918919,0.8918918918918919,0,0,0.9459459459459459,,0.8378378378378378,0.8918918918918919,0.8918918918918919,0,0,0.9459459459459459,,0.8378378378378378,0.8918918918918919,0.8918918918918919,0,0,0.9459459459459459,,0.8378378378378378
yeast,mlp-nosuite,0.6172506738544474,0.6731378428486091,0.8918918918918919,0.9459459459459459,0,0,0.918918918918919,,0.8648648648648649,0.8918918918918919,0.9459459459459459,0,0,0.918918918918919,,0.8648648648648649,0.8918918918918919,0.9459459459459459,0,0,0.918918918918919,,0.8648648648648649,0.8918918918918919,0.9459459459459459,0,0,0.918918918918919,,0.8648648648648649
yeast,mlp-nosuite,0.6172506738544474,0.35038552062983414,0.7837837837837838,0.8108108108108109,0,0,0.8378378378378378,,0.5945945945945946,0.7837837837837838,0.8108108108108109,0,0,0.8378378378378378,,0.5945945945945946,0.7837837837837838,0.8108108108108109,0,0,0.8378378378378378,,0.5945945945945946,0.7837837837837838,0.8108108108108109,0,0,0.8378378378378378,,0.5945945945945946
yeast,mlp-nosuite,0.6172506738544474,0.6058491647689342,0.6756756756756757,0.7027027027027027,0,0,0.7567567567567568,,0.7837837837837838,0.6756756756756757,0.7027027027027027,0,0,0.7567567567567568,,0.7837837837837838,0.6756756756756757,0.7027027027027027,0,0,0.7567567567567568,,0.7837837837837838,0.6756756756756757,0.7027027027027027,0,0,0.7567567567567567,,0.7837837837837838
yeast,mlp-nosuite,0.6172506738544474,0.9422417409954973,0.8648648648648649,0.9459459459459459,0,0,0.8378378378378378,,0.8648648648648649,0.8648648648648649,0.9459459459459459,0,0,0.8378378378378378,,0.8648648648648649,0.8648648648648649,0.9459459459459459,0,0,0.8378378378378378,,0.8648648648648649,0.8648648648648649,0.9459459459459459,0,0,0.8378378378378378,,0.8648648648648649
yeast,mlp-nosuite,0.6172506738544474,0.7328804053498051,0.918918918918919,0.9459459459459459,0,0,0.9459459459459459,,0.9459459459459459,0.918918918918919,0.9459459459459459,0,0,0.9459459459459459,,0.9459459459459459,0.918918918918919,0.9459459459459459,0,0,0.9459459459459459,,0.9459459459459459,0.918918918918919,0.9459459459459459,0,0,0.9459459459459459,,0.9459459459459459
yeast,mlp-nosuite,0.6172506738544474,0.3486443412971777,0.918918918918919,1.0,0,0,0.9459459459459459,,0.8648648648648649,0.918918918918919,1.0,0,0,0.9459459459459459,,0.8648648648648649,0.918918918918919,1.0,0,0,0.9459459459459459,,0.8648648648648649,0.918918918918919,1.0,0,0,0.9459459459459459,,0.8648648648648649
yeast,mlp-nosuite,0.6172506738544474,0.6434217995854417,0.9459459459459459,0.9459459459459459,0,0,0.8918918918918919,,0.9459459459459459,0.9459459459459459,0.9459459459459459,0,0,0.8918918918918919,,0.9459459459459459,0.9459459459459459,0.9459459459459459,0,0,0.8918918918918919,,0.9459459459459459,0.9459459459459459,0.9459459459459459,0,0,0.8918918918918919,,0.9459459459459459
yeast,mlp-nosuite,0.6172506738544474,0.7272889805060853,0.7297297297297297,0.7567567567567568,0,0,0.8648648648648649,,0.8918918918918919,0.7297297297297297,0.7567567567567568,0,0,0.8648648648648649,,0.8918918918918919,0.7297297297297297,0.7567567567567568,0,0,0.8648648648648649,,0.8918918918918919,0.7297297297297297,0.7567567567567567,0,0,0.8648648648648649,,0.8918918918918919
yeast,mlp-nosuite,0.6172506738544474,0.8009345249963874,0.8108108108108109,0.8378378378378378,0,0,0.8648648648648649,,0.8648648648648649,0.8108108108108109,0.8378378378378378,0,0,0.8648648648648649,,0.8648648648648649,0.8108108108108109,0.8378378378378378,0,0,0.8648648648648649,,0.8648648648648649,0.8108108108108109,0.8378378378378378,0,0,0.8648648648648649,,0.8648648648648649
rmftsa,mlp-nosuite,0.51953125,0.4392036268962049,1.0,1.0,0,0,0.96,,1.0,1.0,1.0,0,0,0.96,,1.0,1.0,1.0,0,0,0.96,,1.0,1.0,1.0,0,0,0.96,,1.0
rmftsa,mlp-nosuite,0.51953125,0.4680882890516091,0.8,0.96,0,0,0.88,,0.92,0.8,0.96,0,0,0.88,,0.92,0.8,0.96,0,0,0.88,,0.92,0.8000000000000002,0.96,0,0,0.88,,0.92
rmftsa,mlp-nosuite,0.51953125,0.38564920294868216,0.44,0.84,0,0,0.88,,0.32,0.44,0.84,0,0,0.88,,0.32,0.44,0.84,0,0,0.88,,0.32,0.44,0.8399999999999999,0,0,0.88,,0.32
rmftsa,mlp-nosuite,0.51953125,0.4703688216831583,0.6,0.76,0,0,0.72,,0.6,0.6,0.76,0,0,0.72,,0.6,0.6,0.76,0,0,0.72,,0.6,0.6,0.76,0,0,0.72,,0.6
rmftsa,mlp-nosuite,0.51953125,0.6230154375875949,1.0,1.0,0,0,1.0,,1.0,1.0,1.0,0,0,1.0,,1.0,1.0,1.0,0,0,1.0,,1.0,1.0,1.0,0,0,1.0,,1.0
rmftsa,mlp-nosuite,0.51953125,0.520291675712967,1.0,1.0,0,0,1.0,,1.0,1.0,1.0,0,0,1.0,,1.0,1.0,1.0,0,0,1.0,,1.0,1.0,1.0,0,0,1.0,,1.0
rmftsa,mlp-nosuite,0.51953125,0.4226854137332023,0.72,0.8,0,0,0.96,,0.72,0.72,0.8,0,0,0.96,,0.72,0.72,0.8,0,0,0.96,,0.72,0.72,0.8000000000000002,0,0,0.96,,0.72
rmftsa,mlp-nosuite,0.51953125,0.5311366699227706,1.0,1.0,0,0,1.0,,1.0,1.0,1.0,0,0,1.0,,1.0,1.0,1.0,0,0,1.0,,1.0,1.0,1.0,0,0,1.0,,1.0
rmftsa,mlp-nosuite,0.51953125,0.49625395118885585,0.72,0.84,0,0,0.88,,0.88,0.72,0.84,0,0,0.88,,0.88,0.72,0.84,0,0,0.88,,0.88,0.72,0.8399999999999999,0,0,0.88,,0.88
rmftsa,mlp-nosuite,0.51953125,0.5158761279858914,1.0,1.0,0,0,1.0,,1.0,1.0,1.0,0,0,1.0,,1.0,1.0,1.0,0,0,1.0,,1.0,1.0,1.0,0,0,1.0,,1.0
rmftsa,mlp-nosuite,0.51953125,0.7531628560102336,1.0,1.0,0,0,1.0,,1.0,1.0,1.0,0,0,1.0,,1.0,1.0,1.0,0,0,1.0,,1.0,1.0,1.0,0,0,1.0,,1.0
rmftsa,mlp-nosuite,0.51953125,0.5581282006345757,0.72,1.0,0,0,1.0,,0.88,0.72,1.0,0,0,1.0,,0.88,0.72,1.0,0,0,1.0,,0.88,0.72,1.0,0,0,1.0,,0.88
rmftsa,mlp-nosuite,0.51953125,0.4892391385789344,0.56,1.0,0,0,0.96,,0.96,0.56,1.0,0,0,0.96,,0.96,0.56,1.0,0,0,0.96,,0.96,0.56,1.0,0,0,0.96,,0.96
rmftsa,mlp-nosuite,0.51953125,0.44989282848458323,0.36,0.92,0,0,0.92,,0.92,0.36,0.92,0,0,0.92,,0.92,0.36,0.92,0,0,0.92,,0.92,0.36,0.92,0,0,0.92,,0.92
rmftsa,mlp-nosuite,0.51953125,0.5014428846574492,1.0,1.0,0,0,1.0,,1.0,1.0,1.0,0,0,1.0,,1.0,1.0,1.0,0,0,1.0,,1.0,1.0,1.0,0,0,1.0,,1.0
rmftsa,mlp-nosuite,0.51953125,0.5396897232801114,0.56,0.96,0,0,0.96,,0.96,0.56,0.96,0,0,0.96,,0.96,0.56,0.96,0,0,0.96,,0.96,0.56,0.96,0,0,0.96,,0.96
rmftsa,mlp-nosuite,0.51953125,0.35938128953713677,0.4,1.0,0,0,1.0,,0.88,0.4,1.0,0,0,1.0,,0.88,0.4,1.0,0,0,1.0,,0.88,0.4000000000000001,1.0,0,0,1.0,,0.88
rmftsa,mlp-nosuite,0.51953125,0.5158761279858914,1.0,1.0,0,0,1.0,,1.0,1.0,1.0,0,0,1.0,,1.0,1.0,1.0,0,0,1.0,,1.0,1.0,1.0,0,0,1.0,,1.0
rmftsa,mlp-nosuite,0.51953125,0.5456845771163488,0.48,1.0,0,0,0.88,,1.0,0.48,1.0,0,0,0.88,,1.0,0.48,1.0,0,0,0.88,,1.0,0.48,1.0,0,0,0.88,,1.0
rmftsa,mlp-nosuite,0.51953125,0.5783612720130417,1.0,1.0,0,0,1.0,,1.0,1.0,1.0,0,0,1.0,,1.0,1.0,1.0,0,0,1.0,,1.0,1.0,1.0,0,0,1.0,,1.0
rmftsa,mlp-nosuite,0.51953125,0.4456303814003765,1.0,1.0,0,0,1.0,,1.0,1.0,1.0,0,0,1.0,,1.0,1.0,1.0,0,0,1.0,,1.0,1.0,1.0,0,0,1.0,,1.0
rmftsa,mlp-nosuite,0.51953125,0.4288145439547315,0.48,0.76,0,0,0.92,,0.68,0.48,0.76,0,0,0.92,,0.68,0.48,0.76,0,0,0.92,,0.68,0.48,0.76,0,0,0.92,,0.68
rmftsa,mlp-nosuite,0.51953125,0.3624132567773058,0.68,1.0,0,0,0.6,,0.6,0.68,1.0,0,0,0.6,,0.6,0.68,1.0,0,0,0.6,,0.6,0.68,1.0,0,0,0.6,,0.6
rmftsa,mlp-nosuite,0.51953125,0.6780616434441902,1.0,1.0,0,0,1.0,,1.0,1.0,1.0,0,0,1.0,,1.0,1.0,1.0,0,0,1.0,,1.0,1.0,1.0,0,0,1.0,,1.0
rmftsa,mlp-nosuite,0.51953125,0.3611232315319938,0.6,0.76,0,0,0.84,,0.76,0.6,0.76,0,0,0.84,,0.76,0.6,0.76,0,0,0.84,,0.76,0.6,0.76,0,0,0.8399999999999999,,0.76
rmftsa,mlp-nosuite,0.51953125,0.4401701803855752,0.48,0.88,0,0,0.92,,0.56,0.48,0.88,0,0,0.92,,0.56,0.48,0.88,0,0,0.92,,0.56,0.48,0.88,0,0,0.92,,0.56
rmftsa,mlp-nosuite,0.51953125,0.3485186007507078,0.88,0.96,0,0,0.96,,0.08,0.88,0.96,0,0,0.96,,0.08,0.88,0.96,0,0,0.96,,0.08,0.88,0.96,0,0,0.96,,0.08
rmftsa,mlp-nosuite,0.51953125,0.37886713392700194,0.44,0.92,0,0,0.56,,0.52,0.44,0.92,0,0,0.56,,0.52,0.44,0.92,0,0,0.56,,0.52,0.44,0.92,0,0,0.56,,0.52
rmftsa,mlp-nosuite,0.51953125,0.38827933639630735,0.92,1.0,0,0,0.92,,0.92,0.92,1.0,0,0,0.92,,0.92,0.92,1.0,0,0,0.92,,0.92,0.92,1.0,0,0,0.92,,0.92
rmftsa,mlp-nosuite,0.51953125,0.4475831013526873,0.56,1.0,0,0,0.96,,0.68,0.56,1.0,0,0,0.96,,0.68,0.56,1.0,0,0,0.96,,0.68,0.56,1.0,0,0,0.96,,0.68
rmftsa,mlp-nosuite,0.51953125,0.4438870522930624,0.88,0.96,0,0,0.72,,0.88,0.88,0.96,0,0,0.72,,0.88,0.88,0.96,0,0,0.72,,0.88,0.88,0.96,0,0,0.72,,0.88
rmftsa,mlp-nosuite,0.51953125,0.5132620708641707,0.56,0.96,0,0,0.96,,0.96,0.56,0.96,0,0,0.96,,0.96,0.56,0.96,0,0,0.96,,0.96,0.56,0.96,0,0,0.96,,0.96
rmftsa,mlp-nosuite,0.51953125,0.44989282848458323,0.36,0.92,0,0,0.92,,0.92,0.36,0.92,0,0,0.92,,0.92,0.36,0.92,0,0,0.92,,0.92,0.36,0.92,0,0,0.92,,0.92
rmftsa,mlp-nosuite,0.51953125,0.5127439525902301,0.76,1.0,0,0,0.84,,1.0,0.76,1.0,0,0,0.84,,1.0,0.76,1.0,0,0,0.84,,1.0,0.76,1.0,0,0,0.8399999999999999,,1.0
rmftsa,mlp-nosuite,0.51953125,0.4265822353234696,0.96,1.0,0,0,0.56,,0.96,0.96,1.0,0,0,0.56,,0.96,0.96,1.0,0,0,0.56,,0.96,0.96,1.0,0,0,0.56,,0.96
rmftsa,mlp-nosuite,0.51953125,0.31291340953320335,0.76,0.8,0,0,0.68,,0.92,0.76,0.8,0,0,0.68,,0.92,0.76,0.8,0,0,0.68,,0.92,0.76,0.8000000000000002,0,0,0.68,,0.92
rmftsa,mlp-nosuite,0.51953125,0.7474234009596294,1.0,1.0,0,0,0.92,,1.0,1.0,1.0,0,0,0.92,,1.0,1.0,1.0,0,0,0.92,,1.0,1.0,1.0,0,0,0.92,,1.0
rmftsa,mlp-nosuite,0.51953125,0.7021555422619946,0.52,0.8,0,0,0.8,,0.44,0.52,0.8,0,0,0.8,,0.44,0.52,0.8,0,0,0.8,,0.44,0.52,0.8000000000000002,0,0,0.8000000000000002,,0.44
rmftsa,mlp-nosuite,0.51953125,0.6693014042358258,1.0,1.0,0,0,1.0,,1.0,1.0,1.0,0,0,1.0,,1.0,1.0,1.0,0,0,1.0,,1.0,1.0,1.0,0,0,1.0,,1.0
rmftsa,mlp-nosuite,0.51953125,0.6072713925299179,0.52,0.92,0,0,0.84,,0.6,0.52,0.92,0,0,0.84,,0.6,0.52,0.92,0,0,0.84,,0.6,0.52,0.92,0,0,0.8399999999999999,,0.6
rmftsa,mlp-nosuite,0.51953125,0.5333874826807956,0.52,1.0,0,0,0.96,,0.72,0.52,1.0,0,0,0.96,,0.72,0.52,1.0,0,0,0.96,,0.72,0.52,1.0,0,0,0.96,,0.72
rmftsa,mlp-nosuite,0.51953125,0.5418247329734285,0.48,1.0,0,0,0.8,,0.96,0.48,1.0,0,0,0.8,,0.96,0.48,1.0,0,0,0.8,,0.96,0.48,1.0,0,0,0.8000000000000002,,0.96
rmftsa,mlp-nosuite,0.51953125,0.395107974859115,0.96,1.0,0,0,1.0,,0.96,0.96,1.0,0,0,1.0,,0.96,0.96,1.0,0,0,1.0,,0.96,0.96,1.0,0,0,1.0,,0.96
rmftsa,mlp-nosuite,0.51953125,0.38335667942516033,0.6,0.76,0,0,0.72,,0.6,0.6,0.76,0,0,0.72,,0.6,0.6,0.76,0,0,0.72,,0.6,0.6,0.76,0,0,0.72,,0.6
rmftsa,mlp-nosuite,0.51953125,0.7040457232294485,0.68,0.96,0,0,0.68,,0.84,0.68,0.96,0,0,0.68,,0.84,0.68,0.96,0,0,0.68,,0.84,0.68,0.96,0,0,0.68,,0.8399999999999999
rmftsa,mlp-nosuite,0.51953125,0.5158761279858914,1.0,1.0,0,0,1.0,,1.0,1.0,1.0,0,0,1.0,,1.0,1.0,1.0,0,0,1.0,,1.0,1.0,1.0,0,0,1.0,,1.0
rmftsa,mlp-nosuite,0.51953125,0.395107974859115,0.96,1.0,0,0,1.0,,0.96,0.96,1.0,0,0,1.0,,0.96,0.96,1.0,0,0,1.0,,0.96,0.96,1.0,0,0,1.0,,0.96
rmftsa,mlp-nosuite,0.51953125,0.3153505181775724,0.76,0.88,0,0,0.72,,0.76,0.76,0.88,0,0,0.72,,0.76,0.76,0.88,0,0,0.72,,0.76,0.76,0.88,0,0,0.72,,0.76
rmftsa,mlp-nosuite,0.51953125,0.3824358787610816,0.6,0.76,0,0,0.72,,0.8,0.6,0.76,0,0,0.72,,0.8,0.6,0.76,0,0,0.72,,0.8,0.6,0.76,0,0,0.72,,0.8000000000000002
rmftsa,mlp-nosuite,0.51953125,0.44653845367383727,0.44,0.92,0,0,0.84,,0.92,0.44,0.92,0,0,0.84,,0.92,0.44,0.92,0,0,0.84,,0.92,0.44,0.92,0,0,0.8399999999999999,,0.92
banknote-authentication,mlp-nosuite,1.0,0.9996715727380836,1.0,1.0,0,0,0.9117647058823529,0.9117647058823529,1.0,1.0,1.0,0,0,1.0,1.0,1.0,1.0,1.0,0,0,0.9117647058823529,0.9117647058823529,1.0,1.0,1.0,0,0,0.9538461538461539,0.9538461538461539,1.0
banknote-authentication,mlp-nosuite,1.0,0.9999907078329328,1.0,1.0,0,0,1.0,0.9705882352941176,1.0,1.0,1.0,0,0,1.0,1.0,1.0,1.0,1.0,0,0,1.0,0.9705882352941176,1.0,1.0,1.0,0,0,1.0,0.9850746268656716,1.0
banknote-authentication,mlp-nosuite,1.0,0.9995782616221618,0.9705882352941176,1.0,0,0,0.9705882352941176,0.9411764705882353,1.0,1.0,1.0,0,0,1.0,1.0,1.0,0.9705882352941176,1.0,0,0,0.9705882352941176,0.9411764705882353,1.0,0.9850746268656716,1.0,0,0,0.9850746268656716,0.9696969696969697,1.0
banknote-authentication,mlp-nosuite,1.0,0.9967715715625176,0.8235294117647058,1.0,0,0,0.9705882352941176,0.9411764705882353,0.9411764705882353,1.0,1.0,0,0,1.0,1.0,1.0,0.8235294117647058,1.0,0,0,0.9705882352941176,0.9411764705882353,0.9411764705882353,0.9032258064516129,1.0,0,0,0.9850746268656716,0.9696969696969697,0.9696969696969697
banknote-authentication,mlp-nosuite,1.0,0.9995319645941872,1.0,0.9705882352941176,0,0,0.8823529411764706,0.8529411764705882,0.8529411764705882,1.0,0.96875,0,0,1.0,1.0,0.9642857142857143,1.0,1.0,0,0,0.8709677419354839,0.8387096774193549,0.8709677419354839,1.0,0.9841269841269841,0,0,0.9310344827586207,0.9122807017543859,0.9152542372881356
banknote-authentication,mlp-nosuite,1.0,0.9999965941274134,1.0,1.0,0,0,0.9705882352941176,0.7058823529411765,0.7941176470588235,1.0,1.0,0,0,0.9583333333333334,0.696969696969697,0.7666666666666667,1.0,1.0,0,0,1.0,1.0,1.0,1.0,1.0,0,0,0.9787234042553191,0.8214285714285715,0.8679245283018869
banknote-authentication,mlp-nosuite,1.0,0.9997851658725867,1.0,1.0,0,0,1.0,1.0,1.0,1.0,1.0,0,0,1.0,1.0,1.0,1.0,1.0,0,0,1.0,1.0,1.0,1.0,1.0,0,0,1.0,1.0,1.0
banknote-authentication,mlp-nosuite,1.0,0.9999687248528396,1.0,1.0,0,0,1.0,1.0,1.0,1.0,1.0,0,0,1.0,1.0,1.0,1.0,1.0,0,0,1.0,1.0,1.0,1.0,1.0,0,0,1.0,1.0,1.0
banknote-authentication,mlp-nosuite,1.0,0.9989479501283376,1.0,1.0,0,0,0.9705882352941176,0.7058823529411765,0.9411764705882353,1.0,1.0,0,0,1.0,0.8275862068965517,0.9354838709677419,1.0,1.0,0,0,0.9655172413793104,0.8275862068965517,1.0,1.0,1.0,0,0,0.9824561403508771,0.8275862068965517,0.9666666666666666
banknote-authentication,mlp-nosuite,1.0,0.999903852748675,1.0,1.0,0,0,1.0,0.9705882352941176,1.0,1.0,1.0,0,0,1.0,1.0,1.0,1.0,1.0,0,0,1.0,0.9705882352941176,1.0,1.0,1.0,0,0,1.0,0.9850746268656716,1.0
banknote-authentication,mlp-nosuite,1.0,0.9593156939090443,0.9705882352941176,1.0,0,0,1.0,0.8823529411764706,0.9117647058823529,1.0,1.0,0,0,1.0,0.8333333333333334,1.0,0.9375,1.0,0,0,1.0,0.9375,0.8125,0.967741935483871,1.0,0,0,1.0,0.8823529411764706,0.896551724137931
banknote-authentication,mlp-nosuite,1.0,0.999892351065744,1.0,0.9705882352941176,0,0,1.0,0.9117647058823529,1.0,1.0,0.9705882352941176,0,0,1.0,0.96875,1.0,1.0,1.0,0,0,1.0,0.9393939393939394,1.0,1.0,0.9850746268656716,0,0,1.0,0.9538461538461539,1.0
banknote-authentication,mlp-nosuite,1.0,0.9999825994563841,1.0,1.0,0,0,0.9117647058823529,1.0,1.0,1.0,1.0,0,0,1.0,1.0,1.0,1.0,1.0,0,0,0.9117647058823529,1.0,1.0,1.0,1.0,0,0,0.9538461538461539,1.0,1.0
banknote-authentication,mlp-nosuite,1.0,0.9998616390009727,0.9705882352941176,1.0,0,0,0.9705882352941176,1.0,1.0,1.0,1.0,0,0,1.0,1.0,1.0,0.9705882352941176,1.0,0,0,0.9705882352941176,1.0,1.0,0.9850746268656716,1.0,0,0,0.9850746268656716,1.0,1.0
banknote-authentication,mlp-nosuite,1.0,0.9847440936365887,1.0,0.9705882352941176,0,0,0.8235294117647058,0.7647058823529411,0.8529411764705882,1.0,0.9705882352941176,0,0,1.0,0.9629629629629629,1.0,1.0,1.0,0,0,0.8181818181818182,0.7878787878787878,0.8484848484848485,1.0,0.9850746268656716,0,0,0.9,0.8666666666666665,0.9180327868852458
banknote-authentication,mlp-nosuite,1.0,0.999598764649163,1.0,0.9705882352941176,0,0,0.9117647058823529,0.7352941176470589,0.8529411764705882,1.0,1.0,0,0,1.0,1.0,1.0,1.0,0.967741935483871,0,0,0.9032258064516129,0.7096774193548387,0.8387096774193549,1.0,0.9836065573770492,0,0,0.9491525423728813,0.8301886792452831,0.9122807017543859
banknote-authentication,mlp-nosuite,1.0,0.9997890372479821,1.0,0.9705882352941176,0,0,0.9705882352941176,0.6764705882352942,1.0,1.0,1.0,0,0,1.0,1.0,1.0,1.0,0.967741935483871,0,0,0.967741935483871,0.6451612903225806,1.0,1.0,0.9836065573770492,0,0,0.9836065573770492,0.7843137254901961,1.0
banknote-authentication,mlp-nosuite,1.0,0.9959960580579492,0.9705882352941176,1.0,0,0,1.0,0.7058823529411765,0.8529411764705882,1.0,1.0,0,0,1.0,1.0,0.9545454545454546,0.96,1.0,0,0,1.0,0.6,0.84,0.9795918367346939,1.0,0,0,1.0,0.7499999999999999,0.8936170212765958
banknote-authentication,mlp-nosuite,1.0,0.9999649128497563,1.0,1.0,0,0,1.0,0.9705882352941176,1.0,1.0,1.0,0,0,1.0,1.0,1.0,1.0,1.0,0,0,1.0,0.9705882352941176,1.0,1.0,1.0,0,0,1.0,0.9850746268656716,1.0
banknote-authentication,mlp-nosuite,1.0,0.9999842347552793,1.0,1.0,0,0,1.0,1.0,1.0,1.0,1.0,0,0,1.0,1.0,1.0,1.0,1.0,0,0,1.0,1.0,1.0,1.0,1.0,0,0,1.0,1.0,1.0
banknote-authentication,mlp-nosuite,1.0,0.9999975413414801,1.0,1.0,0,0,1.0,0.7058823529411765,0.7352941176470589,1.0,1.0,0,0,1.0,0.6875,0.7096774193548387,1.0,1.0,0,0,1.0,1.0,1.0,1.0,1.0,0,0,1.0,0.8148148148148148,0.8301886792452831
banknote-authentication,mlp-nosuite,1.0,0.9958053479484174,0.7941176470588235,0.9705882352941176,0,0,0.9411764705882353,0.6470588235294118,1.0,1.0,0.9696969696969697,0,0,1.0,1.0,1.0,0.78125,1.0,0,0,0.9375,0.625,1.0,0.8771929824561403,0.9846153846153847,0,0,0.967741935483871,0.7692307692307693,1.0
banknote-authentication,mlp-nosuite,1.0,0.9999339841516157,1.0,1.0,0,0,1.0,1.0,1.0,1.0,1.0,0,0,1.0,1.0,1.0,1.0,1.0,0,0,1.0,1.0,1.0,1.0,1.0,0,0,1.0,1.0,1.0
banknote-authentication,mlp-nosuite,1.0,0.9999116842643319,1.0,1.0,0,0,1.0,1.0,1.0,1.0,1.0,0,0,1.0,1.0,1.0,1.0,1.0,0,0,1.0,1.0,1.0,1.0,1.0,0,0,1.0,1.0,1.0
banknote-authentication,mlp-nosuite,1.0,0.8737376421163819,0.9705882352941176,1.0,0,0,1.0,0.6176470588235294,0.9117647058823529,1.0,1.0,0,0,1.0,0.5714285714285714,1.0,0.9285714285714286,1.0,0,0,1.0,0.2857142857142857,0.7857142857142857,0.962962962962963,1.0,0,0,1.0,0.38095238095238093,0.88
banknote-authentication,mlp-nosuite,1.0,0.999922722621713,1.0,1.0,0,0,1.0,1.0,1.0,1.0,1.0,0,0,1.0,1.0,1.0,1.0,1.0,0,0,1.0,1.0,1.0,1.0,1.0,0,0,1.0,1.0,1.0
banknote-authentication,mlp-nosuite,1.0,0.9991779122263149,1.0,1.0,0,0,0.9411764705882353,0.6764705882352942,0.9117647058823529,1.0,1.0,0,0,1.0,1.0,1.0,1.0,1.0,0,0,0.9411764705882353,0.6764705882352942,0.9117647058823529,1.0,1.0,0,0,0.9696969696969697,0.8070175438596492,0.9538461538461539
banknote-authentication,mlp-nosuite,1.0,0.9998863983704348,1.0,1.0,0,0,1.0,0.9705882352941176,1.0,1.0,1.0,0,0,1.0,1.0,1.0,1.0,1.0,0,0,1.0,0.9705882352941176,1.0,1.0,1.0,0,0,1.0,0.9850746268656716,1.0
banknote-authentication,mlp-nosuite,1.0,0.693438046194788,1.0,1.0,0,0,1.0,0.9117647058823529,0.7941176470588235,1.0,1.0,0,0,1.0,0.8333333333333334,1.0,1.0,1.0,0,0,1.0,1.0,0.5333333333333333,1.0,1.0,0,0,1.0,0.9090909090909091,0.6956521739130436
banknote-authentication,mlp-nosuite,1.0,0.9999787367599922,1.0,1.0,0,0,1.0,0.8529411764705882,1.0,1.0,1.0,0,0,1.0,1.0,1.0,1.0,1.0,0,0,1.0,0.8529411764705882,1.0,1.0,1.0,0,0,1.0,0.9206349206349206,1.0
banknote-authentication,mlp-nosuite,1.0,0.9999830581315201,0.9705882352941176,1.0,0,0,1.0,1.0,1.0,1.0,1.0,0,0,1.0,1.0,1.0,0.9705882352941176,1.0,0,0,1.0,1.0,1.0,0.9850746268656716,1.0,0,0,1.0,1.0,1.0
banknote-authentication,mlp-nosuite,1.0,0.9999735141022849,1.0,1.0,0,0,1.0,0.9117647058823529,1.0,1.0,1.0,0,0,1.0,1.0,1.0,1.0,1.0,0,0,1.0,0.9117647058823529,1.0,1.0,1.0,0,0,1.0,0.9538461538461539,1.0
banknote-authentication,mlp-nosuite,1.0,0.9994582287945061,1.0,1.0,0,0,1.0,1.0,0.6176470588235294,1.0,1.0,0,0,1.0,1.0,1.0,1.0,1.0,0,0,1.0,1.0,0.5,1.0,1.0,0,0,1.0,1.0,0.6666666666666666
banknote-authentication,mlp-nosuite,1.0,0.9998488396954847,1.0,1.0,0,0,1.0,1.0,1.0,1.0,1.0,0,0,1.0,1.0,1.0,1.0,1.0,0,0,1.0,1.0,1.0,1.0,1.0,0,0,1.0,1.0,1.0
banknote-authentication,mlp-nosuite,1.0,0.9984030036343169,0.9705882352941176,0.9705882352941176,0,0,1.0,0.7941176470588235,0.9411764705882353,1.0,1.0,0,0,1.0,1.0,1.0,0.9705882352941176,0.9705882352941176,0,0,1.0,0.7941176470588235,0.9411764705882353,0.9850746268656716,0.9850746268656716,0,0,1.0,0.8852459016393442,0.9696969696969697
banknote-authentication,mlp-nosuite,1.0,0.9999184920739265,1.0,1.0,0,0,1.0,1.0,0.9705882352941176,1.0,1.0,0,0,1.0,1.0,1.0,1.0,1.0,0,0,1.0,1.0,0.9705882352941176,1.0,1.0,0,0,1.0,1.0,0.9850746268656716
banknote-authentication,mlp-nosuite,1.0,0.9998511179374847,1.0,1.0,0,0,1.0,0.9705882352941176,1.0,1.0,1.0,0,0,1.0,1.0,1.0,1.0,1.0,0,0,1.0,0.9705882352941176,1.0,1.0,1.0,0,0,1.0,0.9850746268656716,1.0
banknote-authentication,mlp-nosuite,1.0,0.9990029623781582,1.0,1.0,0,0,1.0,0.9411764705882353,1.0,1.0,1.0,0,0,1.0,1.0,1.0,1.0,1.0,0,0,1.0,0.9411764705882353,1.0,1.0,1.0,0,0,1.0,0.9696969696969697,1.0
banknote-authentication,mlp-nosuite,1.0,0.9987745826604794,1.0,1.0,0,0,0.9705882352941176,0.9705882352941176,1.0,1.0,1.0,0,0,1.0,1.0,1.0,1.0,1.0,0,0,0.9705882352941176,0.9705882352941176,1.0,1.0,1.0,0,0,0.9850746268656716,0.9850746268656716,1.0
banknote-authentication,mlp-nosuite,1.0,0.9997748265878384,1.0,1.0,0,0,1.0,1.0,1.0,1.0,1.0,0,0,1.0,1.0,1.0,1.0,1.0,0,0,1.0,1.0,1.0,1.0,1.0,0,0,1.0,1.0,1.0
banknote-authentication,mlp-nosuite,1.0,0.9984740571471774,1.0,0.9705882352941176,0,0,0.9705882352941176,0.5,0.9411764705882353,1.0,0.9705882352941176,0,0,1.0,1.0,1.0,1.0,1.0,0,0,0.9696969696969697,0.48484848484848486,0.9393939393939394,1.0,0.9850746268656716,0,0,0.9846153846153847,0.653061224489796,0.96875
banknote-authentication,mlp-nosuite,1.0,0.9999990842324603,1.0,1.0,0,0,0.9117647058823529,0.8235294117647058,0.9411764705882353,1.0,1.0,0,0,1.0,1.0,0.9285714285714286,1.0,1.0,0,0,0.8846153846153846,0.7692307692307693,1.0,1.0,1.0,0,0,0.9387755102040816,0.8695652173913044,0.962962962962963
banknote-authentication,mlp-nosuite,1.0,0.7971286316254512,0.9705882352941176,1.0,0,0,1.0,0.8235294117647058,0.9705882352941176,1.0,1.0,0,0,1.0,0.7222222222222222,1.0,0.9285714285714286,1.0,0,0,1.0,0.9285714285714286,0.9285714285714286,0.962962962962963,1.0,0,0,1.0,0.8125000000000001,0.962962962962963
banknote-authentication,mlp-nosuite,1.0,0.989043917807739,1.0,0.9705882352941176,0,0,1.0,0.9117647058823529,1.0,1.0,1.0,0,0,1.0,0.8636363636363636,1.0,1.0,0.9473684210526315,0,0,1.0,1.0,1.0,1.0,0.972972972972973,0,0,1.0,0.9268292682926829,1.0
banknote-authentication,mlp-nosuite,1.0,0.9996782189483133,0.9117647058823529,1.0,0,0,1.0,0.7647058823529411,1.0,1.0,1.0,0,0,1.0,1.0,1.0,0.9117647058823529,1.0,0,0,1.0,0.7647058823529411,1.0,0.9538461538461539,1.0,0,0,1.0,0.8666666666666666,1.0
banknote-authentication,mlp-nosuite,1.0,0.9987690347026392,1.0,1.0,0,0,0.9705882352941176,1.0,0.8529411764705882,1.0,1.0,0,0,1.0,1.0,0.8529411764705882,1.0,1.0,0,0,0.9655172413793104,1.0,1.0,1.0,1.0,0,0,0.9824561403508771,1.0,0.9206349206349206
banknote-authentication,mlp-nosuite,1.0,0.9999563347188299,1.0,1.0,0,0,1.0,0.7647058823529411,1.0,1.0,1.0,0,0,1.0,1.0,1.0,1.0,1.0,0,0,1.0,0.7647058823529411,1.0,1.0,1.0,0,0,1.0,0.8666666666666666,1.0
banknote-authentication,mlp-nosuite,1.0,0.9984620988618204,0.8235294117647058,0.9705882352941176,0,0,0.9411764705882353,0.9411764705882353,0.9411764705882353,1.0,1.0,0,0,1.0,1.0,0.9411764705882353,0.8125,0.96875,0,0,0.9375,0.9375,1.0,0.896551724137931,0.9841269841269841,0,0,0.967741935483871,0.967741935483871,0.9696969696969697
banknote-authentication,mlp-nosuite,1.0,0.9999828097080098,1.0,1.0,0,0,1.0,0.9705882352941176,1.0,1.0,1.0,0,0,1.0,1.0,1.0,1.0,1.0,0,0,1.0,0.9705882352941176,1.0,1.0,1.0,0,0,1.0,0.9850746268656716,1.0
banknote-authentication,mlp-nosuite,1.0,0.999153502060915,1.0,1.0,0,0,1.0,0.7647058823529411,0.8235294117647058,1.0,1.0,0,0,1.0,1.0,1.0,1.0,1.0,0,0,1.0,0.7142857142857143,0.7857142857142857,1.0,1.0,0,0,1.0,0.8333333333333333,0.88
volcanoes-a2,mlp-nosuite,0.9433497536945813,0.9782251496488819,1.0,1.0,0,0,1.0,1.0,,1.0,1.0,0,0,1.0,1.0,,1.0,1.0,0,0,1.0,1.0,,1.0,1.0,0,0,1.0,1.0,
volcanoes-a2,mlp-nosuite,0.9433497536945813,0.9815804504993686,1.0,1.0,0,0,1.0,1.0,1.0,1.0,1.0,0,0,1.0,1.0,1.0,1.0,1.0,0,0,1.0,1.0,1.0,1.0,1.0,0,0,1.0,1.0,1.0
volcanoes-a2,mlp-nosuite,0.9433497536945813,0.9998506497983246,1.0,1.0,0,0,1.0,1.0,,1.0,1.0,0,0,1.0,1.0,,1.0,1.0,0,0,1.0,1.0,,1.0,1.0,0,0,1.0,1.0,
volcanoes-a2,mlp-nosuite,0.9433497536945813,0.9962046156075793,1.0,1.0,0,0,1.0,1.0,1.0,1.0,1.0,0,0,1.0,1.0,1.0,1.0,1.0,0,0,1.0,1.0,1.0,1.0,1.0,0,0,1.0,1.0,1.0
volcanoes-a2,mlp-nosuite,0.9433497536945813,0.9187588235942447,1.0,1.0,0,0,1.0,1.0,1.0,1.0,1.0,0,0,1.0,1.0,1.0,1.0,1.0,0,0,1.0,1.0,1.0,1.0,1.0,0,0,1.0,1.0,1.0
volcanoes-a2,mlp-nosuite,0.9433497536945813,0.9997999167495963,1.0,1.0,0,0,1.0,1.0,,1.0,1.0,0,0,1.0,1.0,,1.0,1.0,0,0,1.0,1.0,,1.0,1.0,0,0,1.0,1.0,
volcanoes-a2,mlp-nosuite,0.9433497536945813,0.989074460738342,1.0,1.0,0,0,1.0,1.0,1.0,1.0,1.0,0,0,1.0,1.0,1.0,1.0,1.0,0,0,1.0,1.0,1.0,1.0,1.0,0,0,1.0,1.0,1.0
volcanoes-a2,mlp-nosuite,0.9433497536945813,0.9981742330825621,1.0,1.0,0,0,1.0,1.0,1.0,1.0,1.0,0,0,1.0,1.0,1.0,1.0,1.0,0,0,1.0,1.0,1.0,1.0,1.0,0,0,1.0,1.0,1.0
volcanoes-a2,mlp-nosuite,0.9433497536945813,0.9906324637071022,1.0,1.0,0,0,1.0,1.0,1.0,1.0,1.0,0,0,1.0,1.0,1.0,1.0,1.0,0,0,1.0,1.0,1.0,1.0,1.0,0,0,1.0,1.0,1.0
volcanoes-a2,mlp-nosuite,0.9433497536945813,0.9865966469254835,1.0,1.0,0,0,1.0,1.0,,1.0,1.0,0,0,1.0,1.0,,1.0,1.0,0,0,1.0,1.0,,1.0,1.0,0,0,1.0,1.0,
volcanoes-a2,mlp-nosuite,0.9433497536945813,0.633371254134434,0.9,0.975,0,0,0.925,0.675,,0.9,0.975,0,0,0.925,0.675,,0.9,0.975,0,0,0.925,0.675,,0.9,0.975,0,0,0.925,0.675,
volcanoes-a2,mlp-nosuite,0.9433497536945813,0.9964563357624171,1.0,1.0,0,0,1.0,1.0,,1.0,1.0,0,0,1.0,1.0,,1.0,1.0,0,0,1.0,1.0,,1.0,1.0,0,0,1.0,1.0,
volcanoes-a2,mlp-nosuite,0.9433497536945813,0.8381184763763451,1.0,1.0,0,0,1.0,0.925,,1.0,1.0,0,0,1.0,0.925,,1.0,1.0,0,0,1.0,0.925,,1.0,1.0,0,0,1.0,0.925,
volcanoes-a2,mlp-nosuite,0.9433497536945813,0.67709939715083,1.0,1.0,0,0,1.0,0.7,1.0,1.0,1.0,0,0,1.0,0.7,1.0,1.0,1.0,0,0,1.0,0.7,1.0,1.0,1.0,0,0,1.0,0.7,1.0
volcanoes-a2,mlp-nosuite,0.9433497536945813,0.9996379819155685,1.0,1.0,0,0,1.0,1.0,1.0,1.0,1.0,0,0,1.0,1.0,1.0,1.0,1.0,0,0,1.0,1.0,1.0,1.0,1.0,0,0,1.0,1.0,1.0
volcanoes-a2,mlp-nosuite,0.9433497536945813,0.9953403830891304,1.0,1.0,0,0,1.0,1.0,1.0,1.0,1.0,0,0,1.0,1.0,1.0,1.0,1.0,0,0,1.0,1.0,1.0,1.0,1.0,0,0,1.0,1.0,1.0
volcanoes-a2,mlp-nosuite,0.9433497536945813,0.996003238156051,1.0,1.0,0,0,1.0,1.0,1.0,1.0,1.0,0,0,1.0,1.0,1.0,1.0,1.0,0,0,1.0,1.0,1.0,1.0,1.0,0,0,1.0,1.0,1.0
volcanoes-a2,mlp-nosuite,0.9433497536945813,0.9399723002359562,1.0,1.0,0,0,1.0,1.0,1.0,1.0,1.0,0,0,1.0,1.0,1.0,1.0,1.0,0,0,1.0,1.0,1.0,1.0,1.0,0,0,1.0,1.0,1.0
volcanoes-a2,mlp-nosuite,0.9433497536945813,0.974767025409524,1.0,1.0,0,0,1.0,0.975,,1.0,1.0,0,0,1.0,0.975,,1.0,1.0,0,0,1.0,0.975,,1.0,1.0,0,0,1.0,0.975,
volcanoes-a2,mlp-nosuite,0.9433497536945813,0.9979545825214355,1.0,1.0,0,0,1.0,1.0,1.0,1.0,1.0,0,0,1.0,1.0,1.0,1.0,1.0,0,0,1.0,1.0,1.0,1.0,1.0,0,0,1.0,1.0,1.0
volcanoes-a2,mlp-nosuite,0.9433497536945813,0.9960337181265542,1.0,1.0,0,0,1.0,1.0,1.0,1.0,1.0,0,0,1.0,1.0,1.0,1.0,1.0,0,0,1.0,1.0,1.0,1.0,1.0,0,0,1.0,1.0,1.0
volcanoes-a2,mlp-nosuite,0.9433497536945813,0.9978145903838026,1.0,1.0,0,0,1.0,1.0,,1.0,1.0,0,0,1.0,1.0,,1.0,1.0,0,0,1.0,1.0,,1.0,1.0,0,0,1.0,1.0,
volcanoes-a2,mlp-nosuite,0.9433497536945813,0.9996019014590145,1.0,1.0,0,0,1.0,1.0,1.0,1.0,1.0,0,0,1.0,1.0,1.0,1.0,1.0,0,0,1.0,1.0,1.0,1.0,1.0,0,0,1.0,1.0,1.0
volcanoes-a2,mlp-nosuite,0.9433497536945813,0.9807756265890305,1.0,1.0,0,0,1.0,0.775,1.0,1.0,1.0,0,0,1.0,0.775,1.0,1.0,1.0,0,0,1.0,0.775,1.0,1.0,1.0,0,0,1.0,0.775,1.0
volcanoes-a2,mlp-nosuite,0.9433497536945813,0.9770492593122131,1.0,1.0,0,0,1.0,1.0,1.0,1.0,1.0,0,0,1.0,1.0,1.0,1.0,1.0,0,0,1.0,1.0,1.0,1.0,1.0,0,0,1.0,1.0,1.0
volcanoes-a2,mlp-nosuite,0.9433497536945813,0.9967116059741407,1.0,1.0,0,0,1.0,1.0,1.0,1.0,1.0,0,0,1.0,1.0,1.0,1.0,1.0,0,0,1.0,1.0,1.0,1.0,1.0,0,0,1.0,1.0,1.0
volcanoes-a2,mlp-nosuite,0.9433497536945813,0.9992005875898786,1.0,1.0,0,0,1.0,1.0,,1.0,1.0,0,0,1.0,1.0,,1.0,1.0,0,0,1.0,1.0,,1.0,1.0,0,0,1.0,1.0,
volcanoes-a2,mlp-nosuite,0.9433497536945813,0.9907716147062658,1.0,1.0,0,0,1.0,1.0,1.0,1.0,1.0,0,0,1.0,1.0,1.0,1.0,1.0,0,0,1.0,1.0,1.0,1.0,1.0,0,0,1.0,1.0,1.0
volcanoes-a2,mlp-nosuite,0.9433497536945813,0.9993988936728587,1.0,1.0,0,0,1.0,0.725,1.0,1.0,1.0,0,0,1.0,0.725,1.0,1.0,1.0,0,0,1.0,0.725,1.0,1.0,1.0,0,0,1.0,0.7250000000000001,1.0
volcanoes-a2,mlp-nosuite,0.9433497536945813,0.9945112246052255,1.0,1.0,0,0,1.0,1.0,1.0,1.0,1.0,0,0,1.0,1.0,1.0,1.0,1.0,0,0,1.0,1.0,1.0,1.0,1.0,0,0,1.0,1.0,1.0
volcanoes-a2,mlp-nosuite,0.9433497536945813,0.9967629457569558,1.0,1.0,0,0,0.975,1.0,,1.0,1.0,0,0,0.975,1.0,,1.0,1.0,0,0,0.975,1.0,,1.0,1.0,0,0,0.975,1.0,
volcanoes-a2,mlp-nosuite,0.9433497536945813,0.9997756410819659,1.0,1.0,0,0,1.0,1.0,,1.0,1.0,0,0,1.0,1.0,,1.0,1.0,0,0,1.0,1.0,,1.0,1.0,0,0,1.0,1.0,
volcanoes-a2,mlp-nosuite,0.9433497536945813,0.95917891984778,1.0,1.0,0,0,1.0,1.0,,1.0,1.0,0,0,1.0,1.0,,1.0,1.0,0,0,1.0,1.0,,1.0,1.0,0,0,1.0,1.0,
volcanoes-a2,mlp-nosuite,0.9433497536945813,0.9997389252387225,1.0,1.0,0,0,1.0,1.0,,1.0,1.0,0,0,1.0,1.0,,1.0,1.0,0,0,1.0,1.0,,1.0,1.0,0,0,1.0,1.0,
volcanoes-a2,mlp-nosuite,0.9433497536945813,0.9952232981417839,1.0,1.0,0,0,1.0,0.925,1.0,1.0,1.0,0,0,1.0,0.925,1.0,1.0,1.0,0,0,1.0,0.925,1.0,1.0,1.0,0,0,1.0,0.925,1.0
volcanoes-a2,mlp-nosuite,0.9433497536945813,0.9949308525243776,1.0,1.0,0,0,1.0,1.0,,1.0,1.0,0,0,1.0,1.0,,1.0,1.0,0,0,1.0,1.0,,1.0,1.0,0,0,1.0,1.0,
volcanoes-a2,mlp-nosuite,0.9433497536945813,0.9936453478922993,1.0,1.0,0,0,1.0,1.0,,1.0,1.0,0,0,1.0,1.0,,1.0,1.0,0,0,1.0,1.0,,1.0,1.0,0,0,1.0,1.0,
volcanoes-a2,mlp-nosuite,0.9433497536945813,0.3115257813382541,0.725,0.725,0,0,0.925,0.8,0.925,0.725,0.725,0,0,0.925,0.8,0.925,0.725,0.725,0,0,0.925,0.8,0.925,0.7250000000000001,0.7250000000000001,0,0,0.925,0.8000000000000002,0.925
volcanoes-a2,mlp-nosuite,0.9433497536945813,0.9991626112019232,1.0,1.0,0,0,1.0,1.0,,1.0,1.0,0,0,1.0,1.0,,1.0,1.0,0,0,1.0,1.0,,1.0,1.0,0,0,1.0,1.0,
volcanoes-a2,mlp-nosuite,0.9433497536945813,0.9260206381917542,1.0,1.0,0,0,1.0,0.875,,1.0,1.0,0,0,1.0,0.875,,1.0,1.0,0,0,1.0,0.875,,1.0,1.0,0,0,1.0,0.875,
volcanoes-a2,mlp-nosuite,0.9433497536945813,0.999040609600252,1.0,1.0,0,0,1.0,1.0,,1.0,1.0,0,0,1.0,1.0,,1.0,1.0,0,0,1.0,1.0,,1.0,1.0,0,0,1.0,1.0,
volcanoes-a2,mlp-nosuite,0.9433497536945813,0.994854503114586,1.0,1.0,0,0,1.0,1.0,1.0,1.0,1.0,0,0,1.0,1.0,1.0,1.0,1.0,0,0,1.0,1.0,1.0,1.0,1.0,0,0,1.0,1.0,1.0
volcanoes-a2,mlp-nosuite,0.9433497536945813,0.9788847631133493,1.0,1.0,0,0,1.0,1.0,1.0,1.0,1.0,0,0,1.0,1.0,1.0,1.0,1.0,0,0,1.0,1.0,1.0,1.0,1.0,0,0,1.0,1.0,1.0
volcanoes-a2,mlp-nosuite,0.9433497536945813,0.9980893903223783,1.0,1.0,0,0,1.0,1.0,,1.0,1.0,0,0,1.0,1.0,,1.0,1.0,0,0,1.0,1.0,,1.0,1.0,0,0,1.0,1.0,
volcanoes-a2,mlp-nosuite,0.9433497536945813,0.9998837209201417,1.0,1.0,0,0,1.0,1.0,1.0,1.0,1.0,0,0,1.0,1.0,1.0,1.0,1.0,0,0,1.0,1.0,1.0,1.0,1.0,0,0,1.0,1.0,1.0
volcanoes-a2,mlp-nosuite,0.9433497536945813,0.2728039328296244,0.725,0.85,0,0,0.875,0.775,0.9,0.725,0.85,0,0,0.875,0.775,0.9,0.725,0.85,0,0,0.875,0.775,0.9,0.7250000000000001,0.85,0,0,0.875,0.775,0.9
volcanoes-a2,mlp-nosuite,0.9433497536945813,0.9981909648325273,1.0,1.0,0,0,1.0,1.0,,1.0,1.0,0,0,1.0,1.0,,1.0,1.0,0,0,1.0,1.0,,1.0,1.0,0,0,1.0,1.0,
volcanoes-a2,mlp-nosuite,0.9433497536945813,0.8947264005783525,1.0,1.0,0,0,1.0,0.975,1.0,1.0,1.0,0,0,1.0,0.975,1.0,1.0,1.0,0,0,1.0,0.975,1.0,1.0,1.0,0,0,1.0,0.975,1.0
volcanoes-a2,mlp-nosuite,0.9433497536945813,0.9929508336729344,1.0,1.0,0,0,1.0,1.0,1.0,1.0,1.0,0,0,1.0,1.0,1.0,1.0,1.0,0,0,1.0,1.0,1.0,1.0,1.0,0,0,1.0,1.0,1.0
volcanoes-a2,mlp-nosuite,0.9433497536945813,0.9477544368743355,1.0,1.0,0,0,1.0,1.0,1.0,1.0,1.0,0,0,1.0,1.0,1.0,1.0,1.0,0,0,1.0,1.0,1.0,1.0,1.0,0,0,1.0,1.0,1.0
volcanoes-a3,mlp-nosuite,0.9028871391076115,0.7563212533966024,0.9736842105263158,0.9473684210526315,0,0,0.9736842105263158,0.7894736842105263,,0.9736842105263158,0.9473684210526315,0,0,0.9736842105263158,0.7894736842105263,,0.9736842105263158,0.9473684210526315,0,0,0.9736842105263158,0.7894736842105263,,0.9736842105263158,0.9473684210526315,0,0,0.9736842105263158,0.7894736842105263,
volcanoes-a3,mlp-nosuite,0.9028871391076115,0.9750776702663615,1.0,1.0,0,0,1.0,1.0,1.0,1.0,1.0,0,0,1.0,1.0,1.0,1.0,1.0,0,0,1.0,1.0,1.0,1.0,1.0,0,0,1.0,1.0,1.0
volcanoes-a3,mlp-nosuite,0.9028871391076115,0.3496253328195154,0.9210526315789473,0.8947368421052632,0,0,0.8947368421052632,0.868421052631579,,0.9210526315789473,0.8947368421052632,0,0,0.8947368421052632,0.868421052631579,,0.9210526315789473,0.8947368421052632,0,0,0.8947368421052632,0.868421052631579,,0.9210526315789473,0.8947368421052632,0,0,0.8947368421052632,0.868421052631579,
volcanoes-a3,mlp-nosuite,0.9028871391076115,0.9985746659744257,1.0,1.0,0,0,1.0,1.0,,1.0,1.0,0,0,1.0,1.0,,1.0,1.0,0,0,1.0,1.0,,1.0,1.0,0,0,1.0,1.0,
volcanoes-a3,mlp-nosuite,0.9028871391076115,0.9995681742965264,1.0,1.0,0,0,1.0,0.9736842105263158,,1.0,1.0,0,0,1.0,0.9736842105263158,,1.0,1.0,0,0,1.0,0.9736842105263158,,1.0,1.0,0,0,1.0,0.9736842105263158,
volcanoes-a3,mlp-nosuite,0.9028871391076115,0.9949454596316676,1.0,1.0,0,0,1.0,1.0,1.0,1.0,1.0,0,0,1.0,1.0,1.0,1.0,1.0,0,0,1.0,1.0,1.0,1.0,1.0,0,0,1.0,1.0,1.0
volcanoes-a3,mlp-nosuite,0.9028871391076115,0.9771246664948525,1.0,1.0,0,0,1.0,0.9473684210526315,1.0,1.0,1.0,0,0,1.0,0.9473684210526315,1.0,1.0,1.0,0,0,1.0,0.9473684210526315,1.0,1.0,1.0,0,0,1.0,0.9473684210526315,1.0
volcanoes-a3,mlp-nosuite,0.9028871391076115,0.9959797531475649,1.0,1.0,0,0,1.0,1.0,1.0,1.0,1.0,0,0,1.0,1.0,1.0,1.0,1.0,0,0,1.0,1.0,1.0,1.0,1.0,0,0,1.0,1.0,1.0
volcanoes-a3,mlp-nosuite,0.9028871391076115,0.9690080778245048,1.0,1.0,0,0,1.0,0.8421052631578947,1.0,1.0,1.0,0,0,1.0,0.8421052631578947,1.0,1.0,1.0,0,0,1.0,0.8421052631578947,1.0,1.0,1.0,0,0,1.0,0.8421052631578947,1.0
volcanoes-a3,mlp-nosuite,0.9028871391076115,0.9892662101381365,1.0,1.0,0,0,1.0,0.9210526315789473,1.0,1.0,1.0,0,0,1.0,0.9210526315789473,1.0,1.0,1.0,0,0,1.0,0.9210526315789473,1.0,1.0,1.0,0,0,1.0,0.9210526315789473,1.0
volcanoes-a3,mlp-nosuite,0.9028871391076115,0.9939452190236018,1.0,1.0,0,0,1.0,1.0,1.0,1.0,1.0,0,0,1.0,1.0,1.0,1.0,1.0,0,0,1.0,1.0,1.0,1.0,1.0,0,0,1.0,1.0,1.0
volcanoes-a3,mlp-nosuite,0.9028871391076115,0.6313906734607525,0.9736842105263158,0.9736842105263158,0,0,1.0,1.0,1.0,0.9736842105263158,0.9736842105263158,0,0,1.0,1.0,1.0,0.9736842105263158,0.9736842105263158,0,0,1.0,1.0,1.0,0.9736842105263158,0.9736842105263158,0,0,1.0,1.0,1.0
volcanoes-a3,mlp-nosuite,0.9028871391076115,0.9169104246764908,1.0,1.0,0,0,1.0,1.0,,1.0,1.0,0,0,1.0,1.0,,1.0,1.0,0,0,1.0,1.0,,1.0,1.0,0,0,1.0,1.0,
volcanoes-a3,mlp-nosuite,0.9028871391076115,0.6264534726696457,0.9736842105263158,0.9736842105263158,0,0,0.9210526315789473,0.9210526315789473,,0.9736842105263158,0.9736842105263158,0,0,0.9210526315789473,0.9210526315789473,,0.9736842105263158,0.9736842105263158,0,0,0.9210526315789473,0.9210526315789473,,0.9736842105263158,0.9736842105263158,0,0,0.9210526315789473,0.9210526315789473,
volcanoes-a3,mlp-nosuite,0.9028871391076115,0.8932748151892194,1.0,1.0,0,0,1.0,1.0,,1.0,1.0,0,0,1.0,1.0,,1.0,1.0,0,0,1.0,1.0,,1.0,1.0,0,0,1.0,1.0,
volcanoes-a3,mlp-nosuite,0.9028871391076115,0.9591714735520005,1.0,1.0,0,0,1.0,1.0,1.0,1.0,1.0,0,0,1.0,1.0,1.0,1.0,1.0,0,0,1.0,1.0,1.0,1.0,1.0,0,0,1.0,1.0,1.0
volcanoes-a3,mlp-nosuite,0.9028871391076115,0.9719715008293233,1.0,1.0,0,0,1.0,1.0,1.0,1.0,1.0,0,0,1.0,1.0,1.0,1.0,1.0,0,0,1.0,1.0,1.0,1.0,1.0,0,0,1.0,1.0,1.0
volcanoes-a3,mlp-nosuite,0.9028871391076115,0.9955350684177163,1.0,1.0,0,0,1.0,1.0,1.0,1.0,1.0,0,0,1.0,1.0,1.0,1.0,1.0,0,0,1.0,1.0,1.0,1.0,1.0,0,0,1.0,1.0,1.0
volcanoes-a3,mlp-nosuite,0.9028871391076115,0.9922723923477218,1.0,1.0,0,0,1.0,1.0,,1.0,1.0,0,0,1.0,1.0,,1.0,1.0,0,0,1.0,1.0,,1.0,1.0,0,0,1.0,1.0,
volcanoes-a3,mlp-nosuite,0.9028871391076115,0.9876807913273024,1.0,1.0,0,0,1.0,1.0,1.0,1.0,1.0,0,0,1.0,1.0,1.0,1.0,1.0,0,0,1.0,1.0,1.0,1.0,1.0,0,0,1.0,1.0,1.0
volcanoes-a3,mlp-nosuite,0.9028871391076115,0.9977777893364496,1.0,1.0,0,0,1.0,1.0,1.0,1.0,1.0,0,0,1.0,1.0,1.0,1.0,1.0,0,0,1.0,1.0,1.0,1.0,1.0,0,0,1.0,1.0,1.0
volcanoes-a3,mlp-nosuite,0.9028871391076115,0.8811733817087293,1.0,1.0,0,0,1.0,1.0,1.0,1.0,1.0,0,0,1.0,1.0,1.0,1.0,1.0,0,0,1.0,1.0,1.0,1.0,1.0,0,0,1.0,1.0,1.0
volcanoes-a3,mlp-nosuite,0.9028871391076115,0.9871155093247405,1.0,1.0,0,0,1.0,1.0,1.0,1.0,1.0,0,0,1.0,1.0,1.0,1.0,1.0,0,0,1.0,1.0,1.0,1.0,1.0,0,0,1.0,1.0,1.0
volcanoes-a3,mlp-nosuite,0.9028871391076115,0.5888976016599845,1.0,1.0,0,0,0.9736842105263158,1.0,,1.0,1.0,0,0,0.9736842105263158,1.0,,1.0,1.0,0,0,0.9736842105263158,1.0,,1.0,1.0,0,0,0.9736842105263158,1.0,
volcanoes-a3,mlp-nosuite,0.9028871391076115,0.9957176445447736,1.0,1.0,0,0,1.0,1.0,,1.0,1.0,0,0,1.0,1.0,,1.0,1.0,0,0,1.0,1.0,,1.0,1.0,0,0,1.0,1.0,
volcanoes-a3,mlp-nosuite,0.9028871391076115,0.9954693050519018,1.0,1.0,0,0,1.0,1.0,1.0,1.0,1.0,0,0,1.0,1.0,1.0,1.0,1.0,0,0,1.0,1.0,1.0,1.0,1.0,0,0,1.0,1.0,1.0
volcanoes-a3,mlp-nosuite,0.9028871391076115,0.8284062829710597,1.0,1.0,0,0,1.0,1.0,1.0,1.0,1.0,0,0,1.0,1.0,1.0,1.0,1.0,0,0,1.0,1.0,1.0,1.0,1.0,0,0,1.0,1.0,1.0
volcanoes-a3,mlp-nosuite,0.9028871391076115,0.9980306295055987,1.0,1.0,0,0,1.0,1.0,,1.0,1.0,0,0,1.0,1.0,,1.0,1.0,0,0,1.0,1.0,,1.0,1.0,0,0,1.0,1.0,
volcanoes-a3,mlp-nosuite,0.9028871391076115,0.9980294072868596,1.0,1.0,0,0,1.0,1.0,1.0,1.0,1.0,0,0,1.0,1.0,1.0,1.0,1.0,0,0,1.0,1.0,1.0,1.0,1.0,0,0,1.0,1.0,1.0
volcanoes-a3,mlp-nosuite,0.9028871391076115,0.9984371970054886,1.0,1.0,0,0,1.0,1.0,1.0,1.0,1.0,0,0,1.0,1.0,1.0,1.0,1.0,0,0,1.0,1.0,1.0,1.0,1.0,0,0,1.0,1.0,1.0
volcanoes-a3,mlp-nosuite,0.9028871391076115,0.9994733913511901,1.0,1.0,0,0,1.0,1.0,1.0,1.0,1.0,0,0,1.0,1.0,1.0,1.0,1.0,0,0,1.0,1.0,1.0,1.0,1.0,0,0,1.0,1.0,1.0
volcanoes-a3,mlp-nosuite,0.9028871391076115,0.9959888211728462,1.0,1.0,0,0,1.0,0.9736842105263158,1.0,1.0,1.0,0,0,1.0,0.9736842105263158,1.0,1.0,1.0,0,0,1.0,0.9736842105263158,1.0,1.0,1.0,0,0,1.0,0.9736842105263158,1.0
volcanoes-a3,mlp-nosuite,0.9028871391076115,0.7993785073995411,1.0,1.0,0,0,0.9736842105263158,1.0,,1.0,1.0,0,0,0.9736842105263158,1.0,,1.0,1.0,0,0,0.9736842105263158,1.0,,1.0,1.0,0,0,0.9736842105263158,1.0,
volcanoes-a3,mlp-nosuite,0.9028871391076115,0.980845019111347,1.0,1.0,0,0,1.0,1.0,1.0,1.0,1.0,0,0,1.0,1.0,1.0,1.0,1.0,0,0,1.0,1.0,1.0,1.0,1.0,0,0,1.0,1.0,1.0
volcanoes-a3,mlp-nosuite,0.9028871391076115,0.9996341633709566,1.0,1.0,0,0,1.0,1.0,,1.0,1.0,0,0,1.0,1.0,,1.0,1.0,0,0,1.0,1.0,,1.0,1.0,0,0,1.0,1.0,
volcanoes-a3,mlp-nosuite,0.9028871391076115,0.8715717713086881,1.0,1.0,0,0,1.0,0.9210526315789473,1.0,1.0,1.0,0,0,1.0,0.9210526315789473,1.0,1.0,1.0,0,0,1.0,0.9210526315789473,1.0,1.0,1.0,0,0,1.0,0.9210526315789473,1.0
volcanoes-a3,mlp-nosuite,0.9028871391076115,0.94351585572234,1.0,1.0,0,0,1.0,1.0,1.0,1.0,1.0,0,0,1.0,1.0,1.0,1.0,1.0,0,0,1.0,1.0,1.0,1.0,1.0,0,0,1.0,1.0,1.0
volcanoes-a3,mlp-nosuite,0.9028871391076115,0.9925145157060258,1.0,1.0,0,0,1.0,1.0,1.0,1.0,1.0,0,0,1.0,1.0,1.0,1.0,1.0,0,0,1.0,1.0,1.0,1.0,1.0,0,0,1.0,1.0,1.0
volcanoes-a3,mlp-nosuite,0.9028871391076115,0.7451412352749462,1.0,1.0,0,0,1.0,0.9736842105263158,,1.0,1.0,0,0,1.0,0.9736842105263158,,1.0,1.0,0,0,1.0,0.9736842105263158,,1.0,1.0,0,0,1.0,0.9736842105263158,
volcanoes-a3,mlp-nosuite,0.9028871391076115,0.9948759015605063,1.0,1.0,0,0,1.0,1.0,,1.0,1.0,0,0,1.0,1.0,,1.0,1.0,0,0,1.0,1.0,,1.0,1.0,0,0,1.0,1.0,
volcanoes-a3,mlp-nosuite,0.9028871391076115,0.9980710471788452,1.0,1.0,0,0,1.0,1.0,1.0,1.0,1.0,0,0,1.0,1.0,1.0,1.0,1.0,0,0,1.0,1.0,1.0,1.0,1.0,0,0,1.0,1.0,1.0
volcanoes-a3,mlp-nosuite,0.9028871391076115,0.3733548049251307,0.8157894736842105,0.6842105263157895,0,0,0.7631578947368421,0.8157894736842105,0.7631578947368421,0.8157894736842105,0.6842105263157895,0,0,0.7631578947368421,0.8157894736842105,0.7631578947368421,0.8157894736842105,0.6842105263157895,0,0,0.7631578947368421,0.8157894736842105,0.7631578947368421,0.8157894736842104,0.6842105263157895,0,0,0.7631578947368421,0.8157894736842104,0.7631578947368421
volcanoes-a3,mlp-nosuite,0.9028871391076115,0.996123193056777,1.0,1.0,0,0,1.0,1.0,1.0,1.0,1.0,0,0,1.0,1.0,1.0,1.0,1.0,0,0,1.0,1.0,1.0,1.0,1.0,0,0,1.0,1.0,1.0
volcanoes-a3,mlp-nosuite,0.9028871391076115,0.9984817514019426,1.0,1.0,0,0,1.0,0.7894736842105263,,1.0,1.0,0,0,1.0,0.7894736842105263,,1.0,1.0,0,0,1.0,0.7894736842105263,,1.0,1.0,0,0,1.0,0.7894736842105263,
volcanoes-a3,mlp-nosuite,0.9028871391076115,0.9643796453109553,1.0,1.0,0,0,1.0,0.9473684210526315,1.0,1.0,1.0,0,0,1.0,0.9473684210526315,1.0,1.0,1.0,0,0,1.0,0.9473684210526315,1.0,1.0,1.0,0,0,1.0,0.9473684210526315,1.0
volcanoes-a3,mlp-nosuite,0.9028871391076115,0.9972305584462509,1.0,1.0,0,0,1.0,1.0,,1.0,1.0,0,0,1.0,1.0,,1.0,1.0,0,0,1.0,1.0,,1.0,1.0,0,0,1.0,1.0,
volcanoes-a3,mlp-nosuite,0.9028871391076115,0.9894640972982238,1.0,1.0,0,0,1.0,1.0,1.0,1.0,1.0,0,0,1.0,1.0,1.0,1.0,1.0,0,0,1.0,1.0,1.0,1.0,1.0,0,0,1.0,1.0,1.0
volcanoes-a3,mlp-nosuite,0.9028871391076115,0.9942036378166053,1.0,1.0,0,0,1.0,0.5789473684210527,1.0,1.0,1.0,0,0,1.0,0.5789473684210527,1.0,1.0,1.0,0,0,1.0,0.5789473684210527,1.0,1.0,1.0,0,0,1.0,0.5789473684210527,1.0
volcanoes-a3,mlp-nosuite,0.9028871391076115,0.9986474951989138,1.0,1.0,0,0,1.0,1.0,,1.0,1.0,0,0,1.0,1.0,,1.0,1.0,0,0,1.0,1.0,,1.0,1.0,0,0,1.0,1.0,
volcanoes-a3,mlp-nosuite,0.9028871391076115,0.9888018631767314,1.0,1.0,0,0,1.0,1.0,,1.0,1.0,0,0,1.0,1.0,,1.0,1.0,0,0,1.0,1.0,,1.0,1.0,0,0,1.0,1.0,
volcanoes-a4,mlp-nosuite,0.9076517150395779,0.9982237351622875,1.0,1.0,0,0,1.0,0.7567567567567568,1.0,1.0,1.0,0,0,1.0,0.7567567567567568,1.0,1.0,1.0,0,0,1.0,0.7567567567567568,1.0,1.0,1.0,0,0,1.0,0.7567567567567567,1.0
volcanoes-a4,mlp-nosuite,0.9076517150395779,0.9868592422134926,1.0,1.0,0,0,1.0,1.0,,1.0,1.0,0,0,1.0,1.0,,1.0,1.0,0,0,1.0,1.0,,1.0,1.0,0,0,1.0,1.0,
volcanoes-a4,mlp-nosuite,0.9076517150395779,0.9793692092636617,1.0,1.0,0,0,1.0,1.0,1.0,1.0,1.0,0,0,1.0,1.0,1.0,1.0,1.0,0,0,1.0,1.0,1.0,1.0,1.0,0,0,1.0,1.0,1.0
volcanoes-a4,mlp-nosuite,0.9076517150395779,0.9925492927228277,1.0,1.0,0,0,1.0,,,1.0,1.0,0,0,1.0,,,1.0,1.0,0,0,1.0,,,1.0,1.0,0,0,1.0,,
volcanoes-a4,mlp-nosuite,0.9076517150395779,0.38711613432357367,0.8918918918918919,0.972972972972973,0,0,0.8648648648648649,0.7027027027027027,0.43243243243243246,0.8918918918918919,0.972972972972973,0,0,0.8648648648648649,0.7027027027027027,0.43243243243243246,0.8918918918918919,0.972972972972973,0,0,0.8648648648648649,0.7027027027027027,0.43243243243243246,0.8918918918918919,0.972972972972973,0,0,0.8648648648648649,0.7027027027027027,0.43243243243243246
volcanoes-a4,mlp-nosuite,0.9076517150395779,0.9905117656786773,1.0,1.0,0,0,1.0,1.0,1.0,1.0,1.0,0,0,1.0,1.0,1.0,1.0,1.0,0,0,1.0,1.0,1.0,1.0,1.0,0,0,1.0,1.0,1.0
volcanoes-a4,mlp-nosuite,0.9076517150395779,0.9017625557090915,0.972972972972973,1.0,0,0,1.0,0.8108108108108109,1.0,0.972972972972973,1.0,0,0,1.0,0.8108108108108109,1.0,0.972972972972973,1.0,0,0,1.0,0.8108108108108109,1.0,0.972972972972973,1.0,0,0,1.0,0.8108108108108109,1.0
volcanoes-a4,mlp-nosuite,0.9076517150395779,0.9605955433718233,1.0,1.0,0,0,1.0,1.0,1.0,1.0,1.0,0,0,1.0,1.0,1.0,1.0,1.0,0,0,1.0,1.0,1.0,1.0,1.0,0,0,1.0,1.0,1.0
volcanoes-a4,mlp-nosuite,0.9076517150395779,0.9766038332620056,1.0,1.0,0,0,1.0,1.0,1.0,1.0,1.0,0,0,1.0,1.0,1.0,1.0,1.0,0,0,1.0,1.0,1.0,1.0,1.0,0,0,1.0,1.0,1.0
volcanoes-a4,mlp-nosuite,0.9076517150395779,0.9990170662436518,1.0,1.0,0,0,1.0,1.0,,1.0,1.0,0,0,1.0,1.0,,1.0,1.0,0,0,1.0,1.0,,1.0,1.0,0,0,1.0,1.0,
volcanoes-a4,mlp-nosuite,0.9076517150395779,0.9941668574049716,1.0,1.0,0,0,1.0,1.0,,1.0,1.0,0,0,1.0,1.0,,1.0,1.0,0,0,1.0,1.0,,1.0,1.0,0,0,1.0,1.0,
volcanoes-a4,mlp-nosuite,0.9076517150395779,0.9965173020455977,1.0,1.0,0,0,1.0,1.0,,1.0,1.0,0,0,1.0,1.0,,1.0,1.0,0,0,1.0,1.0,,1.0,1.0,0,0,1.0,1.0,
volcanoes-a4,mlp-nosuite,0.9076517150395779,0.9976893068999575,1.0,1.0,0,0,1.0,1.0,1.0,1.0,1.0,0,0,1.0,1.0,1.0,1.0,1.0,0,0,1.0,1.0,1.0,1.0,1.0,0,0,1.0,1.0,1.0
volcanoes-a4,mlp-nosuite,0.9076517150395779,0.9942945628385534,1.0,1.0,0,0,1.0,1.0,,1.0,1.0,0,0,1.0,1.0,,1.0,1.0,0,0,1.0,1.0,,1.0,1.0,0,0,1.0,1.0,
volcanoes-a4,mlp-nosuite,0.9076517150395779,0.9935330330398007,1.0,1.0,0,0,1.0,1.0,1.0,1.0,1.0,0,0,1.0,1.0,1.0,1.0,1.0,0,0,1.0,1.0,1.0,1.0,1.0,0,0,1.0,1.0,1.0
volcanoes-a4,mlp-nosuite,0.9076517150395779,0.9978857074854071,1.0,1.0,0,0,1.0,1.0,1.0,1.0,1.0,0,0,1.0,1.0,1.0,1.0,1.0,0,0,1.0,1.0,1.0,1.0,1.0,0,0,1.0,1.0,1.0
volcanoes-a4,mlp-nosuite,0.9076517150395779,0.997795538096774,1.0,1.0,0,0,1.0,0.4864864864864865,,1.0,1.0,0,0,1.0,0.4864864864864865,,1.0,1.0,0,0,1.0,0.4864864864864865,,1.0,1.0,0,0,1.0,0.4864864864864865,
volcanoes-a4,mlp-nosuite,0.9076517150395779,0.9874586337872647,1.0,1.0,0,0,1.0,1.0,,1.0,1.0,0,0,1.0,1.0,,1.0,1.0,0,0,1.0,1.0,,1.0,1.0,0,0,1.0,1.0,
volcanoes-a4,mlp-nosuite,0.9076517150395779,0.985457208703564,1.0,1.0,0,0,1.0,1.0,1.0,1.0,1.0,0,0,1.0,1.0,1.0,1.0,1.0,0,0,1.0,1.0,1.0,1.0,1.0,0,0,1.0,1.0,1.0
volcanoes-a4,mlp-nosuite,0.9076517150395779,0.9899449317054138,1.0,1.0,0,0,1.0,0.7837837837837838,,1.0,1.0,0,0,1.0,0.7837837837837838,,1.0,1.0,0,0,1.0,0.7837837837837838,,1.0,1.0,0,0,1.0,0.7837837837837838,
volcanoes-a4,mlp-nosuite,0.9076517150395779,0.43250291313523914,0.8918918918918919,0.8648648648648649,0,0,0.7297297297297297,0.8378378378378378,0.8918918918918919,0.8918918918918919,0.8648648648648649,0,0,0.7297297297297297,0.8378378378378378,0.8918918918918919,0.8918918918918919,0.8648648648648649,0,0,0.7297297297297297,0.8378378378378378,0.8918918918918919,0.8918918918918919,0.8648648648648649,0,0,0.7297297297297297,0.8378378378378378,0.8918918918918919
volcanoes-a4,mlp-nosuite,0.9076517150395779,0.995872538588616,1.0,1.0,0,0,1.0,1.0,,1.0,1.0,0,0,1.0,1.0,,1.0,1.0,0,0,1.0,1.0,,1.0,1.0,0,0,1.0,1.0,
volcanoes-a4,mlp-nosuite,0.9076517150395779,0.9968118560076695,1.0,1.0,0,0,1.0,1.0,,1.0,1.0,0,0,1.0,1.0,,1.0,1.0,0,0,1.0,1.0,,1.0,1.0,0,0,1.0,1.0,
volcanoes-a4,mlp-nosuite,0.9076517150395779,0.5963894227556987,0.972972972972973,0.972972972972973,0,0,0.9459459459459459,0.7837837837837838,0.9459459459459459,0.972972972972973,0.972972972972973,0,0,0.9459459459459459,0.7837837837837838,0.9459459459459459,0.972972972972973,0.972972972972973,0,0,0.9459459459459459,0.7837837837837838,0.9459459459459459,0.972972972972973,0.972972972972973,0,0,0.9459459459459459,0.7837837837837838,0.9459459459459459
volcanoes-a4,mlp-nosuite,0.9076517150395779,0.9900739926608774,1.0,1.0,0,0,1.0,1.0,,1.0,1.0,0,0,1.0,1.0,,1.0,1.0,0,0,1.0,1.0,,1.0,1.0,0,0,1.0,1.0,
volcanoes-a4,mlp-nosuite,0.9076517150395779,0.990863310025264,1.0,1.0,0,0,1.0,1.0,,1.0,1.0,0,0,1.0,1.0,,1.0,1.0,0,0,1.0,1.0,,1.0,1.0,0,0,1.0,1.0,
volcanoes-a4,mlp-nosuite,0.9076517150395779,0.9704753926245728,1.0,1.0,0,0,1.0,1.0,1.0,1.0,1.0,0,0,1.0,1.0,1.0,1.0,1.0,0,0,1.0,1.0,1.0,1.0,1.0,0,0,1.0,1.0,1.0
volcanoes-a4,mlp-nosuite,0.9076517150395779,0.9963477722955534,1.0,1.0,0,0,1.0,1.0,,1.0,1.0,0,0,1.0,1.0,,1.0,1.0,0,0,1.0,1.0,,1.0,1.0,0,0,1.0,1.0,
volcanoes-a4,mlp-nosuite,0.9076517150395779,0.9603807830492438,1.0,1.0,0,0,1.0,1.0,,1.0,1.0,0,0,1.0,1.0,,1.0,1.0,0,0,1.0,1.0,,1.0,1.0,0,0,1.0,1.0,
volcanoes-a4,mlp-nosuite,0.9076517150395779,0.9908337864124289,1.0,1.0,0,0,1.0,1.0,1.0,1.0,1.0,0,0,1.0,1.0,1.0,1.0,1.0,0,0,1.0,1.0,1.0,1.0,1.0,0,0,1.0,1.0,1.0
volcanoes-a4,mlp-nosuite,0.9076517150395779,0.774236131838462,1.0,1.0,0,0,1.0,1.0,1.0,1.0,1.0,0,0,1.0,1.0,1.0,1.0,1.0,0,0,1.0,1.0,1.0,1.0,1.0,0,0,1.0,1.0,1.0
volcanoes-a4,mlp-nosuite,0.9076517150395779,0.954364802516309,1.0,1.0,0,0,1.0,1.0,1.0,1.0,1.0,0,0,1.0,1.0,1.0,1.0,1.0,0,0,1.0,1.0,1.0,1.0,1.0,0,0,1.0,1.0,1.0
volcanoes-a4,mlp-nosuite,0.9076517150395779,0.28854993984188754,0.918918918918919,0.9459459459459459,0,0,0.8648648648648649,0.8648648648648649,0.8918918918918919,0.918918918918919,0.9459459459459459,0,0,0.8648648648648649,0.8648648648648649,0.8918918918918919,0.918918918918919,0.9459459459459459,0,0,0.8648648648648649,0.8648648648648649,0.8918918918918919,0.918918918918919,0.9459459459459459,0,0,0.8648648648648649,0.8648648648648649,0.8918918918918919
volcanoes-a4,mlp-nosuite,0.9076517150395779,0.9623188095561716,1.0,1.0,0,0,1.0,,,1.0,1.0,0,0,1.0,,,1.0,1.0,0,0,1.0,,,1.0,1.0,0,0,1.0,,
volcanoes-a4,mlp-nosuite,0.9076517150395779,0.9919798137016846,1.0,1.0,0,0,1.0,0.918918918918919,,1.0,1.0,0,0,1.0,0.918918918918919,,1.0,1.0,0,0,1.0,0.918918918918919,,1.0,1.0,0,0,1.0,0.918918918918919,
volcanoes-a4,mlp-nosuite,0.9076517150395779,0.9959039504815115,1.0,1.0,0,0,1.0,1.0,1.0,1.0,1.0,0,0,1.0,1.0,1.0,1.0,1.0,0,0,1.0,1.0,1.0,1.0,1.0,0,0,1.0,1.0,1.0
volcanoes-a4,mlp-nosuite,0.9076517150395779,0.9345278819478242,1.0,1.0,0,0,1.0,1.0,,1.0,1.0,0,0,1.0,1.0,,1.0,1.0,0,0,1.0,1.0,,1.0,1.0,0,0,1.0,1.0,
volcanoes-a4,mlp-nosuite,0.9076517150395779,0.9890613977648739,1.0,1.0,0,0,1.0,1.0,1.0,1.0,1.0,0,0,1.0,1.0,1.0,1.0,1.0,0,0,1.0,1.0,1.0,1.0,1.0,0,0,1.0,1.0,1.0
volcanoes-a4,mlp-nosuite,0.9076517150395779,0.5472253447623249,0.972972972972973,1.0,0,0,0.972972972972973,0.8108108108108109,0.972972972972973,0.972972972972973,1.0,0,0,0.972972972972973,0.8108108108108109,0.972972972972973,0.972972972972973,1.0,0,0,0.972972972972973,0.8108108108108109,0.972972972972973,0.972972972972973,1.0,0,0,0.972972972972973,0.8108108108108109,0.972972972972973
volcanoes-a4,mlp-nosuite,0.9076517150395779,0.9386934105537443,1.0,1.0,0,0,1.0,1.0,1.0,1.0,1.0,0,0,1.0,1.0,1.0,1.0,1.0,0,0,1.0,1.0,1.0,1.0,1.0,0,0,1.0,1.0,1.0
volcanoes-a4,mlp-nosuite,0.9076517150395779,0.9836638498042811,1.0,1.0,0,0,1.0,1.0,,1.0,1.0,0,0,1.0,1.0,,1.0,1.0,0,0,1.0,1.0,,1.0,1.0,0,0,1.0,1.0,
volcanoes-a4,mlp-nosuite,0.9076517150395779,0.9782460398911869,1.0,1.0,0,0,1.0,0.9459459459459459,,1.0,1.0,0,0,1.0,0.9459459459459459,,1.0,1.0,0,0,1.0,0.9459459459459459,,1.0,1.0,0,0,1.0,0.9459459459459459,
volcanoes-a4,mlp-nosuite,0.9076517150395779,0.9847599639867182,1.0,1.0,0,0,1.0,1.0,1.0,1.0,1.0,0,0,1.0,1.0,1.0,1.0,1.0,0,0,1.0,1.0,1.0,1.0,1.0,0,0,1.0,1.0,1.0
volcanoes-a4,mlp-nosuite,0.9076517150395779,0.968794620602702,1.0,1.0,0,0,1.0,0.8918918918918919,1.0,1.0,1.0,0,0,1.0,0.8918918918918919,1.0,1.0,1.0,0,0,1.0,0.8918918918918919,1.0,1.0,1.0,0,0,1.0,0.8918918918918919,1.0
volcanoes-a4,mlp-nosuite,0.9076517150395779,0.9814658422255714,1.0,1.0,0,0,1.0,1.0,1.0,1.0,1.0,0,0,1.0,1.0,1.0,1.0,1.0,0,0,1.0,1.0,1.0,1.0,1.0,0,0,1.0,1.0,1.0
volcanoes-a4,mlp-nosuite,0.9076517150395779,0.8884998423999334,1.0,1.0,0,0,1.0,1.0,1.0,1.0,1.0,0,0,1.0,1.0,1.0,1.0,1.0,0,0,1.0,1.0,1.0,1.0,1.0,0,0,1.0,1.0,1.0
volcanoes-a4,mlp-nosuite,0.9076517150395779,0.9974520747877116,1.0,1.0,0,0,1.0,,1.0,1.0,1.0,0,0,1.0,,1.0,1.0,1.0,0,0,1.0,,1.0,1.0,1.0,0,0,1.0,,1.0
volcanoes-e1,mlp-nosuite,0.918918918918919,0.9990146559100397,1.0,1.0,0,0,1.0,,,1.0,1.0,0,0,1.0,,,1.0,1.0,0,0,1.0,,,1.0,1.0,0,0,1.0,,
volcanoes-e1,mlp-nosuite,0.918918918918919,0.9887054720853641,1.0,1.0,0,0,1.0,,,1.0,1.0,0,0,1.0,,,1.0,1.0,0,0,1.0,,,1.0,1.0,0,0,1.0,,
volcanoes-e1,mlp-nosuite,0.918918918918919,0.9981906598023639,1.0,1.0,0,0,1.0,,,1.0,1.0,0,0,1.0,,,1.0,1.0,0,0,1.0,,,1.0,1.0,0,0,1.0,,
volcanoes-e1,mlp-nosuite,0.918918918918919,0.998856031403498,1.0,1.0,0,0,1.0,,,1.0,1.0,0,0,1.0,,,1.0,1.0,0,0,1.0,,,1.0,1.0,0,0,1.0,,
volcanoes-e1,mlp-nosuite,0.918918918918919,0.9988387896851688,1.0,1.0,0,0,1.0,,,1.0,1.0,0,0,1.0,,,1.0,1.0,0,0,1.0,,,1.0,1.0,0,0,1.0,,
volcanoes-e1,mlp-nosuite,0.918918918918919,0.7305801894128724,0.9655172413793104,0.9655172413793104,0,0,0.9655172413793104,,,0.9655172413793104,0.9655172413793104,0,0,0.9655172413793104,,,0.9655172413793104,0.9655172413793104,0,0,0.9655172413793104,,,0.9655172413793104,0.9655172413793104,0,0,0.9655172413793104,,
volcanoes-e1,mlp-nosuite,0.918918918918919,0.9974902908239451,1.0,1.0,0,0,1.0,,,1.0,1.0,0,0,1.0,,,1.0,1.0,0,0,1.0,,,1.0,1.0,0,0,1.0,,
volcanoes-e1,mlp-nosuite,0.918918918918919,0.946742782054873,1.0,1.0,0,0,1.0,,,1.0,1.0,0,0,1.0,,,1.0,1.0,0,0,1.0,,,1.0,1.0,0,0,1.0,,
volcanoes-e1,mlp-nosuite,0.918918918918919,0.9915968908790564,1.0,1.0,0,0,1.0,,,1.0,1.0,0,0,1.0,,,1.0,1.0,0,0,1.0,,,1.0,1.0,0,0,1.0,,
volcanoes-e1,mlp-nosuite,0.918918918918919,0.8410976226856158,1.0,1.0,0,0,1.0,,,1.0,1.0,0,0,1.0,,,1.0,1.0,0,0,1.0,,,1.0,1.0,0,0,1.0,,
volcanoes-e1,mlp-nosuite,0.918918918918919,0.9824611841416511,1.0,1.0,0,0,1.0,,,1.0,1.0,0,0,1.0,,,1.0,1.0,0,0,1.0,,,1.0,1.0,0,0,1.0,,
volcanoes-e1,mlp-nosuite,0.918918918918919,0.8819726473663048,1.0,1.0,0,0,1.0,,,1.0,1.0,0,0,1.0,,,1.0,1.0,0,0,1.0,,,1.0,1.0,0,0,1.0,,
volcanoes-e1,mlp-nosuite,0.918918918918919,0.9694173682350252,1.0,1.0,0,0,1.0,,,1.0,1.0,0,0,1.0,,,1.0,1.0,0,0,1.0,,,1.0,1.0,0,0,1.0,,
volcanoes-e1,mlp-nosuite,0.918918918918919,0.7482696019319227,1.0,1.0,0,0,1.0,,,1.0,1.0,0,0,1.0,,,1.0,1.0,0,0,1.0,,,1.0,1.0,0,0,1.0,,
volcanoes-e1,mlp-nosuite,0.918918918918919,0.9520506774695735,1.0,1.0,0,0,1.0,,,1.0,1.0,0,0,1.0,,,1.0,1.0,0,0,1.0,,,1.0,1.0,0,0,1.0,,
volcanoes-e1,mlp-nosuite,0.918918918918919,0.9873355869672665,1.0,1.0,0,0,1.0,,,1.0,1.0,0,0,1.0,,,1.0,1.0,0,0,1.0,,,1.0,1.0,0,0,1.0,,
volcanoes-e1,mlp-nosuite,0.918918918918919,0.9433236679582749,1.0,1.0,0,0,1.0,,,1.0,1.0,0,0,1.0,,,1.0,1.0,0,0,1.0,,,1.0,1.0,0,0,1.0,,
volcanoes-e1,mlp-nosuite,0.918918918918919,0.9867613050504636,1.0,1.0,0,0,1.0,,,1.0,1.0,0,0,1.0,,,1.0,1.0,0,0,1.0,,,1.0,1.0,0,0,1.0,,
volcanoes-e1,mlp-nosuite,0.918918918918919,0.8679882206369295,1.0,1.0,0,0,1.0,,,1.0,1.0,0,0,1.0,,,1.0,1.0,0,0,1.0,,,1.0,1.0,0,0,1.0,,
volcanoes-e1,mlp-nosuite,0.918918918918919,0.5912021688918155,0.9310344827586207,0.9655172413793104,0,0,0.9655172413793104,,0.9655172413793104,0.9310344827586207,0.9655172413793104,0,0,0.9655172413793104,,0.9655172413793104,0.9310344827586207,0.9655172413793104,0,0,0.9655172413793104,,0.9655172413793104,0.9310344827586207,0.9655172413793104,0,0,0.9655172413793104,,0.9655172413793104
volcanoes-e1,mlp-nosuite,0.918918918918919,0.8860541755061789,1.0,1.0,0,0,1.0,,,1.0,1.0,0,0,1.0,,,1.0,1.0,0,0,1.0,,,1.0,1.0,0,0,1.0,,
volcanoes-e1,mlp-nosuite,0.918918918918919,0.998344566372766,1.0,1.0,0,0,1.0,,,1.0,1.0,0,0,1.0,,,1.0,1.0,0,0,1.0,,,1.0,1.0,0,0,1.0,,
volcanoes-e1,mlp-nosuite,0.918918918918919,0.9487177384937167,1.0,1.0,0,0,1.0,,,1.0,1.0,0,0,1.0,,,1.0,1.0,0,0,1.0,,,1.0,1.0,0,0,1.0,,
volcanoes-e1,mlp-nosuite,0.918918918918919,0.9019527658372608,1.0,1.0,0,0,1.0,,,1.0,1.0,0,0,1.0,,,1.0,1.0,0,0,1.0,,,1.0,1.0,0,0,1.0,,
volcanoes-e1,mlp-nosuite,0.918918918918919,0.6688183046856834,1.0,1.0,0,0,1.0,,,1.0,1.0,0,0,1.0,,,1.0,1.0,0,0,1.0,,,1.0,1.0,0,0,1.0,,
volcanoes-e1,mlp-nosuite,0.918918918918919,0.9990708599183411,1.0,1.0,0,0,1.0,,,1.0,1.0,0,0,1.0,,,1.0,1.0,0,0,1.0,,,1.0,1.0,0,0,1.0,,
volcanoes-e1,mlp-nosuite,0.918918918918919,0.9967541504770164,1.0,1.0,0,0,1.0,,,1.0,1.0,0,0,1.0,,,1.0,1.0,0,0,1.0,,,1.0,1.0,0,0,1.0,,
volcanoes-e1,mlp-nosuite,0.918918918918919,0.9822582643507728,1.0,1.0,0,0,1.0,,,1.0,1.0,0,0,1.0,,,1.0,1.0,0,0,1.0,,,1.0,1.0,0,0,1.0,,
volcanoes-e1,mlp-nosuite,0.918918918918919,0.9174268374430303,1.0,1.0,0,0,1.0,,,1.0,1.0,0,0,1.0,,,1.0,1.0,0,0,1.0,,,1.0,1.0,0,0,1.0,,
volcanoes-e1,mlp-nosuite,0.918918918918919,0.8057211538724937,1.0,1.0,0,0,1.0,,,1.0,1.0,0,0,1.0,,,1.0,1.0,0,0,1.0,,,1.0,1.0,0,0,1.0,,
volcanoes-e1,mlp-nosuite,0.918918918918919,0.8509239764987772,1.0,1.0,0,0,1.0,,,1.0,1.0,0,0,1.0,,,1.0,1.0,0,0,1.0,,,1.0,1.0,0,0,1.0,,
volcanoes-e1,mlp-nosuite,0.918918918918919,0.935716588292289,1.0,1.0,0,0,1.0,,,1.0,1.0,0,0,1.0,,,1.0,1.0,0,0,1.0,,,1.0,1.0,0,0,1.0,,
volcanoes-e1,mlp-nosuite,0.918918918918919,0.9935916253780659,1.0,1.0,0,0,1.0,,,1.0,1.0,0,0,1.0,,,1.0,1.0,0,0,1.0,,,1.0,1.0,0,0,1.0,,
volcanoes-e1,mlp-nosuite,0.918918918918919,0.7881970042122027,1.0,1.0,0,0,1.0,,,1.0,1.0,0,0,1.0,,,1.0,1.0,0,0,1.0,,,1.0,1.0,0,0,1.0,,
volcanoes-e1,mlp-nosuite,0.918918918918919,0.636415725010704,1.0,1.0,0,0,1.0,,,1.0,1.0,0,0,1.0,,,1.0,1.0,0,0,1.0,,,1.0,1.0,0,0,1.0,,
volcanoes-e1,mlp-nosuite,0.918918918918919,0.9661235342550972,1.0,1.0,0,0,1.0,,,1.0,1.0,0,0,1.0,,,1.0,1.0,0,0,1.0,,,1.0,1.0,0,0,1.0,,
volcanoes-e1,mlp-nosuite,0.918918918918919,0.9730397852658135,1.0,1.0,0,0,1.0,,,1.0,1.0,0,0,1.0,,,1.0,1.0,0,0,1.0,,,1.0,1.0,0,0,1.0,,
volcanoes-e1,mlp-nosuite,0.918918918918919,0.9938152433697517,1.0,1.0,0,0,1.0,,,1.0,1.0,0,0,1.0,,,1.0,1.0,0,0,1.0,,,1.0,1.0,0,0,1.0,,
volcanoes-e1,mlp-nosuite,0.918918918918919,0.834393379380197,1.0,1.0,0,0,1.0,,,1.0,1.0,0,0,1.0,,,1.0,1.0,0,0,1.0,,,1.0,1.0,0,0,1.0,,
volcanoes-e1,mlp-nosuite,0.918918918918919,0.6223688569427445,1.0,1.0,0,0,1.0,,,1.0,1.0,0,0,1.0,,,1.0,1.0,0,0,1.0,,,1.0,1.0,0,0,1.0,,
volcanoes-e1,mlp-nosuite,0.918918918918919,0.9926350892005573,1.0,1.0,0,0,1.0,,,1.0,1.0,0,0,1.0,,,1.0,1.0,0,0,1.0,,,1.0,1.0,0,0,1.0,,
volcanoes-e1,mlp-nosuite,0.918918918918919,0.9262888360598285,1.0,1.0,0,0,1.0,,,1.0,1.0,0,0,1.0,,,1.0,1.0,0,0,1.0,,,1.0,1.0,0,0,1.0,,
volcanoes-e1,mlp-nosuite,0.918918918918919,0.9853001169482463,1.0,1.0,0,0,1.0,,,1.0,1.0,0,0,1.0,,,1.0,1.0,0,0,1.0,,,1.0,1.0,0,0,1.0,,
volcanoes-e1,mlp-nosuite,0.918918918918919,0.9977333814997992,1.0,1.0,0,0,1.0,,,1.0,1.0,0,0,1.0,,,1.0,1.0,0,0,1.0,,,1.0,1.0,0,0,1.0,,
volcanoes-e1,mlp-nosuite,0.918918918918919,0.5302986372477703,1.0,1.0,0,0,1.0,,,1.0,1.0,0,0,1.0,,,1.0,1.0,0,0,1.0,,,1.0,1.0,0,0,1.0,,
volcanoes-e1,mlp-nosuite,0.918918918918919,0.9879811553309106,1.0,1.0,0,0,1.0,,,1.0,1.0,0,0,1.0,,,1.0,1.0,0,0,1.0,,,1.0,1.0,0,0,1.0,,
volcanoes-e1,mlp-nosuite,0.918918918918919,0.962062697630063,1.0,1.0,0,0,1.0,,1.0,1.0,1.0,0,0,1.0,,1.0,1.0,1.0,0,0,1.0,,1.0,1.0,1.0,0,0,1.0,,1.0
volcanoes-e1,mlp-nosuite,0.918918918918919,0.9805325652165897,1.0,1.0,0,0,1.0,,,1.0,1.0,0,0,1.0,,,1.0,1.0,0,0,1.0,,,1.0,1.0,0,0,1.0,,
volcanoes-e1,mlp-nosuite,0.918918918918919,0.9795932315164706,1.0,1.0,0,0,1.0,,,1.0,1.0,0,0,1.0,,,1.0,1.0,0,0,1.0,,,1.0,1.0,0,0,1.0,,
volcanoes-e1,mlp-nosuite,0.918918918918919,0.9893628623422446,1.0,1.0,0,0,1.0,,,1.0,1.0,0,0,1.0,,,1.0,1.0,0,0,1.0,,,1.0,1.0,0,0,1.0,,
volcanoes-e3,mlp-nosuite,0.928125,0.9892707542583793,1.0,1.0,0,0,1.0,,,1.0,1.0,0,0,1.0,,,1.0,1.0,0,0,1.0,,,1.0,1.0,0,0,1.0,,
volcanoes-e3,mlp-nosuite,0.928125,0.7575712506568385,1.0,1.0,0,0,1.0,,,1.0,1.0,0,0,1.0,,,1.0,1.0,0,0,1.0,,,1.0,1.0,0,0,1.0,,
volcanoes-e3,mlp-nosuite,0.928125,0.9917892331910868,1.0,1.0,0,0,1.0,,,1.0,1.0,0,0,1.0,,,1.0,1.0,0,0,1.0,,,1.0,1.0,0,0,1.0,,
volcanoes-e3,mlp-nosuite,0.928125,0.9962233346293773,1.0,1.0,0,0,1.0,,,1.0,1.0,0,0,1.0,,,1.0,1.0,0,0,1.0,,,1.0,1.0,0,0,1.0,,
volcanoes-e3,mlp-nosuite,0.928125,0.8771453623585865,1.0,1.0,0,0,1.0,,,1.0,1.0,0,0,1.0,,,1.0,1.0,0,0,1.0,,,1.0,1.0,0,0,1.0,,
volcanoes-e3,mlp-nosuite,0.928125,0.9709335759883375,1.0,1.0,0,0,1.0,,1.0,1.0,1.0,0,0,1.0,,1.0,1.0,1.0,0,0,1.0,,1.0,1.0,1.0,0,0,1.0,,1.0
volcanoes-e3,mlp-nosuite,0.928125,0.7503885824608446,1.0,1.0,0,0,1.0,,,1.0,1.0,0,0,1.0,,,1.0,1.0,0,0,1.0,,,1.0,1.0,0,0,1.0,,
volcanoes-e3,mlp-nosuite,0.928125,0.9548398743559148,1.0,1.0,0,0,1.0,,,1.0,1.0,0,0,1.0,,,1.0,1.0,0,0,1.0,,,1.0,1.0,0,0,1.0,,
volcanoes-e3,mlp-nosuite,0.928125,0.9606162057880053,1.0,1.0,0,0,1.0,,,1.0,1.0,0,0,1.0,,,1.0,1.0,0,0,1.0,,,1.0,1.0,0,0,1.0,,
volcanoes-e3,mlp-nosuite,0.928125,0.627245460709118,1.0,1.0,0,0,1.0,,,1.0,1.0,0,0,1.0,,,1.0,1.0,0,0,1.0,,,1.0,1.0,0,0,1.0,,
volcanoes-e3,mlp-nosuite,0.928125,0.9976453892625607,1.0,1.0,0,0,1.0,,,1.0,1.0,0,0,1.0,,,1.0,1.0,0,0,1.0,,,1.0,1.0,0,0,1.0,,
volcanoes-e3,mlp-nosuite,0.928125,0.9043672523640722,1.0,1.0,0,0,1.0,,,1.0,1.0,0,0,1.0,,,1.0,1.0,0,0,1.0,,,1.0,1.0,0,0,1.0,,
volcanoes-e3,mlp-nosuite,0.928125,0.9844628390327433,1.0,1.0,0,0,1.0,,,1.0,1.0,0,0,1.0,,,1.0,1.0,0,0,1.0,,,1.0,1.0,0,0,1.0,,
volcanoes-e3,mlp-nosuite,0.928125,0.9729194139010637,1.0,1.0,0,0,1.0,,,1.0,1.0,0,0,1.0,,,1.0,1.0,0,0,1.0,,,1.0,1.0,0,0,1.0,,
volcanoes-e3,mlp-nosuite,0.928125,0.9738914417542718,1.0,1.0,0,0,1.0,,,1.0,1.0,0,0,1.0,,,1.0,1.0,0,0,1.0,,,1.0,1.0,0,0,1.0,,
volcanoes-e3,mlp-nosuite,0.928125,0.9982598763394324,1.0,1.0,0,0,1.0,,1.0,1.0,1.0,0,0,1.0,,1.0,1.0,1.0,0,0,1.0,,1.0,1.0,1.0,0,0,1.0,,1.0
volcanoes-e3,mlp-nosuite,0.928125,0.98767353153252,1.0,1.0,0,0,1.0,,,1.0,1.0,0,0,1.0,,,1.0,1.0,0,0,1.0,,,1.0,1.0,0,0,1.0,,
volcanoes-e3,mlp-nosuite,0.928125,0.813012277960032,1.0,1.0,0,0,1.0,,,1.0,1.0,0,0,1.0,,,1.0,1.0,0,0,1.0,,,1.0,1.0,0,0,1.0,,
volcanoes-e3,mlp-nosuite,0.928125,0.954561011518654,1.0,1.0,0,0,1.0,,,1.0,1.0,0,0,1.0,,,1.0,1.0,0,0,1.0,,,1.0,1.0,0,0,1.0,,
volcanoes-e3,mlp-nosuite,0.928125,0.9901271666353979,1.0,1.0,0,0,1.0,,,1.0,1.0,0,0,1.0,,,1.0,1.0,0,0,1.0,,,1.0,1.0,0,0,1.0,,
volcanoes-e3,mlp-nosuite,0.928125,0.973633096381923,1.0,1.0,0,0,1.0,,,1.0,1.0,0,0,1.0,,,1.0,1.0,0,0,1.0,,,1.0,1.0,0,0,1.0,,
volcanoes-e3,mlp-nosuite,0.928125,0.9839231080526765,1.0,1.0,0,0,1.0,,,1.0,1.0,0,0,1.0,,,1.0,1.0,0,0,1.0,,,1.0,1.0,0,0,1.0,,
volcanoes-e3,mlp-nosuite,0.928125,0.9805324583565673,1.0,1.0,0,0,1.0,,,1.0,1.0,0,0,1.0,,,1.0,1.0,0,0,1.0,,,1.0,1.0,0,0,1.0,,
volcanoes-e3,mlp-nosuite,0.928125,0.945113704386381,1.0,1.0,0,0,1.0,,,1.0,1.0,0,0,1.0,,,1.0,1.0,0,0,1.0,,,1.0,1.0,0,0,1.0,,
volcanoes-e3,mlp-nosuite,0.928125,0.9039677350386747,1.0,1.0,0,0,1.0,,,1.0,1.0,0,0,1.0,,,1.0,1.0,0,0,1.0,,,1.0,1.0,0,0,1.0,,
volcanoes-e3,mlp-nosuite,0.928125,0.9957939043303504,1.0,1.0,0,0,1.0,,,1.0,1.0,0,0,1.0,,,1.0,1.0,0,0,1.0,,,1.0,1.0,0,0,1.0,,
volcanoes-e3,mlp-nosuite,0.928125,0.966192177029734,1.0,1.0,0,0,1.0,,,1.0,1.0,0,0,1.0,,,1.0,1.0,0,0,1.0,,,1.0,1.0,0,0,1.0,,
volcanoes-e3,mlp-nosuite,0.928125,0.7116421086480984,1.0,1.0,0,0,1.0,,,1.0,1.0,0,0,1.0,,,1.0,1.0,0,0,1.0,,,1.0,1.0,0,0,1.0,,
volcanoes-e3,mlp-nosuite,0.928125,0.99164754718807,1.0,1.0,0,0,1.0,,,1.0,1.0,0,0,1.0,,,1.0,1.0,0,0,1.0,,,1.0,1.0,0,0,1.0,,
volcanoes-e3,mlp-nosuite,0.928125,0.9878115925308092,1.0,1.0,0,0,1.0,,,1.0,1.0,0,0,1.0,,,1.0,1.0,0,0,1.0,,,1.0,1.0,0,0,1.0,,
volcanoes-e3,mlp-nosuite,0.928125,0.6910608872376509,1.0,1.0,0,0,1.0,,,1.0,1.0,0,0,1.0,,,1.0,1.0,0,0,1.0,,,1.0,1.0,0,0,1.0,,
volcanoes-e3,mlp-nosuite,0.928125,0.9806701438048557,1.0,1.0,0,0,1.0,,,1.0,1.0,0,0,1.0,,,1.0,1.0,0,0,1.0,,,1.0,1.0,0,0,1.0,,
volcanoes-e3,mlp-nosuite,0.928125,0.9894333799840711,1.0,1.0,0,0,1.0,,,1.0,1.0,0,0,1.0,,,1.0,1.0,0,0,1.0,,,1.0,1.0,0,0,1.0,,
volcanoes-e3,mlp-nosuite,0.928125,0.9710372655677888,1.0,1.0,0,0,1.0,,,1.0,1.0,0,0,1.0,,,1.0,1.0,0,0,1.0,,,1.0,1.0,0,0,1.0,,
volcanoes-e3,mlp-nosuite,0.928125,0.9968309785499465,1.0,1.0,0,0,1.0,,,1.0,1.0,0,0,1.0,,,1.0,1.0,0,0,1.0,,,1.0,1.0,0,0,1.0,,
volcanoes-e3,mlp-nosuite,0.928125,0.9967938041972328,1.0,1.0,0,0,1.0,,,1.0,1.0,0,0,1.0,,,1.0,1.0,0,0,1.0,,,1.0,1.0,0,0,1.0,,
volcanoes-e3,mlp-nosuite,0.928125,0.9965653672694528,1.0,1.0,0,0,1.0,,,1.0,1.0,0,0,1.0,,,1.0,1.0,0,0,1.0,,,1.0,1.0,0,0,1.0,,
volcanoes-e3,mlp-nosuite,0.928125,0.9752017896626626,1.0,1.0,0,0,1.0,,,1.0,1.0,0,0,1.0,,,1.0,1.0,0,0,1.0,,,1.0,1.0,0,0,1.0,,
volcanoes-e3,mlp-nosuite,0.928125,0.990742670260493,1.0,1.0,0,0,1.0,,,1.0,1.0,0,0,1.0,,,1.0,1.0,0,0,1.0,,,1.0,1.0,0,0,1.0,,
volcanoes-e3,mlp-nosuite,0.928125,0.9831457624833377,1.0,1.0,0,0,1.0,,,1.0,1.0,0,0,1.0,,,1.0,1.0,0,0,1.0,,,1.0,1.0,0,0,1.0,,
volcanoes-e3,mlp-nosuite,0.928125,0.9815614390971699,1.0,1.0,0,0,1.0,,,1.0,1.0,0,0,1.0,,,1.0,1.0,0,0,1.0,,,1.0,1.0,0,0,1.0,,
volcanoes-e3,mlp-nosuite,0.928125,0.6637262716039133,1.0,1.0,0,0,1.0,,,1.0,1.0,0,0,1.0,,,1.0,1.0,0,0,1.0,,,1.0,1.0,0,0,1.0,,
volcanoes-e3,mlp-nosuite,0.928125,0.9801176565334113,1.0,1.0,0,0,1.0,,,1.0,1.0,0,0,1.0,,,1.0,1.0,0,0,1.0,,,1.0,1.0,0,0,1.0,,
volcanoes-e3,mlp-nosuite,0.928125,0.9859402009235966,1.0,1.0,0,0,1.0,,,1.0,1.0,0,0,1.0,,,1.0,1.0,0,0,1.0,,,1.0,1.0,0,0,1.0,,
volcanoes-e3,mlp-nosuite,0.928125,0.9976998136841754,1.0,1.0,0,0,1.0,,,1.0,1.0,0,0,1.0,,,1.0,1.0,0,0,1.0,,,1.0,1.0,0,0,1.0,,
volcanoes-e3,mlp-nosuite,0.928125,0.9660058073314898,1.0,1.0,0,0,1.0,,1.0,1.0,1.0,0,0,1.0,,1.0,1.0,1.0,0,0,1.0,,1.0,1.0,1.0,0,0,1.0,,1.0
volcanoes-e3,mlp-nosuite,0.928125,0.9434949881161045,1.0,1.0,0,0,1.0,,,1.0,1.0,0,0,1.0,,,1.0,1.0,0,0,1.0,,,1.0,1.0,0,0,1.0,,
volcanoes-e3,mlp-nosuite,0.928125,0.994126331253598,1.0,1.0,0,0,1.0,,,1.0,1.0,0,0,1.0,,,1.0,1.0,0,0,1.0,,,1.0,1.0,0,0,1.0,,
volcanoes-e3,mlp-nosuite,0.928125,0.880385637974712,1.0,1.0,0,0,1.0,,,1.0,1.0,0,0,1.0,,,1.0,1.0,0,0,1.0,,,1.0,1.0,0,0,1.0,,
volcanoes-e3,mlp-nosuite,0.928125,0.9604548272802144,1.0,1.0,0,0,1.0,,,1.0,1.0,0,0,1.0,,,1.0,1.0,0,0,1.0,,,1.0,1.0,0,0,1.0,,
volcanoes-e4,mlp-nosuite,0.9361022364217252,0.9145841837950065,1.0,1.0,0,0,1.0,,,1.0,1.0,0,0,1.0,,,1.0,1.0,0,0,1.0,,,1.0,1.0,0,0,1.0,,
volcanoes-e4,mlp-nosuite,0.9361022364217252,0.984490908517076,1.0,1.0,0,0,1.0,,,1.0,1.0,0,0,1.0,,,1.0,1.0,0,0,1.0,,,1.0,1.0,0,0,1.0,,
volcanoes-e4,mlp-nosuite,0.9361022364217252,0.6705861740116833,1.0,1.0,0,0,1.0,,,1.0,1.0,0,0,1.0,,,1.0,1.0,0,0,1.0,,,1.0,1.0,0,0,1.0,,
volcanoes-e4,mlp-nosuite,0.9361022364217252,0.9906700806998471,1.0,1.0,0,0,1.0,,,1.0,1.0,0,0,1.0,,,1.0,1.0,0,0,1.0,,,1.0,1.0,0,0,1.0,,
volcanoes-e4,mlp-nosuite,0.9361022364217252,0.6002362160449333,1.0,1.0,0,0,1.0,,,1.0,1.0,0,0,1.0,,,1.0,1.0,0,0,1.0,,,1.0,1.0,0,0,1.0,,
volcanoes-e4,mlp-nosuite,0.9361022364217252,0.9995687320120945,1.0,1.0,0,0,1.0,,,1.0,1.0,0,0,1.0,,,1.0,1.0,0,0,1.0,,,1.0,1.0,0,0,1.0,,
volcanoes-e4,mlp-nosuite,0.9361022364217252,0.5451548642154667,0.967741935483871,0.967741935483871,0,0,0.967741935483871,,1.0,0.967741935483871,0.967741935483871,0,0,0.967741935483871,,1.0,0.967741935483871,0.967741935483871,0,0,0.967741935483871,,1.0,0.967741935483871,0.967741935483871,0,0,0.967741935483871,,1.0
volcanoes-e4,mlp-nosuite,0.9361022364217252,0.9965930864221859,1.0,1.0,0,0,1.0,,,1.0,1.0,0,0,1.0,,,1.0,1.0,0,0,1.0,,,1.0,1.0,0,0,1.0,,
volcanoes-e4,mlp-nosuite,0.9361022364217252,0.9100039546908348,1.0,1.0,0,0,1.0,,1.0,1.0,1.0,0,0,1.0,,1.0,1.0,1.0,0,0,1.0,,1.0,1.0,1.0,0,0,1.0,,1.0
volcanoes-e4,mlp-nosuite,0.9361022364217252,0.9972100413199217,1.0,1.0,0,0,1.0,,1.0,1.0,1.0,0,0,1.0,,1.0,1.0,1.0,0,0,1.0,,1.0,1.0,1.0,0,0,1.0,,1.0
volcanoes-e4,mlp-nosuite,0.9361022364217252,0.8772145845246794,1.0,1.0,0,0,1.0,,,1.0,1.0,0,0,1.0,,,1.0,1.0,0,0,1.0,,,1.0,1.0,0,0,1.0,,
volcanoes-e4,mlp-nosuite,0.9361022364217252,0.996573473506815,1.0,1.0,0,0,1.0,,,1.0,1.0,0,0,1.0,,,1.0,1.0,0,0,1.0,,,1.0,1.0,0,0,1.0,,
volcanoes-e4,mlp-nosuite,0.9361022364217252,0.9336182679425266,1.0,1.0,0,0,1.0,,,1.0,1.0,0,0,1.0,,,1.0,1.0,0,0,1.0,,,1.0,1.0,0,0,1.0,,
volcanoes-e4,mlp-nosuite,0.9361022364217252,0.9815564586729213,1.0,1.0,0,0,1.0,,,1.0,1.0,0,0,1.0,,,1.0,1.0,0,0,1.0,,,1.0,1.0,0,0,1.0,,
volcanoes-e4,mlp-nosuite,0.9361022364217252,0.9930185564963998,1.0,1.0,0,0,1.0,,,1.0,1.0,0,0,1.0,,,1.0,1.0,0,0,1.0,,,1.0,1.0,0,0,1.0,,
volcanoes-e4,mlp-nosuite,0.9361022364217252,0.9112706087840382,1.0,1.0,0,0,1.0,,,1.0,1.0,0,0,1.0,,,1.0,1.0,0,0,1.0,,,1.0,1.0,0,0,1.0,,
volcanoes-e4,mlp-nosuite,0.9361022364217252,0.9930426792767173,1.0,1.0,0,0,1.0,,,1.0,1.0,0,0,1.0,,,1.0,1.0,0,0,1.0,,,1.0,1.0,0,0,1.0,,
volcanoes-e4,mlp-nosuite,0.9361022364217252,0.993909748568294,1.0,1.0,0,0,1.0,,,1.0,1.0,0,0,1.0,,,1.0,1.0,0,0,1.0,,,1.0,1.0,0,0,1.0,,
volcanoes-e4,mlp-nosuite,0.9361022364217252,0.8923439028154517,1.0,1.0,0,0,1.0,,,1.0,1.0,0,0,1.0,,,1.0,1.0,0,0,1.0,,,1.0,1.0,0,0,1.0,,
volcanoes-e4,mlp-nosuite,0.9361022364217252,0.9823164670170058,1.0,1.0,0,0,1.0,,,1.0,1.0,0,0,1.0,,,1.0,1.0,0,0,1.0,,,1.0,1.0,0,0,1.0,,
volcanoes-e4,mlp-nosuite,0.9361022364217252,0.49737828240158766,0.967741935483871,0.967741935483871,0,0,0.967741935483871,,0.9032258064516129,0.967741935483871,0.967741935483871,0,0,0.967741935483871,,0.9032258064516129,0.967741935483871,0.967741935483871,0,0,0.967741935483871,,0.9032258064516129,0.967741935483871,0.967741935483871,0,0,0.967741935483871,,0.9032258064516129
volcanoes-e4,mlp-nosuite,0.9361022364217252,0.9936658660576704,1.0,1.0,0,0,1.0,,,1.0,1.0,0,0,1.0,,,1.0,1.0,0,0,1.0,,,1.0,1.0,0,0,1.0,,
volcanoes-e4,mlp-nosuite,0.9361022364217252,0.9879809194072382,1.0,1.0,0,0,1.0,,,1.0,1.0,0,0,1.0,,,1.0,1.0,0,0,1.0,,,1.0,1.0,0,0,1.0,,
volcanoes-e4,mlp-nosuite,0.9361022364217252,0.966755518561763,1.0,1.0,0,0,1.0,,,1.0,1.0,0,0,1.0,,,1.0,1.0,0,0,1.0,,,1.0,1.0,0,0,1.0,,
volcanoes-e4,mlp-nosuite,0.9361022364217252,0.9995030736227946,1.0,1.0,0,0,1.0,,,1.0,1.0,0,0,1.0,,,1.0,1.0,0,0,1.0,,,1.0,1.0,0,0,1.0,,
volcanoes-e4,mlp-nosuite,0.9361022364217252,0.9110917773130478,1.0,1.0,0,0,1.0,,,1.0,1.0,0,0,1.0,,,1.0,1.0,0,0,1.0,,,1.0,1.0,0,0,1.0,,
volcanoes-e4,mlp-nosuite,0.9361022364217252,0.7293181330429733,1.0,1.0,0,0,1.0,,,1.0,1.0,0,0,1.0,,,1.0,1.0,0,0,1.0,,,1.0,1.0,0,0,1.0,,
volcanoes-e4,mlp-nosuite,0.9361022364217252,0.9444192841004654,1.0,1.0,0,0,1.0,,,1.0,1.0,0,0,1.0,,,1.0,1.0,0,0,1.0,,,1.0,1.0,0,0,1.0,,
volcanoes-e4,mlp-nosuite,0.9361022364217252,0.9834771945040867,1.0,1.0,0,0,1.0,,,1.0,1.0,0,0,1.0,,,1.0,1.0,0,0,1.0,,,1.0,1.0,0,0,1.0,,
volcanoes-e4,mlp-nosuite,0.9361022364217252,0.9548532396494176,1.0,1.0,0,0,1.0,,,1.0,1.0,0,0,1.0,,,1.0,1.0,0,0,1.0,,,1.0,1.0,0,0,1.0,,
volcanoes-e4,mlp-nosuite,0.9361022364217252,0.995246986983472,1.0,1.0,0,0,1.0,,,1.0,1.0,0,0,1.0,,,1.0,1.0,0,0,1.0,,,1.0,1.0,0,0,1.0,,
volcanoes-e4,mlp-nosuite,0.9361022364217252,0.9685771725642282,1.0,1.0,0,0,1.0,,,1.0,1.0,0,0,1.0,,,1.0,1.0,0,0,1.0,,,1.0,1.0,0,0,1.0,,
volcanoes-e4,mlp-nosuite,0.9361022364217252,0.9972535158907825,1.0,1.0,0,0,1.0,,,1.0,1.0,0,0,1.0,,,1.0,1.0,0,0,1.0,,,1.0,1.0,0,0,1.0,,
volcanoes-e4,mlp-nosuite,0.9361022364217252,0.9992390159111785,1.0,1.0,0,0,1.0,,,1.0,1.0,0,0,1.0,,,1.0,1.0,0,0,1.0,,,1.0,1.0,0,0,1.0,,
volcanoes-e4,mlp-nosuite,0.9361022364217252,0.996660927312435,1.0,1.0,0,0,1.0,,1.0,1.0,1.0,0,0,1.0,,1.0,1.0,1.0,0,0,1.0,,1.0,1.0,1.0,0,0,1.0,,1.0
volcanoes-e4,mlp-nosuite,0.9361022364217252,0.8028902059769378,1.0,1.0,0,0,1.0,,,1.0,1.0,0,0,1.0,,,1.0,1.0,0,0,1.0,,,1.0,1.0,0,0,1.0,,
volcanoes-e4,mlp-nosuite,0.9361022364217252,0.8981545187013191,1.0,1.0,0,0,1.0,,,1.0,1.0,0,0,1.0,,,1.0,1.0,0,0,1.0,,,1.0,1.0,0,0,1.0,,
volcanoes-e4,mlp-nosuite,0.9361022364217252,0.9919928849333001,1.0,1.0,0,0,1.0,,,1.0,1.0,0,0,1.0,,,1.0,1.0,0,0,1.0,,,1.0,1.0,0,0,1.0,,
volcanoes-e4,mlp-nosuite,0.9361022364217252,0.9931802352356531,1.0,1.0,0,0,1.0,,,1.0,1.0,0,0,1.0,,,1.0,1.0,0,0,1.0,,,1.0,1.0,0,0,1.0,,
volcanoes-e4,mlp-nosuite,0.9361022364217252,0.940425060064483,1.0,1.0,0,0,1.0,,,1.0,1.0,0,0,1.0,,,1.0,1.0,0,0,1.0,,,1.0,1.0,0,0,1.0,,
volcanoes-e4,mlp-nosuite,0.9361022364217252,0.998348728719949,1.0,1.0,0,0,1.0,,,1.0,1.0,0,0,1.0,,,1.0,1.0,0,0,1.0,,,1.0,1.0,0,0,1.0,,
volcanoes-e4,mlp-nosuite,0.9361022364217252,0.9870541720741687,1.0,1.0,0,0,1.0,,,1.0,1.0,0,0,1.0,,,1.0,1.0,0,0,1.0,,,1.0,1.0,0,0,1.0,,
volcanoes-e4,mlp-nosuite,0.9361022364217252,0.9324237428715328,1.0,1.0,0,0,1.0,,,1.0,1.0,0,0,1.0,,,1.0,1.0,0,0,1.0,,,1.0,1.0,0,0,1.0,,
volcanoes-e4,mlp-nosuite,0.9361022364217252,0.9975704775789559,1.0,1.0,0,0,1.0,,,1.0,1.0,0,0,1.0,,,1.0,1.0,0,0,1.0,,,1.0,1.0,0,0,1.0,,
volcanoes-e4,mlp-nosuite,0.9361022364217252,0.993799696428131,1.0,1.0,0,0,1.0,,,1.0,1.0,0,0,1.0,,,1.0,1.0,0,0,1.0,,,1.0,1.0,0,0,1.0,,
volcanoes-e4,mlp-nosuite,0.9361022364217252,0.44907616994148297,0.967741935483871,0.967741935483871,0,0,1.0,,,0.967741935483871,0.967741935483871,0,0,1.0,,,0.967741935483871,0.967741935483871,0,0,1.0,,,0.967741935483871,0.967741935483871,0,0,1.0,,
volcanoes-e4,mlp-nosuite,0.9361022364217252,0.9842481028259251,1.0,1.0,0,0,1.0,,,1.0,1.0,0,0,1.0,,,1.0,1.0,0,0,1.0,,,1.0,1.0,0,0,1.0,,
volcanoes-e4,mlp-nosuite,0.9361022364217252,0.9932199032205896,1.0,1.0,0,0,1.0,,1.0,1.0,1.0,0,0,1.0,,1.0,1.0,1.0,0,0,1.0,,1.0,1.0,1.0,0,0,1.0,,1.0
volcanoes-e4,mlp-nosuite,0.9361022364217252,0.9966669932898349,1.0,1.0,0,0,1.0,,,1.0,1.0,0,0,1.0,,,1.0,1.0,0,0,1.0,,,1.0,1.0,0,0,1.0,,
volcanoes-e4,mlp-nosuite,0.9361022364217252,0.996776790292177,1.0,1.0,0,0,1.0,,,1.0,1.0,0,0,1.0,,,1.0,1.0,0,0,1.0,,,1.0,1.0,0,0,1.0,,
yeast,mlp-nosuite,0.6172506738544474,0.7059430427120151,0.8378378378378378,0.8108108108108109,0,0,0.7837837837837838,,0.7297297297297297,0.8378378378378378,0.8108108108108109,0,0,0.7837837837837838,,0.7297297297297297,0.8378378378378378,0.8108108108108109,0,0,0.7837837837837838,,0.7297297297297297,0.8378378378378378,0.8108108108108109,0,0,0.7837837837837838,,0.7297297297297297
yeast,mlp-nosuite,0.6172506738544474,0.854184224069063,0.972972972972973,0.972972972972973,0,0,0.9459459459459459,0.918918918918919,0.918918918918919,0.972972972972973,0.972972972972973,0,0,0.9459459459459459,0.918918918918919,0.918918918918919,0.972972972972973,0.972972972972973,0,0,0.9459459459459459,0.918918918918919,0.918918918918919,0.972972972972973,0.972972972972973,0,0,0.9459459459459459,0.918918918918919,0.918918918918919
yeast,mlp-nosuite,0.6172506738544474,0.7687061589797701,0.8648648648648649,0.8648648648648649,0,0,0.6756756756756757,,0.9459459459459459,0.8648648648648649,0.8648648648648649,0,0,0.6756756756756757,,0.9459459459459459,0.8648648648648649,0.8648648648648649,0,0,0.6756756756756757,,0.9459459459459459,0.8648648648648649,0.8648648648648649,0,0,0.6756756756756757,,0.9459459459459459
yeast,mlp-nosuite,0.6172506738544474,0.8153871353725672,0.918918918918919,0.972972972972973,0,0,0.972972972972973,,0.8918918918918919,0.918918918918919,0.972972972972973,0,0,0.972972972972973,,0.8918918918918919,0.918918918918919,0.972972972972973,0,0,0.972972972972973,,0.8918918918918919,0.918918918918919,0.972972972972973,0,0,0.972972972972973,,0.8918918918918919
yeast,mlp-nosuite,0.6172506738544474,0.8517713481033629,0.7837837837837838,0.8918918918918919,0,0,0.8108108108108109,,0.8378378378378378,0.7837837837837838,0.8918918918918919,0,0,0.8108108108108109,,0.8378378378378378,0.7837837837837838,0.8918918918918919,0,0,0.8108108108108109,,0.8378378378378378,0.7837837837837838,0.8918918918918919,0,0,0.8108108108108109,,0.8378378378378378
yeast,mlp-nosuite,0.6172506738544474,0.4910007150414382,0.7027027027027027,0.7027027027027027,0,0,0.5675675675675675,,0.6216216216216216,0.7027027027027027,0.7027027027027027,0,0,0.5675675675675675,,0.6216216216216216,0.7027027027027027,0.7027027027027027,0,0,0.5675675675675675,,0.6216216216216216,0.7027027027027027,0.7027027027027027,0,0,0.5675675675675675,,0.6216216216216216
yeast,mlp-nosuite,0.6172506738544474,0.6965870220668589,0.8378378378378378,0.918918918918919,0,0,0.8108108108108109,,0.8648648648648649,0.8378378378378378,0.918918918918919,0,0,0.8108108108108109,,0.8648648648648649,0.8378378378378378,0.918918918918919,0,0,0.8108108108108109,,0.8648648648648649,0.8378378378378378,0.918918918918919,0,0,0.8108108108108109,,0.8648648648648649
yeast,mlp-nosuite,0.6172506738544474,0.6082230414329826,0.8648648648648649,0.918918918918919,0,0,0.8918918918918919,,0.8648648648648649,0.8648648648648649,0.918918918918919,0,0,0.8918918918918919,,0.8648648648648649,0.8648648648648649,0.918918918918919,0,0,0.8918918918918919,,0.8648648648648649,0.8648648648648649,0.918918918918919,0,0,0.8918918918918919,,0.8648648648648649
yeast,mlp-nosuite,0.6172506738544474,0.5307691251774221,0.918918918918919,0.8648648648648649,0,0,0.7837837837837838,,0.8918918918918919,0.918918918918919,0.8648648648648649,0,0,0.7837837837837838,,0.8918918918918919,0.918918918918919,0.8648648648648649,0,0,0.7837837837837838,,0.8918918918918919,0.918918918918919,0.8648648648648649,0,0,0.7837837837837838,,0.8918918918918919
yeast,mlp-nosuite,0.6172506738544474,0.5898136535651094,0.918918918918919,0.9459459459459459,0,0,0.8918918918918919,,0.9459459459459459,0.918918918918919,0.9459459459459459,0,0,0.8918918918918919,,0.9459459459459459,0.918918918918919,0.9459459459459459,0,0,0.8918918918918919,,0.9459459459459459,0.918918918918919,0.9459459459459459,0,0,0.8918918918918919,,0.9459459459459459
yeast,mlp-nosuite,0.6172506738544474,0.9769920903358666,0.972972972972973,0.9459459459459459,0,0,0.9459459459459459,,0.9459459459459459,0.972972972972973,0.9459459459459459,0,0,0.9459459459459459,,0.9459459459459459,0.972972972972973,0.9459459459459459,0,0,0.9459459459459459,,0.9459459459459459,0.972972972972973,0.9459459459459459,0,0,0.9459459459459459,,0.9459459459459459
yeast,mlp-nosuite,0.6172506738544474,0.6550089218997267,0.7027027027027027,0.7297297297297297,0,0,0.7027027027027027,,0.7837837837837838,0.7027027027027027,0.7297297297297297,0,0,0.7027027027027027,,0.7837837837837838,0.7027027027027027,0.7297297297297297,0,0,0.7027027027027027,,0.7837837837837838,0.7027027027027027,0.7297297297297297,0,0,0.7027027027027027,,0.7837837837837838
yeast,mlp-nosuite,0.6172506738544474,0.652156417544897,0.8918918918918919,0.972972972972973,0,0,0.9459459459459459,,0.918918918918919,0.8918918918918919,0.972972972972973,0,0,0.9459459459459459,,0.918918918918919,0.8918918918918919,0.972972972972973,0,0,0.9459459459459459,,0.918918918918919,0.8918918918918919,0.972972972972973,0,0,0.9459459459459459,,0.918918918918919
yeast,mlp-nosuite,0.6172506738544474,0.590686225478177,0.8918918918918919,0.972972972972973,0,0,0.8108108108108109,,0.8918918918918919,0.8918918918918919,0.972972972972973,0,0,0.8108108108108109,,0.8918918918918919,0.8918918918918919,0.972972972972973,0,0,0.8108108108108109,,0.8918918918918919,0.8918918918918919,0.972972972972973,0,0,0.8108108108108109,,0.8918918918918919
yeast,mlp-nosuite,0.6172506738544474,0.8068372530401193,0.918918918918919,0.9459459459459459,0,0,1.0,,0.8648648648648649,0.918918918918919,0.9459459459459459,0,0,1.0,,0.8648648648648649,0.918918918918919,0.9459459459459459,0,0,1.0,,0.8648648648648649,0.918918918918919,0.9459459459459459,0,0,1.0,,0.8648648648648649
yeast,mlp-nosuite,0.6172506738544474,0.48720428480289174,0.8918918918918919,0.8918918918918919,0,0,0.8378378378378378,,0.7567567567567568,0.8918918918918919,0.8918918918918919,0,0,0.8378378378378378,,0.7567567567567568,0.8918918918918919,0.8918918918918919,0,0,0.8378378378378378,,0.7567567567567568,0.8918918918918919,0.8918918918918919,0,0,0.8378378378378378,,0.7567567567567567
yeast,mlp-nosuite,0.6172506738544474,0.7066654959328711,0.7567567567567568,0.918918918918919,0,0,0.9459459459459459,,0.7297297297297297,0.7567567567567568,0.918918918918919,0,0,0.9459459459459459,,0.7297297297297297,0.7567567567567568,0.918918918918919,0,0,0.9459459459459459,,0.7297297297297297,0.7567567567567567,0.918918918918919,0,0,0.9459459459459459,,0.7297297297297297
yeast,mlp-nosuite,0.6172506738544474,0.6383887042040087,0.6756756756756757,0.7837837837837838,0,0,0.6216216216216216,,0.6216216216216216,0.6756756756756757,0.7837837837837838,0,0,0.6216216216216216,,0.6216216216216216,0.6756756756756757,0.7837837837837838,0,0,0.6216216216216216,,0.6216216216216216,0.6756756756756757,0.7837837837837838,0,0,0.6216216216216216,,0.6216216216216216
yeast,mlp-nosuite,0.6172506738544474,0.5399032225517664,0.7027027027027027,0.7567567567567568,0,0,0.6216216216216216,,0.5405405405405406,0.7027027027027027,0.7567567567567568,0,0,0.6216216216216216,,0.5405405405405406,0.7027027027027027,0.7567567567567568,0,0,0.6216216216216216,,0.5405405405405406,0.7027027027027027,0.7567567567567567,0,0,0.6216216216216216,,0.5405405405405406
yeast,mlp-nosuite,0.6172506738544474,0.6402846894575331,0.918918918918919,1.0,0,0,1.0,,0.918918918918919,0.918918918918919,1.0,0,0,1.0,,0.918918918918919,0.918918918918919,1.0,0,0,1.0,,0.918918918918919,0.918918918918919,1.0,0,0,1.0,,0.918918918918919
yeast,mlp-nosuite,0.6172506738544474,0.8270420607641638,0.8918918918918919,0.8648648648648649,0,0,0.8918918918918919,0.8648648648648649,0.8108108108108109,0.8918918918918919,0.8648648648648649,0,0,0.8918918918918919,0.8648648648648649,0.8108108108108109,0.8918918918918919,0.8648648648648649,0,0,0.8918918918918919,0.8648648648648649,0.8108108108108109,0.8918918918918919,0.8648648648648649,0,0,0.8918918918918919,0.8648648648648649,0.8108108108108109
yeast,mlp-nosuite,0.6172506738544474,0.9559665576072347,0.6756756756756757,0.7837837837837838,0,0,0.5675675675675675,,0.6486486486486487,0.6756756756756757,0.7837837837837838,0,0,0.5675675675675675,,0.6486486486486487,0.6756756756756757,0.7837837837837838,0,0,0.5675675675675675,,0.6486486486486487,0.6756756756756757,0.7837837837837838,0,0,0.5675675675675675,,0.6486486486486487
yeast,mlp-nosuite,0.6172506738544474,0.7985630197835285,0.7297297297297297,0.8378378378378378,0,0,0.7027027027027027,,0.8918918918918919,0.7297297297297297,0.8378378378378378,0,0,0.7027027027027027,,0.8918918918918919,0.7297297297297297,0.8378378378378378,0,0,0.7027027027027027,,0.8918918918918919,0.7297297297297297,0.8378378378378378,0,0,0.7027027027027027,,0.8918918918918919
yeast,mlp-nosuite,0.6172506738544474,0.6227046815327231,0.9459459459459459,0.972972972972973,0,0,0.8918918918918919,,0.8918918918918919,0.9459459459459459,0.972972972972973,0,0,0.8918918918918919,,0.8918918918918919,0.9459459459459459,0.972972972972973,0,0,0.8918918918918919,,0.8918918918918919,0.9459459459459459,0.972972972972973,0,0,0.8918918918918919,,0.8918918918918919
yeast,mlp-nosuite,0.6172506738544474,0.5224487399404436,0.8648648648648649,0.9459459459459459,0,0,0.7567567567567568,,0.7027027027027027,0.8648648648648649,0.9459459459459459,0,0,0.7567567567567568,,0.7027027027027027,0.8648648648648649,0.9459459459459459,0,0,0.7567567567567568,,0.7027027027027027,0.8648648648648649,0.9459459459459459,0,0,0.7567567567567567,,0.7027027027027027
yeast,mlp-nosuite,0.6172506738544474,0.3891855150835529,0.8108108108108109,0.8648648648648649,0,0,0.5945945945945946,,0.7297297297297297,0.8108108108108109,0.8648648648648649,0,0,0.5945945945945946,,0.7297297297297297,0.8108108108108109,0.8648648648648649,0,0,0.5945945945945946,,0.7297297297297297,0.8108108108108109,0.8648648648648649,0,0,0.5945945945945946,,0.7297297297297297
yeast,mlp-nosuite,0.6172506738544474,0.5911790368740227,0.8648648648648649,0.8648648648648649,0,0,0.8648648648648649,,0.8108108108108109,0.8648648648648649,0.8648648648648649,0,0,0.8648648648648649,,0.8108108108108109,0.8648648648648649,0.8648648648648649,0,0,0.8648648648648649,,0.8108108108108109,0.8648648648648649,0.8648648648648649,0,0,0.8648648648648649,,0.8108108108108109
yeast,mlp-nosuite,0.6172506738544474,0.629670593848274,0.918918918918919,0.918918918918919,0,0,0.8648648648648649,,0.918918918918919,0.918918918918919,0.918918918918919,0,0,0.8648648648648649,,0.918918918918919,0.918918918918919,0.918918918918919,0,0,0.8648648648648649,,0.918918918918919,0.918918918918919,0.918918918918919,0,0,0.8648648648648649,,0.918918918918919
yeast,mlp-nosuite,0.6172506738544474,0.5658438576331523,0.8648648648648649,1.0,0,0,0.972972972972973,,0.8648648648648649,0.8648648648648649,1.0,0,0,0.972972972972973,,0.8648648648648649,0.8648648648648649,1.0,0,0,0.972972972972973,,0.8648648648648649,0.8648648648648649,1.0,0,0,0.972972972972973,,0.8648648648648649
yeast,mlp-nosuite,0.6172506738544474,0.7187024376961156,0.9459459459459459,0.8378378378378378,0,0,0.918918918918919,,0.8918918918918919,0.9459459459459459,0.8378378378378378,0,0,0.918918918918919,,0.8918918918918919,0.9459459459459459,0.8378378378378378,0,0,0.918918918918919,,0.8918918918918919,0.9459459459459459,0.8378378378378378,0,0,0.918918918918919,,0.8918918918918919
yeast,mlp-nosuite,0.6172506738544474,0.5913711080016002,0.8108108108108109,0.8108108108108109,0,0,0.7837837837837838,,0.8378378378378378,0.8108108108108109,0.8108108108108109,0,0,0.7837837837837838,,0.8378378378378378,0.8108108108108109,0.8108108108108109,0,0,0.7837837837837838,,0.8378378378378378,0.8108108108108109,0.8108108108108109,0,0,0.7837837837837838,,0.8378378378378378
yeast,mlp-nosuite,0.6172506738544474,0.5682644820982953,0.8918918918918919,0.8648648648648649,0,0,0.8378378378378378,,0.8648648648648649,0.8918918918918919,0.8648648648648649,0,0,0.8378378378378378,,0.8648648648648649,0.8918918918918919,0.8648648648648649,0,0,0.8378378378378378,,0.8648648648648649,0.8918918918918919,0.8648648648648649,0,0,0.8378378378378378,,0.8648648648648649
yeast,mlp-nosuite,0.6172506738544474,0.5213467113424698,0.918918918918919,0.8648648648648649,0,0,0.8918918918918919,,0.6486486486486487,0.918918918918919,0.8648648648648649,0,0,0.8918918918918919,,0.6486486486486487,0.918918918918919,0.8648648648648649,0,0,0.8918918918918919,,0.6486486486486487,0.918918918918919,0.8648648648648649,0,0,0.8918918918918919,,0.6486486486486487
yeast,mlp-nosuite,0.6172506738544474,0.5031306686464653,0.7837837837837838,0.7567567567567568,0,0,0.7297297297297297,,0.7297297297297297,0.7837837837837838,0.7567567567567568,0,0,0.7297297297297297,,0.7297297297297297,0.7837837837837838,0.7567567567567568,0,0,0.7297297297297297,,0.7297297297297297,0.7837837837837838,0.7567567567567567,0,0,0.7297297297297297,,0.7297297297297297
yeast,mlp-nosuite,0.6172506738544474,0.5884111482706388,0.972972972972973,0.918918918918919,0,0,0.7567567567567568,,0.918918918918919,0.972972972972973,0.918918918918919,0,0,0.7567567567567568,,0.918918918918919,0.972972972972973,0.918918918918919,0,0,0.7567567567567568,,0.918918918918919,0.972972972972973,0.918918918918919,0,0,0.7567567567567567,,0.918918918918919
yeast,mlp-nosuite,0.6172506738544474,0.7866950662633221,0.7837837837837838,0.7567567567567568,0,0,0.6756756756756757,,0.7567567567567568,0.7837837837837838,0.7567567567567568,0,0,0.6756756756756757,,0.7567567567567568,0.7837837837837838,0.7567567567567568,0,0,0.6756756756756757,,0.7567567567567568,0.7837837837837838,0.7567567567567567,0,0,0.6756756756756757,,0.7567567567567567
yeast,mlp-nosuite,0.6172506738544474,0.5447268803985967,0.6486486486486487,0.6756756756756757,0,0,0.7837837837837838,,0.5945945945945946,0.6486486486486487,0.6756756756756757,0,0,0.7837837837837838,,0.5945945945945946,0.6486486486486487,0.6756756756756757,0,0,0.7837837837837838,,0.5945945945945946,0.6486486486486487,0.6756756756756757,0,0,0.7837837837837838,,0.5945945945945946
yeast,mlp-nosuite,0.6172506738544474,0.8144204226766092,0.9459459459459459,0.9459459459459459,0,0,0.918918918918919,,0.8378378378378378,0.9459459459459459,0.9459459459459459,0,0,0.918918918918919,,0.8378378378378378,0.9459459459459459,0.9459459459459459,0,0,0.918918918918919,,0.8378378378378378,0.9459459459459459,0.9459459459459459,0,0,0.918918918918919,,0.8378378378378378
yeast,mlp-nosuite,0.6172506738544474,0.8891864317831109,0.9459459459459459,1.0,0,0,1.0,,0.918918918918919,0.9459459459459459,1.0,0,0,1.0,,0.918918918918919,0.9459459459459459,1.0,0,0,1.0,,0.918918918918919,0.9459459459459459,1.0,0,0,1.0,,0.918918918918919
yeast,mlp-nosuite,0.6172506738544474,0.28133881938989935,0.8648648648648649,1.0,0,0,0.918918918918919,,0.7297297297297297,0.8648648648648649,1.0,0,0,0.918918918918919,,0.7297297297297297,0.8648648648648649,1.0,0,0,0.918918918918919,,0.7297297297297297,0.8648648648648649,1.0,0,0,0.918918918918919,,0.7297297297297297
yeast,mlp-nosuite,0.6172506738544474,0.6859127235089117,0.8918918918918919,0.8918918918918919,0,0,0.9459459459459459,,0.8378378378378378,0.8918918918918919,0.8918918918918919,0,0,0.9459459459459459,,0.8378378378378378,0.8918918918918919,0.8918918918918919,0,0,0.9459459459459459,,0.8378378378378378,0.8918918918918919,0.8918918918918919,0,0,0.9459459459459459,,0.8378378378378378
yeast,mlp-nosuite,0.6172506738544474,0.6731378428486091,0.8918918918918919,0.9459459459459459,0,0,0.918918918918919,,0.8648648648648649,0.8918918918918919,0.9459459459459459,0,0,0.918918918918919,,0.8648648648648649,0.8918918918918919,0.9459459459459459,0,0,0.918918918918919,,0.8648648648648649,0.8918918918918919,0.9459459459459459,0,0,0.918918918918919,,0.8648648648648649
yeast,mlp-nosuite,0.6172506738544474,0.35038552062983414,0.7837837837837838,0.8108108108108109,0,0,0.8378378378378378,,0.5945945945945946,0.7837837837837838,0.8108108108108109,0,0,0.8378378378378378,,0.5945945945945946,0.7837837837837838,0.8108108108108109,0,0,0.8378378378378378,,0.5945945945945946,0.7837837837837838,0.8108108108108109,0,0,0.8378378378378378,,0.5945945945945946
yeast,mlp-nosuite,0.6172506738544474,0.6058491647689342,0.6756756756756757,0.7027027027027027,0,0,0.7567567567567568,,0.7837837837837838,0.6756756756756757,0.7027027027027027,0,0,0.7567567567567568,,0.7837837837837838,0.6756756756756757,0.7027027027027027,0,0,0.7567567567567568,,0.7837837837837838,0.6756756756756757,0.7027027027027027,0,0,0.7567567567567567,,0.7837837837837838
yeast,mlp-nosuite,0.6172506738544474,0.9422417409954973,0.8648648648648649,0.9459459459459459,0,0,0.8378378378378378,,0.8648648648648649,0.8648648648648649,0.9459459459459459,0,0,0.8378378378378378,,0.8648648648648649,0.8648648648648649,0.9459459459459459,0,0,0.8378378378378378,,0.8648648648648649,0.8648648648648649,0.9459459459459459,0,0,0.8378378378378378,,0.8648648648648649
yeast,mlp-nosuite,0.6172506738544474,0.7328804053498051,0.918918918918919,0.9459459459459459,0,0,0.9459459459459459,,0.9459459459459459,0.918918918918919,0.9459459459459459,0,0,0.9459459459459459,,0.9459459459459459,0.918918918918919,0.9459459459459459,0,0,0.9459459459459459,,0.9459459459459459,0.918918918918919,0.9459459459459459,0,0,0.9459459459459459,,0.9459459459459459
yeast,mlp-nosuite,0.6172506738544474,0.3486443412971777,0.918918918918919,1.0,0,0,0.9459459459459459,,0.8648648648648649,0.918918918918919,1.0,0,0,0.9459459459459459,,0.8648648648648649,0.918918918918919,1.0,0,0,0.9459459459459459,,0.8648648648648649,0.918918918918919,1.0,0,0,0.9459459459459459,,0.8648648648648649
yeast,mlp-nosuite,0.6172506738544474,0.6434217995854417,0.9459459459459459,0.9459459459459459,0,0,0.8918918918918919,,0.9459459459459459,0.9459459459459459,0.9459459459459459,0,0,0.8918918918918919,,0.9459459459459459,0.9459459459459459,0.9459459459459459,0,0,0.8918918918918919,,0.9459459459459459,0.9459459459459459,0.9459459459459459,0,0,0.8918918918918919,,0.9459459459459459
yeast,mlp-nosuite,0.6172506738544474,0.7272889805060853,0.7297297297297297,0.7567567567567568,0,0,0.8648648648648649,,0.8918918918918919,0.7297297297297297,0.7567567567567568,0,0,0.8648648648648649,,0.8918918918918919,0.7297297297297297,0.7567567567567568,0,0,0.8648648648648649,,0.8918918918918919,0.7297297297297297,0.7567567567567567,0,0,0.8648648648648649,,0.8918918918918919
yeast,mlp-nosuite,0.6172506738544474,0.8009345249963874,0.8108108108108109,0.8378378378378378,0,0,0.8648648648648649,,0.8648648648648649,0.8108108108108109,0.8378378378378378,0,0,0.8648648648648649,,0.8648648648648649,0.8108108108108109,0.8378378378378378,0,0,0.8648648648648649,,0.8648648648648649,0.8108108108108109,0.8378378378378378,0,0,0.8648648648648649,,0.8648648648648649
rmftsa,mlp-nosuite,0.51953125,0.4392036268962049,1.0,1.0,0,0,0.96,,1.0,1.0,1.0,0,0,0.96,,1.0,1.0,1.0,0,0,0.96,,1.0,1.0,1.0,0,0,0.96,,1.0
rmftsa,mlp-nosuite,0.51953125,0.4680882890516091,0.8,0.96,0,0,0.88,,0.92,0.8,0.96,0,0,0.88,,0.92,0.8,0.96,0,0,0.88,,0.92,0.8000000000000002,0.96,0,0,0.88,,0.92
rmftsa,mlp-nosuite,0.51953125,0.38564920294868216,0.44,0.84,0,0,0.88,,0.32,0.44,0.84,0,0,0.88,,0.32,0.44,0.84,0,0,0.88,,0.32,0.44,0.8399999999999999,0,0,0.88,,0.32
rmftsa,mlp-nosuite,0.51953125,0.4703688216831583,0.6,0.76,0,0,0.72,,0.6,0.6,0.76,0,0,0.72,,0.6,0.6,0.76,0,0,0.72,,0.6,0.6,0.76,0,0,0.72,,0.6
rmftsa,mlp-nosuite,0.51953125,0.6230154375875949,1.0,1.0,0,0,1.0,,1.0,1.0,1.0,0,0,1.0,,1.0,1.0,1.0,0,0,1.0,,1.0,1.0,1.0,0,0,1.0,,1.0
rmftsa,mlp-nosuite,0.51953125,0.520291675712967,1.0,1.0,0,0,1.0,,1.0,1.0,1.0,0,0,1.0,,1.0,1.0,1.0,0,0,1.0,,1.0,1.0,1.0,0,0,1.0,,1.0
rmftsa,mlp-nosuite,0.51953125,0.4226854137332023,0.72,0.8,0,0,0.96,,0.72,0.72,0.8,0,0,0.96,,0.72,0.72,0.8,0,0,0.96,,0.72,0.72,0.8000000000000002,0,0,0.96,,0.72
rmftsa,mlp-nosuite,0.51953125,0.5311366699227706,1.0,1.0,0,0,1.0,,1.0,1.0,1.0,0,0,1.0,,1.0,1.0,1.0,0,0,1.0,,1.0,1.0,1.0,0,0,1.0,,1.0
rmftsa,mlp-nosuite,0.51953125,0.49625395118885585,0.72,0.84,0,0,0.88,,0.88,0.72,0.84,0,0,0.88,,0.88,0.72,0.84,0,0,0.88,,0.88,0.72,0.8399999999999999,0,0,0.88,,0.88
rmftsa,mlp-nosuite,0.51953125,0.5158761279858914,1.0,1.0,0,0,1.0,,1.0,1.0,1.0,0,0,1.0,,1.0,1.0,1.0,0,0,1.0,,1.0,1.0,1.0,0,0,1.0,,1.0
rmftsa,mlp-nosuite,0.51953125,0.7531628560102336,1.0,1.0,0,0,1.0,,1.0,1.0,1.0,0,0,1.0,,1.0,1.0,1.0,0,0,1.0,,1.0,1.0,1.0,0,0,1.0,,1.0
rmftsa,mlp-nosuite,0.51953125,0.5581282006345757,0.72,1.0,0,0,1.0,,0.88,0.72,1.0,0,0,1.0,,0.88,0.72,1.0,0,0,1.0,,0.88,0.72,1.0,0,0,1.0,,0.88
rmftsa,mlp-nosuite,0.51953125,0.4892391385789344,0.56,1.0,0,0,0.96,,0.96,0.56,1.0,0,0,0.96,,0.96,0.56,1.0,0,0,0.96,,0.96,0.56,1.0,0,0,0.96,,0.96
rmftsa,mlp-nosuite,0.51953125,0.44989282848458323,0.36,0.92,0,0,0.92,,0.92,0.36,0.92,0,0,0.92,,0.92,0.36,0.92,0,0,0.92,,0.92,0.36,0.92,0,0,0.92,,0.92
rmftsa,mlp-nosuite,0.51953125,0.5014428846574492,1.0,1.0,0,0,1.0,,1.0,1.0,1.0,0,0,1.0,,1.0,1.0,1.0,0,0,1.0,,1.0,1.0,1.0,0,0,1.0,,1.0
rmftsa,mlp-nosuite,0.51953125,0.5396897232801114,0.56,0.96,0,0,0.96,,0.96,0.56,0.96,0,0,0.96,,0.96,0.56,0.96,0,0,0.96,,0.96,0.56,0.96,0,0,0.96,,0.96
rmftsa,mlp-nosuite,0.51953125,0.35938128953713677,0.4,1.0,0,0,1.0,,0.88,0.4,1.0,0,0,1.0,,0.88,0.4,1.0,0,0,1.0,,0.88,0.4000000000000001,1.0,0,0,1.0,,0.88
rmftsa,mlp-nosuite,0.51953125,0.5158761279858914,1.0,1.0,0,0,1.0,,1.0,1.0,1.0,0,0,1.0,,1.0,1.0,1.0,0,0,1.0,,1.0,1.0,1.0,0,0,1.0,,1.0
rmftsa,mlp-nosuite,0.51953125,0.5456845771163488,0.48,1.0,0,0,0.88,,1.0,0.48,1.0,0,0,0.88,,1.0,0.48,1.0,0,0,0.88,,1.0,0.48,1.0,0,0,0.88,,1.0
rmftsa,mlp-nosuite,0.51953125,0.5783612720130417,1.0,1.0,0,0,1.0,,1.0,1.0,1.0,0,0,1.0,,1.0,1.0,1.0,0,0,1.0,,1.0,1.0,1.0,0,0,1.0,,1.0
rmftsa,mlp-nosuite,0.51953125,0.4456303814003765,1.0,1.0,0,0,1.0,,1.0,1.0,1.0,0,0,1.0,,1.0,1.0,1.0,0,0,1.0,,1.0,1.0,1.0,0,0,1.0,,1.0
rmftsa,mlp-nosuite,0.51953125,0.4288145439547315,0.48,0.76,0,0,0.92,,0.68,0.48,0.76,0,0,0.92,,0.68,0.48,0.76,0,0,0.92,,0.68,0.48,0.76,0,0,0.92,,0.68
rmftsa,mlp-nosuite,0.51953125,0.3624132567773058,0.68,1.0,0,0,0.6,,0.6,0.68,1.0,0,0,0.6,,0.6,0.68,1.0,0,0,0.6,,0.6,0.68,1.0,0,0,0.6,,0.6
rmftsa,mlp-nosuite,0.51953125,0.6780616434441902,1.0,1.0,0,0,1.0,,1.0,1.0,1.0,0,0,1.0,,1.0,1.0,1.0,0,0,1.0,,1.0,1.0,1.0,0,0,1.0,,1.0
rmftsa,mlp-nosuite,0.51953125,0.3611232315319938,0.6,0.76,0,0,0.84,,0.76,0.6,0.76,0,0,0.84,,0.76,0.6,0.76,0,0,0.84,,0.76,0.6,0.76,0,0,0.8399999999999999,,0.76
rmftsa,mlp-nosuite,0.51953125,0.4401701803855752,0.48,0.88,0,0,0.92,,0.56,0.48,0.88,0,0,0.92,,0.56,0.48,0.88,0,0,0.92,,0.56,0.48,0.88,0,0,0.92,,0.56
rmftsa,mlp-nosuite,0.51953125,0.3485186007507078,0.88,0.96,0,0,0.96,,0.08,0.88,0.96,0,0,0.96,,0.08,0.88,0.96,0,0,0.96,,0.08,0.88,0.96,0,0,0.96,,0.08
rmftsa,mlp-nosuite,0.51953125,0.37886713392700194,0.44,0.92,0,0,0.56,,0.52,0.44,0.92,0,0,0.56,,0.52,0.44,0.92,0,0,0.56,,0.52,0.44,0.92,0,0,0.56,,0.52
rmftsa,mlp-nosuite,0.51953125,0.38827933639630735,0.92,1.0,0,0,0.92,,0.92,0.92,1.0,0,0,0.92,,0.92,0.92,1.0,0,0,0.92,,0.92,0.92,1.0,0,0,0.92,,0.92
rmftsa,mlp-nosuite,0.51953125,0.4475831013526873,0.56,1.0,0,0,0.96,,0.68,0.56,1.0,0,0,0.96,,0.68,0.56,1.0,0,0,0.96,,0.68,0.56,1.0,0,0,0.96,,0.68
rmftsa,mlp-nosuite,0.51953125,0.4438870522930624,0.88,0.96,0,0,0.72,,0.88,0.88,0.96,0,0,0.72,,0.88,0.88,0.96,0,0,0.72,,0.88,0.88,0.96,0,0,0.72,,0.88
rmftsa,mlp-nosuite,0.51953125,0.5132620708641707,0.56,0.96,0,0,0.96,,0.96,0.56,0.96,0,0,0.96,,0.96,0.56,0.96,0,0,0.96,,0.96,0.56,0.96,0,0,0.96,,0.96
rmftsa,mlp-nosuite,0.51953125,0.44989282848458323,0.36,0.92,0,0,0.92,,0.92,0.36,0.92,0,0,0.92,,0.92,0.36,0.92,0,0,0.92,,0.92,0.36,0.92,0,0,0.92,,0.92
rmftsa,mlp-nosuite,0.51953125,0.5127439525902301,0.76,1.0,0,0,0.84,,1.0,0.76,1.0,0,0,0.84,,1.0,0.76,1.0,0,0,0.84,,1.0,0.76,1.0,0,0,0.8399999999999999,,1.0
rmftsa,mlp-nosuite,0.51953125,0.4265822353234696,0.96,1.0,0,0,0.56,,0.96,0.96,1.0,0,0,0.56,,0.96,0.96,1.0,0,0,0.56,,0.96,0.96,1.0,0,0,0.56,,0.96
rmftsa,mlp-nosuite,0.51953125,0.31291340953320335,0.76,0.8,0,0,0.68,,0.92,0.76,0.8,0,0,0.68,,0.92,0.76,0.8,0,0,0.68,,0.92,0.76,0.8000000000000002,0,0,0.68,,0.92
rmftsa,mlp-nosuite,0.51953125,0.7474234009596294,1.0,1.0,0,0,0.92,,1.0,1.0,1.0,0,0,0.92,,1.0,1.0,1.0,0,0,0.92,,1.0,1.0,1.0,0,0,0.92,,1.0
rmftsa,mlp-nosuite,0.51953125,0.7021555422619946,0.52,0.8,0,0,0.8,,0.44,0.52,0.8,0,0,0.8,,0.44,0.52,0.8,0,0,0.8,,0.44,0.52,0.8000000000000002,0,0,0.8000000000000002,,0.44
rmftsa,mlp-nosuite,0.51953125,0.6693014042358258,1.0,1.0,0,0,1.0,,1.0,1.0,1.0,0,0,1.0,,1.0,1.0,1.0,0,0,1.0,,1.0,1.0,1.0,0,0,1.0,,1.0
rmftsa,mlp-nosuite,0.51953125,0.6072713925299179,0.52,0.92,0,0,0.84,,0.6,0.52,0.92,0,0,0.84,,0.6,0.52,0.92,0,0,0.84,,0.6,0.52,0.92,0,0,0.8399999999999999,,0.6
rmftsa,mlp-nosuite,0.51953125,0.5333874826807956,0.52,1.0,0,0,0.96,,0.72,0.52,1.0,0,0,0.96,,0.72,0.52,1.0,0,0,0.96,,0.72,0.52,1.0,0,0,0.96,,0.72
rmftsa,mlp-nosuite,0.51953125,0.5418247329734285,0.48,1.0,0,0,0.8,,0.96,0.48,1.0,0,0,0.8,,0.96,0.48,1.0,0,0,0.8,,0.96,0.48,1.0,0,0,0.8000000000000002,,0.96
rmftsa,mlp-nosuite,0.51953125,0.395107974859115,0.96,1.0,0,0,1.0,,0.96,0.96,1.0,0,0,1.0,,0.96,0.96,1.0,0,0,1.0,,0.96,0.96,1.0,0,0,1.0,,0.96
rmftsa,mlp-nosuite,0.51953125,0.38335667942516033,0.6,0.76,0,0,0.72,,0.6,0.6,0.76,0,0,0.72,,0.6,0.6,0.76,0,0,0.72,,0.6,0.6,0.76,0,0,0.72,,0.6
rmftsa,mlp-nosuite,0.51953125,0.7040457232294485,0.68,0.96,0,0,0.68,,0.84,0.68,0.96,0,0,0.68,,0.84,0.68,0.96,0,0,0.68,,0.84,0.68,0.96,0,0,0.68,,0.8399999999999999
rmftsa,mlp-nosuite,0.51953125,0.5158761279858914,1.0,1.0,0,0,1.0,,1.0,1.0,1.0,0,0,1.0,,1.0,1.0,1.0,0,0,1.0,,1.0,1.0,1.0,0,0,1.0,,1.0
rmftsa,mlp-nosuite,0.51953125,0.395107974859115,0.96,1.0,0,0,1.0,,0.96,0.96,1.0,0,0,1.0,,0.96,0.96,1.0,0,0,1.0,,0.96,0.96,1.0,0,0,1.0,,0.96
rmftsa,mlp-nosuite,0.51953125,0.3153505181775724,0.76,0.88,0,0,0.72,,0.76,0.76,0.88,0,0,0.72,,0.76,0.76,0.88,0,0,0.72,,0.76,0.76,0.88,0,0,0.72,,0.76
rmftsa,mlp-nosuite,0.51953125,0.3824358787610816,0.6,0.76,0,0,0.72,,0.8,0.6,0.76,0,0,0.72,,0.8,0.6,0.76,0,0,0.72,,0.8,0.6,0.76,0,0,0.72,,0.8000000000000002
rmftsa,mlp-nosuite,0.51953125,0.44653845367383727,0.44,0.92,0,0,0.84,,0.92,0.44,0.92,0,0,0.84,,0.92,0.44,0.92,0,0,0.84,,0.92,0.44,0.92,0,0,0.8399999999999999,,0.92
banknote-authentication,mlp-nosuite,1.0,0.9996715727380836,1.0,1.0,0,0,0.9117647058823529,0.9117647058823529,1.0,1.0,1.0,0,0,1.0,1.0,1.0,1.0,1.0,0,0,0.9117647058823529,0.9117647058823529,1.0,1.0,1.0,0,0,0.9538461538461539,0.9538461538461539,1.0
banknote-authentication,mlp-nosuite,1.0,0.9999907078329328,1.0,1.0,0,0,1.0,0.9705882352941176,1.0,1.0,1.0,0,0,1.0,1.0,1.0,1.0,1.0,0,0,1.0,0.9705882352941176,1.0,1.0,1.0,0,0,1.0,0.9850746268656716,1.0
banknote-authentication,mlp-nosuite,1.0,0.9995782616221618,0.9705882352941176,1.0,0,0,0.9705882352941176,0.9411764705882353,1.0,1.0,1.0,0,0,1.0,1.0,1.0,0.9705882352941176,1.0,0,0,0.9705882352941176,0.9411764705882353,1.0,0.9850746268656716,1.0,0,0,0.9850746268656716,0.9696969696969697,1.0
banknote-authentication,mlp-nosuite,1.0,0.9967715715625176,0.8235294117647058,1.0,0,0,0.9705882352941176,0.9411764705882353,0.9411764705882353,1.0,1.0,0,0,1.0,1.0,1.0,0.8235294117647058,1.0,0,0,0.9705882352941176,0.9411764705882353,0.9411764705882353,0.9032258064516129,1.0,0,0,0.9850746268656716,0.9696969696969697,0.9696969696969697
banknote-authentication,mlp-nosuite,1.0,0.9995319645941872,1.0,0.9705882352941176,0,0,0.8823529411764706,0.8529411764705882,0.8529411764705882,1.0,0.96875,0,0,1.0,1.0,0.9642857142857143,1.0,1.0,0,0,0.8709677419354839,0.8387096774193549,0.8709677419354839,1.0,0.9841269841269841,0,0,0.9310344827586207,0.9122807017543859,0.9152542372881356
banknote-authentication,mlp-nosuite,1.0,0.9999965941274134,1.0,1.0,0,0,0.9705882352941176,0.7058823529411765,0.7941176470588235,1.0,1.0,0,0,0.9583333333333334,0.696969696969697,0.7666666666666667,1.0,1.0,0,0,1.0,1.0,1.0,1.0,1.0,0,0,0.9787234042553191,0.8214285714285715,0.8679245283018869
banknote-authentication,mlp-nosuite,1.0,0.9997851658725867,1.0,1.0,0,0,1.0,1.0,1.0,1.0,1.0,0,0,1.0,1.0,1.0,1.0,1.0,0,0,1.0,1.0,1.0,1.0,1.0,0,0,1.0,1.0,1.0
banknote-authentication,mlp-nosuite,1.0,0.9999687248528396,1.0,1.0,0,0,1.0,1.0,1.0,1.0,1.0,0,0,1.0,1.0,1.0,1.0,1.0,0,0,1.0,1.0,1.0,1.0,1.0,0,0,1.0,1.0,1.0
banknote-authentication,mlp-nosuite,1.0,0.9989479501283376,1.0,1.0,0,0,0.9705882352941176,0.7058823529411765,0.9411764705882353,1.0,1.0,0,0,1.0,0.8275862068965517,0.9354838709677419,1.0,1.0,0,0,0.9655172413793104,0.8275862068965517,1.0,1.0,1.0,0,0,0.9824561403508771,0.8275862068965517,0.9666666666666666
banknote-authentication,mlp-nosuite,1.0,0.999903852748675,1.0,1.0,0,0,1.0,0.9705882352941176,1.0,1.0,1.0,0,0,1.0,1.0,1.0,1.0,1.0,0,0,1.0,0.9705882352941176,1.0,1.0,1.0,0,0,1.0,0.9850746268656716,1.0
banknote-authentication,mlp-nosuite,1.0,0.9593156939090443,0.9705882352941176,1.0,0,0,1.0,0.8823529411764706,0.9117647058823529,1.0,1.0,0,0,1.0,0.8333333333333334,1.0,0.9375,1.0,0,0,1.0,0.9375,0.8125,0.967741935483871,1.0,0,0,1.0,0.8823529411764706,0.896551724137931
banknote-authentication,mlp-nosuite,1.0,0.999892351065744,1.0,0.9705882352941176,0,0,1.0,0.9117647058823529,1.0,1.0,0.9705882352941176,0,0,1.0,0.96875,1.0,1.0,1.0,0,0,1.0,0.9393939393939394,1.0,1.0,0.9850746268656716,0,0,1.0,0.9538461538461539,1.0
banknote-authentication,mlp-nosuite,1.0,0.9999825994563841,1.0,1.0,0,0,0.9117647058823529,1.0,1.0,1.0,1.0,0,0,1.0,1.0,1.0,1.0,1.0,0,0,0.9117647058823529,1.0,1.0,1.0,1.0,0,0,0.9538461538461539,1.0,1.0
banknote-authentication,mlp-nosuite,1.0,0.9998616390009727,0.9705882352941176,1.0,0,0,0.9705882352941176,1.0,1.0,1.0,1.0,0,0,1.0,1.0,1.0,0.9705882352941176,1.0,0,0,0.9705882352941176,1.0,1.0,0.9850746268656716,1.0,0,0,0.9850746268656716,1.0,1.0
banknote-authentication,mlp-nosuite,1.0,0.9847440936365887,1.0,0.9705882352941176,0,0,0.8235294117647058,0.7647058823529411,0.8529411764705882,1.0,0.9705882352941176,0,0,1.0,0.9629629629629629,1.0,1.0,1.0,0,0,0.8181818181818182,0.7878787878787878,0.8484848484848485,1.0,0.9850746268656716,0,0,0.9,0.8666666666666665,0.9180327868852458
banknote-authentication,mlp-nosuite,1.0,0.999598764649163,1.0,0.9705882352941176,0,0,0.9117647058823529,0.7352941176470589,0.8529411764705882,1.0,1.0,0,0,1.0,1.0,1.0,1.0,0.967741935483871,0,0,0.9032258064516129,0.7096774193548387,0.8387096774193549,1.0,0.9836065573770492,0,0,0.9491525423728813,0.8301886792452831,0.9122807017543859
banknote-authentication,mlp-nosuite,1.0,0.9997890372479821,1.0,0.9705882352941176,0,0,0.9705882352941176,0.6764705882352942,1.0,1.0,1.0,0,0,1.0,1.0,1.0,1.0,0.967741935483871,0,0,0.967741935483871,0.6451612903225806,1.0,1.0,0.9836065573770492,0,0,0.9836065573770492,0.7843137254901961,1.0
banknote-authentication,mlp-nosuite,1.0,0.9959960580579492,0.9705882352941176,1.0,0,0,1.0,0.7058823529411765,0.8529411764705882,1.0,1.0,0,0,1.0,1.0,0.9545454545454546,0.96,1.0,0,0,1.0,0.6,0.84,0.9795918367346939,1.0,0,0,1.0,0.7499999999999999,0.8936170212765958
banknote-authentication,mlp-nosuite,1.0,0.9999649128497563,1.0,1.0,0,0,1.0,0.9705882352941176,1.0,1.0,1.0,0,0,1.0,1.0,1.0,1.0,1.0,0,0,1.0,0.9705882352941176,1.0,1.0,1.0,0,0,1.0,0.9850746268656716,1.0
banknote-authentication,mlp-nosuite,1.0,0.9999842347552793,1.0,1.0,0,0,1.0,1.0,1.0,1.0,1.0,0,0,1.0,1.0,1.0,1.0,1.0,0,0,1.0,1.0,1.0,1.0,1.0,0,0,1.0,1.0,1.0
banknote-authentication,mlp-nosuite,1.0,0.9999975413414801,1.0,1.0,0,0,1.0,0.7058823529411765,0.7352941176470589,1.0,1.0,0,0,1.0,0.6875,0.7096774193548387,1.0,1.0,0,0,1.0,1.0,1.0,1.0,1.0,0,0,1.0,0.8148148148148148,0.8301886792452831
banknote-authentication,mlp-nosuite,1.0,0.9958053479484174,0.7941176470588235,0.9705882352941176,0,0,0.9411764705882353,0.6470588235294118,1.0,1.0,0.9696969696969697,0,0,1.0,1.0,1.0,0.78125,1.0,0,0,0.9375,0.625,1.0,0.8771929824561403,0.9846153846153847,0,0,0.967741935483871,0.7692307692307693,1.0
banknote-authentication,mlp-nosuite,1.0,0.9999339841516157,1.0,1.0,0,0,1.0,1.0,1.0,1.0,1.0,0,0,1.0,1.0,1.0,1.0,1.0,0,0,1.0,1.0,1.0,1.0,1.0,0,0,1.0,1.0,1.0
banknote-authentication,mlp-nosuite,1.0,0.9999116842643319,1.0,1.0,0,0,1.0,1.0,1.0,1.0,1.0,0,0,1.0,1.0,1.0,1.0,1.0,0,0,1.0,1.0,1.0,1.0,1.0,0,0,1.0,1.0,1.0
banknote-authentication,mlp-nosuite,1.0,0.8737376421163819,0.9705882352941176,1.0,0,0,1.0,0.6176470588235294,0.9117647058823529,1.0,1.0,0,0,1.0,0.5714285714285714,1.0,0.9285714285714286,1.0,0,0,1.0,0.2857142857142857,0.7857142857142857,0.962962962962963,1.0,0,0,1.0,0.38095238095238093,0.88
banknote-authentication,mlp-nosuite,1.0,0.999922722621713,1.0,1.0,0,0,1.0,1.0,1.0,1.0,1.0,0,0,1.0,1.0,1.0,1.0,1.0,0,0,1.0,1.0,1.0,1.0,1.0,0,0,1.0,1.0,1.0
banknote-authentication,mlp-nosuite,1.0,0.9991779122263149,1.0,1.0,0,0,0.9411764705882353,0.6764705882352942,0.9117647058823529,1.0,1.0,0,0,1.0,1.0,1.0,1.0,1.0,0,0,0.9411764705882353,0.6764705882352942,0.9117647058823529,1.0,1.0,0,0,0.9696969696969697,0.8070175438596492,0.9538461538461539
banknote-authentication,mlp-nosuite,1.0,0.9998863983704348,1.0,1.0,0,0,1.0,0.9705882352941176,1.0,1.0,1.0,0,0,1.0,1.0,1.0,1.0,1.0,0,0,1.0,0.9705882352941176,1.0,1.0,1.0,0,0,1.0,0.9850746268656716,1.0
banknote-authentication,mlp-nosuite,1.0,0.693438046194788,1.0,1.0,0,0,1.0,0.9117647058823529,0.7941176470588235,1.0,1.0,0,0,1.0,0.8333333333333334,1.0,1.0,1.0,0,0,1.0,1.0,0.5333333333333333,1.0,1.0,0,0,1.0,0.9090909090909091,0.6956521739130436
banknote-authentication,mlp-nosuite,1.0,0.9999787367599922,1.0,1.0,0,0,1.0,0.8529411764705882,1.0,1.0,1.0,0,0,1.0,1.0,1.0,1.0,1.0,0,0,1.0,0.8529411764705882,1.0,1.0,1.0,0,0,1.0,0.9206349206349206,1.0
banknote-authentication,mlp-nosuite,1.0,0.9999830581315201,0.9705882352941176,1.0,0,0,1.0,1.0,1.0,1.0,1.0,0,0,1.0,1.0,1.0,0.9705882352941176,1.0,0,0,1.0,1.0,1.0,0.9850746268656716,1.0,0,0,1.0,1.0,1.0
banknote-authentication,mlp-nosuite,1.0,0.9999735141022849,1.0,1.0,0,0,1.0,0.9117647058823529,1.0,1.0,1.0,0,0,1.0,1.0,1.0,1.0,1.0,0,0,1.0,0.9117647058823529,1.0,1.0,1.0,0,0,1.0,0.9538461538461539,1.0
banknote-authentication,mlp-nosuite,1.0,0.9994582287945061,1.0,1.0,0,0,1.0,1.0,0.6176470588235294,1.0,1.0,0,0,1.0,1.0,1.0,1.0,1.0,0,0,1.0,1.0,0.5,1.0,1.0,0,0,1.0,1.0,0.6666666666666666
banknote-authentication,mlp-nosuite,1.0,0.9998488396954847,1.0,1.0,0,0,1.0,1.0,1.0,1.0,1.0,0,0,1.0,1.0,1.0,1.0,1.0,0,0,1.0,1.0,1.0,1.0,1.0,0,0,1.0,1.0,1.0
banknote-authentication,mlp-nosuite,1.0,0.9984030036343169,0.9705882352941176,0.9705882352941176,0,0,1.0,0.7941176470588235,0.9411764705882353,1.0,1.0,0,0,1.0,1.0,1.0,0.9705882352941176,0.9705882352941176,0,0,1.0,0.7941176470588235,0.9411764705882353,0.9850746268656716,0.9850746268656716,0,0,1.0,0.8852459016393442,0.9696969696969697
banknote-authentication,mlp-nosuite,1.0,0.9999184920739265,1.0,1.0,0,0,1.0,1.0,0.9705882352941176,1.0,1.0,0,0,1.0,1.0,1.0,1.0,1.0,0,0,1.0,1.0,0.9705882352941176,1.0,1.0,0,0,1.0,1.0,0.9850746268656716
banknote-authentication,mlp-nosuite,1.0,0.9998511179374847,1.0,1.0,0,0,1.0,0.9705882352941176,1.0,1.0,1.0,0,0,1.0,1.0,1.0,1.0,1.0,0,0,1.0,0.9705882352941176,1.0,1.0,1.0,0,0,1.0,0.9850746268656716,1.0
banknote-authentication,mlp-nosuite,1.0,0.9990029623781582,1.0,1.0,0,0,1.0,0.9411764705882353,1.0,1.0,1.0,0,0,1.0,1.0,1.0,1.0,1.0,0,0,1.0,0.9411764705882353,1.0,1.0,1.0,0,0,1.0,0.9696969696969697,1.0
banknote-authentication,mlp-nosuite,1.0,0.9987745826604794,1.0,1.0,0,0,0.9705882352941176,0.9705882352941176,1.0,1.0,1.0,0,0,1.0,1.0,1.0,1.0,1.0,0,0,0.9705882352941176,0.9705882352941176,1.0,1.0,1.0,0,0,0.9850746268656716,0.9850746268656716,1.0
banknote-authentication,mlp-nosuite,1.0,0.9997748265878384,1.0,1.0,0,0,1.0,1.0,1.0,1.0,1.0,0,0,1.0,1.0,1.0,1.0,1.0,0,0,1.0,1.0,1.0,1.0,1.0,0,0,1.0,1.0,1.0
banknote-authentication,mlp-nosuite,1.0,0.9984740571471774,1.0,0.9705882352941176,0,0,0.9705882352941176,0.5,0.9411764705882353,1.0,0.9705882352941176,0,0,1.0,1.0,1.0,1.0,1.0,0,0,0.9696969696969697,0.48484848484848486,0.9393939393939394,1.0,0.9850746268656716,0,0,0.9846153846153847,0.653061224489796,0.96875
banknote-authentication,mlp-nosuite,1.0,0.9999990842324603,1.0,1.0,0,0,0.9117647058823529,0.8235294117647058,0.9411764705882353,1.0,1.0,0,0,1.0,1.0,0.9285714285714286,1.0,1.0,0,0,0.8846153846153846,0.7692307692307693,1.0,1.0,1.0,0,0,0.9387755102040816,0.8695652173913044,0.962962962962963
banknote-authentication,mlp-nosuite,1.0,0.7971286316254512,0.9705882352941176,1.0,0,0,1.0,0.8235294117647058,0.9705882352941176,1.0,1.0,0,0,1.0,0.7222222222222222,1.0,0.9285714285714286,1.0,0,0,1.0,0.9285714285714286,0.9285714285714286,0.962962962962963,1.0,0,0,1.0,0.8125000000000001,0.962962962962963
banknote-authentication,mlp-nosuite,1.0,0.989043917807739,1.0,0.9705882352941176,0,0,1.0,0.9117647058823529,1.0,1.0,1.0,0,0,1.0,0.8636363636363636,1.0,1.0,0.9473684210526315,0,0,1.0,1.0,1.0,1.0,0.972972972972973,0,0,1.0,0.9268292682926829,1.0
banknote-authentication,mlp-nosuite,1.0,0.9996782189483133,0.9117647058823529,1.0,0,0,1.0,0.7647058823529411,1.0,1.0,1.0,0,0,1.0,1.0,1.0,0.9117647058823529,1.0,0,0,1.0,0.7647058823529411,1.0,0.9538461538461539,1.0,0,0,1.0,0.8666666666666666,1.0
banknote-authentication,mlp-nosuite,1.0,0.9987690347026392,1.0,1.0,0,0,0.9705882352941176,1.0,0.8529411764705882,1.0,1.0,0,0,1.0,1.0,0.8529411764705882,1.0,1.0,0,0,0.9655172413793104,1.0,1.0,1.0,1.0,0,0,0.9824561403508771,1.0,0.9206349206349206
banknote-authentication,mlp-nosuite,1.0,0.9999563347188299,1.0,1.0,0,0,1.0,0.7647058823529411,1.0,1.0,1.0,0,0,1.0,1.0,1.0,1.0,1.0,0,0,1.0,0.7647058823529411,1.0,1.0,1.0,0,0,1.0,0.8666666666666666,1.0
banknote-authentication,mlp-nosuite,1.0,0.9984620988618204,0.8235294117647058,0.9705882352941176,0,0,0.9411764705882353,0.9411764705882353,0.9411764705882353,1.0,1.0,0,0,1.0,1.0,0.9411764705882353,0.8125,0.96875,0,0,0.9375,0.9375,1.0,0.896551724137931,0.9841269841269841,0,0,0.967741935483871,0.967741935483871,0.9696969696969697
banknote-authentication,mlp-nosuite,1.0,0.9999828097080098,1.0,1.0,0,0,1.0,0.9705882352941176,1.0,1.0,1.0,0,0,1.0,1.0,1.0,1.0,1.0,0,0,1.0,0.9705882352941176,1.0,1.0,1.0,0,0,1.0,0.9850746268656716,1.0
banknote-authentication,mlp-nosuite,1.0,0.999153502060915,1.0,1.0,0,0,1.0,0.7647058823529411,0.8235294117647058,1.0,1.0,0,0,1.0,1.0,1.0,1.0,1.0,0,0,1.0,0.7142857142857143,0.7857142857142857,1.0,1.0,0,0,1.0,0.8333333333333333,0.88
volcanoes-a2,mlp-nosuite,0.9433497536945813,0.9782251496488819,1.0,1.0,0,0,1.0,1.0,,1.0,1.0,0,0,1.0,1.0,,1.0,1.0,0,0,1.0,1.0,,1.0,1.0,0,0,1.0,1.0,
volcanoes-a2,mlp-nosuite,0.9433497536945813,0.9815804504993686,1.0,1.0,0,0,1.0,1.0,1.0,1.0,1.0,0,0,1.0,1.0,1.0,1.0,1.0,0,0,1.0,1.0,1.0,1.0,1.0,0,0,1.0,1.0,1.0
volcanoes-a2,mlp-nosuite,0.9433497536945813,0.9998506497983246,1.0,1.0,0,0,1.0,1.0,,1.0,1.0,0,0,1.0,1.0,,1.0,1.0,0,0,1.0,1.0,,1.0,1.0,0,0,1.0,1.0,
volcanoes-a2,mlp-nosuite,0.9433497536945813,0.9962046156075793,1.0,1.0,0,0,1.0,1.0,1.0,1.0,1.0,0,0,1.0,1.0,1.0,1.0,1.0,0,0,1.0,1.0,1.0,1.0,1.0,0,0,1.0,1.0,1.0
volcanoes-a2,mlp-nosuite,0.9433497536945813,0.9187588235942447,1.0,1.0,0,0,1.0,1.0,1.0,1.0,1.0,0,0,1.0,1.0,1.0,1.0,1.0,0,0,1.0,1.0,1.0,1.0,1.0,0,0,1.0,1.0,1.0
volcanoes-a2,mlp-nosuite,0.9433497536945813,0.9997999167495963,1.0,1.0,0,0,1.0,1.0,,1.0,1.0,0,0,1.0,1.0,,1.0,1.0,0,0,1.0,1.0,,1.0,1.0,0,0,1.0,1.0,
volcanoes-a2,mlp-nosuite,0.9433497536945813,0.989074460738342,1.0,1.0,0,0,1.0,1.0,1.0,1.0,1.0,0,0,1.0,1.0,1.0,1.0,1.0,0,0,1.0,1.0,1.0,1.0,1.0,0,0,1.0,1.0,1.0
volcanoes-a2,mlp-nosuite,0.9433497536945813,0.9981742330825621,1.0,1.0,0,0,1.0,1.0,1.0,1.0,1.0,0,0,1.0,1.0,1.0,1.0,1.0,0,0,1.0,1.0,1.0,1.0,1.0,0,0,1.0,1.0,1.0
volcanoes-a2,mlp-nosuite,0.9433497536945813,0.9906324637071022,1.0,1.0,0,0,1.0,1.0,1.0,1.0,1.0,0,0,1.0,1.0,1.0,1.0,1.0,0,0,1.0,1.0,1.0,1.0,1.0,0,0,1.0,1.0,1.0
volcanoes-a2,mlp-nosuite,0.9433497536945813,0.9865966469254835,1.0,1.0,0,0,1.0,1.0,,1.0,1.0,0,0,1.0,1.0,,1.0,1.0,0,0,1.0,1.0,,1.0,1.0,0,0,1.0,1.0,
volcanoes-a2,mlp-nosuite,0.9433497536945813,0.633371254134434,0.9,0.975,0,0,0.925,0.675,,0.9,0.975,0,0,0.925,0.675,,0.9,0.975,0,0,0.925,0.675,,0.9,0.975,0,0,0.925,0.675,
volcanoes-a2,mlp-nosuite,0.9433497536945813,0.9964563357624171,1.0,1.0,0,0,1.0,1.0,,1.0,1.0,0,0,1.0,1.0,,1.0,1.0,0,0,1.0,1.0,,1.0,1.0,0,0,1.0,1.0,
volcanoes-a2,mlp-nosuite,0.9433497536945813,0.8381184763763451,1.0,1.0,0,0,1.0,0.925,,1.0,1.0,0,0,1.0,0.925,,1.0,1.0,0,0,1.0,0.925,,1.0,1.0,0,0,1.0,0.925,
volcanoes-a2,mlp-nosuite,0.9433497536945813,0.67709939715083,1.0,1.0,0,0,1.0,0.7,1.0,1.0,1.0,0,0,1.0,0.7,1.0,1.0,1.0,0,0,1.0,0.7,1.0,1.0,1.0,0,0,1.0,0.7,1.0
volcanoes-a2,mlp-nosuite,0.9433497536945813,0.9996379819155685,1.0,1.0,0,0,1.0,1.0,1.0,1.0,1.0,0,0,1.0,1.0,1.0,1.0,1.0,0,0,1.0,1.0,1.0,1.0,1.0,0,0,1.0,1.0,1.0
volcanoes-a2,mlp-nosuite,0.9433497536945813,0.9953403830891304,1.0,1.0,0,0,1.0,1.0,1.0,1.0,1.0,0,0,1.0,1.0,1.0,1.0,1.0,0,0,1.0,1.0,1.0,1.0,1.0,0,0,1.0,1.0,1.0
volcanoes-a2,mlp-nosuite,0.9433497536945813,0.996003238156051,1.0,1.0,0,0,1.0,1.0,1.0,1.0,1.0,0,0,1.0,1.0,1.0,1.0,1.0,0,0,1.0,1.0,1.0,1.0,1.0,0,0,1.0,1.0,1.0
volcanoes-a2,mlp-nosuite,0.9433497536945813,0.9399723002359562,1.0,1.0,0,0,1.0,1.0,1.0,1.0,1.0,0,0,1.0,1.0,1.0,1.0,1.0,0,0,1.0,1.0,1.0,1.0,1.0,0,0,1.0,1.0,1.0
volcanoes-a2,mlp-nosuite,0.9433497536945813,0.974767025409524,1.0,1.0,0,0,1.0,0.975,,1.0,1.0,0,0,1.0,0.975,,1.0,1.0,0,0,1.0,0.975,,1.0,1.0,0,0,1.0,0.975,
volcanoes-a2,mlp-nosuite,0.9433497536945813,0.9979545825214355,1.0,1.0,0,0,1.0,1.0,1.0,1.0,1.0,0,0,1.0,1.0,1.0,1.0,1.0,0,0,1.0,1.0,1.0,1.0,1.0,0,0,1.0,1.0,1.0
volcanoes-a2,mlp-nosuite,0.9433497536945813,0.9960337181265542,1.0,1.0,0,0,1.0,1.0,1.0,1.0,1.0,0,0,1.0,1.0,1.0,1.0,1.0,0,0,1.0,1.0,1.0,1.0,1.0,0,0,1.0,1.0,1.0
volcanoes-a2,mlp-nosuite,0.9433497536945813,0.9978145903838026,1.0,1.0,0,0,1.0,1.0,,1.0,1.0,0,0,1.0,1.0,,1.0,1.0,0,0,1.0,1.0,,1.0,1.0,0,0,1.0,1.0,
volcanoes-a2,mlp-nosuite,0.9433497536945813,0.9996019014590145,1.0,1.0,0,0,1.0,1.0,1.0,1.0,1.0,0,0,1.0,1.0,1.0,1.0,1.0,0,0,1.0,1.0,1.0,1.0,1.0,0,0,1.0,1.0,1.0
volcanoes-a2,mlp-nosuite,0.9433497536945813,0.9807756265890305,1.0,1.0,0,0,1.0,0.775,1.0,1.0,1.0,0,0,1.0,0.775,1.0,1.0,1.0,0,0,1.0,0.775,1.0,1.0,1.0,0,0,1.0,0.775,1.0
volcanoes-a2,mlp-nosuite,0.9433497536945813,0.9770492593122131,1.0,1.0,0,0,1.0,1.0,1.0,1.0,1.0,0,0,1.0,1.0,1.0,1.0,1.0,0,0,1.0,1.0,1.0,1.0,1.0,0,0,1.0,1.0,1.0
volcanoes-a2,mlp-nosuite,0.9433497536945813,0.9967116059741407,1.0,1.0,0,0,1.0,1.0,1.0,1.0,1.0,0,0,1.0,1.0,1.0,1.0,1.0,0,0,1.0,1.0,1.0,1.0,1.0,0,0,1.0,1.0,1.0
volcanoes-a2,mlp-nosuite,0.9433497536945813,0.9992005875898786,1.0,1.0,0,0,1.0,1.0,,1.0,1.0,0,0,1.0,1.0,,1.0,1.0,0,0,1.0,1.0,,1.0,1.0,0,0,1.0,1.0,
volcanoes-a2,mlp-nosuite,0.9433497536945813,0.9907716147062658,1.0,1.0,0,0,1.0,1.0,1.0,1.0,1.0,0,0,1.0,1.0,1.0,1.0,1.0,0,0,1.0,1.0,1.0,1.0,1.0,0,0,1.0,1.0,1.0
volcanoes-a2,mlp-nosuite,0.9433497536945813,0.9993988936728587,1.0,1.0,0,0,1.0,0.725,1.0,1.0,1.0,0,0,1.0,0.725,1.0,1.0,1.0,0,0,1.0,0.725,1.0,1.0,1.0,0,0,1.0,0.7250000000000001,1.0
volcanoes-a2,mlp-nosuite,0.9433497536945813,0.9945112246052255,1.0,1.0,0,0,1.0,1.0,1.0,1.0,1.0,0,0,1.0,1.0,1.0,1.0,1.0,0,0,1.0,1.0,1.0,1.0,1.0,0,0,1.0,1.0,1.0
volcanoes-a2,mlp-nosuite,0.9433497536945813,0.9967629457569558,1.0,1.0,0,0,0.975,1.0,,1.0,1.0,0,0,0.975,1.0,,1.0,1.0,0,0,0.975,1.0,,1.0,1.0,0,0,0.975,1.0,
volcanoes-a2,mlp-nosuite,0.9433497536945813,0.9997756410819659,1.0,1.0,0,0,1.0,1.0,,1.0,1.0,0,0,1.0,1.0,,1.0,1.0,0,0,1.0,1.0,,1.0,1.0,0,0,1.0,1.0,
volcanoes-a2,mlp-nosuite,0.9433497536945813,0.95917891984778,1.0,1.0,0,0,1.0,1.0,,1.0,1.0,0,0,1.0,1.0,,1.0,1.0,0,0,1.0,1.0,,1.0,1.0,0,0,1.0,1.0,
volcanoes-a2,mlp-nosuite,0.9433497536945813,0.9997389252387225,1.0,1.0,0,0,1.0,1.0,,1.0,1.0,0,0,1.0,1.0,,1.0,1.0,0,0,1.0,1.0,,1.0,1.0,0,0,1.0,1.0,
volcanoes-a2,mlp-nosuite,0.9433497536945813,0.9952232981417839,1.0,1.0,0,0,1.0,0.925,1.0,1.0,1.0,0,0,1.0,0.925,1.0,1.0,1.0,0,0,1.0,0.925,1.0,1.0,1.0,0,0,1.0,0.925,1.0
volcanoes-a2,mlp-nosuite,0.9433497536945813,0.9949308525243776,1.0,1.0,0,0,1.0,1.0,,1.0,1.0,0,0,1.0,1.0,,1.0,1.0,0,0,1.0,1.0,,1.0,1.0,0,0,1.0,1.0,
volcanoes-a2,mlp-nosuite,0.9433497536945813,0.9936453478922993,1.0,1.0,0,0,1.0,1.0,,1.0,1.0,0,0,1.0,1.0,,1.0,1.0,0,0,1.0,1.0,,1.0,1.0,0,0,1.0,1.0,
volcanoes-a2,mlp-nosuite,0.9433497536945813,0.3115257813382541,0.725,0.725,0,0,0.925,0.8,0.925,0.725,0.725,0,0,0.925,0.8,0.925,0.725,0.725,0,0,0.925,0.8,0.925,0.7250000000000001,0.7250000000000001,0,0,0.925,0.8000000000000002,0.925
volcanoes-a2,mlp-nosuite,0.9433497536945813,0.9991626112019232,1.0,1.0,0,0,1.0,1.0,,1.0,1.0,0,0,1.0,1.0,,1.0,1.0,0,0,1.0,1.0,,1.0,1.0,0,0,1.0,1.0,
volcanoes-a2,mlp-nosuite,0.9433497536945813,0.9260206381917542,1.0,1.0,0,0,1.0,0.875,,1.0,1.0,0,0,1.0,0.875,,1.0,1.0,0,0,1.0,0.875,,1.0,1.0,0,0,1.0,0.875,
volcanoes-a2,mlp-nosuite,0.9433497536945813,0.999040609600252,1.0,1.0,0,0,1.0,1.0,,1.0,1.0,0,0,1.0,1.0,,1.0,1.0,0,0,1.0,1.0,,1.0,1.0,0,0,1.0,1.0,
volcanoes-a2,mlp-nosuite,0.9433497536945813,0.994854503114586,1.0,1.0,0,0,1.0,1.0,1.0,1.0,1.0,0,0,1.0,1.0,1.0,1.0,1.0,0,0,1.0,1.0,1.0,1.0,1.0,0,0,1.0,1.0,1.0
volcanoes-a2,mlp-nosuite,0.9433497536945813,0.9788847631133493,1.0,1.0,0,0,1.0,1.0,1.0,1.0,1.0,0,0,1.0,1.0,1.0,1.0,1.0,0,0,1.0,1.0,1.0,1.0,1.0,0,0,1.0,1.0,1.0
volcanoes-a2,mlp-nosuite,0.9433497536945813,0.9980893903223783,1.0,1.0,0,0,1.0,1.0,,1.0,1.0,0,0,1.0,1.0,,1.0,1.0,0,0,1.0,1.0,,1.0,1.0,0,0,1.0,1.0,
volcanoes-a2,mlp-nosuite,0.9433497536945813,0.9998837209201417,1.0,1.0,0,0,1.0,1.0,1.0,1.0,1.0,0,0,1.0,1.0,1.0,1.0,1.0,0,0,1.0,1.0,1.0,1.0,1.0,0,0,1.0,1.0,1.0
volcanoes-a2,mlp-nosuite,0.9433497536945813,0.2728039328296244,0.725,0.85,0,0,0.875,0.775,0.9,0.725,0.85,0,0,0.875,0.775,0.9,0.725,0.85,0,0,0.875,0.775,0.9,0.7250000000000001,0.85,0,0,0.875,0.775,0.9
volcanoes-a2,mlp-nosuite,0.9433497536945813,0.9981909648325273,1.0,1.0,0,0,1.0,1.0,,1.0,1.0,0,0,1.0,1.0,,1.0,1.0,0,0,1.0,1.0,,1.0,1.0,0,0,1.0,1.0,
volcanoes-a2,mlp-nosuite,0.9433497536945813,0.8947264005783525,1.0,1.0,0,0,1.0,0.975,1.0,1.0,1.0,0,0,1.0,0.975,1.0,1.0,1.0,0,0,1.0,0.975,1.0,1.0,1.0,0,0,1.0,0.975,1.0
volcanoes-a2,mlp-nosuite,0.9433497536945813,0.9929508336729344,1.0,1.0,0,0,1.0,1.0,1.0,1.0,1.0,0,0,1.0,1.0,1.0,1.0,1.0,0,0,1.0,1.0,1.0,1.0,1.0,0,0,1.0,1.0,1.0
volcanoes-a2,mlp-nosuite,0.9433497536945813,0.9477544368743355,1.0,1.0,0,0,1.0,1.0,1.0,1.0,1.0,0,0,1.0,1.0,1.0,1.0,1.0,0,0,1.0,1.0,1.0,1.0,1.0,0,0,1.0,1.0,1.0
volcanoes-a3,mlp-nosuite,0.9028871391076115,0.7563212533966024,0.9736842105263158,0.9473684210526315,0,0,0.9736842105263158,0.7894736842105263,,0.9736842105263158,0.9473684210526315,0,0,0.9736842105263158,0.7894736842105263,,0.9736842105263158,0.9473684210526315,0,0,0.9736842105263158,0.7894736842105263,,0.9736842105263158,0.9473684210526315,0,0,0.9736842105263158,0.7894736842105263,
volcanoes-a3,mlp-nosuite,0.9028871391076115,0.9750776702663615,1.0,1.0,0,0,1.0,1.0,1.0,1.0,1.0,0,0,1.0,1.0,1.0,1.0,1.0,0,0,1.0,1.0,1.0,1.0,1.0,0,0,1.0,1.0,1.0
volcanoes-a3,mlp-nosuite,0.9028871391076115,0.3496253328195154,0.9210526315789473,0.8947368421052632,0,0,0.8947368421052632,0.868421052631579,,0.9210526315789473,0.8947368421052632,0,0,0.8947368421052632,0.868421052631579,,0.9210526315789473,0.8947368421052632,0,0,0.8947368421052632,0.868421052631579,,0.9210526315789473,0.8947368421052632,0,0,0.8947368421052632,0.868421052631579,
volcanoes-a3,mlp-nosuite,0.9028871391076115,0.9985746659744257,1.0,1.0,0,0,1.0,1.0,,1.0,1.0,0,0,1.0,1.0,,1.0,1.0,0,0,1.0,1.0,,1.0,1.0,0,0,1.0,1.0,
volcanoes-a3,mlp-nosuite,0.9028871391076115,0.9995681742965264,1.0,1.0,0,0,1.0,0.9736842105263158,,1.0,1.0,0,0,1.0,0.9736842105263158,,1.0,1.0,0,0,1.0,0.9736842105263158,,1.0,1.0,0,0,1.0,0.9736842105263158,
volcanoes-a3,mlp-nosuite,0.9028871391076115,0.9949454596316676,1.0,1.0,0,0,1.0,1.0,1.0,1.0,1.0,0,0,1.0,1.0,1.0,1.0,1.0,0,0,1.0,1.0,1.0,1.0,1.0,0,0,1.0,1.0,1.0
volcanoes-a3,mlp-nosuite,0.9028871391076115,0.9771246664948525,1.0,1.0,0,0,1.0,0.9473684210526315,1.0,1.0,1.0,0,0,1.0,0.9473684210526315,1.0,1.0,1.0,0,0,1.0,0.9473684210526315,1.0,1.0,1.0,0,0,1.0,0.9473684210526315,1.0
volcanoes-a3,mlp-nosuite,0.9028871391076115,0.9959797531475649,1.0,1.0,0,0,1.0,1.0,1.0,1.0,1.0,0,0,1.0,1.0,1.0,1.0,1.0,0,0,1.0,1.0,1.0,1.0,1.0,0,0,1.0,1.0,1.0
volcanoes-a3,mlp-nosuite,0.9028871391076115,0.9690080778245048,1.0,1.0,0,0,1.0,0.8421052631578947,1.0,1.0,1.0,0,0,1.0,0.8421052631578947,1.0,1.0,1.0,0,0,1.0,0.8421052631578947,1.0,1.0,1.0,0,0,1.0,0.8421052631578947,1.0
volcanoes-a3,mlp-nosuite,0.9028871391076115,0.9892662101381365,1.0,1.0,0,0,1.0,0.9210526315789473,1.0,1.0,1.0,0,0,1.0,0.9210526315789473,1.0,1.0,1.0,0,0,1.0,0.9210526315789473,1.0,1.0,1.0,0,0,1.0,0.9210526315789473,1.0
volcanoes-a3,mlp-nosuite,0.9028871391076115,0.9939452190236018,1.0,1.0,0,0,1.0,1.0,1.0,1.0,1.0,0,0,1.0,1.0,1.0,1.0,1.0,0,0,1.0,1.0,1.0,1.0,1.0,0,0,1.0,1.0,1.0
volcanoes-a3,mlp-nosuite,0.9028871391076115,0.6313906734607525,0.9736842105263158,0.9736842105263158,0,0,1.0,1.0,1.0,0.9736842105263158,0.9736842105263158,0,0,1.0,1.0,1.0,0.9736842105263158,0.9736842105263158,0,0,1.0,1.0,1.0,0.9736842105263158,0.9736842105263158,0,0,1.0,1.0,1.0
volcanoes-a3,mlp-nosuite,0.9028871391076115,0.9169104246764908,1.0,1.0,0,0,1.0,1.0,,1.0,1.0,0,0,1.0,1.0,,1.0,1.0,0,0,1.0,1.0,,1.0,1.0,0,0,1.0,1.0,
volcanoes-a3,mlp-nosuite,0.9028871391076115,0.6264534726696457,0.9736842105263158,0.9736842105263158,0,0,0.9210526315789473,0.9210526315789473,,0.9736842105263158,0.9736842105263158,0,0,0.9210526315789473,0.9210526315789473,,0.9736842105263158,0.9736842105263158,0,0,0.9210526315789473,0.9210526315789473,,0.9736842105263158,0.9736842105263158,0,0,0.9210526315789473,0.9210526315789473,
volcanoes-a3,mlp-nosuite,0.9028871391076115,0.8932748151892194,1.0,1.0,0,0,1.0,1.0,,1.0,1.0,0,0,1.0,1.0,,1.0,1.0,0,0,1.0,1.0,,1.0,1.0,0,0,1.0,1.0,
volcanoes-a3,mlp-nosuite,0.9028871391076115,0.9591714735520005,1.0,1.0,0,0,1.0,1.0,1.0,1.0,1.0,0,0,1.0,1.0,1.0,1.0,1.0,0,0,1.0,1.0,1.0,1.0,1.0,0,0,1.0,1.0,1.0
volcanoes-a3,mlp-nosuite,0.9028871391076115,0.9719715008293233,1.0,1.0,0,0,1.0,1.0,1.0,1.0,1.0,0,0,1.0,1.0,1.0,1.0,1.0,0,0,1.0,1.0,1.0,1.0,1.0,0,0,1.0,1.0,1.0
volcanoes-a3,mlp-nosuite,0.9028871391076115,0.9955350684177163,1.0,1.0,0,0,1.0,1.0,1.0,1.0,1.0,0,0,1.0,1.0,1.0,1.0,1.0,0,0,1.0,1.0,1.0,1.0,1.0,0,0,1.0,1.0,1.0
volcanoes-a3,mlp-nosuite,0.9028871391076115,0.9922723923477218,1.0,1.0,0,0,1.0,1.0,,1.0,1.0,0,0,1.0,1.0,,1.0,1.0,0,0,1.0,1.0,,1.0,1.0,0,0,1.0,1.0,
volcanoes-a3,mlp-nosuite,0.9028871391076115,0.9876807913273024,1.0,1.0,0,0,1.0,1.0,1.0,1.0,1.0,0,0,1.0,1.0,1.0,1.0,1.0,0,0,1.0,1.0,1.0,1.0,1.0,0,0,1.0,1.0,1.0
volcanoes-a3,mlp-nosuite,0.9028871391076115,0.9977777893364496,1.0,1.0,0,0,1.0,1.0,1.0,1.0,1.0,0,0,1.0,1.0,1.0,1.0,1.0,0,0,1.0,1.0,1.0,1.0,1.0,0,0,1.0,1.0,1.0
volcanoes-a3,mlp-nosuite,0.9028871391076115,0.8811733817087293,1.0,1.0,0,0,1.0,1.0,1.0,1.0,1.0,0,0,1.0,1.0,1.0,1.0,1.0,0,0,1.0,1.0,1.0,1.0,1.0,0,0,1.0,1.0,1.0
volcanoes-a3,mlp-nosuite,0.9028871391076115,0.9871155093247405,1.0,1.0,0,0,1.0,1.0,1.0,1.0,1.0,0,0,1.0,1.0,1.0,1.0,1.0,0,0,1.0,1.0,1.0,1.0,1.0,0,0,1.0,1.0,1.0
volcanoes-a3,mlp-nosuite,0.9028871391076115,0.5888976016599845,1.0,1.0,0,0,0.9736842105263158,1.0,,1.0,1.0,0,0,0.9736842105263158,1.0,,1.0,1.0,0,0,0.9736842105263158,1.0,,1.0,1.0,0,0,0.9736842105263158,1.0,
volcanoes-a3,mlp-nosuite,0.9028871391076115,0.9957176445447736,1.0,1.0,0,0,1.0,1.0,,1.0,1.0,0,0,1.0,1.0,,1.0,1.0,0,0,1.0,1.0,,1.0,1.0,0,0,1.0,1.0,
volcanoes-a3,mlp-nosuite,0.9028871391076115,0.9954693050519018,1.0,1.0,0,0,1.0,1.0,1.0,1.0,1.0,0,0,1.0,1.0,1.0,1.0,1.0,0,0,1.0,1.0,1.0,1.0,1.0,0,0,1.0,1.0,1.0
volcanoes-a3,mlp-nosuite,0.9028871391076115,0.8284062829710597,1.0,1.0,0,0,1.0,1.0,1.0,1.0,1.0,0,0,1.0,1.0,1.0,1.0,1.0,0,0,1.0,1.0,1.0,1.0,1.0,0,0,1.0,1.0,1.0
volcanoes-a3,mlp-nosuite,0.9028871391076115,0.9980306295055987,1.0,1.0,0,0,1.0,1.0,,1.0,1.0,0,0,1.0,1.0,,1.0,1.0,0,0,1.0,1.0,,1.0,1.0,0,0,1.0,1.0,
volcanoes-a3,mlp-nosuite,0.9028871391076115,0.9980294072868596,1.0,1.0,0,0,1.0,1.0,1.0,1.0,1.0,0,0,1.0,1.0,1.0,1.0,1.0,0,0,1.0,1.0,1.0,1.0,1.0,0,0,1.0,1.0,1.0
volcanoes-a3,mlp-nosuite,0.9028871391076115,0.9984371970054886,1.0,1.0,0,0,1.0,1.0,1.0,1.0,1.0,0,0,1.0,1.0,1.0,1.0,1.0,0,0,1.0,1.0,1.0,1.0,1.0,0,0,1.0,1.0,1.0
volcanoes-a3,mlp-nosuite,0.9028871391076115,0.9994733913511901,1.0,1.0,0,0,1.0,1.0,1.0,1.0,1.0,0,0,1.0,1.0,1.0,1.0,1.0,0,0,1.0,1.0,1.0,1.0,1.0,0,0,1.0,1.0,1.0
volcanoes-a3,mlp-nosuite,0.9028871391076115,0.9959888211728462,1.0,1.0,0,0,1.0,0.9736842105263158,1.0,1.0,1.0,0,0,1.0,0.9736842105263158,1.0,1.0,1.0,0,0,1.0,0.9736842105263158,1.0,1.0,1.0,0,0,1.0,0.9736842105263158,1.0
volcanoes-a3,mlp-nosuite,0.9028871391076115,0.7993785073995411,1.0,1.0,0,0,0.9736842105263158,1.0,,1.0,1.0,0,0,0.9736842105263158,1.0,,1.0,1.0,0,0,0.9736842105263158,1.0,,1.0,1.0,0,0,0.9736842105263158,1.0,
volcanoes-a3,mlp-nosuite,0.9028871391076115,0.980845019111347,1.0,1.0,0,0,1.0,1.0,1.0,1.0,1.0,0,0,1.0,1.0,1.0,1.0,1.0,0,0,1.0,1.0,1.0,1.0,1.0,0,0,1.0,1.0,1.0
volcanoes-a3,mlp-nosuite,0.9028871391076115,0.9996341633709566,1.0,1.0,0,0,1.0,1.0,,1.0,1.0,0,0,1.0,1.0,,1.0,1.0,0,0,1.0,1.0,,1.0,1.0,0,0,1.0,1.0,
volcanoes-a3,mlp-nosuite,0.9028871391076115,0.8715717713086881,1.0,1.0,0,0,1.0,0.9210526315789473,1.0,1.0,1.0,0,0,1.0,0.9210526315789473,1.0,1.0,1.0,0,0,1.0,0.9210526315789473,1.0,1.0,1.0,0,0,1.0,0.9210526315789473,1.0
volcanoes-a3,mlp-nosuite,0.9028871391076115,0.94351585572234,1.0,1.0,0,0,1.0,1.0,1.0,1.0,1.0,0,0,1.0,1.0,1.0,1.0,1.0,0,0,1.0,1.0,1.0,1.0,1.0,0,0,1.0,1.0,1.0
volcanoes-a3,mlp-nosuite,0.9028871391076115,0.9925145157060258,1.0,1.0,0,0,1.0,1.0,1.0,1.0,1.0,0,0,1.0,1.0,1.0,1.0,1.0,0,0,1.0,1.0,1.0,1.0,1.0,0,0,1.0,1.0,1.0
volcanoes-a3,mlp-nosuite,0.9028871391076115,0.7451412352749462,1.0,1.0,0,0,1.0,0.9736842105263158,,1.0,1.0,0,0,1.0,0.9736842105263158,,1.0,1.0,0,0,1.0,0.9736842105263158,,1.0,1.0,0,0,1.0,0.9736842105263158,
volcanoes-a3,mlp-nosuite,0.9028871391076115,0.9948759015605063,1.0,1.0,0,0,1.0,1.0,,1.0,1.0,0,0,1.0,1.0,,1.0,1.0,0,0,1.0,1.0,,1.0,1.0,0,0,1.0,1.0,
volcanoes-a3,mlp-nosuite,0.9028871391076115,0.9980710471788452,1.0,1.0,0,0,1.0,1.0,1.0,1.0,1.0,0,0,1.0,1.0,1.0,1.0,1.0,0,0,1.0,1.0,1.0,1.0,1.0,0,0,1.0,1.0,1.0
volcanoes-a3,mlp-nosuite,0.9028871391076115,0.3733548049251307,0.8157894736842105,0.6842105263157895,0,0,0.7631578947368421,0.8157894736842105,0.7631578947368421,0.8157894736842105,0.6842105263157895,0,0,0.7631578947368421,0.8157894736842105,0.7631578947368421,0.8157894736842105,0.6842105263157895,0,0,0.7631578947368421,0.8157894736842105,0.7631578947368421,0.8157894736842104,0.6842105263157895,0,0,0.7631578947368421,0.8157894736842104,0.7631578947368421
volcanoes-a3,mlp-nosuite,0.9028871391076115,0.996123193056777,1.0,1.0,0,0,1.0,1.0,1.0,1.0,1.0,0,0,1.0,1.0,1.0,1.0,1.0,0,0,1.0,1.0,1.0,1.0,1.0,0,0,1.0,1.0,1.0
volcanoes-a3,mlp-nosuite,0.9028871391076115,0.9984817514019426,1.0,1.0,0,0,1.0,0.7894736842105263,,1.0,1.0,0,0,1.0,0.7894736842105263,,1.0,1.0,0,0,1.0,0.7894736842105263,,1.0,1.0,0,0,1.0,0.7894736842105263,
volcanoes-a3,mlp-nosuite,0.9028871391076115,0.9643796453109553,1.0,1.0,0,0,1.0,0.9473684210526315,1.0,1.0,1.0,0,0,1.0,0.9473684210526315,1.0,1.0,1.0,0,0,1.0,0.9473684210526315,1.0,1.0,1.0,0,0,1.0,0.9473684210526315,1.0
volcanoes-a3,mlp-nosuite,0.9028871391076115,0.9972305584462509,1.0,1.0,0,0,1.0,1.0,,1.0,1.0,0,0,1.0,1.0,,1.0,1.0,0,0,1.0,1.0,,1.0,1.0,0,0,1.0,1.0,
volcanoes-a3,mlp-nosuite,0.9028871391076115,0.9894640972982238,1.0,1.0,0,0,1.0,1.0,1.0,1.0,1.0,0,0,1.0,1.0,1.0,1.0,1.0,0,0,1.0,1.0,1.0,1.0,1.0,0,0,1.0,1.0,1.0
volcanoes-a3,mlp-nosuite,0.9028871391076115,0.9942036378166053,1.0,1.0,0,0,1.0,0.5789473684210527,1.0,1.0,1.0,0,0,1.0,0.5789473684210527,1.0,1.0,1.0,0,0,1.0,0.5789473684210527,1.0,1.0,1.0,0,0,1.0,0.5789473684210527,1.0
volcanoes-a3,mlp-nosuite,0.9028871391076115,0.9986474951989138,1.0,1.0,0,0,1.0,1.0,,1.0,1.0,0,0,1.0,1.0,,1.0,1.0,0,0,1.0,1.0,,1.0,1.0,0,0,1.0,1.0,
volcanoes-a3,mlp-nosuite,0.9028871391076115,0.9888018631767314,1.0,1.0,0,0,1.0,1.0,,1.0,1.0,0,0,1.0,1.0,,1.0,1.0,0,0,1.0,1.0,,1.0,1.0,0,0,1.0,1.0,
volcanoes-a4,mlp-nosuite,0.9076517150395779,0.9982237351622875,1.0,1.0,0,0,1.0,0.7567567567567568,1.0,1.0,1.0,0,0,1.0,0.7567567567567568,1.0,1.0,1.0,0,0,1.0,0.7567567567567568,1.0,1.0,1.0,0,0,1.0,0.7567567567567567,1.0
volcanoes-a4,mlp-nosuite,0.9076517150395779,0.9868592422134926,1.0,1.0,0,0,1.0,1.0,,1.0,1.0,0,0,1.0,1.0,,1.0,1.0,0,0,1.0,1.0,,1.0,1.0,0,0,1.0,1.0,
volcanoes-a4,mlp-nosuite,0.9076517150395779,0.9793692092636617,1.0,1.0,0,0,1.0,1.0,1.0,1.0,1.0,0,0,1.0,1.0,1.0,1.0,1.0,0,0,1.0,1.0,1.0,1.0,1.0,0,0,1.0,1.0,1.0
volcanoes-a4,mlp-nosuite,0.9076517150395779,0.9925492927228277,1.0,1.0,0,0,1.0,,,1.0,1.0,0,0,1.0,,,1.0,1.0,0,0,1.0,,,1.0,1.0,0,0,1.0,,
volcanoes-a4,mlp-nosuite,0.9076517150395779,0.38711613432357367,0.8918918918918919,0.972972972972973,0,0,0.8648648648648649,0.7027027027027027,0.43243243243243246,0.8918918918918919,0.972972972972973,0,0,0.8648648648648649,0.7027027027027027,0.43243243243243246,0.8918918918918919,0.972972972972973,0,0,0.8648648648648649,0.7027027027027027,0.43243243243243246,0.8918918918918919,0.972972972972973,0,0,0.8648648648648649,0.7027027027027027,0.43243243243243246
volcanoes-a4,mlp-nosuite,0.9076517150395779,0.9905117656786773,1.0,1.0,0,0,1.0,1.0,1.0,1.0,1.0,0,0,1.0,1.0,1.0,1.0,1.0,0,0,1.0,1.0,1.0,1.0,1.0,0,0,1.0,1.0,1.0
volcanoes-a4,mlp-nosuite,0.9076517150395779,0.9017625557090915,0.972972972972973,1.0,0,0,1.0,0.8108108108108109,1.0,0.972972972972973,1.0,0,0,1.0,0.8108108108108109,1.0,0.972972972972973,1.0,0,0,1.0,0.8108108108108109,1.0,0.972972972972973,1.0,0,0,1.0,0.8108108108108109,1.0
volcanoes-a4,mlp-nosuite,0.9076517150395779,0.9605955433718233,1.0,1.0,0,0,1.0,1.0,1.0,1.0,1.0,0,0,1.0,1.0,1.0,1.0,1.0,0,0,1.0,1.0,1.0,1.0,1.0,0,0,1.0,1.0,1.0
volcanoes-a4,mlp-nosuite,0.9076517150395779,0.9766038332620056,1.0,1.0,0,0,1.0,1.0,1.0,1.0,1.0,0,0,1.0,1.0,1.0,1.0,1.0,0,0,1.0,1.0,1.0,1.0,1.0,0,0,1.0,1.0,1.0
volcanoes-a4,mlp-nosuite,0.9076517150395779,0.9990170662436518,1.0,1.0,0,0,1.0,1.0,,1.0,1.0,0,0,1.0,1.0,,1.0,1.0,0,0,1.0,1.0,,1.0,1.0,0,0,1.0,1.0,
volcanoes-a4,mlp-nosuite,0.9076517150395779,0.9941668574049716,1.0,1.0,0,0,1.0,1.0,,1.0,1.0,0,0,1.0,1.0,,1.0,1.0,0,0,1.0,1.0,,1.0,1.0,0,0,1.0,1.0,
volcanoes-a4,mlp-nosuite,0.9076517150395779,0.9965173020455977,1.0,1.0,0,0,1.0,1.0,,1.0,1.0,0,0,1.0,1.0,,1.0,1.0,0,0,1.0,1.0,,1.0,1.0,0,0,1.0,1.0,
volcanoes-a4,mlp-nosuite,0.9076517150395779,0.9976893068999575,1.0,1.0,0,0,1.0,1.0,1.0,1.0,1.0,0,0,1.0,1.0,1.0,1.0,1.0,0,0,1.0,1.0,1.0,1.0,1.0,0,0,1.0,1.0,1.0
volcanoes-a4,mlp-nosuite,0.9076517150395779,0.9942945628385534,1.0,1.0,0,0,1.0,1.0,,1.0,1.0,0,0,1.0,1.0,,1.0,1.0,0,0,1.0,1.0,,1.0,1.0,0,0,1.0,1.0,
volcanoes-a4,mlp-nosuite,0.9076517150395779,0.9935330330398007,1.0,1.0,0,0,1.0,1.0,1.0,1.0,1.0,0,0,1.0,1.0,1.0,1.0,1.0,0,0,1.0,1.0,1.0,1.0,1.0,0,0,1.0,1.0,1.0
volcanoes-a4,mlp-nosuite,0.9076517150395779,0.9978857074854071,1.0,1.0,0,0,1.0,1.0,1.0,1.0,1.0,0,0,1.0,1.0,1.0,1.0,1.0,0,0,1.0,1.0,1.0,1.0,1.0,0,0,1.0,1.0,1.0
volcanoes-a4,mlp-nosuite,0.9076517150395779,0.997795538096774,1.0,1.0,0,0,1.0,0.4864864864864865,,1.0,1.0,0,0,1.0,0.4864864864864865,,1.0,1.0,0,0,1.0,0.4864864864864865,,1.0,1.0,0,0,1.0,0.4864864864864865,
volcanoes-a4,mlp-nosuite,0.9076517150395779,0.9874586337872647,1.0,1.0,0,0,1.0,1.0,,1.0,1.0,0,0,1.0,1.0,,1.0,1.0,0,0,1.0,1.0,,1.0,1.0,0,0,1.0,1.0,
volcanoes-a4,mlp-nosuite,0.9076517150395779,0.985457208703564,1.0,1.0,0,0,1.0,1.0,1.0,1.0,1.0,0,0,1.0,1.0,1.0,1.0,1.0,0,0,1.0,1.0,1.0,1.0,1.0,0,0,1.0,1.0,1.0
volcanoes-a4,mlp-nosuite,0.9076517150395779,0.9899449317054138,1.0,1.0,0,0,1.0,0.7837837837837838,,1.0,1.0,0,0,1.0,0.7837837837837838,,1.0,1.0,0,0,1.0,0.7837837837837838,,1.0,1.0,0,0,1.0,0.7837837837837838,
volcanoes-a4,mlp-nosuite,0.9076517150395779,0.43250291313523914,0.8918918918918919,0.8648648648648649,0,0,0.7297297297297297,0.8378378378378378,0.8918918918918919,0.8918918918918919,0.8648648648648649,0,0,0.7297297297297297,0.8378378378378378,0.8918918918918919,0.8918918918918919,0.8648648648648649,0,0,0.7297297297297297,0.8378378378378378,0.8918918918918919,0.8918918918918919,0.8648648648648649,0,0,0.7297297297297297,0.8378378378378378,0.8918918918918919
volcanoes-a4,mlp-nosuite,0.9076517150395779,0.995872538588616,1.0,1.0,0,0,1.0,1.0,,1.0,1.0,0,0,1.0,1.0,,1.0,1.0,0,0,1.0,1.0,,1.0,1.0,0,0,1.0,1.0,
volcanoes-a4,mlp-nosuite,0.9076517150395779,0.9968118560076695,1.0,1.0,0,0,1.0,1.0,,1.0,1.0,0,0,1.0,1.0,,1.0,1.0,0,0,1.0,1.0,,1.0,1.0,0,0,1.0,1.0,
volcanoes-a4,mlp-nosuite,0.9076517150395779,0.5963894227556987,0.972972972972973,0.972972972972973,0,0,0.9459459459459459,0.7837837837837838,0.9459459459459459,0.972972972972973,0.972972972972973,0,0,0.9459459459459459,0.7837837837837838,0.9459459459459459,0.972972972972973,0.972972972972973,0,0,0.9459459459459459,0.7837837837837838,0.9459459459459459,0.972972972972973,0.972972972972973,0,0,0.9459459459459459,0.7837837837837838,0.9459459459459459
volcanoes-a4,mlp-nosuite,0.9076517150395779,0.9900739926608774,1.0,1.0,0,0,1.0,1.0,,1.0,1.0,0,0,1.0,1.0,,1.0,1.0,0,0,1.0,1.0,,1.0,1.0,0,0,1.0,1.0,
volcanoes-a4,mlp-nosuite,0.9076517150395779,0.990863310025264,1.0,1.0,0,0,1.0,1.0,,1.0,1.0,0,0,1.0,1.0,,1.0,1.0,0,0,1.0,1.0,,1.0,1.0,0,0,1.0,1.0,
volcanoes-a4,mlp-nosuite,0.9076517150395779,0.9704753926245728,1.0,1.0,0,0,1.0,1.0,1.0,1.0,1.0,0,0,1.0,1.0,1.0,1.0,1.0,0,0,1.0,1.0,1.0,1.0,1.0,0,0,1.0,1.0,1.0
volcanoes-a4,mlp-nosuite,0.9076517150395779,0.9963477722955534,1.0,1.0,0,0,1.0,1.0,,1.0,1.0,0,0,1.0,1.0,,1.0,1.0,0,0,1.0,1.0,,1.0,1.0,0,0,1.0,1.0,
volcanoes-a4,mlp-nosuite,0.9076517150395779,0.9603807830492438,1.0,1.0,0,0,1.0,1.0,,1.0,1.0,0,0,1.0,1.0,,1.0,1.0,0,0,1.0,1.0,,1.0,1.0,0,0,1.0,1.0,
volcanoes-a4,mlp-nosuite,0.9076517150395779,0.9908337864124289,1.0,1.0,0,0,1.0,1.0,1.0,1.0,1.0,0,0,1.0,1.0,1.0,1.0,1.0,0,0,1.0,1.0,1.0,1.0,1.0,0,0,1.0,1.0,1.0
volcanoes-a4,mlp-nosuite,0.9076517150395779,0.774236131838462,1.0,1.0,0,0,1.0,1.0,1.0,1.0,1.0,0,0,1.0,1.0,1.0,1.0,1.0,0,0,1.0,1.0,1.0,1.0,1.0,0,0,1.0,1.0,1.0
volcanoes-a4,mlp-nosuite,0.9076517150395779,0.954364802516309,1.0,1.0,0,0,1.0,1.0,1.0,1.0,1.0,0,0,1.0,1.0,1.0,1.0,1.0,0,0,1.0,1.0,1.0,1.0,1.0,0,0,1.0,1.0,1.0
volcanoes-a4,mlp-nosuite,0.9076517150395779,0.28854993984188754,0.918918918918919,0.9459459459459459,0,0,0.8648648648648649,0.8648648648648649,0.8918918918918919,0.918918918918919,0.9459459459459459,0,0,0.8648648648648649,0.8648648648648649,0.8918918918918919,0.918918918918919,0.9459459459459459,0,0,0.8648648648648649,0.8648648648648649,0.8918918918918919,0.918918918918919,0.9459459459459459,0,0,0.8648648648648649,0.8648648648648649,0.8918918918918919
volcanoes-a4,mlp-nosuite,0.9076517150395779,0.9623188095561716,1.0,1.0,0,0,1.0,,,1.0,1.0,0,0,1.0,,,1.0,1.0,0,0,1.0,,,1.0,1.0,0,0,1.0,,
volcanoes-a4,mlp-nosuite,0.9076517150395779,0.9919798137016846,1.0,1.0,0,0,1.0,0.918918918918919,,1.0,1.0,0,0,1.0,0.918918918918919,,1.0,1.0,0,0,1.0,0.918918918918919,,1.0,1.0,0,0,1.0,0.918918918918919,
volcanoes-a4,mlp-nosuite,0.9076517150395779,0.9959039504815115,1.0,1.0,0,0,1.0,1.0,1.0,1.0,1.0,0,0,1.0,1.0,1.0,1.0,1.0,0,0,1.0,1.0,1.0,1.0,1.0,0,0,1.0,1.0,1.0
volcanoes-a4,mlp-nosuite,0.9076517150395779,0.9345278819478242,1.0,1.0,0,0,1.0,1.0,,1.0,1.0,0,0,1.0,1.0,,1.0,1.0,0,0,1.0,1.0,,1.0,1.0,0,0,1.0,1.0,
volcanoes-a4,mlp-nosuite,0.9076517150395779,0.9890613977648739,1.0,1.0,0,0,1.0,1.0,1.0,1.0,1.0,0,0,1.0,1.0,1.0,1.0,1.0,0,0,1.0,1.0,1.0,1.0,1.0,0,0,1.0,1.0,1.0
volcanoes-a4,mlp-nosuite,0.9076517150395779,0.5472253447623249,0.972972972972973,1.0,0,0,0.972972972972973,0.8108108108108109,0.972972972972973,0.972972972972973,1.0,0,0,0.972972972972973,0.8108108108108109,0.972972972972973,0.972972972972973,1.0,0,0,0.972972972972973,0.8108108108108109,0.972972972972973,0.972972972972973,1.0,0,0,0.972972972972973,0.8108108108108109,0.972972972972973
volcanoes-a4,mlp-nosuite,0.9076517150395779,0.9386934105537443,1.0,1.0,0,0,1.0,1.0,1.0,1.0,1.0,0,0,1.0,1.0,1.0,1.0,1.0,0,0,1.0,1.0,1.0,1.0,1.0,0,0,1.0,1.0,1.0
volcanoes-a4,mlp-nosuite,0.9076517150395779,0.9836638498042811,1.0,1.0,0,0,1.0,1.0,,1.0,1.0,0,0,1.0,1.0,,1.0,1.0,0,0,1.0,1.0,,1.0,1.0,0,0,1.0,1.0,
volcanoes-a4,mlp-nosuite,0.9076517150395779,0.9782460398911869,1.0,1.0,0,0,1.0,0.9459459459459459,,1.0,1.0,0,0,1.0,0.9459459459459459,,1.0,1.0,0,0,1.0,0.9459459459459459,,1.0,1.0,0,0,1.0,0.9459459459459459,
volcanoes-a4,mlp-nosuite,0.9076517150395779,0.9847599639867182,1.0,1.0,0,0,1.0,1.0,1.0,1.0,1.0,0,0,1.0,1.0,1.0,1.0,1.0,0,0,1.0,1.0,1.0,1.0,1.0,0,0,1.0,1.0,1.0
volcanoes-a4,mlp-nosuite,0.9076517150395779,0.968794620602702,1.0,1.0,0,0,1.0,0.8918918918918919,1.0,1.0,1.0,0,0,1.0,0.8918918918918919,1.0,1.0,1.0,0,0,1.0,0.8918918918918919,1.0,1.0,1.0,0,0,1.0,0.8918918918918919,1.0
volcanoes-a4,mlp-nosuite,0.9076517150395779,0.9814658422255714,1.0,1.0,0,0,1.0,1.0,1.0,1.0,1.0,0,0,1.0,1.0,1.0,1.0,1.0,0,0,1.0,1.0,1.0,1.0,1.0,0,0,1.0,1.0,1.0
volcanoes-a4,mlp-nosuite,0.9076517150395779,0.8884998423999334,1.0,1.0,0,0,1.0,1.0,1.0,1.0,1.0,0,0,1.0,1.0,1.0,1.0,1.0,0,0,1.0,1.0,1.0,1.0,1.0,0,0,1.0,1.0,1.0
volcanoes-a4,mlp-nosuite,0.9076517150395779,0.9974520747877116,1.0,1.0,0,0,1.0,,1.0,1.0,1.0,0,0,1.0,,1.0,1.0,1.0,0,0,1.0,,1.0,1.0,1.0,0,0,1.0,,1.0
volcanoes-e1,mlp-nosuite,0.918918918918919,0.9990146559100397,1.0,1.0,0,0,1.0,,,1.0,1.0,0,0,1.0,,,1.0,1.0,0,0,1.0,,,1.0,1.0,0,0,1.0,,
volcanoes-e1,mlp-nosuite,0.918918918918919,0.9887054720853641,1.0,1.0,0,0,1.0,,,1.0,1.0,0,0,1.0,,,1.0,1.0,0,0,1.0,,,1.0,1.0,0,0,1.0,,
volcanoes-e1,mlp-nosuite,0.918918918918919,0.9981906598023639,1.0,1.0,0,0,1.0,,,1.0,1.0,0,0,1.0,,,1.0,1.0,0,0,1.0,,,1.0,1.0,0,0,1.0,,
volcanoes-e1,mlp-nosuite,0.918918918918919,0.998856031403498,1.0,1.0,0,0,1.0,,,1.0,1.0,0,0,1.0,,,1.0,1.0,0,0,1.0,,,1.0,1.0,0,0,1.0,,
volcanoes-e1,mlp-nosuite,0.918918918918919,0.9988387896851688,1.0,1.0,0,0,1.0,,,1.0,1.0,0,0,1.0,,,1.0,1.0,0,0,1.0,,,1.0,1.0,0,0,1.0,,
volcanoes-e1,mlp-nosuite,0.918918918918919,0.7305801894128724,0.9655172413793104,0.9655172413793104,0,0,0.9655172413793104,,,0.9655172413793104,0.9655172413793104,0,0,0.9655172413793104,,,0.9655172413793104,0.9655172413793104,0,0,0.9655172413793104,,,0.9655172413793104,0.9655172413793104,0,0,0.9655172413793104,,
volcanoes-e1,mlp-nosuite,0.918918918918919,0.9974902908239451,1.0,1.0,0,0,1.0,,,1.0,1.0,0,0,1.0,,,1.0,1.0,0,0,1.0,,,1.0,1.0,0,0,1.0,,
volcanoes-e1,mlp-nosuite,0.918918918918919,0.946742782054873,1.0,1.0,0,0,1.0,,,1.0,1.0,0,0,1.0,,,1.0,1.0,0,0,1.0,,,1.0,1.0,0,0,1.0,,
volcanoes-e1,mlp-nosuite,0.918918918918919,0.9915968908790564,1.0,1.0,0,0,1.0,,,1.0,1.0,0,0,1.0,,,1.0,1.0,0,0,1.0,,,1.0,1.0,0,0,1.0,,
volcanoes-e1,mlp-nosuite,0.918918918918919,0.8410976226856158,1.0,1.0,0,0,1.0,,,1.0,1.0,0,0,1.0,,,1.0,1.0,0,0,1.0,,,1.0,1.0,0,0,1.0,,
volcanoes-e1,mlp-nosuite,0.918918918918919,0.9824611841416511,1.0,1.0,0,0,1.0,,,1.0,1.0,0,0,1.0,,,1.0,1.0,0,0,1.0,,,1.0,1.0,0,0,1.0,,
volcanoes-e1,mlp-nosuite,0.918918918918919,0.8819726473663048,1.0,1.0,0,0,1.0,,,1.0,1.0,0,0,1.0,,,1.0,1.0,0,0,1.0,,,1.0,1.0,0,0,1.0,,
volcanoes-e1,mlp-nosuite,0.918918918918919,0.9694173682350252,1.0,1.0,0,0,1.0,,,1.0,1.0,0,0,1.0,,,1.0,1.0,0,0,1.0,,,1.0,1.0,0,0,1.0,,
volcanoes-e1,mlp-nosuite,0.918918918918919,0.7482696019319227,1.0,1.0,0,0,1.0,,,1.0,1.0,0,0,1.0,,,1.0,1.0,0,0,1.0,,,1.0,1.0,0,0,1.0,,
volcanoes-e1,mlp-nosuite,0.918918918918919,0.9520506774695735,1.0,1.0,0,0,1.0,,,1.0,1.0,0,0,1.0,,,1.0,1.0,0,0,1.0,,,1.0,1.0,0,0,1.0,,
volcanoes-e1,mlp-nosuite,0.918918918918919,0.9873355869672665,1.0,1.0,0,0,1.0,,,1.0,1.0,0,0,1.0,,,1.0,1.0,0,0,1.0,,,1.0,1.0,0,0,1.0,,
volcanoes-e1,mlp-nosuite,0.918918918918919,0.9433236679582749,1.0,1.0,0,0,1.0,,,1.0,1.0,0,0,1.0,,,1.0,1.0,0,0,1.0,,,1.0,1.0,0,0,1.0,,
volcanoes-e1,mlp-nosuite,0.918918918918919,0.9867613050504636,1.0,1.0,0,0,1.0,,,1.0,1.0,0,0,1.0,,,1.0,1.0,0,0,1.0,,,1.0,1.0,0,0,1.0,,
volcanoes-e1,mlp-nosuite,0.918918918918919,0.8679882206369295,1.0,1.0,0,0,1.0,,,1.0,1.0,0,0,1.0,,,1.0,1.0,0,0,1.0,,,1.0,1.0,0,0,1.0,,
volcanoes-e1,mlp-nosuite,0.918918918918919,0.5912021688918155,0.9310344827586207,0.9655172413793104,0,0,0.9655172413793104,,0.9655172413793104,0.9310344827586207,0.9655172413793104,0,0,0.9655172413793104,,0.9655172413793104,0.9310344827586207,0.9655172413793104,0,0,0.9655172413793104,,0.9655172413793104,0.9310344827586207,0.9655172413793104,0,0,0.9655172413793104,,0.9655172413793104
volcanoes-e1,mlp-nosuite,0.918918918918919,0.8860541755061789,1.0,1.0,0,0,1.0,,,1.0,1.0,0,0,1.0,,,1.0,1.0,0,0,1.0,,,1.0,1.0,0,0,1.0,,
volcanoes-e1,mlp-nosuite,0.918918918918919,0.998344566372766,1.0,1.0,0,0,1.0,,,1.0,1.0,0,0,1.0,,,1.0,1.0,0,0,1.0,,,1.0,1.0,0,0,1.0,,
volcanoes-e1,mlp-nosuite,0.918918918918919,0.9487177384937167,1.0,1.0,0,0,1.0,,,1.0,1.0,0,0,1.0,,,1.0,1.0,0,0,1.0,,,1.0,1.0,0,0,1.0,,
volcanoes-e1,mlp-nosuite,0.918918918918919,0.9019527658372608,1.0,1.0,0,0,1.0,,,1.0,1.0,0,0,1.0,,,1.0,1.0,0,0,1.0,,,1.0,1.0,0,0,1.0,,
volcanoes-e1,mlp-nosuite,0.918918918918919,0.6688183046856834,1.0,1.0,0,0,1.0,,,1.0,1.0,0,0,1.0,,,1.0,1.0,0,0,1.0,,,1.0,1.0,0,0,1.0,,
volcanoes-e1,mlp-nosuite,0.918918918918919,0.9990708599183411,1.0,1.0,0,0,1.0,,,1.0,1.0,0,0,1.0,,,1.0,1.0,0,0,1.0,,,1.0,1.0,0,0,1.0,,
volcanoes-e1,mlp-nosuite,0.918918918918919,0.9967541504770164,1.0,1.0,0,0,1.0,,,1.0,1.0,0,0,1.0,,,1.0,1.0,0,0,1.0,,,1.0,1.0,0,0,1.0,,
volcanoes-e1,mlp-nosuite,0.918918918918919,0.9822582643507728,1.0,1.0,0,0,1.0,,,1.0,1.0,0,0,1.0,,,1.0,1.0,0,0,1.0,,,1.0,1.0,0,0,1.0,,
volcanoes-e1,mlp-nosuite,0.918918918918919,0.9174268374430303,1.0,1.0,0,0,1.0,,,1.0,1.0,0,0,1.0,,,1.0,1.0,0,0,1.0,,,1.0,1.0,0,0,1.0,,
volcanoes-e1,mlp-nosuite,0.918918918918919,0.8057211538724937,1.0,1.0,0,0,1.0,,,1.0,1.0,0,0,1.0,,,1.0,1.0,0,0,1.0,,,1.0,1.0,0,0,1.0,,
volcanoes-e1,mlp-nosuite,0.918918918918919,0.8509239764987772,1.0,1.0,0,0,1.0,,,1.0,1.0,0,0,1.0,,,1.0,1.0,0,0,1.0,,,1.0,1.0,0,0,1.0,,
volcanoes-e1,mlp-nosuite,0.918918918918919,0.935716588292289,1.0,1.0,0,0,1.0,,,1.0,1.0,0,0,1.0,,,1.0,1.0,0,0,1.0,,,1.0,1.0,0,0,1.0,,
volcanoes-e1,mlp-nosuite,0.918918918918919,0.9935916253780659,1.0,1.0,0,0,1.0,,,1.0,1.0,0,0,1.0,,,1.0,1.0,0,0,1.0,,,1.0,1.0,0,0,1.0,,
volcanoes-e1,mlp-nosuite,0.918918918918919,0.7881970042122027,1.0,1.0,0,0,1.0,,,1.0,1.0,0,0,1.0,,,1.0,1.0,0,0,1.0,,,1.0,1.0,0,0,1.0,,
volcanoes-e1,mlp-nosuite,0.918918918918919,0.636415725010704,1.0,1.0,0,0,1.0,,,1.0,1.0,0,0,1.0,,,1.0,1.0,0,0,1.0,,,1.0,1.0,0,0,1.0,,
volcanoes-e1,mlp-nosuite,0.918918918918919,0.9661235342550972,1.0,1.0,0,0,1.0,,,1.0,1.0,0,0,1.0,,,1.0,1.0,0,0,1.0,,,1.0,1.0,0,0,1.0,,
volcanoes-e1,mlp-nosuite,0.918918918918919,0.9730397852658135,1.0,1.0,0,0,1.0,,,1.0,1.0,0,0,1.0,,,1.0,1.0,0,0,1.0,,,1.0,1.0,0,0,1.0,,
volcanoes-e1,mlp-nosuite,0.918918918918919,0.9938152433697517,1.0,1.0,0,0,1.0,,,1.0,1.0,0,0,1.0,,,1.0,1.0,0,0,1.0,,,1.0,1.0,0,0,1.0,,
volcanoes-e1,mlp-nosuite,0.918918918918919,0.834393379380197,1.0,1.0,0,0,1.0,,,1.0,1.0,0,0,1.0,,,1.0,1.0,0,0,1.0,,,1.0,1.0,0,0,1.0,,
volcanoes-e1,mlp-nosuite,0.918918918918919,0.6223688569427445,1.0,1.0,0,0,1.0,,,1.0,1.0,0,0,1.0,,,1.0,1.0,0,0,1.0,,,1.0,1.0,0,0,1.0,,
volcanoes-e1,mlp-nosuite,0.918918918918919,0.9926350892005573,1.0,1.0,0,0,1.0,,,1.0,1.0,0,0,1.0,,,1.0,1.0,0,0,1.0,,,1.0,1.0,0,0,1.0,,
volcanoes-e1,mlp-nosuite,0.918918918918919,0.9262888360598285,1.0,1.0,0,0,1.0,,,1.0,1.0,0,0,1.0,,,1.0,1.0,0,0,1.0,,,1.0,1.0,0,0,1.0,,
volcanoes-e1,mlp-nosuite,0.918918918918919,0.9853001169482463,1.0,1.0,0,0,1.0,,,1.0,1.0,0,0,1.0,,,1.0,1.0,0,0,1.0,,,1.0,1.0,0,0,1.0,,
volcanoes-e1,mlp-nosuite,0.918918918918919,0.9977333814997992,1.0,1.0,0,0,1.0,,,1.0,1.0,0,0,1.0,,,1.0,1.0,0,0,1.0,,,1.0,1.0,0,0,1.0,,
volcanoes-e1,mlp-nosuite,0.918918918918919,0.5302986372477703,1.0,1.0,0,0,1.0,,,1.0,1.0,0,0,1.0,,,1.0,1.0,0,0,1.0,,,1.0,1.0,0,0,1.0,,
volcanoes-e1,mlp-nosuite,0.918918918918919,0.9879811553309106,1.0,1.0,0,0,1.0,,,1.0,1.0,0,0,1.0,,,1.0,1.0,0,0,1.0,,,1.0,1.0,0,0,1.0,,
volcanoes-e1,mlp-nosuite,0.918918918918919,0.962062697630063,1.0,1.0,0,0,1.0,,1.0,1.0,1.0,0,0,1.0,,1.0,1.0,1.0,0,0,1.0,,1.0,1.0,1.0,0,0,1.0,,1.0
volcanoes-e1,mlp-nosuite,0.918918918918919,0.9805325652165897,1.0,1.0,0,0,1.0,,,1.0,1.0,0,0,1.0,,,1.0,1.0,0,0,1.0,,,1.0,1.0,0,0,1.0,,
volcanoes-e1,mlp-nosuite,0.918918918918919,0.9795932315164706,1.0,1.0,0,0,1.0,,,1.0,1.0,0,0,1.0,,,1.0,1.0,0,0,1.0,,,1.0,1.0,0,0,1.0,,
volcanoes-e1,mlp-nosuite,0.918918918918919,0.9893628623422446,1.0,1.0,0,0,1.0,,,1.0,1.0,0,0,1.0,,,1.0,1.0,0,0,1.0,,,1.0,1.0,0,0,1.0,,
volcanoes-e3,mlp-nosuite,0.928125,0.9892707542583793,1.0,1.0,0,0,1.0,,,1.0,1.0,0,0,1.0,,,1.0,1.0,0,0,1.0,,,1.0,1.0,0,0,1.0,,
volcanoes-e3,mlp-nosuite,0.928125,0.7575712506568385,1.0,1.0,0,0,1.0,,,1.0,1.0,0,0,1.0,,,1.0,1.0,0,0,1.0,,,1.0,1.0,0,0,1.0,,
volcanoes-e3,mlp-nosuite,0.928125,0.9917892331910868,1.0,1.0,0,0,1.0,,,1.0,1.0,0,0,1.0,,,1.0,1.0,0,0,1.0,,,1.0,1.0,0,0,1.0,,
volcanoes-e3,mlp-nosuite,0.928125,0.9962233346293773,1.0,1.0,0,0,1.0,,,1.0,1.0,0,0,1.0,,,1.0,1.0,0,0,1.0,,,1.0,1.0,0,0,1.0,,
volcanoes-e3,mlp-nosuite,0.928125,0.8771453623585865,1.0,1.0,0,0,1.0,,,1.0,1.0,0,0,1.0,,,1.0,1.0,0,0,1.0,,,1.0,1.0,0,0,1.0,,
volcanoes-e3,mlp-nosuite,0.928125,0.9709335759883375,1.0,1.0,0,0,1.0,,1.0,1.0,1.0,0,0,1.0,,1.0,1.0,1.0,0,0,1.0,,1.0,1.0,1.0,0,0,1.0,,1.0
volcanoes-e3,mlp-nosuite,0.928125,0.7503885824608446,1.0,1.0,0,0,1.0,,,1.0,1.0,0,0,1.0,,,1.0,1.0,0,0,1.0,,,1.0,1.0,0,0,1.0,,
volcanoes-e3,mlp-nosuite,0.928125,0.9548398743559148,1.0,1.0,0,0,1.0,,,1.0,1.0,0,0,1.0,,,1.0,1.0,0,0,1.0,,,1.0,1.0,0,0,1.0,,
volcanoes-e3,mlp-nosuite,0.928125,0.9606162057880053,1.0,1.0,0,0,1.0,,,1.0,1.0,0,0,1.0,,,1.0,1.0,0,0,1.0,,,1.0,1.0,0,0,1.0,,
volcanoes-e3,mlp-nosuite,0.928125,0.627245460709118,1.0,1.0,0,0,1.0,,,1.0,1.0,0,0,1.0,,,1.0,1.0,0,0,1.0,,,1.0,1.0,0,0,1.0,,
volcanoes-e3,mlp-nosuite,0.928125,0.9976453892625607,1.0,1.0,0,0,1.0,,,1.0,1.0,0,0,1.0,,,1.0,1.0,0,0,1.0,,,1.0,1.0,0,0,1.0,,
volcanoes-e3,mlp-nosuite,0.928125,0.9043672523640722,1.0,1.0,0,0,1.0,,,1.0,1.0,0,0,1.0,,,1.0,1.0,0,0,1.0,,,1.0,1.0,0,0,1.0,,
volcanoes-e3,mlp-nosuite,0.928125,0.9844628390327433,1.0,1.0,0,0,1.0,,,1.0,1.0,0,0,1.0,,,1.0,1.0,0,0,1.0,,,1.0,1.0,0,0,1.0,,
volcanoes-e3,mlp-nosuite,0.928125,0.9729194139010637,1.0,1.0,0,0,1.0,,,1.0,1.0,0,0,1.0,,,1.0,1.0,0,0,1.0,,,1.0,1.0,0,0,1.0,,
volcanoes-e3,mlp-nosuite,0.928125,0.9738914417542718,1.0,1.0,0,0,1.0,,,1.0,1.0,0,0,1.0,,,1.0,1.0,0,0,1.0,,,1.0,1.0,0,0,1.0,,
volcanoes-e3,mlp-nosuite,0.928125,0.9982598763394324,1.0,1.0,0,0,1.0,,1.0,1.0,1.0,0,0,1.0,,1.0,1.0,1.0,0,0,1.0,,1.0,1.0,1.0,0,0,1.0,,1.0
volcanoes-e3,mlp-nosuite,0.928125,0.98767353153252,1.0,1.0,0,0,1.0,,,1.0,1.0,0,0,1.0,,,1.0,1.0,0,0,1.0,,,1.0,1.0,0,0,1.0,,
volcanoes-e3,mlp-nosuite,0.928125,0.813012277960032,1.0,1.0,0,0,1.0,,,1.0,1.0,0,0,1.0,,,1.0,1.0,0,0,1.0,,,1.0,1.0,0,0,1.0,,
volcanoes-e3,mlp-nosuite,0.928125,0.954561011518654,1.0,1.0,0,0,1.0,,,1.0,1.0,0,0,1.0,,,1.0,1.0,0,0,1.0,,,1.0,1.0,0,0,1.0,,
volcanoes-e3,mlp-nosuite,0.928125,0.9901271666353979,1.0,1.0,0,0,1.0,,,1.0,1.0,0,0,1.0,,,1.0,1.0,0,0,1.0,,,1.0,1.0,0,0,1.0,,
volcanoes-e3,mlp-nosuite,0.928125,0.973633096381923,1.0,1.0,0,0,1.0,,,1.0,1.0,0,0,1.0,,,1.0,1.0,0,0,1.0,,,1.0,1.0,0,0,1.0,,
volcanoes-e3,mlp-nosuite,0.928125,0.9839231080526765,1.0,1.0,0,0,1.0,,,1.0,1.0,0,0,1.0,,,1.0,1.0,0,0,1.0,,,1.0,1.0,0,0,1.0,,
volcanoes-e3,mlp-nosuite,0.928125,0.9805324583565673,1.0,1.0,0,0,1.0,,,1.0,1.0,0,0,1.0,,,1.0,1.0,0,0,1.0,,,1.0,1.0,0,0,1.0,,
volcanoes-e3,mlp-nosuite,0.928125,0.945113704386381,1.0,1.0,0,0,1.0,,,1.0,1.0,0,0,1.0,,,1.0,1.0,0,0,1.0,,,1.0,1.0,0,0,1.0,,
volcanoes-e3,mlp-nosuite,0.928125,0.9039677350386747,1.0,1.0,0,0,1.0,,,1.0,1.0,0,0,1.0,,,1.0,1.0,0,0,1.0,,,1.0,1.0,0,0,1.0,,
volcanoes-e3,mlp-nosuite,0.928125,0.9957939043303504,1.0,1.0,0,0,1.0,,,1.0,1.0,0,0,1.0,,,1.0,1.0,0,0,1.0,,,1.0,1.0,0,0,1.0,,
volcanoes-e3,mlp-nosuite,0.928125,0.966192177029734,1.0,1.0,0,0,1.0,,,1.0,1.0,0,0,1.0,,,1.0,1.0,0,0,1.0,,,1.0,1.0,0,0,1.0,,
volcanoes-e3,mlp-nosuite,0.928125,0.7116421086480984,1.0,1.0,0,0,1.0,,,1.0,1.0,0,0,1.0,,,1.0,1.0,0,0,1.0,,,1.0,1.0,0,0,1.0,,
volcanoes-e3,mlp-nosuite,0.928125,0.99164754718807,1.0,1.0,0,0,1.0,,,1.0,1.0,0,0,1.0,,,1.0,1.0,0,0,1.0,,,1.0,1.0,0,0,1.0,,
volcanoes-e3,mlp-nosuite,0.928125,0.9878115925308092,1.0,1.0,0,0,1.0,,,1.0,1.0,0,0,1.0,,,1.0,1.0,0,0,1.0,,,1.0,1.0,0,0,1.0,,
volcanoes-e3,mlp-nosuite,0.928125,0.6910608872376509,1.0,1.0,0,0,1.0,,,1.0,1.0,0,0,1.0,,,1.0,1.0,0,0,1.0,,,1.0,1.0,0,0,1.0,,
volcanoes-e3,mlp-nosuite,0.928125,0.9806701438048557,1.0,1.0,0,0,1.0,,,1.0,1.0,0,0,1.0,,,1.0,1.0,0,0,1.0,,,1.0,1.0,0,0,1.0,,
volcanoes-e3,mlp-nosuite,0.928125,0.9894333799840711,1.0,1.0,0,0,1.0,,,1.0,1.0,0,0,1.0,,,1.0,1.0,0,0,1.0,,,1.0,1.0,0,0,1.0,,
volcanoes-e3,mlp-nosuite,0.928125,0.9710372655677888,1.0,1.0,0,0,1.0,,,1.0,1.0,0,0,1.0,,,1.0,1.0,0,0,1.0,,,1.0,1.0,0,0,1.0,,
volcanoes-e3,mlp-nosuite,0.928125,0.9968309785499465,1.0,1.0,0,0,1.0,,,1.0,1.0,0,0,1.0,,,1.0,1.0,0,0,1.0,,,1.0,1.0,0,0,1.0,,
volcanoes-e3,mlp-nosuite,0.928125,0.9967938041972328,1.0,1.0,0,0,1.0,,,1.0,1.0,0,0,1.0,,,1.0,1.0,0,0,1.0,,,1.0,1.0,0,0,1.0,,
volcanoes-e3,mlp-nosuite,0.928125,0.9965653672694528,1.0,1.0,0,0,1.0,,,1.0,1.0,0,0,1.0,,,1.0,1.0,0,0,1.0,,,1.0,1.0,0,0,1.0,,
volcanoes-e3,mlp-nosuite,0.928125,0.9752017896626626,1.0,1.0,0,0,1.0,,,1.0,1.0,0,0,1.0,,,1.0,1.0,0,0,1.0,,,1.0,1.0,0,0,1.0,,
volcanoes-e3,mlp-nosuite,0.928125,0.990742670260493,1.0,1.0,0,0,1.0,,,1.0,1.0,0,0,1.0,,,1.0,1.0,0,0,1.0,,,1.0,1.0,0,0,1.0,,
volcanoes-e3,mlp-nosuite,0.928125,0.9831457624833377,1.0,1.0,0,0,1.0,,,1.0,1.0,0,0,1.0,,,1.0,1.0,0,0,1.0,,,1.0,1.0,0,0,1.0,,
volcanoes-e3,mlp-nosuite,0.928125,0.9815614390971699,1.0,1.0,0,0,1.0,,,1.0,1.0,0,0,1.0,,,1.0,1.0,0,0,1.0,,,1.0,1.0,0,0,1.0,,
volcanoes-e3,mlp-nosuite,0.928125,0.6637262716039133,1.0,1.0,0,0,1.0,,,1.0,1.0,0,0,1.0,,,1.0,1.0,0,0,1.0,,,1.0,1.0,0,0,1.0,,
volcanoes-e3,mlp-nosuite,0.928125,0.9801176565334113,1.0,1.0,0,0,1.0,,,1.0,1.0,0,0,1.0,,,1.0,1.0,0,0,1.0,,,1.0,1.0,0,0,1.0,,
volcanoes-e3,mlp-nosuite,0.928125,0.9859402009235966,1.0,1.0,0,0,1.0,,,1.0,1.0,0,0,1.0,,,1.0,1.0,0,0,1.0,,,1.0,1.0,0,0,1.0,,
volcanoes-e3,mlp-nosuite,0.928125,0.9976998136841754,1.0,1.0,0,0,1.0,,,1.0,1.0,0,0,1.0,,,1.0,1.0,0,0,1.0,,,1.0,1.0,0,0,1.0,,
volcanoes-e3,mlp-nosuite,0.928125,0.9660058073314898,1.0,1.0,0,0,1.0,,1.0,1.0,1.0,0,0,1.0,,1.0,1.0,1.0,0,0,1.0,,1.0,1.0,1.0,0,0,1.0,,1.0
volcanoes-e3,mlp-nosuite,0.928125,0.9434949881161045,1.0,1.0,0,0,1.0,,,1.0,1.0,0,0,1.0,,,1.0,1.0,0,0,1.0,,,1.0,1.0,0,0,1.0,,
volcanoes-e3,mlp-nosuite,0.928125,0.994126331253598,1.0,1.0,0,0,1.0,,,1.0,1.0,0,0,1.0,,,1.0,1.0,0,0,1.0,,,1.0,1.0,0,0,1.0,,
volcanoes-e3,mlp-nosuite,0.928125,0.880385637974712,1.0,1.0,0,0,1.0,,,1.0,1.0,0,0,1.0,,,1.0,1.0,0,0,1.0,,,1.0,1.0,0,0,1.0,,
volcanoes-e3,mlp-nosuite,0.928125,0.9604548272802144,1.0,1.0,0,0,1.0,,,1.0,1.0,0,0,1.0,,,1.0,1.0,0,0,1.0,,,1.0,1.0,0,0,1.0,,
volcanoes-e4,mlp-nosuite,0.9361022364217252,0.9145841837950065,1.0,1.0,0,0,1.0,,,1.0,1.0,0,0,1.0,,,1.0,1.0,0,0,1.0,,,1.0,1.0,0,0,1.0,,
volcanoes-e4,mlp-nosuite,0.9361022364217252,0.984490908517076,1.0,1.0,0,0,1.0,,,1.0,1.0,0,0,1.0,,,1.0,1.0,0,0,1.0,,,1.0,1.0,0,0,1.0,,
volcanoes-e4,mlp-nosuite,0.9361022364217252,0.6705861740116833,1.0,1.0,0,0,1.0,,,1.0,1.0,0,0,1.0,,,1.0,1.0,0,0,1.0,,,1.0,1.0,0,0,1.0,,
volcanoes-e4,mlp-nosuite,0.9361022364217252,0.9906700806998471,1.0,1.0,0,0,1.0,,,1.0,1.0,0,0,1.0,,,1.0,1.0,0,0,1.0,,,1.0,1.0,0,0,1.0,,
volcanoes-e4,mlp-nosuite,0.9361022364217252,0.6002362160449333,1.0,1.0,0,0,1.0,,,1.0,1.0,0,0,1.0,,,1.0,1.0,0,0,1.0,,,1.0,1.0,0,0,1.0,,
volcanoes-e4,mlp-nosuite,0.9361022364217252,0.9995687320120945,1.0,1.0,0,0,1.0,,,1.0,1.0,0,0,1.0,,,1.0,1.0,0,0,1.0,,,1.0,1.0,0,0,1.0,,
volcanoes-e4,mlp-nosuite,0.9361022364217252,0.5451548642154667,0.967741935483871,0.967741935483871,0,0,0.967741935483871,,1.0,0.967741935483871,0.967741935483871,0,0,0.967741935483871,,1.0,0.967741935483871,0.967741935483871,0,0,0.967741935483871,,1.0,0.967741935483871,0.967741935483871,0,0,0.967741935483871,,1.0
volcanoes-e4,mlp-nosuite,0.9361022364217252,0.9965930864221859,1.0,1.0,0,0,1.0,,,1.0,1.0,0,0,1.0,,,1.0,1.0,0,0,1.0,,,1.0,1.0,0,0,1.0,,
volcanoes-e4,mlp-nosuite,0.9361022364217252,0.9100039546908348,1.0,1.0,0,0,1.0,,1.0,1.0,1.0,0,0,1.0,,1.0,1.0,1.0,0,0,1.0,,1.0,1.0,1.0,0,0,1.0,,1.0
volcanoes-e4,mlp-nosuite,0.9361022364217252,0.9972100413199217,1.0,1.0,0,0,1.0,,1.0,1.0,1.0,0,0,1.0,,1.0,1.0,1.0,0,0,1.0,,1.0,1.0,1.0,0,0,1.0,,1.0
volcanoes-e4,mlp-nosuite,0.9361022364217252,0.8772145845246794,1.0,1.0,0,0,1.0,,,1.0,1.0,0,0,1.0,,,1.0,1.0,0,0,1.0,,,1.0,1.0,0,0,1.0,,
volcanoes-e4,mlp-nosuite,0.9361022364217252,0.996573473506815,1.0,1.0,0,0,1.0,,,1.0,1.0,0,0,1.0,,,1.0,1.0,0,0,1.0,,,1.0,1.0,0,0,1.0,,
volcanoes-e4,mlp-nosuite,0.9361022364217252,0.9336182679425266,1.0,1.0,0,0,1.0,,,1.0,1.0,0,0,1.0,,,1.0,1.0,0,0,1.0,,,1.0,1.0,0,0,1.0,,
volcanoes-e4,mlp-nosuite,0.9361022364217252,0.9815564586729213,1.0,1.0,0,0,1.0,,,1.0,1.0,0,0,1.0,,,1.0,1.0,0,0,1.0,,,1.0,1.0,0,0,1.0,,
volcanoes-e4,mlp-nosuite,0.9361022364217252,0.9930185564963998,1.0,1.0,0,0,1.0,,,1.0,1.0,0,0,1.0,,,1.0,1.0,0,0,1.0,,,1.0,1.0,0,0,1.0,,
volcanoes-e4,mlp-nosuite,0.9361022364217252,0.9112706087840382,1.0,1.0,0,0,1.0,,,1.0,1.0,0,0,1.0,,,1.0,1.0,0,0,1.0,,,1.0,1.0,0,0,1.0,,
volcanoes-e4,mlp-nosuite,0.9361022364217252,0.9930426792767173,1.0,1.0,0,0,1.0,,,1.0,1.0,0,0,1.0,,,1.0,1.0,0,0,1.0,,,1.0,1.0,0,0,1.0,,
volcanoes-e4,mlp-nosuite,0.9361022364217252,0.993909748568294,1.0,1.0,0,0,1.0,,,1.0,1.0,0,0,1.0,,,1.0,1.0,0,0,1.0,,,1.0,1.0,0,0,1.0,,
volcanoes-e4,mlp-nosuite,0.9361022364217252,0.8923439028154517,1.0,1.0,0,0,1.0,,,1.0,1.0,0,0,1.0,,,1.0,1.0,0,0,1.0,,,1.0,1.0,0,0,1.0,,
volcanoes-e4,mlp-nosuite,0.9361022364217252,0.9823164670170058,1.0,1.0,0,0,1.0,,,1.0,1.0,0,0,1.0,,,1.0,1.0,0,0,1.0,,,1.0,1.0,0,0,1.0,,
volcanoes-e4,mlp-nosuite,0.9361022364217252,0.49737828240158766,0.967741935483871,0.967741935483871,0,0,0.967741935483871,,0.9032258064516129,0.967741935483871,0.967741935483871,0,0,0.967741935483871,,0.9032258064516129,0.967741935483871,0.967741935483871,0,0,0.967741935483871,,0.9032258064516129,0.967741935483871,0.967741935483871,0,0,0.967741935483871,,0.9032258064516129
volcanoes-e4,mlp-nosuite,0.9361022364217252,0.9936658660576704,1.0,1.0,0,0,1.0,,,1.0,1.0,0,0,1.0,,,1.0,1.0,0,0,1.0,,,1.0,1.0,0,0,1.0,,
volcanoes-e4,mlp-nosuite,0.9361022364217252,0.9879809194072382,1.0,1.0,0,0,1.0,,,1.0,1.0,0,0,1.0,,,1.0,1.0,0,0,1.0,,,1.0,1.0,0,0,1.0,,
volcanoes-e4,mlp-nosuite,0.9361022364217252,0.966755518561763,1.0,1.0,0,0,1.0,,,1.0,1.0,0,0,1.0,,,1.0,1.0,0,0,1.0,,,1.0,1.0,0,0,1.0,,
volcanoes-e4,mlp-nosuite,0.9361022364217252,0.9995030736227946,1.0,1.0,0,0,1.0,,,1.0,1.0,0,0,1.0,,,1.0,1.0,0,0,1.0,,,1.0,1.0,0,0,1.0,,
volcanoes-e4,mlp-nosuite,0.9361022364217252,0.9110917773130478,1.0,1.0,0,0,1.0,,,1.0,1.0,0,0,1.0,,,1.0,1.0,0,0,1.0,,,1.0,1.0,0,0,1.0,,
volcanoes-e4,mlp-nosuite,0.9361022364217252,0.7293181330429733,1.0,1.0,0,0,1.0,,,1.0,1.0,0,0,1.0,,,1.0,1.0,0,0,1.0,,,1.0,1.0,0,0,1.0,,
volcanoes-e4,mlp-nosuite,0.9361022364217252,0.9444192841004654,1.0,1.0,0,0,1.0,,,1.0,1.0,0,0,1.0,,,1.0,1.0,0,0,1.0,,,1.0,1.0,0,0,1.0,,
volcanoes-e4,mlp-nosuite,0.9361022364217252,0.9834771945040867,1.0,1.0,0,0,1.0,,,1.0,1.0,0,0,1.0,,,1.0,1.0,0,0,1.0,,,1.0,1.0,0,0,1.0,,
volcanoes-e4,mlp-nosuite,0.9361022364217252,0.9548532396494176,1.0,1.0,0,0,1.0,,,1.0,1.0,0,0,1.0,,,1.0,1.0,0,0,1.0,,,1.0,1.0,0,0,1.0,,
volcanoes-e4,mlp-nosuite,0.9361022364217252,0.995246986983472,1.0,1.0,0,0,1.0,,,1.0,1.0,0,0,1.0,,,1.0,1.0,0,0,1.0,,,1.0,1.0,0,0,1.0,,
volcanoes-e4,mlp-nosuite,0.9361022364217252,0.9685771725642282,1.0,1.0,0,0,1.0,,,1.0,1.0,0,0,1.0,,,1.0,1.0,0,0,1.0,,,1.0,1.0,0,0,1.0,,
volcanoes-e4,mlp-nosuite,0.9361022364217252,0.9972535158907825,1.0,1.0,0,0,1.0,,,1.0,1.0,0,0,1.0,,,1.0,1.0,0,0,1.0,,,1.0,1.0,0,0,1.0,,
volcanoes-e4,mlp-nosuite,0.9361022364217252,0.9992390159111785,1.0,1.0,0,0,1.0,,,1.0,1.0,0,0,1.0,,,1.0,1.0,0,0,1.0,,,1.0,1.0,0,0,1.0,,
volcanoes-e4,mlp-nosuite,0.9361022364217252,0.996660927312435,1.0,1.0,0,0,1.0,,1.0,1.0,1.0,0,0,1.0,,1.0,1.0,1.0,0,0,1.0,,1.0,1.0,1.0,0,0,1.0,,1.0
volcanoes-e4,mlp-nosuite,0.9361022364217252,0.8028902059769378,1.0,1.0,0,0,1.0,,,1.0,1.0,0,0,1.0,,,1.0,1.0,0,0,1.0,,,1.0,1.0,0,0,1.0,,
volcanoes-e4,mlp-nosuite,0.9361022364217252,0.8981545187013191,1.0,1.0,0,0,1.0,,,1.0,1.0,0,0,1.0,,,1.0,1.0,0,0,1.0,,,1.0,1.0,0,0,1.0,,
volcanoes-e4,mlp-nosuite,0.9361022364217252,0.9919928849333001,1.0,1.0,0,0,1.0,,,1.0,1.0,0,0,1.0,,,1.0,1.0,0,0,1.0,,,1.0,1.0,0,0,1.0,,
volcanoes-e4,mlp-nosuite,0.9361022364217252,0.9931802352356531,1.0,1.0,0,0,1.0,,,1.0,1.0,0,0,1.0,,,1.0,1.0,0,0,1.0,,,1.0,1.0,0,0,1.0,,
volcanoes-e4,mlp-nosuite,0.9361022364217252,0.940425060064483,1.0,1.0,0,0,1.0,,,1.0,1.0,0,0,1.0,,,1.0,1.0,0,0,1.0,,,1.0,1.0,0,0,1.0,,
volcanoes-e4,mlp-nosuite,0.9361022364217252,0.998348728719949,1.0,1.0,0,0,1.0,,,1.0,1.0,0,0,1.0,,,1.0,1.0,0,0,1.0,,,1.0,1.0,0,0,1.0,,
volcanoes-e4,mlp-nosuite,0.9361022364217252,0.9870541720741687,1.0,1.0,0,0,1.0,,,1.0,1.0,0,0,1.0,,,1.0,1.0,0,0,1.0,,,1.0,1.0,0,0,1.0,,
volcanoes-e4,mlp-nosuite,0.9361022364217252,0.9324237428715328,1.0,1.0,0,0,1.0,,,1.0,1.0,0,0,1.0,,,1.0,1.0,0,0,1.0,,,1.0,1.0,0,0,1.0,,
volcanoes-e4,mlp-nosuite,0.9361022364217252,0.9975704775789559,1.0,1.0,0,0,1.0,,,1.0,1.0,0,0,1.0,,,1.0,1.0,0,0,1.0,,,1.0,1.0,0,0,1.0,,
volcanoes-e4,mlp-nosuite,0.9361022364217252,0.993799696428131,1.0,1.0,0,0,1.0,,,1.0,1.0,0,0,1.0,,,1.0,1.0,0,0,1.0,,,1.0,1.0,0,0,1.0,,
volcanoes-e4,mlp-nosuite,0.9361022364217252,0.44907616994148297,0.967741935483871,0.967741935483871,0,0,1.0,,,0.967741935483871,0.967741935483871,0,0,1.0,,,0.967741935483871,0.967741935483871,0,0,1.0,,,0.967741935483871,0.967741935483871,0,0,1.0,,
volcanoes-e4,mlp-nosuite,0.9361022364217252,0.9842481028259251,1.0,1.0,0,0,1.0,,,1.0,1.0,0,0,1.0,,,1.0,1.0,0,0,1.0,,,1.0,1.0,0,0,1.0,,
volcanoes-e4,mlp-nosuite,0.9361022364217252,0.9932199032205896,1.0,1.0,0,0,1.0,,1.0,1.0,1.0,0,0,1.0,,1.0,1.0,1.0,0,0,1.0,,1.0,1.0,1.0,0,0,1.0,,1.0
volcanoes-e4,mlp-nosuite,0.9361022364217252,0.9966669932898349,1.0,1.0,0,0,1.0,,,1.0,1.0,0,0,1.0,,,1.0,1.0,0,0,1.0,,,1.0,1.0,0,0,1.0,,
volcanoes-e4,mlp-nosuite,0.9361022364217252,0.996776790292177,1.0,1.0,0,0,1.0,,,1.0,1.0,0,0,1.0,,,1.0,1.0,0,0,1.0,,,1.0,1.0,0,0,1.0,,
volcanoes-e5,mlp-nosuite,0.9064748201438849,0.8977192015979557,1.0,1.0,0,0,1.0,,,1.0,1.0,0,0,1.0,,,1.0,1.0,0,0,1.0,,,1.0,1.0,0,0,1.0,,
volcanoes-e5,mlp-nosuite,0.9064748201438849,0.9753399787884336,1.0,1.0,0,0,1.0,,1.0,1.0,1.0,0,0,1.0,,1.0,1.0,1.0,0,0,1.0,,1.0,1.0,1.0,0,0,1.0,,1.0
volcanoes-e5,mlp-nosuite,0.9064748201438849,0.9734732615220976,1.0,1.0,0,0,1.0,,,1.0,1.0,0,0,1.0,,,1.0,1.0,0,0,1.0,,,1.0,1.0,0,0,1.0,,
volcanoes-e5,mlp-nosuite,0.9064748201438849,0.9202076900970316,1.0,1.0,0,0,1.0,,,1.0,1.0,0,0,1.0,,,1.0,1.0,0,0,1.0,,,1.0,1.0,0,0,1.0,,
volcanoes-e5,mlp-nosuite,0.9064748201438849,0.9775482324639899,1.0,1.0,0,0,1.0,,1.0,1.0,1.0,0,0,1.0,,1.0,1.0,1.0,0,0,1.0,,1.0,1.0,1.0,0,0,1.0,,1.0
volcanoes-e5,mlp-nosuite,0.9064748201438849,0.940117540854863,1.0,1.0,0,0,1.0,,,1.0,1.0,0,0,1.0,,,1.0,1.0,0,0,1.0,,,1.0,1.0,0,0,1.0,,
volcanoes-e5,mlp-nosuite,0.9064748201438849,0.6504350340897987,1.0,0.9629629629629629,0,0,1.0,,0.7407407407407407,1.0,0.9629629629629629,0,0,1.0,,0.7407407407407407,1.0,0.9629629629629629,0,0,1.0,,0.7407407407407407,1.0,0.9629629629629629,0,0,1.0,,0.7407407407407407
volcanoes-e5,mlp-nosuite,0.9064748201438849,0.9799487683846747,1.0,1.0,0,0,1.0,,,1.0,1.0,0,0,1.0,,,1.0,1.0,0,0,1.0,,,1.0,1.0,0,0,1.0,,
volcanoes-e5,mlp-nosuite,0.9064748201438849,0.9450048053451994,1.0,1.0,0,0,1.0,,1.0,1.0,1.0,0,0,1.0,,1.0,1.0,1.0,0,0,1.0,,1.0,1.0,1.0,0,0,1.0,,1.0
volcanoes-e5,mlp-nosuite,0.9064748201438849,0.9890776918904468,1.0,1.0,0,0,1.0,,,1.0,1.0,0,0,1.0,,,1.0,1.0,0,0,1.0,,,1.0,1.0,0,0,1.0,,
volcanoes-e5,mlp-nosuite,0.9064748201438849,0.9736719035397909,1.0,1.0,0,0,1.0,,,1.0,1.0,0,0,1.0,,,1.0,1.0,0,0,1.0,,,1.0,1.0,0,0,1.0,,
volcanoes-e5,mlp-nosuite,0.9064748201438849,0.930415001586801,1.0,1.0,0,0,1.0,,,1.0,1.0,0,0,1.0,,,1.0,1.0,0,0,1.0,,,1.0,1.0,0,0,1.0,,
volcanoes-e5,mlp-nosuite,0.9064748201438849,0.5419726242092155,0.9629629629629629,0.9629629629629629,0,0,1.0,,1.0,0.9629629629629629,0.9629629629629629,0,0,1.0,,1.0,0.9629629629629629,0.9629629629629629,0,0,1.0,,1.0,0.9629629629629629,0.9629629629629629,0,0,1.0,,1.0
volcanoes-e5,mlp-nosuite,0.9064748201438849,0.9643194017768363,1.0,1.0,0,0,1.0,,,1.0,1.0,0,0,1.0,,,1.0,1.0,0,0,1.0,,,1.0,1.0,0,0,1.0,,
volcanoes-e5,mlp-nosuite,0.9064748201438849,0.9811920363706872,1.0,1.0,0,0,1.0,,,1.0,1.0,0,0,1.0,,,1.0,1.0,0,0,1.0,,,1.0,1.0,0,0,1.0,,
volcanoes-e5,mlp-nosuite,0.9064748201438849,0.9899271633671441,1.0,1.0,0,0,1.0,,,1.0,1.0,0,0,1.0,,,1.0,1.0,0,0,1.0,,,1.0,1.0,0,0,1.0,,
volcanoes-e5,mlp-nosuite,0.9064748201438849,0.8524958686972626,1.0,1.0,0,0,1.0,,,1.0,1.0,0,0,1.0,,,1.0,1.0,0,0,1.0,,,1.0,1.0,0,0,1.0,,
volcanoes-e5,mlp-nosuite,0.9064748201438849,0.9856367728917292,1.0,1.0,0,0,1.0,,,1.0,1.0,0,0,1.0,,,1.0,1.0,0,0,1.0,,,1.0,1.0,0,0,1.0,,
volcanoes-e5,mlp-nosuite,0.9064748201438849,0.9778180945010956,1.0,1.0,0,0,1.0,,1.0,1.0,1.0,0,0,1.0,,1.0,1.0,1.0,0,0,1.0,,1.0,1.0,1.0,0,0,1.0,,1.0
volcanoes-e5,mlp-nosuite,0.9064748201438849,0.7307628601964115,1.0,1.0,0,0,1.0,,1.0,1.0,1.0,0,0,1.0,,1.0,1.0,1.0,0,0,1.0,,1.0,1.0,1.0,0,0,1.0,,1.0
volcanoes-e5,mlp-nosuite,0.9064748201438849,0.9768276242719063,1.0,1.0,0,0,1.0,,1.0,1.0,1.0,0,0,1.0,,1.0,1.0,1.0,0,0,1.0,,1.0,1.0,1.0,0,0,1.0,,1.0
volcanoes-e5,mlp-nosuite,0.9064748201438849,0.9848511234928314,1.0,1.0,0,0,1.0,,1.0,1.0,1.0,0,0,1.0,,1.0,1.0,1.0,0,0,1.0,,1.0,1.0,1.0,0,0,1.0,,1.0
volcanoes-e5,mlp-nosuite,0.9064748201438849,0.9621279526091595,1.0,1.0,0,0,1.0,,,1.0,1.0,0,0,1.0,,,1.0,1.0,0,0,1.0,,,1.0,1.0,0,0,1.0,,
volcanoes-e5,mlp-nosuite,0.9064748201438849,0.9572860656408175,1.0,1.0,0,0,1.0,,,1.0,1.0,0,0,1.0,,,1.0,1.0,0,0,1.0,,,1.0,1.0,0,0,1.0,,
volcanoes-e5,mlp-nosuite,0.9064748201438849,0.9870970153369493,1.0,1.0,0,0,1.0,,,1.0,1.0,0,0,1.0,,,1.0,1.0,0,0,1.0,,,1.0,1.0,0,0,1.0,,
volcanoes-e5,mlp-nosuite,0.9064748201438849,0.9241307843529003,1.0,1.0,0,0,1.0,,,1.0,1.0,0,0,1.0,,,1.0,1.0,0,0,1.0,,,1.0,1.0,0,0,1.0,,
volcanoes-e5,mlp-nosuite,0.9064748201438849,0.9949406305601703,1.0,1.0,0,0,1.0,,,1.0,1.0,0,0,1.0,,,1.0,1.0,0,0,1.0,,,1.0,1.0,0,0,1.0,,
volcanoes-e5,mlp-nosuite,0.9064748201438849,0.9769660885723982,1.0,1.0,0,0,1.0,,,1.0,1.0,0,0,1.0,,,1.0,1.0,0,0,1.0,,,1.0,1.0,0,0,1.0,,
volcanoes-e5,mlp-nosuite,0.9064748201438849,0.9900556085794395,1.0,1.0,0,0,1.0,,,1.0,1.0,0,0,1.0,,,1.0,1.0,0,0,1.0,,,1.0,1.0,0,0,1.0,,
volcanoes-e5,mlp-nosuite,0.9064748201438849,0.9938234564257568,1.0,1.0,0,0,1.0,,,1.0,1.0,0,0,1.0,,,1.0,1.0,0,0,1.0,,,1.0,1.0,0,0,1.0,,
volcanoes-e5,mlp-nosuite,0.9064748201438849,0.983405252872994,1.0,1.0,0,0,1.0,,,1.0,1.0,0,0,1.0,,,1.0,1.0,0,0,1.0,,,1.0,1.0,0,0,1.0,,
volcanoes-e5,mlp-nosuite,0.9064748201438849,0.9767851767658768,1.0,1.0,0,0,1.0,,,1.0,1.0,0,0,1.0,,,1.0,1.0,0,0,1.0,,,1.0,1.0,0,0,1.0,,
volcanoes-e5,mlp-nosuite,0.9064748201438849,0.9363687012732129,1.0,1.0,0,0,1.0,,,1.0,1.0,0,0,1.0,,,1.0,1.0,0,0,1.0,,,1.0,1.0,0,0,1.0,,
volcanoes-e5,mlp-nosuite,0.9064748201438849,0.9419592035759701,1.0,1.0,0,0,1.0,,,1.0,1.0,0,0,1.0,,,1.0,1.0,0,0,1.0,,,1.0,1.0,0,0,1.0,,
volcanoes-e5,mlp-nosuite,0.9064748201438849,0.9078102796623171,1.0,1.0,0,0,1.0,,,1.0,1.0,0,0,1.0,,,1.0,1.0,0,0,1.0,,,1.0,1.0,0,0,1.0,,
volcanoes-e5,mlp-nosuite,0.9064748201438849,0.9821850430367507,1.0,1.0,0,0,1.0,,,1.0,1.0,0,0,1.0,,,1.0,1.0,0,0,1.0,,,1.0,1.0,0,0,1.0,,
volcanoes-e5,mlp-nosuite,0.9064748201438849,0.9781419556597057,1.0,1.0,0,0,1.0,,1.0,1.0,1.0,0,0,1.0,,1.0,1.0,1.0,0,0,1.0,,1.0,1.0,1.0,0,0,1.0,,1.0
volcanoes-e5,mlp-nosuite,0.9064748201438849,0.5939120815693956,0.9629629629629629,0.9629629629629629,0,0,0.9629629629629629,,0.8888888888888888,0.9629629629629629,0.9629629629629629,0,0,0.9629629629629629,,0.8888888888888888,0.9629629629629629,0.9629629629629629,0,0,0.9629629629629629,,0.8888888888888888,0.9629629629629629,0.9629629629629629,0,0,0.9629629629629629,,0.8888888888888888
volcanoes-e5,mlp-nosuite,0.9064748201438849,0.9526624965583034,1.0,1.0,0,0,1.0,,,1.0,1.0,0,0,1.0,,,1.0,1.0,0,0,1.0,,,1.0,1.0,0,0,1.0,,
volcanoes-e5,mlp-nosuite,0.9064748201438849,0.9421532036387004,1.0,1.0,0,0,1.0,,,1.0,1.0,0,0,1.0,,,1.0,1.0,0,0,1.0,,,1.0,1.0,0,0,1.0,,
volcanoes-e5,mlp-nosuite,0.9064748201438849,0.8024543690754237,1.0,1.0,0,0,1.0,,,1.0,1.0,0,0,1.0,,,1.0,1.0,0,0,1.0,,,1.0,1.0,0,0,1.0,,
volcanoes-e5,mlp-nosuite,0.9064748201438849,0.7255589639011585,1.0,1.0,0,0,1.0,,,1.0,1.0,0,0,1.0,,,1.0,1.0,0,0,1.0,,,1.0,1.0,0,0,1.0,,
volcanoes-e5,mlp-nosuite,0.9064748201438849,0.8610180789122389,1.0,1.0,0,0,1.0,,1.0,1.0,1.0,0,0,1.0,,1.0,1.0,1.0,0,0,1.0,,1.0,1.0,1.0,0,0,1.0,,1.0
volcanoes-e5,mlp-nosuite,0.9064748201438849,0.8648634085648277,1.0,1.0,0,0,1.0,,1.0,1.0,1.0,0,0,1.0,,1.0,1.0,1.0,0,0,1.0,,1.0,1.0,1.0,0,0,1.0,,1.0
volcanoes-e5,mlp-nosuite,0.9064748201438849,0.9950274322020126,1.0,1.0,0,0,1.0,,,1.0,1.0,0,0,1.0,,,1.0,1.0,0,0,1.0,,,1.0,1.0,0,0,1.0,,
volcanoes-e5,mlp-nosuite,0.9064748201438849,0.9436865954089037,1.0,1.0,0,0,1.0,,,1.0,1.0,0,0,1.0,,,1.0,1.0,0,0,1.0,,,1.0,1.0,0,0,1.0,,
volcanoes-e5,mlp-nosuite,0.9064748201438849,0.9945399888376054,1.0,1.0,0,0,1.0,,,1.0,1.0,0,0,1.0,,,1.0,1.0,0,0,1.0,,,1.0,1.0,0,0,1.0,,
volcanoes-e5,mlp-nosuite,0.9064748201438849,0.9706177271356083,1.0,1.0,0,0,1.0,,,1.0,1.0,0,0,1.0,,,1.0,1.0,0,0,1.0,,,1.0,1.0,0,0,1.0,,
volcanoes-e5,mlp-nosuite,0.9064748201438849,0.986807813659459,1.0,1.0,0,0,1.0,,1.0,1.0,1.0,0,0,1.0,,1.0,1.0,1.0,0,0,1.0,,1.0,1.0,1.0,0,0,1.0,,1.0
volcanoes-e5,mlp-nosuite,0.9064748201438849,0.9970820607766663,1.0,1.0,0,0,1.0,,1.0,1.0,1.0,0,0,1.0,,1.0,1.0,1.0,0,0,1.0,,1.0,1.0,1.0,0,0,1.0,,1.0
yeast,mlp-nosuite,0.6172506738544474,0.7059430427120151,0.8378378378378378,0.8108108108108109,0,0,0.7837837837837838,,0.7297297297297297,0.8378378378378378,0.8108108108108109,0,0,0.7837837837837838,,0.7297297297297297,0.8378378378378378,0.8108108108108109,0,0,0.7837837837837838,,0.7297297297297297,0.8378378378378378,0.8108108108108109,0,0,0.7837837837837838,,0.7297297297297297
yeast,mlp-nosuite,0.6172506738544474,0.854184224069063,0.972972972972973,0.972972972972973,0,0,0.9459459459459459,0.918918918918919,0.918918918918919,0.972972972972973,0.972972972972973,0,0,0.9459459459459459,0.918918918918919,0.918918918918919,0.972972972972973,0.972972972972973,0,0,0.9459459459459459,0.918918918918919,0.918918918918919,0.972972972972973,0.972972972972973,0,0,0.9459459459459459,0.918918918918919,0.918918918918919
yeast,mlp-nosuite,0.6172506738544474,0.7687061589797701,0.8648648648648649,0.8648648648648649,0,0,0.6756756756756757,,0.9459459459459459,0.8648648648648649,0.8648648648648649,0,0,0.6756756756756757,,0.9459459459459459,0.8648648648648649,0.8648648648648649,0,0,0.6756756756756757,,0.9459459459459459,0.8648648648648649,0.8648648648648649,0,0,0.6756756756756757,,0.9459459459459459
yeast,mlp-nosuite,0.6172506738544474,0.8153871353725672,0.918918918918919,0.972972972972973,0,0,0.972972972972973,,0.8918918918918919,0.918918918918919,0.972972972972973,0,0,0.972972972972973,,0.8918918918918919,0.918918918918919,0.972972972972973,0,0,0.972972972972973,,0.8918918918918919,0.918918918918919,0.972972972972973,0,0,0.972972972972973,,0.8918918918918919
yeast,mlp-nosuite,0.6172506738544474,0.8517713481033629,0.7837837837837838,0.8918918918918919,0,0,0.8108108108108109,,0.8378378378378378,0.7837837837837838,0.8918918918918919,0,0,0.8108108108108109,,0.8378378378378378,0.7837837837837838,0.8918918918918919,0,0,0.8108108108108109,,0.8378378378378378,0.7837837837837838,0.8918918918918919,0,0,0.8108108108108109,,0.8378378378378378
yeast,mlp-nosuite,0.6172506738544474,0.4910007150414382,0.7027027027027027,0.7027027027027027,0,0,0.5675675675675675,,0.6216216216216216,0.7027027027027027,0.7027027027027027,0,0,0.5675675675675675,,0.6216216216216216,0.7027027027027027,0.7027027027027027,0,0,0.5675675675675675,,0.6216216216216216,0.7027027027027027,0.7027027027027027,0,0,0.5675675675675675,,0.6216216216216216
yeast,mlp-nosuite,0.6172506738544474,0.6965870220668589,0.8378378378378378,0.918918918918919,0,0,0.8108108108108109,,0.8648648648648649,0.8378378378378378,0.918918918918919,0,0,0.8108108108108109,,0.8648648648648649,0.8378378378378378,0.918918918918919,0,0,0.8108108108108109,,0.8648648648648649,0.8378378378378378,0.918918918918919,0,0,0.8108108108108109,,0.8648648648648649
yeast,mlp-nosuite,0.6172506738544474,0.6082230414329826,0.8648648648648649,0.918918918918919,0,0,0.8918918918918919,,0.8648648648648649,0.8648648648648649,0.918918918918919,0,0,0.8918918918918919,,0.8648648648648649,0.8648648648648649,0.918918918918919,0,0,0.8918918918918919,,0.8648648648648649,0.8648648648648649,0.918918918918919,0,0,0.8918918918918919,,0.8648648648648649
yeast,mlp-nosuite,0.6172506738544474,0.5307691251774221,0.918918918918919,0.8648648648648649,0,0,0.7837837837837838,,0.8918918918918919,0.918918918918919,0.8648648648648649,0,0,0.7837837837837838,,0.8918918918918919,0.918918918918919,0.8648648648648649,0,0,0.7837837837837838,,0.8918918918918919,0.918918918918919,0.8648648648648649,0,0,0.7837837837837838,,0.8918918918918919
yeast,mlp-nosuite,0.6172506738544474,0.5898136535651094,0.918918918918919,0.9459459459459459,0,0,0.8918918918918919,,0.9459459459459459,0.918918918918919,0.9459459459459459,0,0,0.8918918918918919,,0.9459459459459459,0.918918918918919,0.9459459459459459,0,0,0.8918918918918919,,0.9459459459459459,0.918918918918919,0.9459459459459459,0,0,0.8918918918918919,,0.9459459459459459
yeast,mlp-nosuite,0.6172506738544474,0.9769920903358666,0.972972972972973,0.9459459459459459,0,0,0.9459459459459459,,0.9459459459459459,0.972972972972973,0.9459459459459459,0,0,0.9459459459459459,,0.9459459459459459,0.972972972972973,0.9459459459459459,0,0,0.9459459459459459,,0.9459459459459459,0.972972972972973,0.9459459459459459,0,0,0.9459459459459459,,0.9459459459459459
yeast,mlp-nosuite,0.6172506738544474,0.6550089218997267,0.7027027027027027,0.7297297297297297,0,0,0.7027027027027027,,0.7837837837837838,0.7027027027027027,0.7297297297297297,0,0,0.7027027027027027,,0.7837837837837838,0.7027027027027027,0.7297297297297297,0,0,0.7027027027027027,,0.7837837837837838,0.7027027027027027,0.7297297297297297,0,0,0.7027027027027027,,0.7837837837837838
yeast,mlp-nosuite,0.6172506738544474,0.652156417544897,0.8918918918918919,0.972972972972973,0,0,0.9459459459459459,,0.918918918918919,0.8918918918918919,0.972972972972973,0,0,0.9459459459459459,,0.918918918918919,0.8918918918918919,0.972972972972973,0,0,0.9459459459459459,,0.918918918918919,0.8918918918918919,0.972972972972973,0,0,0.9459459459459459,,0.918918918918919
yeast,mlp-nosuite,0.6172506738544474,0.590686225478177,0.8918918918918919,0.972972972972973,0,0,0.8108108108108109,,0.8918918918918919,0.8918918918918919,0.972972972972973,0,0,0.8108108108108109,,0.8918918918918919,0.8918918918918919,0.972972972972973,0,0,0.8108108108108109,,0.8918918918918919,0.8918918918918919,0.972972972972973,0,0,0.8108108108108109,,0.8918918918918919
yeast,mlp-nosuite,0.6172506738544474,0.8068372530401193,0.918918918918919,0.9459459459459459,0,0,1.0,,0.8648648648648649,0.918918918918919,0.9459459459459459,0,0,1.0,,0.8648648648648649,0.918918918918919,0.9459459459459459,0,0,1.0,,0.8648648648648649,0.918918918918919,0.9459459459459459,0,0,1.0,,0.8648648648648649
yeast,mlp-nosuite,0.6172506738544474,0.48720428480289174,0.8918918918918919,0.8918918918918919,0,0,0.8378378378378378,,0.7567567567567568,0.8918918918918919,0.8918918918918919,0,0,0.8378378378378378,,0.7567567567567568,0.8918918918918919,0.8918918918918919,0,0,0.8378378378378378,,0.7567567567567568,0.8918918918918919,0.8918918918918919,0,0,0.8378378378378378,,0.7567567567567567
yeast,mlp-nosuite,0.6172506738544474,0.7066654959328711,0.7567567567567568,0.918918918918919,0,0,0.9459459459459459,,0.7297297297297297,0.7567567567567568,0.918918918918919,0,0,0.9459459459459459,,0.7297297297297297,0.7567567567567568,0.918918918918919,0,0,0.9459459459459459,,0.7297297297297297,0.7567567567567567,0.918918918918919,0,0,0.9459459459459459,,0.7297297297297297
yeast,mlp-nosuite,0.6172506738544474,0.6383887042040087,0.6756756756756757,0.7837837837837838,0,0,0.6216216216216216,,0.6216216216216216,0.6756756756756757,0.7837837837837838,0,0,0.6216216216216216,,0.6216216216216216,0.6756756756756757,0.7837837837837838,0,0,0.6216216216216216,,0.6216216216216216,0.6756756756756757,0.7837837837837838,0,0,0.6216216216216216,,0.6216216216216216
yeast,mlp-nosuite,0.6172506738544474,0.5399032225517664,0.7027027027027027,0.7567567567567568,0,0,0.6216216216216216,,0.5405405405405406,0.7027027027027027,0.7567567567567568,0,0,0.6216216216216216,,0.5405405405405406,0.7027027027027027,0.7567567567567568,0,0,0.6216216216216216,,0.5405405405405406,0.7027027027027027,0.7567567567567567,0,0,0.6216216216216216,,0.5405405405405406
yeast,mlp-nosuite,0.6172506738544474,0.6402846894575331,0.918918918918919,1.0,0,0,1.0,,0.918918918918919,0.918918918918919,1.0,0,0,1.0,,0.918918918918919,0.918918918918919,1.0,0,0,1.0,,0.918918918918919,0.918918918918919,1.0,0,0,1.0,,0.918918918918919
yeast,mlp-nosuite,0.6172506738544474,0.8270420607641638,0.8918918918918919,0.8648648648648649,0,0,0.8918918918918919,0.8648648648648649,0.8108108108108109,0.8918918918918919,0.8648648648648649,0,0,0.8918918918918919,0.8648648648648649,0.8108108108108109,0.8918918918918919,0.8648648648648649,0,0,0.8918918918918919,0.8648648648648649,0.8108108108108109,0.8918918918918919,0.8648648648648649,0,0,0.8918918918918919,0.8648648648648649,0.8108108108108109
yeast,mlp-nosuite,0.6172506738544474,0.9559665576072347,0.6756756756756757,0.7837837837837838,0,0,0.5675675675675675,,0.6486486486486487,0.6756756756756757,0.7837837837837838,0,0,0.5675675675675675,,0.6486486486486487,0.6756756756756757,0.7837837837837838,0,0,0.5675675675675675,,0.6486486486486487,0.6756756756756757,0.7837837837837838,0,0,0.5675675675675675,,0.6486486486486487
yeast,mlp-nosuite,0.6172506738544474,0.7985630197835285,0.7297297297297297,0.8378378378378378,0,0,0.7027027027027027,,0.8918918918918919,0.7297297297297297,0.8378378378378378,0,0,0.7027027027027027,,0.8918918918918919,0.7297297297297297,0.8378378378378378,0,0,0.7027027027027027,,0.8918918918918919,0.7297297297297297,0.8378378378378378,0,0,0.7027027027027027,,0.8918918918918919
yeast,mlp-nosuite,0.6172506738544474,0.6227046815327231,0.9459459459459459,0.972972972972973,0,0,0.8918918918918919,,0.8918918918918919,0.9459459459459459,0.972972972972973,0,0,0.8918918918918919,,0.8918918918918919,0.9459459459459459,0.972972972972973,0,0,0.8918918918918919,,0.8918918918918919,0.9459459459459459,0.972972972972973,0,0,0.8918918918918919,,0.8918918918918919
yeast,mlp-nosuite,0.6172506738544474,0.5224487399404436,0.8648648648648649,0.9459459459459459,0,0,0.7567567567567568,,0.7027027027027027,0.8648648648648649,0.9459459459459459,0,0,0.7567567567567568,,0.7027027027027027,0.8648648648648649,0.9459459459459459,0,0,0.7567567567567568,,0.7027027027027027,0.8648648648648649,0.9459459459459459,0,0,0.7567567567567567,,0.7027027027027027
yeast,mlp-nosuite,0.6172506738544474,0.3891855150835529,0.8108108108108109,0.8648648648648649,0,0,0.5945945945945946,,0.7297297297297297,0.8108108108108109,0.8648648648648649,0,0,0.5945945945945946,,0.7297297297297297,0.8108108108108109,0.8648648648648649,0,0,0.5945945945945946,,0.7297297297297297,0.8108108108108109,0.8648648648648649,0,0,0.5945945945945946,,0.7297297297297297
yeast,mlp-nosuite,0.6172506738544474,0.5911790368740227,0.8648648648648649,0.8648648648648649,0,0,0.8648648648648649,,0.8108108108108109,0.8648648648648649,0.8648648648648649,0,0,0.8648648648648649,,0.8108108108108109,0.8648648648648649,0.8648648648648649,0,0,0.8648648648648649,,0.8108108108108109,0.8648648648648649,0.8648648648648649,0,0,0.8648648648648649,,0.8108108108108109
yeast,mlp-nosuite,0.6172506738544474,0.629670593848274,0.918918918918919,0.918918918918919,0,0,0.8648648648648649,,0.918918918918919,0.918918918918919,0.918918918918919,0,0,0.8648648648648649,,0.918918918918919,0.918918918918919,0.918918918918919,0,0,0.8648648648648649,,0.918918918918919,0.918918918918919,0.918918918918919,0,0,0.8648648648648649,,0.918918918918919
yeast,mlp-nosuite,0.6172506738544474,0.5658438576331523,0.8648648648648649,1.0,0,0,0.972972972972973,,0.8648648648648649,0.8648648648648649,1.0,0,0,0.972972972972973,,0.8648648648648649,0.8648648648648649,1.0,0,0,0.972972972972973,,0.8648648648648649,0.8648648648648649,1.0,0,0,0.972972972972973,,0.8648648648648649
yeast,mlp-nosuite,0.6172506738544474,0.7187024376961156,0.9459459459459459,0.8378378378378378,0,0,0.918918918918919,,0.8918918918918919,0.9459459459459459,0.8378378378378378,0,0,0.918918918918919,,0.8918918918918919,0.9459459459459459,0.8378378378378378,0,0,0.918918918918919,,0.8918918918918919,0.9459459459459459,0.8378378378378378,0,0,0.918918918918919,,0.8918918918918919
yeast,mlp-nosuite,0.6172506738544474,0.5913711080016002,0.8108108108108109,0.8108108108108109,0,0,0.7837837837837838,,0.8378378378378378,0.8108108108108109,0.8108108108108109,0,0,0.7837837837837838,,0.8378378378378378,0.8108108108108109,0.8108108108108109,0,0,0.7837837837837838,,0.8378378378378378,0.8108108108108109,0.8108108108108109,0,0,0.7837837837837838,,0.8378378378378378
yeast,mlp-nosuite,0.6172506738544474,0.5682644820982953,0.8918918918918919,0.8648648648648649,0,0,0.8378378378378378,,0.8648648648648649,0.8918918918918919,0.8648648648648649,0,0,0.8378378378378378,,0.8648648648648649,0.8918918918918919,0.8648648648648649,0,0,0.8378378378378378,,0.8648648648648649,0.8918918918918919,0.8648648648648649,0,0,0.8378378378378378,,0.8648648648648649
yeast,mlp-nosuite,0.6172506738544474,0.5213467113424698,0.918918918918919,0.8648648648648649,0,0,0.8918918918918919,,0.6486486486486487,0.918918918918919,0.8648648648648649,0,0,0.8918918918918919,,0.6486486486486487,0.918918918918919,0.8648648648648649,0,0,0.8918918918918919,,0.6486486486486487,0.918918918918919,0.8648648648648649,0,0,0.8918918918918919,,0.6486486486486487
yeast,mlp-nosuite,0.6172506738544474,0.5031306686464653,0.7837837837837838,0.7567567567567568,0,0,0.7297297297297297,,0.7297297297297297,0.7837837837837838,0.7567567567567568,0,0,0.7297297297297297,,0.7297297297297297,0.7837837837837838,0.7567567567567568,0,0,0.7297297297297297,,0.7297297297297297,0.7837837837837838,0.7567567567567567,0,0,0.7297297297297297,,0.7297297297297297
yeast,mlp-nosuite,0.6172506738544474,0.5884111482706388,0.972972972972973,0.918918918918919,0,0,0.7567567567567568,,0.918918918918919,0.972972972972973,0.918918918918919,0,0,0.7567567567567568,,0.918918918918919,0.972972972972973,0.918918918918919,0,0,0.7567567567567568,,0.918918918918919,0.972972972972973,0.918918918918919,0,0,0.7567567567567567,,0.918918918918919
yeast,mlp-nosuite,0.6172506738544474,0.7866950662633221,0.7837837837837838,0.7567567567567568,0,0,0.6756756756756757,,0.7567567567567568,0.7837837837837838,0.7567567567567568,0,0,0.6756756756756757,,0.7567567567567568,0.7837837837837838,0.7567567567567568,0,0,0.6756756756756757,,0.7567567567567568,0.7837837837837838,0.7567567567567567,0,0,0.6756756756756757,,0.7567567567567567
yeast,mlp-nosuite,0.6172506738544474,0.5447268803985967,0.6486486486486487,0.6756756756756757,0,0,0.7837837837837838,,0.5945945945945946,0.6486486486486487,0.6756756756756757,0,0,0.7837837837837838,,0.5945945945945946,0.6486486486486487,0.6756756756756757,0,0,0.7837837837837838,,0.5945945945945946,0.6486486486486487,0.6756756756756757,0,0,0.7837837837837838,,0.5945945945945946
yeast,mlp-nosuite,0.6172506738544474,0.8144204226766092,0.9459459459459459,0.9459459459459459,0,0,0.918918918918919,,0.8378378378378378,0.9459459459459459,0.9459459459459459,0,0,0.918918918918919,,0.8378378378378378,0.9459459459459459,0.9459459459459459,0,0,0.918918918918919,,0.8378378378378378,0.9459459459459459,0.9459459459459459,0,0,0.918918918918919,,0.8378378378378378
yeast,mlp-nosuite,0.6172506738544474,0.8891864317831109,0.9459459459459459,1.0,0,0,1.0,,0.918918918918919,0.9459459459459459,1.0,0,0,1.0,,0.918918918918919,0.9459459459459459,1.0,0,0,1.0,,0.918918918918919,0.9459459459459459,1.0,0,0,1.0,,0.918918918918919
yeast,mlp-nosuite,0.6172506738544474,0.28133881938989935,0.8648648648648649,1.0,0,0,0.918918918918919,,0.7297297297297297,0.8648648648648649,1.0,0,0,0.918918918918919,,0.7297297297297297,0.8648648648648649,1.0,0,0,0.918918918918919,,0.7297297297297297,0.8648648648648649,1.0,0,0,0.918918918918919,,0.7297297297297297
yeast,mlp-nosuite,0.6172506738544474,0.6859127235089117,0.8918918918918919,0.8918918918918919,0,0,0.9459459459459459,,0.8378378378378378,0.8918918918918919,0.8918918918918919,0,0,0.9459459459459459,,0.8378378378378378,0.8918918918918919,0.8918918918918919,0,0,0.9459459459459459,,0.8378378378378378,0.8918918918918919,0.8918918918918919,0,0,0.9459459459459459,,0.8378378378378378
yeast,mlp-nosuite,0.6172506738544474,0.6731378428486091,0.8918918918918919,0.9459459459459459,0,0,0.918918918918919,,0.8648648648648649,0.8918918918918919,0.9459459459459459,0,0,0.918918918918919,,0.8648648648648649,0.8918918918918919,0.9459459459459459,0,0,0.918918918918919,,0.8648648648648649,0.8918918918918919,0.9459459459459459,0,0,0.918918918918919,,0.8648648648648649
yeast,mlp-nosuite,0.6172506738544474,0.35038552062983414,0.7837837837837838,0.8108108108108109,0,0,0.8378378378378378,,0.5945945945945946,0.7837837837837838,0.8108108108108109,0,0,0.8378378378378378,,0.5945945945945946,0.7837837837837838,0.8108108108108109,0,0,0.8378378378378378,,0.5945945945945946,0.7837837837837838,0.8108108108108109,0,0,0.8378378378378378,,0.5945945945945946
yeast,mlp-nosuite,0.6172506738544474,0.6058491647689342,0.6756756756756757,0.7027027027027027,0,0,0.7567567567567568,,0.7837837837837838,0.6756756756756757,0.7027027027027027,0,0,0.7567567567567568,,0.7837837837837838,0.6756756756756757,0.7027027027027027,0,0,0.7567567567567568,,0.7837837837837838,0.6756756756756757,0.7027027027027027,0,0,0.7567567567567567,,0.7837837837837838
yeast,mlp-nosuite,0.6172506738544474,0.9422417409954973,0.8648648648648649,0.9459459459459459,0,0,0.8378378378378378,,0.8648648648648649,0.8648648648648649,0.9459459459459459,0,0,0.8378378378378378,,0.8648648648648649,0.8648648648648649,0.9459459459459459,0,0,0.8378378378378378,,0.8648648648648649,0.8648648648648649,0.9459459459459459,0,0,0.8378378378378378,,0.8648648648648649
yeast,mlp-nosuite,0.6172506738544474,0.7328804053498051,0.918918918918919,0.9459459459459459,0,0,0.9459459459459459,,0.9459459459459459,0.918918918918919,0.9459459459459459,0,0,0.9459459459459459,,0.9459459459459459,0.918918918918919,0.9459459459459459,0,0,0.9459459459459459,,0.9459459459459459,0.918918918918919,0.9459459459459459,0,0,0.9459459459459459,,0.9459459459459459
yeast,mlp-nosuite,0.6172506738544474,0.3486443412971777,0.918918918918919,1.0,0,0,0.9459459459459459,,0.8648648648648649,0.918918918918919,1.0,0,0,0.9459459459459459,,0.8648648648648649,0.918918918918919,1.0,0,0,0.9459459459459459,,0.8648648648648649,0.918918918918919,1.0,0,0,0.9459459459459459,,0.8648648648648649
yeast,mlp-nosuite,0.6172506738544474,0.6434217995854417,0.9459459459459459,0.9459459459459459,0,0,0.8918918918918919,,0.9459459459459459,0.9459459459459459,0.9459459459459459,0,0,0.8918918918918919,,0.9459459459459459,0.9459459459459459,0.9459459459459459,0,0,0.8918918918918919,,0.9459459459459459,0.9459459459459459,0.9459459459459459,0,0,0.8918918918918919,,0.9459459459459459
yeast,mlp-nosuite,0.6172506738544474,0.7272889805060853,0.7297297297297297,0.7567567567567568,0,0,0.8648648648648649,,0.8918918918918919,0.7297297297297297,0.7567567567567568,0,0,0.8648648648648649,,0.8918918918918919,0.7297297297297297,0.7567567567567568,0,0,0.8648648648648649,,0.8918918918918919,0.7297297297297297,0.7567567567567567,0,0,0.8648648648648649,,0.8918918918918919
yeast,mlp-nosuite,0.6172506738544474,0.8009345249963874,0.8108108108108109,0.8378378378378378,0,0,0.8648648648648649,,0.8648648648648649,0.8108108108108109,0.8378378378378378,0,0,0.8648648648648649,,0.8648648648648649,0.8108108108108109,0.8378378378378378,0,0,0.8648648648648649,,0.8648648648648649,0.8108108108108109,0.8378378378378378,0,0,0.8648648648648649,,0.8648648648648649
rmftsa,mlp-nosuite,0.51953125,0.4392036268962049,1.0,1.0,0,0,0.96,,1.0,1.0,1.0,0,0,0.96,,1.0,1.0,1.0,0,0,0.96,,1.0,1.0,1.0,0,0,0.96,,1.0
rmftsa,mlp-nosuite,0.51953125,0.4680882890516091,0.8,0.96,0,0,0.88,,0.92,0.8,0.96,0,0,0.88,,0.92,0.8,0.96,0,0,0.88,,0.92,0.8000000000000002,0.96,0,0,0.88,,0.92
rmftsa,mlp-nosuite,0.51953125,0.38564920294868216,0.44,0.84,0,0,0.88,,0.32,0.44,0.84,0,0,0.88,,0.32,0.44,0.84,0,0,0.88,,0.32,0.44,0.8399999999999999,0,0,0.88,,0.32
rmftsa,mlp-nosuite,0.51953125,0.4703688216831583,0.6,0.76,0,0,0.72,,0.6,0.6,0.76,0,0,0.72,,0.6,0.6,0.76,0,0,0.72,,0.6,0.6,0.76,0,0,0.72,,0.6
rmftsa,mlp-nosuite,0.51953125,0.6230154375875949,1.0,1.0,0,0,1.0,,1.0,1.0,1.0,0,0,1.0,,1.0,1.0,1.0,0,0,1.0,,1.0,1.0,1.0,0,0,1.0,,1.0
rmftsa,mlp-nosuite,0.51953125,0.520291675712967,1.0,1.0,0,0,1.0,,1.0,1.0,1.0,0,0,1.0,,1.0,1.0,1.0,0,0,1.0,,1.0,1.0,1.0,0,0,1.0,,1.0
rmftsa,mlp-nosuite,0.51953125,0.4226854137332023,0.72,0.8,0,0,0.96,,0.72,0.72,0.8,0,0,0.96,,0.72,0.72,0.8,0,0,0.96,,0.72,0.72,0.8000000000000002,0,0,0.96,,0.72
rmftsa,mlp-nosuite,0.51953125,0.5311366699227706,1.0,1.0,0,0,1.0,,1.0,1.0,1.0,0,0,1.0,,1.0,1.0,1.0,0,0,1.0,,1.0,1.0,1.0,0,0,1.0,,1.0
rmftsa,mlp-nosuite,0.51953125,0.49625395118885585,0.72,0.84,0,0,0.88,,0.88,0.72,0.84,0,0,0.88,,0.88,0.72,0.84,0,0,0.88,,0.88,0.72,0.8399999999999999,0,0,0.88,,0.88
rmftsa,mlp-nosuite,0.51953125,0.5158761279858914,1.0,1.0,0,0,1.0,,1.0,1.0,1.0,0,0,1.0,,1.0,1.0,1.0,0,0,1.0,,1.0,1.0,1.0,0,0,1.0,,1.0
rmftsa,mlp-nosuite,0.51953125,0.7531628560102336,1.0,1.0,0,0,1.0,,1.0,1.0,1.0,0,0,1.0,,1.0,1.0,1.0,0,0,1.0,,1.0,1.0,1.0,0,0,1.0,,1.0
rmftsa,mlp-nosuite,0.51953125,0.5581282006345757,0.72,1.0,0,0,1.0,,0.88,0.72,1.0,0,0,1.0,,0.88,0.72,1.0,0,0,1.0,,0.88,0.72,1.0,0,0,1.0,,0.88
rmftsa,mlp-nosuite,0.51953125,0.4892391385789344,0.56,1.0,0,0,0.96,,0.96,0.56,1.0,0,0,0.96,,0.96,0.56,1.0,0,0,0.96,,0.96,0.56,1.0,0,0,0.96,,0.96
rmftsa,mlp-nosuite,0.51953125,0.44989282848458323,0.36,0.92,0,0,0.92,,0.92,0.36,0.92,0,0,0.92,,0.92,0.36,0.92,0,0,0.92,,0.92,0.36,0.92,0,0,0.92,,0.92
rmftsa,mlp-nosuite,0.51953125,0.5014428846574492,1.0,1.0,0,0,1.0,,1.0,1.0,1.0,0,0,1.0,,1.0,1.0,1.0,0,0,1.0,,1.0,1.0,1.0,0,0,1.0,,1.0
rmftsa,mlp-nosuite,0.51953125,0.5396897232801114,0.56,0.96,0,0,0.96,,0.96,0.56,0.96,0,0,0.96,,0.96,0.56,0.96,0,0,0.96,,0.96,0.56,0.96,0,0,0.96,,0.96
rmftsa,mlp-nosuite,0.51953125,0.35938128953713677,0.4,1.0,0,0,1.0,,0.88,0.4,1.0,0,0,1.0,,0.88,0.4,1.0,0,0,1.0,,0.88,0.4000000000000001,1.0,0,0,1.0,,0.88
rmftsa,mlp-nosuite,0.51953125,0.5158761279858914,1.0,1.0,0,0,1.0,,1.0,1.0,1.0,0,0,1.0,,1.0,1.0,1.0,0,0,1.0,,1.0,1.0,1.0,0,0,1.0,,1.0
rmftsa,mlp-nosuite,0.51953125,0.5456845771163488,0.48,1.0,0,0,0.88,,1.0,0.48,1.0,0,0,0.88,,1.0,0.48,1.0,0,0,0.88,,1.0,0.48,1.0,0,0,0.88,,1.0
rmftsa,mlp-nosuite,0.51953125,0.5783612720130417,1.0,1.0,0,0,1.0,,1.0,1.0,1.0,0,0,1.0,,1.0,1.0,1.0,0,0,1.0,,1.0,1.0,1.0,0,0,1.0,,1.0
rmftsa,mlp-nosuite,0.51953125,0.4456303814003765,1.0,1.0,0,0,1.0,,1.0,1.0,1.0,0,0,1.0,,1.0,1.0,1.0,0,0,1.0,,1.0,1.0,1.0,0,0,1.0,,1.0
rmftsa,mlp-nosuite,0.51953125,0.4288145439547315,0.48,0.76,0,0,0.92,,0.68,0.48,0.76,0,0,0.92,,0.68,0.48,0.76,0,0,0.92,,0.68,0.48,0.76,0,0,0.92,,0.68
rmftsa,mlp-nosuite,0.51953125,0.3624132567773058,0.68,1.0,0,0,0.6,,0.6,0.68,1.0,0,0,0.6,,0.6,0.68,1.0,0,0,0.6,,0.6,0.68,1.0,0,0,0.6,,0.6
rmftsa,mlp-nosuite,0.51953125,0.6780616434441902,1.0,1.0,0,0,1.0,,1.0,1.0,1.0,0,0,1.0,,1.0,1.0,1.0,0,0,1.0,,1.0,1.0,1.0,0,0,1.0,,1.0
rmftsa,mlp-nosuite,0.51953125,0.3611232315319938,0.6,0.76,0,0,0.84,,0.76,0.6,0.76,0,0,0.84,,0.76,0.6,0.76,0,0,0.84,,0.76,0.6,0.76,0,0,0.8399999999999999,,0.76
rmftsa,mlp-nosuite,0.51953125,0.4401701803855752,0.48,0.88,0,0,0.92,,0.56,0.48,0.88,0,0,0.92,,0.56,0.48,0.88,0,0,0.92,,0.56,0.48,0.88,0,0,0.92,,0.56
rmftsa,mlp-nosuite,0.51953125,0.3485186007507078,0.88,0.96,0,0,0.96,,0.08,0.88,0.96,0,0,0.96,,0.08,0.88,0.96,0,0,0.96,,0.08,0.88,0.96,0,0,0.96,,0.08
rmftsa,mlp-nosuite,0.51953125,0.37886713392700194,0.44,0.92,0,0,0.56,,0.52,0.44,0.92,0,0,0.56,,0.52,0.44,0.92,0,0,0.56,,0.52,0.44,0.92,0,0,0.56,,0.52
rmftsa,mlp-nosuite,0.51953125,0.38827933639630735,0.92,1.0,0,0,0.92,,0.92,0.92,1.0,0,0,0.92,,0.92,0.92,1.0,0,0,0.92,,0.92,0.92,1.0,0,0,0.92,,0.92
rmftsa,mlp-nosuite,0.51953125,0.4475831013526873,0.56,1.0,0,0,0.96,,0.68,0.56,1.0,0,0,0.96,,0.68,0.56,1.0,0,0,0.96,,0.68,0.56,1.0,0,0,0.96,,0.68
rmftsa,mlp-nosuite,0.51953125,0.4438870522930624,0.88,0.96,0,0,0.72,,0.88,0.88,0.96,0,0,0.72,,0.88,0.88,0.96,0,0,0.72,,0.88,0.88,0.96,0,0,0.72,,0.88
rmftsa,mlp-nosuite,0.51953125,0.5132620708641707,0.56,0.96,0,0,0.96,,0.96,0.56,0.96,0,0,0.96,,0.96,0.56,0.96,0,0,0.96,,0.96,0.56,0.96,0,0,0.96,,0.96
rmftsa,mlp-nosuite,0.51953125,0.44989282848458323,0.36,0.92,0,0,0.92,,0.92,0.36,0.92,0,0,0.92,,0.92,0.36,0.92,0,0,0.92,,0.92,0.36,0.92,0,0,0.92,,0.92
rmftsa,mlp-nosuite,0.51953125,0.5127439525902301,0.76,1.0,0,0,0.84,,1.0,0.76,1.0,0,0,0.84,,1.0,0.76,1.0,0,0,0.84,,1.0,0.76,1.0,0,0,0.8399999999999999,,1.0
rmftsa,mlp-nosuite,0.51953125,0.4265822353234696,0.96,1.0,0,0,0.56,,0.96,0.96,1.0,0,0,0.56,,0.96,0.96,1.0,0,0,0.56,,0.96,0.96,1.0,0,0,0.56,,0.96
rmftsa,mlp-nosuite,0.51953125,0.31291340953320335,0.76,0.8,0,0,0.68,,0.92,0.76,0.8,0,0,0.68,,0.92,0.76,0.8,0,0,0.68,,0.92,0.76,0.8000000000000002,0,0,0.68,,0.92
rmftsa,mlp-nosuite,0.51953125,0.7474234009596294,1.0,1.0,0,0,0.92,,1.0,1.0,1.0,0,0,0.92,,1.0,1.0,1.0,0,0,0.92,,1.0,1.0,1.0,0,0,0.92,,1.0
rmftsa,mlp-nosuite,0.51953125,0.7021555422619946,0.52,0.8,0,0,0.8,,0.44,0.52,0.8,0,0,0.8,,0.44,0.52,0.8,0,0,0.8,,0.44,0.52,0.8000000000000002,0,0,0.8000000000000002,,0.44
rmftsa,mlp-nosuite,0.51953125,0.6693014042358258,1.0,1.0,0,0,1.0,,1.0,1.0,1.0,0,0,1.0,,1.0,1.0,1.0,0,0,1.0,,1.0,1.0,1.0,0,0,1.0,,1.0
rmftsa,mlp-nosuite,0.51953125,0.6072713925299179,0.52,0.92,0,0,0.84,,0.6,0.52,0.92,0,0,0.84,,0.6,0.52,0.92,0,0,0.84,,0.6,0.52,0.92,0,0,0.8399999999999999,,0.6
rmftsa,mlp-nosuite,0.51953125,0.5333874826807956,0.52,1.0,0,0,0.96,,0.72,0.52,1.0,0,0,0.96,,0.72,0.52,1.0,0,0,0.96,,0.72,0.52,1.0,0,0,0.96,,0.72
rmftsa,mlp-nosuite,0.51953125,0.5418247329734285,0.48,1.0,0,0,0.8,,0.96,0.48,1.0,0,0,0.8,,0.96,0.48,1.0,0,0,0.8,,0.96,0.48,1.0,0,0,0.8000000000000002,,0.96
rmftsa,mlp-nosuite,0.51953125,0.395107974859115,0.96,1.0,0,0,1.0,,0.96,0.96,1.0,0,0,1.0,,0.96,0.96,1.0,0,0,1.0,,0.96,0.96,1.0,0,0,1.0,,0.96
rmftsa,mlp-nosuite,0.51953125,0.38335667942516033,0.6,0.76,0,0,0.72,,0.6,0.6,0.76,0,0,0.72,,0.6,0.6,0.76,0,0,0.72,,0.6,0.6,0.76,0,0,0.72,,0.6
rmftsa,mlp-nosuite,0.51953125,0.7040457232294485,0.68,0.96,0,0,0.68,,0.84,0.68,0.96,0,0,0.68,,0.84,0.68,0.96,0,0,0.68,,0.84,0.68,0.96,0,0,0.68,,0.8399999999999999
rmftsa,mlp-nosuite,0.51953125,0.5158761279858914,1.0,1.0,0,0,1.0,,1.0,1.0,1.0,0,0,1.0,,1.0,1.0,1.0,0,0,1.0,,1.0,1.0,1.0,0,0,1.0,,1.0
rmftsa,mlp-nosuite,0.51953125,0.395107974859115,0.96,1.0,0,0,1.0,,0.96,0.96,1.0,0,0,1.0,,0.96,0.96,1.0,0,0,1.0,,0.96,0.96,1.0,0,0,1.0,,0.96
rmftsa,mlp-nosuite,0.51953125,0.3153505181775724,0.76,0.88,0,0,0.72,,0.76,0.76,0.88,0,0,0.72,,0.76,0.76,0.88,0,0,0.72,,0.76,0.76,0.88,0,0,0.72,,0.76
rmftsa,mlp-nosuite,0.51953125,0.3824358787610816,0.6,0.76,0,0,0.72,,0.8,0.6,0.76,0,0,0.72,,0.8,0.6,0.76,0,0,0.72,,0.8,0.6,0.76,0,0,0.72,,0.8000000000000002
rmftsa,mlp-nosuite,0.51953125,0.44653845367383727,0.44,0.92,0,0,0.84,,0.92,0.44,0.92,0,0,0.84,,0.92,0.44,0.92,0,0,0.84,,0.92,0.44,0.92,0,0,0.8399999999999999,,0.92
banknote-authentication,mlp-nosuite,1.0,0.9996715727380836,1.0,1.0,0,0,0.9117647058823529,0.9117647058823529,1.0,1.0,1.0,0,0,1.0,1.0,1.0,1.0,1.0,0,0,0.9117647058823529,0.9117647058823529,1.0,1.0,1.0,0,0,0.9538461538461539,0.9538461538461539,1.0
banknote-authentication,mlp-nosuite,1.0,0.9999907078329328,1.0,1.0,0,0,1.0,0.9705882352941176,1.0,1.0,1.0,0,0,1.0,1.0,1.0,1.0,1.0,0,0,1.0,0.9705882352941176,1.0,1.0,1.0,0,0,1.0,0.9850746268656716,1.0
banknote-authentication,mlp-nosuite,1.0,0.9995782616221618,0.9705882352941176,1.0,0,0,0.9705882352941176,0.9411764705882353,1.0,1.0,1.0,0,0,1.0,1.0,1.0,0.9705882352941176,1.0,0,0,0.9705882352941176,0.9411764705882353,1.0,0.9850746268656716,1.0,0,0,0.9850746268656716,0.9696969696969697,1.0
banknote-authentication,mlp-nosuite,1.0,0.9967715715625176,0.8235294117647058,1.0,0,0,0.9705882352941176,0.9411764705882353,0.9411764705882353,1.0,1.0,0,0,1.0,1.0,1.0,0.8235294117647058,1.0,0,0,0.9705882352941176,0.9411764705882353,0.9411764705882353,0.9032258064516129,1.0,0,0,0.9850746268656716,0.9696969696969697,0.9696969696969697
banknote-authentication,mlp-nosuite,1.0,0.9995319645941872,1.0,0.9705882352941176,0,0,0.8823529411764706,0.8529411764705882,0.8529411764705882,1.0,0.96875,0,0,1.0,1.0,0.9642857142857143,1.0,1.0,0,0,0.8709677419354839,0.8387096774193549,0.8709677419354839,1.0,0.9841269841269841,0,0,0.9310344827586207,0.9122807017543859,0.9152542372881356
banknote-authentication,mlp-nosuite,1.0,0.9999965941274134,1.0,1.0,0,0,0.9705882352941176,0.7058823529411765,0.7941176470588235,1.0,1.0,0,0,0.9583333333333334,0.696969696969697,0.7666666666666667,1.0,1.0,0,0,1.0,1.0,1.0,1.0,1.0,0,0,0.9787234042553191,0.8214285714285715,0.8679245283018869
banknote-authentication,mlp-nosuite,1.0,0.9997851658725867,1.0,1.0,0,0,1.0,1.0,1.0,1.0,1.0,0,0,1.0,1.0,1.0,1.0,1.0,0,0,1.0,1.0,1.0,1.0,1.0,0,0,1.0,1.0,1.0
banknote-authentication,mlp-nosuite,1.0,0.9999687248528396,1.0,1.0,0,0,1.0,1.0,1.0,1.0,1.0,0,0,1.0,1.0,1.0,1.0,1.0,0,0,1.0,1.0,1.0,1.0,1.0,0,0,1.0,1.0,1.0
banknote-authentication,mlp-nosuite,1.0,0.9989479501283376,1.0,1.0,0,0,0.9705882352941176,0.7058823529411765,0.9411764705882353,1.0,1.0,0,0,1.0,0.8275862068965517,0.9354838709677419,1.0,1.0,0,0,0.9655172413793104,0.8275862068965517,1.0,1.0,1.0,0,0,0.9824561403508771,0.8275862068965517,0.9666666666666666
banknote-authentication,mlp-nosuite,1.0,0.999903852748675,1.0,1.0,0,0,1.0,0.9705882352941176,1.0,1.0,1.0,0,0,1.0,1.0,1.0,1.0,1.0,0,0,1.0,0.9705882352941176,1.0,1.0,1.0,0,0,1.0,0.9850746268656716,1.0
banknote-authentication,mlp-nosuite,1.0,0.9593156939090443,0.9705882352941176,1.0,0,0,1.0,0.8823529411764706,0.9117647058823529,1.0,1.0,0,0,1.0,0.8333333333333334,1.0,0.9375,1.0,0,0,1.0,0.9375,0.8125,0.967741935483871,1.0,0,0,1.0,0.8823529411764706,0.896551724137931
banknote-authentication,mlp-nosuite,1.0,0.999892351065744,1.0,0.9705882352941176,0,0,1.0,0.9117647058823529,1.0,1.0,0.9705882352941176,0,0,1.0,0.96875,1.0,1.0,1.0,0,0,1.0,0.9393939393939394,1.0,1.0,0.9850746268656716,0,0,1.0,0.9538461538461539,1.0
banknote-authentication,mlp-nosuite,1.0,0.9999825994563841,1.0,1.0,0,0,0.9117647058823529,1.0,1.0,1.0,1.0,0,0,1.0,1.0,1.0,1.0,1.0,0,0,0.9117647058823529,1.0,1.0,1.0,1.0,0,0,0.9538461538461539,1.0,1.0
banknote-authentication,mlp-nosuite,1.0,0.9998616390009727,0.9705882352941176,1.0,0,0,0.9705882352941176,1.0,1.0,1.0,1.0,0,0,1.0,1.0,1.0,0.9705882352941176,1.0,0,0,0.9705882352941176,1.0,1.0,0.9850746268656716,1.0,0,0,0.9850746268656716,1.0,1.0
banknote-authentication,mlp-nosuite,1.0,0.9847440936365887,1.0,0.9705882352941176,0,0,0.8235294117647058,0.7647058823529411,0.8529411764705882,1.0,0.9705882352941176,0,0,1.0,0.9629629629629629,1.0,1.0,1.0,0,0,0.8181818181818182,0.7878787878787878,0.8484848484848485,1.0,0.9850746268656716,0,0,0.9,0.8666666666666665,0.9180327868852458
banknote-authentication,mlp-nosuite,1.0,0.999598764649163,1.0,0.9705882352941176,0,0,0.9117647058823529,0.7352941176470589,0.8529411764705882,1.0,1.0,0,0,1.0,1.0,1.0,1.0,0.967741935483871,0,0,0.9032258064516129,0.7096774193548387,0.8387096774193549,1.0,0.9836065573770492,0,0,0.9491525423728813,0.8301886792452831,0.9122807017543859
banknote-authentication,mlp-nosuite,1.0,0.9997890372479821,1.0,0.9705882352941176,0,0,0.9705882352941176,0.6764705882352942,1.0,1.0,1.0,0,0,1.0,1.0,1.0,1.0,0.967741935483871,0,0,0.967741935483871,0.6451612903225806,1.0,1.0,0.9836065573770492,0,0,0.9836065573770492,0.7843137254901961,1.0
banknote-authentication,mlp-nosuite,1.0,0.9959960580579492,0.9705882352941176,1.0,0,0,1.0,0.7058823529411765,0.8529411764705882,1.0,1.0,0,0,1.0,1.0,0.9545454545454546,0.96,1.0,0,0,1.0,0.6,0.84,0.9795918367346939,1.0,0,0,1.0,0.7499999999999999,0.8936170212765958
banknote-authentication,mlp-nosuite,1.0,0.9999649128497563,1.0,1.0,0,0,1.0,0.9705882352941176,1.0,1.0,1.0,0,0,1.0,1.0,1.0,1.0,1.0,0,0,1.0,0.9705882352941176,1.0,1.0,1.0,0,0,1.0,0.9850746268656716,1.0
banknote-authentication,mlp-nosuite,1.0,0.9999842347552793,1.0,1.0,0,0,1.0,1.0,1.0,1.0,1.0,0,0,1.0,1.0,1.0,1.0,1.0,0,0,1.0,1.0,1.0,1.0,1.0,0,0,1.0,1.0,1.0
banknote-authentication,mlp-nosuite,1.0,0.9999975413414801,1.0,1.0,0,0,1.0,0.7058823529411765,0.7352941176470589,1.0,1.0,0,0,1.0,0.6875,0.7096774193548387,1.0,1.0,0,0,1.0,1.0,1.0,1.0,1.0,0,0,1.0,0.8148148148148148,0.8301886792452831
banknote-authentication,mlp-nosuite,1.0,0.9958053479484174,0.7941176470588235,0.9705882352941176,0,0,0.9411764705882353,0.6470588235294118,1.0,1.0,0.9696969696969697,0,0,1.0,1.0,1.0,0.78125,1.0,0,0,0.9375,0.625,1.0,0.8771929824561403,0.9846153846153847,0,0,0.967741935483871,0.7692307692307693,1.0
banknote-authentication,mlp-nosuite,1.0,0.9999339841516157,1.0,1.0,0,0,1.0,1.0,1.0,1.0,1.0,0,0,1.0,1.0,1.0,1.0,1.0,0,0,1.0,1.0,1.0,1.0,1.0,0,0,1.0,1.0,1.0
banknote-authentication,mlp-nosuite,1.0,0.9999116842643319,1.0,1.0,0,0,1.0,1.0,1.0,1.0,1.0,0,0,1.0,1.0,1.0,1.0,1.0,0,0,1.0,1.0,1.0,1.0,1.0,0,0,1.0,1.0,1.0
banknote-authentication,mlp-nosuite,1.0,0.8737376421163819,0.9705882352941176,1.0,0,0,1.0,0.6176470588235294,0.9117647058823529,1.0,1.0,0,0,1.0,0.5714285714285714,1.0,0.9285714285714286,1.0,0,0,1.0,0.2857142857142857,0.7857142857142857,0.962962962962963,1.0,0,0,1.0,0.38095238095238093,0.88
banknote-authentication,mlp-nosuite,1.0,0.999922722621713,1.0,1.0,0,0,1.0,1.0,1.0,1.0,1.0,0,0,1.0,1.0,1.0,1.0,1.0,0,0,1.0,1.0,1.0,1.0,1.0,0,0,1.0,1.0,1.0
banknote-authentication,mlp-nosuite,1.0,0.9991779122263149,1.0,1.0,0,0,0.9411764705882353,0.6764705882352942,0.9117647058823529,1.0,1.0,0,0,1.0,1.0,1.0,1.0,1.0,0,0,0.9411764705882353,0.6764705882352942,0.9117647058823529,1.0,1.0,0,0,0.9696969696969697,0.8070175438596492,0.9538461538461539
banknote-authentication,mlp-nosuite,1.0,0.9998863983704348,1.0,1.0,0,0,1.0,0.9705882352941176,1.0,1.0,1.0,0,0,1.0,1.0,1.0,1.0,1.0,0,0,1.0,0.9705882352941176,1.0,1.0,1.0,0,0,1.0,0.9850746268656716,1.0
banknote-authentication,mlp-nosuite,1.0,0.693438046194788,1.0,1.0,0,0,1.0,0.9117647058823529,0.7941176470588235,1.0,1.0,0,0,1.0,0.8333333333333334,1.0,1.0,1.0,0,0,1.0,1.0,0.5333333333333333,1.0,1.0,0,0,1.0,0.9090909090909091,0.6956521739130436
banknote-authentication,mlp-nosuite,1.0,0.9999787367599922,1.0,1.0,0,0,1.0,0.8529411764705882,1.0,1.0,1.0,0,0,1.0,1.0,1.0,1.0,1.0,0,0,1.0,0.8529411764705882,1.0,1.0,1.0,0,0,1.0,0.9206349206349206,1.0
banknote-authentication,mlp-nosuite,1.0,0.9999830581315201,0.9705882352941176,1.0,0,0,1.0,1.0,1.0,1.0,1.0,0,0,1.0,1.0,1.0,0.9705882352941176,1.0,0,0,1.0,1.0,1.0,0.9850746268656716,1.0,0,0,1.0,1.0,1.0
banknote-authentication,mlp-nosuite,1.0,0.9999735141022849,1.0,1.0,0,0,1.0,0.9117647058823529,1.0,1.0,1.0,0,0,1.0,1.0,1.0,1.0,1.0,0,0,1.0,0.9117647058823529,1.0,1.0,1.0,0,0,1.0,0.9538461538461539,1.0
banknote-authentication,mlp-nosuite,1.0,0.9994582287945061,1.0,1.0,0,0,1.0,1.0,0.6176470588235294,1.0,1.0,0,0,1.0,1.0,1.0,1.0,1.0,0,0,1.0,1.0,0.5,1.0,1.0,0,0,1.0,1.0,0.6666666666666666
banknote-authentication,mlp-nosuite,1.0,0.9998488396954847,1.0,1.0,0,0,1.0,1.0,1.0,1.0,1.0,0,0,1.0,1.0,1.0,1.0,1.0,0,0,1.0,1.0,1.0,1.0,1.0,0,0,1.0,1.0,1.0
banknote-authentication,mlp-nosuite,1.0,0.9984030036343169,0.9705882352941176,0.9705882352941176,0,0,1.0,0.7941176470588235,0.9411764705882353,1.0,1.0,0,0,1.0,1.0,1.0,0.9705882352941176,0.9705882352941176,0,0,1.0,0.7941176470588235,0.9411764705882353,0.9850746268656716,0.9850746268656716,0,0,1.0,0.8852459016393442,0.9696969696969697
banknote-authentication,mlp-nosuite,1.0,0.9999184920739265,1.0,1.0,0,0,1.0,1.0,0.9705882352941176,1.0,1.0,0,0,1.0,1.0,1.0,1.0,1.0,0,0,1.0,1.0,0.9705882352941176,1.0,1.0,0,0,1.0,1.0,0.9850746268656716
banknote-authentication,mlp-nosuite,1.0,0.9998511179374847,1.0,1.0,0,0,1.0,0.9705882352941176,1.0,1.0,1.0,0,0,1.0,1.0,1.0,1.0,1.0,0,0,1.0,0.9705882352941176,1.0,1.0,1.0,0,0,1.0,0.9850746268656716,1.0
banknote-authentication,mlp-nosuite,1.0,0.9990029623781582,1.0,1.0,0,0,1.0,0.9411764705882353,1.0,1.0,1.0,0,0,1.0,1.0,1.0,1.0,1.0,0,0,1.0,0.9411764705882353,1.0,1.0,1.0,0,0,1.0,0.9696969696969697,1.0
banknote-authentication,mlp-nosuite,1.0,0.9987745826604794,1.0,1.0,0,0,0.9705882352941176,0.9705882352941176,1.0,1.0,1.0,0,0,1.0,1.0,1.0,1.0,1.0,0,0,0.9705882352941176,0.9705882352941176,1.0,1.0,1.0,0,0,0.9850746268656716,0.9850746268656716,1.0
banknote-authentication,mlp-nosuite,1.0,0.9997748265878384,1.0,1.0,0,0,1.0,1.0,1.0,1.0,1.0,0,0,1.0,1.0,1.0,1.0,1.0,0,0,1.0,1.0,1.0,1.0,1.0,0,0,1.0,1.0,1.0
banknote-authentication,mlp-nosuite,1.0,0.9984740571471774,1.0,0.9705882352941176,0,0,0.9705882352941176,0.5,0.9411764705882353,1.0,0.9705882352941176,0,0,1.0,1.0,1.0,1.0,1.0,0,0,0.9696969696969697,0.48484848484848486,0.9393939393939394,1.0,0.9850746268656716,0,0,0.9846153846153847,0.653061224489796,0.96875
banknote-authentication,mlp-nosuite,1.0,0.9999990842324603,1.0,1.0,0,0,0.9117647058823529,0.8235294117647058,0.9411764705882353,1.0,1.0,0,0,1.0,1.0,0.9285714285714286,1.0,1.0,0,0,0.8846153846153846,0.7692307692307693,1.0,1.0,1.0,0,0,0.9387755102040816,0.8695652173913044,0.962962962962963
banknote-authentication,mlp-nosuite,1.0,0.7971286316254512,0.9705882352941176,1.0,0,0,1.0,0.8235294117647058,0.9705882352941176,1.0,1.0,0,0,1.0,0.7222222222222222,1.0,0.9285714285714286,1.0,0,0,1.0,0.9285714285714286,0.9285714285714286,0.962962962962963,1.0,0,0,1.0,0.8125000000000001,0.962962962962963
banknote-authentication,mlp-nosuite,1.0,0.989043917807739,1.0,0.9705882352941176,0,0,1.0,0.9117647058823529,1.0,1.0,1.0,0,0,1.0,0.8636363636363636,1.0,1.0,0.9473684210526315,0,0,1.0,1.0,1.0,1.0,0.972972972972973,0,0,1.0,0.9268292682926829,1.0
banknote-authentication,mlp-nosuite,1.0,0.9996782189483133,0.9117647058823529,1.0,0,0,1.0,0.7647058823529411,1.0,1.0,1.0,0,0,1.0,1.0,1.0,0.9117647058823529,1.0,0,0,1.0,0.7647058823529411,1.0,0.9538461538461539,1.0,0,0,1.0,0.8666666666666666,1.0
banknote-authentication,mlp-nosuite,1.0,0.9987690347026392,1.0,1.0,0,0,0.9705882352941176,1.0,0.8529411764705882,1.0,1.0,0,0,1.0,1.0,0.8529411764705882,1.0,1.0,0,0,0.9655172413793104,1.0,1.0,1.0,1.0,0,0,0.9824561403508771,1.0,0.9206349206349206
banknote-authentication,mlp-nosuite,1.0,0.9999563347188299,1.0,1.0,0,0,1.0,0.7647058823529411,1.0,1.0,1.0,0,0,1.0,1.0,1.0,1.0,1.0,0,0,1.0,0.7647058823529411,1.0,1.0,1.0,0,0,1.0,0.8666666666666666,1.0
banknote-authentication,mlp-nosuite,1.0,0.9984620988618204,0.8235294117647058,0.9705882352941176,0,0,0.9411764705882353,0.9411764705882353,0.9411764705882353,1.0,1.0,0,0,1.0,1.0,0.9411764705882353,0.8125,0.96875,0,0,0.9375,0.9375,1.0,0.896551724137931,0.9841269841269841,0,0,0.967741935483871,0.967741935483871,0.9696969696969697
banknote-authentication,mlp-nosuite,1.0,0.9999828097080098,1.0,1.0,0,0,1.0,0.9705882352941176,1.0,1.0,1.0,0,0,1.0,1.0,1.0,1.0,1.0,0,0,1.0,0.9705882352941176,1.0,1.0,1.0,0,0,1.0,0.9850746268656716,1.0
banknote-authentication,mlp-nosuite,1.0,0.999153502060915,1.0,1.0,0,0,1.0,0.7647058823529411,0.8235294117647058,1.0,1.0,0,0,1.0,1.0,1.0,1.0,1.0,0,0,1.0,0.7142857142857143,0.7857142857142857,1.0,1.0,0,0,1.0,0.8333333333333333,0.88
volcanoes-a2,mlp-nosuite,0.9433497536945813,0.9782251496488819,1.0,1.0,0,0,1.0,1.0,,1.0,1.0,0,0,1.0,1.0,,1.0,1.0,0,0,1.0,1.0,,1.0,1.0,0,0,1.0,1.0,
volcanoes-a2,mlp-nosuite,0.9433497536945813,0.9815804504993686,1.0,1.0,0,0,1.0,1.0,1.0,1.0,1.0,0,0,1.0,1.0,1.0,1.0,1.0,0,0,1.0,1.0,1.0,1.0,1.0,0,0,1.0,1.0,1.0
volcanoes-a2,mlp-nosuite,0.9433497536945813,0.9998506497983246,1.0,1.0,0,0,1.0,1.0,,1.0,1.0,0,0,1.0,1.0,,1.0,1.0,0,0,1.0,1.0,,1.0,1.0,0,0,1.0,1.0,
volcanoes-a2,mlp-nosuite,0.9433497536945813,0.9962046156075793,1.0,1.0,0,0,1.0,1.0,1.0,1.0,1.0,0,0,1.0,1.0,1.0,1.0,1.0,0,0,1.0,1.0,1.0,1.0,1.0,0,0,1.0,1.0,1.0
volcanoes-a2,mlp-nosuite,0.9433497536945813,0.9187588235942447,1.0,1.0,0,0,1.0,1.0,1.0,1.0,1.0,0,0,1.0,1.0,1.0,1.0,1.0,0,0,1.0,1.0,1.0,1.0,1.0,0,0,1.0,1.0,1.0
volcanoes-a2,mlp-nosuite,0.9433497536945813,0.9997999167495963,1.0,1.0,0,0,1.0,1.0,,1.0,1.0,0,0,1.0,1.0,,1.0,1.0,0,0,1.0,1.0,,1.0,1.0,0,0,1.0,1.0,
volcanoes-a2,mlp-nosuite,0.9433497536945813,0.989074460738342,1.0,1.0,0,0,1.0,1.0,1.0,1.0,1.0,0,0,1.0,1.0,1.0,1.0,1.0,0,0,1.0,1.0,1.0,1.0,1.0,0,0,1.0,1.0,1.0
volcanoes-a2,mlp-nosuite,0.9433497536945813,0.9981742330825621,1.0,1.0,0,0,1.0,1.0,1.0,1.0,1.0,0,0,1.0,1.0,1.0,1.0,1.0,0,0,1.0,1.0,1.0,1.0,1.0,0,0,1.0,1.0,1.0
volcanoes-a2,mlp-nosuite,0.9433497536945813,0.9906324637071022,1.0,1.0,0,0,1.0,1.0,1.0,1.0,1.0,0,0,1.0,1.0,1.0,1.0,1.0,0,0,1.0,1.0,1.0,1.0,1.0,0,0,1.0,1.0,1.0
volcanoes-a2,mlp-nosuite,0.9433497536945813,0.9865966469254835,1.0,1.0,0,0,1.0,1.0,,1.0,1.0,0,0,1.0,1.0,,1.0,1.0,0,0,1.0,1.0,,1.0,1.0,0,0,1.0,1.0,
volcanoes-a2,mlp-nosuite,0.9433497536945813,0.633371254134434,0.9,0.975,0,0,0.925,0.675,,0.9,0.975,0,0,0.925,0.675,,0.9,0.975,0,0,0.925,0.675,,0.9,0.975,0,0,0.925,0.675,
volcanoes-a2,mlp-nosuite,0.9433497536945813,0.9964563357624171,1.0,1.0,0,0,1.0,1.0,,1.0,1.0,0,0,1.0,1.0,,1.0,1.0,0,0,1.0,1.0,,1.0,1.0,0,0,1.0,1.0,
volcanoes-a2,mlp-nosuite,0.9433497536945813,0.8381184763763451,1.0,1.0,0,0,1.0,0.925,,1.0,1.0,0,0,1.0,0.925,,1.0,1.0,0,0,1.0,0.925,,1.0,1.0,0,0,1.0,0.925,
volcanoes-a2,mlp-nosuite,0.9433497536945813,0.67709939715083,1.0,1.0,0,0,1.0,0.7,1.0,1.0,1.0,0,0,1.0,0.7,1.0,1.0,1.0,0,0,1.0,0.7,1.0,1.0,1.0,0,0,1.0,0.7,1.0
volcanoes-a2,mlp-nosuite,0.9433497536945813,0.9996379819155685,1.0,1.0,0,0,1.0,1.0,1.0,1.0,1.0,0,0,1.0,1.0,1.0,1.0,1.0,0,0,1.0,1.0,1.0,1.0,1.0,0,0,1.0,1.0,1.0
volcanoes-a2,mlp-nosuite,0.9433497536945813,0.9953403830891304,1.0,1.0,0,0,1.0,1.0,1.0,1.0,1.0,0,0,1.0,1.0,1.0,1.0,1.0,0,0,1.0,1.0,1.0,1.0,1.0,0,0,1.0,1.0,1.0
volcanoes-a2,mlp-nosuite,0.9433497536945813,0.996003238156051,1.0,1.0,0,0,1.0,1.0,1.0,1.0,1.0,0,0,1.0,1.0,1.0,1.0,1.0,0,0,1.0,1.0,1.0,1.0,1.0,0,0,1.0,1.0,1.0
volcanoes-a2,mlp-nosuite,0.9433497536945813,0.9399723002359562,1.0,1.0,0,0,1.0,1.0,1.0,1.0,1.0,0,0,1.0,1.0,1.0,1.0,1.0,0,0,1.0,1.0,1.0,1.0,1.0,0,0,1.0,1.0,1.0
volcanoes-a2,mlp-nosuite,0.9433497536945813,0.974767025409524,1.0,1.0,0,0,1.0,0.975,,1.0,1.0,0,0,1.0,0.975,,1.0,1.0,0,0,1.0,0.975,,1.0,1.0,0,0,1.0,0.975,
volcanoes-a2,mlp-nosuite,0.9433497536945813,0.9979545825214355,1.0,1.0,0,0,1.0,1.0,1.0,1.0,1.0,0,0,1.0,1.0,1.0,1.0,1.0,0,0,1.0,1.0,1.0,1.0,1.0,0,0,1.0,1.0,1.0
volcanoes-a2,mlp-nosuite,0.9433497536945813,0.9960337181265542,1.0,1.0,0,0,1.0,1.0,1.0,1.0,1.0,0,0,1.0,1.0,1.0,1.0,1.0,0,0,1.0,1.0,1.0,1.0,1.0,0,0,1.0,1.0,1.0
volcanoes-a2,mlp-nosuite,0.9433497536945813,0.9978145903838026,1.0,1.0,0,0,1.0,1.0,,1.0,1.0,0,0,1.0,1.0,,1.0,1.0,0,0,1.0,1.0,,1.0,1.0,0,0,1.0,1.0,
volcanoes-a2,mlp-nosuite,0.9433497536945813,0.9996019014590145,1.0,1.0,0,0,1.0,1.0,1.0,1.0,1.0,0,0,1.0,1.0,1.0,1.0,1.0,0,0,1.0,1.0,1.0,1.0,1.0,0,0,1.0,1.0,1.0
volcanoes-a2,mlp-nosuite,0.9433497536945813,0.9807756265890305,1.0,1.0,0,0,1.0,0.775,1.0,1.0,1.0,0,0,1.0,0.775,1.0,1.0,1.0,0,0,1.0,0.775,1.0,1.0,1.0,0,0,1.0,0.775,1.0
volcanoes-a2,mlp-nosuite,0.9433497536945813,0.9770492593122131,1.0,1.0,0,0,1.0,1.0,1.0,1.0,1.0,0,0,1.0,1.0,1.0,1.0,1.0,0,0,1.0,1.0,1.0,1.0,1.0,0,0,1.0,1.0,1.0
volcanoes-a2,mlp-nosuite,0.9433497536945813,0.9967116059741407,1.0,1.0,0,0,1.0,1.0,1.0,1.0,1.0,0,0,1.0,1.0,1.0,1.0,1.0,0,0,1.0,1.0,1.0,1.0,1.0,0,0,1.0,1.0,1.0
volcanoes-a2,mlp-nosuite,0.9433497536945813,0.9992005875898786,1.0,1.0,0,0,1.0,1.0,,1.0,1.0,0,0,1.0,1.0,,1.0,1.0,0,0,1.0,1.0,,1.0,1.0,0,0,1.0,1.0,
volcanoes-a2,mlp-nosuite,0.9433497536945813,0.9907716147062658,1.0,1.0,0,0,1.0,1.0,1.0,1.0,1.0,0,0,1.0,1.0,1.0,1.0,1.0,0,0,1.0,1.0,1.0,1.0,1.0,0,0,1.0,1.0,1.0
volcanoes-a2,mlp-nosuite,0.9433497536945813,0.9993988936728587,1.0,1.0,0,0,1.0,0.725,1.0,1.0,1.0,0,0,1.0,0.725,1.0,1.0,1.0,0,0,1.0,0.725,1.0,1.0,1.0,0,0,1.0,0.7250000000000001,1.0
volcanoes-a2,mlp-nosuite,0.9433497536945813,0.9945112246052255,1.0,1.0,0,0,1.0,1.0,1.0,1.0,1.0,0,0,1.0,1.0,1.0,1.0,1.0,0,0,1.0,1.0,1.0,1.0,1.0,0,0,1.0,1.0,1.0
volcanoes-a2,mlp-nosuite,0.9433497536945813,0.9967629457569558,1.0,1.0,0,0,0.975,1.0,,1.0,1.0,0,0,0.975,1.0,,1.0,1.0,0,0,0.975,1.0,,1.0,1.0,0,0,0.975,1.0,
volcanoes-a2,mlp-nosuite,0.9433497536945813,0.9997756410819659,1.0,1.0,0,0,1.0,1.0,,1.0,1.0,0,0,1.0,1.0,,1.0,1.0,0,0,1.0,1.0,,1.0,1.0,0,0,1.0,1.0,
volcanoes-a2,mlp-nosuite,0.9433497536945813,0.95917891984778,1.0,1.0,0,0,1.0,1.0,,1.0,1.0,0,0,1.0,1.0,,1.0,1.0,0,0,1.0,1.0,,1.0,1.0,0,0,1.0,1.0,
volcanoes-a2,mlp-nosuite,0.9433497536945813,0.9997389252387225,1.0,1.0,0,0,1.0,1.0,,1.0,1.0,0,0,1.0,1.0,,1.0,1.0,0,0,1.0,1.0,,1.0,1.0,0,0,1.0,1.0,
volcanoes-a2,mlp-nosuite,0.9433497536945813,0.9952232981417839,1.0,1.0,0,0,1.0,0.925,1.0,1.0,1.0,0,0,1.0,0.925,1.0,1.0,1.0,0,0,1.0,0.925,1.0,1.0,1.0,0,0,1.0,0.925,1.0
volcanoes-a2,mlp-nosuite,0.9433497536945813,0.9949308525243776,1.0,1.0,0,0,1.0,1.0,,1.0,1.0,0,0,1.0,1.0,,1.0,1.0,0,0,1.0,1.0,,1.0,1.0,0,0,1.0,1.0,
volcanoes-a2,mlp-nosuite,0.9433497536945813,0.9936453478922993,1.0,1.0,0,0,1.0,1.0,,1.0,1.0,0,0,1.0,1.0,,1.0,1.0,0,0,1.0,1.0,,1.0,1.0,0,0,1.0,1.0,
volcanoes-a2,mlp-nosuite,0.9433497536945813,0.3115257813382541,0.725,0.725,0,0,0.925,0.8,0.925,0.725,0.725,0,0,0.925,0.8,0.925,0.725,0.725,0,0,0.925,0.8,0.925,0.7250000000000001,0.7250000000000001,0,0,0.925,0.8000000000000002,0.925
volcanoes-a2,mlp-nosuite,0.9433497536945813,0.9991626112019232,1.0,1.0,0,0,1.0,1.0,,1.0,1.0,0,0,1.0,1.0,,1.0,1.0,0,0,1.0,1.0,,1.0,1.0,0,0,1.0,1.0,
volcanoes-a2,mlp-nosuite,0.9433497536945813,0.9260206381917542,1.0,1.0,0,0,1.0,0.875,,1.0,1.0,0,0,1.0,0.875,,1.0,1.0,0,0,1.0,0.875,,1.0,1.0,0,0,1.0,0.875,
volcanoes-a2,mlp-nosuite,0.9433497536945813,0.999040609600252,1.0,1.0,0,0,1.0,1.0,,1.0,1.0,0,0,1.0,1.0,,1.0,1.0,0,0,1.0,1.0,,1.0,1.0,0,0,1.0,1.0,
volcanoes-a2,mlp-nosuite,0.9433497536945813,0.994854503114586,1.0,1.0,0,0,1.0,1.0,1.0,1.0,1.0,0,0,1.0,1.0,1.0,1.0,1.0,0,0,1.0,1.0,1.0,1.0,1.0,0,0,1.0,1.0,1.0
volcanoes-a2,mlp-nosuite,0.9433497536945813,0.9788847631133493,1.0,1.0,0,0,1.0,1.0,1.0,1.0,1.0,0,0,1.0,1.0,1.0,1.0,1.0,0,0,1.0,1.0,1.0,1.0,1.0,0,0,1.0,1.0,1.0
volcanoes-a2,mlp-nosuite,0.9433497536945813,0.9980893903223783,1.0,1.0,0,0,1.0,1.0,,1.0,1.0,0,0,1.0,1.0,,1.0,1.0,0,0,1.0,1.0,,1.0,1.0,0,0,1.0,1.0,
volcanoes-a2,mlp-nosuite,0.9433497536945813,0.9998837209201417,1.0,1.0,0,0,1.0,1.0,1.0,1.0,1.0,0,0,1.0,1.0,1.0,1.0,1.0,0,0,1.0,1.0,1.0,1.0,1.0,0,0,1.0,1.0,1.0
volcanoes-a2,mlp-nosuite,0.9433497536945813,0.2728039328296244,0.725,0.85,0,0,0.875,0.775,0.9,0.725,0.85,0,0,0.875,0.775,0.9,0.725,0.85,0,0,0.875,0.775,0.9,0.7250000000000001,0.85,0,0,0.875,0.775,0.9
volcanoes-a2,mlp-nosuite,0.9433497536945813,0.9981909648325273,1.0,1.0,0,0,1.0,1.0,,1.0,1.0,0,0,1.0,1.0,,1.0,1.0,0,0,1.0,1.0,,1.0,1.0,0,0,1.0,1.0,
volcanoes-a2,mlp-nosuite,0.9433497536945813,0.8947264005783525,1.0,1.0,0,0,1.0,0.975,1.0,1.0,1.0,0,0,1.0,0.975,1.0,1.0,1.0,0,0,1.0,0.975,1.0,1.0,1.0,0,0,1.0,0.975,1.0
volcanoes-a2,mlp-nosuite,0.9433497536945813,0.9929508336729344,1.0,1.0,0,0,1.0,1.0,1.0,1.0,1.0,0,0,1.0,1.0,1.0,1.0,1.0,0,0,1.0,1.0,1.0,1.0,1.0,0,0,1.0,1.0,1.0
volcanoes-a2,mlp-nosuite,0.9433497536945813,0.9477544368743355,1.0,1.0,0,0,1.0,1.0,1.0,1.0,1.0,0,0,1.0,1.0,1.0,1.0,1.0,0,0,1.0,1.0,1.0,1.0,1.0,0,0,1.0,1.0,1.0
volcanoes-a3,mlp-nosuite,0.9028871391076115,0.7563212533966024,0.9736842105263158,0.9473684210526315,0,0,0.9736842105263158,0.7894736842105263,,0.9736842105263158,0.9473684210526315,0,0,0.9736842105263158,0.7894736842105263,,0.9736842105263158,0.9473684210526315,0,0,0.9736842105263158,0.7894736842105263,,0.9736842105263158,0.9473684210526315,0,0,0.9736842105263158,0.7894736842105263,
volcanoes-a3,mlp-nosuite,0.9028871391076115,0.9750776702663615,1.0,1.0,0,0,1.0,1.0,1.0,1.0,1.0,0,0,1.0,1.0,1.0,1.0,1.0,0,0,1.0,1.0,1.0,1.0,1.0,0,0,1.0,1.0,1.0
volcanoes-a3,mlp-nosuite,0.9028871391076115,0.3496253328195154,0.9210526315789473,0.8947368421052632,0,0,0.8947368421052632,0.868421052631579,,0.9210526315789473,0.8947368421052632,0,0,0.8947368421052632,0.868421052631579,,0.9210526315789473,0.8947368421052632,0,0,0.8947368421052632,0.868421052631579,,0.9210526315789473,0.8947368421052632,0,0,0.8947368421052632,0.868421052631579,
volcanoes-a3,mlp-nosuite,0.9028871391076115,0.9985746659744257,1.0,1.0,0,0,1.0,1.0,,1.0,1.0,0,0,1.0,1.0,,1.0,1.0,0,0,1.0,1.0,,1.0,1.0,0,0,1.0,1.0,
volcanoes-a3,mlp-nosuite,0.9028871391076115,0.9995681742965264,1.0,1.0,0,0,1.0,0.9736842105263158,,1.0,1.0,0,0,1.0,0.9736842105263158,,1.0,1.0,0,0,1.0,0.9736842105263158,,1.0,1.0,0,0,1.0,0.9736842105263158,
volcanoes-a3,mlp-nosuite,0.9028871391076115,0.9949454596316676,1.0,1.0,0,0,1.0,1.0,1.0,1.0,1.0,0,0,1.0,1.0,1.0,1.0,1.0,0,0,1.0,1.0,1.0,1.0,1.0,0,0,1.0,1.0,1.0
volcanoes-a3,mlp-nosuite,0.9028871391076115,0.9771246664948525,1.0,1.0,0,0,1.0,0.9473684210526315,1.0,1.0,1.0,0,0,1.0,0.9473684210526315,1.0,1.0,1.0,0,0,1.0,0.9473684210526315,1.0,1.0,1.0,0,0,1.0,0.9473684210526315,1.0
volcanoes-a3,mlp-nosuite,0.9028871391076115,0.9959797531475649,1.0,1.0,0,0,1.0,1.0,1.0,1.0,1.0,0,0,1.0,1.0,1.0,1.0,1.0,0,0,1.0,1.0,1.0,1.0,1.0,0,0,1.0,1.0,1.0
volcanoes-a3,mlp-nosuite,0.9028871391076115,0.9690080778245048,1.0,1.0,0,0,1.0,0.8421052631578947,1.0,1.0,1.0,0,0,1.0,0.8421052631578947,1.0,1.0,1.0,0,0,1.0,0.8421052631578947,1.0,1.0,1.0,0,0,1.0,0.8421052631578947,1.0
volcanoes-a3,mlp-nosuite,0.9028871391076115,0.9892662101381365,1.0,1.0,0,0,1.0,0.9210526315789473,1.0,1.0,1.0,0,0,1.0,0.9210526315789473,1.0,1.0,1.0,0,0,1.0,0.9210526315789473,1.0,1.0,1.0,0,0,1.0,0.9210526315789473,1.0
volcanoes-a3,mlp-nosuite,0.9028871391076115,0.9939452190236018,1.0,1.0,0,0,1.0,1.0,1.0,1.0,1.0,0,0,1.0,1.0,1.0,1.0,1.0,0,0,1.0,1.0,1.0,1.0,1.0,0,0,1.0,1.0,1.0
volcanoes-a3,mlp-nosuite,0.9028871391076115,0.6313906734607525,0.9736842105263158,0.9736842105263158,0,0,1.0,1.0,1.0,0.9736842105263158,0.9736842105263158,0,0,1.0,1.0,1.0,0.9736842105263158,0.9736842105263158,0,0,1.0,1.0,1.0,0.9736842105263158,0.9736842105263158,0,0,1.0,1.0,1.0
volcanoes-a3,mlp-nosuite,0.9028871391076115,0.9169104246764908,1.0,1.0,0,0,1.0,1.0,,1.0,1.0,0,0,1.0,1.0,,1.0,1.0,0,0,1.0,1.0,,1.0,1.0,0,0,1.0,1.0,
volcanoes-a3,mlp-nosuite,0.9028871391076115,0.6264534726696457,0.9736842105263158,0.9736842105263158,0,0,0.9210526315789473,0.9210526315789473,,0.9736842105263158,0.9736842105263158,0,0,0.9210526315789473,0.9210526315789473,,0.9736842105263158,0.9736842105263158,0,0,0.9210526315789473,0.9210526315789473,,0.9736842105263158,0.9736842105263158,0,0,0.9210526315789473,0.9210526315789473,
volcanoes-a3,mlp-nosuite,0.9028871391076115,0.8932748151892194,1.0,1.0,0,0,1.0,1.0,,1.0,1.0,0,0,1.0,1.0,,1.0,1.0,0,0,1.0,1.0,,1.0,1.0,0,0,1.0,1.0,
volcanoes-a3,mlp-nosuite,0.9028871391076115,0.9591714735520005,1.0,1.0,0,0,1.0,1.0,1.0,1.0,1.0,0,0,1.0,1.0,1.0,1.0,1.0,0,0,1.0,1.0,1.0,1.0,1.0,0,0,1.0,1.0,1.0
volcanoes-a3,mlp-nosuite,0.9028871391076115,0.9719715008293233,1.0,1.0,0,0,1.0,1.0,1.0,1.0,1.0,0,0,1.0,1.0,1.0,1.0,1.0,0,0,1.0,1.0,1.0,1.0,1.0,0,0,1.0,1.0,1.0
volcanoes-a3,mlp-nosuite,0.9028871391076115,0.9955350684177163,1.0,1.0,0,0,1.0,1.0,1.0,1.0,1.0,0,0,1.0,1.0,1.0,1.0,1.0,0,0,1.0,1.0,1.0,1.0,1.0,0,0,1.0,1.0,1.0
volcanoes-a3,mlp-nosuite,0.9028871391076115,0.9922723923477218,1.0,1.0,0,0,1.0,1.0,,1.0,1.0,0,0,1.0,1.0,,1.0,1.0,0,0,1.0,1.0,,1.0,1.0,0,0,1.0,1.0,
volcanoes-a3,mlp-nosuite,0.9028871391076115,0.9876807913273024,1.0,1.0,0,0,1.0,1.0,1.0,1.0,1.0,0,0,1.0,1.0,1.0,1.0,1.0,0,0,1.0,1.0,1.0,1.0,1.0,0,0,1.0,1.0,1.0
volcanoes-a3,mlp-nosuite,0.9028871391076115,0.9977777893364496,1.0,1.0,0,0,1.0,1.0,1.0,1.0,1.0,0,0,1.0,1.0,1.0,1.0,1.0,0,0,1.0,1.0,1.0,1.0,1.0,0,0,1.0,1.0,1.0
volcanoes-a3,mlp-nosuite,0.9028871391076115,0.8811733817087293,1.0,1.0,0,0,1.0,1.0,1.0,1.0,1.0,0,0,1.0,1.0,1.0,1.0,1.0,0,0,1.0,1.0,1.0,1.0,1.0,0,0,1.0,1.0,1.0
volcanoes-a3,mlp-nosuite,0.9028871391076115,0.9871155093247405,1.0,1.0,0,0,1.0,1.0,1.0,1.0,1.0,0,0,1.0,1.0,1.0,1.0,1.0,0,0,1.0,1.0,1.0,1.0,1.0,0,0,1.0,1.0,1.0
volcanoes-a3,mlp-nosuite,0.9028871391076115,0.5888976016599845,1.0,1.0,0,0,0.9736842105263158,1.0,,1.0,1.0,0,0,0.9736842105263158,1.0,,1.0,1.0,0,0,0.9736842105263158,1.0,,1.0,1.0,0,0,0.9736842105263158,1.0,
volcanoes-a3,mlp-nosuite,0.9028871391076115,0.9957176445447736,1.0,1.0,0,0,1.0,1.0,,1.0,1.0,0,0,1.0,1.0,,1.0,1.0,0,0,1.0,1.0,,1.0,1.0,0,0,1.0,1.0,
volcanoes-a3,mlp-nosuite,0.9028871391076115,0.9954693050519018,1.0,1.0,0,0,1.0,1.0,1.0,1.0,1.0,0,0,1.0,1.0,1.0,1.0,1.0,0,0,1.0,1.0,1.0,1.0,1.0,0,0,1.0,1.0,1.0
volcanoes-a3,mlp-nosuite,0.9028871391076115,0.8284062829710597,1.0,1.0,0,0,1.0,1.0,1.0,1.0,1.0,0,0,1.0,1.0,1.0,1.0,1.0,0,0,1.0,1.0,1.0,1.0,1.0,0,0,1.0,1.0,1.0
volcanoes-a3,mlp-nosuite,0.9028871391076115,0.9980306295055987,1.0,1.0,0,0,1.0,1.0,,1.0,1.0,0,0,1.0,1.0,,1.0,1.0,0,0,1.0,1.0,,1.0,1.0,0,0,1.0,1.0,
volcanoes-a3,mlp-nosuite,0.9028871391076115,0.9980294072868596,1.0,1.0,0,0,1.0,1.0,1.0,1.0,1.0,0,0,1.0,1.0,1.0,1.0,1.0,0,0,1.0,1.0,1.0,1.0,1.0,0,0,1.0,1.0,1.0
volcanoes-a3,mlp-nosuite,0.9028871391076115,0.9984371970054886,1.0,1.0,0,0,1.0,1.0,1.0,1.0,1.0,0,0,1.0,1.0,1.0,1.0,1.0,0,0,1.0,1.0,1.0,1.0,1.0,0,0,1.0,1.0,1.0
volcanoes-a3,mlp-nosuite,0.9028871391076115,0.9994733913511901,1.0,1.0,0,0,1.0,1.0,1.0,1.0,1.0,0,0,1.0,1.0,1.0,1.0,1.0,0,0,1.0,1.0,1.0,1.0,1.0,0,0,1.0,1.0,1.0
volcanoes-a3,mlp-nosuite,0.9028871391076115,0.9959888211728462,1.0,1.0,0,0,1.0,0.9736842105263158,1.0,1.0,1.0,0,0,1.0,0.9736842105263158,1.0,1.0,1.0,0,0,1.0,0.9736842105263158,1.0,1.0,1.0,0,0,1.0,0.9736842105263158,1.0
volcanoes-a3,mlp-nosuite,0.9028871391076115,0.7993785073995411,1.0,1.0,0,0,0.9736842105263158,1.0,,1.0,1.0,0,0,0.9736842105263158,1.0,,1.0,1.0,0,0,0.9736842105263158,1.0,,1.0,1.0,0,0,0.9736842105263158,1.0,
volcanoes-a3,mlp-nosuite,0.9028871391076115,0.980845019111347,1.0,1.0,0,0,1.0,1.0,1.0,1.0,1.0,0,0,1.0,1.0,1.0,1.0,1.0,0,0,1.0,1.0,1.0,1.0,1.0,0,0,1.0,1.0,1.0
volcanoes-a3,mlp-nosuite,0.9028871391076115,0.9996341633709566,1.0,1.0,0,0,1.0,1.0,,1.0,1.0,0,0,1.0,1.0,,1.0,1.0,0,0,1.0,1.0,,1.0,1.0,0,0,1.0,1.0,
volcanoes-a3,mlp-nosuite,0.9028871391076115,0.8715717713086881,1.0,1.0,0,0,1.0,0.9210526315789473,1.0,1.0,1.0,0,0,1.0,0.9210526315789473,1.0,1.0,1.0,0,0,1.0,0.9210526315789473,1.0,1.0,1.0,0,0,1.0,0.9210526315789473,1.0
volcanoes-a3,mlp-nosuite,0.9028871391076115,0.94351585572234,1.0,1.0,0,0,1.0,1.0,1.0,1.0,1.0,0,0,1.0,1.0,1.0,1.0,1.0,0,0,1.0,1.0,1.0,1.0,1.0,0,0,1.0,1.0,1.0
volcanoes-a3,mlp-nosuite,0.9028871391076115,0.9925145157060258,1.0,1.0,0,0,1.0,1.0,1.0,1.0,1.0,0,0,1.0,1.0,1.0,1.0,1.0,0,0,1.0,1.0,1.0,1.0,1.0,0,0,1.0,1.0,1.0
volcanoes-a3,mlp-nosuite,0.9028871391076115,0.7451412352749462,1.0,1.0,0,0,1.0,0.9736842105263158,,1.0,1.0,0,0,1.0,0.9736842105263158,,1.0,1.0,0,0,1.0,0.9736842105263158,,1.0,1.0,0,0,1.0,0.9736842105263158,
volcanoes-a3,mlp-nosuite,0.9028871391076115,0.9948759015605063,1.0,1.0,0,0,1.0,1.0,,1.0,1.0,0,0,1.0,1.0,,1.0,1.0,0,0,1.0,1.0,,1.0,1.0,0,0,1.0,1.0,
volcanoes-a3,mlp-nosuite,0.9028871391076115,0.9980710471788452,1.0,1.0,0,0,1.0,1.0,1.0,1.0,1.0,0,0,1.0,1.0,1.0,1.0,1.0,0,0,1.0,1.0,1.0,1.0,1.0,0,0,1.0,1.0,1.0
volcanoes-a3,mlp-nosuite,0.9028871391076115,0.3733548049251307,0.8157894736842105,0.6842105263157895,0,0,0.7631578947368421,0.8157894736842105,0.7631578947368421,0.8157894736842105,0.6842105263157895,0,0,0.7631578947368421,0.8157894736842105,0.7631578947368421,0.8157894736842105,0.6842105263157895,0,0,0.7631578947368421,0.8157894736842105,0.7631578947368421,0.8157894736842104,0.6842105263157895,0,0,0.7631578947368421,0.8157894736842104,0.7631578947368421
volcanoes-a3,mlp-nosuite,0.9028871391076115,0.996123193056777,1.0,1.0,0,0,1.0,1.0,1.0,1.0,1.0,0,0,1.0,1.0,1.0,1.0,1.0,0,0,1.0,1.0,1.0,1.0,1.0,0,0,1.0,1.0,1.0
volcanoes-a3,mlp-nosuite,0.9028871391076115,0.9984817514019426,1.0,1.0,0,0,1.0,0.7894736842105263,,1.0,1.0,0,0,1.0,0.7894736842105263,,1.0,1.0,0,0,1.0,0.7894736842105263,,1.0,1.0,0,0,1.0,0.7894736842105263,
volcanoes-a3,mlp-nosuite,0.9028871391076115,0.9643796453109553,1.0,1.0,0,0,1.0,0.9473684210526315,1.0,1.0,1.0,0,0,1.0,0.9473684210526315,1.0,1.0,1.0,0,0,1.0,0.9473684210526315,1.0,1.0,1.0,0,0,1.0,0.9473684210526315,1.0
volcanoes-a3,mlp-nosuite,0.9028871391076115,0.9972305584462509,1.0,1.0,0,0,1.0,1.0,,1.0,1.0,0,0,1.0,1.0,,1.0,1.0,0,0,1.0,1.0,,1.0,1.0,0,0,1.0,1.0,
volcanoes-a3,mlp-nosuite,0.9028871391076115,0.9894640972982238,1.0,1.0,0,0,1.0,1.0,1.0,1.0,1.0,0,0,1.0,1.0,1.0,1.0,1.0,0,0,1.0,1.0,1.0,1.0,1.0,0,0,1.0,1.0,1.0
volcanoes-a3,mlp-nosuite,0.9028871391076115,0.9942036378166053,1.0,1.0,0,0,1.0,0.5789473684210527,1.0,1.0,1.0,0,0,1.0,0.5789473684210527,1.0,1.0,1.0,0,0,1.0,0.5789473684210527,1.0,1.0,1.0,0,0,1.0,0.5789473684210527,1.0
volcanoes-a3,mlp-nosuite,0.9028871391076115,0.9986474951989138,1.0,1.0,0,0,1.0,1.0,,1.0,1.0,0,0,1.0,1.0,,1.0,1.0,0,0,1.0,1.0,,1.0,1.0,0,0,1.0,1.0,
volcanoes-a3,mlp-nosuite,0.9028871391076115,0.9888018631767314,1.0,1.0,0,0,1.0,1.0,,1.0,1.0,0,0,1.0,1.0,,1.0,1.0,0,0,1.0,1.0,,1.0,1.0,0,0,1.0,1.0,
volcanoes-a4,mlp-nosuite,0.9076517150395779,0.9982237351622875,1.0,1.0,0,0,1.0,0.7567567567567568,1.0,1.0,1.0,0,0,1.0,0.7567567567567568,1.0,1.0,1.0,0,0,1.0,0.7567567567567568,1.0,1.0,1.0,0,0,1.0,0.7567567567567567,1.0
volcanoes-a4,mlp-nosuite,0.9076517150395779,0.9868592422134926,1.0,1.0,0,0,1.0,1.0,,1.0,1.0,0,0,1.0,1.0,,1.0,1.0,0,0,1.0,1.0,,1.0,1.0,0,0,1.0,1.0,
volcanoes-a4,mlp-nosuite,0.9076517150395779,0.9793692092636617,1.0,1.0,0,0,1.0,1.0,1.0,1.0,1.0,0,0,1.0,1.0,1.0,1.0,1.0,0,0,1.0,1.0,1.0,1.0,1.0,0,0,1.0,1.0,1.0
volcanoes-a4,mlp-nosuite,0.9076517150395779,0.9925492927228277,1.0,1.0,0,0,1.0,,,1.0,1.0,0,0,1.0,,,1.0,1.0,0,0,1.0,,,1.0,1.0,0,0,1.0,,
volcanoes-a4,mlp-nosuite,0.9076517150395779,0.38711613432357367,0.8918918918918919,0.972972972972973,0,0,0.8648648648648649,0.7027027027027027,0.43243243243243246,0.8918918918918919,0.972972972972973,0,0,0.8648648648648649,0.7027027027027027,0.43243243243243246,0.8918918918918919,0.972972972972973,0,0,0.8648648648648649,0.7027027027027027,0.43243243243243246,0.8918918918918919,0.972972972972973,0,0,0.8648648648648649,0.7027027027027027,0.43243243243243246
volcanoes-a4,mlp-nosuite,0.9076517150395779,0.9905117656786773,1.0,1.0,0,0,1.0,1.0,1.0,1.0,1.0,0,0,1.0,1.0,1.0,1.0,1.0,0,0,1.0,1.0,1.0,1.0,1.0,0,0,1.0,1.0,1.0
volcanoes-a4,mlp-nosuite,0.9076517150395779,0.9017625557090915,0.972972972972973,1.0,0,0,1.0,0.8108108108108109,1.0,0.972972972972973,1.0,0,0,1.0,0.8108108108108109,1.0,0.972972972972973,1.0,0,0,1.0,0.8108108108108109,1.0,0.972972972972973,1.0,0,0,1.0,0.8108108108108109,1.0
volcanoes-a4,mlp-nosuite,0.9076517150395779,0.9605955433718233,1.0,1.0,0,0,1.0,1.0,1.0,1.0,1.0,0,0,1.0,1.0,1.0,1.0,1.0,0,0,1.0,1.0,1.0,1.0,1.0,0,0,1.0,1.0,1.0
volcanoes-a4,mlp-nosuite,0.9076517150395779,0.9766038332620056,1.0,1.0,0,0,1.0,1.0,1.0,1.0,1.0,0,0,1.0,1.0,1.0,1.0,1.0,0,0,1.0,1.0,1.0,1.0,1.0,0,0,1.0,1.0,1.0
volcanoes-a4,mlp-nosuite,0.9076517150395779,0.9990170662436518,1.0,1.0,0,0,1.0,1.0,,1.0,1.0,0,0,1.0,1.0,,1.0,1.0,0,0,1.0,1.0,,1.0,1.0,0,0,1.0,1.0,
volcanoes-a4,mlp-nosuite,0.9076517150395779,0.9941668574049716,1.0,1.0,0,0,1.0,1.0,,1.0,1.0,0,0,1.0,1.0,,1.0,1.0,0,0,1.0,1.0,,1.0,1.0,0,0,1.0,1.0,
volcanoes-a4,mlp-nosuite,0.9076517150395779,0.9965173020455977,1.0,1.0,0,0,1.0,1.0,,1.0,1.0,0,0,1.0,1.0,,1.0,1.0,0,0,1.0,1.0,,1.0,1.0,0,0,1.0,1.0,
volcanoes-a4,mlp-nosuite,0.9076517150395779,0.9976893068999575,1.0,1.0,0,0,1.0,1.0,1.0,1.0,1.0,0,0,1.0,1.0,1.0,1.0,1.0,0,0,1.0,1.0,1.0,1.0,1.0,0,0,1.0,1.0,1.0
volcanoes-a4,mlp-nosuite,0.9076517150395779,0.9942945628385534,1.0,1.0,0,0,1.0,1.0,,1.0,1.0,0,0,1.0,1.0,,1.0,1.0,0,0,1.0,1.0,,1.0,1.0,0,0,1.0,1.0,
volcanoes-a4,mlp-nosuite,0.9076517150395779,0.9935330330398007,1.0,1.0,0,0,1.0,1.0,1.0,1.0,1.0,0,0,1.0,1.0,1.0,1.0,1.0,0,0,1.0,1.0,1.0,1.0,1.0,0,0,1.0,1.0,1.0
volcanoes-a4,mlp-nosuite,0.9076517150395779,0.9978857074854071,1.0,1.0,0,0,1.0,1.0,1.0,1.0,1.0,0,0,1.0,1.0,1.0,1.0,1.0,0,0,1.0,1.0,1.0,1.0,1.0,0,0,1.0,1.0,1.0
volcanoes-a4,mlp-nosuite,0.9076517150395779,0.997795538096774,1.0,1.0,0,0,1.0,0.4864864864864865,,1.0,1.0,0,0,1.0,0.4864864864864865,,1.0,1.0,0,0,1.0,0.4864864864864865,,1.0,1.0,0,0,1.0,0.4864864864864865,
volcanoes-a4,mlp-nosuite,0.9076517150395779,0.9874586337872647,1.0,1.0,0,0,1.0,1.0,,1.0,1.0,0,0,1.0,1.0,,1.0,1.0,0,0,1.0,1.0,,1.0,1.0,0,0,1.0,1.0,
volcanoes-a4,mlp-nosuite,0.9076517150395779,0.985457208703564,1.0,1.0,0,0,1.0,1.0,1.0,1.0,1.0,0,0,1.0,1.0,1.0,1.0,1.0,0,0,1.0,1.0,1.0,1.0,1.0,0,0,1.0,1.0,1.0
volcanoes-a4,mlp-nosuite,0.9076517150395779,0.9899449317054138,1.0,1.0,0,0,1.0,0.7837837837837838,,1.0,1.0,0,0,1.0,0.7837837837837838,,1.0,1.0,0,0,1.0,0.7837837837837838,,1.0,1.0,0,0,1.0,0.7837837837837838,
volcanoes-a4,mlp-nosuite,0.9076517150395779,0.43250291313523914,0.8918918918918919,0.8648648648648649,0,0,0.7297297297297297,0.8378378378378378,0.8918918918918919,0.8918918918918919,0.8648648648648649,0,0,0.7297297297297297,0.8378378378378378,0.8918918918918919,0.8918918918918919,0.8648648648648649,0,0,0.7297297297297297,0.8378378378378378,0.8918918918918919,0.8918918918918919,0.8648648648648649,0,0,0.7297297297297297,0.8378378378378378,0.8918918918918919
volcanoes-a4,mlp-nosuite,0.9076517150395779,0.995872538588616,1.0,1.0,0,0,1.0,1.0,,1.0,1.0,0,0,1.0,1.0,,1.0,1.0,0,0,1.0,1.0,,1.0,1.0,0,0,1.0,1.0,
volcanoes-a4,mlp-nosuite,0.9076517150395779,0.9968118560076695,1.0,1.0,0,0,1.0,1.0,,1.0,1.0,0,0,1.0,1.0,,1.0,1.0,0,0,1.0,1.0,,1.0,1.0,0,0,1.0,1.0,
volcanoes-a4,mlp-nosuite,0.9076517150395779,0.5963894227556987,0.972972972972973,0.972972972972973,0,0,0.9459459459459459,0.7837837837837838,0.9459459459459459,0.972972972972973,0.972972972972973,0,0,0.9459459459459459,0.7837837837837838,0.9459459459459459,0.972972972972973,0.972972972972973,0,0,0.9459459459459459,0.7837837837837838,0.9459459459459459,0.972972972972973,0.972972972972973,0,0,0.9459459459459459,0.7837837837837838,0.9459459459459459
volcanoes-a4,mlp-nosuite,0.9076517150395779,0.9900739926608774,1.0,1.0,0,0,1.0,1.0,,1.0,1.0,0,0,1.0,1.0,,1.0,1.0,0,0,1.0,1.0,,1.0,1.0,0,0,1.0,1.0,
volcanoes-a4,mlp-nosuite,0.9076517150395779,0.990863310025264,1.0,1.0,0,0,1.0,1.0,,1.0,1.0,0,0,1.0,1.0,,1.0,1.0,0,0,1.0,1.0,,1.0,1.0,0,0,1.0,1.0,
volcanoes-a4,mlp-nosuite,0.9076517150395779,0.9704753926245728,1.0,1.0,0,0,1.0,1.0,1.0,1.0,1.0,0,0,1.0,1.0,1.0,1.0,1.0,0,0,1.0,1.0,1.0,1.0,1.0,0,0,1.0,1.0,1.0
volcanoes-a4,mlp-nosuite,0.9076517150395779,0.9963477722955534,1.0,1.0,0,0,1.0,1.0,,1.0,1.0,0,0,1.0,1.0,,1.0,1.0,0,0,1.0,1.0,,1.0,1.0,0,0,1.0,1.0,
volcanoes-a4,mlp-nosuite,0.9076517150395779,0.9603807830492438,1.0,1.0,0,0,1.0,1.0,,1.0,1.0,0,0,1.0,1.0,,1.0,1.0,0,0,1.0,1.0,,1.0,1.0,0,0,1.0,1.0,
volcanoes-a4,mlp-nosuite,0.9076517150395779,0.9908337864124289,1.0,1.0,0,0,1.0,1.0,1.0,1.0,1.0,0,0,1.0,1.0,1.0,1.0,1.0,0,0,1.0,1.0,1.0,1.0,1.0,0,0,1.0,1.0,1.0
volcanoes-a4,mlp-nosuite,0.9076517150395779,0.774236131838462,1.0,1.0,0,0,1.0,1.0,1.0,1.0,1.0,0,0,1.0,1.0,1.0,1.0,1.0,0,0,1.0,1.0,1.0,1.0,1.0,0,0,1.0,1.0,1.0
volcanoes-a4,mlp-nosuite,0.9076517150395779,0.954364802516309,1.0,1.0,0,0,1.0,1.0,1.0,1.0,1.0,0,0,1.0,1.0,1.0,1.0,1.0,0,0,1.0,1.0,1.0,1.0,1.0,0,0,1.0,1.0,1.0
volcanoes-a4,mlp-nosuite,0.9076517150395779,0.28854993984188754,0.918918918918919,0.9459459459459459,0,0,0.8648648648648649,0.8648648648648649,0.8918918918918919,0.918918918918919,0.9459459459459459,0,0,0.8648648648648649,0.8648648648648649,0.8918918918918919,0.918918918918919,0.9459459459459459,0,0,0.8648648648648649,0.8648648648648649,0.8918918918918919,0.918918918918919,0.9459459459459459,0,0,0.8648648648648649,0.8648648648648649,0.8918918918918919
volcanoes-a4,mlp-nosuite,0.9076517150395779,0.9623188095561716,1.0,1.0,0,0,1.0,,,1.0,1.0,0,0,1.0,,,1.0,1.0,0,0,1.0,,,1.0,1.0,0,0,1.0,,
volcanoes-a4,mlp-nosuite,0.9076517150395779,0.9919798137016846,1.0,1.0,0,0,1.0,0.918918918918919,,1.0,1.0,0,0,1.0,0.918918918918919,,1.0,1.0,0,0,1.0,0.918918918918919,,1.0,1.0,0,0,1.0,0.918918918918919,
volcanoes-a4,mlp-nosuite,0.9076517150395779,0.9959039504815115,1.0,1.0,0,0,1.0,1.0,1.0,1.0,1.0,0,0,1.0,1.0,1.0,1.0,1.0,0,0,1.0,1.0,1.0,1.0,1.0,0,0,1.0,1.0,1.0
volcanoes-a4,mlp-nosuite,0.9076517150395779,0.9345278819478242,1.0,1.0,0,0,1.0,1.0,,1.0,1.0,0,0,1.0,1.0,,1.0,1.0,0,0,1.0,1.0,,1.0,1.0,0,0,1.0,1.0,
volcanoes-a4,mlp-nosuite,0.9076517150395779,0.9890613977648739,1.0,1.0,0,0,1.0,1.0,1.0,1.0,1.0,0,0,1.0,1.0,1.0,1.0,1.0,0,0,1.0,1.0,1.0,1.0,1.0,0,0,1.0,1.0,1.0
volcanoes-a4,mlp-nosuite,0.9076517150395779,0.5472253447623249,0.972972972972973,1.0,0,0,0.972972972972973,0.8108108108108109,0.972972972972973,0.972972972972973,1.0,0,0,0.972972972972973,0.8108108108108109,0.972972972972973,0.972972972972973,1.0,0,0,0.972972972972973,0.8108108108108109,0.972972972972973,0.972972972972973,1.0,0,0,0.972972972972973,0.8108108108108109,0.972972972972973
volcanoes-a4,mlp-nosuite,0.9076517150395779,0.9386934105537443,1.0,1.0,0,0,1.0,1.0,1.0,1.0,1.0,0,0,1.0,1.0,1.0,1.0,1.0,0,0,1.0,1.0,1.0,1.0,1.0,0,0,1.0,1.0,1.0
volcanoes-a4,mlp-nosuite,0.9076517150395779,0.9836638498042811,1.0,1.0,0,0,1.0,1.0,,1.0,1.0,0,0,1.0,1.0,,1.0,1.0,0,0,1.0,1.0,,1.0,1.0,0,0,1.0,1.0,
volcanoes-a4,mlp-nosuite,0.9076517150395779,0.9782460398911869,1.0,1.0,0,0,1.0,0.9459459459459459,,1.0,1.0,0,0,1.0,0.9459459459459459,,1.0,1.0,0,0,1.0,0.9459459459459459,,1.0,1.0,0,0,1.0,0.9459459459459459,
volcanoes-a4,mlp-nosuite,0.9076517150395779,0.9847599639867182,1.0,1.0,0,0,1.0,1.0,1.0,1.0,1.0,0,0,1.0,1.0,1.0,1.0,1.0,0,0,1.0,1.0,1.0,1.0,1.0,0,0,1.0,1.0,1.0
volcanoes-a4,mlp-nosuite,0.9076517150395779,0.968794620602702,1.0,1.0,0,0,1.0,0.8918918918918919,1.0,1.0,1.0,0,0,1.0,0.8918918918918919,1.0,1.0,1.0,0,0,1.0,0.8918918918918919,1.0,1.0,1.0,0,0,1.0,0.8918918918918919,1.0
volcanoes-a4,mlp-nosuite,0.9076517150395779,0.9814658422255714,1.0,1.0,0,0,1.0,1.0,1.0,1.0,1.0,0,0,1.0,1.0,1.0,1.0,1.0,0,0,1.0,1.0,1.0,1.0,1.0,0,0,1.0,1.0,1.0
volcanoes-a4,mlp-nosuite,0.9076517150395779,0.8884998423999334,1.0,1.0,0,0,1.0,1.0,1.0,1.0,1.0,0,0,1.0,1.0,1.0,1.0,1.0,0,0,1.0,1.0,1.0,1.0,1.0,0,0,1.0,1.0,1.0
volcanoes-a4,mlp-nosuite,0.9076517150395779,0.9974520747877116,1.0,1.0,0,0,1.0,,1.0,1.0,1.0,0,0,1.0,,1.0,1.0,1.0,0,0,1.0,,1.0,1.0,1.0,0,0,1.0,,1.0
volcanoes-e1,mlp-nosuite,0.918918918918919,0.9990146559100397,1.0,1.0,0,0,1.0,,,1.0,1.0,0,0,1.0,,,1.0,1.0,0,0,1.0,,,1.0,1.0,0,0,1.0,,
volcanoes-e1,mlp-nosuite,0.918918918918919,0.9887054720853641,1.0,1.0,0,0,1.0,,,1.0,1.0,0,0,1.0,,,1.0,1.0,0,0,1.0,,,1.0,1.0,0,0,1.0,,
volcanoes-e1,mlp-nosuite,0.918918918918919,0.9981906598023639,1.0,1.0,0,0,1.0,,,1.0,1.0,0,0,1.0,,,1.0,1.0,0,0,1.0,,,1.0,1.0,0,0,1.0,,
volcanoes-e1,mlp-nosuite,0.918918918918919,0.998856031403498,1.0,1.0,0,0,1.0,,,1.0,1.0,0,0,1.0,,,1.0,1.0,0,0,1.0,,,1.0,1.0,0,0,1.0,,
volcanoes-e1,mlp-nosuite,0.918918918918919,0.9988387896851688,1.0,1.0,0,0,1.0,,,1.0,1.0,0,0,1.0,,,1.0,1.0,0,0,1.0,,,1.0,1.0,0,0,1.0,,
volcanoes-e1,mlp-nosuite,0.918918918918919,0.7305801894128724,0.9655172413793104,0.9655172413793104,0,0,0.9655172413793104,,,0.9655172413793104,0.9655172413793104,0,0,0.9655172413793104,,,0.9655172413793104,0.9655172413793104,0,0,0.9655172413793104,,,0.9655172413793104,0.9655172413793104,0,0,0.9655172413793104,,
volcanoes-e1,mlp-nosuite,0.918918918918919,0.9974902908239451,1.0,1.0,0,0,1.0,,,1.0,1.0,0,0,1.0,,,1.0,1.0,0,0,1.0,,,1.0,1.0,0,0,1.0,,
volcanoes-e1,mlp-nosuite,0.918918918918919,0.946742782054873,1.0,1.0,0,0,1.0,,,1.0,1.0,0,0,1.0,,,1.0,1.0,0,0,1.0,,,1.0,1.0,0,0,1.0,,
volcanoes-e1,mlp-nosuite,0.918918918918919,0.9915968908790564,1.0,1.0,0,0,1.0,,,1.0,1.0,0,0,1.0,,,1.0,1.0,0,0,1.0,,,1.0,1.0,0,0,1.0,,
volcanoes-e1,mlp-nosuite,0.918918918918919,0.8410976226856158,1.0,1.0,0,0,1.0,,,1.0,1.0,0,0,1.0,,,1.0,1.0,0,0,1.0,,,1.0,1.0,0,0,1.0,,
volcanoes-e1,mlp-nosuite,0.918918918918919,0.9824611841416511,1.0,1.0,0,0,1.0,,,1.0,1.0,0,0,1.0,,,1.0,1.0,0,0,1.0,,,1.0,1.0,0,0,1.0,,
volcanoes-e1,mlp-nosuite,0.918918918918919,0.8819726473663048,1.0,1.0,0,0,1.0,,,1.0,1.0,0,0,1.0,,,1.0,1.0,0,0,1.0,,,1.0,1.0,0,0,1.0,,
volcanoes-e1,mlp-nosuite,0.918918918918919,0.9694173682350252,1.0,1.0,0,0,1.0,,,1.0,1.0,0,0,1.0,,,1.0,1.0,0,0,1.0,,,1.0,1.0,0,0,1.0,,
volcanoes-e1,mlp-nosuite,0.918918918918919,0.7482696019319227,1.0,1.0,0,0,1.0,,,1.0,1.0,0,0,1.0,,,1.0,1.0,0,0,1.0,,,1.0,1.0,0,0,1.0,,
volcanoes-e1,mlp-nosuite,0.918918918918919,0.9520506774695735,1.0,1.0,0,0,1.0,,,1.0,1.0,0,0,1.0,,,1.0,1.0,0,0,1.0,,,1.0,1.0,0,0,1.0,,
volcanoes-e1,mlp-nosuite,0.918918918918919,0.9873355869672665,1.0,1.0,0,0,1.0,,,1.0,1.0,0,0,1.0,,,1.0,1.0,0,0,1.0,,,1.0,1.0,0,0,1.0,,
volcanoes-e1,mlp-nosuite,0.918918918918919,0.9433236679582749,1.0,1.0,0,0,1.0,,,1.0,1.0,0,0,1.0,,,1.0,1.0,0,0,1.0,,,1.0,1.0,0,0,1.0,,
volcanoes-e1,mlp-nosuite,0.918918918918919,0.9867613050504636,1.0,1.0,0,0,1.0,,,1.0,1.0,0,0,1.0,,,1.0,1.0,0,0,1.0,,,1.0,1.0,0,0,1.0,,
volcanoes-e1,mlp-nosuite,0.918918918918919,0.8679882206369295,1.0,1.0,0,0,1.0,,,1.0,1.0,0,0,1.0,,,1.0,1.0,0,0,1.0,,,1.0,1.0,0,0,1.0,,
volcanoes-e1,mlp-nosuite,0.918918918918919,0.5912021688918155,0.9310344827586207,0.9655172413793104,0,0,0.9655172413793104,,0.9655172413793104,0.9310344827586207,0.9655172413793104,0,0,0.9655172413793104,,0.9655172413793104,0.9310344827586207,0.9655172413793104,0,0,0.9655172413793104,,0.9655172413793104,0.9310344827586207,0.9655172413793104,0,0,0.9655172413793104,,0.9655172413793104
volcanoes-e1,mlp-nosuite,0.918918918918919,0.8860541755061789,1.0,1.0,0,0,1.0,,,1.0,1.0,0,0,1.0,,,1.0,1.0,0,0,1.0,,,1.0,1.0,0,0,1.0,,
volcanoes-e1,mlp-nosuite,0.918918918918919,0.998344566372766,1.0,1.0,0,0,1.0,,,1.0,1.0,0,0,1.0,,,1.0,1.0,0,0,1.0,,,1.0,1.0,0,0,1.0,,
volcanoes-e1,mlp-nosuite,0.918918918918919,0.9487177384937167,1.0,1.0,0,0,1.0,,,1.0,1.0,0,0,1.0,,,1.0,1.0,0,0,1.0,,,1.0,1.0,0,0,1.0,,
volcanoes-e1,mlp-nosuite,0.918918918918919,0.9019527658372608,1.0,1.0,0,0,1.0,,,1.0,1.0,0,0,1.0,,,1.0,1.0,0,0,1.0,,,1.0,1.0,0,0,1.0,,
volcanoes-e1,mlp-nosuite,0.918918918918919,0.6688183046856834,1.0,1.0,0,0,1.0,,,1.0,1.0,0,0,1.0,,,1.0,1.0,0,0,1.0,,,1.0,1.0,0,0,1.0,,
volcanoes-e1,mlp-nosuite,0.918918918918919,0.9990708599183411,1.0,1.0,0,0,1.0,,,1.0,1.0,0,0,1.0,,,1.0,1.0,0,0,1.0,,,1.0,1.0,0,0,1.0,,
volcanoes-e1,mlp-nosuite,0.918918918918919,0.9967541504770164,1.0,1.0,0,0,1.0,,,1.0,1.0,0,0,1.0,,,1.0,1.0,0,0,1.0,,,1.0,1.0,0,0,1.0,,
volcanoes-e1,mlp-nosuite,0.918918918918919,0.9822582643507728,1.0,1.0,0,0,1.0,,,1.0,1.0,0,0,1.0,,,1.0,1.0,0,0,1.0,,,1.0,1.0,0,0,1.0,,
volcanoes-e1,mlp-nosuite,0.918918918918919,0.9174268374430303,1.0,1.0,0,0,1.0,,,1.0,1.0,0,0,1.0,,,1.0,1.0,0,0,1.0,,,1.0,1.0,0,0,1.0,,
volcanoes-e1,mlp-nosuite,0.918918918918919,0.8057211538724937,1.0,1.0,0,0,1.0,,,1.0,1.0,0,0,1.0,,,1.0,1.0,0,0,1.0,,,1.0,1.0,0,0,1.0,,
volcanoes-e1,mlp-nosuite,0.918918918918919,0.8509239764987772,1.0,1.0,0,0,1.0,,,1.0,1.0,0,0,1.0,,,1.0,1.0,0,0,1.0,,,1.0,1.0,0,0,1.0,,
volcanoes-e1,mlp-nosuite,0.918918918918919,0.935716588292289,1.0,1.0,0,0,1.0,,,1.0,1.0,0,0,1.0,,,1.0,1.0,0,0,1.0,,,1.0,1.0,0,0,1.0,,
volcanoes-e1,mlp-nosuite,0.918918918918919,0.9935916253780659,1.0,1.0,0,0,1.0,,,1.0,1.0,0,0,1.0,,,1.0,1.0,0,0,1.0,,,1.0,1.0,0,0,1.0,,
volcanoes-e1,mlp-nosuite,0.918918918918919,0.7881970042122027,1.0,1.0,0,0,1.0,,,1.0,1.0,0,0,1.0,,,1.0,1.0,0,0,1.0,,,1.0,1.0,0,0,1.0,,
volcanoes-e1,mlp-nosuite,0.918918918918919,0.636415725010704,1.0,1.0,0,0,1.0,,,1.0,1.0,0,0,1.0,,,1.0,1.0,0,0,1.0,,,1.0,1.0,0,0,1.0,,
volcanoes-e1,mlp-nosuite,0.918918918918919,0.9661235342550972,1.0,1.0,0,0,1.0,,,1.0,1.0,0,0,1.0,,,1.0,1.0,0,0,1.0,,,1.0,1.0,0,0,1.0,,
volcanoes-e1,mlp-nosuite,0.918918918918919,0.9730397852658135,1.0,1.0,0,0,1.0,,,1.0,1.0,0,0,1.0,,,1.0,1.0,0,0,1.0,,,1.0,1.0,0,0,1.0,,
volcanoes-e1,mlp-nosuite,0.918918918918919,0.9938152433697517,1.0,1.0,0,0,1.0,,,1.0,1.0,0,0,1.0,,,1.0,1.0,0,0,1.0,,,1.0,1.0,0,0,1.0,,
volcanoes-e1,mlp-nosuite,0.918918918918919,0.834393379380197,1.0,1.0,0,0,1.0,,,1.0,1.0,0,0,1.0,,,1.0,1.0,0,0,1.0,,,1.0,1.0,0,0,1.0,,
volcanoes-e1,mlp-nosuite,0.918918918918919,0.6223688569427445,1.0,1.0,0,0,1.0,,,1.0,1.0,0,0,1.0,,,1.0,1.0,0,0,1.0,,,1.0,1.0,0,0,1.0,,
volcanoes-e1,mlp-nosuite,0.918918918918919,0.9926350892005573,1.0,1.0,0,0,1.0,,,1.0,1.0,0,0,1.0,,,1.0,1.0,0,0,1.0,,,1.0,1.0,0,0,1.0,,
volcanoes-e1,mlp-nosuite,0.918918918918919,0.9262888360598285,1.0,1.0,0,0,1.0,,,1.0,1.0,0,0,1.0,,,1.0,1.0,0,0,1.0,,,1.0,1.0,0,0,1.0,,
volcanoes-e1,mlp-nosuite,0.918918918918919,0.9853001169482463,1.0,1.0,0,0,1.0,,,1.0,1.0,0,0,1.0,,,1.0,1.0,0,0,1.0,,,1.0,1.0,0,0,1.0,,
volcanoes-e1,mlp-nosuite,0.918918918918919,0.9977333814997992,1.0,1.0,0,0,1.0,,,1.0,1.0,0,0,1.0,,,1.0,1.0,0,0,1.0,,,1.0,1.0,0,0,1.0,,
volcanoes-e1,mlp-nosuite,0.918918918918919,0.5302986372477703,1.0,1.0,0,0,1.0,,,1.0,1.0,0,0,1.0,,,1.0,1.0,0,0,1.0,,,1.0,1.0,0,0,1.0,,
volcanoes-e1,mlp-nosuite,0.918918918918919,0.9879811553309106,1.0,1.0,0,0,1.0,,,1.0,1.0,0,0,1.0,,,1.0,1.0,0,0,1.0,,,1.0,1.0,0,0,1.0,,
volcanoes-e1,mlp-nosuite,0.918918918918919,0.962062697630063,1.0,1.0,0,0,1.0,,1.0,1.0,1.0,0,0,1.0,,1.0,1.0,1.0,0,0,1.0,,1.0,1.0,1.0,0,0,1.0,,1.0
volcanoes-e1,mlp-nosuite,0.918918918918919,0.9805325652165897,1.0,1.0,0,0,1.0,,,1.0,1.0,0,0,1.0,,,1.0,1.0,0,0,1.0,,,1.0,1.0,0,0,1.0,,
volcanoes-e1,mlp-nosuite,0.918918918918919,0.9795932315164706,1.0,1.0,0,0,1.0,,,1.0,1.0,0,0,1.0,,,1.0,1.0,0,0,1.0,,,1.0,1.0,0,0,1.0,,
volcanoes-e1,mlp-nosuite,0.918918918918919,0.9893628623422446,1.0,1.0,0,0,1.0,,,1.0,1.0,0,0,1.0,,,1.0,1.0,0,0,1.0,,,1.0,1.0,0,0,1.0,,
volcanoes-e3,mlp-nosuite,0.928125,0.9892707542583793,1.0,1.0,0,0,1.0,,,1.0,1.0,0,0,1.0,,,1.0,1.0,0,0,1.0,,,1.0,1.0,0,0,1.0,,
volcanoes-e3,mlp-nosuite,0.928125,0.7575712506568385,1.0,1.0,0,0,1.0,,,1.0,1.0,0,0,1.0,,,1.0,1.0,0,0,1.0,,,1.0,1.0,0,0,1.0,,
volcanoes-e3,mlp-nosuite,0.928125,0.9917892331910868,1.0,1.0,0,0,1.0,,,1.0,1.0,0,0,1.0,,,1.0,1.0,0,0,1.0,,,1.0,1.0,0,0,1.0,,
volcanoes-e3,mlp-nosuite,0.928125,0.9962233346293773,1.0,1.0,0,0,1.0,,,1.0,1.0,0,0,1.0,,,1.0,1.0,0,0,1.0,,,1.0,1.0,0,0,1.0,,
volcanoes-e3,mlp-nosuite,0.928125,0.8771453623585865,1.0,1.0,0,0,1.0,,,1.0,1.0,0,0,1.0,,,1.0,1.0,0,0,1.0,,,1.0,1.0,0,0,1.0,,
volcanoes-e3,mlp-nosuite,0.928125,0.9709335759883375,1.0,1.0,0,0,1.0,,1.0,1.0,1.0,0,0,1.0,,1.0,1.0,1.0,0,0,1.0,,1.0,1.0,1.0,0,0,1.0,,1.0
volcanoes-e3,mlp-nosuite,0.928125,0.7503885824608446,1.0,1.0,0,0,1.0,,,1.0,1.0,0,0,1.0,,,1.0,1.0,0,0,1.0,,,1.0,1.0,0,0,1.0,,
volcanoes-e3,mlp-nosuite,0.928125,0.9548398743559148,1.0,1.0,0,0,1.0,,,1.0,1.0,0,0,1.0,,,1.0,1.0,0,0,1.0,,,1.0,1.0,0,0,1.0,,
volcanoes-e3,mlp-nosuite,0.928125,0.9606162057880053,1.0,1.0,0,0,1.0,,,1.0,1.0,0,0,1.0,,,1.0,1.0,0,0,1.0,,,1.0,1.0,0,0,1.0,,
volcanoes-e3,mlp-nosuite,0.928125,0.627245460709118,1.0,1.0,0,0,1.0,,,1.0,1.0,0,0,1.0,,,1.0,1.0,0,0,1.0,,,1.0,1.0,0,0,1.0,,
volcanoes-e3,mlp-nosuite,0.928125,0.9976453892625607,1.0,1.0,0,0,1.0,,,1.0,1.0,0,0,1.0,,,1.0,1.0,0,0,1.0,,,1.0,1.0,0,0,1.0,,
volcanoes-e3,mlp-nosuite,0.928125,0.9043672523640722,1.0,1.0,0,0,1.0,,,1.0,1.0,0,0,1.0,,,1.0,1.0,0,0,1.0,,,1.0,1.0,0,0,1.0,,
volcanoes-e3,mlp-nosuite,0.928125,0.9844628390327433,1.0,1.0,0,0,1.0,,,1.0,1.0,0,0,1.0,,,1.0,1.0,0,0,1.0,,,1.0,1.0,0,0,1.0,,
volcanoes-e3,mlp-nosuite,0.928125,0.9729194139010637,1.0,1.0,0,0,1.0,,,1.0,1.0,0,0,1.0,,,1.0,1.0,0,0,1.0,,,1.0,1.0,0,0,1.0,,
volcanoes-e3,mlp-nosuite,0.928125,0.9738914417542718,1.0,1.0,0,0,1.0,,,1.0,1.0,0,0,1.0,,,1.0,1.0,0,0,1.0,,,1.0,1.0,0,0,1.0,,
volcanoes-e3,mlp-nosuite,0.928125,0.9982598763394324,1.0,1.0,0,0,1.0,,1.0,1.0,1.0,0,0,1.0,,1.0,1.0,1.0,0,0,1.0,,1.0,1.0,1.0,0,0,1.0,,1.0
volcanoes-e3,mlp-nosuite,0.928125,0.98767353153252,1.0,1.0,0,0,1.0,,,1.0,1.0,0,0,1.0,,,1.0,1.0,0,0,1.0,,,1.0,1.0,0,0,1.0,,
volcanoes-e3,mlp-nosuite,0.928125,0.813012277960032,1.0,1.0,0,0,1.0,,,1.0,1.0,0,0,1.0,,,1.0,1.0,0,0,1.0,,,1.0,1.0,0,0,1.0,,
volcanoes-e3,mlp-nosuite,0.928125,0.954561011518654,1.0,1.0,0,0,1.0,,,1.0,1.0,0,0,1.0,,,1.0,1.0,0,0,1.0,,,1.0,1.0,0,0,1.0,,
volcanoes-e3,mlp-nosuite,0.928125,0.9901271666353979,1.0,1.0,0,0,1.0,,,1.0,1.0,0,0,1.0,,,1.0,1.0,0,0,1.0,,,1.0,1.0,0,0,1.0,,
volcanoes-e3,mlp-nosuite,0.928125,0.973633096381923,1.0,1.0,0,0,1.0,,,1.0,1.0,0,0,1.0,,,1.0,1.0,0,0,1.0,,,1.0,1.0,0,0,1.0,,
volcanoes-e3,mlp-nosuite,0.928125,0.9839231080526765,1.0,1.0,0,0,1.0,,,1.0,1.0,0,0,1.0,,,1.0,1.0,0,0,1.0,,,1.0,1.0,0,0,1.0,,
volcanoes-e3,mlp-nosuite,0.928125,0.9805324583565673,1.0,1.0,0,0,1.0,,,1.0,1.0,0,0,1.0,,,1.0,1.0,0,0,1.0,,,1.0,1.0,0,0,1.0,,
volcanoes-e3,mlp-nosuite,0.928125,0.945113704386381,1.0,1.0,0,0,1.0,,,1.0,1.0,0,0,1.0,,,1.0,1.0,0,0,1.0,,,1.0,1.0,0,0,1.0,,
volcanoes-e3,mlp-nosuite,0.928125,0.9039677350386747,1.0,1.0,0,0,1.0,,,1.0,1.0,0,0,1.0,,,1.0,1.0,0,0,1.0,,,1.0,1.0,0,0,1.0,,
volcanoes-e3,mlp-nosuite,0.928125,0.9957939043303504,1.0,1.0,0,0,1.0,,,1.0,1.0,0,0,1.0,,,1.0,1.0,0,0,1.0,,,1.0,1.0,0,0,1.0,,
volcanoes-e3,mlp-nosuite,0.928125,0.966192177029734,1.0,1.0,0,0,1.0,,,1.0,1.0,0,0,1.0,,,1.0,1.0,0,0,1.0,,,1.0,1.0,0,0,1.0,,
volcanoes-e3,mlp-nosuite,0.928125,0.7116421086480984,1.0,1.0,0,0,1.0,,,1.0,1.0,0,0,1.0,,,1.0,1.0,0,0,1.0,,,1.0,1.0,0,0,1.0,,
volcanoes-e3,mlp-nosuite,0.928125,0.99164754718807,1.0,1.0,0,0,1.0,,,1.0,1.0,0,0,1.0,,,1.0,1.0,0,0,1.0,,,1.0,1.0,0,0,1.0,,
volcanoes-e3,mlp-nosuite,0.928125,0.9878115925308092,1.0,1.0,0,0,1.0,,,1.0,1.0,0,0,1.0,,,1.0,1.0,0,0,1.0,,,1.0,1.0,0,0,1.0,,
volcanoes-e3,mlp-nosuite,0.928125,0.6910608872376509,1.0,1.0,0,0,1.0,,,1.0,1.0,0,0,1.0,,,1.0,1.0,0,0,1.0,,,1.0,1.0,0,0,1.0,,
volcanoes-e3,mlp-nosuite,0.928125,0.9806701438048557,1.0,1.0,0,0,1.0,,,1.0,1.0,0,0,1.0,,,1.0,1.0,0,0,1.0,,,1.0,1.0,0,0,1.0,,
volcanoes-e3,mlp-nosuite,0.928125,0.9894333799840711,1.0,1.0,0,0,1.0,,,1.0,1.0,0,0,1.0,,,1.0,1.0,0,0,1.0,,,1.0,1.0,0,0,1.0,,
volcanoes-e3,mlp-nosuite,0.928125,0.9710372655677888,1.0,1.0,0,0,1.0,,,1.0,1.0,0,0,1.0,,,1.0,1.0,0,0,1.0,,,1.0,1.0,0,0,1.0,,
volcanoes-e3,mlp-nosuite,0.928125,0.9968309785499465,1.0,1.0,0,0,1.0,,,1.0,1.0,0,0,1.0,,,1.0,1.0,0,0,1.0,,,1.0,1.0,0,0,1.0,,
volcanoes-e3,mlp-nosuite,0.928125,0.9967938041972328,1.0,1.0,0,0,1.0,,,1.0,1.0,0,0,1.0,,,1.0,1.0,0,0,1.0,,,1.0,1.0,0,0,1.0,,
volcanoes-e3,mlp-nosuite,0.928125,0.9965653672694528,1.0,1.0,0,0,1.0,,,1.0,1.0,0,0,1.0,,,1.0,1.0,0,0,1.0,,,1.0,1.0,0,0,1.0,,
volcanoes-e3,mlp-nosuite,0.928125,0.9752017896626626,1.0,1.0,0,0,1.0,,,1.0,1.0,0,0,1.0,,,1.0,1.0,0,0,1.0,,,1.0,1.0,0,0,1.0,,
volcanoes-e3,mlp-nosuite,0.928125,0.990742670260493,1.0,1.0,0,0,1.0,,,1.0,1.0,0,0,1.0,,,1.0,1.0,0,0,1.0,,,1.0,1.0,0,0,1.0,,
volcanoes-e3,mlp-nosuite,0.928125,0.9831457624833377,1.0,1.0,0,0,1.0,,,1.0,1.0,0,0,1.0,,,1.0,1.0,0,0,1.0,,,1.0,1.0,0,0,1.0,,
volcanoes-e3,mlp-nosuite,0.928125,0.9815614390971699,1.0,1.0,0,0,1.0,,,1.0,1.0,0,0,1.0,,,1.0,1.0,0,0,1.0,,,1.0,1.0,0,0,1.0,,
volcanoes-e3,mlp-nosuite,0.928125,0.6637262716039133,1.0,1.0,0,0,1.0,,,1.0,1.0,0,0,1.0,,,1.0,1.0,0,0,1.0,,,1.0,1.0,0,0,1.0,,
volcanoes-e3,mlp-nosuite,0.928125,0.9801176565334113,1.0,1.0,0,0,1.0,,,1.0,1.0,0,0,1.0,,,1.0,1.0,0,0,1.0,,,1.0,1.0,0,0,1.0,,
volcanoes-e3,mlp-nosuite,0.928125,0.9859402009235966,1.0,1.0,0,0,1.0,,,1.0,1.0,0,0,1.0,,,1.0,1.0,0,0,1.0,,,1.0,1.0,0,0,1.0,,
volcanoes-e3,mlp-nosuite,0.928125,0.9976998136841754,1.0,1.0,0,0,1.0,,,1.0,1.0,0,0,1.0,,,1.0,1.0,0,0,1.0,,,1.0,1.0,0,0,1.0,,
volcanoes-e3,mlp-nosuite,0.928125,0.9660058073314898,1.0,1.0,0,0,1.0,,1.0,1.0,1.0,0,0,1.0,,1.0,1.0,1.0,0,0,1.0,,1.0,1.0,1.0,0,0,1.0,,1.0
volcanoes-e3,mlp-nosuite,0.928125,0.9434949881161045,1.0,1.0,0,0,1.0,,,1.0,1.0,0,0,1.0,,,1.0,1.0,0,0,1.0,,,1.0,1.0,0,0,1.0,,
volcanoes-e3,mlp-nosuite,0.928125,0.994126331253598,1.0,1.0,0,0,1.0,,,1.0,1.0,0,0,1.0,,,1.0,1.0,0,0,1.0,,,1.0,1.0,0,0,1.0,,
volcanoes-e3,mlp-nosuite,0.928125,0.880385637974712,1.0,1.0,0,0,1.0,,,1.0,1.0,0,0,1.0,,,1.0,1.0,0,0,1.0,,,1.0,1.0,0,0,1.0,,
volcanoes-e3,mlp-nosuite,0.928125,0.9604548272802144,1.0,1.0,0,0,1.0,,,1.0,1.0,0,0,1.0,,,1.0,1.0,0,0,1.0,,,1.0,1.0,0,0,1.0,,
volcanoes-e4,mlp-nosuite,0.9361022364217252,0.9145841837950065,1.0,1.0,0,0,1.0,,,1.0,1.0,0,0,1.0,,,1.0,1.0,0,0,1.0,,,1.0,1.0,0,0,1.0,,
volcanoes-e4,mlp-nosuite,0.9361022364217252,0.984490908517076,1.0,1.0,0,0,1.0,,,1.0,1.0,0,0,1.0,,,1.0,1.0,0,0,1.0,,,1.0,1.0,0,0,1.0,,
volcanoes-e4,mlp-nosuite,0.9361022364217252,0.6705861740116833,1.0,1.0,0,0,1.0,,,1.0,1.0,0,0,1.0,,,1.0,1.0,0,0,1.0,,,1.0,1.0,0,0,1.0,,
volcanoes-e4,mlp-nosuite,0.9361022364217252,0.9906700806998471,1.0,1.0,0,0,1.0,,,1.0,1.0,0,0,1.0,,,1.0,1.0,0,0,1.0,,,1.0,1.0,0,0,1.0,,
volcanoes-e4,mlp-nosuite,0.9361022364217252,0.6002362160449333,1.0,1.0,0,0,1.0,,,1.0,1.0,0,0,1.0,,,1.0,1.0,0,0,1.0,,,1.0,1.0,0,0,1.0,,
volcanoes-e4,mlp-nosuite,0.9361022364217252,0.9995687320120945,1.0,1.0,0,0,1.0,,,1.0,1.0,0,0,1.0,,,1.0,1.0,0,0,1.0,,,1.0,1.0,0,0,1.0,,
volcanoes-e4,mlp-nosuite,0.9361022364217252,0.5451548642154667,0.967741935483871,0.967741935483871,0,0,0.967741935483871,,1.0,0.967741935483871,0.967741935483871,0,0,0.967741935483871,,1.0,0.967741935483871,0.967741935483871,0,0,0.967741935483871,,1.0,0.967741935483871,0.967741935483871,0,0,0.967741935483871,,1.0
volcanoes-e4,mlp-nosuite,0.9361022364217252,0.9965930864221859,1.0,1.0,0,0,1.0,,,1.0,1.0,0,0,1.0,,,1.0,1.0,0,0,1.0,,,1.0,1.0,0,0,1.0,,
volcanoes-e4,mlp-nosuite,0.9361022364217252,0.9100039546908348,1.0,1.0,0,0,1.0,,1.0,1.0,1.0,0,0,1.0,,1.0,1.0,1.0,0,0,1.0,,1.0,1.0,1.0,0,0,1.0,,1.0
volcanoes-e4,mlp-nosuite,0.9361022364217252,0.9972100413199217,1.0,1.0,0,0,1.0,,1.0,1.0,1.0,0,0,1.0,,1.0,1.0,1.0,0,0,1.0,,1.0,1.0,1.0,0,0,1.0,,1.0
volcanoes-e4,mlp-nosuite,0.9361022364217252,0.8772145845246794,1.0,1.0,0,0,1.0,,,1.0,1.0,0,0,1.0,,,1.0,1.0,0,0,1.0,,,1.0,1.0,0,0,1.0,,
volcanoes-e4,mlp-nosuite,0.9361022364217252,0.996573473506815,1.0,1.0,0,0,1.0,,,1.0,1.0,0,0,1.0,,,1.0,1.0,0,0,1.0,,,1.0,1.0,0,0,1.0,,
volcanoes-e4,mlp-nosuite,0.9361022364217252,0.9336182679425266,1.0,1.0,0,0,1.0,,,1.0,1.0,0,0,1.0,,,1.0,1.0,0,0,1.0,,,1.0,1.0,0,0,1.0,,
volcanoes-e4,mlp-nosuite,0.9361022364217252,0.9815564586729213,1.0,1.0,0,0,1.0,,,1.0,1.0,0,0,1.0,,,1.0,1.0,0,0,1.0,,,1.0,1.0,0,0,1.0,,
volcanoes-e4,mlp-nosuite,0.9361022364217252,0.9930185564963998,1.0,1.0,0,0,1.0,,,1.0,1.0,0,0,1.0,,,1.0,1.0,0,0,1.0,,,1.0,1.0,0,0,1.0,,
volcanoes-e4,mlp-nosuite,0.9361022364217252,0.9112706087840382,1.0,1.0,0,0,1.0,,,1.0,1.0,0,0,1.0,,,1.0,1.0,0,0,1.0,,,1.0,1.0,0,0,1.0,,
volcanoes-e4,mlp-nosuite,0.9361022364217252,0.9930426792767173,1.0,1.0,0,0,1.0,,,1.0,1.0,0,0,1.0,,,1.0,1.0,0,0,1.0,,,1.0,1.0,0,0,1.0,,
volcanoes-e4,mlp-nosuite,0.9361022364217252,0.993909748568294,1.0,1.0,0,0,1.0,,,1.0,1.0,0,0,1.0,,,1.0,1.0,0,0,1.0,,,1.0,1.0,0,0,1.0,,
volcanoes-e4,mlp-nosuite,0.9361022364217252,0.8923439028154517,1.0,1.0,0,0,1.0,,,1.0,1.0,0,0,1.0,,,1.0,1.0,0,0,1.0,,,1.0,1.0,0,0,1.0,,
volcanoes-e4,mlp-nosuite,0.9361022364217252,0.9823164670170058,1.0,1.0,0,0,1.0,,,1.0,1.0,0,0,1.0,,,1.0,1.0,0,0,1.0,,,1.0,1.0,0,0,1.0,,
volcanoes-e4,mlp-nosuite,0.9361022364217252,0.49737828240158766,0.967741935483871,0.967741935483871,0,0,0.967741935483871,,0.9032258064516129,0.967741935483871,0.967741935483871,0,0,0.967741935483871,,0.9032258064516129,0.967741935483871,0.967741935483871,0,0,0.967741935483871,,0.9032258064516129,0.967741935483871,0.967741935483871,0,0,0.967741935483871,,0.9032258064516129
volcanoes-e4,mlp-nosuite,0.9361022364217252,0.9936658660576704,1.0,1.0,0,0,1.0,,,1.0,1.0,0,0,1.0,,,1.0,1.0,0,0,1.0,,,1.0,1.0,0,0,1.0,,
volcanoes-e4,mlp-nosuite,0.9361022364217252,0.9879809194072382,1.0,1.0,0,0,1.0,,,1.0,1.0,0,0,1.0,,,1.0,1.0,0,0,1.0,,,1.0,1.0,0,0,1.0,,
volcanoes-e4,mlp-nosuite,0.9361022364217252,0.966755518561763,1.0,1.0,0,0,1.0,,,1.0,1.0,0,0,1.0,,,1.0,1.0,0,0,1.0,,,1.0,1.0,0,0,1.0,,
volcanoes-e4,mlp-nosuite,0.9361022364217252,0.9995030736227946,1.0,1.0,0,0,1.0,,,1.0,1.0,0,0,1.0,,,1.0,1.0,0,0,1.0,,,1.0,1.0,0,0,1.0,,
volcanoes-e4,mlp-nosuite,0.9361022364217252,0.9110917773130478,1.0,1.0,0,0,1.0,,,1.0,1.0,0,0,1.0,,,1.0,1.0,0,0,1.0,,,1.0,1.0,0,0,1.0,,
volcanoes-e4,mlp-nosuite,0.9361022364217252,0.7293181330429733,1.0,1.0,0,0,1.0,,,1.0,1.0,0,0,1.0,,,1.0,1.0,0,0,1.0,,,1.0,1.0,0,0,1.0,,
volcanoes-e4,mlp-nosuite,0.9361022364217252,0.9444192841004654,1.0,1.0,0,0,1.0,,,1.0,1.0,0,0,1.0,,,1.0,1.0,0,0,1.0,,,1.0,1.0,0,0,1.0,,
volcanoes-e4,mlp-nosuite,0.9361022364217252,0.9834771945040867,1.0,1.0,0,0,1.0,,,1.0,1.0,0,0,1.0,,,1.0,1.0,0,0,1.0,,,1.0,1.0,0,0,1.0,,
volcanoes-e4,mlp-nosuite,0.9361022364217252,0.9548532396494176,1.0,1.0,0,0,1.0,,,1.0,1.0,0,0,1.0,,,1.0,1.0,0,0,1.0,,,1.0,1.0,0,0,1.0,,
volcanoes-e4,mlp-nosuite,0.9361022364217252,0.995246986983472,1.0,1.0,0,0,1.0,,,1.0,1.0,0,0,1.0,,,1.0,1.0,0,0,1.0,,,1.0,1.0,0,0,1.0,,
volcanoes-e4,mlp-nosuite,0.9361022364217252,0.9685771725642282,1.0,1.0,0,0,1.0,,,1.0,1.0,0,0,1.0,,,1.0,1.0,0,0,1.0,,,1.0,1.0,0,0,1.0,,
volcanoes-e4,mlp-nosuite,0.9361022364217252,0.9972535158907825,1.0,1.0,0,0,1.0,,,1.0,1.0,0,0,1.0,,,1.0,1.0,0,0,1.0,,,1.0,1.0,0,0,1.0,,
volcanoes-e4,mlp-nosuite,0.9361022364217252,0.9992390159111785,1.0,1.0,0,0,1.0,,,1.0,1.0,0,0,1.0,,,1.0,1.0,0,0,1.0,,,1.0,1.0,0,0,1.0,,
volcanoes-e4,mlp-nosuite,0.9361022364217252,0.996660927312435,1.0,1.0,0,0,1.0,,1.0,1.0,1.0,0,0,1.0,,1.0,1.0,1.0,0,0,1.0,,1.0,1.0,1.0,0,0,1.0,,1.0
volcanoes-e4,mlp-nosuite,0.9361022364217252,0.8028902059769378,1.0,1.0,0,0,1.0,,,1.0,1.0,0,0,1.0,,,1.0,1.0,0,0,1.0,,,1.0,1.0,0,0,1.0,,
volcanoes-e4,mlp-nosuite,0.9361022364217252,0.8981545187013191,1.0,1.0,0,0,1.0,,,1.0,1.0,0,0,1.0,,,1.0,1.0,0,0,1.0,,,1.0,1.0,0,0,1.0,,
volcanoes-e4,mlp-nosuite,0.9361022364217252,0.9919928849333001,1.0,1.0,0,0,1.0,,,1.0,1.0,0,0,1.0,,,1.0,1.0,0,0,1.0,,,1.0,1.0,0,0,1.0,,
volcanoes-e4,mlp-nosuite,0.9361022364217252,0.9931802352356531,1.0,1.0,0,0,1.0,,,1.0,1.0,0,0,1.0,,,1.0,1.0,0,0,1.0,,,1.0,1.0,0,0,1.0,,
volcanoes-e4,mlp-nosuite,0.9361022364217252,0.940425060064483,1.0,1.0,0,0,1.0,,,1.0,1.0,0,0,1.0,,,1.0,1.0,0,0,1.0,,,1.0,1.0,0,0,1.0,,
volcanoes-e4,mlp-nosuite,0.9361022364217252,0.998348728719949,1.0,1.0,0,0,1.0,,,1.0,1.0,0,0,1.0,,,1.0,1.0,0,0,1.0,,,1.0,1.0,0,0,1.0,,
volcanoes-e4,mlp-nosuite,0.9361022364217252,0.9870541720741687,1.0,1.0,0,0,1.0,,,1.0,1.0,0,0,1.0,,,1.0,1.0,0,0,1.0,,,1.0,1.0,0,0,1.0,,
volcanoes-e4,mlp-nosuite,0.9361022364217252,0.9324237428715328,1.0,1.0,0,0,1.0,,,1.0,1.0,0,0,1.0,,,1.0,1.0,0,0,1.0,,,1.0,1.0,0,0,1.0,,
volcanoes-e4,mlp-nosuite,0.9361022364217252,0.9975704775789559,1.0,1.0,0,0,1.0,,,1.0,1.0,0,0,1.0,,,1.0,1.0,0,0,1.0,,,1.0,1.0,0,0,1.0,,
volcanoes-e4,mlp-nosuite,0.9361022364217252,0.993799696428131,1.0,1.0,0,0,1.0,,,1.0,1.0,0,0,1.0,,,1.0,1.0,0,0,1.0,,,1.0,1.0,0,0,1.0,,
volcanoes-e4,mlp-nosuite,0.9361022364217252,0.44907616994148297,0.967741935483871,0.967741935483871,0,0,1.0,,,0.967741935483871,0.967741935483871,0,0,1.0,,,0.967741935483871,0.967741935483871,0,0,1.0,,,0.967741935483871,0.967741935483871,0,0,1.0,,
volcanoes-e4,mlp-nosuite,0.9361022364217252,0.9842481028259251,1.0,1.0,0,0,1.0,,,1.0,1.0,0,0,1.0,,,1.0,1.0,0,0,1.0,,,1.0,1.0,0,0,1.0,,
volcanoes-e4,mlp-nosuite,0.9361022364217252,0.9932199032205896,1.0,1.0,0,0,1.0,,1.0,1.0,1.0,0,0,1.0,,1.0,1.0,1.0,0,0,1.0,,1.0,1.0,1.0,0,0,1.0,,1.0
volcanoes-e4,mlp-nosuite,0.9361022364217252,0.9966669932898349,1.0,1.0,0,0,1.0,,,1.0,1.0,0,0,1.0,,,1.0,1.0,0,0,1.0,,,1.0,1.0,0,0,1.0,,
volcanoes-e4,mlp-nosuite,0.9361022364217252,0.996776790292177,1.0,1.0,0,0,1.0,,,1.0,1.0,0,0,1.0,,,1.0,1.0,0,0,1.0,,,1.0,1.0,0,0,1.0,,
volcanoes-e5,mlp-nosuite,0.9064748201438849,0.8977192015979557,1.0,1.0,0,0,1.0,,,1.0,1.0,0,0,1.0,,,1.0,1.0,0,0,1.0,,,1.0,1.0,0,0,1.0,,
volcanoes-e5,mlp-nosuite,0.9064748201438849,0.9753399787884336,1.0,1.0,0,0,1.0,,1.0,1.0,1.0,0,0,1.0,,1.0,1.0,1.0,0,0,1.0,,1.0,1.0,1.0,0,0,1.0,,1.0
volcanoes-e5,mlp-nosuite,0.9064748201438849,0.9734732615220976,1.0,1.0,0,0,1.0,,,1.0,1.0,0,0,1.0,,,1.0,1.0,0,0,1.0,,,1.0,1.0,0,0,1.0,,
volcanoes-e5,mlp-nosuite,0.9064748201438849,0.9202076900970316,1.0,1.0,0,0,1.0,,,1.0,1.0,0,0,1.0,,,1.0,1.0,0,0,1.0,,,1.0,1.0,0,0,1.0,,
volcanoes-e5,mlp-nosuite,0.9064748201438849,0.9775482324639899,1.0,1.0,0,0,1.0,,1.0,1.0,1.0,0,0,1.0,,1.0,1.0,1.0,0,0,1.0,,1.0,1.0,1.0,0,0,1.0,,1.0
volcanoes-e5,mlp-nosuite,0.9064748201438849,0.940117540854863,1.0,1.0,0,0,1.0,,,1.0,1.0,0,0,1.0,,,1.0,1.0,0,0,1.0,,,1.0,1.0,0,0,1.0,,
volcanoes-e5,mlp-nosuite,0.9064748201438849,0.6504350340897987,1.0,0.9629629629629629,0,0,1.0,,0.7407407407407407,1.0,0.9629629629629629,0,0,1.0,,0.7407407407407407,1.0,0.9629629629629629,0,0,1.0,,0.7407407407407407,1.0,0.9629629629629629,0,0,1.0,,0.7407407407407407
volcanoes-e5,mlp-nosuite,0.9064748201438849,0.9799487683846747,1.0,1.0,0,0,1.0,,,1.0,1.0,0,0,1.0,,,1.0,1.0,0,0,1.0,,,1.0,1.0,0,0,1.0,,
volcanoes-e5,mlp-nosuite,0.9064748201438849,0.9450048053451994,1.0,1.0,0,0,1.0,,1.0,1.0,1.0,0,0,1.0,,1.0,1.0,1.0,0,0,1.0,,1.0,1.0,1.0,0,0,1.0,,1.0
volcanoes-e5,mlp-nosuite,0.9064748201438849,0.9890776918904468,1.0,1.0,0,0,1.0,,,1.0,1.0,0,0,1.0,,,1.0,1.0,0,0,1.0,,,1.0,1.0,0,0,1.0,,
volcanoes-e5,mlp-nosuite,0.9064748201438849,0.9736719035397909,1.0,1.0,0,0,1.0,,,1.0,1.0,0,0,1.0,,,1.0,1.0,0,0,1.0,,,1.0,1.0,0,0,1.0,,
volcanoes-e5,mlp-nosuite,0.9064748201438849,0.930415001586801,1.0,1.0,0,0,1.0,,,1.0,1.0,0,0,1.0,,,1.0,1.0,0,0,1.0,,,1.0,1.0,0,0,1.0,,
volcanoes-e5,mlp-nosuite,0.9064748201438849,0.5419726242092155,0.9629629629629629,0.9629629629629629,0,0,1.0,,1.0,0.9629629629629629,0.9629629629629629,0,0,1.0,,1.0,0.9629629629629629,0.9629629629629629,0,0,1.0,,1.0,0.9629629629629629,0.9629629629629629,0,0,1.0,,1.0
volcanoes-e5,mlp-nosuite,0.9064748201438849,0.9643194017768363,1.0,1.0,0,0,1.0,,,1.0,1.0,0,0,1.0,,,1.0,1.0,0,0,1.0,,,1.0,1.0,0,0,1.0,,
volcanoes-e5,mlp-nosuite,0.9064748201438849,0.9811920363706872,1.0,1.0,0,0,1.0,,,1.0,1.0,0,0,1.0,,,1.0,1.0,0,0,1.0,,,1.0,1.0,0,0,1.0,,
volcanoes-e5,mlp-nosuite,0.9064748201438849,0.9899271633671441,1.0,1.0,0,0,1.0,,,1.0,1.0,0,0,1.0,,,1.0,1.0,0,0,1.0,,,1.0,1.0,0,0,1.0,,
volcanoes-e5,mlp-nosuite,0.9064748201438849,0.8524958686972626,1.0,1.0,0,0,1.0,,,1.0,1.0,0,0,1.0,,,1.0,1.0,0,0,1.0,,,1.0,1.0,0,0,1.0,,
volcanoes-e5,mlp-nosuite,0.9064748201438849,0.9856367728917292,1.0,1.0,0,0,1.0,,,1.0,1.0,0,0,1.0,,,1.0,1.0,0,0,1.0,,,1.0,1.0,0,0,1.0,,
volcanoes-e5,mlp-nosuite,0.9064748201438849,0.9778180945010956,1.0,1.0,0,0,1.0,,1.0,1.0,1.0,0,0,1.0,,1.0,1.0,1.0,0,0,1.0,,1.0,1.0,1.0,0,0,1.0,,1.0
volcanoes-e5,mlp-nosuite,0.9064748201438849,0.7307628601964115,1.0,1.0,0,0,1.0,,1.0,1.0,1.0,0,0,1.0,,1.0,1.0,1.0,0,0,1.0,,1.0,1.0,1.0,0,0,1.0,,1.0
volcanoes-e5,mlp-nosuite,0.9064748201438849,0.9768276242719063,1.0,1.0,0,0,1.0,,1.0,1.0,1.0,0,0,1.0,,1.0,1.0,1.0,0,0,1.0,,1.0,1.0,1.0,0,0,1.0,,1.0
volcanoes-e5,mlp-nosuite,0.9064748201438849,0.9848511234928314,1.0,1.0,0,0,1.0,,1.0,1.0,1.0,0,0,1.0,,1.0,1.0,1.0,0,0,1.0,,1.0,1.0,1.0,0,0,1.0,,1.0
volcanoes-e5,mlp-nosuite,0.9064748201438849,0.9621279526091595,1.0,1.0,0,0,1.0,,,1.0,1.0,0,0,1.0,,,1.0,1.0,0,0,1.0,,,1.0,1.0,0,0,1.0,,
volcanoes-e5,mlp-nosuite,0.9064748201438849,0.9572860656408175,1.0,1.0,0,0,1.0,,,1.0,1.0,0,0,1.0,,,1.0,1.0,0,0,1.0,,,1.0,1.0,0,0,1.0,,
volcanoes-e5,mlp-nosuite,0.9064748201438849,0.9870970153369493,1.0,1.0,0,0,1.0,,,1.0,1.0,0,0,1.0,,,1.0,1.0,0,0,1.0,,,1.0,1.0,0,0,1.0,,
volcanoes-e5,mlp-nosuite,0.9064748201438849,0.9241307843529003,1.0,1.0,0,0,1.0,,,1.0,1.0,0,0,1.0,,,1.0,1.0,0,0,1.0,,,1.0,1.0,0,0,1.0,,
volcanoes-e5,mlp-nosuite,0.9064748201438849,0.9949406305601703,1.0,1.0,0,0,1.0,,,1.0,1.0,0,0,1.0,,,1.0,1.0,0,0,1.0,,,1.0,1.0,0,0,1.0,,
volcanoes-e5,mlp-nosuite,0.9064748201438849,0.9769660885723982,1.0,1.0,0,0,1.0,,,1.0,1.0,0,0,1.0,,,1.0,1.0,0,0,1.0,,,1.0,1.0,0,0,1.0,,
volcanoes-e5,mlp-nosuite,0.9064748201438849,0.9900556085794395,1.0,1.0,0,0,1.0,,,1.0,1.0,0,0,1.0,,,1.0,1.0,0,0,1.0,,,1.0,1.0,0,0,1.0,,
volcanoes-e5,mlp-nosuite,0.9064748201438849,0.9938234564257568,1.0,1.0,0,0,1.0,,,1.0,1.0,0,0,1.0,,,1.0,1.0,0,0,1.0,,,1.0,1.0,0,0,1.0,,
volcanoes-e5,mlp-nosuite,0.9064748201438849,0.983405252872994,1.0,1.0,0,0,1.0,,,1.0,1.0,0,0,1.0,,,1.0,1.0,0,0,1.0,,,1.0,1.0,0,0,1.0,,
volcanoes-e5,mlp-nosuite,0.9064748201438849,0.9767851767658768,1.0,1.0,0,0,1.0,,,1.0,1.0,0,0,1.0,,,1.0,1.0,0,0,1.0,,,1.0,1.0,0,0,1.0,,
volcanoes-e5,mlp-nosuite,0.9064748201438849,0.9363687012732129,1.0,1.0,0,0,1.0,,,1.0,1.0,0,0,1.0,,,1.0,1.0,0,0,1.0,,,1.0,1.0,0,0,1.0,,
volcanoes-e5,mlp-nosuite,0.9064748201438849,0.9419592035759701,1.0,1.0,0,0,1.0,,,1.0,1.0,0,0,1.0,,,1.0,1.0,0,0,1.0,,,1.0,1.0,0,0,1.0,,
volcanoes-e5,mlp-nosuite,0.9064748201438849,0.9078102796623171,1.0,1.0,0,0,1.0,,,1.0,1.0,0,0,1.0,,,1.0,1.0,0,0,1.0,,,1.0,1.0,0,0,1.0,,
volcanoes-e5,mlp-nosuite,0.9064748201438849,0.9821850430367507,1.0,1.0,0,0,1.0,,,1.0,1.0,0,0,1.0,,,1.0,1.0,0,0,1.0,,,1.0,1.0,0,0,1.0,,
volcanoes-e5,mlp-nosuite,0.9064748201438849,0.9781419556597057,1.0,1.0,0,0,1.0,,1.0,1.0,1.0,0,0,1.0,,1.0,1.0,1.0,0,0,1.0,,1.0,1.0,1.0,0,0,1.0,,1.0
volcanoes-e5,mlp-nosuite,0.9064748201438849,0.5939120815693956,0.9629629629629629,0.9629629629629629,0,0,0.9629629629629629,,0.8888888888888888,0.9629629629629629,0.9629629629629629,0,0,0.9629629629629629,,0.8888888888888888,0.9629629629629629,0.9629629629629629,0,0,0.9629629629629629,,0.8888888888888888,0.9629629629629629,0.9629629629629629,0,0,0.9629629629629629,,0.8888888888888888
volcanoes-e5,mlp-nosuite,0.9064748201438849,0.9526624965583034,1.0,1.0,0,0,1.0,,,1.0,1.0,0,0,1.0,,,1.0,1.0,0,0,1.0,,,1.0,1.0,0,0,1.0,,
volcanoes-e5,mlp-nosuite,0.9064748201438849,0.9421532036387004,1.0,1.0,0,0,1.0,,,1.0,1.0,0,0,1.0,,,1.0,1.0,0,0,1.0,,,1.0,1.0,0,0,1.0,,
volcanoes-e5,mlp-nosuite,0.9064748201438849,0.8024543690754237,1.0,1.0,0,0,1.0,,,1.0,1.0,0,0,1.0,,,1.0,1.0,0,0,1.0,,,1.0,1.0,0,0,1.0,,
volcanoes-e5,mlp-nosuite,0.9064748201438849,0.7255589639011585,1.0,1.0,0,0,1.0,,,1.0,1.0,0,0,1.0,,,1.0,1.0,0,0,1.0,,,1.0,1.0,0,0,1.0,,
volcanoes-e5,mlp-nosuite,0.9064748201438849,0.8610180789122389,1.0,1.0,0,0,1.0,,1.0,1.0,1.0,0,0,1.0,,1.0,1.0,1.0,0,0,1.0,,1.0,1.0,1.0,0,0,1.0,,1.0
volcanoes-e5,mlp-nosuite,0.9064748201438849,0.8648634085648277,1.0,1.0,0,0,1.0,,1.0,1.0,1.0,0,0,1.0,,1.0,1.0,1.0,0,0,1.0,,1.0,1.0,1.0,0,0,1.0,,1.0
volcanoes-e5,mlp-nosuite,0.9064748201438849,0.9950274322020126,1.0,1.0,0,0,1.0,,,1.0,1.0,0,0,1.0,,,1.0,1.0,0,0,1.0,,,1.0,1.0,0,0,1.0,,
volcanoes-e5,mlp-nosuite,0.9064748201438849,0.9436865954089037,1.0,1.0,0,0,1.0,,,1.0,1.0,0,0,1.0,,,1.0,1.0,0,0,1.0,,,1.0,1.0,0,0,1.0,,
volcanoes-e5,mlp-nosuite,0.9064748201438849,0.9945399888376054,1.0,1.0,0,0,1.0,,,1.0,1.0,0,0,1.0,,,1.0,1.0,0,0,1.0,,,1.0,1.0,0,0,1.0,,
volcanoes-e5,mlp-nosuite,0.9064748201438849,0.9706177271356083,1.0,1.0,0,0,1.0,,,1.0,1.0,0,0,1.0,,,1.0,1.0,0,0,1.0,,,1.0,1.0,0,0,1.0,,
volcanoes-e5,mlp-nosuite,0.9064748201438849,0.986807813659459,1.0,1.0,0,0,1.0,,1.0,1.0,1.0,0,0,1.0,,1.0,1.0,1.0,0,0,1.0,,1.0,1.0,1.0,0,0,1.0,,1.0
volcanoes-e5,mlp-nosuite,0.9064748201438849,0.9970820607766663,1.0,1.0,0,0,1.0,,1.0,1.0,1.0,0,0,1.0,,1.0,1.0,1.0,0,0,1.0,,1.0,1.0,1.0,0,0,1.0,,1.0
wine-quality-red,mlp-nosuite,0.605,0.333638468536376,0.85,0.8,0,0,0.725,,0.475,0.85,0.8,0,0,0.725,,0.475,0.85,0.8,0,0,0.725,,0.475,0.85,0.8000000000000002,0,0,0.7250000000000001,,0.47500000000000003
wine-quality-red,mlp-nosuite,0.605,0.792154043911867,0.65,0.8,0,0,0.625,,0.6,0.65,0.8,0,0,0.625,,0.6,0.65,0.8,0,0,0.625,,0.6,0.65,0.8000000000000002,0,0,0.625,,0.6
wine-quality-red,mlp-nosuite,0.605,0.8160029607375296,0.9,0.7,0,0,0.8,,0.7,0.9,0.7,0,0,0.8,,0.7,0.9,0.7,0,0,0.8,,0.7,0.9,0.7,0,0,0.8000000000000002,,0.7
wine-quality-red,mlp-nosuite,0.605,0.3838501130274896,0.825,0.775,0,0,0.725,0.4,0.75,0.825,0.775,0,0,0.725,0.4,0.75,0.825,0.775,0,0,0.725,0.4,0.75,0.825,0.775,0,0,0.7250000000000001,0.4000000000000001,0.75
wine-quality-red,mlp-nosuite,0.605,0.5121022960814283,0.775,0.7,0,0,0.675,,0.6,0.775,0.7,0,0,0.675,,0.6,0.775,0.7,0,0,0.675,,0.6,0.775,0.7,0,0,0.675,,0.6
wine-quality-red,mlp-nosuite,0.605,0.7181279067724299,0.925,0.875,0,0,0.8,,0.775,0.925,0.875,0,0,0.8,,0.775,0.925,0.875,0,0,0.8,,0.775,0.925,0.875,0,0,0.8000000000000002,,0.775
wine-quality-red,mlp-nosuite,0.605,0.4809311066590275,0.75,0.775,0,0,0.675,,0.8,0.75,0.775,0,0,0.675,,0.8,0.75,0.775,0,0,0.675,,0.8,0.75,0.775,0,0,0.675,,0.8000000000000002
wine-quality-red,mlp-nosuite,0.605,0.8268335000543864,0.925,0.9,0,0,0.95,,0.6,0.925,0.9,0,0,0.95,,0.6,0.925,0.9,0,0,0.95,,0.6,0.925,0.9,0,0,0.9500000000000001,,0.6
wine-quality-red,mlp-nosuite,0.605,0.6617418518273239,0.9,0.825,0,0,0.9,,0.85,0.9,0.825,0,0,0.9,,0.85,0.9,0.825,0,0,0.9,,0.85,0.9,0.825,0,0,0.9,,0.85
wine-quality-red,mlp-nosuite,0.605,0.4788560238930034,0.75,0.75,0,0,0.625,,0.575,0.75,0.75,0,0,0.625,,0.575,0.75,0.75,0,0,0.625,,0.575,0.75,0.75,0,0,0.625,,0.575
wine-quality-red,mlp-nosuite,0.605,0.6665593918702569,0.725,0.825,0,0,0.75,,0.875,0.725,0.825,0,0,0.75,,0.875,0.725,0.825,0,0,0.75,,0.875,0.7250000000000001,0.825,0,0,0.75,,0.875
wine-quality-red,mlp-nosuite,0.605,0.588652873708176,0.85,0.85,0,0,0.9,,0.775,0.85,0.85,0,0,0.9,,0.775,0.85,0.85,0,0,0.9,,0.775,0.85,0.85,0,0,0.9,,0.775
wine-quality-red,mlp-nosuite,0.605,0.719519982735343,0.85,0.925,0,0,0.9,,0.9,0.85,0.925,0,0,0.9,,0.9,0.85,0.925,0,0,0.9,,0.9,0.85,0.925,0,0,0.9,,0.9
wine-quality-red,mlp-nosuite,0.605,0.6531950822882236,0.8,0.875,0,0,0.9,,0.9,0.8,0.875,0,0,0.9,,0.9,0.8,0.875,0,0,0.9,,0.9,0.8000000000000002,0.875,0,0,0.9,,0.9
wine-quality-red,mlp-nosuite,0.605,0.8006250982987535,0.9,0.875,0,0,0.8,,0.825,0.9,0.875,0,0,0.8,,0.825,0.9,0.875,0,0,0.8,,0.825,0.9,0.875,0,0,0.8000000000000002,,0.825
wine-quality-red,mlp-nosuite,0.605,0.45675773500733485,0.65,0.775,0,0,0.8,,0.575,0.65,0.775,0,0,0.8,,0.575,0.65,0.775,0,0,0.8,,0.575,0.65,0.775,0,0,0.8000000000000002,,0.575
wine-quality-red,mlp-nosuite,0.605,0.6580412198886975,0.825,0.725,0,0,0.45,,0.525,0.825,0.725,0,0,0.45,,0.525,0.825,0.725,0,0,0.45,,0.525,0.825,0.7250000000000001,0,0,0.45,,0.525
wine-quality-red,mlp-nosuite,0.605,0.6076602291375108,0.8,0.725,0,0,0.625,,0.8,0.8,0.725,0,0,0.625,,0.8,0.8,0.725,0,0,0.625,,0.8,0.8000000000000002,0.7250000000000001,0,0,0.625,,0.8000000000000002
wine-quality-red,mlp-nosuite,0.605,0.7645386691414066,0.95,0.8,0,0,0.825,,0.65,0.95,0.8,0,0,0.825,,0.65,0.95,0.8,0,0,0.825,,0.65,0.9500000000000001,0.8000000000000002,0,0,0.825,,0.65
wine-quality-red,mlp-nosuite,0.605,0.3400465721768129,0.8,0.75,0,0,0.625,,0.6,0.8,0.75,0,0,0.625,,0.6,0.8,0.75,0,0,0.625,,0.6,0.8000000000000002,0.75,0,0,0.625,,0.6
wine-quality-red,mlp-nosuite,0.605,0.6097757709086327,0.85,0.775,0,0,0.85,,0.625,0.85,0.775,0,0,0.85,,0.625,0.85,0.775,0,0,0.85,,0.625,0.85,0.775,0,0,0.85,,0.625
wine-quality-red,mlp-nosuite,0.605,0.529649416240387,0.75,0.675,0,0,0.65,,0.6,0.75,0.675,0,0,0.65,,0.6,0.75,0.675,0,0,0.65,,0.6,0.75,0.675,0,0,0.65,,0.6
wine-quality-red,mlp-nosuite,0.605,0.4922870573735424,0.9,0.85,0,0,0.925,,0.675,0.9,0.85,0,0,0.925,,0.675,0.9,0.85,0,0,0.925,,0.675,0.9,0.85,0,0,0.925,,0.675
wine-quality-red,mlp-nosuite,0.605,0.699916171495982,0.825,0.75,0,0,0.75,,0.725,0.825,0.75,0,0,0.75,,0.725,0.825,0.75,0,0,0.75,,0.725,0.825,0.75,0,0,0.75,,0.7250000000000001
wine-quality-red,mlp-nosuite,0.605,0.5157092991496495,0.925,0.775,0,0,0.825,,0.575,0.925,0.775,0,0,0.825,,0.575,0.925,0.775,0,0,0.825,,0.575,0.925,0.775,0,0,0.825,,0.575
wine-quality-red,mlp-nosuite,0.605,0.691722790272182,0.775,0.725,0,0,0.475,,0.4,0.775,0.725,0,0,0.475,,0.4,0.775,0.725,0,0,0.475,,0.4,0.775,0.7250000000000001,0,0,0.47500000000000003,,0.4000000000000001
wine-quality-red,mlp-nosuite,0.605,0.4190316173662118,0.75,0.725,0,0,0.825,,0.55,0.75,0.725,0,0,0.825,,0.55,0.75,0.725,0,0,0.825,,0.55,0.75,0.7250000000000001,0,0,0.825,,0.55
wine-quality-red,mlp-nosuite,0.605,0.7570975985800353,0.95,0.9,0,0,0.975,,0.9,0.95,0.9,0,0,0.975,,0.9,0.95,0.9,0,0,0.975,,0.9,0.9500000000000001,0.9,0,0,0.975,,0.9
wine-quality-red,mlp-nosuite,0.605,0.7364793043227048,0.825,0.775,0,0,0.725,,0.7,0.825,0.775,0,0,0.725,,0.7,0.825,0.775,0,0,0.725,,0.7,0.825,0.775,0,0,0.7250000000000001,,0.7
wine-quality-red,mlp-nosuite,0.605,0.6111827169170149,0.9,0.9,0,0,0.9,,0.7,0.9,0.9,0,0,0.9,,0.7,0.9,0.9,0,0,0.9,,0.7,0.9,0.9,0,0,0.9,,0.7
wine-quality-red,mlp-nosuite,0.605,0.7778943393018467,0.85,0.95,0,0,0.95,,0.875,0.85,0.95,0,0,0.95,,0.875,0.85,0.95,0,0,0.95,,0.875,0.85,0.9500000000000001,0,0,0.9500000000000001,,0.875
wine-quality-red,mlp-nosuite,0.605,0.6479622055719421,0.775,0.725,0,0,0.725,,0.65,0.775,0.725,0,0,0.725,,0.65,0.775,0.725,0,0,0.725,,0.65,0.775,0.7250000000000001,0,0,0.7250000000000001,,0.65
wine-quality-red,mlp-nosuite,0.605,0.5291564846718899,0.775,0.775,0,0,0.725,,0.625,0.775,0.775,0,0,0.725,,0.625,0.775,0.775,0,0,0.725,,0.625,0.775,0.775,0,0,0.7250000000000001,,0.625
wine-quality-red,mlp-nosuite,0.605,0.4673083310709355,0.85,0.7,0,0,0.8,,0.625,0.85,0.7,0,0,0.8,,0.625,0.85,0.7,0,0,0.8,,0.625,0.85,0.7,0,0,0.8000000000000002,,0.625
wine-quality-red,mlp-nosuite,0.605,0.5747898863297033,0.775,0.825,0,0,0.625,,0.65,0.775,0.825,0,0,0.625,,0.65,0.775,0.825,0,0,0.625,,0.65,0.775,0.825,0,0,0.625,,0.65
wine-quality-red,mlp-nosuite,0.605,0.7171694165291803,0.8,0.8,0,0,0.625,,0.5,0.8,0.8,0,0,0.625,,0.5,0.8,0.8,0,0,0.625,,0.5,0.8000000000000002,0.8000000000000002,0,0,0.625,,0.5
wine-quality-red,mlp-nosuite,0.605,0.9834522771634103,1.0,0.975,0,0,0.9,,0.95,1.0,0.975,0,0,0.9,,0.95,1.0,0.975,0,0,0.9,,0.95,1.0,0.975,0,0,0.9,,0.9500000000000001
wine-quality-red,mlp-nosuite,0.605,0.49037985483945934,0.75,0.8,0,0,0.75,,0.8,0.75,0.8,0,0,0.75,,0.8,0.75,0.8,0,0,0.75,,0.8,0.75,0.8000000000000002,0,0,0.75,,0.8000000000000002
wine-quality-red,mlp-nosuite,0.605,0.6709631967561639,0.9,0.85,0,0,0.9,,0.65,0.9,0.85,0,0,0.9,,0.65,0.9,0.85,0,0,0.9,,0.65,0.9,0.85,0,0,0.9,,0.65
wine-quality-red,mlp-nosuite,0.605,0.7570688687614776,0.875,0.775,0,0,0.775,,0.4,0.875,0.775,0,0,0.775,,0.4,0.875,0.775,0,0,0.775,,0.4,0.875,0.775,0,0,0.775,,0.4000000000000001
wine-quality-red,mlp-nosuite,0.605,0.5478183296966133,0.675,0.725,0,0,0.65,,0.675,0.675,0.725,0,0,0.65,,0.675,0.675,0.725,0,0,0.65,,0.675,0.675,0.7250000000000001,0,0,0.65,,0.675
wine-quality-red,mlp-nosuite,0.605,0.6366387598050004,0.925,0.825,0,0,0.95,0.625,0.775,0.925,0.825,0,0,0.95,0.625,0.775,0.925,0.825,0,0,0.95,0.625,0.775,0.925,0.825,0,0,0.9500000000000001,0.625,0.775
wine-quality-red,mlp-nosuite,0.605,0.4941701000143828,0.85,0.8,0,0,0.75,,0.35,0.85,0.8,0,0,0.75,,0.35,0.85,0.8,0,0,0.75,,0.35,0.85,0.8000000000000002,0,0,0.75,,0.35
wine-quality-red,mlp-nosuite,0.605,0.6118598943801381,0.8,0.775,0,0,0.75,,0.725,0.8,0.775,0,0,0.75,,0.725,0.8,0.775,0,0,0.75,,0.725,0.8000000000000002,0.775,0,0,0.75,,0.7250000000000001
wine-quality-red,mlp-nosuite,0.605,0.5574196930937736,0.925,0.95,0,0,0.825,,0.625,0.925,0.95,0,0,0.825,,0.625,0.925,0.95,0,0,0.825,,0.625,0.925,0.9500000000000001,0,0,0.825,,0.625
wine-quality-red,mlp-nosuite,0.605,0.5972569043764269,0.7,0.65,0,0,0.575,,0.625,0.7,0.65,0,0,0.575,,0.625,0.7,0.65,0,0,0.575,,0.625,0.7,0.65,0,0,0.575,,0.625
wine-quality-red,mlp-nosuite,0.605,0.5737281046275147,0.825,0.75,0,0,0.9,,0.575,0.825,0.75,0,0,0.9,,0.575,0.825,0.75,0,0,0.9,,0.575,0.825,0.75,0,0,0.9,,0.575
wine-quality-red,mlp-nosuite,0.605,0.6048082015428862,0.75,0.775,0,0,0.675,,0.525,0.75,0.775,0,0,0.675,,0.525,0.75,0.775,0,0,0.675,,0.525,0.75,0.775,0,0,0.675,,0.525
wine-quality-red,mlp-nosuite,0.605,0.6470247508764749,0.825,0.85,0,0,0.8,,0.85,0.825,0.85,0,0,0.8,,0.85,0.825,0.85,0,0,0.8,,0.85,0.825,0.85,0,0,0.8000000000000002,,0.85
wine-quality-red,mlp-nosuite,0.605,0.5351557304278687,0.9,0.725,0,0,0.875,,0.825,0.9,0.725,0,0,0.875,,0.825,0.9,0.725,0,0,0.875,,0.825,0.9,0.7250000000000001,0,0,0.875,,0.825
yeast,mlp-nosuite,0.6172506738544474,0.7059430427120151,0.8378378378378378,0.8108108108108109,0,0,0.7837837837837838,,0.7297297297297297,0.8378378378378378,0.8108108108108109,0,0,0.7837837837837838,,0.7297297297297297,0.8378378378378378,0.8108108108108109,0,0,0.7837837837837838,,0.7297297297297297,0.8378378378378378,0.8108108108108109,0,0,0.7837837837837838,,0.7297297297297297
yeast,mlp-nosuite,0.6172506738544474,0.854184224069063,0.972972972972973,0.972972972972973,0,0,0.9459459459459459,0.918918918918919,0.918918918918919,0.972972972972973,0.972972972972973,0,0,0.9459459459459459,0.918918918918919,0.918918918918919,0.972972972972973,0.972972972972973,0,0,0.9459459459459459,0.918918918918919,0.918918918918919,0.972972972972973,0.972972972972973,0,0,0.9459459459459459,0.918918918918919,0.918918918918919
yeast,mlp-nosuite,0.6172506738544474,0.7687061589797701,0.8648648648648649,0.8648648648648649,0,0,0.6756756756756757,,0.9459459459459459,0.8648648648648649,0.8648648648648649,0,0,0.6756756756756757,,0.9459459459459459,0.8648648648648649,0.8648648648648649,0,0,0.6756756756756757,,0.9459459459459459,0.8648648648648649,0.8648648648648649,0,0,0.6756756756756757,,0.9459459459459459
yeast,mlp-nosuite,0.6172506738544474,0.8153871353725672,0.918918918918919,0.972972972972973,0,0,0.972972972972973,,0.8918918918918919,0.918918918918919,0.972972972972973,0,0,0.972972972972973,,0.8918918918918919,0.918918918918919,0.972972972972973,0,0,0.972972972972973,,0.8918918918918919,0.918918918918919,0.972972972972973,0,0,0.972972972972973,,0.8918918918918919
yeast,mlp-nosuite,0.6172506738544474,0.8517713481033629,0.7837837837837838,0.8918918918918919,0,0,0.8108108108108109,,0.8378378378378378,0.7837837837837838,0.8918918918918919,0,0,0.8108108108108109,,0.8378378378378378,0.7837837837837838,0.8918918918918919,0,0,0.8108108108108109,,0.8378378378378378,0.7837837837837838,0.8918918918918919,0,0,0.8108108108108109,,0.8378378378378378
yeast,mlp-nosuite,0.6172506738544474,0.4910007150414382,0.7027027027027027,0.7027027027027027,0,0,0.5675675675675675,,0.6216216216216216,0.7027027027027027,0.7027027027027027,0,0,0.5675675675675675,,0.6216216216216216,0.7027027027027027,0.7027027027027027,0,0,0.5675675675675675,,0.6216216216216216,0.7027027027027027,0.7027027027027027,0,0,0.5675675675675675,,0.6216216216216216
yeast,mlp-nosuite,0.6172506738544474,0.6965870220668589,0.8378378378378378,0.918918918918919,0,0,0.8108108108108109,,0.8648648648648649,0.8378378378378378,0.918918918918919,0,0,0.8108108108108109,,0.8648648648648649,0.8378378378378378,0.918918918918919,0,0,0.8108108108108109,,0.8648648648648649,0.8378378378378378,0.918918918918919,0,0,0.8108108108108109,,0.8648648648648649
yeast,mlp-nosuite,0.6172506738544474,0.6082230414329826,0.8648648648648649,0.918918918918919,0,0,0.8918918918918919,,0.8648648648648649,0.8648648648648649,0.918918918918919,0,0,0.8918918918918919,,0.8648648648648649,0.8648648648648649,0.918918918918919,0,0,0.8918918918918919,,0.8648648648648649,0.8648648648648649,0.918918918918919,0,0,0.8918918918918919,,0.8648648648648649
yeast,mlp-nosuite,0.6172506738544474,0.5307691251774221,0.918918918918919,0.8648648648648649,0,0,0.7837837837837838,,0.8918918918918919,0.918918918918919,0.8648648648648649,0,0,0.7837837837837838,,0.8918918918918919,0.918918918918919,0.8648648648648649,0,0,0.7837837837837838,,0.8918918918918919,0.918918918918919,0.8648648648648649,0,0,0.7837837837837838,,0.8918918918918919
yeast,mlp-nosuite,0.6172506738544474,0.5898136535651094,0.918918918918919,0.9459459459459459,0,0,0.8918918918918919,,0.9459459459459459,0.918918918918919,0.9459459459459459,0,0,0.8918918918918919,,0.9459459459459459,0.918918918918919,0.9459459459459459,0,0,0.8918918918918919,,0.9459459459459459,0.918918918918919,0.9459459459459459,0,0,0.8918918918918919,,0.9459459459459459
yeast,mlp-nosuite,0.6172506738544474,0.9769920903358666,0.972972972972973,0.9459459459459459,0,0,0.9459459459459459,,0.9459459459459459,0.972972972972973,0.9459459459459459,0,0,0.9459459459459459,,0.9459459459459459,0.972972972972973,0.9459459459459459,0,0,0.9459459459459459,,0.9459459459459459,0.972972972972973,0.9459459459459459,0,0,0.9459459459459459,,0.9459459459459459
yeast,mlp-nosuite,0.6172506738544474,0.6550089218997267,0.7027027027027027,0.7297297297297297,0,0,0.7027027027027027,,0.7837837837837838,0.7027027027027027,0.7297297297297297,0,0,0.7027027027027027,,0.7837837837837838,0.7027027027027027,0.7297297297297297,0,0,0.7027027027027027,,0.7837837837837838,0.7027027027027027,0.7297297297297297,0,0,0.7027027027027027,,0.7837837837837838
yeast,mlp-nosuite,0.6172506738544474,0.652156417544897,0.8918918918918919,0.972972972972973,0,0,0.9459459459459459,,0.918918918918919,0.8918918918918919,0.972972972972973,0,0,0.9459459459459459,,0.918918918918919,0.8918918918918919,0.972972972972973,0,0,0.9459459459459459,,0.918918918918919,0.8918918918918919,0.972972972972973,0,0,0.9459459459459459,,0.918918918918919
yeast,mlp-nosuite,0.6172506738544474,0.590686225478177,0.8918918918918919,0.972972972972973,0,0,0.8108108108108109,,0.8918918918918919,0.8918918918918919,0.972972972972973,0,0,0.8108108108108109,,0.8918918918918919,0.8918918918918919,0.972972972972973,0,0,0.8108108108108109,,0.8918918918918919,0.8918918918918919,0.972972972972973,0,0,0.8108108108108109,,0.8918918918918919
yeast,mlp-nosuite,0.6172506738544474,0.8068372530401193,0.918918918918919,0.9459459459459459,0,0,1.0,,0.8648648648648649,0.918918918918919,0.9459459459459459,0,0,1.0,,0.8648648648648649,0.918918918918919,0.9459459459459459,0,0,1.0,,0.8648648648648649,0.918918918918919,0.9459459459459459,0,0,1.0,,0.8648648648648649
yeast,mlp-nosuite,0.6172506738544474,0.48720428480289174,0.8918918918918919,0.8918918918918919,0,0,0.8378378378378378,,0.7567567567567568,0.8918918918918919,0.8918918918918919,0,0,0.8378378378378378,,0.7567567567567568,0.8918918918918919,0.8918918918918919,0,0,0.8378378378378378,,0.7567567567567568,0.8918918918918919,0.8918918918918919,0,0,0.8378378378378378,,0.7567567567567567
yeast,mlp-nosuite,0.6172506738544474,0.7066654959328711,0.7567567567567568,0.918918918918919,0,0,0.9459459459459459,,0.7297297297297297,0.7567567567567568,0.918918918918919,0,0,0.9459459459459459,,0.7297297297297297,0.7567567567567568,0.918918918918919,0,0,0.9459459459459459,,0.7297297297297297,0.7567567567567567,0.918918918918919,0,0,0.9459459459459459,,0.7297297297297297
yeast,mlp-nosuite,0.6172506738544474,0.6383887042040087,0.6756756756756757,0.7837837837837838,0,0,0.6216216216216216,,0.6216216216216216,0.6756756756756757,0.7837837837837838,0,0,0.6216216216216216,,0.6216216216216216,0.6756756756756757,0.7837837837837838,0,0,0.6216216216216216,,0.6216216216216216,0.6756756756756757,0.7837837837837838,0,0,0.6216216216216216,,0.6216216216216216
yeast,mlp-nosuite,0.6172506738544474,0.5399032225517664,0.7027027027027027,0.7567567567567568,0,0,0.6216216216216216,,0.5405405405405406,0.7027027027027027,0.7567567567567568,0,0,0.6216216216216216,,0.5405405405405406,0.7027027027027027,0.7567567567567568,0,0,0.6216216216216216,,0.5405405405405406,0.7027027027027027,0.7567567567567567,0,0,0.6216216216216216,,0.5405405405405406
yeast,mlp-nosuite,0.6172506738544474,0.6402846894575331,0.918918918918919,1.0,0,0,1.0,,0.918918918918919,0.918918918918919,1.0,0,0,1.0,,0.918918918918919,0.918918918918919,1.0,0,0,1.0,,0.918918918918919,0.918918918918919,1.0,0,0,1.0,,0.918918918918919
yeast,mlp-nosuite,0.6172506738544474,0.8270420607641638,0.8918918918918919,0.8648648648648649,0,0,0.8918918918918919,0.8648648648648649,0.8108108108108109,0.8918918918918919,0.8648648648648649,0,0,0.8918918918918919,0.8648648648648649,0.8108108108108109,0.8918918918918919,0.8648648648648649,0,0,0.8918918918918919,0.8648648648648649,0.8108108108108109,0.8918918918918919,0.8648648648648649,0,0,0.8918918918918919,0.8648648648648649,0.8108108108108109
yeast,mlp-nosuite,0.6172506738544474,0.9559665576072347,0.6756756756756757,0.7837837837837838,0,0,0.5675675675675675,,0.6486486486486487,0.6756756756756757,0.7837837837837838,0,0,0.5675675675675675,,0.6486486486486487,0.6756756756756757,0.7837837837837838,0,0,0.5675675675675675,,0.6486486486486487,0.6756756756756757,0.7837837837837838,0,0,0.5675675675675675,,0.6486486486486487
yeast,mlp-nosuite,0.6172506738544474,0.7985630197835285,0.7297297297297297,0.8378378378378378,0,0,0.7027027027027027,,0.8918918918918919,0.7297297297297297,0.8378378378378378,0,0,0.7027027027027027,,0.8918918918918919,0.7297297297297297,0.8378378378378378,0,0,0.7027027027027027,,0.8918918918918919,0.7297297297297297,0.8378378378378378,0,0,0.7027027027027027,,0.8918918918918919
yeast,mlp-nosuite,0.6172506738544474,0.6227046815327231,0.9459459459459459,0.972972972972973,0,0,0.8918918918918919,,0.8918918918918919,0.9459459459459459,0.972972972972973,0,0,0.8918918918918919,,0.8918918918918919,0.9459459459459459,0.972972972972973,0,0,0.8918918918918919,,0.8918918918918919,0.9459459459459459,0.972972972972973,0,0,0.8918918918918919,,0.8918918918918919
yeast,mlp-nosuite,0.6172506738544474,0.5224487399404436,0.8648648648648649,0.9459459459459459,0,0,0.7567567567567568,,0.7027027027027027,0.8648648648648649,0.9459459459459459,0,0,0.7567567567567568,,0.7027027027027027,0.8648648648648649,0.9459459459459459,0,0,0.7567567567567568,,0.7027027027027027,0.8648648648648649,0.9459459459459459,0,0,0.7567567567567567,,0.7027027027027027
yeast,mlp-nosuite,0.6172506738544474,0.3891855150835529,0.8108108108108109,0.8648648648648649,0,0,0.5945945945945946,,0.7297297297297297,0.8108108108108109,0.8648648648648649,0,0,0.5945945945945946,,0.7297297297297297,0.8108108108108109,0.8648648648648649,0,0,0.5945945945945946,,0.7297297297297297,0.8108108108108109,0.8648648648648649,0,0,0.5945945945945946,,0.7297297297297297
yeast,mlp-nosuite,0.6172506738544474,0.5911790368740227,0.8648648648648649,0.8648648648648649,0,0,0.8648648648648649,,0.8108108108108109,0.8648648648648649,0.8648648648648649,0,0,0.8648648648648649,,0.8108108108108109,0.8648648648648649,0.8648648648648649,0,0,0.8648648648648649,,0.8108108108108109,0.8648648648648649,0.8648648648648649,0,0,0.8648648648648649,,0.8108108108108109
yeast,mlp-nosuite,0.6172506738544474,0.629670593848274,0.918918918918919,0.918918918918919,0,0,0.8648648648648649,,0.918918918918919,0.918918918918919,0.918918918918919,0,0,0.8648648648648649,,0.918918918918919,0.918918918918919,0.918918918918919,0,0,0.8648648648648649,,0.918918918918919,0.918918918918919,0.918918918918919,0,0,0.8648648648648649,,0.918918918918919
yeast,mlp-nosuite,0.6172506738544474,0.5658438576331523,0.8648648648648649,1.0,0,0,0.972972972972973,,0.8648648648648649,0.8648648648648649,1.0,0,0,0.972972972972973,,0.8648648648648649,0.8648648648648649,1.0,0,0,0.972972972972973,,0.8648648648648649,0.8648648648648649,1.0,0,0,0.972972972972973,,0.8648648648648649
yeast,mlp-nosuite,0.6172506738544474,0.7187024376961156,0.9459459459459459,0.8378378378378378,0,0,0.918918918918919,,0.8918918918918919,0.9459459459459459,0.8378378378378378,0,0,0.918918918918919,,0.8918918918918919,0.9459459459459459,0.8378378378378378,0,0,0.918918918918919,,0.8918918918918919,0.9459459459459459,0.8378378378378378,0,0,0.918918918918919,,0.8918918918918919
yeast,mlp-nosuite,0.6172506738544474,0.5913711080016002,0.8108108108108109,0.8108108108108109,0,0,0.7837837837837838,,0.8378378378378378,0.8108108108108109,0.8108108108108109,0,0,0.7837837837837838,,0.8378378378378378,0.8108108108108109,0.8108108108108109,0,0,0.7837837837837838,,0.8378378378378378,0.8108108108108109,0.8108108108108109,0,0,0.7837837837837838,,0.8378378378378378
yeast,mlp-nosuite,0.6172506738544474,0.5682644820982953,0.8918918918918919,0.8648648648648649,0,0,0.8378378378378378,,0.8648648648648649,0.8918918918918919,0.8648648648648649,0,0,0.8378378378378378,,0.8648648648648649,0.8918918918918919,0.8648648648648649,0,0,0.8378378378378378,,0.8648648648648649,0.8918918918918919,0.8648648648648649,0,0,0.8378378378378378,,0.8648648648648649
yeast,mlp-nosuite,0.6172506738544474,0.5213467113424698,0.918918918918919,0.8648648648648649,0,0,0.8918918918918919,,0.6486486486486487,0.918918918918919,0.8648648648648649,0,0,0.8918918918918919,,0.6486486486486487,0.918918918918919,0.8648648648648649,0,0,0.8918918918918919,,0.6486486486486487,0.918918918918919,0.8648648648648649,0,0,0.8918918918918919,,0.6486486486486487
yeast,mlp-nosuite,0.6172506738544474,0.5031306686464653,0.7837837837837838,0.7567567567567568,0,0,0.7297297297297297,,0.7297297297297297,0.7837837837837838,0.7567567567567568,0,0,0.7297297297297297,,0.7297297297297297,0.7837837837837838,0.7567567567567568,0,0,0.7297297297297297,,0.7297297297297297,0.7837837837837838,0.7567567567567567,0,0,0.7297297297297297,,0.7297297297297297
yeast,mlp-nosuite,0.6172506738544474,0.5884111482706388,0.972972972972973,0.918918918918919,0,0,0.7567567567567568,,0.918918918918919,0.972972972972973,0.918918918918919,0,0,0.7567567567567568,,0.918918918918919,0.972972972972973,0.918918918918919,0,0,0.7567567567567568,,0.918918918918919,0.972972972972973,0.918918918918919,0,0,0.7567567567567567,,0.918918918918919
yeast,mlp-nosuite,0.6172506738544474,0.7866950662633221,0.7837837837837838,0.7567567567567568,0,0,0.6756756756756757,,0.7567567567567568,0.7837837837837838,0.7567567567567568,0,0,0.6756756756756757,,0.7567567567567568,0.7837837837837838,0.7567567567567568,0,0,0.6756756756756757,,0.7567567567567568,0.7837837837837838,0.7567567567567567,0,0,0.6756756756756757,,0.7567567567567567
yeast,mlp-nosuite,0.6172506738544474,0.5447268803985967,0.6486486486486487,0.6756756756756757,0,0,0.7837837837837838,,0.5945945945945946,0.6486486486486487,0.6756756756756757,0,0,0.7837837837837838,,0.5945945945945946,0.6486486486486487,0.6756756756756757,0,0,0.7837837837837838,,0.5945945945945946,0.6486486486486487,0.6756756756756757,0,0,0.7837837837837838,,0.5945945945945946
yeast,mlp-nosuite,0.6172506738544474,0.8144204226766092,0.9459459459459459,0.9459459459459459,0,0,0.918918918918919,,0.8378378378378378,0.9459459459459459,0.9459459459459459,0,0,0.918918918918919,,0.8378378378378378,0.9459459459459459,0.9459459459459459,0,0,0.918918918918919,,0.8378378378378378,0.9459459459459459,0.9459459459459459,0,0,0.918918918918919,,0.8378378378378378
yeast,mlp-nosuite,0.6172506738544474,0.8891864317831109,0.9459459459459459,1.0,0,0,1.0,,0.918918918918919,0.9459459459459459,1.0,0,0,1.0,,0.918918918918919,0.9459459459459459,1.0,0,0,1.0,,0.918918918918919,0.9459459459459459,1.0,0,0,1.0,,0.918918918918919
yeast,mlp-nosuite,0.6172506738544474,0.28133881938989935,0.8648648648648649,1.0,0,0,0.918918918918919,,0.7297297297297297,0.8648648648648649,1.0,0,0,0.918918918918919,,0.7297297297297297,0.8648648648648649,1.0,0,0,0.918918918918919,,0.7297297297297297,0.8648648648648649,1.0,0,0,0.918918918918919,,0.7297297297297297
yeast,mlp-nosuite,0.6172506738544474,0.6859127235089117,0.8918918918918919,0.8918918918918919,0,0,0.9459459459459459,,0.8378378378378378,0.8918918918918919,0.8918918918918919,0,0,0.9459459459459459,,0.8378378378378378,0.8918918918918919,0.8918918918918919,0,0,0.9459459459459459,,0.8378378378378378,0.8918918918918919,0.8918918918918919,0,0,0.9459459459459459,,0.8378378378378378
yeast,mlp-nosuite,0.6172506738544474,0.6731378428486091,0.8918918918918919,0.9459459459459459,0,0,0.918918918918919,,0.8648648648648649,0.8918918918918919,0.9459459459459459,0,0,0.918918918918919,,0.8648648648648649,0.8918918918918919,0.9459459459459459,0,0,0.918918918918919,,0.8648648648648649,0.8918918918918919,0.9459459459459459,0,0,0.918918918918919,,0.8648648648648649
yeast,mlp-nosuite,0.6172506738544474,0.35038552062983414,0.7837837837837838,0.8108108108108109,0,0,0.8378378378378378,,0.5945945945945946,0.7837837837837838,0.8108108108108109,0,0,0.8378378378378378,,0.5945945945945946,0.7837837837837838,0.8108108108108109,0,0,0.8378378378378378,,0.5945945945945946,0.7837837837837838,0.8108108108108109,0,0,0.8378378378378378,,0.5945945945945946
yeast,mlp-nosuite,0.6172506738544474,0.6058491647689342,0.6756756756756757,0.7027027027027027,0,0,0.7567567567567568,,0.7837837837837838,0.6756756756756757,0.7027027027027027,0,0,0.7567567567567568,,0.7837837837837838,0.6756756756756757,0.7027027027027027,0,0,0.7567567567567568,,0.7837837837837838,0.6756756756756757,0.7027027027027027,0,0,0.7567567567567567,,0.7837837837837838
yeast,mlp-nosuite,0.6172506738544474,0.9422417409954973,0.8648648648648649,0.9459459459459459,0,0,0.8378378378378378,,0.8648648648648649,0.8648648648648649,0.9459459459459459,0,0,0.8378378378378378,,0.8648648648648649,0.8648648648648649,0.9459459459459459,0,0,0.8378378378378378,,0.8648648648648649,0.8648648648648649,0.9459459459459459,0,0,0.8378378378378378,,0.8648648648648649
yeast,mlp-nosuite,0.6172506738544474,0.7328804053498051,0.918918918918919,0.9459459459459459,0,0,0.9459459459459459,,0.9459459459459459,0.918918918918919,0.9459459459459459,0,0,0.9459459459459459,,0.9459459459459459,0.918918918918919,0.9459459459459459,0,0,0.9459459459459459,,0.9459459459459459,0.918918918918919,0.9459459459459459,0,0,0.9459459459459459,,0.9459459459459459
yeast,mlp-nosuite,0.6172506738544474,0.3486443412971777,0.918918918918919,1.0,0,0,0.9459459459459459,,0.8648648648648649,0.918918918918919,1.0,0,0,0.9459459459459459,,0.8648648648648649,0.918918918918919,1.0,0,0,0.9459459459459459,,0.8648648648648649,0.918918918918919,1.0,0,0,0.9459459459459459,,0.8648648648648649
yeast,mlp-nosuite,0.6172506738544474,0.6434217995854417,0.9459459459459459,0.9459459459459459,0,0,0.8918918918918919,,0.9459459459459459,0.9459459459459459,0.9459459459459459,0,0,0.8918918918918919,,0.9459459459459459,0.9459459459459459,0.9459459459459459,0,0,0.8918918918918919,,0.9459459459459459,0.9459459459459459,0.9459459459459459,0,0,0.8918918918918919,,0.9459459459459459
yeast,mlp-nosuite,0.6172506738544474,0.7272889805060853,0.7297297297297297,0.7567567567567568,0,0,0.8648648648648649,,0.8918918918918919,0.7297297297297297,0.7567567567567568,0,0,0.8648648648648649,,0.8918918918918919,0.7297297297297297,0.7567567567567568,0,0,0.8648648648648649,,0.8918918918918919,0.7297297297297297,0.7567567567567567,0,0,0.8648648648648649,,0.8918918918918919
yeast,mlp-nosuite,0.6172506738544474,0.8009345249963874,0.8108108108108109,0.8378378378378378,0,0,0.8648648648648649,,0.8648648648648649,0.8108108108108109,0.8378378378378378,0,0,0.8648648648648649,,0.8648648648648649,0.8108108108108109,0.8378378378378378,0,0,0.8648648648648649,,0.8648648648648649,0.8108108108108109,0.8378378378378378,0,0,0.8648648648648649,,0.8648648648648649
rmftsa,mlp-nosuite,0.51953125,0.4392036268962049,1.0,1.0,0,0,0.96,,1.0,1.0,1.0,0,0,0.96,,1.0,1.0,1.0,0,0,0.96,,1.0,1.0,1.0,0,0,0.96,,1.0
rmftsa,mlp-nosuite,0.51953125,0.4680882890516091,0.8,0.96,0,0,0.88,,0.92,0.8,0.96,0,0,0.88,,0.92,0.8,0.96,0,0,0.88,,0.92,0.8000000000000002,0.96,0,0,0.88,,0.92
rmftsa,mlp-nosuite,0.51953125,0.38564920294868216,0.44,0.84,0,0,0.88,,0.32,0.44,0.84,0,0,0.88,,0.32,0.44,0.84,0,0,0.88,,0.32,0.44,0.8399999999999999,0,0,0.88,,0.32
rmftsa,mlp-nosuite,0.51953125,0.4703688216831583,0.6,0.76,0,0,0.72,,0.6,0.6,0.76,0,0,0.72,,0.6,0.6,0.76,0,0,0.72,,0.6,0.6,0.76,0,0,0.72,,0.6
rmftsa,mlp-nosuite,0.51953125,0.6230154375875949,1.0,1.0,0,0,1.0,,1.0,1.0,1.0,0,0,1.0,,1.0,1.0,1.0,0,0,1.0,,1.0,1.0,1.0,0,0,1.0,,1.0
rmftsa,mlp-nosuite,0.51953125,0.520291675712967,1.0,1.0,0,0,1.0,,1.0,1.0,1.0,0,0,1.0,,1.0,1.0,1.0,0,0,1.0,,1.0,1.0,1.0,0,0,1.0,,1.0
rmftsa,mlp-nosuite,0.51953125,0.4226854137332023,0.72,0.8,0,0,0.96,,0.72,0.72,0.8,0,0,0.96,,0.72,0.72,0.8,0,0,0.96,,0.72,0.72,0.8000000000000002,0,0,0.96,,0.72
rmftsa,mlp-nosuite,0.51953125,0.5311366699227706,1.0,1.0,0,0,1.0,,1.0,1.0,1.0,0,0,1.0,,1.0,1.0,1.0,0,0,1.0,,1.0,1.0,1.0,0,0,1.0,,1.0
rmftsa,mlp-nosuite,0.51953125,0.49625395118885585,0.72,0.84,0,0,0.88,,0.88,0.72,0.84,0,0,0.88,,0.88,0.72,0.84,0,0,0.88,,0.88,0.72,0.8399999999999999,0,0,0.88,,0.88
rmftsa,mlp-nosuite,0.51953125,0.5158761279858914,1.0,1.0,0,0,1.0,,1.0,1.0,1.0,0,0,1.0,,1.0,1.0,1.0,0,0,1.0,,1.0,1.0,1.0,0,0,1.0,,1.0
rmftsa,mlp-nosuite,0.51953125,0.7531628560102336,1.0,1.0,0,0,1.0,,1.0,1.0,1.0,0,0,1.0,,1.0,1.0,1.0,0,0,1.0,,1.0,1.0,1.0,0,0,1.0,,1.0
rmftsa,mlp-nosuite,0.51953125,0.5581282006345757,0.72,1.0,0,0,1.0,,0.88,0.72,1.0,0,0,1.0,,0.88,0.72,1.0,0,0,1.0,,0.88,0.72,1.0,0,0,1.0,,0.88
rmftsa,mlp-nosuite,0.51953125,0.4892391385789344,0.56,1.0,0,0,0.96,,0.96,0.56,1.0,0,0,0.96,,0.96,0.56,1.0,0,0,0.96,,0.96,0.56,1.0,0,0,0.96,,0.96
rmftsa,mlp-nosuite,0.51953125,0.44989282848458323,0.36,0.92,0,0,0.92,,0.92,0.36,0.92,0,0,0.92,,0.92,0.36,0.92,0,0,0.92,,0.92,0.36,0.92,0,0,0.92,,0.92
rmftsa,mlp-nosuite,0.51953125,0.5014428846574492,1.0,1.0,0,0,1.0,,1.0,1.0,1.0,0,0,1.0,,1.0,1.0,1.0,0,0,1.0,,1.0,1.0,1.0,0,0,1.0,,1.0
rmftsa,mlp-nosuite,0.51953125,0.5396897232801114,0.56,0.96,0,0,0.96,,0.96,0.56,0.96,0,0,0.96,,0.96,0.56,0.96,0,0,0.96,,0.96,0.56,0.96,0,0,0.96,,0.96
rmftsa,mlp-nosuite,0.51953125,0.35938128953713677,0.4,1.0,0,0,1.0,,0.88,0.4,1.0,0,0,1.0,,0.88,0.4,1.0,0,0,1.0,,0.88,0.4000000000000001,1.0,0,0,1.0,,0.88
rmftsa,mlp-nosuite,0.51953125,0.5158761279858914,1.0,1.0,0,0,1.0,,1.0,1.0,1.0,0,0,1.0,,1.0,1.0,1.0,0,0,1.0,,1.0,1.0,1.0,0,0,1.0,,1.0
rmftsa,mlp-nosuite,0.51953125,0.5456845771163488,0.48,1.0,0,0,0.88,,1.0,0.48,1.0,0,0,0.88,,1.0,0.48,1.0,0,0,0.88,,1.0,0.48,1.0,0,0,0.88,,1.0
rmftsa,mlp-nosuite,0.51953125,0.5783612720130417,1.0,1.0,0,0,1.0,,1.0,1.0,1.0,0,0,1.0,,1.0,1.0,1.0,0,0,1.0,,1.0,1.0,1.0,0,0,1.0,,1.0
rmftsa,mlp-nosuite,0.51953125,0.4456303814003765,1.0,1.0,0,0,1.0,,1.0,1.0,1.0,0,0,1.0,,1.0,1.0,1.0,0,0,1.0,,1.0,1.0,1.0,0,0,1.0,,1.0
rmftsa,mlp-nosuite,0.51953125,0.4288145439547315,0.48,0.76,0,0,0.92,,0.68,0.48,0.76,0,0,0.92,,0.68,0.48,0.76,0,0,0.92,,0.68,0.48,0.76,0,0,0.92,,0.68
rmftsa,mlp-nosuite,0.51953125,0.3624132567773058,0.68,1.0,0,0,0.6,,0.6,0.68,1.0,0,0,0.6,,0.6,0.68,1.0,0,0,0.6,,0.6,0.68,1.0,0,0,0.6,,0.6
rmftsa,mlp-nosuite,0.51953125,0.6780616434441902,1.0,1.0,0,0,1.0,,1.0,1.0,1.0,0,0,1.0,,1.0,1.0,1.0,0,0,1.0,,1.0,1.0,1.0,0,0,1.0,,1.0
rmftsa,mlp-nosuite,0.51953125,0.3611232315319938,0.6,0.76,0,0,0.84,,0.76,0.6,0.76,0,0,0.84,,0.76,0.6,0.76,0,0,0.84,,0.76,0.6,0.76,0,0,0.8399999999999999,,0.76
rmftsa,mlp-nosuite,0.51953125,0.4401701803855752,0.48,0.88,0,0,0.92,,0.56,0.48,0.88,0,0,0.92,,0.56,0.48,0.88,0,0,0.92,,0.56,0.48,0.88,0,0,0.92,,0.56
rmftsa,mlp-nosuite,0.51953125,0.3485186007507078,0.88,0.96,0,0,0.96,,0.08,0.88,0.96,0,0,0.96,,0.08,0.88,0.96,0,0,0.96,,0.08,0.88,0.96,0,0,0.96,,0.08
rmftsa,mlp-nosuite,0.51953125,0.37886713392700194,0.44,0.92,0,0,0.56,,0.52,0.44,0.92,0,0,0.56,,0.52,0.44,0.92,0,0,0.56,,0.52,0.44,0.92,0,0,0.56,,0.52
rmftsa,mlp-nosuite,0.51953125,0.38827933639630735,0.92,1.0,0,0,0.92,,0.92,0.92,1.0,0,0,0.92,,0.92,0.92,1.0,0,0,0.92,,0.92,0.92,1.0,0,0,0.92,,0.92
rmftsa,mlp-nosuite,0.51953125,0.4475831013526873,0.56,1.0,0,0,0.96,,0.68,0.56,1.0,0,0,0.96,,0.68,0.56,1.0,0,0,0.96,,0.68,0.56,1.0,0,0,0.96,,0.68
rmftsa,mlp-nosuite,0.51953125,0.4438870522930624,0.88,0.96,0,0,0.72,,0.88,0.88,0.96,0,0,0.72,,0.88,0.88,0.96,0,0,0.72,,0.88,0.88,0.96,0,0,0.72,,0.88
rmftsa,mlp-nosuite,0.51953125,0.5132620708641707,0.56,0.96,0,0,0.96,,0.96,0.56,0.96,0,0,0.96,,0.96,0.56,0.96,0,0,0.96,,0.96,0.56,0.96,0,0,0.96,,0.96
rmftsa,mlp-nosuite,0.51953125,0.44989282848458323,0.36,0.92,0,0,0.92,,0.92,0.36,0.92,0,0,0.92,,0.92,0.36,0.92,0,0,0.92,,0.92,0.36,0.92,0,0,0.92,,0.92
rmftsa,mlp-nosuite,0.51953125,0.5127439525902301,0.76,1.0,0,0,0.84,,1.0,0.76,1.0,0,0,0.84,,1.0,0.76,1.0,0,0,0.84,,1.0,0.76,1.0,0,0,0.8399999999999999,,1.0
rmftsa,mlp-nosuite,0.51953125,0.4265822353234696,0.96,1.0,0,0,0.56,,0.96,0.96,1.0,0,0,0.56,,0.96,0.96,1.0,0,0,0.56,,0.96,0.96,1.0,0,0,0.56,,0.96
rmftsa,mlp-nosuite,0.51953125,0.31291340953320335,0.76,0.8,0,0,0.68,,0.92,0.76,0.8,0,0,0.68,,0.92,0.76,0.8,0,0,0.68,,0.92,0.76,0.8000000000000002,0,0,0.68,,0.92
rmftsa,mlp-nosuite,0.51953125,0.7474234009596294,1.0,1.0,0,0,0.92,,1.0,1.0,1.0,0,0,0.92,,1.0,1.0,1.0,0,0,0.92,,1.0,1.0,1.0,0,0,0.92,,1.0
rmftsa,mlp-nosuite,0.51953125,0.7021555422619946,0.52,0.8,0,0,0.8,,0.44,0.52,0.8,0,0,0.8,,0.44,0.52,0.8,0,0,0.8,,0.44,0.52,0.8000000000000002,0,0,0.8000000000000002,,0.44
rmftsa,mlp-nosuite,0.51953125,0.6693014042358258,1.0,1.0,0,0,1.0,,1.0,1.0,1.0,0,0,1.0,,1.0,1.0,1.0,0,0,1.0,,1.0,1.0,1.0,0,0,1.0,,1.0
rmftsa,mlp-nosuite,0.51953125,0.6072713925299179,0.52,0.92,0,0,0.84,,0.6,0.52,0.92,0,0,0.84,,0.6,0.52,0.92,0,0,0.84,,0.6,0.52,0.92,0,0,0.8399999999999999,,0.6
rmftsa,mlp-nosuite,0.51953125,0.5333874826807956,0.52,1.0,0,0,0.96,,0.72,0.52,1.0,0,0,0.96,,0.72,0.52,1.0,0,0,0.96,,0.72,0.52,1.0,0,0,0.96,,0.72
rmftsa,mlp-nosuite,0.51953125,0.5418247329734285,0.48,1.0,0,0,0.8,,0.96,0.48,1.0,0,0,0.8,,0.96,0.48,1.0,0,0,0.8,,0.96,0.48,1.0,0,0,0.8000000000000002,,0.96
rmftsa,mlp-nosuite,0.51953125,0.395107974859115,0.96,1.0,0,0,1.0,,0.96,0.96,1.0,0,0,1.0,,0.96,0.96,1.0,0,0,1.0,,0.96,0.96,1.0,0,0,1.0,,0.96
rmftsa,mlp-nosuite,0.51953125,0.38335667942516033,0.6,0.76,0,0,0.72,,0.6,0.6,0.76,0,0,0.72,,0.6,0.6,0.76,0,0,0.72,,0.6,0.6,0.76,0,0,0.72,,0.6
rmftsa,mlp-nosuite,0.51953125,0.7040457232294485,0.68,0.96,0,0,0.68,,0.84,0.68,0.96,0,0,0.68,,0.84,0.68,0.96,0,0,0.68,,0.84,0.68,0.96,0,0,0.68,,0.8399999999999999
rmftsa,mlp-nosuite,0.51953125,0.5158761279858914,1.0,1.0,0,0,1.0,,1.0,1.0,1.0,0,0,1.0,,1.0,1.0,1.0,0,0,1.0,,1.0,1.0,1.0,0,0,1.0,,1.0
rmftsa,mlp-nosuite,0.51953125,0.395107974859115,0.96,1.0,0,0,1.0,,0.96,0.96,1.0,0,0,1.0,,0.96,0.96,1.0,0,0,1.0,,0.96,0.96,1.0,0,0,1.0,,0.96
rmftsa,mlp-nosuite,0.51953125,0.3153505181775724,0.76,0.88,0,0,0.72,,0.76,0.76,0.88,0,0,0.72,,0.76,0.76,0.88,0,0,0.72,,0.76,0.76,0.88,0,0,0.72,,0.76
rmftsa,mlp-nosuite,0.51953125,0.3824358787610816,0.6,0.76,0,0,0.72,,0.8,0.6,0.76,0,0,0.72,,0.8,0.6,0.76,0,0,0.72,,0.8,0.6,0.76,0,0,0.72,,0.8000000000000002
rmftsa,mlp-nosuite,0.51953125,0.44653845367383727,0.44,0.92,0,0,0.84,,0.92,0.44,0.92,0,0,0.84,,0.92,0.44,0.92,0,0,0.84,,0.92,0.44,0.92,0,0,0.8399999999999999,,0.92
banknote-authentication,mlp-nosuite,1.0,0.9996715727380836,1.0,1.0,0,0,0.9117647058823529,0.9117647058823529,1.0,1.0,1.0,0,0,1.0,1.0,1.0,1.0,1.0,0,0,0.9117647058823529,0.9117647058823529,1.0,1.0,1.0,0,0,0.9538461538461539,0.9538461538461539,1.0
banknote-authentication,mlp-nosuite,1.0,0.9999907078329328,1.0,1.0,0,0,1.0,0.9705882352941176,1.0,1.0,1.0,0,0,1.0,1.0,1.0,1.0,1.0,0,0,1.0,0.9705882352941176,1.0,1.0,1.0,0,0,1.0,0.9850746268656716,1.0
banknote-authentication,mlp-nosuite,1.0,0.9995782616221618,0.9705882352941176,1.0,0,0,0.9705882352941176,0.9411764705882353,1.0,1.0,1.0,0,0,1.0,1.0,1.0,0.9705882352941176,1.0,0,0,0.9705882352941176,0.9411764705882353,1.0,0.9850746268656716,1.0,0,0,0.9850746268656716,0.9696969696969697,1.0
banknote-authentication,mlp-nosuite,1.0,0.9967715715625176,0.8235294117647058,1.0,0,0,0.9705882352941176,0.9411764705882353,0.9411764705882353,1.0,1.0,0,0,1.0,1.0,1.0,0.8235294117647058,1.0,0,0,0.9705882352941176,0.9411764705882353,0.9411764705882353,0.9032258064516129,1.0,0,0,0.9850746268656716,0.9696969696969697,0.9696969696969697
banknote-authentication,mlp-nosuite,1.0,0.9995319645941872,1.0,0.9705882352941176,0,0,0.8823529411764706,0.8529411764705882,0.8529411764705882,1.0,0.96875,0,0,1.0,1.0,0.9642857142857143,1.0,1.0,0,0,0.8709677419354839,0.8387096774193549,0.8709677419354839,1.0,0.9841269841269841,0,0,0.9310344827586207,0.9122807017543859,0.9152542372881356
banknote-authentication,mlp-nosuite,1.0,0.9999965941274134,1.0,1.0,0,0,0.9705882352941176,0.7058823529411765,0.7941176470588235,1.0,1.0,0,0,0.9583333333333334,0.696969696969697,0.7666666666666667,1.0,1.0,0,0,1.0,1.0,1.0,1.0,1.0,0,0,0.9787234042553191,0.8214285714285715,0.8679245283018869
banknote-authentication,mlp-nosuite,1.0,0.9997851658725867,1.0,1.0,0,0,1.0,1.0,1.0,1.0,1.0,0,0,1.0,1.0,1.0,1.0,1.0,0,0,1.0,1.0,1.0,1.0,1.0,0,0,1.0,1.0,1.0
banknote-authentication,mlp-nosuite,1.0,0.9999687248528396,1.0,1.0,0,0,1.0,1.0,1.0,1.0,1.0,0,0,1.0,1.0,1.0,1.0,1.0,0,0,1.0,1.0,1.0,1.0,1.0,0,0,1.0,1.0,1.0
banknote-authentication,mlp-nosuite,1.0,0.9989479501283376,1.0,1.0,0,0,0.9705882352941176,0.7058823529411765,0.9411764705882353,1.0,1.0,0,0,1.0,0.8275862068965517,0.9354838709677419,1.0,1.0,0,0,0.9655172413793104,0.8275862068965517,1.0,1.0,1.0,0,0,0.9824561403508771,0.8275862068965517,0.9666666666666666
banknote-authentication,mlp-nosuite,1.0,0.999903852748675,1.0,1.0,0,0,1.0,0.9705882352941176,1.0,1.0,1.0,0,0,1.0,1.0,1.0,1.0,1.0,0,0,1.0,0.9705882352941176,1.0,1.0,1.0,0,0,1.0,0.9850746268656716,1.0
banknote-authentication,mlp-nosuite,1.0,0.9593156939090443,0.9705882352941176,1.0,0,0,1.0,0.8823529411764706,0.9117647058823529,1.0,1.0,0,0,1.0,0.8333333333333334,1.0,0.9375,1.0,0,0,1.0,0.9375,0.8125,0.967741935483871,1.0,0,0,1.0,0.8823529411764706,0.896551724137931
banknote-authentication,mlp-nosuite,1.0,0.999892351065744,1.0,0.9705882352941176,0,0,1.0,0.9117647058823529,1.0,1.0,0.9705882352941176,0,0,1.0,0.96875,1.0,1.0,1.0,0,0,1.0,0.9393939393939394,1.0,1.0,0.9850746268656716,0,0,1.0,0.9538461538461539,1.0
banknote-authentication,mlp-nosuite,1.0,0.9999825994563841,1.0,1.0,0,0,0.9117647058823529,1.0,1.0,1.0,1.0,0,0,1.0,1.0,1.0,1.0,1.0,0,0,0.9117647058823529,1.0,1.0,1.0,1.0,0,0,0.9538461538461539,1.0,1.0
banknote-authentication,mlp-nosuite,1.0,0.9998616390009727,0.9705882352941176,1.0,0,0,0.9705882352941176,1.0,1.0,1.0,1.0,0,0,1.0,1.0,1.0,0.9705882352941176,1.0,0,0,0.9705882352941176,1.0,1.0,0.9850746268656716,1.0,0,0,0.9850746268656716,1.0,1.0
banknote-authentication,mlp-nosuite,1.0,0.9847440936365887,1.0,0.9705882352941176,0,0,0.8235294117647058,0.7647058823529411,0.8529411764705882,1.0,0.9705882352941176,0,0,1.0,0.9629629629629629,1.0,1.0,1.0,0,0,0.8181818181818182,0.7878787878787878,0.8484848484848485,1.0,0.9850746268656716,0,0,0.9,0.8666666666666665,0.9180327868852458
banknote-authentication,mlp-nosuite,1.0,0.999598764649163,1.0,0.9705882352941176,0,0,0.9117647058823529,0.7352941176470589,0.8529411764705882,1.0,1.0,0,0,1.0,1.0,1.0,1.0,0.967741935483871,0,0,0.9032258064516129,0.7096774193548387,0.8387096774193549,1.0,0.9836065573770492,0,0,0.9491525423728813,0.8301886792452831,0.9122807017543859
banknote-authentication,mlp-nosuite,1.0,0.9997890372479821,1.0,0.9705882352941176,0,0,0.9705882352941176,0.6764705882352942,1.0,1.0,1.0,0,0,1.0,1.0,1.0,1.0,0.967741935483871,0,0,0.967741935483871,0.6451612903225806,1.0,1.0,0.9836065573770492,0,0,0.9836065573770492,0.7843137254901961,1.0
banknote-authentication,mlp-nosuite,1.0,0.9959960580579492,0.9705882352941176,1.0,0,0,1.0,0.7058823529411765,0.8529411764705882,1.0,1.0,0,0,1.0,1.0,0.9545454545454546,0.96,1.0,0,0,1.0,0.6,0.84,0.9795918367346939,1.0,0,0,1.0,0.7499999999999999,0.8936170212765958
banknote-authentication,mlp-nosuite,1.0,0.9999649128497563,1.0,1.0,0,0,1.0,0.9705882352941176,1.0,1.0,1.0,0,0,1.0,1.0,1.0,1.0,1.0,0,0,1.0,0.9705882352941176,1.0,1.0,1.0,0,0,1.0,0.9850746268656716,1.0
banknote-authentication,mlp-nosuite,1.0,0.9999842347552793,1.0,1.0,0,0,1.0,1.0,1.0,1.0,1.0,0,0,1.0,1.0,1.0,1.0,1.0,0,0,1.0,1.0,1.0,1.0,1.0,0,0,1.0,1.0,1.0
banknote-authentication,mlp-nosuite,1.0,0.9999975413414801,1.0,1.0,0,0,1.0,0.7058823529411765,0.7352941176470589,1.0,1.0,0,0,1.0,0.6875,0.7096774193548387,1.0,1.0,0,0,1.0,1.0,1.0,1.0,1.0,0,0,1.0,0.8148148148148148,0.8301886792452831
banknote-authentication,mlp-nosuite,1.0,0.9958053479484174,0.7941176470588235,0.9705882352941176,0,0,0.9411764705882353,0.6470588235294118,1.0,1.0,0.9696969696969697,0,0,1.0,1.0,1.0,0.78125,1.0,0,0,0.9375,0.625,1.0,0.8771929824561403,0.9846153846153847,0,0,0.967741935483871,0.7692307692307693,1.0
banknote-authentication,mlp-nosuite,1.0,0.9999339841516157,1.0,1.0,0,0,1.0,1.0,1.0,1.0,1.0,0,0,1.0,1.0,1.0,1.0,1.0,0,0,1.0,1.0,1.0,1.0,1.0,0,0,1.0,1.0,1.0
banknote-authentication,mlp-nosuite,1.0,0.9999116842643319,1.0,1.0,0,0,1.0,1.0,1.0,1.0,1.0,0,0,1.0,1.0,1.0,1.0,1.0,0,0,1.0,1.0,1.0,1.0,1.0,0,0,1.0,1.0,1.0
banknote-authentication,mlp-nosuite,1.0,0.8737376421163819,0.9705882352941176,1.0,0,0,1.0,0.6176470588235294,0.9117647058823529,1.0,1.0,0,0,1.0,0.5714285714285714,1.0,0.9285714285714286,1.0,0,0,1.0,0.2857142857142857,0.7857142857142857,0.962962962962963,1.0,0,0,1.0,0.38095238095238093,0.88
banknote-authentication,mlp-nosuite,1.0,0.999922722621713,1.0,1.0,0,0,1.0,1.0,1.0,1.0,1.0,0,0,1.0,1.0,1.0,1.0,1.0,0,0,1.0,1.0,1.0,1.0,1.0,0,0,1.0,1.0,1.0
banknote-authentication,mlp-nosuite,1.0,0.9991779122263149,1.0,1.0,0,0,0.9411764705882353,0.6764705882352942,0.9117647058823529,1.0,1.0,0,0,1.0,1.0,1.0,1.0,1.0,0,0,0.9411764705882353,0.6764705882352942,0.9117647058823529,1.0,1.0,0,0,0.9696969696969697,0.8070175438596492,0.9538461538461539
banknote-authentication,mlp-nosuite,1.0,0.9998863983704348,1.0,1.0,0,0,1.0,0.9705882352941176,1.0,1.0,1.0,0,0,1.0,1.0,1.0,1.0,1.0,0,0,1.0,0.9705882352941176,1.0,1.0,1.0,0,0,1.0,0.9850746268656716,1.0
banknote-authentication,mlp-nosuite,1.0,0.693438046194788,1.0,1.0,0,0,1.0,0.9117647058823529,0.7941176470588235,1.0,1.0,0,0,1.0,0.8333333333333334,1.0,1.0,1.0,0,0,1.0,1.0,0.5333333333333333,1.0,1.0,0,0,1.0,0.9090909090909091,0.6956521739130436
banknote-authentication,mlp-nosuite,1.0,0.9999787367599922,1.0,1.0,0,0,1.0,0.8529411764705882,1.0,1.0,1.0,0,0,1.0,1.0,1.0,1.0,1.0,0,0,1.0,0.8529411764705882,1.0,1.0,1.0,0,0,1.0,0.9206349206349206,1.0
banknote-authentication,mlp-nosuite,1.0,0.9999830581315201,0.9705882352941176,1.0,0,0,1.0,1.0,1.0,1.0,1.0,0,0,1.0,1.0,1.0,0.9705882352941176,1.0,0,0,1.0,1.0,1.0,0.9850746268656716,1.0,0,0,1.0,1.0,1.0
banknote-authentication,mlp-nosuite,1.0,0.9999735141022849,1.0,1.0,0,0,1.0,0.9117647058823529,1.0,1.0,1.0,0,0,1.0,1.0,1.0,1.0,1.0,0,0,1.0,0.9117647058823529,1.0,1.0,1.0,0,0,1.0,0.9538461538461539,1.0
banknote-authentication,mlp-nosuite,1.0,0.9994582287945061,1.0,1.0,0,0,1.0,1.0,0.6176470588235294,1.0,1.0,0,0,1.0,1.0,1.0,1.0,1.0,0,0,1.0,1.0,0.5,1.0,1.0,0,0,1.0,1.0,0.6666666666666666
banknote-authentication,mlp-nosuite,1.0,0.9998488396954847,1.0,1.0,0,0,1.0,1.0,1.0,1.0,1.0,0,0,1.0,1.0,1.0,1.0,1.0,0,0,1.0,1.0,1.0,1.0,1.0,0,0,1.0,1.0,1.0
banknote-authentication,mlp-nosuite,1.0,0.9984030036343169,0.9705882352941176,0.9705882352941176,0,0,1.0,0.7941176470588235,0.9411764705882353,1.0,1.0,0,0,1.0,1.0,1.0,0.9705882352941176,0.9705882352941176,0,0,1.0,0.7941176470588235,0.9411764705882353,0.9850746268656716,0.9850746268656716,0,0,1.0,0.8852459016393442,0.9696969696969697
banknote-authentication,mlp-nosuite,1.0,0.9999184920739265,1.0,1.0,0,0,1.0,1.0,0.9705882352941176,1.0,1.0,0,0,1.0,1.0,1.0,1.0,1.0,0,0,1.0,1.0,0.9705882352941176,1.0,1.0,0,0,1.0,1.0,0.9850746268656716
banknote-authentication,mlp-nosuite,1.0,0.9998511179374847,1.0,1.0,0,0,1.0,0.9705882352941176,1.0,1.0,1.0,0,0,1.0,1.0,1.0,1.0,1.0,0,0,1.0,0.9705882352941176,1.0,1.0,1.0,0,0,1.0,0.9850746268656716,1.0
banknote-authentication,mlp-nosuite,1.0,0.9990029623781582,1.0,1.0,0,0,1.0,0.9411764705882353,1.0,1.0,1.0,0,0,1.0,1.0,1.0,1.0,1.0,0,0,1.0,0.9411764705882353,1.0,1.0,1.0,0,0,1.0,0.9696969696969697,1.0
banknote-authentication,mlp-nosuite,1.0,0.9987745826604794,1.0,1.0,0,0,0.9705882352941176,0.9705882352941176,1.0,1.0,1.0,0,0,1.0,1.0,1.0,1.0,1.0,0,0,0.9705882352941176,0.9705882352941176,1.0,1.0,1.0,0,0,0.9850746268656716,0.9850746268656716,1.0
banknote-authentication,mlp-nosuite,1.0,0.9997748265878384,1.0,1.0,0,0,1.0,1.0,1.0,1.0,1.0,0,0,1.0,1.0,1.0,1.0,1.0,0,0,1.0,1.0,1.0,1.0,1.0,0,0,1.0,1.0,1.0
banknote-authentication,mlp-nosuite,1.0,0.9984740571471774,1.0,0.9705882352941176,0,0,0.9705882352941176,0.5,0.9411764705882353,1.0,0.9705882352941176,0,0,1.0,1.0,1.0,1.0,1.0,0,0,0.9696969696969697,0.48484848484848486,0.9393939393939394,1.0,0.9850746268656716,0,0,0.9846153846153847,0.653061224489796,0.96875
banknote-authentication,mlp-nosuite,1.0,0.9999990842324603,1.0,1.0,0,0,0.9117647058823529,0.8235294117647058,0.9411764705882353,1.0,1.0,0,0,1.0,1.0,0.9285714285714286,1.0,1.0,0,0,0.8846153846153846,0.7692307692307693,1.0,1.0,1.0,0,0,0.9387755102040816,0.8695652173913044,0.962962962962963
banknote-authentication,mlp-nosuite,1.0,0.7971286316254512,0.9705882352941176,1.0,0,0,1.0,0.8235294117647058,0.9705882352941176,1.0,1.0,0,0,1.0,0.7222222222222222,1.0,0.9285714285714286,1.0,0,0,1.0,0.9285714285714286,0.9285714285714286,0.962962962962963,1.0,0,0,1.0,0.8125000000000001,0.962962962962963
banknote-authentication,mlp-nosuite,1.0,0.989043917807739,1.0,0.9705882352941176,0,0,1.0,0.9117647058823529,1.0,1.0,1.0,0,0,1.0,0.8636363636363636,1.0,1.0,0.9473684210526315,0,0,1.0,1.0,1.0,1.0,0.972972972972973,0,0,1.0,0.9268292682926829,1.0
banknote-authentication,mlp-nosuite,1.0,0.9996782189483133,0.9117647058823529,1.0,0,0,1.0,0.7647058823529411,1.0,1.0,1.0,0,0,1.0,1.0,1.0,0.9117647058823529,1.0,0,0,1.0,0.7647058823529411,1.0,0.9538461538461539,1.0,0,0,1.0,0.8666666666666666,1.0
banknote-authentication,mlp-nosuite,1.0,0.9987690347026392,1.0,1.0,0,0,0.9705882352941176,1.0,0.8529411764705882,1.0,1.0,0,0,1.0,1.0,0.8529411764705882,1.0,1.0,0,0,0.9655172413793104,1.0,1.0,1.0,1.0,0,0,0.9824561403508771,1.0,0.9206349206349206
banknote-authentication,mlp-nosuite,1.0,0.9999563347188299,1.0,1.0,0,0,1.0,0.7647058823529411,1.0,1.0,1.0,0,0,1.0,1.0,1.0,1.0,1.0,0,0,1.0,0.7647058823529411,1.0,1.0,1.0,0,0,1.0,0.8666666666666666,1.0
banknote-authentication,mlp-nosuite,1.0,0.9984620988618204,0.8235294117647058,0.9705882352941176,0,0,0.9411764705882353,0.9411764705882353,0.9411764705882353,1.0,1.0,0,0,1.0,1.0,0.9411764705882353,0.8125,0.96875,0,0,0.9375,0.9375,1.0,0.896551724137931,0.9841269841269841,0,0,0.967741935483871,0.967741935483871,0.9696969696969697
banknote-authentication,mlp-nosuite,1.0,0.9999828097080098,1.0,1.0,0,0,1.0,0.9705882352941176,1.0,1.0,1.0,0,0,1.0,1.0,1.0,1.0,1.0,0,0,1.0,0.9705882352941176,1.0,1.0,1.0,0,0,1.0,0.9850746268656716,1.0
banknote-authentication,mlp-nosuite,1.0,0.999153502060915,1.0,1.0,0,0,1.0,0.7647058823529411,0.8235294117647058,1.0,1.0,0,0,1.0,1.0,1.0,1.0,1.0,0,0,1.0,0.7142857142857143,0.7857142857142857,1.0,1.0,0,0,1.0,0.8333333333333333,0.88
volcanoes-a2,mlp-nosuite,0.9433497536945813,0.9782251496488819,1.0,1.0,0,0,1.0,1.0,,1.0,1.0,0,0,1.0,1.0,,1.0,1.0,0,0,1.0,1.0,,1.0,1.0,0,0,1.0,1.0,
volcanoes-a2,mlp-nosuite,0.9433497536945813,0.9815804504993686,1.0,1.0,0,0,1.0,1.0,1.0,1.0,1.0,0,0,1.0,1.0,1.0,1.0,1.0,0,0,1.0,1.0,1.0,1.0,1.0,0,0,1.0,1.0,1.0
volcanoes-a2,mlp-nosuite,0.9433497536945813,0.9998506497983246,1.0,1.0,0,0,1.0,1.0,,1.0,1.0,0,0,1.0,1.0,,1.0,1.0,0,0,1.0,1.0,,1.0,1.0,0,0,1.0,1.0,
volcanoes-a2,mlp-nosuite,0.9433497536945813,0.9962046156075793,1.0,1.0,0,0,1.0,1.0,1.0,1.0,1.0,0,0,1.0,1.0,1.0,1.0,1.0,0,0,1.0,1.0,1.0,1.0,1.0,0,0,1.0,1.0,1.0
volcanoes-a2,mlp-nosuite,0.9433497536945813,0.9187588235942447,1.0,1.0,0,0,1.0,1.0,1.0,1.0,1.0,0,0,1.0,1.0,1.0,1.0,1.0,0,0,1.0,1.0,1.0,1.0,1.0,0,0,1.0,1.0,1.0
volcanoes-a2,mlp-nosuite,0.9433497536945813,0.9997999167495963,1.0,1.0,0,0,1.0,1.0,,1.0,1.0,0,0,1.0,1.0,,1.0,1.0,0,0,1.0,1.0,,1.0,1.0,0,0,1.0,1.0,
volcanoes-a2,mlp-nosuite,0.9433497536945813,0.989074460738342,1.0,1.0,0,0,1.0,1.0,1.0,1.0,1.0,0,0,1.0,1.0,1.0,1.0,1.0,0,0,1.0,1.0,1.0,1.0,1.0,0,0,1.0,1.0,1.0
volcanoes-a2,mlp-nosuite,0.9433497536945813,0.9981742330825621,1.0,1.0,0,0,1.0,1.0,1.0,1.0,1.0,0,0,1.0,1.0,1.0,1.0,1.0,0,0,1.0,1.0,1.0,1.0,1.0,0,0,1.0,1.0,1.0
volcanoes-a2,mlp-nosuite,0.9433497536945813,0.9906324637071022,1.0,1.0,0,0,1.0,1.0,1.0,1.0,1.0,0,0,1.0,1.0,1.0,1.0,1.0,0,0,1.0,1.0,1.0,1.0,1.0,0,0,1.0,1.0,1.0
volcanoes-a2,mlp-nosuite,0.9433497536945813,0.9865966469254835,1.0,1.0,0,0,1.0,1.0,,1.0,1.0,0,0,1.0,1.0,,1.0,1.0,0,0,1.0,1.0,,1.0,1.0,0,0,1.0,1.0,
volcanoes-a2,mlp-nosuite,0.9433497536945813,0.633371254134434,0.9,0.975,0,0,0.925,0.675,,0.9,0.975,0,0,0.925,0.675,,0.9,0.975,0,0,0.925,0.675,,0.9,0.975,0,0,0.925,0.675,
volcanoes-a2,mlp-nosuite,0.9433497536945813,0.9964563357624171,1.0,1.0,0,0,1.0,1.0,,1.0,1.0,0,0,1.0,1.0,,1.0,1.0,0,0,1.0,1.0,,1.0,1.0,0,0,1.0,1.0,
volcanoes-a2,mlp-nosuite,0.9433497536945813,0.8381184763763451,1.0,1.0,0,0,1.0,0.925,,1.0,1.0,0,0,1.0,0.925,,1.0,1.0,0,0,1.0,0.925,,1.0,1.0,0,0,1.0,0.925,
volcanoes-a2,mlp-nosuite,0.9433497536945813,0.67709939715083,1.0,1.0,0,0,1.0,0.7,1.0,1.0,1.0,0,0,1.0,0.7,1.0,1.0,1.0,0,0,1.0,0.7,1.0,1.0,1.0,0,0,1.0,0.7,1.0
volcanoes-a2,mlp-nosuite,0.9433497536945813,0.9996379819155685,1.0,1.0,0,0,1.0,1.0,1.0,1.0,1.0,0,0,1.0,1.0,1.0,1.0,1.0,0,0,1.0,1.0,1.0,1.0,1.0,0,0,1.0,1.0,1.0
volcanoes-a2,mlp-nosuite,0.9433497536945813,0.9953403830891304,1.0,1.0,0,0,1.0,1.0,1.0,1.0,1.0,0,0,1.0,1.0,1.0,1.0,1.0,0,0,1.0,1.0,1.0,1.0,1.0,0,0,1.0,1.0,1.0
volcanoes-a2,mlp-nosuite,0.9433497536945813,0.996003238156051,1.0,1.0,0,0,1.0,1.0,1.0,1.0,1.0,0,0,1.0,1.0,1.0,1.0,1.0,0,0,1.0,1.0,1.0,1.0,1.0,0,0,1.0,1.0,1.0
volcanoes-a2,mlp-nosuite,0.9433497536945813,0.9399723002359562,1.0,1.0,0,0,1.0,1.0,1.0,1.0,1.0,0,0,1.0,1.0,1.0,1.0,1.0,0,0,1.0,1.0,1.0,1.0,1.0,0,0,1.0,1.0,1.0
volcanoes-a2,mlp-nosuite,0.9433497536945813,0.974767025409524,1.0,1.0,0,0,1.0,0.975,,1.0,1.0,0,0,1.0,0.975,,1.0,1.0,0,0,1.0,0.975,,1.0,1.0,0,0,1.0,0.975,
volcanoes-a2,mlp-nosuite,0.9433497536945813,0.9979545825214355,1.0,1.0,0,0,1.0,1.0,1.0,1.0,1.0,0,0,1.0,1.0,1.0,1.0,1.0,0,0,1.0,1.0,1.0,1.0,1.0,0,0,1.0,1.0,1.0
volcanoes-a2,mlp-nosuite,0.9433497536945813,0.9960337181265542,1.0,1.0,0,0,1.0,1.0,1.0,1.0,1.0,0,0,1.0,1.0,1.0,1.0,1.0,0,0,1.0,1.0,1.0,1.0,1.0,0,0,1.0,1.0,1.0
volcanoes-a2,mlp-nosuite,0.9433497536945813,0.9978145903838026,1.0,1.0,0,0,1.0,1.0,,1.0,1.0,0,0,1.0,1.0,,1.0,1.0,0,0,1.0,1.0,,1.0,1.0,0,0,1.0,1.0,
volcanoes-a2,mlp-nosuite,0.9433497536945813,0.9996019014590145,1.0,1.0,0,0,1.0,1.0,1.0,1.0,1.0,0,0,1.0,1.0,1.0,1.0,1.0,0,0,1.0,1.0,1.0,1.0,1.0,0,0,1.0,1.0,1.0
volcanoes-a2,mlp-nosuite,0.9433497536945813,0.9807756265890305,1.0,1.0,0,0,1.0,0.775,1.0,1.0,1.0,0,0,1.0,0.775,1.0,1.0,1.0,0,0,1.0,0.775,1.0,1.0,1.0,0,0,1.0,0.775,1.0
volcanoes-a2,mlp-nosuite,0.9433497536945813,0.9770492593122131,1.0,1.0,0,0,1.0,1.0,1.0,1.0,1.0,0,0,1.0,1.0,1.0,1.0,1.0,0,0,1.0,1.0,1.0,1.0,1.0,0,0,1.0,1.0,1.0
volcanoes-a2,mlp-nosuite,0.9433497536945813,0.9967116059741407,1.0,1.0,0,0,1.0,1.0,1.0,1.0,1.0,0,0,1.0,1.0,1.0,1.0,1.0,0,0,1.0,1.0,1.0,1.0,1.0,0,0,1.0,1.0,1.0
volcanoes-a2,mlp-nosuite,0.9433497536945813,0.9992005875898786,1.0,1.0,0,0,1.0,1.0,,1.0,1.0,0,0,1.0,1.0,,1.0,1.0,0,0,1.0,1.0,,1.0,1.0,0,0,1.0,1.0,
volcanoes-a2,mlp-nosuite,0.9433497536945813,0.9907716147062658,1.0,1.0,0,0,1.0,1.0,1.0,1.0,1.0,0,0,1.0,1.0,1.0,1.0,1.0,0,0,1.0,1.0,1.0,1.0,1.0,0,0,1.0,1.0,1.0
volcanoes-a2,mlp-nosuite,0.9433497536945813,0.9993988936728587,1.0,1.0,0,0,1.0,0.725,1.0,1.0,1.0,0,0,1.0,0.725,1.0,1.0,1.0,0,0,1.0,0.725,1.0,1.0,1.0,0,0,1.0,0.7250000000000001,1.0
volcanoes-a2,mlp-nosuite,0.9433497536945813,0.9945112246052255,1.0,1.0,0,0,1.0,1.0,1.0,1.0,1.0,0,0,1.0,1.0,1.0,1.0,1.0,0,0,1.0,1.0,1.0,1.0,1.0,0,0,1.0,1.0,1.0
volcanoes-a2,mlp-nosuite,0.9433497536945813,0.9967629457569558,1.0,1.0,0,0,0.975,1.0,,1.0,1.0,0,0,0.975,1.0,,1.0,1.0,0,0,0.975,1.0,,1.0,1.0,0,0,0.975,1.0,
volcanoes-a2,mlp-nosuite,0.9433497536945813,0.9997756410819659,1.0,1.0,0,0,1.0,1.0,,1.0,1.0,0,0,1.0,1.0,,1.0,1.0,0,0,1.0,1.0,,1.0,1.0,0,0,1.0,1.0,
volcanoes-a2,mlp-nosuite,0.9433497536945813,0.95917891984778,1.0,1.0,0,0,1.0,1.0,,1.0,1.0,0,0,1.0,1.0,,1.0,1.0,0,0,1.0,1.0,,1.0,1.0,0,0,1.0,1.0,
volcanoes-a2,mlp-nosuite,0.9433497536945813,0.9997389252387225,1.0,1.0,0,0,1.0,1.0,,1.0,1.0,0,0,1.0,1.0,,1.0,1.0,0,0,1.0,1.0,,1.0,1.0,0,0,1.0,1.0,
volcanoes-a2,mlp-nosuite,0.9433497536945813,0.9952232981417839,1.0,1.0,0,0,1.0,0.925,1.0,1.0,1.0,0,0,1.0,0.925,1.0,1.0,1.0,0,0,1.0,0.925,1.0,1.0,1.0,0,0,1.0,0.925,1.0
volcanoes-a2,mlp-nosuite,0.9433497536945813,0.9949308525243776,1.0,1.0,0,0,1.0,1.0,,1.0,1.0,0,0,1.0,1.0,,1.0,1.0,0,0,1.0,1.0,,1.0,1.0,0,0,1.0,1.0,
volcanoes-a2,mlp-nosuite,0.9433497536945813,0.9936453478922993,1.0,1.0,0,0,1.0,1.0,,1.0,1.0,0,0,1.0,1.0,,1.0,1.0,0,0,1.0,1.0,,1.0,1.0,0,0,1.0,1.0,
volcanoes-a2,mlp-nosuite,0.9433497536945813,0.3115257813382541,0.725,0.725,0,0,0.925,0.8,0.925,0.725,0.725,0,0,0.925,0.8,0.925,0.725,0.725,0,0,0.925,0.8,0.925,0.7250000000000001,0.7250000000000001,0,0,0.925,0.8000000000000002,0.925
volcanoes-a2,mlp-nosuite,0.9433497536945813,0.9991626112019232,1.0,1.0,0,0,1.0,1.0,,1.0,1.0,0,0,1.0,1.0,,1.0,1.0,0,0,1.0,1.0,,1.0,1.0,0,0,1.0,1.0,
volcanoes-a2,mlp-nosuite,0.9433497536945813,0.9260206381917542,1.0,1.0,0,0,1.0,0.875,,1.0,1.0,0,0,1.0,0.875,,1.0,1.0,0,0,1.0,0.875,,1.0,1.0,0,0,1.0,0.875,
volcanoes-a2,mlp-nosuite,0.9433497536945813,0.999040609600252,1.0,1.0,0,0,1.0,1.0,,1.0,1.0,0,0,1.0,1.0,,1.0,1.0,0,0,1.0,1.0,,1.0,1.0,0,0,1.0,1.0,
volcanoes-a2,mlp-nosuite,0.9433497536945813,0.994854503114586,1.0,1.0,0,0,1.0,1.0,1.0,1.0,1.0,0,0,1.0,1.0,1.0,1.0,1.0,0,0,1.0,1.0,1.0,1.0,1.0,0,0,1.0,1.0,1.0
volcanoes-a2,mlp-nosuite,0.9433497536945813,0.9788847631133493,1.0,1.0,0,0,1.0,1.0,1.0,1.0,1.0,0,0,1.0,1.0,1.0,1.0,1.0,0,0,1.0,1.0,1.0,1.0,1.0,0,0,1.0,1.0,1.0
volcanoes-a2,mlp-nosuite,0.9433497536945813,0.9980893903223783,1.0,1.0,0,0,1.0,1.0,,1.0,1.0,0,0,1.0,1.0,,1.0,1.0,0,0,1.0,1.0,,1.0,1.0,0,0,1.0,1.0,
volcanoes-a2,mlp-nosuite,0.9433497536945813,0.9998837209201417,1.0,1.0,0,0,1.0,1.0,1.0,1.0,1.0,0,0,1.0,1.0,1.0,1.0,1.0,0,0,1.0,1.0,1.0,1.0,1.0,0,0,1.0,1.0,1.0
volcanoes-a2,mlp-nosuite,0.9433497536945813,0.2728039328296244,0.725,0.85,0,0,0.875,0.775,0.9,0.725,0.85,0,0,0.875,0.775,0.9,0.725,0.85,0,0,0.875,0.775,0.9,0.7250000000000001,0.85,0,0,0.875,0.775,0.9
volcanoes-a2,mlp-nosuite,0.9433497536945813,0.9981909648325273,1.0,1.0,0,0,1.0,1.0,,1.0,1.0,0,0,1.0,1.0,,1.0,1.0,0,0,1.0,1.0,,1.0,1.0,0,0,1.0,1.0,
volcanoes-a2,mlp-nosuite,0.9433497536945813,0.8947264005783525,1.0,1.0,0,0,1.0,0.975,1.0,1.0,1.0,0,0,1.0,0.975,1.0,1.0,1.0,0,0,1.0,0.975,1.0,1.0,1.0,0,0,1.0,0.975,1.0
volcanoes-a2,mlp-nosuite,0.9433497536945813,0.9929508336729344,1.0,1.0,0,0,1.0,1.0,1.0,1.0,1.0,0,0,1.0,1.0,1.0,1.0,1.0,0,0,1.0,1.0,1.0,1.0,1.0,0,0,1.0,1.0,1.0
volcanoes-a2,mlp-nosuite,0.9433497536945813,0.9477544368743355,1.0,1.0,0,0,1.0,1.0,1.0,1.0,1.0,0,0,1.0,1.0,1.0,1.0,1.0,0,0,1.0,1.0,1.0,1.0,1.0,0,0,1.0,1.0,1.0
volcanoes-a3,mlp-nosuite,0.9028871391076115,0.7563212533966024,0.9736842105263158,0.9473684210526315,0,0,0.9736842105263158,0.7894736842105263,,0.9736842105263158,0.9473684210526315,0,0,0.9736842105263158,0.7894736842105263,,0.9736842105263158,0.9473684210526315,0,0,0.9736842105263158,0.7894736842105263,,0.9736842105263158,0.9473684210526315,0,0,0.9736842105263158,0.7894736842105263,
volcanoes-a3,mlp-nosuite,0.9028871391076115,0.9750776702663615,1.0,1.0,0,0,1.0,1.0,1.0,1.0,1.0,0,0,1.0,1.0,1.0,1.0,1.0,0,0,1.0,1.0,1.0,1.0,1.0,0,0,1.0,1.0,1.0
volcanoes-a3,mlp-nosuite,0.9028871391076115,0.3496253328195154,0.9210526315789473,0.8947368421052632,0,0,0.8947368421052632,0.868421052631579,,0.9210526315789473,0.8947368421052632,0,0,0.8947368421052632,0.868421052631579,,0.9210526315789473,0.8947368421052632,0,0,0.8947368421052632,0.868421052631579,,0.9210526315789473,0.8947368421052632,0,0,0.8947368421052632,0.868421052631579,
volcanoes-a3,mlp-nosuite,0.9028871391076115,0.9985746659744257,1.0,1.0,0,0,1.0,1.0,,1.0,1.0,0,0,1.0,1.0,,1.0,1.0,0,0,1.0,1.0,,1.0,1.0,0,0,1.0,1.0,
volcanoes-a3,mlp-nosuite,0.9028871391076115,0.9995681742965264,1.0,1.0,0,0,1.0,0.9736842105263158,,1.0,1.0,0,0,1.0,0.9736842105263158,,1.0,1.0,0,0,1.0,0.9736842105263158,,1.0,1.0,0,0,1.0,0.9736842105263158,
volcanoes-a3,mlp-nosuite,0.9028871391076115,0.9949454596316676,1.0,1.0,0,0,1.0,1.0,1.0,1.0,1.0,0,0,1.0,1.0,1.0,1.0,1.0,0,0,1.0,1.0,1.0,1.0,1.0,0,0,1.0,1.0,1.0
volcanoes-a3,mlp-nosuite,0.9028871391076115,0.9771246664948525,1.0,1.0,0,0,1.0,0.9473684210526315,1.0,1.0,1.0,0,0,1.0,0.9473684210526315,1.0,1.0,1.0,0,0,1.0,0.9473684210526315,1.0,1.0,1.0,0,0,1.0,0.9473684210526315,1.0
volcanoes-a3,mlp-nosuite,0.9028871391076115,0.9959797531475649,1.0,1.0,0,0,1.0,1.0,1.0,1.0,1.0,0,0,1.0,1.0,1.0,1.0,1.0,0,0,1.0,1.0,1.0,1.0,1.0,0,0,1.0,1.0,1.0
volcanoes-a3,mlp-nosuite,0.9028871391076115,0.9690080778245048,1.0,1.0,0,0,1.0,0.8421052631578947,1.0,1.0,1.0,0,0,1.0,0.8421052631578947,1.0,1.0,1.0,0,0,1.0,0.8421052631578947,1.0,1.0,1.0,0,0,1.0,0.8421052631578947,1.0
volcanoes-a3,mlp-nosuite,0.9028871391076115,0.9892662101381365,1.0,1.0,0,0,1.0,0.9210526315789473,1.0,1.0,1.0,0,0,1.0,0.9210526315789473,1.0,1.0,1.0,0,0,1.0,0.9210526315789473,1.0,1.0,1.0,0,0,1.0,0.9210526315789473,1.0
volcanoes-a3,mlp-nosuite,0.9028871391076115,0.9939452190236018,1.0,1.0,0,0,1.0,1.0,1.0,1.0,1.0,0,0,1.0,1.0,1.0,1.0,1.0,0,0,1.0,1.0,1.0,1.0,1.0,0,0,1.0,1.0,1.0
volcanoes-a3,mlp-nosuite,0.9028871391076115,0.6313906734607525,0.9736842105263158,0.9736842105263158,0,0,1.0,1.0,1.0,0.9736842105263158,0.9736842105263158,0,0,1.0,1.0,1.0,0.9736842105263158,0.9736842105263158,0,0,1.0,1.0,1.0,0.9736842105263158,0.9736842105263158,0,0,1.0,1.0,1.0
volcanoes-a3,mlp-nosuite,0.9028871391076115,0.9169104246764908,1.0,1.0,0,0,1.0,1.0,,1.0,1.0,0,0,1.0,1.0,,1.0,1.0,0,0,1.0,1.0,,1.0,1.0,0,0,1.0,1.0,
volcanoes-a3,mlp-nosuite,0.9028871391076115,0.6264534726696457,0.9736842105263158,0.9736842105263158,0,0,0.9210526315789473,0.9210526315789473,,0.9736842105263158,0.9736842105263158,0,0,0.9210526315789473,0.9210526315789473,,0.9736842105263158,0.9736842105263158,0,0,0.9210526315789473,0.9210526315789473,,0.9736842105263158,0.9736842105263158,0,0,0.9210526315789473,0.9210526315789473,
volcanoes-a3,mlp-nosuite,0.9028871391076115,0.8932748151892194,1.0,1.0,0,0,1.0,1.0,,1.0,1.0,0,0,1.0,1.0,,1.0,1.0,0,0,1.0,1.0,,1.0,1.0,0,0,1.0,1.0,
volcanoes-a3,mlp-nosuite,0.9028871391076115,0.9591714735520005,1.0,1.0,0,0,1.0,1.0,1.0,1.0,1.0,0,0,1.0,1.0,1.0,1.0,1.0,0,0,1.0,1.0,1.0,1.0,1.0,0,0,1.0,1.0,1.0
volcanoes-a3,mlp-nosuite,0.9028871391076115,0.9719715008293233,1.0,1.0,0,0,1.0,1.0,1.0,1.0,1.0,0,0,1.0,1.0,1.0,1.0,1.0,0,0,1.0,1.0,1.0,1.0,1.0,0,0,1.0,1.0,1.0
volcanoes-a3,mlp-nosuite,0.9028871391076115,0.9955350684177163,1.0,1.0,0,0,1.0,1.0,1.0,1.0,1.0,0,0,1.0,1.0,1.0,1.0,1.0,0,0,1.0,1.0,1.0,1.0,1.0,0,0,1.0,1.0,1.0
volcanoes-a3,mlp-nosuite,0.9028871391076115,0.9922723923477218,1.0,1.0,0,0,1.0,1.0,,1.0,1.0,0,0,1.0,1.0,,1.0,1.0,0,0,1.0,1.0,,1.0,1.0,0,0,1.0,1.0,
volcanoes-a3,mlp-nosuite,0.9028871391076115,0.9876807913273024,1.0,1.0,0,0,1.0,1.0,1.0,1.0,1.0,0,0,1.0,1.0,1.0,1.0,1.0,0,0,1.0,1.0,1.0,1.0,1.0,0,0,1.0,1.0,1.0
volcanoes-a3,mlp-nosuite,0.9028871391076115,0.9977777893364496,1.0,1.0,0,0,1.0,1.0,1.0,1.0,1.0,0,0,1.0,1.0,1.0,1.0,1.0,0,0,1.0,1.0,1.0,1.0,1.0,0,0,1.0,1.0,1.0
volcanoes-a3,mlp-nosuite,0.9028871391076115,0.8811733817087293,1.0,1.0,0,0,1.0,1.0,1.0,1.0,1.0,0,0,1.0,1.0,1.0,1.0,1.0,0,0,1.0,1.0,1.0,1.0,1.0,0,0,1.0,1.0,1.0
volcanoes-a3,mlp-nosuite,0.9028871391076115,0.9871155093247405,1.0,1.0,0,0,1.0,1.0,1.0,1.0,1.0,0,0,1.0,1.0,1.0,1.0,1.0,0,0,1.0,1.0,1.0,1.0,1.0,0,0,1.0,1.0,1.0
volcanoes-a3,mlp-nosuite,0.9028871391076115,0.5888976016599845,1.0,1.0,0,0,0.9736842105263158,1.0,,1.0,1.0,0,0,0.9736842105263158,1.0,,1.0,1.0,0,0,0.9736842105263158,1.0,,1.0,1.0,0,0,0.9736842105263158,1.0,
volcanoes-a3,mlp-nosuite,0.9028871391076115,0.9957176445447736,1.0,1.0,0,0,1.0,1.0,,1.0,1.0,0,0,1.0,1.0,,1.0,1.0,0,0,1.0,1.0,,1.0,1.0,0,0,1.0,1.0,
volcanoes-a3,mlp-nosuite,0.9028871391076115,0.9954693050519018,1.0,1.0,0,0,1.0,1.0,1.0,1.0,1.0,0,0,1.0,1.0,1.0,1.0,1.0,0,0,1.0,1.0,1.0,1.0,1.0,0,0,1.0,1.0,1.0
volcanoes-a3,mlp-nosuite,0.9028871391076115,0.8284062829710597,1.0,1.0,0,0,1.0,1.0,1.0,1.0,1.0,0,0,1.0,1.0,1.0,1.0,1.0,0,0,1.0,1.0,1.0,1.0,1.0,0,0,1.0,1.0,1.0
volcanoes-a3,mlp-nosuite,0.9028871391076115,0.9980306295055987,1.0,1.0,0,0,1.0,1.0,,1.0,1.0,0,0,1.0,1.0,,1.0,1.0,0,0,1.0,1.0,,1.0,1.0,0,0,1.0,1.0,
volcanoes-a3,mlp-nosuite,0.9028871391076115,0.9980294072868596,1.0,1.0,0,0,1.0,1.0,1.0,1.0,1.0,0,0,1.0,1.0,1.0,1.0,1.0,0,0,1.0,1.0,1.0,1.0,1.0,0,0,1.0,1.0,1.0
volcanoes-a3,mlp-nosuite,0.9028871391076115,0.9984371970054886,1.0,1.0,0,0,1.0,1.0,1.0,1.0,1.0,0,0,1.0,1.0,1.0,1.0,1.0,0,0,1.0,1.0,1.0,1.0,1.0,0,0,1.0,1.0,1.0
volcanoes-a3,mlp-nosuite,0.9028871391076115,0.9994733913511901,1.0,1.0,0,0,1.0,1.0,1.0,1.0,1.0,0,0,1.0,1.0,1.0,1.0,1.0,0,0,1.0,1.0,1.0,1.0,1.0,0,0,1.0,1.0,1.0
volcanoes-a3,mlp-nosuite,0.9028871391076115,0.9959888211728462,1.0,1.0,0,0,1.0,0.9736842105263158,1.0,1.0,1.0,0,0,1.0,0.9736842105263158,1.0,1.0,1.0,0,0,1.0,0.9736842105263158,1.0,1.0,1.0,0,0,1.0,0.9736842105263158,1.0
volcanoes-a3,mlp-nosuite,0.9028871391076115,0.7993785073995411,1.0,1.0,0,0,0.9736842105263158,1.0,,1.0,1.0,0,0,0.9736842105263158,1.0,,1.0,1.0,0,0,0.9736842105263158,1.0,,1.0,1.0,0,0,0.9736842105263158,1.0,
volcanoes-a3,mlp-nosuite,0.9028871391076115,0.980845019111347,1.0,1.0,0,0,1.0,1.0,1.0,1.0,1.0,0,0,1.0,1.0,1.0,1.0,1.0,0,0,1.0,1.0,1.0,1.0,1.0,0,0,1.0,1.0,1.0
volcanoes-a3,mlp-nosuite,0.9028871391076115,0.9996341633709566,1.0,1.0,0,0,1.0,1.0,,1.0,1.0,0,0,1.0,1.0,,1.0,1.0,0,0,1.0,1.0,,1.0,1.0,0,0,1.0,1.0,
volcanoes-a3,mlp-nosuite,0.9028871391076115,0.8715717713086881,1.0,1.0,0,0,1.0,0.9210526315789473,1.0,1.0,1.0,0,0,1.0,0.9210526315789473,1.0,1.0,1.0,0,0,1.0,0.9210526315789473,1.0,1.0,1.0,0,0,1.0,0.9210526315789473,1.0
volcanoes-a3,mlp-nosuite,0.9028871391076115,0.94351585572234,1.0,1.0,0,0,1.0,1.0,1.0,1.0,1.0,0,0,1.0,1.0,1.0,1.0,1.0,0,0,1.0,1.0,1.0,1.0,1.0,0,0,1.0,1.0,1.0
volcanoes-a3,mlp-nosuite,0.9028871391076115,0.9925145157060258,1.0,1.0,0,0,1.0,1.0,1.0,1.0,1.0,0,0,1.0,1.0,1.0,1.0,1.0,0,0,1.0,1.0,1.0,1.0,1.0,0,0,1.0,1.0,1.0
volcanoes-a3,mlp-nosuite,0.9028871391076115,0.7451412352749462,1.0,1.0,0,0,1.0,0.9736842105263158,,1.0,1.0,0,0,1.0,0.9736842105263158,,1.0,1.0,0,0,1.0,0.9736842105263158,,1.0,1.0,0,0,1.0,0.9736842105263158,
volcanoes-a3,mlp-nosuite,0.9028871391076115,0.9948759015605063,1.0,1.0,0,0,1.0,1.0,,1.0,1.0,0,0,1.0,1.0,,1.0,1.0,0,0,1.0,1.0,,1.0,1.0,0,0,1.0,1.0,
volcanoes-a3,mlp-nosuite,0.9028871391076115,0.9980710471788452,1.0,1.0,0,0,1.0,1.0,1.0,1.0,1.0,0,0,1.0,1.0,1.0,1.0,1.0,0,0,1.0,1.0,1.0,1.0,1.0,0,0,1.0,1.0,1.0
volcanoes-a3,mlp-nosuite,0.9028871391076115,0.3733548049251307,0.8157894736842105,0.6842105263157895,0,0,0.7631578947368421,0.8157894736842105,0.7631578947368421,0.8157894736842105,0.6842105263157895,0,0,0.7631578947368421,0.8157894736842105,0.7631578947368421,0.8157894736842105,0.6842105263157895,0,0,0.7631578947368421,0.8157894736842105,0.7631578947368421,0.8157894736842104,0.6842105263157895,0,0,0.7631578947368421,0.8157894736842104,0.7631578947368421
volcanoes-a3,mlp-nosuite,0.9028871391076115,0.996123193056777,1.0,1.0,0,0,1.0,1.0,1.0,1.0,1.0,0,0,1.0,1.0,1.0,1.0,1.0,0,0,1.0,1.0,1.0,1.0,1.0,0,0,1.0,1.0,1.0
volcanoes-a3,mlp-nosuite,0.9028871391076115,0.9984817514019426,1.0,1.0,0,0,1.0,0.7894736842105263,,1.0,1.0,0,0,1.0,0.7894736842105263,,1.0,1.0,0,0,1.0,0.7894736842105263,,1.0,1.0,0,0,1.0,0.7894736842105263,
volcanoes-a3,mlp-nosuite,0.9028871391076115,0.9643796453109553,1.0,1.0,0,0,1.0,0.9473684210526315,1.0,1.0,1.0,0,0,1.0,0.9473684210526315,1.0,1.0,1.0,0,0,1.0,0.9473684210526315,1.0,1.0,1.0,0,0,1.0,0.9473684210526315,1.0
volcanoes-a3,mlp-nosuite,0.9028871391076115,0.9972305584462509,1.0,1.0,0,0,1.0,1.0,,1.0,1.0,0,0,1.0,1.0,,1.0,1.0,0,0,1.0,1.0,,1.0,1.0,0,0,1.0,1.0,
volcanoes-a3,mlp-nosuite,0.9028871391076115,0.9894640972982238,1.0,1.0,0,0,1.0,1.0,1.0,1.0,1.0,0,0,1.0,1.0,1.0,1.0,1.0,0,0,1.0,1.0,1.0,1.0,1.0,0,0,1.0,1.0,1.0
volcanoes-a3,mlp-nosuite,0.9028871391076115,0.9942036378166053,1.0,1.0,0,0,1.0,0.5789473684210527,1.0,1.0,1.0,0,0,1.0,0.5789473684210527,1.0,1.0,1.0,0,0,1.0,0.5789473684210527,1.0,1.0,1.0,0,0,1.0,0.5789473684210527,1.0
volcanoes-a3,mlp-nosuite,0.9028871391076115,0.9986474951989138,1.0,1.0,0,0,1.0,1.0,,1.0,1.0,0,0,1.0,1.0,,1.0,1.0,0,0,1.0,1.0,,1.0,1.0,0,0,1.0,1.0,
volcanoes-a3,mlp-nosuite,0.9028871391076115,0.9888018631767314,1.0,1.0,0,0,1.0,1.0,,1.0,1.0,0,0,1.0,1.0,,1.0,1.0,0,0,1.0,1.0,,1.0,1.0,0,0,1.0,1.0,
volcanoes-a4,mlp-nosuite,0.9076517150395779,0.9982237351622875,1.0,1.0,0,0,1.0,0.7567567567567568,1.0,1.0,1.0,0,0,1.0,0.7567567567567568,1.0,1.0,1.0,0,0,1.0,0.7567567567567568,1.0,1.0,1.0,0,0,1.0,0.7567567567567567,1.0
volcanoes-a4,mlp-nosuite,0.9076517150395779,0.9868592422134926,1.0,1.0,0,0,1.0,1.0,,1.0,1.0,0,0,1.0,1.0,,1.0,1.0,0,0,1.0,1.0,,1.0,1.0,0,0,1.0,1.0,
volcanoes-a4,mlp-nosuite,0.9076517150395779,0.9793692092636617,1.0,1.0,0,0,1.0,1.0,1.0,1.0,1.0,0,0,1.0,1.0,1.0,1.0,1.0,0,0,1.0,1.0,1.0,1.0,1.0,0,0,1.0,1.0,1.0
volcanoes-a4,mlp-nosuite,0.9076517150395779,0.9925492927228277,1.0,1.0,0,0,1.0,,,1.0,1.0,0,0,1.0,,,1.0,1.0,0,0,1.0,,,1.0,1.0,0,0,1.0,,
volcanoes-a4,mlp-nosuite,0.9076517150395779,0.38711613432357367,0.8918918918918919,0.972972972972973,0,0,0.8648648648648649,0.7027027027027027,0.43243243243243246,0.8918918918918919,0.972972972972973,0,0,0.8648648648648649,0.7027027027027027,0.43243243243243246,0.8918918918918919,0.972972972972973,0,0,0.8648648648648649,0.7027027027027027,0.43243243243243246,0.8918918918918919,0.972972972972973,0,0,0.8648648648648649,0.7027027027027027,0.43243243243243246
volcanoes-a4,mlp-nosuite,0.9076517150395779,0.9905117656786773,1.0,1.0,0,0,1.0,1.0,1.0,1.0,1.0,0,0,1.0,1.0,1.0,1.0,1.0,0,0,1.0,1.0,1.0,1.0,1.0,0,0,1.0,1.0,1.0
volcanoes-a4,mlp-nosuite,0.9076517150395779,0.9017625557090915,0.972972972972973,1.0,0,0,1.0,0.8108108108108109,1.0,0.972972972972973,1.0,0,0,1.0,0.8108108108108109,1.0,0.972972972972973,1.0,0,0,1.0,0.8108108108108109,1.0,0.972972972972973,1.0,0,0,1.0,0.8108108108108109,1.0
volcanoes-a4,mlp-nosuite,0.9076517150395779,0.9605955433718233,1.0,1.0,0,0,1.0,1.0,1.0,1.0,1.0,0,0,1.0,1.0,1.0,1.0,1.0,0,0,1.0,1.0,1.0,1.0,1.0,0,0,1.0,1.0,1.0
volcanoes-a4,mlp-nosuite,0.9076517150395779,0.9766038332620056,1.0,1.0,0,0,1.0,1.0,1.0,1.0,1.0,0,0,1.0,1.0,1.0,1.0,1.0,0,0,1.0,1.0,1.0,1.0,1.0,0,0,1.0,1.0,1.0
volcanoes-a4,mlp-nosuite,0.9076517150395779,0.9990170662436518,1.0,1.0,0,0,1.0,1.0,,1.0,1.0,0,0,1.0,1.0,,1.0,1.0,0,0,1.0,1.0,,1.0,1.0,0,0,1.0,1.0,
volcanoes-a4,mlp-nosuite,0.9076517150395779,0.9941668574049716,1.0,1.0,0,0,1.0,1.0,,1.0,1.0,0,0,1.0,1.0,,1.0,1.0,0,0,1.0,1.0,,1.0,1.0,0,0,1.0,1.0,
volcanoes-a4,mlp-nosuite,0.9076517150395779,0.9965173020455977,1.0,1.0,0,0,1.0,1.0,,1.0,1.0,0,0,1.0,1.0,,1.0,1.0,0,0,1.0,1.0,,1.0,1.0,0,0,1.0,1.0,
volcanoes-a4,mlp-nosuite,0.9076517150395779,0.9976893068999575,1.0,1.0,0,0,1.0,1.0,1.0,1.0,1.0,0,0,1.0,1.0,1.0,1.0,1.0,0,0,1.0,1.0,1.0,1.0,1.0,0,0,1.0,1.0,1.0
volcanoes-a4,mlp-nosuite,0.9076517150395779,0.9942945628385534,1.0,1.0,0,0,1.0,1.0,,1.0,1.0,0,0,1.0,1.0,,1.0,1.0,0,0,1.0,1.0,,1.0,1.0,0,0,1.0,1.0,
volcanoes-a4,mlp-nosuite,0.9076517150395779,0.9935330330398007,1.0,1.0,0,0,1.0,1.0,1.0,1.0,1.0,0,0,1.0,1.0,1.0,1.0,1.0,0,0,1.0,1.0,1.0,1.0,1.0,0,0,1.0,1.0,1.0
volcanoes-a4,mlp-nosuite,0.9076517150395779,0.9978857074854071,1.0,1.0,0,0,1.0,1.0,1.0,1.0,1.0,0,0,1.0,1.0,1.0,1.0,1.0,0,0,1.0,1.0,1.0,1.0,1.0,0,0,1.0,1.0,1.0
volcanoes-a4,mlp-nosuite,0.9076517150395779,0.997795538096774,1.0,1.0,0,0,1.0,0.4864864864864865,,1.0,1.0,0,0,1.0,0.4864864864864865,,1.0,1.0,0,0,1.0,0.4864864864864865,,1.0,1.0,0,0,1.0,0.4864864864864865,
volcanoes-a4,mlp-nosuite,0.9076517150395779,0.9874586337872647,1.0,1.0,0,0,1.0,1.0,,1.0,1.0,0,0,1.0,1.0,,1.0,1.0,0,0,1.0,1.0,,1.0,1.0,0,0,1.0,1.0,
volcanoes-a4,mlp-nosuite,0.9076517150395779,0.985457208703564,1.0,1.0,0,0,1.0,1.0,1.0,1.0,1.0,0,0,1.0,1.0,1.0,1.0,1.0,0,0,1.0,1.0,1.0,1.0,1.0,0,0,1.0,1.0,1.0
volcanoes-a4,mlp-nosuite,0.9076517150395779,0.9899449317054138,1.0,1.0,0,0,1.0,0.7837837837837838,,1.0,1.0,0,0,1.0,0.7837837837837838,,1.0,1.0,0,0,1.0,0.7837837837837838,,1.0,1.0,0,0,1.0,0.7837837837837838,
volcanoes-a4,mlp-nosuite,0.9076517150395779,0.43250291313523914,0.8918918918918919,0.8648648648648649,0,0,0.7297297297297297,0.8378378378378378,0.8918918918918919,0.8918918918918919,0.8648648648648649,0,0,0.7297297297297297,0.8378378378378378,0.8918918918918919,0.8918918918918919,0.8648648648648649,0,0,0.7297297297297297,0.8378378378378378,0.8918918918918919,0.8918918918918919,0.8648648648648649,0,0,0.7297297297297297,0.8378378378378378,0.8918918918918919
volcanoes-a4,mlp-nosuite,0.9076517150395779,0.995872538588616,1.0,1.0,0,0,1.0,1.0,,1.0,1.0,0,0,1.0,1.0,,1.0,1.0,0,0,1.0,1.0,,1.0,1.0,0,0,1.0,1.0,
volcanoes-a4,mlp-nosuite,0.9076517150395779,0.9968118560076695,1.0,1.0,0,0,1.0,1.0,,1.0,1.0,0,0,1.0,1.0,,1.0,1.0,0,0,1.0,1.0,,1.0,1.0,0,0,1.0,1.0,
volcanoes-a4,mlp-nosuite,0.9076517150395779,0.5963894227556987,0.972972972972973,0.972972972972973,0,0,0.9459459459459459,0.7837837837837838,0.9459459459459459,0.972972972972973,0.972972972972973,0,0,0.9459459459459459,0.7837837837837838,0.9459459459459459,0.972972972972973,0.972972972972973,0,0,0.9459459459459459,0.7837837837837838,0.9459459459459459,0.972972972972973,0.972972972972973,0,0,0.9459459459459459,0.7837837837837838,0.9459459459459459
volcanoes-a4,mlp-nosuite,0.9076517150395779,0.9900739926608774,1.0,1.0,0,0,1.0,1.0,,1.0,1.0,0,0,1.0,1.0,,1.0,1.0,0,0,1.0,1.0,,1.0,1.0,0,0,1.0,1.0,
volcanoes-a4,mlp-nosuite,0.9076517150395779,0.990863310025264,1.0,1.0,0,0,1.0,1.0,,1.0,1.0,0,0,1.0,1.0,,1.0,1.0,0,0,1.0,1.0,,1.0,1.0,0,0,1.0,1.0,
volcanoes-a4,mlp-nosuite,0.9076517150395779,0.9704753926245728,1.0,1.0,0,0,1.0,1.0,1.0,1.0,1.0,0,0,1.0,1.0,1.0,1.0,1.0,0,0,1.0,1.0,1.0,1.0,1.0,0,0,1.0,1.0,1.0
volcanoes-a4,mlp-nosuite,0.9076517150395779,0.9963477722955534,1.0,1.0,0,0,1.0,1.0,,1.0,1.0,0,0,1.0,1.0,,1.0,1.0,0,0,1.0,1.0,,1.0,1.0,0,0,1.0,1.0,
volcanoes-a4,mlp-nosuite,0.9076517150395779,0.9603807830492438,1.0,1.0,0,0,1.0,1.0,,1.0,1.0,0,0,1.0,1.0,,1.0,1.0,0,0,1.0,1.0,,1.0,1.0,0,0,1.0,1.0,
volcanoes-a4,mlp-nosuite,0.9076517150395779,0.9908337864124289,1.0,1.0,0,0,1.0,1.0,1.0,1.0,1.0,0,0,1.0,1.0,1.0,1.0,1.0,0,0,1.0,1.0,1.0,1.0,1.0,0,0,1.0,1.0,1.0
volcanoes-a4,mlp-nosuite,0.9076517150395779,0.774236131838462,1.0,1.0,0,0,1.0,1.0,1.0,1.0,1.0,0,0,1.0,1.0,1.0,1.0,1.0,0,0,1.0,1.0,1.0,1.0,1.0,0,0,1.0,1.0,1.0
volcanoes-a4,mlp-nosuite,0.9076517150395779,0.954364802516309,1.0,1.0,0,0,1.0,1.0,1.0,1.0,1.0,0,0,1.0,1.0,1.0,1.0,1.0,0,0,1.0,1.0,1.0,1.0,1.0,0,0,1.0,1.0,1.0
volcanoes-a4,mlp-nosuite,0.9076517150395779,0.28854993984188754,0.918918918918919,0.9459459459459459,0,0,0.8648648648648649,0.8648648648648649,0.8918918918918919,0.918918918918919,0.9459459459459459,0,0,0.8648648648648649,0.8648648648648649,0.8918918918918919,0.918918918918919,0.9459459459459459,0,0,0.8648648648648649,0.8648648648648649,0.8918918918918919,0.918918918918919,0.9459459459459459,0,0,0.8648648648648649,0.8648648648648649,0.8918918918918919
volcanoes-a4,mlp-nosuite,0.9076517150395779,0.9623188095561716,1.0,1.0,0,0,1.0,,,1.0,1.0,0,0,1.0,,,1.0,1.0,0,0,1.0,,,1.0,1.0,0,0,1.0,,
volcanoes-a4,mlp-nosuite,0.9076517150395779,0.9919798137016846,1.0,1.0,0,0,1.0,0.918918918918919,,1.0,1.0,0,0,1.0,0.918918918918919,,1.0,1.0,0,0,1.0,0.918918918918919,,1.0,1.0,0,0,1.0,0.918918918918919,
volcanoes-a4,mlp-nosuite,0.9076517150395779,0.9959039504815115,1.0,1.0,0,0,1.0,1.0,1.0,1.0,1.0,0,0,1.0,1.0,1.0,1.0,1.0,0,0,1.0,1.0,1.0,1.0,1.0,0,0,1.0,1.0,1.0
volcanoes-a4,mlp-nosuite,0.9076517150395779,0.9345278819478242,1.0,1.0,0,0,1.0,1.0,,1.0,1.0,0,0,1.0,1.0,,1.0,1.0,0,0,1.0,1.0,,1.0,1.0,0,0,1.0,1.0,
volcanoes-a4,mlp-nosuite,0.9076517150395779,0.9890613977648739,1.0,1.0,0,0,1.0,1.0,1.0,1.0,1.0,0,0,1.0,1.0,1.0,1.0,1.0,0,0,1.0,1.0,1.0,1.0,1.0,0,0,1.0,1.0,1.0
volcanoes-a4,mlp-nosuite,0.9076517150395779,0.5472253447623249,0.972972972972973,1.0,0,0,0.972972972972973,0.8108108108108109,0.972972972972973,0.972972972972973,1.0,0,0,0.972972972972973,0.8108108108108109,0.972972972972973,0.972972972972973,1.0,0,0,0.972972972972973,0.8108108108108109,0.972972972972973,0.972972972972973,1.0,0,0,0.972972972972973,0.8108108108108109,0.972972972972973
volcanoes-a4,mlp-nosuite,0.9076517150395779,0.9386934105537443,1.0,1.0,0,0,1.0,1.0,1.0,1.0,1.0,0,0,1.0,1.0,1.0,1.0,1.0,0,0,1.0,1.0,1.0,1.0,1.0,0,0,1.0,1.0,1.0
volcanoes-a4,mlp-nosuite,0.9076517150395779,0.9836638498042811,1.0,1.0,0,0,1.0,1.0,,1.0,1.0,0,0,1.0,1.0,,1.0,1.0,0,0,1.0,1.0,,1.0,1.0,0,0,1.0,1.0,
volcanoes-a4,mlp-nosuite,0.9076517150395779,0.9782460398911869,1.0,1.0,0,0,1.0,0.9459459459459459,,1.0,1.0,0,0,1.0,0.9459459459459459,,1.0,1.0,0,0,1.0,0.9459459459459459,,1.0,1.0,0,0,1.0,0.9459459459459459,
volcanoes-a4,mlp-nosuite,0.9076517150395779,0.9847599639867182,1.0,1.0,0,0,1.0,1.0,1.0,1.0,1.0,0,0,1.0,1.0,1.0,1.0,1.0,0,0,1.0,1.0,1.0,1.0,1.0,0,0,1.0,1.0,1.0
volcanoes-a4,mlp-nosuite,0.9076517150395779,0.968794620602702,1.0,1.0,0,0,1.0,0.8918918918918919,1.0,1.0,1.0,0,0,1.0,0.8918918918918919,1.0,1.0,1.0,0,0,1.0,0.8918918918918919,1.0,1.0,1.0,0,0,1.0,0.8918918918918919,1.0
volcanoes-a4,mlp-nosuite,0.9076517150395779,0.9814658422255714,1.0,1.0,0,0,1.0,1.0,1.0,1.0,1.0,0,0,1.0,1.0,1.0,1.0,1.0,0,0,1.0,1.0,1.0,1.0,1.0,0,0,1.0,1.0,1.0
volcanoes-a4,mlp-nosuite,0.9076517150395779,0.8884998423999334,1.0,1.0,0,0,1.0,1.0,1.0,1.0,1.0,0,0,1.0,1.0,1.0,1.0,1.0,0,0,1.0,1.0,1.0,1.0,1.0,0,0,1.0,1.0,1.0
volcanoes-a4,mlp-nosuite,0.9076517150395779,0.9974520747877116,1.0,1.0,0,0,1.0,,1.0,1.0,1.0,0,0,1.0,,1.0,1.0,1.0,0,0,1.0,,1.0,1.0,1.0,0,0,1.0,,1.0
volcanoes-e1,mlp-nosuite,0.918918918918919,0.9990146559100397,1.0,1.0,0,0,1.0,,,1.0,1.0,0,0,1.0,,,1.0,1.0,0,0,1.0,,,1.0,1.0,0,0,1.0,,
volcanoes-e1,mlp-nosuite,0.918918918918919,0.9887054720853641,1.0,1.0,0,0,1.0,,,1.0,1.0,0,0,1.0,,,1.0,1.0,0,0,1.0,,,1.0,1.0,0,0,1.0,,
volcanoes-e1,mlp-nosuite,0.918918918918919,0.9981906598023639,1.0,1.0,0,0,1.0,,,1.0,1.0,0,0,1.0,,,1.0,1.0,0,0,1.0,,,1.0,1.0,0,0,1.0,,
volcanoes-e1,mlp-nosuite,0.918918918918919,0.998856031403498,1.0,1.0,0,0,1.0,,,1.0,1.0,0,0,1.0,,,1.0,1.0,0,0,1.0,,,1.0,1.0,0,0,1.0,,
volcanoes-e1,mlp-nosuite,0.918918918918919,0.9988387896851688,1.0,1.0,0,0,1.0,,,1.0,1.0,0,0,1.0,,,1.0,1.0,0,0,1.0,,,1.0,1.0,0,0,1.0,,
volcanoes-e1,mlp-nosuite,0.918918918918919,0.7305801894128724,0.9655172413793104,0.9655172413793104,0,0,0.9655172413793104,,,0.9655172413793104,0.9655172413793104,0,0,0.9655172413793104,,,0.9655172413793104,0.9655172413793104,0,0,0.9655172413793104,,,0.9655172413793104,0.9655172413793104,0,0,0.9655172413793104,,
volcanoes-e1,mlp-nosuite,0.918918918918919,0.9974902908239451,1.0,1.0,0,0,1.0,,,1.0,1.0,0,0,1.0,,,1.0,1.0,0,0,1.0,,,1.0,1.0,0,0,1.0,,
volcanoes-e1,mlp-nosuite,0.918918918918919,0.946742782054873,1.0,1.0,0,0,1.0,,,1.0,1.0,0,0,1.0,,,1.0,1.0,0,0,1.0,,,1.0,1.0,0,0,1.0,,
volcanoes-e1,mlp-nosuite,0.918918918918919,0.9915968908790564,1.0,1.0,0,0,1.0,,,1.0,1.0,0,0,1.0,,,1.0,1.0,0,0,1.0,,,1.0,1.0,0,0,1.0,,
volcanoes-e1,mlp-nosuite,0.918918918918919,0.8410976226856158,1.0,1.0,0,0,1.0,,,1.0,1.0,0,0,1.0,,,1.0,1.0,0,0,1.0,,,1.0,1.0,0,0,1.0,,
volcanoes-e1,mlp-nosuite,0.918918918918919,0.9824611841416511,1.0,1.0,0,0,1.0,,,1.0,1.0,0,0,1.0,,,1.0,1.0,0,0,1.0,,,1.0,1.0,0,0,1.0,,
volcanoes-e1,mlp-nosuite,0.918918918918919,0.8819726473663048,1.0,1.0,0,0,1.0,,,1.0,1.0,0,0,1.0,,,1.0,1.0,0,0,1.0,,,1.0,1.0,0,0,1.0,,
volcanoes-e1,mlp-nosuite,0.918918918918919,0.9694173682350252,1.0,1.0,0,0,1.0,,,1.0,1.0,0,0,1.0,,,1.0,1.0,0,0,1.0,,,1.0,1.0,0,0,1.0,,
volcanoes-e1,mlp-nosuite,0.918918918918919,0.7482696019319227,1.0,1.0,0,0,1.0,,,1.0,1.0,0,0,1.0,,,1.0,1.0,0,0,1.0,,,1.0,1.0,0,0,1.0,,
volcanoes-e1,mlp-nosuite,0.918918918918919,0.9520506774695735,1.0,1.0,0,0,1.0,,,1.0,1.0,0,0,1.0,,,1.0,1.0,0,0,1.0,,,1.0,1.0,0,0,1.0,,
volcanoes-e1,mlp-nosuite,0.918918918918919,0.9873355869672665,1.0,1.0,0,0,1.0,,,1.0,1.0,0,0,1.0,,,1.0,1.0,0,0,1.0,,,1.0,1.0,0,0,1.0,,
volcanoes-e1,mlp-nosuite,0.918918918918919,0.9433236679582749,1.0,1.0,0,0,1.0,,,1.0,1.0,0,0,1.0,,,1.0,1.0,0,0,1.0,,,1.0,1.0,0,0,1.0,,
volcanoes-e1,mlp-nosuite,0.918918918918919,0.9867613050504636,1.0,1.0,0,0,1.0,,,1.0,1.0,0,0,1.0,,,1.0,1.0,0,0,1.0,,,1.0,1.0,0,0,1.0,,
volcanoes-e1,mlp-nosuite,0.918918918918919,0.8679882206369295,1.0,1.0,0,0,1.0,,,1.0,1.0,0,0,1.0,,,1.0,1.0,0,0,1.0,,,1.0,1.0,0,0,1.0,,
volcanoes-e1,mlp-nosuite,0.918918918918919,0.5912021688918155,0.9310344827586207,0.9655172413793104,0,0,0.9655172413793104,,0.9655172413793104,0.9310344827586207,0.9655172413793104,0,0,0.9655172413793104,,0.9655172413793104,0.9310344827586207,0.9655172413793104,0,0,0.9655172413793104,,0.9655172413793104,0.9310344827586207,0.9655172413793104,0,0,0.9655172413793104,,0.9655172413793104
volcanoes-e1,mlp-nosuite,0.918918918918919,0.8860541755061789,1.0,1.0,0,0,1.0,,,1.0,1.0,0,0,1.0,,,1.0,1.0,0,0,1.0,,,1.0,1.0,0,0,1.0,,
volcanoes-e1,mlp-nosuite,0.918918918918919,0.998344566372766,1.0,1.0,0,0,1.0,,,1.0,1.0,0,0,1.0,,,1.0,1.0,0,0,1.0,,,1.0,1.0,0,0,1.0,,
volcanoes-e1,mlp-nosuite,0.918918918918919,0.9487177384937167,1.0,1.0,0,0,1.0,,,1.0,1.0,0,0,1.0,,,1.0,1.0,0,0,1.0,,,1.0,1.0,0,0,1.0,,
volcanoes-e1,mlp-nosuite,0.918918918918919,0.9019527658372608,1.0,1.0,0,0,1.0,,,1.0,1.0,0,0,1.0,,,1.0,1.0,0,0,1.0,,,1.0,1.0,0,0,1.0,,
volcanoes-e1,mlp-nosuite,0.918918918918919,0.6688183046856834,1.0,1.0,0,0,1.0,,,1.0,1.0,0,0,1.0,,,1.0,1.0,0,0,1.0,,,1.0,1.0,0,0,1.0,,
volcanoes-e1,mlp-nosuite,0.918918918918919,0.9990708599183411,1.0,1.0,0,0,1.0,,,1.0,1.0,0,0,1.0,,,1.0,1.0,0,0,1.0,,,1.0,1.0,0,0,1.0,,
volcanoes-e1,mlp-nosuite,0.918918918918919,0.9967541504770164,1.0,1.0,0,0,1.0,,,1.0,1.0,0,0,1.0,,,1.0,1.0,0,0,1.0,,,1.0,1.0,0,0,1.0,,
volcanoes-e1,mlp-nosuite,0.918918918918919,0.9822582643507728,1.0,1.0,0,0,1.0,,,1.0,1.0,0,0,1.0,,,1.0,1.0,0,0,1.0,,,1.0,1.0,0,0,1.0,,
volcanoes-e1,mlp-nosuite,0.918918918918919,0.9174268374430303,1.0,1.0,0,0,1.0,,,1.0,1.0,0,0,1.0,,,1.0,1.0,0,0,1.0,,,1.0,1.0,0,0,1.0,,
volcanoes-e1,mlp-nosuite,0.918918918918919,0.8057211538724937,1.0,1.0,0,0,1.0,,,1.0,1.0,0,0,1.0,,,1.0,1.0,0,0,1.0,,,1.0,1.0,0,0,1.0,,
volcanoes-e1,mlp-nosuite,0.918918918918919,0.8509239764987772,1.0,1.0,0,0,1.0,,,1.0,1.0,0,0,1.0,,,1.0,1.0,0,0,1.0,,,1.0,1.0,0,0,1.0,,
volcanoes-e1,mlp-nosuite,0.918918918918919,0.935716588292289,1.0,1.0,0,0,1.0,,,1.0,1.0,0,0,1.0,,,1.0,1.0,0,0,1.0,,,1.0,1.0,0,0,1.0,,
volcanoes-e1,mlp-nosuite,0.918918918918919,0.9935916253780659,1.0,1.0,0,0,1.0,,,1.0,1.0,0,0,1.0,,,1.0,1.0,0,0,1.0,,,1.0,1.0,0,0,1.0,,
volcanoes-e1,mlp-nosuite,0.918918918918919,0.7881970042122027,1.0,1.0,0,0,1.0,,,1.0,1.0,0,0,1.0,,,1.0,1.0,0,0,1.0,,,1.0,1.0,0,0,1.0,,
volcanoes-e1,mlp-nosuite,0.918918918918919,0.636415725010704,1.0,1.0,0,0,1.0,,,1.0,1.0,0,0,1.0,,,1.0,1.0,0,0,1.0,,,1.0,1.0,0,0,1.0,,
volcanoes-e1,mlp-nosuite,0.918918918918919,0.9661235342550972,1.0,1.0,0,0,1.0,,,1.0,1.0,0,0,1.0,,,1.0,1.0,0,0,1.0,,,1.0,1.0,0,0,1.0,,
volcanoes-e1,mlp-nosuite,0.918918918918919,0.9730397852658135,1.0,1.0,0,0,1.0,,,1.0,1.0,0,0,1.0,,,1.0,1.0,0,0,1.0,,,1.0,1.0,0,0,1.0,,
volcanoes-e1,mlp-nosuite,0.918918918918919,0.9938152433697517,1.0,1.0,0,0,1.0,,,1.0,1.0,0,0,1.0,,,1.0,1.0,0,0,1.0,,,1.0,1.0,0,0,1.0,,
volcanoes-e1,mlp-nosuite,0.918918918918919,0.834393379380197,1.0,1.0,0,0,1.0,,,1.0,1.0,0,0,1.0,,,1.0,1.0,0,0,1.0,,,1.0,1.0,0,0,1.0,,
volcanoes-e1,mlp-nosuite,0.918918918918919,0.6223688569427445,1.0,1.0,0,0,1.0,,,1.0,1.0,0,0,1.0,,,1.0,1.0,0,0,1.0,,,1.0,1.0,0,0,1.0,,
volcanoes-e1,mlp-nosuite,0.918918918918919,0.9926350892005573,1.0,1.0,0,0,1.0,,,1.0,1.0,0,0,1.0,,,1.0,1.0,0,0,1.0,,,1.0,1.0,0,0,1.0,,
volcanoes-e1,mlp-nosuite,0.918918918918919,0.9262888360598285,1.0,1.0,0,0,1.0,,,1.0,1.0,0,0,1.0,,,1.0,1.0,0,0,1.0,,,1.0,1.0,0,0,1.0,,
volcanoes-e1,mlp-nosuite,0.918918918918919,0.9853001169482463,1.0,1.0,0,0,1.0,,,1.0,1.0,0,0,1.0,,,1.0,1.0,0,0,1.0,,,1.0,1.0,0,0,1.0,,
volcanoes-e1,mlp-nosuite,0.918918918918919,0.9977333814997992,1.0,1.0,0,0,1.0,,,1.0,1.0,0,0,1.0,,,1.0,1.0,0,0,1.0,,,1.0,1.0,0,0,1.0,,
volcanoes-e1,mlp-nosuite,0.918918918918919,0.5302986372477703,1.0,1.0,0,0,1.0,,,1.0,1.0,0,0,1.0,,,1.0,1.0,0,0,1.0,,,1.0,1.0,0,0,1.0,,
volcanoes-e1,mlp-nosuite,0.918918918918919,0.9879811553309106,1.0,1.0,0,0,1.0,,,1.0,1.0,0,0,1.0,,,1.0,1.0,0,0,1.0,,,1.0,1.0,0,0,1.0,,
volcanoes-e1,mlp-nosuite,0.918918918918919,0.962062697630063,1.0,1.0,0,0,1.0,,1.0,1.0,1.0,0,0,1.0,,1.0,1.0,1.0,0,0,1.0,,1.0,1.0,1.0,0,0,1.0,,1.0
volcanoes-e1,mlp-nosuite,0.918918918918919,0.9805325652165897,1.0,1.0,0,0,1.0,,,1.0,1.0,0,0,1.0,,,1.0,1.0,0,0,1.0,,,1.0,1.0,0,0,1.0,,
volcanoes-e1,mlp-nosuite,0.918918918918919,0.9795932315164706,1.0,1.0,0,0,1.0,,,1.0,1.0,0,0,1.0,,,1.0,1.0,0,0,1.0,,,1.0,1.0,0,0,1.0,,
volcanoes-e1,mlp-nosuite,0.918918918918919,0.9893628623422446,1.0,1.0,0,0,1.0,,,1.0,1.0,0,0,1.0,,,1.0,1.0,0,0,1.0,,,1.0,1.0,0,0,1.0,,
volcanoes-e3,mlp-nosuite,0.928125,0.9892707542583793,1.0,1.0,0,0,1.0,,,1.0,1.0,0,0,1.0,,,1.0,1.0,0,0,1.0,,,1.0,1.0,0,0,1.0,,
volcanoes-e3,mlp-nosuite,0.928125,0.7575712506568385,1.0,1.0,0,0,1.0,,,1.0,1.0,0,0,1.0,,,1.0,1.0,0,0,1.0,,,1.0,1.0,0,0,1.0,,
volcanoes-e3,mlp-nosuite,0.928125,0.9917892331910868,1.0,1.0,0,0,1.0,,,1.0,1.0,0,0,1.0,,,1.0,1.0,0,0,1.0,,,1.0,1.0,0,0,1.0,,
volcanoes-e3,mlp-nosuite,0.928125,0.9962233346293773,1.0,1.0,0,0,1.0,,,1.0,1.0,0,0,1.0,,,1.0,1.0,0,0,1.0,,,1.0,1.0,0,0,1.0,,
volcanoes-e3,mlp-nosuite,0.928125,0.8771453623585865,1.0,1.0,0,0,1.0,,,1.0,1.0,0,0,1.0,,,1.0,1.0,0,0,1.0,,,1.0,1.0,0,0,1.0,,
volcanoes-e3,mlp-nosuite,0.928125,0.9709335759883375,1.0,1.0,0,0,1.0,,1.0,1.0,1.0,0,0,1.0,,1.0,1.0,1.0,0,0,1.0,,1.0,1.0,1.0,0,0,1.0,,1.0
volcanoes-e3,mlp-nosuite,0.928125,0.7503885824608446,1.0,1.0,0,0,1.0,,,1.0,1.0,0,0,1.0,,,1.0,1.0,0,0,1.0,,,1.0,1.0,0,0,1.0,,
volcanoes-e3,mlp-nosuite,0.928125,0.9548398743559148,1.0,1.0,0,0,1.0,,,1.0,1.0,0,0,1.0,,,1.0,1.0,0,0,1.0,,,1.0,1.0,0,0,1.0,,
volcanoes-e3,mlp-nosuite,0.928125,0.9606162057880053,1.0,1.0,0,0,1.0,,,1.0,1.0,0,0,1.0,,,1.0,1.0,0,0,1.0,,,1.0,1.0,0,0,1.0,,
volcanoes-e3,mlp-nosuite,0.928125,0.627245460709118,1.0,1.0,0,0,1.0,,,1.0,1.0,0,0,1.0,,,1.0,1.0,0,0,1.0,,,1.0,1.0,0,0,1.0,,
volcanoes-e3,mlp-nosuite,0.928125,0.9976453892625607,1.0,1.0,0,0,1.0,,,1.0,1.0,0,0,1.0,,,1.0,1.0,0,0,1.0,,,1.0,1.0,0,0,1.0,,
volcanoes-e3,mlp-nosuite,0.928125,0.9043672523640722,1.0,1.0,0,0,1.0,,,1.0,1.0,0,0,1.0,,,1.0,1.0,0,0,1.0,,,1.0,1.0,0,0,1.0,,
volcanoes-e3,mlp-nosuite,0.928125,0.9844628390327433,1.0,1.0,0,0,1.0,,,1.0,1.0,0,0,1.0,,,1.0,1.0,0,0,1.0,,,1.0,1.0,0,0,1.0,,
volcanoes-e3,mlp-nosuite,0.928125,0.9729194139010637,1.0,1.0,0,0,1.0,,,1.0,1.0,0,0,1.0,,,1.0,1.0,0,0,1.0,,,1.0,1.0,0,0,1.0,,
volcanoes-e3,mlp-nosuite,0.928125,0.9738914417542718,1.0,1.0,0,0,1.0,,,1.0,1.0,0,0,1.0,,,1.0,1.0,0,0,1.0,,,1.0,1.0,0,0,1.0,,
volcanoes-e3,mlp-nosuite,0.928125,0.9982598763394324,1.0,1.0,0,0,1.0,,1.0,1.0,1.0,0,0,1.0,,1.0,1.0,1.0,0,0,1.0,,1.0,1.0,1.0,0,0,1.0,,1.0
volcanoes-e3,mlp-nosuite,0.928125,0.98767353153252,1.0,1.0,0,0,1.0,,,1.0,1.0,0,0,1.0,,,1.0,1.0,0,0,1.0,,,1.0,1.0,0,0,1.0,,
volcanoes-e3,mlp-nosuite,0.928125,0.813012277960032,1.0,1.0,0,0,1.0,,,1.0,1.0,0,0,1.0,,,1.0,1.0,0,0,1.0,,,1.0,1.0,0,0,1.0,,
volcanoes-e3,mlp-nosuite,0.928125,0.954561011518654,1.0,1.0,0,0,1.0,,,1.0,1.0,0,0,1.0,,,1.0,1.0,0,0,1.0,,,1.0,1.0,0,0,1.0,,
volcanoes-e3,mlp-nosuite,0.928125,0.9901271666353979,1.0,1.0,0,0,1.0,,,1.0,1.0,0,0,1.0,,,1.0,1.0,0,0,1.0,,,1.0,1.0,0,0,1.0,,
volcanoes-e3,mlp-nosuite,0.928125,0.973633096381923,1.0,1.0,0,0,1.0,,,1.0,1.0,0,0,1.0,,,1.0,1.0,0,0,1.0,,,1.0,1.0,0,0,1.0,,
volcanoes-e3,mlp-nosuite,0.928125,0.9839231080526765,1.0,1.0,0,0,1.0,,,1.0,1.0,0,0,1.0,,,1.0,1.0,0,0,1.0,,,1.0,1.0,0,0,1.0,,
volcanoes-e3,mlp-nosuite,0.928125,0.9805324583565673,1.0,1.0,0,0,1.0,,,1.0,1.0,0,0,1.0,,,1.0,1.0,0,0,1.0,,,1.0,1.0,0,0,1.0,,
volcanoes-e3,mlp-nosuite,0.928125,0.945113704386381,1.0,1.0,0,0,1.0,,,1.0,1.0,0,0,1.0,,,1.0,1.0,0,0,1.0,,,1.0,1.0,0,0,1.0,,
volcanoes-e3,mlp-nosuite,0.928125,0.9039677350386747,1.0,1.0,0,0,1.0,,,1.0,1.0,0,0,1.0,,,1.0,1.0,0,0,1.0,,,1.0,1.0,0,0,1.0,,
volcanoes-e3,mlp-nosuite,0.928125,0.9957939043303504,1.0,1.0,0,0,1.0,,,1.0,1.0,0,0,1.0,,,1.0,1.0,0,0,1.0,,,1.0,1.0,0,0,1.0,,
volcanoes-e3,mlp-nosuite,0.928125,0.966192177029734,1.0,1.0,0,0,1.0,,,1.0,1.0,0,0,1.0,,,1.0,1.0,0,0,1.0,,,1.0,1.0,0,0,1.0,,
volcanoes-e3,mlp-nosuite,0.928125,0.7116421086480984,1.0,1.0,0,0,1.0,,,1.0,1.0,0,0,1.0,,,1.0,1.0,0,0,1.0,,,1.0,1.0,0,0,1.0,,
volcanoes-e3,mlp-nosuite,0.928125,0.99164754718807,1.0,1.0,0,0,1.0,,,1.0,1.0,0,0,1.0,,,1.0,1.0,0,0,1.0,,,1.0,1.0,0,0,1.0,,
volcanoes-e3,mlp-nosuite,0.928125,0.9878115925308092,1.0,1.0,0,0,1.0,,,1.0,1.0,0,0,1.0,,,1.0,1.0,0,0,1.0,,,1.0,1.0,0,0,1.0,,
volcanoes-e3,mlp-nosuite,0.928125,0.6910608872376509,1.0,1.0,0,0,1.0,,,1.0,1.0,0,0,1.0,,,1.0,1.0,0,0,1.0,,,1.0,1.0,0,0,1.0,,
volcanoes-e3,mlp-nosuite,0.928125,0.9806701438048557,1.0,1.0,0,0,1.0,,,1.0,1.0,0,0,1.0,,,1.0,1.0,0,0,1.0,,,1.0,1.0,0,0,1.0,,
volcanoes-e3,mlp-nosuite,0.928125,0.9894333799840711,1.0,1.0,0,0,1.0,,,1.0,1.0,0,0,1.0,,,1.0,1.0,0,0,1.0,,,1.0,1.0,0,0,1.0,,
volcanoes-e3,mlp-nosuite,0.928125,0.9710372655677888,1.0,1.0,0,0,1.0,,,1.0,1.0,0,0,1.0,,,1.0,1.0,0,0,1.0,,,1.0,1.0,0,0,1.0,,
volcanoes-e3,mlp-nosuite,0.928125,0.9968309785499465,1.0,1.0,0,0,1.0,,,1.0,1.0,0,0,1.0,,,1.0,1.0,0,0,1.0,,,1.0,1.0,0,0,1.0,,
volcanoes-e3,mlp-nosuite,0.928125,0.9967938041972328,1.0,1.0,0,0,1.0,,,1.0,1.0,0,0,1.0,,,1.0,1.0,0,0,1.0,,,1.0,1.0,0,0,1.0,,
volcanoes-e3,mlp-nosuite,0.928125,0.9965653672694528,1.0,1.0,0,0,1.0,,,1.0,1.0,0,0,1.0,,,1.0,1.0,0,0,1.0,,,1.0,1.0,0,0,1.0,,
volcanoes-e3,mlp-nosuite,0.928125,0.9752017896626626,1.0,1.0,0,0,1.0,,,1.0,1.0,0,0,1.0,,,1.0,1.0,0,0,1.0,,,1.0,1.0,0,0,1.0,,
volcanoes-e3,mlp-nosuite,0.928125,0.990742670260493,1.0,1.0,0,0,1.0,,,1.0,1.0,0,0,1.0,,,1.0,1.0,0,0,1.0,,,1.0,1.0,0,0,1.0,,
volcanoes-e3,mlp-nosuite,0.928125,0.9831457624833377,1.0,1.0,0,0,1.0,,,1.0,1.0,0,0,1.0,,,1.0,1.0,0,0,1.0,,,1.0,1.0,0,0,1.0,,
volcanoes-e3,mlp-nosuite,0.928125,0.9815614390971699,1.0,1.0,0,0,1.0,,,1.0,1.0,0,0,1.0,,,1.0,1.0,0,0,1.0,,,1.0,1.0,0,0,1.0,,
volcanoes-e3,mlp-nosuite,0.928125,0.6637262716039133,1.0,1.0,0,0,1.0,,,1.0,1.0,0,0,1.0,,,1.0,1.0,0,0,1.0,,,1.0,1.0,0,0,1.0,,
volcanoes-e3,mlp-nosuite,0.928125,0.9801176565334113,1.0,1.0,0,0,1.0,,,1.0,1.0,0,0,1.0,,,1.0,1.0,0,0,1.0,,,1.0,1.0,0,0,1.0,,
volcanoes-e3,mlp-nosuite,0.928125,0.9859402009235966,1.0,1.0,0,0,1.0,,,1.0,1.0,0,0,1.0,,,1.0,1.0,0,0,1.0,,,1.0,1.0,0,0,1.0,,
volcanoes-e3,mlp-nosuite,0.928125,0.9976998136841754,1.0,1.0,0,0,1.0,,,1.0,1.0,0,0,1.0,,,1.0,1.0,0,0,1.0,,,1.0,1.0,0,0,1.0,,
volcanoes-e3,mlp-nosuite,0.928125,0.9660058073314898,1.0,1.0,0,0,1.0,,1.0,1.0,1.0,0,0,1.0,,1.0,1.0,1.0,0,0,1.0,,1.0,1.0,1.0,0,0,1.0,,1.0
volcanoes-e3,mlp-nosuite,0.928125,0.9434949881161045,1.0,1.0,0,0,1.0,,,1.0,1.0,0,0,1.0,,,1.0,1.0,0,0,1.0,,,1.0,1.0,0,0,1.0,,
volcanoes-e3,mlp-nosuite,0.928125,0.994126331253598,1.0,1.0,0,0,1.0,,,1.0,1.0,0,0,1.0,,,1.0,1.0,0,0,1.0,,,1.0,1.0,0,0,1.0,,
volcanoes-e3,mlp-nosuite,0.928125,0.880385637974712,1.0,1.0,0,0,1.0,,,1.0,1.0,0,0,1.0,,,1.0,1.0,0,0,1.0,,,1.0,1.0,0,0,1.0,,
volcanoes-e3,mlp-nosuite,0.928125,0.9604548272802144,1.0,1.0,0,0,1.0,,,1.0,1.0,0,0,1.0,,,1.0,1.0,0,0,1.0,,,1.0,1.0,0,0,1.0,,
volcanoes-e4,mlp-nosuite,0.9361022364217252,0.9145841837950065,1.0,1.0,0,0,1.0,,,1.0,1.0,0,0,1.0,,,1.0,1.0,0,0,1.0,,,1.0,1.0,0,0,1.0,,
volcanoes-e4,mlp-nosuite,0.9361022364217252,0.984490908517076,1.0,1.0,0,0,1.0,,,1.0,1.0,0,0,1.0,,,1.0,1.0,0,0,1.0,,,1.0,1.0,0,0,1.0,,
volcanoes-e4,mlp-nosuite,0.9361022364217252,0.6705861740116833,1.0,1.0,0,0,1.0,,,1.0,1.0,0,0,1.0,,,1.0,1.0,0,0,1.0,,,1.0,1.0,0,0,1.0,,
volcanoes-e4,mlp-nosuite,0.9361022364217252,0.9906700806998471,1.0,1.0,0,0,1.0,,,1.0,1.0,0,0,1.0,,,1.0,1.0,0,0,1.0,,,1.0,1.0,0,0,1.0,,
volcanoes-e4,mlp-nosuite,0.9361022364217252,0.6002362160449333,1.0,1.0,0,0,1.0,,,1.0,1.0,0,0,1.0,,,1.0,1.0,0,0,1.0,,,1.0,1.0,0,0,1.0,,
volcanoes-e4,mlp-nosuite,0.9361022364217252,0.9995687320120945,1.0,1.0,0,0,1.0,,,1.0,1.0,0,0,1.0,,,1.0,1.0,0,0,1.0,,,1.0,1.0,0,0,1.0,,
volcanoes-e4,mlp-nosuite,0.9361022364217252,0.5451548642154667,0.967741935483871,0.967741935483871,0,0,0.967741935483871,,1.0,0.967741935483871,0.967741935483871,0,0,0.967741935483871,,1.0,0.967741935483871,0.967741935483871,0,0,0.967741935483871,,1.0,0.967741935483871,0.967741935483871,0,0,0.967741935483871,,1.0
volcanoes-e4,mlp-nosuite,0.9361022364217252,0.9965930864221859,1.0,1.0,0,0,1.0,,,1.0,1.0,0,0,1.0,,,1.0,1.0,0,0,1.0,,,1.0,1.0,0,0,1.0,,
volcanoes-e4,mlp-nosuite,0.9361022364217252,0.9100039546908348,1.0,1.0,0,0,1.0,,1.0,1.0,1.0,0,0,1.0,,1.0,1.0,1.0,0,0,1.0,,1.0,1.0,1.0,0,0,1.0,,1.0
volcanoes-e4,mlp-nosuite,0.9361022364217252,0.9972100413199217,1.0,1.0,0,0,1.0,,1.0,1.0,1.0,0,0,1.0,,1.0,1.0,1.0,0,0,1.0,,1.0,1.0,1.0,0,0,1.0,,1.0
volcanoes-e4,mlp-nosuite,0.9361022364217252,0.8772145845246794,1.0,1.0,0,0,1.0,,,1.0,1.0,0,0,1.0,,,1.0,1.0,0,0,1.0,,,1.0,1.0,0,0,1.0,,
volcanoes-e4,mlp-nosuite,0.9361022364217252,0.996573473506815,1.0,1.0,0,0,1.0,,,1.0,1.0,0,0,1.0,,,1.0,1.0,0,0,1.0,,,1.0,1.0,0,0,1.0,,
volcanoes-e4,mlp-nosuite,0.9361022364217252,0.9336182679425266,1.0,1.0,0,0,1.0,,,1.0,1.0,0,0,1.0,,,1.0,1.0,0,0,1.0,,,1.0,1.0,0,0,1.0,,
volcanoes-e4,mlp-nosuite,0.9361022364217252,0.9815564586729213,1.0,1.0,0,0,1.0,,,1.0,1.0,0,0,1.0,,,1.0,1.0,0,0,1.0,,,1.0,1.0,0,0,1.0,,
volcanoes-e4,mlp-nosuite,0.9361022364217252,0.9930185564963998,1.0,1.0,0,0,1.0,,,1.0,1.0,0,0,1.0,,,1.0,1.0,0,0,1.0,,,1.0,1.0,0,0,1.0,,
volcanoes-e4,mlp-nosuite,0.9361022364217252,0.9112706087840382,1.0,1.0,0,0,1.0,,,1.0,1.0,0,0,1.0,,,1.0,1.0,0,0,1.0,,,1.0,1.0,0,0,1.0,,
volcanoes-e4,mlp-nosuite,0.9361022364217252,0.9930426792767173,1.0,1.0,0,0,1.0,,,1.0,1.0,0,0,1.0,,,1.0,1.0,0,0,1.0,,,1.0,1.0,0,0,1.0,,
volcanoes-e4,mlp-nosuite,0.9361022364217252,0.993909748568294,1.0,1.0,0,0,1.0,,,1.0,1.0,0,0,1.0,,,1.0,1.0,0,0,1.0,,,1.0,1.0,0,0,1.0,,
volcanoes-e4,mlp-nosuite,0.9361022364217252,0.8923439028154517,1.0,1.0,0,0,1.0,,,1.0,1.0,0,0,1.0,,,1.0,1.0,0,0,1.0,,,1.0,1.0,0,0,1.0,,
volcanoes-e4,mlp-nosuite,0.9361022364217252,0.9823164670170058,1.0,1.0,0,0,1.0,,,1.0,1.0,0,0,1.0,,,1.0,1.0,0,0,1.0,,,1.0,1.0,0,0,1.0,,
volcanoes-e4,mlp-nosuite,0.9361022364217252,0.49737828240158766,0.967741935483871,0.967741935483871,0,0,0.967741935483871,,0.9032258064516129,0.967741935483871,0.967741935483871,0,0,0.967741935483871,,0.9032258064516129,0.967741935483871,0.967741935483871,0,0,0.967741935483871,,0.9032258064516129,0.967741935483871,0.967741935483871,0,0,0.967741935483871,,0.9032258064516129
volcanoes-e4,mlp-nosuite,0.9361022364217252,0.9936658660576704,1.0,1.0,0,0,1.0,,,1.0,1.0,0,0,1.0,,,1.0,1.0,0,0,1.0,,,1.0,1.0,0,0,1.0,,
volcanoes-e4,mlp-nosuite,0.9361022364217252,0.9879809194072382,1.0,1.0,0,0,1.0,,,1.0,1.0,0,0,1.0,,,1.0,1.0,0,0,1.0,,,1.0,1.0,0,0,1.0,,
volcanoes-e4,mlp-nosuite,0.9361022364217252,0.966755518561763,1.0,1.0,0,0,1.0,,,1.0,1.0,0,0,1.0,,,1.0,1.0,0,0,1.0,,,1.0,1.0,0,0,1.0,,
volcanoes-e4,mlp-nosuite,0.9361022364217252,0.9995030736227946,1.0,1.0,0,0,1.0,,,1.0,1.0,0,0,1.0,,,1.0,1.0,0,0,1.0,,,1.0,1.0,0,0,1.0,,
volcanoes-e4,mlp-nosuite,0.9361022364217252,0.9110917773130478,1.0,1.0,0,0,1.0,,,1.0,1.0,0,0,1.0,,,1.0,1.0,0,0,1.0,,,1.0,1.0,0,0,1.0,,
volcanoes-e4,mlp-nosuite,0.9361022364217252,0.7293181330429733,1.0,1.0,0,0,1.0,,,1.0,1.0,0,0,1.0,,,1.0,1.0,0,0,1.0,,,1.0,1.0,0,0,1.0,,
volcanoes-e4,mlp-nosuite,0.9361022364217252,0.9444192841004654,1.0,1.0,0,0,1.0,,,1.0,1.0,0,0,1.0,,,1.0,1.0,0,0,1.0,,,1.0,1.0,0,0,1.0,,
volcanoes-e4,mlp-nosuite,0.9361022364217252,0.9834771945040867,1.0,1.0,0,0,1.0,,,1.0,1.0,0,0,1.0,,,1.0,1.0,0,0,1.0,,,1.0,1.0,0,0,1.0,,
volcanoes-e4,mlp-nosuite,0.9361022364217252,0.9548532396494176,1.0,1.0,0,0,1.0,,,1.0,1.0,0,0,1.0,,,1.0,1.0,0,0,1.0,,,1.0,1.0,0,0,1.0,,
volcanoes-e4,mlp-nosuite,0.9361022364217252,0.995246986983472,1.0,1.0,0,0,1.0,,,1.0,1.0,0,0,1.0,,,1.0,1.0,0,0,1.0,,,1.0,1.0,0,0,1.0,,
volcanoes-e4,mlp-nosuite,0.9361022364217252,0.9685771725642282,1.0,1.0,0,0,1.0,,,1.0,1.0,0,0,1.0,,,1.0,1.0,0,0,1.0,,,1.0,1.0,0,0,1.0,,
volcanoes-e4,mlp-nosuite,0.9361022364217252,0.9972535158907825,1.0,1.0,0,0,1.0,,,1.0,1.0,0,0,1.0,,,1.0,1.0,0,0,1.0,,,1.0,1.0,0,0,1.0,,
volcanoes-e4,mlp-nosuite,0.9361022364217252,0.9992390159111785,1.0,1.0,0,0,1.0,,,1.0,1.0,0,0,1.0,,,1.0,1.0,0,0,1.0,,,1.0,1.0,0,0,1.0,,
volcanoes-e4,mlp-nosuite,0.9361022364217252,0.996660927312435,1.0,1.0,0,0,1.0,,1.0,1.0,1.0,0,0,1.0,,1.0,1.0,1.0,0,0,1.0,,1.0,1.0,1.0,0,0,1.0,,1.0
volcanoes-e4,mlp-nosuite,0.9361022364217252,0.8028902059769378,1.0,1.0,0,0,1.0,,,1.0,1.0,0,0,1.0,,,1.0,1.0,0,0,1.0,,,1.0,1.0,0,0,1.0,,
volcanoes-e4,mlp-nosuite,0.9361022364217252,0.8981545187013191,1.0,1.0,0,0,1.0,,,1.0,1.0,0,0,1.0,,,1.0,1.0,0,0,1.0,,,1.0,1.0,0,0,1.0,,
volcanoes-e4,mlp-nosuite,0.9361022364217252,0.9919928849333001,1.0,1.0,0,0,1.0,,,1.0,1.0,0,0,1.0,,,1.0,1.0,0,0,1.0,,,1.0,1.0,0,0,1.0,,
volcanoes-e4,mlp-nosuite,0.9361022364217252,0.9931802352356531,1.0,1.0,0,0,1.0,,,1.0,1.0,0,0,1.0,,,1.0,1.0,0,0,1.0,,,1.0,1.0,0,0,1.0,,
volcanoes-e4,mlp-nosuite,0.9361022364217252,0.940425060064483,1.0,1.0,0,0,1.0,,,1.0,1.0,0,0,1.0,,,1.0,1.0,0,0,1.0,,,1.0,1.0,0,0,1.0,,
volcanoes-e4,mlp-nosuite,0.9361022364217252,0.998348728719949,1.0,1.0,0,0,1.0,,,1.0,1.0,0,0,1.0,,,1.0,1.0,0,0,1.0,,,1.0,1.0,0,0,1.0,,
volcanoes-e4,mlp-nosuite,0.9361022364217252,0.9870541720741687,1.0,1.0,0,0,1.0,,,1.0,1.0,0,0,1.0,,,1.0,1.0,0,0,1.0,,,1.0,1.0,0,0,1.0,,
volcanoes-e4,mlp-nosuite,0.9361022364217252,0.9324237428715328,1.0,1.0,0,0,1.0,,,1.0,1.0,0,0,1.0,,,1.0,1.0,0,0,1.0,,,1.0,1.0,0,0,1.0,,
volcanoes-e4,mlp-nosuite,0.9361022364217252,0.9975704775789559,1.0,1.0,0,0,1.0,,,1.0,1.0,0,0,1.0,,,1.0,1.0,0,0,1.0,,,1.0,1.0,0,0,1.0,,
volcanoes-e4,mlp-nosuite,0.9361022364217252,0.993799696428131,1.0,1.0,0,0,1.0,,,1.0,1.0,0,0,1.0,,,1.0,1.0,0,0,1.0,,,1.0,1.0,0,0,1.0,,
volcanoes-e4,mlp-nosuite,0.9361022364217252,0.44907616994148297,0.967741935483871,0.967741935483871,0,0,1.0,,,0.967741935483871,0.967741935483871,0,0,1.0,,,0.967741935483871,0.967741935483871,0,0,1.0,,,0.967741935483871,0.967741935483871,0,0,1.0,,
volcanoes-e4,mlp-nosuite,0.9361022364217252,0.9842481028259251,1.0,1.0,0,0,1.0,,,1.0,1.0,0,0,1.0,,,1.0,1.0,0,0,1.0,,,1.0,1.0,0,0,1.0,,
volcanoes-e4,mlp-nosuite,0.9361022364217252,0.9932199032205896,1.0,1.0,0,0,1.0,,1.0,1.0,1.0,0,0,1.0,,1.0,1.0,1.0,0,0,1.0,,1.0,1.0,1.0,0,0,1.0,,1.0
volcanoes-e4,mlp-nosuite,0.9361022364217252,0.9966669932898349,1.0,1.0,0,0,1.0,,,1.0,1.0,0,0,1.0,,,1.0,1.0,0,0,1.0,,,1.0,1.0,0,0,1.0,,
volcanoes-e4,mlp-nosuite,0.9361022364217252,0.996776790292177,1.0,1.0,0,0,1.0,,,1.0,1.0,0,0,1.0,,,1.0,1.0,0,0,1.0,,,1.0,1.0,0,0,1.0,,
volcanoes-e5,mlp-nosuite,0.9064748201438849,0.8977192015979557,1.0,1.0,0,0,1.0,,,1.0,1.0,0,0,1.0,,,1.0,1.0,0,0,1.0,,,1.0,1.0,0,0,1.0,,
volcanoes-e5,mlp-nosuite,0.9064748201438849,0.9753399787884336,1.0,1.0,0,0,1.0,,1.0,1.0,1.0,0,0,1.0,,1.0,1.0,1.0,0,0,1.0,,1.0,1.0,1.0,0,0,1.0,,1.0
volcanoes-e5,mlp-nosuite,0.9064748201438849,0.9734732615220976,1.0,1.0,0,0,1.0,,,1.0,1.0,0,0,1.0,,,1.0,1.0,0,0,1.0,,,1.0,1.0,0,0,1.0,,
volcanoes-e5,mlp-nosuite,0.9064748201438849,0.9202076900970316,1.0,1.0,0,0,1.0,,,1.0,1.0,0,0,1.0,,,1.0,1.0,0,0,1.0,,,1.0,1.0,0,0,1.0,,
volcanoes-e5,mlp-nosuite,0.9064748201438849,0.9775482324639899,1.0,1.0,0,0,1.0,,1.0,1.0,1.0,0,0,1.0,,1.0,1.0,1.0,0,0,1.0,,1.0,1.0,1.0,0,0,1.0,,1.0
volcanoes-e5,mlp-nosuite,0.9064748201438849,0.940117540854863,1.0,1.0,0,0,1.0,,,1.0,1.0,0,0,1.0,,,1.0,1.0,0,0,1.0,,,1.0,1.0,0,0,1.0,,
volcanoes-e5,mlp-nosuite,0.9064748201438849,0.6504350340897987,1.0,0.9629629629629629,0,0,1.0,,0.7407407407407407,1.0,0.9629629629629629,0,0,1.0,,0.7407407407407407,1.0,0.9629629629629629,0,0,1.0,,0.7407407407407407,1.0,0.9629629629629629,0,0,1.0,,0.7407407407407407
volcanoes-e5,mlp-nosuite,0.9064748201438849,0.9799487683846747,1.0,1.0,0,0,1.0,,,1.0,1.0,0,0,1.0,,,1.0,1.0,0,0,1.0,,,1.0,1.0,0,0,1.0,,
volcanoes-e5,mlp-nosuite,0.9064748201438849,0.9450048053451994,1.0,1.0,0,0,1.0,,1.0,1.0,1.0,0,0,1.0,,1.0,1.0,1.0,0,0,1.0,,1.0,1.0,1.0,0,0,1.0,,1.0
volcanoes-e5,mlp-nosuite,0.9064748201438849,0.9890776918904468,1.0,1.0,0,0,1.0,,,1.0,1.0,0,0,1.0,,,1.0,1.0,0,0,1.0,,,1.0,1.0,0,0,1.0,,
volcanoes-e5,mlp-nosuite,0.9064748201438849,0.9736719035397909,1.0,1.0,0,0,1.0,,,1.0,1.0,0,0,1.0,,,1.0,1.0,0,0,1.0,,,1.0,1.0,0,0,1.0,,
volcanoes-e5,mlp-nosuite,0.9064748201438849,0.930415001586801,1.0,1.0,0,0,1.0,,,1.0,1.0,0,0,1.0,,,1.0,1.0,0,0,1.0,,,1.0,1.0,0,0,1.0,,
volcanoes-e5,mlp-nosuite,0.9064748201438849,0.5419726242092155,0.9629629629629629,0.9629629629629629,0,0,1.0,,1.0,0.9629629629629629,0.9629629629629629,0,0,1.0,,1.0,0.9629629629629629,0.9629629629629629,0,0,1.0,,1.0,0.9629629629629629,0.9629629629629629,0,0,1.0,,1.0
volcanoes-e5,mlp-nosuite,0.9064748201438849,0.9643194017768363,1.0,1.0,0,0,1.0,,,1.0,1.0,0,0,1.0,,,1.0,1.0,0,0,1.0,,,1.0,1.0,0,0,1.0,,
volcanoes-e5,mlp-nosuite,0.9064748201438849,0.9811920363706872,1.0,1.0,0,0,1.0,,,1.0,1.0,0,0,1.0,,,1.0,1.0,0,0,1.0,,,1.0,1.0,0,0,1.0,,
volcanoes-e5,mlp-nosuite,0.9064748201438849,0.9899271633671441,1.0,1.0,0,0,1.0,,,1.0,1.0,0,0,1.0,,,1.0,1.0,0,0,1.0,,,1.0,1.0,0,0,1.0,,
volcanoes-e5,mlp-nosuite,0.9064748201438849,0.8524958686972626,1.0,1.0,0,0,1.0,,,1.0,1.0,0,0,1.0,,,1.0,1.0,0,0,1.0,,,1.0,1.0,0,0,1.0,,
volcanoes-e5,mlp-nosuite,0.9064748201438849,0.9856367728917292,1.0,1.0,0,0,1.0,,,1.0,1.0,0,0,1.0,,,1.0,1.0,0,0,1.0,,,1.0,1.0,0,0,1.0,,
volcanoes-e5,mlp-nosuite,0.9064748201438849,0.9778180945010956,1.0,1.0,0,0,1.0,,1.0,1.0,1.0,0,0,1.0,,1.0,1.0,1.0,0,0,1.0,,1.0,1.0,1.0,0,0,1.0,,1.0
volcanoes-e5,mlp-nosuite,0.9064748201438849,0.7307628601964115,1.0,1.0,0,0,1.0,,1.0,1.0,1.0,0,0,1.0,,1.0,1.0,1.0,0,0,1.0,,1.0,1.0,1.0,0,0,1.0,,1.0
volcanoes-e5,mlp-nosuite,0.9064748201438849,0.9768276242719063,1.0,1.0,0,0,1.0,,1.0,1.0,1.0,0,0,1.0,,1.0,1.0,1.0,0,0,1.0,,1.0,1.0,1.0,0,0,1.0,,1.0
volcanoes-e5,mlp-nosuite,0.9064748201438849,0.9848511234928314,1.0,1.0,0,0,1.0,,1.0,1.0,1.0,0,0,1.0,,1.0,1.0,1.0,0,0,1.0,,1.0,1.0,1.0,0,0,1.0,,1.0
volcanoes-e5,mlp-nosuite,0.9064748201438849,0.9621279526091595,1.0,1.0,0,0,1.0,,,1.0,1.0,0,0,1.0,,,1.0,1.0,0,0,1.0,,,1.0,1.0,0,0,1.0,,
volcanoes-e5,mlp-nosuite,0.9064748201438849,0.9572860656408175,1.0,1.0,0,0,1.0,,,1.0,1.0,0,0,1.0,,,1.0,1.0,0,0,1.0,,,1.0,1.0,0,0,1.0,,
volcanoes-e5,mlp-nosuite,0.9064748201438849,0.9870970153369493,1.0,1.0,0,0,1.0,,,1.0,1.0,0,0,1.0,,,1.0,1.0,0,0,1.0,,,1.0,1.0,0,0,1.0,,
volcanoes-e5,mlp-nosuite,0.9064748201438849,0.9241307843529003,1.0,1.0,0,0,1.0,,,1.0,1.0,0,0,1.0,,,1.0,1.0,0,0,1.0,,,1.0,1.0,0,0,1.0,,
volcanoes-e5,mlp-nosuite,0.9064748201438849,0.9949406305601703,1.0,1.0,0,0,1.0,,,1.0,1.0,0,0,1.0,,,1.0,1.0,0,0,1.0,,,1.0,1.0,0,0,1.0,,
volcanoes-e5,mlp-nosuite,0.9064748201438849,0.9769660885723982,1.0,1.0,0,0,1.0,,,1.0,1.0,0,0,1.0,,,1.0,1.0,0,0,1.0,,,1.0,1.0,0,0,1.0,,
volcanoes-e5,mlp-nosuite,0.9064748201438849,0.9900556085794395,1.0,1.0,0,0,1.0,,,1.0,1.0,0,0,1.0,,,1.0,1.0,0,0,1.0,,,1.0,1.0,0,0,1.0,,
volcanoes-e5,mlp-nosuite,0.9064748201438849,0.9938234564257568,1.0,1.0,0,0,1.0,,,1.0,1.0,0,0,1.0,,,1.0,1.0,0,0,1.0,,,1.0,1.0,0,0,1.0,,
volcanoes-e5,mlp-nosuite,0.9064748201438849,0.983405252872994,1.0,1.0,0,0,1.0,,,1.0,1.0,0,0,1.0,,,1.0,1.0,0,0,1.0,,,1.0,1.0,0,0,1.0,,
volcanoes-e5,mlp-nosuite,0.9064748201438849,0.9767851767658768,1.0,1.0,0,0,1.0,,,1.0,1.0,0,0,1.0,,,1.0,1.0,0,0,1.0,,,1.0,1.0,0,0,1.0,,
volcanoes-e5,mlp-nosuite,0.9064748201438849,0.9363687012732129,1.0,1.0,0,0,1.0,,,1.0,1.0,0,0,1.0,,,1.0,1.0,0,0,1.0,,,1.0,1.0,0,0,1.0,,
volcanoes-e5,mlp-nosuite,0.9064748201438849,0.9419592035759701,1.0,1.0,0,0,1.0,,,1.0,1.0,0,0,1.0,,,1.0,1.0,0,0,1.0,,,1.0,1.0,0,0,1.0,,
volcanoes-e5,mlp-nosuite,0.9064748201438849,0.9078102796623171,1.0,1.0,0,0,1.0,,,1.0,1.0,0,0,1.0,,,1.0,1.0,0,0,1.0,,,1.0,1.0,0,0,1.0,,
volcanoes-e5,mlp-nosuite,0.9064748201438849,0.9821850430367507,1.0,1.0,0,0,1.0,,,1.0,1.0,0,0,1.0,,,1.0,1.0,0,0,1.0,,,1.0,1.0,0,0,1.0,,
volcanoes-e5,mlp-nosuite,0.9064748201438849,0.9781419556597057,1.0,1.0,0,0,1.0,,1.0,1.0,1.0,0,0,1.0,,1.0,1.0,1.0,0,0,1.0,,1.0,1.0,1.0,0,0,1.0,,1.0
volcanoes-e5,mlp-nosuite,0.9064748201438849,0.5939120815693956,0.9629629629629629,0.9629629629629629,0,0,0.9629629629629629,,0.8888888888888888,0.9629629629629629,0.9629629629629629,0,0,0.9629629629629629,,0.8888888888888888,0.9629629629629629,0.9629629629629629,0,0,0.9629629629629629,,0.8888888888888888,0.9629629629629629,0.9629629629629629,0,0,0.9629629629629629,,0.8888888888888888
volcanoes-e5,mlp-nosuite,0.9064748201438849,0.9526624965583034,1.0,1.0,0,0,1.0,,,1.0,1.0,0,0,1.0,,,1.0,1.0,0,0,1.0,,,1.0,1.0,0,0,1.0,,
volcanoes-e5,mlp-nosuite,0.9064748201438849,0.9421532036387004,1.0,1.0,0,0,1.0,,,1.0,1.0,0,0,1.0,,,1.0,1.0,0,0,1.0,,,1.0,1.0,0,0,1.0,,
volcanoes-e5,mlp-nosuite,0.9064748201438849,0.8024543690754237,1.0,1.0,0,0,1.0,,,1.0,1.0,0,0,1.0,,,1.0,1.0,0,0,1.0,,,1.0,1.0,0,0,1.0,,
volcanoes-e5,mlp-nosuite,0.9064748201438849,0.7255589639011585,1.0,1.0,0,0,1.0,,,1.0,1.0,0,0,1.0,,,1.0,1.0,0,0,1.0,,,1.0,1.0,0,0,1.0,,
volcanoes-e5,mlp-nosuite,0.9064748201438849,0.8610180789122389,1.0,1.0,0,0,1.0,,1.0,1.0,1.0,0,0,1.0,,1.0,1.0,1.0,0,0,1.0,,1.0,1.0,1.0,0,0,1.0,,1.0
volcanoes-e5,mlp-nosuite,0.9064748201438849,0.8648634085648277,1.0,1.0,0,0,1.0,,1.0,1.0,1.0,0,0,1.0,,1.0,1.0,1.0,0,0,1.0,,1.0,1.0,1.0,0,0,1.0,,1.0
volcanoes-e5,mlp-nosuite,0.9064748201438849,0.9950274322020126,1.0,1.0,0,0,1.0,,,1.0,1.0,0,0,1.0,,,1.0,1.0,0,0,1.0,,,1.0,1.0,0,0,1.0,,
volcanoes-e5,mlp-nosuite,0.9064748201438849,0.9436865954089037,1.0,1.0,0,0,1.0,,,1.0,1.0,0,0,1.0,,,1.0,1.0,0,0,1.0,,,1.0,1.0,0,0,1.0,,
volcanoes-e5,mlp-nosuite,0.9064748201438849,0.9945399888376054,1.0,1.0,0,0,1.0,,,1.0,1.0,0,0,1.0,,,1.0,1.0,0,0,1.0,,,1.0,1.0,0,0,1.0,,
volcanoes-e5,mlp-nosuite,0.9064748201438849,0.9706177271356083,1.0,1.0,0,0,1.0,,,1.0,1.0,0,0,1.0,,,1.0,1.0,0,0,1.0,,,1.0,1.0,0,0,1.0,,
volcanoes-e5,mlp-nosuite,0.9064748201438849,0.986807813659459,1.0,1.0,0,0,1.0,,1.0,1.0,1.0,0,0,1.0,,1.0,1.0,1.0,0,0,1.0,,1.0,1.0,1.0,0,0,1.0,,1.0
volcanoes-e5,mlp-nosuite,0.9064748201438849,0.9970820607766663,1.0,1.0,0,0,1.0,,1.0,1.0,1.0,0,0,1.0,,1.0,1.0,1.0,0,0,1.0,,1.0,1.0,1.0,0,0,1.0,,1.0
wine-quality-red,mlp-nosuite,0.605,0.333638468536376,0.85,0.8,0,0,0.725,,0.475,0.85,0.8,0,0,0.725,,0.475,0.85,0.8,0,0,0.725,,0.475,0.85,0.8000000000000002,0,0,0.7250000000000001,,0.47500000000000003
wine-quality-red,mlp-nosuite,0.605,0.792154043911867,0.65,0.8,0,0,0.625,,0.6,0.65,0.8,0,0,0.625,,0.6,0.65,0.8,0,0,0.625,,0.6,0.65,0.8000000000000002,0,0,0.625,,0.6
wine-quality-red,mlp-nosuite,0.605,0.8160029607375296,0.9,0.7,0,0,0.8,,0.7,0.9,0.7,0,0,0.8,,0.7,0.9,0.7,0,0,0.8,,0.7,0.9,0.7,0,0,0.8000000000000002,,0.7
wine-quality-red,mlp-nosuite,0.605,0.3838501130274896,0.825,0.775,0,0,0.725,0.4,0.75,0.825,0.775,0,0,0.725,0.4,0.75,0.825,0.775,0,0,0.725,0.4,0.75,0.825,0.775,0,0,0.7250000000000001,0.4000000000000001,0.75
wine-quality-red,mlp-nosuite,0.605,0.5121022960814283,0.775,0.7,0,0,0.675,,0.6,0.775,0.7,0,0,0.675,,0.6,0.775,0.7,0,0,0.675,,0.6,0.775,0.7,0,0,0.675,,0.6
wine-quality-red,mlp-nosuite,0.605,0.7181279067724299,0.925,0.875,0,0,0.8,,0.775,0.925,0.875,0,0,0.8,,0.775,0.925,0.875,0,0,0.8,,0.775,0.925,0.875,0,0,0.8000000000000002,,0.775
wine-quality-red,mlp-nosuite,0.605,0.4809311066590275,0.75,0.775,0,0,0.675,,0.8,0.75,0.775,0,0,0.675,,0.8,0.75,0.775,0,0,0.675,,0.8,0.75,0.775,0,0,0.675,,0.8000000000000002
wine-quality-red,mlp-nosuite,0.605,0.8268335000543864,0.925,0.9,0,0,0.95,,0.6,0.925,0.9,0,0,0.95,,0.6,0.925,0.9,0,0,0.95,,0.6,0.925,0.9,0,0,0.9500000000000001,,0.6
wine-quality-red,mlp-nosuite,0.605,0.6617418518273239,0.9,0.825,0,0,0.9,,0.85,0.9,0.825,0,0,0.9,,0.85,0.9,0.825,0,0,0.9,,0.85,0.9,0.825,0,0,0.9,,0.85
wine-quality-red,mlp-nosuite,0.605,0.4788560238930034,0.75,0.75,0,0,0.625,,0.575,0.75,0.75,0,0,0.625,,0.575,0.75,0.75,0,0,0.625,,0.575,0.75,0.75,0,0,0.625,,0.575
wine-quality-red,mlp-nosuite,0.605,0.6665593918702569,0.725,0.825,0,0,0.75,,0.875,0.725,0.825,0,0,0.75,,0.875,0.725,0.825,0,0,0.75,,0.875,0.7250000000000001,0.825,0,0,0.75,,0.875
wine-quality-red,mlp-nosuite,0.605,0.588652873708176,0.85,0.85,0,0,0.9,,0.775,0.85,0.85,0,0,0.9,,0.775,0.85,0.85,0,0,0.9,,0.775,0.85,0.85,0,0,0.9,,0.775
wine-quality-red,mlp-nosuite,0.605,0.719519982735343,0.85,0.925,0,0,0.9,,0.9,0.85,0.925,0,0,0.9,,0.9,0.85,0.925,0,0,0.9,,0.9,0.85,0.925,0,0,0.9,,0.9
wine-quality-red,mlp-nosuite,0.605,0.6531950822882236,0.8,0.875,0,0,0.9,,0.9,0.8,0.875,0,0,0.9,,0.9,0.8,0.875,0,0,0.9,,0.9,0.8000000000000002,0.875,0,0,0.9,,0.9
wine-quality-red,mlp-nosuite,0.605,0.8006250982987535,0.9,0.875,0,0,0.8,,0.825,0.9,0.875,0,0,0.8,,0.825,0.9,0.875,0,0,0.8,,0.825,0.9,0.875,0,0,0.8000000000000002,,0.825
wine-quality-red,mlp-nosuite,0.605,0.45675773500733485,0.65,0.775,0,0,0.8,,0.575,0.65,0.775,0,0,0.8,,0.575,0.65,0.775,0,0,0.8,,0.575,0.65,0.775,0,0,0.8000000000000002,,0.575
wine-quality-red,mlp-nosuite,0.605,0.6580412198886975,0.825,0.725,0,0,0.45,,0.525,0.825,0.725,0,0,0.45,,0.525,0.825,0.725,0,0,0.45,,0.525,0.825,0.7250000000000001,0,0,0.45,,0.525
wine-quality-red,mlp-nosuite,0.605,0.6076602291375108,0.8,0.725,0,0,0.625,,0.8,0.8,0.725,0,0,0.625,,0.8,0.8,0.725,0,0,0.625,,0.8,0.8000000000000002,0.7250000000000001,0,0,0.625,,0.8000000000000002
wine-quality-red,mlp-nosuite,0.605,0.7645386691414066,0.95,0.8,0,0,0.825,,0.65,0.95,0.8,0,0,0.825,,0.65,0.95,0.8,0,0,0.825,,0.65,0.9500000000000001,0.8000000000000002,0,0,0.825,,0.65
wine-quality-red,mlp-nosuite,0.605,0.3400465721768129,0.8,0.75,0,0,0.625,,0.6,0.8,0.75,0,0,0.625,,0.6,0.8,0.75,0,0,0.625,,0.6,0.8000000000000002,0.75,0,0,0.625,,0.6
wine-quality-red,mlp-nosuite,0.605,0.6097757709086327,0.85,0.775,0,0,0.85,,0.625,0.85,0.775,0,0,0.85,,0.625,0.85,0.775,0,0,0.85,,0.625,0.85,0.775,0,0,0.85,,0.625
wine-quality-red,mlp-nosuite,0.605,0.529649416240387,0.75,0.675,0,0,0.65,,0.6,0.75,0.675,0,0,0.65,,0.6,0.75,0.675,0,0,0.65,,0.6,0.75,0.675,0,0,0.65,,0.6
wine-quality-red,mlp-nosuite,0.605,0.4922870573735424,0.9,0.85,0,0,0.925,,0.675,0.9,0.85,0,0,0.925,,0.675,0.9,0.85,0,0,0.925,,0.675,0.9,0.85,0,0,0.925,,0.675
wine-quality-red,mlp-nosuite,0.605,0.699916171495982,0.825,0.75,0,0,0.75,,0.725,0.825,0.75,0,0,0.75,,0.725,0.825,0.75,0,0,0.75,,0.725,0.825,0.75,0,0,0.75,,0.7250000000000001
wine-quality-red,mlp-nosuite,0.605,0.5157092991496495,0.925,0.775,0,0,0.825,,0.575,0.925,0.775,0,0,0.825,,0.575,0.925,0.775,0,0,0.825,,0.575,0.925,0.775,0,0,0.825,,0.575
wine-quality-red,mlp-nosuite,0.605,0.691722790272182,0.775,0.725,0,0,0.475,,0.4,0.775,0.725,0,0,0.475,,0.4,0.775,0.725,0,0,0.475,,0.4,0.775,0.7250000000000001,0,0,0.47500000000000003,,0.4000000000000001
wine-quality-red,mlp-nosuite,0.605,0.4190316173662118,0.75,0.725,0,0,0.825,,0.55,0.75,0.725,0,0,0.825,,0.55,0.75,0.725,0,0,0.825,,0.55,0.75,0.7250000000000001,0,0,0.825,,0.55
wine-quality-red,mlp-nosuite,0.605,0.7570975985800353,0.95,0.9,0,0,0.975,,0.9,0.95,0.9,0,0,0.975,,0.9,0.95,0.9,0,0,0.975,,0.9,0.9500000000000001,0.9,0,0,0.975,,0.9
wine-quality-red,mlp-nosuite,0.605,0.7364793043227048,0.825,0.775,0,0,0.725,,0.7,0.825,0.775,0,0,0.725,,0.7,0.825,0.775,0,0,0.725,,0.7,0.825,0.775,0,0,0.7250000000000001,,0.7
wine-quality-red,mlp-nosuite,0.605,0.6111827169170149,0.9,0.9,0,0,0.9,,0.7,0.9,0.9,0,0,0.9,,0.7,0.9,0.9,0,0,0.9,,0.7,0.9,0.9,0,0,0.9,,0.7
wine-quality-red,mlp-nosuite,0.605,0.7778943393018467,0.85,0.95,0,0,0.95,,0.875,0.85,0.95,0,0,0.95,,0.875,0.85,0.95,0,0,0.95,,0.875,0.85,0.9500000000000001,0,0,0.9500000000000001,,0.875
wine-quality-red,mlp-nosuite,0.605,0.6479622055719421,0.775,0.725,0,0,0.725,,0.65,0.775,0.725,0,0,0.725,,0.65,0.775,0.725,0,0,0.725,,0.65,0.775,0.7250000000000001,0,0,0.7250000000000001,,0.65
wine-quality-red,mlp-nosuite,0.605,0.5291564846718899,0.775,0.775,0,0,0.725,,0.625,0.775,0.775,0,0,0.725,,0.625,0.775,0.775,0,0,0.725,,0.625,0.775,0.775,0,0,0.7250000000000001,,0.625
wine-quality-red,mlp-nosuite,0.605,0.4673083310709355,0.85,0.7,0,0,0.8,,0.625,0.85,0.7,0,0,0.8,,0.625,0.85,0.7,0,0,0.8,,0.625,0.85,0.7,0,0,0.8000000000000002,,0.625
wine-quality-red,mlp-nosuite,0.605,0.5747898863297033,0.775,0.825,0,0,0.625,,0.65,0.775,0.825,0,0,0.625,,0.65,0.775,0.825,0,0,0.625,,0.65,0.775,0.825,0,0,0.625,,0.65
wine-quality-red,mlp-nosuite,0.605,0.7171694165291803,0.8,0.8,0,0,0.625,,0.5,0.8,0.8,0,0,0.625,,0.5,0.8,0.8,0,0,0.625,,0.5,0.8000000000000002,0.8000000000000002,0,0,0.625,,0.5
wine-quality-red,mlp-nosuite,0.605,0.9834522771634103,1.0,0.975,0,0,0.9,,0.95,1.0,0.975,0,0,0.9,,0.95,1.0,0.975,0,0,0.9,,0.95,1.0,0.975,0,0,0.9,,0.9500000000000001
wine-quality-red,mlp-nosuite,0.605,0.49037985483945934,0.75,0.8,0,0,0.75,,0.8,0.75,0.8,0,0,0.75,,0.8,0.75,0.8,0,0,0.75,,0.8,0.75,0.8000000000000002,0,0,0.75,,0.8000000000000002
wine-quality-red,mlp-nosuite,0.605,0.6709631967561639,0.9,0.85,0,0,0.9,,0.65,0.9,0.85,0,0,0.9,,0.65,0.9,0.85,0,0,0.9,,0.65,0.9,0.85,0,0,0.9,,0.65
wine-quality-red,mlp-nosuite,0.605,0.7570688687614776,0.875,0.775,0,0,0.775,,0.4,0.875,0.775,0,0,0.775,,0.4,0.875,0.775,0,0,0.775,,0.4,0.875,0.775,0,0,0.775,,0.4000000000000001
wine-quality-red,mlp-nosuite,0.605,0.5478183296966133,0.675,0.725,0,0,0.65,,0.675,0.675,0.725,0,0,0.65,,0.675,0.675,0.725,0,0,0.65,,0.675,0.675,0.7250000000000001,0,0,0.65,,0.675
wine-quality-red,mlp-nosuite,0.605,0.6366387598050004,0.925,0.825,0,0,0.95,0.625,0.775,0.925,0.825,0,0,0.95,0.625,0.775,0.925,0.825,0,0,0.95,0.625,0.775,0.925,0.825,0,0,0.9500000000000001,0.625,0.775
wine-quality-red,mlp-nosuite,0.605,0.4941701000143828,0.85,0.8,0,0,0.75,,0.35,0.85,0.8,0,0,0.75,,0.35,0.85,0.8,0,0,0.75,,0.35,0.85,0.8000000000000002,0,0,0.75,,0.35
wine-quality-red,mlp-nosuite,0.605,0.6118598943801381,0.8,0.775,0,0,0.75,,0.725,0.8,0.775,0,0,0.75,,0.725,0.8,0.775,0,0,0.75,,0.725,0.8000000000000002,0.775,0,0,0.75,,0.7250000000000001
wine-quality-red,mlp-nosuite,0.605,0.5574196930937736,0.925,0.95,0,0,0.825,,0.625,0.925,0.95,0,0,0.825,,0.625,0.925,0.95,0,0,0.825,,0.625,0.925,0.9500000000000001,0,0,0.825,,0.625
wine-quality-red,mlp-nosuite,0.605,0.5972569043764269,0.7,0.65,0,0,0.575,,0.625,0.7,0.65,0,0,0.575,,0.625,0.7,0.65,0,0,0.575,,0.625,0.7,0.65,0,0,0.575,,0.625
wine-quality-red,mlp-nosuite,0.605,0.5737281046275147,0.825,0.75,0,0,0.9,,0.575,0.825,0.75,0,0,0.9,,0.575,0.825,0.75,0,0,0.9,,0.575,0.825,0.75,0,0,0.9,,0.575
wine-quality-red,mlp-nosuite,0.605,0.6048082015428862,0.75,0.775,0,0,0.675,,0.525,0.75,0.775,0,0,0.675,,0.525,0.75,0.775,0,0,0.675,,0.525,0.75,0.775,0,0,0.675,,0.525
wine-quality-red,mlp-nosuite,0.605,0.6470247508764749,0.825,0.85,0,0,0.8,,0.85,0.825,0.85,0,0,0.8,,0.85,0.825,0.85,0,0,0.8,,0.85,0.825,0.85,0,0,0.8000000000000002,,0.85
wine-quality-red,mlp-nosuite,0.605,0.5351557304278687,0.9,0.725,0,0,0.875,,0.825,0.9,0.725,0,0,0.875,,0.825,0.9,0.725,0,0,0.875,,0.825,0.9,0.7250000000000001,0,0,0.875,,0.825
maternal,mlp-nosuite,0.6929133858267716,0.8384182449394689,1.0,0.92,0,0,1.0,1.0,1.0,1.0,0.92,0,0,1.0,1.0,1.0,1.0,0.92,0,0,1.0,1.0,1.0,1.0,0.92,0,0,1.0,1.0,1.0
maternal,mlp-nosuite,0.6929133858267716,0.5084722956171559,1.0,1.0,0,0,1.0,0.8,0.8,1.0,1.0,0,0,1.0,0.8,0.8,1.0,1.0,0,0,1.0,0.8,0.8,1.0,1.0,0,0,1.0,0.8000000000000002,0.8000000000000002
maternal,mlp-nosuite,0.6929133858267716,0.5853256249837344,1.0,1.0,0,0,1.0,1.0,1.0,1.0,1.0,0,0,1.0,1.0,1.0,1.0,1.0,0,0,1.0,1.0,1.0,1.0,1.0,0,0,1.0,1.0,1.0
maternal,mlp-nosuite,0.6929133858267716,0.7815394119731501,1.0,1.0,0,0,0.96,0.96,1.0,1.0,1.0,0,0,0.96,0.96,1.0,1.0,1.0,0,0,0.96,0.96,1.0,1.0,1.0,0,0,0.96,0.96,1.0
maternal,mlp-nosuite,0.6929133858267716,0.9662041377985755,1.0,0.92,0,0,0.88,0.92,0.8,1.0,0.92,0,0,0.88,0.92,0.8,1.0,0.92,0,0,0.88,0.92,0.8,1.0,0.92,0,0,0.88,0.92,0.8000000000000002
maternal,mlp-nosuite,0.6929133858267716,0.9167010476240766,1.0,1.0,0,0,1.0,0.6,0.96,1.0,1.0,0,0,1.0,0.6,0.96,1.0,1.0,0,0,1.0,0.6,0.96,1.0,1.0,0,0,1.0,0.6,0.96
maternal,mlp-nosuite,0.6929133858267716,0.7634660814455999,1.0,1.0,0,0,1.0,1.0,1.0,1.0,1.0,0,0,1.0,1.0,1.0,1.0,1.0,0,0,1.0,1.0,1.0,1.0,1.0,0,0,1.0,1.0,1.0
maternal,mlp-nosuite,0.6929133858267716,0.7338605908856413,1.0,0.88,0,0,0.92,0.72,0.92,1.0,0.88,0,0,0.92,0.72,0.92,1.0,0.88,0,0,0.92,0.72,0.92,1.0,0.88,0,0,0.92,0.72,0.92
maternal,mlp-nosuite,0.6929133858267716,0.5760330063791604,0.88,0.8,0,0,0.88,0.64,0.56,0.88,0.8,0,0,0.88,0.64,0.56,0.88,0.8,0,0,0.88,0.64,0.56,0.88,0.8000000000000002,0,0,0.88,0.64,0.56
maternal,mlp-nosuite,0.6929133858267716,0.675715412802889,0.88,0.76,0,0,0.6,0.56,0.68,0.88,0.76,0,0,0.6,0.56,0.68,0.88,0.76,0,0,0.6,0.56,0.68,0.88,0.76,0,0,0.6,0.56,0.68
maternal,mlp-nosuite,0.6929133858267716,0.7957621980777584,0.92,0.92,0,0,0.96,0.96,0.92,0.92,0.92,0,0,0.96,0.96,0.92,0.92,0.92,0,0,0.96,0.96,0.92,0.92,0.92,0,0,0.96,0.96,0.92
maternal,mlp-nosuite,0.6929133858267716,0.756254190954889,1.0,0.92,0,0,0.92,0.96,0.92,1.0,0.92,0,0,0.92,0.96,0.92,1.0,0.92,0,0,0.92,0.96,0.92,1.0,0.92,0,0,0.92,0.96,0.92
maternal,mlp-nosuite,0.6929133858267716,0.9954627199728071,1.0,1.0,0,0,0.92,0.88,1.0,1.0,1.0,0,0,0.92,0.88,1.0,1.0,1.0,0,0,0.92,0.88,1.0,1.0,1.0,0,0,0.92,0.88,1.0
maternal,mlp-nosuite,0.6929133858267716,0.5163899797966142,1.0,1.0,0,0,1.0,1.0,1.0,1.0,1.0,0,0,1.0,1.0,1.0,1.0,1.0,0,0,1.0,1.0,1.0,1.0,1.0,0,0,1.0,1.0,1.0
maternal,mlp-nosuite,0.6929133858267716,0.9662041377985755,1.0,0.92,0,0,0.88,1.0,0.96,1.0,0.92,0,0,0.88,1.0,0.96,1.0,0.92,0,0,0.88,1.0,0.96,1.0,0.92,0,0,0.88,1.0,0.96
maternal,mlp-nosuite,0.6929133858267716,0.5135527791376475,0.8,0.88,0,0,0.84,0.8,0.88,0.8,0.88,0,0,0.84,0.8,0.88,0.8,0.88,0,0,0.84,0.8,0.88,0.8000000000000002,0.88,0,0,0.8399999999999999,0.8000000000000002,0.88
maternal,mlp-nosuite,0.6929133858267716,0.9111064515277695,0.92,1.0,0,0,0.92,1.0,1.0,0.92,1.0,0,0,0.92,1.0,1.0,0.92,1.0,0,0,0.92,1.0,1.0,0.92,1.0,0,0,0.92,1.0,1.0
maternal,mlp-nosuite,0.6929133858267716,0.8093017506616463,1.0,0.92,0,0,1.0,0.68,0.92,1.0,0.92,0,0,1.0,0.68,0.92,1.0,0.92,0,0,1.0,0.68,0.92,1.0,0.92,0,0,1.0,0.68,0.92
maternal,mlp-nosuite,0.6929133858267716,0.4616940090252346,0.8,0.88,0,0,0.52,0.84,0.96,0.8,0.88,0,0,0.52,0.84,0.96,0.8,0.88,0,0,0.52,0.84,0.96,0.8000000000000002,0.88,0,0,0.52,0.8399999999999999,0.96
maternal,mlp-nosuite,0.6929133858267716,0.655598539801142,0.92,0.92,0,0,1.0,0.96,0.84,0.92,0.92,0,0,1.0,0.96,0.84,0.92,0.92,0,0,1.0,0.96,0.84,0.92,0.92,0,0,1.0,0.96,0.8399999999999999
maternal,mlp-nosuite,0.6929133858267716,0.572323955419749,1.0,1.0,0,0,0.96,0.96,1.0,1.0,1.0,0,0,0.96,0.96,1.0,1.0,1.0,0,0,0.96,0.96,1.0,1.0,1.0,0,0,0.96,0.96,1.0
maternal,mlp-nosuite,0.6929133858267716,0.8139511986334017,1.0,0.92,0,0,1.0,1.0,1.0,1.0,0.92,0,0,1.0,1.0,1.0,1.0,0.92,0,0,1.0,1.0,1.0,1.0,0.92,0,0,1.0,1.0,1.0
maternal,mlp-nosuite,0.6929133858267716,0.4000215974439143,0.84,0.8,0,0,0.68,0.76,0.76,0.84,0.8,0,0,0.68,0.76,0.76,0.84,0.8,0,0,0.68,0.76,0.76,0.8399999999999999,0.8000000000000002,0,0,0.68,0.76,0.76
maternal,mlp-nosuite,0.6929133858267716,0.6215423202919699,1.0,1.0,0,0,1.0,1.0,1.0,1.0,1.0,0,0,1.0,1.0,1.0,1.0,1.0,0,0,1.0,1.0,1.0,1.0,1.0,0,0,1.0,1.0,1.0
maternal,mlp-nosuite,0.6929133858267716,0.6090512689941968,1.0,1.0,0,0,1.0,0.24,0.88,1.0,1.0,0,0,1.0,0.24,0.88,1.0,1.0,0,0,1.0,0.24,0.88,1.0,1.0,0,0,1.0,0.24,0.88
maternal,mlp-nosuite,0.6929133858267716,0.6032738075230649,1.0,0.8,0,0,1.0,0.28,0.92,1.0,0.8,0,0,1.0,0.28,0.92,1.0,0.8,0,0,1.0,0.28,0.92,1.0,0.8000000000000002,0,0,1.0,0.28,0.92
maternal,mlp-nosuite,0.6929133858267716,0.684879571777733,1.0,0.8,0,0,0.92,1.0,0.96,1.0,0.8,0,0,0.92,1.0,0.96,1.0,0.8,0,0,0.92,1.0,0.96,1.0,0.8000000000000002,0,0,0.92,1.0,0.96
maternal,mlp-nosuite,0.6929133858267716,0.8785253617620672,1.0,1.0,0,0,1.0,1.0,1.0,1.0,1.0,0,0,1.0,1.0,1.0,1.0,1.0,0,0,1.0,1.0,1.0,1.0,1.0,0,0,1.0,1.0,1.0
maternal,mlp-nosuite,0.6929133858267716,0.9575424165886675,1.0,0.92,0,0,0.88,1.0,0.96,1.0,0.92,0,0,0.88,1.0,0.96,1.0,0.92,0,0,0.88,1.0,0.96,1.0,0.92,0,0,0.88,1.0,0.96
maternal,mlp-nosuite,0.6929133858267716,0.6997588280717467,1.0,1.0,0,0,0.92,0.36,0.92,1.0,1.0,0,0,0.92,0.36,0.92,1.0,1.0,0,0,0.92,0.36,0.92,1.0,1.0,0,0,0.92,0.36,0.92
maternal,mlp-nosuite,0.6929133858267716,0.9662041377985755,1.0,0.92,0,0,0.88,1.0,0.8,1.0,0.92,0,0,0.88,1.0,0.8,1.0,0.92,0,0,0.88,1.0,0.8,1.0,0.92,0,0,0.88,1.0,0.8000000000000002
maternal,mlp-nosuite,0.6929133858267716,0.7015431124400502,1.0,1.0,0,0,1.0,1.0,1.0,1.0,1.0,0,0,1.0,1.0,1.0,1.0,1.0,0,0,1.0,1.0,1.0,1.0,1.0,0,0,1.0,1.0,1.0
maternal,mlp-nosuite,0.6929133858267716,0.7057074283519124,1.0,1.0,0,0,1.0,1.0,1.0,1.0,1.0,0,0,1.0,1.0,1.0,1.0,1.0,0,0,1.0,1.0,1.0,1.0,1.0,0,0,1.0,1.0,1.0
maternal,mlp-nosuite,0.6929133858267716,0.5282859849646796,1.0,0.96,0,0,0.92,0.92,0.96,1.0,0.96,0,0,0.92,0.92,0.96,1.0,0.96,0,0,0.92,0.92,0.96,1.0,0.96,0,0,0.92,0.92,0.96
maternal,mlp-nosuite,0.6929133858267716,0.7384472159175367,1.0,0.96,0,0,0.96,0.76,0.92,1.0,0.96,0,0,0.96,0.76,0.92,1.0,0.96,0,0,0.96,0.76,0.92,1.0,0.96,0,0,0.96,0.76,0.92
maternal,mlp-nosuite,0.6929133858267716,0.6377123113062744,1.0,0.92,0,0,0.88,0.96,0.88,1.0,0.92,0,0,0.88,0.96,0.88,1.0,0.92,0,0,0.88,0.96,0.88,1.0,0.92,0,0,0.88,0.96,0.88
maternal,mlp-nosuite,0.6929133858267716,0.615943716771416,1.0,1.0,0,0,1.0,0.96,1.0,1.0,1.0,0,0,1.0,0.96,1.0,1.0,1.0,0,0,1.0,0.96,1.0,1.0,1.0,0,0,1.0,0.96,1.0
maternal,mlp-nosuite,0.6929133858267716,0.8412767538034053,0.92,1.0,0,0,0.92,1.0,1.0,0.92,1.0,0,0,0.92,1.0,1.0,0.92,1.0,0,0,0.92,1.0,1.0,0.92,1.0,0,0,0.92,1.0,1.0
maternal,mlp-nosuite,0.6929133858267716,0.7384472159175367,1.0,0.96,0,0,0.96,0.84,1.0,1.0,0.96,0,0,0.96,0.84,1.0,1.0,0.96,0,0,0.96,0.84,1.0,1.0,0.96,0,0,0.96,0.8399999999999999,1.0
maternal,mlp-nosuite,0.6929133858267716,0.5163899797966142,1.0,1.0,0,0,1.0,1.0,1.0,1.0,1.0,0,0,1.0,1.0,1.0,1.0,1.0,0,0,1.0,1.0,1.0,1.0,1.0,0,0,1.0,1.0,1.0
maternal,mlp-nosuite,0.6929133858267716,0.8286388083901132,1.0,0.92,0,0,0.88,0.76,1.0,1.0,0.92,0,0,0.88,0.76,1.0,1.0,0.92,0,0,0.88,0.76,1.0,1.0,0.92,0,0,0.88,0.76,1.0
maternal,mlp-nosuite,0.6929133858267716,0.8344726971189119,1.0,0.92,0,0,1.0,0.92,0.76,1.0,0.92,0,0,1.0,0.92,0.76,1.0,0.92,0,0,1.0,0.92,0.76,1.0,0.92,0,0,1.0,0.92,0.76
maternal,mlp-nosuite,0.6929133858267716,0.5509099943196892,1.0,1.0,0,0,1.0,0.96,1.0,1.0,1.0,0,0,1.0,0.96,1.0,1.0,1.0,0,0,1.0,0.96,1.0,1.0,1.0,0,0,1.0,0.96,1.0
maternal,mlp-nosuite,0.6929133858267716,0.7640738246930554,1.0,1.0,0,0,1.0,1.0,1.0,1.0,1.0,0,0,1.0,1.0,1.0,1.0,1.0,0,0,1.0,1.0,1.0,1.0,1.0,0,0,1.0,1.0,1.0
maternal,mlp-nosuite,0.6929133858267716,0.7271886109695663,0.92,0.88,0,0,0.92,0.52,0.92,0.92,0.88,0,0,0.92,0.52,0.92,0.92,0.88,0,0,0.92,0.52,0.92,0.92,0.88,0,0,0.92,0.52,0.92
maternal,mlp-nosuite,0.6929133858267716,0.702654206516382,1.0,0.96,0,0,1.0,0.92,0.8,1.0,0.96,0,0,1.0,0.92,0.8,1.0,0.96,0,0,1.0,0.92,0.8,1.0,0.96,0,0,1.0,0.92,0.8000000000000002
maternal,mlp-nosuite,0.6929133858267716,0.9776608523772307,1.0,1.0,0,0,1.0,1.0,0.76,1.0,1.0,0,0,1.0,1.0,0.76,1.0,1.0,0,0,1.0,1.0,0.76,1.0,1.0,0,0,1.0,1.0,0.76
maternal,mlp-nosuite,0.6929133858267716,0.5130241970923604,1.0,0.96,0,0,1.0,0.96,0.8,1.0,0.96,0,0,1.0,0.96,0.8,1.0,0.96,0,0,1.0,0.96,0.8,1.0,0.96,0,0,1.0,0.96,0.8000000000000002
maternal,mlp-nosuite,0.6929133858267716,0.6377123113062744,1.0,0.92,0,0,0.88,0.96,0.88,1.0,0.92,0,0,0.88,0.96,0.88,1.0,0.92,0,0,0.88,0.96,0.88,1.0,0.92,0,0,0.88,0.96,0.88
maternal,mlp-nosuite,0.6929133858267716,0.5781806508508187,1.0,0.96,0,0,1.0,0.92,0.88,1.0,0.96,0,0,1.0,0.92,0.88,1.0,0.96,0,0,1.0,0.92,0.88,1.0,0.96,0,0,1.0,0.92,0.88
