dataset,num_and_cat,model_score,instance_certainty_clf,cov_ablation,cov_pure,cov_proba,cov_shap,cov_EXPLAN,cov_LORE,cov_anchor
yeast,rfc-nosuite,0.6091644204851752,0.44,0.02425876010781671,0.0,0.0,0.05121293800539083,,0.07277628032345014,1.0
yeast,rfc-nosuite,0.6091644204851752,0.8,0.0215633423180593,0.0,0.0,0.029649595687331536,,0.1293800539083558,1.0
yeast,rfc-nosuite,0.6091644204851752,0.69,0.029649595687331536,0.0,0.0,0.0026954177897574125,,0.0889487870619946,1.0
yeast,rfc-nosuite,0.6091644204851752,0.76,0.11590296495956873,0.0,0.0,0.018867924528301886,,0.14824797843665768,1.0
yeast,rfc-nosuite,0.6091644204851752,0.83,0.08086253369272237,0.0,0.0,0.016172506738544475,,0.1078167115902965,1.0
yeast,rfc-nosuite,0.6091644204851752,0.4,0.04582210242587601,0.0,0.0,0.01078167115902965,,0.0026954177897574125,1.0
yeast,rfc-nosuite,0.6091644204851752,0.7,0.0215633423180593,0.0,0.0,0.016172506738544475,,0.15633423180592992,1.0
yeast,rfc-nosuite,0.6091644204851752,0.52,0.026954177897574125,0.0,0.0,0.013477088948787063,,0.013477088948787063,1.0
yeast,rfc-nosuite,0.6091644204851752,0.53,0.018867924528301886,0.0,0.0,0.008086253369272238,,0.008086253369272238,1.0
yeast,rfc-nosuite,0.6091644204851752,0.76,0.07547169811320754,0.0,0.0,0.08086253369272237,,0.3584905660377358,1.0
yeast,rfc-nosuite,0.6091644204851752,0.79,0.09164420485175202,0.0,0.0,0.01078167115902965,,0.14016172506738545,1.0
yeast,rfc-nosuite,0.6091644204851752,0.84,0.03234501347708895,0.0,0.0,0.016172506738544475,,0.15363881401617252,1.0
yeast,rfc-nosuite,0.6091644204851752,0.7,0.06199460916442048,0.0,0.0,0.0862533692722372,,0.0431266846361186,1.0
yeast,rfc-nosuite,0.6091644204851752,0.47,0.0215633423180593,0.0,0.0,0.005390835579514825,,0.016172506738544475,1.0
yeast,rfc-nosuite,0.6091644204851752,0.81,0.1105121293800539,0.0,0.0,0.0215633423180593,,0.14824797843665768,1.0
yeast,rfc-nosuite,0.6091644204851752,0.51,0.03773584905660377,0.0,0.0,0.005390835579514825,,0.1967654986522911,1.0
yeast,rfc-nosuite,0.6091644204851752,0.48,0.01078167115902965,0.0,0.0,0.05660377358490566,,0.08086253369272237,1.0
yeast,rfc-nosuite,0.6091644204851752,0.73,0.013477088948787063,0.0,0.0,0.01078167115902965,,0.02425876010781671,1.0
yeast,rfc-nosuite,0.6091644204851752,0.59,0.0215633423180593,0.0,0.0,0.03234501347708895,,0.029649595687331536,1.0
yeast,rfc-nosuite,0.6091644204851752,0.64,0.016172506738544475,0.0,0.0,0.013477088948787063,,0.18059299191374664,1.0
yeast,rfc-nosuite,0.6091644204851752,0.78,0.04043126684636118,0.0,0.0,0.01078167115902965,,0.15902964959568733,1.0
yeast,rfc-nosuite,0.6091644204851752,0.77,0.008086253369272238,0.0,0.0,0.01078167115902965,,0.08355795148247978,1.0
yeast,rfc-nosuite,0.6091644204851752,0.73,0.07547169811320754,0.0,0.0,0.026954177897574125,,0.09164420485175202,1.0
yeast,rfc-nosuite,0.6091644204851752,0.42,0.005390835579514825,0.0,0.0,0.026954177897574125,,0.1752021563342318,1.0
yeast,rfc-nosuite,0.6091644204851752,0.52,0.04851752021563342,0.0,0.0,0.008086253369272238,,0.09973045822102426,1.0
yeast,rfc-nosuite,0.6091644204851752,0.49,0.018867924528301886,0.0,0.0,0.02425876010781671,,0.29110512129380056,1.0
yeast,rfc-nosuite,0.6091644204851752,0.5,0.013477088948787063,0.0,0.0,0.0026954177897574125,,0.026954177897574125,1.0
yeast,rfc-nosuite,0.6091644204851752,0.66,0.013477088948787063,0.0,0.0,0.01078167115902965,,0.0889487870619946,1.0
yeast,rfc-nosuite,0.6091644204851752,0.89,0.03504043126684636,0.0,0.0,0.0215633423180593,,0.1725067385444744,1.0
yeast,rfc-nosuite,0.6091644204851752,0.64,0.008086253369272238,0.0,0.0,0.016172506738544475,,0.029649595687331536,1.0
yeast,rfc-nosuite,0.6091644204851752,0.44,0.029649595687331536,0.0,0.0,0.03504043126684636,,0.16442048517520216,1.0
yeast,rfc-nosuite,0.6091644204851752,0.76,0.0431266846361186,0.0,0.0,0.04851752021563342,,0.15902964959568733,1.0
yeast,rfc-nosuite,0.6091644204851752,0.32,0.013477088948787063,0.0,0.0,0.0026954177897574125,,0.0431266846361186,1.0
yeast,rfc-nosuite,0.6091644204851752,0.4,0.02425876010781671,0.0,0.0,0.0026954177897574125,,0.005390835579514825,1.0
yeast,rfc-nosuite,0.6091644204851752,0.6,0.05660377358490566,0.0,0.0,0.013477088948787063,,0.1967654986522911,1.0
yeast,rfc-nosuite,0.6091644204851752,0.48,0.05929919137466307,0.0,0.0,0.09164420485175202,,0.07277628032345014,1.0
yeast,rfc-nosuite,0.6091644204851752,0.53,0.0215633423180593,0.0,0.0,0.016172506738544475,,0.01078167115902965,1.0
yeast,rfc-nosuite,0.6091644204851752,0.94,0.029649595687331536,0.0,0.0,0.0215633423180593,,0.13746630727762804,1.0
yeast,rfc-nosuite,0.6091644204851752,0.8,0.029649595687331536,0.0,0.0,0.03773584905660377,,0.11590296495956873,1.0
yeast,rfc-nosuite,0.6091644204851752,0.34,0.03773584905660377,0.0,0.0,0.029649595687331536,,0.21293800539083557,1.0
yeast,rfc-nosuite,0.6091644204851752,0.61,0.0673854447439353,0.0,0.0,0.05121293800539083,,0.0889487870619946,1.0
yeast,rfc-nosuite,0.6091644204851752,0.52,0.07547169811320754,0.0,0.0,0.008086253369272238,,0.08355795148247978,1.0
yeast,rfc-nosuite,0.6091644204851752,0.45,0.013477088948787063,0.0,0.0,0.016172506738544475,,0.0673854447439353,1.0
yeast,rfc-nosuite,0.6091644204851752,0.51,0.008086253369272238,0.0,0.0,0.0026954177897574125,,0.005390835579514825,1.0
yeast,rfc-nosuite,0.6091644204851752,0.67,0.05929919137466307,0.0,0.0,0.016172506738544475,,0.14824797843665768,1.0
yeast,rfc-nosuite,0.6091644204851752,0.64,0.40161725067385445,0.0,0.0,0.05660377358490566,,0.1940700808625337,1.0
yeast,rfc-nosuite,0.6091644204851752,0.5,0.07547169811320754,0.0,0.0,0.05660377358490566,,0.16442048517520216,1.0
yeast,rfc-nosuite,0.6091644204851752,0.6,0.01078167115902965,0.0,0.0,0.02425876010781671,,0.11320754716981132,1.0
yeast,rfc-nosuite,0.6091644204851752,0.73,0.07277628032345014,0.0,0.0,0.026954177897574125,,0.1347708894878706,1.0
yeast,rfc-nosuite,0.6091644204851752,0.9,0.14285714285714285,0.0,0.0,0.05660377358490566,,0.24528301886792453,1.0
yeast,rfc-nosuite,0.6091644204851752,0.44,0.02425876010781671,0.0,0.0,0.05121293800539083,,0.07277628032345014,1.0
yeast,rfc-nosuite,0.6091644204851752,0.8,0.0215633423180593,0.0,0.0,0.029649595687331536,,0.1293800539083558,1.0
yeast,rfc-nosuite,0.6091644204851752,0.69,0.029649595687331536,0.0,0.0,0.0026954177897574125,,0.0889487870619946,1.0
yeast,rfc-nosuite,0.6091644204851752,0.76,0.11590296495956873,0.0,0.0,0.018867924528301886,,0.14824797843665768,1.0
yeast,rfc-nosuite,0.6091644204851752,0.83,0.08086253369272237,0.0,0.0,0.016172506738544475,,0.1078167115902965,1.0
yeast,rfc-nosuite,0.6091644204851752,0.4,0.04582210242587601,0.0,0.0,0.01078167115902965,,0.0026954177897574125,1.0
yeast,rfc-nosuite,0.6091644204851752,0.7,0.0215633423180593,0.0,0.0,0.016172506738544475,,0.15633423180592992,1.0
yeast,rfc-nosuite,0.6091644204851752,0.52,0.026954177897574125,0.0,0.0,0.013477088948787063,,0.013477088948787063,1.0
yeast,rfc-nosuite,0.6091644204851752,0.53,0.018867924528301886,0.0,0.0,0.008086253369272238,,0.008086253369272238,1.0
yeast,rfc-nosuite,0.6091644204851752,0.76,0.07547169811320754,0.0,0.0,0.08086253369272237,,0.3584905660377358,1.0
yeast,rfc-nosuite,0.6091644204851752,0.79,0.09164420485175202,0.0,0.0,0.01078167115902965,,0.14016172506738545,1.0
yeast,rfc-nosuite,0.6091644204851752,0.84,0.03234501347708895,0.0,0.0,0.016172506738544475,,0.15363881401617252,1.0
yeast,rfc-nosuite,0.6091644204851752,0.7,0.06199460916442048,0.0,0.0,0.0862533692722372,,0.0431266846361186,1.0
yeast,rfc-nosuite,0.6091644204851752,0.47,0.0215633423180593,0.0,0.0,0.005390835579514825,,0.016172506738544475,1.0
yeast,rfc-nosuite,0.6091644204851752,0.81,0.1105121293800539,0.0,0.0,0.0215633423180593,,0.14824797843665768,1.0
yeast,rfc-nosuite,0.6091644204851752,0.51,0.03773584905660377,0.0,0.0,0.005390835579514825,,0.1967654986522911,1.0
yeast,rfc-nosuite,0.6091644204851752,0.48,0.01078167115902965,0.0,0.0,0.05660377358490566,,0.08086253369272237,1.0
yeast,rfc-nosuite,0.6091644204851752,0.73,0.013477088948787063,0.0,0.0,0.01078167115902965,,0.02425876010781671,1.0
yeast,rfc-nosuite,0.6091644204851752,0.59,0.0215633423180593,0.0,0.0,0.03234501347708895,,0.029649595687331536,1.0
yeast,rfc-nosuite,0.6091644204851752,0.64,0.016172506738544475,0.0,0.0,0.013477088948787063,,0.18059299191374664,1.0
yeast,rfc-nosuite,0.6091644204851752,0.78,0.04043126684636118,0.0,0.0,0.01078167115902965,,0.15902964959568733,1.0
yeast,rfc-nosuite,0.6091644204851752,0.77,0.008086253369272238,0.0,0.0,0.01078167115902965,,0.08355795148247978,1.0
yeast,rfc-nosuite,0.6091644204851752,0.73,0.07547169811320754,0.0,0.0,0.026954177897574125,,0.09164420485175202,1.0
yeast,rfc-nosuite,0.6091644204851752,0.42,0.005390835579514825,0.0,0.0,0.026954177897574125,,0.1752021563342318,1.0
yeast,rfc-nosuite,0.6091644204851752,0.52,0.04851752021563342,0.0,0.0,0.008086253369272238,,0.09973045822102426,1.0
yeast,rfc-nosuite,0.6091644204851752,0.49,0.018867924528301886,0.0,0.0,0.02425876010781671,,0.29110512129380056,1.0
yeast,rfc-nosuite,0.6091644204851752,0.5,0.013477088948787063,0.0,0.0,0.0026954177897574125,,0.026954177897574125,1.0
yeast,rfc-nosuite,0.6091644204851752,0.66,0.013477088948787063,0.0,0.0,0.01078167115902965,,0.0889487870619946,1.0
yeast,rfc-nosuite,0.6091644204851752,0.89,0.03504043126684636,0.0,0.0,0.0215633423180593,,0.1725067385444744,1.0
yeast,rfc-nosuite,0.6091644204851752,0.64,0.008086253369272238,0.0,0.0,0.016172506738544475,,0.029649595687331536,1.0
yeast,rfc-nosuite,0.6091644204851752,0.44,0.029649595687331536,0.0,0.0,0.03504043126684636,,0.16442048517520216,1.0
yeast,rfc-nosuite,0.6091644204851752,0.76,0.0431266846361186,0.0,0.0,0.04851752021563342,,0.15902964959568733,1.0
yeast,rfc-nosuite,0.6091644204851752,0.32,0.013477088948787063,0.0,0.0,0.0026954177897574125,,0.0431266846361186,1.0
yeast,rfc-nosuite,0.6091644204851752,0.4,0.02425876010781671,0.0,0.0,0.0026954177897574125,,0.005390835579514825,1.0
yeast,rfc-nosuite,0.6091644204851752,0.6,0.05660377358490566,0.0,0.0,0.013477088948787063,,0.1967654986522911,1.0
yeast,rfc-nosuite,0.6091644204851752,0.48,0.05929919137466307,0.0,0.0,0.09164420485175202,,0.07277628032345014,1.0
yeast,rfc-nosuite,0.6091644204851752,0.53,0.0215633423180593,0.0,0.0,0.016172506738544475,,0.01078167115902965,1.0
yeast,rfc-nosuite,0.6091644204851752,0.94,0.029649595687331536,0.0,0.0,0.0215633423180593,,0.13746630727762804,1.0
yeast,rfc-nosuite,0.6091644204851752,0.8,0.029649595687331536,0.0,0.0,0.03773584905660377,,0.11590296495956873,1.0
yeast,rfc-nosuite,0.6091644204851752,0.34,0.03773584905660377,0.0,0.0,0.029649595687331536,,0.21293800539083557,1.0
yeast,rfc-nosuite,0.6091644204851752,0.61,0.0673854447439353,0.0,0.0,0.05121293800539083,,0.0889487870619946,1.0
yeast,rfc-nosuite,0.6091644204851752,0.52,0.07547169811320754,0.0,0.0,0.008086253369272238,,0.08355795148247978,1.0
yeast,rfc-nosuite,0.6091644204851752,0.45,0.013477088948787063,0.0,0.0,0.016172506738544475,,0.0673854447439353,1.0
yeast,rfc-nosuite,0.6091644204851752,0.51,0.008086253369272238,0.0,0.0,0.0026954177897574125,,0.005390835579514825,1.0
yeast,rfc-nosuite,0.6091644204851752,0.67,0.05929919137466307,0.0,0.0,0.016172506738544475,,0.14824797843665768,1.0
yeast,rfc-nosuite,0.6091644204851752,0.64,0.40161725067385445,0.0,0.0,0.05660377358490566,,0.1940700808625337,1.0
yeast,rfc-nosuite,0.6091644204851752,0.5,0.07547169811320754,0.0,0.0,0.05660377358490566,,0.16442048517520216,1.0
yeast,rfc-nosuite,0.6091644204851752,0.6,0.01078167115902965,0.0,0.0,0.02425876010781671,,0.11320754716981132,1.0
yeast,rfc-nosuite,0.6091644204851752,0.73,0.07277628032345014,0.0,0.0,0.026954177897574125,,0.1347708894878706,1.0
yeast,rfc-nosuite,0.6091644204851752,0.9,0.14285714285714285,0.0,0.0,0.05660377358490566,,0.24528301886792453,1.0
rmftsa,rfc-nosuite,0.50390625,0.3573333333333333,0.08984375,0.0,0.0,0.39453125,0.34765625,0.1640625,1.0
rmftsa,rfc-nosuite,0.50390625,0.4523571428571429,0.2890625,0.0,0.0,0.1171875,0.27734375,0.20703125,1.0
rmftsa,rfc-nosuite,0.50390625,0.685,0.50390625,0.0,0.0,0.4921875,0.22265625,0.05078125,1.0
rmftsa,rfc-nosuite,0.50390625,0.825,0.47265625,0.0,0.0,0.046875,0.046875,0.0390625,1.0
rmftsa,rfc-nosuite,0.50390625,0.6215396825396823,0.7109375,0.0,0.0,0.75390625,0.2265625,0.41796875,1.0
rmftsa,rfc-nosuite,0.50390625,0.833060162060162,0.18359375,0.0,0.0,0.24609375,0.234375,0.234375,1.0
rmftsa,rfc-nosuite,0.50390625,0.2887738095238095,0.12109375,0.0,0.0,0.01953125,0.01953125,0.2421875,1.0
rmftsa,rfc-nosuite,0.50390625,0.8775354922854918,0.26953125,0.0,0.0,0.26953125,0.1640625,0.703125,1.0
rmftsa,rfc-nosuite,0.50390625,0.8113809523809523,0.0234375,0.0,0.0,0.01953125,0.1328125,0.01953125,1.0
rmftsa,rfc-nosuite,0.50390625,0.5523730158730159,0.453125,0.0,0.0,0.26953125,0.1640625,0.26953125,1.0
rmftsa,rfc-nosuite,0.50390625,1.0,0.61328125,0.0,0.0,0.3671875,0.19921875,0.2265625,1.0
rmftsa,rfc-nosuite,0.50390625,0.6062619047619048,0.21484375,0.0,0.0,0.03515625,0.29296875,0.21484375,1.0
rmftsa,rfc-nosuite,0.50390625,0.9257142857142857,0.09765625,0.0,0.0,0.09765625,0.1328125,0.078125,1.0
rmftsa,rfc-nosuite,0.50390625,0.6973333333333334,0.10546875,0.0,0.0,0.1328125,0.29296875,0.06640625,1.0
rmftsa,rfc-nosuite,0.50390625,0.6722097902097899,0.453125,0.0,0.0,0.33984375,0.34765625,0.26953125,1.0
rmftsa,rfc-nosuite,0.50390625,0.36135714285714293,0.09765625,0.0,0.0,0.09765625,0.10546875,0.05078125,1.0
rmftsa,rfc-nosuite,0.50390625,0.5246666666666665,0.10546875,0.0,0.0,0.4375,0.2578125,0.0703125,1.0
rmftsa,rfc-nosuite,0.50390625,0.5523730158730159,0.453125,0.0,0.0,0.26953125,0.1640625,0.23828125,1.0
rmftsa,rfc-nosuite,0.50390625,0.695,0.06640625,0.0,0.0,0.10546875,0.05078125,0.08984375,1.0
rmftsa,rfc-nosuite,0.50390625,0.9804999999999999,0.7109375,0.0,0.0,0.328125,0.34765625,0.7109375,1.0
rmftsa,rfc-nosuite,0.50390625,0.5812557720057718,0.08984375,0.0,0.0,0.0390625,0.37890625,0.13671875,1.0
rmftsa,rfc-nosuite,0.50390625,0.43099999999999994,0.2578125,0.0,0.0,0.16796875,0.12109375,0.10546875,1.0
rmftsa,rfc-nosuite,0.50390625,0.5475,0.16796875,0.0,0.0,0.64453125,0.18359375,0.20703125,1.0
rmftsa,rfc-nosuite,0.50390625,0.7112583527583526,0.75390625,0.0,0.0,0.44140625,0.2265625,0.48046875,1.0
rmftsa,rfc-nosuite,0.50390625,0.795654761904762,0.28125,0.0,0.0,0.57421875,0.28515625,0.38671875,1.0
rmftsa,rfc-nosuite,0.50390625,0.79,0.50390625,0.0,0.0,0.50390625,0.29296875,0.01171875,1.0
rmftsa,rfc-nosuite,0.50390625,0.4893333333333333,0.046875,0.0,0.0,0.00390625,0.16015625,0.00390625,1.0
rmftsa,rfc-nosuite,0.50390625,0.53,0.09765625,0.0,0.0,0.01171875,0.015625,0.34765625,1.0
rmftsa,rfc-nosuite,0.50390625,0.41562698412698423,0.01953125,0.0,0.0,0.0390625,0.28125,0.078125,1.0
rmftsa,rfc-nosuite,0.50390625,0.6774047619047618,0.89453125,0.0,0.0,0.66015625,0.1328125,0.046875,1.0
rmftsa,rfc-nosuite,0.50390625,0.6733194305694304,0.11328125,0.0,0.0,0.73828125,0.28515625,0.296875,1.0
rmftsa,rfc-nosuite,0.50390625,0.3471666666666666,0.09765625,0.0,0.0,0.453125,0.078125,0.13671875,1.0
rmftsa,rfc-nosuite,0.50390625,0.6973333333333334,0.10546875,0.0,0.0,0.1328125,0.59765625,0.03515625,1.0
rmftsa,rfc-nosuite,0.50390625,0.509,0.2890625,0.0,0.0,0.03125,0.03125,0.0703125,1.0
rmftsa,rfc-nosuite,0.50390625,0.7043095238095237,0.078125,0.0,0.0,0.83203125,0.28125,0.171875,1.0
rmftsa,rfc-nosuite,0.50390625,0.53,0.0546875,0.0,0.0,0.02734375,0.21484375,0.0078125,1.0
rmftsa,rfc-nosuite,0.50390625,0.49807142857142866,0.61328125,0.0,0.0,0.5234375,0.28125,0.2265625,1.0
rmftsa,rfc-nosuite,0.50390625,0.98,0.28125,0.0,0.0,0.28125,0.015625,0.0390625,1.0
rmftsa,rfc-nosuite,0.50390625,0.5601212121212121,0.6640625,0.0,0.0,0.5546875,0.42578125,0.24609375,1.0
rmftsa,rfc-nosuite,0.50390625,0.82,0.27734375,0.0,0.0,0.22265625,0.12109375,0.22265625,1.0
rmftsa,rfc-nosuite,0.50390625,0.5005,0.06640625,0.0,0.0,0.34765625,0.16796875,0.27734375,1.0
rmftsa,rfc-nosuite,0.50390625,0.5246666666666667,0.06640625,0.0,0.0,0.16796875,0.25390625,0.046875,1.0
rmftsa,rfc-nosuite,0.50390625,0.74,0.07421875,0.0,0.0,0.921875,0.2421875,0.24609375,1.0
rmftsa,rfc-nosuite,0.50390625,0.72,0.578125,0.0,0.0,0.4296875,0.53125,0.0859375,1.0
rmftsa,rfc-nosuite,0.50390625,0.904,0.28125,0.0,0.0,0.01953125,0.0390625,0.2890625,1.0
rmftsa,rfc-nosuite,0.50390625,0.5523730158730159,0.453125,0.0,0.0,0.26953125,0.45703125,0.26953125,1.0
rmftsa,rfc-nosuite,0.50390625,0.74,0.07421875,0.0,0.0,0.921875,0.125,0.2421875,1.0
rmftsa,rfc-nosuite,0.50390625,0.675,0.0546875,0.0,0.0,0.05859375,0.09765625,0.1640625,1.0
rmftsa,rfc-nosuite,0.50390625,0.85,0.05078125,0.0,0.0,0.0390625,0.046875,0.203125,1.0
rmftsa,rfc-nosuite,0.50390625,0.6955833333333333,0.16796875,0.0,0.0,0.33984375,0.24609375,0.06640625,1.0
yeast,rfc-nosuite,0.6091644204851752,0.44,0.02425876010781671,0.0,0.0,0.05121293800539083,,0.07277628032345014,1.0
yeast,rfc-nosuite,0.6091644204851752,0.8,0.0215633423180593,0.0,0.0,0.029649595687331536,,0.1293800539083558,1.0
yeast,rfc-nosuite,0.6091644204851752,0.69,0.029649595687331536,0.0,0.0,0.0026954177897574125,,0.0889487870619946,1.0
yeast,rfc-nosuite,0.6091644204851752,0.76,0.11590296495956873,0.0,0.0,0.018867924528301886,,0.14824797843665768,1.0
yeast,rfc-nosuite,0.6091644204851752,0.83,0.08086253369272237,0.0,0.0,0.016172506738544475,,0.1078167115902965,1.0
yeast,rfc-nosuite,0.6091644204851752,0.4,0.04582210242587601,0.0,0.0,0.01078167115902965,,0.0026954177897574125,1.0
yeast,rfc-nosuite,0.6091644204851752,0.7,0.0215633423180593,0.0,0.0,0.016172506738544475,,0.15633423180592992,1.0
yeast,rfc-nosuite,0.6091644204851752,0.52,0.026954177897574125,0.0,0.0,0.013477088948787063,,0.013477088948787063,1.0
yeast,rfc-nosuite,0.6091644204851752,0.53,0.018867924528301886,0.0,0.0,0.008086253369272238,,0.008086253369272238,1.0
yeast,rfc-nosuite,0.6091644204851752,0.76,0.07547169811320754,0.0,0.0,0.08086253369272237,,0.3584905660377358,1.0
yeast,rfc-nosuite,0.6091644204851752,0.79,0.09164420485175202,0.0,0.0,0.01078167115902965,,0.14016172506738545,1.0
yeast,rfc-nosuite,0.6091644204851752,0.84,0.03234501347708895,0.0,0.0,0.016172506738544475,,0.15363881401617252,1.0
yeast,rfc-nosuite,0.6091644204851752,0.7,0.06199460916442048,0.0,0.0,0.0862533692722372,,0.0431266846361186,1.0
yeast,rfc-nosuite,0.6091644204851752,0.47,0.0215633423180593,0.0,0.0,0.005390835579514825,,0.016172506738544475,1.0
yeast,rfc-nosuite,0.6091644204851752,0.81,0.1105121293800539,0.0,0.0,0.0215633423180593,,0.14824797843665768,1.0
yeast,rfc-nosuite,0.6091644204851752,0.51,0.03773584905660377,0.0,0.0,0.005390835579514825,,0.1967654986522911,1.0
yeast,rfc-nosuite,0.6091644204851752,0.48,0.01078167115902965,0.0,0.0,0.05660377358490566,,0.08086253369272237,1.0
yeast,rfc-nosuite,0.6091644204851752,0.73,0.013477088948787063,0.0,0.0,0.01078167115902965,,0.02425876010781671,1.0
yeast,rfc-nosuite,0.6091644204851752,0.59,0.0215633423180593,0.0,0.0,0.03234501347708895,,0.029649595687331536,1.0
yeast,rfc-nosuite,0.6091644204851752,0.64,0.016172506738544475,0.0,0.0,0.013477088948787063,,0.18059299191374664,1.0
yeast,rfc-nosuite,0.6091644204851752,0.78,0.04043126684636118,0.0,0.0,0.01078167115902965,,0.15902964959568733,1.0
yeast,rfc-nosuite,0.6091644204851752,0.77,0.008086253369272238,0.0,0.0,0.01078167115902965,,0.08355795148247978,1.0
yeast,rfc-nosuite,0.6091644204851752,0.73,0.07547169811320754,0.0,0.0,0.026954177897574125,,0.09164420485175202,1.0
yeast,rfc-nosuite,0.6091644204851752,0.42,0.005390835579514825,0.0,0.0,0.026954177897574125,,0.1752021563342318,1.0
yeast,rfc-nosuite,0.6091644204851752,0.52,0.04851752021563342,0.0,0.0,0.008086253369272238,,0.09973045822102426,1.0
yeast,rfc-nosuite,0.6091644204851752,0.49,0.018867924528301886,0.0,0.0,0.02425876010781671,,0.29110512129380056,1.0
yeast,rfc-nosuite,0.6091644204851752,0.5,0.013477088948787063,0.0,0.0,0.0026954177897574125,,0.026954177897574125,1.0
yeast,rfc-nosuite,0.6091644204851752,0.66,0.013477088948787063,0.0,0.0,0.01078167115902965,,0.0889487870619946,1.0
yeast,rfc-nosuite,0.6091644204851752,0.89,0.03504043126684636,0.0,0.0,0.0215633423180593,,0.1725067385444744,1.0
yeast,rfc-nosuite,0.6091644204851752,0.64,0.008086253369272238,0.0,0.0,0.016172506738544475,,0.029649595687331536,1.0
yeast,rfc-nosuite,0.6091644204851752,0.44,0.029649595687331536,0.0,0.0,0.03504043126684636,,0.16442048517520216,1.0
yeast,rfc-nosuite,0.6091644204851752,0.76,0.0431266846361186,0.0,0.0,0.04851752021563342,,0.15902964959568733,1.0
yeast,rfc-nosuite,0.6091644204851752,0.32,0.013477088948787063,0.0,0.0,0.0026954177897574125,,0.0431266846361186,1.0
yeast,rfc-nosuite,0.6091644204851752,0.4,0.02425876010781671,0.0,0.0,0.0026954177897574125,,0.005390835579514825,1.0
yeast,rfc-nosuite,0.6091644204851752,0.6,0.05660377358490566,0.0,0.0,0.013477088948787063,,0.1967654986522911,1.0
yeast,rfc-nosuite,0.6091644204851752,0.48,0.05929919137466307,0.0,0.0,0.09164420485175202,,0.07277628032345014,1.0
yeast,rfc-nosuite,0.6091644204851752,0.53,0.0215633423180593,0.0,0.0,0.016172506738544475,,0.01078167115902965,1.0
yeast,rfc-nosuite,0.6091644204851752,0.94,0.029649595687331536,0.0,0.0,0.0215633423180593,,0.13746630727762804,1.0
yeast,rfc-nosuite,0.6091644204851752,0.8,0.029649595687331536,0.0,0.0,0.03773584905660377,,0.11590296495956873,1.0
yeast,rfc-nosuite,0.6091644204851752,0.34,0.03773584905660377,0.0,0.0,0.029649595687331536,,0.21293800539083557,1.0
yeast,rfc-nosuite,0.6091644204851752,0.61,0.0673854447439353,0.0,0.0,0.05121293800539083,,0.0889487870619946,1.0
yeast,rfc-nosuite,0.6091644204851752,0.52,0.07547169811320754,0.0,0.0,0.008086253369272238,,0.08355795148247978,1.0
yeast,rfc-nosuite,0.6091644204851752,0.45,0.013477088948787063,0.0,0.0,0.016172506738544475,,0.0673854447439353,1.0
yeast,rfc-nosuite,0.6091644204851752,0.51,0.008086253369272238,0.0,0.0,0.0026954177897574125,,0.005390835579514825,1.0
yeast,rfc-nosuite,0.6091644204851752,0.67,0.05929919137466307,0.0,0.0,0.016172506738544475,,0.14824797843665768,1.0
yeast,rfc-nosuite,0.6091644204851752,0.64,0.40161725067385445,0.0,0.0,0.05660377358490566,,0.1940700808625337,1.0
yeast,rfc-nosuite,0.6091644204851752,0.5,0.07547169811320754,0.0,0.0,0.05660377358490566,,0.16442048517520216,1.0
yeast,rfc-nosuite,0.6091644204851752,0.6,0.01078167115902965,0.0,0.0,0.02425876010781671,,0.11320754716981132,1.0
yeast,rfc-nosuite,0.6091644204851752,0.73,0.07277628032345014,0.0,0.0,0.026954177897574125,,0.1347708894878706,1.0
yeast,rfc-nosuite,0.6091644204851752,0.9,0.14285714285714285,0.0,0.0,0.05660377358490566,,0.24528301886792453,1.0
rmftsa,rfc-nosuite,0.50390625,0.3573333333333333,0.08984375,0.0,0.0,0.39453125,0.34765625,0.1640625,1.0
rmftsa,rfc-nosuite,0.50390625,0.4523571428571429,0.2890625,0.0,0.0,0.1171875,0.27734375,0.20703125,1.0
rmftsa,rfc-nosuite,0.50390625,0.685,0.50390625,0.0,0.0,0.4921875,0.22265625,0.05078125,1.0
rmftsa,rfc-nosuite,0.50390625,0.825,0.47265625,0.0,0.0,0.046875,0.046875,0.0390625,1.0
rmftsa,rfc-nosuite,0.50390625,0.6215396825396823,0.7109375,0.0,0.0,0.75390625,0.2265625,0.41796875,1.0
rmftsa,rfc-nosuite,0.50390625,0.833060162060162,0.18359375,0.0,0.0,0.24609375,0.234375,0.234375,1.0
rmftsa,rfc-nosuite,0.50390625,0.2887738095238095,0.12109375,0.0,0.0,0.01953125,0.01953125,0.2421875,1.0
rmftsa,rfc-nosuite,0.50390625,0.8775354922854918,0.26953125,0.0,0.0,0.26953125,0.1640625,0.703125,1.0
rmftsa,rfc-nosuite,0.50390625,0.8113809523809523,0.0234375,0.0,0.0,0.01953125,0.1328125,0.01953125,1.0
rmftsa,rfc-nosuite,0.50390625,0.5523730158730159,0.453125,0.0,0.0,0.26953125,0.1640625,0.26953125,1.0
rmftsa,rfc-nosuite,0.50390625,1.0,0.61328125,0.0,0.0,0.3671875,0.19921875,0.2265625,1.0
rmftsa,rfc-nosuite,0.50390625,0.6062619047619048,0.21484375,0.0,0.0,0.03515625,0.29296875,0.21484375,1.0
rmftsa,rfc-nosuite,0.50390625,0.9257142857142857,0.09765625,0.0,0.0,0.09765625,0.1328125,0.078125,1.0
rmftsa,rfc-nosuite,0.50390625,0.6973333333333334,0.10546875,0.0,0.0,0.1328125,0.29296875,0.06640625,1.0
rmftsa,rfc-nosuite,0.50390625,0.6722097902097899,0.453125,0.0,0.0,0.33984375,0.34765625,0.26953125,1.0
rmftsa,rfc-nosuite,0.50390625,0.36135714285714293,0.09765625,0.0,0.0,0.09765625,0.10546875,0.05078125,1.0
rmftsa,rfc-nosuite,0.50390625,0.5246666666666665,0.10546875,0.0,0.0,0.4375,0.2578125,0.0703125,1.0
rmftsa,rfc-nosuite,0.50390625,0.5523730158730159,0.453125,0.0,0.0,0.26953125,0.1640625,0.23828125,1.0
rmftsa,rfc-nosuite,0.50390625,0.695,0.06640625,0.0,0.0,0.10546875,0.05078125,0.08984375,1.0
rmftsa,rfc-nosuite,0.50390625,0.9804999999999999,0.7109375,0.0,0.0,0.328125,0.34765625,0.7109375,1.0
rmftsa,rfc-nosuite,0.50390625,0.5812557720057718,0.08984375,0.0,0.0,0.0390625,0.37890625,0.13671875,1.0
rmftsa,rfc-nosuite,0.50390625,0.43099999999999994,0.2578125,0.0,0.0,0.16796875,0.12109375,0.10546875,1.0
rmftsa,rfc-nosuite,0.50390625,0.5475,0.16796875,0.0,0.0,0.64453125,0.18359375,0.20703125,1.0
rmftsa,rfc-nosuite,0.50390625,0.7112583527583526,0.75390625,0.0,0.0,0.44140625,0.2265625,0.48046875,1.0
rmftsa,rfc-nosuite,0.50390625,0.795654761904762,0.28125,0.0,0.0,0.57421875,0.28515625,0.38671875,1.0
rmftsa,rfc-nosuite,0.50390625,0.79,0.50390625,0.0,0.0,0.50390625,0.29296875,0.01171875,1.0
rmftsa,rfc-nosuite,0.50390625,0.4893333333333333,0.046875,0.0,0.0,0.00390625,0.16015625,0.00390625,1.0
rmftsa,rfc-nosuite,0.50390625,0.53,0.09765625,0.0,0.0,0.01171875,0.015625,0.34765625,1.0
rmftsa,rfc-nosuite,0.50390625,0.41562698412698423,0.01953125,0.0,0.0,0.0390625,0.28125,0.078125,1.0
rmftsa,rfc-nosuite,0.50390625,0.6774047619047618,0.89453125,0.0,0.0,0.66015625,0.1328125,0.046875,1.0
rmftsa,rfc-nosuite,0.50390625,0.6733194305694304,0.11328125,0.0,0.0,0.73828125,0.28515625,0.296875,1.0
rmftsa,rfc-nosuite,0.50390625,0.3471666666666666,0.09765625,0.0,0.0,0.453125,0.078125,0.13671875,1.0
rmftsa,rfc-nosuite,0.50390625,0.6973333333333334,0.10546875,0.0,0.0,0.1328125,0.59765625,0.03515625,1.0
rmftsa,rfc-nosuite,0.50390625,0.509,0.2890625,0.0,0.0,0.03125,0.03125,0.0703125,1.0
rmftsa,rfc-nosuite,0.50390625,0.7043095238095237,0.078125,0.0,0.0,0.83203125,0.28125,0.171875,1.0
rmftsa,rfc-nosuite,0.50390625,0.53,0.0546875,0.0,0.0,0.02734375,0.21484375,0.0078125,1.0
rmftsa,rfc-nosuite,0.50390625,0.49807142857142866,0.61328125,0.0,0.0,0.5234375,0.28125,0.2265625,1.0
rmftsa,rfc-nosuite,0.50390625,0.98,0.28125,0.0,0.0,0.28125,0.015625,0.0390625,1.0
rmftsa,rfc-nosuite,0.50390625,0.5601212121212121,0.6640625,0.0,0.0,0.5546875,0.42578125,0.24609375,1.0
rmftsa,rfc-nosuite,0.50390625,0.82,0.27734375,0.0,0.0,0.22265625,0.12109375,0.22265625,1.0
rmftsa,rfc-nosuite,0.50390625,0.5005,0.06640625,0.0,0.0,0.34765625,0.16796875,0.27734375,1.0
rmftsa,rfc-nosuite,0.50390625,0.5246666666666667,0.06640625,0.0,0.0,0.16796875,0.25390625,0.046875,1.0
rmftsa,rfc-nosuite,0.50390625,0.74,0.07421875,0.0,0.0,0.921875,0.2421875,0.24609375,1.0
rmftsa,rfc-nosuite,0.50390625,0.72,0.578125,0.0,0.0,0.4296875,0.53125,0.0859375,1.0
rmftsa,rfc-nosuite,0.50390625,0.904,0.28125,0.0,0.0,0.01953125,0.0390625,0.2890625,1.0
rmftsa,rfc-nosuite,0.50390625,0.5523730158730159,0.453125,0.0,0.0,0.26953125,0.45703125,0.26953125,1.0
rmftsa,rfc-nosuite,0.50390625,0.74,0.07421875,0.0,0.0,0.921875,0.125,0.2421875,1.0
rmftsa,rfc-nosuite,0.50390625,0.675,0.0546875,0.0,0.0,0.05859375,0.09765625,0.1640625,1.0
rmftsa,rfc-nosuite,0.50390625,0.85,0.05078125,0.0,0.0,0.0390625,0.046875,0.203125,1.0
rmftsa,rfc-nosuite,0.50390625,0.6955833333333333,0.16796875,0.0,0.0,0.33984375,0.24609375,0.06640625,1.0
banknote-authentication,rfc-nosuite,0.9941690962099126,1.0,1.0,0.0,0.0,0.2565597667638484,0.5014577259475219,0.3498542274052478,1.0
banknote-authentication,rfc-nosuite,0.9941690962099126,1.0,1.0,0.0,0.0,0.3206997084548105,0.33819241982507287,0.4489795918367347,1.0
banknote-authentication,rfc-nosuite,0.9941690962099126,0.98,1.0,0.0,0.0,0.2594752186588921,0.4956268221574344,0.24489795918367346,1.0
banknote-authentication,rfc-nosuite,0.9941690962099126,0.99,0.4897959183673469,0.0,0.0,0.21865889212827988,0.33819241982507287,0.26822157434402333,1.0
banknote-authentication,rfc-nosuite,0.9941690962099126,1.0,0.8104956268221575,0.0,0.0,0.5306122448979592,0.37026239067055394,0.2536443148688047,1.0
banknote-authentication,rfc-nosuite,0.9941690962099126,1.0,0.2594752186588921,0.0,0.0,0.2915451895043732,0.30612244897959184,0.30612244897959184,1.0
banknote-authentication,rfc-nosuite,0.9941690962099126,0.97,0.6967930029154519,0.0,0.0,0.16326530612244897,0.3323615160349854,0.24198250728862974,1.0
banknote-authentication,rfc-nosuite,0.9941690962099126,1.0,1.0,0.0,0.0,0.3206997084548105,0.34402332361516036,0.3469387755102041,1.0
banknote-authentication,rfc-nosuite,0.9941690962099126,1.0,0.6676384839650146,0.0,0.0,0.4198250728862974,0.18075801749271136,0.3206997084548105,1.0
banknote-authentication,rfc-nosuite,0.9941690962099126,1.0,1.0,0.0,0.0,0.34110787172011664,0.34110787172011664,0.3848396501457726,1.0
banknote-authentication,rfc-nosuite,0.9941690962099126,0.92,0.7084548104956269,0.0,0.0,0.09620991253644315,0.061224489795918366,0.05539358600583091,1.0
banknote-authentication,rfc-nosuite,0.9941690962099126,1.0,1.0,0.0,0.0,0.4402332361516035,0.37026239067055394,0.521865889212828,1.0
banknote-authentication,rfc-nosuite,0.9941690962099126,0.99,1.0,0.0,0.0,0.2565597667638484,0.33527696793002915,0.40816326530612246,1.0
banknote-authentication,rfc-nosuite,0.9941690962099126,1.0,1.0,0.0,0.0,0.17201166180758018,0.6618075801749271,0.239067055393586,1.0
banknote-authentication,rfc-nosuite,0.9941690962099126,1.0,1.0,0.0,0.0,0.15451895043731778,0.10787172011661808,0.23323615160349853,1.0
banknote-authentication,rfc-nosuite,0.9941690962099126,0.99,0.3323615160349854,0.0,0.0,0.09037900874635568,0.12536443148688048,0.18950437317784258,1.0
banknote-authentication,rfc-nosuite,0.9941690962099126,0.99,0.3323615160349854,0.0,0.0,0.09037900874635568,0.08454810495626822,0.2536443148688047,1.0
banknote-authentication,rfc-nosuite,0.9941690962099126,0.99,0.6676384839650146,0.0,0.0,0.3119533527696793,0.09037900874635568,0.19825072886297376,1.0
banknote-authentication,rfc-nosuite,0.9941690962099126,0.99,1.0,0.0,0.0,0.33819241982507287,0.33819241982507287,0.30029154518950435,1.0
banknote-authentication,rfc-nosuite,0.9941690962099126,1.0,1.0,0.0,0.0,0.3848396501457726,0.2478134110787172,0.35276967930029157,1.0
banknote-authentication,rfc-nosuite,0.9941690962099126,1.0,0.8688046647230321,0.0,0.0,0.6763848396501457,0.30612244897959184,0.358600583090379,1.0
banknote-authentication,rfc-nosuite,0.9941690962099126,0.99,0.20699708454810495,0.0,0.0,0.2478134110787172,0.3498542274052478,0.22740524781341107,1.0
banknote-authentication,rfc-nosuite,0.9941690962099126,0.99,1.0,0.0,0.0,0.33819241982507287,0.30612244897959184,0.36151603498542273,1.0
banknote-authentication,rfc-nosuite,0.9941690962099126,0.99,1.0,0.0,0.0,0.5510204081632653,0.30903790087463556,0.4489795918367347,1.0
banknote-authentication,rfc-nosuite,0.9941690962099126,0.76,0.6618075801749271,0.0,0.0,0.037900874635568516,0.0728862973760933,0.029154518950437316,1.0
banknote-authentication,rfc-nosuite,0.9941690962099126,1.0,1.0,0.0,0.0,0.33819241982507287,0.30612244897959184,0.35276967930029157,1.0
banknote-authentication,rfc-nosuite,0.9941690962099126,1.0,1.0,0.0,0.0,0.10495626822157435,0.03206997084548105,0.2536443148688047,1.0
banknote-authentication,rfc-nosuite,0.9941690962099126,1.0,1.0,0.0,0.0,0.40524781341107874,0.26239067055393583,0.4489795918367347,1.0
banknote-authentication,rfc-nosuite,0.9941690962099126,0.98,0.33819241982507287,0.0,0.0,0.33819241982507287,0.30612244897959184,0.32653061224489793,1.0
banknote-authentication,rfc-nosuite,0.9941690962099126,0.99,1.0,0.0,0.0,0.4606413994169096,0.07871720116618076,0.3469387755102041,1.0
banknote-authentication,rfc-nosuite,0.9941690962099126,0.98,1.0,0.0,0.0,0.2303206997084548,0.3498542274052478,0.2594752186588921,1.0
banknote-authentication,rfc-nosuite,0.9941690962099126,1.0,1.0,0.0,0.0,0.3119533527696793,0.2478134110787172,0.3469387755102041,1.0
banknote-authentication,rfc-nosuite,0.9941690962099126,0.93,0.3032069970845481,0.0,0.0,0.061224489795918366,0.023323615160349854,0.061224489795918366,1.0
banknote-authentication,rfc-nosuite,0.9941690962099126,1.0,1.0,0.0,0.0,0.3498542274052478,0.46647230320699706,0.32653061224489793,1.0
banknote-authentication,rfc-nosuite,0.9941690962099126,0.97,0.42857142857142855,0.0,0.0,0.20699708454810495,0.3848396501457726,0.23615160349854228,1.0
banknote-authentication,rfc-nosuite,0.9941690962099126,1.0,1.0,0.0,0.0,0.4110787172011662,0.07871720116618076,0.35276967930029157,1.0
banknote-authentication,rfc-nosuite,0.9941690962099126,1.0,1.0,0.0,0.0,0.4198250728862974,0.3323615160349854,0.3673469387755102,1.0
banknote-authentication,rfc-nosuite,0.9941690962099126,1.0,1.0,0.0,0.0,0.24198250728862974,0.3673469387755102,0.4314868804664723,1.0
banknote-authentication,rfc-nosuite,0.9941690962099126,0.98,1.0,0.0,0.0,0.16034985422740525,0.27696793002915454,0.30612244897959184,1.0
banknote-authentication,rfc-nosuite,0.9941690962099126,0.99,1.0,0.0,0.0,0.358600583090379,0.08746355685131195,0.43731778425655976,1.0
banknote-authentication,rfc-nosuite,0.9941690962099126,1.0,1.0,0.0,0.0,0.36151603498542273,0.30029154518950435,0.42565597667638483,1.0
banknote-authentication,rfc-nosuite,0.9941690962099126,1.0,0.30029154518950435,0.0,0.0,0.6005830903790087,0.3032069970845481,0.3119533527696793,1.0
banknote-authentication,rfc-nosuite,0.9941690962099126,0.72,0.6618075801749271,0.0,0.0,0.03206997084548105,0.0058309037900874635,0.026239067055393587,1.0
banknote-authentication,rfc-nosuite,0.9941690962099126,0.97,0.2478134110787172,0.0,0.0,0.4198250728862974,0.03206997084548105,0.10204081632653061,1.0
banknote-authentication,rfc-nosuite,0.9941690962099126,0.99,1.0,0.0,0.0,0.1749271137026239,0.4110787172011662,0.2653061224489796,1.0
banknote-authentication,rfc-nosuite,0.9941690962099126,1.0,0.6676384839650146,0.0,0.0,0.4139941690962099,0.40524781341107874,0.27113702623906705,1.0
banknote-authentication,rfc-nosuite,0.9941690962099126,1.0,1.0,0.0,0.0,0.4139941690962099,0.2886297376093295,0.37026239067055394,1.0
banknote-authentication,rfc-nosuite,0.9941690962099126,0.99,0.5043731778425656,0.0,0.0,0.20116618075801748,0.29737609329446063,0.3556851311953353,1.0
banknote-authentication,rfc-nosuite,0.9941690962099126,0.99,1.0,0.0,0.0,0.33819241982507287,0.2594752186588921,0.3848396501457726,1.0
banknote-authentication,rfc-nosuite,0.9941690962099126,0.92,0.01749271137026239,0.0,0.0,0.1836734693877551,0.01749271137026239,0.09037900874635568,1.0
yeast,rfc-nosuite,0.6091644204851752,0.44,0.02425876010781671,0.0,0.0,0.05121293800539083,,0.07277628032345014,1.0
yeast,rfc-nosuite,0.6091644204851752,0.8,0.0215633423180593,0.0,0.0,0.029649595687331536,,0.1293800539083558,1.0
yeast,rfc-nosuite,0.6091644204851752,0.69,0.029649595687331536,0.0,0.0,0.0026954177897574125,,0.0889487870619946,1.0
yeast,rfc-nosuite,0.6091644204851752,0.76,0.11590296495956873,0.0,0.0,0.018867924528301886,,0.14824797843665768,1.0
yeast,rfc-nosuite,0.6091644204851752,0.83,0.08086253369272237,0.0,0.0,0.016172506738544475,,0.1078167115902965,1.0
yeast,rfc-nosuite,0.6091644204851752,0.4,0.04582210242587601,0.0,0.0,0.01078167115902965,,0.0026954177897574125,1.0
yeast,rfc-nosuite,0.6091644204851752,0.7,0.0215633423180593,0.0,0.0,0.016172506738544475,,0.15633423180592992,1.0
yeast,rfc-nosuite,0.6091644204851752,0.52,0.026954177897574125,0.0,0.0,0.013477088948787063,,0.013477088948787063,1.0
yeast,rfc-nosuite,0.6091644204851752,0.53,0.018867924528301886,0.0,0.0,0.008086253369272238,,0.008086253369272238,1.0
yeast,rfc-nosuite,0.6091644204851752,0.76,0.07547169811320754,0.0,0.0,0.08086253369272237,,0.3584905660377358,1.0
yeast,rfc-nosuite,0.6091644204851752,0.79,0.09164420485175202,0.0,0.0,0.01078167115902965,,0.14016172506738545,1.0
yeast,rfc-nosuite,0.6091644204851752,0.84,0.03234501347708895,0.0,0.0,0.016172506738544475,,0.15363881401617252,1.0
yeast,rfc-nosuite,0.6091644204851752,0.7,0.06199460916442048,0.0,0.0,0.0862533692722372,,0.0431266846361186,1.0
yeast,rfc-nosuite,0.6091644204851752,0.47,0.0215633423180593,0.0,0.0,0.005390835579514825,,0.016172506738544475,1.0
yeast,rfc-nosuite,0.6091644204851752,0.81,0.1105121293800539,0.0,0.0,0.0215633423180593,,0.14824797843665768,1.0
yeast,rfc-nosuite,0.6091644204851752,0.51,0.03773584905660377,0.0,0.0,0.005390835579514825,,0.1967654986522911,1.0
yeast,rfc-nosuite,0.6091644204851752,0.48,0.01078167115902965,0.0,0.0,0.05660377358490566,,0.08086253369272237,1.0
yeast,rfc-nosuite,0.6091644204851752,0.73,0.013477088948787063,0.0,0.0,0.01078167115902965,,0.02425876010781671,1.0
yeast,rfc-nosuite,0.6091644204851752,0.59,0.0215633423180593,0.0,0.0,0.03234501347708895,,0.029649595687331536,1.0
yeast,rfc-nosuite,0.6091644204851752,0.64,0.016172506738544475,0.0,0.0,0.013477088948787063,,0.18059299191374664,1.0
yeast,rfc-nosuite,0.6091644204851752,0.78,0.04043126684636118,0.0,0.0,0.01078167115902965,,0.15902964959568733,1.0
yeast,rfc-nosuite,0.6091644204851752,0.77,0.008086253369272238,0.0,0.0,0.01078167115902965,,0.08355795148247978,1.0
yeast,rfc-nosuite,0.6091644204851752,0.73,0.07547169811320754,0.0,0.0,0.026954177897574125,,0.09164420485175202,1.0
yeast,rfc-nosuite,0.6091644204851752,0.42,0.005390835579514825,0.0,0.0,0.026954177897574125,,0.1752021563342318,1.0
yeast,rfc-nosuite,0.6091644204851752,0.52,0.04851752021563342,0.0,0.0,0.008086253369272238,,0.09973045822102426,1.0
yeast,rfc-nosuite,0.6091644204851752,0.49,0.018867924528301886,0.0,0.0,0.02425876010781671,,0.29110512129380056,1.0
yeast,rfc-nosuite,0.6091644204851752,0.5,0.013477088948787063,0.0,0.0,0.0026954177897574125,,0.026954177897574125,1.0
yeast,rfc-nosuite,0.6091644204851752,0.66,0.013477088948787063,0.0,0.0,0.01078167115902965,,0.0889487870619946,1.0
yeast,rfc-nosuite,0.6091644204851752,0.89,0.03504043126684636,0.0,0.0,0.0215633423180593,,0.1725067385444744,1.0
yeast,rfc-nosuite,0.6091644204851752,0.64,0.008086253369272238,0.0,0.0,0.016172506738544475,,0.029649595687331536,1.0
yeast,rfc-nosuite,0.6091644204851752,0.44,0.029649595687331536,0.0,0.0,0.03504043126684636,,0.16442048517520216,1.0
yeast,rfc-nosuite,0.6091644204851752,0.76,0.0431266846361186,0.0,0.0,0.04851752021563342,,0.15902964959568733,1.0
yeast,rfc-nosuite,0.6091644204851752,0.32,0.013477088948787063,0.0,0.0,0.0026954177897574125,,0.0431266846361186,1.0
yeast,rfc-nosuite,0.6091644204851752,0.4,0.02425876010781671,0.0,0.0,0.0026954177897574125,,0.005390835579514825,1.0
yeast,rfc-nosuite,0.6091644204851752,0.6,0.05660377358490566,0.0,0.0,0.013477088948787063,,0.1967654986522911,1.0
yeast,rfc-nosuite,0.6091644204851752,0.48,0.05929919137466307,0.0,0.0,0.09164420485175202,,0.07277628032345014,1.0
yeast,rfc-nosuite,0.6091644204851752,0.53,0.0215633423180593,0.0,0.0,0.016172506738544475,,0.01078167115902965,1.0
yeast,rfc-nosuite,0.6091644204851752,0.94,0.029649595687331536,0.0,0.0,0.0215633423180593,,0.13746630727762804,1.0
yeast,rfc-nosuite,0.6091644204851752,0.8,0.029649595687331536,0.0,0.0,0.03773584905660377,,0.11590296495956873,1.0
yeast,rfc-nosuite,0.6091644204851752,0.34,0.03773584905660377,0.0,0.0,0.029649595687331536,,0.21293800539083557,1.0
yeast,rfc-nosuite,0.6091644204851752,0.61,0.0673854447439353,0.0,0.0,0.05121293800539083,,0.0889487870619946,1.0
yeast,rfc-nosuite,0.6091644204851752,0.52,0.07547169811320754,0.0,0.0,0.008086253369272238,,0.08355795148247978,1.0
yeast,rfc-nosuite,0.6091644204851752,0.45,0.013477088948787063,0.0,0.0,0.016172506738544475,,0.0673854447439353,1.0
yeast,rfc-nosuite,0.6091644204851752,0.51,0.008086253369272238,0.0,0.0,0.0026954177897574125,,0.005390835579514825,1.0
yeast,rfc-nosuite,0.6091644204851752,0.67,0.05929919137466307,0.0,0.0,0.016172506738544475,,0.14824797843665768,1.0
yeast,rfc-nosuite,0.6091644204851752,0.64,0.40161725067385445,0.0,0.0,0.05660377358490566,,0.1940700808625337,1.0
yeast,rfc-nosuite,0.6091644204851752,0.5,0.07547169811320754,0.0,0.0,0.05660377358490566,,0.16442048517520216,1.0
yeast,rfc-nosuite,0.6091644204851752,0.6,0.01078167115902965,0.0,0.0,0.02425876010781671,,0.11320754716981132,1.0
yeast,rfc-nosuite,0.6091644204851752,0.73,0.07277628032345014,0.0,0.0,0.026954177897574125,,0.1347708894878706,1.0
yeast,rfc-nosuite,0.6091644204851752,0.9,0.14285714285714285,0.0,0.0,0.05660377358490566,,0.24528301886792453,1.0
rmftsa,rfc-nosuite,0.50390625,0.3573333333333333,0.08984375,0.0,0.0,0.39453125,0.34765625,0.1640625,1.0
rmftsa,rfc-nosuite,0.50390625,0.4523571428571429,0.2890625,0.0,0.0,0.1171875,0.27734375,0.20703125,1.0
rmftsa,rfc-nosuite,0.50390625,0.685,0.50390625,0.0,0.0,0.4921875,0.22265625,0.05078125,1.0
rmftsa,rfc-nosuite,0.50390625,0.825,0.47265625,0.0,0.0,0.046875,0.046875,0.0390625,1.0
rmftsa,rfc-nosuite,0.50390625,0.6215396825396823,0.7109375,0.0,0.0,0.75390625,0.2265625,0.41796875,1.0
rmftsa,rfc-nosuite,0.50390625,0.833060162060162,0.18359375,0.0,0.0,0.24609375,0.234375,0.234375,1.0
rmftsa,rfc-nosuite,0.50390625,0.2887738095238095,0.12109375,0.0,0.0,0.01953125,0.01953125,0.2421875,1.0
rmftsa,rfc-nosuite,0.50390625,0.8775354922854918,0.26953125,0.0,0.0,0.26953125,0.1640625,0.703125,1.0
rmftsa,rfc-nosuite,0.50390625,0.8113809523809523,0.0234375,0.0,0.0,0.01953125,0.1328125,0.01953125,1.0
rmftsa,rfc-nosuite,0.50390625,0.5523730158730159,0.453125,0.0,0.0,0.26953125,0.1640625,0.26953125,1.0
rmftsa,rfc-nosuite,0.50390625,1.0,0.61328125,0.0,0.0,0.3671875,0.19921875,0.2265625,1.0
rmftsa,rfc-nosuite,0.50390625,0.6062619047619048,0.21484375,0.0,0.0,0.03515625,0.29296875,0.21484375,1.0
rmftsa,rfc-nosuite,0.50390625,0.9257142857142857,0.09765625,0.0,0.0,0.09765625,0.1328125,0.078125,1.0
rmftsa,rfc-nosuite,0.50390625,0.6973333333333334,0.10546875,0.0,0.0,0.1328125,0.29296875,0.06640625,1.0
rmftsa,rfc-nosuite,0.50390625,0.6722097902097899,0.453125,0.0,0.0,0.33984375,0.34765625,0.26953125,1.0
rmftsa,rfc-nosuite,0.50390625,0.36135714285714293,0.09765625,0.0,0.0,0.09765625,0.10546875,0.05078125,1.0
rmftsa,rfc-nosuite,0.50390625,0.5246666666666665,0.10546875,0.0,0.0,0.4375,0.2578125,0.0703125,1.0
rmftsa,rfc-nosuite,0.50390625,0.5523730158730159,0.453125,0.0,0.0,0.26953125,0.1640625,0.23828125,1.0
rmftsa,rfc-nosuite,0.50390625,0.695,0.06640625,0.0,0.0,0.10546875,0.05078125,0.08984375,1.0
rmftsa,rfc-nosuite,0.50390625,0.9804999999999999,0.7109375,0.0,0.0,0.328125,0.34765625,0.7109375,1.0
rmftsa,rfc-nosuite,0.50390625,0.5812557720057718,0.08984375,0.0,0.0,0.0390625,0.37890625,0.13671875,1.0
rmftsa,rfc-nosuite,0.50390625,0.43099999999999994,0.2578125,0.0,0.0,0.16796875,0.12109375,0.10546875,1.0
rmftsa,rfc-nosuite,0.50390625,0.5475,0.16796875,0.0,0.0,0.64453125,0.18359375,0.20703125,1.0
rmftsa,rfc-nosuite,0.50390625,0.7112583527583526,0.75390625,0.0,0.0,0.44140625,0.2265625,0.48046875,1.0
rmftsa,rfc-nosuite,0.50390625,0.795654761904762,0.28125,0.0,0.0,0.57421875,0.28515625,0.38671875,1.0
rmftsa,rfc-nosuite,0.50390625,0.79,0.50390625,0.0,0.0,0.50390625,0.29296875,0.01171875,1.0
rmftsa,rfc-nosuite,0.50390625,0.4893333333333333,0.046875,0.0,0.0,0.00390625,0.16015625,0.00390625,1.0
rmftsa,rfc-nosuite,0.50390625,0.53,0.09765625,0.0,0.0,0.01171875,0.015625,0.34765625,1.0
rmftsa,rfc-nosuite,0.50390625,0.41562698412698423,0.01953125,0.0,0.0,0.0390625,0.28125,0.078125,1.0
rmftsa,rfc-nosuite,0.50390625,0.6774047619047618,0.89453125,0.0,0.0,0.66015625,0.1328125,0.046875,1.0
rmftsa,rfc-nosuite,0.50390625,0.6733194305694304,0.11328125,0.0,0.0,0.73828125,0.28515625,0.296875,1.0
rmftsa,rfc-nosuite,0.50390625,0.3471666666666666,0.09765625,0.0,0.0,0.453125,0.078125,0.13671875,1.0
rmftsa,rfc-nosuite,0.50390625,0.6973333333333334,0.10546875,0.0,0.0,0.1328125,0.59765625,0.03515625,1.0
rmftsa,rfc-nosuite,0.50390625,0.509,0.2890625,0.0,0.0,0.03125,0.03125,0.0703125,1.0
rmftsa,rfc-nosuite,0.50390625,0.7043095238095237,0.078125,0.0,0.0,0.83203125,0.28125,0.171875,1.0
rmftsa,rfc-nosuite,0.50390625,0.53,0.0546875,0.0,0.0,0.02734375,0.21484375,0.0078125,1.0
rmftsa,rfc-nosuite,0.50390625,0.49807142857142866,0.61328125,0.0,0.0,0.5234375,0.28125,0.2265625,1.0
rmftsa,rfc-nosuite,0.50390625,0.98,0.28125,0.0,0.0,0.28125,0.015625,0.0390625,1.0
rmftsa,rfc-nosuite,0.50390625,0.5601212121212121,0.6640625,0.0,0.0,0.5546875,0.42578125,0.24609375,1.0
rmftsa,rfc-nosuite,0.50390625,0.82,0.27734375,0.0,0.0,0.22265625,0.12109375,0.22265625,1.0
rmftsa,rfc-nosuite,0.50390625,0.5005,0.06640625,0.0,0.0,0.34765625,0.16796875,0.27734375,1.0
rmftsa,rfc-nosuite,0.50390625,0.5246666666666667,0.06640625,0.0,0.0,0.16796875,0.25390625,0.046875,1.0
rmftsa,rfc-nosuite,0.50390625,0.74,0.07421875,0.0,0.0,0.921875,0.2421875,0.24609375,1.0
rmftsa,rfc-nosuite,0.50390625,0.72,0.578125,0.0,0.0,0.4296875,0.53125,0.0859375,1.0
rmftsa,rfc-nosuite,0.50390625,0.904,0.28125,0.0,0.0,0.01953125,0.0390625,0.2890625,1.0
rmftsa,rfc-nosuite,0.50390625,0.5523730158730159,0.453125,0.0,0.0,0.26953125,0.45703125,0.26953125,1.0
rmftsa,rfc-nosuite,0.50390625,0.74,0.07421875,0.0,0.0,0.921875,0.125,0.2421875,1.0
rmftsa,rfc-nosuite,0.50390625,0.675,0.0546875,0.0,0.0,0.05859375,0.09765625,0.1640625,1.0
rmftsa,rfc-nosuite,0.50390625,0.85,0.05078125,0.0,0.0,0.0390625,0.046875,0.203125,1.0
rmftsa,rfc-nosuite,0.50390625,0.6955833333333333,0.16796875,0.0,0.0,0.33984375,0.24609375,0.06640625,1.0
banknote-authentication,rfc-nosuite,0.9941690962099126,1.0,1.0,0.0,0.0,0.2565597667638484,0.5014577259475219,0.3498542274052478,1.0
banknote-authentication,rfc-nosuite,0.9941690962099126,1.0,1.0,0.0,0.0,0.3206997084548105,0.33819241982507287,0.4489795918367347,1.0
banknote-authentication,rfc-nosuite,0.9941690962099126,0.98,1.0,0.0,0.0,0.2594752186588921,0.4956268221574344,0.24489795918367346,1.0
banknote-authentication,rfc-nosuite,0.9941690962099126,0.99,0.4897959183673469,0.0,0.0,0.21865889212827988,0.33819241982507287,0.26822157434402333,1.0
banknote-authentication,rfc-nosuite,0.9941690962099126,1.0,0.8104956268221575,0.0,0.0,0.5306122448979592,0.37026239067055394,0.2536443148688047,1.0
banknote-authentication,rfc-nosuite,0.9941690962099126,1.0,0.2594752186588921,0.0,0.0,0.2915451895043732,0.30612244897959184,0.30612244897959184,1.0
banknote-authentication,rfc-nosuite,0.9941690962099126,0.97,0.6967930029154519,0.0,0.0,0.16326530612244897,0.3323615160349854,0.24198250728862974,1.0
banknote-authentication,rfc-nosuite,0.9941690962099126,1.0,1.0,0.0,0.0,0.3206997084548105,0.34402332361516036,0.3469387755102041,1.0
banknote-authentication,rfc-nosuite,0.9941690962099126,1.0,0.6676384839650146,0.0,0.0,0.4198250728862974,0.18075801749271136,0.3206997084548105,1.0
banknote-authentication,rfc-nosuite,0.9941690962099126,1.0,1.0,0.0,0.0,0.34110787172011664,0.34110787172011664,0.3848396501457726,1.0
banknote-authentication,rfc-nosuite,0.9941690962099126,0.92,0.7084548104956269,0.0,0.0,0.09620991253644315,0.061224489795918366,0.05539358600583091,1.0
banknote-authentication,rfc-nosuite,0.9941690962099126,1.0,1.0,0.0,0.0,0.4402332361516035,0.37026239067055394,0.521865889212828,1.0
banknote-authentication,rfc-nosuite,0.9941690962099126,0.99,1.0,0.0,0.0,0.2565597667638484,0.33527696793002915,0.40816326530612246,1.0
banknote-authentication,rfc-nosuite,0.9941690962099126,1.0,1.0,0.0,0.0,0.17201166180758018,0.6618075801749271,0.239067055393586,1.0
banknote-authentication,rfc-nosuite,0.9941690962099126,1.0,1.0,0.0,0.0,0.15451895043731778,0.10787172011661808,0.23323615160349853,1.0
banknote-authentication,rfc-nosuite,0.9941690962099126,0.99,0.3323615160349854,0.0,0.0,0.09037900874635568,0.12536443148688048,0.18950437317784258,1.0
banknote-authentication,rfc-nosuite,0.9941690962099126,0.99,0.3323615160349854,0.0,0.0,0.09037900874635568,0.08454810495626822,0.2536443148688047,1.0
banknote-authentication,rfc-nosuite,0.9941690962099126,0.99,0.6676384839650146,0.0,0.0,0.3119533527696793,0.09037900874635568,0.19825072886297376,1.0
banknote-authentication,rfc-nosuite,0.9941690962099126,0.99,1.0,0.0,0.0,0.33819241982507287,0.33819241982507287,0.30029154518950435,1.0
banknote-authentication,rfc-nosuite,0.9941690962099126,1.0,1.0,0.0,0.0,0.3848396501457726,0.2478134110787172,0.35276967930029157,1.0
banknote-authentication,rfc-nosuite,0.9941690962099126,1.0,0.8688046647230321,0.0,0.0,0.6763848396501457,0.30612244897959184,0.358600583090379,1.0
banknote-authentication,rfc-nosuite,0.9941690962099126,0.99,0.20699708454810495,0.0,0.0,0.2478134110787172,0.3498542274052478,0.22740524781341107,1.0
banknote-authentication,rfc-nosuite,0.9941690962099126,0.99,1.0,0.0,0.0,0.33819241982507287,0.30612244897959184,0.36151603498542273,1.0
banknote-authentication,rfc-nosuite,0.9941690962099126,0.99,1.0,0.0,0.0,0.5510204081632653,0.30903790087463556,0.4489795918367347,1.0
banknote-authentication,rfc-nosuite,0.9941690962099126,0.76,0.6618075801749271,0.0,0.0,0.037900874635568516,0.0728862973760933,0.029154518950437316,1.0
banknote-authentication,rfc-nosuite,0.9941690962099126,1.0,1.0,0.0,0.0,0.33819241982507287,0.30612244897959184,0.35276967930029157,1.0
banknote-authentication,rfc-nosuite,0.9941690962099126,1.0,1.0,0.0,0.0,0.10495626822157435,0.03206997084548105,0.2536443148688047,1.0
banknote-authentication,rfc-nosuite,0.9941690962099126,1.0,1.0,0.0,0.0,0.40524781341107874,0.26239067055393583,0.4489795918367347,1.0
banknote-authentication,rfc-nosuite,0.9941690962099126,0.98,0.33819241982507287,0.0,0.0,0.33819241982507287,0.30612244897959184,0.32653061224489793,1.0
banknote-authentication,rfc-nosuite,0.9941690962099126,0.99,1.0,0.0,0.0,0.4606413994169096,0.07871720116618076,0.3469387755102041,1.0
banknote-authentication,rfc-nosuite,0.9941690962099126,0.98,1.0,0.0,0.0,0.2303206997084548,0.3498542274052478,0.2594752186588921,1.0
banknote-authentication,rfc-nosuite,0.9941690962099126,1.0,1.0,0.0,0.0,0.3119533527696793,0.2478134110787172,0.3469387755102041,1.0
banknote-authentication,rfc-nosuite,0.9941690962099126,0.93,0.3032069970845481,0.0,0.0,0.061224489795918366,0.023323615160349854,0.061224489795918366,1.0
banknote-authentication,rfc-nosuite,0.9941690962099126,1.0,1.0,0.0,0.0,0.3498542274052478,0.46647230320699706,0.32653061224489793,1.0
banknote-authentication,rfc-nosuite,0.9941690962099126,0.97,0.42857142857142855,0.0,0.0,0.20699708454810495,0.3848396501457726,0.23615160349854228,1.0
banknote-authentication,rfc-nosuite,0.9941690962099126,1.0,1.0,0.0,0.0,0.4110787172011662,0.07871720116618076,0.35276967930029157,1.0
banknote-authentication,rfc-nosuite,0.9941690962099126,1.0,1.0,0.0,0.0,0.4198250728862974,0.3323615160349854,0.3673469387755102,1.0
banknote-authentication,rfc-nosuite,0.9941690962099126,1.0,1.0,0.0,0.0,0.24198250728862974,0.3673469387755102,0.4314868804664723,1.0
banknote-authentication,rfc-nosuite,0.9941690962099126,0.98,1.0,0.0,0.0,0.16034985422740525,0.27696793002915454,0.30612244897959184,1.0
banknote-authentication,rfc-nosuite,0.9941690962099126,0.99,1.0,0.0,0.0,0.358600583090379,0.08746355685131195,0.43731778425655976,1.0
banknote-authentication,rfc-nosuite,0.9941690962099126,1.0,1.0,0.0,0.0,0.36151603498542273,0.30029154518950435,0.42565597667638483,1.0
banknote-authentication,rfc-nosuite,0.9941690962099126,1.0,0.30029154518950435,0.0,0.0,0.6005830903790087,0.3032069970845481,0.3119533527696793,1.0
banknote-authentication,rfc-nosuite,0.9941690962099126,0.72,0.6618075801749271,0.0,0.0,0.03206997084548105,0.0058309037900874635,0.026239067055393587,1.0
banknote-authentication,rfc-nosuite,0.9941690962099126,0.97,0.2478134110787172,0.0,0.0,0.4198250728862974,0.03206997084548105,0.10204081632653061,1.0
banknote-authentication,rfc-nosuite,0.9941690962099126,0.99,1.0,0.0,0.0,0.1749271137026239,0.4110787172011662,0.2653061224489796,1.0
banknote-authentication,rfc-nosuite,0.9941690962099126,1.0,0.6676384839650146,0.0,0.0,0.4139941690962099,0.40524781341107874,0.27113702623906705,1.0
banknote-authentication,rfc-nosuite,0.9941690962099126,1.0,1.0,0.0,0.0,0.4139941690962099,0.2886297376093295,0.37026239067055394,1.0
banknote-authentication,rfc-nosuite,0.9941690962099126,0.99,0.5043731778425656,0.0,0.0,0.20116618075801748,0.29737609329446063,0.3556851311953353,1.0
banknote-authentication,rfc-nosuite,0.9941690962099126,0.99,1.0,0.0,0.0,0.33819241982507287,0.2594752186588921,0.3848396501457726,1.0
banknote-authentication,rfc-nosuite,0.9941690962099126,0.92,0.01749271137026239,0.0,0.0,0.1836734693877551,0.01749271137026239,0.09037900874635568,1.0
volcanoes-a2,rfc-nosuite,0.9310344827586207,0.92,0.37438423645320196,0.0,0.0,0.312807881773399,0.8152709359605911,,1.0
volcanoes-a2,rfc-nosuite,0.9310344827586207,0.99,0.30295566502463056,0.0,0.0,0.034482758620689655,0.8719211822660099,,1.0
volcanoes-a2,rfc-nosuite,0.9310344827586207,1.0,1.0,0.0,0.0,1.0,0.5911330049261084,0.9605911330049262,1.0
volcanoes-a2,rfc-nosuite,0.9310344827586207,0.97,1.0,0.0,0.0,0.6551724137931034,0.8251231527093597,,1.0
volcanoes-a2,rfc-nosuite,0.9310344827586207,0.83,0.8423645320197044,0.0,0.0,1.0,0.45320197044334976,,1.0
volcanoes-a2,rfc-nosuite,0.9310344827586207,1.0,1.0,0.0,0.0,1.0,0.9137931034482759,0.9532019704433498,1.0
volcanoes-a2,rfc-nosuite,0.9310344827586207,0.9,1.0,0.0,0.0,0.6551724137931034,0.6403940886699507,0.9310344827586207,1.0
volcanoes-a2,rfc-nosuite,0.9310344827586207,0.98,1.0,0.0,0.0,0.229064039408867,0.45073891625615764,,1.0
volcanoes-a2,rfc-nosuite,0.9310344827586207,0.97,1.0,0.0,0.0,0.5,0.854679802955665,0.9137931034482759,1.0
volcanoes-a2,rfc-nosuite,0.9310344827586207,1.0,1.0,0.0,0.0,0.8423645320197044,0.9014778325123153,0.9137931034482759,1.0
volcanoes-a2,rfc-nosuite,0.9310344827586207,0.7,0.0049261083743842365,0.0,0.0,0.23891625615763548,0.019704433497536946,0.2561576354679803,1.0
volcanoes-a2,rfc-nosuite,0.9310344827586207,1.0,1.0,0.0,0.0,0.34236453201970446,0.5911330049261084,0.8768472906403941,1.0
volcanoes-a2,rfc-nosuite,0.9310344827586207,0.61,0.4482758620689655,0.0,0.0,0.9532019704433498,0.007389162561576354,0.20689655172413793,1.0
volcanoes-a2,rfc-nosuite,0.9310344827586207,0.76,0.9137931034482759,0.0,0.0,0.9261083743842364,0.5467980295566502,0.9310344827586207,1.0
volcanoes-a2,rfc-nosuite,0.9310344827586207,0.91,1.0,0.0,0.0,0.6527093596059114,0.8251231527093597,,1.0
volcanoes-a2,rfc-nosuite,0.9310344827586207,1.0,1.0,0.0,0.0,0.4064039408866995,0.7266009852216748,0.9137931034482759,1.0
volcanoes-a2,rfc-nosuite,0.9310344827586207,0.99,1.0,0.0,0.0,0.26108374384236455,0.5394088669950738,0.9211822660098522,1.0
volcanoes-a2,rfc-nosuite,0.9310344827586207,0.96,1.0,0.0,0.0,0.9137931034482759,0.9187192118226601,0.9088669950738916,1.0
volcanoes-a2,rfc-nosuite,0.9310344827586207,1.0,1.0,0.0,0.0,1.0,0.874384236453202,,1.0
volcanoes-a2,rfc-nosuite,0.9310344827586207,1.0,1.0,0.0,0.0,1.0,0.7635467980295566,0.9334975369458128,1.0
volcanoes-a2,rfc-nosuite,0.9310344827586207,1.0,1.0,0.0,0.0,0.034482758620689655,0.854679802955665,,1.0
volcanoes-a2,rfc-nosuite,0.9310344827586207,0.95,1.0,0.0,0.0,1.0,0.916256157635468,0.9014778325123153,1.0
volcanoes-a2,rfc-nosuite,0.9310344827586207,0.98,1.0,0.0,0.0,0.8201970443349754,0.8374384236453202,0.9532019704433498,1.0
volcanoes-a2,rfc-nosuite,0.9310344827586207,1.0,0.7512315270935961,0.0,0.0,1.0,0.8669950738916257,,1.0
volcanoes-a2,rfc-nosuite,0.9310344827586207,0.99,1.0,0.0,0.0,0.034482758620689655,0.9014778325123153,0.9532019704433498,1.0
volcanoes-a2,rfc-nosuite,0.9310344827586207,1.0,1.0,0.0,0.0,1.0,0.8374384236453202,,1.0
volcanoes-a2,rfc-nosuite,0.9310344827586207,1.0,1.0,0.0,0.0,0.41625615763546797,0.8842364532019704,,1.0
volcanoes-a2,rfc-nosuite,0.9310344827586207,0.94,1.0,0.0,0.0,0.8423645320197044,0.5517241379310345,,1.0
volcanoes-a2,rfc-nosuite,0.9310344827586207,0.91,1.0,0.0,0.0,0.874384236453202,0.6502463054187192,0.874384236453202,1.0
volcanoes-a2,rfc-nosuite,0.9310344827586207,1.0,1.0,0.0,0.0,0.8842364532019704,0.8423645320197044,0.9630541871921182,1.0
volcanoes-a2,rfc-nosuite,0.9310344827586207,1.0,1.0,0.0,0.0,1.0,0.8571428571428571,,1.0
volcanoes-a2,rfc-nosuite,0.9310344827586207,1.0,1.0,0.0,0.0,0.7955665024630542,0.8275862068965517,,1.0
volcanoes-a2,rfc-nosuite,0.9310344827586207,0.99,1.0,0.0,0.0,0.8177339901477833,0.7783251231527094,0.9679802955665024,1.0
volcanoes-a2,rfc-nosuite,0.9310344827586207,1.0,1.0,0.0,0.0,0.8251231527093597,0.41133004926108374,0.9334975369458128,1.0
volcanoes-a2,rfc-nosuite,0.9310344827586207,1.0,1.0,0.0,0.0,0.14532019704433496,0.874384236453202,,1.0
volcanoes-a2,rfc-nosuite,0.9310344827586207,1.0,1.0,0.0,0.0,0.6551724137931034,0.7241379310344828,,1.0
volcanoes-a2,rfc-nosuite,0.9310344827586207,1.0,1.0,0.0,0.0,1.0,0.8448275862068966,,1.0
volcanoes-a2,rfc-nosuite,0.9310344827586207,0.41,0.024630541871921183,0.0,0.0,0.012315270935960592,0.019704433497536946,0.014778325123152709,1.0
volcanoes-a2,rfc-nosuite,0.9310344827586207,1.0,1.0,0.0,0.0,1.0,0.7881773399014779,,1.0
volcanoes-a2,rfc-nosuite,0.9310344827586207,0.83,0.8793103448275862,0.0,0.0,0.9137931034482759,0.9137931034482759,0.9137931034482759,1.0
volcanoes-a2,rfc-nosuite,0.9310344827586207,1.0,1.0,0.0,0.0,0.8423645320197044,0.45566502463054187,0.9211822660098522,1.0
volcanoes-a2,rfc-nosuite,0.9310344827586207,1.0,1.0,0.0,0.0,0.7536945812807881,0.8866995073891626,0.9408866995073891,1.0
volcanoes-a2,rfc-nosuite,0.9310344827586207,1.0,1.0,0.0,0.0,1.0,0.5492610837438424,0.9285714285714286,1.0
volcanoes-a2,rfc-nosuite,0.9310344827586207,0.97,1.0,0.0,0.0,0.4187192118226601,0.8054187192118226,0.9556650246305419,1.0
volcanoes-a2,rfc-nosuite,0.9310344827586207,0.99,1.0,0.0,0.0,1.0,0.5197044334975369,0.9630541871921182,1.0
volcanoes-a2,rfc-nosuite,0.9310344827586207,0.88,0.024630541871921183,0.0,0.0,0.9679802955665024,0.019704433497536946,0.30295566502463056,1.0
volcanoes-a2,rfc-nosuite,0.9310344827586207,0.99,1.0,0.0,0.0,0.229064039408867,0.8251231527093597,0.9014778325123153,1.0
volcanoes-a2,rfc-nosuite,0.9310344827586207,0.93,0.9334975369458128,0.0,0.0,1.0,0.6921182266009852,0.9482758620689655,1.0
volcanoes-a2,rfc-nosuite,0.9310344827586207,1.0,1.0,0.0,0.0,0.8349753694581281,0.5369458128078818,0.9236453201970444,1.0
volcanoes-a2,rfc-nosuite,0.9310344827586207,0.98,1.0,0.0,0.0,1.0,0.9137931034482759,0.9236453201970444,1.0
yeast,rfc-nosuite,0.6091644204851752,0.44,0.02425876010781671,0.0,0.0,0.05121293800539083,,0.07277628032345014,1.0
yeast,rfc-nosuite,0.6091644204851752,0.8,0.0215633423180593,0.0,0.0,0.029649595687331536,,0.1293800539083558,1.0
yeast,rfc-nosuite,0.6091644204851752,0.69,0.029649595687331536,0.0,0.0,0.0026954177897574125,,0.0889487870619946,1.0
yeast,rfc-nosuite,0.6091644204851752,0.76,0.11590296495956873,0.0,0.0,0.018867924528301886,,0.14824797843665768,1.0
yeast,rfc-nosuite,0.6091644204851752,0.83,0.08086253369272237,0.0,0.0,0.016172506738544475,,0.1078167115902965,1.0
yeast,rfc-nosuite,0.6091644204851752,0.4,0.04582210242587601,0.0,0.0,0.01078167115902965,,0.0026954177897574125,1.0
yeast,rfc-nosuite,0.6091644204851752,0.7,0.0215633423180593,0.0,0.0,0.016172506738544475,,0.15633423180592992,1.0
yeast,rfc-nosuite,0.6091644204851752,0.52,0.026954177897574125,0.0,0.0,0.013477088948787063,,0.013477088948787063,1.0
yeast,rfc-nosuite,0.6091644204851752,0.53,0.018867924528301886,0.0,0.0,0.008086253369272238,,0.008086253369272238,1.0
yeast,rfc-nosuite,0.6091644204851752,0.76,0.07547169811320754,0.0,0.0,0.08086253369272237,,0.3584905660377358,1.0
yeast,rfc-nosuite,0.6091644204851752,0.79,0.09164420485175202,0.0,0.0,0.01078167115902965,,0.14016172506738545,1.0
yeast,rfc-nosuite,0.6091644204851752,0.84,0.03234501347708895,0.0,0.0,0.016172506738544475,,0.15363881401617252,1.0
yeast,rfc-nosuite,0.6091644204851752,0.7,0.06199460916442048,0.0,0.0,0.0862533692722372,,0.0431266846361186,1.0
yeast,rfc-nosuite,0.6091644204851752,0.47,0.0215633423180593,0.0,0.0,0.005390835579514825,,0.016172506738544475,1.0
yeast,rfc-nosuite,0.6091644204851752,0.81,0.1105121293800539,0.0,0.0,0.0215633423180593,,0.14824797843665768,1.0
yeast,rfc-nosuite,0.6091644204851752,0.51,0.03773584905660377,0.0,0.0,0.005390835579514825,,0.1967654986522911,1.0
yeast,rfc-nosuite,0.6091644204851752,0.48,0.01078167115902965,0.0,0.0,0.05660377358490566,,0.08086253369272237,1.0
yeast,rfc-nosuite,0.6091644204851752,0.73,0.013477088948787063,0.0,0.0,0.01078167115902965,,0.02425876010781671,1.0
yeast,rfc-nosuite,0.6091644204851752,0.59,0.0215633423180593,0.0,0.0,0.03234501347708895,,0.029649595687331536,1.0
yeast,rfc-nosuite,0.6091644204851752,0.64,0.016172506738544475,0.0,0.0,0.013477088948787063,,0.18059299191374664,1.0
yeast,rfc-nosuite,0.6091644204851752,0.78,0.04043126684636118,0.0,0.0,0.01078167115902965,,0.15902964959568733,1.0
yeast,rfc-nosuite,0.6091644204851752,0.77,0.008086253369272238,0.0,0.0,0.01078167115902965,,0.08355795148247978,1.0
yeast,rfc-nosuite,0.6091644204851752,0.73,0.07547169811320754,0.0,0.0,0.026954177897574125,,0.09164420485175202,1.0
yeast,rfc-nosuite,0.6091644204851752,0.42,0.005390835579514825,0.0,0.0,0.026954177897574125,,0.1752021563342318,1.0
yeast,rfc-nosuite,0.6091644204851752,0.52,0.04851752021563342,0.0,0.0,0.008086253369272238,,0.09973045822102426,1.0
yeast,rfc-nosuite,0.6091644204851752,0.49,0.018867924528301886,0.0,0.0,0.02425876010781671,,0.29110512129380056,1.0
yeast,rfc-nosuite,0.6091644204851752,0.5,0.013477088948787063,0.0,0.0,0.0026954177897574125,,0.026954177897574125,1.0
yeast,rfc-nosuite,0.6091644204851752,0.66,0.013477088948787063,0.0,0.0,0.01078167115902965,,0.0889487870619946,1.0
yeast,rfc-nosuite,0.6091644204851752,0.89,0.03504043126684636,0.0,0.0,0.0215633423180593,,0.1725067385444744,1.0
yeast,rfc-nosuite,0.6091644204851752,0.64,0.008086253369272238,0.0,0.0,0.016172506738544475,,0.029649595687331536,1.0
yeast,rfc-nosuite,0.6091644204851752,0.44,0.029649595687331536,0.0,0.0,0.03504043126684636,,0.16442048517520216,1.0
yeast,rfc-nosuite,0.6091644204851752,0.76,0.0431266846361186,0.0,0.0,0.04851752021563342,,0.15902964959568733,1.0
yeast,rfc-nosuite,0.6091644204851752,0.32,0.013477088948787063,0.0,0.0,0.0026954177897574125,,0.0431266846361186,1.0
yeast,rfc-nosuite,0.6091644204851752,0.4,0.02425876010781671,0.0,0.0,0.0026954177897574125,,0.005390835579514825,1.0
yeast,rfc-nosuite,0.6091644204851752,0.6,0.05660377358490566,0.0,0.0,0.013477088948787063,,0.1967654986522911,1.0
yeast,rfc-nosuite,0.6091644204851752,0.48,0.05929919137466307,0.0,0.0,0.09164420485175202,,0.07277628032345014,1.0
yeast,rfc-nosuite,0.6091644204851752,0.53,0.0215633423180593,0.0,0.0,0.016172506738544475,,0.01078167115902965,1.0
yeast,rfc-nosuite,0.6091644204851752,0.94,0.029649595687331536,0.0,0.0,0.0215633423180593,,0.13746630727762804,1.0
yeast,rfc-nosuite,0.6091644204851752,0.8,0.029649595687331536,0.0,0.0,0.03773584905660377,,0.11590296495956873,1.0
yeast,rfc-nosuite,0.6091644204851752,0.34,0.03773584905660377,0.0,0.0,0.029649595687331536,,0.21293800539083557,1.0
yeast,rfc-nosuite,0.6091644204851752,0.61,0.0673854447439353,0.0,0.0,0.05121293800539083,,0.0889487870619946,1.0
yeast,rfc-nosuite,0.6091644204851752,0.52,0.07547169811320754,0.0,0.0,0.008086253369272238,,0.08355795148247978,1.0
yeast,rfc-nosuite,0.6091644204851752,0.45,0.013477088948787063,0.0,0.0,0.016172506738544475,,0.0673854447439353,1.0
yeast,rfc-nosuite,0.6091644204851752,0.51,0.008086253369272238,0.0,0.0,0.0026954177897574125,,0.005390835579514825,1.0
yeast,rfc-nosuite,0.6091644204851752,0.67,0.05929919137466307,0.0,0.0,0.016172506738544475,,0.14824797843665768,1.0
yeast,rfc-nosuite,0.6091644204851752,0.64,0.40161725067385445,0.0,0.0,0.05660377358490566,,0.1940700808625337,1.0
yeast,rfc-nosuite,0.6091644204851752,0.5,0.07547169811320754,0.0,0.0,0.05660377358490566,,0.16442048517520216,1.0
yeast,rfc-nosuite,0.6091644204851752,0.6,0.01078167115902965,0.0,0.0,0.02425876010781671,,0.11320754716981132,1.0
yeast,rfc-nosuite,0.6091644204851752,0.73,0.07277628032345014,0.0,0.0,0.026954177897574125,,0.1347708894878706,1.0
yeast,rfc-nosuite,0.6091644204851752,0.9,0.14285714285714285,0.0,0.0,0.05660377358490566,,0.24528301886792453,1.0
rmftsa,rfc-nosuite,0.50390625,0.3573333333333333,0.08984375,0.0,0.0,0.39453125,0.34765625,0.1640625,1.0
rmftsa,rfc-nosuite,0.50390625,0.4523571428571429,0.2890625,0.0,0.0,0.1171875,0.27734375,0.20703125,1.0
rmftsa,rfc-nosuite,0.50390625,0.685,0.50390625,0.0,0.0,0.4921875,0.22265625,0.05078125,1.0
rmftsa,rfc-nosuite,0.50390625,0.825,0.47265625,0.0,0.0,0.046875,0.046875,0.0390625,1.0
rmftsa,rfc-nosuite,0.50390625,0.6215396825396823,0.7109375,0.0,0.0,0.75390625,0.2265625,0.41796875,1.0
rmftsa,rfc-nosuite,0.50390625,0.833060162060162,0.18359375,0.0,0.0,0.24609375,0.234375,0.234375,1.0
rmftsa,rfc-nosuite,0.50390625,0.2887738095238095,0.12109375,0.0,0.0,0.01953125,0.01953125,0.2421875,1.0
rmftsa,rfc-nosuite,0.50390625,0.8775354922854918,0.26953125,0.0,0.0,0.26953125,0.1640625,0.703125,1.0
rmftsa,rfc-nosuite,0.50390625,0.8113809523809523,0.0234375,0.0,0.0,0.01953125,0.1328125,0.01953125,1.0
rmftsa,rfc-nosuite,0.50390625,0.5523730158730159,0.453125,0.0,0.0,0.26953125,0.1640625,0.26953125,1.0
rmftsa,rfc-nosuite,0.50390625,1.0,0.61328125,0.0,0.0,0.3671875,0.19921875,0.2265625,1.0
rmftsa,rfc-nosuite,0.50390625,0.6062619047619048,0.21484375,0.0,0.0,0.03515625,0.29296875,0.21484375,1.0
rmftsa,rfc-nosuite,0.50390625,0.9257142857142857,0.09765625,0.0,0.0,0.09765625,0.1328125,0.078125,1.0
rmftsa,rfc-nosuite,0.50390625,0.6973333333333334,0.10546875,0.0,0.0,0.1328125,0.29296875,0.06640625,1.0
rmftsa,rfc-nosuite,0.50390625,0.6722097902097899,0.453125,0.0,0.0,0.33984375,0.34765625,0.26953125,1.0
rmftsa,rfc-nosuite,0.50390625,0.36135714285714293,0.09765625,0.0,0.0,0.09765625,0.10546875,0.05078125,1.0
rmftsa,rfc-nosuite,0.50390625,0.5246666666666665,0.10546875,0.0,0.0,0.4375,0.2578125,0.0703125,1.0
rmftsa,rfc-nosuite,0.50390625,0.5523730158730159,0.453125,0.0,0.0,0.26953125,0.1640625,0.23828125,1.0
rmftsa,rfc-nosuite,0.50390625,0.695,0.06640625,0.0,0.0,0.10546875,0.05078125,0.08984375,1.0
rmftsa,rfc-nosuite,0.50390625,0.9804999999999999,0.7109375,0.0,0.0,0.328125,0.34765625,0.7109375,1.0
rmftsa,rfc-nosuite,0.50390625,0.5812557720057718,0.08984375,0.0,0.0,0.0390625,0.37890625,0.13671875,1.0
rmftsa,rfc-nosuite,0.50390625,0.43099999999999994,0.2578125,0.0,0.0,0.16796875,0.12109375,0.10546875,1.0
rmftsa,rfc-nosuite,0.50390625,0.5475,0.16796875,0.0,0.0,0.64453125,0.18359375,0.20703125,1.0
rmftsa,rfc-nosuite,0.50390625,0.7112583527583526,0.75390625,0.0,0.0,0.44140625,0.2265625,0.48046875,1.0
rmftsa,rfc-nosuite,0.50390625,0.795654761904762,0.28125,0.0,0.0,0.57421875,0.28515625,0.38671875,1.0
rmftsa,rfc-nosuite,0.50390625,0.79,0.50390625,0.0,0.0,0.50390625,0.29296875,0.01171875,1.0
rmftsa,rfc-nosuite,0.50390625,0.4893333333333333,0.046875,0.0,0.0,0.00390625,0.16015625,0.00390625,1.0
rmftsa,rfc-nosuite,0.50390625,0.53,0.09765625,0.0,0.0,0.01171875,0.015625,0.34765625,1.0
rmftsa,rfc-nosuite,0.50390625,0.41562698412698423,0.01953125,0.0,0.0,0.0390625,0.28125,0.078125,1.0
rmftsa,rfc-nosuite,0.50390625,0.6774047619047618,0.89453125,0.0,0.0,0.66015625,0.1328125,0.046875,1.0
rmftsa,rfc-nosuite,0.50390625,0.6733194305694304,0.11328125,0.0,0.0,0.73828125,0.28515625,0.296875,1.0
rmftsa,rfc-nosuite,0.50390625,0.3471666666666666,0.09765625,0.0,0.0,0.453125,0.078125,0.13671875,1.0
rmftsa,rfc-nosuite,0.50390625,0.6973333333333334,0.10546875,0.0,0.0,0.1328125,0.59765625,0.03515625,1.0
rmftsa,rfc-nosuite,0.50390625,0.509,0.2890625,0.0,0.0,0.03125,0.03125,0.0703125,1.0
rmftsa,rfc-nosuite,0.50390625,0.7043095238095237,0.078125,0.0,0.0,0.83203125,0.28125,0.171875,1.0
rmftsa,rfc-nosuite,0.50390625,0.53,0.0546875,0.0,0.0,0.02734375,0.21484375,0.0078125,1.0
rmftsa,rfc-nosuite,0.50390625,0.49807142857142866,0.61328125,0.0,0.0,0.5234375,0.28125,0.2265625,1.0
rmftsa,rfc-nosuite,0.50390625,0.98,0.28125,0.0,0.0,0.28125,0.015625,0.0390625,1.0
rmftsa,rfc-nosuite,0.50390625,0.5601212121212121,0.6640625,0.0,0.0,0.5546875,0.42578125,0.24609375,1.0
rmftsa,rfc-nosuite,0.50390625,0.82,0.27734375,0.0,0.0,0.22265625,0.12109375,0.22265625,1.0
rmftsa,rfc-nosuite,0.50390625,0.5005,0.06640625,0.0,0.0,0.34765625,0.16796875,0.27734375,1.0
rmftsa,rfc-nosuite,0.50390625,0.5246666666666667,0.06640625,0.0,0.0,0.16796875,0.25390625,0.046875,1.0
rmftsa,rfc-nosuite,0.50390625,0.74,0.07421875,0.0,0.0,0.921875,0.2421875,0.24609375,1.0
rmftsa,rfc-nosuite,0.50390625,0.72,0.578125,0.0,0.0,0.4296875,0.53125,0.0859375,1.0
rmftsa,rfc-nosuite,0.50390625,0.904,0.28125,0.0,0.0,0.01953125,0.0390625,0.2890625,1.0
rmftsa,rfc-nosuite,0.50390625,0.5523730158730159,0.453125,0.0,0.0,0.26953125,0.45703125,0.26953125,1.0
rmftsa,rfc-nosuite,0.50390625,0.74,0.07421875,0.0,0.0,0.921875,0.125,0.2421875,1.0
rmftsa,rfc-nosuite,0.50390625,0.675,0.0546875,0.0,0.0,0.05859375,0.09765625,0.1640625,1.0
rmftsa,rfc-nosuite,0.50390625,0.85,0.05078125,0.0,0.0,0.0390625,0.046875,0.203125,1.0
rmftsa,rfc-nosuite,0.50390625,0.6955833333333333,0.16796875,0.0,0.0,0.33984375,0.24609375,0.06640625,1.0
banknote-authentication,rfc-nosuite,0.9941690962099126,1.0,1.0,0.0,0.0,0.2565597667638484,0.5014577259475219,0.3498542274052478,1.0
banknote-authentication,rfc-nosuite,0.9941690962099126,1.0,1.0,0.0,0.0,0.3206997084548105,0.33819241982507287,0.4489795918367347,1.0
banknote-authentication,rfc-nosuite,0.9941690962099126,0.98,1.0,0.0,0.0,0.2594752186588921,0.4956268221574344,0.24489795918367346,1.0
banknote-authentication,rfc-nosuite,0.9941690962099126,0.99,0.4897959183673469,0.0,0.0,0.21865889212827988,0.33819241982507287,0.26822157434402333,1.0
banknote-authentication,rfc-nosuite,0.9941690962099126,1.0,0.8104956268221575,0.0,0.0,0.5306122448979592,0.37026239067055394,0.2536443148688047,1.0
banknote-authentication,rfc-nosuite,0.9941690962099126,1.0,0.2594752186588921,0.0,0.0,0.2915451895043732,0.30612244897959184,0.30612244897959184,1.0
banknote-authentication,rfc-nosuite,0.9941690962099126,0.97,0.6967930029154519,0.0,0.0,0.16326530612244897,0.3323615160349854,0.24198250728862974,1.0
banknote-authentication,rfc-nosuite,0.9941690962099126,1.0,1.0,0.0,0.0,0.3206997084548105,0.34402332361516036,0.3469387755102041,1.0
banknote-authentication,rfc-nosuite,0.9941690962099126,1.0,0.6676384839650146,0.0,0.0,0.4198250728862974,0.18075801749271136,0.3206997084548105,1.0
banknote-authentication,rfc-nosuite,0.9941690962099126,1.0,1.0,0.0,0.0,0.34110787172011664,0.34110787172011664,0.3848396501457726,1.0
banknote-authentication,rfc-nosuite,0.9941690962099126,0.92,0.7084548104956269,0.0,0.0,0.09620991253644315,0.061224489795918366,0.05539358600583091,1.0
banknote-authentication,rfc-nosuite,0.9941690962099126,1.0,1.0,0.0,0.0,0.4402332361516035,0.37026239067055394,0.521865889212828,1.0
banknote-authentication,rfc-nosuite,0.9941690962099126,0.99,1.0,0.0,0.0,0.2565597667638484,0.33527696793002915,0.40816326530612246,1.0
banknote-authentication,rfc-nosuite,0.9941690962099126,1.0,1.0,0.0,0.0,0.17201166180758018,0.6618075801749271,0.239067055393586,1.0
banknote-authentication,rfc-nosuite,0.9941690962099126,1.0,1.0,0.0,0.0,0.15451895043731778,0.10787172011661808,0.23323615160349853,1.0
banknote-authentication,rfc-nosuite,0.9941690962099126,0.99,0.3323615160349854,0.0,0.0,0.09037900874635568,0.12536443148688048,0.18950437317784258,1.0
banknote-authentication,rfc-nosuite,0.9941690962099126,0.99,0.3323615160349854,0.0,0.0,0.09037900874635568,0.08454810495626822,0.2536443148688047,1.0
banknote-authentication,rfc-nosuite,0.9941690962099126,0.99,0.6676384839650146,0.0,0.0,0.3119533527696793,0.09037900874635568,0.19825072886297376,1.0
banknote-authentication,rfc-nosuite,0.9941690962099126,0.99,1.0,0.0,0.0,0.33819241982507287,0.33819241982507287,0.30029154518950435,1.0
banknote-authentication,rfc-nosuite,0.9941690962099126,1.0,1.0,0.0,0.0,0.3848396501457726,0.2478134110787172,0.35276967930029157,1.0
banknote-authentication,rfc-nosuite,0.9941690962099126,1.0,0.8688046647230321,0.0,0.0,0.6763848396501457,0.30612244897959184,0.358600583090379,1.0
banknote-authentication,rfc-nosuite,0.9941690962099126,0.99,0.20699708454810495,0.0,0.0,0.2478134110787172,0.3498542274052478,0.22740524781341107,1.0
banknote-authentication,rfc-nosuite,0.9941690962099126,0.99,1.0,0.0,0.0,0.33819241982507287,0.30612244897959184,0.36151603498542273,1.0
banknote-authentication,rfc-nosuite,0.9941690962099126,0.99,1.0,0.0,0.0,0.5510204081632653,0.30903790087463556,0.4489795918367347,1.0
banknote-authentication,rfc-nosuite,0.9941690962099126,0.76,0.6618075801749271,0.0,0.0,0.037900874635568516,0.0728862973760933,0.029154518950437316,1.0
banknote-authentication,rfc-nosuite,0.9941690962099126,1.0,1.0,0.0,0.0,0.33819241982507287,0.30612244897959184,0.35276967930029157,1.0
banknote-authentication,rfc-nosuite,0.9941690962099126,1.0,1.0,0.0,0.0,0.10495626822157435,0.03206997084548105,0.2536443148688047,1.0
banknote-authentication,rfc-nosuite,0.9941690962099126,1.0,1.0,0.0,0.0,0.40524781341107874,0.26239067055393583,0.4489795918367347,1.0
banknote-authentication,rfc-nosuite,0.9941690962099126,0.98,0.33819241982507287,0.0,0.0,0.33819241982507287,0.30612244897959184,0.32653061224489793,1.0
banknote-authentication,rfc-nosuite,0.9941690962099126,0.99,1.0,0.0,0.0,0.4606413994169096,0.07871720116618076,0.3469387755102041,1.0
banknote-authentication,rfc-nosuite,0.9941690962099126,0.98,1.0,0.0,0.0,0.2303206997084548,0.3498542274052478,0.2594752186588921,1.0
banknote-authentication,rfc-nosuite,0.9941690962099126,1.0,1.0,0.0,0.0,0.3119533527696793,0.2478134110787172,0.3469387755102041,1.0
banknote-authentication,rfc-nosuite,0.9941690962099126,0.93,0.3032069970845481,0.0,0.0,0.061224489795918366,0.023323615160349854,0.061224489795918366,1.0
banknote-authentication,rfc-nosuite,0.9941690962099126,1.0,1.0,0.0,0.0,0.3498542274052478,0.46647230320699706,0.32653061224489793,1.0
banknote-authentication,rfc-nosuite,0.9941690962099126,0.97,0.42857142857142855,0.0,0.0,0.20699708454810495,0.3848396501457726,0.23615160349854228,1.0
banknote-authentication,rfc-nosuite,0.9941690962099126,1.0,1.0,0.0,0.0,0.4110787172011662,0.07871720116618076,0.35276967930029157,1.0
banknote-authentication,rfc-nosuite,0.9941690962099126,1.0,1.0,0.0,0.0,0.4198250728862974,0.3323615160349854,0.3673469387755102,1.0
banknote-authentication,rfc-nosuite,0.9941690962099126,1.0,1.0,0.0,0.0,0.24198250728862974,0.3673469387755102,0.4314868804664723,1.0
banknote-authentication,rfc-nosuite,0.9941690962099126,0.98,1.0,0.0,0.0,0.16034985422740525,0.27696793002915454,0.30612244897959184,1.0
banknote-authentication,rfc-nosuite,0.9941690962099126,0.99,1.0,0.0,0.0,0.358600583090379,0.08746355685131195,0.43731778425655976,1.0
banknote-authentication,rfc-nosuite,0.9941690962099126,1.0,1.0,0.0,0.0,0.36151603498542273,0.30029154518950435,0.42565597667638483,1.0
banknote-authentication,rfc-nosuite,0.9941690962099126,1.0,0.30029154518950435,0.0,0.0,0.6005830903790087,0.3032069970845481,0.3119533527696793,1.0
banknote-authentication,rfc-nosuite,0.9941690962099126,0.72,0.6618075801749271,0.0,0.0,0.03206997084548105,0.0058309037900874635,0.026239067055393587,1.0
banknote-authentication,rfc-nosuite,0.9941690962099126,0.97,0.2478134110787172,0.0,0.0,0.4198250728862974,0.03206997084548105,0.10204081632653061,1.0
banknote-authentication,rfc-nosuite,0.9941690962099126,0.99,1.0,0.0,0.0,0.1749271137026239,0.4110787172011662,0.2653061224489796,1.0
banknote-authentication,rfc-nosuite,0.9941690962099126,1.0,0.6676384839650146,0.0,0.0,0.4139941690962099,0.40524781341107874,0.27113702623906705,1.0
banknote-authentication,rfc-nosuite,0.9941690962099126,1.0,1.0,0.0,0.0,0.4139941690962099,0.2886297376093295,0.37026239067055394,1.0
banknote-authentication,rfc-nosuite,0.9941690962099126,0.99,0.5043731778425656,0.0,0.0,0.20116618075801748,0.29737609329446063,0.3556851311953353,1.0
banknote-authentication,rfc-nosuite,0.9941690962099126,0.99,1.0,0.0,0.0,0.33819241982507287,0.2594752186588921,0.3848396501457726,1.0
banknote-authentication,rfc-nosuite,0.9941690962099126,0.92,0.01749271137026239,0.0,0.0,0.1836734693877551,0.01749271137026239,0.09037900874635568,1.0
volcanoes-a2,rfc-nosuite,0.9310344827586207,0.92,0.37438423645320196,0.0,0.0,0.312807881773399,0.8152709359605911,,1.0
volcanoes-a2,rfc-nosuite,0.9310344827586207,0.99,0.30295566502463056,0.0,0.0,0.034482758620689655,0.8719211822660099,,1.0
volcanoes-a2,rfc-nosuite,0.9310344827586207,1.0,1.0,0.0,0.0,1.0,0.5911330049261084,0.9605911330049262,1.0
volcanoes-a2,rfc-nosuite,0.9310344827586207,0.97,1.0,0.0,0.0,0.6551724137931034,0.8251231527093597,,1.0
volcanoes-a2,rfc-nosuite,0.9310344827586207,0.83,0.8423645320197044,0.0,0.0,1.0,0.45320197044334976,,1.0
volcanoes-a2,rfc-nosuite,0.9310344827586207,1.0,1.0,0.0,0.0,1.0,0.9137931034482759,0.9532019704433498,1.0
volcanoes-a2,rfc-nosuite,0.9310344827586207,0.9,1.0,0.0,0.0,0.6551724137931034,0.6403940886699507,0.9310344827586207,1.0
volcanoes-a2,rfc-nosuite,0.9310344827586207,0.98,1.0,0.0,0.0,0.229064039408867,0.45073891625615764,,1.0
volcanoes-a2,rfc-nosuite,0.9310344827586207,0.97,1.0,0.0,0.0,0.5,0.854679802955665,0.9137931034482759,1.0
volcanoes-a2,rfc-nosuite,0.9310344827586207,1.0,1.0,0.0,0.0,0.8423645320197044,0.9014778325123153,0.9137931034482759,1.0
volcanoes-a2,rfc-nosuite,0.9310344827586207,0.7,0.0049261083743842365,0.0,0.0,0.23891625615763548,0.019704433497536946,0.2561576354679803,1.0
volcanoes-a2,rfc-nosuite,0.9310344827586207,1.0,1.0,0.0,0.0,0.34236453201970446,0.5911330049261084,0.8768472906403941,1.0
volcanoes-a2,rfc-nosuite,0.9310344827586207,0.61,0.4482758620689655,0.0,0.0,0.9532019704433498,0.007389162561576354,0.20689655172413793,1.0
volcanoes-a2,rfc-nosuite,0.9310344827586207,0.76,0.9137931034482759,0.0,0.0,0.9261083743842364,0.5467980295566502,0.9310344827586207,1.0
volcanoes-a2,rfc-nosuite,0.9310344827586207,0.91,1.0,0.0,0.0,0.6527093596059114,0.8251231527093597,,1.0
volcanoes-a2,rfc-nosuite,0.9310344827586207,1.0,1.0,0.0,0.0,0.4064039408866995,0.7266009852216748,0.9137931034482759,1.0
volcanoes-a2,rfc-nosuite,0.9310344827586207,0.99,1.0,0.0,0.0,0.26108374384236455,0.5394088669950738,0.9211822660098522,1.0
volcanoes-a2,rfc-nosuite,0.9310344827586207,0.96,1.0,0.0,0.0,0.9137931034482759,0.9187192118226601,0.9088669950738916,1.0
volcanoes-a2,rfc-nosuite,0.9310344827586207,1.0,1.0,0.0,0.0,1.0,0.874384236453202,,1.0
volcanoes-a2,rfc-nosuite,0.9310344827586207,1.0,1.0,0.0,0.0,1.0,0.7635467980295566,0.9334975369458128,1.0
volcanoes-a2,rfc-nosuite,0.9310344827586207,1.0,1.0,0.0,0.0,0.034482758620689655,0.854679802955665,,1.0
volcanoes-a2,rfc-nosuite,0.9310344827586207,0.95,1.0,0.0,0.0,1.0,0.916256157635468,0.9014778325123153,1.0
volcanoes-a2,rfc-nosuite,0.9310344827586207,0.98,1.0,0.0,0.0,0.8201970443349754,0.8374384236453202,0.9532019704433498,1.0
volcanoes-a2,rfc-nosuite,0.9310344827586207,1.0,0.7512315270935961,0.0,0.0,1.0,0.8669950738916257,,1.0
volcanoes-a2,rfc-nosuite,0.9310344827586207,0.99,1.0,0.0,0.0,0.034482758620689655,0.9014778325123153,0.9532019704433498,1.0
volcanoes-a2,rfc-nosuite,0.9310344827586207,1.0,1.0,0.0,0.0,1.0,0.8374384236453202,,1.0
volcanoes-a2,rfc-nosuite,0.9310344827586207,1.0,1.0,0.0,0.0,0.41625615763546797,0.8842364532019704,,1.0
volcanoes-a2,rfc-nosuite,0.9310344827586207,0.94,1.0,0.0,0.0,0.8423645320197044,0.5517241379310345,,1.0
volcanoes-a2,rfc-nosuite,0.9310344827586207,0.91,1.0,0.0,0.0,0.874384236453202,0.6502463054187192,0.874384236453202,1.0
volcanoes-a2,rfc-nosuite,0.9310344827586207,1.0,1.0,0.0,0.0,0.8842364532019704,0.8423645320197044,0.9630541871921182,1.0
volcanoes-a2,rfc-nosuite,0.9310344827586207,1.0,1.0,0.0,0.0,1.0,0.8571428571428571,,1.0
volcanoes-a2,rfc-nosuite,0.9310344827586207,1.0,1.0,0.0,0.0,0.7955665024630542,0.8275862068965517,,1.0
volcanoes-a2,rfc-nosuite,0.9310344827586207,0.99,1.0,0.0,0.0,0.8177339901477833,0.7783251231527094,0.9679802955665024,1.0
volcanoes-a2,rfc-nosuite,0.9310344827586207,1.0,1.0,0.0,0.0,0.8251231527093597,0.41133004926108374,0.9334975369458128,1.0
volcanoes-a2,rfc-nosuite,0.9310344827586207,1.0,1.0,0.0,0.0,0.14532019704433496,0.874384236453202,,1.0
volcanoes-a2,rfc-nosuite,0.9310344827586207,1.0,1.0,0.0,0.0,0.6551724137931034,0.7241379310344828,,1.0
volcanoes-a2,rfc-nosuite,0.9310344827586207,1.0,1.0,0.0,0.0,1.0,0.8448275862068966,,1.0
volcanoes-a2,rfc-nosuite,0.9310344827586207,0.41,0.024630541871921183,0.0,0.0,0.012315270935960592,0.019704433497536946,0.014778325123152709,1.0
volcanoes-a2,rfc-nosuite,0.9310344827586207,1.0,1.0,0.0,0.0,1.0,0.7881773399014779,,1.0
volcanoes-a2,rfc-nosuite,0.9310344827586207,0.83,0.8793103448275862,0.0,0.0,0.9137931034482759,0.9137931034482759,0.9137931034482759,1.0
volcanoes-a2,rfc-nosuite,0.9310344827586207,1.0,1.0,0.0,0.0,0.8423645320197044,0.45566502463054187,0.9211822660098522,1.0
volcanoes-a2,rfc-nosuite,0.9310344827586207,1.0,1.0,0.0,0.0,0.7536945812807881,0.8866995073891626,0.9408866995073891,1.0
volcanoes-a2,rfc-nosuite,0.9310344827586207,1.0,1.0,0.0,0.0,1.0,0.5492610837438424,0.9285714285714286,1.0
volcanoes-a2,rfc-nosuite,0.9310344827586207,0.97,1.0,0.0,0.0,0.4187192118226601,0.8054187192118226,0.9556650246305419,1.0
volcanoes-a2,rfc-nosuite,0.9310344827586207,0.99,1.0,0.0,0.0,1.0,0.5197044334975369,0.9630541871921182,1.0
volcanoes-a2,rfc-nosuite,0.9310344827586207,0.88,0.024630541871921183,0.0,0.0,0.9679802955665024,0.019704433497536946,0.30295566502463056,1.0
volcanoes-a2,rfc-nosuite,0.9310344827586207,0.99,1.0,0.0,0.0,0.229064039408867,0.8251231527093597,0.9014778325123153,1.0
volcanoes-a2,rfc-nosuite,0.9310344827586207,0.93,0.9334975369458128,0.0,0.0,1.0,0.6921182266009852,0.9482758620689655,1.0
volcanoes-a2,rfc-nosuite,0.9310344827586207,1.0,1.0,0.0,0.0,0.8349753694581281,0.5369458128078818,0.9236453201970444,1.0
volcanoes-a2,rfc-nosuite,0.9310344827586207,0.98,1.0,0.0,0.0,1.0,0.9137931034482759,0.9236453201970444,1.0
volcanoes-a3,rfc-nosuite,0.889763779527559,0.35,0.023622047244094488,0.0,0.0,0.5853018372703412,0.12860892388451445,0.1889763779527559,1.0
volcanoes-a3,rfc-nosuite,0.889763779527559,1.0,1.0,0.0,0.0,1.0,0.847769028871391,0.9186351706036745,1.0
volcanoes-a3,rfc-nosuite,0.889763779527559,0.4,0.049868766404199474,0.0,0.0,0.03412073490813648,0.02099737532808399,0.023622047244094488,1.0
volcanoes-a3,rfc-nosuite,0.889763779527559,0.99,1.0,0.0,0.0,1.0,0.7821522309711286,0.9396325459317585,1.0
volcanoes-a3,rfc-nosuite,0.889763779527559,1.0,1.0,0.0,0.0,0.30183727034120733,0.7847769028871391,0.9002624671916011,1.0
volcanoes-a3,rfc-nosuite,0.889763779527559,1.0,1.0,0.0,0.0,1.0,0.8372703412073491,0.8740157480314961,1.0
volcanoes-a3,rfc-nosuite,0.889763779527559,1.0,1.0,0.0,0.0,0.6194225721784777,0.5905511811023622,0.9212598425196851,1.0
volcanoes-a3,rfc-nosuite,0.889763779527559,0.98,1.0,0.0,0.0,1.0,0.9002624671916011,,1.0
volcanoes-a3,rfc-nosuite,0.889763779527559,0.94,1.0,0.0,0.0,1.0,0.821522309711286,0.9028871391076115,1.0
volcanoes-a3,rfc-nosuite,0.889763779527559,1.0,1.0,0.0,0.0,1.0,0.8871391076115486,0.9212598425196851,1.0
volcanoes-a3,rfc-nosuite,0.889763779527559,1.0,1.0,0.0,0.0,0.5905511811023622,0.7952755905511811,,1.0
volcanoes-a3,rfc-nosuite,0.889763779527559,0.95,0.8871391076115486,0.0,0.0,0.905511811023622,0.8871391076115486,0.8818897637795275,1.0
volcanoes-a3,rfc-nosuite,0.889763779527559,0.76,1.0,0.0,0.0,1.0,0.6299212598425197,0.931758530183727,1.0
volcanoes-a3,rfc-nosuite,0.889763779527559,0.56,0.031496062992125984,0.0,0.0,0.7296587926509186,0.9028871391076115,0.7401574803149606,1.0
volcanoes-a3,rfc-nosuite,0.889763779527559,0.97,0.8871391076115486,0.0,0.0,0.937007874015748,0.9002624671916011,0.9028871391076115,1.0
volcanoes-a3,rfc-nosuite,0.889763779527559,0.99,1.0,0.0,0.0,0.9291338582677166,0.8976377952755905,0.9212598425196851,1.0
volcanoes-a3,rfc-nosuite,0.889763779527559,0.96,0.7795275590551181,0.0,0.0,0.8241469816272966,0.868766404199475,0.89501312335958,1.0
volcanoes-a3,rfc-nosuite,0.889763779527559,1.0,1.0,0.0,0.0,1.0,0.863517060367454,0.9186351706036745,1.0
volcanoes-a3,rfc-nosuite,0.889763779527559,0.99,1.0,0.0,0.0,0.6246719160104987,0.8766404199475065,0.9002624671916011,1.0
volcanoes-a3,rfc-nosuite,0.889763779527559,0.96,0.7952755905511811,0.0,0.0,0.5328083989501312,0.6272965879265092,0.9291338582677166,1.0
volcanoes-a3,rfc-nosuite,0.889763779527559,1.0,1.0,0.0,0.0,1.0,0.821522309711286,0.9028871391076115,1.0
volcanoes-a3,rfc-nosuite,0.889763779527559,0.92,0.8871391076115486,0.0,0.0,0.8871391076115486,0.8871391076115486,0.9002624671916011,1.0
volcanoes-a3,rfc-nosuite,0.889763779527559,0.99,1.0,0.0,0.0,1.0,0.8188976377952756,,1.0
volcanoes-a3,rfc-nosuite,0.889763779527559,0.77,0.926509186351706,0.0,0.0,0.9422572178477691,0.6430446194225722,0.8267716535433071,1.0
volcanoes-a3,rfc-nosuite,0.889763779527559,0.93,1.0,0.0,0.0,1.0,0.847769028871391,0.8923884514435696,1.0
volcanoes-a3,rfc-nosuite,0.889763779527559,0.99,1.0,0.0,0.0,1.0,0.8110236220472441,,1.0
volcanoes-a3,rfc-nosuite,0.889763779527559,0.55,0.05774278215223097,0.0,0.0,0.9291338582677166,0.2650918635170604,0.926509186351706,1.0
volcanoes-a3,rfc-nosuite,0.889763779527559,0.97,1.0,0.0,0.0,1.0,0.8740157480314961,0.9291338582677166,1.0
volcanoes-a3,rfc-nosuite,0.889763779527559,1.0,1.0,0.0,0.0,0.6272965879265092,0.8976377952755905,0.9658792650918635,1.0
volcanoes-a3,rfc-nosuite,0.889763779527559,0.99,1.0,0.0,0.0,1.0,0.8976377952755905,,1.0
volcanoes-a3,rfc-nosuite,0.889763779527559,1.0,1.0,0.0,0.0,0.30183727034120733,0.7952755905511811,0.9212598425196851,1.0
volcanoes-a3,rfc-nosuite,0.889763779527559,0.99,1.0,0.0,0.0,1.0,0.7532808398950132,0.8923884514435696,1.0
volcanoes-a3,rfc-nosuite,0.889763779527559,0.76,0.926509186351706,0.0,0.0,0.9291338582677166,0.6902887139107612,0.9291338582677166,1.0
volcanoes-a3,rfc-nosuite,0.889763779527559,0.93,1.0,0.0,0.0,0.8871391076115486,0.8871391076115486,0.9186351706036745,1.0
volcanoes-a3,rfc-nosuite,0.889763779527559,1.0,1.0,0.0,0.0,0.30183727034120733,0.863517060367454,,1.0
volcanoes-a3,rfc-nosuite,0.889763779527559,0.86,0.5958005249343832,0.0,0.0,1.0,0.5039370078740157,0.9606299212598425,1.0
volcanoes-a3,rfc-nosuite,0.889763779527559,1.0,0.49343832020997375,0.0,0.0,1.0,0.8372703412073491,0.9396325459317585,1.0
volcanoes-a3,rfc-nosuite,0.889763779527559,0.98,1.0,0.0,0.0,0.3333333333333333,0.8608923884514436,0.9291338582677166,1.0
volcanoes-a3,rfc-nosuite,0.889763779527559,0.97,0.8871391076115486,0.0,0.0,0.05774278215223097,0.8871391076115486,,1.0
volcanoes-a3,rfc-nosuite,0.889763779527559,1.0,1.0,0.0,0.0,0.9396325459317585,0.6299212598425197,0.9343832020997376,1.0
volcanoes-a3,rfc-nosuite,0.889763779527559,0.99,1.0,0.0,0.0,1.0,0.8320209973753281,0.9422572178477691,1.0
volcanoes-a3,rfc-nosuite,0.889763779527559,0.45,0.010498687664041995,0.0,0.0,0.013123359580052493,0.047244094488188976,0.010498687664041995,1.0
volcanoes-a3,rfc-nosuite,0.889763779527559,0.98,1.0,0.0,0.0,1.0,0.8241469816272966,,1.0
volcanoes-a3,rfc-nosuite,0.889763779527559,1.0,1.0,0.0,0.0,0.7795275590551181,0.8320209973753281,0.931758530183727,1.0
volcanoes-a3,rfc-nosuite,0.889763779527559,0.95,1.0,0.0,0.0,0.2677165354330709,0.6167979002624672,0.9291338582677166,1.0
volcanoes-a3,rfc-nosuite,0.889763779527559,0.99,1.0,0.0,0.0,1.0,0.8031496062992126,0.937007874015748,1.0
volcanoes-a3,rfc-nosuite,0.889763779527559,0.94,1.0,0.0,0.0,1.0,0.847769028871391,0.9553805774278216,1.0
volcanoes-a3,rfc-nosuite,0.889763779527559,1.0,1.0,0.0,0.0,0.7952755905511811,0.8582677165354331,0.916010498687664,1.0
volcanoes-a3,rfc-nosuite,0.889763779527559,1.0,1.0,0.0,0.0,1.0,0.7532808398950132,0.9291338582677166,1.0
volcanoes-a3,rfc-nosuite,0.889763779527559,1.0,1.0,0.0,0.0,1.0,0.868766404199475,0.9291338582677166,1.0
yeast,rfc-nosuite,0.6091644204851752,0.44,0.02425876010781671,0.0,0.0,0.05121293800539083,,0.07277628032345014,1.0
yeast,rfc-nosuite,0.6091644204851752,0.8,0.0215633423180593,0.0,0.0,0.029649595687331536,,0.1293800539083558,1.0
yeast,rfc-nosuite,0.6091644204851752,0.69,0.029649595687331536,0.0,0.0,0.0026954177897574125,,0.0889487870619946,1.0
yeast,rfc-nosuite,0.6091644204851752,0.76,0.11590296495956873,0.0,0.0,0.018867924528301886,,0.14824797843665768,1.0
yeast,rfc-nosuite,0.6091644204851752,0.83,0.08086253369272237,0.0,0.0,0.016172506738544475,,0.1078167115902965,1.0
yeast,rfc-nosuite,0.6091644204851752,0.4,0.04582210242587601,0.0,0.0,0.01078167115902965,,0.0026954177897574125,1.0
yeast,rfc-nosuite,0.6091644204851752,0.7,0.0215633423180593,0.0,0.0,0.016172506738544475,,0.15633423180592992,1.0
yeast,rfc-nosuite,0.6091644204851752,0.52,0.026954177897574125,0.0,0.0,0.013477088948787063,,0.013477088948787063,1.0
yeast,rfc-nosuite,0.6091644204851752,0.53,0.018867924528301886,0.0,0.0,0.008086253369272238,,0.008086253369272238,1.0
yeast,rfc-nosuite,0.6091644204851752,0.76,0.07547169811320754,0.0,0.0,0.08086253369272237,,0.3584905660377358,1.0
yeast,rfc-nosuite,0.6091644204851752,0.79,0.09164420485175202,0.0,0.0,0.01078167115902965,,0.14016172506738545,1.0
yeast,rfc-nosuite,0.6091644204851752,0.84,0.03234501347708895,0.0,0.0,0.016172506738544475,,0.15363881401617252,1.0
yeast,rfc-nosuite,0.6091644204851752,0.7,0.06199460916442048,0.0,0.0,0.0862533692722372,,0.0431266846361186,1.0
yeast,rfc-nosuite,0.6091644204851752,0.47,0.0215633423180593,0.0,0.0,0.005390835579514825,,0.016172506738544475,1.0
yeast,rfc-nosuite,0.6091644204851752,0.81,0.1105121293800539,0.0,0.0,0.0215633423180593,,0.14824797843665768,1.0
yeast,rfc-nosuite,0.6091644204851752,0.51,0.03773584905660377,0.0,0.0,0.005390835579514825,,0.1967654986522911,1.0
yeast,rfc-nosuite,0.6091644204851752,0.48,0.01078167115902965,0.0,0.0,0.05660377358490566,,0.08086253369272237,1.0
yeast,rfc-nosuite,0.6091644204851752,0.73,0.013477088948787063,0.0,0.0,0.01078167115902965,,0.02425876010781671,1.0
yeast,rfc-nosuite,0.6091644204851752,0.59,0.0215633423180593,0.0,0.0,0.03234501347708895,,0.029649595687331536,1.0
yeast,rfc-nosuite,0.6091644204851752,0.64,0.016172506738544475,0.0,0.0,0.013477088948787063,,0.18059299191374664,1.0
yeast,rfc-nosuite,0.6091644204851752,0.78,0.04043126684636118,0.0,0.0,0.01078167115902965,,0.15902964959568733,1.0
yeast,rfc-nosuite,0.6091644204851752,0.77,0.008086253369272238,0.0,0.0,0.01078167115902965,,0.08355795148247978,1.0
yeast,rfc-nosuite,0.6091644204851752,0.73,0.07547169811320754,0.0,0.0,0.026954177897574125,,0.09164420485175202,1.0
yeast,rfc-nosuite,0.6091644204851752,0.42,0.005390835579514825,0.0,0.0,0.026954177897574125,,0.1752021563342318,1.0
yeast,rfc-nosuite,0.6091644204851752,0.52,0.04851752021563342,0.0,0.0,0.008086253369272238,,0.09973045822102426,1.0
yeast,rfc-nosuite,0.6091644204851752,0.49,0.018867924528301886,0.0,0.0,0.02425876010781671,,0.29110512129380056,1.0
yeast,rfc-nosuite,0.6091644204851752,0.5,0.013477088948787063,0.0,0.0,0.0026954177897574125,,0.026954177897574125,1.0
yeast,rfc-nosuite,0.6091644204851752,0.66,0.013477088948787063,0.0,0.0,0.01078167115902965,,0.0889487870619946,1.0
yeast,rfc-nosuite,0.6091644204851752,0.89,0.03504043126684636,0.0,0.0,0.0215633423180593,,0.1725067385444744,1.0
yeast,rfc-nosuite,0.6091644204851752,0.64,0.008086253369272238,0.0,0.0,0.016172506738544475,,0.029649595687331536,1.0
yeast,rfc-nosuite,0.6091644204851752,0.44,0.029649595687331536,0.0,0.0,0.03504043126684636,,0.16442048517520216,1.0
yeast,rfc-nosuite,0.6091644204851752,0.76,0.0431266846361186,0.0,0.0,0.04851752021563342,,0.15902964959568733,1.0
yeast,rfc-nosuite,0.6091644204851752,0.32,0.013477088948787063,0.0,0.0,0.0026954177897574125,,0.0431266846361186,1.0
yeast,rfc-nosuite,0.6091644204851752,0.4,0.02425876010781671,0.0,0.0,0.0026954177897574125,,0.005390835579514825,1.0
yeast,rfc-nosuite,0.6091644204851752,0.6,0.05660377358490566,0.0,0.0,0.013477088948787063,,0.1967654986522911,1.0
yeast,rfc-nosuite,0.6091644204851752,0.48,0.05929919137466307,0.0,0.0,0.09164420485175202,,0.07277628032345014,1.0
yeast,rfc-nosuite,0.6091644204851752,0.53,0.0215633423180593,0.0,0.0,0.016172506738544475,,0.01078167115902965,1.0
yeast,rfc-nosuite,0.6091644204851752,0.94,0.029649595687331536,0.0,0.0,0.0215633423180593,,0.13746630727762804,1.0
yeast,rfc-nosuite,0.6091644204851752,0.8,0.029649595687331536,0.0,0.0,0.03773584905660377,,0.11590296495956873,1.0
yeast,rfc-nosuite,0.6091644204851752,0.34,0.03773584905660377,0.0,0.0,0.029649595687331536,,0.21293800539083557,1.0
yeast,rfc-nosuite,0.6091644204851752,0.61,0.0673854447439353,0.0,0.0,0.05121293800539083,,0.0889487870619946,1.0
yeast,rfc-nosuite,0.6091644204851752,0.52,0.07547169811320754,0.0,0.0,0.008086253369272238,,0.08355795148247978,1.0
yeast,rfc-nosuite,0.6091644204851752,0.45,0.013477088948787063,0.0,0.0,0.016172506738544475,,0.0673854447439353,1.0
yeast,rfc-nosuite,0.6091644204851752,0.51,0.008086253369272238,0.0,0.0,0.0026954177897574125,,0.005390835579514825,1.0
yeast,rfc-nosuite,0.6091644204851752,0.67,0.05929919137466307,0.0,0.0,0.016172506738544475,,0.14824797843665768,1.0
yeast,rfc-nosuite,0.6091644204851752,0.64,0.40161725067385445,0.0,0.0,0.05660377358490566,,0.1940700808625337,1.0
yeast,rfc-nosuite,0.6091644204851752,0.5,0.07547169811320754,0.0,0.0,0.05660377358490566,,0.16442048517520216,1.0
yeast,rfc-nosuite,0.6091644204851752,0.6,0.01078167115902965,0.0,0.0,0.02425876010781671,,0.11320754716981132,1.0
yeast,rfc-nosuite,0.6091644204851752,0.73,0.07277628032345014,0.0,0.0,0.026954177897574125,,0.1347708894878706,1.0
yeast,rfc-nosuite,0.6091644204851752,0.9,0.14285714285714285,0.0,0.0,0.05660377358490566,,0.24528301886792453,1.0
rmftsa,rfc-nosuite,0.50390625,0.3573333333333333,0.08984375,0.0,0.0,0.39453125,0.34765625,0.1640625,1.0
rmftsa,rfc-nosuite,0.50390625,0.4523571428571429,0.2890625,0.0,0.0,0.1171875,0.27734375,0.20703125,1.0
rmftsa,rfc-nosuite,0.50390625,0.685,0.50390625,0.0,0.0,0.4921875,0.22265625,0.05078125,1.0
rmftsa,rfc-nosuite,0.50390625,0.825,0.47265625,0.0,0.0,0.046875,0.046875,0.0390625,1.0
rmftsa,rfc-nosuite,0.50390625,0.6215396825396823,0.7109375,0.0,0.0,0.75390625,0.2265625,0.41796875,1.0
rmftsa,rfc-nosuite,0.50390625,0.833060162060162,0.18359375,0.0,0.0,0.24609375,0.234375,0.234375,1.0
rmftsa,rfc-nosuite,0.50390625,0.2887738095238095,0.12109375,0.0,0.0,0.01953125,0.01953125,0.2421875,1.0
rmftsa,rfc-nosuite,0.50390625,0.8775354922854918,0.26953125,0.0,0.0,0.26953125,0.1640625,0.703125,1.0
rmftsa,rfc-nosuite,0.50390625,0.8113809523809523,0.0234375,0.0,0.0,0.01953125,0.1328125,0.01953125,1.0
rmftsa,rfc-nosuite,0.50390625,0.5523730158730159,0.453125,0.0,0.0,0.26953125,0.1640625,0.26953125,1.0
rmftsa,rfc-nosuite,0.50390625,1.0,0.61328125,0.0,0.0,0.3671875,0.19921875,0.2265625,1.0
rmftsa,rfc-nosuite,0.50390625,0.6062619047619048,0.21484375,0.0,0.0,0.03515625,0.29296875,0.21484375,1.0
rmftsa,rfc-nosuite,0.50390625,0.9257142857142857,0.09765625,0.0,0.0,0.09765625,0.1328125,0.078125,1.0
rmftsa,rfc-nosuite,0.50390625,0.6973333333333334,0.10546875,0.0,0.0,0.1328125,0.29296875,0.06640625,1.0
rmftsa,rfc-nosuite,0.50390625,0.6722097902097899,0.453125,0.0,0.0,0.33984375,0.34765625,0.26953125,1.0
rmftsa,rfc-nosuite,0.50390625,0.36135714285714293,0.09765625,0.0,0.0,0.09765625,0.10546875,0.05078125,1.0
rmftsa,rfc-nosuite,0.50390625,0.5246666666666665,0.10546875,0.0,0.0,0.4375,0.2578125,0.0703125,1.0
rmftsa,rfc-nosuite,0.50390625,0.5523730158730159,0.453125,0.0,0.0,0.26953125,0.1640625,0.23828125,1.0
rmftsa,rfc-nosuite,0.50390625,0.695,0.06640625,0.0,0.0,0.10546875,0.05078125,0.08984375,1.0
rmftsa,rfc-nosuite,0.50390625,0.9804999999999999,0.7109375,0.0,0.0,0.328125,0.34765625,0.7109375,1.0
rmftsa,rfc-nosuite,0.50390625,0.5812557720057718,0.08984375,0.0,0.0,0.0390625,0.37890625,0.13671875,1.0
rmftsa,rfc-nosuite,0.50390625,0.43099999999999994,0.2578125,0.0,0.0,0.16796875,0.12109375,0.10546875,1.0
rmftsa,rfc-nosuite,0.50390625,0.5475,0.16796875,0.0,0.0,0.64453125,0.18359375,0.20703125,1.0
rmftsa,rfc-nosuite,0.50390625,0.7112583527583526,0.75390625,0.0,0.0,0.44140625,0.2265625,0.48046875,1.0
rmftsa,rfc-nosuite,0.50390625,0.795654761904762,0.28125,0.0,0.0,0.57421875,0.28515625,0.38671875,1.0
rmftsa,rfc-nosuite,0.50390625,0.79,0.50390625,0.0,0.0,0.50390625,0.29296875,0.01171875,1.0
rmftsa,rfc-nosuite,0.50390625,0.4893333333333333,0.046875,0.0,0.0,0.00390625,0.16015625,0.00390625,1.0
rmftsa,rfc-nosuite,0.50390625,0.53,0.09765625,0.0,0.0,0.01171875,0.015625,0.34765625,1.0
rmftsa,rfc-nosuite,0.50390625,0.41562698412698423,0.01953125,0.0,0.0,0.0390625,0.28125,0.078125,1.0
rmftsa,rfc-nosuite,0.50390625,0.6774047619047618,0.89453125,0.0,0.0,0.66015625,0.1328125,0.046875,1.0
rmftsa,rfc-nosuite,0.50390625,0.6733194305694304,0.11328125,0.0,0.0,0.73828125,0.28515625,0.296875,1.0
rmftsa,rfc-nosuite,0.50390625,0.3471666666666666,0.09765625,0.0,0.0,0.453125,0.078125,0.13671875,1.0
rmftsa,rfc-nosuite,0.50390625,0.6973333333333334,0.10546875,0.0,0.0,0.1328125,0.59765625,0.03515625,1.0
rmftsa,rfc-nosuite,0.50390625,0.509,0.2890625,0.0,0.0,0.03125,0.03125,0.0703125,1.0
rmftsa,rfc-nosuite,0.50390625,0.7043095238095237,0.078125,0.0,0.0,0.83203125,0.28125,0.171875,1.0
rmftsa,rfc-nosuite,0.50390625,0.53,0.0546875,0.0,0.0,0.02734375,0.21484375,0.0078125,1.0
rmftsa,rfc-nosuite,0.50390625,0.49807142857142866,0.61328125,0.0,0.0,0.5234375,0.28125,0.2265625,1.0
rmftsa,rfc-nosuite,0.50390625,0.98,0.28125,0.0,0.0,0.28125,0.015625,0.0390625,1.0
rmftsa,rfc-nosuite,0.50390625,0.5601212121212121,0.6640625,0.0,0.0,0.5546875,0.42578125,0.24609375,1.0
rmftsa,rfc-nosuite,0.50390625,0.82,0.27734375,0.0,0.0,0.22265625,0.12109375,0.22265625,1.0
rmftsa,rfc-nosuite,0.50390625,0.5005,0.06640625,0.0,0.0,0.34765625,0.16796875,0.27734375,1.0
rmftsa,rfc-nosuite,0.50390625,0.5246666666666667,0.06640625,0.0,0.0,0.16796875,0.25390625,0.046875,1.0
rmftsa,rfc-nosuite,0.50390625,0.74,0.07421875,0.0,0.0,0.921875,0.2421875,0.24609375,1.0
rmftsa,rfc-nosuite,0.50390625,0.72,0.578125,0.0,0.0,0.4296875,0.53125,0.0859375,1.0
rmftsa,rfc-nosuite,0.50390625,0.904,0.28125,0.0,0.0,0.01953125,0.0390625,0.2890625,1.0
rmftsa,rfc-nosuite,0.50390625,0.5523730158730159,0.453125,0.0,0.0,0.26953125,0.45703125,0.26953125,1.0
rmftsa,rfc-nosuite,0.50390625,0.74,0.07421875,0.0,0.0,0.921875,0.125,0.2421875,1.0
rmftsa,rfc-nosuite,0.50390625,0.675,0.0546875,0.0,0.0,0.05859375,0.09765625,0.1640625,1.0
rmftsa,rfc-nosuite,0.50390625,0.85,0.05078125,0.0,0.0,0.0390625,0.046875,0.203125,1.0
rmftsa,rfc-nosuite,0.50390625,0.6955833333333333,0.16796875,0.0,0.0,0.33984375,0.24609375,0.06640625,1.0
banknote-authentication,rfc-nosuite,0.9941690962099126,1.0,1.0,0.0,0.0,0.2565597667638484,0.5014577259475219,0.3498542274052478,1.0
banknote-authentication,rfc-nosuite,0.9941690962099126,1.0,1.0,0.0,0.0,0.3206997084548105,0.33819241982507287,0.4489795918367347,1.0
banknote-authentication,rfc-nosuite,0.9941690962099126,0.98,1.0,0.0,0.0,0.2594752186588921,0.4956268221574344,0.24489795918367346,1.0
banknote-authentication,rfc-nosuite,0.9941690962099126,0.99,0.4897959183673469,0.0,0.0,0.21865889212827988,0.33819241982507287,0.26822157434402333,1.0
banknote-authentication,rfc-nosuite,0.9941690962099126,1.0,0.8104956268221575,0.0,0.0,0.5306122448979592,0.37026239067055394,0.2536443148688047,1.0
banknote-authentication,rfc-nosuite,0.9941690962099126,1.0,0.2594752186588921,0.0,0.0,0.2915451895043732,0.30612244897959184,0.30612244897959184,1.0
banknote-authentication,rfc-nosuite,0.9941690962099126,0.97,0.6967930029154519,0.0,0.0,0.16326530612244897,0.3323615160349854,0.24198250728862974,1.0
banknote-authentication,rfc-nosuite,0.9941690962099126,1.0,1.0,0.0,0.0,0.3206997084548105,0.34402332361516036,0.3469387755102041,1.0
banknote-authentication,rfc-nosuite,0.9941690962099126,1.0,0.6676384839650146,0.0,0.0,0.4198250728862974,0.18075801749271136,0.3206997084548105,1.0
banknote-authentication,rfc-nosuite,0.9941690962099126,1.0,1.0,0.0,0.0,0.34110787172011664,0.34110787172011664,0.3848396501457726,1.0
banknote-authentication,rfc-nosuite,0.9941690962099126,0.92,0.7084548104956269,0.0,0.0,0.09620991253644315,0.061224489795918366,0.05539358600583091,1.0
banknote-authentication,rfc-nosuite,0.9941690962099126,1.0,1.0,0.0,0.0,0.4402332361516035,0.37026239067055394,0.521865889212828,1.0
banknote-authentication,rfc-nosuite,0.9941690962099126,0.99,1.0,0.0,0.0,0.2565597667638484,0.33527696793002915,0.40816326530612246,1.0
banknote-authentication,rfc-nosuite,0.9941690962099126,1.0,1.0,0.0,0.0,0.17201166180758018,0.6618075801749271,0.239067055393586,1.0
banknote-authentication,rfc-nosuite,0.9941690962099126,1.0,1.0,0.0,0.0,0.15451895043731778,0.10787172011661808,0.23323615160349853,1.0
banknote-authentication,rfc-nosuite,0.9941690962099126,0.99,0.3323615160349854,0.0,0.0,0.09037900874635568,0.12536443148688048,0.18950437317784258,1.0
banknote-authentication,rfc-nosuite,0.9941690962099126,0.99,0.3323615160349854,0.0,0.0,0.09037900874635568,0.08454810495626822,0.2536443148688047,1.0
banknote-authentication,rfc-nosuite,0.9941690962099126,0.99,0.6676384839650146,0.0,0.0,0.3119533527696793,0.09037900874635568,0.19825072886297376,1.0
banknote-authentication,rfc-nosuite,0.9941690962099126,0.99,1.0,0.0,0.0,0.33819241982507287,0.33819241982507287,0.30029154518950435,1.0
banknote-authentication,rfc-nosuite,0.9941690962099126,1.0,1.0,0.0,0.0,0.3848396501457726,0.2478134110787172,0.35276967930029157,1.0
banknote-authentication,rfc-nosuite,0.9941690962099126,1.0,0.8688046647230321,0.0,0.0,0.6763848396501457,0.30612244897959184,0.358600583090379,1.0
banknote-authentication,rfc-nosuite,0.9941690962099126,0.99,0.20699708454810495,0.0,0.0,0.2478134110787172,0.3498542274052478,0.22740524781341107,1.0
banknote-authentication,rfc-nosuite,0.9941690962099126,0.99,1.0,0.0,0.0,0.33819241982507287,0.30612244897959184,0.36151603498542273,1.0
banknote-authentication,rfc-nosuite,0.9941690962099126,0.99,1.0,0.0,0.0,0.5510204081632653,0.30903790087463556,0.4489795918367347,1.0
banknote-authentication,rfc-nosuite,0.9941690962099126,0.76,0.6618075801749271,0.0,0.0,0.037900874635568516,0.0728862973760933,0.029154518950437316,1.0
banknote-authentication,rfc-nosuite,0.9941690962099126,1.0,1.0,0.0,0.0,0.33819241982507287,0.30612244897959184,0.35276967930029157,1.0
banknote-authentication,rfc-nosuite,0.9941690962099126,1.0,1.0,0.0,0.0,0.10495626822157435,0.03206997084548105,0.2536443148688047,1.0
banknote-authentication,rfc-nosuite,0.9941690962099126,1.0,1.0,0.0,0.0,0.40524781341107874,0.26239067055393583,0.4489795918367347,1.0
banknote-authentication,rfc-nosuite,0.9941690962099126,0.98,0.33819241982507287,0.0,0.0,0.33819241982507287,0.30612244897959184,0.32653061224489793,1.0
banknote-authentication,rfc-nosuite,0.9941690962099126,0.99,1.0,0.0,0.0,0.4606413994169096,0.07871720116618076,0.3469387755102041,1.0
banknote-authentication,rfc-nosuite,0.9941690962099126,0.98,1.0,0.0,0.0,0.2303206997084548,0.3498542274052478,0.2594752186588921,1.0
banknote-authentication,rfc-nosuite,0.9941690962099126,1.0,1.0,0.0,0.0,0.3119533527696793,0.2478134110787172,0.3469387755102041,1.0
banknote-authentication,rfc-nosuite,0.9941690962099126,0.93,0.3032069970845481,0.0,0.0,0.061224489795918366,0.023323615160349854,0.061224489795918366,1.0
banknote-authentication,rfc-nosuite,0.9941690962099126,1.0,1.0,0.0,0.0,0.3498542274052478,0.46647230320699706,0.32653061224489793,1.0
banknote-authentication,rfc-nosuite,0.9941690962099126,0.97,0.42857142857142855,0.0,0.0,0.20699708454810495,0.3848396501457726,0.23615160349854228,1.0
banknote-authentication,rfc-nosuite,0.9941690962099126,1.0,1.0,0.0,0.0,0.4110787172011662,0.07871720116618076,0.35276967930029157,1.0
banknote-authentication,rfc-nosuite,0.9941690962099126,1.0,1.0,0.0,0.0,0.4198250728862974,0.3323615160349854,0.3673469387755102,1.0
banknote-authentication,rfc-nosuite,0.9941690962099126,1.0,1.0,0.0,0.0,0.24198250728862974,0.3673469387755102,0.4314868804664723,1.0
banknote-authentication,rfc-nosuite,0.9941690962099126,0.98,1.0,0.0,0.0,0.16034985422740525,0.27696793002915454,0.30612244897959184,1.0
banknote-authentication,rfc-nosuite,0.9941690962099126,0.99,1.0,0.0,0.0,0.358600583090379,0.08746355685131195,0.43731778425655976,1.0
banknote-authentication,rfc-nosuite,0.9941690962099126,1.0,1.0,0.0,0.0,0.36151603498542273,0.30029154518950435,0.42565597667638483,1.0
banknote-authentication,rfc-nosuite,0.9941690962099126,1.0,0.30029154518950435,0.0,0.0,0.6005830903790087,0.3032069970845481,0.3119533527696793,1.0
banknote-authentication,rfc-nosuite,0.9941690962099126,0.72,0.6618075801749271,0.0,0.0,0.03206997084548105,0.0058309037900874635,0.026239067055393587,1.0
banknote-authentication,rfc-nosuite,0.9941690962099126,0.97,0.2478134110787172,0.0,0.0,0.4198250728862974,0.03206997084548105,0.10204081632653061,1.0
banknote-authentication,rfc-nosuite,0.9941690962099126,0.99,1.0,0.0,0.0,0.1749271137026239,0.4110787172011662,0.2653061224489796,1.0
banknote-authentication,rfc-nosuite,0.9941690962099126,1.0,0.6676384839650146,0.0,0.0,0.4139941690962099,0.40524781341107874,0.27113702623906705,1.0
banknote-authentication,rfc-nosuite,0.9941690962099126,1.0,1.0,0.0,0.0,0.4139941690962099,0.2886297376093295,0.37026239067055394,1.0
banknote-authentication,rfc-nosuite,0.9941690962099126,0.99,0.5043731778425656,0.0,0.0,0.20116618075801748,0.29737609329446063,0.3556851311953353,1.0
banknote-authentication,rfc-nosuite,0.9941690962099126,0.99,1.0,0.0,0.0,0.33819241982507287,0.2594752186588921,0.3848396501457726,1.0
banknote-authentication,rfc-nosuite,0.9941690962099126,0.92,0.01749271137026239,0.0,0.0,0.1836734693877551,0.01749271137026239,0.09037900874635568,1.0
volcanoes-a2,rfc-nosuite,0.9310344827586207,0.92,0.37438423645320196,0.0,0.0,0.312807881773399,0.8152709359605911,,1.0
volcanoes-a2,rfc-nosuite,0.9310344827586207,0.99,0.30295566502463056,0.0,0.0,0.034482758620689655,0.8719211822660099,,1.0
volcanoes-a2,rfc-nosuite,0.9310344827586207,1.0,1.0,0.0,0.0,1.0,0.5911330049261084,0.9605911330049262,1.0
volcanoes-a2,rfc-nosuite,0.9310344827586207,0.97,1.0,0.0,0.0,0.6551724137931034,0.8251231527093597,,1.0
volcanoes-a2,rfc-nosuite,0.9310344827586207,0.83,0.8423645320197044,0.0,0.0,1.0,0.45320197044334976,,1.0
volcanoes-a2,rfc-nosuite,0.9310344827586207,1.0,1.0,0.0,0.0,1.0,0.9137931034482759,0.9532019704433498,1.0
volcanoes-a2,rfc-nosuite,0.9310344827586207,0.9,1.0,0.0,0.0,0.6551724137931034,0.6403940886699507,0.9310344827586207,1.0
volcanoes-a2,rfc-nosuite,0.9310344827586207,0.98,1.0,0.0,0.0,0.229064039408867,0.45073891625615764,,1.0
volcanoes-a2,rfc-nosuite,0.9310344827586207,0.97,1.0,0.0,0.0,0.5,0.854679802955665,0.9137931034482759,1.0
volcanoes-a2,rfc-nosuite,0.9310344827586207,1.0,1.0,0.0,0.0,0.8423645320197044,0.9014778325123153,0.9137931034482759,1.0
volcanoes-a2,rfc-nosuite,0.9310344827586207,0.7,0.0049261083743842365,0.0,0.0,0.23891625615763548,0.019704433497536946,0.2561576354679803,1.0
volcanoes-a2,rfc-nosuite,0.9310344827586207,1.0,1.0,0.0,0.0,0.34236453201970446,0.5911330049261084,0.8768472906403941,1.0
volcanoes-a2,rfc-nosuite,0.9310344827586207,0.61,0.4482758620689655,0.0,0.0,0.9532019704433498,0.007389162561576354,0.20689655172413793,1.0
volcanoes-a2,rfc-nosuite,0.9310344827586207,0.76,0.9137931034482759,0.0,0.0,0.9261083743842364,0.5467980295566502,0.9310344827586207,1.0
volcanoes-a2,rfc-nosuite,0.9310344827586207,0.91,1.0,0.0,0.0,0.6527093596059114,0.8251231527093597,,1.0
volcanoes-a2,rfc-nosuite,0.9310344827586207,1.0,1.0,0.0,0.0,0.4064039408866995,0.7266009852216748,0.9137931034482759,1.0
volcanoes-a2,rfc-nosuite,0.9310344827586207,0.99,1.0,0.0,0.0,0.26108374384236455,0.5394088669950738,0.9211822660098522,1.0
volcanoes-a2,rfc-nosuite,0.9310344827586207,0.96,1.0,0.0,0.0,0.9137931034482759,0.9187192118226601,0.9088669950738916,1.0
volcanoes-a2,rfc-nosuite,0.9310344827586207,1.0,1.0,0.0,0.0,1.0,0.874384236453202,,1.0
volcanoes-a2,rfc-nosuite,0.9310344827586207,1.0,1.0,0.0,0.0,1.0,0.7635467980295566,0.9334975369458128,1.0
volcanoes-a2,rfc-nosuite,0.9310344827586207,1.0,1.0,0.0,0.0,0.034482758620689655,0.854679802955665,,1.0
volcanoes-a2,rfc-nosuite,0.9310344827586207,0.95,1.0,0.0,0.0,1.0,0.916256157635468,0.9014778325123153,1.0
volcanoes-a2,rfc-nosuite,0.9310344827586207,0.98,1.0,0.0,0.0,0.8201970443349754,0.8374384236453202,0.9532019704433498,1.0
volcanoes-a2,rfc-nosuite,0.9310344827586207,1.0,0.7512315270935961,0.0,0.0,1.0,0.8669950738916257,,1.0
volcanoes-a2,rfc-nosuite,0.9310344827586207,0.99,1.0,0.0,0.0,0.034482758620689655,0.9014778325123153,0.9532019704433498,1.0
volcanoes-a2,rfc-nosuite,0.9310344827586207,1.0,1.0,0.0,0.0,1.0,0.8374384236453202,,1.0
volcanoes-a2,rfc-nosuite,0.9310344827586207,1.0,1.0,0.0,0.0,0.41625615763546797,0.8842364532019704,,1.0
volcanoes-a2,rfc-nosuite,0.9310344827586207,0.94,1.0,0.0,0.0,0.8423645320197044,0.5517241379310345,,1.0
volcanoes-a2,rfc-nosuite,0.9310344827586207,0.91,1.0,0.0,0.0,0.874384236453202,0.6502463054187192,0.874384236453202,1.0
volcanoes-a2,rfc-nosuite,0.9310344827586207,1.0,1.0,0.0,0.0,0.8842364532019704,0.8423645320197044,0.9630541871921182,1.0
volcanoes-a2,rfc-nosuite,0.9310344827586207,1.0,1.0,0.0,0.0,1.0,0.8571428571428571,,1.0
volcanoes-a2,rfc-nosuite,0.9310344827586207,1.0,1.0,0.0,0.0,0.7955665024630542,0.8275862068965517,,1.0
volcanoes-a2,rfc-nosuite,0.9310344827586207,0.99,1.0,0.0,0.0,0.8177339901477833,0.7783251231527094,0.9679802955665024,1.0
volcanoes-a2,rfc-nosuite,0.9310344827586207,1.0,1.0,0.0,0.0,0.8251231527093597,0.41133004926108374,0.9334975369458128,1.0
volcanoes-a2,rfc-nosuite,0.9310344827586207,1.0,1.0,0.0,0.0,0.14532019704433496,0.874384236453202,,1.0
volcanoes-a2,rfc-nosuite,0.9310344827586207,1.0,1.0,0.0,0.0,0.6551724137931034,0.7241379310344828,,1.0
volcanoes-a2,rfc-nosuite,0.9310344827586207,1.0,1.0,0.0,0.0,1.0,0.8448275862068966,,1.0
volcanoes-a2,rfc-nosuite,0.9310344827586207,0.41,0.024630541871921183,0.0,0.0,0.012315270935960592,0.019704433497536946,0.014778325123152709,1.0
volcanoes-a2,rfc-nosuite,0.9310344827586207,1.0,1.0,0.0,0.0,1.0,0.7881773399014779,,1.0
volcanoes-a2,rfc-nosuite,0.9310344827586207,0.83,0.8793103448275862,0.0,0.0,0.9137931034482759,0.9137931034482759,0.9137931034482759,1.0
volcanoes-a2,rfc-nosuite,0.9310344827586207,1.0,1.0,0.0,0.0,0.8423645320197044,0.45566502463054187,0.9211822660098522,1.0
volcanoes-a2,rfc-nosuite,0.9310344827586207,1.0,1.0,0.0,0.0,0.7536945812807881,0.8866995073891626,0.9408866995073891,1.0
volcanoes-a2,rfc-nosuite,0.9310344827586207,1.0,1.0,0.0,0.0,1.0,0.5492610837438424,0.9285714285714286,1.0
volcanoes-a2,rfc-nosuite,0.9310344827586207,0.97,1.0,0.0,0.0,0.4187192118226601,0.8054187192118226,0.9556650246305419,1.0
volcanoes-a2,rfc-nosuite,0.9310344827586207,0.99,1.0,0.0,0.0,1.0,0.5197044334975369,0.9630541871921182,1.0
volcanoes-a2,rfc-nosuite,0.9310344827586207,0.88,0.024630541871921183,0.0,0.0,0.9679802955665024,0.019704433497536946,0.30295566502463056,1.0
volcanoes-a2,rfc-nosuite,0.9310344827586207,0.99,1.0,0.0,0.0,0.229064039408867,0.8251231527093597,0.9014778325123153,1.0
volcanoes-a2,rfc-nosuite,0.9310344827586207,0.93,0.9334975369458128,0.0,0.0,1.0,0.6921182266009852,0.9482758620689655,1.0
volcanoes-a2,rfc-nosuite,0.9310344827586207,1.0,1.0,0.0,0.0,0.8349753694581281,0.5369458128078818,0.9236453201970444,1.0
volcanoes-a2,rfc-nosuite,0.9310344827586207,0.98,1.0,0.0,0.0,1.0,0.9137931034482759,0.9236453201970444,1.0
volcanoes-a3,rfc-nosuite,0.889763779527559,0.35,0.023622047244094488,0.0,0.0,0.5853018372703412,0.12860892388451445,0.1889763779527559,1.0
volcanoes-a3,rfc-nosuite,0.889763779527559,1.0,1.0,0.0,0.0,1.0,0.847769028871391,0.9186351706036745,1.0
volcanoes-a3,rfc-nosuite,0.889763779527559,0.4,0.049868766404199474,0.0,0.0,0.03412073490813648,0.02099737532808399,0.023622047244094488,1.0
volcanoes-a3,rfc-nosuite,0.889763779527559,0.99,1.0,0.0,0.0,1.0,0.7821522309711286,0.9396325459317585,1.0
volcanoes-a3,rfc-nosuite,0.889763779527559,1.0,1.0,0.0,0.0,0.30183727034120733,0.7847769028871391,0.9002624671916011,1.0
volcanoes-a3,rfc-nosuite,0.889763779527559,1.0,1.0,0.0,0.0,1.0,0.8372703412073491,0.8740157480314961,1.0
volcanoes-a3,rfc-nosuite,0.889763779527559,1.0,1.0,0.0,0.0,0.6194225721784777,0.5905511811023622,0.9212598425196851,1.0
volcanoes-a3,rfc-nosuite,0.889763779527559,0.98,1.0,0.0,0.0,1.0,0.9002624671916011,,1.0
volcanoes-a3,rfc-nosuite,0.889763779527559,0.94,1.0,0.0,0.0,1.0,0.821522309711286,0.9028871391076115,1.0
volcanoes-a3,rfc-nosuite,0.889763779527559,1.0,1.0,0.0,0.0,1.0,0.8871391076115486,0.9212598425196851,1.0
volcanoes-a3,rfc-nosuite,0.889763779527559,1.0,1.0,0.0,0.0,0.5905511811023622,0.7952755905511811,,1.0
volcanoes-a3,rfc-nosuite,0.889763779527559,0.95,0.8871391076115486,0.0,0.0,0.905511811023622,0.8871391076115486,0.8818897637795275,1.0
volcanoes-a3,rfc-nosuite,0.889763779527559,0.76,1.0,0.0,0.0,1.0,0.6299212598425197,0.931758530183727,1.0
volcanoes-a3,rfc-nosuite,0.889763779527559,0.56,0.031496062992125984,0.0,0.0,0.7296587926509186,0.9028871391076115,0.7401574803149606,1.0
volcanoes-a3,rfc-nosuite,0.889763779527559,0.97,0.8871391076115486,0.0,0.0,0.937007874015748,0.9002624671916011,0.9028871391076115,1.0
volcanoes-a3,rfc-nosuite,0.889763779527559,0.99,1.0,0.0,0.0,0.9291338582677166,0.8976377952755905,0.9212598425196851,1.0
volcanoes-a3,rfc-nosuite,0.889763779527559,0.96,0.7795275590551181,0.0,0.0,0.8241469816272966,0.868766404199475,0.89501312335958,1.0
volcanoes-a3,rfc-nosuite,0.889763779527559,1.0,1.0,0.0,0.0,1.0,0.863517060367454,0.9186351706036745,1.0
volcanoes-a3,rfc-nosuite,0.889763779527559,0.99,1.0,0.0,0.0,0.6246719160104987,0.8766404199475065,0.9002624671916011,1.0
volcanoes-a3,rfc-nosuite,0.889763779527559,0.96,0.7952755905511811,0.0,0.0,0.5328083989501312,0.6272965879265092,0.9291338582677166,1.0
volcanoes-a3,rfc-nosuite,0.889763779527559,1.0,1.0,0.0,0.0,1.0,0.821522309711286,0.9028871391076115,1.0
volcanoes-a3,rfc-nosuite,0.889763779527559,0.92,0.8871391076115486,0.0,0.0,0.8871391076115486,0.8871391076115486,0.9002624671916011,1.0
volcanoes-a3,rfc-nosuite,0.889763779527559,0.99,1.0,0.0,0.0,1.0,0.8188976377952756,,1.0
volcanoes-a3,rfc-nosuite,0.889763779527559,0.77,0.926509186351706,0.0,0.0,0.9422572178477691,0.6430446194225722,0.8267716535433071,1.0
volcanoes-a3,rfc-nosuite,0.889763779527559,0.93,1.0,0.0,0.0,1.0,0.847769028871391,0.8923884514435696,1.0
volcanoes-a3,rfc-nosuite,0.889763779527559,0.99,1.0,0.0,0.0,1.0,0.8110236220472441,,1.0
volcanoes-a3,rfc-nosuite,0.889763779527559,0.55,0.05774278215223097,0.0,0.0,0.9291338582677166,0.2650918635170604,0.926509186351706,1.0
volcanoes-a3,rfc-nosuite,0.889763779527559,0.97,1.0,0.0,0.0,1.0,0.8740157480314961,0.9291338582677166,1.0
volcanoes-a3,rfc-nosuite,0.889763779527559,1.0,1.0,0.0,0.0,0.6272965879265092,0.8976377952755905,0.9658792650918635,1.0
volcanoes-a3,rfc-nosuite,0.889763779527559,0.99,1.0,0.0,0.0,1.0,0.8976377952755905,,1.0
volcanoes-a3,rfc-nosuite,0.889763779527559,1.0,1.0,0.0,0.0,0.30183727034120733,0.7952755905511811,0.9212598425196851,1.0
volcanoes-a3,rfc-nosuite,0.889763779527559,0.99,1.0,0.0,0.0,1.0,0.7532808398950132,0.8923884514435696,1.0
volcanoes-a3,rfc-nosuite,0.889763779527559,0.76,0.926509186351706,0.0,0.0,0.9291338582677166,0.6902887139107612,0.9291338582677166,1.0
volcanoes-a3,rfc-nosuite,0.889763779527559,0.93,1.0,0.0,0.0,0.8871391076115486,0.8871391076115486,0.9186351706036745,1.0
volcanoes-a3,rfc-nosuite,0.889763779527559,1.0,1.0,0.0,0.0,0.30183727034120733,0.863517060367454,,1.0
volcanoes-a3,rfc-nosuite,0.889763779527559,0.86,0.5958005249343832,0.0,0.0,1.0,0.5039370078740157,0.9606299212598425,1.0
volcanoes-a3,rfc-nosuite,0.889763779527559,1.0,0.49343832020997375,0.0,0.0,1.0,0.8372703412073491,0.9396325459317585,1.0
volcanoes-a3,rfc-nosuite,0.889763779527559,0.98,1.0,0.0,0.0,0.3333333333333333,0.8608923884514436,0.9291338582677166,1.0
volcanoes-a3,rfc-nosuite,0.889763779527559,0.97,0.8871391076115486,0.0,0.0,0.05774278215223097,0.8871391076115486,,1.0
volcanoes-a3,rfc-nosuite,0.889763779527559,1.0,1.0,0.0,0.0,0.9396325459317585,0.6299212598425197,0.9343832020997376,1.0
volcanoes-a3,rfc-nosuite,0.889763779527559,0.99,1.0,0.0,0.0,1.0,0.8320209973753281,0.9422572178477691,1.0
volcanoes-a3,rfc-nosuite,0.889763779527559,0.45,0.010498687664041995,0.0,0.0,0.013123359580052493,0.047244094488188976,0.010498687664041995,1.0
volcanoes-a3,rfc-nosuite,0.889763779527559,0.98,1.0,0.0,0.0,1.0,0.8241469816272966,,1.0
volcanoes-a3,rfc-nosuite,0.889763779527559,1.0,1.0,0.0,0.0,0.7795275590551181,0.8320209973753281,0.931758530183727,1.0
volcanoes-a3,rfc-nosuite,0.889763779527559,0.95,1.0,0.0,0.0,0.2677165354330709,0.6167979002624672,0.9291338582677166,1.0
volcanoes-a3,rfc-nosuite,0.889763779527559,0.99,1.0,0.0,0.0,1.0,0.8031496062992126,0.937007874015748,1.0
volcanoes-a3,rfc-nosuite,0.889763779527559,0.94,1.0,0.0,0.0,1.0,0.847769028871391,0.9553805774278216,1.0
volcanoes-a3,rfc-nosuite,0.889763779527559,1.0,1.0,0.0,0.0,0.7952755905511811,0.8582677165354331,0.916010498687664,1.0
volcanoes-a3,rfc-nosuite,0.889763779527559,1.0,1.0,0.0,0.0,1.0,0.7532808398950132,0.9291338582677166,1.0
volcanoes-a3,rfc-nosuite,0.889763779527559,1.0,1.0,0.0,0.0,1.0,0.868766404199475,0.9291338582677166,1.0
volcanoes-a4,rfc-nosuite,0.8891820580474934,1.0,1.0,0.0,0.0,1.0,0.8469656992084432,0.9102902374670184,1.0
volcanoes-a4,rfc-nosuite,0.8891820580474934,1.0,1.0,0.0,0.0,0.16094986807387862,0.8311345646437994,,1.0
volcanoes-a4,rfc-nosuite,0.8891820580474934,0.61,0.07387862796833773,0.0,0.0,0.0079155672823219,0.0079155672823219,0.052770448548812667,1.0
volcanoes-a4,rfc-nosuite,0.8891820580474934,0.95,1.0,0.0,0.0,1.0,0.841688654353562,,1.0
volcanoes-a4,rfc-nosuite,0.8891820580474934,1.0,1.0,0.0,0.0,1.0,0.8812664907651715,0.8891820580474934,1.0
volcanoes-a4,rfc-nosuite,0.8891820580474934,0.57,0.029023746701846966,0.0,0.0,0.19788918205804748,0.055408970976253295,0.31926121372031663,1.0
volcanoes-a4,rfc-nosuite,0.8891820580474934,1.0,1.0,0.0,0.0,1.0,0.8232189973614775,0.9102902374670184,1.0
volcanoes-a4,rfc-nosuite,0.8891820580474934,0.87,0.8918205804749341,0.0,0.0,0.9102902374670184,0.20316622691292877,0.8944591029023746,1.0
volcanoes-a4,rfc-nosuite,0.8891820580474934,0.88,1.0,0.0,0.0,1.0,0.7968337730870713,0.7941952506596306,1.0
volcanoes-a4,rfc-nosuite,0.8891820580474934,1.0,1.0,0.0,0.0,1.0,0.7440633245382586,0.9023746701846965,1.0
volcanoes-a4,rfc-nosuite,0.8891820580474934,1.0,1.0,0.0,0.0,1.0,0.7203166226912929,0.8786279683377308,1.0
volcanoes-a4,rfc-nosuite,0.8891820580474934,0.98,1.0,0.0,0.0,0.6517150395778364,0.8918205804749341,0.9287598944591029,1.0
volcanoes-a4,rfc-nosuite,0.8891820580474934,0.99,1.0,0.0,0.0,1.0,0.8601583113456465,0.8786279683377308,1.0
volcanoes-a4,rfc-nosuite,0.8891820580474934,1.0,1.0,0.0,0.0,1.0,0.7889182058047494,,1.0
volcanoes-a4,rfc-nosuite,0.8891820580474934,1.0,1.0,0.0,0.0,0.8073878627968337,0.5118733509234829,0.9102902374670184,1.0
volcanoes-a4,rfc-nosuite,0.8891820580474934,1.0,1.0,0.0,0.0,1.0,0.8311345646437994,,1.0
volcanoes-a4,rfc-nosuite,0.8891820580474934,1.0,1.0,0.0,0.0,1.0,0.8311345646437994,,1.0
volcanoes-a4,rfc-nosuite,0.8891820580474934,1.0,1.0,0.0,0.0,0.8311345646437994,0.7493403693931399,,1.0
volcanoes-a4,rfc-nosuite,0.8891820580474934,1.0,1.0,0.0,0.0,1.0,0.8839050131926122,0.9234828496042217,1.0
volcanoes-a4,rfc-nosuite,0.8891820580474934,1.0,1.0,0.0,0.0,1.0,0.820580474934037,,1.0
volcanoes-a4,rfc-nosuite,0.8891820580474934,1.0,1.0,0.0,0.0,1.0,0.8153034300791556,0.9313984168865436,1.0
volcanoes-a4,rfc-nosuite,0.8891820580474934,0.39,0.0395778364116095,0.0,0.0,0.0158311345646438,0.005277044854881266,0.005277044854881266,1.0
volcanoes-a4,rfc-nosuite,0.8891820580474934,1.0,1.0,0.0,0.0,1.0,0.762532981530343,0.9498680738786279,1.0
volcanoes-a4,rfc-nosuite,0.8891820580474934,0.98,1.0,0.0,0.0,1.0,0.8153034300791556,,1.0
volcanoes-a4,rfc-nosuite,0.8891820580474934,0.75,0.8759894459102903,0.0,0.0,0.8786279683377308,0.8812664907651715,0.8786279683377308,1.0
volcanoes-a4,rfc-nosuite,0.8891820580474934,1.0,1.0,0.0,0.0,0.20316622691292877,0.8469656992084432,,1.0
volcanoes-a4,rfc-nosuite,0.8891820580474934,1.0,1.0,0.0,0.0,1.0,0.6912928759894459,,1.0
volcanoes-a4,rfc-nosuite,0.8891820580474934,0.32,0.052770448548812667,0.0,0.0,0.013192612137203167,0.0633245382585752,0.021108179419525065,1.0
volcanoes-a4,rfc-nosuite,0.8891820580474934,0.96,1.0,0.0,0.0,0.9868073878627969,0.8786279683377308,0.9287598944591029,1.0
volcanoes-a4,rfc-nosuite,0.8891820580474934,0.84,1.0,0.0,0.0,1.0,0.8733509234828496,0.9393139841688655,1.0
volcanoes-a4,rfc-nosuite,0.8891820580474934,0.62,1.0,0.0,0.0,0.055408970976253295,0.29815303430079154,,1.0
volcanoes-a4,rfc-nosuite,0.8891820580474934,0.99,1.0,0.0,0.0,1.0,0.7968337730870713,0.9076517150395779,1.0
volcanoes-a4,rfc-nosuite,0.8891820580474934,0.83,0.7361477572559367,0.0,0.0,0.43271767810026385,0.47493403693931396,0.9234828496042217,1.0
volcanoes-a4,rfc-nosuite,0.8891820580474934,0.97,0.8258575197889182,0.0,0.0,0.5277044854881267,0.8918205804749341,0.8918205804749341,1.0
volcanoes-a4,rfc-nosuite,0.8891820580474934,0.5,0.0316622691292876,0.0,0.0,0.05804749340369393,0.026385224274406333,0.05013192612137203,1.0
volcanoes-a4,rfc-nosuite,0.8891820580474934,0.75,0.055408970976253295,0.0,0.0,1.0,0.43535620052770446,,1.0
volcanoes-a4,rfc-nosuite,0.8891820580474934,0.8,1.0,0.0,0.0,1.0,0.8126649076517151,,1.0
volcanoes-a4,rfc-nosuite,0.8891820580474934,1.0,1.0,0.0,0.0,1.0,0.820580474934037,0.9287598944591029,1.0
volcanoes-a4,rfc-nosuite,0.8891820580474934,0.98,1.0,0.0,0.0,0.40105540897097625,0.8759894459102903,,1.0
volcanoes-a4,rfc-nosuite,0.8891820580474934,0.35,0.018469656992084433,0.0,0.0,0.010554089709762533,0.0079155672823219,0.005277044854881266,1.0
volcanoes-a4,rfc-nosuite,0.8891820580474934,1.0,1.0,0.0,0.0,1.0,0.8918205804749341,0.8918205804749341,1.0
volcanoes-a4,rfc-nosuite,0.8891820580474934,0.9,0.8786279683377308,0.0,0.0,0.40897097625329815,0.8839050131926122,0.9287598944591029,1.0
volcanoes-a4,rfc-nosuite,0.8891820580474934,0.97,0.7678100263852242,0.0,0.0,1.0,0.8839050131926122,,1.0
volcanoes-a4,rfc-nosuite,0.8891820580474934,0.98,1.0,0.0,0.0,1.0,0.8153034300791556,0.9023746701846965,1.0
volcanoes-a4,rfc-nosuite,0.8891820580474934,0.96,1.0,0.0,0.0,1.0,0.8390501319261213,,1.0
volcanoes-a4,rfc-nosuite,0.8891820580474934,0.99,1.0,0.0,0.0,0.1345646437994723,0.8759894459102903,,1.0
volcanoes-a4,rfc-nosuite,0.8891820580474934,0.98,0.3720316622691293,0.0,0.0,1.0,0.6437994722955145,,1.0
volcanoes-a4,rfc-nosuite,0.8891820580474934,0.95,0.3720316622691293,0.0,0.0,1.0,0.8759894459102903,0.920844327176781,1.0
volcanoes-a4,rfc-nosuite,0.8891820580474934,0.79,1.0,0.0,0.0,1.0,0.6490765171503958,0.899736147757256,1.0
volcanoes-a4,rfc-nosuite,0.8891820580474934,0.99,1.0,0.0,0.0,0.6860158311345647,0.8839050131926122,0.9234828496042217,1.0
yeast,rfc-nosuite,0.6091644204851752,0.44,0.02425876010781671,0.0,0.0,0.05121293800539083,,0.07277628032345014,1.0
yeast,rfc-nosuite,0.6091644204851752,0.8,0.0215633423180593,0.0,0.0,0.029649595687331536,,0.1293800539083558,1.0
yeast,rfc-nosuite,0.6091644204851752,0.69,0.029649595687331536,0.0,0.0,0.0026954177897574125,,0.0889487870619946,1.0
yeast,rfc-nosuite,0.6091644204851752,0.76,0.11590296495956873,0.0,0.0,0.018867924528301886,,0.14824797843665768,1.0
yeast,rfc-nosuite,0.6091644204851752,0.83,0.08086253369272237,0.0,0.0,0.016172506738544475,,0.1078167115902965,1.0
yeast,rfc-nosuite,0.6091644204851752,0.4,0.04582210242587601,0.0,0.0,0.01078167115902965,,0.0026954177897574125,1.0
yeast,rfc-nosuite,0.6091644204851752,0.7,0.0215633423180593,0.0,0.0,0.016172506738544475,,0.15633423180592992,1.0
yeast,rfc-nosuite,0.6091644204851752,0.52,0.026954177897574125,0.0,0.0,0.013477088948787063,,0.013477088948787063,1.0
yeast,rfc-nosuite,0.6091644204851752,0.53,0.018867924528301886,0.0,0.0,0.008086253369272238,,0.008086253369272238,1.0
yeast,rfc-nosuite,0.6091644204851752,0.76,0.07547169811320754,0.0,0.0,0.08086253369272237,,0.3584905660377358,1.0
yeast,rfc-nosuite,0.6091644204851752,0.79,0.09164420485175202,0.0,0.0,0.01078167115902965,,0.14016172506738545,1.0
yeast,rfc-nosuite,0.6091644204851752,0.84,0.03234501347708895,0.0,0.0,0.016172506738544475,,0.15363881401617252,1.0
yeast,rfc-nosuite,0.6091644204851752,0.7,0.06199460916442048,0.0,0.0,0.0862533692722372,,0.0431266846361186,1.0
yeast,rfc-nosuite,0.6091644204851752,0.47,0.0215633423180593,0.0,0.0,0.005390835579514825,,0.016172506738544475,1.0
yeast,rfc-nosuite,0.6091644204851752,0.81,0.1105121293800539,0.0,0.0,0.0215633423180593,,0.14824797843665768,1.0
yeast,rfc-nosuite,0.6091644204851752,0.51,0.03773584905660377,0.0,0.0,0.005390835579514825,,0.1967654986522911,1.0
yeast,rfc-nosuite,0.6091644204851752,0.48,0.01078167115902965,0.0,0.0,0.05660377358490566,,0.08086253369272237,1.0
yeast,rfc-nosuite,0.6091644204851752,0.73,0.013477088948787063,0.0,0.0,0.01078167115902965,,0.02425876010781671,1.0
yeast,rfc-nosuite,0.6091644204851752,0.59,0.0215633423180593,0.0,0.0,0.03234501347708895,,0.029649595687331536,1.0
yeast,rfc-nosuite,0.6091644204851752,0.64,0.016172506738544475,0.0,0.0,0.013477088948787063,,0.18059299191374664,1.0
yeast,rfc-nosuite,0.6091644204851752,0.78,0.04043126684636118,0.0,0.0,0.01078167115902965,,0.15902964959568733,1.0
yeast,rfc-nosuite,0.6091644204851752,0.77,0.008086253369272238,0.0,0.0,0.01078167115902965,,0.08355795148247978,1.0
yeast,rfc-nosuite,0.6091644204851752,0.73,0.07547169811320754,0.0,0.0,0.026954177897574125,,0.09164420485175202,1.0
yeast,rfc-nosuite,0.6091644204851752,0.42,0.005390835579514825,0.0,0.0,0.026954177897574125,,0.1752021563342318,1.0
yeast,rfc-nosuite,0.6091644204851752,0.52,0.04851752021563342,0.0,0.0,0.008086253369272238,,0.09973045822102426,1.0
yeast,rfc-nosuite,0.6091644204851752,0.49,0.018867924528301886,0.0,0.0,0.02425876010781671,,0.29110512129380056,1.0
yeast,rfc-nosuite,0.6091644204851752,0.5,0.013477088948787063,0.0,0.0,0.0026954177897574125,,0.026954177897574125,1.0
yeast,rfc-nosuite,0.6091644204851752,0.66,0.013477088948787063,0.0,0.0,0.01078167115902965,,0.0889487870619946,1.0
yeast,rfc-nosuite,0.6091644204851752,0.89,0.03504043126684636,0.0,0.0,0.0215633423180593,,0.1725067385444744,1.0
yeast,rfc-nosuite,0.6091644204851752,0.64,0.008086253369272238,0.0,0.0,0.016172506738544475,,0.029649595687331536,1.0
yeast,rfc-nosuite,0.6091644204851752,0.44,0.029649595687331536,0.0,0.0,0.03504043126684636,,0.16442048517520216,1.0
yeast,rfc-nosuite,0.6091644204851752,0.76,0.0431266846361186,0.0,0.0,0.04851752021563342,,0.15902964959568733,1.0
yeast,rfc-nosuite,0.6091644204851752,0.32,0.013477088948787063,0.0,0.0,0.0026954177897574125,,0.0431266846361186,1.0
yeast,rfc-nosuite,0.6091644204851752,0.4,0.02425876010781671,0.0,0.0,0.0026954177897574125,,0.005390835579514825,1.0
yeast,rfc-nosuite,0.6091644204851752,0.6,0.05660377358490566,0.0,0.0,0.013477088948787063,,0.1967654986522911,1.0
yeast,rfc-nosuite,0.6091644204851752,0.48,0.05929919137466307,0.0,0.0,0.09164420485175202,,0.07277628032345014,1.0
yeast,rfc-nosuite,0.6091644204851752,0.53,0.0215633423180593,0.0,0.0,0.016172506738544475,,0.01078167115902965,1.0
yeast,rfc-nosuite,0.6091644204851752,0.94,0.029649595687331536,0.0,0.0,0.0215633423180593,,0.13746630727762804,1.0
yeast,rfc-nosuite,0.6091644204851752,0.8,0.029649595687331536,0.0,0.0,0.03773584905660377,,0.11590296495956873,1.0
yeast,rfc-nosuite,0.6091644204851752,0.34,0.03773584905660377,0.0,0.0,0.029649595687331536,,0.21293800539083557,1.0
yeast,rfc-nosuite,0.6091644204851752,0.61,0.0673854447439353,0.0,0.0,0.05121293800539083,,0.0889487870619946,1.0
yeast,rfc-nosuite,0.6091644204851752,0.52,0.07547169811320754,0.0,0.0,0.008086253369272238,,0.08355795148247978,1.0
yeast,rfc-nosuite,0.6091644204851752,0.45,0.013477088948787063,0.0,0.0,0.016172506738544475,,0.0673854447439353,1.0
yeast,rfc-nosuite,0.6091644204851752,0.51,0.008086253369272238,0.0,0.0,0.0026954177897574125,,0.005390835579514825,1.0
yeast,rfc-nosuite,0.6091644204851752,0.67,0.05929919137466307,0.0,0.0,0.016172506738544475,,0.14824797843665768,1.0
yeast,rfc-nosuite,0.6091644204851752,0.64,0.40161725067385445,0.0,0.0,0.05660377358490566,,0.1940700808625337,1.0
yeast,rfc-nosuite,0.6091644204851752,0.5,0.07547169811320754,0.0,0.0,0.05660377358490566,,0.16442048517520216,1.0
yeast,rfc-nosuite,0.6091644204851752,0.6,0.01078167115902965,0.0,0.0,0.02425876010781671,,0.11320754716981132,1.0
yeast,rfc-nosuite,0.6091644204851752,0.73,0.07277628032345014,0.0,0.0,0.026954177897574125,,0.1347708894878706,1.0
yeast,rfc-nosuite,0.6091644204851752,0.9,0.14285714285714285,0.0,0.0,0.05660377358490566,,0.24528301886792453,1.0
rmftsa,rfc-nosuite,0.50390625,0.3573333333333333,0.08984375,0.0,0.0,0.39453125,0.34765625,0.1640625,1.0
rmftsa,rfc-nosuite,0.50390625,0.4523571428571429,0.2890625,0.0,0.0,0.1171875,0.27734375,0.20703125,1.0
rmftsa,rfc-nosuite,0.50390625,0.685,0.50390625,0.0,0.0,0.4921875,0.22265625,0.05078125,1.0
rmftsa,rfc-nosuite,0.50390625,0.825,0.47265625,0.0,0.0,0.046875,0.046875,0.0390625,1.0
rmftsa,rfc-nosuite,0.50390625,0.6215396825396823,0.7109375,0.0,0.0,0.75390625,0.2265625,0.41796875,1.0
rmftsa,rfc-nosuite,0.50390625,0.833060162060162,0.18359375,0.0,0.0,0.24609375,0.234375,0.234375,1.0
rmftsa,rfc-nosuite,0.50390625,0.2887738095238095,0.12109375,0.0,0.0,0.01953125,0.01953125,0.2421875,1.0
rmftsa,rfc-nosuite,0.50390625,0.8775354922854918,0.26953125,0.0,0.0,0.26953125,0.1640625,0.703125,1.0
rmftsa,rfc-nosuite,0.50390625,0.8113809523809523,0.0234375,0.0,0.0,0.01953125,0.1328125,0.01953125,1.0
rmftsa,rfc-nosuite,0.50390625,0.5523730158730159,0.453125,0.0,0.0,0.26953125,0.1640625,0.26953125,1.0
rmftsa,rfc-nosuite,0.50390625,1.0,0.61328125,0.0,0.0,0.3671875,0.19921875,0.2265625,1.0
rmftsa,rfc-nosuite,0.50390625,0.6062619047619048,0.21484375,0.0,0.0,0.03515625,0.29296875,0.21484375,1.0
rmftsa,rfc-nosuite,0.50390625,0.9257142857142857,0.09765625,0.0,0.0,0.09765625,0.1328125,0.078125,1.0
rmftsa,rfc-nosuite,0.50390625,0.6973333333333334,0.10546875,0.0,0.0,0.1328125,0.29296875,0.06640625,1.0
rmftsa,rfc-nosuite,0.50390625,0.6722097902097899,0.453125,0.0,0.0,0.33984375,0.34765625,0.26953125,1.0
rmftsa,rfc-nosuite,0.50390625,0.36135714285714293,0.09765625,0.0,0.0,0.09765625,0.10546875,0.05078125,1.0
rmftsa,rfc-nosuite,0.50390625,0.5246666666666665,0.10546875,0.0,0.0,0.4375,0.2578125,0.0703125,1.0
rmftsa,rfc-nosuite,0.50390625,0.5523730158730159,0.453125,0.0,0.0,0.26953125,0.1640625,0.23828125,1.0
rmftsa,rfc-nosuite,0.50390625,0.695,0.06640625,0.0,0.0,0.10546875,0.05078125,0.08984375,1.0
rmftsa,rfc-nosuite,0.50390625,0.9804999999999999,0.7109375,0.0,0.0,0.328125,0.34765625,0.7109375,1.0
rmftsa,rfc-nosuite,0.50390625,0.5812557720057718,0.08984375,0.0,0.0,0.0390625,0.37890625,0.13671875,1.0
rmftsa,rfc-nosuite,0.50390625,0.43099999999999994,0.2578125,0.0,0.0,0.16796875,0.12109375,0.10546875,1.0
rmftsa,rfc-nosuite,0.50390625,0.5475,0.16796875,0.0,0.0,0.64453125,0.18359375,0.20703125,1.0
rmftsa,rfc-nosuite,0.50390625,0.7112583527583526,0.75390625,0.0,0.0,0.44140625,0.2265625,0.48046875,1.0
rmftsa,rfc-nosuite,0.50390625,0.795654761904762,0.28125,0.0,0.0,0.57421875,0.28515625,0.38671875,1.0
rmftsa,rfc-nosuite,0.50390625,0.79,0.50390625,0.0,0.0,0.50390625,0.29296875,0.01171875,1.0
rmftsa,rfc-nosuite,0.50390625,0.4893333333333333,0.046875,0.0,0.0,0.00390625,0.16015625,0.00390625,1.0
rmftsa,rfc-nosuite,0.50390625,0.53,0.09765625,0.0,0.0,0.01171875,0.015625,0.34765625,1.0
rmftsa,rfc-nosuite,0.50390625,0.41562698412698423,0.01953125,0.0,0.0,0.0390625,0.28125,0.078125,1.0
rmftsa,rfc-nosuite,0.50390625,0.6774047619047618,0.89453125,0.0,0.0,0.66015625,0.1328125,0.046875,1.0
rmftsa,rfc-nosuite,0.50390625,0.6733194305694304,0.11328125,0.0,0.0,0.73828125,0.28515625,0.296875,1.0
rmftsa,rfc-nosuite,0.50390625,0.3471666666666666,0.09765625,0.0,0.0,0.453125,0.078125,0.13671875,1.0
rmftsa,rfc-nosuite,0.50390625,0.6973333333333334,0.10546875,0.0,0.0,0.1328125,0.59765625,0.03515625,1.0
rmftsa,rfc-nosuite,0.50390625,0.509,0.2890625,0.0,0.0,0.03125,0.03125,0.0703125,1.0
rmftsa,rfc-nosuite,0.50390625,0.7043095238095237,0.078125,0.0,0.0,0.83203125,0.28125,0.171875,1.0
rmftsa,rfc-nosuite,0.50390625,0.53,0.0546875,0.0,0.0,0.02734375,0.21484375,0.0078125,1.0
rmftsa,rfc-nosuite,0.50390625,0.49807142857142866,0.61328125,0.0,0.0,0.5234375,0.28125,0.2265625,1.0
rmftsa,rfc-nosuite,0.50390625,0.98,0.28125,0.0,0.0,0.28125,0.015625,0.0390625,1.0
rmftsa,rfc-nosuite,0.50390625,0.5601212121212121,0.6640625,0.0,0.0,0.5546875,0.42578125,0.24609375,1.0
rmftsa,rfc-nosuite,0.50390625,0.82,0.27734375,0.0,0.0,0.22265625,0.12109375,0.22265625,1.0
rmftsa,rfc-nosuite,0.50390625,0.5005,0.06640625,0.0,0.0,0.34765625,0.16796875,0.27734375,1.0
rmftsa,rfc-nosuite,0.50390625,0.5246666666666667,0.06640625,0.0,0.0,0.16796875,0.25390625,0.046875,1.0
rmftsa,rfc-nosuite,0.50390625,0.74,0.07421875,0.0,0.0,0.921875,0.2421875,0.24609375,1.0
rmftsa,rfc-nosuite,0.50390625,0.72,0.578125,0.0,0.0,0.4296875,0.53125,0.0859375,1.0
rmftsa,rfc-nosuite,0.50390625,0.904,0.28125,0.0,0.0,0.01953125,0.0390625,0.2890625,1.0
rmftsa,rfc-nosuite,0.50390625,0.5523730158730159,0.453125,0.0,0.0,0.26953125,0.45703125,0.26953125,1.0
rmftsa,rfc-nosuite,0.50390625,0.74,0.07421875,0.0,0.0,0.921875,0.125,0.2421875,1.0
rmftsa,rfc-nosuite,0.50390625,0.675,0.0546875,0.0,0.0,0.05859375,0.09765625,0.1640625,1.0
rmftsa,rfc-nosuite,0.50390625,0.85,0.05078125,0.0,0.0,0.0390625,0.046875,0.203125,1.0
rmftsa,rfc-nosuite,0.50390625,0.6955833333333333,0.16796875,0.0,0.0,0.33984375,0.24609375,0.06640625,1.0
banknote-authentication,rfc-nosuite,0.9941690962099126,1.0,1.0,0.0,0.0,0.2565597667638484,0.5014577259475219,0.3498542274052478,1.0
banknote-authentication,rfc-nosuite,0.9941690962099126,1.0,1.0,0.0,0.0,0.3206997084548105,0.33819241982507287,0.4489795918367347,1.0
banknote-authentication,rfc-nosuite,0.9941690962099126,0.98,1.0,0.0,0.0,0.2594752186588921,0.4956268221574344,0.24489795918367346,1.0
banknote-authentication,rfc-nosuite,0.9941690962099126,0.99,0.4897959183673469,0.0,0.0,0.21865889212827988,0.33819241982507287,0.26822157434402333,1.0
banknote-authentication,rfc-nosuite,0.9941690962099126,1.0,0.8104956268221575,0.0,0.0,0.5306122448979592,0.37026239067055394,0.2536443148688047,1.0
banknote-authentication,rfc-nosuite,0.9941690962099126,1.0,0.2594752186588921,0.0,0.0,0.2915451895043732,0.30612244897959184,0.30612244897959184,1.0
banknote-authentication,rfc-nosuite,0.9941690962099126,0.97,0.6967930029154519,0.0,0.0,0.16326530612244897,0.3323615160349854,0.24198250728862974,1.0
banknote-authentication,rfc-nosuite,0.9941690962099126,1.0,1.0,0.0,0.0,0.3206997084548105,0.34402332361516036,0.3469387755102041,1.0
banknote-authentication,rfc-nosuite,0.9941690962099126,1.0,0.6676384839650146,0.0,0.0,0.4198250728862974,0.18075801749271136,0.3206997084548105,1.0
banknote-authentication,rfc-nosuite,0.9941690962099126,1.0,1.0,0.0,0.0,0.34110787172011664,0.34110787172011664,0.3848396501457726,1.0
banknote-authentication,rfc-nosuite,0.9941690962099126,0.92,0.7084548104956269,0.0,0.0,0.09620991253644315,0.061224489795918366,0.05539358600583091,1.0
banknote-authentication,rfc-nosuite,0.9941690962099126,1.0,1.0,0.0,0.0,0.4402332361516035,0.37026239067055394,0.521865889212828,1.0
banknote-authentication,rfc-nosuite,0.9941690962099126,0.99,1.0,0.0,0.0,0.2565597667638484,0.33527696793002915,0.40816326530612246,1.0
banknote-authentication,rfc-nosuite,0.9941690962099126,1.0,1.0,0.0,0.0,0.17201166180758018,0.6618075801749271,0.239067055393586,1.0
banknote-authentication,rfc-nosuite,0.9941690962099126,1.0,1.0,0.0,0.0,0.15451895043731778,0.10787172011661808,0.23323615160349853,1.0
banknote-authentication,rfc-nosuite,0.9941690962099126,0.99,0.3323615160349854,0.0,0.0,0.09037900874635568,0.12536443148688048,0.18950437317784258,1.0
banknote-authentication,rfc-nosuite,0.9941690962099126,0.99,0.3323615160349854,0.0,0.0,0.09037900874635568,0.08454810495626822,0.2536443148688047,1.0
banknote-authentication,rfc-nosuite,0.9941690962099126,0.99,0.6676384839650146,0.0,0.0,0.3119533527696793,0.09037900874635568,0.19825072886297376,1.0
banknote-authentication,rfc-nosuite,0.9941690962099126,0.99,1.0,0.0,0.0,0.33819241982507287,0.33819241982507287,0.30029154518950435,1.0
banknote-authentication,rfc-nosuite,0.9941690962099126,1.0,1.0,0.0,0.0,0.3848396501457726,0.2478134110787172,0.35276967930029157,1.0
banknote-authentication,rfc-nosuite,0.9941690962099126,1.0,0.8688046647230321,0.0,0.0,0.6763848396501457,0.30612244897959184,0.358600583090379,1.0
banknote-authentication,rfc-nosuite,0.9941690962099126,0.99,0.20699708454810495,0.0,0.0,0.2478134110787172,0.3498542274052478,0.22740524781341107,1.0
banknote-authentication,rfc-nosuite,0.9941690962099126,0.99,1.0,0.0,0.0,0.33819241982507287,0.30612244897959184,0.36151603498542273,1.0
banknote-authentication,rfc-nosuite,0.9941690962099126,0.99,1.0,0.0,0.0,0.5510204081632653,0.30903790087463556,0.4489795918367347,1.0
banknote-authentication,rfc-nosuite,0.9941690962099126,0.76,0.6618075801749271,0.0,0.0,0.037900874635568516,0.0728862973760933,0.029154518950437316,1.0
banknote-authentication,rfc-nosuite,0.9941690962099126,1.0,1.0,0.0,0.0,0.33819241982507287,0.30612244897959184,0.35276967930029157,1.0
banknote-authentication,rfc-nosuite,0.9941690962099126,1.0,1.0,0.0,0.0,0.10495626822157435,0.03206997084548105,0.2536443148688047,1.0
banknote-authentication,rfc-nosuite,0.9941690962099126,1.0,1.0,0.0,0.0,0.40524781341107874,0.26239067055393583,0.4489795918367347,1.0
banknote-authentication,rfc-nosuite,0.9941690962099126,0.98,0.33819241982507287,0.0,0.0,0.33819241982507287,0.30612244897959184,0.32653061224489793,1.0
banknote-authentication,rfc-nosuite,0.9941690962099126,0.99,1.0,0.0,0.0,0.4606413994169096,0.07871720116618076,0.3469387755102041,1.0
banknote-authentication,rfc-nosuite,0.9941690962099126,0.98,1.0,0.0,0.0,0.2303206997084548,0.3498542274052478,0.2594752186588921,1.0
banknote-authentication,rfc-nosuite,0.9941690962099126,1.0,1.0,0.0,0.0,0.3119533527696793,0.2478134110787172,0.3469387755102041,1.0
banknote-authentication,rfc-nosuite,0.9941690962099126,0.93,0.3032069970845481,0.0,0.0,0.061224489795918366,0.023323615160349854,0.061224489795918366,1.0
banknote-authentication,rfc-nosuite,0.9941690962099126,1.0,1.0,0.0,0.0,0.3498542274052478,0.46647230320699706,0.32653061224489793,1.0
banknote-authentication,rfc-nosuite,0.9941690962099126,0.97,0.42857142857142855,0.0,0.0,0.20699708454810495,0.3848396501457726,0.23615160349854228,1.0
banknote-authentication,rfc-nosuite,0.9941690962099126,1.0,1.0,0.0,0.0,0.4110787172011662,0.07871720116618076,0.35276967930029157,1.0
banknote-authentication,rfc-nosuite,0.9941690962099126,1.0,1.0,0.0,0.0,0.4198250728862974,0.3323615160349854,0.3673469387755102,1.0
banknote-authentication,rfc-nosuite,0.9941690962099126,1.0,1.0,0.0,0.0,0.24198250728862974,0.3673469387755102,0.4314868804664723,1.0
banknote-authentication,rfc-nosuite,0.9941690962099126,0.98,1.0,0.0,0.0,0.16034985422740525,0.27696793002915454,0.30612244897959184,1.0
banknote-authentication,rfc-nosuite,0.9941690962099126,0.99,1.0,0.0,0.0,0.358600583090379,0.08746355685131195,0.43731778425655976,1.0
banknote-authentication,rfc-nosuite,0.9941690962099126,1.0,1.0,0.0,0.0,0.36151603498542273,0.30029154518950435,0.42565597667638483,1.0
banknote-authentication,rfc-nosuite,0.9941690962099126,1.0,0.30029154518950435,0.0,0.0,0.6005830903790087,0.3032069970845481,0.3119533527696793,1.0
banknote-authentication,rfc-nosuite,0.9941690962099126,0.72,0.6618075801749271,0.0,0.0,0.03206997084548105,0.0058309037900874635,0.026239067055393587,1.0
banknote-authentication,rfc-nosuite,0.9941690962099126,0.97,0.2478134110787172,0.0,0.0,0.4198250728862974,0.03206997084548105,0.10204081632653061,1.0
banknote-authentication,rfc-nosuite,0.9941690962099126,0.99,1.0,0.0,0.0,0.1749271137026239,0.4110787172011662,0.2653061224489796,1.0
banknote-authentication,rfc-nosuite,0.9941690962099126,1.0,0.6676384839650146,0.0,0.0,0.4139941690962099,0.40524781341107874,0.27113702623906705,1.0
banknote-authentication,rfc-nosuite,0.9941690962099126,1.0,1.0,0.0,0.0,0.4139941690962099,0.2886297376093295,0.37026239067055394,1.0
banknote-authentication,rfc-nosuite,0.9941690962099126,0.99,0.5043731778425656,0.0,0.0,0.20116618075801748,0.29737609329446063,0.3556851311953353,1.0
banknote-authentication,rfc-nosuite,0.9941690962099126,0.99,1.0,0.0,0.0,0.33819241982507287,0.2594752186588921,0.3848396501457726,1.0
banknote-authentication,rfc-nosuite,0.9941690962099126,0.92,0.01749271137026239,0.0,0.0,0.1836734693877551,0.01749271137026239,0.09037900874635568,1.0
volcanoes-a2,rfc-nosuite,0.9310344827586207,0.92,0.37438423645320196,0.0,0.0,0.312807881773399,0.8152709359605911,,1.0
volcanoes-a2,rfc-nosuite,0.9310344827586207,0.99,0.30295566502463056,0.0,0.0,0.034482758620689655,0.8719211822660099,,1.0
volcanoes-a2,rfc-nosuite,0.9310344827586207,1.0,1.0,0.0,0.0,1.0,0.5911330049261084,0.9605911330049262,1.0
volcanoes-a2,rfc-nosuite,0.9310344827586207,0.97,1.0,0.0,0.0,0.6551724137931034,0.8251231527093597,,1.0
volcanoes-a2,rfc-nosuite,0.9310344827586207,0.83,0.8423645320197044,0.0,0.0,1.0,0.45320197044334976,,1.0
volcanoes-a2,rfc-nosuite,0.9310344827586207,1.0,1.0,0.0,0.0,1.0,0.9137931034482759,0.9532019704433498,1.0
volcanoes-a2,rfc-nosuite,0.9310344827586207,0.9,1.0,0.0,0.0,0.6551724137931034,0.6403940886699507,0.9310344827586207,1.0
volcanoes-a2,rfc-nosuite,0.9310344827586207,0.98,1.0,0.0,0.0,0.229064039408867,0.45073891625615764,,1.0
volcanoes-a2,rfc-nosuite,0.9310344827586207,0.97,1.0,0.0,0.0,0.5,0.854679802955665,0.9137931034482759,1.0
volcanoes-a2,rfc-nosuite,0.9310344827586207,1.0,1.0,0.0,0.0,0.8423645320197044,0.9014778325123153,0.9137931034482759,1.0
volcanoes-a2,rfc-nosuite,0.9310344827586207,0.7,0.0049261083743842365,0.0,0.0,0.23891625615763548,0.019704433497536946,0.2561576354679803,1.0
volcanoes-a2,rfc-nosuite,0.9310344827586207,1.0,1.0,0.0,0.0,0.34236453201970446,0.5911330049261084,0.8768472906403941,1.0
volcanoes-a2,rfc-nosuite,0.9310344827586207,0.61,0.4482758620689655,0.0,0.0,0.9532019704433498,0.007389162561576354,0.20689655172413793,1.0
volcanoes-a2,rfc-nosuite,0.9310344827586207,0.76,0.9137931034482759,0.0,0.0,0.9261083743842364,0.5467980295566502,0.9310344827586207,1.0
volcanoes-a2,rfc-nosuite,0.9310344827586207,0.91,1.0,0.0,0.0,0.6527093596059114,0.8251231527093597,,1.0
volcanoes-a2,rfc-nosuite,0.9310344827586207,1.0,1.0,0.0,0.0,0.4064039408866995,0.7266009852216748,0.9137931034482759,1.0
volcanoes-a2,rfc-nosuite,0.9310344827586207,0.99,1.0,0.0,0.0,0.26108374384236455,0.5394088669950738,0.9211822660098522,1.0
volcanoes-a2,rfc-nosuite,0.9310344827586207,0.96,1.0,0.0,0.0,0.9137931034482759,0.9187192118226601,0.9088669950738916,1.0
volcanoes-a2,rfc-nosuite,0.9310344827586207,1.0,1.0,0.0,0.0,1.0,0.874384236453202,,1.0
volcanoes-a2,rfc-nosuite,0.9310344827586207,1.0,1.0,0.0,0.0,1.0,0.7635467980295566,0.9334975369458128,1.0
volcanoes-a2,rfc-nosuite,0.9310344827586207,1.0,1.0,0.0,0.0,0.034482758620689655,0.854679802955665,,1.0
volcanoes-a2,rfc-nosuite,0.9310344827586207,0.95,1.0,0.0,0.0,1.0,0.916256157635468,0.9014778325123153,1.0
volcanoes-a2,rfc-nosuite,0.9310344827586207,0.98,1.0,0.0,0.0,0.8201970443349754,0.8374384236453202,0.9532019704433498,1.0
volcanoes-a2,rfc-nosuite,0.9310344827586207,1.0,0.7512315270935961,0.0,0.0,1.0,0.8669950738916257,,1.0
volcanoes-a2,rfc-nosuite,0.9310344827586207,0.99,1.0,0.0,0.0,0.034482758620689655,0.9014778325123153,0.9532019704433498,1.0
volcanoes-a2,rfc-nosuite,0.9310344827586207,1.0,1.0,0.0,0.0,1.0,0.8374384236453202,,1.0
volcanoes-a2,rfc-nosuite,0.9310344827586207,1.0,1.0,0.0,0.0,0.41625615763546797,0.8842364532019704,,1.0
volcanoes-a2,rfc-nosuite,0.9310344827586207,0.94,1.0,0.0,0.0,0.8423645320197044,0.5517241379310345,,1.0
volcanoes-a2,rfc-nosuite,0.9310344827586207,0.91,1.0,0.0,0.0,0.874384236453202,0.6502463054187192,0.874384236453202,1.0
volcanoes-a2,rfc-nosuite,0.9310344827586207,1.0,1.0,0.0,0.0,0.8842364532019704,0.8423645320197044,0.9630541871921182,1.0
volcanoes-a2,rfc-nosuite,0.9310344827586207,1.0,1.0,0.0,0.0,1.0,0.8571428571428571,,1.0
volcanoes-a2,rfc-nosuite,0.9310344827586207,1.0,1.0,0.0,0.0,0.7955665024630542,0.8275862068965517,,1.0
volcanoes-a2,rfc-nosuite,0.9310344827586207,0.99,1.0,0.0,0.0,0.8177339901477833,0.7783251231527094,0.9679802955665024,1.0
volcanoes-a2,rfc-nosuite,0.9310344827586207,1.0,1.0,0.0,0.0,0.8251231527093597,0.41133004926108374,0.9334975369458128,1.0
volcanoes-a2,rfc-nosuite,0.9310344827586207,1.0,1.0,0.0,0.0,0.14532019704433496,0.874384236453202,,1.0
volcanoes-a2,rfc-nosuite,0.9310344827586207,1.0,1.0,0.0,0.0,0.6551724137931034,0.7241379310344828,,1.0
volcanoes-a2,rfc-nosuite,0.9310344827586207,1.0,1.0,0.0,0.0,1.0,0.8448275862068966,,1.0
volcanoes-a2,rfc-nosuite,0.9310344827586207,0.41,0.024630541871921183,0.0,0.0,0.012315270935960592,0.019704433497536946,0.014778325123152709,1.0
volcanoes-a2,rfc-nosuite,0.9310344827586207,1.0,1.0,0.0,0.0,1.0,0.7881773399014779,,1.0
volcanoes-a2,rfc-nosuite,0.9310344827586207,0.83,0.8793103448275862,0.0,0.0,0.9137931034482759,0.9137931034482759,0.9137931034482759,1.0
volcanoes-a2,rfc-nosuite,0.9310344827586207,1.0,1.0,0.0,0.0,0.8423645320197044,0.45566502463054187,0.9211822660098522,1.0
volcanoes-a2,rfc-nosuite,0.9310344827586207,1.0,1.0,0.0,0.0,0.7536945812807881,0.8866995073891626,0.9408866995073891,1.0
volcanoes-a2,rfc-nosuite,0.9310344827586207,1.0,1.0,0.0,0.0,1.0,0.5492610837438424,0.9285714285714286,1.0
volcanoes-a2,rfc-nosuite,0.9310344827586207,0.97,1.0,0.0,0.0,0.4187192118226601,0.8054187192118226,0.9556650246305419,1.0
volcanoes-a2,rfc-nosuite,0.9310344827586207,0.99,1.0,0.0,0.0,1.0,0.5197044334975369,0.9630541871921182,1.0
volcanoes-a2,rfc-nosuite,0.9310344827586207,0.88,0.024630541871921183,0.0,0.0,0.9679802955665024,0.019704433497536946,0.30295566502463056,1.0
volcanoes-a2,rfc-nosuite,0.9310344827586207,0.99,1.0,0.0,0.0,0.229064039408867,0.8251231527093597,0.9014778325123153,1.0
volcanoes-a2,rfc-nosuite,0.9310344827586207,0.93,0.9334975369458128,0.0,0.0,1.0,0.6921182266009852,0.9482758620689655,1.0
volcanoes-a2,rfc-nosuite,0.9310344827586207,1.0,1.0,0.0,0.0,0.8349753694581281,0.5369458128078818,0.9236453201970444,1.0
volcanoes-a2,rfc-nosuite,0.9310344827586207,0.98,1.0,0.0,0.0,1.0,0.9137931034482759,0.9236453201970444,1.0
volcanoes-a3,rfc-nosuite,0.889763779527559,0.35,0.023622047244094488,0.0,0.0,0.5853018372703412,0.12860892388451445,0.1889763779527559,1.0
volcanoes-a3,rfc-nosuite,0.889763779527559,1.0,1.0,0.0,0.0,1.0,0.847769028871391,0.9186351706036745,1.0
volcanoes-a3,rfc-nosuite,0.889763779527559,0.4,0.049868766404199474,0.0,0.0,0.03412073490813648,0.02099737532808399,0.023622047244094488,1.0
volcanoes-a3,rfc-nosuite,0.889763779527559,0.99,1.0,0.0,0.0,1.0,0.7821522309711286,0.9396325459317585,1.0
volcanoes-a3,rfc-nosuite,0.889763779527559,1.0,1.0,0.0,0.0,0.30183727034120733,0.7847769028871391,0.9002624671916011,1.0
volcanoes-a3,rfc-nosuite,0.889763779527559,1.0,1.0,0.0,0.0,1.0,0.8372703412073491,0.8740157480314961,1.0
volcanoes-a3,rfc-nosuite,0.889763779527559,1.0,1.0,0.0,0.0,0.6194225721784777,0.5905511811023622,0.9212598425196851,1.0
volcanoes-a3,rfc-nosuite,0.889763779527559,0.98,1.0,0.0,0.0,1.0,0.9002624671916011,,1.0
volcanoes-a3,rfc-nosuite,0.889763779527559,0.94,1.0,0.0,0.0,1.0,0.821522309711286,0.9028871391076115,1.0
volcanoes-a3,rfc-nosuite,0.889763779527559,1.0,1.0,0.0,0.0,1.0,0.8871391076115486,0.9212598425196851,1.0
volcanoes-a3,rfc-nosuite,0.889763779527559,1.0,1.0,0.0,0.0,0.5905511811023622,0.7952755905511811,,1.0
volcanoes-a3,rfc-nosuite,0.889763779527559,0.95,0.8871391076115486,0.0,0.0,0.905511811023622,0.8871391076115486,0.8818897637795275,1.0
volcanoes-a3,rfc-nosuite,0.889763779527559,0.76,1.0,0.0,0.0,1.0,0.6299212598425197,0.931758530183727,1.0
volcanoes-a3,rfc-nosuite,0.889763779527559,0.56,0.031496062992125984,0.0,0.0,0.7296587926509186,0.9028871391076115,0.7401574803149606,1.0
volcanoes-a3,rfc-nosuite,0.889763779527559,0.97,0.8871391076115486,0.0,0.0,0.937007874015748,0.9002624671916011,0.9028871391076115,1.0
volcanoes-a3,rfc-nosuite,0.889763779527559,0.99,1.0,0.0,0.0,0.9291338582677166,0.8976377952755905,0.9212598425196851,1.0
volcanoes-a3,rfc-nosuite,0.889763779527559,0.96,0.7795275590551181,0.0,0.0,0.8241469816272966,0.868766404199475,0.89501312335958,1.0
volcanoes-a3,rfc-nosuite,0.889763779527559,1.0,1.0,0.0,0.0,1.0,0.863517060367454,0.9186351706036745,1.0
volcanoes-a3,rfc-nosuite,0.889763779527559,0.99,1.0,0.0,0.0,0.6246719160104987,0.8766404199475065,0.9002624671916011,1.0
volcanoes-a3,rfc-nosuite,0.889763779527559,0.96,0.7952755905511811,0.0,0.0,0.5328083989501312,0.6272965879265092,0.9291338582677166,1.0
volcanoes-a3,rfc-nosuite,0.889763779527559,1.0,1.0,0.0,0.0,1.0,0.821522309711286,0.9028871391076115,1.0
volcanoes-a3,rfc-nosuite,0.889763779527559,0.92,0.8871391076115486,0.0,0.0,0.8871391076115486,0.8871391076115486,0.9002624671916011,1.0
volcanoes-a3,rfc-nosuite,0.889763779527559,0.99,1.0,0.0,0.0,1.0,0.8188976377952756,,1.0
volcanoes-a3,rfc-nosuite,0.889763779527559,0.77,0.926509186351706,0.0,0.0,0.9422572178477691,0.6430446194225722,0.8267716535433071,1.0
volcanoes-a3,rfc-nosuite,0.889763779527559,0.93,1.0,0.0,0.0,1.0,0.847769028871391,0.8923884514435696,1.0
volcanoes-a3,rfc-nosuite,0.889763779527559,0.99,1.0,0.0,0.0,1.0,0.8110236220472441,,1.0
volcanoes-a3,rfc-nosuite,0.889763779527559,0.55,0.05774278215223097,0.0,0.0,0.9291338582677166,0.2650918635170604,0.926509186351706,1.0
volcanoes-a3,rfc-nosuite,0.889763779527559,0.97,1.0,0.0,0.0,1.0,0.8740157480314961,0.9291338582677166,1.0
volcanoes-a3,rfc-nosuite,0.889763779527559,1.0,1.0,0.0,0.0,0.6272965879265092,0.8976377952755905,0.9658792650918635,1.0
volcanoes-a3,rfc-nosuite,0.889763779527559,0.99,1.0,0.0,0.0,1.0,0.8976377952755905,,1.0
volcanoes-a3,rfc-nosuite,0.889763779527559,1.0,1.0,0.0,0.0,0.30183727034120733,0.7952755905511811,0.9212598425196851,1.0
volcanoes-a3,rfc-nosuite,0.889763779527559,0.99,1.0,0.0,0.0,1.0,0.7532808398950132,0.8923884514435696,1.0
volcanoes-a3,rfc-nosuite,0.889763779527559,0.76,0.926509186351706,0.0,0.0,0.9291338582677166,0.6902887139107612,0.9291338582677166,1.0
volcanoes-a3,rfc-nosuite,0.889763779527559,0.93,1.0,0.0,0.0,0.8871391076115486,0.8871391076115486,0.9186351706036745,1.0
volcanoes-a3,rfc-nosuite,0.889763779527559,1.0,1.0,0.0,0.0,0.30183727034120733,0.863517060367454,,1.0
volcanoes-a3,rfc-nosuite,0.889763779527559,0.86,0.5958005249343832,0.0,0.0,1.0,0.5039370078740157,0.9606299212598425,1.0
volcanoes-a3,rfc-nosuite,0.889763779527559,1.0,0.49343832020997375,0.0,0.0,1.0,0.8372703412073491,0.9396325459317585,1.0
volcanoes-a3,rfc-nosuite,0.889763779527559,0.98,1.0,0.0,0.0,0.3333333333333333,0.8608923884514436,0.9291338582677166,1.0
volcanoes-a3,rfc-nosuite,0.889763779527559,0.97,0.8871391076115486,0.0,0.0,0.05774278215223097,0.8871391076115486,,1.0
volcanoes-a3,rfc-nosuite,0.889763779527559,1.0,1.0,0.0,0.0,0.9396325459317585,0.6299212598425197,0.9343832020997376,1.0
volcanoes-a3,rfc-nosuite,0.889763779527559,0.99,1.0,0.0,0.0,1.0,0.8320209973753281,0.9422572178477691,1.0
volcanoes-a3,rfc-nosuite,0.889763779527559,0.45,0.010498687664041995,0.0,0.0,0.013123359580052493,0.047244094488188976,0.010498687664041995,1.0
volcanoes-a3,rfc-nosuite,0.889763779527559,0.98,1.0,0.0,0.0,1.0,0.8241469816272966,,1.0
volcanoes-a3,rfc-nosuite,0.889763779527559,1.0,1.0,0.0,0.0,0.7795275590551181,0.8320209973753281,0.931758530183727,1.0
volcanoes-a3,rfc-nosuite,0.889763779527559,0.95,1.0,0.0,0.0,0.2677165354330709,0.6167979002624672,0.9291338582677166,1.0
volcanoes-a3,rfc-nosuite,0.889763779527559,0.99,1.0,0.0,0.0,1.0,0.8031496062992126,0.937007874015748,1.0
volcanoes-a3,rfc-nosuite,0.889763779527559,0.94,1.0,0.0,0.0,1.0,0.847769028871391,0.9553805774278216,1.0
volcanoes-a3,rfc-nosuite,0.889763779527559,1.0,1.0,0.0,0.0,0.7952755905511811,0.8582677165354331,0.916010498687664,1.0
volcanoes-a3,rfc-nosuite,0.889763779527559,1.0,1.0,0.0,0.0,1.0,0.7532808398950132,0.9291338582677166,1.0
volcanoes-a3,rfc-nosuite,0.889763779527559,1.0,1.0,0.0,0.0,1.0,0.868766404199475,0.9291338582677166,1.0
volcanoes-a4,rfc-nosuite,0.8891820580474934,1.0,1.0,0.0,0.0,1.0,0.8469656992084432,0.9102902374670184,1.0
volcanoes-a4,rfc-nosuite,0.8891820580474934,1.0,1.0,0.0,0.0,0.16094986807387862,0.8311345646437994,,1.0
volcanoes-a4,rfc-nosuite,0.8891820580474934,0.61,0.07387862796833773,0.0,0.0,0.0079155672823219,0.0079155672823219,0.052770448548812667,1.0
volcanoes-a4,rfc-nosuite,0.8891820580474934,0.95,1.0,0.0,0.0,1.0,0.841688654353562,,1.0
volcanoes-a4,rfc-nosuite,0.8891820580474934,1.0,1.0,0.0,0.0,1.0,0.8812664907651715,0.8891820580474934,1.0
volcanoes-a4,rfc-nosuite,0.8891820580474934,0.57,0.029023746701846966,0.0,0.0,0.19788918205804748,0.055408970976253295,0.31926121372031663,1.0
volcanoes-a4,rfc-nosuite,0.8891820580474934,1.0,1.0,0.0,0.0,1.0,0.8232189973614775,0.9102902374670184,1.0
volcanoes-a4,rfc-nosuite,0.8891820580474934,0.87,0.8918205804749341,0.0,0.0,0.9102902374670184,0.20316622691292877,0.8944591029023746,1.0
volcanoes-a4,rfc-nosuite,0.8891820580474934,0.88,1.0,0.0,0.0,1.0,0.7968337730870713,0.7941952506596306,1.0
volcanoes-a4,rfc-nosuite,0.8891820580474934,1.0,1.0,0.0,0.0,1.0,0.7440633245382586,0.9023746701846965,1.0
volcanoes-a4,rfc-nosuite,0.8891820580474934,1.0,1.0,0.0,0.0,1.0,0.7203166226912929,0.8786279683377308,1.0
volcanoes-a4,rfc-nosuite,0.8891820580474934,0.98,1.0,0.0,0.0,0.6517150395778364,0.8918205804749341,0.9287598944591029,1.0
volcanoes-a4,rfc-nosuite,0.8891820580474934,0.99,1.0,0.0,0.0,1.0,0.8601583113456465,0.8786279683377308,1.0
volcanoes-a4,rfc-nosuite,0.8891820580474934,1.0,1.0,0.0,0.0,1.0,0.7889182058047494,,1.0
volcanoes-a4,rfc-nosuite,0.8891820580474934,1.0,1.0,0.0,0.0,0.8073878627968337,0.5118733509234829,0.9102902374670184,1.0
volcanoes-a4,rfc-nosuite,0.8891820580474934,1.0,1.0,0.0,0.0,1.0,0.8311345646437994,,1.0
volcanoes-a4,rfc-nosuite,0.8891820580474934,1.0,1.0,0.0,0.0,1.0,0.8311345646437994,,1.0
volcanoes-a4,rfc-nosuite,0.8891820580474934,1.0,1.0,0.0,0.0,0.8311345646437994,0.7493403693931399,,1.0
volcanoes-a4,rfc-nosuite,0.8891820580474934,1.0,1.0,0.0,0.0,1.0,0.8839050131926122,0.9234828496042217,1.0
volcanoes-a4,rfc-nosuite,0.8891820580474934,1.0,1.0,0.0,0.0,1.0,0.820580474934037,,1.0
volcanoes-a4,rfc-nosuite,0.8891820580474934,1.0,1.0,0.0,0.0,1.0,0.8153034300791556,0.9313984168865436,1.0
volcanoes-a4,rfc-nosuite,0.8891820580474934,0.39,0.0395778364116095,0.0,0.0,0.0158311345646438,0.005277044854881266,0.005277044854881266,1.0
volcanoes-a4,rfc-nosuite,0.8891820580474934,1.0,1.0,0.0,0.0,1.0,0.762532981530343,0.9498680738786279,1.0
volcanoes-a4,rfc-nosuite,0.8891820580474934,0.98,1.0,0.0,0.0,1.0,0.8153034300791556,,1.0
volcanoes-a4,rfc-nosuite,0.8891820580474934,0.75,0.8759894459102903,0.0,0.0,0.8786279683377308,0.8812664907651715,0.8786279683377308,1.0
volcanoes-a4,rfc-nosuite,0.8891820580474934,1.0,1.0,0.0,0.0,0.20316622691292877,0.8469656992084432,,1.0
volcanoes-a4,rfc-nosuite,0.8891820580474934,1.0,1.0,0.0,0.0,1.0,0.6912928759894459,,1.0
volcanoes-a4,rfc-nosuite,0.8891820580474934,0.32,0.052770448548812667,0.0,0.0,0.013192612137203167,0.0633245382585752,0.021108179419525065,1.0
volcanoes-a4,rfc-nosuite,0.8891820580474934,0.96,1.0,0.0,0.0,0.9868073878627969,0.8786279683377308,0.9287598944591029,1.0
volcanoes-a4,rfc-nosuite,0.8891820580474934,0.84,1.0,0.0,0.0,1.0,0.8733509234828496,0.9393139841688655,1.0
volcanoes-a4,rfc-nosuite,0.8891820580474934,0.62,1.0,0.0,0.0,0.055408970976253295,0.29815303430079154,,1.0
volcanoes-a4,rfc-nosuite,0.8891820580474934,0.99,1.0,0.0,0.0,1.0,0.7968337730870713,0.9076517150395779,1.0
volcanoes-a4,rfc-nosuite,0.8891820580474934,0.83,0.7361477572559367,0.0,0.0,0.43271767810026385,0.47493403693931396,0.9234828496042217,1.0
volcanoes-a4,rfc-nosuite,0.8891820580474934,0.97,0.8258575197889182,0.0,0.0,0.5277044854881267,0.8918205804749341,0.8918205804749341,1.0
volcanoes-a4,rfc-nosuite,0.8891820580474934,0.5,0.0316622691292876,0.0,0.0,0.05804749340369393,0.026385224274406333,0.05013192612137203,1.0
volcanoes-a4,rfc-nosuite,0.8891820580474934,0.75,0.055408970976253295,0.0,0.0,1.0,0.43535620052770446,,1.0
volcanoes-a4,rfc-nosuite,0.8891820580474934,0.8,1.0,0.0,0.0,1.0,0.8126649076517151,,1.0
volcanoes-a4,rfc-nosuite,0.8891820580474934,1.0,1.0,0.0,0.0,1.0,0.820580474934037,0.9287598944591029,1.0
volcanoes-a4,rfc-nosuite,0.8891820580474934,0.98,1.0,0.0,0.0,0.40105540897097625,0.8759894459102903,,1.0
volcanoes-a4,rfc-nosuite,0.8891820580474934,0.35,0.018469656992084433,0.0,0.0,0.010554089709762533,0.0079155672823219,0.005277044854881266,1.0
volcanoes-a4,rfc-nosuite,0.8891820580474934,1.0,1.0,0.0,0.0,1.0,0.8918205804749341,0.8918205804749341,1.0
volcanoes-a4,rfc-nosuite,0.8891820580474934,0.9,0.8786279683377308,0.0,0.0,0.40897097625329815,0.8839050131926122,0.9287598944591029,1.0
volcanoes-a4,rfc-nosuite,0.8891820580474934,0.97,0.7678100263852242,0.0,0.0,1.0,0.8839050131926122,,1.0
volcanoes-a4,rfc-nosuite,0.8891820580474934,0.98,1.0,0.0,0.0,1.0,0.8153034300791556,0.9023746701846965,1.0
volcanoes-a4,rfc-nosuite,0.8891820580474934,0.96,1.0,0.0,0.0,1.0,0.8390501319261213,,1.0
volcanoes-a4,rfc-nosuite,0.8891820580474934,0.99,1.0,0.0,0.0,0.1345646437994723,0.8759894459102903,,1.0
volcanoes-a4,rfc-nosuite,0.8891820580474934,0.98,0.3720316622691293,0.0,0.0,1.0,0.6437994722955145,,1.0
volcanoes-a4,rfc-nosuite,0.8891820580474934,0.95,0.3720316622691293,0.0,0.0,1.0,0.8759894459102903,0.920844327176781,1.0
volcanoes-a4,rfc-nosuite,0.8891820580474934,0.79,1.0,0.0,0.0,1.0,0.6490765171503958,0.899736147757256,1.0
volcanoes-a4,rfc-nosuite,0.8891820580474934,0.99,1.0,0.0,0.0,0.6860158311345647,0.8839050131926122,0.9234828496042217,1.0
volcanoes-e1,rfc-nosuite,0.9121621621621622,1.0,1.0,0.0,0.0,1.0,0.7804054054054054,0.9493243243243243,1.0
volcanoes-e1,rfc-nosuite,0.9121621621621622,0.99,1.0,0.0,0.0,1.0,0.777027027027027,0.9290540540540541,1.0
volcanoes-e1,rfc-nosuite,0.9121621621621622,1.0,1.0,0.0,0.0,1.0,0.7905405405405406,,1.0
volcanoes-e1,rfc-nosuite,0.9121621621621622,1.0,1.0,0.0,0.0,1.0,0.7702702702702703,0.8344594594594594,1.0
volcanoes-e1,rfc-nosuite,0.9121621621621622,1.0,1.0,0.0,0.0,1.0,0.8040540540540541,0.9155405405405406,1.0
volcanoes-e1,rfc-nosuite,0.9121621621621622,0.75,0.05067567567567568,0.0,0.0,0.19594594594594594,0.18243243243243243,0.1858108108108108,1.0
volcanoes-e1,rfc-nosuite,0.9121621621621622,1.0,1.0,0.0,0.0,1.0,0.3277027027027027,0.8783783783783784,1.0
volcanoes-e1,rfc-nosuite,0.9121621621621622,0.99,1.0,0.0,0.0,1.0,0.777027027027027,0.8209459459459459,1.0
volcanoes-e1,rfc-nosuite,0.9121621621621622,1.0,1.0,0.0,0.0,1.0,0.28040540540540543,0.8277027027027027,1.0
volcanoes-e1,rfc-nosuite,0.9121621621621622,0.85,0.7905405405405406,0.0,0.0,0.8209459459459459,0.6824324324324325,,1.0
volcanoes-e1,rfc-nosuite,0.9121621621621622,1.0,1.0,0.0,0.0,0.11824324324324324,0.7432432432432432,,1.0
volcanoes-e1,rfc-nosuite,0.9121621621621622,0.82,1.0,0.0,0.0,1.0,0.8108108108108109,0.8040540540540541,1.0
volcanoes-e1,rfc-nosuite,0.9121621621621622,0.88,1.0,0.0,0.0,1.0,0.28716216216216217,0.8378378378378378,1.0
volcanoes-e1,rfc-nosuite,0.9121621621621622,0.51,0.04391891891891892,0.0,0.0,1.0,0.16216216216216217,0.20608108108108109,1.0
volcanoes-e1,rfc-nosuite,0.9121621621621622,0.97,0.40540540540540543,0.0,0.0,0.07432432432432433,0.7432432432432432,0.831081081081081,1.0
volcanoes-e1,rfc-nosuite,0.9121621621621622,0.98,1.0,0.0,0.0,0.8682432432432432,0.38175675675675674,,1.0
volcanoes-e1,rfc-nosuite,0.9121621621621622,0.99,1.0,0.0,0.0,0.09797297297297297,0.8006756756756757,0.8344594594594594,1.0
volcanoes-e1,rfc-nosuite,0.9121621621621622,1.0,1.0,0.0,0.0,1.0,0.8141891891891891,,1.0
volcanoes-e1,rfc-nosuite,0.9121621621621622,0.94,0.33783783783783783,0.0,0.0,1.0,0.597972972972973,0.8344594594594594,1.0
volcanoes-e1,rfc-nosuite,0.9121621621621622,0.92,0.16554054054054054,0.0,0.0,0.19594594594594594,0.13513513513513514,0.20945945945945946,1.0
volcanoes-e1,rfc-nosuite,0.9121621621621622,1.0,1.0,0.0,0.0,1.0,0.7871621621621622,,1.0
volcanoes-e1,rfc-nosuite,0.9121621621621622,1.0,1.0,0.0,0.0,1.0,0.7027027027027027,,1.0
volcanoes-e1,rfc-nosuite,0.9121621621621622,0.84,0.3547297297297297,0.0,0.0,0.8209459459459459,0.8209459459459459,,1.0
volcanoes-e1,rfc-nosuite,0.9121621621621622,0.76,0.12837837837837837,0.0,0.0,0.12837837837837837,0.34459459459459457,0.43243243243243246,1.0
volcanoes-e1,rfc-nosuite,0.9121621621621622,0.63,0.8851351351351351,0.0,0.0,1.0,0.30743243243243246,0.20945945945945946,1.0
volcanoes-e1,rfc-nosuite,0.9121621621621622,0.97,1.0,0.0,0.0,1.0,0.7905405405405406,0.8209459459459459,1.0
volcanoes-e1,rfc-nosuite,0.9121621621621622,0.98,1.0,0.0,0.0,1.0,,,1.0
volcanoes-e1,rfc-nosuite,0.9121621621621622,1.0,1.0,0.0,0.0,0.44932432432432434,0.6182432432432432,0.831081081081081,1.0
volcanoes-e1,rfc-nosuite,0.9121621621621622,1.0,0.7195945945945946,0.0,0.0,0.831081081081081,,0.8209459459459459,1.0
volcanoes-e1,rfc-nosuite,0.9121621621621622,0.78,0.0777027027027027,0.0,0.0,0.30405405405405406,0.6114864864864865,0.12837837837837837,1.0
volcanoes-e1,rfc-nosuite,0.9121621621621622,0.96,0.6824324324324325,0.0,0.0,1.0,,0.8344594594594594,1.0
volcanoes-e1,rfc-nosuite,0.9121621621621622,0.87,0.013513513513513514,0.0,0.0,0.28040540540540543,0.24324324324324326,0.34797297297297297,1.0
volcanoes-e1,rfc-nosuite,0.9121621621621622,1.0,1.0,0.0,0.0,1.0,0.8209459459459459,0.8682432432432432,1.0
volcanoes-e1,rfc-nosuite,0.9121621621621622,0.98,0.8243243243243243,0.0,0.0,0.8277027027027027,0.42905405405405406,0.831081081081081,1.0
volcanoes-e1,rfc-nosuite,0.9121621621621622,0.49,1.0,0.0,0.0,0.1554054054054054,0.11486486486486487,0.060810810810810814,1.0
volcanoes-e1,rfc-nosuite,0.9121621621621622,1.0,0.35135135135135137,0.0,0.0,0.0777027027027027,0.7871621621621622,0.8209459459459459,1.0
volcanoes-e1,rfc-nosuite,0.9121621621621622,0.85,0.3108108108108108,0.0,0.0,0.9459459459459459,0.3108108108108108,0.6587837837837838,1.0
volcanoes-e1,rfc-nosuite,0.9121621621621622,0.97,1.0,0.0,0.0,1.0,0.722972972972973,,1.0
volcanoes-e1,rfc-nosuite,0.9121621621621622,0.81,0.722972972972973,0.0,0.0,0.8851351351351351,0.8209459459459459,0.9290540540540541,1.0
volcanoes-e1,rfc-nosuite,0.9121621621621622,0.5,0.32094594594594594,0.0,0.0,0.6216216216216216,0.11148648648648649,0.22972972972972974,1.0
volcanoes-e1,rfc-nosuite,0.9121621621621622,0.99,1.0,0.0,0.0,1.0,0.8344594594594594,,1.0
volcanoes-e1,rfc-nosuite,0.9121621621621622,0.99,0.7195945945945946,0.0,0.0,0.8344594594594594,,,1.0
volcanoes-e1,rfc-nosuite,0.9121621621621622,0.98,1.0,0.0,0.0,1.0,0.7432432432432432,0.8209459459459459,1.0
volcanoes-e1,rfc-nosuite,0.9121621621621622,0.93,1.0,0.0,0.0,1.0,0.8074324324324325,0.8209459459459459,1.0
volcanoes-e1,rfc-nosuite,0.9121621621621622,0.53,1.0,0.0,0.0,0.030405405405405407,0.16554054054054054,0.02702702702702703,1.0
volcanoes-e1,rfc-nosuite,0.9121621621621622,1.0,1.0,0.0,0.0,1.0,0.2702702702702703,,1.0
volcanoes-e1,rfc-nosuite,0.9121621621621622,0.99,1.0,0.0,0.0,1.0,0.8243243243243243,0.8378378378378378,1.0
volcanoes-e1,rfc-nosuite,0.9121621621621622,1.0,0.8648648648648649,0.0,0.0,1.0,0.7804054054054054,0.7263513513513513,1.0
volcanoes-e1,rfc-nosuite,0.9121621621621622,0.89,1.0,0.0,0.0,1.0,0.8141891891891891,0.8344594594594594,1.0
volcanoes-e1,rfc-nosuite,0.9121621621621622,0.96,1.0,0.0,0.0,1.0,0.8074324324324325,0.8344594594594594,1.0
yeast,rfc-nosuite,0.6091644204851752,0.44,0.02425876010781671,0.0,0.0,0.05121293800539083,,0.07277628032345014,1.0
yeast,rfc-nosuite,0.6091644204851752,0.8,0.0215633423180593,0.0,0.0,0.029649595687331536,,0.1293800539083558,1.0
yeast,rfc-nosuite,0.6091644204851752,0.69,0.029649595687331536,0.0,0.0,0.0026954177897574125,,0.0889487870619946,1.0
yeast,rfc-nosuite,0.6091644204851752,0.76,0.11590296495956873,0.0,0.0,0.018867924528301886,,0.14824797843665768,1.0
yeast,rfc-nosuite,0.6091644204851752,0.83,0.08086253369272237,0.0,0.0,0.016172506738544475,,0.1078167115902965,1.0
yeast,rfc-nosuite,0.6091644204851752,0.4,0.04582210242587601,0.0,0.0,0.01078167115902965,,0.0026954177897574125,1.0
yeast,rfc-nosuite,0.6091644204851752,0.7,0.0215633423180593,0.0,0.0,0.016172506738544475,,0.15633423180592992,1.0
yeast,rfc-nosuite,0.6091644204851752,0.52,0.026954177897574125,0.0,0.0,0.013477088948787063,,0.013477088948787063,1.0
yeast,rfc-nosuite,0.6091644204851752,0.53,0.018867924528301886,0.0,0.0,0.008086253369272238,,0.008086253369272238,1.0
yeast,rfc-nosuite,0.6091644204851752,0.76,0.07547169811320754,0.0,0.0,0.08086253369272237,,0.3584905660377358,1.0
yeast,rfc-nosuite,0.6091644204851752,0.79,0.09164420485175202,0.0,0.0,0.01078167115902965,,0.14016172506738545,1.0
yeast,rfc-nosuite,0.6091644204851752,0.84,0.03234501347708895,0.0,0.0,0.016172506738544475,,0.15363881401617252,1.0
yeast,rfc-nosuite,0.6091644204851752,0.7,0.06199460916442048,0.0,0.0,0.0862533692722372,,0.0431266846361186,1.0
yeast,rfc-nosuite,0.6091644204851752,0.47,0.0215633423180593,0.0,0.0,0.005390835579514825,,0.016172506738544475,1.0
yeast,rfc-nosuite,0.6091644204851752,0.81,0.1105121293800539,0.0,0.0,0.0215633423180593,,0.14824797843665768,1.0
yeast,rfc-nosuite,0.6091644204851752,0.51,0.03773584905660377,0.0,0.0,0.005390835579514825,,0.1967654986522911,1.0
yeast,rfc-nosuite,0.6091644204851752,0.48,0.01078167115902965,0.0,0.0,0.05660377358490566,,0.08086253369272237,1.0
yeast,rfc-nosuite,0.6091644204851752,0.73,0.013477088948787063,0.0,0.0,0.01078167115902965,,0.02425876010781671,1.0
yeast,rfc-nosuite,0.6091644204851752,0.59,0.0215633423180593,0.0,0.0,0.03234501347708895,,0.029649595687331536,1.0
yeast,rfc-nosuite,0.6091644204851752,0.64,0.016172506738544475,0.0,0.0,0.013477088948787063,,0.18059299191374664,1.0
yeast,rfc-nosuite,0.6091644204851752,0.78,0.04043126684636118,0.0,0.0,0.01078167115902965,,0.15902964959568733,1.0
yeast,rfc-nosuite,0.6091644204851752,0.77,0.008086253369272238,0.0,0.0,0.01078167115902965,,0.08355795148247978,1.0
yeast,rfc-nosuite,0.6091644204851752,0.73,0.07547169811320754,0.0,0.0,0.026954177897574125,,0.09164420485175202,1.0
yeast,rfc-nosuite,0.6091644204851752,0.42,0.005390835579514825,0.0,0.0,0.026954177897574125,,0.1752021563342318,1.0
yeast,rfc-nosuite,0.6091644204851752,0.52,0.04851752021563342,0.0,0.0,0.008086253369272238,,0.09973045822102426,1.0
yeast,rfc-nosuite,0.6091644204851752,0.49,0.018867924528301886,0.0,0.0,0.02425876010781671,,0.29110512129380056,1.0
yeast,rfc-nosuite,0.6091644204851752,0.5,0.013477088948787063,0.0,0.0,0.0026954177897574125,,0.026954177897574125,1.0
yeast,rfc-nosuite,0.6091644204851752,0.66,0.013477088948787063,0.0,0.0,0.01078167115902965,,0.0889487870619946,1.0
yeast,rfc-nosuite,0.6091644204851752,0.89,0.03504043126684636,0.0,0.0,0.0215633423180593,,0.1725067385444744,1.0
yeast,rfc-nosuite,0.6091644204851752,0.64,0.008086253369272238,0.0,0.0,0.016172506738544475,,0.029649595687331536,1.0
yeast,rfc-nosuite,0.6091644204851752,0.44,0.029649595687331536,0.0,0.0,0.03504043126684636,,0.16442048517520216,1.0
yeast,rfc-nosuite,0.6091644204851752,0.76,0.0431266846361186,0.0,0.0,0.04851752021563342,,0.15902964959568733,1.0
yeast,rfc-nosuite,0.6091644204851752,0.32,0.013477088948787063,0.0,0.0,0.0026954177897574125,,0.0431266846361186,1.0
yeast,rfc-nosuite,0.6091644204851752,0.4,0.02425876010781671,0.0,0.0,0.0026954177897574125,,0.005390835579514825,1.0
yeast,rfc-nosuite,0.6091644204851752,0.6,0.05660377358490566,0.0,0.0,0.013477088948787063,,0.1967654986522911,1.0
yeast,rfc-nosuite,0.6091644204851752,0.48,0.05929919137466307,0.0,0.0,0.09164420485175202,,0.07277628032345014,1.0
yeast,rfc-nosuite,0.6091644204851752,0.53,0.0215633423180593,0.0,0.0,0.016172506738544475,,0.01078167115902965,1.0
yeast,rfc-nosuite,0.6091644204851752,0.94,0.029649595687331536,0.0,0.0,0.0215633423180593,,0.13746630727762804,1.0
yeast,rfc-nosuite,0.6091644204851752,0.8,0.029649595687331536,0.0,0.0,0.03773584905660377,,0.11590296495956873,1.0
yeast,rfc-nosuite,0.6091644204851752,0.34,0.03773584905660377,0.0,0.0,0.029649595687331536,,0.21293800539083557,1.0
yeast,rfc-nosuite,0.6091644204851752,0.61,0.0673854447439353,0.0,0.0,0.05121293800539083,,0.0889487870619946,1.0
yeast,rfc-nosuite,0.6091644204851752,0.52,0.07547169811320754,0.0,0.0,0.008086253369272238,,0.08355795148247978,1.0
yeast,rfc-nosuite,0.6091644204851752,0.45,0.013477088948787063,0.0,0.0,0.016172506738544475,,0.0673854447439353,1.0
yeast,rfc-nosuite,0.6091644204851752,0.51,0.008086253369272238,0.0,0.0,0.0026954177897574125,,0.005390835579514825,1.0
yeast,rfc-nosuite,0.6091644204851752,0.67,0.05929919137466307,0.0,0.0,0.016172506738544475,,0.14824797843665768,1.0
yeast,rfc-nosuite,0.6091644204851752,0.64,0.40161725067385445,0.0,0.0,0.05660377358490566,,0.1940700808625337,1.0
yeast,rfc-nosuite,0.6091644204851752,0.5,0.07547169811320754,0.0,0.0,0.05660377358490566,,0.16442048517520216,1.0
yeast,rfc-nosuite,0.6091644204851752,0.6,0.01078167115902965,0.0,0.0,0.02425876010781671,,0.11320754716981132,1.0
yeast,rfc-nosuite,0.6091644204851752,0.73,0.07277628032345014,0.0,0.0,0.026954177897574125,,0.1347708894878706,1.0
yeast,rfc-nosuite,0.6091644204851752,0.9,0.14285714285714285,0.0,0.0,0.05660377358490566,,0.24528301886792453,1.0
rmftsa,rfc-nosuite,0.50390625,0.3573333333333333,0.08984375,0.0,0.0,0.39453125,0.34765625,0.1640625,1.0
rmftsa,rfc-nosuite,0.50390625,0.4523571428571429,0.2890625,0.0,0.0,0.1171875,0.27734375,0.20703125,1.0
rmftsa,rfc-nosuite,0.50390625,0.685,0.50390625,0.0,0.0,0.4921875,0.22265625,0.05078125,1.0
rmftsa,rfc-nosuite,0.50390625,0.825,0.47265625,0.0,0.0,0.046875,0.046875,0.0390625,1.0
rmftsa,rfc-nosuite,0.50390625,0.6215396825396823,0.7109375,0.0,0.0,0.75390625,0.2265625,0.41796875,1.0
rmftsa,rfc-nosuite,0.50390625,0.833060162060162,0.18359375,0.0,0.0,0.24609375,0.234375,0.234375,1.0
rmftsa,rfc-nosuite,0.50390625,0.2887738095238095,0.12109375,0.0,0.0,0.01953125,0.01953125,0.2421875,1.0
rmftsa,rfc-nosuite,0.50390625,0.8775354922854918,0.26953125,0.0,0.0,0.26953125,0.1640625,0.703125,1.0
rmftsa,rfc-nosuite,0.50390625,0.8113809523809523,0.0234375,0.0,0.0,0.01953125,0.1328125,0.01953125,1.0
rmftsa,rfc-nosuite,0.50390625,0.5523730158730159,0.453125,0.0,0.0,0.26953125,0.1640625,0.26953125,1.0
rmftsa,rfc-nosuite,0.50390625,1.0,0.61328125,0.0,0.0,0.3671875,0.19921875,0.2265625,1.0
rmftsa,rfc-nosuite,0.50390625,0.6062619047619048,0.21484375,0.0,0.0,0.03515625,0.29296875,0.21484375,1.0
rmftsa,rfc-nosuite,0.50390625,0.9257142857142857,0.09765625,0.0,0.0,0.09765625,0.1328125,0.078125,1.0
rmftsa,rfc-nosuite,0.50390625,0.6973333333333334,0.10546875,0.0,0.0,0.1328125,0.29296875,0.06640625,1.0
rmftsa,rfc-nosuite,0.50390625,0.6722097902097899,0.453125,0.0,0.0,0.33984375,0.34765625,0.26953125,1.0
rmftsa,rfc-nosuite,0.50390625,0.36135714285714293,0.09765625,0.0,0.0,0.09765625,0.10546875,0.05078125,1.0
rmftsa,rfc-nosuite,0.50390625,0.5246666666666665,0.10546875,0.0,0.0,0.4375,0.2578125,0.0703125,1.0
rmftsa,rfc-nosuite,0.50390625,0.5523730158730159,0.453125,0.0,0.0,0.26953125,0.1640625,0.23828125,1.0
rmftsa,rfc-nosuite,0.50390625,0.695,0.06640625,0.0,0.0,0.10546875,0.05078125,0.08984375,1.0
rmftsa,rfc-nosuite,0.50390625,0.9804999999999999,0.7109375,0.0,0.0,0.328125,0.34765625,0.7109375,1.0
rmftsa,rfc-nosuite,0.50390625,0.5812557720057718,0.08984375,0.0,0.0,0.0390625,0.37890625,0.13671875,1.0
rmftsa,rfc-nosuite,0.50390625,0.43099999999999994,0.2578125,0.0,0.0,0.16796875,0.12109375,0.10546875,1.0
rmftsa,rfc-nosuite,0.50390625,0.5475,0.16796875,0.0,0.0,0.64453125,0.18359375,0.20703125,1.0
rmftsa,rfc-nosuite,0.50390625,0.7112583527583526,0.75390625,0.0,0.0,0.44140625,0.2265625,0.48046875,1.0
rmftsa,rfc-nosuite,0.50390625,0.795654761904762,0.28125,0.0,0.0,0.57421875,0.28515625,0.38671875,1.0
rmftsa,rfc-nosuite,0.50390625,0.79,0.50390625,0.0,0.0,0.50390625,0.29296875,0.01171875,1.0
rmftsa,rfc-nosuite,0.50390625,0.4893333333333333,0.046875,0.0,0.0,0.00390625,0.16015625,0.00390625,1.0
rmftsa,rfc-nosuite,0.50390625,0.53,0.09765625,0.0,0.0,0.01171875,0.015625,0.34765625,1.0
rmftsa,rfc-nosuite,0.50390625,0.41562698412698423,0.01953125,0.0,0.0,0.0390625,0.28125,0.078125,1.0
rmftsa,rfc-nosuite,0.50390625,0.6774047619047618,0.89453125,0.0,0.0,0.66015625,0.1328125,0.046875,1.0
rmftsa,rfc-nosuite,0.50390625,0.6733194305694304,0.11328125,0.0,0.0,0.73828125,0.28515625,0.296875,1.0
rmftsa,rfc-nosuite,0.50390625,0.3471666666666666,0.09765625,0.0,0.0,0.453125,0.078125,0.13671875,1.0
rmftsa,rfc-nosuite,0.50390625,0.6973333333333334,0.10546875,0.0,0.0,0.1328125,0.59765625,0.03515625,1.0
rmftsa,rfc-nosuite,0.50390625,0.509,0.2890625,0.0,0.0,0.03125,0.03125,0.0703125,1.0
rmftsa,rfc-nosuite,0.50390625,0.7043095238095237,0.078125,0.0,0.0,0.83203125,0.28125,0.171875,1.0
rmftsa,rfc-nosuite,0.50390625,0.53,0.0546875,0.0,0.0,0.02734375,0.21484375,0.0078125,1.0
rmftsa,rfc-nosuite,0.50390625,0.49807142857142866,0.61328125,0.0,0.0,0.5234375,0.28125,0.2265625,1.0
rmftsa,rfc-nosuite,0.50390625,0.98,0.28125,0.0,0.0,0.28125,0.015625,0.0390625,1.0
rmftsa,rfc-nosuite,0.50390625,0.5601212121212121,0.6640625,0.0,0.0,0.5546875,0.42578125,0.24609375,1.0
rmftsa,rfc-nosuite,0.50390625,0.82,0.27734375,0.0,0.0,0.22265625,0.12109375,0.22265625,1.0
rmftsa,rfc-nosuite,0.50390625,0.5005,0.06640625,0.0,0.0,0.34765625,0.16796875,0.27734375,1.0
rmftsa,rfc-nosuite,0.50390625,0.5246666666666667,0.06640625,0.0,0.0,0.16796875,0.25390625,0.046875,1.0
rmftsa,rfc-nosuite,0.50390625,0.74,0.07421875,0.0,0.0,0.921875,0.2421875,0.24609375,1.0
rmftsa,rfc-nosuite,0.50390625,0.72,0.578125,0.0,0.0,0.4296875,0.53125,0.0859375,1.0
rmftsa,rfc-nosuite,0.50390625,0.904,0.28125,0.0,0.0,0.01953125,0.0390625,0.2890625,1.0
rmftsa,rfc-nosuite,0.50390625,0.5523730158730159,0.453125,0.0,0.0,0.26953125,0.45703125,0.26953125,1.0
rmftsa,rfc-nosuite,0.50390625,0.74,0.07421875,0.0,0.0,0.921875,0.125,0.2421875,1.0
rmftsa,rfc-nosuite,0.50390625,0.675,0.0546875,0.0,0.0,0.05859375,0.09765625,0.1640625,1.0
rmftsa,rfc-nosuite,0.50390625,0.85,0.05078125,0.0,0.0,0.0390625,0.046875,0.203125,1.0
rmftsa,rfc-nosuite,0.50390625,0.6955833333333333,0.16796875,0.0,0.0,0.33984375,0.24609375,0.06640625,1.0
banknote-authentication,rfc-nosuite,0.9941690962099126,1.0,1.0,0.0,0.0,0.2565597667638484,0.5014577259475219,0.3498542274052478,1.0
banknote-authentication,rfc-nosuite,0.9941690962099126,1.0,1.0,0.0,0.0,0.3206997084548105,0.33819241982507287,0.4489795918367347,1.0
banknote-authentication,rfc-nosuite,0.9941690962099126,0.98,1.0,0.0,0.0,0.2594752186588921,0.4956268221574344,0.24489795918367346,1.0
banknote-authentication,rfc-nosuite,0.9941690962099126,0.99,0.4897959183673469,0.0,0.0,0.21865889212827988,0.33819241982507287,0.26822157434402333,1.0
banknote-authentication,rfc-nosuite,0.9941690962099126,1.0,0.8104956268221575,0.0,0.0,0.5306122448979592,0.37026239067055394,0.2536443148688047,1.0
banknote-authentication,rfc-nosuite,0.9941690962099126,1.0,0.2594752186588921,0.0,0.0,0.2915451895043732,0.30612244897959184,0.30612244897959184,1.0
banknote-authentication,rfc-nosuite,0.9941690962099126,0.97,0.6967930029154519,0.0,0.0,0.16326530612244897,0.3323615160349854,0.24198250728862974,1.0
banknote-authentication,rfc-nosuite,0.9941690962099126,1.0,1.0,0.0,0.0,0.3206997084548105,0.34402332361516036,0.3469387755102041,1.0
banknote-authentication,rfc-nosuite,0.9941690962099126,1.0,0.6676384839650146,0.0,0.0,0.4198250728862974,0.18075801749271136,0.3206997084548105,1.0
banknote-authentication,rfc-nosuite,0.9941690962099126,1.0,1.0,0.0,0.0,0.34110787172011664,0.34110787172011664,0.3848396501457726,1.0
banknote-authentication,rfc-nosuite,0.9941690962099126,0.92,0.7084548104956269,0.0,0.0,0.09620991253644315,0.061224489795918366,0.05539358600583091,1.0
banknote-authentication,rfc-nosuite,0.9941690962099126,1.0,1.0,0.0,0.0,0.4402332361516035,0.37026239067055394,0.521865889212828,1.0
banknote-authentication,rfc-nosuite,0.9941690962099126,0.99,1.0,0.0,0.0,0.2565597667638484,0.33527696793002915,0.40816326530612246,1.0
banknote-authentication,rfc-nosuite,0.9941690962099126,1.0,1.0,0.0,0.0,0.17201166180758018,0.6618075801749271,0.239067055393586,1.0
banknote-authentication,rfc-nosuite,0.9941690962099126,1.0,1.0,0.0,0.0,0.15451895043731778,0.10787172011661808,0.23323615160349853,1.0
banknote-authentication,rfc-nosuite,0.9941690962099126,0.99,0.3323615160349854,0.0,0.0,0.09037900874635568,0.12536443148688048,0.18950437317784258,1.0
banknote-authentication,rfc-nosuite,0.9941690962099126,0.99,0.3323615160349854,0.0,0.0,0.09037900874635568,0.08454810495626822,0.2536443148688047,1.0
banknote-authentication,rfc-nosuite,0.9941690962099126,0.99,0.6676384839650146,0.0,0.0,0.3119533527696793,0.09037900874635568,0.19825072886297376,1.0
banknote-authentication,rfc-nosuite,0.9941690962099126,0.99,1.0,0.0,0.0,0.33819241982507287,0.33819241982507287,0.30029154518950435,1.0
banknote-authentication,rfc-nosuite,0.9941690962099126,1.0,1.0,0.0,0.0,0.3848396501457726,0.2478134110787172,0.35276967930029157,1.0
banknote-authentication,rfc-nosuite,0.9941690962099126,1.0,0.8688046647230321,0.0,0.0,0.6763848396501457,0.30612244897959184,0.358600583090379,1.0
banknote-authentication,rfc-nosuite,0.9941690962099126,0.99,0.20699708454810495,0.0,0.0,0.2478134110787172,0.3498542274052478,0.22740524781341107,1.0
banknote-authentication,rfc-nosuite,0.9941690962099126,0.99,1.0,0.0,0.0,0.33819241982507287,0.30612244897959184,0.36151603498542273,1.0
banknote-authentication,rfc-nosuite,0.9941690962099126,0.99,1.0,0.0,0.0,0.5510204081632653,0.30903790087463556,0.4489795918367347,1.0
banknote-authentication,rfc-nosuite,0.9941690962099126,0.76,0.6618075801749271,0.0,0.0,0.037900874635568516,0.0728862973760933,0.029154518950437316,1.0
banknote-authentication,rfc-nosuite,0.9941690962099126,1.0,1.0,0.0,0.0,0.33819241982507287,0.30612244897959184,0.35276967930029157,1.0
banknote-authentication,rfc-nosuite,0.9941690962099126,1.0,1.0,0.0,0.0,0.10495626822157435,0.03206997084548105,0.2536443148688047,1.0
banknote-authentication,rfc-nosuite,0.9941690962099126,1.0,1.0,0.0,0.0,0.40524781341107874,0.26239067055393583,0.4489795918367347,1.0
banknote-authentication,rfc-nosuite,0.9941690962099126,0.98,0.33819241982507287,0.0,0.0,0.33819241982507287,0.30612244897959184,0.32653061224489793,1.0
banknote-authentication,rfc-nosuite,0.9941690962099126,0.99,1.0,0.0,0.0,0.4606413994169096,0.07871720116618076,0.3469387755102041,1.0
banknote-authentication,rfc-nosuite,0.9941690962099126,0.98,1.0,0.0,0.0,0.2303206997084548,0.3498542274052478,0.2594752186588921,1.0
banknote-authentication,rfc-nosuite,0.9941690962099126,1.0,1.0,0.0,0.0,0.3119533527696793,0.2478134110787172,0.3469387755102041,1.0
banknote-authentication,rfc-nosuite,0.9941690962099126,0.93,0.3032069970845481,0.0,0.0,0.061224489795918366,0.023323615160349854,0.061224489795918366,1.0
banknote-authentication,rfc-nosuite,0.9941690962099126,1.0,1.0,0.0,0.0,0.3498542274052478,0.46647230320699706,0.32653061224489793,1.0
banknote-authentication,rfc-nosuite,0.9941690962099126,0.97,0.42857142857142855,0.0,0.0,0.20699708454810495,0.3848396501457726,0.23615160349854228,1.0
banknote-authentication,rfc-nosuite,0.9941690962099126,1.0,1.0,0.0,0.0,0.4110787172011662,0.07871720116618076,0.35276967930029157,1.0
banknote-authentication,rfc-nosuite,0.9941690962099126,1.0,1.0,0.0,0.0,0.4198250728862974,0.3323615160349854,0.3673469387755102,1.0
banknote-authentication,rfc-nosuite,0.9941690962099126,1.0,1.0,0.0,0.0,0.24198250728862974,0.3673469387755102,0.4314868804664723,1.0
banknote-authentication,rfc-nosuite,0.9941690962099126,0.98,1.0,0.0,0.0,0.16034985422740525,0.27696793002915454,0.30612244897959184,1.0
banknote-authentication,rfc-nosuite,0.9941690962099126,0.99,1.0,0.0,0.0,0.358600583090379,0.08746355685131195,0.43731778425655976,1.0
banknote-authentication,rfc-nosuite,0.9941690962099126,1.0,1.0,0.0,0.0,0.36151603498542273,0.30029154518950435,0.42565597667638483,1.0
banknote-authentication,rfc-nosuite,0.9941690962099126,1.0,0.30029154518950435,0.0,0.0,0.6005830903790087,0.3032069970845481,0.3119533527696793,1.0
banknote-authentication,rfc-nosuite,0.9941690962099126,0.72,0.6618075801749271,0.0,0.0,0.03206997084548105,0.0058309037900874635,0.026239067055393587,1.0
banknote-authentication,rfc-nosuite,0.9941690962099126,0.97,0.2478134110787172,0.0,0.0,0.4198250728862974,0.03206997084548105,0.10204081632653061,1.0
banknote-authentication,rfc-nosuite,0.9941690962099126,0.99,1.0,0.0,0.0,0.1749271137026239,0.4110787172011662,0.2653061224489796,1.0
banknote-authentication,rfc-nosuite,0.9941690962099126,1.0,0.6676384839650146,0.0,0.0,0.4139941690962099,0.40524781341107874,0.27113702623906705,1.0
banknote-authentication,rfc-nosuite,0.9941690962099126,1.0,1.0,0.0,0.0,0.4139941690962099,0.2886297376093295,0.37026239067055394,1.0
banknote-authentication,rfc-nosuite,0.9941690962099126,0.99,0.5043731778425656,0.0,0.0,0.20116618075801748,0.29737609329446063,0.3556851311953353,1.0
banknote-authentication,rfc-nosuite,0.9941690962099126,0.99,1.0,0.0,0.0,0.33819241982507287,0.2594752186588921,0.3848396501457726,1.0
banknote-authentication,rfc-nosuite,0.9941690962099126,0.92,0.01749271137026239,0.0,0.0,0.1836734693877551,0.01749271137026239,0.09037900874635568,1.0
volcanoes-a2,rfc-nosuite,0.9310344827586207,0.92,0.37438423645320196,0.0,0.0,0.312807881773399,0.8152709359605911,,1.0
volcanoes-a2,rfc-nosuite,0.9310344827586207,0.99,0.30295566502463056,0.0,0.0,0.034482758620689655,0.8719211822660099,,1.0
volcanoes-a2,rfc-nosuite,0.9310344827586207,1.0,1.0,0.0,0.0,1.0,0.5911330049261084,0.9605911330049262,1.0
volcanoes-a2,rfc-nosuite,0.9310344827586207,0.97,1.0,0.0,0.0,0.6551724137931034,0.8251231527093597,,1.0
volcanoes-a2,rfc-nosuite,0.9310344827586207,0.83,0.8423645320197044,0.0,0.0,1.0,0.45320197044334976,,1.0
volcanoes-a2,rfc-nosuite,0.9310344827586207,1.0,1.0,0.0,0.0,1.0,0.9137931034482759,0.9532019704433498,1.0
volcanoes-a2,rfc-nosuite,0.9310344827586207,0.9,1.0,0.0,0.0,0.6551724137931034,0.6403940886699507,0.9310344827586207,1.0
volcanoes-a2,rfc-nosuite,0.9310344827586207,0.98,1.0,0.0,0.0,0.229064039408867,0.45073891625615764,,1.0
volcanoes-a2,rfc-nosuite,0.9310344827586207,0.97,1.0,0.0,0.0,0.5,0.854679802955665,0.9137931034482759,1.0
volcanoes-a2,rfc-nosuite,0.9310344827586207,1.0,1.0,0.0,0.0,0.8423645320197044,0.9014778325123153,0.9137931034482759,1.0
volcanoes-a2,rfc-nosuite,0.9310344827586207,0.7,0.0049261083743842365,0.0,0.0,0.23891625615763548,0.019704433497536946,0.2561576354679803,1.0
volcanoes-a2,rfc-nosuite,0.9310344827586207,1.0,1.0,0.0,0.0,0.34236453201970446,0.5911330049261084,0.8768472906403941,1.0
volcanoes-a2,rfc-nosuite,0.9310344827586207,0.61,0.4482758620689655,0.0,0.0,0.9532019704433498,0.007389162561576354,0.20689655172413793,1.0
volcanoes-a2,rfc-nosuite,0.9310344827586207,0.76,0.9137931034482759,0.0,0.0,0.9261083743842364,0.5467980295566502,0.9310344827586207,1.0
volcanoes-a2,rfc-nosuite,0.9310344827586207,0.91,1.0,0.0,0.0,0.6527093596059114,0.8251231527093597,,1.0
volcanoes-a2,rfc-nosuite,0.9310344827586207,1.0,1.0,0.0,0.0,0.4064039408866995,0.7266009852216748,0.9137931034482759,1.0
volcanoes-a2,rfc-nosuite,0.9310344827586207,0.99,1.0,0.0,0.0,0.26108374384236455,0.5394088669950738,0.9211822660098522,1.0
volcanoes-a2,rfc-nosuite,0.9310344827586207,0.96,1.0,0.0,0.0,0.9137931034482759,0.9187192118226601,0.9088669950738916,1.0
volcanoes-a2,rfc-nosuite,0.9310344827586207,1.0,1.0,0.0,0.0,1.0,0.874384236453202,,1.0
volcanoes-a2,rfc-nosuite,0.9310344827586207,1.0,1.0,0.0,0.0,1.0,0.7635467980295566,0.9334975369458128,1.0
volcanoes-a2,rfc-nosuite,0.9310344827586207,1.0,1.0,0.0,0.0,0.034482758620689655,0.854679802955665,,1.0
volcanoes-a2,rfc-nosuite,0.9310344827586207,0.95,1.0,0.0,0.0,1.0,0.916256157635468,0.9014778325123153,1.0
volcanoes-a2,rfc-nosuite,0.9310344827586207,0.98,1.0,0.0,0.0,0.8201970443349754,0.8374384236453202,0.9532019704433498,1.0
volcanoes-a2,rfc-nosuite,0.9310344827586207,1.0,0.7512315270935961,0.0,0.0,1.0,0.8669950738916257,,1.0
volcanoes-a2,rfc-nosuite,0.9310344827586207,0.99,1.0,0.0,0.0,0.034482758620689655,0.9014778325123153,0.9532019704433498,1.0
volcanoes-a2,rfc-nosuite,0.9310344827586207,1.0,1.0,0.0,0.0,1.0,0.8374384236453202,,1.0
volcanoes-a2,rfc-nosuite,0.9310344827586207,1.0,1.0,0.0,0.0,0.41625615763546797,0.8842364532019704,,1.0
volcanoes-a2,rfc-nosuite,0.9310344827586207,0.94,1.0,0.0,0.0,0.8423645320197044,0.5517241379310345,,1.0
volcanoes-a2,rfc-nosuite,0.9310344827586207,0.91,1.0,0.0,0.0,0.874384236453202,0.6502463054187192,0.874384236453202,1.0
volcanoes-a2,rfc-nosuite,0.9310344827586207,1.0,1.0,0.0,0.0,0.8842364532019704,0.8423645320197044,0.9630541871921182,1.0
volcanoes-a2,rfc-nosuite,0.9310344827586207,1.0,1.0,0.0,0.0,1.0,0.8571428571428571,,1.0
volcanoes-a2,rfc-nosuite,0.9310344827586207,1.0,1.0,0.0,0.0,0.7955665024630542,0.8275862068965517,,1.0
volcanoes-a2,rfc-nosuite,0.9310344827586207,0.99,1.0,0.0,0.0,0.8177339901477833,0.7783251231527094,0.9679802955665024,1.0
volcanoes-a2,rfc-nosuite,0.9310344827586207,1.0,1.0,0.0,0.0,0.8251231527093597,0.41133004926108374,0.9334975369458128,1.0
volcanoes-a2,rfc-nosuite,0.9310344827586207,1.0,1.0,0.0,0.0,0.14532019704433496,0.874384236453202,,1.0
volcanoes-a2,rfc-nosuite,0.9310344827586207,1.0,1.0,0.0,0.0,0.6551724137931034,0.7241379310344828,,1.0
volcanoes-a2,rfc-nosuite,0.9310344827586207,1.0,1.0,0.0,0.0,1.0,0.8448275862068966,,1.0
volcanoes-a2,rfc-nosuite,0.9310344827586207,0.41,0.024630541871921183,0.0,0.0,0.012315270935960592,0.019704433497536946,0.014778325123152709,1.0
volcanoes-a2,rfc-nosuite,0.9310344827586207,1.0,1.0,0.0,0.0,1.0,0.7881773399014779,,1.0
volcanoes-a2,rfc-nosuite,0.9310344827586207,0.83,0.8793103448275862,0.0,0.0,0.9137931034482759,0.9137931034482759,0.9137931034482759,1.0
volcanoes-a2,rfc-nosuite,0.9310344827586207,1.0,1.0,0.0,0.0,0.8423645320197044,0.45566502463054187,0.9211822660098522,1.0
volcanoes-a2,rfc-nosuite,0.9310344827586207,1.0,1.0,0.0,0.0,0.7536945812807881,0.8866995073891626,0.9408866995073891,1.0
volcanoes-a2,rfc-nosuite,0.9310344827586207,1.0,1.0,0.0,0.0,1.0,0.5492610837438424,0.9285714285714286,1.0
volcanoes-a2,rfc-nosuite,0.9310344827586207,0.97,1.0,0.0,0.0,0.4187192118226601,0.8054187192118226,0.9556650246305419,1.0
volcanoes-a2,rfc-nosuite,0.9310344827586207,0.99,1.0,0.0,0.0,1.0,0.5197044334975369,0.9630541871921182,1.0
volcanoes-a2,rfc-nosuite,0.9310344827586207,0.88,0.024630541871921183,0.0,0.0,0.9679802955665024,0.019704433497536946,0.30295566502463056,1.0
volcanoes-a2,rfc-nosuite,0.9310344827586207,0.99,1.0,0.0,0.0,0.229064039408867,0.8251231527093597,0.9014778325123153,1.0
volcanoes-a2,rfc-nosuite,0.9310344827586207,0.93,0.9334975369458128,0.0,0.0,1.0,0.6921182266009852,0.9482758620689655,1.0
volcanoes-a2,rfc-nosuite,0.9310344827586207,1.0,1.0,0.0,0.0,0.8349753694581281,0.5369458128078818,0.9236453201970444,1.0
volcanoes-a2,rfc-nosuite,0.9310344827586207,0.98,1.0,0.0,0.0,1.0,0.9137931034482759,0.9236453201970444,1.0
volcanoes-a3,rfc-nosuite,0.889763779527559,0.35,0.023622047244094488,0.0,0.0,0.5853018372703412,0.12860892388451445,0.1889763779527559,1.0
volcanoes-a3,rfc-nosuite,0.889763779527559,1.0,1.0,0.0,0.0,1.0,0.847769028871391,0.9186351706036745,1.0
volcanoes-a3,rfc-nosuite,0.889763779527559,0.4,0.049868766404199474,0.0,0.0,0.03412073490813648,0.02099737532808399,0.023622047244094488,1.0
volcanoes-a3,rfc-nosuite,0.889763779527559,0.99,1.0,0.0,0.0,1.0,0.7821522309711286,0.9396325459317585,1.0
volcanoes-a3,rfc-nosuite,0.889763779527559,1.0,1.0,0.0,0.0,0.30183727034120733,0.7847769028871391,0.9002624671916011,1.0
volcanoes-a3,rfc-nosuite,0.889763779527559,1.0,1.0,0.0,0.0,1.0,0.8372703412073491,0.8740157480314961,1.0
volcanoes-a3,rfc-nosuite,0.889763779527559,1.0,1.0,0.0,0.0,0.6194225721784777,0.5905511811023622,0.9212598425196851,1.0
volcanoes-a3,rfc-nosuite,0.889763779527559,0.98,1.0,0.0,0.0,1.0,0.9002624671916011,,1.0
volcanoes-a3,rfc-nosuite,0.889763779527559,0.94,1.0,0.0,0.0,1.0,0.821522309711286,0.9028871391076115,1.0
volcanoes-a3,rfc-nosuite,0.889763779527559,1.0,1.0,0.0,0.0,1.0,0.8871391076115486,0.9212598425196851,1.0
volcanoes-a3,rfc-nosuite,0.889763779527559,1.0,1.0,0.0,0.0,0.5905511811023622,0.7952755905511811,,1.0
volcanoes-a3,rfc-nosuite,0.889763779527559,0.95,0.8871391076115486,0.0,0.0,0.905511811023622,0.8871391076115486,0.8818897637795275,1.0
volcanoes-a3,rfc-nosuite,0.889763779527559,0.76,1.0,0.0,0.0,1.0,0.6299212598425197,0.931758530183727,1.0
volcanoes-a3,rfc-nosuite,0.889763779527559,0.56,0.031496062992125984,0.0,0.0,0.7296587926509186,0.9028871391076115,0.7401574803149606,1.0
volcanoes-a3,rfc-nosuite,0.889763779527559,0.97,0.8871391076115486,0.0,0.0,0.937007874015748,0.9002624671916011,0.9028871391076115,1.0
volcanoes-a3,rfc-nosuite,0.889763779527559,0.99,1.0,0.0,0.0,0.9291338582677166,0.8976377952755905,0.9212598425196851,1.0
volcanoes-a3,rfc-nosuite,0.889763779527559,0.96,0.7795275590551181,0.0,0.0,0.8241469816272966,0.868766404199475,0.89501312335958,1.0
volcanoes-a3,rfc-nosuite,0.889763779527559,1.0,1.0,0.0,0.0,1.0,0.863517060367454,0.9186351706036745,1.0
volcanoes-a3,rfc-nosuite,0.889763779527559,0.99,1.0,0.0,0.0,0.6246719160104987,0.8766404199475065,0.9002624671916011,1.0
volcanoes-a3,rfc-nosuite,0.889763779527559,0.96,0.7952755905511811,0.0,0.0,0.5328083989501312,0.6272965879265092,0.9291338582677166,1.0
volcanoes-a3,rfc-nosuite,0.889763779527559,1.0,1.0,0.0,0.0,1.0,0.821522309711286,0.9028871391076115,1.0
volcanoes-a3,rfc-nosuite,0.889763779527559,0.92,0.8871391076115486,0.0,0.0,0.8871391076115486,0.8871391076115486,0.9002624671916011,1.0
volcanoes-a3,rfc-nosuite,0.889763779527559,0.99,1.0,0.0,0.0,1.0,0.8188976377952756,,1.0
volcanoes-a3,rfc-nosuite,0.889763779527559,0.77,0.926509186351706,0.0,0.0,0.9422572178477691,0.6430446194225722,0.8267716535433071,1.0
volcanoes-a3,rfc-nosuite,0.889763779527559,0.93,1.0,0.0,0.0,1.0,0.847769028871391,0.8923884514435696,1.0
volcanoes-a3,rfc-nosuite,0.889763779527559,0.99,1.0,0.0,0.0,1.0,0.8110236220472441,,1.0
volcanoes-a3,rfc-nosuite,0.889763779527559,0.55,0.05774278215223097,0.0,0.0,0.9291338582677166,0.2650918635170604,0.926509186351706,1.0
volcanoes-a3,rfc-nosuite,0.889763779527559,0.97,1.0,0.0,0.0,1.0,0.8740157480314961,0.9291338582677166,1.0
volcanoes-a3,rfc-nosuite,0.889763779527559,1.0,1.0,0.0,0.0,0.6272965879265092,0.8976377952755905,0.9658792650918635,1.0
volcanoes-a3,rfc-nosuite,0.889763779527559,0.99,1.0,0.0,0.0,1.0,0.8976377952755905,,1.0
volcanoes-a3,rfc-nosuite,0.889763779527559,1.0,1.0,0.0,0.0,0.30183727034120733,0.7952755905511811,0.9212598425196851,1.0
volcanoes-a3,rfc-nosuite,0.889763779527559,0.99,1.0,0.0,0.0,1.0,0.7532808398950132,0.8923884514435696,1.0
volcanoes-a3,rfc-nosuite,0.889763779527559,0.76,0.926509186351706,0.0,0.0,0.9291338582677166,0.6902887139107612,0.9291338582677166,1.0
volcanoes-a3,rfc-nosuite,0.889763779527559,0.93,1.0,0.0,0.0,0.8871391076115486,0.8871391076115486,0.9186351706036745,1.0
volcanoes-a3,rfc-nosuite,0.889763779527559,1.0,1.0,0.0,0.0,0.30183727034120733,0.863517060367454,,1.0
volcanoes-a3,rfc-nosuite,0.889763779527559,0.86,0.5958005249343832,0.0,0.0,1.0,0.5039370078740157,0.9606299212598425,1.0
volcanoes-a3,rfc-nosuite,0.889763779527559,1.0,0.49343832020997375,0.0,0.0,1.0,0.8372703412073491,0.9396325459317585,1.0
volcanoes-a3,rfc-nosuite,0.889763779527559,0.98,1.0,0.0,0.0,0.3333333333333333,0.8608923884514436,0.9291338582677166,1.0
volcanoes-a3,rfc-nosuite,0.889763779527559,0.97,0.8871391076115486,0.0,0.0,0.05774278215223097,0.8871391076115486,,1.0
volcanoes-a3,rfc-nosuite,0.889763779527559,1.0,1.0,0.0,0.0,0.9396325459317585,0.6299212598425197,0.9343832020997376,1.0
volcanoes-a3,rfc-nosuite,0.889763779527559,0.99,1.0,0.0,0.0,1.0,0.8320209973753281,0.9422572178477691,1.0
volcanoes-a3,rfc-nosuite,0.889763779527559,0.45,0.010498687664041995,0.0,0.0,0.013123359580052493,0.047244094488188976,0.010498687664041995,1.0
volcanoes-a3,rfc-nosuite,0.889763779527559,0.98,1.0,0.0,0.0,1.0,0.8241469816272966,,1.0
volcanoes-a3,rfc-nosuite,0.889763779527559,1.0,1.0,0.0,0.0,0.7795275590551181,0.8320209973753281,0.931758530183727,1.0
volcanoes-a3,rfc-nosuite,0.889763779527559,0.95,1.0,0.0,0.0,0.2677165354330709,0.6167979002624672,0.9291338582677166,1.0
volcanoes-a3,rfc-nosuite,0.889763779527559,0.99,1.0,0.0,0.0,1.0,0.8031496062992126,0.937007874015748,1.0
volcanoes-a3,rfc-nosuite,0.889763779527559,0.94,1.0,0.0,0.0,1.0,0.847769028871391,0.9553805774278216,1.0
volcanoes-a3,rfc-nosuite,0.889763779527559,1.0,1.0,0.0,0.0,0.7952755905511811,0.8582677165354331,0.916010498687664,1.0
volcanoes-a3,rfc-nosuite,0.889763779527559,1.0,1.0,0.0,0.0,1.0,0.7532808398950132,0.9291338582677166,1.0
volcanoes-a3,rfc-nosuite,0.889763779527559,1.0,1.0,0.0,0.0,1.0,0.868766404199475,0.9291338582677166,1.0
volcanoes-a4,rfc-nosuite,0.8891820580474934,1.0,1.0,0.0,0.0,1.0,0.8469656992084432,0.9102902374670184,1.0
volcanoes-a4,rfc-nosuite,0.8891820580474934,1.0,1.0,0.0,0.0,0.16094986807387862,0.8311345646437994,,1.0
volcanoes-a4,rfc-nosuite,0.8891820580474934,0.61,0.07387862796833773,0.0,0.0,0.0079155672823219,0.0079155672823219,0.052770448548812667,1.0
volcanoes-a4,rfc-nosuite,0.8891820580474934,0.95,1.0,0.0,0.0,1.0,0.841688654353562,,1.0
volcanoes-a4,rfc-nosuite,0.8891820580474934,1.0,1.0,0.0,0.0,1.0,0.8812664907651715,0.8891820580474934,1.0
volcanoes-a4,rfc-nosuite,0.8891820580474934,0.57,0.029023746701846966,0.0,0.0,0.19788918205804748,0.055408970976253295,0.31926121372031663,1.0
volcanoes-a4,rfc-nosuite,0.8891820580474934,1.0,1.0,0.0,0.0,1.0,0.8232189973614775,0.9102902374670184,1.0
volcanoes-a4,rfc-nosuite,0.8891820580474934,0.87,0.8918205804749341,0.0,0.0,0.9102902374670184,0.20316622691292877,0.8944591029023746,1.0
volcanoes-a4,rfc-nosuite,0.8891820580474934,0.88,1.0,0.0,0.0,1.0,0.7968337730870713,0.7941952506596306,1.0
volcanoes-a4,rfc-nosuite,0.8891820580474934,1.0,1.0,0.0,0.0,1.0,0.7440633245382586,0.9023746701846965,1.0
volcanoes-a4,rfc-nosuite,0.8891820580474934,1.0,1.0,0.0,0.0,1.0,0.7203166226912929,0.8786279683377308,1.0
volcanoes-a4,rfc-nosuite,0.8891820580474934,0.98,1.0,0.0,0.0,0.6517150395778364,0.8918205804749341,0.9287598944591029,1.0
volcanoes-a4,rfc-nosuite,0.8891820580474934,0.99,1.0,0.0,0.0,1.0,0.8601583113456465,0.8786279683377308,1.0
volcanoes-a4,rfc-nosuite,0.8891820580474934,1.0,1.0,0.0,0.0,1.0,0.7889182058047494,,1.0
volcanoes-a4,rfc-nosuite,0.8891820580474934,1.0,1.0,0.0,0.0,0.8073878627968337,0.5118733509234829,0.9102902374670184,1.0
volcanoes-a4,rfc-nosuite,0.8891820580474934,1.0,1.0,0.0,0.0,1.0,0.8311345646437994,,1.0
volcanoes-a4,rfc-nosuite,0.8891820580474934,1.0,1.0,0.0,0.0,1.0,0.8311345646437994,,1.0
volcanoes-a4,rfc-nosuite,0.8891820580474934,1.0,1.0,0.0,0.0,0.8311345646437994,0.7493403693931399,,1.0
volcanoes-a4,rfc-nosuite,0.8891820580474934,1.0,1.0,0.0,0.0,1.0,0.8839050131926122,0.9234828496042217,1.0
volcanoes-a4,rfc-nosuite,0.8891820580474934,1.0,1.0,0.0,0.0,1.0,0.820580474934037,,1.0
volcanoes-a4,rfc-nosuite,0.8891820580474934,1.0,1.0,0.0,0.0,1.0,0.8153034300791556,0.9313984168865436,1.0
volcanoes-a4,rfc-nosuite,0.8891820580474934,0.39,0.0395778364116095,0.0,0.0,0.0158311345646438,0.005277044854881266,0.005277044854881266,1.0
volcanoes-a4,rfc-nosuite,0.8891820580474934,1.0,1.0,0.0,0.0,1.0,0.762532981530343,0.9498680738786279,1.0
volcanoes-a4,rfc-nosuite,0.8891820580474934,0.98,1.0,0.0,0.0,1.0,0.8153034300791556,,1.0
volcanoes-a4,rfc-nosuite,0.8891820580474934,0.75,0.8759894459102903,0.0,0.0,0.8786279683377308,0.8812664907651715,0.8786279683377308,1.0
volcanoes-a4,rfc-nosuite,0.8891820580474934,1.0,1.0,0.0,0.0,0.20316622691292877,0.8469656992084432,,1.0
volcanoes-a4,rfc-nosuite,0.8891820580474934,1.0,1.0,0.0,0.0,1.0,0.6912928759894459,,1.0
volcanoes-a4,rfc-nosuite,0.8891820580474934,0.32,0.052770448548812667,0.0,0.0,0.013192612137203167,0.0633245382585752,0.021108179419525065,1.0
volcanoes-a4,rfc-nosuite,0.8891820580474934,0.96,1.0,0.0,0.0,0.9868073878627969,0.8786279683377308,0.9287598944591029,1.0
volcanoes-a4,rfc-nosuite,0.8891820580474934,0.84,1.0,0.0,0.0,1.0,0.8733509234828496,0.9393139841688655,1.0
volcanoes-a4,rfc-nosuite,0.8891820580474934,0.62,1.0,0.0,0.0,0.055408970976253295,0.29815303430079154,,1.0
volcanoes-a4,rfc-nosuite,0.8891820580474934,0.99,1.0,0.0,0.0,1.0,0.7968337730870713,0.9076517150395779,1.0
volcanoes-a4,rfc-nosuite,0.8891820580474934,0.83,0.7361477572559367,0.0,0.0,0.43271767810026385,0.47493403693931396,0.9234828496042217,1.0
volcanoes-a4,rfc-nosuite,0.8891820580474934,0.97,0.8258575197889182,0.0,0.0,0.5277044854881267,0.8918205804749341,0.8918205804749341,1.0
volcanoes-a4,rfc-nosuite,0.8891820580474934,0.5,0.0316622691292876,0.0,0.0,0.05804749340369393,0.026385224274406333,0.05013192612137203,1.0
volcanoes-a4,rfc-nosuite,0.8891820580474934,0.75,0.055408970976253295,0.0,0.0,1.0,0.43535620052770446,,1.0
volcanoes-a4,rfc-nosuite,0.8891820580474934,0.8,1.0,0.0,0.0,1.0,0.8126649076517151,,1.0
volcanoes-a4,rfc-nosuite,0.8891820580474934,1.0,1.0,0.0,0.0,1.0,0.820580474934037,0.9287598944591029,1.0
volcanoes-a4,rfc-nosuite,0.8891820580474934,0.98,1.0,0.0,0.0,0.40105540897097625,0.8759894459102903,,1.0
volcanoes-a4,rfc-nosuite,0.8891820580474934,0.35,0.018469656992084433,0.0,0.0,0.010554089709762533,0.0079155672823219,0.005277044854881266,1.0
volcanoes-a4,rfc-nosuite,0.8891820580474934,1.0,1.0,0.0,0.0,1.0,0.8918205804749341,0.8918205804749341,1.0
volcanoes-a4,rfc-nosuite,0.8891820580474934,0.9,0.8786279683377308,0.0,0.0,0.40897097625329815,0.8839050131926122,0.9287598944591029,1.0
volcanoes-a4,rfc-nosuite,0.8891820580474934,0.97,0.7678100263852242,0.0,0.0,1.0,0.8839050131926122,,1.0
volcanoes-a4,rfc-nosuite,0.8891820580474934,0.98,1.0,0.0,0.0,1.0,0.8153034300791556,0.9023746701846965,1.0
volcanoes-a4,rfc-nosuite,0.8891820580474934,0.96,1.0,0.0,0.0,1.0,0.8390501319261213,,1.0
volcanoes-a4,rfc-nosuite,0.8891820580474934,0.99,1.0,0.0,0.0,0.1345646437994723,0.8759894459102903,,1.0
volcanoes-a4,rfc-nosuite,0.8891820580474934,0.98,0.3720316622691293,0.0,0.0,1.0,0.6437994722955145,,1.0
volcanoes-a4,rfc-nosuite,0.8891820580474934,0.95,0.3720316622691293,0.0,0.0,1.0,0.8759894459102903,0.920844327176781,1.0
volcanoes-a4,rfc-nosuite,0.8891820580474934,0.79,1.0,0.0,0.0,1.0,0.6490765171503958,0.899736147757256,1.0
volcanoes-a4,rfc-nosuite,0.8891820580474934,0.99,1.0,0.0,0.0,0.6860158311345647,0.8839050131926122,0.9234828496042217,1.0
volcanoes-e1,rfc-nosuite,0.9121621621621622,1.0,1.0,0.0,0.0,1.0,0.7804054054054054,0.9493243243243243,1.0
volcanoes-e1,rfc-nosuite,0.9121621621621622,0.99,1.0,0.0,0.0,1.0,0.777027027027027,0.9290540540540541,1.0
volcanoes-e1,rfc-nosuite,0.9121621621621622,1.0,1.0,0.0,0.0,1.0,0.7905405405405406,,1.0
volcanoes-e1,rfc-nosuite,0.9121621621621622,1.0,1.0,0.0,0.0,1.0,0.7702702702702703,0.8344594594594594,1.0
volcanoes-e1,rfc-nosuite,0.9121621621621622,1.0,1.0,0.0,0.0,1.0,0.8040540540540541,0.9155405405405406,1.0
volcanoes-e1,rfc-nosuite,0.9121621621621622,0.75,0.05067567567567568,0.0,0.0,0.19594594594594594,0.18243243243243243,0.1858108108108108,1.0
volcanoes-e1,rfc-nosuite,0.9121621621621622,1.0,1.0,0.0,0.0,1.0,0.3277027027027027,0.8783783783783784,1.0
volcanoes-e1,rfc-nosuite,0.9121621621621622,0.99,1.0,0.0,0.0,1.0,0.777027027027027,0.8209459459459459,1.0
volcanoes-e1,rfc-nosuite,0.9121621621621622,1.0,1.0,0.0,0.0,1.0,0.28040540540540543,0.8277027027027027,1.0
volcanoes-e1,rfc-nosuite,0.9121621621621622,0.85,0.7905405405405406,0.0,0.0,0.8209459459459459,0.6824324324324325,,1.0
volcanoes-e1,rfc-nosuite,0.9121621621621622,1.0,1.0,0.0,0.0,0.11824324324324324,0.7432432432432432,,1.0
volcanoes-e1,rfc-nosuite,0.9121621621621622,0.82,1.0,0.0,0.0,1.0,0.8108108108108109,0.8040540540540541,1.0
volcanoes-e1,rfc-nosuite,0.9121621621621622,0.88,1.0,0.0,0.0,1.0,0.28716216216216217,0.8378378378378378,1.0
volcanoes-e1,rfc-nosuite,0.9121621621621622,0.51,0.04391891891891892,0.0,0.0,1.0,0.16216216216216217,0.20608108108108109,1.0
volcanoes-e1,rfc-nosuite,0.9121621621621622,0.97,0.40540540540540543,0.0,0.0,0.07432432432432433,0.7432432432432432,0.831081081081081,1.0
volcanoes-e1,rfc-nosuite,0.9121621621621622,0.98,1.0,0.0,0.0,0.8682432432432432,0.38175675675675674,,1.0
volcanoes-e1,rfc-nosuite,0.9121621621621622,0.99,1.0,0.0,0.0,0.09797297297297297,0.8006756756756757,0.8344594594594594,1.0
volcanoes-e1,rfc-nosuite,0.9121621621621622,1.0,1.0,0.0,0.0,1.0,0.8141891891891891,,1.0
volcanoes-e1,rfc-nosuite,0.9121621621621622,0.94,0.33783783783783783,0.0,0.0,1.0,0.597972972972973,0.8344594594594594,1.0
volcanoes-e1,rfc-nosuite,0.9121621621621622,0.92,0.16554054054054054,0.0,0.0,0.19594594594594594,0.13513513513513514,0.20945945945945946,1.0
volcanoes-e1,rfc-nosuite,0.9121621621621622,1.0,1.0,0.0,0.0,1.0,0.7871621621621622,,1.0
volcanoes-e1,rfc-nosuite,0.9121621621621622,1.0,1.0,0.0,0.0,1.0,0.7027027027027027,,1.0
volcanoes-e1,rfc-nosuite,0.9121621621621622,0.84,0.3547297297297297,0.0,0.0,0.8209459459459459,0.8209459459459459,,1.0
volcanoes-e1,rfc-nosuite,0.9121621621621622,0.76,0.12837837837837837,0.0,0.0,0.12837837837837837,0.34459459459459457,0.43243243243243246,1.0
volcanoes-e1,rfc-nosuite,0.9121621621621622,0.63,0.8851351351351351,0.0,0.0,1.0,0.30743243243243246,0.20945945945945946,1.0
volcanoes-e1,rfc-nosuite,0.9121621621621622,0.97,1.0,0.0,0.0,1.0,0.7905405405405406,0.8209459459459459,1.0
volcanoes-e1,rfc-nosuite,0.9121621621621622,0.98,1.0,0.0,0.0,1.0,,,1.0
volcanoes-e1,rfc-nosuite,0.9121621621621622,1.0,1.0,0.0,0.0,0.44932432432432434,0.6182432432432432,0.831081081081081,1.0
volcanoes-e1,rfc-nosuite,0.9121621621621622,1.0,0.7195945945945946,0.0,0.0,0.831081081081081,,0.8209459459459459,1.0
volcanoes-e1,rfc-nosuite,0.9121621621621622,0.78,0.0777027027027027,0.0,0.0,0.30405405405405406,0.6114864864864865,0.12837837837837837,1.0
volcanoes-e1,rfc-nosuite,0.9121621621621622,0.96,0.6824324324324325,0.0,0.0,1.0,,0.8344594594594594,1.0
volcanoes-e1,rfc-nosuite,0.9121621621621622,0.87,0.013513513513513514,0.0,0.0,0.28040540540540543,0.24324324324324326,0.34797297297297297,1.0
volcanoes-e1,rfc-nosuite,0.9121621621621622,1.0,1.0,0.0,0.0,1.0,0.8209459459459459,0.8682432432432432,1.0
volcanoes-e1,rfc-nosuite,0.9121621621621622,0.98,0.8243243243243243,0.0,0.0,0.8277027027027027,0.42905405405405406,0.831081081081081,1.0
volcanoes-e1,rfc-nosuite,0.9121621621621622,0.49,1.0,0.0,0.0,0.1554054054054054,0.11486486486486487,0.060810810810810814,1.0
volcanoes-e1,rfc-nosuite,0.9121621621621622,1.0,0.35135135135135137,0.0,0.0,0.0777027027027027,0.7871621621621622,0.8209459459459459,1.0
volcanoes-e1,rfc-nosuite,0.9121621621621622,0.85,0.3108108108108108,0.0,0.0,0.9459459459459459,0.3108108108108108,0.6587837837837838,1.0
volcanoes-e1,rfc-nosuite,0.9121621621621622,0.97,1.0,0.0,0.0,1.0,0.722972972972973,,1.0
volcanoes-e1,rfc-nosuite,0.9121621621621622,0.81,0.722972972972973,0.0,0.0,0.8851351351351351,0.8209459459459459,0.9290540540540541,1.0
volcanoes-e1,rfc-nosuite,0.9121621621621622,0.5,0.32094594594594594,0.0,0.0,0.6216216216216216,0.11148648648648649,0.22972972972972974,1.0
volcanoes-e1,rfc-nosuite,0.9121621621621622,0.99,1.0,0.0,0.0,1.0,0.8344594594594594,,1.0
volcanoes-e1,rfc-nosuite,0.9121621621621622,0.99,0.7195945945945946,0.0,0.0,0.8344594594594594,,,1.0
volcanoes-e1,rfc-nosuite,0.9121621621621622,0.98,1.0,0.0,0.0,1.0,0.7432432432432432,0.8209459459459459,1.0
volcanoes-e1,rfc-nosuite,0.9121621621621622,0.93,1.0,0.0,0.0,1.0,0.8074324324324325,0.8209459459459459,1.0
volcanoes-e1,rfc-nosuite,0.9121621621621622,0.53,1.0,0.0,0.0,0.030405405405405407,0.16554054054054054,0.02702702702702703,1.0
volcanoes-e1,rfc-nosuite,0.9121621621621622,1.0,1.0,0.0,0.0,1.0,0.2702702702702703,,1.0
volcanoes-e1,rfc-nosuite,0.9121621621621622,0.99,1.0,0.0,0.0,1.0,0.8243243243243243,0.8378378378378378,1.0
volcanoes-e1,rfc-nosuite,0.9121621621621622,1.0,0.8648648648648649,0.0,0.0,1.0,0.7804054054054054,0.7263513513513513,1.0
volcanoes-e1,rfc-nosuite,0.9121621621621622,0.89,1.0,0.0,0.0,1.0,0.8141891891891891,0.8344594594594594,1.0
volcanoes-e1,rfc-nosuite,0.9121621621621622,0.96,1.0,0.0,0.0,1.0,0.8074324324324325,0.8344594594594594,1.0
volcanoes-e2,rfc-nosuite,0.9222222222222223,0.98,1.0,0.0,0.0,1.0,,0.9962962962962963,1.0
volcanoes-e2,rfc-nosuite,0.9222222222222223,0.91,0.837037037037037,0.0,0.0,1.0,,,1.0
volcanoes-e2,rfc-nosuite,0.9222222222222223,0.94,1.0,0.0,0.0,1.0,,,1.0
volcanoes-e2,rfc-nosuite,0.9222222222222223,1.0,1.0,0.0,0.0,1.0,,0.837037037037037,1.0
volcanoes-e2,rfc-nosuite,0.9222222222222223,1.0,1.0,0.0,0.0,1.0,,,1.0
volcanoes-e2,rfc-nosuite,0.9222222222222223,0.92,1.0,0.0,0.0,1.0,,1.0,1.0
volcanoes-e2,rfc-nosuite,0.9222222222222223,0.97,1.0,0.0,0.0,1.0,,,1.0
volcanoes-e2,rfc-nosuite,0.9222222222222223,0.99,1.0,0.0,0.0,1.0,,0.8703703703703703,1.0
volcanoes-e2,rfc-nosuite,0.9222222222222223,0.98,0.337037037037037,0.0,0.0,1.0,,1.0,1.0
volcanoes-e2,rfc-nosuite,0.9222222222222223,0.7,0.022222222222222223,0.0,0.0,0.3851851851851852,,0.18888888888888888,1.0
volcanoes-e2,rfc-nosuite,0.9222222222222223,0.96,0.04814814814814815,0.0,0.0,0.8777777777777778,,0.7555555555555555,1.0
volcanoes-e2,rfc-nosuite,0.9222222222222223,0.96,1.0,0.0,0.0,1.0,,,1.0
volcanoes-e2,rfc-nosuite,0.9222222222222223,0.93,1.0,0.0,0.0,1.0,,,1.0
volcanoes-e2,rfc-nosuite,0.9222222222222223,0.97,1.0,0.0,0.0,0.8148148148148148,,,1.0
volcanoes-e2,rfc-nosuite,0.9222222222222223,1.0,1.0,0.0,0.0,1.0,,1.0,1.0
volcanoes-e2,rfc-nosuite,0.9222222222222223,0.96,0.7851851851851852,0.0,0.0,1.0,,,1.0
volcanoes-e2,rfc-nosuite,0.9222222222222223,1.0,1.0,0.0,0.0,1.0,,0.9074074074074074,1.0
volcanoes-e2,rfc-nosuite,0.9222222222222223,0.79,0.9888888888888889,0.0,0.0,1.0,,0.8777777777777778,1.0
volcanoes-e2,rfc-nosuite,0.9222222222222223,0.99,1.0,0.0,0.0,1.0,,0.8703703703703703,1.0
volcanoes-e2,rfc-nosuite,0.9222222222222223,0.92,1.0,0.0,0.0,1.0,,0.8703703703703703,1.0
volcanoes-e2,rfc-nosuite,0.9222222222222223,0.97,1.0,0.0,0.0,0.6777777777777778,,0.8925925925925926,1.0
volcanoes-e2,rfc-nosuite,0.9222222222222223,0.82,0.7851851851851852,0.0,0.0,0.7962962962962963,,0.8740740740740741,1.0
volcanoes-e2,rfc-nosuite,0.9222222222222223,0.88,0.7814814814814814,0.0,0.0,0.8444444444444444,,0.8777777777777778,1.0
volcanoes-e2,rfc-nosuite,0.9222222222222223,0.36,0.03333333333333333,0.0,0.0,0.5370370370370371,,0.5555555555555556,1.0
volcanoes-e2,rfc-nosuite,0.9222222222222223,1.0,1.0,0.0,0.0,1.0,,0.9592592592592593,1.0
volcanoes-e2,rfc-nosuite,0.9222222222222223,0.98,0.4925925925925926,0.0,0.0,1.0,,,1.0
volcanoes-e2,rfc-nosuite,0.9222222222222223,0.99,1.0,0.0,0.0,1.0,,,1.0
volcanoes-e2,rfc-nosuite,0.9222222222222223,1.0,1.0,0.0,0.0,1.0,,0.9222222222222223,1.0
volcanoes-e2,rfc-nosuite,0.9222222222222223,0.68,0.1037037037037037,0.0,0.0,0.6333333333333333,,0.4888888888888889,1.0
volcanoes-e2,rfc-nosuite,0.9222222222222223,0.98,1.0,0.0,0.0,1.0,,,1.0
volcanoes-e2,rfc-nosuite,0.9222222222222223,0.97,1.0,0.0,0.0,1.0,,0.9592592592592593,1.0
volcanoes-e2,rfc-nosuite,0.9222222222222223,0.94,0.8703703703703703,0.0,0.0,0.837037037037037,,,1.0
volcanoes-e2,rfc-nosuite,0.9222222222222223,0.98,1.0,0.0,0.0,1.0,,,1.0
volcanoes-e2,rfc-nosuite,0.9222222222222223,0.97,1.0,0.0,0.0,1.0,,1.0,1.0
volcanoes-e2,rfc-nosuite,0.9222222222222223,0.99,1.0,0.0,0.0,1.0,,,1.0
volcanoes-e2,rfc-nosuite,0.9222222222222223,0.97,1.0,0.0,0.0,1.0,,0.9185185185185185,1.0
volcanoes-e2,rfc-nosuite,0.9222222222222223,1.0,1.0,0.0,0.0,1.0,,0.8703703703703703,1.0
volcanoes-e2,rfc-nosuite,0.9222222222222223,0.97,1.0,0.0,0.0,1.0,,,1.0
volcanoes-e2,rfc-nosuite,0.9222222222222223,0.96,0.8703703703703703,0.0,0.0,1.0,,0.8740740740740741,1.0
volcanoes-e2,rfc-nosuite,0.9222222222222223,1.0,1.0,0.0,0.0,1.0,,0.9518518518518518,1.0
volcanoes-e2,rfc-nosuite,0.9222222222222223,1.0,1.0,0.0,0.0,1.0,,0.837037037037037,1.0
volcanoes-e2,rfc-nosuite,0.9222222222222223,0.89,0.8148148148148148,0.0,0.0,1.0,,0.8555555555555555,1.0
volcanoes-e2,rfc-nosuite,0.9222222222222223,0.42,0.025925925925925925,0.0,0.0,0.007407407407407408,,0.014814814814814815,1.0
volcanoes-e2,rfc-nosuite,0.9222222222222223,0.95,1.0,0.0,0.0,1.0,,0.837037037037037,1.0
volcanoes-e2,rfc-nosuite,0.9222222222222223,0.97,1.0,0.0,0.0,1.0,,0.8703703703703703,1.0
volcanoes-e2,rfc-nosuite,0.9222222222222223,0.82,0.8703703703703703,0.0,0.0,1.0,,0.9925925925925926,1.0
volcanoes-e2,rfc-nosuite,0.9222222222222223,0.66,0.05185185185185185,0.0,0.0,0.003703703703703704,,0.003703703703703704,1.0
volcanoes-e2,rfc-nosuite,0.9222222222222223,0.96,0.6037037037037037,0.0,0.0,0.9,,0.9296296296296296,1.0
volcanoes-e2,rfc-nosuite,0.9222222222222223,1.0,1.0,0.0,0.0,1.0,,,1.0
volcanoes-e2,rfc-nosuite,0.9222222222222223,1.0,1.0,0.0,0.0,1.0,,,1.0
yeast,rfc-nosuite,0.6091644204851752,0.44,0.02425876010781671,0.0,0.0,0.05121293800539083,,0.07277628032345014,1.0
yeast,rfc-nosuite,0.6091644204851752,0.8,0.0215633423180593,0.0,0.0,0.029649595687331536,,0.1293800539083558,1.0
yeast,rfc-nosuite,0.6091644204851752,0.69,0.029649595687331536,0.0,0.0,0.0026954177897574125,,0.0889487870619946,1.0
yeast,rfc-nosuite,0.6091644204851752,0.76,0.11590296495956873,0.0,0.0,0.018867924528301886,,0.14824797843665768,1.0
yeast,rfc-nosuite,0.6091644204851752,0.83,0.08086253369272237,0.0,0.0,0.016172506738544475,,0.1078167115902965,1.0
yeast,rfc-nosuite,0.6091644204851752,0.4,0.04582210242587601,0.0,0.0,0.01078167115902965,,0.0026954177897574125,1.0
yeast,rfc-nosuite,0.6091644204851752,0.7,0.0215633423180593,0.0,0.0,0.016172506738544475,,0.15633423180592992,1.0
yeast,rfc-nosuite,0.6091644204851752,0.52,0.026954177897574125,0.0,0.0,0.013477088948787063,,0.013477088948787063,1.0
yeast,rfc-nosuite,0.6091644204851752,0.53,0.018867924528301886,0.0,0.0,0.008086253369272238,,0.008086253369272238,1.0
yeast,rfc-nosuite,0.6091644204851752,0.76,0.07547169811320754,0.0,0.0,0.08086253369272237,,0.3584905660377358,1.0
yeast,rfc-nosuite,0.6091644204851752,0.79,0.09164420485175202,0.0,0.0,0.01078167115902965,,0.14016172506738545,1.0
yeast,rfc-nosuite,0.6091644204851752,0.84,0.03234501347708895,0.0,0.0,0.016172506738544475,,0.15363881401617252,1.0
yeast,rfc-nosuite,0.6091644204851752,0.7,0.06199460916442048,0.0,0.0,0.0862533692722372,,0.0431266846361186,1.0
yeast,rfc-nosuite,0.6091644204851752,0.47,0.0215633423180593,0.0,0.0,0.005390835579514825,,0.016172506738544475,1.0
yeast,rfc-nosuite,0.6091644204851752,0.81,0.1105121293800539,0.0,0.0,0.0215633423180593,,0.14824797843665768,1.0
yeast,rfc-nosuite,0.6091644204851752,0.51,0.03773584905660377,0.0,0.0,0.005390835579514825,,0.1967654986522911,1.0
yeast,rfc-nosuite,0.6091644204851752,0.48,0.01078167115902965,0.0,0.0,0.05660377358490566,,0.08086253369272237,1.0
yeast,rfc-nosuite,0.6091644204851752,0.73,0.013477088948787063,0.0,0.0,0.01078167115902965,,0.02425876010781671,1.0
yeast,rfc-nosuite,0.6091644204851752,0.59,0.0215633423180593,0.0,0.0,0.03234501347708895,,0.029649595687331536,1.0
yeast,rfc-nosuite,0.6091644204851752,0.64,0.016172506738544475,0.0,0.0,0.013477088948787063,,0.18059299191374664,1.0
yeast,rfc-nosuite,0.6091644204851752,0.78,0.04043126684636118,0.0,0.0,0.01078167115902965,,0.15902964959568733,1.0
yeast,rfc-nosuite,0.6091644204851752,0.77,0.008086253369272238,0.0,0.0,0.01078167115902965,,0.08355795148247978,1.0
yeast,rfc-nosuite,0.6091644204851752,0.73,0.07547169811320754,0.0,0.0,0.026954177897574125,,0.09164420485175202,1.0
yeast,rfc-nosuite,0.6091644204851752,0.42,0.005390835579514825,0.0,0.0,0.026954177897574125,,0.1752021563342318,1.0
yeast,rfc-nosuite,0.6091644204851752,0.52,0.04851752021563342,0.0,0.0,0.008086253369272238,,0.09973045822102426,1.0
yeast,rfc-nosuite,0.6091644204851752,0.49,0.018867924528301886,0.0,0.0,0.02425876010781671,,0.29110512129380056,1.0
yeast,rfc-nosuite,0.6091644204851752,0.5,0.013477088948787063,0.0,0.0,0.0026954177897574125,,0.026954177897574125,1.0
yeast,rfc-nosuite,0.6091644204851752,0.66,0.013477088948787063,0.0,0.0,0.01078167115902965,,0.0889487870619946,1.0
yeast,rfc-nosuite,0.6091644204851752,0.89,0.03504043126684636,0.0,0.0,0.0215633423180593,,0.1725067385444744,1.0
yeast,rfc-nosuite,0.6091644204851752,0.64,0.008086253369272238,0.0,0.0,0.016172506738544475,,0.029649595687331536,1.0
yeast,rfc-nosuite,0.6091644204851752,0.44,0.029649595687331536,0.0,0.0,0.03504043126684636,,0.16442048517520216,1.0
yeast,rfc-nosuite,0.6091644204851752,0.76,0.0431266846361186,0.0,0.0,0.04851752021563342,,0.15902964959568733,1.0
yeast,rfc-nosuite,0.6091644204851752,0.32,0.013477088948787063,0.0,0.0,0.0026954177897574125,,0.0431266846361186,1.0
yeast,rfc-nosuite,0.6091644204851752,0.4,0.02425876010781671,0.0,0.0,0.0026954177897574125,,0.005390835579514825,1.0
yeast,rfc-nosuite,0.6091644204851752,0.6,0.05660377358490566,0.0,0.0,0.013477088948787063,,0.1967654986522911,1.0
yeast,rfc-nosuite,0.6091644204851752,0.48,0.05929919137466307,0.0,0.0,0.09164420485175202,,0.07277628032345014,1.0
yeast,rfc-nosuite,0.6091644204851752,0.53,0.0215633423180593,0.0,0.0,0.016172506738544475,,0.01078167115902965,1.0
yeast,rfc-nosuite,0.6091644204851752,0.94,0.029649595687331536,0.0,0.0,0.0215633423180593,,0.13746630727762804,1.0
yeast,rfc-nosuite,0.6091644204851752,0.8,0.029649595687331536,0.0,0.0,0.03773584905660377,,0.11590296495956873,1.0
yeast,rfc-nosuite,0.6091644204851752,0.34,0.03773584905660377,0.0,0.0,0.029649595687331536,,0.21293800539083557,1.0
yeast,rfc-nosuite,0.6091644204851752,0.61,0.0673854447439353,0.0,0.0,0.05121293800539083,,0.0889487870619946,1.0
yeast,rfc-nosuite,0.6091644204851752,0.52,0.07547169811320754,0.0,0.0,0.008086253369272238,,0.08355795148247978,1.0
yeast,rfc-nosuite,0.6091644204851752,0.45,0.013477088948787063,0.0,0.0,0.016172506738544475,,0.0673854447439353,1.0
yeast,rfc-nosuite,0.6091644204851752,0.51,0.008086253369272238,0.0,0.0,0.0026954177897574125,,0.005390835579514825,1.0
yeast,rfc-nosuite,0.6091644204851752,0.67,0.05929919137466307,0.0,0.0,0.016172506738544475,,0.14824797843665768,1.0
yeast,rfc-nosuite,0.6091644204851752,0.64,0.40161725067385445,0.0,0.0,0.05660377358490566,,0.1940700808625337,1.0
yeast,rfc-nosuite,0.6091644204851752,0.5,0.07547169811320754,0.0,0.0,0.05660377358490566,,0.16442048517520216,1.0
yeast,rfc-nosuite,0.6091644204851752,0.6,0.01078167115902965,0.0,0.0,0.02425876010781671,,0.11320754716981132,1.0
yeast,rfc-nosuite,0.6091644204851752,0.73,0.07277628032345014,0.0,0.0,0.026954177897574125,,0.1347708894878706,1.0
yeast,rfc-nosuite,0.6091644204851752,0.9,0.14285714285714285,0.0,0.0,0.05660377358490566,,0.24528301886792453,1.0
rmftsa,rfc-nosuite,0.50390625,0.3573333333333333,0.08984375,0.0,0.0,0.39453125,0.34765625,0.1640625,1.0
rmftsa,rfc-nosuite,0.50390625,0.4523571428571429,0.2890625,0.0,0.0,0.1171875,0.27734375,0.20703125,1.0
rmftsa,rfc-nosuite,0.50390625,0.685,0.50390625,0.0,0.0,0.4921875,0.22265625,0.05078125,1.0
rmftsa,rfc-nosuite,0.50390625,0.825,0.47265625,0.0,0.0,0.046875,0.046875,0.0390625,1.0
rmftsa,rfc-nosuite,0.50390625,0.6215396825396823,0.7109375,0.0,0.0,0.75390625,0.2265625,0.41796875,1.0
rmftsa,rfc-nosuite,0.50390625,0.833060162060162,0.18359375,0.0,0.0,0.24609375,0.234375,0.234375,1.0
rmftsa,rfc-nosuite,0.50390625,0.2887738095238095,0.12109375,0.0,0.0,0.01953125,0.01953125,0.2421875,1.0
rmftsa,rfc-nosuite,0.50390625,0.8775354922854918,0.26953125,0.0,0.0,0.26953125,0.1640625,0.703125,1.0
rmftsa,rfc-nosuite,0.50390625,0.8113809523809523,0.0234375,0.0,0.0,0.01953125,0.1328125,0.01953125,1.0
rmftsa,rfc-nosuite,0.50390625,0.5523730158730159,0.453125,0.0,0.0,0.26953125,0.1640625,0.26953125,1.0
rmftsa,rfc-nosuite,0.50390625,1.0,0.61328125,0.0,0.0,0.3671875,0.19921875,0.2265625,1.0
rmftsa,rfc-nosuite,0.50390625,0.6062619047619048,0.21484375,0.0,0.0,0.03515625,0.29296875,0.21484375,1.0
rmftsa,rfc-nosuite,0.50390625,0.9257142857142857,0.09765625,0.0,0.0,0.09765625,0.1328125,0.078125,1.0
rmftsa,rfc-nosuite,0.50390625,0.6973333333333334,0.10546875,0.0,0.0,0.1328125,0.29296875,0.06640625,1.0
rmftsa,rfc-nosuite,0.50390625,0.6722097902097899,0.453125,0.0,0.0,0.33984375,0.34765625,0.26953125,1.0
rmftsa,rfc-nosuite,0.50390625,0.36135714285714293,0.09765625,0.0,0.0,0.09765625,0.10546875,0.05078125,1.0
rmftsa,rfc-nosuite,0.50390625,0.5246666666666665,0.10546875,0.0,0.0,0.4375,0.2578125,0.0703125,1.0
rmftsa,rfc-nosuite,0.50390625,0.5523730158730159,0.453125,0.0,0.0,0.26953125,0.1640625,0.23828125,1.0
rmftsa,rfc-nosuite,0.50390625,0.695,0.06640625,0.0,0.0,0.10546875,0.05078125,0.08984375,1.0
rmftsa,rfc-nosuite,0.50390625,0.9804999999999999,0.7109375,0.0,0.0,0.328125,0.34765625,0.7109375,1.0
rmftsa,rfc-nosuite,0.50390625,0.5812557720057718,0.08984375,0.0,0.0,0.0390625,0.37890625,0.13671875,1.0
rmftsa,rfc-nosuite,0.50390625,0.43099999999999994,0.2578125,0.0,0.0,0.16796875,0.12109375,0.10546875,1.0
rmftsa,rfc-nosuite,0.50390625,0.5475,0.16796875,0.0,0.0,0.64453125,0.18359375,0.20703125,1.0
rmftsa,rfc-nosuite,0.50390625,0.7112583527583526,0.75390625,0.0,0.0,0.44140625,0.2265625,0.48046875,1.0
rmftsa,rfc-nosuite,0.50390625,0.795654761904762,0.28125,0.0,0.0,0.57421875,0.28515625,0.38671875,1.0
rmftsa,rfc-nosuite,0.50390625,0.79,0.50390625,0.0,0.0,0.50390625,0.29296875,0.01171875,1.0
rmftsa,rfc-nosuite,0.50390625,0.4893333333333333,0.046875,0.0,0.0,0.00390625,0.16015625,0.00390625,1.0
rmftsa,rfc-nosuite,0.50390625,0.53,0.09765625,0.0,0.0,0.01171875,0.015625,0.34765625,1.0
rmftsa,rfc-nosuite,0.50390625,0.41562698412698423,0.01953125,0.0,0.0,0.0390625,0.28125,0.078125,1.0
rmftsa,rfc-nosuite,0.50390625,0.6774047619047618,0.89453125,0.0,0.0,0.66015625,0.1328125,0.046875,1.0
rmftsa,rfc-nosuite,0.50390625,0.6733194305694304,0.11328125,0.0,0.0,0.73828125,0.28515625,0.296875,1.0
rmftsa,rfc-nosuite,0.50390625,0.3471666666666666,0.09765625,0.0,0.0,0.453125,0.078125,0.13671875,1.0
rmftsa,rfc-nosuite,0.50390625,0.6973333333333334,0.10546875,0.0,0.0,0.1328125,0.59765625,0.03515625,1.0
rmftsa,rfc-nosuite,0.50390625,0.509,0.2890625,0.0,0.0,0.03125,0.03125,0.0703125,1.0
rmftsa,rfc-nosuite,0.50390625,0.7043095238095237,0.078125,0.0,0.0,0.83203125,0.28125,0.171875,1.0
rmftsa,rfc-nosuite,0.50390625,0.53,0.0546875,0.0,0.0,0.02734375,0.21484375,0.0078125,1.0
rmftsa,rfc-nosuite,0.50390625,0.49807142857142866,0.61328125,0.0,0.0,0.5234375,0.28125,0.2265625,1.0
rmftsa,rfc-nosuite,0.50390625,0.98,0.28125,0.0,0.0,0.28125,0.015625,0.0390625,1.0
rmftsa,rfc-nosuite,0.50390625,0.5601212121212121,0.6640625,0.0,0.0,0.5546875,0.42578125,0.24609375,1.0
rmftsa,rfc-nosuite,0.50390625,0.82,0.27734375,0.0,0.0,0.22265625,0.12109375,0.22265625,1.0
rmftsa,rfc-nosuite,0.50390625,0.5005,0.06640625,0.0,0.0,0.34765625,0.16796875,0.27734375,1.0
rmftsa,rfc-nosuite,0.50390625,0.5246666666666667,0.06640625,0.0,0.0,0.16796875,0.25390625,0.046875,1.0
rmftsa,rfc-nosuite,0.50390625,0.74,0.07421875,0.0,0.0,0.921875,0.2421875,0.24609375,1.0
rmftsa,rfc-nosuite,0.50390625,0.72,0.578125,0.0,0.0,0.4296875,0.53125,0.0859375,1.0
rmftsa,rfc-nosuite,0.50390625,0.904,0.28125,0.0,0.0,0.01953125,0.0390625,0.2890625,1.0
rmftsa,rfc-nosuite,0.50390625,0.5523730158730159,0.453125,0.0,0.0,0.26953125,0.45703125,0.26953125,1.0
rmftsa,rfc-nosuite,0.50390625,0.74,0.07421875,0.0,0.0,0.921875,0.125,0.2421875,1.0
rmftsa,rfc-nosuite,0.50390625,0.675,0.0546875,0.0,0.0,0.05859375,0.09765625,0.1640625,1.0
rmftsa,rfc-nosuite,0.50390625,0.85,0.05078125,0.0,0.0,0.0390625,0.046875,0.203125,1.0
rmftsa,rfc-nosuite,0.50390625,0.6955833333333333,0.16796875,0.0,0.0,0.33984375,0.24609375,0.06640625,1.0
banknote-authentication,rfc-nosuite,0.9941690962099126,1.0,1.0,0.0,0.0,0.2565597667638484,0.5014577259475219,0.3498542274052478,1.0
banknote-authentication,rfc-nosuite,0.9941690962099126,1.0,1.0,0.0,0.0,0.3206997084548105,0.33819241982507287,0.4489795918367347,1.0
banknote-authentication,rfc-nosuite,0.9941690962099126,0.98,1.0,0.0,0.0,0.2594752186588921,0.4956268221574344,0.24489795918367346,1.0
banknote-authentication,rfc-nosuite,0.9941690962099126,0.99,0.4897959183673469,0.0,0.0,0.21865889212827988,0.33819241982507287,0.26822157434402333,1.0
banknote-authentication,rfc-nosuite,0.9941690962099126,1.0,0.8104956268221575,0.0,0.0,0.5306122448979592,0.37026239067055394,0.2536443148688047,1.0
banknote-authentication,rfc-nosuite,0.9941690962099126,1.0,0.2594752186588921,0.0,0.0,0.2915451895043732,0.30612244897959184,0.30612244897959184,1.0
banknote-authentication,rfc-nosuite,0.9941690962099126,0.97,0.6967930029154519,0.0,0.0,0.16326530612244897,0.3323615160349854,0.24198250728862974,1.0
banknote-authentication,rfc-nosuite,0.9941690962099126,1.0,1.0,0.0,0.0,0.3206997084548105,0.34402332361516036,0.3469387755102041,1.0
banknote-authentication,rfc-nosuite,0.9941690962099126,1.0,0.6676384839650146,0.0,0.0,0.4198250728862974,0.18075801749271136,0.3206997084548105,1.0
banknote-authentication,rfc-nosuite,0.9941690962099126,1.0,1.0,0.0,0.0,0.34110787172011664,0.34110787172011664,0.3848396501457726,1.0
banknote-authentication,rfc-nosuite,0.9941690962099126,0.92,0.7084548104956269,0.0,0.0,0.09620991253644315,0.061224489795918366,0.05539358600583091,1.0
banknote-authentication,rfc-nosuite,0.9941690962099126,1.0,1.0,0.0,0.0,0.4402332361516035,0.37026239067055394,0.521865889212828,1.0
banknote-authentication,rfc-nosuite,0.9941690962099126,0.99,1.0,0.0,0.0,0.2565597667638484,0.33527696793002915,0.40816326530612246,1.0
banknote-authentication,rfc-nosuite,0.9941690962099126,1.0,1.0,0.0,0.0,0.17201166180758018,0.6618075801749271,0.239067055393586,1.0
banknote-authentication,rfc-nosuite,0.9941690962099126,1.0,1.0,0.0,0.0,0.15451895043731778,0.10787172011661808,0.23323615160349853,1.0
banknote-authentication,rfc-nosuite,0.9941690962099126,0.99,0.3323615160349854,0.0,0.0,0.09037900874635568,0.12536443148688048,0.18950437317784258,1.0
banknote-authentication,rfc-nosuite,0.9941690962099126,0.99,0.3323615160349854,0.0,0.0,0.09037900874635568,0.08454810495626822,0.2536443148688047,1.0
banknote-authentication,rfc-nosuite,0.9941690962099126,0.99,0.6676384839650146,0.0,0.0,0.3119533527696793,0.09037900874635568,0.19825072886297376,1.0
banknote-authentication,rfc-nosuite,0.9941690962099126,0.99,1.0,0.0,0.0,0.33819241982507287,0.33819241982507287,0.30029154518950435,1.0
banknote-authentication,rfc-nosuite,0.9941690962099126,1.0,1.0,0.0,0.0,0.3848396501457726,0.2478134110787172,0.35276967930029157,1.0
banknote-authentication,rfc-nosuite,0.9941690962099126,1.0,0.8688046647230321,0.0,0.0,0.6763848396501457,0.30612244897959184,0.358600583090379,1.0
banknote-authentication,rfc-nosuite,0.9941690962099126,0.99,0.20699708454810495,0.0,0.0,0.2478134110787172,0.3498542274052478,0.22740524781341107,1.0
banknote-authentication,rfc-nosuite,0.9941690962099126,0.99,1.0,0.0,0.0,0.33819241982507287,0.30612244897959184,0.36151603498542273,1.0
banknote-authentication,rfc-nosuite,0.9941690962099126,0.99,1.0,0.0,0.0,0.5510204081632653,0.30903790087463556,0.4489795918367347,1.0
banknote-authentication,rfc-nosuite,0.9941690962099126,0.76,0.6618075801749271,0.0,0.0,0.037900874635568516,0.0728862973760933,0.029154518950437316,1.0
banknote-authentication,rfc-nosuite,0.9941690962099126,1.0,1.0,0.0,0.0,0.33819241982507287,0.30612244897959184,0.35276967930029157,1.0
banknote-authentication,rfc-nosuite,0.9941690962099126,1.0,1.0,0.0,0.0,0.10495626822157435,0.03206997084548105,0.2536443148688047,1.0
banknote-authentication,rfc-nosuite,0.9941690962099126,1.0,1.0,0.0,0.0,0.40524781341107874,0.26239067055393583,0.4489795918367347,1.0
banknote-authentication,rfc-nosuite,0.9941690962099126,0.98,0.33819241982507287,0.0,0.0,0.33819241982507287,0.30612244897959184,0.32653061224489793,1.0
banknote-authentication,rfc-nosuite,0.9941690962099126,0.99,1.0,0.0,0.0,0.4606413994169096,0.07871720116618076,0.3469387755102041,1.0
banknote-authentication,rfc-nosuite,0.9941690962099126,0.98,1.0,0.0,0.0,0.2303206997084548,0.3498542274052478,0.2594752186588921,1.0
banknote-authentication,rfc-nosuite,0.9941690962099126,1.0,1.0,0.0,0.0,0.3119533527696793,0.2478134110787172,0.3469387755102041,1.0
banknote-authentication,rfc-nosuite,0.9941690962099126,0.93,0.3032069970845481,0.0,0.0,0.061224489795918366,0.023323615160349854,0.061224489795918366,1.0
banknote-authentication,rfc-nosuite,0.9941690962099126,1.0,1.0,0.0,0.0,0.3498542274052478,0.46647230320699706,0.32653061224489793,1.0
banknote-authentication,rfc-nosuite,0.9941690962099126,0.97,0.42857142857142855,0.0,0.0,0.20699708454810495,0.3848396501457726,0.23615160349854228,1.0
banknote-authentication,rfc-nosuite,0.9941690962099126,1.0,1.0,0.0,0.0,0.4110787172011662,0.07871720116618076,0.35276967930029157,1.0
banknote-authentication,rfc-nosuite,0.9941690962099126,1.0,1.0,0.0,0.0,0.4198250728862974,0.3323615160349854,0.3673469387755102,1.0
banknote-authentication,rfc-nosuite,0.9941690962099126,1.0,1.0,0.0,0.0,0.24198250728862974,0.3673469387755102,0.4314868804664723,1.0
banknote-authentication,rfc-nosuite,0.9941690962099126,0.98,1.0,0.0,0.0,0.16034985422740525,0.27696793002915454,0.30612244897959184,1.0
banknote-authentication,rfc-nosuite,0.9941690962099126,0.99,1.0,0.0,0.0,0.358600583090379,0.08746355685131195,0.43731778425655976,1.0
banknote-authentication,rfc-nosuite,0.9941690962099126,1.0,1.0,0.0,0.0,0.36151603498542273,0.30029154518950435,0.42565597667638483,1.0
banknote-authentication,rfc-nosuite,0.9941690962099126,1.0,0.30029154518950435,0.0,0.0,0.6005830903790087,0.3032069970845481,0.3119533527696793,1.0
banknote-authentication,rfc-nosuite,0.9941690962099126,0.72,0.6618075801749271,0.0,0.0,0.03206997084548105,0.0058309037900874635,0.026239067055393587,1.0
banknote-authentication,rfc-nosuite,0.9941690962099126,0.97,0.2478134110787172,0.0,0.0,0.4198250728862974,0.03206997084548105,0.10204081632653061,1.0
banknote-authentication,rfc-nosuite,0.9941690962099126,0.99,1.0,0.0,0.0,0.1749271137026239,0.4110787172011662,0.2653061224489796,1.0
banknote-authentication,rfc-nosuite,0.9941690962099126,1.0,0.6676384839650146,0.0,0.0,0.4139941690962099,0.40524781341107874,0.27113702623906705,1.0
banknote-authentication,rfc-nosuite,0.9941690962099126,1.0,1.0,0.0,0.0,0.4139941690962099,0.2886297376093295,0.37026239067055394,1.0
banknote-authentication,rfc-nosuite,0.9941690962099126,0.99,0.5043731778425656,0.0,0.0,0.20116618075801748,0.29737609329446063,0.3556851311953353,1.0
banknote-authentication,rfc-nosuite,0.9941690962099126,0.99,1.0,0.0,0.0,0.33819241982507287,0.2594752186588921,0.3848396501457726,1.0
banknote-authentication,rfc-nosuite,0.9941690962099126,0.92,0.01749271137026239,0.0,0.0,0.1836734693877551,0.01749271137026239,0.09037900874635568,1.0
volcanoes-a2,rfc-nosuite,0.9310344827586207,0.92,0.37438423645320196,0.0,0.0,0.312807881773399,0.8152709359605911,,1.0
volcanoes-a2,rfc-nosuite,0.9310344827586207,0.99,0.30295566502463056,0.0,0.0,0.034482758620689655,0.8719211822660099,,1.0
volcanoes-a2,rfc-nosuite,0.9310344827586207,1.0,1.0,0.0,0.0,1.0,0.5911330049261084,0.9605911330049262,1.0
volcanoes-a2,rfc-nosuite,0.9310344827586207,0.97,1.0,0.0,0.0,0.6551724137931034,0.8251231527093597,,1.0
volcanoes-a2,rfc-nosuite,0.9310344827586207,0.83,0.8423645320197044,0.0,0.0,1.0,0.45320197044334976,,1.0
volcanoes-a2,rfc-nosuite,0.9310344827586207,1.0,1.0,0.0,0.0,1.0,0.9137931034482759,0.9532019704433498,1.0
volcanoes-a2,rfc-nosuite,0.9310344827586207,0.9,1.0,0.0,0.0,0.6551724137931034,0.6403940886699507,0.9310344827586207,1.0
volcanoes-a2,rfc-nosuite,0.9310344827586207,0.98,1.0,0.0,0.0,0.229064039408867,0.45073891625615764,,1.0
volcanoes-a2,rfc-nosuite,0.9310344827586207,0.97,1.0,0.0,0.0,0.5,0.854679802955665,0.9137931034482759,1.0
volcanoes-a2,rfc-nosuite,0.9310344827586207,1.0,1.0,0.0,0.0,0.8423645320197044,0.9014778325123153,0.9137931034482759,1.0
volcanoes-a2,rfc-nosuite,0.9310344827586207,0.7,0.0049261083743842365,0.0,0.0,0.23891625615763548,0.019704433497536946,0.2561576354679803,1.0
volcanoes-a2,rfc-nosuite,0.9310344827586207,1.0,1.0,0.0,0.0,0.34236453201970446,0.5911330049261084,0.8768472906403941,1.0
volcanoes-a2,rfc-nosuite,0.9310344827586207,0.61,0.4482758620689655,0.0,0.0,0.9532019704433498,0.007389162561576354,0.20689655172413793,1.0
volcanoes-a2,rfc-nosuite,0.9310344827586207,0.76,0.9137931034482759,0.0,0.0,0.9261083743842364,0.5467980295566502,0.9310344827586207,1.0
volcanoes-a2,rfc-nosuite,0.9310344827586207,0.91,1.0,0.0,0.0,0.6527093596059114,0.8251231527093597,,1.0
volcanoes-a2,rfc-nosuite,0.9310344827586207,1.0,1.0,0.0,0.0,0.4064039408866995,0.7266009852216748,0.9137931034482759,1.0
volcanoes-a2,rfc-nosuite,0.9310344827586207,0.99,1.0,0.0,0.0,0.26108374384236455,0.5394088669950738,0.9211822660098522,1.0
volcanoes-a2,rfc-nosuite,0.9310344827586207,0.96,1.0,0.0,0.0,0.9137931034482759,0.9187192118226601,0.9088669950738916,1.0
volcanoes-a2,rfc-nosuite,0.9310344827586207,1.0,1.0,0.0,0.0,1.0,0.874384236453202,,1.0
volcanoes-a2,rfc-nosuite,0.9310344827586207,1.0,1.0,0.0,0.0,1.0,0.7635467980295566,0.9334975369458128,1.0
volcanoes-a2,rfc-nosuite,0.9310344827586207,1.0,1.0,0.0,0.0,0.034482758620689655,0.854679802955665,,1.0
volcanoes-a2,rfc-nosuite,0.9310344827586207,0.95,1.0,0.0,0.0,1.0,0.916256157635468,0.9014778325123153,1.0
volcanoes-a2,rfc-nosuite,0.9310344827586207,0.98,1.0,0.0,0.0,0.8201970443349754,0.8374384236453202,0.9532019704433498,1.0
volcanoes-a2,rfc-nosuite,0.9310344827586207,1.0,0.7512315270935961,0.0,0.0,1.0,0.8669950738916257,,1.0
volcanoes-a2,rfc-nosuite,0.9310344827586207,0.99,1.0,0.0,0.0,0.034482758620689655,0.9014778325123153,0.9532019704433498,1.0
volcanoes-a2,rfc-nosuite,0.9310344827586207,1.0,1.0,0.0,0.0,1.0,0.8374384236453202,,1.0
volcanoes-a2,rfc-nosuite,0.9310344827586207,1.0,1.0,0.0,0.0,0.41625615763546797,0.8842364532019704,,1.0
volcanoes-a2,rfc-nosuite,0.9310344827586207,0.94,1.0,0.0,0.0,0.8423645320197044,0.5517241379310345,,1.0
volcanoes-a2,rfc-nosuite,0.9310344827586207,0.91,1.0,0.0,0.0,0.874384236453202,0.6502463054187192,0.874384236453202,1.0
volcanoes-a2,rfc-nosuite,0.9310344827586207,1.0,1.0,0.0,0.0,0.8842364532019704,0.8423645320197044,0.9630541871921182,1.0
volcanoes-a2,rfc-nosuite,0.9310344827586207,1.0,1.0,0.0,0.0,1.0,0.8571428571428571,,1.0
volcanoes-a2,rfc-nosuite,0.9310344827586207,1.0,1.0,0.0,0.0,0.7955665024630542,0.8275862068965517,,1.0
volcanoes-a2,rfc-nosuite,0.9310344827586207,0.99,1.0,0.0,0.0,0.8177339901477833,0.7783251231527094,0.9679802955665024,1.0
volcanoes-a2,rfc-nosuite,0.9310344827586207,1.0,1.0,0.0,0.0,0.8251231527093597,0.41133004926108374,0.9334975369458128,1.0
volcanoes-a2,rfc-nosuite,0.9310344827586207,1.0,1.0,0.0,0.0,0.14532019704433496,0.874384236453202,,1.0
volcanoes-a2,rfc-nosuite,0.9310344827586207,1.0,1.0,0.0,0.0,0.6551724137931034,0.7241379310344828,,1.0
volcanoes-a2,rfc-nosuite,0.9310344827586207,1.0,1.0,0.0,0.0,1.0,0.8448275862068966,,1.0
volcanoes-a2,rfc-nosuite,0.9310344827586207,0.41,0.024630541871921183,0.0,0.0,0.012315270935960592,0.019704433497536946,0.014778325123152709,1.0
volcanoes-a2,rfc-nosuite,0.9310344827586207,1.0,1.0,0.0,0.0,1.0,0.7881773399014779,,1.0
volcanoes-a2,rfc-nosuite,0.9310344827586207,0.83,0.8793103448275862,0.0,0.0,0.9137931034482759,0.9137931034482759,0.9137931034482759,1.0
volcanoes-a2,rfc-nosuite,0.9310344827586207,1.0,1.0,0.0,0.0,0.8423645320197044,0.45566502463054187,0.9211822660098522,1.0
volcanoes-a2,rfc-nosuite,0.9310344827586207,1.0,1.0,0.0,0.0,0.7536945812807881,0.8866995073891626,0.9408866995073891,1.0
volcanoes-a2,rfc-nosuite,0.9310344827586207,1.0,1.0,0.0,0.0,1.0,0.5492610837438424,0.9285714285714286,1.0
volcanoes-a2,rfc-nosuite,0.9310344827586207,0.97,1.0,0.0,0.0,0.4187192118226601,0.8054187192118226,0.9556650246305419,1.0
volcanoes-a2,rfc-nosuite,0.9310344827586207,0.99,1.0,0.0,0.0,1.0,0.5197044334975369,0.9630541871921182,1.0
volcanoes-a2,rfc-nosuite,0.9310344827586207,0.88,0.024630541871921183,0.0,0.0,0.9679802955665024,0.019704433497536946,0.30295566502463056,1.0
volcanoes-a2,rfc-nosuite,0.9310344827586207,0.99,1.0,0.0,0.0,0.229064039408867,0.8251231527093597,0.9014778325123153,1.0
volcanoes-a2,rfc-nosuite,0.9310344827586207,0.93,0.9334975369458128,0.0,0.0,1.0,0.6921182266009852,0.9482758620689655,1.0
volcanoes-a2,rfc-nosuite,0.9310344827586207,1.0,1.0,0.0,0.0,0.8349753694581281,0.5369458128078818,0.9236453201970444,1.0
volcanoes-a2,rfc-nosuite,0.9310344827586207,0.98,1.0,0.0,0.0,1.0,0.9137931034482759,0.9236453201970444,1.0
volcanoes-a3,rfc-nosuite,0.889763779527559,0.35,0.023622047244094488,0.0,0.0,0.5853018372703412,0.12860892388451445,0.1889763779527559,1.0
volcanoes-a3,rfc-nosuite,0.889763779527559,1.0,1.0,0.0,0.0,1.0,0.847769028871391,0.9186351706036745,1.0
volcanoes-a3,rfc-nosuite,0.889763779527559,0.4,0.049868766404199474,0.0,0.0,0.03412073490813648,0.02099737532808399,0.023622047244094488,1.0
volcanoes-a3,rfc-nosuite,0.889763779527559,0.99,1.0,0.0,0.0,1.0,0.7821522309711286,0.9396325459317585,1.0
volcanoes-a3,rfc-nosuite,0.889763779527559,1.0,1.0,0.0,0.0,0.30183727034120733,0.7847769028871391,0.9002624671916011,1.0
volcanoes-a3,rfc-nosuite,0.889763779527559,1.0,1.0,0.0,0.0,1.0,0.8372703412073491,0.8740157480314961,1.0
volcanoes-a3,rfc-nosuite,0.889763779527559,1.0,1.0,0.0,0.0,0.6194225721784777,0.5905511811023622,0.9212598425196851,1.0
volcanoes-a3,rfc-nosuite,0.889763779527559,0.98,1.0,0.0,0.0,1.0,0.9002624671916011,,1.0
volcanoes-a3,rfc-nosuite,0.889763779527559,0.94,1.0,0.0,0.0,1.0,0.821522309711286,0.9028871391076115,1.0
volcanoes-a3,rfc-nosuite,0.889763779527559,1.0,1.0,0.0,0.0,1.0,0.8871391076115486,0.9212598425196851,1.0
volcanoes-a3,rfc-nosuite,0.889763779527559,1.0,1.0,0.0,0.0,0.5905511811023622,0.7952755905511811,,1.0
volcanoes-a3,rfc-nosuite,0.889763779527559,0.95,0.8871391076115486,0.0,0.0,0.905511811023622,0.8871391076115486,0.8818897637795275,1.0
volcanoes-a3,rfc-nosuite,0.889763779527559,0.76,1.0,0.0,0.0,1.0,0.6299212598425197,0.931758530183727,1.0
volcanoes-a3,rfc-nosuite,0.889763779527559,0.56,0.031496062992125984,0.0,0.0,0.7296587926509186,0.9028871391076115,0.7401574803149606,1.0
volcanoes-a3,rfc-nosuite,0.889763779527559,0.97,0.8871391076115486,0.0,0.0,0.937007874015748,0.9002624671916011,0.9028871391076115,1.0
volcanoes-a3,rfc-nosuite,0.889763779527559,0.99,1.0,0.0,0.0,0.9291338582677166,0.8976377952755905,0.9212598425196851,1.0
volcanoes-a3,rfc-nosuite,0.889763779527559,0.96,0.7795275590551181,0.0,0.0,0.8241469816272966,0.868766404199475,0.89501312335958,1.0
volcanoes-a3,rfc-nosuite,0.889763779527559,1.0,1.0,0.0,0.0,1.0,0.863517060367454,0.9186351706036745,1.0
volcanoes-a3,rfc-nosuite,0.889763779527559,0.99,1.0,0.0,0.0,0.6246719160104987,0.8766404199475065,0.9002624671916011,1.0
volcanoes-a3,rfc-nosuite,0.889763779527559,0.96,0.7952755905511811,0.0,0.0,0.5328083989501312,0.6272965879265092,0.9291338582677166,1.0
volcanoes-a3,rfc-nosuite,0.889763779527559,1.0,1.0,0.0,0.0,1.0,0.821522309711286,0.9028871391076115,1.0
volcanoes-a3,rfc-nosuite,0.889763779527559,0.92,0.8871391076115486,0.0,0.0,0.8871391076115486,0.8871391076115486,0.9002624671916011,1.0
volcanoes-a3,rfc-nosuite,0.889763779527559,0.99,1.0,0.0,0.0,1.0,0.8188976377952756,,1.0
volcanoes-a3,rfc-nosuite,0.889763779527559,0.77,0.926509186351706,0.0,0.0,0.9422572178477691,0.6430446194225722,0.8267716535433071,1.0
volcanoes-a3,rfc-nosuite,0.889763779527559,0.93,1.0,0.0,0.0,1.0,0.847769028871391,0.8923884514435696,1.0
volcanoes-a3,rfc-nosuite,0.889763779527559,0.99,1.0,0.0,0.0,1.0,0.8110236220472441,,1.0
volcanoes-a3,rfc-nosuite,0.889763779527559,0.55,0.05774278215223097,0.0,0.0,0.9291338582677166,0.2650918635170604,0.926509186351706,1.0
volcanoes-a3,rfc-nosuite,0.889763779527559,0.97,1.0,0.0,0.0,1.0,0.8740157480314961,0.9291338582677166,1.0
volcanoes-a3,rfc-nosuite,0.889763779527559,1.0,1.0,0.0,0.0,0.6272965879265092,0.8976377952755905,0.9658792650918635,1.0
volcanoes-a3,rfc-nosuite,0.889763779527559,0.99,1.0,0.0,0.0,1.0,0.8976377952755905,,1.0
volcanoes-a3,rfc-nosuite,0.889763779527559,1.0,1.0,0.0,0.0,0.30183727034120733,0.7952755905511811,0.9212598425196851,1.0
volcanoes-a3,rfc-nosuite,0.889763779527559,0.99,1.0,0.0,0.0,1.0,0.7532808398950132,0.8923884514435696,1.0
volcanoes-a3,rfc-nosuite,0.889763779527559,0.76,0.926509186351706,0.0,0.0,0.9291338582677166,0.6902887139107612,0.9291338582677166,1.0
volcanoes-a3,rfc-nosuite,0.889763779527559,0.93,1.0,0.0,0.0,0.8871391076115486,0.8871391076115486,0.9186351706036745,1.0
volcanoes-a3,rfc-nosuite,0.889763779527559,1.0,1.0,0.0,0.0,0.30183727034120733,0.863517060367454,,1.0
volcanoes-a3,rfc-nosuite,0.889763779527559,0.86,0.5958005249343832,0.0,0.0,1.0,0.5039370078740157,0.9606299212598425,1.0
volcanoes-a3,rfc-nosuite,0.889763779527559,1.0,0.49343832020997375,0.0,0.0,1.0,0.8372703412073491,0.9396325459317585,1.0
volcanoes-a3,rfc-nosuite,0.889763779527559,0.98,1.0,0.0,0.0,0.3333333333333333,0.8608923884514436,0.9291338582677166,1.0
volcanoes-a3,rfc-nosuite,0.889763779527559,0.97,0.8871391076115486,0.0,0.0,0.05774278215223097,0.8871391076115486,,1.0
volcanoes-a3,rfc-nosuite,0.889763779527559,1.0,1.0,0.0,0.0,0.9396325459317585,0.6299212598425197,0.9343832020997376,1.0
volcanoes-a3,rfc-nosuite,0.889763779527559,0.99,1.0,0.0,0.0,1.0,0.8320209973753281,0.9422572178477691,1.0
volcanoes-a3,rfc-nosuite,0.889763779527559,0.45,0.010498687664041995,0.0,0.0,0.013123359580052493,0.047244094488188976,0.010498687664041995,1.0
volcanoes-a3,rfc-nosuite,0.889763779527559,0.98,1.0,0.0,0.0,1.0,0.8241469816272966,,1.0
volcanoes-a3,rfc-nosuite,0.889763779527559,1.0,1.0,0.0,0.0,0.7795275590551181,0.8320209973753281,0.931758530183727,1.0
volcanoes-a3,rfc-nosuite,0.889763779527559,0.95,1.0,0.0,0.0,0.2677165354330709,0.6167979002624672,0.9291338582677166,1.0
volcanoes-a3,rfc-nosuite,0.889763779527559,0.99,1.0,0.0,0.0,1.0,0.8031496062992126,0.937007874015748,1.0
volcanoes-a3,rfc-nosuite,0.889763779527559,0.94,1.0,0.0,0.0,1.0,0.847769028871391,0.9553805774278216,1.0
volcanoes-a3,rfc-nosuite,0.889763779527559,1.0,1.0,0.0,0.0,0.7952755905511811,0.8582677165354331,0.916010498687664,1.0
volcanoes-a3,rfc-nosuite,0.889763779527559,1.0,1.0,0.0,0.0,1.0,0.7532808398950132,0.9291338582677166,1.0
volcanoes-a3,rfc-nosuite,0.889763779527559,1.0,1.0,0.0,0.0,1.0,0.868766404199475,0.9291338582677166,1.0
volcanoes-a4,rfc-nosuite,0.8891820580474934,1.0,1.0,0.0,0.0,1.0,0.8469656992084432,0.9102902374670184,1.0
volcanoes-a4,rfc-nosuite,0.8891820580474934,1.0,1.0,0.0,0.0,0.16094986807387862,0.8311345646437994,,1.0
volcanoes-a4,rfc-nosuite,0.8891820580474934,0.61,0.07387862796833773,0.0,0.0,0.0079155672823219,0.0079155672823219,0.052770448548812667,1.0
volcanoes-a4,rfc-nosuite,0.8891820580474934,0.95,1.0,0.0,0.0,1.0,0.841688654353562,,1.0
volcanoes-a4,rfc-nosuite,0.8891820580474934,1.0,1.0,0.0,0.0,1.0,0.8812664907651715,0.8891820580474934,1.0
volcanoes-a4,rfc-nosuite,0.8891820580474934,0.57,0.029023746701846966,0.0,0.0,0.19788918205804748,0.055408970976253295,0.31926121372031663,1.0
volcanoes-a4,rfc-nosuite,0.8891820580474934,1.0,1.0,0.0,0.0,1.0,0.8232189973614775,0.9102902374670184,1.0
volcanoes-a4,rfc-nosuite,0.8891820580474934,0.87,0.8918205804749341,0.0,0.0,0.9102902374670184,0.20316622691292877,0.8944591029023746,1.0
volcanoes-a4,rfc-nosuite,0.8891820580474934,0.88,1.0,0.0,0.0,1.0,0.7968337730870713,0.7941952506596306,1.0
volcanoes-a4,rfc-nosuite,0.8891820580474934,1.0,1.0,0.0,0.0,1.0,0.7440633245382586,0.9023746701846965,1.0
volcanoes-a4,rfc-nosuite,0.8891820580474934,1.0,1.0,0.0,0.0,1.0,0.7203166226912929,0.8786279683377308,1.0
volcanoes-a4,rfc-nosuite,0.8891820580474934,0.98,1.0,0.0,0.0,0.6517150395778364,0.8918205804749341,0.9287598944591029,1.0
volcanoes-a4,rfc-nosuite,0.8891820580474934,0.99,1.0,0.0,0.0,1.0,0.8601583113456465,0.8786279683377308,1.0
volcanoes-a4,rfc-nosuite,0.8891820580474934,1.0,1.0,0.0,0.0,1.0,0.7889182058047494,,1.0
volcanoes-a4,rfc-nosuite,0.8891820580474934,1.0,1.0,0.0,0.0,0.8073878627968337,0.5118733509234829,0.9102902374670184,1.0
volcanoes-a4,rfc-nosuite,0.8891820580474934,1.0,1.0,0.0,0.0,1.0,0.8311345646437994,,1.0
volcanoes-a4,rfc-nosuite,0.8891820580474934,1.0,1.0,0.0,0.0,1.0,0.8311345646437994,,1.0
volcanoes-a4,rfc-nosuite,0.8891820580474934,1.0,1.0,0.0,0.0,0.8311345646437994,0.7493403693931399,,1.0
volcanoes-a4,rfc-nosuite,0.8891820580474934,1.0,1.0,0.0,0.0,1.0,0.8839050131926122,0.9234828496042217,1.0
volcanoes-a4,rfc-nosuite,0.8891820580474934,1.0,1.0,0.0,0.0,1.0,0.820580474934037,,1.0
volcanoes-a4,rfc-nosuite,0.8891820580474934,1.0,1.0,0.0,0.0,1.0,0.8153034300791556,0.9313984168865436,1.0
volcanoes-a4,rfc-nosuite,0.8891820580474934,0.39,0.0395778364116095,0.0,0.0,0.0158311345646438,0.005277044854881266,0.005277044854881266,1.0
volcanoes-a4,rfc-nosuite,0.8891820580474934,1.0,1.0,0.0,0.0,1.0,0.762532981530343,0.9498680738786279,1.0
volcanoes-a4,rfc-nosuite,0.8891820580474934,0.98,1.0,0.0,0.0,1.0,0.8153034300791556,,1.0
volcanoes-a4,rfc-nosuite,0.8891820580474934,0.75,0.8759894459102903,0.0,0.0,0.8786279683377308,0.8812664907651715,0.8786279683377308,1.0
volcanoes-a4,rfc-nosuite,0.8891820580474934,1.0,1.0,0.0,0.0,0.20316622691292877,0.8469656992084432,,1.0
volcanoes-a4,rfc-nosuite,0.8891820580474934,1.0,1.0,0.0,0.0,1.0,0.6912928759894459,,1.0
volcanoes-a4,rfc-nosuite,0.8891820580474934,0.32,0.052770448548812667,0.0,0.0,0.013192612137203167,0.0633245382585752,0.021108179419525065,1.0
volcanoes-a4,rfc-nosuite,0.8891820580474934,0.96,1.0,0.0,0.0,0.9868073878627969,0.8786279683377308,0.9287598944591029,1.0
volcanoes-a4,rfc-nosuite,0.8891820580474934,0.84,1.0,0.0,0.0,1.0,0.8733509234828496,0.9393139841688655,1.0
volcanoes-a4,rfc-nosuite,0.8891820580474934,0.62,1.0,0.0,0.0,0.055408970976253295,0.29815303430079154,,1.0
volcanoes-a4,rfc-nosuite,0.8891820580474934,0.99,1.0,0.0,0.0,1.0,0.7968337730870713,0.9076517150395779,1.0
volcanoes-a4,rfc-nosuite,0.8891820580474934,0.83,0.7361477572559367,0.0,0.0,0.43271767810026385,0.47493403693931396,0.9234828496042217,1.0
volcanoes-a4,rfc-nosuite,0.8891820580474934,0.97,0.8258575197889182,0.0,0.0,0.5277044854881267,0.8918205804749341,0.8918205804749341,1.0
volcanoes-a4,rfc-nosuite,0.8891820580474934,0.5,0.0316622691292876,0.0,0.0,0.05804749340369393,0.026385224274406333,0.05013192612137203,1.0
volcanoes-a4,rfc-nosuite,0.8891820580474934,0.75,0.055408970976253295,0.0,0.0,1.0,0.43535620052770446,,1.0
volcanoes-a4,rfc-nosuite,0.8891820580474934,0.8,1.0,0.0,0.0,1.0,0.8126649076517151,,1.0
volcanoes-a4,rfc-nosuite,0.8891820580474934,1.0,1.0,0.0,0.0,1.0,0.820580474934037,0.9287598944591029,1.0
volcanoes-a4,rfc-nosuite,0.8891820580474934,0.98,1.0,0.0,0.0,0.40105540897097625,0.8759894459102903,,1.0
volcanoes-a4,rfc-nosuite,0.8891820580474934,0.35,0.018469656992084433,0.0,0.0,0.010554089709762533,0.0079155672823219,0.005277044854881266,1.0
volcanoes-a4,rfc-nosuite,0.8891820580474934,1.0,1.0,0.0,0.0,1.0,0.8918205804749341,0.8918205804749341,1.0
volcanoes-a4,rfc-nosuite,0.8891820580474934,0.9,0.8786279683377308,0.0,0.0,0.40897097625329815,0.8839050131926122,0.9287598944591029,1.0
volcanoes-a4,rfc-nosuite,0.8891820580474934,0.97,0.7678100263852242,0.0,0.0,1.0,0.8839050131926122,,1.0
volcanoes-a4,rfc-nosuite,0.8891820580474934,0.98,1.0,0.0,0.0,1.0,0.8153034300791556,0.9023746701846965,1.0
volcanoes-a4,rfc-nosuite,0.8891820580474934,0.96,1.0,0.0,0.0,1.0,0.8390501319261213,,1.0
volcanoes-a4,rfc-nosuite,0.8891820580474934,0.99,1.0,0.0,0.0,0.1345646437994723,0.8759894459102903,,1.0
volcanoes-a4,rfc-nosuite,0.8891820580474934,0.98,0.3720316622691293,0.0,0.0,1.0,0.6437994722955145,,1.0
volcanoes-a4,rfc-nosuite,0.8891820580474934,0.95,0.3720316622691293,0.0,0.0,1.0,0.8759894459102903,0.920844327176781,1.0
volcanoes-a4,rfc-nosuite,0.8891820580474934,0.79,1.0,0.0,0.0,1.0,0.6490765171503958,0.899736147757256,1.0
volcanoes-a4,rfc-nosuite,0.8891820580474934,0.99,1.0,0.0,0.0,0.6860158311345647,0.8839050131926122,0.9234828496042217,1.0
volcanoes-e1,rfc-nosuite,0.9121621621621622,1.0,1.0,0.0,0.0,1.0,0.7804054054054054,0.9493243243243243,1.0
volcanoes-e1,rfc-nosuite,0.9121621621621622,0.99,1.0,0.0,0.0,1.0,0.777027027027027,0.9290540540540541,1.0
volcanoes-e1,rfc-nosuite,0.9121621621621622,1.0,1.0,0.0,0.0,1.0,0.7905405405405406,,1.0
volcanoes-e1,rfc-nosuite,0.9121621621621622,1.0,1.0,0.0,0.0,1.0,0.7702702702702703,0.8344594594594594,1.0
volcanoes-e1,rfc-nosuite,0.9121621621621622,1.0,1.0,0.0,0.0,1.0,0.8040540540540541,0.9155405405405406,1.0
volcanoes-e1,rfc-nosuite,0.9121621621621622,0.75,0.05067567567567568,0.0,0.0,0.19594594594594594,0.18243243243243243,0.1858108108108108,1.0
volcanoes-e1,rfc-nosuite,0.9121621621621622,1.0,1.0,0.0,0.0,1.0,0.3277027027027027,0.8783783783783784,1.0
volcanoes-e1,rfc-nosuite,0.9121621621621622,0.99,1.0,0.0,0.0,1.0,0.777027027027027,0.8209459459459459,1.0
volcanoes-e1,rfc-nosuite,0.9121621621621622,1.0,1.0,0.0,0.0,1.0,0.28040540540540543,0.8277027027027027,1.0
volcanoes-e1,rfc-nosuite,0.9121621621621622,0.85,0.7905405405405406,0.0,0.0,0.8209459459459459,0.6824324324324325,,1.0
volcanoes-e1,rfc-nosuite,0.9121621621621622,1.0,1.0,0.0,0.0,0.11824324324324324,0.7432432432432432,,1.0
volcanoes-e1,rfc-nosuite,0.9121621621621622,0.82,1.0,0.0,0.0,1.0,0.8108108108108109,0.8040540540540541,1.0
volcanoes-e1,rfc-nosuite,0.9121621621621622,0.88,1.0,0.0,0.0,1.0,0.28716216216216217,0.8378378378378378,1.0
volcanoes-e1,rfc-nosuite,0.9121621621621622,0.51,0.04391891891891892,0.0,0.0,1.0,0.16216216216216217,0.20608108108108109,1.0
volcanoes-e1,rfc-nosuite,0.9121621621621622,0.97,0.40540540540540543,0.0,0.0,0.07432432432432433,0.7432432432432432,0.831081081081081,1.0
volcanoes-e1,rfc-nosuite,0.9121621621621622,0.98,1.0,0.0,0.0,0.8682432432432432,0.38175675675675674,,1.0
volcanoes-e1,rfc-nosuite,0.9121621621621622,0.99,1.0,0.0,0.0,0.09797297297297297,0.8006756756756757,0.8344594594594594,1.0
volcanoes-e1,rfc-nosuite,0.9121621621621622,1.0,1.0,0.0,0.0,1.0,0.8141891891891891,,1.0
volcanoes-e1,rfc-nosuite,0.9121621621621622,0.94,0.33783783783783783,0.0,0.0,1.0,0.597972972972973,0.8344594594594594,1.0
volcanoes-e1,rfc-nosuite,0.9121621621621622,0.92,0.16554054054054054,0.0,0.0,0.19594594594594594,0.13513513513513514,0.20945945945945946,1.0
volcanoes-e1,rfc-nosuite,0.9121621621621622,1.0,1.0,0.0,0.0,1.0,0.7871621621621622,,1.0
volcanoes-e1,rfc-nosuite,0.9121621621621622,1.0,1.0,0.0,0.0,1.0,0.7027027027027027,,1.0
volcanoes-e1,rfc-nosuite,0.9121621621621622,0.84,0.3547297297297297,0.0,0.0,0.8209459459459459,0.8209459459459459,,1.0
volcanoes-e1,rfc-nosuite,0.9121621621621622,0.76,0.12837837837837837,0.0,0.0,0.12837837837837837,0.34459459459459457,0.43243243243243246,1.0
volcanoes-e1,rfc-nosuite,0.9121621621621622,0.63,0.8851351351351351,0.0,0.0,1.0,0.30743243243243246,0.20945945945945946,1.0
volcanoes-e1,rfc-nosuite,0.9121621621621622,0.97,1.0,0.0,0.0,1.0,0.7905405405405406,0.8209459459459459,1.0
volcanoes-e1,rfc-nosuite,0.9121621621621622,0.98,1.0,0.0,0.0,1.0,,,1.0
volcanoes-e1,rfc-nosuite,0.9121621621621622,1.0,1.0,0.0,0.0,0.44932432432432434,0.6182432432432432,0.831081081081081,1.0
volcanoes-e1,rfc-nosuite,0.9121621621621622,1.0,0.7195945945945946,0.0,0.0,0.831081081081081,,0.8209459459459459,1.0
volcanoes-e1,rfc-nosuite,0.9121621621621622,0.78,0.0777027027027027,0.0,0.0,0.30405405405405406,0.6114864864864865,0.12837837837837837,1.0
volcanoes-e1,rfc-nosuite,0.9121621621621622,0.96,0.6824324324324325,0.0,0.0,1.0,,0.8344594594594594,1.0
volcanoes-e1,rfc-nosuite,0.9121621621621622,0.87,0.013513513513513514,0.0,0.0,0.28040540540540543,0.24324324324324326,0.34797297297297297,1.0
volcanoes-e1,rfc-nosuite,0.9121621621621622,1.0,1.0,0.0,0.0,1.0,0.8209459459459459,0.8682432432432432,1.0
volcanoes-e1,rfc-nosuite,0.9121621621621622,0.98,0.8243243243243243,0.0,0.0,0.8277027027027027,0.42905405405405406,0.831081081081081,1.0
volcanoes-e1,rfc-nosuite,0.9121621621621622,0.49,1.0,0.0,0.0,0.1554054054054054,0.11486486486486487,0.060810810810810814,1.0
volcanoes-e1,rfc-nosuite,0.9121621621621622,1.0,0.35135135135135137,0.0,0.0,0.0777027027027027,0.7871621621621622,0.8209459459459459,1.0
volcanoes-e1,rfc-nosuite,0.9121621621621622,0.85,0.3108108108108108,0.0,0.0,0.9459459459459459,0.3108108108108108,0.6587837837837838,1.0
volcanoes-e1,rfc-nosuite,0.9121621621621622,0.97,1.0,0.0,0.0,1.0,0.722972972972973,,1.0
volcanoes-e1,rfc-nosuite,0.9121621621621622,0.81,0.722972972972973,0.0,0.0,0.8851351351351351,0.8209459459459459,0.9290540540540541,1.0
volcanoes-e1,rfc-nosuite,0.9121621621621622,0.5,0.32094594594594594,0.0,0.0,0.6216216216216216,0.11148648648648649,0.22972972972972974,1.0
volcanoes-e1,rfc-nosuite,0.9121621621621622,0.99,1.0,0.0,0.0,1.0,0.8344594594594594,,1.0
volcanoes-e1,rfc-nosuite,0.9121621621621622,0.99,0.7195945945945946,0.0,0.0,0.8344594594594594,,,1.0
volcanoes-e1,rfc-nosuite,0.9121621621621622,0.98,1.0,0.0,0.0,1.0,0.7432432432432432,0.8209459459459459,1.0
volcanoes-e1,rfc-nosuite,0.9121621621621622,0.93,1.0,0.0,0.0,1.0,0.8074324324324325,0.8209459459459459,1.0
volcanoes-e1,rfc-nosuite,0.9121621621621622,0.53,1.0,0.0,0.0,0.030405405405405407,0.16554054054054054,0.02702702702702703,1.0
volcanoes-e1,rfc-nosuite,0.9121621621621622,1.0,1.0,0.0,0.0,1.0,0.2702702702702703,,1.0
volcanoes-e1,rfc-nosuite,0.9121621621621622,0.99,1.0,0.0,0.0,1.0,0.8243243243243243,0.8378378378378378,1.0
volcanoes-e1,rfc-nosuite,0.9121621621621622,1.0,0.8648648648648649,0.0,0.0,1.0,0.7804054054054054,0.7263513513513513,1.0
volcanoes-e1,rfc-nosuite,0.9121621621621622,0.89,1.0,0.0,0.0,1.0,0.8141891891891891,0.8344594594594594,1.0
volcanoes-e1,rfc-nosuite,0.9121621621621622,0.96,1.0,0.0,0.0,1.0,0.8074324324324325,0.8344594594594594,1.0
volcanoes-e2,rfc-nosuite,0.9222222222222223,0.98,1.0,0.0,0.0,1.0,,0.9962962962962963,1.0
volcanoes-e2,rfc-nosuite,0.9222222222222223,0.91,0.837037037037037,0.0,0.0,1.0,,,1.0
volcanoes-e2,rfc-nosuite,0.9222222222222223,0.94,1.0,0.0,0.0,1.0,,,1.0
volcanoes-e2,rfc-nosuite,0.9222222222222223,1.0,1.0,0.0,0.0,1.0,,0.837037037037037,1.0
volcanoes-e2,rfc-nosuite,0.9222222222222223,1.0,1.0,0.0,0.0,1.0,,,1.0
volcanoes-e2,rfc-nosuite,0.9222222222222223,0.92,1.0,0.0,0.0,1.0,,1.0,1.0
volcanoes-e2,rfc-nosuite,0.9222222222222223,0.97,1.0,0.0,0.0,1.0,,,1.0
volcanoes-e2,rfc-nosuite,0.9222222222222223,0.99,1.0,0.0,0.0,1.0,,0.8703703703703703,1.0
volcanoes-e2,rfc-nosuite,0.9222222222222223,0.98,0.337037037037037,0.0,0.0,1.0,,1.0,1.0
volcanoes-e2,rfc-nosuite,0.9222222222222223,0.7,0.022222222222222223,0.0,0.0,0.3851851851851852,,0.18888888888888888,1.0
volcanoes-e2,rfc-nosuite,0.9222222222222223,0.96,0.04814814814814815,0.0,0.0,0.8777777777777778,,0.7555555555555555,1.0
volcanoes-e2,rfc-nosuite,0.9222222222222223,0.96,1.0,0.0,0.0,1.0,,,1.0
volcanoes-e2,rfc-nosuite,0.9222222222222223,0.93,1.0,0.0,0.0,1.0,,,1.0
volcanoes-e2,rfc-nosuite,0.9222222222222223,0.97,1.0,0.0,0.0,0.8148148148148148,,,1.0
volcanoes-e2,rfc-nosuite,0.9222222222222223,1.0,1.0,0.0,0.0,1.0,,1.0,1.0
volcanoes-e2,rfc-nosuite,0.9222222222222223,0.96,0.7851851851851852,0.0,0.0,1.0,,,1.0
volcanoes-e2,rfc-nosuite,0.9222222222222223,1.0,1.0,0.0,0.0,1.0,,0.9074074074074074,1.0
volcanoes-e2,rfc-nosuite,0.9222222222222223,0.79,0.9888888888888889,0.0,0.0,1.0,,0.8777777777777778,1.0
volcanoes-e2,rfc-nosuite,0.9222222222222223,0.99,1.0,0.0,0.0,1.0,,0.8703703703703703,1.0
volcanoes-e2,rfc-nosuite,0.9222222222222223,0.92,1.0,0.0,0.0,1.0,,0.8703703703703703,1.0
volcanoes-e2,rfc-nosuite,0.9222222222222223,0.97,1.0,0.0,0.0,0.6777777777777778,,0.8925925925925926,1.0
volcanoes-e2,rfc-nosuite,0.9222222222222223,0.82,0.7851851851851852,0.0,0.0,0.7962962962962963,,0.8740740740740741,1.0
volcanoes-e2,rfc-nosuite,0.9222222222222223,0.88,0.7814814814814814,0.0,0.0,0.8444444444444444,,0.8777777777777778,1.0
volcanoes-e2,rfc-nosuite,0.9222222222222223,0.36,0.03333333333333333,0.0,0.0,0.5370370370370371,,0.5555555555555556,1.0
volcanoes-e2,rfc-nosuite,0.9222222222222223,1.0,1.0,0.0,0.0,1.0,,0.9592592592592593,1.0
volcanoes-e2,rfc-nosuite,0.9222222222222223,0.98,0.4925925925925926,0.0,0.0,1.0,,,1.0
volcanoes-e2,rfc-nosuite,0.9222222222222223,0.99,1.0,0.0,0.0,1.0,,,1.0
volcanoes-e2,rfc-nosuite,0.9222222222222223,1.0,1.0,0.0,0.0,1.0,,0.9222222222222223,1.0
volcanoes-e2,rfc-nosuite,0.9222222222222223,0.68,0.1037037037037037,0.0,0.0,0.6333333333333333,,0.4888888888888889,1.0
volcanoes-e2,rfc-nosuite,0.9222222222222223,0.98,1.0,0.0,0.0,1.0,,,1.0
volcanoes-e2,rfc-nosuite,0.9222222222222223,0.97,1.0,0.0,0.0,1.0,,0.9592592592592593,1.0
volcanoes-e2,rfc-nosuite,0.9222222222222223,0.94,0.8703703703703703,0.0,0.0,0.837037037037037,,,1.0
volcanoes-e2,rfc-nosuite,0.9222222222222223,0.98,1.0,0.0,0.0,1.0,,,1.0
volcanoes-e2,rfc-nosuite,0.9222222222222223,0.97,1.0,0.0,0.0,1.0,,1.0,1.0
volcanoes-e2,rfc-nosuite,0.9222222222222223,0.99,1.0,0.0,0.0,1.0,,,1.0
volcanoes-e2,rfc-nosuite,0.9222222222222223,0.97,1.0,0.0,0.0,1.0,,0.9185185185185185,1.0
volcanoes-e2,rfc-nosuite,0.9222222222222223,1.0,1.0,0.0,0.0,1.0,,0.8703703703703703,1.0
volcanoes-e2,rfc-nosuite,0.9222222222222223,0.97,1.0,0.0,0.0,1.0,,,1.0
volcanoes-e2,rfc-nosuite,0.9222222222222223,0.96,0.8703703703703703,0.0,0.0,1.0,,0.8740740740740741,1.0
volcanoes-e2,rfc-nosuite,0.9222222222222223,1.0,1.0,0.0,0.0,1.0,,0.9518518518518518,1.0
volcanoes-e2,rfc-nosuite,0.9222222222222223,1.0,1.0,0.0,0.0,1.0,,0.837037037037037,1.0
volcanoes-e2,rfc-nosuite,0.9222222222222223,0.89,0.8148148148148148,0.0,0.0,1.0,,0.8555555555555555,1.0
volcanoes-e2,rfc-nosuite,0.9222222222222223,0.42,0.025925925925925925,0.0,0.0,0.007407407407407408,,0.014814814814814815,1.0
volcanoes-e2,rfc-nosuite,0.9222222222222223,0.95,1.0,0.0,0.0,1.0,,0.837037037037037,1.0
volcanoes-e2,rfc-nosuite,0.9222222222222223,0.97,1.0,0.0,0.0,1.0,,0.8703703703703703,1.0
volcanoes-e2,rfc-nosuite,0.9222222222222223,0.82,0.8703703703703703,0.0,0.0,1.0,,0.9925925925925926,1.0
volcanoes-e2,rfc-nosuite,0.9222222222222223,0.66,0.05185185185185185,0.0,0.0,0.003703703703703704,,0.003703703703703704,1.0
volcanoes-e2,rfc-nosuite,0.9222222222222223,0.96,0.6037037037037037,0.0,0.0,0.9,,0.9296296296296296,1.0
volcanoes-e2,rfc-nosuite,0.9222222222222223,1.0,1.0,0.0,0.0,1.0,,,1.0
volcanoes-e2,rfc-nosuite,0.9222222222222223,1.0,1.0,0.0,0.0,1.0,,,1.0
volcanoes-e3,rfc-nosuite,0.925,0.99,1.0,0.0,0.0,0.0875,,0.840625,1.0
volcanoes-e3,rfc-nosuite,0.925,0.89,0.553125,0.0,0.0,0.865625,,0.859375,1.0
volcanoes-e3,rfc-nosuite,0.925,0.96,1.0,0.0,0.0,0.840625,,0.840625,1.0
volcanoes-e3,rfc-nosuite,0.925,1.0,1.0,0.0,0.0,1.0,,,1.0
volcanoes-e3,rfc-nosuite,0.925,0.78,1.0,0.0,0.0,1.0,,0.94375,1.0
volcanoes-e3,rfc-nosuite,0.925,0.83,0.7375,0.0,0.0,1.0,,,1.0
volcanoes-e3,rfc-nosuite,0.925,0.99,0.8375,0.0,0.0,0.86875,0.553125,,1.0
volcanoes-e3,rfc-nosuite,0.925,1.0,1.0,0.0,0.0,0.80625,,0.903125,1.0
volcanoes-e3,rfc-nosuite,0.925,0.95,0.33125,0.0,0.0,0.05625,,0.971875,1.0
volcanoes-e3,rfc-nosuite,0.925,0.48,0.775,0.0,0.0,0.865625,0.50625,0.7375,1.0
volcanoes-e3,rfc-nosuite,0.925,1.0,1.0,0.0,0.0,0.584375,,0.853125,1.0
volcanoes-e3,rfc-nosuite,0.925,0.94,0.821875,0.0,0.0,1.0,,,1.0
volcanoes-e3,rfc-nosuite,0.925,0.97,0.59375,0.0,0.0,1.0,,0.846875,1.0
volcanoes-e3,rfc-nosuite,0.925,0.99,1.0,0.0,0.0,1.0,,0.840625,1.0
volcanoes-e3,rfc-nosuite,0.925,1.0,1.0,0.0,0.0,1.0,0.825,,1.0
volcanoes-e3,rfc-nosuite,0.925,1.0,1.0,0.0,0.0,0.840625,0.721875,0.846875,1.0
volcanoes-e3,rfc-nosuite,0.925,1.0,1.0,0.0,0.0,1.0,,0.7625,1.0
volcanoes-e3,rfc-nosuite,0.925,0.78,0.321875,0.0,0.0,1.0,,0.3125,1.0
volcanoes-e3,rfc-nosuite,0.925,0.98,0.85625,0.0,0.0,0.840625,0.675,,1.0
volcanoes-e3,rfc-nosuite,0.925,1.0,1.0,0.0,0.0,0.0875,0.809375,,1.0
volcanoes-e3,rfc-nosuite,0.925,0.81,0.440625,0.0,0.0,0.39375,0.53125,,1.0
volcanoes-e3,rfc-nosuite,0.925,0.95,1.0,0.0,0.0,1.0,,,1.0
volcanoes-e3,rfc-nosuite,0.925,0.99,0.590625,0.0,0.0,1.0,,0.840625,1.0
volcanoes-e3,rfc-nosuite,0.925,0.99,1.0,0.0,0.0,1.0,,0.86875,1.0
volcanoes-e3,rfc-nosuite,0.925,0.96,0.525,0.0,0.0,1.0,,,1.0
volcanoes-e3,rfc-nosuite,0.925,1.0,1.0,0.0,0.0,1.0,,,1.0
volcanoes-e3,rfc-nosuite,0.925,0.99,0.596875,0.0,0.0,0.2125,,,1.0
volcanoes-e3,rfc-nosuite,0.925,0.94,0.840625,0.0,0.0,0.865625,,,1.0
volcanoes-e3,rfc-nosuite,0.925,0.99,1.0,0.0,0.0,1.0,0.66875,0.7625,1.0
volcanoes-e3,rfc-nosuite,0.925,1.0,1.0,0.0,0.0,1.0,,0.85625,1.0
volcanoes-e3,rfc-nosuite,0.925,0.82,0.03125,0.0,0.0,0.309375,,,1.0
volcanoes-e3,rfc-nosuite,0.925,0.97,1.0,0.0,0.0,1.0,,,1.0
volcanoes-e3,rfc-nosuite,0.925,1.0,1.0,0.0,0.0,1.0,0.56875,0.865625,1.0
volcanoes-e3,rfc-nosuite,0.925,1.0,1.0,0.0,0.0,0.534375,,,1.0
volcanoes-e3,rfc-nosuite,0.925,0.94,1.0,0.0,0.0,1.0,,,1.0
volcanoes-e3,rfc-nosuite,0.925,0.84,1.0,0.0,0.0,1.0,,,1.0
volcanoes-e3,rfc-nosuite,0.925,1.0,1.0,0.0,0.0,1.0,,0.86875,1.0
volcanoes-e3,rfc-nosuite,0.925,1.0,0.85625,0.0,0.0,0.840625,,,1.0
volcanoes-e3,rfc-nosuite,0.925,0.99,1.0,0.0,0.0,1.0,0.134375,,1.0
volcanoes-e3,rfc-nosuite,0.925,1.0,1.0,0.0,0.0,0.859375,,,1.0
volcanoes-e3,rfc-nosuite,0.925,0.98,1.0,0.0,0.0,0.503125,0.1625,,1.0
volcanoes-e3,rfc-nosuite,0.925,0.61,0.140625,0.0,0.0,0.91875,,0.428125,1.0
volcanoes-e3,rfc-nosuite,0.925,1.0,1.0,0.0,0.0,1.0,,0.753125,1.0
volcanoes-e3,rfc-nosuite,0.925,0.91,1.0,0.0,0.0,1.0,0.615625,,1.0
volcanoes-e3,rfc-nosuite,0.925,1.0,1.0,0.0,0.0,1.0,0.153125,,1.0
volcanoes-e3,rfc-nosuite,0.925,0.94,0.653125,0.0,0.0,1.0,,,1.0
volcanoes-e3,rfc-nosuite,0.925,0.94,0.840625,0.0,0.0,0.840625,0.353125,,1.0
volcanoes-e3,rfc-nosuite,0.925,1.0,1.0,0.0,0.0,1.0,0.296875,,1.0
volcanoes-e3,rfc-nosuite,0.925,0.98,0.85625,0.0,0.0,0.90625,,,1.0
volcanoes-e3,rfc-nosuite,0.925,0.96,0.653125,0.0,0.0,1.0,,0.934375,1.0
yeast,rfc-nosuite,0.6091644204851752,0.44,0.02425876010781671,0.0,0.0,0.05121293800539083,,0.07277628032345014,1.0
yeast,rfc-nosuite,0.6091644204851752,0.8,0.0215633423180593,0.0,0.0,0.029649595687331536,,0.1293800539083558,1.0
yeast,rfc-nosuite,0.6091644204851752,0.69,0.029649595687331536,0.0,0.0,0.0026954177897574125,,0.0889487870619946,1.0
yeast,rfc-nosuite,0.6091644204851752,0.76,0.11590296495956873,0.0,0.0,0.018867924528301886,,0.14824797843665768,1.0
yeast,rfc-nosuite,0.6091644204851752,0.83,0.08086253369272237,0.0,0.0,0.016172506738544475,,0.1078167115902965,1.0
yeast,rfc-nosuite,0.6091644204851752,0.4,0.04582210242587601,0.0,0.0,0.01078167115902965,,0.0026954177897574125,1.0
yeast,rfc-nosuite,0.6091644204851752,0.7,0.0215633423180593,0.0,0.0,0.016172506738544475,,0.15633423180592992,1.0
yeast,rfc-nosuite,0.6091644204851752,0.52,0.026954177897574125,0.0,0.0,0.013477088948787063,,0.013477088948787063,1.0
yeast,rfc-nosuite,0.6091644204851752,0.53,0.018867924528301886,0.0,0.0,0.008086253369272238,,0.008086253369272238,1.0
yeast,rfc-nosuite,0.6091644204851752,0.76,0.07547169811320754,0.0,0.0,0.08086253369272237,,0.3584905660377358,1.0
yeast,rfc-nosuite,0.6091644204851752,0.79,0.09164420485175202,0.0,0.0,0.01078167115902965,,0.14016172506738545,1.0
yeast,rfc-nosuite,0.6091644204851752,0.84,0.03234501347708895,0.0,0.0,0.016172506738544475,,0.15363881401617252,1.0
yeast,rfc-nosuite,0.6091644204851752,0.7,0.06199460916442048,0.0,0.0,0.0862533692722372,,0.0431266846361186,1.0
yeast,rfc-nosuite,0.6091644204851752,0.47,0.0215633423180593,0.0,0.0,0.005390835579514825,,0.016172506738544475,1.0
yeast,rfc-nosuite,0.6091644204851752,0.81,0.1105121293800539,0.0,0.0,0.0215633423180593,,0.14824797843665768,1.0
yeast,rfc-nosuite,0.6091644204851752,0.51,0.03773584905660377,0.0,0.0,0.005390835579514825,,0.1967654986522911,1.0
yeast,rfc-nosuite,0.6091644204851752,0.48,0.01078167115902965,0.0,0.0,0.05660377358490566,,0.08086253369272237,1.0
yeast,rfc-nosuite,0.6091644204851752,0.73,0.013477088948787063,0.0,0.0,0.01078167115902965,,0.02425876010781671,1.0
yeast,rfc-nosuite,0.6091644204851752,0.59,0.0215633423180593,0.0,0.0,0.03234501347708895,,0.029649595687331536,1.0
yeast,rfc-nosuite,0.6091644204851752,0.64,0.016172506738544475,0.0,0.0,0.013477088948787063,,0.18059299191374664,1.0
yeast,rfc-nosuite,0.6091644204851752,0.78,0.04043126684636118,0.0,0.0,0.01078167115902965,,0.15902964959568733,1.0
yeast,rfc-nosuite,0.6091644204851752,0.77,0.008086253369272238,0.0,0.0,0.01078167115902965,,0.08355795148247978,1.0
yeast,rfc-nosuite,0.6091644204851752,0.73,0.07547169811320754,0.0,0.0,0.026954177897574125,,0.09164420485175202,1.0
yeast,rfc-nosuite,0.6091644204851752,0.42,0.005390835579514825,0.0,0.0,0.026954177897574125,,0.1752021563342318,1.0
yeast,rfc-nosuite,0.6091644204851752,0.52,0.04851752021563342,0.0,0.0,0.008086253369272238,,0.09973045822102426,1.0
yeast,rfc-nosuite,0.6091644204851752,0.49,0.018867924528301886,0.0,0.0,0.02425876010781671,,0.29110512129380056,1.0
yeast,rfc-nosuite,0.6091644204851752,0.5,0.013477088948787063,0.0,0.0,0.0026954177897574125,,0.026954177897574125,1.0
yeast,rfc-nosuite,0.6091644204851752,0.66,0.013477088948787063,0.0,0.0,0.01078167115902965,,0.0889487870619946,1.0
yeast,rfc-nosuite,0.6091644204851752,0.89,0.03504043126684636,0.0,0.0,0.0215633423180593,,0.1725067385444744,1.0
yeast,rfc-nosuite,0.6091644204851752,0.64,0.008086253369272238,0.0,0.0,0.016172506738544475,,0.029649595687331536,1.0
yeast,rfc-nosuite,0.6091644204851752,0.44,0.029649595687331536,0.0,0.0,0.03504043126684636,,0.16442048517520216,1.0
yeast,rfc-nosuite,0.6091644204851752,0.76,0.0431266846361186,0.0,0.0,0.04851752021563342,,0.15902964959568733,1.0
yeast,rfc-nosuite,0.6091644204851752,0.32,0.013477088948787063,0.0,0.0,0.0026954177897574125,,0.0431266846361186,1.0
yeast,rfc-nosuite,0.6091644204851752,0.4,0.02425876010781671,0.0,0.0,0.0026954177897574125,,0.005390835579514825,1.0
yeast,rfc-nosuite,0.6091644204851752,0.6,0.05660377358490566,0.0,0.0,0.013477088948787063,,0.1967654986522911,1.0
yeast,rfc-nosuite,0.6091644204851752,0.48,0.05929919137466307,0.0,0.0,0.09164420485175202,,0.07277628032345014,1.0
yeast,rfc-nosuite,0.6091644204851752,0.53,0.0215633423180593,0.0,0.0,0.016172506738544475,,0.01078167115902965,1.0
yeast,rfc-nosuite,0.6091644204851752,0.94,0.029649595687331536,0.0,0.0,0.0215633423180593,,0.13746630727762804,1.0
yeast,rfc-nosuite,0.6091644204851752,0.8,0.029649595687331536,0.0,0.0,0.03773584905660377,,0.11590296495956873,1.0
yeast,rfc-nosuite,0.6091644204851752,0.34,0.03773584905660377,0.0,0.0,0.029649595687331536,,0.21293800539083557,1.0
yeast,rfc-nosuite,0.6091644204851752,0.61,0.0673854447439353,0.0,0.0,0.05121293800539083,,0.0889487870619946,1.0
yeast,rfc-nosuite,0.6091644204851752,0.52,0.07547169811320754,0.0,0.0,0.008086253369272238,,0.08355795148247978,1.0
yeast,rfc-nosuite,0.6091644204851752,0.45,0.013477088948787063,0.0,0.0,0.016172506738544475,,0.0673854447439353,1.0
yeast,rfc-nosuite,0.6091644204851752,0.51,0.008086253369272238,0.0,0.0,0.0026954177897574125,,0.005390835579514825,1.0
yeast,rfc-nosuite,0.6091644204851752,0.67,0.05929919137466307,0.0,0.0,0.016172506738544475,,0.14824797843665768,1.0
yeast,rfc-nosuite,0.6091644204851752,0.64,0.40161725067385445,0.0,0.0,0.05660377358490566,,0.1940700808625337,1.0
yeast,rfc-nosuite,0.6091644204851752,0.5,0.07547169811320754,0.0,0.0,0.05660377358490566,,0.16442048517520216,1.0
yeast,rfc-nosuite,0.6091644204851752,0.6,0.01078167115902965,0.0,0.0,0.02425876010781671,,0.11320754716981132,1.0
yeast,rfc-nosuite,0.6091644204851752,0.73,0.07277628032345014,0.0,0.0,0.026954177897574125,,0.1347708894878706,1.0
yeast,rfc-nosuite,0.6091644204851752,0.9,0.14285714285714285,0.0,0.0,0.05660377358490566,,0.24528301886792453,1.0
rmftsa,rfc-nosuite,0.50390625,0.3573333333333333,0.08984375,0.0,0.0,0.39453125,0.34765625,0.1640625,1.0
rmftsa,rfc-nosuite,0.50390625,0.4523571428571429,0.2890625,0.0,0.0,0.1171875,0.27734375,0.20703125,1.0
rmftsa,rfc-nosuite,0.50390625,0.685,0.50390625,0.0,0.0,0.4921875,0.22265625,0.05078125,1.0
rmftsa,rfc-nosuite,0.50390625,0.825,0.47265625,0.0,0.0,0.046875,0.046875,0.0390625,1.0
rmftsa,rfc-nosuite,0.50390625,0.6215396825396823,0.7109375,0.0,0.0,0.75390625,0.2265625,0.41796875,1.0
rmftsa,rfc-nosuite,0.50390625,0.833060162060162,0.18359375,0.0,0.0,0.24609375,0.234375,0.234375,1.0
rmftsa,rfc-nosuite,0.50390625,0.2887738095238095,0.12109375,0.0,0.0,0.01953125,0.01953125,0.2421875,1.0
rmftsa,rfc-nosuite,0.50390625,0.8775354922854918,0.26953125,0.0,0.0,0.26953125,0.1640625,0.703125,1.0
rmftsa,rfc-nosuite,0.50390625,0.8113809523809523,0.0234375,0.0,0.0,0.01953125,0.1328125,0.01953125,1.0
rmftsa,rfc-nosuite,0.50390625,0.5523730158730159,0.453125,0.0,0.0,0.26953125,0.1640625,0.26953125,1.0
rmftsa,rfc-nosuite,0.50390625,1.0,0.61328125,0.0,0.0,0.3671875,0.19921875,0.2265625,1.0
rmftsa,rfc-nosuite,0.50390625,0.6062619047619048,0.21484375,0.0,0.0,0.03515625,0.29296875,0.21484375,1.0
rmftsa,rfc-nosuite,0.50390625,0.9257142857142857,0.09765625,0.0,0.0,0.09765625,0.1328125,0.078125,1.0
rmftsa,rfc-nosuite,0.50390625,0.6973333333333334,0.10546875,0.0,0.0,0.1328125,0.29296875,0.06640625,1.0
rmftsa,rfc-nosuite,0.50390625,0.6722097902097899,0.453125,0.0,0.0,0.33984375,0.34765625,0.26953125,1.0
rmftsa,rfc-nosuite,0.50390625,0.36135714285714293,0.09765625,0.0,0.0,0.09765625,0.10546875,0.05078125,1.0
rmftsa,rfc-nosuite,0.50390625,0.5246666666666665,0.10546875,0.0,0.0,0.4375,0.2578125,0.0703125,1.0
rmftsa,rfc-nosuite,0.50390625,0.5523730158730159,0.453125,0.0,0.0,0.26953125,0.1640625,0.23828125,1.0
rmftsa,rfc-nosuite,0.50390625,0.695,0.06640625,0.0,0.0,0.10546875,0.05078125,0.08984375,1.0
rmftsa,rfc-nosuite,0.50390625,0.9804999999999999,0.7109375,0.0,0.0,0.328125,0.34765625,0.7109375,1.0
rmftsa,rfc-nosuite,0.50390625,0.5812557720057718,0.08984375,0.0,0.0,0.0390625,0.37890625,0.13671875,1.0
rmftsa,rfc-nosuite,0.50390625,0.43099999999999994,0.2578125,0.0,0.0,0.16796875,0.12109375,0.10546875,1.0
rmftsa,rfc-nosuite,0.50390625,0.5475,0.16796875,0.0,0.0,0.64453125,0.18359375,0.20703125,1.0
rmftsa,rfc-nosuite,0.50390625,0.7112583527583526,0.75390625,0.0,0.0,0.44140625,0.2265625,0.48046875,1.0
rmftsa,rfc-nosuite,0.50390625,0.795654761904762,0.28125,0.0,0.0,0.57421875,0.28515625,0.38671875,1.0
rmftsa,rfc-nosuite,0.50390625,0.79,0.50390625,0.0,0.0,0.50390625,0.29296875,0.01171875,1.0
rmftsa,rfc-nosuite,0.50390625,0.4893333333333333,0.046875,0.0,0.0,0.00390625,0.16015625,0.00390625,1.0
rmftsa,rfc-nosuite,0.50390625,0.53,0.09765625,0.0,0.0,0.01171875,0.015625,0.34765625,1.0
rmftsa,rfc-nosuite,0.50390625,0.41562698412698423,0.01953125,0.0,0.0,0.0390625,0.28125,0.078125,1.0
rmftsa,rfc-nosuite,0.50390625,0.6774047619047618,0.89453125,0.0,0.0,0.66015625,0.1328125,0.046875,1.0
rmftsa,rfc-nosuite,0.50390625,0.6733194305694304,0.11328125,0.0,0.0,0.73828125,0.28515625,0.296875,1.0
rmftsa,rfc-nosuite,0.50390625,0.3471666666666666,0.09765625,0.0,0.0,0.453125,0.078125,0.13671875,1.0
rmftsa,rfc-nosuite,0.50390625,0.6973333333333334,0.10546875,0.0,0.0,0.1328125,0.59765625,0.03515625,1.0
rmftsa,rfc-nosuite,0.50390625,0.509,0.2890625,0.0,0.0,0.03125,0.03125,0.0703125,1.0
rmftsa,rfc-nosuite,0.50390625,0.7043095238095237,0.078125,0.0,0.0,0.83203125,0.28125,0.171875,1.0
rmftsa,rfc-nosuite,0.50390625,0.53,0.0546875,0.0,0.0,0.02734375,0.21484375,0.0078125,1.0
rmftsa,rfc-nosuite,0.50390625,0.49807142857142866,0.61328125,0.0,0.0,0.5234375,0.28125,0.2265625,1.0
rmftsa,rfc-nosuite,0.50390625,0.98,0.28125,0.0,0.0,0.28125,0.015625,0.0390625,1.0
rmftsa,rfc-nosuite,0.50390625,0.5601212121212121,0.6640625,0.0,0.0,0.5546875,0.42578125,0.24609375,1.0
rmftsa,rfc-nosuite,0.50390625,0.82,0.27734375,0.0,0.0,0.22265625,0.12109375,0.22265625,1.0
rmftsa,rfc-nosuite,0.50390625,0.5005,0.06640625,0.0,0.0,0.34765625,0.16796875,0.27734375,1.0
rmftsa,rfc-nosuite,0.50390625,0.5246666666666667,0.06640625,0.0,0.0,0.16796875,0.25390625,0.046875,1.0
rmftsa,rfc-nosuite,0.50390625,0.74,0.07421875,0.0,0.0,0.921875,0.2421875,0.24609375,1.0
rmftsa,rfc-nosuite,0.50390625,0.72,0.578125,0.0,0.0,0.4296875,0.53125,0.0859375,1.0
rmftsa,rfc-nosuite,0.50390625,0.904,0.28125,0.0,0.0,0.01953125,0.0390625,0.2890625,1.0
rmftsa,rfc-nosuite,0.50390625,0.5523730158730159,0.453125,0.0,0.0,0.26953125,0.45703125,0.26953125,1.0
rmftsa,rfc-nosuite,0.50390625,0.74,0.07421875,0.0,0.0,0.921875,0.125,0.2421875,1.0
rmftsa,rfc-nosuite,0.50390625,0.675,0.0546875,0.0,0.0,0.05859375,0.09765625,0.1640625,1.0
rmftsa,rfc-nosuite,0.50390625,0.85,0.05078125,0.0,0.0,0.0390625,0.046875,0.203125,1.0
rmftsa,rfc-nosuite,0.50390625,0.6955833333333333,0.16796875,0.0,0.0,0.33984375,0.24609375,0.06640625,1.0
banknote-authentication,rfc-nosuite,0.9941690962099126,1.0,1.0,0.0,0.0,0.2565597667638484,0.5014577259475219,0.3498542274052478,1.0
banknote-authentication,rfc-nosuite,0.9941690962099126,1.0,1.0,0.0,0.0,0.3206997084548105,0.33819241982507287,0.4489795918367347,1.0
banknote-authentication,rfc-nosuite,0.9941690962099126,0.98,1.0,0.0,0.0,0.2594752186588921,0.4956268221574344,0.24489795918367346,1.0
banknote-authentication,rfc-nosuite,0.9941690962099126,0.99,0.4897959183673469,0.0,0.0,0.21865889212827988,0.33819241982507287,0.26822157434402333,1.0
banknote-authentication,rfc-nosuite,0.9941690962099126,1.0,0.8104956268221575,0.0,0.0,0.5306122448979592,0.37026239067055394,0.2536443148688047,1.0
banknote-authentication,rfc-nosuite,0.9941690962099126,1.0,0.2594752186588921,0.0,0.0,0.2915451895043732,0.30612244897959184,0.30612244897959184,1.0
banknote-authentication,rfc-nosuite,0.9941690962099126,0.97,0.6967930029154519,0.0,0.0,0.16326530612244897,0.3323615160349854,0.24198250728862974,1.0
banknote-authentication,rfc-nosuite,0.9941690962099126,1.0,1.0,0.0,0.0,0.3206997084548105,0.34402332361516036,0.3469387755102041,1.0
banknote-authentication,rfc-nosuite,0.9941690962099126,1.0,0.6676384839650146,0.0,0.0,0.4198250728862974,0.18075801749271136,0.3206997084548105,1.0
banknote-authentication,rfc-nosuite,0.9941690962099126,1.0,1.0,0.0,0.0,0.34110787172011664,0.34110787172011664,0.3848396501457726,1.0
banknote-authentication,rfc-nosuite,0.9941690962099126,0.92,0.7084548104956269,0.0,0.0,0.09620991253644315,0.061224489795918366,0.05539358600583091,1.0
banknote-authentication,rfc-nosuite,0.9941690962099126,1.0,1.0,0.0,0.0,0.4402332361516035,0.37026239067055394,0.521865889212828,1.0
banknote-authentication,rfc-nosuite,0.9941690962099126,0.99,1.0,0.0,0.0,0.2565597667638484,0.33527696793002915,0.40816326530612246,1.0
banknote-authentication,rfc-nosuite,0.9941690962099126,1.0,1.0,0.0,0.0,0.17201166180758018,0.6618075801749271,0.239067055393586,1.0
banknote-authentication,rfc-nosuite,0.9941690962099126,1.0,1.0,0.0,0.0,0.15451895043731778,0.10787172011661808,0.23323615160349853,1.0
banknote-authentication,rfc-nosuite,0.9941690962099126,0.99,0.3323615160349854,0.0,0.0,0.09037900874635568,0.12536443148688048,0.18950437317784258,1.0
banknote-authentication,rfc-nosuite,0.9941690962099126,0.99,0.3323615160349854,0.0,0.0,0.09037900874635568,0.08454810495626822,0.2536443148688047,1.0
banknote-authentication,rfc-nosuite,0.9941690962099126,0.99,0.6676384839650146,0.0,0.0,0.3119533527696793,0.09037900874635568,0.19825072886297376,1.0
banknote-authentication,rfc-nosuite,0.9941690962099126,0.99,1.0,0.0,0.0,0.33819241982507287,0.33819241982507287,0.30029154518950435,1.0
banknote-authentication,rfc-nosuite,0.9941690962099126,1.0,1.0,0.0,0.0,0.3848396501457726,0.2478134110787172,0.35276967930029157,1.0
banknote-authentication,rfc-nosuite,0.9941690962099126,1.0,0.8688046647230321,0.0,0.0,0.6763848396501457,0.30612244897959184,0.358600583090379,1.0
banknote-authentication,rfc-nosuite,0.9941690962099126,0.99,0.20699708454810495,0.0,0.0,0.2478134110787172,0.3498542274052478,0.22740524781341107,1.0
banknote-authentication,rfc-nosuite,0.9941690962099126,0.99,1.0,0.0,0.0,0.33819241982507287,0.30612244897959184,0.36151603498542273,1.0
banknote-authentication,rfc-nosuite,0.9941690962099126,0.99,1.0,0.0,0.0,0.5510204081632653,0.30903790087463556,0.4489795918367347,1.0
banknote-authentication,rfc-nosuite,0.9941690962099126,0.76,0.6618075801749271,0.0,0.0,0.037900874635568516,0.0728862973760933,0.029154518950437316,1.0
banknote-authentication,rfc-nosuite,0.9941690962099126,1.0,1.0,0.0,0.0,0.33819241982507287,0.30612244897959184,0.35276967930029157,1.0
banknote-authentication,rfc-nosuite,0.9941690962099126,1.0,1.0,0.0,0.0,0.10495626822157435,0.03206997084548105,0.2536443148688047,1.0
banknote-authentication,rfc-nosuite,0.9941690962099126,1.0,1.0,0.0,0.0,0.40524781341107874,0.26239067055393583,0.4489795918367347,1.0
banknote-authentication,rfc-nosuite,0.9941690962099126,0.98,0.33819241982507287,0.0,0.0,0.33819241982507287,0.30612244897959184,0.32653061224489793,1.0
banknote-authentication,rfc-nosuite,0.9941690962099126,0.99,1.0,0.0,0.0,0.4606413994169096,0.07871720116618076,0.3469387755102041,1.0
banknote-authentication,rfc-nosuite,0.9941690962099126,0.98,1.0,0.0,0.0,0.2303206997084548,0.3498542274052478,0.2594752186588921,1.0
banknote-authentication,rfc-nosuite,0.9941690962099126,1.0,1.0,0.0,0.0,0.3119533527696793,0.2478134110787172,0.3469387755102041,1.0
banknote-authentication,rfc-nosuite,0.9941690962099126,0.93,0.3032069970845481,0.0,0.0,0.061224489795918366,0.023323615160349854,0.061224489795918366,1.0
banknote-authentication,rfc-nosuite,0.9941690962099126,1.0,1.0,0.0,0.0,0.3498542274052478,0.46647230320699706,0.32653061224489793,1.0
banknote-authentication,rfc-nosuite,0.9941690962099126,0.97,0.42857142857142855,0.0,0.0,0.20699708454810495,0.3848396501457726,0.23615160349854228,1.0
banknote-authentication,rfc-nosuite,0.9941690962099126,1.0,1.0,0.0,0.0,0.4110787172011662,0.07871720116618076,0.35276967930029157,1.0
banknote-authentication,rfc-nosuite,0.9941690962099126,1.0,1.0,0.0,0.0,0.4198250728862974,0.3323615160349854,0.3673469387755102,1.0
banknote-authentication,rfc-nosuite,0.9941690962099126,1.0,1.0,0.0,0.0,0.24198250728862974,0.3673469387755102,0.4314868804664723,1.0
banknote-authentication,rfc-nosuite,0.9941690962099126,0.98,1.0,0.0,0.0,0.16034985422740525,0.27696793002915454,0.30612244897959184,1.0
banknote-authentication,rfc-nosuite,0.9941690962099126,0.99,1.0,0.0,0.0,0.358600583090379,0.08746355685131195,0.43731778425655976,1.0
banknote-authentication,rfc-nosuite,0.9941690962099126,1.0,1.0,0.0,0.0,0.36151603498542273,0.30029154518950435,0.42565597667638483,1.0
banknote-authentication,rfc-nosuite,0.9941690962099126,1.0,0.30029154518950435,0.0,0.0,0.6005830903790087,0.3032069970845481,0.3119533527696793,1.0
banknote-authentication,rfc-nosuite,0.9941690962099126,0.72,0.6618075801749271,0.0,0.0,0.03206997084548105,0.0058309037900874635,0.026239067055393587,1.0
banknote-authentication,rfc-nosuite,0.9941690962099126,0.97,0.2478134110787172,0.0,0.0,0.4198250728862974,0.03206997084548105,0.10204081632653061,1.0
banknote-authentication,rfc-nosuite,0.9941690962099126,0.99,1.0,0.0,0.0,0.1749271137026239,0.4110787172011662,0.2653061224489796,1.0
banknote-authentication,rfc-nosuite,0.9941690962099126,1.0,0.6676384839650146,0.0,0.0,0.4139941690962099,0.40524781341107874,0.27113702623906705,1.0
banknote-authentication,rfc-nosuite,0.9941690962099126,1.0,1.0,0.0,0.0,0.4139941690962099,0.2886297376093295,0.37026239067055394,1.0
banknote-authentication,rfc-nosuite,0.9941690962099126,0.99,0.5043731778425656,0.0,0.0,0.20116618075801748,0.29737609329446063,0.3556851311953353,1.0
banknote-authentication,rfc-nosuite,0.9941690962099126,0.99,1.0,0.0,0.0,0.33819241982507287,0.2594752186588921,0.3848396501457726,1.0
banknote-authentication,rfc-nosuite,0.9941690962099126,0.92,0.01749271137026239,0.0,0.0,0.1836734693877551,0.01749271137026239,0.09037900874635568,1.0
volcanoes-a2,rfc-nosuite,0.9310344827586207,0.92,0.37438423645320196,0.0,0.0,0.312807881773399,0.8152709359605911,,1.0
volcanoes-a2,rfc-nosuite,0.9310344827586207,0.99,0.30295566502463056,0.0,0.0,0.034482758620689655,0.8719211822660099,,1.0
volcanoes-a2,rfc-nosuite,0.9310344827586207,1.0,1.0,0.0,0.0,1.0,0.5911330049261084,0.9605911330049262,1.0
volcanoes-a2,rfc-nosuite,0.9310344827586207,0.97,1.0,0.0,0.0,0.6551724137931034,0.8251231527093597,,1.0
volcanoes-a2,rfc-nosuite,0.9310344827586207,0.83,0.8423645320197044,0.0,0.0,1.0,0.45320197044334976,,1.0
volcanoes-a2,rfc-nosuite,0.9310344827586207,1.0,1.0,0.0,0.0,1.0,0.9137931034482759,0.9532019704433498,1.0
volcanoes-a2,rfc-nosuite,0.9310344827586207,0.9,1.0,0.0,0.0,0.6551724137931034,0.6403940886699507,0.9310344827586207,1.0
volcanoes-a2,rfc-nosuite,0.9310344827586207,0.98,1.0,0.0,0.0,0.229064039408867,0.45073891625615764,,1.0
volcanoes-a2,rfc-nosuite,0.9310344827586207,0.97,1.0,0.0,0.0,0.5,0.854679802955665,0.9137931034482759,1.0
volcanoes-a2,rfc-nosuite,0.9310344827586207,1.0,1.0,0.0,0.0,0.8423645320197044,0.9014778325123153,0.9137931034482759,1.0
volcanoes-a2,rfc-nosuite,0.9310344827586207,0.7,0.0049261083743842365,0.0,0.0,0.23891625615763548,0.019704433497536946,0.2561576354679803,1.0
volcanoes-a2,rfc-nosuite,0.9310344827586207,1.0,1.0,0.0,0.0,0.34236453201970446,0.5911330049261084,0.8768472906403941,1.0
volcanoes-a2,rfc-nosuite,0.9310344827586207,0.61,0.4482758620689655,0.0,0.0,0.9532019704433498,0.007389162561576354,0.20689655172413793,1.0
volcanoes-a2,rfc-nosuite,0.9310344827586207,0.76,0.9137931034482759,0.0,0.0,0.9261083743842364,0.5467980295566502,0.9310344827586207,1.0
volcanoes-a2,rfc-nosuite,0.9310344827586207,0.91,1.0,0.0,0.0,0.6527093596059114,0.8251231527093597,,1.0
volcanoes-a2,rfc-nosuite,0.9310344827586207,1.0,1.0,0.0,0.0,0.4064039408866995,0.7266009852216748,0.9137931034482759,1.0
volcanoes-a2,rfc-nosuite,0.9310344827586207,0.99,1.0,0.0,0.0,0.26108374384236455,0.5394088669950738,0.9211822660098522,1.0
volcanoes-a2,rfc-nosuite,0.9310344827586207,0.96,1.0,0.0,0.0,0.9137931034482759,0.9187192118226601,0.9088669950738916,1.0
volcanoes-a2,rfc-nosuite,0.9310344827586207,1.0,1.0,0.0,0.0,1.0,0.874384236453202,,1.0
volcanoes-a2,rfc-nosuite,0.9310344827586207,1.0,1.0,0.0,0.0,1.0,0.7635467980295566,0.9334975369458128,1.0
volcanoes-a2,rfc-nosuite,0.9310344827586207,1.0,1.0,0.0,0.0,0.034482758620689655,0.854679802955665,,1.0
volcanoes-a2,rfc-nosuite,0.9310344827586207,0.95,1.0,0.0,0.0,1.0,0.916256157635468,0.9014778325123153,1.0
volcanoes-a2,rfc-nosuite,0.9310344827586207,0.98,1.0,0.0,0.0,0.8201970443349754,0.8374384236453202,0.9532019704433498,1.0
volcanoes-a2,rfc-nosuite,0.9310344827586207,1.0,0.7512315270935961,0.0,0.0,1.0,0.8669950738916257,,1.0
volcanoes-a2,rfc-nosuite,0.9310344827586207,0.99,1.0,0.0,0.0,0.034482758620689655,0.9014778325123153,0.9532019704433498,1.0
volcanoes-a2,rfc-nosuite,0.9310344827586207,1.0,1.0,0.0,0.0,1.0,0.8374384236453202,,1.0
volcanoes-a2,rfc-nosuite,0.9310344827586207,1.0,1.0,0.0,0.0,0.41625615763546797,0.8842364532019704,,1.0
volcanoes-a2,rfc-nosuite,0.9310344827586207,0.94,1.0,0.0,0.0,0.8423645320197044,0.5517241379310345,,1.0
volcanoes-a2,rfc-nosuite,0.9310344827586207,0.91,1.0,0.0,0.0,0.874384236453202,0.6502463054187192,0.874384236453202,1.0
volcanoes-a2,rfc-nosuite,0.9310344827586207,1.0,1.0,0.0,0.0,0.8842364532019704,0.8423645320197044,0.9630541871921182,1.0
volcanoes-a2,rfc-nosuite,0.9310344827586207,1.0,1.0,0.0,0.0,1.0,0.8571428571428571,,1.0
volcanoes-a2,rfc-nosuite,0.9310344827586207,1.0,1.0,0.0,0.0,0.7955665024630542,0.8275862068965517,,1.0
volcanoes-a2,rfc-nosuite,0.9310344827586207,0.99,1.0,0.0,0.0,0.8177339901477833,0.7783251231527094,0.9679802955665024,1.0
volcanoes-a2,rfc-nosuite,0.9310344827586207,1.0,1.0,0.0,0.0,0.8251231527093597,0.41133004926108374,0.9334975369458128,1.0
volcanoes-a2,rfc-nosuite,0.9310344827586207,1.0,1.0,0.0,0.0,0.14532019704433496,0.874384236453202,,1.0
volcanoes-a2,rfc-nosuite,0.9310344827586207,1.0,1.0,0.0,0.0,0.6551724137931034,0.7241379310344828,,1.0
volcanoes-a2,rfc-nosuite,0.9310344827586207,1.0,1.0,0.0,0.0,1.0,0.8448275862068966,,1.0
volcanoes-a2,rfc-nosuite,0.9310344827586207,0.41,0.024630541871921183,0.0,0.0,0.012315270935960592,0.019704433497536946,0.014778325123152709,1.0
volcanoes-a2,rfc-nosuite,0.9310344827586207,1.0,1.0,0.0,0.0,1.0,0.7881773399014779,,1.0
volcanoes-a2,rfc-nosuite,0.9310344827586207,0.83,0.8793103448275862,0.0,0.0,0.9137931034482759,0.9137931034482759,0.9137931034482759,1.0
volcanoes-a2,rfc-nosuite,0.9310344827586207,1.0,1.0,0.0,0.0,0.8423645320197044,0.45566502463054187,0.9211822660098522,1.0
volcanoes-a2,rfc-nosuite,0.9310344827586207,1.0,1.0,0.0,0.0,0.7536945812807881,0.8866995073891626,0.9408866995073891,1.0
volcanoes-a2,rfc-nosuite,0.9310344827586207,1.0,1.0,0.0,0.0,1.0,0.5492610837438424,0.9285714285714286,1.0
volcanoes-a2,rfc-nosuite,0.9310344827586207,0.97,1.0,0.0,0.0,0.4187192118226601,0.8054187192118226,0.9556650246305419,1.0
volcanoes-a2,rfc-nosuite,0.9310344827586207,0.99,1.0,0.0,0.0,1.0,0.5197044334975369,0.9630541871921182,1.0
volcanoes-a2,rfc-nosuite,0.9310344827586207,0.88,0.024630541871921183,0.0,0.0,0.9679802955665024,0.019704433497536946,0.30295566502463056,1.0
volcanoes-a2,rfc-nosuite,0.9310344827586207,0.99,1.0,0.0,0.0,0.229064039408867,0.8251231527093597,0.9014778325123153,1.0
volcanoes-a2,rfc-nosuite,0.9310344827586207,0.93,0.9334975369458128,0.0,0.0,1.0,0.6921182266009852,0.9482758620689655,1.0
volcanoes-a2,rfc-nosuite,0.9310344827586207,1.0,1.0,0.0,0.0,0.8349753694581281,0.5369458128078818,0.9236453201970444,1.0
volcanoes-a2,rfc-nosuite,0.9310344827586207,0.98,1.0,0.0,0.0,1.0,0.9137931034482759,0.9236453201970444,1.0
volcanoes-a3,rfc-nosuite,0.889763779527559,0.35,0.023622047244094488,0.0,0.0,0.5853018372703412,0.12860892388451445,0.1889763779527559,1.0
volcanoes-a3,rfc-nosuite,0.889763779527559,1.0,1.0,0.0,0.0,1.0,0.847769028871391,0.9186351706036745,1.0
volcanoes-a3,rfc-nosuite,0.889763779527559,0.4,0.049868766404199474,0.0,0.0,0.03412073490813648,0.02099737532808399,0.023622047244094488,1.0
volcanoes-a3,rfc-nosuite,0.889763779527559,0.99,1.0,0.0,0.0,1.0,0.7821522309711286,0.9396325459317585,1.0
volcanoes-a3,rfc-nosuite,0.889763779527559,1.0,1.0,0.0,0.0,0.30183727034120733,0.7847769028871391,0.9002624671916011,1.0
volcanoes-a3,rfc-nosuite,0.889763779527559,1.0,1.0,0.0,0.0,1.0,0.8372703412073491,0.8740157480314961,1.0
volcanoes-a3,rfc-nosuite,0.889763779527559,1.0,1.0,0.0,0.0,0.6194225721784777,0.5905511811023622,0.9212598425196851,1.0
volcanoes-a3,rfc-nosuite,0.889763779527559,0.98,1.0,0.0,0.0,1.0,0.9002624671916011,,1.0
volcanoes-a3,rfc-nosuite,0.889763779527559,0.94,1.0,0.0,0.0,1.0,0.821522309711286,0.9028871391076115,1.0
volcanoes-a3,rfc-nosuite,0.889763779527559,1.0,1.0,0.0,0.0,1.0,0.8871391076115486,0.9212598425196851,1.0
volcanoes-a3,rfc-nosuite,0.889763779527559,1.0,1.0,0.0,0.0,0.5905511811023622,0.7952755905511811,,1.0
volcanoes-a3,rfc-nosuite,0.889763779527559,0.95,0.8871391076115486,0.0,0.0,0.905511811023622,0.8871391076115486,0.8818897637795275,1.0
volcanoes-a3,rfc-nosuite,0.889763779527559,0.76,1.0,0.0,0.0,1.0,0.6299212598425197,0.931758530183727,1.0
volcanoes-a3,rfc-nosuite,0.889763779527559,0.56,0.031496062992125984,0.0,0.0,0.7296587926509186,0.9028871391076115,0.7401574803149606,1.0
volcanoes-a3,rfc-nosuite,0.889763779527559,0.97,0.8871391076115486,0.0,0.0,0.937007874015748,0.9002624671916011,0.9028871391076115,1.0
volcanoes-a3,rfc-nosuite,0.889763779527559,0.99,1.0,0.0,0.0,0.9291338582677166,0.8976377952755905,0.9212598425196851,1.0
volcanoes-a3,rfc-nosuite,0.889763779527559,0.96,0.7795275590551181,0.0,0.0,0.8241469816272966,0.868766404199475,0.89501312335958,1.0
volcanoes-a3,rfc-nosuite,0.889763779527559,1.0,1.0,0.0,0.0,1.0,0.863517060367454,0.9186351706036745,1.0
volcanoes-a3,rfc-nosuite,0.889763779527559,0.99,1.0,0.0,0.0,0.6246719160104987,0.8766404199475065,0.9002624671916011,1.0
volcanoes-a3,rfc-nosuite,0.889763779527559,0.96,0.7952755905511811,0.0,0.0,0.5328083989501312,0.6272965879265092,0.9291338582677166,1.0
volcanoes-a3,rfc-nosuite,0.889763779527559,1.0,1.0,0.0,0.0,1.0,0.821522309711286,0.9028871391076115,1.0
volcanoes-a3,rfc-nosuite,0.889763779527559,0.92,0.8871391076115486,0.0,0.0,0.8871391076115486,0.8871391076115486,0.9002624671916011,1.0
volcanoes-a3,rfc-nosuite,0.889763779527559,0.99,1.0,0.0,0.0,1.0,0.8188976377952756,,1.0
volcanoes-a3,rfc-nosuite,0.889763779527559,0.77,0.926509186351706,0.0,0.0,0.9422572178477691,0.6430446194225722,0.8267716535433071,1.0
volcanoes-a3,rfc-nosuite,0.889763779527559,0.93,1.0,0.0,0.0,1.0,0.847769028871391,0.8923884514435696,1.0
volcanoes-a3,rfc-nosuite,0.889763779527559,0.99,1.0,0.0,0.0,1.0,0.8110236220472441,,1.0
volcanoes-a3,rfc-nosuite,0.889763779527559,0.55,0.05774278215223097,0.0,0.0,0.9291338582677166,0.2650918635170604,0.926509186351706,1.0
volcanoes-a3,rfc-nosuite,0.889763779527559,0.97,1.0,0.0,0.0,1.0,0.8740157480314961,0.9291338582677166,1.0
volcanoes-a3,rfc-nosuite,0.889763779527559,1.0,1.0,0.0,0.0,0.6272965879265092,0.8976377952755905,0.9658792650918635,1.0
volcanoes-a3,rfc-nosuite,0.889763779527559,0.99,1.0,0.0,0.0,1.0,0.8976377952755905,,1.0
volcanoes-a3,rfc-nosuite,0.889763779527559,1.0,1.0,0.0,0.0,0.30183727034120733,0.7952755905511811,0.9212598425196851,1.0
volcanoes-a3,rfc-nosuite,0.889763779527559,0.99,1.0,0.0,0.0,1.0,0.7532808398950132,0.8923884514435696,1.0
volcanoes-a3,rfc-nosuite,0.889763779527559,0.76,0.926509186351706,0.0,0.0,0.9291338582677166,0.6902887139107612,0.9291338582677166,1.0
volcanoes-a3,rfc-nosuite,0.889763779527559,0.93,1.0,0.0,0.0,0.8871391076115486,0.8871391076115486,0.9186351706036745,1.0
volcanoes-a3,rfc-nosuite,0.889763779527559,1.0,1.0,0.0,0.0,0.30183727034120733,0.863517060367454,,1.0
volcanoes-a3,rfc-nosuite,0.889763779527559,0.86,0.5958005249343832,0.0,0.0,1.0,0.5039370078740157,0.9606299212598425,1.0
volcanoes-a3,rfc-nosuite,0.889763779527559,1.0,0.49343832020997375,0.0,0.0,1.0,0.8372703412073491,0.9396325459317585,1.0
volcanoes-a3,rfc-nosuite,0.889763779527559,0.98,1.0,0.0,0.0,0.3333333333333333,0.8608923884514436,0.9291338582677166,1.0
volcanoes-a3,rfc-nosuite,0.889763779527559,0.97,0.8871391076115486,0.0,0.0,0.05774278215223097,0.8871391076115486,,1.0
volcanoes-a3,rfc-nosuite,0.889763779527559,1.0,1.0,0.0,0.0,0.9396325459317585,0.6299212598425197,0.9343832020997376,1.0
volcanoes-a3,rfc-nosuite,0.889763779527559,0.99,1.0,0.0,0.0,1.0,0.8320209973753281,0.9422572178477691,1.0
volcanoes-a3,rfc-nosuite,0.889763779527559,0.45,0.010498687664041995,0.0,0.0,0.013123359580052493,0.047244094488188976,0.010498687664041995,1.0
volcanoes-a3,rfc-nosuite,0.889763779527559,0.98,1.0,0.0,0.0,1.0,0.8241469816272966,,1.0
volcanoes-a3,rfc-nosuite,0.889763779527559,1.0,1.0,0.0,0.0,0.7795275590551181,0.8320209973753281,0.931758530183727,1.0
volcanoes-a3,rfc-nosuite,0.889763779527559,0.95,1.0,0.0,0.0,0.2677165354330709,0.6167979002624672,0.9291338582677166,1.0
volcanoes-a3,rfc-nosuite,0.889763779527559,0.99,1.0,0.0,0.0,1.0,0.8031496062992126,0.937007874015748,1.0
volcanoes-a3,rfc-nosuite,0.889763779527559,0.94,1.0,0.0,0.0,1.0,0.847769028871391,0.9553805774278216,1.0
volcanoes-a3,rfc-nosuite,0.889763779527559,1.0,1.0,0.0,0.0,0.7952755905511811,0.8582677165354331,0.916010498687664,1.0
volcanoes-a3,rfc-nosuite,0.889763779527559,1.0,1.0,0.0,0.0,1.0,0.7532808398950132,0.9291338582677166,1.0
volcanoes-a3,rfc-nosuite,0.889763779527559,1.0,1.0,0.0,0.0,1.0,0.868766404199475,0.9291338582677166,1.0
volcanoes-a4,rfc-nosuite,0.8891820580474934,1.0,1.0,0.0,0.0,1.0,0.8469656992084432,0.9102902374670184,1.0
volcanoes-a4,rfc-nosuite,0.8891820580474934,1.0,1.0,0.0,0.0,0.16094986807387862,0.8311345646437994,,1.0
volcanoes-a4,rfc-nosuite,0.8891820580474934,0.61,0.07387862796833773,0.0,0.0,0.0079155672823219,0.0079155672823219,0.052770448548812667,1.0
volcanoes-a4,rfc-nosuite,0.8891820580474934,0.95,1.0,0.0,0.0,1.0,0.841688654353562,,1.0
volcanoes-a4,rfc-nosuite,0.8891820580474934,1.0,1.0,0.0,0.0,1.0,0.8812664907651715,0.8891820580474934,1.0
volcanoes-a4,rfc-nosuite,0.8891820580474934,0.57,0.029023746701846966,0.0,0.0,0.19788918205804748,0.055408970976253295,0.31926121372031663,1.0
volcanoes-a4,rfc-nosuite,0.8891820580474934,1.0,1.0,0.0,0.0,1.0,0.8232189973614775,0.9102902374670184,1.0
volcanoes-a4,rfc-nosuite,0.8891820580474934,0.87,0.8918205804749341,0.0,0.0,0.9102902374670184,0.20316622691292877,0.8944591029023746,1.0
volcanoes-a4,rfc-nosuite,0.8891820580474934,0.88,1.0,0.0,0.0,1.0,0.7968337730870713,0.7941952506596306,1.0
volcanoes-a4,rfc-nosuite,0.8891820580474934,1.0,1.0,0.0,0.0,1.0,0.7440633245382586,0.9023746701846965,1.0
volcanoes-a4,rfc-nosuite,0.8891820580474934,1.0,1.0,0.0,0.0,1.0,0.7203166226912929,0.8786279683377308,1.0
volcanoes-a4,rfc-nosuite,0.8891820580474934,0.98,1.0,0.0,0.0,0.6517150395778364,0.8918205804749341,0.9287598944591029,1.0
volcanoes-a4,rfc-nosuite,0.8891820580474934,0.99,1.0,0.0,0.0,1.0,0.8601583113456465,0.8786279683377308,1.0
volcanoes-a4,rfc-nosuite,0.8891820580474934,1.0,1.0,0.0,0.0,1.0,0.7889182058047494,,1.0
volcanoes-a4,rfc-nosuite,0.8891820580474934,1.0,1.0,0.0,0.0,0.8073878627968337,0.5118733509234829,0.9102902374670184,1.0
volcanoes-a4,rfc-nosuite,0.8891820580474934,1.0,1.0,0.0,0.0,1.0,0.8311345646437994,,1.0
volcanoes-a4,rfc-nosuite,0.8891820580474934,1.0,1.0,0.0,0.0,1.0,0.8311345646437994,,1.0
volcanoes-a4,rfc-nosuite,0.8891820580474934,1.0,1.0,0.0,0.0,0.8311345646437994,0.7493403693931399,,1.0
volcanoes-a4,rfc-nosuite,0.8891820580474934,1.0,1.0,0.0,0.0,1.0,0.8839050131926122,0.9234828496042217,1.0
volcanoes-a4,rfc-nosuite,0.8891820580474934,1.0,1.0,0.0,0.0,1.0,0.820580474934037,,1.0
volcanoes-a4,rfc-nosuite,0.8891820580474934,1.0,1.0,0.0,0.0,1.0,0.8153034300791556,0.9313984168865436,1.0
volcanoes-a4,rfc-nosuite,0.8891820580474934,0.39,0.0395778364116095,0.0,0.0,0.0158311345646438,0.005277044854881266,0.005277044854881266,1.0
volcanoes-a4,rfc-nosuite,0.8891820580474934,1.0,1.0,0.0,0.0,1.0,0.762532981530343,0.9498680738786279,1.0
volcanoes-a4,rfc-nosuite,0.8891820580474934,0.98,1.0,0.0,0.0,1.0,0.8153034300791556,,1.0
volcanoes-a4,rfc-nosuite,0.8891820580474934,0.75,0.8759894459102903,0.0,0.0,0.8786279683377308,0.8812664907651715,0.8786279683377308,1.0
volcanoes-a4,rfc-nosuite,0.8891820580474934,1.0,1.0,0.0,0.0,0.20316622691292877,0.8469656992084432,,1.0
volcanoes-a4,rfc-nosuite,0.8891820580474934,1.0,1.0,0.0,0.0,1.0,0.6912928759894459,,1.0
volcanoes-a4,rfc-nosuite,0.8891820580474934,0.32,0.052770448548812667,0.0,0.0,0.013192612137203167,0.0633245382585752,0.021108179419525065,1.0
volcanoes-a4,rfc-nosuite,0.8891820580474934,0.96,1.0,0.0,0.0,0.9868073878627969,0.8786279683377308,0.9287598944591029,1.0
volcanoes-a4,rfc-nosuite,0.8891820580474934,0.84,1.0,0.0,0.0,1.0,0.8733509234828496,0.9393139841688655,1.0
volcanoes-a4,rfc-nosuite,0.8891820580474934,0.62,1.0,0.0,0.0,0.055408970976253295,0.29815303430079154,,1.0
volcanoes-a4,rfc-nosuite,0.8891820580474934,0.99,1.0,0.0,0.0,1.0,0.7968337730870713,0.9076517150395779,1.0
volcanoes-a4,rfc-nosuite,0.8891820580474934,0.83,0.7361477572559367,0.0,0.0,0.43271767810026385,0.47493403693931396,0.9234828496042217,1.0
volcanoes-a4,rfc-nosuite,0.8891820580474934,0.97,0.8258575197889182,0.0,0.0,0.5277044854881267,0.8918205804749341,0.8918205804749341,1.0
volcanoes-a4,rfc-nosuite,0.8891820580474934,0.5,0.0316622691292876,0.0,0.0,0.05804749340369393,0.026385224274406333,0.05013192612137203,1.0
volcanoes-a4,rfc-nosuite,0.8891820580474934,0.75,0.055408970976253295,0.0,0.0,1.0,0.43535620052770446,,1.0
volcanoes-a4,rfc-nosuite,0.8891820580474934,0.8,1.0,0.0,0.0,1.0,0.8126649076517151,,1.0
volcanoes-a4,rfc-nosuite,0.8891820580474934,1.0,1.0,0.0,0.0,1.0,0.820580474934037,0.9287598944591029,1.0
volcanoes-a4,rfc-nosuite,0.8891820580474934,0.98,1.0,0.0,0.0,0.40105540897097625,0.8759894459102903,,1.0
volcanoes-a4,rfc-nosuite,0.8891820580474934,0.35,0.018469656992084433,0.0,0.0,0.010554089709762533,0.0079155672823219,0.005277044854881266,1.0
volcanoes-a4,rfc-nosuite,0.8891820580474934,1.0,1.0,0.0,0.0,1.0,0.8918205804749341,0.8918205804749341,1.0
volcanoes-a4,rfc-nosuite,0.8891820580474934,0.9,0.8786279683377308,0.0,0.0,0.40897097625329815,0.8839050131926122,0.9287598944591029,1.0
volcanoes-a4,rfc-nosuite,0.8891820580474934,0.97,0.7678100263852242,0.0,0.0,1.0,0.8839050131926122,,1.0
volcanoes-a4,rfc-nosuite,0.8891820580474934,0.98,1.0,0.0,0.0,1.0,0.8153034300791556,0.9023746701846965,1.0
volcanoes-a4,rfc-nosuite,0.8891820580474934,0.96,1.0,0.0,0.0,1.0,0.8390501319261213,,1.0
volcanoes-a4,rfc-nosuite,0.8891820580474934,0.99,1.0,0.0,0.0,0.1345646437994723,0.8759894459102903,,1.0
volcanoes-a4,rfc-nosuite,0.8891820580474934,0.98,0.3720316622691293,0.0,0.0,1.0,0.6437994722955145,,1.0
volcanoes-a4,rfc-nosuite,0.8891820580474934,0.95,0.3720316622691293,0.0,0.0,1.0,0.8759894459102903,0.920844327176781,1.0
volcanoes-a4,rfc-nosuite,0.8891820580474934,0.79,1.0,0.0,0.0,1.0,0.6490765171503958,0.899736147757256,1.0
volcanoes-a4,rfc-nosuite,0.8891820580474934,0.99,1.0,0.0,0.0,0.6860158311345647,0.8839050131926122,0.9234828496042217,1.0
volcanoes-e1,rfc-nosuite,0.9121621621621622,1.0,1.0,0.0,0.0,1.0,0.7804054054054054,0.9493243243243243,1.0
volcanoes-e1,rfc-nosuite,0.9121621621621622,0.99,1.0,0.0,0.0,1.0,0.777027027027027,0.9290540540540541,1.0
volcanoes-e1,rfc-nosuite,0.9121621621621622,1.0,1.0,0.0,0.0,1.0,0.7905405405405406,,1.0
volcanoes-e1,rfc-nosuite,0.9121621621621622,1.0,1.0,0.0,0.0,1.0,0.7702702702702703,0.8344594594594594,1.0
volcanoes-e1,rfc-nosuite,0.9121621621621622,1.0,1.0,0.0,0.0,1.0,0.8040540540540541,0.9155405405405406,1.0
volcanoes-e1,rfc-nosuite,0.9121621621621622,0.75,0.05067567567567568,0.0,0.0,0.19594594594594594,0.18243243243243243,0.1858108108108108,1.0
volcanoes-e1,rfc-nosuite,0.9121621621621622,1.0,1.0,0.0,0.0,1.0,0.3277027027027027,0.8783783783783784,1.0
volcanoes-e1,rfc-nosuite,0.9121621621621622,0.99,1.0,0.0,0.0,1.0,0.777027027027027,0.8209459459459459,1.0
volcanoes-e1,rfc-nosuite,0.9121621621621622,1.0,1.0,0.0,0.0,1.0,0.28040540540540543,0.8277027027027027,1.0
volcanoes-e1,rfc-nosuite,0.9121621621621622,0.85,0.7905405405405406,0.0,0.0,0.8209459459459459,0.6824324324324325,,1.0
volcanoes-e1,rfc-nosuite,0.9121621621621622,1.0,1.0,0.0,0.0,0.11824324324324324,0.7432432432432432,,1.0
volcanoes-e1,rfc-nosuite,0.9121621621621622,0.82,1.0,0.0,0.0,1.0,0.8108108108108109,0.8040540540540541,1.0
volcanoes-e1,rfc-nosuite,0.9121621621621622,0.88,1.0,0.0,0.0,1.0,0.28716216216216217,0.8378378378378378,1.0
volcanoes-e1,rfc-nosuite,0.9121621621621622,0.51,0.04391891891891892,0.0,0.0,1.0,0.16216216216216217,0.20608108108108109,1.0
volcanoes-e1,rfc-nosuite,0.9121621621621622,0.97,0.40540540540540543,0.0,0.0,0.07432432432432433,0.7432432432432432,0.831081081081081,1.0
volcanoes-e1,rfc-nosuite,0.9121621621621622,0.98,1.0,0.0,0.0,0.8682432432432432,0.38175675675675674,,1.0
volcanoes-e1,rfc-nosuite,0.9121621621621622,0.99,1.0,0.0,0.0,0.09797297297297297,0.8006756756756757,0.8344594594594594,1.0
volcanoes-e1,rfc-nosuite,0.9121621621621622,1.0,1.0,0.0,0.0,1.0,0.8141891891891891,,1.0
volcanoes-e1,rfc-nosuite,0.9121621621621622,0.94,0.33783783783783783,0.0,0.0,1.0,0.597972972972973,0.8344594594594594,1.0
volcanoes-e1,rfc-nosuite,0.9121621621621622,0.92,0.16554054054054054,0.0,0.0,0.19594594594594594,0.13513513513513514,0.20945945945945946,1.0
volcanoes-e1,rfc-nosuite,0.9121621621621622,1.0,1.0,0.0,0.0,1.0,0.7871621621621622,,1.0
volcanoes-e1,rfc-nosuite,0.9121621621621622,1.0,1.0,0.0,0.0,1.0,0.7027027027027027,,1.0
volcanoes-e1,rfc-nosuite,0.9121621621621622,0.84,0.3547297297297297,0.0,0.0,0.8209459459459459,0.8209459459459459,,1.0
volcanoes-e1,rfc-nosuite,0.9121621621621622,0.76,0.12837837837837837,0.0,0.0,0.12837837837837837,0.34459459459459457,0.43243243243243246,1.0
volcanoes-e1,rfc-nosuite,0.9121621621621622,0.63,0.8851351351351351,0.0,0.0,1.0,0.30743243243243246,0.20945945945945946,1.0
volcanoes-e1,rfc-nosuite,0.9121621621621622,0.97,1.0,0.0,0.0,1.0,0.7905405405405406,0.8209459459459459,1.0
volcanoes-e1,rfc-nosuite,0.9121621621621622,0.98,1.0,0.0,0.0,1.0,,,1.0
volcanoes-e1,rfc-nosuite,0.9121621621621622,1.0,1.0,0.0,0.0,0.44932432432432434,0.6182432432432432,0.831081081081081,1.0
volcanoes-e1,rfc-nosuite,0.9121621621621622,1.0,0.7195945945945946,0.0,0.0,0.831081081081081,,0.8209459459459459,1.0
volcanoes-e1,rfc-nosuite,0.9121621621621622,0.78,0.0777027027027027,0.0,0.0,0.30405405405405406,0.6114864864864865,0.12837837837837837,1.0
volcanoes-e1,rfc-nosuite,0.9121621621621622,0.96,0.6824324324324325,0.0,0.0,1.0,,0.8344594594594594,1.0
volcanoes-e1,rfc-nosuite,0.9121621621621622,0.87,0.013513513513513514,0.0,0.0,0.28040540540540543,0.24324324324324326,0.34797297297297297,1.0
volcanoes-e1,rfc-nosuite,0.9121621621621622,1.0,1.0,0.0,0.0,1.0,0.8209459459459459,0.8682432432432432,1.0
volcanoes-e1,rfc-nosuite,0.9121621621621622,0.98,0.8243243243243243,0.0,0.0,0.8277027027027027,0.42905405405405406,0.831081081081081,1.0
volcanoes-e1,rfc-nosuite,0.9121621621621622,0.49,1.0,0.0,0.0,0.1554054054054054,0.11486486486486487,0.060810810810810814,1.0
volcanoes-e1,rfc-nosuite,0.9121621621621622,1.0,0.35135135135135137,0.0,0.0,0.0777027027027027,0.7871621621621622,0.8209459459459459,1.0
volcanoes-e1,rfc-nosuite,0.9121621621621622,0.85,0.3108108108108108,0.0,0.0,0.9459459459459459,0.3108108108108108,0.6587837837837838,1.0
volcanoes-e1,rfc-nosuite,0.9121621621621622,0.97,1.0,0.0,0.0,1.0,0.722972972972973,,1.0
volcanoes-e1,rfc-nosuite,0.9121621621621622,0.81,0.722972972972973,0.0,0.0,0.8851351351351351,0.8209459459459459,0.9290540540540541,1.0
volcanoes-e1,rfc-nosuite,0.9121621621621622,0.5,0.32094594594594594,0.0,0.0,0.6216216216216216,0.11148648648648649,0.22972972972972974,1.0
volcanoes-e1,rfc-nosuite,0.9121621621621622,0.99,1.0,0.0,0.0,1.0,0.8344594594594594,,1.0
volcanoes-e1,rfc-nosuite,0.9121621621621622,0.99,0.7195945945945946,0.0,0.0,0.8344594594594594,,,1.0
volcanoes-e1,rfc-nosuite,0.9121621621621622,0.98,1.0,0.0,0.0,1.0,0.7432432432432432,0.8209459459459459,1.0
volcanoes-e1,rfc-nosuite,0.9121621621621622,0.93,1.0,0.0,0.0,1.0,0.8074324324324325,0.8209459459459459,1.0
volcanoes-e1,rfc-nosuite,0.9121621621621622,0.53,1.0,0.0,0.0,0.030405405405405407,0.16554054054054054,0.02702702702702703,1.0
volcanoes-e1,rfc-nosuite,0.9121621621621622,1.0,1.0,0.0,0.0,1.0,0.2702702702702703,,1.0
volcanoes-e1,rfc-nosuite,0.9121621621621622,0.99,1.0,0.0,0.0,1.0,0.8243243243243243,0.8378378378378378,1.0
volcanoes-e1,rfc-nosuite,0.9121621621621622,1.0,0.8648648648648649,0.0,0.0,1.0,0.7804054054054054,0.7263513513513513,1.0
volcanoes-e1,rfc-nosuite,0.9121621621621622,0.89,1.0,0.0,0.0,1.0,0.8141891891891891,0.8344594594594594,1.0
volcanoes-e1,rfc-nosuite,0.9121621621621622,0.96,1.0,0.0,0.0,1.0,0.8074324324324325,0.8344594594594594,1.0
volcanoes-e2,rfc-nosuite,0.9222222222222223,0.98,1.0,0.0,0.0,1.0,,0.9962962962962963,1.0
volcanoes-e2,rfc-nosuite,0.9222222222222223,0.91,0.837037037037037,0.0,0.0,1.0,,,1.0
volcanoes-e2,rfc-nosuite,0.9222222222222223,0.94,1.0,0.0,0.0,1.0,,,1.0
volcanoes-e2,rfc-nosuite,0.9222222222222223,1.0,1.0,0.0,0.0,1.0,,0.837037037037037,1.0
volcanoes-e2,rfc-nosuite,0.9222222222222223,1.0,1.0,0.0,0.0,1.0,,,1.0
volcanoes-e2,rfc-nosuite,0.9222222222222223,0.92,1.0,0.0,0.0,1.0,,1.0,1.0
volcanoes-e2,rfc-nosuite,0.9222222222222223,0.97,1.0,0.0,0.0,1.0,,,1.0
volcanoes-e2,rfc-nosuite,0.9222222222222223,0.99,1.0,0.0,0.0,1.0,,0.8703703703703703,1.0
volcanoes-e2,rfc-nosuite,0.9222222222222223,0.98,0.337037037037037,0.0,0.0,1.0,,1.0,1.0
volcanoes-e2,rfc-nosuite,0.9222222222222223,0.7,0.022222222222222223,0.0,0.0,0.3851851851851852,,0.18888888888888888,1.0
volcanoes-e2,rfc-nosuite,0.9222222222222223,0.96,0.04814814814814815,0.0,0.0,0.8777777777777778,,0.7555555555555555,1.0
volcanoes-e2,rfc-nosuite,0.9222222222222223,0.96,1.0,0.0,0.0,1.0,,,1.0
volcanoes-e2,rfc-nosuite,0.9222222222222223,0.93,1.0,0.0,0.0,1.0,,,1.0
volcanoes-e2,rfc-nosuite,0.9222222222222223,0.97,1.0,0.0,0.0,0.8148148148148148,,,1.0
volcanoes-e2,rfc-nosuite,0.9222222222222223,1.0,1.0,0.0,0.0,1.0,,1.0,1.0
volcanoes-e2,rfc-nosuite,0.9222222222222223,0.96,0.7851851851851852,0.0,0.0,1.0,,,1.0
volcanoes-e2,rfc-nosuite,0.9222222222222223,1.0,1.0,0.0,0.0,1.0,,0.9074074074074074,1.0
volcanoes-e2,rfc-nosuite,0.9222222222222223,0.79,0.9888888888888889,0.0,0.0,1.0,,0.8777777777777778,1.0
volcanoes-e2,rfc-nosuite,0.9222222222222223,0.99,1.0,0.0,0.0,1.0,,0.8703703703703703,1.0
volcanoes-e2,rfc-nosuite,0.9222222222222223,0.92,1.0,0.0,0.0,1.0,,0.8703703703703703,1.0
volcanoes-e2,rfc-nosuite,0.9222222222222223,0.97,1.0,0.0,0.0,0.6777777777777778,,0.8925925925925926,1.0
volcanoes-e2,rfc-nosuite,0.9222222222222223,0.82,0.7851851851851852,0.0,0.0,0.7962962962962963,,0.8740740740740741,1.0
volcanoes-e2,rfc-nosuite,0.9222222222222223,0.88,0.7814814814814814,0.0,0.0,0.8444444444444444,,0.8777777777777778,1.0
volcanoes-e2,rfc-nosuite,0.9222222222222223,0.36,0.03333333333333333,0.0,0.0,0.5370370370370371,,0.5555555555555556,1.0
volcanoes-e2,rfc-nosuite,0.9222222222222223,1.0,1.0,0.0,0.0,1.0,,0.9592592592592593,1.0
volcanoes-e2,rfc-nosuite,0.9222222222222223,0.98,0.4925925925925926,0.0,0.0,1.0,,,1.0
volcanoes-e2,rfc-nosuite,0.9222222222222223,0.99,1.0,0.0,0.0,1.0,,,1.0
volcanoes-e2,rfc-nosuite,0.9222222222222223,1.0,1.0,0.0,0.0,1.0,,0.9222222222222223,1.0
volcanoes-e2,rfc-nosuite,0.9222222222222223,0.68,0.1037037037037037,0.0,0.0,0.6333333333333333,,0.4888888888888889,1.0
volcanoes-e2,rfc-nosuite,0.9222222222222223,0.98,1.0,0.0,0.0,1.0,,,1.0
volcanoes-e2,rfc-nosuite,0.9222222222222223,0.97,1.0,0.0,0.0,1.0,,0.9592592592592593,1.0
volcanoes-e2,rfc-nosuite,0.9222222222222223,0.94,0.8703703703703703,0.0,0.0,0.837037037037037,,,1.0
volcanoes-e2,rfc-nosuite,0.9222222222222223,0.98,1.0,0.0,0.0,1.0,,,1.0
volcanoes-e2,rfc-nosuite,0.9222222222222223,0.97,1.0,0.0,0.0,1.0,,1.0,1.0
volcanoes-e2,rfc-nosuite,0.9222222222222223,0.99,1.0,0.0,0.0,1.0,,,1.0
volcanoes-e2,rfc-nosuite,0.9222222222222223,0.97,1.0,0.0,0.0,1.0,,0.9185185185185185,1.0
volcanoes-e2,rfc-nosuite,0.9222222222222223,1.0,1.0,0.0,0.0,1.0,,0.8703703703703703,1.0
volcanoes-e2,rfc-nosuite,0.9222222222222223,0.97,1.0,0.0,0.0,1.0,,,1.0
volcanoes-e2,rfc-nosuite,0.9222222222222223,0.96,0.8703703703703703,0.0,0.0,1.0,,0.8740740740740741,1.0
volcanoes-e2,rfc-nosuite,0.9222222222222223,1.0,1.0,0.0,0.0,1.0,,0.9518518518518518,1.0
volcanoes-e2,rfc-nosuite,0.9222222222222223,1.0,1.0,0.0,0.0,1.0,,0.837037037037037,1.0
volcanoes-e2,rfc-nosuite,0.9222222222222223,0.89,0.8148148148148148,0.0,0.0,1.0,,0.8555555555555555,1.0
volcanoes-e2,rfc-nosuite,0.9222222222222223,0.42,0.025925925925925925,0.0,0.0,0.007407407407407408,,0.014814814814814815,1.0
volcanoes-e2,rfc-nosuite,0.9222222222222223,0.95,1.0,0.0,0.0,1.0,,0.837037037037037,1.0
volcanoes-e2,rfc-nosuite,0.9222222222222223,0.97,1.0,0.0,0.0,1.0,,0.8703703703703703,1.0
volcanoes-e2,rfc-nosuite,0.9222222222222223,0.82,0.8703703703703703,0.0,0.0,1.0,,0.9925925925925926,1.0
volcanoes-e2,rfc-nosuite,0.9222222222222223,0.66,0.05185185185185185,0.0,0.0,0.003703703703703704,,0.003703703703703704,1.0
volcanoes-e2,rfc-nosuite,0.9222222222222223,0.96,0.6037037037037037,0.0,0.0,0.9,,0.9296296296296296,1.0
volcanoes-e2,rfc-nosuite,0.9222222222222223,1.0,1.0,0.0,0.0,1.0,,,1.0
volcanoes-e2,rfc-nosuite,0.9222222222222223,1.0,1.0,0.0,0.0,1.0,,,1.0
volcanoes-e3,rfc-nosuite,0.925,0.99,1.0,0.0,0.0,0.0875,,0.840625,1.0
volcanoes-e3,rfc-nosuite,0.925,0.89,0.553125,0.0,0.0,0.865625,,0.859375,1.0
volcanoes-e3,rfc-nosuite,0.925,0.96,1.0,0.0,0.0,0.840625,,0.840625,1.0
volcanoes-e3,rfc-nosuite,0.925,1.0,1.0,0.0,0.0,1.0,,,1.0
volcanoes-e3,rfc-nosuite,0.925,0.78,1.0,0.0,0.0,1.0,,0.94375,1.0
volcanoes-e3,rfc-nosuite,0.925,0.83,0.7375,0.0,0.0,1.0,,,1.0
volcanoes-e3,rfc-nosuite,0.925,0.99,0.8375,0.0,0.0,0.86875,0.553125,,1.0
volcanoes-e3,rfc-nosuite,0.925,1.0,1.0,0.0,0.0,0.80625,,0.903125,1.0
volcanoes-e3,rfc-nosuite,0.925,0.95,0.33125,0.0,0.0,0.05625,,0.971875,1.0
volcanoes-e3,rfc-nosuite,0.925,0.48,0.775,0.0,0.0,0.865625,0.50625,0.7375,1.0
volcanoes-e3,rfc-nosuite,0.925,1.0,1.0,0.0,0.0,0.584375,,0.853125,1.0
volcanoes-e3,rfc-nosuite,0.925,0.94,0.821875,0.0,0.0,1.0,,,1.0
volcanoes-e3,rfc-nosuite,0.925,0.97,0.59375,0.0,0.0,1.0,,0.846875,1.0
volcanoes-e3,rfc-nosuite,0.925,0.99,1.0,0.0,0.0,1.0,,0.840625,1.0
volcanoes-e3,rfc-nosuite,0.925,1.0,1.0,0.0,0.0,1.0,0.825,,1.0
volcanoes-e3,rfc-nosuite,0.925,1.0,1.0,0.0,0.0,0.840625,0.721875,0.846875,1.0
volcanoes-e3,rfc-nosuite,0.925,1.0,1.0,0.0,0.0,1.0,,0.7625,1.0
volcanoes-e3,rfc-nosuite,0.925,0.78,0.321875,0.0,0.0,1.0,,0.3125,1.0
volcanoes-e3,rfc-nosuite,0.925,0.98,0.85625,0.0,0.0,0.840625,0.675,,1.0
volcanoes-e3,rfc-nosuite,0.925,1.0,1.0,0.0,0.0,0.0875,0.809375,,1.0
volcanoes-e3,rfc-nosuite,0.925,0.81,0.440625,0.0,0.0,0.39375,0.53125,,1.0
volcanoes-e3,rfc-nosuite,0.925,0.95,1.0,0.0,0.0,1.0,,,1.0
volcanoes-e3,rfc-nosuite,0.925,0.99,0.590625,0.0,0.0,1.0,,0.840625,1.0
volcanoes-e3,rfc-nosuite,0.925,0.99,1.0,0.0,0.0,1.0,,0.86875,1.0
volcanoes-e3,rfc-nosuite,0.925,0.96,0.525,0.0,0.0,1.0,,,1.0
volcanoes-e3,rfc-nosuite,0.925,1.0,1.0,0.0,0.0,1.0,,,1.0
volcanoes-e3,rfc-nosuite,0.925,0.99,0.596875,0.0,0.0,0.2125,,,1.0
volcanoes-e3,rfc-nosuite,0.925,0.94,0.840625,0.0,0.0,0.865625,,,1.0
volcanoes-e3,rfc-nosuite,0.925,0.99,1.0,0.0,0.0,1.0,0.66875,0.7625,1.0
volcanoes-e3,rfc-nosuite,0.925,1.0,1.0,0.0,0.0,1.0,,0.85625,1.0
volcanoes-e3,rfc-nosuite,0.925,0.82,0.03125,0.0,0.0,0.309375,,,1.0
volcanoes-e3,rfc-nosuite,0.925,0.97,1.0,0.0,0.0,1.0,,,1.0
volcanoes-e3,rfc-nosuite,0.925,1.0,1.0,0.0,0.0,1.0,0.56875,0.865625,1.0
volcanoes-e3,rfc-nosuite,0.925,1.0,1.0,0.0,0.0,0.534375,,,1.0
volcanoes-e3,rfc-nosuite,0.925,0.94,1.0,0.0,0.0,1.0,,,1.0
volcanoes-e3,rfc-nosuite,0.925,0.84,1.0,0.0,0.0,1.0,,,1.0
volcanoes-e3,rfc-nosuite,0.925,1.0,1.0,0.0,0.0,1.0,,0.86875,1.0
volcanoes-e3,rfc-nosuite,0.925,1.0,0.85625,0.0,0.0,0.840625,,,1.0
volcanoes-e3,rfc-nosuite,0.925,0.99,1.0,0.0,0.0,1.0,0.134375,,1.0
volcanoes-e3,rfc-nosuite,0.925,1.0,1.0,0.0,0.0,0.859375,,,1.0
volcanoes-e3,rfc-nosuite,0.925,0.98,1.0,0.0,0.0,0.503125,0.1625,,1.0
volcanoes-e3,rfc-nosuite,0.925,0.61,0.140625,0.0,0.0,0.91875,,0.428125,1.0
volcanoes-e3,rfc-nosuite,0.925,1.0,1.0,0.0,0.0,1.0,,0.753125,1.0
volcanoes-e3,rfc-nosuite,0.925,0.91,1.0,0.0,0.0,1.0,0.615625,,1.0
volcanoes-e3,rfc-nosuite,0.925,1.0,1.0,0.0,0.0,1.0,0.153125,,1.0
volcanoes-e3,rfc-nosuite,0.925,0.94,0.653125,0.0,0.0,1.0,,,1.0
volcanoes-e3,rfc-nosuite,0.925,0.94,0.840625,0.0,0.0,0.840625,0.353125,,1.0
volcanoes-e3,rfc-nosuite,0.925,1.0,1.0,0.0,0.0,1.0,0.296875,,1.0
volcanoes-e3,rfc-nosuite,0.925,0.98,0.85625,0.0,0.0,0.90625,,,1.0
volcanoes-e3,rfc-nosuite,0.925,0.96,0.653125,0.0,0.0,1.0,,0.934375,1.0
volcanoes-e4,rfc-nosuite,0.939297124600639,0.98,1.0,0.0,0.0,1.0,,0.8753993610223643,1.0
volcanoes-e4,rfc-nosuite,0.939297124600639,0.98,1.0,0.0,0.0,1.0,0.9009584664536742,,1.0
volcanoes-e4,rfc-nosuite,0.939297124600639,0.6,0.2939297124600639,0.0,0.0,1.0,,0.4504792332268371,1.0
volcanoes-e4,rfc-nosuite,0.939297124600639,0.94,1.0,0.0,0.0,1.0,,0.9680511182108626,1.0
volcanoes-e4,rfc-nosuite,0.939297124600639,0.47,0.10862619808306709,0.0,0.0,0.8849840255591054,,0.49201277955271566,1.0
volcanoes-e4,rfc-nosuite,0.939297124600639,1.0,1.0,0.0,0.0,1.0,,0.9840255591054313,1.0
volcanoes-e4,rfc-nosuite,0.939297124600639,0.75,0.009584664536741214,0.0,0.0,0.3514376996805112,0.2747603833865815,0.34824281150159747,1.0
volcanoes-e4,rfc-nosuite,0.939297124600639,1.0,1.0,0.0,0.0,0.7060702875399361,,0.9009584664536742,1.0
volcanoes-e4,rfc-nosuite,0.939297124600639,0.96,1.0,0.0,0.0,1.0,,0.9137380191693291,1.0
volcanoes-e4,rfc-nosuite,0.939297124600639,1.0,1.0,0.0,0.0,1.0,,0.8785942492012779,1.0
volcanoes-e4,rfc-nosuite,0.939297124600639,0.8,0.054313099041533544,0.0,0.0,0.9936102236421726,0.5111821086261981,0.65814696485623,1.0
volcanoes-e4,rfc-nosuite,0.939297124600639,1.0,1.0,0.0,0.0,1.0,0.7603833865814696,0.8785942492012779,1.0
volcanoes-e4,rfc-nosuite,0.939297124600639,0.96,0.8594249201277955,0.0,0.0,1.0,0.5910543130990416,0.9936102236421726,1.0
volcanoes-e4,rfc-nosuite,0.939297124600639,0.97,1.0,0.0,0.0,1.0,,,1.0
volcanoes-e4,rfc-nosuite,0.939297124600639,0.96,1.0,0.0,0.0,0.8753993610223643,0.7827476038338658,,1.0
volcanoes-e4,rfc-nosuite,0.939297124600639,0.95,1.0,0.0,0.0,1.0,,0.8817891373801917,1.0
volcanoes-e4,rfc-nosuite,0.939297124600639,1.0,1.0,0.0,0.0,0.8753993610223643,,,1.0
volcanoes-e4,rfc-nosuite,0.939297124600639,1.0,1.0,0.0,0.0,1.0,0.2939297124600639,0.9616613418530351,1.0
volcanoes-e4,rfc-nosuite,0.939297124600639,0.93,0.8753993610223643,0.0,0.0,0.09584664536741214,,,1.0
volcanoes-e4,rfc-nosuite,0.939297124600639,1.0,1.0,0.0,0.0,1.0,,,1.0
volcanoes-e4,rfc-nosuite,0.939297124600639,0.68,0.009584664536741214,0.0,0.0,0.003194888178913738,,0.003194888178913738,1.0
volcanoes-e4,rfc-nosuite,0.939297124600639,0.99,1.0,0.0,0.0,0.5654952076677316,,,1.0
volcanoes-e4,rfc-nosuite,0.939297124600639,0.98,1.0,0.0,0.0,0.09904153354632587,,0.8753993610223643,1.0
volcanoes-e4,rfc-nosuite,0.939297124600639,0.97,0.7060702875399361,0.0,0.0,0.5718849840255591,,,1.0
volcanoes-e4,rfc-nosuite,0.939297124600639,1.0,1.0,0.0,0.0,0.35782747603833864,,0.9201277955271565,1.0
volcanoes-e4,rfc-nosuite,0.939297124600639,0.97,1.0,0.0,0.0,1.0,,0.9680511182108626,1.0
volcanoes-e4,rfc-nosuite,0.939297124600639,0.76,1.0,0.0,0.0,1.0,0.5111821086261981,,1.0
volcanoes-e4,rfc-nosuite,0.939297124600639,0.98,0.670926517571885,0.0,0.0,0.65814696485623,0.5591054313099042,,1.0
volcanoes-e4,rfc-nosuite,0.939297124600639,0.95,1.0,0.0,0.0,0.22044728434504793,0.8753993610223643,0.9073482428115016,1.0
volcanoes-e4,rfc-nosuite,0.939297124600639,0.99,1.0,0.0,0.0,0.36421725239616615,,0.9840255591054313,1.0
volcanoes-e4,rfc-nosuite,0.939297124600639,0.79,1.0,0.0,0.0,0.6198083067092651,,0.8753993610223643,1.0
volcanoes-e4,rfc-nosuite,0.939297124600639,0.99,0.8594249201277955,0.0,0.0,0.8753993610223643,,0.9201277955271565,1.0
volcanoes-e4,rfc-nosuite,0.939297124600639,0.99,1.0,0.0,0.0,0.7060702875399361,,0.9137380191693291,1.0
volcanoes-e4,rfc-nosuite,0.939297124600639,1.0,1.0,0.0,0.0,1.0,,,1.0
volcanoes-e4,rfc-nosuite,0.939297124600639,0.98,1.0,0.0,0.0,1.0,,,1.0
volcanoes-e4,rfc-nosuite,0.939297124600639,0.63,0.2939297124600639,0.0,0.0,0.2939297124600639,0.038338658146964855,0.16932907348242812,1.0
volcanoes-e4,rfc-nosuite,0.939297124600639,0.85,0.5175718849840255,0.0,0.0,1.0,,0.5814696485623003,1.0
volcanoes-e4,rfc-nosuite,0.939297124600639,0.99,1.0,0.0,0.0,0.6198083067092651,,0.9201277955271565,1.0
volcanoes-e4,rfc-nosuite,0.939297124600639,1.0,1.0,0.0,0.0,1.0,,0.8849840255591054,1.0
volcanoes-e4,rfc-nosuite,0.939297124600639,0.97,0.05750798722044728,0.0,0.0,1.0,,0.7859424920127795,1.0
volcanoes-e4,rfc-nosuite,0.939297124600639,1.0,1.0,0.0,0.0,1.0,,,1.0
volcanoes-e4,rfc-nosuite,0.939297124600639,1.0,1.0,0.0,0.0,1.0,,0.8881789137380192,1.0
volcanoes-e4,rfc-nosuite,0.939297124600639,0.96,0.8594249201277955,0.0,0.0,1.0,0.48242811501597443,0.8785942492012779,1.0
volcanoes-e4,rfc-nosuite,0.939297124600639,1.0,1.0,0.0,0.0,1.0,0.30990415335463256,,1.0
volcanoes-e4,rfc-nosuite,0.939297124600639,1.0,1.0,0.0,0.0,0.22044728434504793,0.7795527156549521,,1.0
volcanoes-e4,rfc-nosuite,0.939297124600639,0.72,0.3865814696485623,0.0,0.0,0.9840255591054313,0.7699680511182109,0.08306709265175719,1.0
volcanoes-e4,rfc-nosuite,0.939297124600639,0.78,0.670926517571885,0.0,0.0,0.6964856230031949,0.9201277955271565,0.6869009584664537,1.0
volcanoes-e4,rfc-nosuite,0.939297124600639,1.0,1.0,0.0,0.0,0.23961661341853036,,0.9584664536741214,1.0
volcanoes-e4,rfc-nosuite,0.939297124600639,0.98,1.0,0.0,0.0,0.134185303514377,,,1.0
volcanoes-e4,rfc-nosuite,0.939297124600639,1.0,0.8594249201277955,0.0,0.0,0.8753993610223643,,0.9680511182108626,1.0
yeast,rfc-nosuite,0.6091644204851752,0.44,0.02425876010781671,0.0,0.0,0.05121293800539083,,0.07277628032345014,1.0
yeast,rfc-nosuite,0.6091644204851752,0.8,0.0215633423180593,0.0,0.0,0.029649595687331536,,0.1293800539083558,1.0
yeast,rfc-nosuite,0.6091644204851752,0.69,0.029649595687331536,0.0,0.0,0.0026954177897574125,,0.0889487870619946,1.0
yeast,rfc-nosuite,0.6091644204851752,0.76,0.11590296495956873,0.0,0.0,0.018867924528301886,,0.14824797843665768,1.0
yeast,rfc-nosuite,0.6091644204851752,0.83,0.08086253369272237,0.0,0.0,0.016172506738544475,,0.1078167115902965,1.0
yeast,rfc-nosuite,0.6091644204851752,0.4,0.04582210242587601,0.0,0.0,0.01078167115902965,,0.0026954177897574125,1.0
yeast,rfc-nosuite,0.6091644204851752,0.7,0.0215633423180593,0.0,0.0,0.016172506738544475,,0.15633423180592992,1.0
yeast,rfc-nosuite,0.6091644204851752,0.52,0.026954177897574125,0.0,0.0,0.013477088948787063,,0.013477088948787063,1.0
yeast,rfc-nosuite,0.6091644204851752,0.53,0.018867924528301886,0.0,0.0,0.008086253369272238,,0.008086253369272238,1.0
yeast,rfc-nosuite,0.6091644204851752,0.76,0.07547169811320754,0.0,0.0,0.08086253369272237,,0.3584905660377358,1.0
yeast,rfc-nosuite,0.6091644204851752,0.79,0.09164420485175202,0.0,0.0,0.01078167115902965,,0.14016172506738545,1.0
yeast,rfc-nosuite,0.6091644204851752,0.84,0.03234501347708895,0.0,0.0,0.016172506738544475,,0.15363881401617252,1.0
yeast,rfc-nosuite,0.6091644204851752,0.7,0.06199460916442048,0.0,0.0,0.0862533692722372,,0.0431266846361186,1.0
yeast,rfc-nosuite,0.6091644204851752,0.47,0.0215633423180593,0.0,0.0,0.005390835579514825,,0.016172506738544475,1.0
yeast,rfc-nosuite,0.6091644204851752,0.81,0.1105121293800539,0.0,0.0,0.0215633423180593,,0.14824797843665768,1.0
yeast,rfc-nosuite,0.6091644204851752,0.51,0.03773584905660377,0.0,0.0,0.005390835579514825,,0.1967654986522911,1.0
yeast,rfc-nosuite,0.6091644204851752,0.48,0.01078167115902965,0.0,0.0,0.05660377358490566,,0.08086253369272237,1.0
yeast,rfc-nosuite,0.6091644204851752,0.73,0.013477088948787063,0.0,0.0,0.01078167115902965,,0.02425876010781671,1.0
yeast,rfc-nosuite,0.6091644204851752,0.59,0.0215633423180593,0.0,0.0,0.03234501347708895,,0.029649595687331536,1.0
yeast,rfc-nosuite,0.6091644204851752,0.64,0.016172506738544475,0.0,0.0,0.013477088948787063,,0.18059299191374664,1.0
yeast,rfc-nosuite,0.6091644204851752,0.78,0.04043126684636118,0.0,0.0,0.01078167115902965,,0.15902964959568733,1.0
yeast,rfc-nosuite,0.6091644204851752,0.77,0.008086253369272238,0.0,0.0,0.01078167115902965,,0.08355795148247978,1.0
yeast,rfc-nosuite,0.6091644204851752,0.73,0.07547169811320754,0.0,0.0,0.026954177897574125,,0.09164420485175202,1.0
yeast,rfc-nosuite,0.6091644204851752,0.42,0.005390835579514825,0.0,0.0,0.026954177897574125,,0.1752021563342318,1.0
yeast,rfc-nosuite,0.6091644204851752,0.52,0.04851752021563342,0.0,0.0,0.008086253369272238,,0.09973045822102426,1.0
yeast,rfc-nosuite,0.6091644204851752,0.49,0.018867924528301886,0.0,0.0,0.02425876010781671,,0.29110512129380056,1.0
yeast,rfc-nosuite,0.6091644204851752,0.5,0.013477088948787063,0.0,0.0,0.0026954177897574125,,0.026954177897574125,1.0
yeast,rfc-nosuite,0.6091644204851752,0.66,0.013477088948787063,0.0,0.0,0.01078167115902965,,0.0889487870619946,1.0
yeast,rfc-nosuite,0.6091644204851752,0.89,0.03504043126684636,0.0,0.0,0.0215633423180593,,0.1725067385444744,1.0
yeast,rfc-nosuite,0.6091644204851752,0.64,0.008086253369272238,0.0,0.0,0.016172506738544475,,0.029649595687331536,1.0
yeast,rfc-nosuite,0.6091644204851752,0.44,0.029649595687331536,0.0,0.0,0.03504043126684636,,0.16442048517520216,1.0
yeast,rfc-nosuite,0.6091644204851752,0.76,0.0431266846361186,0.0,0.0,0.04851752021563342,,0.15902964959568733,1.0
yeast,rfc-nosuite,0.6091644204851752,0.32,0.013477088948787063,0.0,0.0,0.0026954177897574125,,0.0431266846361186,1.0
yeast,rfc-nosuite,0.6091644204851752,0.4,0.02425876010781671,0.0,0.0,0.0026954177897574125,,0.005390835579514825,1.0
yeast,rfc-nosuite,0.6091644204851752,0.6,0.05660377358490566,0.0,0.0,0.013477088948787063,,0.1967654986522911,1.0
yeast,rfc-nosuite,0.6091644204851752,0.48,0.05929919137466307,0.0,0.0,0.09164420485175202,,0.07277628032345014,1.0
yeast,rfc-nosuite,0.6091644204851752,0.53,0.0215633423180593,0.0,0.0,0.016172506738544475,,0.01078167115902965,1.0
yeast,rfc-nosuite,0.6091644204851752,0.94,0.029649595687331536,0.0,0.0,0.0215633423180593,,0.13746630727762804,1.0
yeast,rfc-nosuite,0.6091644204851752,0.8,0.029649595687331536,0.0,0.0,0.03773584905660377,,0.11590296495956873,1.0
yeast,rfc-nosuite,0.6091644204851752,0.34,0.03773584905660377,0.0,0.0,0.029649595687331536,,0.21293800539083557,1.0
yeast,rfc-nosuite,0.6091644204851752,0.61,0.0673854447439353,0.0,0.0,0.05121293800539083,,0.0889487870619946,1.0
yeast,rfc-nosuite,0.6091644204851752,0.52,0.07547169811320754,0.0,0.0,0.008086253369272238,,0.08355795148247978,1.0
yeast,rfc-nosuite,0.6091644204851752,0.45,0.013477088948787063,0.0,0.0,0.016172506738544475,,0.0673854447439353,1.0
yeast,rfc-nosuite,0.6091644204851752,0.51,0.008086253369272238,0.0,0.0,0.0026954177897574125,,0.005390835579514825,1.0
yeast,rfc-nosuite,0.6091644204851752,0.67,0.05929919137466307,0.0,0.0,0.016172506738544475,,0.14824797843665768,1.0
yeast,rfc-nosuite,0.6091644204851752,0.64,0.40161725067385445,0.0,0.0,0.05660377358490566,,0.1940700808625337,1.0
yeast,rfc-nosuite,0.6091644204851752,0.5,0.07547169811320754,0.0,0.0,0.05660377358490566,,0.16442048517520216,1.0
yeast,rfc-nosuite,0.6091644204851752,0.6,0.01078167115902965,0.0,0.0,0.02425876010781671,,0.11320754716981132,1.0
yeast,rfc-nosuite,0.6091644204851752,0.73,0.07277628032345014,0.0,0.0,0.026954177897574125,,0.1347708894878706,1.0
yeast,rfc-nosuite,0.6091644204851752,0.9,0.14285714285714285,0.0,0.0,0.05660377358490566,,0.24528301886792453,1.0
rmftsa,rfc-nosuite,0.50390625,0.3573333333333333,0.08984375,0.0,0.0,0.39453125,0.34765625,0.1640625,1.0
rmftsa,rfc-nosuite,0.50390625,0.4523571428571429,0.2890625,0.0,0.0,0.1171875,0.27734375,0.20703125,1.0
rmftsa,rfc-nosuite,0.50390625,0.685,0.50390625,0.0,0.0,0.4921875,0.22265625,0.05078125,1.0
rmftsa,rfc-nosuite,0.50390625,0.825,0.47265625,0.0,0.0,0.046875,0.046875,0.0390625,1.0
rmftsa,rfc-nosuite,0.50390625,0.6215396825396823,0.7109375,0.0,0.0,0.75390625,0.2265625,0.41796875,1.0
rmftsa,rfc-nosuite,0.50390625,0.833060162060162,0.18359375,0.0,0.0,0.24609375,0.234375,0.234375,1.0
rmftsa,rfc-nosuite,0.50390625,0.2887738095238095,0.12109375,0.0,0.0,0.01953125,0.01953125,0.2421875,1.0
rmftsa,rfc-nosuite,0.50390625,0.8775354922854918,0.26953125,0.0,0.0,0.26953125,0.1640625,0.703125,1.0
rmftsa,rfc-nosuite,0.50390625,0.8113809523809523,0.0234375,0.0,0.0,0.01953125,0.1328125,0.01953125,1.0
rmftsa,rfc-nosuite,0.50390625,0.5523730158730159,0.453125,0.0,0.0,0.26953125,0.1640625,0.26953125,1.0
rmftsa,rfc-nosuite,0.50390625,1.0,0.61328125,0.0,0.0,0.3671875,0.19921875,0.2265625,1.0
rmftsa,rfc-nosuite,0.50390625,0.6062619047619048,0.21484375,0.0,0.0,0.03515625,0.29296875,0.21484375,1.0
rmftsa,rfc-nosuite,0.50390625,0.9257142857142857,0.09765625,0.0,0.0,0.09765625,0.1328125,0.078125,1.0
rmftsa,rfc-nosuite,0.50390625,0.6973333333333334,0.10546875,0.0,0.0,0.1328125,0.29296875,0.06640625,1.0
rmftsa,rfc-nosuite,0.50390625,0.6722097902097899,0.453125,0.0,0.0,0.33984375,0.34765625,0.26953125,1.0
rmftsa,rfc-nosuite,0.50390625,0.36135714285714293,0.09765625,0.0,0.0,0.09765625,0.10546875,0.05078125,1.0
rmftsa,rfc-nosuite,0.50390625,0.5246666666666665,0.10546875,0.0,0.0,0.4375,0.2578125,0.0703125,1.0
rmftsa,rfc-nosuite,0.50390625,0.5523730158730159,0.453125,0.0,0.0,0.26953125,0.1640625,0.23828125,1.0
rmftsa,rfc-nosuite,0.50390625,0.695,0.06640625,0.0,0.0,0.10546875,0.05078125,0.08984375,1.0
rmftsa,rfc-nosuite,0.50390625,0.9804999999999999,0.7109375,0.0,0.0,0.328125,0.34765625,0.7109375,1.0
rmftsa,rfc-nosuite,0.50390625,0.5812557720057718,0.08984375,0.0,0.0,0.0390625,0.37890625,0.13671875,1.0
rmftsa,rfc-nosuite,0.50390625,0.43099999999999994,0.2578125,0.0,0.0,0.16796875,0.12109375,0.10546875,1.0
rmftsa,rfc-nosuite,0.50390625,0.5475,0.16796875,0.0,0.0,0.64453125,0.18359375,0.20703125,1.0
rmftsa,rfc-nosuite,0.50390625,0.7112583527583526,0.75390625,0.0,0.0,0.44140625,0.2265625,0.48046875,1.0
rmftsa,rfc-nosuite,0.50390625,0.795654761904762,0.28125,0.0,0.0,0.57421875,0.28515625,0.38671875,1.0
rmftsa,rfc-nosuite,0.50390625,0.79,0.50390625,0.0,0.0,0.50390625,0.29296875,0.01171875,1.0
rmftsa,rfc-nosuite,0.50390625,0.4893333333333333,0.046875,0.0,0.0,0.00390625,0.16015625,0.00390625,1.0
rmftsa,rfc-nosuite,0.50390625,0.53,0.09765625,0.0,0.0,0.01171875,0.015625,0.34765625,1.0
rmftsa,rfc-nosuite,0.50390625,0.41562698412698423,0.01953125,0.0,0.0,0.0390625,0.28125,0.078125,1.0
rmftsa,rfc-nosuite,0.50390625,0.6774047619047618,0.89453125,0.0,0.0,0.66015625,0.1328125,0.046875,1.0
rmftsa,rfc-nosuite,0.50390625,0.6733194305694304,0.11328125,0.0,0.0,0.73828125,0.28515625,0.296875,1.0
rmftsa,rfc-nosuite,0.50390625,0.3471666666666666,0.09765625,0.0,0.0,0.453125,0.078125,0.13671875,1.0
rmftsa,rfc-nosuite,0.50390625,0.6973333333333334,0.10546875,0.0,0.0,0.1328125,0.59765625,0.03515625,1.0
rmftsa,rfc-nosuite,0.50390625,0.509,0.2890625,0.0,0.0,0.03125,0.03125,0.0703125,1.0
rmftsa,rfc-nosuite,0.50390625,0.7043095238095237,0.078125,0.0,0.0,0.83203125,0.28125,0.171875,1.0
rmftsa,rfc-nosuite,0.50390625,0.53,0.0546875,0.0,0.0,0.02734375,0.21484375,0.0078125,1.0
rmftsa,rfc-nosuite,0.50390625,0.49807142857142866,0.61328125,0.0,0.0,0.5234375,0.28125,0.2265625,1.0
rmftsa,rfc-nosuite,0.50390625,0.98,0.28125,0.0,0.0,0.28125,0.015625,0.0390625,1.0
rmftsa,rfc-nosuite,0.50390625,0.5601212121212121,0.6640625,0.0,0.0,0.5546875,0.42578125,0.24609375,1.0
rmftsa,rfc-nosuite,0.50390625,0.82,0.27734375,0.0,0.0,0.22265625,0.12109375,0.22265625,1.0
rmftsa,rfc-nosuite,0.50390625,0.5005,0.06640625,0.0,0.0,0.34765625,0.16796875,0.27734375,1.0
rmftsa,rfc-nosuite,0.50390625,0.5246666666666667,0.06640625,0.0,0.0,0.16796875,0.25390625,0.046875,1.0
rmftsa,rfc-nosuite,0.50390625,0.74,0.07421875,0.0,0.0,0.921875,0.2421875,0.24609375,1.0
rmftsa,rfc-nosuite,0.50390625,0.72,0.578125,0.0,0.0,0.4296875,0.53125,0.0859375,1.0
rmftsa,rfc-nosuite,0.50390625,0.904,0.28125,0.0,0.0,0.01953125,0.0390625,0.2890625,1.0
rmftsa,rfc-nosuite,0.50390625,0.5523730158730159,0.453125,0.0,0.0,0.26953125,0.45703125,0.26953125,1.0
rmftsa,rfc-nosuite,0.50390625,0.74,0.07421875,0.0,0.0,0.921875,0.125,0.2421875,1.0
rmftsa,rfc-nosuite,0.50390625,0.675,0.0546875,0.0,0.0,0.05859375,0.09765625,0.1640625,1.0
rmftsa,rfc-nosuite,0.50390625,0.85,0.05078125,0.0,0.0,0.0390625,0.046875,0.203125,1.0
rmftsa,rfc-nosuite,0.50390625,0.6955833333333333,0.16796875,0.0,0.0,0.33984375,0.24609375,0.06640625,1.0
banknote-authentication,rfc-nosuite,0.9941690962099126,1.0,1.0,0.0,0.0,0.2565597667638484,0.5014577259475219,0.3498542274052478,1.0
banknote-authentication,rfc-nosuite,0.9941690962099126,1.0,1.0,0.0,0.0,0.3206997084548105,0.33819241982507287,0.4489795918367347,1.0
banknote-authentication,rfc-nosuite,0.9941690962099126,0.98,1.0,0.0,0.0,0.2594752186588921,0.4956268221574344,0.24489795918367346,1.0
banknote-authentication,rfc-nosuite,0.9941690962099126,0.99,0.4897959183673469,0.0,0.0,0.21865889212827988,0.33819241982507287,0.26822157434402333,1.0
banknote-authentication,rfc-nosuite,0.9941690962099126,1.0,0.8104956268221575,0.0,0.0,0.5306122448979592,0.37026239067055394,0.2536443148688047,1.0
banknote-authentication,rfc-nosuite,0.9941690962099126,1.0,0.2594752186588921,0.0,0.0,0.2915451895043732,0.30612244897959184,0.30612244897959184,1.0
banknote-authentication,rfc-nosuite,0.9941690962099126,0.97,0.6967930029154519,0.0,0.0,0.16326530612244897,0.3323615160349854,0.24198250728862974,1.0
banknote-authentication,rfc-nosuite,0.9941690962099126,1.0,1.0,0.0,0.0,0.3206997084548105,0.34402332361516036,0.3469387755102041,1.0
banknote-authentication,rfc-nosuite,0.9941690962099126,1.0,0.6676384839650146,0.0,0.0,0.4198250728862974,0.18075801749271136,0.3206997084548105,1.0
banknote-authentication,rfc-nosuite,0.9941690962099126,1.0,1.0,0.0,0.0,0.34110787172011664,0.34110787172011664,0.3848396501457726,1.0
banknote-authentication,rfc-nosuite,0.9941690962099126,0.92,0.7084548104956269,0.0,0.0,0.09620991253644315,0.061224489795918366,0.05539358600583091,1.0
banknote-authentication,rfc-nosuite,0.9941690962099126,1.0,1.0,0.0,0.0,0.4402332361516035,0.37026239067055394,0.521865889212828,1.0
banknote-authentication,rfc-nosuite,0.9941690962099126,0.99,1.0,0.0,0.0,0.2565597667638484,0.33527696793002915,0.40816326530612246,1.0
banknote-authentication,rfc-nosuite,0.9941690962099126,1.0,1.0,0.0,0.0,0.17201166180758018,0.6618075801749271,0.239067055393586,1.0
banknote-authentication,rfc-nosuite,0.9941690962099126,1.0,1.0,0.0,0.0,0.15451895043731778,0.10787172011661808,0.23323615160349853,1.0
banknote-authentication,rfc-nosuite,0.9941690962099126,0.99,0.3323615160349854,0.0,0.0,0.09037900874635568,0.12536443148688048,0.18950437317784258,1.0
banknote-authentication,rfc-nosuite,0.9941690962099126,0.99,0.3323615160349854,0.0,0.0,0.09037900874635568,0.08454810495626822,0.2536443148688047,1.0
banknote-authentication,rfc-nosuite,0.9941690962099126,0.99,0.6676384839650146,0.0,0.0,0.3119533527696793,0.09037900874635568,0.19825072886297376,1.0
banknote-authentication,rfc-nosuite,0.9941690962099126,0.99,1.0,0.0,0.0,0.33819241982507287,0.33819241982507287,0.30029154518950435,1.0
banknote-authentication,rfc-nosuite,0.9941690962099126,1.0,1.0,0.0,0.0,0.3848396501457726,0.2478134110787172,0.35276967930029157,1.0
banknote-authentication,rfc-nosuite,0.9941690962099126,1.0,0.8688046647230321,0.0,0.0,0.6763848396501457,0.30612244897959184,0.358600583090379,1.0
banknote-authentication,rfc-nosuite,0.9941690962099126,0.99,0.20699708454810495,0.0,0.0,0.2478134110787172,0.3498542274052478,0.22740524781341107,1.0
banknote-authentication,rfc-nosuite,0.9941690962099126,0.99,1.0,0.0,0.0,0.33819241982507287,0.30612244897959184,0.36151603498542273,1.0
banknote-authentication,rfc-nosuite,0.9941690962099126,0.99,1.0,0.0,0.0,0.5510204081632653,0.30903790087463556,0.4489795918367347,1.0
banknote-authentication,rfc-nosuite,0.9941690962099126,0.76,0.6618075801749271,0.0,0.0,0.037900874635568516,0.0728862973760933,0.029154518950437316,1.0
banknote-authentication,rfc-nosuite,0.9941690962099126,1.0,1.0,0.0,0.0,0.33819241982507287,0.30612244897959184,0.35276967930029157,1.0
banknote-authentication,rfc-nosuite,0.9941690962099126,1.0,1.0,0.0,0.0,0.10495626822157435,0.03206997084548105,0.2536443148688047,1.0
banknote-authentication,rfc-nosuite,0.9941690962099126,1.0,1.0,0.0,0.0,0.40524781341107874,0.26239067055393583,0.4489795918367347,1.0
banknote-authentication,rfc-nosuite,0.9941690962099126,0.98,0.33819241982507287,0.0,0.0,0.33819241982507287,0.30612244897959184,0.32653061224489793,1.0
banknote-authentication,rfc-nosuite,0.9941690962099126,0.99,1.0,0.0,0.0,0.4606413994169096,0.07871720116618076,0.3469387755102041,1.0
banknote-authentication,rfc-nosuite,0.9941690962099126,0.98,1.0,0.0,0.0,0.2303206997084548,0.3498542274052478,0.2594752186588921,1.0
banknote-authentication,rfc-nosuite,0.9941690962099126,1.0,1.0,0.0,0.0,0.3119533527696793,0.2478134110787172,0.3469387755102041,1.0
banknote-authentication,rfc-nosuite,0.9941690962099126,0.93,0.3032069970845481,0.0,0.0,0.061224489795918366,0.023323615160349854,0.061224489795918366,1.0
banknote-authentication,rfc-nosuite,0.9941690962099126,1.0,1.0,0.0,0.0,0.3498542274052478,0.46647230320699706,0.32653061224489793,1.0
banknote-authentication,rfc-nosuite,0.9941690962099126,0.97,0.42857142857142855,0.0,0.0,0.20699708454810495,0.3848396501457726,0.23615160349854228,1.0
banknote-authentication,rfc-nosuite,0.9941690962099126,1.0,1.0,0.0,0.0,0.4110787172011662,0.07871720116618076,0.35276967930029157,1.0
banknote-authentication,rfc-nosuite,0.9941690962099126,1.0,1.0,0.0,0.0,0.4198250728862974,0.3323615160349854,0.3673469387755102,1.0
banknote-authentication,rfc-nosuite,0.9941690962099126,1.0,1.0,0.0,0.0,0.24198250728862974,0.3673469387755102,0.4314868804664723,1.0
banknote-authentication,rfc-nosuite,0.9941690962099126,0.98,1.0,0.0,0.0,0.16034985422740525,0.27696793002915454,0.30612244897959184,1.0
banknote-authentication,rfc-nosuite,0.9941690962099126,0.99,1.0,0.0,0.0,0.358600583090379,0.08746355685131195,0.43731778425655976,1.0
banknote-authentication,rfc-nosuite,0.9941690962099126,1.0,1.0,0.0,0.0,0.36151603498542273,0.30029154518950435,0.42565597667638483,1.0
banknote-authentication,rfc-nosuite,0.9941690962099126,1.0,0.30029154518950435,0.0,0.0,0.6005830903790087,0.3032069970845481,0.3119533527696793,1.0
banknote-authentication,rfc-nosuite,0.9941690962099126,0.72,0.6618075801749271,0.0,0.0,0.03206997084548105,0.0058309037900874635,0.026239067055393587,1.0
banknote-authentication,rfc-nosuite,0.9941690962099126,0.97,0.2478134110787172,0.0,0.0,0.4198250728862974,0.03206997084548105,0.10204081632653061,1.0
banknote-authentication,rfc-nosuite,0.9941690962099126,0.99,1.0,0.0,0.0,0.1749271137026239,0.4110787172011662,0.2653061224489796,1.0
banknote-authentication,rfc-nosuite,0.9941690962099126,1.0,0.6676384839650146,0.0,0.0,0.4139941690962099,0.40524781341107874,0.27113702623906705,1.0
banknote-authentication,rfc-nosuite,0.9941690962099126,1.0,1.0,0.0,0.0,0.4139941690962099,0.2886297376093295,0.37026239067055394,1.0
banknote-authentication,rfc-nosuite,0.9941690962099126,0.99,0.5043731778425656,0.0,0.0,0.20116618075801748,0.29737609329446063,0.3556851311953353,1.0
banknote-authentication,rfc-nosuite,0.9941690962099126,0.99,1.0,0.0,0.0,0.33819241982507287,0.2594752186588921,0.3848396501457726,1.0
banknote-authentication,rfc-nosuite,0.9941690962099126,0.92,0.01749271137026239,0.0,0.0,0.1836734693877551,0.01749271137026239,0.09037900874635568,1.0
volcanoes-a2,rfc-nosuite,0.9310344827586207,0.92,0.37438423645320196,0.0,0.0,0.312807881773399,0.8152709359605911,,1.0
volcanoes-a2,rfc-nosuite,0.9310344827586207,0.99,0.30295566502463056,0.0,0.0,0.034482758620689655,0.8719211822660099,,1.0
volcanoes-a2,rfc-nosuite,0.9310344827586207,1.0,1.0,0.0,0.0,1.0,0.5911330049261084,0.9605911330049262,1.0
volcanoes-a2,rfc-nosuite,0.9310344827586207,0.97,1.0,0.0,0.0,0.6551724137931034,0.8251231527093597,,1.0
volcanoes-a2,rfc-nosuite,0.9310344827586207,0.83,0.8423645320197044,0.0,0.0,1.0,0.45320197044334976,,1.0
volcanoes-a2,rfc-nosuite,0.9310344827586207,1.0,1.0,0.0,0.0,1.0,0.9137931034482759,0.9532019704433498,1.0
volcanoes-a2,rfc-nosuite,0.9310344827586207,0.9,1.0,0.0,0.0,0.6551724137931034,0.6403940886699507,0.9310344827586207,1.0
volcanoes-a2,rfc-nosuite,0.9310344827586207,0.98,1.0,0.0,0.0,0.229064039408867,0.45073891625615764,,1.0
volcanoes-a2,rfc-nosuite,0.9310344827586207,0.97,1.0,0.0,0.0,0.5,0.854679802955665,0.9137931034482759,1.0
volcanoes-a2,rfc-nosuite,0.9310344827586207,1.0,1.0,0.0,0.0,0.8423645320197044,0.9014778325123153,0.9137931034482759,1.0
volcanoes-a2,rfc-nosuite,0.9310344827586207,0.7,0.0049261083743842365,0.0,0.0,0.23891625615763548,0.019704433497536946,0.2561576354679803,1.0
volcanoes-a2,rfc-nosuite,0.9310344827586207,1.0,1.0,0.0,0.0,0.34236453201970446,0.5911330049261084,0.8768472906403941,1.0
volcanoes-a2,rfc-nosuite,0.9310344827586207,0.61,0.4482758620689655,0.0,0.0,0.9532019704433498,0.007389162561576354,0.20689655172413793,1.0
volcanoes-a2,rfc-nosuite,0.9310344827586207,0.76,0.9137931034482759,0.0,0.0,0.9261083743842364,0.5467980295566502,0.9310344827586207,1.0
volcanoes-a2,rfc-nosuite,0.9310344827586207,0.91,1.0,0.0,0.0,0.6527093596059114,0.8251231527093597,,1.0
volcanoes-a2,rfc-nosuite,0.9310344827586207,1.0,1.0,0.0,0.0,0.4064039408866995,0.7266009852216748,0.9137931034482759,1.0
volcanoes-a2,rfc-nosuite,0.9310344827586207,0.99,1.0,0.0,0.0,0.26108374384236455,0.5394088669950738,0.9211822660098522,1.0
volcanoes-a2,rfc-nosuite,0.9310344827586207,0.96,1.0,0.0,0.0,0.9137931034482759,0.9187192118226601,0.9088669950738916,1.0
volcanoes-a2,rfc-nosuite,0.9310344827586207,1.0,1.0,0.0,0.0,1.0,0.874384236453202,,1.0
volcanoes-a2,rfc-nosuite,0.9310344827586207,1.0,1.0,0.0,0.0,1.0,0.7635467980295566,0.9334975369458128,1.0
volcanoes-a2,rfc-nosuite,0.9310344827586207,1.0,1.0,0.0,0.0,0.034482758620689655,0.854679802955665,,1.0
volcanoes-a2,rfc-nosuite,0.9310344827586207,0.95,1.0,0.0,0.0,1.0,0.916256157635468,0.9014778325123153,1.0
volcanoes-a2,rfc-nosuite,0.9310344827586207,0.98,1.0,0.0,0.0,0.8201970443349754,0.8374384236453202,0.9532019704433498,1.0
volcanoes-a2,rfc-nosuite,0.9310344827586207,1.0,0.7512315270935961,0.0,0.0,1.0,0.8669950738916257,,1.0
volcanoes-a2,rfc-nosuite,0.9310344827586207,0.99,1.0,0.0,0.0,0.034482758620689655,0.9014778325123153,0.9532019704433498,1.0
volcanoes-a2,rfc-nosuite,0.9310344827586207,1.0,1.0,0.0,0.0,1.0,0.8374384236453202,,1.0
volcanoes-a2,rfc-nosuite,0.9310344827586207,1.0,1.0,0.0,0.0,0.41625615763546797,0.8842364532019704,,1.0
volcanoes-a2,rfc-nosuite,0.9310344827586207,0.94,1.0,0.0,0.0,0.8423645320197044,0.5517241379310345,,1.0
volcanoes-a2,rfc-nosuite,0.9310344827586207,0.91,1.0,0.0,0.0,0.874384236453202,0.6502463054187192,0.874384236453202,1.0
volcanoes-a2,rfc-nosuite,0.9310344827586207,1.0,1.0,0.0,0.0,0.8842364532019704,0.8423645320197044,0.9630541871921182,1.0
volcanoes-a2,rfc-nosuite,0.9310344827586207,1.0,1.0,0.0,0.0,1.0,0.8571428571428571,,1.0
volcanoes-a2,rfc-nosuite,0.9310344827586207,1.0,1.0,0.0,0.0,0.7955665024630542,0.8275862068965517,,1.0
volcanoes-a2,rfc-nosuite,0.9310344827586207,0.99,1.0,0.0,0.0,0.8177339901477833,0.7783251231527094,0.9679802955665024,1.0
volcanoes-a2,rfc-nosuite,0.9310344827586207,1.0,1.0,0.0,0.0,0.8251231527093597,0.41133004926108374,0.9334975369458128,1.0
volcanoes-a2,rfc-nosuite,0.9310344827586207,1.0,1.0,0.0,0.0,0.14532019704433496,0.874384236453202,,1.0
volcanoes-a2,rfc-nosuite,0.9310344827586207,1.0,1.0,0.0,0.0,0.6551724137931034,0.7241379310344828,,1.0
volcanoes-a2,rfc-nosuite,0.9310344827586207,1.0,1.0,0.0,0.0,1.0,0.8448275862068966,,1.0
volcanoes-a2,rfc-nosuite,0.9310344827586207,0.41,0.024630541871921183,0.0,0.0,0.012315270935960592,0.019704433497536946,0.014778325123152709,1.0
volcanoes-a2,rfc-nosuite,0.9310344827586207,1.0,1.0,0.0,0.0,1.0,0.7881773399014779,,1.0
volcanoes-a2,rfc-nosuite,0.9310344827586207,0.83,0.8793103448275862,0.0,0.0,0.9137931034482759,0.9137931034482759,0.9137931034482759,1.0
volcanoes-a2,rfc-nosuite,0.9310344827586207,1.0,1.0,0.0,0.0,0.8423645320197044,0.45566502463054187,0.9211822660098522,1.0
volcanoes-a2,rfc-nosuite,0.9310344827586207,1.0,1.0,0.0,0.0,0.7536945812807881,0.8866995073891626,0.9408866995073891,1.0
volcanoes-a2,rfc-nosuite,0.9310344827586207,1.0,1.0,0.0,0.0,1.0,0.5492610837438424,0.9285714285714286,1.0
volcanoes-a2,rfc-nosuite,0.9310344827586207,0.97,1.0,0.0,0.0,0.4187192118226601,0.8054187192118226,0.9556650246305419,1.0
volcanoes-a2,rfc-nosuite,0.9310344827586207,0.99,1.0,0.0,0.0,1.0,0.5197044334975369,0.9630541871921182,1.0
volcanoes-a2,rfc-nosuite,0.9310344827586207,0.88,0.024630541871921183,0.0,0.0,0.9679802955665024,0.019704433497536946,0.30295566502463056,1.0
volcanoes-a2,rfc-nosuite,0.9310344827586207,0.99,1.0,0.0,0.0,0.229064039408867,0.8251231527093597,0.9014778325123153,1.0
volcanoes-a2,rfc-nosuite,0.9310344827586207,0.93,0.9334975369458128,0.0,0.0,1.0,0.6921182266009852,0.9482758620689655,1.0
volcanoes-a2,rfc-nosuite,0.9310344827586207,1.0,1.0,0.0,0.0,0.8349753694581281,0.5369458128078818,0.9236453201970444,1.0
volcanoes-a2,rfc-nosuite,0.9310344827586207,0.98,1.0,0.0,0.0,1.0,0.9137931034482759,0.9236453201970444,1.0
volcanoes-a3,rfc-nosuite,0.889763779527559,0.35,0.023622047244094488,0.0,0.0,0.5853018372703412,0.12860892388451445,0.1889763779527559,1.0
volcanoes-a3,rfc-nosuite,0.889763779527559,1.0,1.0,0.0,0.0,1.0,0.847769028871391,0.9186351706036745,1.0
volcanoes-a3,rfc-nosuite,0.889763779527559,0.4,0.049868766404199474,0.0,0.0,0.03412073490813648,0.02099737532808399,0.023622047244094488,1.0
volcanoes-a3,rfc-nosuite,0.889763779527559,0.99,1.0,0.0,0.0,1.0,0.7821522309711286,0.9396325459317585,1.0
volcanoes-a3,rfc-nosuite,0.889763779527559,1.0,1.0,0.0,0.0,0.30183727034120733,0.7847769028871391,0.9002624671916011,1.0
volcanoes-a3,rfc-nosuite,0.889763779527559,1.0,1.0,0.0,0.0,1.0,0.8372703412073491,0.8740157480314961,1.0
volcanoes-a3,rfc-nosuite,0.889763779527559,1.0,1.0,0.0,0.0,0.6194225721784777,0.5905511811023622,0.9212598425196851,1.0
volcanoes-a3,rfc-nosuite,0.889763779527559,0.98,1.0,0.0,0.0,1.0,0.9002624671916011,,1.0
volcanoes-a3,rfc-nosuite,0.889763779527559,0.94,1.0,0.0,0.0,1.0,0.821522309711286,0.9028871391076115,1.0
volcanoes-a3,rfc-nosuite,0.889763779527559,1.0,1.0,0.0,0.0,1.0,0.8871391076115486,0.9212598425196851,1.0
volcanoes-a3,rfc-nosuite,0.889763779527559,1.0,1.0,0.0,0.0,0.5905511811023622,0.7952755905511811,,1.0
volcanoes-a3,rfc-nosuite,0.889763779527559,0.95,0.8871391076115486,0.0,0.0,0.905511811023622,0.8871391076115486,0.8818897637795275,1.0
volcanoes-a3,rfc-nosuite,0.889763779527559,0.76,1.0,0.0,0.0,1.0,0.6299212598425197,0.931758530183727,1.0
volcanoes-a3,rfc-nosuite,0.889763779527559,0.56,0.031496062992125984,0.0,0.0,0.7296587926509186,0.9028871391076115,0.7401574803149606,1.0
volcanoes-a3,rfc-nosuite,0.889763779527559,0.97,0.8871391076115486,0.0,0.0,0.937007874015748,0.9002624671916011,0.9028871391076115,1.0
volcanoes-a3,rfc-nosuite,0.889763779527559,0.99,1.0,0.0,0.0,0.9291338582677166,0.8976377952755905,0.9212598425196851,1.0
volcanoes-a3,rfc-nosuite,0.889763779527559,0.96,0.7795275590551181,0.0,0.0,0.8241469816272966,0.868766404199475,0.89501312335958,1.0
volcanoes-a3,rfc-nosuite,0.889763779527559,1.0,1.0,0.0,0.0,1.0,0.863517060367454,0.9186351706036745,1.0
volcanoes-a3,rfc-nosuite,0.889763779527559,0.99,1.0,0.0,0.0,0.6246719160104987,0.8766404199475065,0.9002624671916011,1.0
volcanoes-a3,rfc-nosuite,0.889763779527559,0.96,0.7952755905511811,0.0,0.0,0.5328083989501312,0.6272965879265092,0.9291338582677166,1.0
volcanoes-a3,rfc-nosuite,0.889763779527559,1.0,1.0,0.0,0.0,1.0,0.821522309711286,0.9028871391076115,1.0
volcanoes-a3,rfc-nosuite,0.889763779527559,0.92,0.8871391076115486,0.0,0.0,0.8871391076115486,0.8871391076115486,0.9002624671916011,1.0
volcanoes-a3,rfc-nosuite,0.889763779527559,0.99,1.0,0.0,0.0,1.0,0.8188976377952756,,1.0
volcanoes-a3,rfc-nosuite,0.889763779527559,0.77,0.926509186351706,0.0,0.0,0.9422572178477691,0.6430446194225722,0.8267716535433071,1.0
volcanoes-a3,rfc-nosuite,0.889763779527559,0.93,1.0,0.0,0.0,1.0,0.847769028871391,0.8923884514435696,1.0
volcanoes-a3,rfc-nosuite,0.889763779527559,0.99,1.0,0.0,0.0,1.0,0.8110236220472441,,1.0
volcanoes-a3,rfc-nosuite,0.889763779527559,0.55,0.05774278215223097,0.0,0.0,0.9291338582677166,0.2650918635170604,0.926509186351706,1.0
volcanoes-a3,rfc-nosuite,0.889763779527559,0.97,1.0,0.0,0.0,1.0,0.8740157480314961,0.9291338582677166,1.0
volcanoes-a3,rfc-nosuite,0.889763779527559,1.0,1.0,0.0,0.0,0.6272965879265092,0.8976377952755905,0.9658792650918635,1.0
volcanoes-a3,rfc-nosuite,0.889763779527559,0.99,1.0,0.0,0.0,1.0,0.8976377952755905,,1.0
volcanoes-a3,rfc-nosuite,0.889763779527559,1.0,1.0,0.0,0.0,0.30183727034120733,0.7952755905511811,0.9212598425196851,1.0
volcanoes-a3,rfc-nosuite,0.889763779527559,0.99,1.0,0.0,0.0,1.0,0.7532808398950132,0.8923884514435696,1.0
volcanoes-a3,rfc-nosuite,0.889763779527559,0.76,0.926509186351706,0.0,0.0,0.9291338582677166,0.6902887139107612,0.9291338582677166,1.0
volcanoes-a3,rfc-nosuite,0.889763779527559,0.93,1.0,0.0,0.0,0.8871391076115486,0.8871391076115486,0.9186351706036745,1.0
volcanoes-a3,rfc-nosuite,0.889763779527559,1.0,1.0,0.0,0.0,0.30183727034120733,0.863517060367454,,1.0
volcanoes-a3,rfc-nosuite,0.889763779527559,0.86,0.5958005249343832,0.0,0.0,1.0,0.5039370078740157,0.9606299212598425,1.0
volcanoes-a3,rfc-nosuite,0.889763779527559,1.0,0.49343832020997375,0.0,0.0,1.0,0.8372703412073491,0.9396325459317585,1.0
volcanoes-a3,rfc-nosuite,0.889763779527559,0.98,1.0,0.0,0.0,0.3333333333333333,0.8608923884514436,0.9291338582677166,1.0
volcanoes-a3,rfc-nosuite,0.889763779527559,0.97,0.8871391076115486,0.0,0.0,0.05774278215223097,0.8871391076115486,,1.0
volcanoes-a3,rfc-nosuite,0.889763779527559,1.0,1.0,0.0,0.0,0.9396325459317585,0.6299212598425197,0.9343832020997376,1.0
volcanoes-a3,rfc-nosuite,0.889763779527559,0.99,1.0,0.0,0.0,1.0,0.8320209973753281,0.9422572178477691,1.0
volcanoes-a3,rfc-nosuite,0.889763779527559,0.45,0.010498687664041995,0.0,0.0,0.013123359580052493,0.047244094488188976,0.010498687664041995,1.0
volcanoes-a3,rfc-nosuite,0.889763779527559,0.98,1.0,0.0,0.0,1.0,0.8241469816272966,,1.0
volcanoes-a3,rfc-nosuite,0.889763779527559,1.0,1.0,0.0,0.0,0.7795275590551181,0.8320209973753281,0.931758530183727,1.0
volcanoes-a3,rfc-nosuite,0.889763779527559,0.95,1.0,0.0,0.0,0.2677165354330709,0.6167979002624672,0.9291338582677166,1.0
volcanoes-a3,rfc-nosuite,0.889763779527559,0.99,1.0,0.0,0.0,1.0,0.8031496062992126,0.937007874015748,1.0
volcanoes-a3,rfc-nosuite,0.889763779527559,0.94,1.0,0.0,0.0,1.0,0.847769028871391,0.9553805774278216,1.0
volcanoes-a3,rfc-nosuite,0.889763779527559,1.0,1.0,0.0,0.0,0.7952755905511811,0.8582677165354331,0.916010498687664,1.0
volcanoes-a3,rfc-nosuite,0.889763779527559,1.0,1.0,0.0,0.0,1.0,0.7532808398950132,0.9291338582677166,1.0
volcanoes-a3,rfc-nosuite,0.889763779527559,1.0,1.0,0.0,0.0,1.0,0.868766404199475,0.9291338582677166,1.0
volcanoes-a4,rfc-nosuite,0.8891820580474934,1.0,1.0,0.0,0.0,1.0,0.8469656992084432,0.9102902374670184,1.0
volcanoes-a4,rfc-nosuite,0.8891820580474934,1.0,1.0,0.0,0.0,0.16094986807387862,0.8311345646437994,,1.0
volcanoes-a4,rfc-nosuite,0.8891820580474934,0.61,0.07387862796833773,0.0,0.0,0.0079155672823219,0.0079155672823219,0.052770448548812667,1.0
volcanoes-a4,rfc-nosuite,0.8891820580474934,0.95,1.0,0.0,0.0,1.0,0.841688654353562,,1.0
volcanoes-a4,rfc-nosuite,0.8891820580474934,1.0,1.0,0.0,0.0,1.0,0.8812664907651715,0.8891820580474934,1.0
volcanoes-a4,rfc-nosuite,0.8891820580474934,0.57,0.029023746701846966,0.0,0.0,0.19788918205804748,0.055408970976253295,0.31926121372031663,1.0
volcanoes-a4,rfc-nosuite,0.8891820580474934,1.0,1.0,0.0,0.0,1.0,0.8232189973614775,0.9102902374670184,1.0
volcanoes-a4,rfc-nosuite,0.8891820580474934,0.87,0.8918205804749341,0.0,0.0,0.9102902374670184,0.20316622691292877,0.8944591029023746,1.0
volcanoes-a4,rfc-nosuite,0.8891820580474934,0.88,1.0,0.0,0.0,1.0,0.7968337730870713,0.7941952506596306,1.0
volcanoes-a4,rfc-nosuite,0.8891820580474934,1.0,1.0,0.0,0.0,1.0,0.7440633245382586,0.9023746701846965,1.0
volcanoes-a4,rfc-nosuite,0.8891820580474934,1.0,1.0,0.0,0.0,1.0,0.7203166226912929,0.8786279683377308,1.0
volcanoes-a4,rfc-nosuite,0.8891820580474934,0.98,1.0,0.0,0.0,0.6517150395778364,0.8918205804749341,0.9287598944591029,1.0
volcanoes-a4,rfc-nosuite,0.8891820580474934,0.99,1.0,0.0,0.0,1.0,0.8601583113456465,0.8786279683377308,1.0
volcanoes-a4,rfc-nosuite,0.8891820580474934,1.0,1.0,0.0,0.0,1.0,0.7889182058047494,,1.0
volcanoes-a4,rfc-nosuite,0.8891820580474934,1.0,1.0,0.0,0.0,0.8073878627968337,0.5118733509234829,0.9102902374670184,1.0
volcanoes-a4,rfc-nosuite,0.8891820580474934,1.0,1.0,0.0,0.0,1.0,0.8311345646437994,,1.0
volcanoes-a4,rfc-nosuite,0.8891820580474934,1.0,1.0,0.0,0.0,1.0,0.8311345646437994,,1.0
volcanoes-a4,rfc-nosuite,0.8891820580474934,1.0,1.0,0.0,0.0,0.8311345646437994,0.7493403693931399,,1.0
volcanoes-a4,rfc-nosuite,0.8891820580474934,1.0,1.0,0.0,0.0,1.0,0.8839050131926122,0.9234828496042217,1.0
volcanoes-a4,rfc-nosuite,0.8891820580474934,1.0,1.0,0.0,0.0,1.0,0.820580474934037,,1.0
volcanoes-a4,rfc-nosuite,0.8891820580474934,1.0,1.0,0.0,0.0,1.0,0.8153034300791556,0.9313984168865436,1.0
volcanoes-a4,rfc-nosuite,0.8891820580474934,0.39,0.0395778364116095,0.0,0.0,0.0158311345646438,0.005277044854881266,0.005277044854881266,1.0
volcanoes-a4,rfc-nosuite,0.8891820580474934,1.0,1.0,0.0,0.0,1.0,0.762532981530343,0.9498680738786279,1.0
volcanoes-a4,rfc-nosuite,0.8891820580474934,0.98,1.0,0.0,0.0,1.0,0.8153034300791556,,1.0
volcanoes-a4,rfc-nosuite,0.8891820580474934,0.75,0.8759894459102903,0.0,0.0,0.8786279683377308,0.8812664907651715,0.8786279683377308,1.0
volcanoes-a4,rfc-nosuite,0.8891820580474934,1.0,1.0,0.0,0.0,0.20316622691292877,0.8469656992084432,,1.0
volcanoes-a4,rfc-nosuite,0.8891820580474934,1.0,1.0,0.0,0.0,1.0,0.6912928759894459,,1.0
volcanoes-a4,rfc-nosuite,0.8891820580474934,0.32,0.052770448548812667,0.0,0.0,0.013192612137203167,0.0633245382585752,0.021108179419525065,1.0
volcanoes-a4,rfc-nosuite,0.8891820580474934,0.96,1.0,0.0,0.0,0.9868073878627969,0.8786279683377308,0.9287598944591029,1.0
volcanoes-a4,rfc-nosuite,0.8891820580474934,0.84,1.0,0.0,0.0,1.0,0.8733509234828496,0.9393139841688655,1.0
volcanoes-a4,rfc-nosuite,0.8891820580474934,0.62,1.0,0.0,0.0,0.055408970976253295,0.29815303430079154,,1.0
volcanoes-a4,rfc-nosuite,0.8891820580474934,0.99,1.0,0.0,0.0,1.0,0.7968337730870713,0.9076517150395779,1.0
volcanoes-a4,rfc-nosuite,0.8891820580474934,0.83,0.7361477572559367,0.0,0.0,0.43271767810026385,0.47493403693931396,0.9234828496042217,1.0
volcanoes-a4,rfc-nosuite,0.8891820580474934,0.97,0.8258575197889182,0.0,0.0,0.5277044854881267,0.8918205804749341,0.8918205804749341,1.0
volcanoes-a4,rfc-nosuite,0.8891820580474934,0.5,0.0316622691292876,0.0,0.0,0.05804749340369393,0.026385224274406333,0.05013192612137203,1.0
volcanoes-a4,rfc-nosuite,0.8891820580474934,0.75,0.055408970976253295,0.0,0.0,1.0,0.43535620052770446,,1.0
volcanoes-a4,rfc-nosuite,0.8891820580474934,0.8,1.0,0.0,0.0,1.0,0.8126649076517151,,1.0
volcanoes-a4,rfc-nosuite,0.8891820580474934,1.0,1.0,0.0,0.0,1.0,0.820580474934037,0.9287598944591029,1.0
volcanoes-a4,rfc-nosuite,0.8891820580474934,0.98,1.0,0.0,0.0,0.40105540897097625,0.8759894459102903,,1.0
volcanoes-a4,rfc-nosuite,0.8891820580474934,0.35,0.018469656992084433,0.0,0.0,0.010554089709762533,0.0079155672823219,0.005277044854881266,1.0
volcanoes-a4,rfc-nosuite,0.8891820580474934,1.0,1.0,0.0,0.0,1.0,0.8918205804749341,0.8918205804749341,1.0
volcanoes-a4,rfc-nosuite,0.8891820580474934,0.9,0.8786279683377308,0.0,0.0,0.40897097625329815,0.8839050131926122,0.9287598944591029,1.0
volcanoes-a4,rfc-nosuite,0.8891820580474934,0.97,0.7678100263852242,0.0,0.0,1.0,0.8839050131926122,,1.0
volcanoes-a4,rfc-nosuite,0.8891820580474934,0.98,1.0,0.0,0.0,1.0,0.8153034300791556,0.9023746701846965,1.0
volcanoes-a4,rfc-nosuite,0.8891820580474934,0.96,1.0,0.0,0.0,1.0,0.8390501319261213,,1.0
volcanoes-a4,rfc-nosuite,0.8891820580474934,0.99,1.0,0.0,0.0,0.1345646437994723,0.8759894459102903,,1.0
volcanoes-a4,rfc-nosuite,0.8891820580474934,0.98,0.3720316622691293,0.0,0.0,1.0,0.6437994722955145,,1.0
volcanoes-a4,rfc-nosuite,0.8891820580474934,0.95,0.3720316622691293,0.0,0.0,1.0,0.8759894459102903,0.920844327176781,1.0
volcanoes-a4,rfc-nosuite,0.8891820580474934,0.79,1.0,0.0,0.0,1.0,0.6490765171503958,0.899736147757256,1.0
volcanoes-a4,rfc-nosuite,0.8891820580474934,0.99,1.0,0.0,0.0,0.6860158311345647,0.8839050131926122,0.9234828496042217,1.0
volcanoes-e1,rfc-nosuite,0.9121621621621622,1.0,1.0,0.0,0.0,1.0,0.7804054054054054,0.9493243243243243,1.0
volcanoes-e1,rfc-nosuite,0.9121621621621622,0.99,1.0,0.0,0.0,1.0,0.777027027027027,0.9290540540540541,1.0
volcanoes-e1,rfc-nosuite,0.9121621621621622,1.0,1.0,0.0,0.0,1.0,0.7905405405405406,,1.0
volcanoes-e1,rfc-nosuite,0.9121621621621622,1.0,1.0,0.0,0.0,1.0,0.7702702702702703,0.8344594594594594,1.0
volcanoes-e1,rfc-nosuite,0.9121621621621622,1.0,1.0,0.0,0.0,1.0,0.8040540540540541,0.9155405405405406,1.0
volcanoes-e1,rfc-nosuite,0.9121621621621622,0.75,0.05067567567567568,0.0,0.0,0.19594594594594594,0.18243243243243243,0.1858108108108108,1.0
volcanoes-e1,rfc-nosuite,0.9121621621621622,1.0,1.0,0.0,0.0,1.0,0.3277027027027027,0.8783783783783784,1.0
volcanoes-e1,rfc-nosuite,0.9121621621621622,0.99,1.0,0.0,0.0,1.0,0.777027027027027,0.8209459459459459,1.0
volcanoes-e1,rfc-nosuite,0.9121621621621622,1.0,1.0,0.0,0.0,1.0,0.28040540540540543,0.8277027027027027,1.0
volcanoes-e1,rfc-nosuite,0.9121621621621622,0.85,0.7905405405405406,0.0,0.0,0.8209459459459459,0.6824324324324325,,1.0
volcanoes-e1,rfc-nosuite,0.9121621621621622,1.0,1.0,0.0,0.0,0.11824324324324324,0.7432432432432432,,1.0
volcanoes-e1,rfc-nosuite,0.9121621621621622,0.82,1.0,0.0,0.0,1.0,0.8108108108108109,0.8040540540540541,1.0
volcanoes-e1,rfc-nosuite,0.9121621621621622,0.88,1.0,0.0,0.0,1.0,0.28716216216216217,0.8378378378378378,1.0
volcanoes-e1,rfc-nosuite,0.9121621621621622,0.51,0.04391891891891892,0.0,0.0,1.0,0.16216216216216217,0.20608108108108109,1.0
volcanoes-e1,rfc-nosuite,0.9121621621621622,0.97,0.40540540540540543,0.0,0.0,0.07432432432432433,0.7432432432432432,0.831081081081081,1.0
volcanoes-e1,rfc-nosuite,0.9121621621621622,0.98,1.0,0.0,0.0,0.8682432432432432,0.38175675675675674,,1.0
volcanoes-e1,rfc-nosuite,0.9121621621621622,0.99,1.0,0.0,0.0,0.09797297297297297,0.8006756756756757,0.8344594594594594,1.0
volcanoes-e1,rfc-nosuite,0.9121621621621622,1.0,1.0,0.0,0.0,1.0,0.8141891891891891,,1.0
volcanoes-e1,rfc-nosuite,0.9121621621621622,0.94,0.33783783783783783,0.0,0.0,1.0,0.597972972972973,0.8344594594594594,1.0
volcanoes-e1,rfc-nosuite,0.9121621621621622,0.92,0.16554054054054054,0.0,0.0,0.19594594594594594,0.13513513513513514,0.20945945945945946,1.0
volcanoes-e1,rfc-nosuite,0.9121621621621622,1.0,1.0,0.0,0.0,1.0,0.7871621621621622,,1.0
volcanoes-e1,rfc-nosuite,0.9121621621621622,1.0,1.0,0.0,0.0,1.0,0.7027027027027027,,1.0
volcanoes-e1,rfc-nosuite,0.9121621621621622,0.84,0.3547297297297297,0.0,0.0,0.8209459459459459,0.8209459459459459,,1.0
volcanoes-e1,rfc-nosuite,0.9121621621621622,0.76,0.12837837837837837,0.0,0.0,0.12837837837837837,0.34459459459459457,0.43243243243243246,1.0
volcanoes-e1,rfc-nosuite,0.9121621621621622,0.63,0.8851351351351351,0.0,0.0,1.0,0.30743243243243246,0.20945945945945946,1.0
volcanoes-e1,rfc-nosuite,0.9121621621621622,0.97,1.0,0.0,0.0,1.0,0.7905405405405406,0.8209459459459459,1.0
volcanoes-e1,rfc-nosuite,0.9121621621621622,0.98,1.0,0.0,0.0,1.0,,,1.0
volcanoes-e1,rfc-nosuite,0.9121621621621622,1.0,1.0,0.0,0.0,0.44932432432432434,0.6182432432432432,0.831081081081081,1.0
volcanoes-e1,rfc-nosuite,0.9121621621621622,1.0,0.7195945945945946,0.0,0.0,0.831081081081081,,0.8209459459459459,1.0
volcanoes-e1,rfc-nosuite,0.9121621621621622,0.78,0.0777027027027027,0.0,0.0,0.30405405405405406,0.6114864864864865,0.12837837837837837,1.0
volcanoes-e1,rfc-nosuite,0.9121621621621622,0.96,0.6824324324324325,0.0,0.0,1.0,,0.8344594594594594,1.0
volcanoes-e1,rfc-nosuite,0.9121621621621622,0.87,0.013513513513513514,0.0,0.0,0.28040540540540543,0.24324324324324326,0.34797297297297297,1.0
volcanoes-e1,rfc-nosuite,0.9121621621621622,1.0,1.0,0.0,0.0,1.0,0.8209459459459459,0.8682432432432432,1.0
volcanoes-e1,rfc-nosuite,0.9121621621621622,0.98,0.8243243243243243,0.0,0.0,0.8277027027027027,0.42905405405405406,0.831081081081081,1.0
volcanoes-e1,rfc-nosuite,0.9121621621621622,0.49,1.0,0.0,0.0,0.1554054054054054,0.11486486486486487,0.060810810810810814,1.0
volcanoes-e1,rfc-nosuite,0.9121621621621622,1.0,0.35135135135135137,0.0,0.0,0.0777027027027027,0.7871621621621622,0.8209459459459459,1.0
volcanoes-e1,rfc-nosuite,0.9121621621621622,0.85,0.3108108108108108,0.0,0.0,0.9459459459459459,0.3108108108108108,0.6587837837837838,1.0
volcanoes-e1,rfc-nosuite,0.9121621621621622,0.97,1.0,0.0,0.0,1.0,0.722972972972973,,1.0
volcanoes-e1,rfc-nosuite,0.9121621621621622,0.81,0.722972972972973,0.0,0.0,0.8851351351351351,0.8209459459459459,0.9290540540540541,1.0
volcanoes-e1,rfc-nosuite,0.9121621621621622,0.5,0.32094594594594594,0.0,0.0,0.6216216216216216,0.11148648648648649,0.22972972972972974,1.0
volcanoes-e1,rfc-nosuite,0.9121621621621622,0.99,1.0,0.0,0.0,1.0,0.8344594594594594,,1.0
volcanoes-e1,rfc-nosuite,0.9121621621621622,0.99,0.7195945945945946,0.0,0.0,0.8344594594594594,,,1.0
volcanoes-e1,rfc-nosuite,0.9121621621621622,0.98,1.0,0.0,0.0,1.0,0.7432432432432432,0.8209459459459459,1.0
volcanoes-e1,rfc-nosuite,0.9121621621621622,0.93,1.0,0.0,0.0,1.0,0.8074324324324325,0.8209459459459459,1.0
volcanoes-e1,rfc-nosuite,0.9121621621621622,0.53,1.0,0.0,0.0,0.030405405405405407,0.16554054054054054,0.02702702702702703,1.0
volcanoes-e1,rfc-nosuite,0.9121621621621622,1.0,1.0,0.0,0.0,1.0,0.2702702702702703,,1.0
volcanoes-e1,rfc-nosuite,0.9121621621621622,0.99,1.0,0.0,0.0,1.0,0.8243243243243243,0.8378378378378378,1.0
volcanoes-e1,rfc-nosuite,0.9121621621621622,1.0,0.8648648648648649,0.0,0.0,1.0,0.7804054054054054,0.7263513513513513,1.0
volcanoes-e1,rfc-nosuite,0.9121621621621622,0.89,1.0,0.0,0.0,1.0,0.8141891891891891,0.8344594594594594,1.0
volcanoes-e1,rfc-nosuite,0.9121621621621622,0.96,1.0,0.0,0.0,1.0,0.8074324324324325,0.8344594594594594,1.0
volcanoes-e2,rfc-nosuite,0.9222222222222223,0.98,1.0,0.0,0.0,1.0,,0.9962962962962963,1.0
volcanoes-e2,rfc-nosuite,0.9222222222222223,0.91,0.837037037037037,0.0,0.0,1.0,,,1.0
volcanoes-e2,rfc-nosuite,0.9222222222222223,0.94,1.0,0.0,0.0,1.0,,,1.0
volcanoes-e2,rfc-nosuite,0.9222222222222223,1.0,1.0,0.0,0.0,1.0,,0.837037037037037,1.0
volcanoes-e2,rfc-nosuite,0.9222222222222223,1.0,1.0,0.0,0.0,1.0,,,1.0
volcanoes-e2,rfc-nosuite,0.9222222222222223,0.92,1.0,0.0,0.0,1.0,,1.0,1.0
volcanoes-e2,rfc-nosuite,0.9222222222222223,0.97,1.0,0.0,0.0,1.0,,,1.0
volcanoes-e2,rfc-nosuite,0.9222222222222223,0.99,1.0,0.0,0.0,1.0,,0.8703703703703703,1.0
volcanoes-e2,rfc-nosuite,0.9222222222222223,0.98,0.337037037037037,0.0,0.0,1.0,,1.0,1.0
volcanoes-e2,rfc-nosuite,0.9222222222222223,0.7,0.022222222222222223,0.0,0.0,0.3851851851851852,,0.18888888888888888,1.0
volcanoes-e2,rfc-nosuite,0.9222222222222223,0.96,0.04814814814814815,0.0,0.0,0.8777777777777778,,0.7555555555555555,1.0
volcanoes-e2,rfc-nosuite,0.9222222222222223,0.96,1.0,0.0,0.0,1.0,,,1.0
volcanoes-e2,rfc-nosuite,0.9222222222222223,0.93,1.0,0.0,0.0,1.0,,,1.0
volcanoes-e2,rfc-nosuite,0.9222222222222223,0.97,1.0,0.0,0.0,0.8148148148148148,,,1.0
volcanoes-e2,rfc-nosuite,0.9222222222222223,1.0,1.0,0.0,0.0,1.0,,1.0,1.0
volcanoes-e2,rfc-nosuite,0.9222222222222223,0.96,0.7851851851851852,0.0,0.0,1.0,,,1.0
volcanoes-e2,rfc-nosuite,0.9222222222222223,1.0,1.0,0.0,0.0,1.0,,0.9074074074074074,1.0
volcanoes-e2,rfc-nosuite,0.9222222222222223,0.79,0.9888888888888889,0.0,0.0,1.0,,0.8777777777777778,1.0
volcanoes-e2,rfc-nosuite,0.9222222222222223,0.99,1.0,0.0,0.0,1.0,,0.8703703703703703,1.0
volcanoes-e2,rfc-nosuite,0.9222222222222223,0.92,1.0,0.0,0.0,1.0,,0.8703703703703703,1.0
volcanoes-e2,rfc-nosuite,0.9222222222222223,0.97,1.0,0.0,0.0,0.6777777777777778,,0.8925925925925926,1.0
volcanoes-e2,rfc-nosuite,0.9222222222222223,0.82,0.7851851851851852,0.0,0.0,0.7962962962962963,,0.8740740740740741,1.0
volcanoes-e2,rfc-nosuite,0.9222222222222223,0.88,0.7814814814814814,0.0,0.0,0.8444444444444444,,0.8777777777777778,1.0
volcanoes-e2,rfc-nosuite,0.9222222222222223,0.36,0.03333333333333333,0.0,0.0,0.5370370370370371,,0.5555555555555556,1.0
volcanoes-e2,rfc-nosuite,0.9222222222222223,1.0,1.0,0.0,0.0,1.0,,0.9592592592592593,1.0
volcanoes-e2,rfc-nosuite,0.9222222222222223,0.98,0.4925925925925926,0.0,0.0,1.0,,,1.0
volcanoes-e2,rfc-nosuite,0.9222222222222223,0.99,1.0,0.0,0.0,1.0,,,1.0
volcanoes-e2,rfc-nosuite,0.9222222222222223,1.0,1.0,0.0,0.0,1.0,,0.9222222222222223,1.0
volcanoes-e2,rfc-nosuite,0.9222222222222223,0.68,0.1037037037037037,0.0,0.0,0.6333333333333333,,0.4888888888888889,1.0
volcanoes-e2,rfc-nosuite,0.9222222222222223,0.98,1.0,0.0,0.0,1.0,,,1.0
volcanoes-e2,rfc-nosuite,0.9222222222222223,0.97,1.0,0.0,0.0,1.0,,0.9592592592592593,1.0
volcanoes-e2,rfc-nosuite,0.9222222222222223,0.94,0.8703703703703703,0.0,0.0,0.837037037037037,,,1.0
volcanoes-e2,rfc-nosuite,0.9222222222222223,0.98,1.0,0.0,0.0,1.0,,,1.0
volcanoes-e2,rfc-nosuite,0.9222222222222223,0.97,1.0,0.0,0.0,1.0,,1.0,1.0
volcanoes-e2,rfc-nosuite,0.9222222222222223,0.99,1.0,0.0,0.0,1.0,,,1.0
volcanoes-e2,rfc-nosuite,0.9222222222222223,0.97,1.0,0.0,0.0,1.0,,0.9185185185185185,1.0
volcanoes-e2,rfc-nosuite,0.9222222222222223,1.0,1.0,0.0,0.0,1.0,,0.8703703703703703,1.0
volcanoes-e2,rfc-nosuite,0.9222222222222223,0.97,1.0,0.0,0.0,1.0,,,1.0
volcanoes-e2,rfc-nosuite,0.9222222222222223,0.96,0.8703703703703703,0.0,0.0,1.0,,0.8740740740740741,1.0
volcanoes-e2,rfc-nosuite,0.9222222222222223,1.0,1.0,0.0,0.0,1.0,,0.9518518518518518,1.0
volcanoes-e2,rfc-nosuite,0.9222222222222223,1.0,1.0,0.0,0.0,1.0,,0.837037037037037,1.0
volcanoes-e2,rfc-nosuite,0.9222222222222223,0.89,0.8148148148148148,0.0,0.0,1.0,,0.8555555555555555,1.0
volcanoes-e2,rfc-nosuite,0.9222222222222223,0.42,0.025925925925925925,0.0,0.0,0.007407407407407408,,0.014814814814814815,1.0
volcanoes-e2,rfc-nosuite,0.9222222222222223,0.95,1.0,0.0,0.0,1.0,,0.837037037037037,1.0
volcanoes-e2,rfc-nosuite,0.9222222222222223,0.97,1.0,0.0,0.0,1.0,,0.8703703703703703,1.0
volcanoes-e2,rfc-nosuite,0.9222222222222223,0.82,0.8703703703703703,0.0,0.0,1.0,,0.9925925925925926,1.0
volcanoes-e2,rfc-nosuite,0.9222222222222223,0.66,0.05185185185185185,0.0,0.0,0.003703703703703704,,0.003703703703703704,1.0
volcanoes-e2,rfc-nosuite,0.9222222222222223,0.96,0.6037037037037037,0.0,0.0,0.9,,0.9296296296296296,1.0
volcanoes-e2,rfc-nosuite,0.9222222222222223,1.0,1.0,0.0,0.0,1.0,,,1.0
volcanoes-e2,rfc-nosuite,0.9222222222222223,1.0,1.0,0.0,0.0,1.0,,,1.0
volcanoes-e3,rfc-nosuite,0.925,0.99,1.0,0.0,0.0,0.0875,,0.840625,1.0
volcanoes-e3,rfc-nosuite,0.925,0.89,0.553125,0.0,0.0,0.865625,,0.859375,1.0
volcanoes-e3,rfc-nosuite,0.925,0.96,1.0,0.0,0.0,0.840625,,0.840625,1.0
volcanoes-e3,rfc-nosuite,0.925,1.0,1.0,0.0,0.0,1.0,,,1.0
volcanoes-e3,rfc-nosuite,0.925,0.78,1.0,0.0,0.0,1.0,,0.94375,1.0
volcanoes-e3,rfc-nosuite,0.925,0.83,0.7375,0.0,0.0,1.0,,,1.0
volcanoes-e3,rfc-nosuite,0.925,0.99,0.8375,0.0,0.0,0.86875,0.553125,,1.0
volcanoes-e3,rfc-nosuite,0.925,1.0,1.0,0.0,0.0,0.80625,,0.903125,1.0
volcanoes-e3,rfc-nosuite,0.925,0.95,0.33125,0.0,0.0,0.05625,,0.971875,1.0
volcanoes-e3,rfc-nosuite,0.925,0.48,0.775,0.0,0.0,0.865625,0.50625,0.7375,1.0
volcanoes-e3,rfc-nosuite,0.925,1.0,1.0,0.0,0.0,0.584375,,0.853125,1.0
volcanoes-e3,rfc-nosuite,0.925,0.94,0.821875,0.0,0.0,1.0,,,1.0
volcanoes-e3,rfc-nosuite,0.925,0.97,0.59375,0.0,0.0,1.0,,0.846875,1.0
volcanoes-e3,rfc-nosuite,0.925,0.99,1.0,0.0,0.0,1.0,,0.840625,1.0
volcanoes-e3,rfc-nosuite,0.925,1.0,1.0,0.0,0.0,1.0,0.825,,1.0
volcanoes-e3,rfc-nosuite,0.925,1.0,1.0,0.0,0.0,0.840625,0.721875,0.846875,1.0
volcanoes-e3,rfc-nosuite,0.925,1.0,1.0,0.0,0.0,1.0,,0.7625,1.0
volcanoes-e3,rfc-nosuite,0.925,0.78,0.321875,0.0,0.0,1.0,,0.3125,1.0
volcanoes-e3,rfc-nosuite,0.925,0.98,0.85625,0.0,0.0,0.840625,0.675,,1.0
volcanoes-e3,rfc-nosuite,0.925,1.0,1.0,0.0,0.0,0.0875,0.809375,,1.0
volcanoes-e3,rfc-nosuite,0.925,0.81,0.440625,0.0,0.0,0.39375,0.53125,,1.0
volcanoes-e3,rfc-nosuite,0.925,0.95,1.0,0.0,0.0,1.0,,,1.0
volcanoes-e3,rfc-nosuite,0.925,0.99,0.590625,0.0,0.0,1.0,,0.840625,1.0
volcanoes-e3,rfc-nosuite,0.925,0.99,1.0,0.0,0.0,1.0,,0.86875,1.0
volcanoes-e3,rfc-nosuite,0.925,0.96,0.525,0.0,0.0,1.0,,,1.0
volcanoes-e3,rfc-nosuite,0.925,1.0,1.0,0.0,0.0,1.0,,,1.0
volcanoes-e3,rfc-nosuite,0.925,0.99,0.596875,0.0,0.0,0.2125,,,1.0
volcanoes-e3,rfc-nosuite,0.925,0.94,0.840625,0.0,0.0,0.865625,,,1.0
volcanoes-e3,rfc-nosuite,0.925,0.99,1.0,0.0,0.0,1.0,0.66875,0.7625,1.0
volcanoes-e3,rfc-nosuite,0.925,1.0,1.0,0.0,0.0,1.0,,0.85625,1.0
volcanoes-e3,rfc-nosuite,0.925,0.82,0.03125,0.0,0.0,0.309375,,,1.0
volcanoes-e3,rfc-nosuite,0.925,0.97,1.0,0.0,0.0,1.0,,,1.0
volcanoes-e3,rfc-nosuite,0.925,1.0,1.0,0.0,0.0,1.0,0.56875,0.865625,1.0
volcanoes-e3,rfc-nosuite,0.925,1.0,1.0,0.0,0.0,0.534375,,,1.0
volcanoes-e3,rfc-nosuite,0.925,0.94,1.0,0.0,0.0,1.0,,,1.0
volcanoes-e3,rfc-nosuite,0.925,0.84,1.0,0.0,0.0,1.0,,,1.0
volcanoes-e3,rfc-nosuite,0.925,1.0,1.0,0.0,0.0,1.0,,0.86875,1.0
volcanoes-e3,rfc-nosuite,0.925,1.0,0.85625,0.0,0.0,0.840625,,,1.0
volcanoes-e3,rfc-nosuite,0.925,0.99,1.0,0.0,0.0,1.0,0.134375,,1.0
volcanoes-e3,rfc-nosuite,0.925,1.0,1.0,0.0,0.0,0.859375,,,1.0
volcanoes-e3,rfc-nosuite,0.925,0.98,1.0,0.0,0.0,0.503125,0.1625,,1.0
volcanoes-e3,rfc-nosuite,0.925,0.61,0.140625,0.0,0.0,0.91875,,0.428125,1.0
volcanoes-e3,rfc-nosuite,0.925,1.0,1.0,0.0,0.0,1.0,,0.753125,1.0
volcanoes-e3,rfc-nosuite,0.925,0.91,1.0,0.0,0.0,1.0,0.615625,,1.0
volcanoes-e3,rfc-nosuite,0.925,1.0,1.0,0.0,0.0,1.0,0.153125,,1.0
volcanoes-e3,rfc-nosuite,0.925,0.94,0.653125,0.0,0.0,1.0,,,1.0
volcanoes-e3,rfc-nosuite,0.925,0.94,0.840625,0.0,0.0,0.840625,0.353125,,1.0
volcanoes-e3,rfc-nosuite,0.925,1.0,1.0,0.0,0.0,1.0,0.296875,,1.0
volcanoes-e3,rfc-nosuite,0.925,0.98,0.85625,0.0,0.0,0.90625,,,1.0
volcanoes-e3,rfc-nosuite,0.925,0.96,0.653125,0.0,0.0,1.0,,0.934375,1.0
volcanoes-e4,rfc-nosuite,0.939297124600639,0.98,1.0,0.0,0.0,1.0,,0.8753993610223643,1.0
volcanoes-e4,rfc-nosuite,0.939297124600639,0.98,1.0,0.0,0.0,1.0,0.9009584664536742,,1.0
volcanoes-e4,rfc-nosuite,0.939297124600639,0.6,0.2939297124600639,0.0,0.0,1.0,,0.4504792332268371,1.0
volcanoes-e4,rfc-nosuite,0.939297124600639,0.94,1.0,0.0,0.0,1.0,,0.9680511182108626,1.0
volcanoes-e4,rfc-nosuite,0.939297124600639,0.47,0.10862619808306709,0.0,0.0,0.8849840255591054,,0.49201277955271566,1.0
volcanoes-e4,rfc-nosuite,0.939297124600639,1.0,1.0,0.0,0.0,1.0,,0.9840255591054313,1.0
volcanoes-e4,rfc-nosuite,0.939297124600639,0.75,0.009584664536741214,0.0,0.0,0.3514376996805112,0.2747603833865815,0.34824281150159747,1.0
volcanoes-e4,rfc-nosuite,0.939297124600639,1.0,1.0,0.0,0.0,0.7060702875399361,,0.9009584664536742,1.0
volcanoes-e4,rfc-nosuite,0.939297124600639,0.96,1.0,0.0,0.0,1.0,,0.9137380191693291,1.0
volcanoes-e4,rfc-nosuite,0.939297124600639,1.0,1.0,0.0,0.0,1.0,,0.8785942492012779,1.0
volcanoes-e4,rfc-nosuite,0.939297124600639,0.8,0.054313099041533544,0.0,0.0,0.9936102236421726,0.5111821086261981,0.65814696485623,1.0
volcanoes-e4,rfc-nosuite,0.939297124600639,1.0,1.0,0.0,0.0,1.0,0.7603833865814696,0.8785942492012779,1.0
volcanoes-e4,rfc-nosuite,0.939297124600639,0.96,0.8594249201277955,0.0,0.0,1.0,0.5910543130990416,0.9936102236421726,1.0
volcanoes-e4,rfc-nosuite,0.939297124600639,0.97,1.0,0.0,0.0,1.0,,,1.0
volcanoes-e4,rfc-nosuite,0.939297124600639,0.96,1.0,0.0,0.0,0.8753993610223643,0.7827476038338658,,1.0
volcanoes-e4,rfc-nosuite,0.939297124600639,0.95,1.0,0.0,0.0,1.0,,0.8817891373801917,1.0
volcanoes-e4,rfc-nosuite,0.939297124600639,1.0,1.0,0.0,0.0,0.8753993610223643,,,1.0
volcanoes-e4,rfc-nosuite,0.939297124600639,1.0,1.0,0.0,0.0,1.0,0.2939297124600639,0.9616613418530351,1.0
volcanoes-e4,rfc-nosuite,0.939297124600639,0.93,0.8753993610223643,0.0,0.0,0.09584664536741214,,,1.0
volcanoes-e4,rfc-nosuite,0.939297124600639,1.0,1.0,0.0,0.0,1.0,,,1.0
volcanoes-e4,rfc-nosuite,0.939297124600639,0.68,0.009584664536741214,0.0,0.0,0.003194888178913738,,0.003194888178913738,1.0
volcanoes-e4,rfc-nosuite,0.939297124600639,0.99,1.0,0.0,0.0,0.5654952076677316,,,1.0
volcanoes-e4,rfc-nosuite,0.939297124600639,0.98,1.0,0.0,0.0,0.09904153354632587,,0.8753993610223643,1.0
volcanoes-e4,rfc-nosuite,0.939297124600639,0.97,0.7060702875399361,0.0,0.0,0.5718849840255591,,,1.0
volcanoes-e4,rfc-nosuite,0.939297124600639,1.0,1.0,0.0,0.0,0.35782747603833864,,0.9201277955271565,1.0
volcanoes-e4,rfc-nosuite,0.939297124600639,0.97,1.0,0.0,0.0,1.0,,0.9680511182108626,1.0
volcanoes-e4,rfc-nosuite,0.939297124600639,0.76,1.0,0.0,0.0,1.0,0.5111821086261981,,1.0
volcanoes-e4,rfc-nosuite,0.939297124600639,0.98,0.670926517571885,0.0,0.0,0.65814696485623,0.5591054313099042,,1.0
volcanoes-e4,rfc-nosuite,0.939297124600639,0.95,1.0,0.0,0.0,0.22044728434504793,0.8753993610223643,0.9073482428115016,1.0
volcanoes-e4,rfc-nosuite,0.939297124600639,0.99,1.0,0.0,0.0,0.36421725239616615,,0.9840255591054313,1.0
volcanoes-e4,rfc-nosuite,0.939297124600639,0.79,1.0,0.0,0.0,0.6198083067092651,,0.8753993610223643,1.0
volcanoes-e4,rfc-nosuite,0.939297124600639,0.99,0.8594249201277955,0.0,0.0,0.8753993610223643,,0.9201277955271565,1.0
volcanoes-e4,rfc-nosuite,0.939297124600639,0.99,1.0,0.0,0.0,0.7060702875399361,,0.9137380191693291,1.0
volcanoes-e4,rfc-nosuite,0.939297124600639,1.0,1.0,0.0,0.0,1.0,,,1.0
volcanoes-e4,rfc-nosuite,0.939297124600639,0.98,1.0,0.0,0.0,1.0,,,1.0
volcanoes-e4,rfc-nosuite,0.939297124600639,0.63,0.2939297124600639,0.0,0.0,0.2939297124600639,0.038338658146964855,0.16932907348242812,1.0
volcanoes-e4,rfc-nosuite,0.939297124600639,0.85,0.5175718849840255,0.0,0.0,1.0,,0.5814696485623003,1.0
volcanoes-e4,rfc-nosuite,0.939297124600639,0.99,1.0,0.0,0.0,0.6198083067092651,,0.9201277955271565,1.0
volcanoes-e4,rfc-nosuite,0.939297124600639,1.0,1.0,0.0,0.0,1.0,,0.8849840255591054,1.0
volcanoes-e4,rfc-nosuite,0.939297124600639,0.97,0.05750798722044728,0.0,0.0,1.0,,0.7859424920127795,1.0
volcanoes-e4,rfc-nosuite,0.939297124600639,1.0,1.0,0.0,0.0,1.0,,,1.0
volcanoes-e4,rfc-nosuite,0.939297124600639,1.0,1.0,0.0,0.0,1.0,,0.8881789137380192,1.0
volcanoes-e4,rfc-nosuite,0.939297124600639,0.96,0.8594249201277955,0.0,0.0,1.0,0.48242811501597443,0.8785942492012779,1.0
volcanoes-e4,rfc-nosuite,0.939297124600639,1.0,1.0,0.0,0.0,1.0,0.30990415335463256,,1.0
volcanoes-e4,rfc-nosuite,0.939297124600639,1.0,1.0,0.0,0.0,0.22044728434504793,0.7795527156549521,,1.0
volcanoes-e4,rfc-nosuite,0.939297124600639,0.72,0.3865814696485623,0.0,0.0,0.9840255591054313,0.7699680511182109,0.08306709265175719,1.0
volcanoes-e4,rfc-nosuite,0.939297124600639,0.78,0.670926517571885,0.0,0.0,0.6964856230031949,0.9201277955271565,0.6869009584664537,1.0
volcanoes-e4,rfc-nosuite,0.939297124600639,1.0,1.0,0.0,0.0,0.23961661341853036,,0.9584664536741214,1.0
volcanoes-e4,rfc-nosuite,0.939297124600639,0.98,1.0,0.0,0.0,0.134185303514377,,,1.0
volcanoes-e4,rfc-nosuite,0.939297124600639,1.0,0.8594249201277955,0.0,0.0,0.8753993610223643,,0.9680511182108626,1.0
volcanoes-e5,rfc-nosuite,0.9028776978417267,0.89,0.8633093525179856,0.0,0.0,0.8633093525179856,,,1.0
volcanoes-e5,rfc-nosuite,0.9028776978417267,1.0,1.0,0.0,0.0,1.0,,0.9568345323741008,1.0
volcanoes-e5,rfc-nosuite,0.9028776978417267,0.98,1.0,0.0,0.0,0.8633093525179856,,,1.0
volcanoes-e5,rfc-nosuite,0.9028776978417267,0.93,1.0,0.0,0.0,1.0,,,1.0
volcanoes-e5,rfc-nosuite,0.9028776978417267,0.93,0.3669064748201439,0.0,0.0,1.0,,0.9028776978417267,1.0
volcanoes-e5,rfc-nosuite,0.9028776978417267,0.96,1.0,0.0,0.0,1.0,,0.89568345323741,1.0
volcanoes-e5,rfc-nosuite,0.9028776978417267,0.84,0.014388489208633094,0.0,0.0,0.9064748201438849,,0.31654676258992803,1.0
volcanoes-e5,rfc-nosuite,0.9028776978417267,1.0,1.0,0.0,0.0,1.0,,0.8381294964028777,1.0
volcanoes-e5,rfc-nosuite,0.9028776978417267,0.98,1.0,0.0,0.0,1.0,,0.9532374100719424,1.0
volcanoes-e5,rfc-nosuite,0.9028776978417267,1.0,1.0,0.0,0.0,1.0,,0.38848920863309355,1.0
volcanoes-e5,rfc-nosuite,0.9028776978417267,0.97,1.0,0.0,0.0,1.0,,0.9064748201438849,1.0
volcanoes-e5,rfc-nosuite,0.9028776978417267,0.99,1.0,0.0,0.0,1.0,,0.89568345323741,1.0
volcanoes-e5,rfc-nosuite,0.9028776978417267,0.51,0.01079136690647482,0.0,0.0,0.9964028776978417,,0.45323741007194246,1.0
volcanoes-e5,rfc-nosuite,0.9028776978417267,0.95,1.0,0.0,0.0,1.0,,0.8848920863309353,1.0
volcanoes-e5,rfc-nosuite,0.9028776978417267,0.96,0.3669064748201439,0.0,0.0,1.0,,0.89568345323741,1.0
volcanoes-e5,rfc-nosuite,0.9028776978417267,1.0,0.4244604316546763,0.0,0.0,1.0,,,1.0
volcanoes-e5,rfc-nosuite,0.9028776978417267,0.91,1.0,0.0,0.0,1.0,,,1.0
volcanoes-e5,rfc-nosuite,0.9028776978417267,0.9,1.0,0.0,0.0,1.0,,0.89568345323741,1.0
volcanoes-e5,rfc-nosuite,0.9028776978417267,1.0,1.0,0.0,0.0,1.0,,,1.0
volcanoes-e5,rfc-nosuite,0.9028776978417267,0.82,0.6870503597122302,0.0,0.0,1.0,,0.9100719424460432,1.0
volcanoes-e5,rfc-nosuite,0.9028776978417267,0.92,1.0,0.0,0.0,0.06474820143884892,,0.8381294964028777,1.0
volcanoes-e5,rfc-nosuite,0.9028776978417267,0.98,1.0,0.0,0.0,1.0,,,1.0
volcanoes-e5,rfc-nosuite,0.9028776978417267,0.97,0.41007194244604317,0.0,0.0,1.0,,,1.0
volcanoes-e5,rfc-nosuite,0.9028776978417267,0.98,0.17985611510791366,0.0,0.0,1.0,,0.9100719424460432,1.0
volcanoes-e5,rfc-nosuite,0.9028776978417267,1.0,1.0,0.0,0.0,1.0,,,1.0
volcanoes-e5,rfc-nosuite,0.9028776978417267,0.98,1.0,0.0,0.0,1.0,,0.9244604316546763,1.0
volcanoes-e5,rfc-nosuite,0.9028776978417267,0.99,1.0,0.0,0.0,0.5683453237410072,,,1.0
volcanoes-e5,rfc-nosuite,0.9028776978417267,0.92,0.5035971223021583,0.0,0.0,1.0,,0.89568345323741,1.0
volcanoes-e5,rfc-nosuite,0.9028776978417267,1.0,0.4244604316546763,0.0,0.0,1.0,,0.8848920863309353,1.0
volcanoes-e5,rfc-nosuite,0.9028776978417267,1.0,1.0,0.0,0.0,0.8633093525179856,,,1.0
volcanoes-e5,rfc-nosuite,0.9028776978417267,0.99,1.0,0.0,0.0,0.37050359712230213,,0.9064748201438849,1.0
volcanoes-e5,rfc-nosuite,0.9028776978417267,0.93,1.0,0.0,0.0,1.0,,,1.0
volcanoes-e5,rfc-nosuite,0.9028776978417267,0.97,1.0,0.0,0.0,1.0,,,1.0
volcanoes-e5,rfc-nosuite,0.9028776978417267,0.9,1.0,0.0,0.0,1.0,,,1.0
volcanoes-e5,rfc-nosuite,0.9028776978417267,1.0,0.7589928057553957,0.0,0.0,1.0,,0.8920863309352518,1.0
volcanoes-e5,rfc-nosuite,0.9028776978417267,0.95,1.0,0.0,0.0,0.8633093525179856,,,1.0
volcanoes-e5,rfc-nosuite,0.9028776978417267,1.0,1.0,0.0,0.0,1.0,,0.960431654676259,1.0
volcanoes-e5,rfc-nosuite,0.9028776978417267,0.56,0.29856115107913667,0.0,0.0,0.01079136690647482,,0.01079136690647482,1.0
volcanoes-e5,rfc-nosuite,0.9028776978417267,0.98,1.0,0.0,0.0,1.0,,1.0,1.0
volcanoes-e5,rfc-nosuite,0.9028776978417267,0.98,1.0,0.0,0.0,1.0,,,1.0
volcanoes-e5,rfc-nosuite,0.9028776978417267,0.82,0.960431654676259,0.0,0.0,0.24820143884892087,,0.3237410071942446,1.0
volcanoes-e5,rfc-nosuite,0.9028776978417267,0.34,0.15467625899280577,0.0,0.0,0.0035971223021582736,,0.6151079136690647,1.0
volcanoes-e5,rfc-nosuite,0.9028776978417267,0.72,0.3129496402877698,0.0,0.0,1.0,,0.23381294964028776,1.0
volcanoes-e5,rfc-nosuite,0.9028776978417267,0.98,0.3669064748201439,0.0,0.0,1.0,,0.9028776978417267,1.0
volcanoes-e5,rfc-nosuite,0.9028776978417267,1.0,1.0,0.0,0.0,1.0,,,1.0
volcanoes-e5,rfc-nosuite,0.9028776978417267,0.96,1.0,0.0,0.0,0.37050359712230213,,,1.0
volcanoes-e5,rfc-nosuite,0.9028776978417267,1.0,1.0,0.0,0.0,1.0,,,1.0
volcanoes-e5,rfc-nosuite,0.9028776978417267,0.96,0.3381294964028777,0.0,0.0,1.0,,0.8633093525179856,1.0
volcanoes-e5,rfc-nosuite,0.9028776978417267,1.0,1.0,0.0,0.0,0.8633093525179856,,,1.0
volcanoes-e5,rfc-nosuite,0.9028776978417267,1.0,1.0,0.0,0.0,1.0,,0.8812949640287769,1.0
yeast,rfc-nosuite,0.6091644204851752,0.44,0.02425876010781671,0.0,0.0,0.05121293800539083,,0.07277628032345014,1.0
yeast,rfc-nosuite,0.6091644204851752,0.8,0.0215633423180593,0.0,0.0,0.029649595687331536,,0.1293800539083558,1.0
yeast,rfc-nosuite,0.6091644204851752,0.69,0.029649595687331536,0.0,0.0,0.0026954177897574125,,0.0889487870619946,1.0
yeast,rfc-nosuite,0.6091644204851752,0.76,0.11590296495956873,0.0,0.0,0.018867924528301886,,0.14824797843665768,1.0
yeast,rfc-nosuite,0.6091644204851752,0.83,0.08086253369272237,0.0,0.0,0.016172506738544475,,0.1078167115902965,1.0
yeast,rfc-nosuite,0.6091644204851752,0.4,0.04582210242587601,0.0,0.0,0.01078167115902965,,0.0026954177897574125,1.0
yeast,rfc-nosuite,0.6091644204851752,0.7,0.0215633423180593,0.0,0.0,0.016172506738544475,,0.15633423180592992,1.0
yeast,rfc-nosuite,0.6091644204851752,0.52,0.026954177897574125,0.0,0.0,0.013477088948787063,,0.013477088948787063,1.0
yeast,rfc-nosuite,0.6091644204851752,0.53,0.018867924528301886,0.0,0.0,0.008086253369272238,,0.008086253369272238,1.0
yeast,rfc-nosuite,0.6091644204851752,0.76,0.07547169811320754,0.0,0.0,0.08086253369272237,,0.3584905660377358,1.0
yeast,rfc-nosuite,0.6091644204851752,0.79,0.09164420485175202,0.0,0.0,0.01078167115902965,,0.14016172506738545,1.0
yeast,rfc-nosuite,0.6091644204851752,0.84,0.03234501347708895,0.0,0.0,0.016172506738544475,,0.15363881401617252,1.0
yeast,rfc-nosuite,0.6091644204851752,0.7,0.06199460916442048,0.0,0.0,0.0862533692722372,,0.0431266846361186,1.0
yeast,rfc-nosuite,0.6091644204851752,0.47,0.0215633423180593,0.0,0.0,0.005390835579514825,,0.016172506738544475,1.0
yeast,rfc-nosuite,0.6091644204851752,0.81,0.1105121293800539,0.0,0.0,0.0215633423180593,,0.14824797843665768,1.0
yeast,rfc-nosuite,0.6091644204851752,0.51,0.03773584905660377,0.0,0.0,0.005390835579514825,,0.1967654986522911,1.0
yeast,rfc-nosuite,0.6091644204851752,0.48,0.01078167115902965,0.0,0.0,0.05660377358490566,,0.08086253369272237,1.0
yeast,rfc-nosuite,0.6091644204851752,0.73,0.013477088948787063,0.0,0.0,0.01078167115902965,,0.02425876010781671,1.0
yeast,rfc-nosuite,0.6091644204851752,0.59,0.0215633423180593,0.0,0.0,0.03234501347708895,,0.029649595687331536,1.0
yeast,rfc-nosuite,0.6091644204851752,0.64,0.016172506738544475,0.0,0.0,0.013477088948787063,,0.18059299191374664,1.0
yeast,rfc-nosuite,0.6091644204851752,0.78,0.04043126684636118,0.0,0.0,0.01078167115902965,,0.15902964959568733,1.0
yeast,rfc-nosuite,0.6091644204851752,0.77,0.008086253369272238,0.0,0.0,0.01078167115902965,,0.08355795148247978,1.0
yeast,rfc-nosuite,0.6091644204851752,0.73,0.07547169811320754,0.0,0.0,0.026954177897574125,,0.09164420485175202,1.0
yeast,rfc-nosuite,0.6091644204851752,0.42,0.005390835579514825,0.0,0.0,0.026954177897574125,,0.1752021563342318,1.0
yeast,rfc-nosuite,0.6091644204851752,0.52,0.04851752021563342,0.0,0.0,0.008086253369272238,,0.09973045822102426,1.0
yeast,rfc-nosuite,0.6091644204851752,0.49,0.018867924528301886,0.0,0.0,0.02425876010781671,,0.29110512129380056,1.0
yeast,rfc-nosuite,0.6091644204851752,0.5,0.013477088948787063,0.0,0.0,0.0026954177897574125,,0.026954177897574125,1.0
yeast,rfc-nosuite,0.6091644204851752,0.66,0.013477088948787063,0.0,0.0,0.01078167115902965,,0.0889487870619946,1.0
yeast,rfc-nosuite,0.6091644204851752,0.89,0.03504043126684636,0.0,0.0,0.0215633423180593,,0.1725067385444744,1.0
yeast,rfc-nosuite,0.6091644204851752,0.64,0.008086253369272238,0.0,0.0,0.016172506738544475,,0.029649595687331536,1.0
yeast,rfc-nosuite,0.6091644204851752,0.44,0.029649595687331536,0.0,0.0,0.03504043126684636,,0.16442048517520216,1.0
yeast,rfc-nosuite,0.6091644204851752,0.76,0.0431266846361186,0.0,0.0,0.04851752021563342,,0.15902964959568733,1.0
yeast,rfc-nosuite,0.6091644204851752,0.32,0.013477088948787063,0.0,0.0,0.0026954177897574125,,0.0431266846361186,1.0
yeast,rfc-nosuite,0.6091644204851752,0.4,0.02425876010781671,0.0,0.0,0.0026954177897574125,,0.005390835579514825,1.0
yeast,rfc-nosuite,0.6091644204851752,0.6,0.05660377358490566,0.0,0.0,0.013477088948787063,,0.1967654986522911,1.0
yeast,rfc-nosuite,0.6091644204851752,0.48,0.05929919137466307,0.0,0.0,0.09164420485175202,,0.07277628032345014,1.0
yeast,rfc-nosuite,0.6091644204851752,0.53,0.0215633423180593,0.0,0.0,0.016172506738544475,,0.01078167115902965,1.0
yeast,rfc-nosuite,0.6091644204851752,0.94,0.029649595687331536,0.0,0.0,0.0215633423180593,,0.13746630727762804,1.0
yeast,rfc-nosuite,0.6091644204851752,0.8,0.029649595687331536,0.0,0.0,0.03773584905660377,,0.11590296495956873,1.0
yeast,rfc-nosuite,0.6091644204851752,0.34,0.03773584905660377,0.0,0.0,0.029649595687331536,,0.21293800539083557,1.0
yeast,rfc-nosuite,0.6091644204851752,0.61,0.0673854447439353,0.0,0.0,0.05121293800539083,,0.0889487870619946,1.0
yeast,rfc-nosuite,0.6091644204851752,0.52,0.07547169811320754,0.0,0.0,0.008086253369272238,,0.08355795148247978,1.0
yeast,rfc-nosuite,0.6091644204851752,0.45,0.013477088948787063,0.0,0.0,0.016172506738544475,,0.0673854447439353,1.0
yeast,rfc-nosuite,0.6091644204851752,0.51,0.008086253369272238,0.0,0.0,0.0026954177897574125,,0.005390835579514825,1.0
yeast,rfc-nosuite,0.6091644204851752,0.67,0.05929919137466307,0.0,0.0,0.016172506738544475,,0.14824797843665768,1.0
yeast,rfc-nosuite,0.6091644204851752,0.64,0.40161725067385445,0.0,0.0,0.05660377358490566,,0.1940700808625337,1.0
yeast,rfc-nosuite,0.6091644204851752,0.5,0.07547169811320754,0.0,0.0,0.05660377358490566,,0.16442048517520216,1.0
yeast,rfc-nosuite,0.6091644204851752,0.6,0.01078167115902965,0.0,0.0,0.02425876010781671,,0.11320754716981132,1.0
yeast,rfc-nosuite,0.6091644204851752,0.73,0.07277628032345014,0.0,0.0,0.026954177897574125,,0.1347708894878706,1.0
yeast,rfc-nosuite,0.6091644204851752,0.9,0.14285714285714285,0.0,0.0,0.05660377358490566,,0.24528301886792453,1.0
rmftsa,rfc-nosuite,0.50390625,0.3573333333333333,0.08984375,0.0,0.0,0.39453125,0.34765625,0.1640625,1.0
rmftsa,rfc-nosuite,0.50390625,0.4523571428571429,0.2890625,0.0,0.0,0.1171875,0.27734375,0.20703125,1.0
rmftsa,rfc-nosuite,0.50390625,0.685,0.50390625,0.0,0.0,0.4921875,0.22265625,0.05078125,1.0
rmftsa,rfc-nosuite,0.50390625,0.825,0.47265625,0.0,0.0,0.046875,0.046875,0.0390625,1.0
rmftsa,rfc-nosuite,0.50390625,0.6215396825396823,0.7109375,0.0,0.0,0.75390625,0.2265625,0.41796875,1.0
rmftsa,rfc-nosuite,0.50390625,0.833060162060162,0.18359375,0.0,0.0,0.24609375,0.234375,0.234375,1.0
rmftsa,rfc-nosuite,0.50390625,0.2887738095238095,0.12109375,0.0,0.0,0.01953125,0.01953125,0.2421875,1.0
rmftsa,rfc-nosuite,0.50390625,0.8775354922854918,0.26953125,0.0,0.0,0.26953125,0.1640625,0.703125,1.0
rmftsa,rfc-nosuite,0.50390625,0.8113809523809523,0.0234375,0.0,0.0,0.01953125,0.1328125,0.01953125,1.0
rmftsa,rfc-nosuite,0.50390625,0.5523730158730159,0.453125,0.0,0.0,0.26953125,0.1640625,0.26953125,1.0
rmftsa,rfc-nosuite,0.50390625,1.0,0.61328125,0.0,0.0,0.3671875,0.19921875,0.2265625,1.0
rmftsa,rfc-nosuite,0.50390625,0.6062619047619048,0.21484375,0.0,0.0,0.03515625,0.29296875,0.21484375,1.0
rmftsa,rfc-nosuite,0.50390625,0.9257142857142857,0.09765625,0.0,0.0,0.09765625,0.1328125,0.078125,1.0
rmftsa,rfc-nosuite,0.50390625,0.6973333333333334,0.10546875,0.0,0.0,0.1328125,0.29296875,0.06640625,1.0
rmftsa,rfc-nosuite,0.50390625,0.6722097902097899,0.453125,0.0,0.0,0.33984375,0.34765625,0.26953125,1.0
rmftsa,rfc-nosuite,0.50390625,0.36135714285714293,0.09765625,0.0,0.0,0.09765625,0.10546875,0.05078125,1.0
rmftsa,rfc-nosuite,0.50390625,0.5246666666666665,0.10546875,0.0,0.0,0.4375,0.2578125,0.0703125,1.0
rmftsa,rfc-nosuite,0.50390625,0.5523730158730159,0.453125,0.0,0.0,0.26953125,0.1640625,0.23828125,1.0
rmftsa,rfc-nosuite,0.50390625,0.695,0.06640625,0.0,0.0,0.10546875,0.05078125,0.08984375,1.0
rmftsa,rfc-nosuite,0.50390625,0.9804999999999999,0.7109375,0.0,0.0,0.328125,0.34765625,0.7109375,1.0
rmftsa,rfc-nosuite,0.50390625,0.5812557720057718,0.08984375,0.0,0.0,0.0390625,0.37890625,0.13671875,1.0
rmftsa,rfc-nosuite,0.50390625,0.43099999999999994,0.2578125,0.0,0.0,0.16796875,0.12109375,0.10546875,1.0
rmftsa,rfc-nosuite,0.50390625,0.5475,0.16796875,0.0,0.0,0.64453125,0.18359375,0.20703125,1.0
rmftsa,rfc-nosuite,0.50390625,0.7112583527583526,0.75390625,0.0,0.0,0.44140625,0.2265625,0.48046875,1.0
rmftsa,rfc-nosuite,0.50390625,0.795654761904762,0.28125,0.0,0.0,0.57421875,0.28515625,0.38671875,1.0
rmftsa,rfc-nosuite,0.50390625,0.79,0.50390625,0.0,0.0,0.50390625,0.29296875,0.01171875,1.0
rmftsa,rfc-nosuite,0.50390625,0.4893333333333333,0.046875,0.0,0.0,0.00390625,0.16015625,0.00390625,1.0
rmftsa,rfc-nosuite,0.50390625,0.53,0.09765625,0.0,0.0,0.01171875,0.015625,0.34765625,1.0
rmftsa,rfc-nosuite,0.50390625,0.41562698412698423,0.01953125,0.0,0.0,0.0390625,0.28125,0.078125,1.0
rmftsa,rfc-nosuite,0.50390625,0.6774047619047618,0.89453125,0.0,0.0,0.66015625,0.1328125,0.046875,1.0
rmftsa,rfc-nosuite,0.50390625,0.6733194305694304,0.11328125,0.0,0.0,0.73828125,0.28515625,0.296875,1.0
rmftsa,rfc-nosuite,0.50390625,0.3471666666666666,0.09765625,0.0,0.0,0.453125,0.078125,0.13671875,1.0
rmftsa,rfc-nosuite,0.50390625,0.6973333333333334,0.10546875,0.0,0.0,0.1328125,0.59765625,0.03515625,1.0
rmftsa,rfc-nosuite,0.50390625,0.509,0.2890625,0.0,0.0,0.03125,0.03125,0.0703125,1.0
rmftsa,rfc-nosuite,0.50390625,0.7043095238095237,0.078125,0.0,0.0,0.83203125,0.28125,0.171875,1.0
rmftsa,rfc-nosuite,0.50390625,0.53,0.0546875,0.0,0.0,0.02734375,0.21484375,0.0078125,1.0
rmftsa,rfc-nosuite,0.50390625,0.49807142857142866,0.61328125,0.0,0.0,0.5234375,0.28125,0.2265625,1.0
rmftsa,rfc-nosuite,0.50390625,0.98,0.28125,0.0,0.0,0.28125,0.015625,0.0390625,1.0
rmftsa,rfc-nosuite,0.50390625,0.5601212121212121,0.6640625,0.0,0.0,0.5546875,0.42578125,0.24609375,1.0
rmftsa,rfc-nosuite,0.50390625,0.82,0.27734375,0.0,0.0,0.22265625,0.12109375,0.22265625,1.0
rmftsa,rfc-nosuite,0.50390625,0.5005,0.06640625,0.0,0.0,0.34765625,0.16796875,0.27734375,1.0
rmftsa,rfc-nosuite,0.50390625,0.5246666666666667,0.06640625,0.0,0.0,0.16796875,0.25390625,0.046875,1.0
rmftsa,rfc-nosuite,0.50390625,0.74,0.07421875,0.0,0.0,0.921875,0.2421875,0.24609375,1.0
rmftsa,rfc-nosuite,0.50390625,0.72,0.578125,0.0,0.0,0.4296875,0.53125,0.0859375,1.0
rmftsa,rfc-nosuite,0.50390625,0.904,0.28125,0.0,0.0,0.01953125,0.0390625,0.2890625,1.0
rmftsa,rfc-nosuite,0.50390625,0.5523730158730159,0.453125,0.0,0.0,0.26953125,0.45703125,0.26953125,1.0
rmftsa,rfc-nosuite,0.50390625,0.74,0.07421875,0.0,0.0,0.921875,0.125,0.2421875,1.0
rmftsa,rfc-nosuite,0.50390625,0.675,0.0546875,0.0,0.0,0.05859375,0.09765625,0.1640625,1.0
rmftsa,rfc-nosuite,0.50390625,0.85,0.05078125,0.0,0.0,0.0390625,0.046875,0.203125,1.0
rmftsa,rfc-nosuite,0.50390625,0.6955833333333333,0.16796875,0.0,0.0,0.33984375,0.24609375,0.06640625,1.0
banknote-authentication,rfc-nosuite,0.9941690962099126,1.0,1.0,0.0,0.0,0.2565597667638484,0.5014577259475219,0.3498542274052478,1.0
banknote-authentication,rfc-nosuite,0.9941690962099126,1.0,1.0,0.0,0.0,0.3206997084548105,0.33819241982507287,0.4489795918367347,1.0
banknote-authentication,rfc-nosuite,0.9941690962099126,0.98,1.0,0.0,0.0,0.2594752186588921,0.4956268221574344,0.24489795918367346,1.0
banknote-authentication,rfc-nosuite,0.9941690962099126,0.99,0.4897959183673469,0.0,0.0,0.21865889212827988,0.33819241982507287,0.26822157434402333,1.0
banknote-authentication,rfc-nosuite,0.9941690962099126,1.0,0.8104956268221575,0.0,0.0,0.5306122448979592,0.37026239067055394,0.2536443148688047,1.0
banknote-authentication,rfc-nosuite,0.9941690962099126,1.0,0.2594752186588921,0.0,0.0,0.2915451895043732,0.30612244897959184,0.30612244897959184,1.0
banknote-authentication,rfc-nosuite,0.9941690962099126,0.97,0.6967930029154519,0.0,0.0,0.16326530612244897,0.3323615160349854,0.24198250728862974,1.0
banknote-authentication,rfc-nosuite,0.9941690962099126,1.0,1.0,0.0,0.0,0.3206997084548105,0.34402332361516036,0.3469387755102041,1.0
banknote-authentication,rfc-nosuite,0.9941690962099126,1.0,0.6676384839650146,0.0,0.0,0.4198250728862974,0.18075801749271136,0.3206997084548105,1.0
banknote-authentication,rfc-nosuite,0.9941690962099126,1.0,1.0,0.0,0.0,0.34110787172011664,0.34110787172011664,0.3848396501457726,1.0
banknote-authentication,rfc-nosuite,0.9941690962099126,0.92,0.7084548104956269,0.0,0.0,0.09620991253644315,0.061224489795918366,0.05539358600583091,1.0
banknote-authentication,rfc-nosuite,0.9941690962099126,1.0,1.0,0.0,0.0,0.4402332361516035,0.37026239067055394,0.521865889212828,1.0
banknote-authentication,rfc-nosuite,0.9941690962099126,0.99,1.0,0.0,0.0,0.2565597667638484,0.33527696793002915,0.40816326530612246,1.0
banknote-authentication,rfc-nosuite,0.9941690962099126,1.0,1.0,0.0,0.0,0.17201166180758018,0.6618075801749271,0.239067055393586,1.0
banknote-authentication,rfc-nosuite,0.9941690962099126,1.0,1.0,0.0,0.0,0.15451895043731778,0.10787172011661808,0.23323615160349853,1.0
banknote-authentication,rfc-nosuite,0.9941690962099126,0.99,0.3323615160349854,0.0,0.0,0.09037900874635568,0.12536443148688048,0.18950437317784258,1.0
banknote-authentication,rfc-nosuite,0.9941690962099126,0.99,0.3323615160349854,0.0,0.0,0.09037900874635568,0.08454810495626822,0.2536443148688047,1.0
banknote-authentication,rfc-nosuite,0.9941690962099126,0.99,0.6676384839650146,0.0,0.0,0.3119533527696793,0.09037900874635568,0.19825072886297376,1.0
banknote-authentication,rfc-nosuite,0.9941690962099126,0.99,1.0,0.0,0.0,0.33819241982507287,0.33819241982507287,0.30029154518950435,1.0
banknote-authentication,rfc-nosuite,0.9941690962099126,1.0,1.0,0.0,0.0,0.3848396501457726,0.2478134110787172,0.35276967930029157,1.0
banknote-authentication,rfc-nosuite,0.9941690962099126,1.0,0.8688046647230321,0.0,0.0,0.6763848396501457,0.30612244897959184,0.358600583090379,1.0
banknote-authentication,rfc-nosuite,0.9941690962099126,0.99,0.20699708454810495,0.0,0.0,0.2478134110787172,0.3498542274052478,0.22740524781341107,1.0
banknote-authentication,rfc-nosuite,0.9941690962099126,0.99,1.0,0.0,0.0,0.33819241982507287,0.30612244897959184,0.36151603498542273,1.0
banknote-authentication,rfc-nosuite,0.9941690962099126,0.99,1.0,0.0,0.0,0.5510204081632653,0.30903790087463556,0.4489795918367347,1.0
banknote-authentication,rfc-nosuite,0.9941690962099126,0.76,0.6618075801749271,0.0,0.0,0.037900874635568516,0.0728862973760933,0.029154518950437316,1.0
banknote-authentication,rfc-nosuite,0.9941690962099126,1.0,1.0,0.0,0.0,0.33819241982507287,0.30612244897959184,0.35276967930029157,1.0
banknote-authentication,rfc-nosuite,0.9941690962099126,1.0,1.0,0.0,0.0,0.10495626822157435,0.03206997084548105,0.2536443148688047,1.0
banknote-authentication,rfc-nosuite,0.9941690962099126,1.0,1.0,0.0,0.0,0.40524781341107874,0.26239067055393583,0.4489795918367347,1.0
banknote-authentication,rfc-nosuite,0.9941690962099126,0.98,0.33819241982507287,0.0,0.0,0.33819241982507287,0.30612244897959184,0.32653061224489793,1.0
banknote-authentication,rfc-nosuite,0.9941690962099126,0.99,1.0,0.0,0.0,0.4606413994169096,0.07871720116618076,0.3469387755102041,1.0
banknote-authentication,rfc-nosuite,0.9941690962099126,0.98,1.0,0.0,0.0,0.2303206997084548,0.3498542274052478,0.2594752186588921,1.0
banknote-authentication,rfc-nosuite,0.9941690962099126,1.0,1.0,0.0,0.0,0.3119533527696793,0.2478134110787172,0.3469387755102041,1.0
banknote-authentication,rfc-nosuite,0.9941690962099126,0.93,0.3032069970845481,0.0,0.0,0.061224489795918366,0.023323615160349854,0.061224489795918366,1.0
banknote-authentication,rfc-nosuite,0.9941690962099126,1.0,1.0,0.0,0.0,0.3498542274052478,0.46647230320699706,0.32653061224489793,1.0
banknote-authentication,rfc-nosuite,0.9941690962099126,0.97,0.42857142857142855,0.0,0.0,0.20699708454810495,0.3848396501457726,0.23615160349854228,1.0
banknote-authentication,rfc-nosuite,0.9941690962099126,1.0,1.0,0.0,0.0,0.4110787172011662,0.07871720116618076,0.35276967930029157,1.0
banknote-authentication,rfc-nosuite,0.9941690962099126,1.0,1.0,0.0,0.0,0.4198250728862974,0.3323615160349854,0.3673469387755102,1.0
banknote-authentication,rfc-nosuite,0.9941690962099126,1.0,1.0,0.0,0.0,0.24198250728862974,0.3673469387755102,0.4314868804664723,1.0
banknote-authentication,rfc-nosuite,0.9941690962099126,0.98,1.0,0.0,0.0,0.16034985422740525,0.27696793002915454,0.30612244897959184,1.0
banknote-authentication,rfc-nosuite,0.9941690962099126,0.99,1.0,0.0,0.0,0.358600583090379,0.08746355685131195,0.43731778425655976,1.0
banknote-authentication,rfc-nosuite,0.9941690962099126,1.0,1.0,0.0,0.0,0.36151603498542273,0.30029154518950435,0.42565597667638483,1.0
banknote-authentication,rfc-nosuite,0.9941690962099126,1.0,0.30029154518950435,0.0,0.0,0.6005830903790087,0.3032069970845481,0.3119533527696793,1.0
banknote-authentication,rfc-nosuite,0.9941690962099126,0.72,0.6618075801749271,0.0,0.0,0.03206997084548105,0.0058309037900874635,0.026239067055393587,1.0
banknote-authentication,rfc-nosuite,0.9941690962099126,0.97,0.2478134110787172,0.0,0.0,0.4198250728862974,0.03206997084548105,0.10204081632653061,1.0
banknote-authentication,rfc-nosuite,0.9941690962099126,0.99,1.0,0.0,0.0,0.1749271137026239,0.4110787172011662,0.2653061224489796,1.0
banknote-authentication,rfc-nosuite,0.9941690962099126,1.0,0.6676384839650146,0.0,0.0,0.4139941690962099,0.40524781341107874,0.27113702623906705,1.0
banknote-authentication,rfc-nosuite,0.9941690962099126,1.0,1.0,0.0,0.0,0.4139941690962099,0.2886297376093295,0.37026239067055394,1.0
banknote-authentication,rfc-nosuite,0.9941690962099126,0.99,0.5043731778425656,0.0,0.0,0.20116618075801748,0.29737609329446063,0.3556851311953353,1.0
banknote-authentication,rfc-nosuite,0.9941690962099126,0.99,1.0,0.0,0.0,0.33819241982507287,0.2594752186588921,0.3848396501457726,1.0
banknote-authentication,rfc-nosuite,0.9941690962099126,0.92,0.01749271137026239,0.0,0.0,0.1836734693877551,0.01749271137026239,0.09037900874635568,1.0
volcanoes-a2,rfc-nosuite,0.9310344827586207,0.92,0.37438423645320196,0.0,0.0,0.312807881773399,0.8152709359605911,,1.0
volcanoes-a2,rfc-nosuite,0.9310344827586207,0.99,0.30295566502463056,0.0,0.0,0.034482758620689655,0.8719211822660099,,1.0
volcanoes-a2,rfc-nosuite,0.9310344827586207,1.0,1.0,0.0,0.0,1.0,0.5911330049261084,0.9605911330049262,1.0
volcanoes-a2,rfc-nosuite,0.9310344827586207,0.97,1.0,0.0,0.0,0.6551724137931034,0.8251231527093597,,1.0
volcanoes-a2,rfc-nosuite,0.9310344827586207,0.83,0.8423645320197044,0.0,0.0,1.0,0.45320197044334976,,1.0
volcanoes-a2,rfc-nosuite,0.9310344827586207,1.0,1.0,0.0,0.0,1.0,0.9137931034482759,0.9532019704433498,1.0
volcanoes-a2,rfc-nosuite,0.9310344827586207,0.9,1.0,0.0,0.0,0.6551724137931034,0.6403940886699507,0.9310344827586207,1.0
volcanoes-a2,rfc-nosuite,0.9310344827586207,0.98,1.0,0.0,0.0,0.229064039408867,0.45073891625615764,,1.0
volcanoes-a2,rfc-nosuite,0.9310344827586207,0.97,1.0,0.0,0.0,0.5,0.854679802955665,0.9137931034482759,1.0
volcanoes-a2,rfc-nosuite,0.9310344827586207,1.0,1.0,0.0,0.0,0.8423645320197044,0.9014778325123153,0.9137931034482759,1.0
volcanoes-a2,rfc-nosuite,0.9310344827586207,0.7,0.0049261083743842365,0.0,0.0,0.23891625615763548,0.019704433497536946,0.2561576354679803,1.0
volcanoes-a2,rfc-nosuite,0.9310344827586207,1.0,1.0,0.0,0.0,0.34236453201970446,0.5911330049261084,0.8768472906403941,1.0
volcanoes-a2,rfc-nosuite,0.9310344827586207,0.61,0.4482758620689655,0.0,0.0,0.9532019704433498,0.007389162561576354,0.20689655172413793,1.0
volcanoes-a2,rfc-nosuite,0.9310344827586207,0.76,0.9137931034482759,0.0,0.0,0.9261083743842364,0.5467980295566502,0.9310344827586207,1.0
volcanoes-a2,rfc-nosuite,0.9310344827586207,0.91,1.0,0.0,0.0,0.6527093596059114,0.8251231527093597,,1.0
volcanoes-a2,rfc-nosuite,0.9310344827586207,1.0,1.0,0.0,0.0,0.4064039408866995,0.7266009852216748,0.9137931034482759,1.0
volcanoes-a2,rfc-nosuite,0.9310344827586207,0.99,1.0,0.0,0.0,0.26108374384236455,0.5394088669950738,0.9211822660098522,1.0
volcanoes-a2,rfc-nosuite,0.9310344827586207,0.96,1.0,0.0,0.0,0.9137931034482759,0.9187192118226601,0.9088669950738916,1.0
volcanoes-a2,rfc-nosuite,0.9310344827586207,1.0,1.0,0.0,0.0,1.0,0.874384236453202,,1.0
volcanoes-a2,rfc-nosuite,0.9310344827586207,1.0,1.0,0.0,0.0,1.0,0.7635467980295566,0.9334975369458128,1.0
volcanoes-a2,rfc-nosuite,0.9310344827586207,1.0,1.0,0.0,0.0,0.034482758620689655,0.854679802955665,,1.0
volcanoes-a2,rfc-nosuite,0.9310344827586207,0.95,1.0,0.0,0.0,1.0,0.916256157635468,0.9014778325123153,1.0
volcanoes-a2,rfc-nosuite,0.9310344827586207,0.98,1.0,0.0,0.0,0.8201970443349754,0.8374384236453202,0.9532019704433498,1.0
volcanoes-a2,rfc-nosuite,0.9310344827586207,1.0,0.7512315270935961,0.0,0.0,1.0,0.8669950738916257,,1.0
volcanoes-a2,rfc-nosuite,0.9310344827586207,0.99,1.0,0.0,0.0,0.034482758620689655,0.9014778325123153,0.9532019704433498,1.0
volcanoes-a2,rfc-nosuite,0.9310344827586207,1.0,1.0,0.0,0.0,1.0,0.8374384236453202,,1.0
volcanoes-a2,rfc-nosuite,0.9310344827586207,1.0,1.0,0.0,0.0,0.41625615763546797,0.8842364532019704,,1.0
volcanoes-a2,rfc-nosuite,0.9310344827586207,0.94,1.0,0.0,0.0,0.8423645320197044,0.5517241379310345,,1.0
volcanoes-a2,rfc-nosuite,0.9310344827586207,0.91,1.0,0.0,0.0,0.874384236453202,0.6502463054187192,0.874384236453202,1.0
volcanoes-a2,rfc-nosuite,0.9310344827586207,1.0,1.0,0.0,0.0,0.8842364532019704,0.8423645320197044,0.9630541871921182,1.0
volcanoes-a2,rfc-nosuite,0.9310344827586207,1.0,1.0,0.0,0.0,1.0,0.8571428571428571,,1.0
volcanoes-a2,rfc-nosuite,0.9310344827586207,1.0,1.0,0.0,0.0,0.7955665024630542,0.8275862068965517,,1.0
volcanoes-a2,rfc-nosuite,0.9310344827586207,0.99,1.0,0.0,0.0,0.8177339901477833,0.7783251231527094,0.9679802955665024,1.0
volcanoes-a2,rfc-nosuite,0.9310344827586207,1.0,1.0,0.0,0.0,0.8251231527093597,0.41133004926108374,0.9334975369458128,1.0
volcanoes-a2,rfc-nosuite,0.9310344827586207,1.0,1.0,0.0,0.0,0.14532019704433496,0.874384236453202,,1.0
volcanoes-a2,rfc-nosuite,0.9310344827586207,1.0,1.0,0.0,0.0,0.6551724137931034,0.7241379310344828,,1.0
volcanoes-a2,rfc-nosuite,0.9310344827586207,1.0,1.0,0.0,0.0,1.0,0.8448275862068966,,1.0
volcanoes-a2,rfc-nosuite,0.9310344827586207,0.41,0.024630541871921183,0.0,0.0,0.012315270935960592,0.019704433497536946,0.014778325123152709,1.0
volcanoes-a2,rfc-nosuite,0.9310344827586207,1.0,1.0,0.0,0.0,1.0,0.7881773399014779,,1.0
volcanoes-a2,rfc-nosuite,0.9310344827586207,0.83,0.8793103448275862,0.0,0.0,0.9137931034482759,0.9137931034482759,0.9137931034482759,1.0
volcanoes-a2,rfc-nosuite,0.9310344827586207,1.0,1.0,0.0,0.0,0.8423645320197044,0.45566502463054187,0.9211822660098522,1.0
volcanoes-a2,rfc-nosuite,0.9310344827586207,1.0,1.0,0.0,0.0,0.7536945812807881,0.8866995073891626,0.9408866995073891,1.0
volcanoes-a2,rfc-nosuite,0.9310344827586207,1.0,1.0,0.0,0.0,1.0,0.5492610837438424,0.9285714285714286,1.0
volcanoes-a2,rfc-nosuite,0.9310344827586207,0.97,1.0,0.0,0.0,0.4187192118226601,0.8054187192118226,0.9556650246305419,1.0
volcanoes-a2,rfc-nosuite,0.9310344827586207,0.99,1.0,0.0,0.0,1.0,0.5197044334975369,0.9630541871921182,1.0
volcanoes-a2,rfc-nosuite,0.9310344827586207,0.88,0.024630541871921183,0.0,0.0,0.9679802955665024,0.019704433497536946,0.30295566502463056,1.0
volcanoes-a2,rfc-nosuite,0.9310344827586207,0.99,1.0,0.0,0.0,0.229064039408867,0.8251231527093597,0.9014778325123153,1.0
volcanoes-a2,rfc-nosuite,0.9310344827586207,0.93,0.9334975369458128,0.0,0.0,1.0,0.6921182266009852,0.9482758620689655,1.0
volcanoes-a2,rfc-nosuite,0.9310344827586207,1.0,1.0,0.0,0.0,0.8349753694581281,0.5369458128078818,0.9236453201970444,1.0
volcanoes-a2,rfc-nosuite,0.9310344827586207,0.98,1.0,0.0,0.0,1.0,0.9137931034482759,0.9236453201970444,1.0
volcanoes-a3,rfc-nosuite,0.889763779527559,0.35,0.023622047244094488,0.0,0.0,0.5853018372703412,0.12860892388451445,0.1889763779527559,1.0
volcanoes-a3,rfc-nosuite,0.889763779527559,1.0,1.0,0.0,0.0,1.0,0.847769028871391,0.9186351706036745,1.0
volcanoes-a3,rfc-nosuite,0.889763779527559,0.4,0.049868766404199474,0.0,0.0,0.03412073490813648,0.02099737532808399,0.023622047244094488,1.0
volcanoes-a3,rfc-nosuite,0.889763779527559,0.99,1.0,0.0,0.0,1.0,0.7821522309711286,0.9396325459317585,1.0
volcanoes-a3,rfc-nosuite,0.889763779527559,1.0,1.0,0.0,0.0,0.30183727034120733,0.7847769028871391,0.9002624671916011,1.0
volcanoes-a3,rfc-nosuite,0.889763779527559,1.0,1.0,0.0,0.0,1.0,0.8372703412073491,0.8740157480314961,1.0
volcanoes-a3,rfc-nosuite,0.889763779527559,1.0,1.0,0.0,0.0,0.6194225721784777,0.5905511811023622,0.9212598425196851,1.0
volcanoes-a3,rfc-nosuite,0.889763779527559,0.98,1.0,0.0,0.0,1.0,0.9002624671916011,,1.0
volcanoes-a3,rfc-nosuite,0.889763779527559,0.94,1.0,0.0,0.0,1.0,0.821522309711286,0.9028871391076115,1.0
volcanoes-a3,rfc-nosuite,0.889763779527559,1.0,1.0,0.0,0.0,1.0,0.8871391076115486,0.9212598425196851,1.0
volcanoes-a3,rfc-nosuite,0.889763779527559,1.0,1.0,0.0,0.0,0.5905511811023622,0.7952755905511811,,1.0
volcanoes-a3,rfc-nosuite,0.889763779527559,0.95,0.8871391076115486,0.0,0.0,0.905511811023622,0.8871391076115486,0.8818897637795275,1.0
volcanoes-a3,rfc-nosuite,0.889763779527559,0.76,1.0,0.0,0.0,1.0,0.6299212598425197,0.931758530183727,1.0
volcanoes-a3,rfc-nosuite,0.889763779527559,0.56,0.031496062992125984,0.0,0.0,0.7296587926509186,0.9028871391076115,0.7401574803149606,1.0
volcanoes-a3,rfc-nosuite,0.889763779527559,0.97,0.8871391076115486,0.0,0.0,0.937007874015748,0.9002624671916011,0.9028871391076115,1.0
volcanoes-a3,rfc-nosuite,0.889763779527559,0.99,1.0,0.0,0.0,0.9291338582677166,0.8976377952755905,0.9212598425196851,1.0
volcanoes-a3,rfc-nosuite,0.889763779527559,0.96,0.7795275590551181,0.0,0.0,0.8241469816272966,0.868766404199475,0.89501312335958,1.0
volcanoes-a3,rfc-nosuite,0.889763779527559,1.0,1.0,0.0,0.0,1.0,0.863517060367454,0.9186351706036745,1.0
volcanoes-a3,rfc-nosuite,0.889763779527559,0.99,1.0,0.0,0.0,0.6246719160104987,0.8766404199475065,0.9002624671916011,1.0
volcanoes-a3,rfc-nosuite,0.889763779527559,0.96,0.7952755905511811,0.0,0.0,0.5328083989501312,0.6272965879265092,0.9291338582677166,1.0
volcanoes-a3,rfc-nosuite,0.889763779527559,1.0,1.0,0.0,0.0,1.0,0.821522309711286,0.9028871391076115,1.0
volcanoes-a3,rfc-nosuite,0.889763779527559,0.92,0.8871391076115486,0.0,0.0,0.8871391076115486,0.8871391076115486,0.9002624671916011,1.0
volcanoes-a3,rfc-nosuite,0.889763779527559,0.99,1.0,0.0,0.0,1.0,0.8188976377952756,,1.0
volcanoes-a3,rfc-nosuite,0.889763779527559,0.77,0.926509186351706,0.0,0.0,0.9422572178477691,0.6430446194225722,0.8267716535433071,1.0
volcanoes-a3,rfc-nosuite,0.889763779527559,0.93,1.0,0.0,0.0,1.0,0.847769028871391,0.8923884514435696,1.0
volcanoes-a3,rfc-nosuite,0.889763779527559,0.99,1.0,0.0,0.0,1.0,0.8110236220472441,,1.0
volcanoes-a3,rfc-nosuite,0.889763779527559,0.55,0.05774278215223097,0.0,0.0,0.9291338582677166,0.2650918635170604,0.926509186351706,1.0
volcanoes-a3,rfc-nosuite,0.889763779527559,0.97,1.0,0.0,0.0,1.0,0.8740157480314961,0.9291338582677166,1.0
volcanoes-a3,rfc-nosuite,0.889763779527559,1.0,1.0,0.0,0.0,0.6272965879265092,0.8976377952755905,0.9658792650918635,1.0
volcanoes-a3,rfc-nosuite,0.889763779527559,0.99,1.0,0.0,0.0,1.0,0.8976377952755905,,1.0
volcanoes-a3,rfc-nosuite,0.889763779527559,1.0,1.0,0.0,0.0,0.30183727034120733,0.7952755905511811,0.9212598425196851,1.0
volcanoes-a3,rfc-nosuite,0.889763779527559,0.99,1.0,0.0,0.0,1.0,0.7532808398950132,0.8923884514435696,1.0
volcanoes-a3,rfc-nosuite,0.889763779527559,0.76,0.926509186351706,0.0,0.0,0.9291338582677166,0.6902887139107612,0.9291338582677166,1.0
volcanoes-a3,rfc-nosuite,0.889763779527559,0.93,1.0,0.0,0.0,0.8871391076115486,0.8871391076115486,0.9186351706036745,1.0
volcanoes-a3,rfc-nosuite,0.889763779527559,1.0,1.0,0.0,0.0,0.30183727034120733,0.863517060367454,,1.0
volcanoes-a3,rfc-nosuite,0.889763779527559,0.86,0.5958005249343832,0.0,0.0,1.0,0.5039370078740157,0.9606299212598425,1.0
volcanoes-a3,rfc-nosuite,0.889763779527559,1.0,0.49343832020997375,0.0,0.0,1.0,0.8372703412073491,0.9396325459317585,1.0
volcanoes-a3,rfc-nosuite,0.889763779527559,0.98,1.0,0.0,0.0,0.3333333333333333,0.8608923884514436,0.9291338582677166,1.0
volcanoes-a3,rfc-nosuite,0.889763779527559,0.97,0.8871391076115486,0.0,0.0,0.05774278215223097,0.8871391076115486,,1.0
volcanoes-a3,rfc-nosuite,0.889763779527559,1.0,1.0,0.0,0.0,0.9396325459317585,0.6299212598425197,0.9343832020997376,1.0
volcanoes-a3,rfc-nosuite,0.889763779527559,0.99,1.0,0.0,0.0,1.0,0.8320209973753281,0.9422572178477691,1.0
volcanoes-a3,rfc-nosuite,0.889763779527559,0.45,0.010498687664041995,0.0,0.0,0.013123359580052493,0.047244094488188976,0.010498687664041995,1.0
volcanoes-a3,rfc-nosuite,0.889763779527559,0.98,1.0,0.0,0.0,1.0,0.8241469816272966,,1.0
volcanoes-a3,rfc-nosuite,0.889763779527559,1.0,1.0,0.0,0.0,0.7795275590551181,0.8320209973753281,0.931758530183727,1.0
volcanoes-a3,rfc-nosuite,0.889763779527559,0.95,1.0,0.0,0.0,0.2677165354330709,0.6167979002624672,0.9291338582677166,1.0
volcanoes-a3,rfc-nosuite,0.889763779527559,0.99,1.0,0.0,0.0,1.0,0.8031496062992126,0.937007874015748,1.0
volcanoes-a3,rfc-nosuite,0.889763779527559,0.94,1.0,0.0,0.0,1.0,0.847769028871391,0.9553805774278216,1.0
volcanoes-a3,rfc-nosuite,0.889763779527559,1.0,1.0,0.0,0.0,0.7952755905511811,0.8582677165354331,0.916010498687664,1.0
volcanoes-a3,rfc-nosuite,0.889763779527559,1.0,1.0,0.0,0.0,1.0,0.7532808398950132,0.9291338582677166,1.0
volcanoes-a3,rfc-nosuite,0.889763779527559,1.0,1.0,0.0,0.0,1.0,0.868766404199475,0.9291338582677166,1.0
volcanoes-a4,rfc-nosuite,0.8891820580474934,1.0,1.0,0.0,0.0,1.0,0.8469656992084432,0.9102902374670184,1.0
volcanoes-a4,rfc-nosuite,0.8891820580474934,1.0,1.0,0.0,0.0,0.16094986807387862,0.8311345646437994,,1.0
volcanoes-a4,rfc-nosuite,0.8891820580474934,0.61,0.07387862796833773,0.0,0.0,0.0079155672823219,0.0079155672823219,0.052770448548812667,1.0
volcanoes-a4,rfc-nosuite,0.8891820580474934,0.95,1.0,0.0,0.0,1.0,0.841688654353562,,1.0
volcanoes-a4,rfc-nosuite,0.8891820580474934,1.0,1.0,0.0,0.0,1.0,0.8812664907651715,0.8891820580474934,1.0
volcanoes-a4,rfc-nosuite,0.8891820580474934,0.57,0.029023746701846966,0.0,0.0,0.19788918205804748,0.055408970976253295,0.31926121372031663,1.0
volcanoes-a4,rfc-nosuite,0.8891820580474934,1.0,1.0,0.0,0.0,1.0,0.8232189973614775,0.9102902374670184,1.0
volcanoes-a4,rfc-nosuite,0.8891820580474934,0.87,0.8918205804749341,0.0,0.0,0.9102902374670184,0.20316622691292877,0.8944591029023746,1.0
volcanoes-a4,rfc-nosuite,0.8891820580474934,0.88,1.0,0.0,0.0,1.0,0.7968337730870713,0.7941952506596306,1.0
volcanoes-a4,rfc-nosuite,0.8891820580474934,1.0,1.0,0.0,0.0,1.0,0.7440633245382586,0.9023746701846965,1.0
volcanoes-a4,rfc-nosuite,0.8891820580474934,1.0,1.0,0.0,0.0,1.0,0.7203166226912929,0.8786279683377308,1.0
volcanoes-a4,rfc-nosuite,0.8891820580474934,0.98,1.0,0.0,0.0,0.6517150395778364,0.8918205804749341,0.9287598944591029,1.0
volcanoes-a4,rfc-nosuite,0.8891820580474934,0.99,1.0,0.0,0.0,1.0,0.8601583113456465,0.8786279683377308,1.0
volcanoes-a4,rfc-nosuite,0.8891820580474934,1.0,1.0,0.0,0.0,1.0,0.7889182058047494,,1.0
volcanoes-a4,rfc-nosuite,0.8891820580474934,1.0,1.0,0.0,0.0,0.8073878627968337,0.5118733509234829,0.9102902374670184,1.0
volcanoes-a4,rfc-nosuite,0.8891820580474934,1.0,1.0,0.0,0.0,1.0,0.8311345646437994,,1.0
volcanoes-a4,rfc-nosuite,0.8891820580474934,1.0,1.0,0.0,0.0,1.0,0.8311345646437994,,1.0
volcanoes-a4,rfc-nosuite,0.8891820580474934,1.0,1.0,0.0,0.0,0.8311345646437994,0.7493403693931399,,1.0
volcanoes-a4,rfc-nosuite,0.8891820580474934,1.0,1.0,0.0,0.0,1.0,0.8839050131926122,0.9234828496042217,1.0
volcanoes-a4,rfc-nosuite,0.8891820580474934,1.0,1.0,0.0,0.0,1.0,0.820580474934037,,1.0
volcanoes-a4,rfc-nosuite,0.8891820580474934,1.0,1.0,0.0,0.0,1.0,0.8153034300791556,0.9313984168865436,1.0
volcanoes-a4,rfc-nosuite,0.8891820580474934,0.39,0.0395778364116095,0.0,0.0,0.0158311345646438,0.005277044854881266,0.005277044854881266,1.0
volcanoes-a4,rfc-nosuite,0.8891820580474934,1.0,1.0,0.0,0.0,1.0,0.762532981530343,0.9498680738786279,1.0
volcanoes-a4,rfc-nosuite,0.8891820580474934,0.98,1.0,0.0,0.0,1.0,0.8153034300791556,,1.0
volcanoes-a4,rfc-nosuite,0.8891820580474934,0.75,0.8759894459102903,0.0,0.0,0.8786279683377308,0.8812664907651715,0.8786279683377308,1.0
volcanoes-a4,rfc-nosuite,0.8891820580474934,1.0,1.0,0.0,0.0,0.20316622691292877,0.8469656992084432,,1.0
volcanoes-a4,rfc-nosuite,0.8891820580474934,1.0,1.0,0.0,0.0,1.0,0.6912928759894459,,1.0
volcanoes-a4,rfc-nosuite,0.8891820580474934,0.32,0.052770448548812667,0.0,0.0,0.013192612137203167,0.0633245382585752,0.021108179419525065,1.0
volcanoes-a4,rfc-nosuite,0.8891820580474934,0.96,1.0,0.0,0.0,0.9868073878627969,0.8786279683377308,0.9287598944591029,1.0
volcanoes-a4,rfc-nosuite,0.8891820580474934,0.84,1.0,0.0,0.0,1.0,0.8733509234828496,0.9393139841688655,1.0
volcanoes-a4,rfc-nosuite,0.8891820580474934,0.62,1.0,0.0,0.0,0.055408970976253295,0.29815303430079154,,1.0
volcanoes-a4,rfc-nosuite,0.8891820580474934,0.99,1.0,0.0,0.0,1.0,0.7968337730870713,0.9076517150395779,1.0
volcanoes-a4,rfc-nosuite,0.8891820580474934,0.83,0.7361477572559367,0.0,0.0,0.43271767810026385,0.47493403693931396,0.9234828496042217,1.0
volcanoes-a4,rfc-nosuite,0.8891820580474934,0.97,0.8258575197889182,0.0,0.0,0.5277044854881267,0.8918205804749341,0.8918205804749341,1.0
volcanoes-a4,rfc-nosuite,0.8891820580474934,0.5,0.0316622691292876,0.0,0.0,0.05804749340369393,0.026385224274406333,0.05013192612137203,1.0
volcanoes-a4,rfc-nosuite,0.8891820580474934,0.75,0.055408970976253295,0.0,0.0,1.0,0.43535620052770446,,1.0
volcanoes-a4,rfc-nosuite,0.8891820580474934,0.8,1.0,0.0,0.0,1.0,0.8126649076517151,,1.0
volcanoes-a4,rfc-nosuite,0.8891820580474934,1.0,1.0,0.0,0.0,1.0,0.820580474934037,0.9287598944591029,1.0
volcanoes-a4,rfc-nosuite,0.8891820580474934,0.98,1.0,0.0,0.0,0.40105540897097625,0.8759894459102903,,1.0
volcanoes-a4,rfc-nosuite,0.8891820580474934,0.35,0.018469656992084433,0.0,0.0,0.010554089709762533,0.0079155672823219,0.005277044854881266,1.0
volcanoes-a4,rfc-nosuite,0.8891820580474934,1.0,1.0,0.0,0.0,1.0,0.8918205804749341,0.8918205804749341,1.0
volcanoes-a4,rfc-nosuite,0.8891820580474934,0.9,0.8786279683377308,0.0,0.0,0.40897097625329815,0.8839050131926122,0.9287598944591029,1.0
volcanoes-a4,rfc-nosuite,0.8891820580474934,0.97,0.7678100263852242,0.0,0.0,1.0,0.8839050131926122,,1.0
volcanoes-a4,rfc-nosuite,0.8891820580474934,0.98,1.0,0.0,0.0,1.0,0.8153034300791556,0.9023746701846965,1.0
volcanoes-a4,rfc-nosuite,0.8891820580474934,0.96,1.0,0.0,0.0,1.0,0.8390501319261213,,1.0
volcanoes-a4,rfc-nosuite,0.8891820580474934,0.99,1.0,0.0,0.0,0.1345646437994723,0.8759894459102903,,1.0
volcanoes-a4,rfc-nosuite,0.8891820580474934,0.98,0.3720316622691293,0.0,0.0,1.0,0.6437994722955145,,1.0
volcanoes-a4,rfc-nosuite,0.8891820580474934,0.95,0.3720316622691293,0.0,0.0,1.0,0.8759894459102903,0.920844327176781,1.0
volcanoes-a4,rfc-nosuite,0.8891820580474934,0.79,1.0,0.0,0.0,1.0,0.6490765171503958,0.899736147757256,1.0
volcanoes-a4,rfc-nosuite,0.8891820580474934,0.99,1.0,0.0,0.0,0.6860158311345647,0.8839050131926122,0.9234828496042217,1.0
volcanoes-e1,rfc-nosuite,0.9121621621621622,1.0,1.0,0.0,0.0,1.0,0.7804054054054054,0.9493243243243243,1.0
volcanoes-e1,rfc-nosuite,0.9121621621621622,0.99,1.0,0.0,0.0,1.0,0.777027027027027,0.9290540540540541,1.0
volcanoes-e1,rfc-nosuite,0.9121621621621622,1.0,1.0,0.0,0.0,1.0,0.7905405405405406,,1.0
volcanoes-e1,rfc-nosuite,0.9121621621621622,1.0,1.0,0.0,0.0,1.0,0.7702702702702703,0.8344594594594594,1.0
volcanoes-e1,rfc-nosuite,0.9121621621621622,1.0,1.0,0.0,0.0,1.0,0.8040540540540541,0.9155405405405406,1.0
volcanoes-e1,rfc-nosuite,0.9121621621621622,0.75,0.05067567567567568,0.0,0.0,0.19594594594594594,0.18243243243243243,0.1858108108108108,1.0
volcanoes-e1,rfc-nosuite,0.9121621621621622,1.0,1.0,0.0,0.0,1.0,0.3277027027027027,0.8783783783783784,1.0
volcanoes-e1,rfc-nosuite,0.9121621621621622,0.99,1.0,0.0,0.0,1.0,0.777027027027027,0.8209459459459459,1.0
volcanoes-e1,rfc-nosuite,0.9121621621621622,1.0,1.0,0.0,0.0,1.0,0.28040540540540543,0.8277027027027027,1.0
volcanoes-e1,rfc-nosuite,0.9121621621621622,0.85,0.7905405405405406,0.0,0.0,0.8209459459459459,0.6824324324324325,,1.0
volcanoes-e1,rfc-nosuite,0.9121621621621622,1.0,1.0,0.0,0.0,0.11824324324324324,0.7432432432432432,,1.0
volcanoes-e1,rfc-nosuite,0.9121621621621622,0.82,1.0,0.0,0.0,1.0,0.8108108108108109,0.8040540540540541,1.0
volcanoes-e1,rfc-nosuite,0.9121621621621622,0.88,1.0,0.0,0.0,1.0,0.28716216216216217,0.8378378378378378,1.0
volcanoes-e1,rfc-nosuite,0.9121621621621622,0.51,0.04391891891891892,0.0,0.0,1.0,0.16216216216216217,0.20608108108108109,1.0
volcanoes-e1,rfc-nosuite,0.9121621621621622,0.97,0.40540540540540543,0.0,0.0,0.07432432432432433,0.7432432432432432,0.831081081081081,1.0
volcanoes-e1,rfc-nosuite,0.9121621621621622,0.98,1.0,0.0,0.0,0.8682432432432432,0.38175675675675674,,1.0
volcanoes-e1,rfc-nosuite,0.9121621621621622,0.99,1.0,0.0,0.0,0.09797297297297297,0.8006756756756757,0.8344594594594594,1.0
volcanoes-e1,rfc-nosuite,0.9121621621621622,1.0,1.0,0.0,0.0,1.0,0.8141891891891891,,1.0
volcanoes-e1,rfc-nosuite,0.9121621621621622,0.94,0.33783783783783783,0.0,0.0,1.0,0.597972972972973,0.8344594594594594,1.0
volcanoes-e1,rfc-nosuite,0.9121621621621622,0.92,0.16554054054054054,0.0,0.0,0.19594594594594594,0.13513513513513514,0.20945945945945946,1.0
volcanoes-e1,rfc-nosuite,0.9121621621621622,1.0,1.0,0.0,0.0,1.0,0.7871621621621622,,1.0
volcanoes-e1,rfc-nosuite,0.9121621621621622,1.0,1.0,0.0,0.0,1.0,0.7027027027027027,,1.0
volcanoes-e1,rfc-nosuite,0.9121621621621622,0.84,0.3547297297297297,0.0,0.0,0.8209459459459459,0.8209459459459459,,1.0
volcanoes-e1,rfc-nosuite,0.9121621621621622,0.76,0.12837837837837837,0.0,0.0,0.12837837837837837,0.34459459459459457,0.43243243243243246,1.0
volcanoes-e1,rfc-nosuite,0.9121621621621622,0.63,0.8851351351351351,0.0,0.0,1.0,0.30743243243243246,0.20945945945945946,1.0
volcanoes-e1,rfc-nosuite,0.9121621621621622,0.97,1.0,0.0,0.0,1.0,0.7905405405405406,0.8209459459459459,1.0
volcanoes-e1,rfc-nosuite,0.9121621621621622,0.98,1.0,0.0,0.0,1.0,,,1.0
volcanoes-e1,rfc-nosuite,0.9121621621621622,1.0,1.0,0.0,0.0,0.44932432432432434,0.6182432432432432,0.831081081081081,1.0
volcanoes-e1,rfc-nosuite,0.9121621621621622,1.0,0.7195945945945946,0.0,0.0,0.831081081081081,,0.8209459459459459,1.0
volcanoes-e1,rfc-nosuite,0.9121621621621622,0.78,0.0777027027027027,0.0,0.0,0.30405405405405406,0.6114864864864865,0.12837837837837837,1.0
volcanoes-e1,rfc-nosuite,0.9121621621621622,0.96,0.6824324324324325,0.0,0.0,1.0,,0.8344594594594594,1.0
volcanoes-e1,rfc-nosuite,0.9121621621621622,0.87,0.013513513513513514,0.0,0.0,0.28040540540540543,0.24324324324324326,0.34797297297297297,1.0
volcanoes-e1,rfc-nosuite,0.9121621621621622,1.0,1.0,0.0,0.0,1.0,0.8209459459459459,0.8682432432432432,1.0
volcanoes-e1,rfc-nosuite,0.9121621621621622,0.98,0.8243243243243243,0.0,0.0,0.8277027027027027,0.42905405405405406,0.831081081081081,1.0
volcanoes-e1,rfc-nosuite,0.9121621621621622,0.49,1.0,0.0,0.0,0.1554054054054054,0.11486486486486487,0.060810810810810814,1.0
volcanoes-e1,rfc-nosuite,0.9121621621621622,1.0,0.35135135135135137,0.0,0.0,0.0777027027027027,0.7871621621621622,0.8209459459459459,1.0
volcanoes-e1,rfc-nosuite,0.9121621621621622,0.85,0.3108108108108108,0.0,0.0,0.9459459459459459,0.3108108108108108,0.6587837837837838,1.0
volcanoes-e1,rfc-nosuite,0.9121621621621622,0.97,1.0,0.0,0.0,1.0,0.722972972972973,,1.0
volcanoes-e1,rfc-nosuite,0.9121621621621622,0.81,0.722972972972973,0.0,0.0,0.8851351351351351,0.8209459459459459,0.9290540540540541,1.0
volcanoes-e1,rfc-nosuite,0.9121621621621622,0.5,0.32094594594594594,0.0,0.0,0.6216216216216216,0.11148648648648649,0.22972972972972974,1.0
volcanoes-e1,rfc-nosuite,0.9121621621621622,0.99,1.0,0.0,0.0,1.0,0.8344594594594594,,1.0
volcanoes-e1,rfc-nosuite,0.9121621621621622,0.99,0.7195945945945946,0.0,0.0,0.8344594594594594,,,1.0
volcanoes-e1,rfc-nosuite,0.9121621621621622,0.98,1.0,0.0,0.0,1.0,0.7432432432432432,0.8209459459459459,1.0
volcanoes-e1,rfc-nosuite,0.9121621621621622,0.93,1.0,0.0,0.0,1.0,0.8074324324324325,0.8209459459459459,1.0
volcanoes-e1,rfc-nosuite,0.9121621621621622,0.53,1.0,0.0,0.0,0.030405405405405407,0.16554054054054054,0.02702702702702703,1.0
volcanoes-e1,rfc-nosuite,0.9121621621621622,1.0,1.0,0.0,0.0,1.0,0.2702702702702703,,1.0
volcanoes-e1,rfc-nosuite,0.9121621621621622,0.99,1.0,0.0,0.0,1.0,0.8243243243243243,0.8378378378378378,1.0
volcanoes-e1,rfc-nosuite,0.9121621621621622,1.0,0.8648648648648649,0.0,0.0,1.0,0.7804054054054054,0.7263513513513513,1.0
volcanoes-e1,rfc-nosuite,0.9121621621621622,0.89,1.0,0.0,0.0,1.0,0.8141891891891891,0.8344594594594594,1.0
volcanoes-e1,rfc-nosuite,0.9121621621621622,0.96,1.0,0.0,0.0,1.0,0.8074324324324325,0.8344594594594594,1.0
volcanoes-e2,rfc-nosuite,0.9222222222222223,0.98,1.0,0.0,0.0,1.0,,0.9962962962962963,1.0
volcanoes-e2,rfc-nosuite,0.9222222222222223,0.91,0.837037037037037,0.0,0.0,1.0,,,1.0
volcanoes-e2,rfc-nosuite,0.9222222222222223,0.94,1.0,0.0,0.0,1.0,,,1.0
volcanoes-e2,rfc-nosuite,0.9222222222222223,1.0,1.0,0.0,0.0,1.0,,0.837037037037037,1.0
volcanoes-e2,rfc-nosuite,0.9222222222222223,1.0,1.0,0.0,0.0,1.0,,,1.0
volcanoes-e2,rfc-nosuite,0.9222222222222223,0.92,1.0,0.0,0.0,1.0,,1.0,1.0
volcanoes-e2,rfc-nosuite,0.9222222222222223,0.97,1.0,0.0,0.0,1.0,,,1.0
volcanoes-e2,rfc-nosuite,0.9222222222222223,0.99,1.0,0.0,0.0,1.0,,0.8703703703703703,1.0
volcanoes-e2,rfc-nosuite,0.9222222222222223,0.98,0.337037037037037,0.0,0.0,1.0,,1.0,1.0
volcanoes-e2,rfc-nosuite,0.9222222222222223,0.7,0.022222222222222223,0.0,0.0,0.3851851851851852,,0.18888888888888888,1.0
volcanoes-e2,rfc-nosuite,0.9222222222222223,0.96,0.04814814814814815,0.0,0.0,0.8777777777777778,,0.7555555555555555,1.0
volcanoes-e2,rfc-nosuite,0.9222222222222223,0.96,1.0,0.0,0.0,1.0,,,1.0
volcanoes-e2,rfc-nosuite,0.9222222222222223,0.93,1.0,0.0,0.0,1.0,,,1.0
volcanoes-e2,rfc-nosuite,0.9222222222222223,0.97,1.0,0.0,0.0,0.8148148148148148,,,1.0
volcanoes-e2,rfc-nosuite,0.9222222222222223,1.0,1.0,0.0,0.0,1.0,,1.0,1.0
volcanoes-e2,rfc-nosuite,0.9222222222222223,0.96,0.7851851851851852,0.0,0.0,1.0,,,1.0
volcanoes-e2,rfc-nosuite,0.9222222222222223,1.0,1.0,0.0,0.0,1.0,,0.9074074074074074,1.0
volcanoes-e2,rfc-nosuite,0.9222222222222223,0.79,0.9888888888888889,0.0,0.0,1.0,,0.8777777777777778,1.0
volcanoes-e2,rfc-nosuite,0.9222222222222223,0.99,1.0,0.0,0.0,1.0,,0.8703703703703703,1.0
volcanoes-e2,rfc-nosuite,0.9222222222222223,0.92,1.0,0.0,0.0,1.0,,0.8703703703703703,1.0
volcanoes-e2,rfc-nosuite,0.9222222222222223,0.97,1.0,0.0,0.0,0.6777777777777778,,0.8925925925925926,1.0
volcanoes-e2,rfc-nosuite,0.9222222222222223,0.82,0.7851851851851852,0.0,0.0,0.7962962962962963,,0.8740740740740741,1.0
volcanoes-e2,rfc-nosuite,0.9222222222222223,0.88,0.7814814814814814,0.0,0.0,0.8444444444444444,,0.8777777777777778,1.0
volcanoes-e2,rfc-nosuite,0.9222222222222223,0.36,0.03333333333333333,0.0,0.0,0.5370370370370371,,0.5555555555555556,1.0
volcanoes-e2,rfc-nosuite,0.9222222222222223,1.0,1.0,0.0,0.0,1.0,,0.9592592592592593,1.0
volcanoes-e2,rfc-nosuite,0.9222222222222223,0.98,0.4925925925925926,0.0,0.0,1.0,,,1.0
volcanoes-e2,rfc-nosuite,0.9222222222222223,0.99,1.0,0.0,0.0,1.0,,,1.0
volcanoes-e2,rfc-nosuite,0.9222222222222223,1.0,1.0,0.0,0.0,1.0,,0.9222222222222223,1.0
volcanoes-e2,rfc-nosuite,0.9222222222222223,0.68,0.1037037037037037,0.0,0.0,0.6333333333333333,,0.4888888888888889,1.0
volcanoes-e2,rfc-nosuite,0.9222222222222223,0.98,1.0,0.0,0.0,1.0,,,1.0
volcanoes-e2,rfc-nosuite,0.9222222222222223,0.97,1.0,0.0,0.0,1.0,,0.9592592592592593,1.0
volcanoes-e2,rfc-nosuite,0.9222222222222223,0.94,0.8703703703703703,0.0,0.0,0.837037037037037,,,1.0
volcanoes-e2,rfc-nosuite,0.9222222222222223,0.98,1.0,0.0,0.0,1.0,,,1.0
volcanoes-e2,rfc-nosuite,0.9222222222222223,0.97,1.0,0.0,0.0,1.0,,1.0,1.0
volcanoes-e2,rfc-nosuite,0.9222222222222223,0.99,1.0,0.0,0.0,1.0,,,1.0
volcanoes-e2,rfc-nosuite,0.9222222222222223,0.97,1.0,0.0,0.0,1.0,,0.9185185185185185,1.0
volcanoes-e2,rfc-nosuite,0.9222222222222223,1.0,1.0,0.0,0.0,1.0,,0.8703703703703703,1.0
volcanoes-e2,rfc-nosuite,0.9222222222222223,0.97,1.0,0.0,0.0,1.0,,,1.0
volcanoes-e2,rfc-nosuite,0.9222222222222223,0.96,0.8703703703703703,0.0,0.0,1.0,,0.8740740740740741,1.0
volcanoes-e2,rfc-nosuite,0.9222222222222223,1.0,1.0,0.0,0.0,1.0,,0.9518518518518518,1.0
volcanoes-e2,rfc-nosuite,0.9222222222222223,1.0,1.0,0.0,0.0,1.0,,0.837037037037037,1.0
volcanoes-e2,rfc-nosuite,0.9222222222222223,0.89,0.8148148148148148,0.0,0.0,1.0,,0.8555555555555555,1.0
volcanoes-e2,rfc-nosuite,0.9222222222222223,0.42,0.025925925925925925,0.0,0.0,0.007407407407407408,,0.014814814814814815,1.0
volcanoes-e2,rfc-nosuite,0.9222222222222223,0.95,1.0,0.0,0.0,1.0,,0.837037037037037,1.0
volcanoes-e2,rfc-nosuite,0.9222222222222223,0.97,1.0,0.0,0.0,1.0,,0.8703703703703703,1.0
volcanoes-e2,rfc-nosuite,0.9222222222222223,0.82,0.8703703703703703,0.0,0.0,1.0,,0.9925925925925926,1.0
volcanoes-e2,rfc-nosuite,0.9222222222222223,0.66,0.05185185185185185,0.0,0.0,0.003703703703703704,,0.003703703703703704,1.0
volcanoes-e2,rfc-nosuite,0.9222222222222223,0.96,0.6037037037037037,0.0,0.0,0.9,,0.9296296296296296,1.0
volcanoes-e2,rfc-nosuite,0.9222222222222223,1.0,1.0,0.0,0.0,1.0,,,1.0
volcanoes-e2,rfc-nosuite,0.9222222222222223,1.0,1.0,0.0,0.0,1.0,,,1.0
volcanoes-e3,rfc-nosuite,0.925,0.99,1.0,0.0,0.0,0.0875,,0.840625,1.0
volcanoes-e3,rfc-nosuite,0.925,0.89,0.553125,0.0,0.0,0.865625,,0.859375,1.0
volcanoes-e3,rfc-nosuite,0.925,0.96,1.0,0.0,0.0,0.840625,,0.840625,1.0
volcanoes-e3,rfc-nosuite,0.925,1.0,1.0,0.0,0.0,1.0,,,1.0
volcanoes-e3,rfc-nosuite,0.925,0.78,1.0,0.0,0.0,1.0,,0.94375,1.0
volcanoes-e3,rfc-nosuite,0.925,0.83,0.7375,0.0,0.0,1.0,,,1.0
volcanoes-e3,rfc-nosuite,0.925,0.99,0.8375,0.0,0.0,0.86875,0.553125,,1.0
volcanoes-e3,rfc-nosuite,0.925,1.0,1.0,0.0,0.0,0.80625,,0.903125,1.0
volcanoes-e3,rfc-nosuite,0.925,0.95,0.33125,0.0,0.0,0.05625,,0.971875,1.0
volcanoes-e3,rfc-nosuite,0.925,0.48,0.775,0.0,0.0,0.865625,0.50625,0.7375,1.0
volcanoes-e3,rfc-nosuite,0.925,1.0,1.0,0.0,0.0,0.584375,,0.853125,1.0
volcanoes-e3,rfc-nosuite,0.925,0.94,0.821875,0.0,0.0,1.0,,,1.0
volcanoes-e3,rfc-nosuite,0.925,0.97,0.59375,0.0,0.0,1.0,,0.846875,1.0
volcanoes-e3,rfc-nosuite,0.925,0.99,1.0,0.0,0.0,1.0,,0.840625,1.0
volcanoes-e3,rfc-nosuite,0.925,1.0,1.0,0.0,0.0,1.0,0.825,,1.0
volcanoes-e3,rfc-nosuite,0.925,1.0,1.0,0.0,0.0,0.840625,0.721875,0.846875,1.0
volcanoes-e3,rfc-nosuite,0.925,1.0,1.0,0.0,0.0,1.0,,0.7625,1.0
volcanoes-e3,rfc-nosuite,0.925,0.78,0.321875,0.0,0.0,1.0,,0.3125,1.0
volcanoes-e3,rfc-nosuite,0.925,0.98,0.85625,0.0,0.0,0.840625,0.675,,1.0
volcanoes-e3,rfc-nosuite,0.925,1.0,1.0,0.0,0.0,0.0875,0.809375,,1.0
volcanoes-e3,rfc-nosuite,0.925,0.81,0.440625,0.0,0.0,0.39375,0.53125,,1.0
volcanoes-e3,rfc-nosuite,0.925,0.95,1.0,0.0,0.0,1.0,,,1.0
volcanoes-e3,rfc-nosuite,0.925,0.99,0.590625,0.0,0.0,1.0,,0.840625,1.0
volcanoes-e3,rfc-nosuite,0.925,0.99,1.0,0.0,0.0,1.0,,0.86875,1.0
volcanoes-e3,rfc-nosuite,0.925,0.96,0.525,0.0,0.0,1.0,,,1.0
volcanoes-e3,rfc-nosuite,0.925,1.0,1.0,0.0,0.0,1.0,,,1.0
volcanoes-e3,rfc-nosuite,0.925,0.99,0.596875,0.0,0.0,0.2125,,,1.0
volcanoes-e3,rfc-nosuite,0.925,0.94,0.840625,0.0,0.0,0.865625,,,1.0
volcanoes-e3,rfc-nosuite,0.925,0.99,1.0,0.0,0.0,1.0,0.66875,0.7625,1.0
volcanoes-e3,rfc-nosuite,0.925,1.0,1.0,0.0,0.0,1.0,,0.85625,1.0
volcanoes-e3,rfc-nosuite,0.925,0.82,0.03125,0.0,0.0,0.309375,,,1.0
volcanoes-e3,rfc-nosuite,0.925,0.97,1.0,0.0,0.0,1.0,,,1.0
volcanoes-e3,rfc-nosuite,0.925,1.0,1.0,0.0,0.0,1.0,0.56875,0.865625,1.0
volcanoes-e3,rfc-nosuite,0.925,1.0,1.0,0.0,0.0,0.534375,,,1.0
volcanoes-e3,rfc-nosuite,0.925,0.94,1.0,0.0,0.0,1.0,,,1.0
volcanoes-e3,rfc-nosuite,0.925,0.84,1.0,0.0,0.0,1.0,,,1.0
volcanoes-e3,rfc-nosuite,0.925,1.0,1.0,0.0,0.0,1.0,,0.86875,1.0
volcanoes-e3,rfc-nosuite,0.925,1.0,0.85625,0.0,0.0,0.840625,,,1.0
volcanoes-e3,rfc-nosuite,0.925,0.99,1.0,0.0,0.0,1.0,0.134375,,1.0
volcanoes-e3,rfc-nosuite,0.925,1.0,1.0,0.0,0.0,0.859375,,,1.0
volcanoes-e3,rfc-nosuite,0.925,0.98,1.0,0.0,0.0,0.503125,0.1625,,1.0
volcanoes-e3,rfc-nosuite,0.925,0.61,0.140625,0.0,0.0,0.91875,,0.428125,1.0
volcanoes-e3,rfc-nosuite,0.925,1.0,1.0,0.0,0.0,1.0,,0.753125,1.0
volcanoes-e3,rfc-nosuite,0.925,0.91,1.0,0.0,0.0,1.0,0.615625,,1.0
volcanoes-e3,rfc-nosuite,0.925,1.0,1.0,0.0,0.0,1.0,0.153125,,1.0
volcanoes-e3,rfc-nosuite,0.925,0.94,0.653125,0.0,0.0,1.0,,,1.0
volcanoes-e3,rfc-nosuite,0.925,0.94,0.840625,0.0,0.0,0.840625,0.353125,,1.0
volcanoes-e3,rfc-nosuite,0.925,1.0,1.0,0.0,0.0,1.0,0.296875,,1.0
volcanoes-e3,rfc-nosuite,0.925,0.98,0.85625,0.0,0.0,0.90625,,,1.0
volcanoes-e3,rfc-nosuite,0.925,0.96,0.653125,0.0,0.0,1.0,,0.934375,1.0
volcanoes-e4,rfc-nosuite,0.939297124600639,0.98,1.0,0.0,0.0,1.0,,0.8753993610223643,1.0
volcanoes-e4,rfc-nosuite,0.939297124600639,0.98,1.0,0.0,0.0,1.0,0.9009584664536742,,1.0
volcanoes-e4,rfc-nosuite,0.939297124600639,0.6,0.2939297124600639,0.0,0.0,1.0,,0.4504792332268371,1.0
volcanoes-e4,rfc-nosuite,0.939297124600639,0.94,1.0,0.0,0.0,1.0,,0.9680511182108626,1.0
volcanoes-e4,rfc-nosuite,0.939297124600639,0.47,0.10862619808306709,0.0,0.0,0.8849840255591054,,0.49201277955271566,1.0
volcanoes-e4,rfc-nosuite,0.939297124600639,1.0,1.0,0.0,0.0,1.0,,0.9840255591054313,1.0
volcanoes-e4,rfc-nosuite,0.939297124600639,0.75,0.009584664536741214,0.0,0.0,0.3514376996805112,0.2747603833865815,0.34824281150159747,1.0
volcanoes-e4,rfc-nosuite,0.939297124600639,1.0,1.0,0.0,0.0,0.7060702875399361,,0.9009584664536742,1.0
volcanoes-e4,rfc-nosuite,0.939297124600639,0.96,1.0,0.0,0.0,1.0,,0.9137380191693291,1.0
volcanoes-e4,rfc-nosuite,0.939297124600639,1.0,1.0,0.0,0.0,1.0,,0.8785942492012779,1.0
volcanoes-e4,rfc-nosuite,0.939297124600639,0.8,0.054313099041533544,0.0,0.0,0.9936102236421726,0.5111821086261981,0.65814696485623,1.0
volcanoes-e4,rfc-nosuite,0.939297124600639,1.0,1.0,0.0,0.0,1.0,0.7603833865814696,0.8785942492012779,1.0
volcanoes-e4,rfc-nosuite,0.939297124600639,0.96,0.8594249201277955,0.0,0.0,1.0,0.5910543130990416,0.9936102236421726,1.0
volcanoes-e4,rfc-nosuite,0.939297124600639,0.97,1.0,0.0,0.0,1.0,,,1.0
volcanoes-e4,rfc-nosuite,0.939297124600639,0.96,1.0,0.0,0.0,0.8753993610223643,0.7827476038338658,,1.0
volcanoes-e4,rfc-nosuite,0.939297124600639,0.95,1.0,0.0,0.0,1.0,,0.8817891373801917,1.0
volcanoes-e4,rfc-nosuite,0.939297124600639,1.0,1.0,0.0,0.0,0.8753993610223643,,,1.0
volcanoes-e4,rfc-nosuite,0.939297124600639,1.0,1.0,0.0,0.0,1.0,0.2939297124600639,0.9616613418530351,1.0
volcanoes-e4,rfc-nosuite,0.939297124600639,0.93,0.8753993610223643,0.0,0.0,0.09584664536741214,,,1.0
volcanoes-e4,rfc-nosuite,0.939297124600639,1.0,1.0,0.0,0.0,1.0,,,1.0
volcanoes-e4,rfc-nosuite,0.939297124600639,0.68,0.009584664536741214,0.0,0.0,0.003194888178913738,,0.003194888178913738,1.0
volcanoes-e4,rfc-nosuite,0.939297124600639,0.99,1.0,0.0,0.0,0.5654952076677316,,,1.0
volcanoes-e4,rfc-nosuite,0.939297124600639,0.98,1.0,0.0,0.0,0.09904153354632587,,0.8753993610223643,1.0
volcanoes-e4,rfc-nosuite,0.939297124600639,0.97,0.7060702875399361,0.0,0.0,0.5718849840255591,,,1.0
volcanoes-e4,rfc-nosuite,0.939297124600639,1.0,1.0,0.0,0.0,0.35782747603833864,,0.9201277955271565,1.0
volcanoes-e4,rfc-nosuite,0.939297124600639,0.97,1.0,0.0,0.0,1.0,,0.9680511182108626,1.0
volcanoes-e4,rfc-nosuite,0.939297124600639,0.76,1.0,0.0,0.0,1.0,0.5111821086261981,,1.0
volcanoes-e4,rfc-nosuite,0.939297124600639,0.98,0.670926517571885,0.0,0.0,0.65814696485623,0.5591054313099042,,1.0
volcanoes-e4,rfc-nosuite,0.939297124600639,0.95,1.0,0.0,0.0,0.22044728434504793,0.8753993610223643,0.9073482428115016,1.0
volcanoes-e4,rfc-nosuite,0.939297124600639,0.99,1.0,0.0,0.0,0.36421725239616615,,0.9840255591054313,1.0
volcanoes-e4,rfc-nosuite,0.939297124600639,0.79,1.0,0.0,0.0,0.6198083067092651,,0.8753993610223643,1.0
volcanoes-e4,rfc-nosuite,0.939297124600639,0.99,0.8594249201277955,0.0,0.0,0.8753993610223643,,0.9201277955271565,1.0
volcanoes-e4,rfc-nosuite,0.939297124600639,0.99,1.0,0.0,0.0,0.7060702875399361,,0.9137380191693291,1.0
volcanoes-e4,rfc-nosuite,0.939297124600639,1.0,1.0,0.0,0.0,1.0,,,1.0
volcanoes-e4,rfc-nosuite,0.939297124600639,0.98,1.0,0.0,0.0,1.0,,,1.0
volcanoes-e4,rfc-nosuite,0.939297124600639,0.63,0.2939297124600639,0.0,0.0,0.2939297124600639,0.038338658146964855,0.16932907348242812,1.0
volcanoes-e4,rfc-nosuite,0.939297124600639,0.85,0.5175718849840255,0.0,0.0,1.0,,0.5814696485623003,1.0
volcanoes-e4,rfc-nosuite,0.939297124600639,0.99,1.0,0.0,0.0,0.6198083067092651,,0.9201277955271565,1.0
volcanoes-e4,rfc-nosuite,0.939297124600639,1.0,1.0,0.0,0.0,1.0,,0.8849840255591054,1.0
volcanoes-e4,rfc-nosuite,0.939297124600639,0.97,0.05750798722044728,0.0,0.0,1.0,,0.7859424920127795,1.0
volcanoes-e4,rfc-nosuite,0.939297124600639,1.0,1.0,0.0,0.0,1.0,,,1.0
volcanoes-e4,rfc-nosuite,0.939297124600639,1.0,1.0,0.0,0.0,1.0,,0.8881789137380192,1.0
volcanoes-e4,rfc-nosuite,0.939297124600639,0.96,0.8594249201277955,0.0,0.0,1.0,0.48242811501597443,0.8785942492012779,1.0
volcanoes-e4,rfc-nosuite,0.939297124600639,1.0,1.0,0.0,0.0,1.0,0.30990415335463256,,1.0
volcanoes-e4,rfc-nosuite,0.939297124600639,1.0,1.0,0.0,0.0,0.22044728434504793,0.7795527156549521,,1.0
volcanoes-e4,rfc-nosuite,0.939297124600639,0.72,0.3865814696485623,0.0,0.0,0.9840255591054313,0.7699680511182109,0.08306709265175719,1.0
volcanoes-e4,rfc-nosuite,0.939297124600639,0.78,0.670926517571885,0.0,0.0,0.6964856230031949,0.9201277955271565,0.6869009584664537,1.0
volcanoes-e4,rfc-nosuite,0.939297124600639,1.0,1.0,0.0,0.0,0.23961661341853036,,0.9584664536741214,1.0
volcanoes-e4,rfc-nosuite,0.939297124600639,0.98,1.0,0.0,0.0,0.134185303514377,,,1.0
volcanoes-e4,rfc-nosuite,0.939297124600639,1.0,0.8594249201277955,0.0,0.0,0.8753993610223643,,0.9680511182108626,1.0
volcanoes-e5,rfc-nosuite,0.9028776978417267,0.89,0.8633093525179856,0.0,0.0,0.8633093525179856,,,1.0
volcanoes-e5,rfc-nosuite,0.9028776978417267,1.0,1.0,0.0,0.0,1.0,,0.9568345323741008,1.0
volcanoes-e5,rfc-nosuite,0.9028776978417267,0.98,1.0,0.0,0.0,0.8633093525179856,,,1.0
volcanoes-e5,rfc-nosuite,0.9028776978417267,0.93,1.0,0.0,0.0,1.0,,,1.0
volcanoes-e5,rfc-nosuite,0.9028776978417267,0.93,0.3669064748201439,0.0,0.0,1.0,,0.9028776978417267,1.0
volcanoes-e5,rfc-nosuite,0.9028776978417267,0.96,1.0,0.0,0.0,1.0,,0.89568345323741,1.0
volcanoes-e5,rfc-nosuite,0.9028776978417267,0.84,0.014388489208633094,0.0,0.0,0.9064748201438849,,0.31654676258992803,1.0
volcanoes-e5,rfc-nosuite,0.9028776978417267,1.0,1.0,0.0,0.0,1.0,,0.8381294964028777,1.0
volcanoes-e5,rfc-nosuite,0.9028776978417267,0.98,1.0,0.0,0.0,1.0,,0.9532374100719424,1.0
volcanoes-e5,rfc-nosuite,0.9028776978417267,1.0,1.0,0.0,0.0,1.0,,0.38848920863309355,1.0
volcanoes-e5,rfc-nosuite,0.9028776978417267,0.97,1.0,0.0,0.0,1.0,,0.9064748201438849,1.0
volcanoes-e5,rfc-nosuite,0.9028776978417267,0.99,1.0,0.0,0.0,1.0,,0.89568345323741,1.0
volcanoes-e5,rfc-nosuite,0.9028776978417267,0.51,0.01079136690647482,0.0,0.0,0.9964028776978417,,0.45323741007194246,1.0
volcanoes-e5,rfc-nosuite,0.9028776978417267,0.95,1.0,0.0,0.0,1.0,,0.8848920863309353,1.0
volcanoes-e5,rfc-nosuite,0.9028776978417267,0.96,0.3669064748201439,0.0,0.0,1.0,,0.89568345323741,1.0
volcanoes-e5,rfc-nosuite,0.9028776978417267,1.0,0.4244604316546763,0.0,0.0,1.0,,,1.0
volcanoes-e5,rfc-nosuite,0.9028776978417267,0.91,1.0,0.0,0.0,1.0,,,1.0
volcanoes-e5,rfc-nosuite,0.9028776978417267,0.9,1.0,0.0,0.0,1.0,,0.89568345323741,1.0
volcanoes-e5,rfc-nosuite,0.9028776978417267,1.0,1.0,0.0,0.0,1.0,,,1.0
volcanoes-e5,rfc-nosuite,0.9028776978417267,0.82,0.6870503597122302,0.0,0.0,1.0,,0.9100719424460432,1.0
volcanoes-e5,rfc-nosuite,0.9028776978417267,0.92,1.0,0.0,0.0,0.06474820143884892,,0.8381294964028777,1.0
volcanoes-e5,rfc-nosuite,0.9028776978417267,0.98,1.0,0.0,0.0,1.0,,,1.0
volcanoes-e5,rfc-nosuite,0.9028776978417267,0.97,0.41007194244604317,0.0,0.0,1.0,,,1.0
volcanoes-e5,rfc-nosuite,0.9028776978417267,0.98,0.17985611510791366,0.0,0.0,1.0,,0.9100719424460432,1.0
volcanoes-e5,rfc-nosuite,0.9028776978417267,1.0,1.0,0.0,0.0,1.0,,,1.0
volcanoes-e5,rfc-nosuite,0.9028776978417267,0.98,1.0,0.0,0.0,1.0,,0.9244604316546763,1.0
volcanoes-e5,rfc-nosuite,0.9028776978417267,0.99,1.0,0.0,0.0,0.5683453237410072,,,1.0
volcanoes-e5,rfc-nosuite,0.9028776978417267,0.92,0.5035971223021583,0.0,0.0,1.0,,0.89568345323741,1.0
volcanoes-e5,rfc-nosuite,0.9028776978417267,1.0,0.4244604316546763,0.0,0.0,1.0,,0.8848920863309353,1.0
volcanoes-e5,rfc-nosuite,0.9028776978417267,1.0,1.0,0.0,0.0,0.8633093525179856,,,1.0
volcanoes-e5,rfc-nosuite,0.9028776978417267,0.99,1.0,0.0,0.0,0.37050359712230213,,0.9064748201438849,1.0
volcanoes-e5,rfc-nosuite,0.9028776978417267,0.93,1.0,0.0,0.0,1.0,,,1.0
volcanoes-e5,rfc-nosuite,0.9028776978417267,0.97,1.0,0.0,0.0,1.0,,,1.0
volcanoes-e5,rfc-nosuite,0.9028776978417267,0.9,1.0,0.0,0.0,1.0,,,1.0
volcanoes-e5,rfc-nosuite,0.9028776978417267,1.0,0.7589928057553957,0.0,0.0,1.0,,0.8920863309352518,1.0
volcanoes-e5,rfc-nosuite,0.9028776978417267,0.95,1.0,0.0,0.0,0.8633093525179856,,,1.0
volcanoes-e5,rfc-nosuite,0.9028776978417267,1.0,1.0,0.0,0.0,1.0,,0.960431654676259,1.0
volcanoes-e5,rfc-nosuite,0.9028776978417267,0.56,0.29856115107913667,0.0,0.0,0.01079136690647482,,0.01079136690647482,1.0
volcanoes-e5,rfc-nosuite,0.9028776978417267,0.98,1.0,0.0,0.0,1.0,,1.0,1.0
volcanoes-e5,rfc-nosuite,0.9028776978417267,0.98,1.0,0.0,0.0,1.0,,,1.0
volcanoes-e5,rfc-nosuite,0.9028776978417267,0.82,0.960431654676259,0.0,0.0,0.24820143884892087,,0.3237410071942446,1.0
volcanoes-e5,rfc-nosuite,0.9028776978417267,0.34,0.15467625899280577,0.0,0.0,0.0035971223021582736,,0.6151079136690647,1.0
volcanoes-e5,rfc-nosuite,0.9028776978417267,0.72,0.3129496402877698,0.0,0.0,1.0,,0.23381294964028776,1.0
volcanoes-e5,rfc-nosuite,0.9028776978417267,0.98,0.3669064748201439,0.0,0.0,1.0,,0.9028776978417267,1.0
volcanoes-e5,rfc-nosuite,0.9028776978417267,1.0,1.0,0.0,0.0,1.0,,,1.0
volcanoes-e5,rfc-nosuite,0.9028776978417267,0.96,1.0,0.0,0.0,0.37050359712230213,,,1.0
volcanoes-e5,rfc-nosuite,0.9028776978417267,1.0,1.0,0.0,0.0,1.0,,,1.0
volcanoes-e5,rfc-nosuite,0.9028776978417267,0.96,0.3381294964028777,0.0,0.0,1.0,,0.8633093525179856,1.0
volcanoes-e5,rfc-nosuite,0.9028776978417267,1.0,1.0,0.0,0.0,0.8633093525179856,,,1.0
volcanoes-e5,rfc-nosuite,0.9028776978417267,1.0,1.0,0.0,0.0,1.0,,0.8812949640287769,1.0
wine-quality-red,rfc-nosuite,0.6625,0.45,0.005,0.0,0.0,0.005,,0.0025,1.0
wine-quality-red,rfc-nosuite,0.6625,0.87,0.0575,0.0,0.0,0.0225,,0.0325,1.0
wine-quality-red,rfc-nosuite,0.6625,0.53,0.0325,0.0,0.0,0.005,,0.005,1.0
wine-quality-red,rfc-nosuite,0.6625,0.49,0.015,0.0,0.0,0.0025,,0.0025,1.0
wine-quality-red,rfc-nosuite,0.6625,0.68,0.145,0.0,0.0,0.175,,0.1025,1.0
wine-quality-red,rfc-nosuite,0.6625,0.55,0.055,0.0,0.0,0.02,,0.255,1.0
wine-quality-red,rfc-nosuite,0.6625,0.73,0.015,0.0,0.0,0.015,,0.055,1.0
wine-quality-red,rfc-nosuite,0.6625,0.55,0.1925,0.0,0.0,0.1275,,0.0625,1.0
wine-quality-red,rfc-nosuite,0.6625,0.55,0.0175,0.0,0.0,0.0075,,0.0025,1.0
wine-quality-red,rfc-nosuite,0.6625,0.44,0.01,0.0,0.0,0.0075,,0.0025,1.0
wine-quality-red,rfc-nosuite,0.6625,0.63,0.015,0.0,0.0,0.04,,0.325,1.0
wine-quality-red,rfc-nosuite,0.6625,0.44,0.055,0.0,0.0,0.0025,,0.0575,1.0
wine-quality-red,rfc-nosuite,0.6625,0.92,0.01,0.0,0.0,0.1225,,0.335,1.0
wine-quality-red,rfc-nosuite,0.6625,0.51,0.045,0.0,0.0,0.015,,0.0825,1.0
wine-quality-red,rfc-nosuite,0.6625,0.98,0.06,0.0,0.0,0.1,,0.495,1.0
wine-quality-red,rfc-nosuite,0.6625,0.54,0.035,0.0,0.0,0.015,,0.2,1.0
wine-quality-red,rfc-nosuite,0.6625,0.45,0.005,0.0,0.0,0.01,,0.2425,1.0
wine-quality-red,rfc-nosuite,0.6625,0.7,0.025,0.0,0.0,0.01,,0.0775,1.0
wine-quality-red,rfc-nosuite,0.6625,0.46,0.0075,0.0,0.0,0.0225,,0.23,1.0
wine-quality-red,rfc-nosuite,0.6625,0.65,0.01,0.0,0.0,0.0025,,0.0025,1.0
wine-quality-red,rfc-nosuite,0.6625,0.88,0.0525,0.0,0.0,0.055,,0.0925,1.0
wine-quality-red,rfc-nosuite,0.6625,0.43,0.005,0.0,0.0,0.0025,,0.0025,1.0
wine-quality-red,rfc-nosuite,0.6625,0.67,0.1875,0.0,0.0,0.0375,,0.1375,1.0
wine-quality-red,rfc-nosuite,0.6625,0.58,0.1675,0.0,0.0,0.0125,,0.1575,1.0
wine-quality-red,rfc-nosuite,0.6625,0.71,0.0125,0.0,0.0,0.085,,0.235,1.0
wine-quality-red,rfc-nosuite,0.6625,0.43,0.025,0.0,0.0,0.0075,,0.04,1.0
wine-quality-red,rfc-nosuite,0.6625,0.54,0.01,0.0,0.0,0.0675,,0.145,1.0
wine-quality-red,rfc-nosuite,0.6625,0.67,0.04,0.0,0.0,0.1325,,0.3075,1.0
wine-quality-red,rfc-nosuite,0.6625,0.76,0.0475,0.0,0.0,0.025,,0.33,1.0
wine-quality-red,rfc-nosuite,0.6625,0.6,0.065,0.0,0.0,0.2025,,0.295,1.0
wine-quality-red,rfc-nosuite,0.6625,0.79,0.2225,0.0,0.0,0.065,,0.3725,1.0
wine-quality-red,rfc-nosuite,0.6625,0.53,0.075,0.0,0.0,0.0425,,0.3675,1.0
wine-quality-red,rfc-nosuite,0.6625,0.36,0.005,0.0,0.0,0.005,,0.0025,1.0
wine-quality-red,rfc-nosuite,0.6625,0.39,0.0075,0.0,0.0,0.0025,,0.005,1.0
wine-quality-red,rfc-nosuite,0.6625,0.54,0.015,0.0,0.0,0.0075,,0.0075,1.0
wine-quality-red,rfc-nosuite,0.6625,0.51,0.0125,0.0,0.0,0.0075,,0.0325,1.0
wine-quality-red,rfc-nosuite,0.6625,0.96,0.0875,0.0,0.0,0.0625,,0.1075,1.0
wine-quality-red,rfc-nosuite,0.6625,0.33,0.0575,0.0,0.0,0.0075,,0.01,1.0
wine-quality-red,rfc-nosuite,0.6625,0.67,0.085,0.0,0.0,0.0825,,0.1775,1.0
wine-quality-red,rfc-nosuite,0.6625,0.49,0.0775,0.0,0.0,0.005,,0.28,1.0
wine-quality-red,rfc-nosuite,0.6625,0.35,0.0175,0.0,0.0,0.01,,0.015,1.0
wine-quality-red,rfc-nosuite,0.6625,0.64,0.0125,0.0,0.0,0.1075,,0.2275,1.0
wine-quality-red,rfc-nosuite,0.6625,0.63,0.015,0.0,0.0,0.005,,0.005,1.0
wine-quality-red,rfc-nosuite,0.6625,0.93,0.0075,0.0,0.0,0.02,,0.2275,1.0
wine-quality-red,rfc-nosuite,0.6625,0.86,0.005,0.0,0.0,0.035,,0.26,1.0
wine-quality-red,rfc-nosuite,0.6625,0.44,0.0125,0.0,0.0,0.0175,,0.0075,1.0
wine-quality-red,rfc-nosuite,0.6625,0.54,0.125,0.0,0.0,0.055,,0.2525,1.0
wine-quality-red,rfc-nosuite,0.6625,0.38,0.0125,0.0,0.0,0.005,,0.0175,1.0
wine-quality-red,rfc-nosuite,0.6625,0.52,0.0025,0.0,0.0,0.005,,0.015,1.0
wine-quality-red,rfc-nosuite,0.6625,0.51,0.05,0.0,0.0,0.0475,,0.2425,1.0
yeast,rfc-nosuite,0.6091644204851752,0.44,0.02425876010781671,0.0,0.0,0.05121293800539083,,0.07277628032345014,1.0
yeast,rfc-nosuite,0.6091644204851752,0.8,0.0215633423180593,0.0,0.0,0.029649595687331536,,0.1293800539083558,1.0
yeast,rfc-nosuite,0.6091644204851752,0.69,0.029649595687331536,0.0,0.0,0.0026954177897574125,,0.0889487870619946,1.0
yeast,rfc-nosuite,0.6091644204851752,0.76,0.11590296495956873,0.0,0.0,0.018867924528301886,,0.14824797843665768,1.0
yeast,rfc-nosuite,0.6091644204851752,0.83,0.08086253369272237,0.0,0.0,0.016172506738544475,,0.1078167115902965,1.0
yeast,rfc-nosuite,0.6091644204851752,0.4,0.04582210242587601,0.0,0.0,0.01078167115902965,,0.0026954177897574125,1.0
yeast,rfc-nosuite,0.6091644204851752,0.7,0.0215633423180593,0.0,0.0,0.016172506738544475,,0.15633423180592992,1.0
yeast,rfc-nosuite,0.6091644204851752,0.52,0.026954177897574125,0.0,0.0,0.013477088948787063,,0.013477088948787063,1.0
yeast,rfc-nosuite,0.6091644204851752,0.53,0.018867924528301886,0.0,0.0,0.008086253369272238,,0.008086253369272238,1.0
yeast,rfc-nosuite,0.6091644204851752,0.76,0.07547169811320754,0.0,0.0,0.08086253369272237,,0.3584905660377358,1.0
yeast,rfc-nosuite,0.6091644204851752,0.79,0.09164420485175202,0.0,0.0,0.01078167115902965,,0.14016172506738545,1.0
yeast,rfc-nosuite,0.6091644204851752,0.84,0.03234501347708895,0.0,0.0,0.016172506738544475,,0.15363881401617252,1.0
yeast,rfc-nosuite,0.6091644204851752,0.7,0.06199460916442048,0.0,0.0,0.0862533692722372,,0.0431266846361186,1.0
yeast,rfc-nosuite,0.6091644204851752,0.47,0.0215633423180593,0.0,0.0,0.005390835579514825,,0.016172506738544475,1.0
yeast,rfc-nosuite,0.6091644204851752,0.81,0.1105121293800539,0.0,0.0,0.0215633423180593,,0.14824797843665768,1.0
yeast,rfc-nosuite,0.6091644204851752,0.51,0.03773584905660377,0.0,0.0,0.005390835579514825,,0.1967654986522911,1.0
yeast,rfc-nosuite,0.6091644204851752,0.48,0.01078167115902965,0.0,0.0,0.05660377358490566,,0.08086253369272237,1.0
yeast,rfc-nosuite,0.6091644204851752,0.73,0.013477088948787063,0.0,0.0,0.01078167115902965,,0.02425876010781671,1.0
yeast,rfc-nosuite,0.6091644204851752,0.59,0.0215633423180593,0.0,0.0,0.03234501347708895,,0.029649595687331536,1.0
yeast,rfc-nosuite,0.6091644204851752,0.64,0.016172506738544475,0.0,0.0,0.013477088948787063,,0.18059299191374664,1.0
yeast,rfc-nosuite,0.6091644204851752,0.78,0.04043126684636118,0.0,0.0,0.01078167115902965,,0.15902964959568733,1.0
yeast,rfc-nosuite,0.6091644204851752,0.77,0.008086253369272238,0.0,0.0,0.01078167115902965,,0.08355795148247978,1.0
yeast,rfc-nosuite,0.6091644204851752,0.73,0.07547169811320754,0.0,0.0,0.026954177897574125,,0.09164420485175202,1.0
yeast,rfc-nosuite,0.6091644204851752,0.42,0.005390835579514825,0.0,0.0,0.026954177897574125,,0.1752021563342318,1.0
yeast,rfc-nosuite,0.6091644204851752,0.52,0.04851752021563342,0.0,0.0,0.008086253369272238,,0.09973045822102426,1.0
yeast,rfc-nosuite,0.6091644204851752,0.49,0.018867924528301886,0.0,0.0,0.02425876010781671,,0.29110512129380056,1.0
yeast,rfc-nosuite,0.6091644204851752,0.5,0.013477088948787063,0.0,0.0,0.0026954177897574125,,0.026954177897574125,1.0
yeast,rfc-nosuite,0.6091644204851752,0.66,0.013477088948787063,0.0,0.0,0.01078167115902965,,0.0889487870619946,1.0
yeast,rfc-nosuite,0.6091644204851752,0.89,0.03504043126684636,0.0,0.0,0.0215633423180593,,0.1725067385444744,1.0
yeast,rfc-nosuite,0.6091644204851752,0.64,0.008086253369272238,0.0,0.0,0.016172506738544475,,0.029649595687331536,1.0
yeast,rfc-nosuite,0.6091644204851752,0.44,0.029649595687331536,0.0,0.0,0.03504043126684636,,0.16442048517520216,1.0
yeast,rfc-nosuite,0.6091644204851752,0.76,0.0431266846361186,0.0,0.0,0.04851752021563342,,0.15902964959568733,1.0
yeast,rfc-nosuite,0.6091644204851752,0.32,0.013477088948787063,0.0,0.0,0.0026954177897574125,,0.0431266846361186,1.0
yeast,rfc-nosuite,0.6091644204851752,0.4,0.02425876010781671,0.0,0.0,0.0026954177897574125,,0.005390835579514825,1.0
yeast,rfc-nosuite,0.6091644204851752,0.6,0.05660377358490566,0.0,0.0,0.013477088948787063,,0.1967654986522911,1.0
yeast,rfc-nosuite,0.6091644204851752,0.48,0.05929919137466307,0.0,0.0,0.09164420485175202,,0.07277628032345014,1.0
yeast,rfc-nosuite,0.6091644204851752,0.53,0.0215633423180593,0.0,0.0,0.016172506738544475,,0.01078167115902965,1.0
yeast,rfc-nosuite,0.6091644204851752,0.94,0.029649595687331536,0.0,0.0,0.0215633423180593,,0.13746630727762804,1.0
yeast,rfc-nosuite,0.6091644204851752,0.8,0.029649595687331536,0.0,0.0,0.03773584905660377,,0.11590296495956873,1.0
yeast,rfc-nosuite,0.6091644204851752,0.34,0.03773584905660377,0.0,0.0,0.029649595687331536,,0.21293800539083557,1.0
yeast,rfc-nosuite,0.6091644204851752,0.61,0.0673854447439353,0.0,0.0,0.05121293800539083,,0.0889487870619946,1.0
yeast,rfc-nosuite,0.6091644204851752,0.52,0.07547169811320754,0.0,0.0,0.008086253369272238,,0.08355795148247978,1.0
yeast,rfc-nosuite,0.6091644204851752,0.45,0.013477088948787063,0.0,0.0,0.016172506738544475,,0.0673854447439353,1.0
yeast,rfc-nosuite,0.6091644204851752,0.51,0.008086253369272238,0.0,0.0,0.0026954177897574125,,0.005390835579514825,1.0
yeast,rfc-nosuite,0.6091644204851752,0.67,0.05929919137466307,0.0,0.0,0.016172506738544475,,0.14824797843665768,1.0
yeast,rfc-nosuite,0.6091644204851752,0.64,0.40161725067385445,0.0,0.0,0.05660377358490566,,0.1940700808625337,1.0
yeast,rfc-nosuite,0.6091644204851752,0.5,0.07547169811320754,0.0,0.0,0.05660377358490566,,0.16442048517520216,1.0
yeast,rfc-nosuite,0.6091644204851752,0.6,0.01078167115902965,0.0,0.0,0.02425876010781671,,0.11320754716981132,1.0
yeast,rfc-nosuite,0.6091644204851752,0.73,0.07277628032345014,0.0,0.0,0.026954177897574125,,0.1347708894878706,1.0
yeast,rfc-nosuite,0.6091644204851752,0.9,0.14285714285714285,0.0,0.0,0.05660377358490566,,0.24528301886792453,1.0
rmftsa,rfc-nosuite,0.50390625,0.3573333333333333,0.08984375,0.0,0.0,0.39453125,0.34765625,0.1640625,1.0
rmftsa,rfc-nosuite,0.50390625,0.4523571428571429,0.2890625,0.0,0.0,0.1171875,0.27734375,0.20703125,1.0
rmftsa,rfc-nosuite,0.50390625,0.685,0.50390625,0.0,0.0,0.4921875,0.22265625,0.05078125,1.0
rmftsa,rfc-nosuite,0.50390625,0.825,0.47265625,0.0,0.0,0.046875,0.046875,0.0390625,1.0
rmftsa,rfc-nosuite,0.50390625,0.6215396825396823,0.7109375,0.0,0.0,0.75390625,0.2265625,0.41796875,1.0
rmftsa,rfc-nosuite,0.50390625,0.833060162060162,0.18359375,0.0,0.0,0.24609375,0.234375,0.234375,1.0
rmftsa,rfc-nosuite,0.50390625,0.2887738095238095,0.12109375,0.0,0.0,0.01953125,0.01953125,0.2421875,1.0
rmftsa,rfc-nosuite,0.50390625,0.8775354922854918,0.26953125,0.0,0.0,0.26953125,0.1640625,0.703125,1.0
rmftsa,rfc-nosuite,0.50390625,0.8113809523809523,0.0234375,0.0,0.0,0.01953125,0.1328125,0.01953125,1.0
rmftsa,rfc-nosuite,0.50390625,0.5523730158730159,0.453125,0.0,0.0,0.26953125,0.1640625,0.26953125,1.0
rmftsa,rfc-nosuite,0.50390625,1.0,0.61328125,0.0,0.0,0.3671875,0.19921875,0.2265625,1.0
rmftsa,rfc-nosuite,0.50390625,0.6062619047619048,0.21484375,0.0,0.0,0.03515625,0.29296875,0.21484375,1.0
rmftsa,rfc-nosuite,0.50390625,0.9257142857142857,0.09765625,0.0,0.0,0.09765625,0.1328125,0.078125,1.0
rmftsa,rfc-nosuite,0.50390625,0.6973333333333334,0.10546875,0.0,0.0,0.1328125,0.29296875,0.06640625,1.0
rmftsa,rfc-nosuite,0.50390625,0.6722097902097899,0.453125,0.0,0.0,0.33984375,0.34765625,0.26953125,1.0
rmftsa,rfc-nosuite,0.50390625,0.36135714285714293,0.09765625,0.0,0.0,0.09765625,0.10546875,0.05078125,1.0
rmftsa,rfc-nosuite,0.50390625,0.5246666666666665,0.10546875,0.0,0.0,0.4375,0.2578125,0.0703125,1.0
rmftsa,rfc-nosuite,0.50390625,0.5523730158730159,0.453125,0.0,0.0,0.26953125,0.1640625,0.23828125,1.0
rmftsa,rfc-nosuite,0.50390625,0.695,0.06640625,0.0,0.0,0.10546875,0.05078125,0.08984375,1.0
rmftsa,rfc-nosuite,0.50390625,0.9804999999999999,0.7109375,0.0,0.0,0.328125,0.34765625,0.7109375,1.0
rmftsa,rfc-nosuite,0.50390625,0.5812557720057718,0.08984375,0.0,0.0,0.0390625,0.37890625,0.13671875,1.0
rmftsa,rfc-nosuite,0.50390625,0.43099999999999994,0.2578125,0.0,0.0,0.16796875,0.12109375,0.10546875,1.0
rmftsa,rfc-nosuite,0.50390625,0.5475,0.16796875,0.0,0.0,0.64453125,0.18359375,0.20703125,1.0
rmftsa,rfc-nosuite,0.50390625,0.7112583527583526,0.75390625,0.0,0.0,0.44140625,0.2265625,0.48046875,1.0
rmftsa,rfc-nosuite,0.50390625,0.795654761904762,0.28125,0.0,0.0,0.57421875,0.28515625,0.38671875,1.0
rmftsa,rfc-nosuite,0.50390625,0.79,0.50390625,0.0,0.0,0.50390625,0.29296875,0.01171875,1.0
rmftsa,rfc-nosuite,0.50390625,0.4893333333333333,0.046875,0.0,0.0,0.00390625,0.16015625,0.00390625,1.0
rmftsa,rfc-nosuite,0.50390625,0.53,0.09765625,0.0,0.0,0.01171875,0.015625,0.34765625,1.0
rmftsa,rfc-nosuite,0.50390625,0.41562698412698423,0.01953125,0.0,0.0,0.0390625,0.28125,0.078125,1.0
rmftsa,rfc-nosuite,0.50390625,0.6774047619047618,0.89453125,0.0,0.0,0.66015625,0.1328125,0.046875,1.0
rmftsa,rfc-nosuite,0.50390625,0.6733194305694304,0.11328125,0.0,0.0,0.73828125,0.28515625,0.296875,1.0
rmftsa,rfc-nosuite,0.50390625,0.3471666666666666,0.09765625,0.0,0.0,0.453125,0.078125,0.13671875,1.0
rmftsa,rfc-nosuite,0.50390625,0.6973333333333334,0.10546875,0.0,0.0,0.1328125,0.59765625,0.03515625,1.0
rmftsa,rfc-nosuite,0.50390625,0.509,0.2890625,0.0,0.0,0.03125,0.03125,0.0703125,1.0
rmftsa,rfc-nosuite,0.50390625,0.7043095238095237,0.078125,0.0,0.0,0.83203125,0.28125,0.171875,1.0
rmftsa,rfc-nosuite,0.50390625,0.53,0.0546875,0.0,0.0,0.02734375,0.21484375,0.0078125,1.0
rmftsa,rfc-nosuite,0.50390625,0.49807142857142866,0.61328125,0.0,0.0,0.5234375,0.28125,0.2265625,1.0
rmftsa,rfc-nosuite,0.50390625,0.98,0.28125,0.0,0.0,0.28125,0.015625,0.0390625,1.0
rmftsa,rfc-nosuite,0.50390625,0.5601212121212121,0.6640625,0.0,0.0,0.5546875,0.42578125,0.24609375,1.0
rmftsa,rfc-nosuite,0.50390625,0.82,0.27734375,0.0,0.0,0.22265625,0.12109375,0.22265625,1.0
rmftsa,rfc-nosuite,0.50390625,0.5005,0.06640625,0.0,0.0,0.34765625,0.16796875,0.27734375,1.0
rmftsa,rfc-nosuite,0.50390625,0.5246666666666667,0.06640625,0.0,0.0,0.16796875,0.25390625,0.046875,1.0
rmftsa,rfc-nosuite,0.50390625,0.74,0.07421875,0.0,0.0,0.921875,0.2421875,0.24609375,1.0
rmftsa,rfc-nosuite,0.50390625,0.72,0.578125,0.0,0.0,0.4296875,0.53125,0.0859375,1.0
rmftsa,rfc-nosuite,0.50390625,0.904,0.28125,0.0,0.0,0.01953125,0.0390625,0.2890625,1.0
rmftsa,rfc-nosuite,0.50390625,0.5523730158730159,0.453125,0.0,0.0,0.26953125,0.45703125,0.26953125,1.0
rmftsa,rfc-nosuite,0.50390625,0.74,0.07421875,0.0,0.0,0.921875,0.125,0.2421875,1.0
rmftsa,rfc-nosuite,0.50390625,0.675,0.0546875,0.0,0.0,0.05859375,0.09765625,0.1640625,1.0
rmftsa,rfc-nosuite,0.50390625,0.85,0.05078125,0.0,0.0,0.0390625,0.046875,0.203125,1.0
rmftsa,rfc-nosuite,0.50390625,0.6955833333333333,0.16796875,0.0,0.0,0.33984375,0.24609375,0.06640625,1.0
banknote-authentication,rfc-nosuite,0.9941690962099126,1.0,1.0,0.0,0.0,0.2565597667638484,0.5014577259475219,0.3498542274052478,1.0
banknote-authentication,rfc-nosuite,0.9941690962099126,1.0,1.0,0.0,0.0,0.3206997084548105,0.33819241982507287,0.4489795918367347,1.0
banknote-authentication,rfc-nosuite,0.9941690962099126,0.98,1.0,0.0,0.0,0.2594752186588921,0.4956268221574344,0.24489795918367346,1.0
banknote-authentication,rfc-nosuite,0.9941690962099126,0.99,0.4897959183673469,0.0,0.0,0.21865889212827988,0.33819241982507287,0.26822157434402333,1.0
banknote-authentication,rfc-nosuite,0.9941690962099126,1.0,0.8104956268221575,0.0,0.0,0.5306122448979592,0.37026239067055394,0.2536443148688047,1.0
banknote-authentication,rfc-nosuite,0.9941690962099126,1.0,0.2594752186588921,0.0,0.0,0.2915451895043732,0.30612244897959184,0.30612244897959184,1.0
banknote-authentication,rfc-nosuite,0.9941690962099126,0.97,0.6967930029154519,0.0,0.0,0.16326530612244897,0.3323615160349854,0.24198250728862974,1.0
banknote-authentication,rfc-nosuite,0.9941690962099126,1.0,1.0,0.0,0.0,0.3206997084548105,0.34402332361516036,0.3469387755102041,1.0
banknote-authentication,rfc-nosuite,0.9941690962099126,1.0,0.6676384839650146,0.0,0.0,0.4198250728862974,0.18075801749271136,0.3206997084548105,1.0
banknote-authentication,rfc-nosuite,0.9941690962099126,1.0,1.0,0.0,0.0,0.34110787172011664,0.34110787172011664,0.3848396501457726,1.0
banknote-authentication,rfc-nosuite,0.9941690962099126,0.92,0.7084548104956269,0.0,0.0,0.09620991253644315,0.061224489795918366,0.05539358600583091,1.0
banknote-authentication,rfc-nosuite,0.9941690962099126,1.0,1.0,0.0,0.0,0.4402332361516035,0.37026239067055394,0.521865889212828,1.0
banknote-authentication,rfc-nosuite,0.9941690962099126,0.99,1.0,0.0,0.0,0.2565597667638484,0.33527696793002915,0.40816326530612246,1.0
banknote-authentication,rfc-nosuite,0.9941690962099126,1.0,1.0,0.0,0.0,0.17201166180758018,0.6618075801749271,0.239067055393586,1.0
banknote-authentication,rfc-nosuite,0.9941690962099126,1.0,1.0,0.0,0.0,0.15451895043731778,0.10787172011661808,0.23323615160349853,1.0
banknote-authentication,rfc-nosuite,0.9941690962099126,0.99,0.3323615160349854,0.0,0.0,0.09037900874635568,0.12536443148688048,0.18950437317784258,1.0
banknote-authentication,rfc-nosuite,0.9941690962099126,0.99,0.3323615160349854,0.0,0.0,0.09037900874635568,0.08454810495626822,0.2536443148688047,1.0
banknote-authentication,rfc-nosuite,0.9941690962099126,0.99,0.6676384839650146,0.0,0.0,0.3119533527696793,0.09037900874635568,0.19825072886297376,1.0
banknote-authentication,rfc-nosuite,0.9941690962099126,0.99,1.0,0.0,0.0,0.33819241982507287,0.33819241982507287,0.30029154518950435,1.0
banknote-authentication,rfc-nosuite,0.9941690962099126,1.0,1.0,0.0,0.0,0.3848396501457726,0.2478134110787172,0.35276967930029157,1.0
banknote-authentication,rfc-nosuite,0.9941690962099126,1.0,0.8688046647230321,0.0,0.0,0.6763848396501457,0.30612244897959184,0.358600583090379,1.0
banknote-authentication,rfc-nosuite,0.9941690962099126,0.99,0.20699708454810495,0.0,0.0,0.2478134110787172,0.3498542274052478,0.22740524781341107,1.0
banknote-authentication,rfc-nosuite,0.9941690962099126,0.99,1.0,0.0,0.0,0.33819241982507287,0.30612244897959184,0.36151603498542273,1.0
banknote-authentication,rfc-nosuite,0.9941690962099126,0.99,1.0,0.0,0.0,0.5510204081632653,0.30903790087463556,0.4489795918367347,1.0
banknote-authentication,rfc-nosuite,0.9941690962099126,0.76,0.6618075801749271,0.0,0.0,0.037900874635568516,0.0728862973760933,0.029154518950437316,1.0
banknote-authentication,rfc-nosuite,0.9941690962099126,1.0,1.0,0.0,0.0,0.33819241982507287,0.30612244897959184,0.35276967930029157,1.0
banknote-authentication,rfc-nosuite,0.9941690962099126,1.0,1.0,0.0,0.0,0.10495626822157435,0.03206997084548105,0.2536443148688047,1.0
banknote-authentication,rfc-nosuite,0.9941690962099126,1.0,1.0,0.0,0.0,0.40524781341107874,0.26239067055393583,0.4489795918367347,1.0
banknote-authentication,rfc-nosuite,0.9941690962099126,0.98,0.33819241982507287,0.0,0.0,0.33819241982507287,0.30612244897959184,0.32653061224489793,1.0
banknote-authentication,rfc-nosuite,0.9941690962099126,0.99,1.0,0.0,0.0,0.4606413994169096,0.07871720116618076,0.3469387755102041,1.0
banknote-authentication,rfc-nosuite,0.9941690962099126,0.98,1.0,0.0,0.0,0.2303206997084548,0.3498542274052478,0.2594752186588921,1.0
banknote-authentication,rfc-nosuite,0.9941690962099126,1.0,1.0,0.0,0.0,0.3119533527696793,0.2478134110787172,0.3469387755102041,1.0
banknote-authentication,rfc-nosuite,0.9941690962099126,0.93,0.3032069970845481,0.0,0.0,0.061224489795918366,0.023323615160349854,0.061224489795918366,1.0
banknote-authentication,rfc-nosuite,0.9941690962099126,1.0,1.0,0.0,0.0,0.3498542274052478,0.46647230320699706,0.32653061224489793,1.0
banknote-authentication,rfc-nosuite,0.9941690962099126,0.97,0.42857142857142855,0.0,0.0,0.20699708454810495,0.3848396501457726,0.23615160349854228,1.0
banknote-authentication,rfc-nosuite,0.9941690962099126,1.0,1.0,0.0,0.0,0.4110787172011662,0.07871720116618076,0.35276967930029157,1.0
banknote-authentication,rfc-nosuite,0.9941690962099126,1.0,1.0,0.0,0.0,0.4198250728862974,0.3323615160349854,0.3673469387755102,1.0
banknote-authentication,rfc-nosuite,0.9941690962099126,1.0,1.0,0.0,0.0,0.24198250728862974,0.3673469387755102,0.4314868804664723,1.0
banknote-authentication,rfc-nosuite,0.9941690962099126,0.98,1.0,0.0,0.0,0.16034985422740525,0.27696793002915454,0.30612244897959184,1.0
banknote-authentication,rfc-nosuite,0.9941690962099126,0.99,1.0,0.0,0.0,0.358600583090379,0.08746355685131195,0.43731778425655976,1.0
banknote-authentication,rfc-nosuite,0.9941690962099126,1.0,1.0,0.0,0.0,0.36151603498542273,0.30029154518950435,0.42565597667638483,1.0
banknote-authentication,rfc-nosuite,0.9941690962099126,1.0,0.30029154518950435,0.0,0.0,0.6005830903790087,0.3032069970845481,0.3119533527696793,1.0
banknote-authentication,rfc-nosuite,0.9941690962099126,0.72,0.6618075801749271,0.0,0.0,0.03206997084548105,0.0058309037900874635,0.026239067055393587,1.0
banknote-authentication,rfc-nosuite,0.9941690962099126,0.97,0.2478134110787172,0.0,0.0,0.4198250728862974,0.03206997084548105,0.10204081632653061,1.0
banknote-authentication,rfc-nosuite,0.9941690962099126,0.99,1.0,0.0,0.0,0.1749271137026239,0.4110787172011662,0.2653061224489796,1.0
banknote-authentication,rfc-nosuite,0.9941690962099126,1.0,0.6676384839650146,0.0,0.0,0.4139941690962099,0.40524781341107874,0.27113702623906705,1.0
banknote-authentication,rfc-nosuite,0.9941690962099126,1.0,1.0,0.0,0.0,0.4139941690962099,0.2886297376093295,0.37026239067055394,1.0
banknote-authentication,rfc-nosuite,0.9941690962099126,0.99,0.5043731778425656,0.0,0.0,0.20116618075801748,0.29737609329446063,0.3556851311953353,1.0
banknote-authentication,rfc-nosuite,0.9941690962099126,0.99,1.0,0.0,0.0,0.33819241982507287,0.2594752186588921,0.3848396501457726,1.0
banknote-authentication,rfc-nosuite,0.9941690962099126,0.92,0.01749271137026239,0.0,0.0,0.1836734693877551,0.01749271137026239,0.09037900874635568,1.0
volcanoes-a2,rfc-nosuite,0.9310344827586207,0.92,0.37438423645320196,0.0,0.0,0.312807881773399,0.8152709359605911,,1.0
volcanoes-a2,rfc-nosuite,0.9310344827586207,0.99,0.30295566502463056,0.0,0.0,0.034482758620689655,0.8719211822660099,,1.0
volcanoes-a2,rfc-nosuite,0.9310344827586207,1.0,1.0,0.0,0.0,1.0,0.5911330049261084,0.9605911330049262,1.0
volcanoes-a2,rfc-nosuite,0.9310344827586207,0.97,1.0,0.0,0.0,0.6551724137931034,0.8251231527093597,,1.0
volcanoes-a2,rfc-nosuite,0.9310344827586207,0.83,0.8423645320197044,0.0,0.0,1.0,0.45320197044334976,,1.0
volcanoes-a2,rfc-nosuite,0.9310344827586207,1.0,1.0,0.0,0.0,1.0,0.9137931034482759,0.9532019704433498,1.0
volcanoes-a2,rfc-nosuite,0.9310344827586207,0.9,1.0,0.0,0.0,0.6551724137931034,0.6403940886699507,0.9310344827586207,1.0
volcanoes-a2,rfc-nosuite,0.9310344827586207,0.98,1.0,0.0,0.0,0.229064039408867,0.45073891625615764,,1.0
volcanoes-a2,rfc-nosuite,0.9310344827586207,0.97,1.0,0.0,0.0,0.5,0.854679802955665,0.9137931034482759,1.0
volcanoes-a2,rfc-nosuite,0.9310344827586207,1.0,1.0,0.0,0.0,0.8423645320197044,0.9014778325123153,0.9137931034482759,1.0
volcanoes-a2,rfc-nosuite,0.9310344827586207,0.7,0.0049261083743842365,0.0,0.0,0.23891625615763548,0.019704433497536946,0.2561576354679803,1.0
volcanoes-a2,rfc-nosuite,0.9310344827586207,1.0,1.0,0.0,0.0,0.34236453201970446,0.5911330049261084,0.8768472906403941,1.0
volcanoes-a2,rfc-nosuite,0.9310344827586207,0.61,0.4482758620689655,0.0,0.0,0.9532019704433498,0.007389162561576354,0.20689655172413793,1.0
volcanoes-a2,rfc-nosuite,0.9310344827586207,0.76,0.9137931034482759,0.0,0.0,0.9261083743842364,0.5467980295566502,0.9310344827586207,1.0
volcanoes-a2,rfc-nosuite,0.9310344827586207,0.91,1.0,0.0,0.0,0.6527093596059114,0.8251231527093597,,1.0
volcanoes-a2,rfc-nosuite,0.9310344827586207,1.0,1.0,0.0,0.0,0.4064039408866995,0.7266009852216748,0.9137931034482759,1.0
volcanoes-a2,rfc-nosuite,0.9310344827586207,0.99,1.0,0.0,0.0,0.26108374384236455,0.5394088669950738,0.9211822660098522,1.0
volcanoes-a2,rfc-nosuite,0.9310344827586207,0.96,1.0,0.0,0.0,0.9137931034482759,0.9187192118226601,0.9088669950738916,1.0
volcanoes-a2,rfc-nosuite,0.9310344827586207,1.0,1.0,0.0,0.0,1.0,0.874384236453202,,1.0
volcanoes-a2,rfc-nosuite,0.9310344827586207,1.0,1.0,0.0,0.0,1.0,0.7635467980295566,0.9334975369458128,1.0
volcanoes-a2,rfc-nosuite,0.9310344827586207,1.0,1.0,0.0,0.0,0.034482758620689655,0.854679802955665,,1.0
volcanoes-a2,rfc-nosuite,0.9310344827586207,0.95,1.0,0.0,0.0,1.0,0.916256157635468,0.9014778325123153,1.0
volcanoes-a2,rfc-nosuite,0.9310344827586207,0.98,1.0,0.0,0.0,0.8201970443349754,0.8374384236453202,0.9532019704433498,1.0
volcanoes-a2,rfc-nosuite,0.9310344827586207,1.0,0.7512315270935961,0.0,0.0,1.0,0.8669950738916257,,1.0
volcanoes-a2,rfc-nosuite,0.9310344827586207,0.99,1.0,0.0,0.0,0.034482758620689655,0.9014778325123153,0.9532019704433498,1.0
volcanoes-a2,rfc-nosuite,0.9310344827586207,1.0,1.0,0.0,0.0,1.0,0.8374384236453202,,1.0
volcanoes-a2,rfc-nosuite,0.9310344827586207,1.0,1.0,0.0,0.0,0.41625615763546797,0.8842364532019704,,1.0
volcanoes-a2,rfc-nosuite,0.9310344827586207,0.94,1.0,0.0,0.0,0.8423645320197044,0.5517241379310345,,1.0
volcanoes-a2,rfc-nosuite,0.9310344827586207,0.91,1.0,0.0,0.0,0.874384236453202,0.6502463054187192,0.874384236453202,1.0
volcanoes-a2,rfc-nosuite,0.9310344827586207,1.0,1.0,0.0,0.0,0.8842364532019704,0.8423645320197044,0.9630541871921182,1.0
volcanoes-a2,rfc-nosuite,0.9310344827586207,1.0,1.0,0.0,0.0,1.0,0.8571428571428571,,1.0
volcanoes-a2,rfc-nosuite,0.9310344827586207,1.0,1.0,0.0,0.0,0.7955665024630542,0.8275862068965517,,1.0
volcanoes-a2,rfc-nosuite,0.9310344827586207,0.99,1.0,0.0,0.0,0.8177339901477833,0.7783251231527094,0.9679802955665024,1.0
volcanoes-a2,rfc-nosuite,0.9310344827586207,1.0,1.0,0.0,0.0,0.8251231527093597,0.41133004926108374,0.9334975369458128,1.0
volcanoes-a2,rfc-nosuite,0.9310344827586207,1.0,1.0,0.0,0.0,0.14532019704433496,0.874384236453202,,1.0
volcanoes-a2,rfc-nosuite,0.9310344827586207,1.0,1.0,0.0,0.0,0.6551724137931034,0.7241379310344828,,1.0
volcanoes-a2,rfc-nosuite,0.9310344827586207,1.0,1.0,0.0,0.0,1.0,0.8448275862068966,,1.0
volcanoes-a2,rfc-nosuite,0.9310344827586207,0.41,0.024630541871921183,0.0,0.0,0.012315270935960592,0.019704433497536946,0.014778325123152709,1.0
volcanoes-a2,rfc-nosuite,0.9310344827586207,1.0,1.0,0.0,0.0,1.0,0.7881773399014779,,1.0
volcanoes-a2,rfc-nosuite,0.9310344827586207,0.83,0.8793103448275862,0.0,0.0,0.9137931034482759,0.9137931034482759,0.9137931034482759,1.0
volcanoes-a2,rfc-nosuite,0.9310344827586207,1.0,1.0,0.0,0.0,0.8423645320197044,0.45566502463054187,0.9211822660098522,1.0
volcanoes-a2,rfc-nosuite,0.9310344827586207,1.0,1.0,0.0,0.0,0.7536945812807881,0.8866995073891626,0.9408866995073891,1.0
volcanoes-a2,rfc-nosuite,0.9310344827586207,1.0,1.0,0.0,0.0,1.0,0.5492610837438424,0.9285714285714286,1.0
volcanoes-a2,rfc-nosuite,0.9310344827586207,0.97,1.0,0.0,0.0,0.4187192118226601,0.8054187192118226,0.9556650246305419,1.0
volcanoes-a2,rfc-nosuite,0.9310344827586207,0.99,1.0,0.0,0.0,1.0,0.5197044334975369,0.9630541871921182,1.0
volcanoes-a2,rfc-nosuite,0.9310344827586207,0.88,0.024630541871921183,0.0,0.0,0.9679802955665024,0.019704433497536946,0.30295566502463056,1.0
volcanoes-a2,rfc-nosuite,0.9310344827586207,0.99,1.0,0.0,0.0,0.229064039408867,0.8251231527093597,0.9014778325123153,1.0
volcanoes-a2,rfc-nosuite,0.9310344827586207,0.93,0.9334975369458128,0.0,0.0,1.0,0.6921182266009852,0.9482758620689655,1.0
volcanoes-a2,rfc-nosuite,0.9310344827586207,1.0,1.0,0.0,0.0,0.8349753694581281,0.5369458128078818,0.9236453201970444,1.0
volcanoes-a2,rfc-nosuite,0.9310344827586207,0.98,1.0,0.0,0.0,1.0,0.9137931034482759,0.9236453201970444,1.0
volcanoes-a3,rfc-nosuite,0.889763779527559,0.35,0.023622047244094488,0.0,0.0,0.5853018372703412,0.12860892388451445,0.1889763779527559,1.0
volcanoes-a3,rfc-nosuite,0.889763779527559,1.0,1.0,0.0,0.0,1.0,0.847769028871391,0.9186351706036745,1.0
volcanoes-a3,rfc-nosuite,0.889763779527559,0.4,0.049868766404199474,0.0,0.0,0.03412073490813648,0.02099737532808399,0.023622047244094488,1.0
volcanoes-a3,rfc-nosuite,0.889763779527559,0.99,1.0,0.0,0.0,1.0,0.7821522309711286,0.9396325459317585,1.0
volcanoes-a3,rfc-nosuite,0.889763779527559,1.0,1.0,0.0,0.0,0.30183727034120733,0.7847769028871391,0.9002624671916011,1.0
volcanoes-a3,rfc-nosuite,0.889763779527559,1.0,1.0,0.0,0.0,1.0,0.8372703412073491,0.8740157480314961,1.0
volcanoes-a3,rfc-nosuite,0.889763779527559,1.0,1.0,0.0,0.0,0.6194225721784777,0.5905511811023622,0.9212598425196851,1.0
volcanoes-a3,rfc-nosuite,0.889763779527559,0.98,1.0,0.0,0.0,1.0,0.9002624671916011,,1.0
volcanoes-a3,rfc-nosuite,0.889763779527559,0.94,1.0,0.0,0.0,1.0,0.821522309711286,0.9028871391076115,1.0
volcanoes-a3,rfc-nosuite,0.889763779527559,1.0,1.0,0.0,0.0,1.0,0.8871391076115486,0.9212598425196851,1.0
volcanoes-a3,rfc-nosuite,0.889763779527559,1.0,1.0,0.0,0.0,0.5905511811023622,0.7952755905511811,,1.0
volcanoes-a3,rfc-nosuite,0.889763779527559,0.95,0.8871391076115486,0.0,0.0,0.905511811023622,0.8871391076115486,0.8818897637795275,1.0
volcanoes-a3,rfc-nosuite,0.889763779527559,0.76,1.0,0.0,0.0,1.0,0.6299212598425197,0.931758530183727,1.0
volcanoes-a3,rfc-nosuite,0.889763779527559,0.56,0.031496062992125984,0.0,0.0,0.7296587926509186,0.9028871391076115,0.7401574803149606,1.0
volcanoes-a3,rfc-nosuite,0.889763779527559,0.97,0.8871391076115486,0.0,0.0,0.937007874015748,0.9002624671916011,0.9028871391076115,1.0
volcanoes-a3,rfc-nosuite,0.889763779527559,0.99,1.0,0.0,0.0,0.9291338582677166,0.8976377952755905,0.9212598425196851,1.0
volcanoes-a3,rfc-nosuite,0.889763779527559,0.96,0.7795275590551181,0.0,0.0,0.8241469816272966,0.868766404199475,0.89501312335958,1.0
volcanoes-a3,rfc-nosuite,0.889763779527559,1.0,1.0,0.0,0.0,1.0,0.863517060367454,0.9186351706036745,1.0
volcanoes-a3,rfc-nosuite,0.889763779527559,0.99,1.0,0.0,0.0,0.6246719160104987,0.8766404199475065,0.9002624671916011,1.0
volcanoes-a3,rfc-nosuite,0.889763779527559,0.96,0.7952755905511811,0.0,0.0,0.5328083989501312,0.6272965879265092,0.9291338582677166,1.0
volcanoes-a3,rfc-nosuite,0.889763779527559,1.0,1.0,0.0,0.0,1.0,0.821522309711286,0.9028871391076115,1.0
volcanoes-a3,rfc-nosuite,0.889763779527559,0.92,0.8871391076115486,0.0,0.0,0.8871391076115486,0.8871391076115486,0.9002624671916011,1.0
volcanoes-a3,rfc-nosuite,0.889763779527559,0.99,1.0,0.0,0.0,1.0,0.8188976377952756,,1.0
volcanoes-a3,rfc-nosuite,0.889763779527559,0.77,0.926509186351706,0.0,0.0,0.9422572178477691,0.6430446194225722,0.8267716535433071,1.0
volcanoes-a3,rfc-nosuite,0.889763779527559,0.93,1.0,0.0,0.0,1.0,0.847769028871391,0.8923884514435696,1.0
volcanoes-a3,rfc-nosuite,0.889763779527559,0.99,1.0,0.0,0.0,1.0,0.8110236220472441,,1.0
volcanoes-a3,rfc-nosuite,0.889763779527559,0.55,0.05774278215223097,0.0,0.0,0.9291338582677166,0.2650918635170604,0.926509186351706,1.0
volcanoes-a3,rfc-nosuite,0.889763779527559,0.97,1.0,0.0,0.0,1.0,0.8740157480314961,0.9291338582677166,1.0
volcanoes-a3,rfc-nosuite,0.889763779527559,1.0,1.0,0.0,0.0,0.6272965879265092,0.8976377952755905,0.9658792650918635,1.0
volcanoes-a3,rfc-nosuite,0.889763779527559,0.99,1.0,0.0,0.0,1.0,0.8976377952755905,,1.0
volcanoes-a3,rfc-nosuite,0.889763779527559,1.0,1.0,0.0,0.0,0.30183727034120733,0.7952755905511811,0.9212598425196851,1.0
volcanoes-a3,rfc-nosuite,0.889763779527559,0.99,1.0,0.0,0.0,1.0,0.7532808398950132,0.8923884514435696,1.0
volcanoes-a3,rfc-nosuite,0.889763779527559,0.76,0.926509186351706,0.0,0.0,0.9291338582677166,0.6902887139107612,0.9291338582677166,1.0
volcanoes-a3,rfc-nosuite,0.889763779527559,0.93,1.0,0.0,0.0,0.8871391076115486,0.8871391076115486,0.9186351706036745,1.0
volcanoes-a3,rfc-nosuite,0.889763779527559,1.0,1.0,0.0,0.0,0.30183727034120733,0.863517060367454,,1.0
volcanoes-a3,rfc-nosuite,0.889763779527559,0.86,0.5958005249343832,0.0,0.0,1.0,0.5039370078740157,0.9606299212598425,1.0
volcanoes-a3,rfc-nosuite,0.889763779527559,1.0,0.49343832020997375,0.0,0.0,1.0,0.8372703412073491,0.9396325459317585,1.0
volcanoes-a3,rfc-nosuite,0.889763779527559,0.98,1.0,0.0,0.0,0.3333333333333333,0.8608923884514436,0.9291338582677166,1.0
volcanoes-a3,rfc-nosuite,0.889763779527559,0.97,0.8871391076115486,0.0,0.0,0.05774278215223097,0.8871391076115486,,1.0
volcanoes-a3,rfc-nosuite,0.889763779527559,1.0,1.0,0.0,0.0,0.9396325459317585,0.6299212598425197,0.9343832020997376,1.0
volcanoes-a3,rfc-nosuite,0.889763779527559,0.99,1.0,0.0,0.0,1.0,0.8320209973753281,0.9422572178477691,1.0
volcanoes-a3,rfc-nosuite,0.889763779527559,0.45,0.010498687664041995,0.0,0.0,0.013123359580052493,0.047244094488188976,0.010498687664041995,1.0
volcanoes-a3,rfc-nosuite,0.889763779527559,0.98,1.0,0.0,0.0,1.0,0.8241469816272966,,1.0
volcanoes-a3,rfc-nosuite,0.889763779527559,1.0,1.0,0.0,0.0,0.7795275590551181,0.8320209973753281,0.931758530183727,1.0
volcanoes-a3,rfc-nosuite,0.889763779527559,0.95,1.0,0.0,0.0,0.2677165354330709,0.6167979002624672,0.9291338582677166,1.0
volcanoes-a3,rfc-nosuite,0.889763779527559,0.99,1.0,0.0,0.0,1.0,0.8031496062992126,0.937007874015748,1.0
volcanoes-a3,rfc-nosuite,0.889763779527559,0.94,1.0,0.0,0.0,1.0,0.847769028871391,0.9553805774278216,1.0
volcanoes-a3,rfc-nosuite,0.889763779527559,1.0,1.0,0.0,0.0,0.7952755905511811,0.8582677165354331,0.916010498687664,1.0
volcanoes-a3,rfc-nosuite,0.889763779527559,1.0,1.0,0.0,0.0,1.0,0.7532808398950132,0.9291338582677166,1.0
volcanoes-a3,rfc-nosuite,0.889763779527559,1.0,1.0,0.0,0.0,1.0,0.868766404199475,0.9291338582677166,1.0
volcanoes-a4,rfc-nosuite,0.8891820580474934,1.0,1.0,0.0,0.0,1.0,0.8469656992084432,0.9102902374670184,1.0
volcanoes-a4,rfc-nosuite,0.8891820580474934,1.0,1.0,0.0,0.0,0.16094986807387862,0.8311345646437994,,1.0
volcanoes-a4,rfc-nosuite,0.8891820580474934,0.61,0.07387862796833773,0.0,0.0,0.0079155672823219,0.0079155672823219,0.052770448548812667,1.0
volcanoes-a4,rfc-nosuite,0.8891820580474934,0.95,1.0,0.0,0.0,1.0,0.841688654353562,,1.0
volcanoes-a4,rfc-nosuite,0.8891820580474934,1.0,1.0,0.0,0.0,1.0,0.8812664907651715,0.8891820580474934,1.0
volcanoes-a4,rfc-nosuite,0.8891820580474934,0.57,0.029023746701846966,0.0,0.0,0.19788918205804748,0.055408970976253295,0.31926121372031663,1.0
volcanoes-a4,rfc-nosuite,0.8891820580474934,1.0,1.0,0.0,0.0,1.0,0.8232189973614775,0.9102902374670184,1.0
volcanoes-a4,rfc-nosuite,0.8891820580474934,0.87,0.8918205804749341,0.0,0.0,0.9102902374670184,0.20316622691292877,0.8944591029023746,1.0
volcanoes-a4,rfc-nosuite,0.8891820580474934,0.88,1.0,0.0,0.0,1.0,0.7968337730870713,0.7941952506596306,1.0
volcanoes-a4,rfc-nosuite,0.8891820580474934,1.0,1.0,0.0,0.0,1.0,0.7440633245382586,0.9023746701846965,1.0
volcanoes-a4,rfc-nosuite,0.8891820580474934,1.0,1.0,0.0,0.0,1.0,0.7203166226912929,0.8786279683377308,1.0
volcanoes-a4,rfc-nosuite,0.8891820580474934,0.98,1.0,0.0,0.0,0.6517150395778364,0.8918205804749341,0.9287598944591029,1.0
volcanoes-a4,rfc-nosuite,0.8891820580474934,0.99,1.0,0.0,0.0,1.0,0.8601583113456465,0.8786279683377308,1.0
volcanoes-a4,rfc-nosuite,0.8891820580474934,1.0,1.0,0.0,0.0,1.0,0.7889182058047494,,1.0
volcanoes-a4,rfc-nosuite,0.8891820580474934,1.0,1.0,0.0,0.0,0.8073878627968337,0.5118733509234829,0.9102902374670184,1.0
volcanoes-a4,rfc-nosuite,0.8891820580474934,1.0,1.0,0.0,0.0,1.0,0.8311345646437994,,1.0
volcanoes-a4,rfc-nosuite,0.8891820580474934,1.0,1.0,0.0,0.0,1.0,0.8311345646437994,,1.0
volcanoes-a4,rfc-nosuite,0.8891820580474934,1.0,1.0,0.0,0.0,0.8311345646437994,0.7493403693931399,,1.0
volcanoes-a4,rfc-nosuite,0.8891820580474934,1.0,1.0,0.0,0.0,1.0,0.8839050131926122,0.9234828496042217,1.0
volcanoes-a4,rfc-nosuite,0.8891820580474934,1.0,1.0,0.0,0.0,1.0,0.820580474934037,,1.0
volcanoes-a4,rfc-nosuite,0.8891820580474934,1.0,1.0,0.0,0.0,1.0,0.8153034300791556,0.9313984168865436,1.0
volcanoes-a4,rfc-nosuite,0.8891820580474934,0.39,0.0395778364116095,0.0,0.0,0.0158311345646438,0.005277044854881266,0.005277044854881266,1.0
volcanoes-a4,rfc-nosuite,0.8891820580474934,1.0,1.0,0.0,0.0,1.0,0.762532981530343,0.9498680738786279,1.0
volcanoes-a4,rfc-nosuite,0.8891820580474934,0.98,1.0,0.0,0.0,1.0,0.8153034300791556,,1.0
volcanoes-a4,rfc-nosuite,0.8891820580474934,0.75,0.8759894459102903,0.0,0.0,0.8786279683377308,0.8812664907651715,0.8786279683377308,1.0
volcanoes-a4,rfc-nosuite,0.8891820580474934,1.0,1.0,0.0,0.0,0.20316622691292877,0.8469656992084432,,1.0
volcanoes-a4,rfc-nosuite,0.8891820580474934,1.0,1.0,0.0,0.0,1.0,0.6912928759894459,,1.0
volcanoes-a4,rfc-nosuite,0.8891820580474934,0.32,0.052770448548812667,0.0,0.0,0.013192612137203167,0.0633245382585752,0.021108179419525065,1.0
volcanoes-a4,rfc-nosuite,0.8891820580474934,0.96,1.0,0.0,0.0,0.9868073878627969,0.8786279683377308,0.9287598944591029,1.0
volcanoes-a4,rfc-nosuite,0.8891820580474934,0.84,1.0,0.0,0.0,1.0,0.8733509234828496,0.9393139841688655,1.0
volcanoes-a4,rfc-nosuite,0.8891820580474934,0.62,1.0,0.0,0.0,0.055408970976253295,0.29815303430079154,,1.0
volcanoes-a4,rfc-nosuite,0.8891820580474934,0.99,1.0,0.0,0.0,1.0,0.7968337730870713,0.9076517150395779,1.0
volcanoes-a4,rfc-nosuite,0.8891820580474934,0.83,0.7361477572559367,0.0,0.0,0.43271767810026385,0.47493403693931396,0.9234828496042217,1.0
volcanoes-a4,rfc-nosuite,0.8891820580474934,0.97,0.8258575197889182,0.0,0.0,0.5277044854881267,0.8918205804749341,0.8918205804749341,1.0
volcanoes-a4,rfc-nosuite,0.8891820580474934,0.5,0.0316622691292876,0.0,0.0,0.05804749340369393,0.026385224274406333,0.05013192612137203,1.0
volcanoes-a4,rfc-nosuite,0.8891820580474934,0.75,0.055408970976253295,0.0,0.0,1.0,0.43535620052770446,,1.0
volcanoes-a4,rfc-nosuite,0.8891820580474934,0.8,1.0,0.0,0.0,1.0,0.8126649076517151,,1.0
volcanoes-a4,rfc-nosuite,0.8891820580474934,1.0,1.0,0.0,0.0,1.0,0.820580474934037,0.9287598944591029,1.0
volcanoes-a4,rfc-nosuite,0.8891820580474934,0.98,1.0,0.0,0.0,0.40105540897097625,0.8759894459102903,,1.0
volcanoes-a4,rfc-nosuite,0.8891820580474934,0.35,0.018469656992084433,0.0,0.0,0.010554089709762533,0.0079155672823219,0.005277044854881266,1.0
volcanoes-a4,rfc-nosuite,0.8891820580474934,1.0,1.0,0.0,0.0,1.0,0.8918205804749341,0.8918205804749341,1.0
volcanoes-a4,rfc-nosuite,0.8891820580474934,0.9,0.8786279683377308,0.0,0.0,0.40897097625329815,0.8839050131926122,0.9287598944591029,1.0
volcanoes-a4,rfc-nosuite,0.8891820580474934,0.97,0.7678100263852242,0.0,0.0,1.0,0.8839050131926122,,1.0
volcanoes-a4,rfc-nosuite,0.8891820580474934,0.98,1.0,0.0,0.0,1.0,0.8153034300791556,0.9023746701846965,1.0
volcanoes-a4,rfc-nosuite,0.8891820580474934,0.96,1.0,0.0,0.0,1.0,0.8390501319261213,,1.0
volcanoes-a4,rfc-nosuite,0.8891820580474934,0.99,1.0,0.0,0.0,0.1345646437994723,0.8759894459102903,,1.0
volcanoes-a4,rfc-nosuite,0.8891820580474934,0.98,0.3720316622691293,0.0,0.0,1.0,0.6437994722955145,,1.0
volcanoes-a4,rfc-nosuite,0.8891820580474934,0.95,0.3720316622691293,0.0,0.0,1.0,0.8759894459102903,0.920844327176781,1.0
volcanoes-a4,rfc-nosuite,0.8891820580474934,0.79,1.0,0.0,0.0,1.0,0.6490765171503958,0.899736147757256,1.0
volcanoes-a4,rfc-nosuite,0.8891820580474934,0.99,1.0,0.0,0.0,0.6860158311345647,0.8839050131926122,0.9234828496042217,1.0
volcanoes-e1,rfc-nosuite,0.9121621621621622,1.0,1.0,0.0,0.0,1.0,0.7804054054054054,0.9493243243243243,1.0
volcanoes-e1,rfc-nosuite,0.9121621621621622,0.99,1.0,0.0,0.0,1.0,0.777027027027027,0.9290540540540541,1.0
volcanoes-e1,rfc-nosuite,0.9121621621621622,1.0,1.0,0.0,0.0,1.0,0.7905405405405406,,1.0
volcanoes-e1,rfc-nosuite,0.9121621621621622,1.0,1.0,0.0,0.0,1.0,0.7702702702702703,0.8344594594594594,1.0
volcanoes-e1,rfc-nosuite,0.9121621621621622,1.0,1.0,0.0,0.0,1.0,0.8040540540540541,0.9155405405405406,1.0
volcanoes-e1,rfc-nosuite,0.9121621621621622,0.75,0.05067567567567568,0.0,0.0,0.19594594594594594,0.18243243243243243,0.1858108108108108,1.0
volcanoes-e1,rfc-nosuite,0.9121621621621622,1.0,1.0,0.0,0.0,1.0,0.3277027027027027,0.8783783783783784,1.0
volcanoes-e1,rfc-nosuite,0.9121621621621622,0.99,1.0,0.0,0.0,1.0,0.777027027027027,0.8209459459459459,1.0
volcanoes-e1,rfc-nosuite,0.9121621621621622,1.0,1.0,0.0,0.0,1.0,0.28040540540540543,0.8277027027027027,1.0
volcanoes-e1,rfc-nosuite,0.9121621621621622,0.85,0.7905405405405406,0.0,0.0,0.8209459459459459,0.6824324324324325,,1.0
volcanoes-e1,rfc-nosuite,0.9121621621621622,1.0,1.0,0.0,0.0,0.11824324324324324,0.7432432432432432,,1.0
volcanoes-e1,rfc-nosuite,0.9121621621621622,0.82,1.0,0.0,0.0,1.0,0.8108108108108109,0.8040540540540541,1.0
volcanoes-e1,rfc-nosuite,0.9121621621621622,0.88,1.0,0.0,0.0,1.0,0.28716216216216217,0.8378378378378378,1.0
volcanoes-e1,rfc-nosuite,0.9121621621621622,0.51,0.04391891891891892,0.0,0.0,1.0,0.16216216216216217,0.20608108108108109,1.0
volcanoes-e1,rfc-nosuite,0.9121621621621622,0.97,0.40540540540540543,0.0,0.0,0.07432432432432433,0.7432432432432432,0.831081081081081,1.0
volcanoes-e1,rfc-nosuite,0.9121621621621622,0.98,1.0,0.0,0.0,0.8682432432432432,0.38175675675675674,,1.0
volcanoes-e1,rfc-nosuite,0.9121621621621622,0.99,1.0,0.0,0.0,0.09797297297297297,0.8006756756756757,0.8344594594594594,1.0
volcanoes-e1,rfc-nosuite,0.9121621621621622,1.0,1.0,0.0,0.0,1.0,0.8141891891891891,,1.0
volcanoes-e1,rfc-nosuite,0.9121621621621622,0.94,0.33783783783783783,0.0,0.0,1.0,0.597972972972973,0.8344594594594594,1.0
volcanoes-e1,rfc-nosuite,0.9121621621621622,0.92,0.16554054054054054,0.0,0.0,0.19594594594594594,0.13513513513513514,0.20945945945945946,1.0
volcanoes-e1,rfc-nosuite,0.9121621621621622,1.0,1.0,0.0,0.0,1.0,0.7871621621621622,,1.0
volcanoes-e1,rfc-nosuite,0.9121621621621622,1.0,1.0,0.0,0.0,1.0,0.7027027027027027,,1.0
volcanoes-e1,rfc-nosuite,0.9121621621621622,0.84,0.3547297297297297,0.0,0.0,0.8209459459459459,0.8209459459459459,,1.0
volcanoes-e1,rfc-nosuite,0.9121621621621622,0.76,0.12837837837837837,0.0,0.0,0.12837837837837837,0.34459459459459457,0.43243243243243246,1.0
volcanoes-e1,rfc-nosuite,0.9121621621621622,0.63,0.8851351351351351,0.0,0.0,1.0,0.30743243243243246,0.20945945945945946,1.0
volcanoes-e1,rfc-nosuite,0.9121621621621622,0.97,1.0,0.0,0.0,1.0,0.7905405405405406,0.8209459459459459,1.0
volcanoes-e1,rfc-nosuite,0.9121621621621622,0.98,1.0,0.0,0.0,1.0,,,1.0
volcanoes-e1,rfc-nosuite,0.9121621621621622,1.0,1.0,0.0,0.0,0.44932432432432434,0.6182432432432432,0.831081081081081,1.0
volcanoes-e1,rfc-nosuite,0.9121621621621622,1.0,0.7195945945945946,0.0,0.0,0.831081081081081,,0.8209459459459459,1.0
volcanoes-e1,rfc-nosuite,0.9121621621621622,0.78,0.0777027027027027,0.0,0.0,0.30405405405405406,0.6114864864864865,0.12837837837837837,1.0
volcanoes-e1,rfc-nosuite,0.9121621621621622,0.96,0.6824324324324325,0.0,0.0,1.0,,0.8344594594594594,1.0
volcanoes-e1,rfc-nosuite,0.9121621621621622,0.87,0.013513513513513514,0.0,0.0,0.28040540540540543,0.24324324324324326,0.34797297297297297,1.0
volcanoes-e1,rfc-nosuite,0.9121621621621622,1.0,1.0,0.0,0.0,1.0,0.8209459459459459,0.8682432432432432,1.0
volcanoes-e1,rfc-nosuite,0.9121621621621622,0.98,0.8243243243243243,0.0,0.0,0.8277027027027027,0.42905405405405406,0.831081081081081,1.0
volcanoes-e1,rfc-nosuite,0.9121621621621622,0.49,1.0,0.0,0.0,0.1554054054054054,0.11486486486486487,0.060810810810810814,1.0
volcanoes-e1,rfc-nosuite,0.9121621621621622,1.0,0.35135135135135137,0.0,0.0,0.0777027027027027,0.7871621621621622,0.8209459459459459,1.0
volcanoes-e1,rfc-nosuite,0.9121621621621622,0.85,0.3108108108108108,0.0,0.0,0.9459459459459459,0.3108108108108108,0.6587837837837838,1.0
volcanoes-e1,rfc-nosuite,0.9121621621621622,0.97,1.0,0.0,0.0,1.0,0.722972972972973,,1.0
volcanoes-e1,rfc-nosuite,0.9121621621621622,0.81,0.722972972972973,0.0,0.0,0.8851351351351351,0.8209459459459459,0.9290540540540541,1.0
volcanoes-e1,rfc-nosuite,0.9121621621621622,0.5,0.32094594594594594,0.0,0.0,0.6216216216216216,0.11148648648648649,0.22972972972972974,1.0
volcanoes-e1,rfc-nosuite,0.9121621621621622,0.99,1.0,0.0,0.0,1.0,0.8344594594594594,,1.0
volcanoes-e1,rfc-nosuite,0.9121621621621622,0.99,0.7195945945945946,0.0,0.0,0.8344594594594594,,,1.0
volcanoes-e1,rfc-nosuite,0.9121621621621622,0.98,1.0,0.0,0.0,1.0,0.7432432432432432,0.8209459459459459,1.0
volcanoes-e1,rfc-nosuite,0.9121621621621622,0.93,1.0,0.0,0.0,1.0,0.8074324324324325,0.8209459459459459,1.0
volcanoes-e1,rfc-nosuite,0.9121621621621622,0.53,1.0,0.0,0.0,0.030405405405405407,0.16554054054054054,0.02702702702702703,1.0
volcanoes-e1,rfc-nosuite,0.9121621621621622,1.0,1.0,0.0,0.0,1.0,0.2702702702702703,,1.0
volcanoes-e1,rfc-nosuite,0.9121621621621622,0.99,1.0,0.0,0.0,1.0,0.8243243243243243,0.8378378378378378,1.0
volcanoes-e1,rfc-nosuite,0.9121621621621622,1.0,0.8648648648648649,0.0,0.0,1.0,0.7804054054054054,0.7263513513513513,1.0
volcanoes-e1,rfc-nosuite,0.9121621621621622,0.89,1.0,0.0,0.0,1.0,0.8141891891891891,0.8344594594594594,1.0
volcanoes-e1,rfc-nosuite,0.9121621621621622,0.96,1.0,0.0,0.0,1.0,0.8074324324324325,0.8344594594594594,1.0
volcanoes-e2,rfc-nosuite,0.9222222222222223,0.98,1.0,0.0,0.0,1.0,,0.9962962962962963,1.0
volcanoes-e2,rfc-nosuite,0.9222222222222223,0.91,0.837037037037037,0.0,0.0,1.0,,,1.0
volcanoes-e2,rfc-nosuite,0.9222222222222223,0.94,1.0,0.0,0.0,1.0,,,1.0
volcanoes-e2,rfc-nosuite,0.9222222222222223,1.0,1.0,0.0,0.0,1.0,,0.837037037037037,1.0
volcanoes-e2,rfc-nosuite,0.9222222222222223,1.0,1.0,0.0,0.0,1.0,,,1.0
volcanoes-e2,rfc-nosuite,0.9222222222222223,0.92,1.0,0.0,0.0,1.0,,1.0,1.0
volcanoes-e2,rfc-nosuite,0.9222222222222223,0.97,1.0,0.0,0.0,1.0,,,1.0
volcanoes-e2,rfc-nosuite,0.9222222222222223,0.99,1.0,0.0,0.0,1.0,,0.8703703703703703,1.0
volcanoes-e2,rfc-nosuite,0.9222222222222223,0.98,0.337037037037037,0.0,0.0,1.0,,1.0,1.0
volcanoes-e2,rfc-nosuite,0.9222222222222223,0.7,0.022222222222222223,0.0,0.0,0.3851851851851852,,0.18888888888888888,1.0
volcanoes-e2,rfc-nosuite,0.9222222222222223,0.96,0.04814814814814815,0.0,0.0,0.8777777777777778,,0.7555555555555555,1.0
volcanoes-e2,rfc-nosuite,0.9222222222222223,0.96,1.0,0.0,0.0,1.0,,,1.0
volcanoes-e2,rfc-nosuite,0.9222222222222223,0.93,1.0,0.0,0.0,1.0,,,1.0
volcanoes-e2,rfc-nosuite,0.9222222222222223,0.97,1.0,0.0,0.0,0.8148148148148148,,,1.0
volcanoes-e2,rfc-nosuite,0.9222222222222223,1.0,1.0,0.0,0.0,1.0,,1.0,1.0
volcanoes-e2,rfc-nosuite,0.9222222222222223,0.96,0.7851851851851852,0.0,0.0,1.0,,,1.0
volcanoes-e2,rfc-nosuite,0.9222222222222223,1.0,1.0,0.0,0.0,1.0,,0.9074074074074074,1.0
volcanoes-e2,rfc-nosuite,0.9222222222222223,0.79,0.9888888888888889,0.0,0.0,1.0,,0.8777777777777778,1.0
volcanoes-e2,rfc-nosuite,0.9222222222222223,0.99,1.0,0.0,0.0,1.0,,0.8703703703703703,1.0
volcanoes-e2,rfc-nosuite,0.9222222222222223,0.92,1.0,0.0,0.0,1.0,,0.8703703703703703,1.0
volcanoes-e2,rfc-nosuite,0.9222222222222223,0.97,1.0,0.0,0.0,0.6777777777777778,,0.8925925925925926,1.0
volcanoes-e2,rfc-nosuite,0.9222222222222223,0.82,0.7851851851851852,0.0,0.0,0.7962962962962963,,0.8740740740740741,1.0
volcanoes-e2,rfc-nosuite,0.9222222222222223,0.88,0.7814814814814814,0.0,0.0,0.8444444444444444,,0.8777777777777778,1.0
volcanoes-e2,rfc-nosuite,0.9222222222222223,0.36,0.03333333333333333,0.0,0.0,0.5370370370370371,,0.5555555555555556,1.0
volcanoes-e2,rfc-nosuite,0.9222222222222223,1.0,1.0,0.0,0.0,1.0,,0.9592592592592593,1.0
volcanoes-e2,rfc-nosuite,0.9222222222222223,0.98,0.4925925925925926,0.0,0.0,1.0,,,1.0
volcanoes-e2,rfc-nosuite,0.9222222222222223,0.99,1.0,0.0,0.0,1.0,,,1.0
volcanoes-e2,rfc-nosuite,0.9222222222222223,1.0,1.0,0.0,0.0,1.0,,0.9222222222222223,1.0
volcanoes-e2,rfc-nosuite,0.9222222222222223,0.68,0.1037037037037037,0.0,0.0,0.6333333333333333,,0.4888888888888889,1.0
volcanoes-e2,rfc-nosuite,0.9222222222222223,0.98,1.0,0.0,0.0,1.0,,,1.0
volcanoes-e2,rfc-nosuite,0.9222222222222223,0.97,1.0,0.0,0.0,1.0,,0.9592592592592593,1.0
volcanoes-e2,rfc-nosuite,0.9222222222222223,0.94,0.8703703703703703,0.0,0.0,0.837037037037037,,,1.0
volcanoes-e2,rfc-nosuite,0.9222222222222223,0.98,1.0,0.0,0.0,1.0,,,1.0
volcanoes-e2,rfc-nosuite,0.9222222222222223,0.97,1.0,0.0,0.0,1.0,,1.0,1.0
volcanoes-e2,rfc-nosuite,0.9222222222222223,0.99,1.0,0.0,0.0,1.0,,,1.0
volcanoes-e2,rfc-nosuite,0.9222222222222223,0.97,1.0,0.0,0.0,1.0,,0.9185185185185185,1.0
volcanoes-e2,rfc-nosuite,0.9222222222222223,1.0,1.0,0.0,0.0,1.0,,0.8703703703703703,1.0
volcanoes-e2,rfc-nosuite,0.9222222222222223,0.97,1.0,0.0,0.0,1.0,,,1.0
volcanoes-e2,rfc-nosuite,0.9222222222222223,0.96,0.8703703703703703,0.0,0.0,1.0,,0.8740740740740741,1.0
volcanoes-e2,rfc-nosuite,0.9222222222222223,1.0,1.0,0.0,0.0,1.0,,0.9518518518518518,1.0
volcanoes-e2,rfc-nosuite,0.9222222222222223,1.0,1.0,0.0,0.0,1.0,,0.837037037037037,1.0
volcanoes-e2,rfc-nosuite,0.9222222222222223,0.89,0.8148148148148148,0.0,0.0,1.0,,0.8555555555555555,1.0
volcanoes-e2,rfc-nosuite,0.9222222222222223,0.42,0.025925925925925925,0.0,0.0,0.007407407407407408,,0.014814814814814815,1.0
volcanoes-e2,rfc-nosuite,0.9222222222222223,0.95,1.0,0.0,0.0,1.0,,0.837037037037037,1.0
volcanoes-e2,rfc-nosuite,0.9222222222222223,0.97,1.0,0.0,0.0,1.0,,0.8703703703703703,1.0
volcanoes-e2,rfc-nosuite,0.9222222222222223,0.82,0.8703703703703703,0.0,0.0,1.0,,0.9925925925925926,1.0
volcanoes-e2,rfc-nosuite,0.9222222222222223,0.66,0.05185185185185185,0.0,0.0,0.003703703703703704,,0.003703703703703704,1.0
volcanoes-e2,rfc-nosuite,0.9222222222222223,0.96,0.6037037037037037,0.0,0.0,0.9,,0.9296296296296296,1.0
volcanoes-e2,rfc-nosuite,0.9222222222222223,1.0,1.0,0.0,0.0,1.0,,,1.0
volcanoes-e2,rfc-nosuite,0.9222222222222223,1.0,1.0,0.0,0.0,1.0,,,1.0
volcanoes-e3,rfc-nosuite,0.925,0.99,1.0,0.0,0.0,0.0875,,0.840625,1.0
volcanoes-e3,rfc-nosuite,0.925,0.89,0.553125,0.0,0.0,0.865625,,0.859375,1.0
volcanoes-e3,rfc-nosuite,0.925,0.96,1.0,0.0,0.0,0.840625,,0.840625,1.0
volcanoes-e3,rfc-nosuite,0.925,1.0,1.0,0.0,0.0,1.0,,,1.0
volcanoes-e3,rfc-nosuite,0.925,0.78,1.0,0.0,0.0,1.0,,0.94375,1.0
volcanoes-e3,rfc-nosuite,0.925,0.83,0.7375,0.0,0.0,1.0,,,1.0
volcanoes-e3,rfc-nosuite,0.925,0.99,0.8375,0.0,0.0,0.86875,0.553125,,1.0
volcanoes-e3,rfc-nosuite,0.925,1.0,1.0,0.0,0.0,0.80625,,0.903125,1.0
volcanoes-e3,rfc-nosuite,0.925,0.95,0.33125,0.0,0.0,0.05625,,0.971875,1.0
volcanoes-e3,rfc-nosuite,0.925,0.48,0.775,0.0,0.0,0.865625,0.50625,0.7375,1.0
volcanoes-e3,rfc-nosuite,0.925,1.0,1.0,0.0,0.0,0.584375,,0.853125,1.0
volcanoes-e3,rfc-nosuite,0.925,0.94,0.821875,0.0,0.0,1.0,,,1.0
volcanoes-e3,rfc-nosuite,0.925,0.97,0.59375,0.0,0.0,1.0,,0.846875,1.0
volcanoes-e3,rfc-nosuite,0.925,0.99,1.0,0.0,0.0,1.0,,0.840625,1.0
volcanoes-e3,rfc-nosuite,0.925,1.0,1.0,0.0,0.0,1.0,0.825,,1.0
volcanoes-e3,rfc-nosuite,0.925,1.0,1.0,0.0,0.0,0.840625,0.721875,0.846875,1.0
volcanoes-e3,rfc-nosuite,0.925,1.0,1.0,0.0,0.0,1.0,,0.7625,1.0
volcanoes-e3,rfc-nosuite,0.925,0.78,0.321875,0.0,0.0,1.0,,0.3125,1.0
volcanoes-e3,rfc-nosuite,0.925,0.98,0.85625,0.0,0.0,0.840625,0.675,,1.0
volcanoes-e3,rfc-nosuite,0.925,1.0,1.0,0.0,0.0,0.0875,0.809375,,1.0
volcanoes-e3,rfc-nosuite,0.925,0.81,0.440625,0.0,0.0,0.39375,0.53125,,1.0
volcanoes-e3,rfc-nosuite,0.925,0.95,1.0,0.0,0.0,1.0,,,1.0
volcanoes-e3,rfc-nosuite,0.925,0.99,0.590625,0.0,0.0,1.0,,0.840625,1.0
volcanoes-e3,rfc-nosuite,0.925,0.99,1.0,0.0,0.0,1.0,,0.86875,1.0
volcanoes-e3,rfc-nosuite,0.925,0.96,0.525,0.0,0.0,1.0,,,1.0
volcanoes-e3,rfc-nosuite,0.925,1.0,1.0,0.0,0.0,1.0,,,1.0
volcanoes-e3,rfc-nosuite,0.925,0.99,0.596875,0.0,0.0,0.2125,,,1.0
volcanoes-e3,rfc-nosuite,0.925,0.94,0.840625,0.0,0.0,0.865625,,,1.0
volcanoes-e3,rfc-nosuite,0.925,0.99,1.0,0.0,0.0,1.0,0.66875,0.7625,1.0
volcanoes-e3,rfc-nosuite,0.925,1.0,1.0,0.0,0.0,1.0,,0.85625,1.0
volcanoes-e3,rfc-nosuite,0.925,0.82,0.03125,0.0,0.0,0.309375,,,1.0
volcanoes-e3,rfc-nosuite,0.925,0.97,1.0,0.0,0.0,1.0,,,1.0
volcanoes-e3,rfc-nosuite,0.925,1.0,1.0,0.0,0.0,1.0,0.56875,0.865625,1.0
volcanoes-e3,rfc-nosuite,0.925,1.0,1.0,0.0,0.0,0.534375,,,1.0
volcanoes-e3,rfc-nosuite,0.925,0.94,1.0,0.0,0.0,1.0,,,1.0
volcanoes-e3,rfc-nosuite,0.925,0.84,1.0,0.0,0.0,1.0,,,1.0
volcanoes-e3,rfc-nosuite,0.925,1.0,1.0,0.0,0.0,1.0,,0.86875,1.0
volcanoes-e3,rfc-nosuite,0.925,1.0,0.85625,0.0,0.0,0.840625,,,1.0
volcanoes-e3,rfc-nosuite,0.925,0.99,1.0,0.0,0.0,1.0,0.134375,,1.0
volcanoes-e3,rfc-nosuite,0.925,1.0,1.0,0.0,0.0,0.859375,,,1.0
volcanoes-e3,rfc-nosuite,0.925,0.98,1.0,0.0,0.0,0.503125,0.1625,,1.0
volcanoes-e3,rfc-nosuite,0.925,0.61,0.140625,0.0,0.0,0.91875,,0.428125,1.0
volcanoes-e3,rfc-nosuite,0.925,1.0,1.0,0.0,0.0,1.0,,0.753125,1.0
volcanoes-e3,rfc-nosuite,0.925,0.91,1.0,0.0,0.0,1.0,0.615625,,1.0
volcanoes-e3,rfc-nosuite,0.925,1.0,1.0,0.0,0.0,1.0,0.153125,,1.0
volcanoes-e3,rfc-nosuite,0.925,0.94,0.653125,0.0,0.0,1.0,,,1.0
volcanoes-e3,rfc-nosuite,0.925,0.94,0.840625,0.0,0.0,0.840625,0.353125,,1.0
volcanoes-e3,rfc-nosuite,0.925,1.0,1.0,0.0,0.0,1.0,0.296875,,1.0
volcanoes-e3,rfc-nosuite,0.925,0.98,0.85625,0.0,0.0,0.90625,,,1.0
volcanoes-e3,rfc-nosuite,0.925,0.96,0.653125,0.0,0.0,1.0,,0.934375,1.0
volcanoes-e4,rfc-nosuite,0.939297124600639,0.98,1.0,0.0,0.0,1.0,,0.8753993610223643,1.0
volcanoes-e4,rfc-nosuite,0.939297124600639,0.98,1.0,0.0,0.0,1.0,0.9009584664536742,,1.0
volcanoes-e4,rfc-nosuite,0.939297124600639,0.6,0.2939297124600639,0.0,0.0,1.0,,0.4504792332268371,1.0
volcanoes-e4,rfc-nosuite,0.939297124600639,0.94,1.0,0.0,0.0,1.0,,0.9680511182108626,1.0
volcanoes-e4,rfc-nosuite,0.939297124600639,0.47,0.10862619808306709,0.0,0.0,0.8849840255591054,,0.49201277955271566,1.0
volcanoes-e4,rfc-nosuite,0.939297124600639,1.0,1.0,0.0,0.0,1.0,,0.9840255591054313,1.0
volcanoes-e4,rfc-nosuite,0.939297124600639,0.75,0.009584664536741214,0.0,0.0,0.3514376996805112,0.2747603833865815,0.34824281150159747,1.0
volcanoes-e4,rfc-nosuite,0.939297124600639,1.0,1.0,0.0,0.0,0.7060702875399361,,0.9009584664536742,1.0
volcanoes-e4,rfc-nosuite,0.939297124600639,0.96,1.0,0.0,0.0,1.0,,0.9137380191693291,1.0
volcanoes-e4,rfc-nosuite,0.939297124600639,1.0,1.0,0.0,0.0,1.0,,0.8785942492012779,1.0
volcanoes-e4,rfc-nosuite,0.939297124600639,0.8,0.054313099041533544,0.0,0.0,0.9936102236421726,0.5111821086261981,0.65814696485623,1.0
volcanoes-e4,rfc-nosuite,0.939297124600639,1.0,1.0,0.0,0.0,1.0,0.7603833865814696,0.8785942492012779,1.0
volcanoes-e4,rfc-nosuite,0.939297124600639,0.96,0.8594249201277955,0.0,0.0,1.0,0.5910543130990416,0.9936102236421726,1.0
volcanoes-e4,rfc-nosuite,0.939297124600639,0.97,1.0,0.0,0.0,1.0,,,1.0
volcanoes-e4,rfc-nosuite,0.939297124600639,0.96,1.0,0.0,0.0,0.8753993610223643,0.7827476038338658,,1.0
volcanoes-e4,rfc-nosuite,0.939297124600639,0.95,1.0,0.0,0.0,1.0,,0.8817891373801917,1.0
volcanoes-e4,rfc-nosuite,0.939297124600639,1.0,1.0,0.0,0.0,0.8753993610223643,,,1.0
volcanoes-e4,rfc-nosuite,0.939297124600639,1.0,1.0,0.0,0.0,1.0,0.2939297124600639,0.9616613418530351,1.0
volcanoes-e4,rfc-nosuite,0.939297124600639,0.93,0.8753993610223643,0.0,0.0,0.09584664536741214,,,1.0
volcanoes-e4,rfc-nosuite,0.939297124600639,1.0,1.0,0.0,0.0,1.0,,,1.0
volcanoes-e4,rfc-nosuite,0.939297124600639,0.68,0.009584664536741214,0.0,0.0,0.003194888178913738,,0.003194888178913738,1.0
volcanoes-e4,rfc-nosuite,0.939297124600639,0.99,1.0,0.0,0.0,0.5654952076677316,,,1.0
volcanoes-e4,rfc-nosuite,0.939297124600639,0.98,1.0,0.0,0.0,0.09904153354632587,,0.8753993610223643,1.0
volcanoes-e4,rfc-nosuite,0.939297124600639,0.97,0.7060702875399361,0.0,0.0,0.5718849840255591,,,1.0
volcanoes-e4,rfc-nosuite,0.939297124600639,1.0,1.0,0.0,0.0,0.35782747603833864,,0.9201277955271565,1.0
volcanoes-e4,rfc-nosuite,0.939297124600639,0.97,1.0,0.0,0.0,1.0,,0.9680511182108626,1.0
volcanoes-e4,rfc-nosuite,0.939297124600639,0.76,1.0,0.0,0.0,1.0,0.5111821086261981,,1.0
volcanoes-e4,rfc-nosuite,0.939297124600639,0.98,0.670926517571885,0.0,0.0,0.65814696485623,0.5591054313099042,,1.0
volcanoes-e4,rfc-nosuite,0.939297124600639,0.95,1.0,0.0,0.0,0.22044728434504793,0.8753993610223643,0.9073482428115016,1.0
volcanoes-e4,rfc-nosuite,0.939297124600639,0.99,1.0,0.0,0.0,0.36421725239616615,,0.9840255591054313,1.0
volcanoes-e4,rfc-nosuite,0.939297124600639,0.79,1.0,0.0,0.0,0.6198083067092651,,0.8753993610223643,1.0
volcanoes-e4,rfc-nosuite,0.939297124600639,0.99,0.8594249201277955,0.0,0.0,0.8753993610223643,,0.9201277955271565,1.0
volcanoes-e4,rfc-nosuite,0.939297124600639,0.99,1.0,0.0,0.0,0.7060702875399361,,0.9137380191693291,1.0
volcanoes-e4,rfc-nosuite,0.939297124600639,1.0,1.0,0.0,0.0,1.0,,,1.0
volcanoes-e4,rfc-nosuite,0.939297124600639,0.98,1.0,0.0,0.0,1.0,,,1.0
volcanoes-e4,rfc-nosuite,0.939297124600639,0.63,0.2939297124600639,0.0,0.0,0.2939297124600639,0.038338658146964855,0.16932907348242812,1.0
volcanoes-e4,rfc-nosuite,0.939297124600639,0.85,0.5175718849840255,0.0,0.0,1.0,,0.5814696485623003,1.0
volcanoes-e4,rfc-nosuite,0.939297124600639,0.99,1.0,0.0,0.0,0.6198083067092651,,0.9201277955271565,1.0
volcanoes-e4,rfc-nosuite,0.939297124600639,1.0,1.0,0.0,0.0,1.0,,0.8849840255591054,1.0
volcanoes-e4,rfc-nosuite,0.939297124600639,0.97,0.05750798722044728,0.0,0.0,1.0,,0.7859424920127795,1.0
volcanoes-e4,rfc-nosuite,0.939297124600639,1.0,1.0,0.0,0.0,1.0,,,1.0
volcanoes-e4,rfc-nosuite,0.939297124600639,1.0,1.0,0.0,0.0,1.0,,0.8881789137380192,1.0
volcanoes-e4,rfc-nosuite,0.939297124600639,0.96,0.8594249201277955,0.0,0.0,1.0,0.48242811501597443,0.8785942492012779,1.0
volcanoes-e4,rfc-nosuite,0.939297124600639,1.0,1.0,0.0,0.0,1.0,0.30990415335463256,,1.0
volcanoes-e4,rfc-nosuite,0.939297124600639,1.0,1.0,0.0,0.0,0.22044728434504793,0.7795527156549521,,1.0
volcanoes-e4,rfc-nosuite,0.939297124600639,0.72,0.3865814696485623,0.0,0.0,0.9840255591054313,0.7699680511182109,0.08306709265175719,1.0
volcanoes-e4,rfc-nosuite,0.939297124600639,0.78,0.670926517571885,0.0,0.0,0.6964856230031949,0.9201277955271565,0.6869009584664537,1.0
volcanoes-e4,rfc-nosuite,0.939297124600639,1.0,1.0,0.0,0.0,0.23961661341853036,,0.9584664536741214,1.0
volcanoes-e4,rfc-nosuite,0.939297124600639,0.98,1.0,0.0,0.0,0.134185303514377,,,1.0
volcanoes-e4,rfc-nosuite,0.939297124600639,1.0,0.8594249201277955,0.0,0.0,0.8753993610223643,,0.9680511182108626,1.0
volcanoes-e5,rfc-nosuite,0.9028776978417267,0.89,0.8633093525179856,0.0,0.0,0.8633093525179856,,,1.0
volcanoes-e5,rfc-nosuite,0.9028776978417267,1.0,1.0,0.0,0.0,1.0,,0.9568345323741008,1.0
volcanoes-e5,rfc-nosuite,0.9028776978417267,0.98,1.0,0.0,0.0,0.8633093525179856,,,1.0
volcanoes-e5,rfc-nosuite,0.9028776978417267,0.93,1.0,0.0,0.0,1.0,,,1.0
volcanoes-e5,rfc-nosuite,0.9028776978417267,0.93,0.3669064748201439,0.0,0.0,1.0,,0.9028776978417267,1.0
volcanoes-e5,rfc-nosuite,0.9028776978417267,0.96,1.0,0.0,0.0,1.0,,0.89568345323741,1.0
volcanoes-e5,rfc-nosuite,0.9028776978417267,0.84,0.014388489208633094,0.0,0.0,0.9064748201438849,,0.31654676258992803,1.0
volcanoes-e5,rfc-nosuite,0.9028776978417267,1.0,1.0,0.0,0.0,1.0,,0.8381294964028777,1.0
volcanoes-e5,rfc-nosuite,0.9028776978417267,0.98,1.0,0.0,0.0,1.0,,0.9532374100719424,1.0
volcanoes-e5,rfc-nosuite,0.9028776978417267,1.0,1.0,0.0,0.0,1.0,,0.38848920863309355,1.0
volcanoes-e5,rfc-nosuite,0.9028776978417267,0.97,1.0,0.0,0.0,1.0,,0.9064748201438849,1.0
volcanoes-e5,rfc-nosuite,0.9028776978417267,0.99,1.0,0.0,0.0,1.0,,0.89568345323741,1.0
volcanoes-e5,rfc-nosuite,0.9028776978417267,0.51,0.01079136690647482,0.0,0.0,0.9964028776978417,,0.45323741007194246,1.0
volcanoes-e5,rfc-nosuite,0.9028776978417267,0.95,1.0,0.0,0.0,1.0,,0.8848920863309353,1.0
volcanoes-e5,rfc-nosuite,0.9028776978417267,0.96,0.3669064748201439,0.0,0.0,1.0,,0.89568345323741,1.0
volcanoes-e5,rfc-nosuite,0.9028776978417267,1.0,0.4244604316546763,0.0,0.0,1.0,,,1.0
volcanoes-e5,rfc-nosuite,0.9028776978417267,0.91,1.0,0.0,0.0,1.0,,,1.0
volcanoes-e5,rfc-nosuite,0.9028776978417267,0.9,1.0,0.0,0.0,1.0,,0.89568345323741,1.0
volcanoes-e5,rfc-nosuite,0.9028776978417267,1.0,1.0,0.0,0.0,1.0,,,1.0
volcanoes-e5,rfc-nosuite,0.9028776978417267,0.82,0.6870503597122302,0.0,0.0,1.0,,0.9100719424460432,1.0
volcanoes-e5,rfc-nosuite,0.9028776978417267,0.92,1.0,0.0,0.0,0.06474820143884892,,0.8381294964028777,1.0
volcanoes-e5,rfc-nosuite,0.9028776978417267,0.98,1.0,0.0,0.0,1.0,,,1.0
volcanoes-e5,rfc-nosuite,0.9028776978417267,0.97,0.41007194244604317,0.0,0.0,1.0,,,1.0
volcanoes-e5,rfc-nosuite,0.9028776978417267,0.98,0.17985611510791366,0.0,0.0,1.0,,0.9100719424460432,1.0
volcanoes-e5,rfc-nosuite,0.9028776978417267,1.0,1.0,0.0,0.0,1.0,,,1.0
volcanoes-e5,rfc-nosuite,0.9028776978417267,0.98,1.0,0.0,0.0,1.0,,0.9244604316546763,1.0
volcanoes-e5,rfc-nosuite,0.9028776978417267,0.99,1.0,0.0,0.0,0.5683453237410072,,,1.0
volcanoes-e5,rfc-nosuite,0.9028776978417267,0.92,0.5035971223021583,0.0,0.0,1.0,,0.89568345323741,1.0
volcanoes-e5,rfc-nosuite,0.9028776978417267,1.0,0.4244604316546763,0.0,0.0,1.0,,0.8848920863309353,1.0
volcanoes-e5,rfc-nosuite,0.9028776978417267,1.0,1.0,0.0,0.0,0.8633093525179856,,,1.0
volcanoes-e5,rfc-nosuite,0.9028776978417267,0.99,1.0,0.0,0.0,0.37050359712230213,,0.9064748201438849,1.0
volcanoes-e5,rfc-nosuite,0.9028776978417267,0.93,1.0,0.0,0.0,1.0,,,1.0
volcanoes-e5,rfc-nosuite,0.9028776978417267,0.97,1.0,0.0,0.0,1.0,,,1.0
volcanoes-e5,rfc-nosuite,0.9028776978417267,0.9,1.0,0.0,0.0,1.0,,,1.0
volcanoes-e5,rfc-nosuite,0.9028776978417267,1.0,0.7589928057553957,0.0,0.0,1.0,,0.8920863309352518,1.0
volcanoes-e5,rfc-nosuite,0.9028776978417267,0.95,1.0,0.0,0.0,0.8633093525179856,,,1.0
volcanoes-e5,rfc-nosuite,0.9028776978417267,1.0,1.0,0.0,0.0,1.0,,0.960431654676259,1.0
volcanoes-e5,rfc-nosuite,0.9028776978417267,0.56,0.29856115107913667,0.0,0.0,0.01079136690647482,,0.01079136690647482,1.0
volcanoes-e5,rfc-nosuite,0.9028776978417267,0.98,1.0,0.0,0.0,1.0,,1.0,1.0
volcanoes-e5,rfc-nosuite,0.9028776978417267,0.98,1.0,0.0,0.0,1.0,,,1.0
volcanoes-e5,rfc-nosuite,0.9028776978417267,0.82,0.960431654676259,0.0,0.0,0.24820143884892087,,0.3237410071942446,1.0
volcanoes-e5,rfc-nosuite,0.9028776978417267,0.34,0.15467625899280577,0.0,0.0,0.0035971223021582736,,0.6151079136690647,1.0
volcanoes-e5,rfc-nosuite,0.9028776978417267,0.72,0.3129496402877698,0.0,0.0,1.0,,0.23381294964028776,1.0
volcanoes-e5,rfc-nosuite,0.9028776978417267,0.98,0.3669064748201439,0.0,0.0,1.0,,0.9028776978417267,1.0
volcanoes-e5,rfc-nosuite,0.9028776978417267,1.0,1.0,0.0,0.0,1.0,,,1.0
volcanoes-e5,rfc-nosuite,0.9028776978417267,0.96,1.0,0.0,0.0,0.37050359712230213,,,1.0
volcanoes-e5,rfc-nosuite,0.9028776978417267,1.0,1.0,0.0,0.0,1.0,,,1.0
volcanoes-e5,rfc-nosuite,0.9028776978417267,0.96,0.3381294964028777,0.0,0.0,1.0,,0.8633093525179856,1.0
volcanoes-e5,rfc-nosuite,0.9028776978417267,1.0,1.0,0.0,0.0,0.8633093525179856,,,1.0
volcanoes-e5,rfc-nosuite,0.9028776978417267,1.0,1.0,0.0,0.0,1.0,,0.8812949640287769,1.0
wine-quality-red,rfc-nosuite,0.6625,0.45,0.005,0.0,0.0,0.005,,0.0025,1.0
wine-quality-red,rfc-nosuite,0.6625,0.87,0.0575,0.0,0.0,0.0225,,0.0325,1.0
wine-quality-red,rfc-nosuite,0.6625,0.53,0.0325,0.0,0.0,0.005,,0.005,1.0
wine-quality-red,rfc-nosuite,0.6625,0.49,0.015,0.0,0.0,0.0025,,0.0025,1.0
wine-quality-red,rfc-nosuite,0.6625,0.68,0.145,0.0,0.0,0.175,,0.1025,1.0
wine-quality-red,rfc-nosuite,0.6625,0.55,0.055,0.0,0.0,0.02,,0.255,1.0
wine-quality-red,rfc-nosuite,0.6625,0.73,0.015,0.0,0.0,0.015,,0.055,1.0
wine-quality-red,rfc-nosuite,0.6625,0.55,0.1925,0.0,0.0,0.1275,,0.0625,1.0
wine-quality-red,rfc-nosuite,0.6625,0.55,0.0175,0.0,0.0,0.0075,,0.0025,1.0
wine-quality-red,rfc-nosuite,0.6625,0.44,0.01,0.0,0.0,0.0075,,0.0025,1.0
wine-quality-red,rfc-nosuite,0.6625,0.63,0.015,0.0,0.0,0.04,,0.325,1.0
wine-quality-red,rfc-nosuite,0.6625,0.44,0.055,0.0,0.0,0.0025,,0.0575,1.0
wine-quality-red,rfc-nosuite,0.6625,0.92,0.01,0.0,0.0,0.1225,,0.335,1.0
wine-quality-red,rfc-nosuite,0.6625,0.51,0.045,0.0,0.0,0.015,,0.0825,1.0
wine-quality-red,rfc-nosuite,0.6625,0.98,0.06,0.0,0.0,0.1,,0.495,1.0
wine-quality-red,rfc-nosuite,0.6625,0.54,0.035,0.0,0.0,0.015,,0.2,1.0
wine-quality-red,rfc-nosuite,0.6625,0.45,0.005,0.0,0.0,0.01,,0.2425,1.0
wine-quality-red,rfc-nosuite,0.6625,0.7,0.025,0.0,0.0,0.01,,0.0775,1.0
wine-quality-red,rfc-nosuite,0.6625,0.46,0.0075,0.0,0.0,0.0225,,0.23,1.0
wine-quality-red,rfc-nosuite,0.6625,0.65,0.01,0.0,0.0,0.0025,,0.0025,1.0
wine-quality-red,rfc-nosuite,0.6625,0.88,0.0525,0.0,0.0,0.055,,0.0925,1.0
wine-quality-red,rfc-nosuite,0.6625,0.43,0.005,0.0,0.0,0.0025,,0.0025,1.0
wine-quality-red,rfc-nosuite,0.6625,0.67,0.1875,0.0,0.0,0.0375,,0.1375,1.0
wine-quality-red,rfc-nosuite,0.6625,0.58,0.1675,0.0,0.0,0.0125,,0.1575,1.0
wine-quality-red,rfc-nosuite,0.6625,0.71,0.0125,0.0,0.0,0.085,,0.235,1.0
wine-quality-red,rfc-nosuite,0.6625,0.43,0.025,0.0,0.0,0.0075,,0.04,1.0
wine-quality-red,rfc-nosuite,0.6625,0.54,0.01,0.0,0.0,0.0675,,0.145,1.0
wine-quality-red,rfc-nosuite,0.6625,0.67,0.04,0.0,0.0,0.1325,,0.3075,1.0
wine-quality-red,rfc-nosuite,0.6625,0.76,0.0475,0.0,0.0,0.025,,0.33,1.0
wine-quality-red,rfc-nosuite,0.6625,0.6,0.065,0.0,0.0,0.2025,,0.295,1.0
wine-quality-red,rfc-nosuite,0.6625,0.79,0.2225,0.0,0.0,0.065,,0.3725,1.0
wine-quality-red,rfc-nosuite,0.6625,0.53,0.075,0.0,0.0,0.0425,,0.3675,1.0
wine-quality-red,rfc-nosuite,0.6625,0.36,0.005,0.0,0.0,0.005,,0.0025,1.0
wine-quality-red,rfc-nosuite,0.6625,0.39,0.0075,0.0,0.0,0.0025,,0.005,1.0
wine-quality-red,rfc-nosuite,0.6625,0.54,0.015,0.0,0.0,0.0075,,0.0075,1.0
wine-quality-red,rfc-nosuite,0.6625,0.51,0.0125,0.0,0.0,0.0075,,0.0325,1.0
wine-quality-red,rfc-nosuite,0.6625,0.96,0.0875,0.0,0.0,0.0625,,0.1075,1.0
wine-quality-red,rfc-nosuite,0.6625,0.33,0.0575,0.0,0.0,0.0075,,0.01,1.0
wine-quality-red,rfc-nosuite,0.6625,0.67,0.085,0.0,0.0,0.0825,,0.1775,1.0
wine-quality-red,rfc-nosuite,0.6625,0.49,0.0775,0.0,0.0,0.005,,0.28,1.0
wine-quality-red,rfc-nosuite,0.6625,0.35,0.0175,0.0,0.0,0.01,,0.015,1.0
wine-quality-red,rfc-nosuite,0.6625,0.64,0.0125,0.0,0.0,0.1075,,0.2275,1.0
wine-quality-red,rfc-nosuite,0.6625,0.63,0.015,0.0,0.0,0.005,,0.005,1.0
wine-quality-red,rfc-nosuite,0.6625,0.93,0.0075,0.0,0.0,0.02,,0.2275,1.0
wine-quality-red,rfc-nosuite,0.6625,0.86,0.005,0.0,0.0,0.035,,0.26,1.0
wine-quality-red,rfc-nosuite,0.6625,0.44,0.0125,0.0,0.0,0.0175,,0.0075,1.0
wine-quality-red,rfc-nosuite,0.6625,0.54,0.125,0.0,0.0,0.055,,0.2525,1.0
wine-quality-red,rfc-nosuite,0.6625,0.38,0.0125,0.0,0.0,0.005,,0.0175,1.0
wine-quality-red,rfc-nosuite,0.6625,0.52,0.0025,0.0,0.0,0.005,,0.015,1.0
wine-quality-red,rfc-nosuite,0.6625,0.51,0.05,0.0,0.0,0.0475,,0.2425,1.0
maternal,rfc-nosuite,0.7952755905511811,0.99,0.12992125984251968,0.0,0.0,0.051181102362204724,0.047244094488188976,0.051181102362204724,1.0
maternal,rfc-nosuite,0.7952755905511811,0.72,0.027559055118110236,0.0,0.0,0.06692913385826772,0.12598425196850394,0.011811023622047244,1.0
maternal,rfc-nosuite,0.7952755905511811,0.7666666666666667,0.01968503937007874,0.0,0.0,0.3700787401574803,0.07086614173228346,0.4645669291338583,1.0
maternal,rfc-nosuite,0.7952755905511811,0.7400000000000001,0.03543307086614173,0.0,0.0,0.08267716535433071,0.06692913385826772,0.051181102362204724,1.0
maternal,rfc-nosuite,0.7952755905511811,0.9342857142857143,0.10236220472440945,0.0,0.0,0.10236220472440945,0.05511811023622047,0.07086614173228346,1.0
maternal,rfc-nosuite,0.7952755905511811,0.9712380952380952,0.01968503937007874,0.0,0.0,0.031496062992125984,0.14173228346456693,0.38976377952755903,1.0
maternal,rfc-nosuite,0.7952755905511811,0.91,0.047244094488188976,0.0,0.0,0.051181102362204724,0.05905511811023622,0.18503937007874016,1.0
maternal,rfc-nosuite,0.7952755905511811,0.49500000000000005,0.01968503937007874,0.0,0.0,0.011811023622047244,0.04330708661417323,0.031496062992125984,1.0
maternal,rfc-nosuite,0.7952755905511811,0.7056825396825398,0.015748031496062992,0.0,0.0,0.04330708661417323,0.031496062992125984,0.14173228346456693,1.0
maternal,rfc-nosuite,0.7952755905511811,0.6140396825396823,0.003937007874015748,0.0,0.0,0.003937007874015748,0.04330708661417323,0.007874015748031496,1.0
maternal,rfc-nosuite,0.7952755905511811,0.9966666666666666,0.18110236220472442,0.0,0.0,0.2125984251968504,0.051181102362204724,0.1220472440944882,1.0
maternal,rfc-nosuite,0.7952755905511811,0.7937290764790762,0.1220472440944882,0.0,0.0,0.05905511811023622,0.05905511811023622,0.18110236220472442,1.0
maternal,rfc-nosuite,0.7952755905511811,1.0,0.0984251968503937,0.0,0.0,0.03543307086614173,0.08661417322834646,0.2125984251968504,1.0
maternal,rfc-nosuite,0.7952755905511811,0.8286336021561698,0.06692913385826772,0.0,0.0,0.051181102362204724,0.12992125984251968,0.18503937007874016,1.0
maternal,rfc-nosuite,0.7952755905511811,0.9342857142857143,0.10236220472440945,0.0,0.0,0.10236220472440945,0.03543307086614173,0.11811023622047244,1.0
maternal,rfc-nosuite,0.7952755905511811,0.9028571428571429,0.12992125984251968,0.0,0.0,0.003937007874015748,0.3188976377952756,0.07086614173228346,1.0
maternal,rfc-nosuite,0.7952755905511811,0.95,0.65748031496063,0.0,0.0,0.38188976377952755,0.15748031496062992,0.4409448818897638,1.0
maternal,rfc-nosuite,0.7952755905511811,0.89,0.01968503937007874,0.0,0.0,0.05511811023622047,0.1377952755905512,0.05905511811023622,1.0
maternal,rfc-nosuite,0.7952755905511811,0.7628571428571428,0.023622047244094488,0.0,0.0,0.031496062992125984,0.003937007874015748,0.003937007874015748,1.0
maternal,rfc-nosuite,0.7952755905511811,0.6641666666666666,0.007874015748031496,0.0,0.0,0.027559055118110236,0.03543307086614173,0.2677165354330709,1.0
maternal,rfc-nosuite,0.7952755905511811,0.6746666666666666,0.04330708661417323,0.0,0.0,0.031496062992125984,0.23228346456692914,0.30708661417322836,1.0
maternal,rfc-nosuite,0.7952755905511811,1.0,0.051181102362204724,0.0,0.0,0.051181102362204724,0.051181102362204724,0.051181102362204724,1.0
maternal,rfc-nosuite,0.7952755905511811,0.99,0.015748031496062992,0.0,0.0,0.015748031496062992,0.01968503937007874,0.01968503937007874,1.0
maternal,rfc-nosuite,0.7952755905511811,0.7396450590950456,0.08661417322834646,0.0,0.0,0.2559055118110236,0.2125984251968504,0.3779527559055118,1.0
maternal,rfc-nosuite,0.7952755905511811,0.7855778032036613,0.08267716535433071,0.0,0.0,0.12992125984251968,0.14173228346456693,0.1141732283464567,1.0
maternal,rfc-nosuite,0.7952755905511811,0.69,0.08267716535433071,0.0,0.0,0.04330708661417323,0.15354330708661418,0.011811023622047244,1.0
maternal,rfc-nosuite,0.7952755905511811,0.7925465645465646,0.10236220472440945,0.0,0.0,0.007874015748031496,0.011811023622047244,0.027559055118110236,1.0
maternal,rfc-nosuite,0.7952755905511811,0.965,0.08661417322834646,0.0,0.0,0.03543307086614173,0.1968503937007874,0.2755905511811024,1.0
maternal,rfc-nosuite,0.7952755905511811,1.0,0.10236220472440945,0.0,0.0,0.10236220472440945,0.031496062992125984,0.18110236220472442,1.0
maternal,rfc-nosuite,0.7952755905511811,1.0,0.2952755905511811,0.0,0.0,0.08267716535433071,0.05511811023622047,0.06692913385826772,1.0
maternal,rfc-nosuite,0.7952755905511811,0.9342857142857143,0.10236220472440945,0.0,0.0,0.10236220472440945,0.07480314960629922,0.2125984251968504,1.0
maternal,rfc-nosuite,0.7952755905511811,0.534,0.05511811023622047,0.0,0.0,0.20866141732283464,0.011811023622047244,0.015748031496062992,1.0
maternal,rfc-nosuite,0.7952755905511811,0.94,0.16929133858267717,0.0,0.0,0.13385826771653545,0.2125984251968504,0.25196850393700787,1.0
maternal,rfc-nosuite,0.7952755905511811,0.97,0.2677165354330709,0.0,0.0,0.1220472440944882,0.007874015748031496,0.023622047244094488,1.0
maternal,rfc-nosuite,0.7952755905511811,0.6216230077711979,0.15354330708661418,0.0,0.0,0.047244094488188976,0.07874015748031496,0.2125984251968504,1.0
maternal,rfc-nosuite,0.7952755905511811,0.6295600882269344,0.03937007874015748,0.0,0.0,0.06692913385826772,0.06299212598425197,0.023622047244094488,1.0
maternal,rfc-nosuite,0.7952755905511811,0.99,0.16929133858267717,0.0,0.0,0.19291338582677164,0.22440944881889763,0.5708661417322834,1.0
maternal,rfc-nosuite,0.7952755905511811,0.855,0.011811023622047244,0.0,0.0,0.08267716535433071,0.18110236220472442,0.5118110236220472,1.0
maternal,rfc-nosuite,0.7952755905511811,0.6216230077711979,0.15354330708661418,0.0,0.0,0.047244094488188976,0.027559055118110236,0.2125984251968504,1.0
maternal,rfc-nosuite,0.7952755905511811,0.8286336021561698,0.06692913385826772,0.0,0.0,0.051181102362204724,0.18503937007874016,0.16929133858267717,1.0
maternal,rfc-nosuite,0.7952755905511811,0.43924107142857144,0.5433070866141733,0.0,0.0,0.023622047244094488,0.12598425196850394,0.10236220472440945,1.0
maternal,rfc-nosuite,0.7952755905511811,0.97,0.12992125984251968,0.0,0.0,0.051181102362204724,0.047244094488188976,0.0984251968503937,1.0
maternal,rfc-nosuite,0.7952755905511811,0.8749473841992352,0.06299212598425197,0.0,0.0,0.08661417322834646,0.1377952755905512,0.07480314960629922,1.0
maternal,rfc-nosuite,0.7952755905511811,0.7125714285714286,0.031496062992125984,0.0,0.0,0.07086614173228346,0.23622047244094488,0.10236220472440945,1.0
maternal,rfc-nosuite,0.7952755905511811,0.92,0.031496062992125984,0.0,0.0,0.003937007874015748,0.027559055118110236,0.023622047244094488,1.0
maternal,rfc-nosuite,0.7952755905511811,0.7893333333333333,0.06692913385826772,0.0,0.0,0.01968503937007874,0.003937007874015748,0.011811023622047244,1.0
maternal,rfc-nosuite,0.7952755905511811,1.0,0.10236220472440945,0.0,0.0,0.10236220472440945,0.09448818897637795,0.10236220472440945,1.0
maternal,rfc-nosuite,0.7952755905511811,0.749369463869464,0.027559055118110236,0.0,0.0,0.03543307086614173,0.003937007874015748,0.06299212598425197,1.0
maternal,rfc-nosuite,0.7952755905511811,0.6295600882269344,0.03937007874015748,0.0,0.0,0.06692913385826772,0.03937007874015748,0.023622047244094488,1.0
maternal,rfc-nosuite,0.7952755905511811,0.97,0.11811023622047244,0.0,0.0,0.1377952755905512,0.047244094488188976,0.07480314960629922,1.0
